date,tickers
2013-04-30,"360ONE,3MINDIA,AADHARHFC,AARTIDRUGS,AARTIIND,AAVAS,ABB,ABBOTINDIA,ABCAPITAL,ABFRL,ABREL,ABSLAMC,ACC,ADANIENSOL,ADANIENT,ADANIGREEN,ADANIPORTS,ADVENZYMES,AEGISLOG,AFFLE,AIAENG,AJANTPHARM,ALKEM,ALKYLAMINE,ALLCARGO,ALOKINDS,AMBER,AMBUJACEM,ANANTRAJ,ANGELONE,APLAPOLLO,APLLTD,APOLLOHOSP,APOLLOTYRE,APTUS,ARE&M,ASAHIINDIA,ASHOKLEY,ASIANPAINT,ASTERDM,ASTRAL,ASTRAZEN,ATGL,ATUL,AUBANK,AUROPHARMA,AVANTIFEED,AXISBANK,BAJAJ-AUTO,BAJAJELEC,BAJAJFINSV,BAJAJHLDNG,BAJFINANCE,BALAMINES,BALKRISIND,BALRAMCHIN,BANDHANBNK,BANKBARODA,BANKINDIA,BASF,BATAINDIA,BAYERCROP,BBTC,BCG,BDL,BEL,BEML,BERGEPAINT,BHARATFORG,BHARTIARTL,BHARTIHEXA,BHEL,BIOCON,BIRLACORPN,BLUEDART,BLUESTARCO,BOSCHLTD,BPCL,BRIGADE,BRITANNIA,BSE,BSOFT,CAMS,CANBK,CANFINHOME,CAPLIPOINT,CARBORUNIV,CASTROLIND,CCL,CDSL,CEATLTD,CENTRALBK,CENTURYPLY,CERA,CESC,CGPOWER,CHALET,CHAMBLFERT,CHEMPLASTS,CHOLAFIN,CHOLAHLDNG,CIEINDIA,CIPLA,CLEAN,COALINDIA,COCHINSHIP,COFORGE,COHANCE,COLPAL,CONCOR,COROMANDEL,CREDITACC,CRISIL,CROMPTON,CUB,CUMMINSIND,CYIENT,DABUR,DALBHARAT,DBL,DBREALTY,DEEPAKNTR,DELTACORP,DEVYANI,DHANI,DIVISLAB,DIXON,DLF,DMART,DRREDDY,DUMMYHEG,EASEMYTRIP,ECLERX,EDELWEISS,EICHERMOT,EIDPARRY,EIHOTEL,ELGIEQUIP,EMAMILTD,ENDURANCE,ENGINERSIN,EPIGRAL,EQUITAS,EQUITASBNK,ERIS,ESCORTS,ETERNAL,EXIDEIND,FACT,FEDERALBNK,FINCABLES,FINEORG,FINPIPE,FLUOROCHEM,FORTIS,FSL,GAEL,GAIL,GALAXYSURF,GESHIP,GICRE,GILLETTE,GLAND,GLAXO,GLENMARK,GLS,GMRAIRPORT,GNFC,GOCOLORS,GODFRYPHLP,GODIGIT,GODREJAGRO,GODREJCP,GODREJIND,GODREJPROP,GPIL,GPPL,GRANULES,GRAPHITE,GRASIM,GRINDWELL,GRINFRA,GSFC,GSPL,GUJALKALI,GUJGASLTD,GVT&D,HAL,HAPPSTMNDS,HATHWAY,HATSUN,HAVELLS,HBLENGINE,HCLTECH,HDFC,HDFCAMC,HDFCBANK,HDFCLIFE,HEG,HEMIPROP,HEROMOTOCO,HFCL,HINDALCO,HINDCOPPER,HINDPETRO,HINDUNILVR,HINDZINC,HLEGLAS,HOMEFIRST,HONAUT,HUDCO,ICICIBANK,ICICIGI,ICICIPRULI,ICIL,IDBI,IDEA,IDFC,IDFCFIRSTB,IEX,IFCI,IGL,IIFL,INDGN,INDHOTEL,INDIACEM,INDIAMART,INDIANB,INDIGO,INDOCO,INDUSINDBK,INDUSTOWER,INFIBEAM,INFY,INOXINDIA,INOXLEISUR,INTELLECT,IOB,IOC,IPCALAB,IRB,IRCON,IRCTC,IREDA,IRFC,ITC,ITI,JAMNAAUTO,JBCHEPHARM,JINDALSAW,JINDALSTEL,JKCEMENT,JKLAKSHMI,JKTYRE,JMFINANCIL,JPPOWER,JSL,JSLHISAR,JSWDULUX,JSWENERGY,JSWSTEEL,JUBLFOOD,JUBLINGREA,JUBLPHARMA,JUSTDIAL,JYOTHYLAB,JYOTICNC,KAJARIACER,KALYANKJIL,KANSAINER,KARURVYSYA,KAYNES,KEC,KEI,KIMS,KIRLFER,KIRLOSBROS,KIRLOSENG,KNRCON,KOTAKBANK,KPIL,KPITTECH,KPRMILL,LALPATHLAB,LATENTVIEW,LAURUSLABS,LAXMIMACH,LICHSGFIN,LINDEINDIA,LODHA,LT,LTF,LTM,LTTS,LUPIN,LUXIND,M&M,M&MFIN,MAHABANK,MANAPPURAM,MAPMYINDIA,MARICO,MARUTI,MASTEK,MAXHEALTH,MAZDOCK,MCX,METROBRAND,METROPOLIS,MFSL,MGL,MINDACORP,MINDTREE,MMTC,MOIL,MOTILALOFS,MPHASIS,MRF,MRPL,MUTHOOTFIN,NAM-INDIA,NATCOPHARM,NATIONALUM,NAUKRI,NAVINFLUOR,NAZARA,NBCC,NCC,NESCO,NESTLEIND,NETWEB,NETWORK18,NEWGEN,NH,NHPC,NIACL,NLCINDIA,NMDC,NTPC,NUVOCO,NYKAA,OBEROIRLTY,OFSS,OIL,ONGC,ORIENTELEC,PAGEIND,PAYTM,PCBL,PEL,PERSISTENT,PETRONET,PFC,PFIZER,PGHH,PGHL,PHOENIXLTD,PIDILITIND,PIIND,PNB,PNBHOUSING,PNCINFRA,POLICYBZR,POLYCAB,POLYMED,POLYPLEX,POONAWALLA,POWERGRID,POWERINDIA,PRAJIND,PRESTIGE,PRIVISCL,PTCIL,PVRINOX,QUESS,RADICO,RAILTEL,RAIN,RAJESHEXPO,RALLIS,RAMCOCEM,RATNAMANI,RAYMONDLSL,RBLBANK,RCF,RECLTD,REDINGTON,RELAXO,RELIANCE,RENUKA,RHIM,RITES,ROSSARI,ROUTE,RTNINDIA,RVNL,SAIL,SAMMAANCAP,SANOFI,SAPPHIRE,SAREGAMA,SBICARD,SBILIFE,SBIN,SCHAEFFLER,SCI,SEQUENT,SFL,SHILPAMED,SHREECEM,SHRIRAMCIT,SHRIRAMFIN,SHYAMMETL,SIEMENS,SIS,SJVN,SKFINDIA,SOBHA,SOLARA,SOLARINDS,SONACOMS,SONATSOFTW,SPARC,SPICEJET,SRF,STAR,STARHEALTH,SUDARSCHEM,SUMICHEM,SUNDARMFIN,SUNDRMFAST,SUNPHARMA,SUNTV,SUPPETRO,SUPRAJIT,SUPREMEIND,SUZLON,SWANCORP,SWSOLAR,SYMPHONY,SYNGENE,SYRMA,TANLA,TATACHEM,TATACOFFEE,TATACOMM,TATACONSUM,TATAELXSI,TATAINVEST,TATAMTRDVR,TATAPOWER,TATASTEEL,TATASTLLP,TBOTEK,TCS,TEAMLEASE,TECHM,TECHNOE,THERMAX,THYROCARE,TIINDIA,TIMKEN,TITAN,TMPV,TORNTPHARM,TORNTPOWER,TRENT,TRIDENT,TRITURBINE,TTKPRESTIG,TTML,TV18BRDCST,TVSMOTOR,UBL,UCOBANK,UJJIVANSFB,ULTRACEMCO,UNIONBANK,UNITDSPR,UNOMINDA,UPL,USHAMART,UTIAMC,VAKRANGEE,VARROC,VBL,VEDL,VENKEYS,VGUARD,VIJAYA,VINATIORGA,VIPIND,VMART,VOLTAS,VTL,WELCORP,WELSPUNLIV,WESTLIFE,WHIRLPOOL,WIPRO,WOCKPHARMA,YESBANK,ZEEL,ZENSARTECH,ZFCVINDIA,ZYDUSLIFE,ZYDUSWELL"
2013-05-31,"360ONE,3MINDIA,AADHARHFC,AARTIDRUGS,AARTIIND,AAVAS,ABB,ABBOTINDIA,ABCAPITAL,ABFRL,ABREL,ABSLAMC,ACC,ADANIENSOL,ADANIENT,ADANIGREEN,ADANIPORTS,ADVENZYMES,AEGISLOG,AFFLE,AIAENG,AJANTPHARM,ALKEM,ALKYLAMINE,ALLCARGO,ALOKINDS,AMBER,AMBUJACEM,ANANTRAJ,ANGELONE,APLAPOLLO,APLLTD,APOLLOHOSP,APOLLOTYRE,APTUS,ARE&M,ASAHIINDIA,ASHOKLEY,ASIANPAINT,ASTERDM,ASTRAL,ASTRAZEN,ATGL,ATUL,AUBANK,AUROPHARMA,AVANTIFEED,AXISBANK,BAJAJ-AUTO,BAJAJELEC,BAJAJFINSV,BAJAJHLDNG,BAJFINANCE,BALAMINES,BALKRISIND,BALRAMCHIN,BANDHANBNK,BANKBARODA,BANKINDIA,BASF,BATAINDIA,BAYERCROP,BBTC,BCG,BDL,BEL,BEML,BERGEPAINT,BHARATFORG,BHARTIARTL,BHARTIHEXA,BHEL,BIOCON,BIRLACORPN,BLUEDART,BLUESTARCO,BOSCHLTD,BPCL,BRIGADE,BRITANNIA,BSE,BSOFT,CAMS,CANBK,CANFINHOME,CAPLIPOINT,CARBORUNIV,CASTROLIND,CCL,CDSL,CEATLTD,CENTRALBK,CENTURYPLY,CERA,CESC,CGPOWER,CHALET,CHAMBLFERT,CHEMPLASTS,CHOLAFIN,CHOLAHLDNG,CIEINDIA,CIPLA,CLEAN,COALINDIA,COCHINSHIP,COFORGE,COHANCE,COLPAL,CONCOR,COROMANDEL,CREDITACC,CRISIL,CROMPTON,CUB,CUMMINSIND,CYIENT,DABUR,DALBHARAT,DBL,DBREALTY,DEEPAKNTR,DELTACORP,DEVYANI,DHANI,DIVISLAB,DIXON,DLF,DMART,DRREDDY,DUMMYHEG,EASEMYTRIP,ECLERX,EDELWEISS,EICHERMOT,EIDPARRY,EIHOTEL,ELGIEQUIP,EMAMILTD,ENDURANCE,ENGINERSIN,EPIGRAL,EQUITAS,EQUITASBNK,ERIS,ESCORTS,ETERNAL,EXIDEIND,FACT,FEDERALBNK,FINCABLES,FINEORG,FINPIPE,FLUOROCHEM,FORTIS,FSL,GAEL,GAIL,GALAXYSURF,GESHIP,GICRE,GILLETTE,GLAND,GLAXO,GLENMARK,GLS,GMRAIRPORT,GNFC,GOCOLORS,GODFRYPHLP,GODIGIT,GODREJAGRO,GODREJCP,GODREJIND,GODREJPROP,GPIL,GPPL,GRANULES,GRAPHITE,GRASIM,GRINDWELL,GRINFRA,GSFC,GSPL,GUJALKALI,GUJGASLTD,GVT&D,HAL,HAPPSTMNDS,HATHWAY,HATSUN,HAVELLS,HBLENGINE,HCLTECH,HDFC,HDFCAMC,HDFCBANK,HDFCLIFE,HEG,HEMIPROP,HEROMOTOCO,HFCL,HINDALCO,HINDCOPPER,HINDPETRO,HINDUNILVR,HINDZINC,HLEGLAS,HOMEFIRST,HONAUT,HUDCO,ICICIBANK,ICICIGI,ICICIPRULI,ICIL,IDBI,IDEA,IDFC,IDFCFIRSTB,IEX,IFCI,IGL,IIFL,INDGN,INDHOTEL,INDIACEM,INDIAMART,INDIANB,INDIGO,INDOCO,INDUSINDBK,INDUSTOWER,INFIBEAM,INFY,INOXINDIA,INOXLEISUR,INTELLECT,IOB,IOC,IPCALAB,IRB,IRCON,IRCTC,IREDA,IRFC,ITC,ITI,JAMNAAUTO,JBCHEPHARM,JINDALSAW,JINDALSTEL,JKCEMENT,JKLAKSHMI,JKTYRE,JMFINANCIL,JPPOWER,JSL,JSLHISAR,JSWDULUX,JSWENERGY,JSWSTEEL,JUBLFOOD,JUBLINGREA,JUBLPHARMA,JUSTDIAL,JYOTHYLAB,JYOTICNC,KAJARIACER,KALYANKJIL,KANSAINER,KARURVYSYA,KAYNES,KEC,KEI,KIMS,KIRLFER,KIRLOSBROS,KIRLOSENG,KNRCON,KOTAKBANK,KPIL,KPITTECH,KPRMILL,LALPATHLAB,LATENTVIEW,LAURUSLABS,LAXMIMACH,LICHSGFIN,LINDEINDIA,LODHA,LT,LTF,LTM,LTTS,LUPIN,LUXIND,M&M,M&MFIN,MAHABANK,MANAPPURAM,MAPMYINDIA,MARICO,MARUTI,MASTEK,MAXHEALTH,MAZDOCK,MCX,METROBRAND,METROPOLIS,MFSL,MGL,MINDACORP,MINDTREE,MMTC,MOIL,MOTILALOFS,MPHASIS,MRF,MRPL,MUTHOOTFIN,NAM-INDIA,NATCOPHARM,NATIONALUM,NAUKRI,NAVINFLUOR,NAZARA,NBCC,NCC,NESCO,NESTLEIND,NETWEB,NETWORK18,NEWGEN,NH,NHPC,NIACL,NLCINDIA,NMDC,NTPC,NUVOCO,NYKAA,OBEROIRLTY,OFSS,OIL,ONGC,ORIENTELEC,PAGEIND,PAYTM,PCBL,PEL,PERSISTENT,PETRONET,PFC,PFIZER,PGHH,PGHL,PHOENIXLTD,PIDILITIND,PIIND,PNB,PNBHOUSING,PNCINFRA,POLICYBZR,POLYCAB,POLYMED,POLYPLEX,POONAWALLA,POWERGRID,POWERINDIA,PRAJIND,PRESTIGE,PRIVISCL,PTCIL,PVRINOX,QUESS,RADICO,RAILTEL,RAIN,RAJESHEXPO,RALLIS,RAMCOCEM,RATNAMANI,RAYMONDLSL,RBLBANK,RCF,RECLTD,REDINGTON,RELAXO,RELIANCE,RENUKA,RHIM,RITES,ROSSARI,ROUTE,RTNINDIA,RVNL,SAIL,SAMMAANCAP,SANOFI,SAPPHIRE,SAREGAMA,SBICARD,SBILIFE,SBIN,SCHAEFFLER,SCI,SEQUENT,SFL,SHILPAMED,SHREECEM,SHRIRAMCIT,SHRIRAMFIN,SHYAMMETL,SIEMENS,SIS,SJVN,SKFINDIA,SOBHA,SOLARA,SOLARINDS,SONACOMS,SONATSOFTW,SPARC,SPICEJET,SRF,STAR,STARHEALTH,SUDARSCHEM,SUMICHEM,SUNDARMFIN,SUNDRMFAST,SUNPHARMA,SUNTV,SUPPETRO,SUPRAJIT,SUPREMEIND,SUZLON,SWANCORP,SWSOLAR,SYMPHONY,SYNGENE,SYRMA,TANLA,TATACHEM,TATACOFFEE,TATACOMM,TATACONSUM,TATAELXSI,TATAINVEST,TATAMTRDVR,TATAPOWER,TATASTEEL,TATASTLLP,TBOTEK,TCS,TEAMLEASE,TECHM,TECHNOE,THERMAX,THYROCARE,TIINDIA,TIMKEN,TITAN,TMPV,TORNTPHARM,TORNTPOWER,TRENT,TRIDENT,TRITURBINE,TTKPRESTIG,TTML,TV18BRDCST,TVSMOTOR,UBL,UCOBANK,UJJIVANSFB,ULTRACEMCO,UNIONBANK,UNITDSPR,UNOMINDA,UPL,USHAMART,UTIAMC,VAKRANGEE,VARROC,VBL,VEDL,VENKEYS,VGUARD,VIJAYA,VINATIORGA,VIPIND,VMART,VOLTAS,VTL,WELCORP,WELSPUNLIV,WESTLIFE,WHIRLPOOL,WIPRO,WOCKPHARMA,YESBANK,ZEEL,ZENSARTECH,ZFCVINDIA,ZYDUSLIFE,ZYDUSWELL"
2013-06-30,"360ONE,3MINDIA,AADHARHFC,AARTIDRUGS,AARTIIND,AAVAS,ABB,ABBOTINDIA,ABCAPITAL,ABFRL,ABREL,ABSLAMC,ACC,ADANIENSOL,ADANIENT,ADANIGREEN,ADANIPORTS,ADVENZYMES,AEGISLOG,AFFLE,AIAENG,AJANTPHARM,ALKEM,ALKYLAMINE,ALLCARGO,ALOKINDS,AMBER,AMBUJACEM,ANANTRAJ,ANGELONE,APLAPOLLO,APLLTD,APOLLOHOSP,APOLLOTYRE,APTUS,ARE&M,ASAHIINDIA,ASHOKLEY,ASIANPAINT,ASTERDM,ASTRAL,ASTRAZEN,ATGL,ATUL,AUBANK,AUROPHARMA,AVANTIFEED,AXISBANK,BAJAJ-AUTO,BAJAJELEC,BAJAJFINSV,BAJAJHLDNG,BAJFINANCE,BALAMINES,BALKRISIND,BALRAMCHIN,BANDHANBNK,BANKBARODA,BANKINDIA,BASF,BATAINDIA,BAYERCROP,BBTC,BCG,BDL,BEL,BEML,BERGEPAINT,BHARATFORG,BHARTIARTL,BHARTIHEXA,BHEL,BIOCON,BIRLACORPN,BLUEDART,BLUESTARCO,BOSCHLTD,BPCL,BRIGADE,BRITANNIA,BSE,BSOFT,CAMS,CANBK,CANFINHOME,CAPLIPOINT,CARBORUNIV,CASTROLIND,CCL,CDSL,CEATLTD,CENTRALBK,CENTURYPLY,CERA,CESC,CGPOWER,CHALET,CHAMBLFERT,CHEMPLASTS,CHOLAFIN,CHOLAHLDNG,CIEINDIA,CIPLA,CLEAN,COALINDIA,COCHINSHIP,COFORGE,COHANCE,COLPAL,CONCOR,COROMANDEL,CREDITACC,CRISIL,CROMPTON,CUB,CUMMINSIND,CYIENT,DABUR,DALBHARAT,DBL,DBREALTY,DEEPAKNTR,DELTACORP,DEVYANI,DHANI,DIVISLAB,DIXON,DLF,DMART,DRREDDY,DUMMYHEG,EASEMYTRIP,ECLERX,EDELWEISS,EICHERMOT,EIDPARRY,EIHOTEL,ELGIEQUIP,EMAMILTD,ENDURANCE,ENGINERSIN,EPIGRAL,EQUITAS,EQUITASBNK,ERIS,ESCORTS,ETERNAL,EXIDEIND,FACT,FEDERALBNK,FINCABLES,FINEORG,FINPIPE,FLUOROCHEM,FORTIS,FSL,GAEL,GAIL,GALAXYSURF,GESHIP,GICRE,GILLETTE,GLAND,GLAXO,GLENMARK,GLS,GMRAIRPORT,GNFC,GOCOLORS,GODFRYPHLP,GODIGIT,GODREJAGRO,GODREJCP,GODREJIND,GODREJPROP,GPIL,GPPL,GRANULES,GRAPHITE,GRASIM,GRINDWELL,GRINFRA,GSFC,GSPL,GUJALKALI,GUJGASLTD,GVT&D,HAL,HAPPSTMNDS,HATHWAY,HATSUN,HAVELLS,HBLENGINE,HCLTECH,HDFC,HDFCAMC,HDFCBANK,HDFCLIFE,HEG,HEMIPROP,HEROMOTOCO,HFCL,HINDALCO,HINDCOPPER,HINDPETRO,HINDUNILVR,HINDZINC,HLEGLAS,HOMEFIRST,HONAUT,HUDCO,ICICIBANK,ICICIGI,ICICIPRULI,ICIL,IDBI,IDEA,IDFC,IDFCFIRSTB,IEX,IFCI,IGL,IIFL,INDGN,INDHOTEL,INDIACEM,INDIAMART,INDIANB,INDIGO,INDOCO,INDUSINDBK,INDUSTOWER,INFIBEAM,INFY,INOXINDIA,INOXLEISUR,INTELLECT,IOB,IOC,IPCALAB,IRB,IRCON,IRCTC,IREDA,IRFC,ITC,ITI,JAMNAAUTO,JBCHEPHARM,JINDALSAW,JINDALSTEL,JKCEMENT,JKLAKSHMI,JKTYRE,JMFINANCIL,JPPOWER,JSL,JSLHISAR,JSWDULUX,JSWENERGY,JSWSTEEL,JUBLFOOD,JUBLINGREA,JUBLPHARMA,JUSTDIAL,JYOTHYLAB,JYOTICNC,KAJARIACER,KALYANKJIL,KANSAINER,KARURVYSYA,KAYNES,KEC,KEI,KIMS,KIRLFER,KIRLOSBROS,KIRLOSENG,KNRCON,KOTAKBANK,KPIL,KPITTECH,KPRMILL,LALPATHLAB,LATENTVIEW,LAURUSLABS,LAXMIMACH,LICHSGFIN,LINDEINDIA,LODHA,LT,LTF,LTM,LTTS,LUPIN,LUXIND,M&M,M&MFIN,MAHABANK,MANAPPURAM,MAPMYINDIA,MARICO,MARUTI,MASTEK,MAXHEALTH,MAZDOCK,MCX,METROBRAND,METROPOLIS,MFSL,MGL,MINDACORP,MINDTREE,MMTC,MOIL,MOTILALOFS,MPHASIS,MRF,MRPL,MUTHOOTFIN,NAM-INDIA,NATCOPHARM,NATIONALUM,NAUKRI,NAVINFLUOR,NAZARA,NBCC,NCC,NESCO,NESTLEIND,NETWEB,NETWORK18,NEWGEN,NH,NHPC,NIACL,NLCINDIA,NMDC,NTPC,NUVOCO,NYKAA,OBEROIRLTY,OFSS,OIL,ONGC,ORIENTELEC,PAGEIND,PAYTM,PCBL,PEL,PERSISTENT,PETRONET,PFC,PFIZER,PGHH,PGHL,PHOENIXLTD,PIDILITIND,PIIND,PNB,PNBHOUSING,PNCINFRA,POLICYBZR,POLYCAB,POLYMED,POLYPLEX,POONAWALLA,POWERGRID,POWERINDIA,PRAJIND,PRESTIGE,PRIVISCL,PTCIL,PVRINOX,QUESS,RADICO,RAILTEL,RAIN,RAJESHEXPO,RALLIS,RAMCOCEM,RATNAMANI,RAYMONDLSL,RBLBANK,RCF,RECLTD,REDINGTON,RELAXO,RELIANCE,RENUKA,RHIM,RITES,ROSSARI,ROUTE,RTNINDIA,RVNL,SAIL,SAMMAANCAP,SANOFI,SAPPHIRE,SAREGAMA,SBICARD,SBILIFE,SBIN,SCHAEFFLER,SCI,SEQUENT,SFL,SHILPAMED,SHREECEM,SHRIRAMCIT,SHRIRAMFIN,SHYAMMETL,SIEMENS,SIS,SJVN,SKFINDIA,SOBHA,SOLARA,SOLARINDS,SONACOMS,SONATSOFTW,SPARC,SPICEJET,SRF,STAR,STARHEALTH,SUDARSCHEM,SUMICHEM,SUNDARMFIN,SUNDRMFAST,SUNPHARMA,SUNTV,SUPPETRO,SUPRAJIT,SUPREMEIND,SUZLON,SWANCORP,SWSOLAR,SYMPHONY,SYNGENE,SYRMA,TANLA,TATACHEM,TATACOFFEE,TATACOMM,TATACONSUM,TATAELXSI,TATAINVEST,TATAMTRDVR,TATAPOWER,TATASTEEL,TATASTLLP,TBOTEK,TCS,TEAMLEASE,TECHM,TECHNOE,THERMAX,THYROCARE,TIINDIA,TIMKEN,TITAN,TMPV,TORNTPHARM,TORNTPOWER,TRENT,TRIDENT,TRITURBINE,TTKPRESTIG,TTML,TV18BRDCST,TVSMOTOR,UBL,UCOBANK,UJJIVANSFB,ULTRACEMCO,UNIONBANK,UNITDSPR,UNOMINDA,UPL,USHAMART,UTIAMC,VAKRANGEE,VARROC,VBL,VEDL,VENKEYS,VGUARD,VIJAYA,VINATIORGA,VIPIND,VMART,VOLTAS,VTL,WELCORP,WELSPUNLIV,WESTLIFE,WHIRLPOOL,WIPRO,WOCKPHARMA,YESBANK,ZEEL,ZENSARTECH,ZFCVINDIA,ZYDUSLIFE,ZYDUSWELL"
2013-07-31,"360ONE,3MINDIA,AADHARHFC,AARTIDRUGS,AARTIIND,AAVAS,ABB,ABBOTINDIA,ABCAPITAL,ABFRL,ABREL,ABSLAMC,ACC,ADANIENSOL,ADANIENT,ADANIGREEN,ADANIPORTS,ADVENZYMES,AEGISLOG,AFFLE,AIAENG,AJANTPHARM,ALKEM,ALKYLAMINE,ALLCARGO,ALOKINDS,AMBER,AMBUJACEM,ANANTRAJ,ANGELONE,APLAPOLLO,APLLTD,APOLLOHOSP,APOLLOTYRE,APTUS,ARE&M,ASAHIINDIA,ASHOKLEY,ASIANPAINT,ASTERDM,ASTRAL,ASTRAZEN,ATGL,ATUL,AUBANK,AUROPHARMA,AVANTIFEED,AXISBANK,BAJAJ-AUTO,BAJAJELEC,BAJAJFINSV,BAJAJHLDNG,BAJFINANCE,BALAMINES,BALKRISIND,BALRAMCHIN,BANDHANBNK,BANKBARODA,BANKINDIA,BASF,BATAINDIA,BAYERCROP,BBTC,BCG,BDL,BEL,BEML,BERGEPAINT,BHARATFORG,BHARTIARTL,BHARTIHEXA,BHEL,BIOCON,BIRLACORPN,BLUEDART,BLUESTARCO,BOSCHLTD,BPCL,BRIGADE,BRITANNIA,BSE,BSOFT,CAMS,CANBK,CANFINHOME,CAPLIPOINT,CARBORUNIV,CASTROLIND,CCL,CDSL,CEATLTD,CENTRALBK,CENTURYPLY,CERA,CESC,CGPOWER,CHALET,CHAMBLFERT,CHEMPLASTS,CHOLAFIN,CHOLAHLDNG,CIEINDIA,CIPLA,CLEAN,COALINDIA,COCHINSHIP,COFORGE,COHANCE,COLPAL,CONCOR,COROMANDEL,CREDITACC,CRISIL,CROMPTON,CUB,CUMMINSIND,CYIENT,DABUR,DALBHARAT,DBL,DBREALTY,DEEPAKNTR,DELTACORP,DEVYANI,DHANI,DIVISLAB,DIXON,DLF,DMART,DRREDDY,DUMMYHEG,EASEMYTRIP,ECLERX,EDELWEISS,EICHERMOT,EIDPARRY,EIHOTEL,ELGIEQUIP,EMAMILTD,ENDURANCE,ENGINERSIN,EPIGRAL,EQUITAS,EQUITASBNK,ERIS,ESCORTS,ETERNAL,EXIDEIND,FACT,FEDERALBNK,FINCABLES,FINEORG,FINPIPE,FLUOROCHEM,FORTIS,FSL,GAEL,GAIL,GALAXYSURF,GESHIP,GICRE,GILLETTE,GLAND,GLAXO,GLENMARK,GLS,GMRAIRPORT,GNFC,GOCOLORS,GODFRYPHLP,GODIGIT,GODREJAGRO,GODREJCP,GODREJIND,GODREJPROP,GPIL,GPPL,GRANULES,GRAPHITE,GRASIM,GRINDWELL,GRINFRA,GSFC,GSPL,GUJALKALI,GUJGASLTD,GVT&D,HAL,HAPPSTMNDS,HATHWAY,HATSUN,HAVELLS,HBLENGINE,HCLTECH,HDFC,HDFCAMC,HDFCBANK,HDFCLIFE,HEG,HEMIPROP,HEROMOTOCO,HFCL,HINDALCO,HINDCOPPER,HINDPETRO,HINDUNILVR,HINDZINC,HLEGLAS,HOMEFIRST,HONAUT,HUDCO,ICICIBANK,ICICIGI,ICICIPRULI,ICIL,IDBI,IDEA,IDFC,IDFCFIRSTB,IEX,IFCI,IGL,IIFL,INDGN,INDHOTEL,INDIACEM,INDIAMART,INDIANB,INDIGO,INDOCO,INDUSINDBK,INDUSTOWER,INFIBEAM,INFY,INOXINDIA,INOXLEISUR,INTELLECT,IOB,IOC,IPCALAB,IRB,IRCON,IRCTC,IREDA,IRFC,ITC,ITI,JAMNAAUTO,JBCHEPHARM,JINDALSAW,JINDALSTEL,JKCEMENT,JKLAKSHMI,JKTYRE,JMFINANCIL,JPPOWER,JSL,JSLHISAR,JSWDULUX,JSWENERGY,JSWSTEEL,JUBLFOOD,JUBLINGREA,JUBLPHARMA,JUSTDIAL,JYOTHYLAB,JYOTICNC,KAJARIACER,KALYANKJIL,KANSAINER,KARURVYSYA,KAYNES,KEC,KEI,KIMS,KIRLFER,KIRLOSBROS,KIRLOSENG,KNRCON,KOTAKBANK,KPIL,KPITTECH,KPRMILL,LALPATHLAB,LATENTVIEW,LAURUSLABS,LAXMIMACH,LICHSGFIN,LINDEINDIA,LODHA,LT,LTF,LTM,LTTS,LUPIN,LUXIND,M&M,M&MFIN,MAHABANK,MANAPPURAM,MAPMYINDIA,MARICO,MARUTI,MASTEK,MAXHEALTH,MAZDOCK,MCX,METROBRAND,METROPOLIS,MFSL,MGL,MINDACORP,MINDTREE,MMTC,MOIL,MOTILALOFS,MPHASIS,MRF,MRPL,MUTHOOTFIN,NAM-INDIA,NATCOPHARM,NATIONALUM,NAUKRI,NAVINFLUOR,NAZARA,NBCC,NCC,NESCO,NESTLEIND,NETWEB,NETWORK18,NEWGEN,NH,NHPC,NIACL,NLCINDIA,NMDC,NTPC,NUVOCO,NYKAA,OBEROIRLTY,OFSS,OIL,ONGC,ORIENTELEC,PAGEIND,PAYTM,PCBL,PEL,PERSISTENT,PETRONET,PFC,PFIZER,PGHH,PGHL,PHOENIXLTD,PIDILITIND,PIIND,PNB,PNBHOUSING,PNCINFRA,POLICYBZR,POLYCAB,POLYMED,POLYPLEX,POONAWALLA,POWERGRID,POWERINDIA,PRAJIND,PRESTIGE,PRIVISCL,PTCIL,PVRINOX,QUESS,RADICO,RAILTEL,RAIN,RAJESHEXPO,RALLIS,RAMCOCEM,RATNAMANI,RAYMONDLSL,RBLBANK,RCF,RECLTD,REDINGTON,RELAXO,RELIANCE,RENUKA,RHIM,RITES,ROSSARI,ROUTE,RTNINDIA,RVNL,SAIL,SAMMAANCAP,SANOFI,SAPPHIRE,SAREGAMA,SBICARD,SBILIFE,SBIN,SCHAEFFLER,SCI,SEQUENT,SFL,SHILPAMED,SHREECEM,SHRIRAMCIT,SHRIRAMFIN,SHYAMMETL,SIEMENS,SIS,SJVN,SKFINDIA,SOBHA,SOLARA,SOLARINDS,SONACOMS,SONATSOFTW,SPARC,SPICEJET,SRF,STAR,STARHEALTH,SUDARSCHEM,SUMICHEM,SUNDARMFIN,SUNDRMFAST,SUNPHARMA,SUNTV,SUPPETRO,SUPRAJIT,SUPREMEIND,SUZLON,SWANCORP,SWSOLAR,SYMPHONY,SYNGENE,SYRMA,TANLA,TATACHEM,TATACOFFEE,TATACOMM,TATACONSUM,TATAELXSI,TATAINVEST,TATAMTRDVR,TATAPOWER,TATASTEEL,TATASTLLP,TBOTEK,TCS,TEAMLEASE,TECHM,TECHNOE,THERMAX,THYROCARE,TIINDIA,TIMKEN,TITAN,TMPV,TORNTPHARM,TORNTPOWER,TRENT,TRIDENT,TRITURBINE,TTKPRESTIG,TTML,TV18BRDCST,TVSMOTOR,UBL,UCOBANK,UJJIVANSFB,ULTRACEMCO,UNIONBANK,UNITDSPR,UNOMINDA,UPL,USHAMART,UTIAMC,VAKRANGEE,VARROC,VBL,VEDL,VENKEYS,VGUARD,VIJAYA,VINATIORGA,VIPIND,VMART,VOLTAS,VTL,WELCORP,WELSPUNLIV,WESTLIFE,WHIRLPOOL,WIPRO,WOCKPHARMA,YESBANK,ZEEL,ZENSARTECH,ZFCVINDIA,ZYDUSLIFE,ZYDUSWELL"
2013-08-31,"360ONE,3MINDIA,AADHARHFC,AARTIDRUGS,AARTIIND,AAVAS,ABB,ABBOTINDIA,ABCAPITAL,ABFRL,ABREL,ABSLAMC,ACC,ADANIENSOL,ADANIENT,ADANIGREEN,ADANIPORTS,ADVENZYMES,AEGISLOG,AFFLE,AIAENG,AJANTPHARM,ALKEM,ALKYLAMINE,ALLCARGO,ALOKINDS,AMBER,AMBUJACEM,ANANTRAJ,ANGELONE,APLAPOLLO,APLLTD,APOLLOHOSP,APOLLOTYRE,APTUS,ARE&M,ASAHIINDIA,ASHOKLEY,ASIANPAINT,ASTERDM,ASTRAL,ASTRAZEN,ATGL,ATUL,AUBANK,AUROPHARMA,AVANTIFEED,AXISBANK,BAJAJ-AUTO,BAJAJELEC,BAJAJFINSV,BAJAJHLDNG,BAJFINANCE,BALAMINES,BALKRISIND,BALRAMCHIN,BANDHANBNK,BANKBARODA,BANKINDIA,BASF,BATAINDIA,BAYERCROP,BBTC,BCG,BDL,BEL,BEML,BERGEPAINT,BHARATFORG,BHARTIARTL,BHARTIHEXA,BHEL,BIOCON,BIRLACORPN,BLUEDART,BLUESTARCO,BOSCHLTD,BPCL,BRIGADE,BRITANNIA,BSE,BSOFT,CAMS,CANBK,CANFINHOME,CAPLIPOINT,CARBORUNIV,CASTROLIND,CCL,CDSL,CEATLTD,CENTRALBK,CENTURYPLY,CERA,CESC,CGPOWER,CHALET,CHAMBLFERT,CHEMPLASTS,CHOLAFIN,CHOLAHLDNG,CIEINDIA,CIPLA,CLEAN,COALINDIA,COCHINSHIP,COFORGE,COHANCE,COLPAL,CONCOR,COROMANDEL,CREDITACC,CRISIL,CROMPTON,CUB,CUMMINSIND,CYIENT,DABUR,DALBHARAT,DBL,DBREALTY,DEEPAKNTR,DELTACORP,DEVYANI,DHANI,DIVISLAB,DIXON,DLF,DMART,DRREDDY,DUMMYHEG,EASEMYTRIP,ECLERX,EDELWEISS,EICHERMOT,EIDPARRY,EIHOTEL,ELGIEQUIP,EMAMILTD,ENDURANCE,ENGINERSIN,EPIGRAL,EQUITAS,EQUITASBNK,ERIS,ESCORTS,ETERNAL,EXIDEIND,FACT,FEDERALBNK,FINCABLES,FINEORG,FINPIPE,FLUOROCHEM,FORTIS,FSL,GAEL,GAIL,GALAXYSURF,GESHIP,GICRE,GILLETTE,GLAND,GLAXO,GLENMARK,GLS,GMRAIRPORT,GNFC,GOCOLORS,GODFRYPHLP,GODIGIT,GODREJAGRO,GODREJCP,GODREJIND,GODREJPROP,GPIL,GPPL,GRANULES,GRAPHITE,GRASIM,GRINDWELL,GRINFRA,GSFC,GSPL,GUJALKALI,GUJGASLTD,GVT&D,HAL,HAPPSTMNDS,HATHWAY,HATSUN,HAVELLS,HBLENGINE,HCLTECH,HDFC,HDFCAMC,HDFCBANK,HDFCLIFE,HEG,HEMIPROP,HEROMOTOCO,HFCL,HINDALCO,HINDCOPPER,HINDPETRO,HINDUNILVR,HINDZINC,HLEGLAS,HOMEFIRST,HONAUT,HUDCO,ICICIBANK,ICICIGI,ICICIPRULI,ICIL,IDBI,IDEA,IDFC,IDFCFIRSTB,IEX,IFCI,IGL,IIFL,INDGN,INDHOTEL,INDIACEM,INDIAMART,INDIANB,INDIGO,INDOCO,INDUSINDBK,INDUSTOWER,INFIBEAM,INFY,INOXINDIA,INOXLEISUR,INTELLECT,IOB,IOC,IPCALAB,IRB,IRCON,IRCTC,IREDA,IRFC,ITC,ITI,JAMNAAUTO,JBCHEPHARM,JINDALSAW,JINDALSTEL,JKCEMENT,JKLAKSHMI,JKTYRE,JMFINANCIL,JPPOWER,JSL,JSLHISAR,JSWDULUX,JSWENERGY,JSWSTEEL,JUBLFOOD,JUBLINGREA,JUBLPHARMA,JUSTDIAL,JYOTHYLAB,JYOTICNC,KAJARIACER,KALYANKJIL,KANSAINER,KARURVYSYA,KAYNES,KEC,KEI,KIMS,KIRLFER,KIRLOSBROS,KIRLOSENG,KNRCON,KOTAKBANK,KPIL,KPITTECH,KPRMILL,LALPATHLAB,LATENTVIEW,LAURUSLABS,LAXMIMACH,LICHSGFIN,LINDEINDIA,LODHA,LT,LTF,LTM,LTTS,LUPIN,LUXIND,M&M,M&MFIN,MAHABANK,MANAPPURAM,MAPMYINDIA,MARICO,MARUTI,MASTEK,MAXHEALTH,MAZDOCK,MCX,METROBRAND,METROPOLIS,MFSL,MGL,MINDACORP,MINDTREE,MMTC,MOIL,MOTILALOFS,MPHASIS,MRF,MRPL,MUTHOOTFIN,NAM-INDIA,NATCOPHARM,NATIONALUM,NAUKRI,NAVINFLUOR,NAZARA,NBCC,NCC,NESCO,NESTLEIND,NETWEB,NETWORK18,NEWGEN,NH,NHPC,NIACL,NLCINDIA,NMDC,NTPC,NUVOCO,NYKAA,OBEROIRLTY,OFSS,OIL,ONGC,ORIENTELEC,PAGEIND,PAYTM,PCBL,PEL,PERSISTENT,PETRONET,PFC,PFIZER,PGHH,PGHL,PHOENIXLTD,PIDILITIND,PIIND,PNB,PNBHOUSING,PNCINFRA,POLICYBZR,POLYCAB,POLYMED,POLYPLEX,POONAWALLA,POWERGRID,POWERINDIA,PRAJIND,PRESTIGE,PRIVISCL,PTCIL,PVRINOX,QUESS,RADICO,RAILTEL,RAIN,RAJESHEXPO,RALLIS,RAMCOCEM,RATNAMANI,RAYMONDLSL,RBLBANK,RCF,RECLTD,REDINGTON,RELAXO,RELIANCE,RENUKA,RHIM,RITES,ROSSARI,ROUTE,RTNINDIA,RVNL,SAIL,SAMMAANCAP,SANOFI,SAPPHIRE,SAREGAMA,SBICARD,SBILIFE,SBIN,SCHAEFFLER,SCI,SEQUENT,SFL,SHILPAMED,SHREECEM,SHRIRAMCIT,SHRIRAMFIN,SHYAMMETL,SIEMENS,SIS,SJVN,SKFINDIA,SOBHA,SOLARA,SOLARINDS,SONACOMS,SONATSOFTW,SPARC,SPICEJET,SRF,STAR,STARHEALTH,SUDARSCHEM,SUMICHEM,SUNDARMFIN,SUNDRMFAST,SUNPHARMA,SUNTV,SUPPETRO,SUPRAJIT,SUPREMEIND,SUZLON,SWANCORP,SWSOLAR,SYMPHONY,SYNGENE,SYRMA,TANLA,TATACHEM,TATACOFFEE,TATACOMM,TATACONSUM,TATAELXSI,TATAINVEST,TATAMTRDVR,TATAPOWER,TATASTEEL,TATASTLLP,TBOTEK,TCS,TEAMLEASE,TECHM,TECHNOE,THERMAX,THYROCARE,TIINDIA,TIMKEN,TITAN,TMPV,TORNTPHARM,TORNTPOWER,TRENT,TRIDENT,TRITURBINE,TTKPRESTIG,TTML,TV18BRDCST,TVSMOTOR,UBL,UCOBANK,UJJIVANSFB,ULTRACEMCO,UNIONBANK,UNITDSPR,UNOMINDA,UPL,USHAMART,UTIAMC,VAKRANGEE,VARROC,VBL,VEDL,VENKEYS,VGUARD,VIJAYA,VINATIORGA,VIPIND,VMART,VOLTAS,VTL,WELCORP,WELSPUNLIV,WESTLIFE,WHIRLPOOL,WIPRO,WOCKPHARMA,YESBANK,ZEEL,ZENSARTECH,ZFCVINDIA,ZYDUSLIFE,ZYDUSWELL"
2013-09-30,"360ONE,3MINDIA,AADHARHFC,AARTIDRUGS,AARTIIND,AAVAS,ABB,ABBOTINDIA,ABCAPITAL,ABFRL,ABREL,ABSLAMC,ACC,ADANIENSOL,ADANIENT,ADANIGREEN,ADANIPORTS,ADVENZYMES,AEGISLOG,AFFLE,AIAENG,AJANTPHARM,ALKEM,ALKYLAMINE,ALLCARGO,ALOKINDS,AMBER,AMBUJACEM,ANANTRAJ,ANGELONE,APLAPOLLO,APLLTD,APOLLOHOSP,APOLLOTYRE,APTUS,ARE&M,ASAHIINDIA,ASHOKLEY,ASIANPAINT,ASTERDM,ASTRAL,ASTRAZEN,ATGL,ATUL,AUBANK,AUROPHARMA,AVANTIFEED,AXISBANK,BAJAJ-AUTO,BAJAJELEC,BAJAJFINSV,BAJAJHLDNG,BAJFINANCE,BALAMINES,BALKRISIND,BALRAMCHIN,BANDHANBNK,BANKBARODA,BANKINDIA,BASF,BATAINDIA,BAYERCROP,BBTC,BCG,BDL,BEL,BEML,BERGEPAINT,BHARATFORG,BHARTIARTL,BHARTIHEXA,BHEL,BIOCON,BIRLACORPN,BLUEDART,BLUESTARCO,BOSCHLTD,BPCL,BRIGADE,BRITANNIA,BSE,BSOFT,CAMS,CANBK,CANFINHOME,CAPLIPOINT,CARBORUNIV,CASTROLIND,CCL,CDSL,CEATLTD,CENTRALBK,CENTURYPLY,CERA,CESC,CGPOWER,CHALET,CHAMBLFERT,CHEMPLASTS,CHOLAFIN,CHOLAHLDNG,CIEINDIA,CIPLA,CLEAN,COALINDIA,COCHINSHIP,COFORGE,COHANCE,COLPAL,CONCOR,COROMANDEL,CREDITACC,CRISIL,CROMPTON,CUB,CUMMINSIND,CYIENT,DABUR,DALBHARAT,DBL,DBREALTY,DEEPAKNTR,DELTACORP,DEVYANI,DHANI,DIVISLAB,DIXON,DLF,DMART,DRREDDY,DUMMYHEG,EASEMYTRIP,ECLERX,EDELWEISS,EICHERMOT,EIDPARRY,EIHOTEL,ELGIEQUIP,EMAMILTD,ENDURANCE,ENGINERSIN,EPIGRAL,EQUITAS,EQUITASBNK,ERIS,ESCORTS,ETERNAL,EXIDEIND,FACT,FEDERALBNK,FINCABLES,FINEORG,FINPIPE,FLUOROCHEM,FORTIS,FSL,GAEL,GAIL,GALAXYSURF,GESHIP,GICRE,GILLETTE,GLAND,GLAXO,GLENMARK,GLS,GMRAIRPORT,GNFC,GOCOLORS,GODFRYPHLP,GODIGIT,GODREJAGRO,GODREJCP,GODREJIND,GODREJPROP,GPIL,GPPL,GRANULES,GRAPHITE,GRASIM,GRINDWELL,GRINFRA,GSFC,GSPL,GUJALKALI,GUJGASLTD,GVT&D,HAL,HAPPSTMNDS,HATHWAY,HATSUN,HAVELLS,HBLENGINE,HCLTECH,HDFC,HDFCAMC,HDFCBANK,HDFCLIFE,HEG,HEMIPROP,HEROMOTOCO,HFCL,HINDALCO,HINDCOPPER,HINDPETRO,HINDUNILVR,HINDZINC,HLEGLAS,HOMEFIRST,HONAUT,HUDCO,ICICIBANK,ICICIGI,ICICIPRULI,ICIL,IDBI,IDEA,IDFC,IDFCFIRSTB,IEX,IFCI,IGL,IIFL,INDGN,INDHOTEL,INDIACEM,INDIAMART,INDIANB,INDIGO,INDOCO,INDUSINDBK,INDUSTOWER,INFIBEAM,INFY,INOXINDIA,INOXLEISUR,INTELLECT,IOB,IOC,IPCALAB,IRB,IRCON,IRCTC,IREDA,IRFC,ITC,ITI,JAMNAAUTO,JBCHEPHARM,JINDALSAW,JINDALSTEL,JKCEMENT,JKLAKSHMI,JKTYRE,JMFINANCIL,JPPOWER,JSL,JSLHISAR,JSWDULUX,JSWENERGY,JSWSTEEL,JUBLFOOD,JUBLINGREA,JUBLPHARMA,JUSTDIAL,JYOTHYLAB,JYOTICNC,KAJARIACER,KALYANKJIL,KANSAINER,KARURVYSYA,KAYNES,KEC,KEI,KIMS,KIRLFER,KIRLOSBROS,KIRLOSENG,KNRCON,KOTAKBANK,KPIL,KPITTECH,KPRMILL,LALPATHLAB,LATENTVIEW,LAURUSLABS,LAXMIMACH,LICHSGFIN,LINDEINDIA,LODHA,LT,LTF,LTM,LTTS,LUPIN,LUXIND,M&M,M&MFIN,MAHABANK,MANAPPURAM,MAPMYINDIA,MARICO,MARUTI,MASTEK,MAXHEALTH,MAZDOCK,MCX,METROBRAND,METROPOLIS,MFSL,MGL,MINDACORP,MINDTREE,MMTC,MOIL,MOTILALOFS,MPHASIS,MRF,MRPL,MUTHOOTFIN,NAM-INDIA,NATCOPHARM,NATIONALUM,NAUKRI,NAVINFLUOR,NAZARA,NBCC,NCC,NESCO,NESTLEIND,NETWEB,NETWORK18,NEWGEN,NH,NHPC,NIACL,NLCINDIA,NMDC,NTPC,NUVOCO,NYKAA,OBEROIRLTY,OFSS,OIL,ONGC,ORIENTELEC,PAGEIND,PAYTM,PCBL,PEL,PERSISTENT,PETRONET,PFC,PFIZER,PGHH,PGHL,PHOENIXLTD,PIDILITIND,PIIND,PNB,PNBHOUSING,PNCINFRA,POLICYBZR,POLYCAB,POLYMED,POLYPLEX,POONAWALLA,POWERGRID,POWERINDIA,PRAJIND,PRESTIGE,PRIVISCL,PTCIL,PVRINOX,QUESS,RADICO,RAILTEL,RAIN,RAJESHEXPO,RALLIS,RAMCOCEM,RATNAMANI,RAYMONDLSL,RBLBANK,RCF,RECLTD,REDINGTON,RELAXO,RELIANCE,RENUKA,RHIM,RITES,ROSSARI,ROUTE,RTNINDIA,RVNL,SAIL,SAMMAANCAP,SANOFI,SAPPHIRE,SAREGAMA,SBICARD,SBILIFE,SBIN,SCHAEFFLER,SCI,SEQUENT,SFL,SHILPAMED,SHREECEM,SHRIRAMCIT,SHRIRAMFIN,SHYAMMETL,SIEMENS,SIS,SJVN,SKFINDIA,SOBHA,SOLARA,SOLARINDS,SONACOMS,SONATSOFTW,SPARC,SPICEJET,SRF,STAR,STARHEALTH,SUDARSCHEM,SUMICHEM,SUNDARMFIN,SUNDRMFAST,SUNPHARMA,SUNTV,SUPPETRO,SUPRAJIT,SUPREMEIND,SUZLON,SWANCORP,SWSOLAR,SYMPHONY,SYNGENE,SYRMA,TANLA,TATACHEM,TATACOFFEE,TATACOMM,TATACONSUM,TATAELXSI,TATAINVEST,TATAMTRDVR,TATAPOWER,TATASTEEL,TATASTLLP,TBOTEK,TCS,TEAMLEASE,TECHM,TECHNOE,THERMAX,THYROCARE,TIINDIA,TIMKEN,TITAN,TMPV,TORNTPHARM,TORNTPOWER,TRENT,TRIDENT,TRITURBINE,TTKPRESTIG,TTML,TV18BRDCST,TVSMOTOR,UBL,UCOBANK,UJJIVANSFB,ULTRACEMCO,UNIONBANK,UNITDSPR,UNOMINDA,UPL,USHAMART,UTIAMC,VAKRANGEE,VARROC,VBL,VEDL,VENKEYS,VGUARD,VIJAYA,VINATIORGA,VIPIND,VMART,VOLTAS,VTL,WELCORP,WELSPUNLIV,WESTLIFE,WHIRLPOOL,WIPRO,WOCKPHARMA,YESBANK,ZEEL,ZENSARTECH,ZFCVINDIA,ZYDUSLIFE,ZYDUSWELL"
2013-10-31,"360ONE,3MINDIA,AADHARHFC,AARTIDRUGS,AARTIIND,AAVAS,ABB,ABBOTINDIA,ABCAPITAL,ABFRL,ABREL,ABSLAMC,ACC,ADANIENSOL,ADANIENT,ADANIGREEN,ADANIPORTS,ADVENZYMES,AEGISLOG,AFFLE,AIAENG,AJANTPHARM,ALKEM,ALKYLAMINE,ALLCARGO,ALOKINDS,AMBER,AMBUJACEM,ANANTRAJ,ANGELONE,APLAPOLLO,APLLTD,APOLLOHOSP,APOLLOTYRE,APTUS,ARE&M,ASAHIINDIA,ASHOKLEY,ASIANPAINT,ASTERDM,ASTRAL,ASTRAZEN,ATGL,ATUL,AUBANK,AUROPHARMA,AVANTIFEED,AXISBANK,BAJAJ-AUTO,BAJAJELEC,BAJAJFINSV,BAJAJHLDNG,BAJFINANCE,BALAMINES,BALKRISIND,BALRAMCHIN,BANDHANBNK,BANKBARODA,BANKINDIA,BASF,BATAINDIA,BAYERCROP,BBTC,BCG,BDL,BEL,BEML,BERGEPAINT,BHARATFORG,BHARTIARTL,BHARTIHEXA,BHEL,BIOCON,BIRLACORPN,BLUEDART,BLUESTARCO,BOSCHLTD,BPCL,BRIGADE,BRITANNIA,BSE,BSOFT,CAMS,CANBK,CANFINHOME,CAPLIPOINT,CARBORUNIV,CASTROLIND,CCL,CDSL,CEATLTD,CENTRALBK,CENTURYPLY,CERA,CESC,CGPOWER,CHALET,CHAMBLFERT,CHEMPLASTS,CHOLAFIN,CHOLAHLDNG,CIEINDIA,CIPLA,CLEAN,COALINDIA,COCHINSHIP,COFORGE,COHANCE,COLPAL,CONCOR,COROMANDEL,CREDITACC,CRISIL,CROMPTON,CUB,CUMMINSIND,CYIENT,DABUR,DALBHARAT,DBL,DBREALTY,DEEPAKNTR,DELTACORP,DEVYANI,DHANI,DIVISLAB,DIXON,DLF,DMART,DRREDDY,DUMMYHEG,EASEMYTRIP,ECLERX,EDELWEISS,EICHERMOT,EIDPARRY,EIHOTEL,ELGIEQUIP,EMAMILTD,ENDURANCE,ENGINERSIN,EPIGRAL,EQUITAS,EQUITASBNK,ERIS,ESCORTS,ETERNAL,EXIDEIND,FACT,FEDERALBNK,FINCABLES,FINEORG,FINPIPE,FLUOROCHEM,FORTIS,FSL,GAEL,GAIL,GALAXYSURF,GESHIP,GICRE,GILLETTE,GLAND,GLAXO,GLENMARK,GLS,GMRAIRPORT,GNFC,GOCOLORS,GODFRYPHLP,GODIGIT,GODREJAGRO,GODREJCP,GODREJIND,GODREJPROP,GPIL,GPPL,GRANULES,GRAPHITE,GRASIM,GRINDWELL,GRINFRA,GSFC,GSPL,GUJALKALI,GUJGASLTD,GVT&D,HAL,HAPPSTMNDS,HATHWAY,HATSUN,HAVELLS,HBLENGINE,HCLTECH,HDFC,HDFCAMC,HDFCBANK,HDFCLIFE,HEG,HEMIPROP,HEROMOTOCO,HFCL,HINDALCO,HINDCOPPER,HINDPETRO,HINDUNILVR,HINDZINC,HLEGLAS,HOMEFIRST,HONAUT,HUDCO,ICICIBANK,ICICIGI,ICICIPRULI,ICIL,IDBI,IDEA,IDFC,IDFCFIRSTB,IEX,IFCI,IGL,IIFL,INDGN,INDHOTEL,INDIACEM,INDIAMART,INDIANB,INDIGO,INDOCO,INDUSINDBK,INDUSTOWER,INFIBEAM,INFY,INOXINDIA,INOXLEISUR,INTELLECT,IOB,IOC,IPCALAB,IRB,IRCON,IRCTC,IREDA,IRFC,ITC,ITI,JAMNAAUTO,JBCHEPHARM,JINDALSAW,JINDALSTEL,JKCEMENT,JKLAKSHMI,JKTYRE,JMFINANCIL,JPPOWER,JSL,JSLHISAR,JSWDULUX,JSWENERGY,JSWSTEEL,JUBLFOOD,JUBLINGREA,JUBLPHARMA,JUSTDIAL,JYOTHYLAB,JYOTICNC,KAJARIACER,KALYANKJIL,KANSAINER,KARURVYSYA,KAYNES,KEC,KEI,KIMS,KIRLFER,KIRLOSBROS,KIRLOSENG,KNRCON,KOTAKBANK,KPIL,KPITTECH,KPRMILL,LALPATHLAB,LATENTVIEW,LAURUSLABS,LAXMIMACH,LICHSGFIN,LINDEINDIA,LODHA,LT,LTF,LTM,LTTS,LUPIN,LUXIND,M&M,M&MFIN,MAHABANK,MANAPPURAM,MAPMYINDIA,MARICO,MARUTI,MASTEK,MAXHEALTH,MAZDOCK,MCX,METROBRAND,METROPOLIS,MFSL,MGL,MINDACORP,MINDTREE,MMTC,MOIL,MOTILALOFS,MPHASIS,MRF,MRPL,MUTHOOTFIN,NAM-INDIA,NATCOPHARM,NATIONALUM,NAUKRI,NAVINFLUOR,NAZARA,NBCC,NCC,NESCO,NESTLEIND,NETWEB,NETWORK18,NEWGEN,NH,NHPC,NIACL,NLCINDIA,NMDC,NTPC,NUVOCO,NYKAA,OBEROIRLTY,OFSS,OIL,ONGC,ORIENTELEC,PAGEIND,PAYTM,PCBL,PEL,PERSISTENT,PETRONET,PFC,PFIZER,PGHH,PGHL,PHOENIXLTD,PIDILITIND,PIIND,PNB,PNBHOUSING,PNCINFRA,POLICYBZR,POLYCAB,POLYMED,POLYPLEX,POONAWALLA,POWERGRID,POWERINDIA,PRAJIND,PRESTIGE,PRIVISCL,PTCIL,PVRINOX,QUESS,RADICO,RAILTEL,RAIN,RAJESHEXPO,RALLIS,RAMCOCEM,RATNAMANI,RAYMONDLSL,RBLBANK,RCF,RECLTD,REDINGTON,RELAXO,RELIANCE,RENUKA,RHIM,RITES,ROSSARI,ROUTE,RTNINDIA,RVNL,SAIL,SAMMAANCAP,SANOFI,SAPPHIRE,SAREGAMA,SBICARD,SBILIFE,SBIN,SCHAEFFLER,SCI,SEQUENT,SFL,SHILPAMED,SHREECEM,SHRIRAMCIT,SHRIRAMFIN,SHYAMMETL,SIEMENS,SIS,SJVN,SKFINDIA,SOBHA,SOLARA,SOLARINDS,SONACOMS,SONATSOFTW,SPARC,SPICEJET,SRF,STAR,STARHEALTH,SUDARSCHEM,SUMICHEM,SUNDARMFIN,SUNDRMFAST,SUNPHARMA,SUNTV,SUPPETRO,SUPRAJIT,SUPREMEIND,SUZLON,SWANCORP,SWSOLAR,SYMPHONY,SYNGENE,SYRMA,TANLA,TATACHEM,TATACOFFEE,TATACOMM,TATACONSUM,TATAELXSI,TATAINVEST,TATAMTRDVR,TATAPOWER,TATASTEEL,TATASTLLP,TBOTEK,TCS,TEAMLEASE,TECHM,TECHNOE,THERMAX,THYROCARE,TIINDIA,TIMKEN,TITAN,TMPV,TORNTPHARM,TORNTPOWER,TRENT,TRIDENT,TRITURBINE,TTKPRESTIG,TTML,TV18BRDCST,TVSMOTOR,UBL,UCOBANK,UJJIVANSFB,ULTRACEMCO,UNIONBANK,UNITDSPR,UNOMINDA,UPL,USHAMART,UTIAMC,VAKRANGEE,VARROC,VBL,VEDL,VENKEYS,VGUARD,VIJAYA,VINATIORGA,VIPIND,VMART,VOLTAS,VTL,WELCORP,WELSPUNLIV,WESTLIFE,WHIRLPOOL,WIPRO,WOCKPHARMA,YESBANK,ZEEL,ZENSARTECH,ZFCVINDIA,ZYDUSLIFE,ZYDUSWELL"
2013-11-30,"360ONE,3MINDIA,AADHARHFC,AARTIDRUGS,AARTIIND,AAVAS,ABB,ABBOTINDIA,ABCAPITAL,ABFRL,ABREL,ABSLAMC,ACC,ADANIENSOL,ADANIENT,ADANIGREEN,ADANIPORTS,ADVENZYMES,AEGISLOG,AFFLE,AIAENG,AJANTPHARM,ALKEM,ALKYLAMINE,ALLCARGO,ALOKINDS,AMBER,AMBUJACEM,ANANTRAJ,ANGELONE,APLAPOLLO,APLLTD,APOLLOHOSP,APOLLOTYRE,APTUS,ARE&M,ASAHIINDIA,ASHOKLEY,ASIANPAINT,ASTERDM,ASTRAL,ASTRAZEN,ATGL,ATUL,AUBANK,AUROPHARMA,AVANTIFEED,AXISBANK,BAJAJ-AUTO,BAJAJELEC,BAJAJFINSV,BAJAJHLDNG,BAJFINANCE,BALAMINES,BALKRISIND,BALRAMCHIN,BANDHANBNK,BANKBARODA,BANKINDIA,BASF,BATAINDIA,BAYERCROP,BBTC,BCG,BDL,BEL,BEML,BERGEPAINT,BHARATFORG,BHARTIARTL,BHARTIHEXA,BHEL,BIOCON,BIRLACORPN,BLUEDART,BLUESTARCO,BOSCHLTD,BPCL,BRIGADE,BRITANNIA,BSE,BSOFT,CAMS,CANBK,CANFINHOME,CAPLIPOINT,CARBORUNIV,CASTROLIND,CCL,CDSL,CEATLTD,CENTRALBK,CENTURYPLY,CERA,CESC,CGPOWER,CHALET,CHAMBLFERT,CHEMPLASTS,CHOLAFIN,CHOLAHLDNG,CIEINDIA,CIPLA,CLEAN,COALINDIA,COCHINSHIP,COFORGE,COHANCE,COLPAL,CONCOR,COROMANDEL,CREDITACC,CRISIL,CROMPTON,CUB,CUMMINSIND,CYIENT,DABUR,DALBHARAT,DBL,DBREALTY,DEEPAKNTR,DELTACORP,DEVYANI,DHANI,DIVISLAB,DIXON,DLF,DMART,DRREDDY,DUMMYHEG,EASEMYTRIP,ECLERX,EDELWEISS,EICHERMOT,EIDPARRY,EIHOTEL,ELGIEQUIP,EMAMILTD,ENDURANCE,ENGINERSIN,EPIGRAL,EQUITAS,EQUITASBNK,ERIS,ESCORTS,ETERNAL,EXIDEIND,FACT,FEDERALBNK,FINCABLES,FINEORG,FINPIPE,FLUOROCHEM,FORTIS,FSL,GAEL,GAIL,GALAXYSURF,GESHIP,GICRE,GILLETTE,GLAND,GLAXO,GLENMARK,GLS,GMRAIRPORT,GNFC,GOCOLORS,GODFRYPHLP,GODIGIT,GODREJAGRO,GODREJCP,GODREJIND,GODREJPROP,GPIL,GPPL,GRANULES,GRAPHITE,GRASIM,GRINDWELL,GRINFRA,GSFC,GSPL,GUJALKALI,GUJGASLTD,GVT&D,HAL,HAPPSTMNDS,HATHWAY,HATSUN,HAVELLS,HBLENGINE,HCLTECH,HDFC,HDFCAMC,HDFCBANK,HDFCLIFE,HEG,HEMIPROP,HEROMOTOCO,HFCL,HINDALCO,HINDCOPPER,HINDPETRO,HINDUNILVR,HINDZINC,HLEGLAS,HOMEFIRST,HONAUT,HUDCO,ICICIBANK,ICICIGI,ICICIPRULI,ICIL,IDBI,IDEA,IDFC,IDFCFIRSTB,IEX,IFCI,IGL,IIFL,INDGN,INDHOTEL,INDIACEM,INDIAMART,INDIANB,INDIGO,INDOCO,INDUSINDBK,INDUSTOWER,INFIBEAM,INFY,INOXINDIA,INOXLEISUR,INTELLECT,IOB,IOC,IPCALAB,IRB,IRCON,IRCTC,IREDA,IRFC,ITC,ITI,JAMNAAUTO,JBCHEPHARM,JINDALSAW,JINDALSTEL,JKCEMENT,JKLAKSHMI,JKTYRE,JMFINANCIL,JPPOWER,JSL,JSLHISAR,JSWDULUX,JSWENERGY,JSWSTEEL,JUBLFOOD,JUBLINGREA,JUBLPHARMA,JUSTDIAL,JYOTHYLAB,JYOTICNC,KAJARIACER,KALYANKJIL,KANSAINER,KARURVYSYA,KAYNES,KEC,KEI,KIMS,KIRLFER,KIRLOSBROS,KIRLOSENG,KNRCON,KOTAKBANK,KPIL,KPITTECH,KPRMILL,LALPATHLAB,LATENTVIEW,LAURUSLABS,LAXMIMACH,LICHSGFIN,LINDEINDIA,LODHA,LT,LTF,LTM,LTTS,LUPIN,LUXIND,M&M,M&MFIN,MAHABANK,MANAPPURAM,MAPMYINDIA,MARICO,MARUTI,MASTEK,MAXHEALTH,MAZDOCK,MCX,METROBRAND,METROPOLIS,MFSL,MGL,MINDACORP,MINDTREE,MMTC,MOIL,MOTILALOFS,MPHASIS,MRF,MRPL,MUTHOOTFIN,NAM-INDIA,NATCOPHARM,NATIONALUM,NAUKRI,NAVINFLUOR,NAZARA,NBCC,NCC,NESCO,NESTLEIND,NETWEB,NETWORK18,NEWGEN,NH,NHPC,NIACL,NLCINDIA,NMDC,NTPC,NUVOCO,NYKAA,OBEROIRLTY,OFSS,OIL,ONGC,ORIENTELEC,PAGEIND,PAYTM,PCBL,PEL,PERSISTENT,PETRONET,PFC,PFIZER,PGHH,PGHL,PHOENIXLTD,PIDILITIND,PIIND,PNB,PNBHOUSING,PNCINFRA,POLICYBZR,POLYCAB,POLYMED,POLYPLEX,POONAWALLA,POWERGRID,POWERINDIA,PRAJIND,PRESTIGE,PRIVISCL,PTCIL,PVRINOX,QUESS,RADICO,RAILTEL,RAIN,RAJESHEXPO,RALLIS,RAMCOCEM,RATNAMANI,RAYMONDLSL,RBLBANK,RCF,RECLTD,REDINGTON,RELAXO,RELIANCE,RENUKA,RHIM,RITES,ROSSARI,ROUTE,RTNINDIA,RVNL,SAIL,SAMMAANCAP,SANOFI,SAPPHIRE,SAREGAMA,SBICARD,SBILIFE,SBIN,SCHAEFFLER,SCI,SEQUENT,SFL,SHILPAMED,SHREECEM,SHRIRAMCIT,SHRIRAMFIN,SHYAMMETL,SIEMENS,SIS,SJVN,SKFINDIA,SOBHA,SOLARA,SOLARINDS,SONACOMS,SONATSOFTW,SPARC,SPICEJET,SRF,STAR,STARHEALTH,SUDARSCHEM,SUMICHEM,SUNDARMFIN,SUNDRMFAST,SUNPHARMA,SUNTV,SUPPETRO,SUPRAJIT,SUPREMEIND,SUZLON,SWANCORP,SWSOLAR,SYMPHONY,SYNGENE,SYRMA,TANLA,TATACHEM,TATACOFFEE,TATACOMM,TATACONSUM,TATAELXSI,TATAINVEST,TATAMTRDVR,TATAPOWER,TATASTEEL,TATASTLLP,TBOTEK,TCS,TEAMLEASE,TECHM,TECHNOE,THERMAX,THYROCARE,TIINDIA,TIMKEN,TITAN,TMPV,TORNTPHARM,TORNTPOWER,TRENT,TRIDENT,TRITURBINE,TTKPRESTIG,TTML,TV18BRDCST,TVSMOTOR,UBL,UCOBANK,UJJIVANSFB,ULTRACEMCO,UNIONBANK,UNITDSPR,UNOMINDA,UPL,USHAMART,UTIAMC,VAKRANGEE,VARROC,VBL,VEDL,VENKEYS,VGUARD,VIJAYA,VINATIORGA,VIPIND,VMART,VOLTAS,VTL,WELCORP,WELSPUNLIV,WESTLIFE,WHIRLPOOL,WIPRO,WOCKPHARMA,YESBANK,ZEEL,ZENSARTECH,ZFCVINDIA,ZYDUSLIFE,ZYDUSWELL"
2013-12-31,"360ONE,3MINDIA,AADHARHFC,AARTIDRUGS,AARTIIND,AAVAS,ABB,ABBOTINDIA,ABCAPITAL,ABFRL,ABREL,ABSLAMC,ACC,ADANIENSOL,ADANIENT,ADANIGREEN,ADANIPORTS,ADVENZYMES,AEGISLOG,AFFLE,AIAENG,AJANTPHARM,ALKEM,ALKYLAMINE,ALLCARGO,ALOKINDS,AMBER,AMBUJACEM,ANANTRAJ,ANGELONE,APLAPOLLO,APLLTD,APOLLOHOSP,APOLLOTYRE,APTUS,ARE&M,ASAHIINDIA,ASHOKLEY,ASIANPAINT,ASTERDM,ASTRAL,ASTRAZEN,ATGL,ATUL,AUBANK,AUROPHARMA,AVANTIFEED,AXISBANK,BAJAJ-AUTO,BAJAJELEC,BAJAJFINSV,BAJAJHLDNG,BAJFINANCE,BALAMINES,BALKRISIND,BALRAMCHIN,BANDHANBNK,BANKBARODA,BANKINDIA,BASF,BATAINDIA,BAYERCROP,BBTC,BCG,BDL,BEL,BEML,BERGEPAINT,BHARATFORG,BHARTIARTL,BHARTIHEXA,BHEL,BIOCON,BIRLACORPN,BLUEDART,BLUESTARCO,BOSCHLTD,BPCL,BRIGADE,BRITANNIA,BSE,BSOFT,CAMS,CANBK,CANFINHOME,CAPLIPOINT,CARBORUNIV,CASTROLIND,CCL,CDSL,CEATLTD,CENTRALBK,CENTURYPLY,CERA,CESC,CGPOWER,CHALET,CHAMBLFERT,CHEMPLASTS,CHOLAFIN,CHOLAHLDNG,CIEINDIA,CIPLA,CLEAN,COALINDIA,COCHINSHIP,COFORGE,COHANCE,COLPAL,CONCOR,COROMANDEL,CREDITACC,CRISIL,CROMPTON,CUB,CUMMINSIND,CYIENT,DABUR,DALBHARAT,DBL,DBREALTY,DEEPAKNTR,DELTACORP,DEVYANI,DHANI,DIVISLAB,DIXON,DLF,DMART,DRREDDY,DUMMYHEG,EASEMYTRIP,ECLERX,EDELWEISS,EICHERMOT,EIDPARRY,EIHOTEL,ELGIEQUIP,EMAMILTD,ENDURANCE,ENGINERSIN,EPIGRAL,EQUITAS,EQUITASBNK,ERIS,ESCORTS,ETERNAL,EXIDEIND,FACT,FEDERALBNK,FINCABLES,FINEORG,FINPIPE,FLUOROCHEM,FORTIS,FSL,GAEL,GAIL,GALAXYSURF,GESHIP,GICRE,GILLETTE,GLAND,GLAXO,GLENMARK,GLS,GMRAIRPORT,GNFC,GOCOLORS,GODFRYPHLP,GODIGIT,GODREJAGRO,GODREJCP,GODREJIND,GODREJPROP,GPIL,GPPL,GRANULES,GRAPHITE,GRASIM,GRINDWELL,GRINFRA,GSFC,GSPL,GUJALKALI,GUJGASLTD,GVT&D,HAL,HAPPSTMNDS,HATHWAY,HATSUN,HAVELLS,HBLENGINE,HCLTECH,HDFC,HDFCAMC,HDFCBANK,HDFCLIFE,HEG,HEMIPROP,HEROMOTOCO,HFCL,HINDALCO,HINDCOPPER,HINDPETRO,HINDUNILVR,HINDZINC,HLEGLAS,HOMEFIRST,HONAUT,HUDCO,ICICIBANK,ICICIGI,ICICIPRULI,ICIL,IDBI,IDEA,IDFC,IDFCFIRSTB,IEX,IFCI,IGL,IIFL,INDGN,INDHOTEL,INDIACEM,INDIAMART,INDIANB,INDIGO,INDOCO,INDUSINDBK,INDUSTOWER,INFIBEAM,INFY,INOXINDIA,INOXLEISUR,INTELLECT,IOB,IOC,IPCALAB,IRB,IRCON,IRCTC,IREDA,IRFC,ITC,ITI,JAMNAAUTO,JBCHEPHARM,JINDALSAW,JINDALSTEL,JKCEMENT,JKLAKSHMI,JKTYRE,JMFINANCIL,JPPOWER,JSL,JSLHISAR,JSWDULUX,JSWENERGY,JSWSTEEL,JUBLFOOD,JUBLINGREA,JUBLPHARMA,JUSTDIAL,JYOTHYLAB,JYOTICNC,KAJARIACER,KALYANKJIL,KANSAINER,KARURVYSYA,KAYNES,KEC,KEI,KIMS,KIRLFER,KIRLOSBROS,KIRLOSENG,KNRCON,KOTAKBANK,KPIL,KPITTECH,KPRMILL,LALPATHLAB,LATENTVIEW,LAURUSLABS,LAXMIMACH,LICHSGFIN,LINDEINDIA,LODHA,LT,LTF,LTM,LTTS,LUPIN,LUXIND,M&M,M&MFIN,MAHABANK,MANAPPURAM,MAPMYINDIA,MARICO,MARUTI,MASTEK,MAXHEALTH,MAZDOCK,MCX,METROBRAND,METROPOLIS,MFSL,MGL,MINDACORP,MINDTREE,MMTC,MOIL,MOTILALOFS,MPHASIS,MRF,MRPL,MUTHOOTFIN,NAM-INDIA,NATCOPHARM,NATIONALUM,NAUKRI,NAVINFLUOR,NAZARA,NBCC,NCC,NESCO,NESTLEIND,NETWEB,NETWORK18,NEWGEN,NH,NHPC,NIACL,NLCINDIA,NMDC,NTPC,NUVOCO,NYKAA,OBEROIRLTY,OFSS,OIL,ONGC,ORIENTELEC,PAGEIND,PAYTM,PCBL,PEL,PERSISTENT,PETRONET,PFC,PFIZER,PGHH,PGHL,PHOENIXLTD,PIDILITIND,PIIND,PNB,PNBHOUSING,PNCINFRA,POLICYBZR,POLYCAB,POLYMED,POLYPLEX,POONAWALLA,POWERGRID,POWERINDIA,PRAJIND,PRESTIGE,PRIVISCL,PTCIL,PVRINOX,QUESS,RADICO,RAILTEL,RAIN,RAJESHEXPO,RALLIS,RAMCOCEM,RATNAMANI,RAYMONDLSL,RBLBANK,RCF,RECLTD,REDINGTON,RELAXO,RELIANCE,RENUKA,RHIM,RITES,ROSSARI,ROUTE,RTNINDIA,RVNL,SAIL,SAMMAANCAP,SANOFI,SAPPHIRE,SAREGAMA,SBICARD,SBILIFE,SBIN,SCHAEFFLER,SCI,SEQUENT,SFL,SHILPAMED,SHREECEM,SHRIRAMCIT,SHRIRAMFIN,SHYAMMETL,SIEMENS,SIS,SJVN,SKFINDIA,SOBHA,SOLARA,SOLARINDS,SONACOMS,SONATSOFTW,SPARC,SPICEJET,SRF,STAR,STARHEALTH,SUDARSCHEM,SUMICHEM,SUNDARMFIN,SUNDRMFAST,SUNPHARMA,SUNTV,SUPPETRO,SUPRAJIT,SUPREMEIND,SUZLON,SWANCORP,SWSOLAR,SYMPHONY,SYNGENE,SYRMA,TANLA,TATACHEM,TATACOFFEE,TATACOMM,TATACONSUM,TATAELXSI,TATAINVEST,TATAMTRDVR,TATAPOWER,TATASTEEL,TATASTLLP,TBOTEK,TCS,TEAMLEASE,TECHM,TECHNOE,THERMAX,THYROCARE,TIINDIA,TIMKEN,TITAN,TMPV,TORNTPHARM,TORNTPOWER,TRENT,TRIDENT,TRITURBINE,TTKPRESTIG,TTML,TV18BRDCST,TVSMOTOR,UBL,UCOBANK,UJJIVANSFB,ULTRACEMCO,UNIONBANK,UNITDSPR,UNOMINDA,UPL,USHAMART,UTIAMC,VAKRANGEE,VARROC,VBL,VEDL,VENKEYS,VGUARD,VIJAYA,VINATIORGA,VIPIND,VMART,VOLTAS,VTL,WELCORP,WELSPUNLIV,WESTLIFE,WHIRLPOOL,WIPRO,WOCKPHARMA,YESBANK,ZEEL,ZENSARTECH,ZFCVINDIA,ZYDUSLIFE,ZYDUSWELL"
2014-01-31,"360ONE,3MINDIA,AADHARHFC,AARTIDRUGS,AARTIIND,AAVAS,ABB,ABBOTINDIA,ABCAPITAL,ABFRL,ABREL,ABSLAMC,ACC,ADANIENSOL,ADANIENT,ADANIGREEN,ADANIPORTS,ADVENZYMES,AEGISLOG,AFFLE,AIAENG,AJANTPHARM,ALKEM,ALKYLAMINE,ALLCARGO,ALOKINDS,AMBER,AMBUJACEM,ANANTRAJ,ANGELONE,APLAPOLLO,APLLTD,APOLLOHOSP,APOLLOTYRE,APTUS,ARE&M,ASAHIINDIA,ASHOKLEY,ASIANPAINT,ASTERDM,ASTRAL,ASTRAZEN,ATGL,ATUL,AUBANK,AUROPHARMA,AVANTIFEED,AXISBANK,BAJAJ-AUTO,BAJAJELEC,BAJAJFINSV,BAJAJHLDNG,BAJFINANCE,BALAMINES,BALKRISIND,BALRAMCHIN,BANDHANBNK,BANKBARODA,BANKINDIA,BASF,BATAINDIA,BAYERCROP,BBTC,BCG,BDL,BEL,BEML,BERGEPAINT,BHARATFORG,BHARTIARTL,BHARTIHEXA,BHEL,BIOCON,BIRLACORPN,BLUEDART,BLUESTARCO,BOSCHLTD,BPCL,BRIGADE,BRITANNIA,BSE,BSOFT,CAMS,CANBK,CANFINHOME,CAPLIPOINT,CARBORUNIV,CASTROLIND,CCL,CDSL,CEATLTD,CENTRALBK,CENTURYPLY,CERA,CESC,CGPOWER,CHALET,CHAMBLFERT,CHEMPLASTS,CHOLAFIN,CHOLAHLDNG,CIEINDIA,CIPLA,CLEAN,COALINDIA,COCHINSHIP,COFORGE,COHANCE,COLPAL,CONCOR,COROMANDEL,CREDITACC,CRISIL,CROMPTON,CUB,CUMMINSIND,CYIENT,DABUR,DALBHARAT,DBL,DBREALTY,DEEPAKNTR,DELTACORP,DEVYANI,DHANI,DIVISLAB,DIXON,DLF,DMART,DRREDDY,DUMMYHEG,EASEMYTRIP,ECLERX,EDELWEISS,EICHERMOT,EIDPARRY,EIHOTEL,ELGIEQUIP,EMAMILTD,ENDURANCE,ENGINERSIN,EPIGRAL,EQUITAS,EQUITASBNK,ERIS,ESCORTS,ETERNAL,EXIDEIND,FACT,FEDERALBNK,FINCABLES,FINEORG,FINPIPE,FLUOROCHEM,FORTIS,FSL,GAEL,GAIL,GALAXYSURF,GESHIP,GICRE,GILLETTE,GLAND,GLAXO,GLENMARK,GLS,GMRAIRPORT,GNFC,GOCOLORS,GODFRYPHLP,GODIGIT,GODREJAGRO,GODREJCP,GODREJIND,GODREJPROP,GPIL,GPPL,GRANULES,GRAPHITE,GRASIM,GRINDWELL,GRINFRA,GSFC,GSPL,GUJALKALI,GUJGASLTD,GVT&D,HAL,HAPPSTMNDS,HATHWAY,HATSUN,HAVELLS,HBLENGINE,HCLTECH,HDFC,HDFCAMC,HDFCBANK,HDFCLIFE,HEG,HEMIPROP,HEROMOTOCO,HFCL,HINDALCO,HINDCOPPER,HINDPETRO,HINDUNILVR,HINDZINC,HLEGLAS,HOMEFIRST,HONAUT,HUDCO,ICICIBANK,ICICIGI,ICICIPRULI,ICIL,IDBI,IDEA,IDFC,IDFCFIRSTB,IEX,IFCI,IGL,IIFL,INDGN,INDHOTEL,INDIACEM,INDIAMART,INDIANB,INDIGO,INDOCO,INDUSINDBK,INDUSTOWER,INFIBEAM,INFY,INOXINDIA,INOXLEISUR,INTELLECT,IOB,IOC,IPCALAB,IRB,IRCON,IRCTC,IREDA,IRFC,ITC,ITI,JAMNAAUTO,JBCHEPHARM,JINDALSAW,JINDALSTEL,JKCEMENT,JKLAKSHMI,JKTYRE,JMFINANCIL,JPPOWER,JSL,JSLHISAR,JSWDULUX,JSWENERGY,JSWSTEEL,JUBLFOOD,JUBLINGREA,JUBLPHARMA,JUSTDIAL,JYOTHYLAB,JYOTICNC,KAJARIACER,KALYANKJIL,KANSAINER,KARURVYSYA,KAYNES,KEC,KEI,KIMS,KIRLFER,KIRLOSBROS,KIRLOSENG,KNRCON,KOTAKBANK,KPIL,KPITTECH,KPRMILL,LALPATHLAB,LATENTVIEW,LAURUSLABS,LAXMIMACH,LICHSGFIN,LINDEINDIA,LODHA,LT,LTF,LTM,LTTS,LUPIN,LUXIND,M&M,M&MFIN,MAHABANK,MANAPPURAM,MAPMYINDIA,MARICO,MARUTI,MASTEK,MAXHEALTH,MAZDOCK,MCX,METROBRAND,METROPOLIS,MFSL,MGL,MINDACORP,MINDTREE,MMTC,MOIL,MOTILALOFS,MPHASIS,MRF,MRPL,MUTHOOTFIN,NAM-INDIA,NATCOPHARM,NATIONALUM,NAUKRI,NAVINFLUOR,NAZARA,NBCC,NCC,NESCO,NESTLEIND,NETWEB,NETWORK18,NEWGEN,NH,NHPC,NIACL,NLCINDIA,NMDC,NTPC,NUVOCO,NYKAA,OBEROIRLTY,OFSS,OIL,ONGC,ORIENTELEC,PAGEIND,PAYTM,PCBL,PEL,PERSISTENT,PETRONET,PFC,PFIZER,PGHH,PGHL,PHOENIXLTD,PIDILITIND,PIIND,PNB,PNBHOUSING,PNCINFRA,POLICYBZR,POLYCAB,POLYMED,POLYPLEX,POONAWALLA,POWERGRID,POWERINDIA,PRAJIND,PRESTIGE,PRIVISCL,PTCIL,PVRINOX,QUESS,RADICO,RAILTEL,RAIN,RAJESHEXPO,RALLIS,RAMCOCEM,RATNAMANI,RAYMONDLSL,RBLBANK,RCF,RECLTD,REDINGTON,RELAXO,RELIANCE,RENUKA,RHIM,RITES,ROSSARI,ROUTE,RTNINDIA,RVNL,SAIL,SAMMAANCAP,SANOFI,SAPPHIRE,SAREGAMA,SBICARD,SBILIFE,SBIN,SCHAEFFLER,SCI,SEQUENT,SFL,SHILPAMED,SHREECEM,SHRIRAMCIT,SHRIRAMFIN,SHYAMMETL,SIEMENS,SIS,SJVN,SKFINDIA,SOBHA,SOLARA,SOLARINDS,SONACOMS,SONATSOFTW,SPARC,SPICEJET,SRF,STAR,STARHEALTH,SUDARSCHEM,SUMICHEM,SUNDARMFIN,SUNDRMFAST,SUNPHARMA,SUNTV,SUPPETRO,SUPRAJIT,SUPREMEIND,SUZLON,SWANCORP,SWSOLAR,SYMPHONY,SYNGENE,SYRMA,TANLA,TATACHEM,TATACOFFEE,TATACOMM,TATACONSUM,TATAELXSI,TATAINVEST,TATAMTRDVR,TATAPOWER,TATASTEEL,TATASTLLP,TBOTEK,TCS,TEAMLEASE,TECHM,TECHNOE,THERMAX,THYROCARE,TIINDIA,TIMKEN,TITAN,TMPV,TORNTPHARM,TORNTPOWER,TRENT,TRIDENT,TRITURBINE,TTKPRESTIG,TTML,TV18BRDCST,TVSMOTOR,UBL,UCOBANK,UJJIVANSFB,ULTRACEMCO,UNIONBANK,UNITDSPR,UNOMINDA,UPL,USHAMART,UTIAMC,VAKRANGEE,VARROC,VBL,VEDL,VENKEYS,VGUARD,VIJAYA,VINATIORGA,VIPIND,VMART,VOLTAS,VTL,WELCORP,WELSPUNLIV,WESTLIFE,WHIRLPOOL,WIPRO,WOCKPHARMA,YESBANK,ZEEL,ZENSARTECH,ZFCVINDIA,ZYDUSLIFE,ZYDUSWELL"
2014-02-28,"360ONE,3MINDIA,AADHARHFC,AARTIDRUGS,AARTIIND,AAVAS,ABB,ABBOTINDIA,ABCAPITAL,ABFRL,ABREL,ABSLAMC,ACC,ADANIENSOL,ADANIENT,ADANIGREEN,ADANIPORTS,ADVENZYMES,AEGISLOG,AFFLE,AIAENG,AJANTPHARM,ALKEM,ALKYLAMINE,ALLCARGO,ALOKINDS,AMBER,AMBUJACEM,ANANTRAJ,ANGELONE,APLAPOLLO,APLLTD,APOLLOHOSP,APOLLOTYRE,APTUS,ARE&M,ASAHIINDIA,ASHOKLEY,ASIANPAINT,ASTERDM,ASTRAL,ASTRAZEN,ATGL,ATUL,AUBANK,AUROPHARMA,AVANTIFEED,AXISBANK,BAJAJ-AUTO,BAJAJELEC,BAJAJFINSV,BAJAJHLDNG,BAJFINANCE,BALAMINES,BALKRISIND,BALRAMCHIN,BANDHANBNK,BANKBARODA,BANKINDIA,BASF,BATAINDIA,BAYERCROP,BBTC,BCG,BDL,BEL,BEML,BERGEPAINT,BHARATFORG,BHARTIARTL,BHARTIHEXA,BHEL,BIOCON,BIRLACORPN,BLUEDART,BLUESTARCO,BOSCHLTD,BPCL,BRIGADE,BRITANNIA,BSE,BSOFT,CAMS,CANBK,CANFINHOME,CAPLIPOINT,CARBORUNIV,CASTROLIND,CCL,CDSL,CEATLTD,CENTRALBK,CENTURYPLY,CERA,CESC,CGPOWER,CHALET,CHAMBLFERT,CHEMPLASTS,CHOLAFIN,CHOLAHLDNG,CIEINDIA,CIPLA,CLEAN,COALINDIA,COCHINSHIP,COFORGE,COHANCE,COLPAL,CONCOR,COROMANDEL,CREDITACC,CRISIL,CROMPTON,CUB,CUMMINSIND,CYIENT,DABUR,DALBHARAT,DBL,DBREALTY,DEEPAKNTR,DELTACORP,DEVYANI,DHANI,DIVISLAB,DIXON,DLF,DMART,DRREDDY,DUMMYHEG,EASEMYTRIP,ECLERX,EDELWEISS,EICHERMOT,EIDPARRY,EIHOTEL,ELGIEQUIP,EMAMILTD,ENDURANCE,ENGINERSIN,EPIGRAL,EQUITAS,EQUITASBNK,ERIS,ESCORTS,ETERNAL,EXIDEIND,FACT,FEDERALBNK,FINCABLES,FINEORG,FINPIPE,FLUOROCHEM,FORTIS,FSL,GAEL,GAIL,GALAXYSURF,GESHIP,GICRE,GILLETTE,GLAND,GLAXO,GLENMARK,GLS,GMRAIRPORT,GNFC,GOCOLORS,GODFRYPHLP,GODIGIT,GODREJAGRO,GODREJCP,GODREJIND,GODREJPROP,GPIL,GPPL,GRANULES,GRAPHITE,GRASIM,GRINDWELL,GRINFRA,GSFC,GSPL,GUJALKALI,GUJGASLTD,GVT&D,HAL,HAPPSTMNDS,HATHWAY,HATSUN,HAVELLS,HBLENGINE,HCLTECH,HDFC,HDFCAMC,HDFCBANK,HDFCLIFE,HEG,HEMIPROP,HEROMOTOCO,HFCL,HINDALCO,HINDCOPPER,HINDPETRO,HINDUNILVR,HINDZINC,HLEGLAS,HOMEFIRST,HONAUT,HUDCO,ICICIBANK,ICICIGI,ICICIPRULI,ICIL,IDBI,IDEA,IDFC,IDFCFIRSTB,IEX,IFCI,IGL,IIFL,INDGN,INDHOTEL,INDIACEM,INDIAMART,INDIANB,INDIGO,INDOCO,INDUSINDBK,INDUSTOWER,INFIBEAM,INFY,INOXINDIA,INOXLEISUR,INTELLECT,IOB,IOC,IPCALAB,IRB,IRCON,IRCTC,IREDA,IRFC,ITC,ITI,JAMNAAUTO,JBCHEPHARM,JINDALSAW,JINDALSTEL,JKCEMENT,JKLAKSHMI,JKTYRE,JMFINANCIL,JPPOWER,JSL,JSLHISAR,JSWDULUX,JSWENERGY,JSWSTEEL,JUBLFOOD,JUBLINGREA,JUBLPHARMA,JUSTDIAL,JYOTHYLAB,JYOTICNC,KAJARIACER,KALYANKJIL,KANSAINER,KARURVYSYA,KAYNES,KEC,KEI,KIMS,KIRLFER,KIRLOSBROS,KIRLOSENG,KNRCON,KOTAKBANK,KPIL,KPITTECH,KPRMILL,LALPATHLAB,LATENTVIEW,LAURUSLABS,LAXMIMACH,LICHSGFIN,LINDEINDIA,LODHA,LT,LTF,LTM,LTTS,LUPIN,LUXIND,M&M,M&MFIN,MAHABANK,MANAPPURAM,MAPMYINDIA,MARICO,MARUTI,MASTEK,MAXHEALTH,MAZDOCK,MCX,METROBRAND,METROPOLIS,MFSL,MGL,MINDACORP,MINDTREE,MMTC,MOIL,MOTILALOFS,MPHASIS,MRF,MRPL,MUTHOOTFIN,NAM-INDIA,NATCOPHARM,NATIONALUM,NAUKRI,NAVINFLUOR,NAZARA,NBCC,NCC,NESCO,NESTLEIND,NETWEB,NETWORK18,NEWGEN,NH,NHPC,NIACL,NLCINDIA,NMDC,NTPC,NUVOCO,NYKAA,OBEROIRLTY,OFSS,OIL,ONGC,ORIENTELEC,PAGEIND,PAYTM,PCBL,PEL,PERSISTENT,PETRONET,PFC,PFIZER,PGHH,PGHL,PHOENIXLTD,PIDILITIND,PIIND,PNB,PNBHOUSING,PNCINFRA,POLICYBZR,POLYCAB,POLYMED,POLYPLEX,POONAWALLA,POWERGRID,POWERINDIA,PRAJIND,PRESTIGE,PRIVISCL,PTCIL,PVRINOX,QUESS,RADICO,RAILTEL,RAIN,RAJESHEXPO,RALLIS,RAMCOCEM,RATNAMANI,RAYMONDLSL,RBLBANK,RCF,RECLTD,REDINGTON,RELAXO,RELIANCE,RENUKA,RHIM,RITES,ROSSARI,ROUTE,RTNINDIA,RVNL,SAIL,SAMMAANCAP,SANOFI,SAPPHIRE,SAREGAMA,SBICARD,SBILIFE,SBIN,SCHAEFFLER,SCI,SEQUENT,SFL,SHILPAMED,SHREECEM,SHRIRAMCIT,SHRIRAMFIN,SHYAMMETL,SIEMENS,SIS,SJVN,SKFINDIA,SOBHA,SOLARA,SOLARINDS,SONACOMS,SONATSOFTW,SPARC,SPICEJET,SRF,STAR,STARHEALTH,SUDARSCHEM,SUMICHEM,SUNDARMFIN,SUNDRMFAST,SUNPHARMA,SUNTV,SUPPETRO,SUPRAJIT,SUPREMEIND,SUZLON,SWANCORP,SWSOLAR,SYMPHONY,SYNGENE,SYRMA,TANLA,TATACHEM,TATACOFFEE,TATACOMM,TATACONSUM,TATAELXSI,TATAINVEST,TATAMTRDVR,TATAPOWER,TATASTEEL,TATASTLLP,TBOTEK,TCS,TEAMLEASE,TECHM,TECHNOE,THERMAX,THYROCARE,TIINDIA,TIMKEN,TITAN,TMPV,TORNTPHARM,TORNTPOWER,TRENT,TRIDENT,TRITURBINE,TTKPRESTIG,TTML,TV18BRDCST,TVSMOTOR,UBL,UCOBANK,UJJIVANSFB,ULTRACEMCO,UNIONBANK,UNITDSPR,UNOMINDA,UPL,USHAMART,UTIAMC,VAKRANGEE,VARROC,VBL,VEDL,VENKEYS,VGUARD,VIJAYA,VINATIORGA,VIPIND,VMART,VOLTAS,VTL,WELCORP,WELSPUNLIV,WESTLIFE,WHIRLPOOL,WIPRO,WOCKPHARMA,YESBANK,ZEEL,ZENSARTECH,ZFCVINDIA,ZYDUSLIFE,ZYDUSWELL"
2014-03-31,"360ONE,3MINDIA,AADHARHFC,AARTIDRUGS,AARTIIND,AAVAS,ABB,ABBOTINDIA,ABCAPITAL,ABFRL,ABREL,ABSLAMC,ACC,ADANIENSOL,ADANIENT,ADANIGREEN,ADANIPORTS,ADVENZYMES,AEGISLOG,AFFLE,AIAENG,AJANTPHARM,ALKEM,ALKYLAMINE,ALLCARGO,ALOKINDS,AMBER,AMBUJACEM,ANANTRAJ,ANGELONE,APLAPOLLO,APLLTD,APOLLOHOSP,APOLLOTYRE,APTUS,ARE&M,ASAHIINDIA,ASHOKLEY,ASIANPAINT,ASTERDM,ASTRAL,ASTRAZEN,ATGL,ATUL,AUBANK,AUROPHARMA,AVANTIFEED,AXISBANK,BAJAJ-AUTO,BAJAJELEC,BAJAJFINSV,BAJAJHLDNG,BAJFINANCE,BALAMINES,BALKRISIND,BALRAMCHIN,BANDHANBNK,BANKBARODA,BANKINDIA,BASF,BATAINDIA,BAYERCROP,BBTC,BCG,BDL,BEL,BEML,BERGEPAINT,BHARATFORG,BHARTIARTL,BHARTIHEXA,BHEL,BIOCON,BIRLACORPN,BLUEDART,BLUESTARCO,BOSCHLTD,BPCL,BRIGADE,BRITANNIA,BSE,BSOFT,CAMS,CANBK,CANFINHOME,CAPLIPOINT,CARBORUNIV,CASTROLIND,CCL,CDSL,CEATLTD,CENTRALBK,CENTURYPLY,CERA,CESC,CGPOWER,CHALET,CHAMBLFERT,CHEMPLASTS,CHOLAFIN,CHOLAHLDNG,CIEINDIA,CIPLA,CLEAN,COALINDIA,COCHINSHIP,COFORGE,COHANCE,COLPAL,CONCOR,COROMANDEL,CREDITACC,CRISIL,CROMPTON,CUB,CUMMINSIND,CYIENT,DABUR,DALBHARAT,DBL,DBREALTY,DEEPAKNTR,DELTACORP,DEVYANI,DHANI,DIVISLAB,DIXON,DLF,DMART,DRREDDY,DUMMYHEG,EASEMYTRIP,ECLERX,EDELWEISS,EICHERMOT,EIDPARRY,EIHOTEL,ELGIEQUIP,EMAMILTD,ENDURANCE,ENGINERSIN,EPIGRAL,EQUITAS,EQUITASBNK,ERIS,ESCORTS,ETERNAL,EXIDEIND,FACT,FEDERALBNK,FINCABLES,FINEORG,FINPIPE,FLUOROCHEM,FORTIS,FSL,GAEL,GAIL,GALAXYSURF,GESHIP,GICRE,GILLETTE,GLAND,GLAXO,GLENMARK,GLS,GMRAIRPORT,GNFC,GOCOLORS,GODFRYPHLP,GODIGIT,GODREJAGRO,GODREJCP,GODREJIND,GODREJPROP,GPIL,GPPL,GRANULES,GRAPHITE,GRASIM,GRINDWELL,GRINFRA,GSFC,GSPL,GUJALKALI,GUJGASLTD,GVT&D,HAL,HAPPSTMNDS,HATHWAY,HATSUN,HAVELLS,HBLENGINE,HCLTECH,HDFC,HDFCAMC,HDFCBANK,HDFCLIFE,HEG,HEMIPROP,HEROMOTOCO,HFCL,HINDALCO,HINDCOPPER,HINDPETRO,HINDUNILVR,HINDZINC,HLEGLAS,HOMEFIRST,HONAUT,HUDCO,ICICIBANK,ICICIGI,ICICIPRULI,ICIL,IDBI,IDEA,IDFC,IDFCFIRSTB,IEX,IFCI,IGL,IIFL,INDGN,INDHOTEL,INDIACEM,INDIAMART,INDIANB,INDIGO,INDOCO,INDUSINDBK,INDUSTOWER,INFIBEAM,INFY,INOXINDIA,INOXLEISUR,INTELLECT,IOB,IOC,IPCALAB,IRB,IRCON,IRCTC,IREDA,IRFC,ITC,ITI,JAMNAAUTO,JBCHEPHARM,JINDALSAW,JINDALSTEL,JKCEMENT,JKLAKSHMI,JKTYRE,JMFINANCIL,JPPOWER,JSL,JSLHISAR,JSWDULUX,JSWENERGY,JSWSTEEL,JUBLFOOD,JUBLINGREA,JUBLPHARMA,JUSTDIAL,JYOTHYLAB,JYOTICNC,KAJARIACER,KALYANKJIL,KANSAINER,KARURVYSYA,KAYNES,KEC,KEI,KIMS,KIRLFER,KIRLOSBROS,KIRLOSENG,KNRCON,KOTAKBANK,KPIL,KPITTECH,KPRMILL,LALPATHLAB,LATENTVIEW,LAURUSLABS,LAXMIMACH,LICHSGFIN,LINDEINDIA,LODHA,LT,LTF,LTM,LTTS,LUPIN,LUXIND,M&M,M&MFIN,MAHABANK,MANAPPURAM,MAPMYINDIA,MARICO,MARUTI,MASTEK,MAXHEALTH,MAZDOCK,MCX,METROBRAND,METROPOLIS,MFSL,MGL,MINDACORP,MINDTREE,MMTC,MOIL,MOTILALOFS,MPHASIS,MRF,MRPL,MUTHOOTFIN,NAM-INDIA,NATCOPHARM,NATIONALUM,NAUKRI,NAVINFLUOR,NAZARA,NBCC,NCC,NESCO,NESTLEIND,NETWEB,NETWORK18,NEWGEN,NH,NHPC,NIACL,NLCINDIA,NMDC,NTPC,NUVOCO,NYKAA,OBEROIRLTY,OFSS,OIL,ONGC,ORIENTELEC,PAGEIND,PAYTM,PCBL,PEL,PERSISTENT,PETRONET,PFC,PFIZER,PGHH,PGHL,PHOENIXLTD,PIDILITIND,PIIND,PNB,PNBHOUSING,PNCINFRA,POLICYBZR,POLYCAB,POLYMED,POLYPLEX,POONAWALLA,POWERGRID,POWERINDIA,PRAJIND,PRESTIGE,PRIVISCL,PTCIL,PVRINOX,QUESS,RADICO,RAILTEL,RAIN,RAJESHEXPO,RALLIS,RAMCOCEM,RATNAMANI,RAYMONDLSL,RBLBANK,RCF,RECLTD,REDINGTON,RELAXO,RELIANCE,RENUKA,RHIM,RITES,ROSSARI,ROUTE,RTNINDIA,RVNL,SAIL,SAMMAANCAP,SANOFI,SAPPHIRE,SAREGAMA,SBICARD,SBILIFE,SBIN,SCHAEFFLER,SCI,SEQUENT,SFL,SHILPAMED,SHREECEM,SHRIRAMCIT,SHRIRAMFIN,SHYAMMETL,SIEMENS,SIS,SJVN,SKFINDIA,SOBHA,SOLARA,SOLARINDS,SONACOMS,SONATSOFTW,SPARC,SPICEJET,SRF,STAR,STARHEALTH,SUDARSCHEM,SUMICHEM,SUNDARMFIN,SUNDRMFAST,SUNPHARMA,SUNTV,SUPPETRO,SUPRAJIT,SUPREMEIND,SUZLON,SWANCORP,SWSOLAR,SYMPHONY,SYNGENE,SYRMA,TANLA,TATACHEM,TATACOFFEE,TATACOMM,TATACONSUM,TATAELXSI,TATAINVEST,TATAMTRDVR,TATAPOWER,TATASTEEL,TATASTLLP,TBOTEK,TCS,TEAMLEASE,TECHM,TECHNOE,THERMAX,THYROCARE,TIINDIA,TIMKEN,TITAN,TMPV,TORNTPHARM,TORNTPOWER,TRENT,TRIDENT,TRITURBINE,TTKPRESTIG,TTML,TV18BRDCST,TVSMOTOR,UBL,UCOBANK,UJJIVANSFB,ULTRACEMCO,UNIONBANK,UNITDSPR,UNOMINDA,UPL,USHAMART,UTIAMC,VAKRANGEE,VARROC,VBL,VEDL,VENKEYS,VGUARD,VIJAYA,VINATIORGA,VIPIND,VMART,VOLTAS,VTL,WELCORP,WELSPUNLIV,WESTLIFE,WHIRLPOOL,WIPRO,WOCKPHARMA,YESBANK,ZEEL,ZENSARTECH,ZFCVINDIA,ZYDUSLIFE,ZYDUSWELL"
2014-04-30,"360ONE,3MINDIA,AADHARHFC,AARTIDRUGS,AARTIIND,AAVAS,ABB,ABBOTINDIA,ABCAPITAL,ABFRL,ABREL,ABSLAMC,ACC,ADANIENSOL,ADANIENT,ADANIGREEN,ADANIPORTS,ADVENZYMES,AEGISLOG,AFFLE,AIAENG,AJANTPHARM,ALKEM,ALKYLAMINE,ALLCARGO,ALOKINDS,AMBER,AMBUJACEM,ANANTRAJ,ANGELONE,APLAPOLLO,APLLTD,APOLLOHOSP,APOLLOTYRE,APTUS,ARE&M,ASAHIINDIA,ASHOKLEY,ASIANPAINT,ASTERDM,ASTRAL,ASTRAZEN,ATGL,ATUL,AUBANK,AUROPHARMA,AVANTIFEED,AXISBANK,BAJAJ-AUTO,BAJAJELEC,BAJAJFINSV,BAJAJHLDNG,BAJFINANCE,BALAMINES,BALKRISIND,BALRAMCHIN,BANDHANBNK,BANKBARODA,BANKINDIA,BASF,BATAINDIA,BAYERCROP,BBTC,BCG,BDL,BEL,BEML,BERGEPAINT,BHARATFORG,BHARTIARTL,BHARTIHEXA,BHEL,BIOCON,BIRLACORPN,BLUEDART,BLUESTARCO,BOSCHLTD,BPCL,BRIGADE,BRITANNIA,BSE,BSOFT,CAMS,CANBK,CANFINHOME,CAPLIPOINT,CARBORUNIV,CASTROLIND,CCL,CDSL,CEATLTD,CENTRALBK,CENTURYPLY,CERA,CESC,CGPOWER,CHALET,CHAMBLFERT,CHEMPLASTS,CHOLAFIN,CHOLAHLDNG,CIEINDIA,CIPLA,CLEAN,COALINDIA,COCHINSHIP,COFORGE,COHANCE,COLPAL,CONCOR,COROMANDEL,CREDITACC,CRISIL,CROMPTON,CUB,CUMMINSIND,CYIENT,DABUR,DALBHARAT,DBL,DBREALTY,DEEPAKNTR,DELTACORP,DEVYANI,DHANI,DIVISLAB,DIXON,DLF,DMART,DRREDDY,DUMMYHEG,EASEMYTRIP,ECLERX,EDELWEISS,EICHERMOT,EIDPARRY,EIHOTEL,ELGIEQUIP,EMAMILTD,ENDURANCE,ENGINERSIN,EPIGRAL,EQUITAS,EQUITASBNK,ERIS,ESCORTS,ETERNAL,EXIDEIND,FACT,FEDERALBNK,FINCABLES,FINEORG,FINPIPE,FLUOROCHEM,FORTIS,FSL,GAEL,GAIL,GALAXYSURF,GESHIP,GICRE,GILLETTE,GLAND,GLAXO,GLENMARK,GLS,GMRAIRPORT,GNFC,GOCOLORS,GODFRYPHLP,GODIGIT,GODREJAGRO,GODREJCP,GODREJIND,GODREJPROP,GPIL,GPPL,GRANULES,GRAPHITE,GRASIM,GRINDWELL,GRINFRA,GSFC,GSPL,GUJALKALI,GUJGASLTD,GVT&D,HAL,HAPPSTMNDS,HATHWAY,HATSUN,HAVELLS,HBLENGINE,HCLTECH,HDFC,HDFCAMC,HDFCBANK,HDFCLIFE,HEG,HEMIPROP,HEROMOTOCO,HFCL,HINDALCO,HINDCOPPER,HINDPETRO,HINDUNILVR,HINDZINC,HLEGLAS,HOMEFIRST,HONAUT,HUDCO,ICICIBANK,ICICIGI,ICICIPRULI,ICIL,IDBI,IDEA,IDFC,IDFCFIRSTB,IEX,IFCI,IGL,IIFL,INDGN,INDHOTEL,INDIACEM,INDIAMART,INDIANB,INDIGO,INDOCO,INDUSINDBK,INDUSTOWER,INFIBEAM,INFY,INOXINDIA,INOXLEISUR,INTELLECT,IOB,IOC,IPCALAB,IRB,IRCON,IRCTC,IREDA,IRFC,ITC,ITI,JAMNAAUTO,JBCHEPHARM,JINDALSAW,JINDALSTEL,JKCEMENT,JKLAKSHMI,JKTYRE,JMFINANCIL,JPPOWER,JSL,JSLHISAR,JSWDULUX,JSWENERGY,JSWSTEEL,JUBLFOOD,JUBLINGREA,JUBLPHARMA,JUSTDIAL,JYOTHYLAB,JYOTICNC,KAJARIACER,KALYANKJIL,KANSAINER,KARURVYSYA,KAYNES,KEC,KEI,KIMS,KIRLFER,KIRLOSBROS,KIRLOSENG,KNRCON,KOTAKBANK,KPIL,KPITTECH,KPRMILL,LALPATHLAB,LATENTVIEW,LAURUSLABS,LAXMIMACH,LICHSGFIN,LINDEINDIA,LODHA,LT,LTF,LTM,LTTS,LUPIN,LUXIND,M&M,M&MFIN,MAHABANK,MANAPPURAM,MAPMYINDIA,MARICO,MARUTI,MASTEK,MAXHEALTH,MAZDOCK,MCX,METROBRAND,METROPOLIS,MFSL,MGL,MINDACORP,MINDTREE,MMTC,MOIL,MOTILALOFS,MPHASIS,MRF,MRPL,MUTHOOTFIN,NAM-INDIA,NATCOPHARM,NATIONALUM,NAUKRI,NAVINFLUOR,NAZARA,NBCC,NCC,NESCO,NESTLEIND,NETWEB,NETWORK18,NEWGEN,NH,NHPC,NIACL,NLCINDIA,NMDC,NTPC,NUVOCO,NYKAA,OBEROIRLTY,OFSS,OIL,ONGC,ORIENTELEC,PAGEIND,PAYTM,PCBL,PEL,PERSISTENT,PETRONET,PFC,PFIZER,PGHH,PGHL,PHOENIXLTD,PIDILITIND,PIIND,PNB,PNBHOUSING,PNCINFRA,POLICYBZR,POLYCAB,POLYMED,POLYPLEX,POONAWALLA,POWERGRID,POWERINDIA,PRAJIND,PRESTIGE,PRIVISCL,PTCIL,PVRINOX,QUESS,RADICO,RAILTEL,RAIN,RAJESHEXPO,RALLIS,RAMCOCEM,RATNAMANI,RAYMONDLSL,RBLBANK,RCF,RECLTD,REDINGTON,RELAXO,RELIANCE,RENUKA,RHIM,RITES,ROSSARI,ROUTE,RTNINDIA,RVNL,SAIL,SAMMAANCAP,SANOFI,SAPPHIRE,SAREGAMA,SBICARD,SBILIFE,SBIN,SCHAEFFLER,SCI,SEQUENT,SFL,SHILPAMED,SHREECEM,SHRIRAMCIT,SHRIRAMFIN,SHYAMMETL,SIEMENS,SIS,SJVN,SKFINDIA,SOBHA,SOLARA,SOLARINDS,SONACOMS,SONATSOFTW,SPARC,SPICEJET,SRF,STAR,STARHEALTH,SUDARSCHEM,SUMICHEM,SUNDARMFIN,SUNDRMFAST,SUNPHARMA,SUNTV,SUPPETRO,SUPRAJIT,SUPREMEIND,SUZLON,SWANCORP,SWSOLAR,SYMPHONY,SYNGENE,SYRMA,TANLA,TATACHEM,TATACOFFEE,TATACOMM,TATACONSUM,TATAELXSI,TATAINVEST,TATAMTRDVR,TATAPOWER,TATASTEEL,TATASTLLP,TBOTEK,TCS,TEAMLEASE,TECHM,TECHNOE,THERMAX,THYROCARE,TIINDIA,TIMKEN,TITAN,TMPV,TORNTPHARM,TORNTPOWER,TRENT,TRIDENT,TRITURBINE,TTKPRESTIG,TTML,TV18BRDCST,TVSMOTOR,UBL,UCOBANK,UJJIVANSFB,ULTRACEMCO,UNIONBANK,UNITDSPR,UNOMINDA,UPL,USHAMART,UTIAMC,VAKRANGEE,VARROC,VBL,VEDL,VENKEYS,VGUARD,VIJAYA,VINATIORGA,VIPIND,VMART,VOLTAS,VTL,WELCORP,WELSPUNLIV,WESTLIFE,WHIRLPOOL,WIPRO,WOCKPHARMA,YESBANK,ZEEL,ZENSARTECH,ZFCVINDIA,ZYDUSLIFE,ZYDUSWELL"
2014-05-31,"360ONE,3MINDIA,AADHARHFC,AARTIDRUGS,AARTIIND,AAVAS,ABB,ABBOTINDIA,ABCAPITAL,ABFRL,ABREL,ABSLAMC,ACC,ADANIENSOL,ADANIENT,ADANIGREEN,ADANIPORTS,ADVENZYMES,AEGISLOG,AFFLE,AIAENG,AJANTPHARM,ALKEM,ALKYLAMINE,ALLCARGO,ALOKINDS,AMBER,AMBUJACEM,ANANTRAJ,ANGELONE,APLAPOLLO,APLLTD,APOLLOHOSP,APOLLOTYRE,APTUS,ARE&M,ASAHIINDIA,ASHOKLEY,ASIANPAINT,ASTERDM,ASTRAL,ASTRAZEN,ATGL,ATUL,AUBANK,AUROPHARMA,AVANTIFEED,AXISBANK,BAJAJ-AUTO,BAJAJELEC,BAJAJFINSV,BAJAJHLDNG,BAJFINANCE,BALAMINES,BALKRISIND,BALRAMCHIN,BANDHANBNK,BANKBARODA,BANKINDIA,BASF,BATAINDIA,BAYERCROP,BBTC,BCG,BDL,BEL,BEML,BERGEPAINT,BHARATFORG,BHARTIARTL,BHARTIHEXA,BHEL,BIOCON,BIRLACORPN,BLUEDART,BLUESTARCO,BOSCHLTD,BPCL,BRIGADE,BRITANNIA,BSE,BSOFT,CAMS,CANBK,CANFINHOME,CAPLIPOINT,CARBORUNIV,CASTROLIND,CCL,CDSL,CEATLTD,CENTRALBK,CENTURYPLY,CERA,CESC,CGPOWER,CHALET,CHAMBLFERT,CHEMPLASTS,CHOLAFIN,CHOLAHLDNG,CIEINDIA,CIPLA,CLEAN,COALINDIA,COCHINSHIP,COFORGE,COHANCE,COLPAL,CONCOR,COROMANDEL,CREDITACC,CRISIL,CROMPTON,CUB,CUMMINSIND,CYIENT,DABUR,DALBHARAT,DBL,DBREALTY,DEEPAKNTR,DELTACORP,DEVYANI,DHANI,DIVISLAB,DIXON,DLF,DMART,DRREDDY,DUMMYHEG,EASEMYTRIP,ECLERX,EDELWEISS,EICHERMOT,EIDPARRY,EIHOTEL,ELGIEQUIP,EMAMILTD,ENDURANCE,ENGINERSIN,EPIGRAL,EQUITAS,EQUITASBNK,ERIS,ESCORTS,ETERNAL,EXIDEIND,FACT,FEDERALBNK,FINCABLES,FINEORG,FINPIPE,FLUOROCHEM,FORTIS,FSL,GAEL,GAIL,GALAXYSURF,GESHIP,GICRE,GILLETTE,GLAND,GLAXO,GLENMARK,GLS,GMRAIRPORT,GNFC,GOCOLORS,GODFRYPHLP,GODIGIT,GODREJAGRO,GODREJCP,GODREJIND,GODREJPROP,GPIL,GPPL,GRANULES,GRAPHITE,GRASIM,GRINDWELL,GRINFRA,GSFC,GSPL,GUJALKALI,GUJGASLTD,GVT&D,HAL,HAPPSTMNDS,HATHWAY,HATSUN,HAVELLS,HBLENGINE,HCLTECH,HDFC,HDFCAMC,HDFCBANK,HDFCLIFE,HEG,HEMIPROP,HEROMOTOCO,HFCL,HINDALCO,HINDCOPPER,HINDPETRO,HINDUNILVR,HINDZINC,HLEGLAS,HOMEFIRST,HONAUT,HUDCO,ICICIBANK,ICICIGI,ICICIPRULI,ICIL,IDBI,IDEA,IDFC,IDFCFIRSTB,IEX,IFCI,IGL,IIFL,INDGN,INDHOTEL,INDIACEM,INDIAMART,INDIANB,INDIGO,INDOCO,INDUSINDBK,INDUSTOWER,INFIBEAM,INFY,INOXINDIA,INOXLEISUR,INTELLECT,IOB,IOC,IPCALAB,IRB,IRCON,IRCTC,IREDA,IRFC,ITC,ITI,JAMNAAUTO,JBCHEPHARM,JINDALSAW,JINDALSTEL,JKCEMENT,JKLAKSHMI,JKTYRE,JMFINANCIL,JPPOWER,JSL,JSLHISAR,JSWDULUX,JSWENERGY,JSWSTEEL,JUBLFOOD,JUBLINGREA,JUBLPHARMA,JUSTDIAL,JYOTHYLAB,JYOTICNC,KAJARIACER,KALYANKJIL,KANSAINER,KARURVYSYA,KAYNES,KEC,KEI,KIMS,KIRLFER,KIRLOSBROS,KIRLOSENG,KNRCON,KOTAKBANK,KPIL,KPITTECH,KPRMILL,LALPATHLAB,LATENTVIEW,LAURUSLABS,LAXMIMACH,LICHSGFIN,LINDEINDIA,LODHA,LT,LTF,LTM,LTTS,LUPIN,LUXIND,M&M,M&MFIN,MAHABANK,MANAPPURAM,MAPMYINDIA,MARICO,MARUTI,MASTEK,MAXHEALTH,MAZDOCK,MCX,METROBRAND,METROPOLIS,MFSL,MGL,MINDACORP,MINDTREE,MMTC,MOIL,MOTILALOFS,MPHASIS,MRF,MRPL,MUTHOOTFIN,NAM-INDIA,NATCOPHARM,NATIONALUM,NAUKRI,NAVINFLUOR,NAZARA,NBCC,NCC,NESCO,NESTLEIND,NETWEB,NETWORK18,NEWGEN,NH,NHPC,NIACL,NLCINDIA,NMDC,NTPC,NUVOCO,NYKAA,OBEROIRLTY,OFSS,OIL,ONGC,ORIENTELEC,PAGEIND,PAYTM,PCBL,PEL,PERSISTENT,PETRONET,PFC,PFIZER,PGHH,PGHL,PHOENIXLTD,PIDILITIND,PIIND,PNB,PNBHOUSING,PNCINFRA,POLICYBZR,POLYCAB,POLYMED,POLYPLEX,POONAWALLA,POWERGRID,POWERINDIA,PRAJIND,PRESTIGE,PRIVISCL,PTCIL,PVRINOX,QUESS,RADICO,RAILTEL,RAIN,RAJESHEXPO,RALLIS,RAMCOCEM,RATNAMANI,RAYMONDLSL,RBLBANK,RCF,RECLTD,REDINGTON,RELAXO,RELIANCE,RENUKA,RHIM,RITES,ROSSARI,ROUTE,RTNINDIA,RVNL,SAIL,SAMMAANCAP,SANOFI,SAPPHIRE,SAREGAMA,SBICARD,SBILIFE,SBIN,SCHAEFFLER,SCI,SEQUENT,SFL,SHILPAMED,SHREECEM,SHRIRAMCIT,SHRIRAMFIN,SHYAMMETL,SIEMENS,SIS,SJVN,SKFINDIA,SOBHA,SOLARA,SOLARINDS,SONACOMS,SONATSOFTW,SPARC,SPICEJET,SRF,STAR,STARHEALTH,SUDARSCHEM,SUMICHEM,SUNDARMFIN,SUNDRMFAST,SUNPHARMA,SUNTV,SUPPETRO,SUPRAJIT,SUPREMEIND,SUZLON,SWANCORP,SWSOLAR,SYMPHONY,SYNGENE,SYRMA,TANLA,TATACHEM,TATACOFFEE,TATACOMM,TATACONSUM,TATAELXSI,TATAINVEST,TATAMTRDVR,TATAPOWER,TATASTEEL,TATASTLLP,TBOTEK,TCS,TEAMLEASE,TECHM,TECHNOE,THERMAX,THYROCARE,TIINDIA,TIMKEN,TITAN,TMPV,TORNTPHARM,TORNTPOWER,TRENT,TRIDENT,TRITURBINE,TTKPRESTIG,TTML,TV18BRDCST,TVSMOTOR,UBL,UCOBANK,UJJIVANSFB,ULTRACEMCO,UNIONBANK,UNITDSPR,UNOMINDA,UPL,USHAMART,UTIAMC,VAKRANGEE,VARROC,VBL,VEDL,VENKEYS,VGUARD,VIJAYA,VINATIORGA,VIPIND,VMART,VOLTAS,VTL,WELCORP,WELSPUNLIV,WESTLIFE,WHIRLPOOL,WIPRO,WOCKPHARMA,YESBANK,ZEEL,ZENSARTECH,ZFCVINDIA,ZYDUSLIFE,ZYDUSWELL"
2014-06-30,"360ONE,3MINDIA,AADHARHFC,AARTIDRUGS,AARTIIND,AAVAS,ABB,ABBOTINDIA,ABCAPITAL,ABFRL,ABREL,ABSLAMC,ACC,ADANIENSOL,ADANIENT,ADANIGREEN,ADANIPORTS,ADVENZYMES,AEGISLOG,AFFLE,AIAENG,AJANTPHARM,ALKEM,ALKYLAMINE,ALLCARGO,ALOKINDS,AMBER,AMBUJACEM,ANANTRAJ,ANGELONE,APLAPOLLO,APLLTD,APOLLOHOSP,APOLLOTYRE,APTUS,ARE&M,ASAHIINDIA,ASHOKLEY,ASIANPAINT,ASTERDM,ASTRAL,ASTRAZEN,ATGL,ATUL,AUBANK,AUROPHARMA,AVANTIFEED,AXISBANK,BAJAJ-AUTO,BAJAJELEC,BAJAJFINSV,BAJAJHLDNG,BAJFINANCE,BALAMINES,BALKRISIND,BALRAMCHIN,BANDHANBNK,BANKBARODA,BANKINDIA,BASF,BATAINDIA,BAYERCROP,BBTC,BCG,BDL,BEL,BEML,BERGEPAINT,BHARATFORG,BHARTIARTL,BHARTIHEXA,BHEL,BIOCON,BIRLACORPN,BLUEDART,BLUESTARCO,BOSCHLTD,BPCL,BRIGADE,BRITANNIA,BSE,BSOFT,CAMS,CANBK,CANFINHOME,CAPLIPOINT,CARBORUNIV,CASTROLIND,CCL,CDSL,CEATLTD,CENTRALBK,CENTURYPLY,CERA,CESC,CGPOWER,CHALET,CHAMBLFERT,CHEMPLASTS,CHOLAFIN,CHOLAHLDNG,CIEINDIA,CIPLA,CLEAN,COALINDIA,COCHINSHIP,COFORGE,COHANCE,COLPAL,CONCOR,COROMANDEL,CREDITACC,CRISIL,CROMPTON,CUB,CUMMINSIND,CYIENT,DABUR,DALBHARAT,DBL,DBREALTY,DEEPAKNTR,DELTACORP,DEVYANI,DHANI,DIVISLAB,DIXON,DLF,DMART,DRREDDY,DUMMYHEG,EASEMYTRIP,ECLERX,EDELWEISS,EICHERMOT,EIDPARRY,EIHOTEL,ELGIEQUIP,EMAMILTD,ENDURANCE,ENGINERSIN,EPIGRAL,EQUITAS,EQUITASBNK,ERIS,ESCORTS,ETERNAL,EXIDEIND,FACT,FEDERALBNK,FINCABLES,FINEORG,FINPIPE,FLUOROCHEM,FORTIS,FSL,GAEL,GAIL,GALAXYSURF,GESHIP,GICRE,GILLETTE,GLAND,GLAXO,GLENMARK,GLS,GMRAIRPORT,GNFC,GOCOLORS,GODFRYPHLP,GODIGIT,GODREJAGRO,GODREJCP,GODREJIND,GODREJPROP,GPIL,GPPL,GRANULES,GRAPHITE,GRASIM,GRINDWELL,GRINFRA,GSFC,GSPL,GUJALKALI,GUJGASLTD,GVT&D,HAL,HAPPSTMNDS,HATHWAY,HATSUN,HAVELLS,HBLENGINE,HCLTECH,HDFC,HDFCAMC,HDFCBANK,HDFCLIFE,HEG,HEMIPROP,HEROMOTOCO,HFCL,HINDALCO,HINDCOPPER,HINDPETRO,HINDUNILVR,HINDZINC,HLEGLAS,HOMEFIRST,HONAUT,HUDCO,ICICIBANK,ICICIGI,ICICIPRULI,ICIL,IDBI,IDEA,IDFC,IDFCFIRSTB,IEX,IFCI,IGL,IIFL,INDGN,INDHOTEL,INDIACEM,INDIAMART,INDIANB,INDIGO,INDOCO,INDUSINDBK,INDUSTOWER,INFIBEAM,INFY,INOXINDIA,INOXLEISUR,INTELLECT,IOB,IOC,IPCALAB,IRB,IRCON,IRCTC,IREDA,IRFC,ITC,ITI,JAMNAAUTO,JBCHEPHARM,JINDALSAW,JINDALSTEL,JKCEMENT,JKLAKSHMI,JKTYRE,JMFINANCIL,JPPOWER,JSL,JSLHISAR,JSWDULUX,JSWENERGY,JSWSTEEL,JUBLFOOD,JUBLINGREA,JUBLPHARMA,JUSTDIAL,JYOTHYLAB,JYOTICNC,KAJARIACER,KALYANKJIL,KANSAINER,KARURVYSYA,KAYNES,KEC,KEI,KIMS,KIRLFER,KIRLOSBROS,KIRLOSENG,KNRCON,KOTAKBANK,KPIL,KPITTECH,KPRMILL,LALPATHLAB,LATENTVIEW,LAURUSLABS,LAXMIMACH,LICHSGFIN,LINDEINDIA,LODHA,LT,LTF,LTM,LTTS,LUPIN,LUXIND,M&M,M&MFIN,MAHABANK,MANAPPURAM,MAPMYINDIA,MARICO,MARUTI,MASTEK,MAXHEALTH,MAZDOCK,MCX,METROBRAND,METROPOLIS,MFSL,MGL,MINDACORP,MINDTREE,MMTC,MOIL,MOTILALOFS,MPHASIS,MRF,MRPL,MUTHOOTFIN,NAM-INDIA,NATCOPHARM,NATIONALUM,NAUKRI,NAVINFLUOR,NAZARA,NBCC,NCC,NESCO,NESTLEIND,NETWEB,NETWORK18,NEWGEN,NH,NHPC,NIACL,NLCINDIA,NMDC,NTPC,NUVOCO,NYKAA,OBEROIRLTY,OFSS,OIL,ONGC,ORIENTELEC,PAGEIND,PAYTM,PCBL,PEL,PERSISTENT,PETRONET,PFC,PFIZER,PGHH,PGHL,PHOENIXLTD,PIDILITIND,PIIND,PNB,PNBHOUSING,PNCINFRA,POLICYBZR,POLYCAB,POLYMED,POLYPLEX,POONAWALLA,POWERGRID,POWERINDIA,PRAJIND,PRESTIGE,PRIVISCL,PTCIL,PVRINOX,QUESS,RADICO,RAILTEL,RAIN,RAJESHEXPO,RALLIS,RAMCOCEM,RATNAMANI,RAYMONDLSL,RBLBANK,RCF,RECLTD,REDINGTON,RELAXO,RELIANCE,RENUKA,RHIM,RITES,ROSSARI,ROUTE,RTNINDIA,RVNL,SAIL,SAMMAANCAP,SANOFI,SAPPHIRE,SAREGAMA,SBICARD,SBILIFE,SBIN,SCHAEFFLER,SCI,SEQUENT,SFL,SHILPAMED,SHREECEM,SHRIRAMCIT,SHRIRAMFIN,SHYAMMETL,SIEMENS,SIS,SJVN,SKFINDIA,SOBHA,SOLARA,SOLARINDS,SONACOMS,SONATSOFTW,SPARC,SPICEJET,SRF,STAR,STARHEALTH,SUDARSCHEM,SUMICHEM,SUNDARMFIN,SUNDRMFAST,SUNPHARMA,SUNTV,SUPPETRO,SUPRAJIT,SUPREMEIND,SUZLON,SWANCORP,SWSOLAR,SYMPHONY,SYNGENE,SYRMA,TANLA,TATACHEM,TATACOFFEE,TATACOMM,TATACONSUM,TATAELXSI,TATAINVEST,TATAMTRDVR,TATAPOWER,TATASTEEL,TATASTLLP,TBOTEK,TCS,TEAMLEASE,TECHM,TECHNOE,THERMAX,THYROCARE,TIINDIA,TIMKEN,TITAN,TMPV,TORNTPHARM,TORNTPOWER,TRENT,TRIDENT,TRITURBINE,TTKPRESTIG,TTML,TV18BRDCST,TVSMOTOR,UBL,UCOBANK,UJJIVANSFB,ULTRACEMCO,UNIONBANK,UNITDSPR,UNOMINDA,UPL,USHAMART,UTIAMC,VAKRANGEE,VARROC,VBL,VEDL,VENKEYS,VGUARD,VIJAYA,VINATIORGA,VIPIND,VMART,VOLTAS,VTL,WELCORP,WELSPUNLIV,WESTLIFE,WHIRLPOOL,WIPRO,WOCKPHARMA,YESBANK,ZEEL,ZENSARTECH,ZFCVINDIA,ZYDUSLIFE,ZYDUSWELL"
2014-07-31,"360ONE,3MINDIA,AADHARHFC,AARTIDRUGS,AARTIIND,AAVAS,ABB,ABBOTINDIA,ABCAPITAL,ABFRL,ABREL,ABSLAMC,ACC,ADANIENSOL,ADANIENT,ADANIGREEN,ADANIPORTS,ADVENZYMES,AEGISLOG,AFFLE,AIAENG,AJANTPHARM,ALKEM,ALKYLAMINE,ALLCARGO,ALOKINDS,AMBER,AMBUJACEM,ANANTRAJ,ANGELONE,APLAPOLLO,APLLTD,APOLLOHOSP,APOLLOTYRE,APTUS,ARE&M,ASAHIINDIA,ASHOKLEY,ASIANPAINT,ASTERDM,ASTRAL,ASTRAZEN,ATGL,ATUL,AUBANK,AUROPHARMA,AVANTIFEED,AXISBANK,BAJAJ-AUTO,BAJAJELEC,BAJAJFINSV,BAJAJHLDNG,BAJFINANCE,BALAMINES,BALKRISIND,BALRAMCHIN,BANDHANBNK,BANKBARODA,BANKINDIA,BASF,BATAINDIA,BAYERCROP,BBTC,BCG,BDL,BEL,BEML,BERGEPAINT,BHARATFORG,BHARTIARTL,BHARTIHEXA,BHEL,BIOCON,BIRLACORPN,BLUEDART,BLUESTARCO,BOSCHLTD,BPCL,BRIGADE,BRITANNIA,BSE,BSOFT,CAMS,CANBK,CANFINHOME,CAPLIPOINT,CARBORUNIV,CASTROLIND,CCL,CDSL,CEATLTD,CENTRALBK,CENTURYPLY,CERA,CESC,CGPOWER,CHALET,CHAMBLFERT,CHEMPLASTS,CHOLAFIN,CHOLAHLDNG,CIEINDIA,CIPLA,CLEAN,COALINDIA,COCHINSHIP,COFORGE,COHANCE,COLPAL,CONCOR,COROMANDEL,CREDITACC,CRISIL,CROMPTON,CUB,CUMMINSIND,CYIENT,DABUR,DALBHARAT,DBL,DBREALTY,DEEPAKNTR,DELTACORP,DEVYANI,DHANI,DIVISLAB,DIXON,DLF,DMART,DRREDDY,DUMMYHEG,EASEMYTRIP,ECLERX,EDELWEISS,EICHERMOT,EIDPARRY,EIHOTEL,ELGIEQUIP,EMAMILTD,ENDURANCE,ENGINERSIN,EPIGRAL,EQUITAS,EQUITASBNK,ERIS,ESCORTS,ETERNAL,EXIDEIND,FACT,FEDERALBNK,FINCABLES,FINEORG,FINPIPE,FLUOROCHEM,FORTIS,FSL,GAEL,GAIL,GALAXYSURF,GESHIP,GICRE,GILLETTE,GLAND,GLAXO,GLENMARK,GLS,GMRAIRPORT,GNFC,GOCOLORS,GODFRYPHLP,GODIGIT,GODREJAGRO,GODREJCP,GODREJIND,GODREJPROP,GPIL,GPPL,GRANULES,GRAPHITE,GRASIM,GRINDWELL,GRINFRA,GSFC,GSPL,GUJALKALI,GUJGASLTD,GVT&D,HAL,HAPPSTMNDS,HATHWAY,HATSUN,HAVELLS,HBLENGINE,HCLTECH,HDFC,HDFCAMC,HDFCBANK,HDFCLIFE,HEG,HEMIPROP,HEROMOTOCO,HFCL,HINDALCO,HINDCOPPER,HINDPETRO,HINDUNILVR,HINDZINC,HLEGLAS,HOMEFIRST,HONAUT,HUDCO,ICICIBANK,ICICIGI,ICICIPRULI,ICIL,IDBI,IDEA,IDFC,IDFCFIRSTB,IEX,IFCI,IGL,IIFL,INDGN,INDHOTEL,INDIACEM,INDIAMART,INDIANB,INDIGO,INDOCO,INDUSINDBK,INDUSTOWER,INFIBEAM,INFY,INOXINDIA,INOXLEISUR,INTELLECT,IOB,IOC,IPCALAB,IRB,IRCON,IRCTC,IREDA,IRFC,ITC,ITI,JAMNAAUTO,JBCHEPHARM,JINDALSAW,JINDALSTEL,JKCEMENT,JKLAKSHMI,JKTYRE,JMFINANCIL,JPPOWER,JSL,JSLHISAR,JSWDULUX,JSWENERGY,JSWSTEEL,JUBLFOOD,JUBLINGREA,JUBLPHARMA,JUSTDIAL,JYOTHYLAB,JYOTICNC,KAJARIACER,KALYANKJIL,KANSAINER,KARURVYSYA,KAYNES,KEC,KEI,KIMS,KIRLFER,KIRLOSBROS,KIRLOSENG,KNRCON,KOTAKBANK,KPIL,KPITTECH,KPRMILL,LALPATHLAB,LATENTVIEW,LAURUSLABS,LAXMIMACH,LICHSGFIN,LINDEINDIA,LODHA,LT,LTF,LTM,LTTS,LUPIN,LUXIND,M&M,M&MFIN,MAHABANK,MANAPPURAM,MAPMYINDIA,MARICO,MARUTI,MASTEK,MAXHEALTH,MAZDOCK,MCX,METROBRAND,METROPOLIS,MFSL,MGL,MINDACORP,MINDTREE,MMTC,MOIL,MOTILALOFS,MPHASIS,MRF,MRPL,MUTHOOTFIN,NAM-INDIA,NATCOPHARM,NATIONALUM,NAUKRI,NAVINFLUOR,NAZARA,NBCC,NCC,NESCO,NESTLEIND,NETWEB,NETWORK18,NEWGEN,NH,NHPC,NIACL,NLCINDIA,NMDC,NTPC,NUVOCO,NYKAA,OBEROIRLTY,OFSS,OIL,ONGC,ORIENTELEC,PAGEIND,PAYTM,PCBL,PEL,PERSISTENT,PETRONET,PFC,PFIZER,PGHH,PGHL,PHOENIXLTD,PIDILITIND,PIIND,PNB,PNBHOUSING,PNCINFRA,POLICYBZR,POLYCAB,POLYMED,POLYPLEX,POONAWALLA,POWERGRID,POWERINDIA,PRAJIND,PRESTIGE,PRIVISCL,PTCIL,PVRINOX,QUESS,RADICO,RAILTEL,RAIN,RAJESHEXPO,RALLIS,RAMCOCEM,RATNAMANI,RAYMONDLSL,RBLBANK,RCF,RECLTD,REDINGTON,RELAXO,RELIANCE,RENUKA,RHIM,RITES,ROSSARI,ROUTE,RTNINDIA,RVNL,SAIL,SAMMAANCAP,SANOFI,SAPPHIRE,SAREGAMA,SBICARD,SBILIFE,SBIN,SCHAEFFLER,SCI,SEQUENT,SFL,SHILPAMED,SHREECEM,SHRIRAMCIT,SHRIRAMFIN,SHYAMMETL,SIEMENS,SIS,SJVN,SKFINDIA,SOBHA,SOLARA,SOLARINDS,SONACOMS,SONATSOFTW,SPARC,SPICEJET,SRF,STAR,STARHEALTH,SUDARSCHEM,SUMICHEM,SUNDARMFIN,SUNDRMFAST,SUNPHARMA,SUNTV,SUPPETRO,SUPRAJIT,SUPREMEIND,SUZLON,SWANCORP,SWSOLAR,SYMPHONY,SYNGENE,SYRMA,TANLA,TATACHEM,TATACOFFEE,TATACOMM,TATACONSUM,TATAELXSI,TATAINVEST,TATAMTRDVR,TATAPOWER,TATASTEEL,TATASTLLP,TBOTEK,TCS,TEAMLEASE,TECHM,TECHNOE,THERMAX,THYROCARE,TIINDIA,TIMKEN,TITAN,TMPV,TORNTPHARM,TORNTPOWER,TRENT,TRIDENT,TRITURBINE,TTKPRESTIG,TTML,TV18BRDCST,TVSMOTOR,UBL,UCOBANK,UJJIVANSFB,ULTRACEMCO,UNIONBANK,UNITDSPR,UNOMINDA,UPL,USHAMART,UTIAMC,VAKRANGEE,VARROC,VBL,VEDL,VENKEYS,VGUARD,VIJAYA,VINATIORGA,VIPIND,VMART,VOLTAS,VTL,WELCORP,WELSPUNLIV,WESTLIFE,WHIRLPOOL,WIPRO,WOCKPHARMA,YESBANK,ZEEL,ZENSARTECH,ZFCVINDIA,ZYDUSLIFE,ZYDUSWELL"
2014-08-31,"360ONE,3MINDIA,AADHARHFC,AARTIDRUGS,AARTIIND,AAVAS,ABB,ABBOTINDIA,ABCAPITAL,ABFRL,ABREL,ABSLAMC,ACC,ADANIENSOL,ADANIENT,ADANIGREEN,ADANIPORTS,ADVENZYMES,AEGISLOG,AFFLE,AIAENG,AJANTPHARM,ALKEM,ALKYLAMINE,ALLCARGO,ALOKINDS,AMBER,AMBUJACEM,ANANTRAJ,ANGELONE,APLAPOLLO,APLLTD,APOLLOHOSP,APOLLOTYRE,APTUS,ARE&M,ASAHIINDIA,ASHOKLEY,ASIANPAINT,ASTERDM,ASTRAL,ASTRAZEN,ATGL,ATUL,AUBANK,AUROPHARMA,AVANTIFEED,AXISBANK,BAJAJ-AUTO,BAJAJELEC,BAJAJFINSV,BAJAJHLDNG,BAJFINANCE,BALAMINES,BALKRISIND,BALRAMCHIN,BANDHANBNK,BANKBARODA,BANKINDIA,BASF,BATAINDIA,BAYERCROP,BBTC,BCG,BDL,BEL,BEML,BERGEPAINT,BHARATFORG,BHARTIARTL,BHARTIHEXA,BHEL,BIOCON,BIRLACORPN,BLUEDART,BLUESTARCO,BOSCHLTD,BPCL,BRIGADE,BRITANNIA,BSE,BSOFT,CAMS,CANBK,CANFINHOME,CAPLIPOINT,CARBORUNIV,CASTROLIND,CCL,CDSL,CEATLTD,CENTRALBK,CENTURYPLY,CERA,CESC,CGPOWER,CHALET,CHAMBLFERT,CHEMPLASTS,CHOLAFIN,CHOLAHLDNG,CIEINDIA,CIPLA,CLEAN,COALINDIA,COCHINSHIP,COFORGE,COHANCE,COLPAL,CONCOR,COROMANDEL,CREDITACC,CRISIL,CROMPTON,CUB,CUMMINSIND,CYIENT,DABUR,DALBHARAT,DBL,DBREALTY,DEEPAKNTR,DELTACORP,DEVYANI,DHANI,DIVISLAB,DIXON,DLF,DMART,DRREDDY,DUMMYHEG,EASEMYTRIP,ECLERX,EDELWEISS,EICHERMOT,EIDPARRY,EIHOTEL,ELGIEQUIP,EMAMILTD,ENDURANCE,ENGINERSIN,EPIGRAL,EQUITAS,EQUITASBNK,ERIS,ESCORTS,ETERNAL,EXIDEIND,FACT,FEDERALBNK,FINCABLES,FINEORG,FINPIPE,FLUOROCHEM,FORTIS,FSL,GAEL,GAIL,GALAXYSURF,GESHIP,GICRE,GILLETTE,GLAND,GLAXO,GLENMARK,GLS,GMRAIRPORT,GNFC,GOCOLORS,GODFRYPHLP,GODIGIT,GODREJAGRO,GODREJCP,GODREJIND,GODREJPROP,GPIL,GPPL,GRANULES,GRAPHITE,GRASIM,GRINDWELL,GRINFRA,GSFC,GSPL,GUJALKALI,GUJGASLTD,GVT&D,HAL,HAPPSTMNDS,HATHWAY,HATSUN,HAVELLS,HBLENGINE,HCLTECH,HDFC,HDFCAMC,HDFCBANK,HDFCLIFE,HEG,HEMIPROP,HEROMOTOCO,HFCL,HINDALCO,HINDCOPPER,HINDPETRO,HINDUNILVR,HINDZINC,HLEGLAS,HOMEFIRST,HONAUT,HUDCO,ICICIBANK,ICICIGI,ICICIPRULI,ICIL,IDBI,IDEA,IDFC,IDFCFIRSTB,IEX,IFCI,IGL,IIFL,INDGN,INDHOTEL,INDIACEM,INDIAMART,INDIANB,INDIGO,INDOCO,INDUSINDBK,INDUSTOWER,INFIBEAM,INFY,INOXINDIA,INOXLEISUR,INTELLECT,IOB,IOC,IPCALAB,IRB,IRCON,IRCTC,IREDA,IRFC,ITC,ITI,JAMNAAUTO,JBCHEPHARM,JINDALSAW,JINDALSTEL,JKCEMENT,JKLAKSHMI,JKTYRE,JMFINANCIL,JPPOWER,JSL,JSLHISAR,JSWDULUX,JSWENERGY,JSWSTEEL,JUBLFOOD,JUBLINGREA,JUBLPHARMA,JUSTDIAL,JYOTHYLAB,JYOTICNC,KAJARIACER,KALYANKJIL,KANSAINER,KARURVYSYA,KAYNES,KEC,KEI,KIMS,KIRLFER,KIRLOSBROS,KIRLOSENG,KNRCON,KOTAKBANK,KPIL,KPITTECH,KPRMILL,LALPATHLAB,LATENTVIEW,LAURUSLABS,LAXMIMACH,LICHSGFIN,LINDEINDIA,LODHA,LT,LTF,LTM,LTTS,LUPIN,LUXIND,M&M,M&MFIN,MAHABANK,MANAPPURAM,MAPMYINDIA,MARICO,MARUTI,MASTEK,MAXHEALTH,MAZDOCK,MCX,METROBRAND,METROPOLIS,MFSL,MGL,MINDACORP,MINDTREE,MMTC,MOIL,MOTILALOFS,MPHASIS,MRF,MRPL,MUTHOOTFIN,NAM-INDIA,NATCOPHARM,NATIONALUM,NAUKRI,NAVINFLUOR,NAZARA,NBCC,NCC,NESCO,NESTLEIND,NETWEB,NETWORK18,NEWGEN,NH,NHPC,NIACL,NLCINDIA,NMDC,NTPC,NUVOCO,NYKAA,OBEROIRLTY,OFSS,OIL,ONGC,ORIENTELEC,PAGEIND,PAYTM,PCBL,PEL,PERSISTENT,PETRONET,PFC,PFIZER,PGHH,PGHL,PHOENIXLTD,PIDILITIND,PIIND,PNB,PNBHOUSING,PNCINFRA,POLICYBZR,POLYCAB,POLYMED,POLYPLEX,POONAWALLA,POWERGRID,POWERINDIA,PRAJIND,PRESTIGE,PRIVISCL,PTCIL,PVRINOX,QUESS,RADICO,RAILTEL,RAIN,RAJESHEXPO,RALLIS,RAMCOCEM,RATNAMANI,RAYMONDLSL,RBLBANK,RCF,RECLTD,REDINGTON,RELAXO,RELIANCE,RENUKA,RHIM,RITES,ROSSARI,ROUTE,RTNINDIA,RVNL,SAIL,SAMMAANCAP,SANOFI,SAPPHIRE,SAREGAMA,SBICARD,SBILIFE,SBIN,SCHAEFFLER,SCI,SEQUENT,SFL,SHILPAMED,SHREECEM,SHRIRAMCIT,SHRIRAMFIN,SHYAMMETL,SIEMENS,SIS,SJVN,SKFINDIA,SOBHA,SOLARA,SOLARINDS,SONACOMS,SONATSOFTW,SPARC,SPICEJET,SRF,STAR,STARHEALTH,SUDARSCHEM,SUMICHEM,SUNDARMFIN,SUNDRMFAST,SUNPHARMA,SUNTV,SUPPETRO,SUPRAJIT,SUPREMEIND,SUZLON,SWANCORP,SWSOLAR,SYMPHONY,SYNGENE,SYRMA,TANLA,TATACHEM,TATACOFFEE,TATACOMM,TATACONSUM,TATAELXSI,TATAINVEST,TATAMTRDVR,TATAPOWER,TATASTEEL,TATASTLLP,TBOTEK,TCS,TEAMLEASE,TECHM,TECHNOE,THERMAX,THYROCARE,TIINDIA,TIMKEN,TITAN,TMPV,TORNTPHARM,TORNTPOWER,TRENT,TRIDENT,TRITURBINE,TTKPRESTIG,TTML,TV18BRDCST,TVSMOTOR,UBL,UCOBANK,UJJIVANSFB,ULTRACEMCO,UNIONBANK,UNITDSPR,UNOMINDA,UPL,USHAMART,UTIAMC,VAKRANGEE,VARROC,VBL,VEDL,VENKEYS,VGUARD,VIJAYA,VINATIORGA,VIPIND,VMART,VOLTAS,VTL,WELCORP,WELSPUNLIV,WESTLIFE,WHIRLPOOL,WIPRO,WOCKPHARMA,YESBANK,ZEEL,ZENSARTECH,ZFCVINDIA,ZYDUSLIFE,ZYDUSWELL"
2014-09-30,"360ONE,3MINDIA,AADHARHFC,AARTIDRUGS,AARTIIND,AAVAS,ABB,ABBOTINDIA,ABCAPITAL,ABFRL,ABREL,ABSLAMC,ACC,ADANIENSOL,ADANIENT,ADANIGREEN,ADANIPORTS,ADVENZYMES,AEGISLOG,AFFLE,AIAENG,AJANTPHARM,ALKEM,ALKYLAMINE,ALLCARGO,ALOKINDS,AMBER,AMBUJACEM,ANANTRAJ,ANGELONE,APLAPOLLO,APLLTD,APOLLOHOSP,APOLLOTYRE,APTUS,ARE&M,ASAHIINDIA,ASHOKLEY,ASIANPAINT,ASTERDM,ASTRAL,ASTRAZEN,ATGL,ATUL,AUBANK,AUROPHARMA,AVANTIFEED,AXISBANK,BAJAJ-AUTO,BAJAJELEC,BAJAJFINSV,BAJAJHLDNG,BAJFINANCE,BALAMINES,BALKRISIND,BALRAMCHIN,BANDHANBNK,BANKBARODA,BANKINDIA,BASF,BATAINDIA,BAYERCROP,BBTC,BCG,BDL,BEL,BEML,BERGEPAINT,BHARATFORG,BHARTIARTL,BHARTIHEXA,BHEL,BIOCON,BIRLACORPN,BLUEDART,BLUESTARCO,BOSCHLTD,BPCL,BRIGADE,BRITANNIA,BSE,BSOFT,CAMS,CANBK,CANFINHOME,CAPLIPOINT,CARBORUNIV,CASTROLIND,CCL,CDSL,CEATLTD,CENTRALBK,CENTURYPLY,CERA,CESC,CGPOWER,CHALET,CHAMBLFERT,CHEMPLASTS,CHOLAFIN,CHOLAHLDNG,CIEINDIA,CIPLA,CLEAN,COALINDIA,COCHINSHIP,COFORGE,COHANCE,COLPAL,CONCOR,COROMANDEL,CREDITACC,CRISIL,CROMPTON,CUB,CUMMINSIND,CYIENT,DABUR,DALBHARAT,DBL,DBREALTY,DEEPAKNTR,DELTACORP,DEVYANI,DHANI,DIVISLAB,DIXON,DLF,DMART,DRREDDY,DUMMYHEG,EASEMYTRIP,ECLERX,EDELWEISS,EICHERMOT,EIDPARRY,EIHOTEL,ELGIEQUIP,EMAMILTD,ENDURANCE,ENGINERSIN,EPIGRAL,EQUITAS,EQUITASBNK,ERIS,ESCORTS,ETERNAL,EXIDEIND,FACT,FEDERALBNK,FINCABLES,FINEORG,FINPIPE,FLUOROCHEM,FORTIS,FSL,GAEL,GAIL,GALAXYSURF,GESHIP,GICRE,GILLETTE,GLAND,GLAXO,GLENMARK,GLS,GMRAIRPORT,GNFC,GOCOLORS,GODFRYPHLP,GODIGIT,GODREJAGRO,GODREJCP,GODREJIND,GODREJPROP,GPIL,GPPL,GRANULES,GRAPHITE,GRASIM,GRINDWELL,GRINFRA,GSFC,GSPL,GUJALKALI,GUJGASLTD,GVT&D,HAL,HAPPSTMNDS,HATHWAY,HATSUN,HAVELLS,HBLENGINE,HCLTECH,HDFC,HDFCAMC,HDFCBANK,HDFCLIFE,HEG,HEMIPROP,HEROMOTOCO,HFCL,HINDALCO,HINDCOPPER,HINDPETRO,HINDUNILVR,HINDZINC,HLEGLAS,HOMEFIRST,HONAUT,HUDCO,ICICIBANK,ICICIGI,ICICIPRULI,ICIL,IDBI,IDEA,IDFC,IDFCFIRSTB,IEX,IFCI,IGL,IIFL,INDGN,INDHOTEL,INDIACEM,INDIAMART,INDIANB,INDIGO,INDOCO,INDUSINDBK,INDUSTOWER,INFIBEAM,INFY,INOXINDIA,INOXLEISUR,INTELLECT,IOB,IOC,IPCALAB,IRB,IRCON,IRCTC,IREDA,IRFC,ITC,ITI,JAMNAAUTO,JBCHEPHARM,JINDALSAW,JINDALSTEL,JKCEMENT,JKLAKSHMI,JKTYRE,JMFINANCIL,JPPOWER,JSL,JSLHISAR,JSWDULUX,JSWENERGY,JSWSTEEL,JUBLFOOD,JUBLINGREA,JUBLPHARMA,JUSTDIAL,JYOTHYLAB,JYOTICNC,KAJARIACER,KALYANKJIL,KANSAINER,KARURVYSYA,KAYNES,KEC,KEI,KIMS,KIRLFER,KIRLOSBROS,KIRLOSENG,KNRCON,KOTAKBANK,KPIL,KPITTECH,KPRMILL,LALPATHLAB,LATENTVIEW,LAURUSLABS,LAXMIMACH,LICHSGFIN,LINDEINDIA,LODHA,LT,LTF,LTM,LTTS,LUPIN,LUXIND,M&M,M&MFIN,MAHABANK,MANAPPURAM,MAPMYINDIA,MARICO,MARUTI,MASTEK,MAXHEALTH,MAZDOCK,MCX,METROBRAND,METROPOLIS,MFSL,MGL,MINDACORP,MINDTREE,MMTC,MOIL,MOTILALOFS,MPHASIS,MRF,MRPL,MUTHOOTFIN,NAM-INDIA,NATCOPHARM,NATIONALUM,NAUKRI,NAVINFLUOR,NAZARA,NBCC,NCC,NESCO,NESTLEIND,NETWEB,NETWORK18,NEWGEN,NH,NHPC,NIACL,NLCINDIA,NMDC,NTPC,NUVOCO,NYKAA,OBEROIRLTY,OFSS,OIL,ONGC,ORIENTELEC,PAGEIND,PAYTM,PCBL,PEL,PERSISTENT,PETRONET,PFC,PFIZER,PGHH,PGHL,PHOENIXLTD,PIDILITIND,PIIND,PNB,PNBHOUSING,PNCINFRA,POLICYBZR,POLYCAB,POLYMED,POLYPLEX,POONAWALLA,POWERGRID,POWERINDIA,PRAJIND,PRESTIGE,PRIVISCL,PTCIL,PVRINOX,QUESS,RADICO,RAILTEL,RAIN,RAJESHEXPO,RALLIS,RAMCOCEM,RATNAMANI,RAYMONDLSL,RBLBANK,RCF,RECLTD,REDINGTON,RELAXO,RELIANCE,RENUKA,RHIM,RITES,ROSSARI,ROUTE,RTNINDIA,RVNL,SAIL,SAMMAANCAP,SANOFI,SAPPHIRE,SAREGAMA,SBICARD,SBILIFE,SBIN,SCHAEFFLER,SCI,SEQUENT,SFL,SHILPAMED,SHREECEM,SHRIRAMCIT,SHRIRAMFIN,SHYAMMETL,SIEMENS,SIS,SJVN,SKFINDIA,SOBHA,SOLARA,SOLARINDS,SONACOMS,SONATSOFTW,SPARC,SPICEJET,SRF,STAR,STARHEALTH,SUDARSCHEM,SUMICHEM,SUNDARMFIN,SUNDRMFAST,SUNPHARMA,SUNTV,SUPPETRO,SUPRAJIT,SUPREMEIND,SUZLON,SWANCORP,SWSOLAR,SYMPHONY,SYNGENE,SYRMA,TANLA,TATACHEM,TATACOFFEE,TATACOMM,TATACONSUM,TATAELXSI,TATAINVEST,TATAMTRDVR,TATAPOWER,TATASTEEL,TATASTLLP,TBOTEK,TCS,TEAMLEASE,TECHM,TECHNOE,THERMAX,THYROCARE,TIINDIA,TIMKEN,TITAN,TMPV,TORNTPHARM,TORNTPOWER,TRENT,TRIDENT,TRITURBINE,TTKPRESTIG,TTML,TV18BRDCST,TVSMOTOR,UBL,UCOBANK,UJJIVANSFB,ULTRACEMCO,UNIONBANK,UNITDSPR,UNOMINDA,UPL,USHAMART,UTIAMC,VAKRANGEE,VARROC,VBL,VEDL,VENKEYS,VGUARD,VIJAYA,VINATIORGA,VIPIND,VMART,VOLTAS,VTL,WELCORP,WELSPUNLIV,WESTLIFE,WHIRLPOOL,WIPRO,WOCKPHARMA,YESBANK,ZEEL,ZENSARTECH,ZFCVINDIA,ZYDUSLIFE,ZYDUSWELL"
2014-10-31,"360ONE,3MINDIA,AADHARHFC,AARTIDRUGS,AARTIIND,AAVAS,ABB,ABBOTINDIA,ABCAPITAL,ABFRL,ABREL,ABSLAMC,ACC,ADANIENSOL,ADANIENT,ADANIGREEN,ADANIPORTS,ADVENZYMES,AEGISLOG,AFFLE,AIAENG,AJANTPHARM,ALKEM,ALKYLAMINE,ALLCARGO,ALOKINDS,AMBER,AMBUJACEM,ANANTRAJ,ANGELONE,APLAPOLLO,APLLTD,APOLLOHOSP,APOLLOTYRE,APTUS,ARE&M,ASAHIINDIA,ASHOKLEY,ASIANPAINT,ASTERDM,ASTRAL,ASTRAZEN,ATGL,ATUL,AUBANK,AUROPHARMA,AVANTIFEED,AXISBANK,BAJAJ-AUTO,BAJAJELEC,BAJAJFINSV,BAJAJHLDNG,BAJFINANCE,BALAMINES,BALKRISIND,BALRAMCHIN,BANDHANBNK,BANKBARODA,BANKINDIA,BASF,BATAINDIA,BAYERCROP,BBTC,BCG,BDL,BEL,BEML,BERGEPAINT,BHARATFORG,BHARTIARTL,BHARTIHEXA,BHEL,BIOCON,BIRLACORPN,BLUEDART,BLUESTARCO,BOSCHLTD,BPCL,BRIGADE,BRITANNIA,BSE,BSOFT,CAMS,CANBK,CANFINHOME,CAPLIPOINT,CARBORUNIV,CASTROLIND,CCL,CDSL,CEATLTD,CENTRALBK,CENTURYPLY,CERA,CESC,CGPOWER,CHALET,CHAMBLFERT,CHEMPLASTS,CHOLAFIN,CHOLAHLDNG,CIEINDIA,CIPLA,CLEAN,COALINDIA,COCHINSHIP,COFORGE,COHANCE,COLPAL,CONCOR,COROMANDEL,CREDITACC,CRISIL,CROMPTON,CUB,CUMMINSIND,CYIENT,DABUR,DALBHARAT,DBL,DBREALTY,DEEPAKNTR,DELTACORP,DEVYANI,DHANI,DIVISLAB,DIXON,DLF,DMART,DRREDDY,DUMMYHEG,EASEMYTRIP,ECLERX,EDELWEISS,EICHERMOT,EIDPARRY,EIHOTEL,ELGIEQUIP,EMAMILTD,ENDURANCE,ENGINERSIN,EPIGRAL,EQUITAS,EQUITASBNK,ERIS,ESCORTS,ETERNAL,EXIDEIND,FACT,FEDERALBNK,FINCABLES,FINEORG,FINPIPE,FLUOROCHEM,FORTIS,FSL,GAEL,GAIL,GALAXYSURF,GESHIP,GICRE,GILLETTE,GLAND,GLAXO,GLENMARK,GLS,GMRAIRPORT,GNFC,GOCOLORS,GODFRYPHLP,GODIGIT,GODREJAGRO,GODREJCP,GODREJIND,GODREJPROP,GPIL,GPPL,GRANULES,GRAPHITE,GRASIM,GRINDWELL,GRINFRA,GSFC,GSPL,GUJALKALI,GUJGASLTD,GVT&D,HAL,HAPPSTMNDS,HATHWAY,HATSUN,HAVELLS,HBLENGINE,HCLTECH,HDFC,HDFCAMC,HDFCBANK,HDFCLIFE,HEG,HEMIPROP,HEROMOTOCO,HFCL,HINDALCO,HINDCOPPER,HINDPETRO,HINDUNILVR,HINDZINC,HLEGLAS,HOMEFIRST,HONAUT,HUDCO,ICICIBANK,ICICIGI,ICICIPRULI,ICIL,IDBI,IDEA,IDFC,IDFCFIRSTB,IEX,IFCI,IGL,IIFL,INDGN,INDHOTEL,INDIACEM,INDIAMART,INDIANB,INDIGO,INDOCO,INDUSINDBK,INDUSTOWER,INFIBEAM,INFY,INOXINDIA,INOXLEISUR,INTELLECT,IOB,IOC,IPCALAB,IRB,IRCON,IRCTC,IREDA,IRFC,ITC,ITI,JAMNAAUTO,JBCHEPHARM,JINDALSAW,JINDALSTEL,JKCEMENT,JKLAKSHMI,JKTYRE,JMFINANCIL,JPPOWER,JSL,JSLHISAR,JSWDULUX,JSWENERGY,JSWSTEEL,JUBLFOOD,JUBLINGREA,JUBLPHARMA,JUSTDIAL,JYOTHYLAB,JYOTICNC,KAJARIACER,KALYANKJIL,KANSAINER,KARURVYSYA,KAYNES,KEC,KEI,KIMS,KIRLFER,KIRLOSBROS,KIRLOSENG,KNRCON,KOTAKBANK,KPIL,KPITTECH,KPRMILL,LALPATHLAB,LATENTVIEW,LAURUSLABS,LAXMIMACH,LICHSGFIN,LINDEINDIA,LODHA,LT,LTF,LTM,LTTS,LUPIN,LUXIND,M&M,M&MFIN,MAHABANK,MANAPPURAM,MAPMYINDIA,MARICO,MARUTI,MASTEK,MAXHEALTH,MAZDOCK,MCX,METROBRAND,METROPOLIS,MFSL,MGL,MINDACORP,MINDTREE,MMTC,MOIL,MOTILALOFS,MPHASIS,MRF,MRPL,MUTHOOTFIN,NAM-INDIA,NATCOPHARM,NATIONALUM,NAUKRI,NAVINFLUOR,NAZARA,NBCC,NCC,NESCO,NESTLEIND,NETWEB,NETWORK18,NEWGEN,NH,NHPC,NIACL,NLCINDIA,NMDC,NTPC,NUVOCO,NYKAA,OBEROIRLTY,OFSS,OIL,ONGC,ORIENTELEC,PAGEIND,PAYTM,PCBL,PEL,PERSISTENT,PETRONET,PFC,PFIZER,PGHH,PGHL,PHOENIXLTD,PIDILITIND,PIIND,PNB,PNBHOUSING,PNCINFRA,POLICYBZR,POLYCAB,POLYMED,POLYPLEX,POONAWALLA,POWERGRID,POWERINDIA,PRAJIND,PRESTIGE,PRIVISCL,PTCIL,PVRINOX,QUESS,RADICO,RAILTEL,RAIN,RAJESHEXPO,RALLIS,RAMCOCEM,RATNAMANI,RAYMONDLSL,RBLBANK,RCF,RECLTD,REDINGTON,RELAXO,RELIANCE,RENUKA,RHIM,RITES,ROSSARI,ROUTE,RTNINDIA,RVNL,SAIL,SAMMAANCAP,SANOFI,SAPPHIRE,SAREGAMA,SBICARD,SBILIFE,SBIN,SCHAEFFLER,SCI,SEQUENT,SFL,SHILPAMED,SHREECEM,SHRIRAMCIT,SHRIRAMFIN,SHYAMMETL,SIEMENS,SIS,SJVN,SKFINDIA,SOBHA,SOLARA,SOLARINDS,SONACOMS,SONATSOFTW,SPARC,SPICEJET,SRF,STAR,STARHEALTH,SUDARSCHEM,SUMICHEM,SUNDARMFIN,SUNDRMFAST,SUNPHARMA,SUNTV,SUPPETRO,SUPRAJIT,SUPREMEIND,SUZLON,SWANCORP,SWSOLAR,SYMPHONY,SYNGENE,SYRMA,TANLA,TATACHEM,TATACOFFEE,TATACOMM,TATACONSUM,TATAELXSI,TATAINVEST,TATAMTRDVR,TATAPOWER,TATASTEEL,TATASTLLP,TBOTEK,TCS,TEAMLEASE,TECHM,TECHNOE,THERMAX,THYROCARE,TIINDIA,TIMKEN,TITAN,TMPV,TORNTPHARM,TORNTPOWER,TRENT,TRIDENT,TRITURBINE,TTKPRESTIG,TTML,TV18BRDCST,TVSMOTOR,UBL,UCOBANK,UJJIVANSFB,ULTRACEMCO,UNIONBANK,UNITDSPR,UNOMINDA,UPL,USHAMART,UTIAMC,VAKRANGEE,VARROC,VBL,VEDL,VENKEYS,VGUARD,VIJAYA,VINATIORGA,VIPIND,VMART,VOLTAS,VTL,WELCORP,WELSPUNLIV,WESTLIFE,WHIRLPOOL,WIPRO,WOCKPHARMA,YESBANK,ZEEL,ZENSARTECH,ZFCVINDIA,ZYDUSLIFE,ZYDUSWELL"
2014-11-30,"360ONE,3MINDIA,AADHARHFC,AARTIDRUGS,AARTIIND,AAVAS,ABB,ABBOTINDIA,ABCAPITAL,ABFRL,ABREL,ABSLAMC,ACC,ADANIENSOL,ADANIENT,ADANIGREEN,ADANIPORTS,ADVENZYMES,AEGISLOG,AFFLE,AIAENG,AJANTPHARM,ALKEM,ALKYLAMINE,ALLCARGO,ALOKINDS,AMBER,AMBUJACEM,ANANTRAJ,ANGELONE,APLAPOLLO,APLLTD,APOLLOHOSP,APOLLOTYRE,APTUS,ARE&M,ASAHIINDIA,ASHOKLEY,ASIANPAINT,ASTERDM,ASTRAL,ASTRAZEN,ATGL,ATUL,AUBANK,AUROPHARMA,AVANTIFEED,AXISBANK,BAJAJ-AUTO,BAJAJELEC,BAJAJFINSV,BAJAJHLDNG,BAJFINANCE,BALAMINES,BALKRISIND,BALRAMCHIN,BANDHANBNK,BANKBARODA,BANKINDIA,BASF,BATAINDIA,BAYERCROP,BBTC,BCG,BDL,BEL,BEML,BERGEPAINT,BHARATFORG,BHARTIARTL,BHARTIHEXA,BHEL,BIOCON,BIRLACORPN,BLUEDART,BLUESTARCO,BOSCHLTD,BPCL,BRIGADE,BRITANNIA,BSE,BSOFT,CAMS,CANBK,CANFINHOME,CAPLIPOINT,CARBORUNIV,CASTROLIND,CCL,CDSL,CEATLTD,CENTRALBK,CENTURYPLY,CERA,CESC,CGPOWER,CHALET,CHAMBLFERT,CHEMPLASTS,CHOLAFIN,CHOLAHLDNG,CIEINDIA,CIPLA,CLEAN,COALINDIA,COCHINSHIP,COFORGE,COHANCE,COLPAL,CONCOR,COROMANDEL,CREDITACC,CRISIL,CROMPTON,CUB,CUMMINSIND,CYIENT,DABUR,DALBHARAT,DBL,DBREALTY,DEEPAKNTR,DELTACORP,DEVYANI,DHANI,DIVISLAB,DIXON,DLF,DMART,DRREDDY,DUMMYHEG,EASEMYTRIP,ECLERX,EDELWEISS,EICHERMOT,EIDPARRY,EIHOTEL,ELGIEQUIP,EMAMILTD,ENDURANCE,ENGINERSIN,EPIGRAL,EQUITAS,EQUITASBNK,ERIS,ESCORTS,ETERNAL,EXIDEIND,FACT,FEDERALBNK,FINCABLES,FINEORG,FINPIPE,FLUOROCHEM,FORTIS,FSL,GAEL,GAIL,GALAXYSURF,GESHIP,GICRE,GILLETTE,GLAND,GLAXO,GLENMARK,GLS,GMRAIRPORT,GNFC,GOCOLORS,GODFRYPHLP,GODIGIT,GODREJAGRO,GODREJCP,GODREJIND,GODREJPROP,GPIL,GPPL,GRANULES,GRAPHITE,GRASIM,GRINDWELL,GRINFRA,GSFC,GSPL,GUJALKALI,GUJGASLTD,GVT&D,HAL,HAPPSTMNDS,HATHWAY,HATSUN,HAVELLS,HBLENGINE,HCLTECH,HDFC,HDFCAMC,HDFCBANK,HDFCLIFE,HEG,HEMIPROP,HEROMOTOCO,HFCL,HINDALCO,HINDCOPPER,HINDPETRO,HINDUNILVR,HINDZINC,HLEGLAS,HOMEFIRST,HONAUT,HUDCO,ICICIBANK,ICICIGI,ICICIPRULI,ICIL,IDBI,IDEA,IDFC,IDFCFIRSTB,IEX,IFCI,IGL,IIFL,INDGN,INDHOTEL,INDIACEM,INDIAMART,INDIANB,INDIGO,INDOCO,INDUSINDBK,INDUSTOWER,INFIBEAM,INFY,INOXINDIA,INOXLEISUR,INTELLECT,IOB,IOC,IPCALAB,IRB,IRCON,IRCTC,IREDA,IRFC,ITC,ITI,JAMNAAUTO,JBCHEPHARM,JINDALSAW,JINDALSTEL,JKCEMENT,JKLAKSHMI,JKTYRE,JMFINANCIL,JPPOWER,JSL,JSLHISAR,JSWDULUX,JSWENERGY,JSWSTEEL,JUBLFOOD,JUBLINGREA,JUBLPHARMA,JUSTDIAL,JYOTHYLAB,JYOTICNC,KAJARIACER,KALYANKJIL,KANSAINER,KARURVYSYA,KAYNES,KEC,KEI,KIMS,KIRLFER,KIRLOSBROS,KIRLOSENG,KNRCON,KOTAKBANK,KPIL,KPITTECH,KPRMILL,LALPATHLAB,LATENTVIEW,LAURUSLABS,LAXMIMACH,LICHSGFIN,LINDEINDIA,LODHA,LT,LTF,LTM,LTTS,LUPIN,LUXIND,M&M,M&MFIN,MAHABANK,MANAPPURAM,MAPMYINDIA,MARICO,MARUTI,MASTEK,MAXHEALTH,MAZDOCK,MCX,METROBRAND,METROPOLIS,MFSL,MGL,MINDACORP,MINDTREE,MMTC,MOIL,MOTILALOFS,MPHASIS,MRF,MRPL,MUTHOOTFIN,NAM-INDIA,NATCOPHARM,NATIONALUM,NAUKRI,NAVINFLUOR,NAZARA,NBCC,NCC,NESCO,NESTLEIND,NETWEB,NETWORK18,NEWGEN,NH,NHPC,NIACL,NLCINDIA,NMDC,NTPC,NUVOCO,NYKAA,OBEROIRLTY,OFSS,OIL,ONGC,ORIENTELEC,PAGEIND,PAYTM,PCBL,PEL,PERSISTENT,PETRONET,PFC,PFIZER,PGHH,PGHL,PHOENIXLTD,PIDILITIND,PIIND,PNB,PNBHOUSING,PNCINFRA,POLICYBZR,POLYCAB,POLYMED,POLYPLEX,POONAWALLA,POWERGRID,POWERINDIA,PRAJIND,PRESTIGE,PRIVISCL,PTCIL,PVRINOX,QUESS,RADICO,RAILTEL,RAIN,RAJESHEXPO,RALLIS,RAMCOCEM,RATNAMANI,RAYMONDLSL,RBLBANK,RCF,RECLTD,REDINGTON,RELAXO,RELIANCE,RENUKA,RHIM,RITES,ROSSARI,ROUTE,RTNINDIA,RVNL,SAIL,SAMMAANCAP,SANOFI,SAPPHIRE,SAREGAMA,SBICARD,SBILIFE,SBIN,SCHAEFFLER,SCI,SEQUENT,SFL,SHILPAMED,SHREECEM,SHRIRAMCIT,SHRIRAMFIN,SHYAMMETL,SIEMENS,SIS,SJVN,SKFINDIA,SOBHA,SOLARA,SOLARINDS,SONACOMS,SONATSOFTW,SPARC,SPICEJET,SRF,STAR,STARHEALTH,SUDARSCHEM,SUMICHEM,SUNDARMFIN,SUNDRMFAST,SUNPHARMA,SUNTV,SUPPETRO,SUPRAJIT,SUPREMEIND,SUZLON,SWANCORP,SWSOLAR,SYMPHONY,SYNGENE,SYRMA,TANLA,TATACHEM,TATACOFFEE,TATACOMM,TATACONSUM,TATAELXSI,TATAINVEST,TATAMTRDVR,TATAPOWER,TATASTEEL,TATASTLLP,TBOTEK,TCS,TEAMLEASE,TECHM,TECHNOE,THERMAX,THYROCARE,TIINDIA,TIMKEN,TITAN,TMPV,TORNTPHARM,TORNTPOWER,TRENT,TRIDENT,TRITURBINE,TTKPRESTIG,TTML,TV18BRDCST,TVSMOTOR,UBL,UCOBANK,UJJIVANSFB,ULTRACEMCO,UNIONBANK,UNITDSPR,UNOMINDA,UPL,USHAMART,UTIAMC,VAKRANGEE,VARROC,VBL,VEDL,VENKEYS,VGUARD,VIJAYA,VINATIORGA,VIPIND,VMART,VOLTAS,VTL,WELCORP,WELSPUNLIV,WESTLIFE,WHIRLPOOL,WIPRO,WOCKPHARMA,YESBANK,ZEEL,ZENSARTECH,ZFCVINDIA,ZYDUSLIFE,ZYDUSWELL"
2014-12-31,"360ONE,3MINDIA,AADHARHFC,AARTIDRUGS,AARTIIND,AAVAS,ABB,ABBOTINDIA,ABCAPITAL,ABFRL,ABREL,ABSLAMC,ACC,ADANIENSOL,ADANIENT,ADANIGREEN,ADANIPORTS,ADVENZYMES,AEGISLOG,AFFLE,AIAENG,AJANTPHARM,ALKEM,ALKYLAMINE,ALLCARGO,ALOKINDS,AMBER,AMBUJACEM,ANANTRAJ,ANGELONE,APLAPOLLO,APLLTD,APOLLOHOSP,APOLLOTYRE,APTUS,ARE&M,ASAHIINDIA,ASHOKLEY,ASIANPAINT,ASTERDM,ASTRAL,ASTRAZEN,ATGL,ATUL,AUBANK,AUROPHARMA,AVANTIFEED,AXISBANK,BAJAJ-AUTO,BAJAJELEC,BAJAJFINSV,BAJAJHLDNG,BAJFINANCE,BALAMINES,BALKRISIND,BALRAMCHIN,BANDHANBNK,BANKBARODA,BANKINDIA,BASF,BATAINDIA,BAYERCROP,BBTC,BCG,BDL,BEL,BEML,BERGEPAINT,BHARATFORG,BHARTIARTL,BHARTIHEXA,BHEL,BIOCON,BIRLACORPN,BLUEDART,BLUESTARCO,BOSCHLTD,BPCL,BRIGADE,BRITANNIA,BSE,BSOFT,CAMS,CANBK,CANFINHOME,CAPLIPOINT,CARBORUNIV,CASTROLIND,CCL,CDSL,CEATLTD,CENTRALBK,CENTURYPLY,CERA,CESC,CGPOWER,CHALET,CHAMBLFERT,CHEMPLASTS,CHOLAFIN,CHOLAHLDNG,CIEINDIA,CIPLA,CLEAN,COALINDIA,COCHINSHIP,COFORGE,COHANCE,COLPAL,CONCOR,COROMANDEL,CREDITACC,CRISIL,CROMPTON,CUB,CUMMINSIND,CYIENT,DABUR,DALBHARAT,DBL,DBREALTY,DEEPAKNTR,DELTACORP,DEVYANI,DHANI,DIVISLAB,DIXON,DLF,DMART,DRREDDY,DUMMYHEG,EASEMYTRIP,ECLERX,EDELWEISS,EICHERMOT,EIDPARRY,EIHOTEL,ELGIEQUIP,EMAMILTD,ENDURANCE,ENGINERSIN,EPIGRAL,EQUITAS,EQUITASBNK,ERIS,ESCORTS,ETERNAL,EXIDEIND,FACT,FEDERALBNK,FINCABLES,FINEORG,FINPIPE,FLUOROCHEM,FORTIS,FSL,GAEL,GAIL,GALAXYSURF,GESHIP,GICRE,GILLETTE,GLAND,GLAXO,GLENMARK,GLS,GMRAIRPORT,GNFC,GOCOLORS,GODFRYPHLP,GODIGIT,GODREJAGRO,GODREJCP,GODREJIND,GODREJPROP,GPIL,GPPL,GRANULES,GRAPHITE,GRASIM,GRINDWELL,GRINFRA,GSFC,GSPL,GUJALKALI,GUJGASLTD,GVT&D,HAL,HAPPSTMNDS,HATHWAY,HATSUN,HAVELLS,HBLENGINE,HCLTECH,HDFC,HDFCAMC,HDFCBANK,HDFCLIFE,HEG,HEMIPROP,HEROMOTOCO,HFCL,HINDALCO,HINDCOPPER,HINDPETRO,HINDUNILVR,HINDZINC,HLEGLAS,HOMEFIRST,HONAUT,HUDCO,ICICIBANK,ICICIGI,ICICIPRULI,ICIL,IDBI,IDEA,IDFC,IDFCFIRSTB,IEX,IFCI,IGL,IIFL,INDGN,INDHOTEL,INDIACEM,INDIAMART,INDIANB,INDIGO,INDOCO,INDUSINDBK,INDUSTOWER,INFIBEAM,INFY,INOXINDIA,INOXLEISUR,INTELLECT,IOB,IOC,IPCALAB,IRB,IRCON,IRCTC,IREDA,IRFC,ITC,ITI,JAMNAAUTO,JBCHEPHARM,JINDALSAW,JINDALSTEL,JKCEMENT,JKLAKSHMI,JKTYRE,JMFINANCIL,JPPOWER,JSL,JSLHISAR,JSWDULUX,JSWENERGY,JSWSTEEL,JUBLFOOD,JUBLINGREA,JUBLPHARMA,JUSTDIAL,JYOTHYLAB,JYOTICNC,KAJARIACER,KALYANKJIL,KANSAINER,KARURVYSYA,KAYNES,KEC,KEI,KIMS,KIRLFER,KIRLOSBROS,KIRLOSENG,KNRCON,KOTAKBANK,KPIL,KPITTECH,KPRMILL,LALPATHLAB,LATENTVIEW,LAURUSLABS,LAXMIMACH,LICHSGFIN,LINDEINDIA,LODHA,LT,LTF,LTM,LTTS,LUPIN,LUXIND,M&M,M&MFIN,MAHABANK,MANAPPURAM,MAPMYINDIA,MARICO,MARUTI,MASTEK,MAXHEALTH,MAZDOCK,MCX,METROBRAND,METROPOLIS,MFSL,MGL,MINDACORP,MINDTREE,MMTC,MOIL,MOTILALOFS,MPHASIS,MRF,MRPL,MUTHOOTFIN,NAM-INDIA,NATCOPHARM,NATIONALUM,NAUKRI,NAVINFLUOR,NAZARA,NBCC,NCC,NESCO,NESTLEIND,NETWEB,NETWORK18,NEWGEN,NH,NHPC,NIACL,NLCINDIA,NMDC,NTPC,NUVOCO,NYKAA,OBEROIRLTY,OFSS,OIL,ONGC,ORIENTELEC,PAGEIND,PAYTM,PCBL,PEL,PERSISTENT,PETRONET,PFC,PFIZER,PGHH,PGHL,PHOENIXLTD,PIDILITIND,PIIND,PNB,PNBHOUSING,PNCINFRA,POLICYBZR,POLYCAB,POLYMED,POLYPLEX,POONAWALLA,POWERGRID,POWERINDIA,PRAJIND,PRESTIGE,PRIVISCL,PTCIL,PVRINOX,QUESS,RADICO,RAILTEL,RAIN,RAJESHEXPO,RALLIS,RAMCOCEM,RATNAMANI,RAYMONDLSL,RBLBANK,RCF,RECLTD,REDINGTON,RELAXO,RELIANCE,RENUKA,RHIM,RITES,ROSSARI,ROUTE,RTNINDIA,RVNL,SAIL,SAMMAANCAP,SANOFI,SAPPHIRE,SAREGAMA,SBICARD,SBILIFE,SBIN,SCHAEFFLER,SCI,SEQUENT,SFL,SHILPAMED,SHREECEM,SHRIRAMCIT,SHRIRAMFIN,SHYAMMETL,SIEMENS,SIS,SJVN,SKFINDIA,SOBHA,SOLARA,SOLARINDS,SONACOMS,SONATSOFTW,SPARC,SPICEJET,SRF,STAR,STARHEALTH,SUDARSCHEM,SUMICHEM,SUNDARMFIN,SUNDRMFAST,SUNPHARMA,SUNTV,SUPPETRO,SUPRAJIT,SUPREMEIND,SUZLON,SWANCORP,SWSOLAR,SYMPHONY,SYNGENE,SYRMA,TANLA,TATACHEM,TATACOFFEE,TATACOMM,TATACONSUM,TATAELXSI,TATAINVEST,TATAMTRDVR,TATAPOWER,TATASTEEL,TATASTLLP,TBOTEK,TCS,TEAMLEASE,TECHM,TECHNOE,THERMAX,THYROCARE,TIINDIA,TIMKEN,TITAN,TMPV,TORNTPHARM,TORNTPOWER,TRENT,TRIDENT,TRITURBINE,TTKPRESTIG,TTML,TV18BRDCST,TVSMOTOR,UBL,UCOBANK,UJJIVANSFB,ULTRACEMCO,UNIONBANK,UNITDSPR,UNOMINDA,UPL,USHAMART,UTIAMC,VAKRANGEE,VARROC,VBL,VEDL,VENKEYS,VGUARD,VIJAYA,VINATIORGA,VIPIND,VMART,VOLTAS,VTL,WELCORP,WELSPUNLIV,WESTLIFE,WHIRLPOOL,WIPRO,WOCKPHARMA,YESBANK,ZEEL,ZENSARTECH,ZFCVINDIA,ZYDUSLIFE,ZYDUSWELL"
2015-01-31,"360ONE,3MINDIA,AADHARHFC,AARTIDRUGS,AARTIIND,AAVAS,ABB,ABBOTINDIA,ABCAPITAL,ABFRL,ABREL,ABSLAMC,ACC,ADANIENSOL,ADANIENT,ADANIGREEN,ADANIPORTS,ADVENZYMES,AEGISLOG,AFFLE,AIAENG,AJANTPHARM,ALKEM,ALKYLAMINE,ALLCARGO,ALOKINDS,AMBER,AMBUJACEM,ANANTRAJ,ANGELONE,APLAPOLLO,APLLTD,APOLLOHOSP,APOLLOTYRE,APTUS,ARE&M,ASAHIINDIA,ASHOKLEY,ASIANPAINT,ASTERDM,ASTRAL,ASTRAZEN,ATGL,ATUL,AUBANK,AUROPHARMA,AVANTIFEED,AXISBANK,BAJAJ-AUTO,BAJAJELEC,BAJAJFINSV,BAJAJHLDNG,BAJFINANCE,BALAMINES,BALKRISIND,BALRAMCHIN,BANDHANBNK,BANKBARODA,BANKINDIA,BASF,BATAINDIA,BAYERCROP,BBTC,BCG,BDL,BEL,BEML,BERGEPAINT,BHARATFORG,BHARTIARTL,BHARTIHEXA,BHEL,BIOCON,BIRLACORPN,BLUEDART,BLUESTARCO,BOSCHLTD,BPCL,BRIGADE,BRITANNIA,BSE,BSOFT,CAMS,CANBK,CANFINHOME,CAPLIPOINT,CARBORUNIV,CASTROLIND,CCL,CDSL,CEATLTD,CENTRALBK,CENTURYPLY,CERA,CESC,CGPOWER,CHALET,CHAMBLFERT,CHEMPLASTS,CHOLAFIN,CHOLAHLDNG,CIEINDIA,CIPLA,CLEAN,COALINDIA,COCHINSHIP,COFORGE,COHANCE,COLPAL,CONCOR,COROMANDEL,CREDITACC,CRISIL,CROMPTON,CUB,CUMMINSIND,CYIENT,DABUR,DALBHARAT,DBL,DBREALTY,DEEPAKNTR,DELTACORP,DEVYANI,DHANI,DIVISLAB,DIXON,DLF,DMART,DRREDDY,DUMMYHEG,EASEMYTRIP,ECLERX,EDELWEISS,EICHERMOT,EIDPARRY,EIHOTEL,ELGIEQUIP,EMAMILTD,ENDURANCE,ENGINERSIN,EPIGRAL,EQUITAS,EQUITASBNK,ERIS,ESCORTS,ETERNAL,EXIDEIND,FACT,FEDERALBNK,FINCABLES,FINEORG,FINPIPE,FLUOROCHEM,FORTIS,FSL,GAEL,GAIL,GALAXYSURF,GESHIP,GICRE,GILLETTE,GLAND,GLAXO,GLENMARK,GLS,GMRAIRPORT,GNFC,GOCOLORS,GODFRYPHLP,GODIGIT,GODREJAGRO,GODREJCP,GODREJIND,GODREJPROP,GPIL,GPPL,GRANULES,GRAPHITE,GRASIM,GRINDWELL,GRINFRA,GSFC,GSPL,GUJALKALI,GUJGASLTD,GVT&D,HAL,HAPPSTMNDS,HATHWAY,HATSUN,HAVELLS,HBLENGINE,HCLTECH,HDFC,HDFCAMC,HDFCBANK,HDFCLIFE,HEG,HEMIPROP,HEROMOTOCO,HFCL,HINDALCO,HINDCOPPER,HINDPETRO,HINDUNILVR,HINDZINC,HLEGLAS,HOMEFIRST,HONAUT,HUDCO,ICICIBANK,ICICIGI,ICICIPRULI,ICIL,IDBI,IDEA,IDFC,IDFCFIRSTB,IEX,IFCI,IGL,IIFL,INDGN,INDHOTEL,INDIACEM,INDIAMART,INDIANB,INDIGO,INDOCO,INDUSINDBK,INDUSTOWER,INFIBEAM,INFY,INOXINDIA,INOXLEISUR,INTELLECT,IOB,IOC,IPCALAB,IRB,IRCON,IRCTC,IREDA,IRFC,ITC,ITI,JAMNAAUTO,JBCHEPHARM,JINDALSAW,JINDALSTEL,JKCEMENT,JKLAKSHMI,JKTYRE,JMFINANCIL,JPPOWER,JSL,JSLHISAR,JSWDULUX,JSWENERGY,JSWSTEEL,JUBLFOOD,JUBLINGREA,JUBLPHARMA,JUSTDIAL,JYOTHYLAB,JYOTICNC,KAJARIACER,KALYANKJIL,KANSAINER,KARURVYSYA,KAYNES,KEC,KEI,KIMS,KIRLFER,KIRLOSBROS,KIRLOSENG,KNRCON,KOTAKBANK,KPIL,KPITTECH,KPRMILL,LALPATHLAB,LATENTVIEW,LAURUSLABS,LAXMIMACH,LICHSGFIN,LINDEINDIA,LODHA,LT,LTF,LTM,LTTS,LUPIN,LUXIND,M&M,M&MFIN,MAHABANK,MANAPPURAM,MAPMYINDIA,MARICO,MARUTI,MASTEK,MAXHEALTH,MAZDOCK,MCX,METROBRAND,METROPOLIS,MFSL,MGL,MINDACORP,MINDTREE,MMTC,MOIL,MOTILALOFS,MPHASIS,MRF,MRPL,MUTHOOTFIN,NAM-INDIA,NATCOPHARM,NATIONALUM,NAUKRI,NAVINFLUOR,NAZARA,NBCC,NCC,NESCO,NESTLEIND,NETWEB,NETWORK18,NEWGEN,NH,NHPC,NIACL,NLCINDIA,NMDC,NTPC,NUVOCO,NYKAA,OBEROIRLTY,OFSS,OIL,ONGC,ORIENTELEC,PAGEIND,PAYTM,PCBL,PEL,PERSISTENT,PETRONET,PFC,PFIZER,PGHH,PGHL,PHOENIXLTD,PIDILITIND,PIIND,PNB,PNBHOUSING,PNCINFRA,POLICYBZR,POLYCAB,POLYMED,POLYPLEX,POONAWALLA,POWERGRID,POWERINDIA,PRAJIND,PRESTIGE,PRIVISCL,PTCIL,PVRINOX,QUESS,RADICO,RAILTEL,RAIN,RAJESHEXPO,RALLIS,RAMCOCEM,RATNAMANI,RAYMONDLSL,RBLBANK,RCF,RECLTD,REDINGTON,RELAXO,RELIANCE,RENUKA,RHIM,RITES,ROSSARI,ROUTE,RTNINDIA,RVNL,SAIL,SAMMAANCAP,SANOFI,SAPPHIRE,SAREGAMA,SBICARD,SBILIFE,SBIN,SCHAEFFLER,SCI,SEQUENT,SFL,SHILPAMED,SHREECEM,SHRIRAMCIT,SHRIRAMFIN,SHYAMMETL,SIEMENS,SIS,SJVN,SKFINDIA,SOBHA,SOLARA,SOLARINDS,SONACOMS,SONATSOFTW,SPARC,SPICEJET,SRF,STAR,STARHEALTH,SUDARSCHEM,SUMICHEM,SUNDARMFIN,SUNDRMFAST,SUNPHARMA,SUNTV,SUPPETRO,SUPRAJIT,SUPREMEIND,SUZLON,SWANCORP,SWSOLAR,SYMPHONY,SYNGENE,SYRMA,TANLA,TATACHEM,TATACOFFEE,TATACOMM,TATACONSUM,TATAELXSI,TATAINVEST,TATAMTRDVR,TATAPOWER,TATASTEEL,TATASTLLP,TBOTEK,TCS,TEAMLEASE,TECHM,TECHNOE,THERMAX,THYROCARE,TIINDIA,TIMKEN,TITAN,TMPV,TORNTPHARM,TORNTPOWER,TRENT,TRIDENT,TRITURBINE,TTKPRESTIG,TTML,TV18BRDCST,TVSMOTOR,UBL,UCOBANK,UJJIVANSFB,ULTRACEMCO,UNIONBANK,UNITDSPR,UNOMINDA,UPL,USHAMART,UTIAMC,VAKRANGEE,VARROC,VBL,VEDL,VENKEYS,VGUARD,VIJAYA,VINATIORGA,VIPIND,VMART,VOLTAS,VTL,WELCORP,WELSPUNLIV,WESTLIFE,WHIRLPOOL,WIPRO,WOCKPHARMA,YESBANK,ZEEL,ZENSARTECH,ZFCVINDIA,ZYDUSLIFE,ZYDUSWELL"
2015-02-28,"360ONE,3MINDIA,AADHARHFC,AARTIDRUGS,AARTIIND,AAVAS,ABB,ABBOTINDIA,ABCAPITAL,ABFRL,ABREL,ABSLAMC,ACC,ADANIENSOL,ADANIENT,ADANIGREEN,ADANIPORTS,ADVENZYMES,AEGISLOG,AFFLE,AIAENG,AJANTPHARM,ALKEM,ALKYLAMINE,ALLCARGO,ALOKINDS,AMBER,AMBUJACEM,ANANTRAJ,ANGELONE,APLAPOLLO,APLLTD,APOLLOHOSP,APOLLOTYRE,APTUS,ARE&M,ASAHIINDIA,ASHOKLEY,ASIANPAINT,ASTERDM,ASTRAL,ASTRAZEN,ATGL,ATUL,AUBANK,AUROPHARMA,AVANTIFEED,AXISBANK,BAJAJ-AUTO,BAJAJELEC,BAJAJFINSV,BAJAJHLDNG,BAJFINANCE,BALAMINES,BALKRISIND,BALRAMCHIN,BANDHANBNK,BANKBARODA,BANKINDIA,BASF,BATAINDIA,BAYERCROP,BBTC,BCG,BDL,BEL,BEML,BERGEPAINT,BHARATFORG,BHARTIARTL,BHARTIHEXA,BHEL,BIOCON,BIRLACORPN,BLUEDART,BLUESTARCO,BOSCHLTD,BPCL,BRIGADE,BRITANNIA,BSE,BSOFT,CAMS,CANBK,CANFINHOME,CAPLIPOINT,CARBORUNIV,CASTROLIND,CCL,CDSL,CEATLTD,CENTRALBK,CENTURYPLY,CERA,CESC,CGPOWER,CHALET,CHAMBLFERT,CHEMPLASTS,CHOLAFIN,CHOLAHLDNG,CIEINDIA,CIPLA,CLEAN,COALINDIA,COCHINSHIP,COFORGE,COHANCE,COLPAL,CONCOR,COROMANDEL,CREDITACC,CRISIL,CROMPTON,CUB,CUMMINSIND,CYIENT,DABUR,DALBHARAT,DBL,DBREALTY,DEEPAKNTR,DELTACORP,DEVYANI,DHANI,DIVISLAB,DIXON,DLF,DMART,DRREDDY,DUMMYHEG,EASEMYTRIP,ECLERX,EDELWEISS,EICHERMOT,EIDPARRY,EIHOTEL,ELGIEQUIP,EMAMILTD,ENDURANCE,ENGINERSIN,EPIGRAL,EQUITAS,EQUITASBNK,ERIS,ESCORTS,ETERNAL,EXIDEIND,FACT,FEDERALBNK,FINCABLES,FINEORG,FINPIPE,FLUOROCHEM,FORTIS,FSL,GAEL,GAIL,GALAXYSURF,GESHIP,GICRE,GILLETTE,GLAND,GLAXO,GLENMARK,GLS,GMRAIRPORT,GNFC,GOCOLORS,GODFRYPHLP,GODIGIT,GODREJAGRO,GODREJCP,GODREJIND,GODREJPROP,GPIL,GPPL,GRANULES,GRAPHITE,GRASIM,GRINDWELL,GRINFRA,GSFC,GSPL,GUJALKALI,GUJGASLTD,GVT&D,HAL,HAPPSTMNDS,HATHWAY,HATSUN,HAVELLS,HBLENGINE,HCLTECH,HDFC,HDFCAMC,HDFCBANK,HDFCLIFE,HEG,HEMIPROP,HEROMOTOCO,HFCL,HINDALCO,HINDCOPPER,HINDPETRO,HINDUNILVR,HINDZINC,HLEGLAS,HOMEFIRST,HONAUT,HUDCO,ICICIBANK,ICICIGI,ICICIPRULI,ICIL,IDBI,IDEA,IDFC,IDFCFIRSTB,IEX,IFCI,IGL,IIFL,INDGN,INDHOTEL,INDIACEM,INDIAMART,INDIANB,INDIGO,INDOCO,INDUSINDBK,INDUSTOWER,INFIBEAM,INFY,INOXINDIA,INOXLEISUR,INTELLECT,IOB,IOC,IPCALAB,IRB,IRCON,IRCTC,IREDA,IRFC,ITC,ITI,JAMNAAUTO,JBCHEPHARM,JINDALSAW,JINDALSTEL,JKCEMENT,JKLAKSHMI,JKTYRE,JMFINANCIL,JPPOWER,JSL,JSLHISAR,JSWDULUX,JSWENERGY,JSWSTEEL,JUBLFOOD,JUBLINGREA,JUBLPHARMA,JUSTDIAL,JYOTHYLAB,JYOTICNC,KAJARIACER,KALYANKJIL,KANSAINER,KARURVYSYA,KAYNES,KEC,KEI,KIMS,KIRLFER,KIRLOSBROS,KIRLOSENG,KNRCON,KOTAKBANK,KPIL,KPITTECH,KPRMILL,LALPATHLAB,LATENTVIEW,LAURUSLABS,LAXMIMACH,LICHSGFIN,LINDEINDIA,LODHA,LT,LTF,LTM,LTTS,LUPIN,LUXIND,M&M,M&MFIN,MAHABANK,MANAPPURAM,MAPMYINDIA,MARICO,MARUTI,MASTEK,MAXHEALTH,MAZDOCK,MCX,METROBRAND,METROPOLIS,MFSL,MGL,MINDACORP,MINDTREE,MMTC,MOIL,MOTILALOFS,MPHASIS,MRF,MRPL,MUTHOOTFIN,NAM-INDIA,NATCOPHARM,NATIONALUM,NAUKRI,NAVINFLUOR,NAZARA,NBCC,NCC,NESCO,NESTLEIND,NETWEB,NETWORK18,NEWGEN,NH,NHPC,NIACL,NLCINDIA,NMDC,NTPC,NUVOCO,NYKAA,OBEROIRLTY,OFSS,OIL,ONGC,ORIENTELEC,PAGEIND,PAYTM,PCBL,PEL,PERSISTENT,PETRONET,PFC,PFIZER,PGHH,PGHL,PHOENIXLTD,PIDILITIND,PIIND,PNB,PNBHOUSING,PNCINFRA,POLICYBZR,POLYCAB,POLYMED,POLYPLEX,POONAWALLA,POWERGRID,POWERINDIA,PRAJIND,PRESTIGE,PRIVISCL,PTCIL,PVRINOX,QUESS,RADICO,RAILTEL,RAIN,RAJESHEXPO,RALLIS,RAMCOCEM,RATNAMANI,RAYMONDLSL,RBLBANK,RCF,RECLTD,REDINGTON,RELAXO,RELIANCE,RENUKA,RHIM,RITES,ROSSARI,ROUTE,RTNINDIA,RVNL,SAIL,SAMMAANCAP,SANOFI,SAPPHIRE,SAREGAMA,SBICARD,SBILIFE,SBIN,SCHAEFFLER,SCI,SEQUENT,SFL,SHILPAMED,SHREECEM,SHRIRAMCIT,SHRIRAMFIN,SHYAMMETL,SIEMENS,SIS,SJVN,SKFINDIA,SOBHA,SOLARA,SOLARINDS,SONACOMS,SONATSOFTW,SPARC,SPICEJET,SRF,STAR,STARHEALTH,SUDARSCHEM,SUMICHEM,SUNDARMFIN,SUNDRMFAST,SUNPHARMA,SUNTV,SUPPETRO,SUPRAJIT,SUPREMEIND,SUZLON,SWANCORP,SWSOLAR,SYMPHONY,SYNGENE,SYRMA,TANLA,TATACHEM,TATACOFFEE,TATACOMM,TATACONSUM,TATAELXSI,TATAINVEST,TATAMTRDVR,TATAPOWER,TATASTEEL,TATASTLLP,TBOTEK,TCS,TEAMLEASE,TECHM,TECHNOE,THERMAX,THYROCARE,TIINDIA,TIMKEN,TITAN,TMPV,TORNTPHARM,TORNTPOWER,TRENT,TRIDENT,TRITURBINE,TTKPRESTIG,TTML,TV18BRDCST,TVSMOTOR,UBL,UCOBANK,UJJIVANSFB,ULTRACEMCO,UNIONBANK,UNITDSPR,UNOMINDA,UPL,USHAMART,UTIAMC,VAKRANGEE,VARROC,VBL,VEDL,VENKEYS,VGUARD,VIJAYA,VINATIORGA,VIPIND,VMART,VOLTAS,VTL,WELCORP,WELSPUNLIV,WESTLIFE,WHIRLPOOL,WIPRO,WOCKPHARMA,YESBANK,ZEEL,ZENSARTECH,ZFCVINDIA,ZYDUSLIFE,ZYDUSWELL"
2015-03-31,"360ONE,3MINDIA,AADHARHFC,AARTIDRUGS,AARTIIND,AAVAS,ABB,ABBOTINDIA,ABCAPITAL,ABFRL,ABREL,ABSLAMC,ACC,ADANIENSOL,ADANIENT,ADANIGREEN,ADANIPORTS,ADVENZYMES,AEGISLOG,AFFLE,AIAENG,AJANTPHARM,ALKEM,ALKYLAMINE,ALLCARGO,ALOKINDS,AMBER,AMBUJACEM,ANANTRAJ,ANGELONE,APLAPOLLO,APLLTD,APOLLOHOSP,APOLLOTYRE,APTUS,ARE&M,ASAHIINDIA,ASHOKLEY,ASIANPAINT,ASTERDM,ASTRAL,ASTRAZEN,ATGL,ATUL,AUBANK,AUROPHARMA,AVANTIFEED,AXISBANK,BAJAJ-AUTO,BAJAJELEC,BAJAJFINSV,BAJAJHLDNG,BAJFINANCE,BALAMINES,BALKRISIND,BALRAMCHIN,BANDHANBNK,BANKBARODA,BANKINDIA,BASF,BATAINDIA,BAYERCROP,BBTC,BCG,BDL,BEL,BEML,BERGEPAINT,BHARATFORG,BHARTIARTL,BHARTIHEXA,BHEL,BIOCON,BIRLACORPN,BLUEDART,BLUESTARCO,BOSCHLTD,BPCL,BRIGADE,BRITANNIA,BSE,BSOFT,CAMS,CANBK,CANFINHOME,CAPLIPOINT,CARBORUNIV,CASTROLIND,CCL,CDSL,CEATLTD,CENTRALBK,CENTURYPLY,CERA,CESC,CGPOWER,CHALET,CHAMBLFERT,CHEMPLASTS,CHOLAFIN,CHOLAHLDNG,CIEINDIA,CIPLA,CLEAN,COALINDIA,COCHINSHIP,COFORGE,COHANCE,COLPAL,CONCOR,COROMANDEL,CREDITACC,CRISIL,CROMPTON,CUB,CUMMINSIND,CYIENT,DABUR,DALBHARAT,DBL,DBREALTY,DEEPAKNTR,DELTACORP,DEVYANI,DHANI,DIVISLAB,DIXON,DLF,DMART,DRREDDY,DUMMYHEG,EASEMYTRIP,ECLERX,EDELWEISS,EICHERMOT,EIDPARRY,EIHOTEL,ELGIEQUIP,EMAMILTD,ENDURANCE,ENGINERSIN,EPIGRAL,EQUITAS,EQUITASBNK,ERIS,ESCORTS,ETERNAL,EXIDEIND,FACT,FEDERALBNK,FINCABLES,FINEORG,FINPIPE,FLUOROCHEM,FORTIS,FSL,GAEL,GAIL,GALAXYSURF,GESHIP,GICRE,GILLETTE,GLAND,GLAXO,GLENMARK,GLS,GMRAIRPORT,GNFC,GOCOLORS,GODFRYPHLP,GODIGIT,GODREJAGRO,GODREJCP,GODREJIND,GODREJPROP,GPIL,GPPL,GRANULES,GRAPHITE,GRASIM,GRINDWELL,GRINFRA,GSFC,GSPL,GUJALKALI,GUJGASLTD,GVT&D,HAL,HAPPSTMNDS,HATHWAY,HATSUN,HAVELLS,HBLENGINE,HCLTECH,HDFC,HDFCAMC,HDFCBANK,HDFCLIFE,HEG,HEMIPROP,HEROMOTOCO,HFCL,HINDALCO,HINDCOPPER,HINDPETRO,HINDUNILVR,HINDZINC,HLEGLAS,HOMEFIRST,HONAUT,HUDCO,ICICIBANK,ICICIGI,ICICIPRULI,ICIL,IDBI,IDEA,IDFC,IDFCFIRSTB,IEX,IFCI,IGL,IIFL,INDGN,INDHOTEL,INDIACEM,INDIAMART,INDIANB,INDIGO,INDOCO,INDUSINDBK,INDUSTOWER,INFIBEAM,INFY,INOXINDIA,INOXLEISUR,INTELLECT,IOB,IOC,IPCALAB,IRB,IRCON,IRCTC,IREDA,IRFC,ITC,ITI,JAMNAAUTO,JBCHEPHARM,JINDALSAW,JINDALSTEL,JKCEMENT,JKLAKSHMI,JKTYRE,JMFINANCIL,JPPOWER,JSL,JSLHISAR,JSWDULUX,JSWENERGY,JSWSTEEL,JUBLFOOD,JUBLINGREA,JUBLPHARMA,JUSTDIAL,JYOTHYLAB,JYOTICNC,KAJARIACER,KALYANKJIL,KANSAINER,KARURVYSYA,KAYNES,KEC,KEI,KIMS,KIRLFER,KIRLOSBROS,KIRLOSENG,KNRCON,KOTAKBANK,KPIL,KPITTECH,KPRMILL,LALPATHLAB,LATENTVIEW,LAURUSLABS,LAXMIMACH,LICHSGFIN,LINDEINDIA,LODHA,LT,LTF,LTM,LTTS,LUPIN,LUXIND,M&M,M&MFIN,MAHABANK,MANAPPURAM,MAPMYINDIA,MARICO,MARUTI,MASTEK,MAXHEALTH,MAZDOCK,MCX,METROBRAND,METROPOLIS,MFSL,MGL,MINDACORP,MINDTREE,MMTC,MOIL,MOTILALOFS,MPHASIS,MRF,MRPL,MUTHOOTFIN,NAM-INDIA,NATCOPHARM,NATIONALUM,NAUKRI,NAVINFLUOR,NAZARA,NBCC,NCC,NESCO,NESTLEIND,NETWEB,NETWORK18,NEWGEN,NH,NHPC,NIACL,NLCINDIA,NMDC,NTPC,NUVOCO,NYKAA,OBEROIRLTY,OFSS,OIL,ONGC,ORIENTELEC,PAGEIND,PAYTM,PCBL,PEL,PERSISTENT,PETRONET,PFC,PFIZER,PGHH,PGHL,PHOENIXLTD,PIDILITIND,PIIND,PNB,PNBHOUSING,PNCINFRA,POLICYBZR,POLYCAB,POLYMED,POLYPLEX,POONAWALLA,POWERGRID,POWERINDIA,PRAJIND,PRESTIGE,PRIVISCL,PTCIL,PVRINOX,QUESS,RADICO,RAILTEL,RAIN,RAJESHEXPO,RALLIS,RAMCOCEM,RATNAMANI,RAYMONDLSL,RBLBANK,RCF,RECLTD,REDINGTON,RELAXO,RELIANCE,RENUKA,RHIM,RITES,ROSSARI,ROUTE,RTNINDIA,RVNL,SAIL,SAMMAANCAP,SANOFI,SAPPHIRE,SAREGAMA,SBICARD,SBILIFE,SBIN,SCHAEFFLER,SCI,SEQUENT,SFL,SHILPAMED,SHREECEM,SHRIRAMCIT,SHRIRAMFIN,SHYAMMETL,SIEMENS,SIS,SJVN,SKFINDIA,SOBHA,SOLARA,SOLARINDS,SONACOMS,SONATSOFTW,SPARC,SPICEJET,SRF,STAR,STARHEALTH,SUDARSCHEM,SUMICHEM,SUNDARMFIN,SUNDRMFAST,SUNPHARMA,SUNTV,SUPPETRO,SUPRAJIT,SUPREMEIND,SUZLON,SWANCORP,SWSOLAR,SYMPHONY,SYNGENE,SYRMA,TANLA,TATACHEM,TATACOFFEE,TATACOMM,TATACONSUM,TATAELXSI,TATAINVEST,TATAMTRDVR,TATAPOWER,TATASTEEL,TATASTLLP,TBOTEK,TCS,TEAMLEASE,TECHM,TECHNOE,THERMAX,THYROCARE,TIINDIA,TIMKEN,TITAN,TMPV,TORNTPHARM,TORNTPOWER,TRENT,TRIDENT,TRITURBINE,TTKPRESTIG,TTML,TV18BRDCST,TVSMOTOR,UBL,UCOBANK,UJJIVANSFB,ULTRACEMCO,UNIONBANK,UNITDSPR,UNOMINDA,UPL,USHAMART,UTIAMC,VAKRANGEE,VARROC,VBL,VEDL,VENKEYS,VGUARD,VIJAYA,VINATIORGA,VIPIND,VMART,VOLTAS,VTL,WELCORP,WELSPUNLIV,WESTLIFE,WHIRLPOOL,WIPRO,WOCKPHARMA,YESBANK,ZEEL,ZENSARTECH,ZFCVINDIA,ZYDUSLIFE,ZYDUSWELL"
2015-04-30,"360ONE,3MINDIA,AADHARHFC,AARTIDRUGS,AARTIIND,AAVAS,ABB,ABBOTINDIA,ABCAPITAL,ABFRL,ABREL,ABSLAMC,ACC,ADANIENSOL,ADANIENT,ADANIGREEN,ADANIPORTS,ADVENZYMES,AEGISLOG,AFFLE,AIAENG,AJANTPHARM,ALKEM,ALKYLAMINE,ALLCARGO,ALOKINDS,AMBER,AMBUJACEM,ANANTRAJ,ANGELONE,APLAPOLLO,APLLTD,APOLLOHOSP,APOLLOTYRE,APTUS,ARE&M,ASAHIINDIA,ASHOKLEY,ASIANPAINT,ASTERDM,ASTRAL,ASTRAZEN,ATGL,ATUL,AUBANK,AUROPHARMA,AVANTIFEED,AXISBANK,BAJAJ-AUTO,BAJAJELEC,BAJAJFINSV,BAJAJHLDNG,BAJFINANCE,BALAMINES,BALKRISIND,BALRAMCHIN,BANDHANBNK,BANKBARODA,BANKINDIA,BASF,BATAINDIA,BAYERCROP,BBTC,BCG,BDL,BEL,BEML,BERGEPAINT,BHARATFORG,BHARTIARTL,BHARTIHEXA,BHEL,BIOCON,BIRLACORPN,BLUEDART,BLUESTARCO,BOSCHLTD,BPCL,BRIGADE,BRITANNIA,BSE,BSOFT,CAMS,CANBK,CANFINHOME,CAPLIPOINT,CARBORUNIV,CASTROLIND,CCL,CDSL,CEATLTD,CENTRALBK,CENTURYPLY,CERA,CESC,CGPOWER,CHALET,CHAMBLFERT,CHEMPLASTS,CHOLAFIN,CHOLAHLDNG,CIEINDIA,CIPLA,CLEAN,COALINDIA,COCHINSHIP,COFORGE,COHANCE,COLPAL,CONCOR,COROMANDEL,CREDITACC,CRISIL,CROMPTON,CUB,CUMMINSIND,CYIENT,DABUR,DALBHARAT,DBL,DBREALTY,DEEPAKNTR,DELTACORP,DEVYANI,DHANI,DIVISLAB,DIXON,DLF,DMART,DRREDDY,DUMMYHEG,EASEMYTRIP,ECLERX,EDELWEISS,EICHERMOT,EIDPARRY,EIHOTEL,ELGIEQUIP,EMAMILTD,ENDURANCE,ENGINERSIN,EPIGRAL,EQUITAS,EQUITASBNK,ERIS,ESCORTS,ETERNAL,EXIDEIND,FACT,FEDERALBNK,FINCABLES,FINEORG,FINPIPE,FLUOROCHEM,FORTIS,FSL,GAEL,GAIL,GALAXYSURF,GESHIP,GICRE,GILLETTE,GLAND,GLAXO,GLENMARK,GLS,GMRAIRPORT,GNFC,GOCOLORS,GODFRYPHLP,GODIGIT,GODREJAGRO,GODREJCP,GODREJIND,GODREJPROP,GPIL,GPPL,GRANULES,GRAPHITE,GRASIM,GRINDWELL,GRINFRA,GSFC,GSPL,GUJALKALI,GUJGASLTD,GVT&D,HAL,HAPPSTMNDS,HATHWAY,HATSUN,HAVELLS,HBLENGINE,HCLTECH,HDFC,HDFCAMC,HDFCBANK,HDFCLIFE,HEG,HEMIPROP,HEROMOTOCO,HFCL,HINDALCO,HINDCOPPER,HINDPETRO,HINDUNILVR,HINDZINC,HLEGLAS,HOMEFIRST,HONAUT,HUDCO,ICICIBANK,ICICIGI,ICICIPRULI,ICIL,IDBI,IDEA,IDFC,IDFCFIRSTB,IEX,IFCI,IGL,IIFL,INDGN,INDHOTEL,INDIACEM,INDIAMART,INDIANB,INDIGO,INDOCO,INDUSINDBK,INDUSTOWER,INFIBEAM,INFY,INOXINDIA,INOXLEISUR,INTELLECT,IOB,IOC,IPCALAB,IRB,IRCON,IRCTC,IREDA,IRFC,ITC,ITI,JAMNAAUTO,JBCHEPHARM,JINDALSAW,JINDALSTEL,JKCEMENT,JKLAKSHMI,JKTYRE,JMFINANCIL,JPPOWER,JSL,JSLHISAR,JSWDULUX,JSWENERGY,JSWSTEEL,JUBLFOOD,JUBLINGREA,JUBLPHARMA,JUSTDIAL,JYOTHYLAB,JYOTICNC,KAJARIACER,KALYANKJIL,KANSAINER,KARURVYSYA,KAYNES,KEC,KEI,KIMS,KIRLFER,KIRLOSBROS,KIRLOSENG,KNRCON,KOTAKBANK,KPIL,KPITTECH,KPRMILL,LALPATHLAB,LATENTVIEW,LAURUSLABS,LAXMIMACH,LICHSGFIN,LINDEINDIA,LODHA,LT,LTF,LTM,LTTS,LUPIN,LUXIND,M&M,M&MFIN,MAHABANK,MANAPPURAM,MAPMYINDIA,MARICO,MARUTI,MASTEK,MAXHEALTH,MAZDOCK,MCX,METROBRAND,METROPOLIS,MFSL,MGL,MINDACORP,MINDTREE,MMTC,MOIL,MOTILALOFS,MPHASIS,MRF,MRPL,MUTHOOTFIN,NAM-INDIA,NATCOPHARM,NATIONALUM,NAUKRI,NAVINFLUOR,NAZARA,NBCC,NCC,NESCO,NESTLEIND,NETWEB,NETWORK18,NEWGEN,NH,NHPC,NIACL,NLCINDIA,NMDC,NTPC,NUVOCO,NYKAA,OBEROIRLTY,OFSS,OIL,ONGC,ORIENTELEC,PAGEIND,PAYTM,PCBL,PEL,PERSISTENT,PETRONET,PFC,PFIZER,PGHH,PGHL,PHOENIXLTD,PIDILITIND,PIIND,PNB,PNBHOUSING,PNCINFRA,POLICYBZR,POLYCAB,POLYMED,POLYPLEX,POONAWALLA,POWERGRID,POWERINDIA,PRAJIND,PRESTIGE,PRIVISCL,PTCIL,PVRINOX,QUESS,RADICO,RAILTEL,RAIN,RAJESHEXPO,RALLIS,RAMCOCEM,RATNAMANI,RAYMONDLSL,RBLBANK,RCF,RECLTD,REDINGTON,RELAXO,RELIANCE,RENUKA,RHIM,RITES,ROSSARI,ROUTE,RTNINDIA,RVNL,SAIL,SAMMAANCAP,SANOFI,SAPPHIRE,SAREGAMA,SBICARD,SBILIFE,SBIN,SCHAEFFLER,SCI,SEQUENT,SFL,SHILPAMED,SHREECEM,SHRIRAMCIT,SHRIRAMFIN,SHYAMMETL,SIEMENS,SIS,SJVN,SKFINDIA,SOBHA,SOLARA,SOLARINDS,SONACOMS,SONATSOFTW,SPARC,SPICEJET,SRF,STAR,STARHEALTH,SUDARSCHEM,SUMICHEM,SUNDARMFIN,SUNDRMFAST,SUNPHARMA,SUNTV,SUPPETRO,SUPRAJIT,SUPREMEIND,SUZLON,SWANCORP,SWSOLAR,SYMPHONY,SYNGENE,SYRMA,TANLA,TATACHEM,TATACOFFEE,TATACOMM,TATACONSUM,TATAELXSI,TATAINVEST,TATAMTRDVR,TATAPOWER,TATASTEEL,TATASTLLP,TBOTEK,TCS,TEAMLEASE,TECHM,TECHNOE,THERMAX,THYROCARE,TIINDIA,TIMKEN,TITAN,TMPV,TORNTPHARM,TORNTPOWER,TRENT,TRIDENT,TRITURBINE,TTKPRESTIG,TTML,TV18BRDCST,TVSMOTOR,UBL,UCOBANK,UJJIVANSFB,ULTRACEMCO,UNIONBANK,UNITDSPR,UNOMINDA,UPL,USHAMART,UTIAMC,VAKRANGEE,VARROC,VBL,VEDL,VENKEYS,VGUARD,VIJAYA,VINATIORGA,VIPIND,VMART,VOLTAS,VTL,WELCORP,WELSPUNLIV,WESTLIFE,WHIRLPOOL,WIPRO,WOCKPHARMA,YESBANK,ZEEL,ZENSARTECH,ZFCVINDIA,ZYDUSLIFE,ZYDUSWELL"
2015-05-31,"360ONE,3MINDIA,AADHARHFC,AARTIDRUGS,AARTIIND,AAVAS,ABB,ABBOTINDIA,ABCAPITAL,ABFRL,ABREL,ABSLAMC,ACC,ADANIENSOL,ADANIENT,ADANIGREEN,ADANIPORTS,ADVENZYMES,AEGISLOG,AFFLE,AIAENG,AJANTPHARM,ALKEM,ALKYLAMINE,ALLCARGO,ALOKINDS,AMBER,AMBUJACEM,ANANTRAJ,ANGELONE,APLAPOLLO,APLLTD,APOLLOHOSP,APOLLOTYRE,APTUS,ARE&M,ASAHIINDIA,ASHOKLEY,ASIANPAINT,ASTERDM,ASTRAL,ASTRAZEN,ATGL,ATUL,AUBANK,AUROPHARMA,AVANTIFEED,AXISBANK,BAJAJ-AUTO,BAJAJELEC,BAJAJFINSV,BAJAJHLDNG,BAJFINANCE,BALAMINES,BALKRISIND,BALRAMCHIN,BANDHANBNK,BANKBARODA,BANKINDIA,BASF,BATAINDIA,BAYERCROP,BBTC,BCG,BDL,BEL,BEML,BERGEPAINT,BHARATFORG,BHARTIARTL,BHARTIHEXA,BHEL,BIOCON,BIRLACORPN,BLUEDART,BLUESTARCO,BOSCHLTD,BPCL,BRIGADE,BRITANNIA,BSE,BSOFT,CAMS,CANBK,CANFINHOME,CAPLIPOINT,CARBORUNIV,CASTROLIND,CCL,CDSL,CEATLTD,CENTRALBK,CENTURYPLY,CERA,CESC,CGPOWER,CHALET,CHAMBLFERT,CHEMPLASTS,CHOLAFIN,CHOLAHLDNG,CIEINDIA,CIPLA,CLEAN,COALINDIA,COCHINSHIP,COFORGE,COHANCE,COLPAL,CONCOR,COROMANDEL,CREDITACC,CRISIL,CROMPTON,CUB,CUMMINSIND,CYIENT,DABUR,DALBHARAT,DBL,DBREALTY,DEEPAKNTR,DELTACORP,DEVYANI,DHANI,DIVISLAB,DIXON,DLF,DMART,DRREDDY,DUMMYHEG,EASEMYTRIP,ECLERX,EDELWEISS,EICHERMOT,EIDPARRY,EIHOTEL,ELGIEQUIP,EMAMILTD,ENDURANCE,ENGINERSIN,EPIGRAL,EQUITAS,EQUITASBNK,ERIS,ESCORTS,ETERNAL,EXIDEIND,FACT,FEDERALBNK,FINCABLES,FINEORG,FINPIPE,FLUOROCHEM,FORTIS,FSL,GAEL,GAIL,GALAXYSURF,GESHIP,GICRE,GILLETTE,GLAND,GLAXO,GLENMARK,GLS,GMRAIRPORT,GNFC,GOCOLORS,GODFRYPHLP,GODIGIT,GODREJAGRO,GODREJCP,GODREJIND,GODREJPROP,GPIL,GPPL,GRANULES,GRAPHITE,GRASIM,GRINDWELL,GRINFRA,GSFC,GSPL,GUJALKALI,GUJGASLTD,GVT&D,HAL,HAPPSTMNDS,HATHWAY,HATSUN,HAVELLS,HBLENGINE,HCLTECH,HDFC,HDFCAMC,HDFCBANK,HDFCLIFE,HEG,HEMIPROP,HEROMOTOCO,HFCL,HINDALCO,HINDCOPPER,HINDPETRO,HINDUNILVR,HINDZINC,HLEGLAS,HOMEFIRST,HONAUT,HUDCO,ICICIBANK,ICICIGI,ICICIPRULI,ICIL,IDBI,IDEA,IDFC,IDFCFIRSTB,IEX,IFCI,IGL,IIFL,INDGN,INDHOTEL,INDIACEM,INDIAMART,INDIANB,INDIGO,INDOCO,INDUSINDBK,INDUSTOWER,INFIBEAM,INFY,INOXINDIA,INOXLEISUR,INTELLECT,IOB,IOC,IPCALAB,IRB,IRCON,IRCTC,IREDA,IRFC,ITC,ITI,JAMNAAUTO,JBCHEPHARM,JINDALSAW,JINDALSTEL,JKCEMENT,JKLAKSHMI,JKTYRE,JMFINANCIL,JPPOWER,JSL,JSLHISAR,JSWDULUX,JSWENERGY,JSWSTEEL,JUBLFOOD,JUBLINGREA,JUBLPHARMA,JUSTDIAL,JYOTHYLAB,JYOTICNC,KAJARIACER,KALYANKJIL,KANSAINER,KARURVYSYA,KAYNES,KEC,KEI,KIMS,KIRLFER,KIRLOSBROS,KIRLOSENG,KNRCON,KOTAKBANK,KPIL,KPITTECH,KPRMILL,LALPATHLAB,LATENTVIEW,LAURUSLABS,LAXMIMACH,LICHSGFIN,LINDEINDIA,LODHA,LT,LTF,LTM,LTTS,LUPIN,LUXIND,M&M,M&MFIN,MAHABANK,MANAPPURAM,MAPMYINDIA,MARICO,MARUTI,MASTEK,MAXHEALTH,MAZDOCK,MCX,METROBRAND,METROPOLIS,MFSL,MGL,MINDACORP,MINDTREE,MMTC,MOIL,MOTILALOFS,MPHASIS,MRF,MRPL,MUTHOOTFIN,NAM-INDIA,NATCOPHARM,NATIONALUM,NAUKRI,NAVINFLUOR,NAZARA,NBCC,NCC,NESCO,NESTLEIND,NETWEB,NETWORK18,NEWGEN,NH,NHPC,NIACL,NLCINDIA,NMDC,NTPC,NUVOCO,NYKAA,OBEROIRLTY,OFSS,OIL,ONGC,ORIENTELEC,PAGEIND,PAYTM,PCBL,PEL,PERSISTENT,PETRONET,PFC,PFIZER,PGHH,PGHL,PHOENIXLTD,PIDILITIND,PIIND,PNB,PNBHOUSING,PNCINFRA,POLICYBZR,POLYCAB,POLYMED,POLYPLEX,POONAWALLA,POWERGRID,POWERINDIA,PRAJIND,PRESTIGE,PRIVISCL,PTCIL,PVRINOX,QUESS,RADICO,RAILTEL,RAIN,RAJESHEXPO,RALLIS,RAMCOCEM,RATNAMANI,RAYMONDLSL,RBLBANK,RCF,RECLTD,REDINGTON,RELAXO,RELIANCE,RENUKA,RHIM,RITES,ROSSARI,ROUTE,RTNINDIA,RVNL,SAIL,SAMMAANCAP,SANOFI,SAPPHIRE,SAREGAMA,SBICARD,SBILIFE,SBIN,SCHAEFFLER,SCI,SEQUENT,SFL,SHILPAMED,SHREECEM,SHRIRAMCIT,SHRIRAMFIN,SHYAMMETL,SIEMENS,SIS,SJVN,SKFINDIA,SOBHA,SOLARA,SOLARINDS,SONACOMS,SONATSOFTW,SPARC,SPICEJET,SRF,STAR,STARHEALTH,SUDARSCHEM,SUMICHEM,SUNDARMFIN,SUNDRMFAST,SUNPHARMA,SUNTV,SUPPETRO,SUPRAJIT,SUPREMEIND,SUZLON,SWANCORP,SWSOLAR,SYMPHONY,SYNGENE,SYRMA,TANLA,TATACHEM,TATACOFFEE,TATACOMM,TATACONSUM,TATAELXSI,TATAINVEST,TATAMTRDVR,TATAPOWER,TATASTEEL,TATASTLLP,TBOTEK,TCS,TEAMLEASE,TECHM,TECHNOE,THERMAX,THYROCARE,TIINDIA,TIMKEN,TITAN,TMPV,TORNTPHARM,TORNTPOWER,TRENT,TRIDENT,TRITURBINE,TTKPRESTIG,TTML,TV18BRDCST,TVSMOTOR,UBL,UCOBANK,UJJIVANSFB,ULTRACEMCO,UNIONBANK,UNITDSPR,UNOMINDA,UPL,USHAMART,UTIAMC,VAKRANGEE,VARROC,VBL,VEDL,VENKEYS,VGUARD,VIJAYA,VINATIORGA,VIPIND,VMART,VOLTAS,VTL,WELCORP,WELSPUNLIV,WESTLIFE,WHIRLPOOL,WIPRO,WOCKPHARMA,YESBANK,ZEEL,ZENSARTECH,ZFCVINDIA,ZYDUSLIFE,ZYDUSWELL"
2015-06-30,"360ONE,3MINDIA,AADHARHFC,AARTIDRUGS,AARTIIND,AAVAS,ABB,ABBOTINDIA,ABCAPITAL,ABFRL,ABREL,ABSLAMC,ACC,ADANIENSOL,ADANIENT,ADANIGREEN,ADANIPORTS,ADVENZYMES,AEGISLOG,AFFLE,AIAENG,AJANTPHARM,ALKEM,ALKYLAMINE,ALLCARGO,ALOKINDS,AMBER,AMBUJACEM,ANANTRAJ,ANGELONE,APLAPOLLO,APLLTD,APOLLOHOSP,APOLLOTYRE,APTUS,ARE&M,ASAHIINDIA,ASHOKLEY,ASIANPAINT,ASTERDM,ASTRAL,ASTRAZEN,ATGL,ATUL,AUBANK,AUROPHARMA,AVANTIFEED,AXISBANK,BAJAJ-AUTO,BAJAJELEC,BAJAJFINSV,BAJAJHLDNG,BAJFINANCE,BALAMINES,BALKRISIND,BALRAMCHIN,BANDHANBNK,BANKBARODA,BANKINDIA,BASF,BATAINDIA,BAYERCROP,BBTC,BCG,BDL,BEL,BEML,BERGEPAINT,BHARATFORG,BHARTIARTL,BHARTIHEXA,BHEL,BIOCON,BIRLACORPN,BLUEDART,BLUESTARCO,BOSCHLTD,BPCL,BRIGADE,BRITANNIA,BSE,BSOFT,CAMS,CANBK,CANFINHOME,CAPLIPOINT,CARBORUNIV,CASTROLIND,CCL,CDSL,CEATLTD,CENTRALBK,CENTURYPLY,CERA,CESC,CGPOWER,CHALET,CHAMBLFERT,CHEMPLASTS,CHOLAFIN,CHOLAHLDNG,CIEINDIA,CIPLA,CLEAN,COALINDIA,COCHINSHIP,COFORGE,COHANCE,COLPAL,CONCOR,COROMANDEL,CREDITACC,CRISIL,CROMPTON,CUB,CUMMINSIND,CYIENT,DABUR,DALBHARAT,DBL,DBREALTY,DEEPAKNTR,DELTACORP,DEVYANI,DHANI,DIVISLAB,DIXON,DLF,DMART,DRREDDY,DUMMYHEG,EASEMYTRIP,ECLERX,EDELWEISS,EICHERMOT,EIDPARRY,EIHOTEL,ELGIEQUIP,EMAMILTD,ENDURANCE,ENGINERSIN,EPIGRAL,EQUITAS,EQUITASBNK,ERIS,ESCORTS,ETERNAL,EXIDEIND,FACT,FEDERALBNK,FINCABLES,FINEORG,FINPIPE,FLUOROCHEM,FORTIS,FSL,GAEL,GAIL,GALAXYSURF,GESHIP,GICRE,GILLETTE,GLAND,GLAXO,GLENMARK,GLS,GMRAIRPORT,GNFC,GOCOLORS,GODFRYPHLP,GODIGIT,GODREJAGRO,GODREJCP,GODREJIND,GODREJPROP,GPIL,GPPL,GRANULES,GRAPHITE,GRASIM,GRINDWELL,GRINFRA,GSFC,GSPL,GUJALKALI,GUJGASLTD,GVT&D,HAL,HAPPSTMNDS,HATHWAY,HATSUN,HAVELLS,HBLENGINE,HCLTECH,HDFC,HDFCAMC,HDFCBANK,HDFCLIFE,HEG,HEMIPROP,HEROMOTOCO,HFCL,HINDALCO,HINDCOPPER,HINDPETRO,HINDUNILVR,HINDZINC,HLEGLAS,HOMEFIRST,HONAUT,HUDCO,ICICIBANK,ICICIGI,ICICIPRULI,ICIL,IDBI,IDEA,IDFC,IDFCFIRSTB,IEX,IFCI,IGL,IIFL,INDGN,INDHOTEL,INDIACEM,INDIAMART,INDIANB,INDIGO,INDOCO,INDUSINDBK,INDUSTOWER,INFIBEAM,INFY,INOXINDIA,INOXLEISUR,INTELLECT,IOB,IOC,IPCALAB,IRB,IRCON,IRCTC,IREDA,IRFC,ITC,ITI,JAMNAAUTO,JBCHEPHARM,JINDALSAW,JINDALSTEL,JKCEMENT,JKLAKSHMI,JKTYRE,JMFINANCIL,JPPOWER,JSL,JSLHISAR,JSWDULUX,JSWENERGY,JSWSTEEL,JUBLFOOD,JUBLINGREA,JUBLPHARMA,JUSTDIAL,JYOTHYLAB,JYOTICNC,KAJARIACER,KALYANKJIL,KANSAINER,KARURVYSYA,KAYNES,KEC,KEI,KIMS,KIRLFER,KIRLOSBROS,KIRLOSENG,KNRCON,KOTAKBANK,KPIL,KPITTECH,KPRMILL,LALPATHLAB,LATENTVIEW,LAURUSLABS,LAXMIMACH,LICHSGFIN,LINDEINDIA,LODHA,LT,LTF,LTM,LTTS,LUPIN,LUXIND,M&M,M&MFIN,MAHABANK,MANAPPURAM,MAPMYINDIA,MARICO,MARUTI,MASTEK,MAXHEALTH,MAZDOCK,MCX,METROBRAND,METROPOLIS,MFSL,MGL,MINDACORP,MINDTREE,MMTC,MOIL,MOTILALOFS,MPHASIS,MRF,MRPL,MUTHOOTFIN,NAM-INDIA,NATCOPHARM,NATIONALUM,NAUKRI,NAVINFLUOR,NAZARA,NBCC,NCC,NESCO,NESTLEIND,NETWEB,NETWORK18,NEWGEN,NH,NHPC,NIACL,NLCINDIA,NMDC,NTPC,NUVOCO,NYKAA,OBEROIRLTY,OFSS,OIL,ONGC,ORIENTELEC,PAGEIND,PAYTM,PCBL,PEL,PERSISTENT,PETRONET,PFC,PFIZER,PGHH,PGHL,PHOENIXLTD,PIDILITIND,PIIND,PNB,PNBHOUSING,PNCINFRA,POLICYBZR,POLYCAB,POLYMED,POLYPLEX,POONAWALLA,POWERGRID,POWERINDIA,PRAJIND,PRESTIGE,PRIVISCL,PTCIL,PVRINOX,QUESS,RADICO,RAILTEL,RAIN,RAJESHEXPO,RALLIS,RAMCOCEM,RATNAMANI,RAYMONDLSL,RBLBANK,RCF,RECLTD,REDINGTON,RELAXO,RELIANCE,RENUKA,RHIM,RITES,ROSSARI,ROUTE,RTNINDIA,RVNL,SAIL,SAMMAANCAP,SANOFI,SAPPHIRE,SAREGAMA,SBICARD,SBILIFE,SBIN,SCHAEFFLER,SCI,SEQUENT,SFL,SHILPAMED,SHREECEM,SHRIRAMCIT,SHRIRAMFIN,SHYAMMETL,SIEMENS,SIS,SJVN,SKFINDIA,SOBHA,SOLARA,SOLARINDS,SONACOMS,SONATSOFTW,SPARC,SPICEJET,SRF,STAR,STARHEALTH,SUDARSCHEM,SUMICHEM,SUNDARMFIN,SUNDRMFAST,SUNPHARMA,SUNTV,SUPPETRO,SUPRAJIT,SUPREMEIND,SUZLON,SWANCORP,SWSOLAR,SYMPHONY,SYNGENE,SYRMA,TANLA,TATACHEM,TATACOFFEE,TATACOMM,TATACONSUM,TATAELXSI,TATAINVEST,TATAMTRDVR,TATAPOWER,TATASTEEL,TATASTLLP,TBOTEK,TCS,TEAMLEASE,TECHM,TECHNOE,THERMAX,THYROCARE,TIINDIA,TIMKEN,TITAN,TMPV,TORNTPHARM,TORNTPOWER,TRENT,TRIDENT,TRITURBINE,TTKPRESTIG,TTML,TV18BRDCST,TVSMOTOR,UBL,UCOBANK,UJJIVANSFB,ULTRACEMCO,UNIONBANK,UNITDSPR,UNOMINDA,UPL,USHAMART,UTIAMC,VAKRANGEE,VARROC,VBL,VEDL,VENKEYS,VGUARD,VIJAYA,VINATIORGA,VIPIND,VMART,VOLTAS,VTL,WELCORP,WELSPUNLIV,WESTLIFE,WHIRLPOOL,WIPRO,WOCKPHARMA,YESBANK,ZEEL,ZENSARTECH,ZFCVINDIA,ZYDUSLIFE,ZYDUSWELL"
2015-07-31,"360ONE,3MINDIA,AADHARHFC,AARTIDRUGS,AARTIIND,AAVAS,ABB,ABBOTINDIA,ABCAPITAL,ABFRL,ABREL,ABSLAMC,ACC,ADANIENSOL,ADANIENT,ADANIGREEN,ADANIPORTS,ADVENZYMES,AEGISLOG,AFFLE,AIAENG,AJANTPHARM,ALKEM,ALKYLAMINE,ALLCARGO,ALOKINDS,AMBER,AMBUJACEM,ANANTRAJ,ANGELONE,APLAPOLLO,APLLTD,APOLLOHOSP,APOLLOTYRE,APTUS,ARE&M,ASAHIINDIA,ASHOKLEY,ASIANPAINT,ASTERDM,ASTRAL,ASTRAZEN,ATGL,ATUL,AUBANK,AUROPHARMA,AVANTIFEED,AXISBANK,BAJAJ-AUTO,BAJAJELEC,BAJAJFINSV,BAJAJHLDNG,BAJFINANCE,BALAMINES,BALKRISIND,BALRAMCHIN,BANDHANBNK,BANKBARODA,BANKINDIA,BASF,BATAINDIA,BAYERCROP,BBTC,BCG,BDL,BEL,BEML,BERGEPAINT,BHARATFORG,BHARTIARTL,BHARTIHEXA,BHEL,BIOCON,BIRLACORPN,BLUEDART,BLUESTARCO,BOSCHLTD,BPCL,BRIGADE,BRITANNIA,BSE,BSOFT,CAMS,CANBK,CANFINHOME,CAPLIPOINT,CARBORUNIV,CASTROLIND,CCL,CDSL,CEATLTD,CENTRALBK,CENTURYPLY,CERA,CESC,CGPOWER,CHALET,CHAMBLFERT,CHEMPLASTS,CHOLAFIN,CHOLAHLDNG,CIEINDIA,CIPLA,CLEAN,COALINDIA,COCHINSHIP,COFORGE,COHANCE,COLPAL,CONCOR,COROMANDEL,CREDITACC,CRISIL,CROMPTON,CUB,CUMMINSIND,CYIENT,DABUR,DALBHARAT,DBL,DBREALTY,DEEPAKNTR,DELTACORP,DEVYANI,DHANI,DIVISLAB,DIXON,DLF,DMART,DRREDDY,DUMMYHEG,EASEMYTRIP,ECLERX,EDELWEISS,EICHERMOT,EIDPARRY,EIHOTEL,ELGIEQUIP,EMAMILTD,ENDURANCE,ENGINERSIN,EPIGRAL,EQUITAS,EQUITASBNK,ERIS,ESCORTS,ETERNAL,EXIDEIND,FACT,FEDERALBNK,FINCABLES,FINEORG,FINPIPE,FLUOROCHEM,FORTIS,FSL,GAEL,GAIL,GALAXYSURF,GESHIP,GICRE,GILLETTE,GLAND,GLAXO,GLENMARK,GLS,GMRAIRPORT,GNFC,GOCOLORS,GODFRYPHLP,GODIGIT,GODREJAGRO,GODREJCP,GODREJIND,GODREJPROP,GPIL,GPPL,GRANULES,GRAPHITE,GRASIM,GRINDWELL,GRINFRA,GSFC,GSPL,GUJALKALI,GUJGASLTD,GVT&D,HAL,HAPPSTMNDS,HATHWAY,HATSUN,HAVELLS,HBLENGINE,HCLTECH,HDFC,HDFCAMC,HDFCBANK,HDFCLIFE,HEG,HEMIPROP,HEROMOTOCO,HFCL,HINDALCO,HINDCOPPER,HINDPETRO,HINDUNILVR,HINDZINC,HLEGLAS,HOMEFIRST,HONAUT,HUDCO,ICICIBANK,ICICIGI,ICICIPRULI,ICIL,IDBI,IDEA,IDFC,IDFCFIRSTB,IEX,IFCI,IGL,IIFL,INDGN,INDHOTEL,INDIACEM,INDIAMART,INDIANB,INDIGO,INDOCO,INDUSINDBK,INDUSTOWER,INFIBEAM,INFY,INOXINDIA,INOXLEISUR,INTELLECT,IOB,IOC,IPCALAB,IRB,IRCON,IRCTC,IREDA,IRFC,ITC,ITI,JAMNAAUTO,JBCHEPHARM,JINDALSAW,JINDALSTEL,JKCEMENT,JKLAKSHMI,JKTYRE,JMFINANCIL,JPPOWER,JSL,JSLHISAR,JSWDULUX,JSWENERGY,JSWSTEEL,JUBLFOOD,JUBLINGREA,JUBLPHARMA,JUSTDIAL,JYOTHYLAB,JYOTICNC,KAJARIACER,KALYANKJIL,KANSAINER,KARURVYSYA,KAYNES,KEC,KEI,KIMS,KIRLFER,KIRLOSBROS,KIRLOSENG,KNRCON,KOTAKBANK,KPIL,KPITTECH,KPRMILL,LALPATHLAB,LATENTVIEW,LAURUSLABS,LAXMIMACH,LICHSGFIN,LINDEINDIA,LODHA,LT,LTF,LTM,LTTS,LUPIN,LUXIND,M&M,M&MFIN,MAHABANK,MANAPPURAM,MAPMYINDIA,MARICO,MARUTI,MASTEK,MAXHEALTH,MAZDOCK,MCX,METROBRAND,METROPOLIS,MFSL,MGL,MINDACORP,MINDTREE,MMTC,MOIL,MOTILALOFS,MPHASIS,MRF,MRPL,MUTHOOTFIN,NAM-INDIA,NATCOPHARM,NATIONALUM,NAUKRI,NAVINFLUOR,NAZARA,NBCC,NCC,NESCO,NESTLEIND,NETWEB,NETWORK18,NEWGEN,NH,NHPC,NIACL,NLCINDIA,NMDC,NTPC,NUVOCO,NYKAA,OBEROIRLTY,OFSS,OIL,ONGC,ORIENTELEC,PAGEIND,PAYTM,PCBL,PEL,PERSISTENT,PETRONET,PFC,PFIZER,PGHH,PGHL,PHOENIXLTD,PIDILITIND,PIIND,PNB,PNBHOUSING,PNCINFRA,POLICYBZR,POLYCAB,POLYMED,POLYPLEX,POONAWALLA,POWERGRID,POWERINDIA,PRAJIND,PRESTIGE,PRIVISCL,PTCIL,PVRINOX,QUESS,RADICO,RAILTEL,RAIN,RAJESHEXPO,RALLIS,RAMCOCEM,RATNAMANI,RAYMONDLSL,RBLBANK,RCF,RECLTD,REDINGTON,RELAXO,RELIANCE,RENUKA,RHIM,RITES,ROSSARI,ROUTE,RTNINDIA,RVNL,SAIL,SAMMAANCAP,SANOFI,SAPPHIRE,SAREGAMA,SBICARD,SBILIFE,SBIN,SCHAEFFLER,SCI,SEQUENT,SFL,SHILPAMED,SHREECEM,SHRIRAMCIT,SHRIRAMFIN,SHYAMMETL,SIEMENS,SIS,SJVN,SKFINDIA,SOBHA,SOLARA,SOLARINDS,SONACOMS,SONATSOFTW,SPARC,SPICEJET,SRF,STAR,STARHEALTH,SUDARSCHEM,SUMICHEM,SUNDARMFIN,SUNDRMFAST,SUNPHARMA,SUNTV,SUPPETRO,SUPRAJIT,SUPREMEIND,SUZLON,SWANCORP,SWSOLAR,SYMPHONY,SYNGENE,SYRMA,TANLA,TATACHEM,TATACOFFEE,TATACOMM,TATACONSUM,TATAELXSI,TATAINVEST,TATAMTRDVR,TATAPOWER,TATASTEEL,TATASTLLP,TBOTEK,TCS,TEAMLEASE,TECHM,TECHNOE,THERMAX,THYROCARE,TIINDIA,TIMKEN,TITAN,TMPV,TORNTPHARM,TORNTPOWER,TRENT,TRIDENT,TRITURBINE,TTKPRESTIG,TTML,TV18BRDCST,TVSMOTOR,UBL,UCOBANK,UJJIVANSFB,ULTRACEMCO,UNIONBANK,UNITDSPR,UNOMINDA,UPL,USHAMART,UTIAMC,VAKRANGEE,VARROC,VBL,VEDL,VENKEYS,VGUARD,VIJAYA,VINATIORGA,VIPIND,VMART,VOLTAS,VTL,WELCORP,WELSPUNLIV,WESTLIFE,WHIRLPOOL,WIPRO,WOCKPHARMA,YESBANK,ZEEL,ZENSARTECH,ZFCVINDIA,ZYDUSLIFE,ZYDUSWELL"
2015-08-31,"360ONE,3MINDIA,AADHARHFC,AARTIDRUGS,AARTIIND,AAVAS,ABB,ABBOTINDIA,ABCAPITAL,ABFRL,ABREL,ABSLAMC,ACC,ADANIENSOL,ADANIENT,ADANIGREEN,ADANIPORTS,ADVENZYMES,AEGISLOG,AFFLE,AIAENG,AJANTPHARM,ALKEM,ALKYLAMINE,ALLCARGO,ALOKINDS,AMBER,AMBUJACEM,ANANTRAJ,ANGELONE,APLAPOLLO,APLLTD,APOLLOHOSP,APOLLOTYRE,APTUS,ARE&M,ASAHIINDIA,ASHOKLEY,ASIANPAINT,ASTERDM,ASTRAL,ASTRAZEN,ATGL,ATUL,AUBANK,AUROPHARMA,AVANTIFEED,AXISBANK,BAJAJ-AUTO,BAJAJELEC,BAJAJFINSV,BAJAJHLDNG,BAJFINANCE,BALAMINES,BALKRISIND,BALRAMCHIN,BANDHANBNK,BANKBARODA,BANKINDIA,BASF,BATAINDIA,BAYERCROP,BBTC,BCG,BDL,BEL,BEML,BERGEPAINT,BHARATFORG,BHARTIARTL,BHARTIHEXA,BHEL,BIOCON,BIRLACORPN,BLUEDART,BLUESTARCO,BOSCHLTD,BPCL,BRIGADE,BRITANNIA,BSE,BSOFT,CAMS,CANBK,CANFINHOME,CAPLIPOINT,CARBORUNIV,CASTROLIND,CCL,CDSL,CEATLTD,CENTRALBK,CENTURYPLY,CERA,CESC,CGPOWER,CHALET,CHAMBLFERT,CHEMPLASTS,CHOLAFIN,CHOLAHLDNG,CIEINDIA,CIPLA,CLEAN,COALINDIA,COCHINSHIP,COFORGE,COHANCE,COLPAL,CONCOR,COROMANDEL,CREDITACC,CRISIL,CROMPTON,CUB,CUMMINSIND,CYIENT,DABUR,DALBHARAT,DBL,DBREALTY,DEEPAKNTR,DELTACORP,DEVYANI,DHANI,DIVISLAB,DIXON,DLF,DMART,DRREDDY,DUMMYHEG,EASEMYTRIP,ECLERX,EDELWEISS,EICHERMOT,EIDPARRY,EIHOTEL,ELGIEQUIP,EMAMILTD,ENDURANCE,ENGINERSIN,EPIGRAL,EQUITAS,EQUITASBNK,ERIS,ESCORTS,ETERNAL,EXIDEIND,FACT,FEDERALBNK,FINCABLES,FINEORG,FINPIPE,FLUOROCHEM,FORTIS,FSL,GAEL,GAIL,GALAXYSURF,GESHIP,GICRE,GILLETTE,GLAND,GLAXO,GLENMARK,GLS,GMRAIRPORT,GNFC,GOCOLORS,GODFRYPHLP,GODIGIT,GODREJAGRO,GODREJCP,GODREJIND,GODREJPROP,GPIL,GPPL,GRANULES,GRAPHITE,GRASIM,GRINDWELL,GRINFRA,GSFC,GSPL,GUJALKALI,GUJGASLTD,GVT&D,HAL,HAPPSTMNDS,HATHWAY,HATSUN,HAVELLS,HBLENGINE,HCLTECH,HDFC,HDFCAMC,HDFCBANK,HDFCLIFE,HEG,HEMIPROP,HEROMOTOCO,HFCL,HINDALCO,HINDCOPPER,HINDPETRO,HINDUNILVR,HINDZINC,HLEGLAS,HOMEFIRST,HONAUT,HUDCO,ICICIBANK,ICICIGI,ICICIPRULI,ICIL,IDBI,IDEA,IDFC,IDFCFIRSTB,IEX,IFCI,IGL,IIFL,INDGN,INDHOTEL,INDIACEM,INDIAMART,INDIANB,INDIGO,INDOCO,INDUSINDBK,INDUSTOWER,INFIBEAM,INFY,INOXINDIA,INOXLEISUR,INTELLECT,IOB,IOC,IPCALAB,IRB,IRCON,IRCTC,IREDA,IRFC,ITC,ITI,JAMNAAUTO,JBCHEPHARM,JINDALSAW,JINDALSTEL,JKCEMENT,JKLAKSHMI,JKTYRE,JMFINANCIL,JPPOWER,JSL,JSLHISAR,JSWDULUX,JSWENERGY,JSWSTEEL,JUBLFOOD,JUBLINGREA,JUBLPHARMA,JUSTDIAL,JYOTHYLAB,JYOTICNC,KAJARIACER,KALYANKJIL,KANSAINER,KARURVYSYA,KAYNES,KEC,KEI,KIMS,KIRLFER,KIRLOSBROS,KIRLOSENG,KNRCON,KOTAKBANK,KPIL,KPITTECH,KPRMILL,LALPATHLAB,LATENTVIEW,LAURUSLABS,LAXMIMACH,LICHSGFIN,LINDEINDIA,LODHA,LT,LTF,LTM,LTTS,LUPIN,LUXIND,M&M,M&MFIN,MAHABANK,MANAPPURAM,MAPMYINDIA,MARICO,MARUTI,MASTEK,MAXHEALTH,MAZDOCK,MCX,METROBRAND,METROPOLIS,MFSL,MGL,MINDACORP,MINDTREE,MMTC,MOIL,MOTILALOFS,MPHASIS,MRF,MRPL,MUTHOOTFIN,NAM-INDIA,NATCOPHARM,NATIONALUM,NAUKRI,NAVINFLUOR,NAZARA,NBCC,NCC,NESCO,NESTLEIND,NETWEB,NETWORK18,NEWGEN,NH,NHPC,NIACL,NLCINDIA,NMDC,NTPC,NUVOCO,NYKAA,OBEROIRLTY,OFSS,OIL,ONGC,ORIENTELEC,PAGEIND,PAYTM,PCBL,PEL,PERSISTENT,PETRONET,PFC,PFIZER,PGHH,PGHL,PHOENIXLTD,PIDILITIND,PIIND,PNB,PNBHOUSING,PNCINFRA,POLICYBZR,POLYCAB,POLYMED,POLYPLEX,POONAWALLA,POWERGRID,POWERINDIA,PRAJIND,PRESTIGE,PRIVISCL,PTCIL,PVRINOX,QUESS,RADICO,RAILTEL,RAIN,RAJESHEXPO,RALLIS,RAMCOCEM,RATNAMANI,RAYMONDLSL,RBLBANK,RCF,RECLTD,REDINGTON,RELAXO,RELIANCE,RENUKA,RHIM,RITES,ROSSARI,ROUTE,RTNINDIA,RVNL,SAIL,SAMMAANCAP,SANOFI,SAPPHIRE,SAREGAMA,SBICARD,SBILIFE,SBIN,SCHAEFFLER,SCI,SEQUENT,SFL,SHILPAMED,SHREECEM,SHRIRAMCIT,SHRIRAMFIN,SHYAMMETL,SIEMENS,SIS,SJVN,SKFINDIA,SOBHA,SOLARA,SOLARINDS,SONACOMS,SONATSOFTW,SPARC,SPICEJET,SRF,STAR,STARHEALTH,SUDARSCHEM,SUMICHEM,SUNDARMFIN,SUNDRMFAST,SUNPHARMA,SUNTV,SUPPETRO,SUPRAJIT,SUPREMEIND,SUZLON,SWANCORP,SWSOLAR,SYMPHONY,SYNGENE,SYRMA,TANLA,TATACHEM,TATACOFFEE,TATACOMM,TATACONSUM,TATAELXSI,TATAINVEST,TATAMTRDVR,TATAPOWER,TATASTEEL,TATASTLLP,TBOTEK,TCS,TEAMLEASE,TECHM,TECHNOE,THERMAX,THYROCARE,TIINDIA,TIMKEN,TITAN,TMPV,TORNTPHARM,TORNTPOWER,TRENT,TRIDENT,TRITURBINE,TTKPRESTIG,TTML,TV18BRDCST,TVSMOTOR,UBL,UCOBANK,UJJIVANSFB,ULTRACEMCO,UNIONBANK,UNITDSPR,UNOMINDA,UPL,USHAMART,UTIAMC,VAKRANGEE,VARROC,VBL,VEDL,VENKEYS,VGUARD,VIJAYA,VINATIORGA,VIPIND,VMART,VOLTAS,VTL,WELCORP,WELSPUNLIV,WESTLIFE,WHIRLPOOL,WIPRO,WOCKPHARMA,YESBANK,ZEEL,ZENSARTECH,ZFCVINDIA,ZYDUSLIFE,ZYDUSWELL"
2015-09-30,"360ONE,3MINDIA,AADHARHFC,AARTIDRUGS,AARTIIND,AAVAS,ABB,ABBOTINDIA,ABCAPITAL,ABFRL,ABREL,ABSLAMC,ACC,ADANIENSOL,ADANIENT,ADANIGREEN,ADANIPORTS,ADVENZYMES,AEGISLOG,AFFLE,AIAENG,AJANTPHARM,ALKEM,ALKYLAMINE,ALLCARGO,ALOKINDS,AMBER,AMBUJACEM,ANANTRAJ,ANGELONE,APLAPOLLO,APLLTD,APOLLOHOSP,APOLLOTYRE,APTUS,ARE&M,ASAHIINDIA,ASHOKLEY,ASIANPAINT,ASTERDM,ASTRAL,ASTRAZEN,ATGL,ATUL,AUBANK,AUROPHARMA,AVANTIFEED,AXISBANK,BAJAJ-AUTO,BAJAJELEC,BAJAJFINSV,BAJAJHLDNG,BAJFINANCE,BALAMINES,BALKRISIND,BALRAMCHIN,BANDHANBNK,BANKBARODA,BANKINDIA,BASF,BATAINDIA,BAYERCROP,BBTC,BCG,BDL,BEL,BEML,BERGEPAINT,BHARATFORG,BHARTIARTL,BHARTIHEXA,BHEL,BIOCON,BIRLACORPN,BLUEDART,BLUESTARCO,BOSCHLTD,BPCL,BRIGADE,BRITANNIA,BSE,BSOFT,CAMS,CANBK,CANFINHOME,CAPLIPOINT,CARBORUNIV,CASTROLIND,CCL,CDSL,CEATLTD,CENTRALBK,CENTURYPLY,CERA,CESC,CGPOWER,CHALET,CHAMBLFERT,CHEMPLASTS,CHOLAFIN,CHOLAHLDNG,CIEINDIA,CIPLA,CLEAN,COALINDIA,COCHINSHIP,COFORGE,COHANCE,COLPAL,CONCOR,COROMANDEL,CREDITACC,CRISIL,CROMPTON,CUB,CUMMINSIND,CYIENT,DABUR,DALBHARAT,DBL,DBREALTY,DEEPAKNTR,DELTACORP,DEVYANI,DHANI,DIVISLAB,DIXON,DLF,DMART,DRREDDY,DUMMYHEG,EASEMYTRIP,ECLERX,EDELWEISS,EICHERMOT,EIDPARRY,EIHOTEL,ELGIEQUIP,EMAMILTD,ENDURANCE,ENGINERSIN,EPIGRAL,EQUITAS,EQUITASBNK,ERIS,ESCORTS,ETERNAL,EXIDEIND,FACT,FEDERALBNK,FINCABLES,FINEORG,FINPIPE,FLUOROCHEM,FORTIS,FSL,GAEL,GAIL,GALAXYSURF,GESHIP,GICRE,GILLETTE,GLAND,GLAXO,GLENMARK,GLS,GMRAIRPORT,GNFC,GOCOLORS,GODFRYPHLP,GODIGIT,GODREJAGRO,GODREJCP,GODREJIND,GODREJPROP,GPIL,GPPL,GRANULES,GRAPHITE,GRASIM,GRINDWELL,GRINFRA,GSFC,GSPL,GUJALKALI,GUJGASLTD,GVT&D,HAL,HAPPSTMNDS,HATHWAY,HATSUN,HAVELLS,HBLENGINE,HCLTECH,HDFC,HDFCAMC,HDFCBANK,HDFCLIFE,HEG,HEMIPROP,HEROMOTOCO,HFCL,HINDALCO,HINDCOPPER,HINDPETRO,HINDUNILVR,HINDZINC,HLEGLAS,HOMEFIRST,HONAUT,HUDCO,ICICIBANK,ICICIGI,ICICIPRULI,ICIL,IDBI,IDEA,IDFC,IDFCFIRSTB,IEX,IFCI,IGL,IIFL,INDGN,INDHOTEL,INDIACEM,INDIAMART,INDIANB,INDIGO,INDOCO,INDUSINDBK,INDUSTOWER,INFIBEAM,INFY,INOXINDIA,INOXLEISUR,INTELLECT,IOB,IOC,IPCALAB,IRB,IRCON,IRCTC,IREDA,IRFC,ITC,ITI,JAMNAAUTO,JBCHEPHARM,JINDALSAW,JINDALSTEL,JKCEMENT,JKLAKSHMI,JKTYRE,JMFINANCIL,JPPOWER,JSL,JSLHISAR,JSWDULUX,JSWENERGY,JSWSTEEL,JUBLFOOD,JUBLINGREA,JUBLPHARMA,JUSTDIAL,JYOTHYLAB,JYOTICNC,KAJARIACER,KALYANKJIL,KANSAINER,KARURVYSYA,KAYNES,KEC,KEI,KIMS,KIRLFER,KIRLOSBROS,KIRLOSENG,KNRCON,KOTAKBANK,KPIL,KPITTECH,KPRMILL,LALPATHLAB,LATENTVIEW,LAURUSLABS,LAXMIMACH,LICHSGFIN,LINDEINDIA,LODHA,LT,LTF,LTM,LTTS,LUPIN,LUXIND,M&M,M&MFIN,MAHABANK,MANAPPURAM,MAPMYINDIA,MARICO,MARUTI,MASTEK,MAXHEALTH,MAZDOCK,MCX,METROBRAND,METROPOLIS,MFSL,MGL,MINDACORP,MINDTREE,MMTC,MOIL,MOTILALOFS,MPHASIS,MRF,MRPL,MUTHOOTFIN,NAM-INDIA,NATCOPHARM,NATIONALUM,NAUKRI,NAVINFLUOR,NAZARA,NBCC,NCC,NESCO,NESTLEIND,NETWEB,NETWORK18,NEWGEN,NH,NHPC,NIACL,NLCINDIA,NMDC,NTPC,NUVOCO,NYKAA,OBEROIRLTY,OFSS,OIL,ONGC,ORIENTELEC,PAGEIND,PAYTM,PCBL,PEL,PERSISTENT,PETRONET,PFC,PFIZER,PGHH,PGHL,PHOENIXLTD,PIDILITIND,PIIND,PNB,PNBHOUSING,PNCINFRA,POLICYBZR,POLYCAB,POLYMED,POLYPLEX,POONAWALLA,POWERGRID,POWERINDIA,PRAJIND,PRESTIGE,PRIVISCL,PTCIL,PVRINOX,QUESS,RADICO,RAILTEL,RAIN,RAJESHEXPO,RALLIS,RAMCOCEM,RATNAMANI,RAYMONDLSL,RBLBANK,RCF,RECLTD,REDINGTON,RELAXO,RELIANCE,RENUKA,RHIM,RITES,ROSSARI,ROUTE,RTNINDIA,RVNL,SAIL,SAMMAANCAP,SANOFI,SAPPHIRE,SAREGAMA,SBICARD,SBILIFE,SBIN,SCHAEFFLER,SCI,SEQUENT,SFL,SHILPAMED,SHREECEM,SHRIRAMCIT,SHRIRAMFIN,SHYAMMETL,SIEMENS,SIS,SJVN,SKFINDIA,SOBHA,SOLARA,SOLARINDS,SONACOMS,SONATSOFTW,SPARC,SPICEJET,SRF,STAR,STARHEALTH,SUDARSCHEM,SUMICHEM,SUNDARMFIN,SUNDRMFAST,SUNPHARMA,SUNTV,SUPPETRO,SUPRAJIT,SUPREMEIND,SUZLON,SWANCORP,SWSOLAR,SYMPHONY,SYNGENE,SYRMA,TANLA,TATACHEM,TATACOFFEE,TATACOMM,TATACONSUM,TATAELXSI,TATAINVEST,TATAMTRDVR,TATAPOWER,TATASTEEL,TATASTLLP,TBOTEK,TCS,TEAMLEASE,TECHM,TECHNOE,THERMAX,THYROCARE,TIINDIA,TIMKEN,TITAN,TMPV,TORNTPHARM,TORNTPOWER,TRENT,TRIDENT,TRITURBINE,TTKPRESTIG,TTML,TV18BRDCST,TVSMOTOR,UBL,UCOBANK,UJJIVANSFB,ULTRACEMCO,UNIONBANK,UNITDSPR,UNOMINDA,UPL,USHAMART,UTIAMC,VAKRANGEE,VARROC,VBL,VEDL,VENKEYS,VGUARD,VIJAYA,VINATIORGA,VIPIND,VMART,VOLTAS,VTL,WELCORP,WELSPUNLIV,WESTLIFE,WHIRLPOOL,WIPRO,WOCKPHARMA,YESBANK,ZEEL,ZENSARTECH,ZFCVINDIA,ZYDUSLIFE,ZYDUSWELL"
2015-10-31,"360ONE,3MINDIA,AADHARHFC,AARTIDRUGS,AARTIIND,AAVAS,ABB,ABBOTINDIA,ABCAPITAL,ABFRL,ABREL,ABSLAMC,ACC,ADANIENSOL,ADANIENT,ADANIGREEN,ADANIPORTS,ADVENZYMES,AEGISLOG,AFFLE,AIAENG,AJANTPHARM,ALKEM,ALKYLAMINE,ALLCARGO,ALOKINDS,AMBER,AMBUJACEM,ANANTRAJ,ANGELONE,APLAPOLLO,APLLTD,APOLLOHOSP,APOLLOTYRE,APTUS,ARE&M,ASAHIINDIA,ASHOKLEY,ASIANPAINT,ASTERDM,ASTRAL,ASTRAZEN,ATGL,ATUL,AUBANK,AUROPHARMA,AVANTIFEED,AXISBANK,BAJAJ-AUTO,BAJAJELEC,BAJAJFINSV,BAJAJHLDNG,BAJFINANCE,BALAMINES,BALKRISIND,BALRAMCHIN,BANDHANBNK,BANKBARODA,BANKINDIA,BASF,BATAINDIA,BAYERCROP,BBTC,BCG,BDL,BEL,BEML,BERGEPAINT,BHARATFORG,BHARTIARTL,BHARTIHEXA,BHEL,BIOCON,BIRLACORPN,BLUEDART,BLUESTARCO,BOSCHLTD,BPCL,BRIGADE,BRITANNIA,BSE,BSOFT,CAMS,CANBK,CANFINHOME,CAPLIPOINT,CARBORUNIV,CASTROLIND,CCL,CDSL,CEATLTD,CENTRALBK,CENTURYPLY,CERA,CESC,CGPOWER,CHALET,CHAMBLFERT,CHEMPLASTS,CHOLAFIN,CHOLAHLDNG,CIEINDIA,CIPLA,CLEAN,COALINDIA,COCHINSHIP,COFORGE,COHANCE,COLPAL,CONCOR,COROMANDEL,CREDITACC,CRISIL,CROMPTON,CUB,CUMMINSIND,CYIENT,DABUR,DALBHARAT,DBL,DBREALTY,DEEPAKNTR,DELTACORP,DEVYANI,DHANI,DIVISLAB,DIXON,DLF,DMART,DRREDDY,DUMMYHEG,EASEMYTRIP,ECLERX,EDELWEISS,EICHERMOT,EIDPARRY,EIHOTEL,ELGIEQUIP,EMAMILTD,ENDURANCE,ENGINERSIN,EPIGRAL,EQUITAS,EQUITASBNK,ERIS,ESCORTS,ETERNAL,EXIDEIND,FACT,FEDERALBNK,FINCABLES,FINEORG,FINPIPE,FLUOROCHEM,FORTIS,FSL,GAEL,GAIL,GALAXYSURF,GESHIP,GICRE,GILLETTE,GLAND,GLAXO,GLENMARK,GLS,GMRAIRPORT,GNFC,GOCOLORS,GODFRYPHLP,GODIGIT,GODREJAGRO,GODREJCP,GODREJIND,GODREJPROP,GPIL,GPPL,GRANULES,GRAPHITE,GRASIM,GRINDWELL,GRINFRA,GSFC,GSPL,GUJALKALI,GUJGASLTD,GVT&D,HAL,HAPPSTMNDS,HATHWAY,HATSUN,HAVELLS,HBLENGINE,HCLTECH,HDFC,HDFCAMC,HDFCBANK,HDFCLIFE,HEG,HEMIPROP,HEROMOTOCO,HFCL,HINDALCO,HINDCOPPER,HINDPETRO,HINDUNILVR,HINDZINC,HLEGLAS,HOMEFIRST,HONAUT,HUDCO,ICICIBANK,ICICIGI,ICICIPRULI,ICIL,IDBI,IDEA,IDFC,IDFCFIRSTB,IEX,IFCI,IGL,IIFL,INDGN,INDHOTEL,INDIACEM,INDIAMART,INDIANB,INDIGO,INDOCO,INDUSINDBK,INDUSTOWER,INFIBEAM,INFY,INOXINDIA,INOXLEISUR,INTELLECT,IOB,IOC,IPCALAB,IRB,IRCON,IRCTC,IREDA,IRFC,ITC,ITI,JAMNAAUTO,JBCHEPHARM,JINDALSAW,JINDALSTEL,JKCEMENT,JKLAKSHMI,JKTYRE,JMFINANCIL,JPPOWER,JSL,JSLHISAR,JSWDULUX,JSWENERGY,JSWSTEEL,JUBLFOOD,JUBLINGREA,JUBLPHARMA,JUSTDIAL,JYOTHYLAB,JYOTICNC,KAJARIACER,KALYANKJIL,KANSAINER,KARURVYSYA,KAYNES,KEC,KEI,KIMS,KIRLFER,KIRLOSBROS,KIRLOSENG,KNRCON,KOTAKBANK,KPIL,KPITTECH,KPRMILL,LALPATHLAB,LATENTVIEW,LAURUSLABS,LAXMIMACH,LICHSGFIN,LINDEINDIA,LODHA,LT,LTF,LTM,LTTS,LUPIN,LUXIND,M&M,M&MFIN,MAHABANK,MANAPPURAM,MAPMYINDIA,MARICO,MARUTI,MASTEK,MAXHEALTH,MAZDOCK,MCX,METROBRAND,METROPOLIS,MFSL,MGL,MINDACORP,MINDTREE,MMTC,MOIL,MOTILALOFS,MPHASIS,MRF,MRPL,MUTHOOTFIN,NAM-INDIA,NATCOPHARM,NATIONALUM,NAUKRI,NAVINFLUOR,NAZARA,NBCC,NCC,NESCO,NESTLEIND,NETWEB,NETWORK18,NEWGEN,NH,NHPC,NIACL,NLCINDIA,NMDC,NTPC,NUVOCO,NYKAA,OBEROIRLTY,OFSS,OIL,ONGC,ORIENTELEC,PAGEIND,PAYTM,PCBL,PEL,PERSISTENT,PETRONET,PFC,PFIZER,PGHH,PGHL,PHOENIXLTD,PIDILITIND,PIIND,PNB,PNBHOUSING,PNCINFRA,POLICYBZR,POLYCAB,POLYMED,POLYPLEX,POONAWALLA,POWERGRID,POWERINDIA,PRAJIND,PRESTIGE,PRIVISCL,PTCIL,PVRINOX,QUESS,RADICO,RAILTEL,RAIN,RAJESHEXPO,RALLIS,RAMCOCEM,RATNAMANI,RAYMONDLSL,RBLBANK,RCF,RECLTD,REDINGTON,RELAXO,RELIANCE,RENUKA,RHIM,RITES,ROSSARI,ROUTE,RTNINDIA,RVNL,SAIL,SAMMAANCAP,SANOFI,SAPPHIRE,SAREGAMA,SBICARD,SBILIFE,SBIN,SCHAEFFLER,SCI,SEQUENT,SFL,SHILPAMED,SHREECEM,SHRIRAMCIT,SHRIRAMFIN,SHYAMMETL,SIEMENS,SIS,SJVN,SKFINDIA,SOBHA,SOLARA,SOLARINDS,SONACOMS,SONATSOFTW,SPARC,SPICEJET,SRF,STAR,STARHEALTH,SUDARSCHEM,SUMICHEM,SUNDARMFIN,SUNDRMFAST,SUNPHARMA,SUNTV,SUPPETRO,SUPRAJIT,SUPREMEIND,SUZLON,SWANCORP,SWSOLAR,SYMPHONY,SYNGENE,SYRMA,TANLA,TATACHEM,TATACOFFEE,TATACOMM,TATACONSUM,TATAELXSI,TATAINVEST,TATAMTRDVR,TATAPOWER,TATASTEEL,TATASTLLP,TBOTEK,TCS,TEAMLEASE,TECHM,TECHNOE,THERMAX,THYROCARE,TIINDIA,TIMKEN,TITAN,TMPV,TORNTPHARM,TORNTPOWER,TRENT,TRIDENT,TRITURBINE,TTKPRESTIG,TTML,TV18BRDCST,TVSMOTOR,UBL,UCOBANK,UJJIVANSFB,ULTRACEMCO,UNIONBANK,UNITDSPR,UNOMINDA,UPL,USHAMART,UTIAMC,VAKRANGEE,VARROC,VBL,VEDL,VENKEYS,VGUARD,VIJAYA,VINATIORGA,VIPIND,VMART,VOLTAS,VTL,WELCORP,WELSPUNLIV,WESTLIFE,WHIRLPOOL,WIPRO,WOCKPHARMA,YESBANK,ZEEL,ZENSARTECH,ZFCVINDIA,ZYDUSLIFE,ZYDUSWELL"
2015-11-30,"360ONE,3MINDIA,AADHARHFC,AARTIDRUGS,AARTIIND,AAVAS,ABB,ABBOTINDIA,ABCAPITAL,ABFRL,ABREL,ABSLAMC,ACC,ADANIENSOL,ADANIENT,ADANIGREEN,ADANIPORTS,ADVENZYMES,AEGISLOG,AFFLE,AIAENG,AJANTPHARM,ALKEM,ALKYLAMINE,ALLCARGO,ALOKINDS,AMBER,AMBUJACEM,ANANTRAJ,ANGELONE,APLAPOLLO,APLLTD,APOLLOHOSP,APOLLOTYRE,APTUS,ARE&M,ASAHIINDIA,ASHOKLEY,ASIANPAINT,ASTERDM,ASTRAL,ASTRAZEN,ATGL,ATUL,AUBANK,AUROPHARMA,AVANTIFEED,AXISBANK,BAJAJ-AUTO,BAJAJELEC,BAJAJFINSV,BAJAJHLDNG,BAJFINANCE,BALAMINES,BALKRISIND,BALRAMCHIN,BANDHANBNK,BANKBARODA,BANKINDIA,BASF,BATAINDIA,BAYERCROP,BBTC,BCG,BDL,BEL,BEML,BERGEPAINT,BHARATFORG,BHARTIARTL,BHARTIHEXA,BHEL,BIOCON,BIRLACORPN,BLUEDART,BLUESTARCO,BOSCHLTD,BPCL,BRIGADE,BRITANNIA,BSE,BSOFT,CAMS,CANBK,CANFINHOME,CAPLIPOINT,CARBORUNIV,CASTROLIND,CCL,CDSL,CEATLTD,CENTRALBK,CENTURYPLY,CERA,CESC,CGPOWER,CHALET,CHAMBLFERT,CHEMPLASTS,CHOLAFIN,CHOLAHLDNG,CIEINDIA,CIPLA,CLEAN,COALINDIA,COCHINSHIP,COFORGE,COHANCE,COLPAL,CONCOR,COROMANDEL,CREDITACC,CRISIL,CROMPTON,CUB,CUMMINSIND,CYIENT,DABUR,DALBHARAT,DBL,DBREALTY,DEEPAKNTR,DELTACORP,DEVYANI,DHANI,DIVISLAB,DIXON,DLF,DMART,DRREDDY,DUMMYHEG,EASEMYTRIP,ECLERX,EDELWEISS,EICHERMOT,EIDPARRY,EIHOTEL,ELGIEQUIP,EMAMILTD,ENDURANCE,ENGINERSIN,EPIGRAL,EQUITAS,EQUITASBNK,ERIS,ESCORTS,ETERNAL,EXIDEIND,FACT,FEDERALBNK,FINCABLES,FINEORG,FINPIPE,FLUOROCHEM,FORTIS,FSL,GAEL,GAIL,GALAXYSURF,GESHIP,GICRE,GILLETTE,GLAND,GLAXO,GLENMARK,GLS,GMRAIRPORT,GNFC,GOCOLORS,GODFRYPHLP,GODIGIT,GODREJAGRO,GODREJCP,GODREJIND,GODREJPROP,GPIL,GPPL,GRANULES,GRAPHITE,GRASIM,GRINDWELL,GRINFRA,GSFC,GSPL,GUJALKALI,GUJGASLTD,GVT&D,HAL,HAPPSTMNDS,HATHWAY,HATSUN,HAVELLS,HBLENGINE,HCLTECH,HDFC,HDFCAMC,HDFCBANK,HDFCLIFE,HEG,HEMIPROP,HEROMOTOCO,HFCL,HINDALCO,HINDCOPPER,HINDPETRO,HINDUNILVR,HINDZINC,HLEGLAS,HOMEFIRST,HONAUT,HUDCO,ICICIBANK,ICICIGI,ICICIPRULI,ICIL,IDBI,IDEA,IDFC,IDFCFIRSTB,IEX,IFCI,IGL,IIFL,INDGN,INDHOTEL,INDIACEM,INDIAMART,INDIANB,INDIGO,INDOCO,INDUSINDBK,INDUSTOWER,INFIBEAM,INFY,INOXINDIA,INOXLEISUR,INTELLECT,IOB,IOC,IPCALAB,IRB,IRCON,IRCTC,IREDA,IRFC,ITC,ITI,JAMNAAUTO,JBCHEPHARM,JINDALSAW,JINDALSTEL,JKCEMENT,JKLAKSHMI,JKTYRE,JMFINANCIL,JPPOWER,JSL,JSLHISAR,JSWDULUX,JSWENERGY,JSWSTEEL,JUBLFOOD,JUBLINGREA,JUBLPHARMA,JUSTDIAL,JYOTHYLAB,JYOTICNC,KAJARIACER,KALYANKJIL,KANSAINER,KARURVYSYA,KAYNES,KEC,KEI,KIMS,KIRLFER,KIRLOSBROS,KIRLOSENG,KNRCON,KOTAKBANK,KPIL,KPITTECH,KPRMILL,LALPATHLAB,LATENTVIEW,LAURUSLABS,LAXMIMACH,LICHSGFIN,LINDEINDIA,LODHA,LT,LTF,LTM,LTTS,LUPIN,LUXIND,M&M,M&MFIN,MAHABANK,MANAPPURAM,MAPMYINDIA,MARICO,MARUTI,MASTEK,MAXHEALTH,MAZDOCK,MCX,METROBRAND,METROPOLIS,MFSL,MGL,MINDACORP,MINDTREE,MMTC,MOIL,MOTILALOFS,MPHASIS,MRF,MRPL,MUTHOOTFIN,NAM-INDIA,NATCOPHARM,NATIONALUM,NAUKRI,NAVINFLUOR,NAZARA,NBCC,NCC,NESCO,NESTLEIND,NETWEB,NETWORK18,NEWGEN,NH,NHPC,NIACL,NLCINDIA,NMDC,NTPC,NUVOCO,NYKAA,OBEROIRLTY,OFSS,OIL,ONGC,ORIENTELEC,PAGEIND,PAYTM,PCBL,PEL,PERSISTENT,PETRONET,PFC,PFIZER,PGHH,PGHL,PHOENIXLTD,PIDILITIND,PIIND,PNB,PNBHOUSING,PNCINFRA,POLICYBZR,POLYCAB,POLYMED,POLYPLEX,POONAWALLA,POWERGRID,POWERINDIA,PRAJIND,PRESTIGE,PRIVISCL,PTCIL,PVRINOX,QUESS,RADICO,RAILTEL,RAIN,RAJESHEXPO,RALLIS,RAMCOCEM,RATNAMANI,RAYMONDLSL,RBLBANK,RCF,RECLTD,REDINGTON,RELAXO,RELIANCE,RENUKA,RHIM,RITES,ROSSARI,ROUTE,RTNINDIA,RVNL,SAIL,SAMMAANCAP,SANOFI,SAPPHIRE,SAREGAMA,SBICARD,SBILIFE,SBIN,SCHAEFFLER,SCI,SEQUENT,SFL,SHILPAMED,SHREECEM,SHRIRAMCIT,SHRIRAMFIN,SHYAMMETL,SIEMENS,SIS,SJVN,SKFINDIA,SOBHA,SOLARA,SOLARINDS,SONACOMS,SONATSOFTW,SPARC,SPICEJET,SRF,STAR,STARHEALTH,SUDARSCHEM,SUMICHEM,SUNDARMFIN,SUNDRMFAST,SUNPHARMA,SUNTV,SUPPETRO,SUPRAJIT,SUPREMEIND,SUZLON,SWANCORP,SWSOLAR,SYMPHONY,SYNGENE,SYRMA,TANLA,TATACHEM,TATACOFFEE,TATACOMM,TATACONSUM,TATAELXSI,TATAINVEST,TATAMTRDVR,TATAPOWER,TATASTEEL,TATASTLLP,TBOTEK,TCS,TEAMLEASE,TECHM,TECHNOE,THERMAX,THYROCARE,TIINDIA,TIMKEN,TITAN,TMPV,TORNTPHARM,TORNTPOWER,TRENT,TRIDENT,TRITURBINE,TTKPRESTIG,TTML,TV18BRDCST,TVSMOTOR,UBL,UCOBANK,UJJIVANSFB,ULTRACEMCO,UNIONBANK,UNITDSPR,UNOMINDA,UPL,USHAMART,UTIAMC,VAKRANGEE,VARROC,VBL,VEDL,VENKEYS,VGUARD,VIJAYA,VINATIORGA,VIPIND,VMART,VOLTAS,VTL,WELCORP,WELSPUNLIV,WESTLIFE,WHIRLPOOL,WIPRO,WOCKPHARMA,YESBANK,ZEEL,ZENSARTECH,ZFCVINDIA,ZYDUSLIFE,ZYDUSWELL"
2015-12-31,"360ONE,3MINDIA,AADHARHFC,AARTIDRUGS,AARTIIND,AAVAS,ABB,ABBOTINDIA,ABCAPITAL,ABFRL,ABREL,ABSLAMC,ACC,ADANIENSOL,ADANIENT,ADANIGREEN,ADANIPORTS,ADVENZYMES,AEGISLOG,AFFLE,AIAENG,AJANTPHARM,ALKEM,ALKYLAMINE,ALLCARGO,ALOKINDS,AMBER,AMBUJACEM,ANANTRAJ,ANGELONE,APLAPOLLO,APLLTD,APOLLOHOSP,APOLLOTYRE,APTUS,ARE&M,ASAHIINDIA,ASHOKLEY,ASIANPAINT,ASTERDM,ASTRAL,ASTRAZEN,ATGL,ATUL,AUBANK,AUROPHARMA,AVANTIFEED,AXISBANK,BAJAJ-AUTO,BAJAJELEC,BAJAJFINSV,BAJAJHLDNG,BAJFINANCE,BALAMINES,BALKRISIND,BALRAMCHIN,BANDHANBNK,BANKBARODA,BANKINDIA,BASF,BATAINDIA,BAYERCROP,BBTC,BCG,BDL,BEL,BEML,BERGEPAINT,BHARATFORG,BHARTIARTL,BHARTIHEXA,BHEL,BIOCON,BIRLACORPN,BLUEDART,BLUESTARCO,BOSCHLTD,BPCL,BRIGADE,BRITANNIA,BSE,BSOFT,CAMS,CANBK,CANFINHOME,CAPLIPOINT,CARBORUNIV,CASTROLIND,CCL,CDSL,CEATLTD,CENTRALBK,CENTURYPLY,CERA,CESC,CGPOWER,CHALET,CHAMBLFERT,CHEMPLASTS,CHOLAFIN,CHOLAHLDNG,CIEINDIA,CIPLA,CLEAN,COALINDIA,COCHINSHIP,COFORGE,COHANCE,COLPAL,CONCOR,COROMANDEL,CREDITACC,CRISIL,CROMPTON,CUB,CUMMINSIND,CYIENT,DABUR,DALBHARAT,DBL,DBREALTY,DEEPAKNTR,DELTACORP,DEVYANI,DHANI,DIVISLAB,DIXON,DLF,DMART,DRREDDY,DUMMYHEG,EASEMYTRIP,ECLERX,EDELWEISS,EICHERMOT,EIDPARRY,EIHOTEL,ELGIEQUIP,EMAMILTD,ENDURANCE,ENGINERSIN,EPIGRAL,EQUITAS,EQUITASBNK,ERIS,ESCORTS,ETERNAL,EXIDEIND,FACT,FEDERALBNK,FINCABLES,FINEORG,FINPIPE,FLUOROCHEM,FORTIS,FSL,GAEL,GAIL,GALAXYSURF,GESHIP,GICRE,GILLETTE,GLAND,GLAXO,GLENMARK,GLS,GMRAIRPORT,GNFC,GOCOLORS,GODFRYPHLP,GODIGIT,GODREJAGRO,GODREJCP,GODREJIND,GODREJPROP,GPIL,GPPL,GRANULES,GRAPHITE,GRASIM,GRINDWELL,GRINFRA,GSFC,GSPL,GUJALKALI,GUJGASLTD,GVT&D,HAL,HAPPSTMNDS,HATHWAY,HATSUN,HAVELLS,HBLENGINE,HCLTECH,HDFC,HDFCAMC,HDFCBANK,HDFCLIFE,HEG,HEMIPROP,HEROMOTOCO,HFCL,HINDALCO,HINDCOPPER,HINDPETRO,HINDUNILVR,HINDZINC,HLEGLAS,HOMEFIRST,HONAUT,HUDCO,ICICIBANK,ICICIGI,ICICIPRULI,ICIL,IDBI,IDEA,IDFC,IDFCFIRSTB,IEX,IFCI,IGL,IIFL,INDGN,INDHOTEL,INDIACEM,INDIAMART,INDIANB,INDIGO,INDOCO,INDUSINDBK,INDUSTOWER,INFIBEAM,INFY,INOXINDIA,INOXLEISUR,INTELLECT,IOB,IOC,IPCALAB,IRB,IRCON,IRCTC,IREDA,IRFC,ITC,ITI,JAMNAAUTO,JBCHEPHARM,JINDALSAW,JINDALSTEL,JKCEMENT,JKLAKSHMI,JKTYRE,JMFINANCIL,JPPOWER,JSL,JSLHISAR,JSWDULUX,JSWENERGY,JSWSTEEL,JUBLFOOD,JUBLINGREA,JUBLPHARMA,JUSTDIAL,JYOTHYLAB,JYOTICNC,KAJARIACER,KALYANKJIL,KANSAINER,KARURVYSYA,KAYNES,KEC,KEI,KIMS,KIRLFER,KIRLOSBROS,KIRLOSENG,KNRCON,KOTAKBANK,KPIL,KPITTECH,KPRMILL,LALPATHLAB,LATENTVIEW,LAURUSLABS,LAXMIMACH,LICHSGFIN,LINDEINDIA,LODHA,LT,LTF,LTM,LTTS,LUPIN,LUXIND,M&M,M&MFIN,MAHABANK,MANAPPURAM,MAPMYINDIA,MARICO,MARUTI,MASTEK,MAXHEALTH,MAZDOCK,MCX,METROBRAND,METROPOLIS,MFSL,MGL,MINDACORP,MINDTREE,MMTC,MOIL,MOTILALOFS,MPHASIS,MRF,MRPL,MUTHOOTFIN,NAM-INDIA,NATCOPHARM,NATIONALUM,NAUKRI,NAVINFLUOR,NAZARA,NBCC,NCC,NESCO,NESTLEIND,NETWEB,NETWORK18,NEWGEN,NH,NHPC,NIACL,NLCINDIA,NMDC,NTPC,NUVOCO,NYKAA,OBEROIRLTY,OFSS,OIL,ONGC,ORIENTELEC,PAGEIND,PAYTM,PCBL,PEL,PERSISTENT,PETRONET,PFC,PFIZER,PGHH,PGHL,PHOENIXLTD,PIDILITIND,PIIND,PNB,PNBHOUSING,PNCINFRA,POLICYBZR,POLYCAB,POLYMED,POLYPLEX,POONAWALLA,POWERGRID,POWERINDIA,PRAJIND,PRESTIGE,PRIVISCL,PTCIL,PVRINOX,QUESS,RADICO,RAILTEL,RAIN,RAJESHEXPO,RALLIS,RAMCOCEM,RATNAMANI,RAYMONDLSL,RBLBANK,RCF,RECLTD,REDINGTON,RELAXO,RELIANCE,RENUKA,RHIM,RITES,ROSSARI,ROUTE,RTNINDIA,RVNL,SAIL,SAMMAANCAP,SANOFI,SAPPHIRE,SAREGAMA,SBICARD,SBILIFE,SBIN,SCHAEFFLER,SCI,SEQUENT,SFL,SHILPAMED,SHREECEM,SHRIRAMCIT,SHRIRAMFIN,SHYAMMETL,SIEMENS,SIS,SJVN,SKFINDIA,SOBHA,SOLARA,SOLARINDS,SONACOMS,SONATSOFTW,SPARC,SPICEJET,SRF,STAR,STARHEALTH,SUDARSCHEM,SUMICHEM,SUNDARMFIN,SUNDRMFAST,SUNPHARMA,SUNTV,SUPPETRO,SUPRAJIT,SUPREMEIND,SUZLON,SWANCORP,SWSOLAR,SYMPHONY,SYNGENE,SYRMA,TANLA,TATACHEM,TATACOFFEE,TATACOMM,TATACONSUM,TATAELXSI,TATAINVEST,TATAMTRDVR,TATAPOWER,TATASTEEL,TATASTLLP,TBOTEK,TCS,TEAMLEASE,TECHM,TECHNOE,THERMAX,THYROCARE,TIINDIA,TIMKEN,TITAN,TMPV,TORNTPHARM,TORNTPOWER,TRENT,TRIDENT,TRITURBINE,TTKPRESTIG,TTML,TV18BRDCST,TVSMOTOR,UBL,UCOBANK,UJJIVANSFB,ULTRACEMCO,UNIONBANK,UNITDSPR,UNOMINDA,UPL,USHAMART,UTIAMC,VAKRANGEE,VARROC,VBL,VEDL,VENKEYS,VGUARD,VIJAYA,VINATIORGA,VIPIND,VMART,VOLTAS,VTL,WELCORP,WELSPUNLIV,WESTLIFE,WHIRLPOOL,WIPRO,WOCKPHARMA,YESBANK,ZEEL,ZENSARTECH,ZFCVINDIA,ZYDUSLIFE,ZYDUSWELL"
2016-01-31,"360ONE,3MINDIA,AADHARHFC,AARTIDRUGS,AARTIIND,AAVAS,ABB,ABBOTINDIA,ABCAPITAL,ABFRL,ABREL,ABSLAMC,ACC,ADANIENSOL,ADANIENT,ADANIGREEN,ADANIPORTS,ADVENZYMES,AEGISLOG,AFFLE,AIAENG,AJANTPHARM,ALKEM,ALKYLAMINE,ALLCARGO,ALOKINDS,AMBER,AMBUJACEM,ANANTRAJ,ANGELONE,APLAPOLLO,APLLTD,APOLLOHOSP,APOLLOTYRE,APTUS,ARE&M,ASAHIINDIA,ASHOKLEY,ASIANPAINT,ASTERDM,ASTRAL,ASTRAZEN,ATGL,ATUL,AUBANK,AUROPHARMA,AVANTIFEED,AXISBANK,BAJAJ-AUTO,BAJAJELEC,BAJAJFINSV,BAJAJHLDNG,BAJFINANCE,BALAMINES,BALKRISIND,BALRAMCHIN,BANDHANBNK,BANKBARODA,BANKINDIA,BASF,BATAINDIA,BAYERCROP,BBTC,BCG,BDL,BEL,BEML,BERGEPAINT,BHARATFORG,BHARTIARTL,BHARTIHEXA,BHEL,BIOCON,BIRLACORPN,BLUEDART,BLUESTARCO,BOSCHLTD,BPCL,BRIGADE,BRITANNIA,BSE,BSOFT,CAMS,CANBK,CANFINHOME,CAPLIPOINT,CARBORUNIV,CASTROLIND,CCL,CDSL,CEATLTD,CENTRALBK,CENTURYPLY,CERA,CESC,CGPOWER,CHALET,CHAMBLFERT,CHEMPLASTS,CHOLAFIN,CHOLAHLDNG,CIEINDIA,CIPLA,CLEAN,COALINDIA,COCHINSHIP,COFORGE,COHANCE,COLPAL,CONCOR,COROMANDEL,CREDITACC,CRISIL,CROMPTON,CUB,CUMMINSIND,CYIENT,DABUR,DALBHARAT,DBL,DBREALTY,DEEPAKNTR,DELTACORP,DEVYANI,DHANI,DIVISLAB,DIXON,DLF,DMART,DRREDDY,DUMMYHEG,EASEMYTRIP,ECLERX,EDELWEISS,EICHERMOT,EIDPARRY,EIHOTEL,ELGIEQUIP,EMAMILTD,ENDURANCE,ENGINERSIN,EPIGRAL,EQUITAS,EQUITASBNK,ERIS,ESCORTS,ETERNAL,EXIDEIND,FACT,FEDERALBNK,FINCABLES,FINEORG,FINPIPE,FLUOROCHEM,FORTIS,FSL,GAEL,GAIL,GALAXYSURF,GESHIP,GICRE,GILLETTE,GLAND,GLAXO,GLENMARK,GLS,GMRAIRPORT,GNFC,GOCOLORS,GODFRYPHLP,GODIGIT,GODREJAGRO,GODREJCP,GODREJIND,GODREJPROP,GPIL,GPPL,GRANULES,GRAPHITE,GRASIM,GRINDWELL,GRINFRA,GSFC,GSPL,GUJALKALI,GUJGASLTD,GVT&D,HAL,HAPPSTMNDS,HATHWAY,HATSUN,HAVELLS,HBLENGINE,HCLTECH,HDFC,HDFCAMC,HDFCBANK,HDFCLIFE,HEG,HEMIPROP,HEROMOTOCO,HFCL,HINDALCO,HINDCOPPER,HINDPETRO,HINDUNILVR,HINDZINC,HLEGLAS,HOMEFIRST,HONAUT,HUDCO,ICICIBANK,ICICIGI,ICICIPRULI,ICIL,IDBI,IDEA,IDFC,IDFCFIRSTB,IEX,IFCI,IGL,IIFL,INDGN,INDHOTEL,INDIACEM,INDIAMART,INDIANB,INDIGO,INDOCO,INDUSINDBK,INDUSTOWER,INFIBEAM,INFY,INOXINDIA,INOXLEISUR,INTELLECT,IOB,IOC,IPCALAB,IRB,IRCON,IRCTC,IREDA,IRFC,ITC,ITI,JAMNAAUTO,JBCHEPHARM,JINDALSAW,JINDALSTEL,JKCEMENT,JKLAKSHMI,JKTYRE,JMFINANCIL,JPPOWER,JSL,JSLHISAR,JSWDULUX,JSWENERGY,JSWSTEEL,JUBLFOOD,JUBLINGREA,JUBLPHARMA,JUSTDIAL,JYOTHYLAB,JYOTICNC,KAJARIACER,KALYANKJIL,KANSAINER,KARURVYSYA,KAYNES,KEC,KEI,KIMS,KIRLFER,KIRLOSBROS,KIRLOSENG,KNRCON,KOTAKBANK,KPIL,KPITTECH,KPRMILL,LALPATHLAB,LATENTVIEW,LAURUSLABS,LAXMIMACH,LICHSGFIN,LINDEINDIA,LODHA,LT,LTF,LTM,LTTS,LUPIN,LUXIND,M&M,M&MFIN,MAHABANK,MANAPPURAM,MAPMYINDIA,MARICO,MARUTI,MASTEK,MAXHEALTH,MAZDOCK,MCX,METROBRAND,METROPOLIS,MFSL,MGL,MINDACORP,MINDTREE,MMTC,MOIL,MOTILALOFS,MPHASIS,MRF,MRPL,MUTHOOTFIN,NAM-INDIA,NATCOPHARM,NATIONALUM,NAUKRI,NAVINFLUOR,NAZARA,NBCC,NCC,NESCO,NESTLEIND,NETWEB,NETWORK18,NEWGEN,NH,NHPC,NIACL,NLCINDIA,NMDC,NTPC,NUVOCO,NYKAA,OBEROIRLTY,OFSS,OIL,ONGC,ORIENTELEC,PAGEIND,PAYTM,PCBL,PEL,PERSISTENT,PETRONET,PFC,PFIZER,PGHH,PGHL,PHOENIXLTD,PIDILITIND,PIIND,PNB,PNBHOUSING,PNCINFRA,POLICYBZR,POLYCAB,POLYMED,POLYPLEX,POONAWALLA,POWERGRID,POWERINDIA,PRAJIND,PRESTIGE,PRIVISCL,PTCIL,PVRINOX,QUESS,RADICO,RAILTEL,RAIN,RAJESHEXPO,RALLIS,RAMCOCEM,RATNAMANI,RAYMONDLSL,RBLBANK,RCF,RECLTD,REDINGTON,RELAXO,RELIANCE,RENUKA,RHIM,RITES,ROSSARI,ROUTE,RTNINDIA,RVNL,SAIL,SAMMAANCAP,SANOFI,SAPPHIRE,SAREGAMA,SBICARD,SBILIFE,SBIN,SCHAEFFLER,SCI,SEQUENT,SFL,SHILPAMED,SHREECEM,SHRIRAMCIT,SHRIRAMFIN,SHYAMMETL,SIEMENS,SIS,SJVN,SKFINDIA,SOBHA,SOLARA,SOLARINDS,SONACOMS,SONATSOFTW,SPARC,SPICEJET,SRF,STAR,STARHEALTH,SUDARSCHEM,SUMICHEM,SUNDARMFIN,SUNDRMFAST,SUNPHARMA,SUNTV,SUPPETRO,SUPRAJIT,SUPREMEIND,SUZLON,SWANCORP,SWSOLAR,SYMPHONY,SYNGENE,SYRMA,TANLA,TATACHEM,TATACOFFEE,TATACOMM,TATACONSUM,TATAELXSI,TATAINVEST,TATAMTRDVR,TATAPOWER,TATASTEEL,TATASTLLP,TBOTEK,TCS,TEAMLEASE,TECHM,TECHNOE,THERMAX,THYROCARE,TIINDIA,TIMKEN,TITAN,TMPV,TORNTPHARM,TORNTPOWER,TRENT,TRIDENT,TRITURBINE,TTKPRESTIG,TTML,TV18BRDCST,TVSMOTOR,UBL,UCOBANK,UJJIVANSFB,ULTRACEMCO,UNIONBANK,UNITDSPR,UNOMINDA,UPL,USHAMART,UTIAMC,VAKRANGEE,VARROC,VBL,VEDL,VENKEYS,VGUARD,VIJAYA,VINATIORGA,VIPIND,VMART,VOLTAS,VTL,WELCORP,WELSPUNLIV,WESTLIFE,WHIRLPOOL,WIPRO,WOCKPHARMA,YESBANK,ZEEL,ZENSARTECH,ZFCVINDIA,ZYDUSLIFE,ZYDUSWELL"
2016-02-29,"360ONE,3MINDIA,AADHARHFC,AARTIDRUGS,AARTIIND,AAVAS,ABB,ABBOTINDIA,ABCAPITAL,ABFRL,ABREL,ABSLAMC,ACC,ADANIENSOL,ADANIENT,ADANIGREEN,ADANIPORTS,ADVENZYMES,AEGISLOG,AFFLE,AIAENG,AJANTPHARM,ALKEM,ALKYLAMINE,ALLCARGO,ALOKINDS,AMBER,AMBUJACEM,ANANTRAJ,ANGELONE,APLAPOLLO,APLLTD,APOLLOHOSP,APOLLOTYRE,APTUS,ARE&M,ASAHIINDIA,ASHOKLEY,ASIANPAINT,ASTERDM,ASTRAL,ASTRAZEN,ATGL,ATUL,AUBANK,AUROPHARMA,AVANTIFEED,AXISBANK,BAJAJ-AUTO,BAJAJELEC,BAJAJFINSV,BAJAJHLDNG,BAJFINANCE,BALAMINES,BALKRISIND,BALRAMCHIN,BANDHANBNK,BANKBARODA,BANKINDIA,BASF,BATAINDIA,BAYERCROP,BBTC,BCG,BDL,BEL,BEML,BERGEPAINT,BHARATFORG,BHARTIARTL,BHARTIHEXA,BHEL,BIOCON,BIRLACORPN,BLUEDART,BLUESTARCO,BOSCHLTD,BPCL,BRIGADE,BRITANNIA,BSE,BSOFT,CAMS,CANBK,CANFINHOME,CAPLIPOINT,CARBORUNIV,CASTROLIND,CCL,CDSL,CEATLTD,CENTRALBK,CENTURYPLY,CERA,CESC,CGPOWER,CHALET,CHAMBLFERT,CHEMPLASTS,CHOLAFIN,CHOLAHLDNG,CIEINDIA,CIPLA,CLEAN,COALINDIA,COCHINSHIP,COFORGE,COHANCE,COLPAL,CONCOR,COROMANDEL,CREDITACC,CRISIL,CROMPTON,CUB,CUMMINSIND,CYIENT,DABUR,DALBHARAT,DBL,DBREALTY,DEEPAKNTR,DELTACORP,DEVYANI,DHANI,DIVISLAB,DIXON,DLF,DMART,DRREDDY,DUMMYHEG,EASEMYTRIP,ECLERX,EDELWEISS,EICHERMOT,EIDPARRY,EIHOTEL,ELGIEQUIP,EMAMILTD,ENDURANCE,ENGINERSIN,EPIGRAL,EQUITAS,EQUITASBNK,ERIS,ESCORTS,ETERNAL,EXIDEIND,FACT,FEDERALBNK,FINCABLES,FINEORG,FINPIPE,FLUOROCHEM,FORTIS,FSL,GAEL,GAIL,GALAXYSURF,GESHIP,GICRE,GILLETTE,GLAND,GLAXO,GLENMARK,GLS,GMRAIRPORT,GNFC,GOCOLORS,GODFRYPHLP,GODIGIT,GODREJAGRO,GODREJCP,GODREJIND,GODREJPROP,GPIL,GPPL,GRANULES,GRAPHITE,GRASIM,GRINDWELL,GRINFRA,GSFC,GSPL,GUJALKALI,GUJGASLTD,GVT&D,HAL,HAPPSTMNDS,HATHWAY,HATSUN,HAVELLS,HBLENGINE,HCLTECH,HDFC,HDFCAMC,HDFCBANK,HDFCLIFE,HEG,HEMIPROP,HEROMOTOCO,HFCL,HINDALCO,HINDCOPPER,HINDPETRO,HINDUNILVR,HINDZINC,HLEGLAS,HOMEFIRST,HONAUT,HUDCO,ICICIBANK,ICICIGI,ICICIPRULI,ICIL,IDBI,IDEA,IDFC,IDFCFIRSTB,IEX,IFCI,IGL,IIFL,INDGN,INDHOTEL,INDIACEM,INDIAMART,INDIANB,INDIGO,INDOCO,INDUSINDBK,INDUSTOWER,INFIBEAM,INFY,INOXINDIA,INOXLEISUR,INTELLECT,IOB,IOC,IPCALAB,IRB,IRCON,IRCTC,IREDA,IRFC,ITC,ITI,JAMNAAUTO,JBCHEPHARM,JINDALSAW,JINDALSTEL,JKCEMENT,JKLAKSHMI,JKTYRE,JMFINANCIL,JPPOWER,JSL,JSLHISAR,JSWDULUX,JSWENERGY,JSWSTEEL,JUBLFOOD,JUBLINGREA,JUBLPHARMA,JUSTDIAL,JYOTHYLAB,JYOTICNC,KAJARIACER,KALYANKJIL,KANSAINER,KARURVYSYA,KAYNES,KEC,KEI,KIMS,KIRLFER,KIRLOSBROS,KIRLOSENG,KNRCON,KOTAKBANK,KPIL,KPITTECH,KPRMILL,LALPATHLAB,LATENTVIEW,LAURUSLABS,LAXMIMACH,LICHSGFIN,LINDEINDIA,LODHA,LT,LTF,LTM,LTTS,LUPIN,LUXIND,M&M,M&MFIN,MAHABANK,MANAPPURAM,MAPMYINDIA,MARICO,MARUTI,MASTEK,MAXHEALTH,MAZDOCK,MCX,METROBRAND,METROPOLIS,MFSL,MGL,MINDACORP,MINDTREE,MMTC,MOIL,MOTILALOFS,MPHASIS,MRF,MRPL,MUTHOOTFIN,NAM-INDIA,NATCOPHARM,NATIONALUM,NAUKRI,NAVINFLUOR,NAZARA,NBCC,NCC,NESCO,NESTLEIND,NETWEB,NETWORK18,NEWGEN,NH,NHPC,NIACL,NLCINDIA,NMDC,NTPC,NUVOCO,NYKAA,OBEROIRLTY,OFSS,OIL,ONGC,ORIENTELEC,PAGEIND,PAYTM,PCBL,PEL,PERSISTENT,PETRONET,PFC,PFIZER,PGHH,PGHL,PHOENIXLTD,PIDILITIND,PIIND,PNB,PNBHOUSING,PNCINFRA,POLICYBZR,POLYCAB,POLYMED,POLYPLEX,POONAWALLA,POWERGRID,POWERINDIA,PRAJIND,PRESTIGE,PRIVISCL,PTCIL,PVRINOX,QUESS,RADICO,RAILTEL,RAIN,RAJESHEXPO,RALLIS,RAMCOCEM,RATNAMANI,RAYMONDLSL,RBLBANK,RCF,RECLTD,REDINGTON,RELAXO,RELIANCE,RENUKA,RHIM,RITES,ROSSARI,ROUTE,RTNINDIA,RVNL,SAIL,SAMMAANCAP,SANOFI,SAPPHIRE,SAREGAMA,SBICARD,SBILIFE,SBIN,SCHAEFFLER,SCI,SEQUENT,SFL,SHILPAMED,SHREECEM,SHRIRAMCIT,SHRIRAMFIN,SHYAMMETL,SIEMENS,SIS,SJVN,SKFINDIA,SOBHA,SOLARA,SOLARINDS,SONACOMS,SONATSOFTW,SPARC,SPICEJET,SRF,STAR,STARHEALTH,SUDARSCHEM,SUMICHEM,SUNDARMFIN,SUNDRMFAST,SUNPHARMA,SUNTV,SUPPETRO,SUPRAJIT,SUPREMEIND,SUZLON,SWANCORP,SWSOLAR,SYMPHONY,SYNGENE,SYRMA,TANLA,TATACHEM,TATACOFFEE,TATACOMM,TATACONSUM,TATAELXSI,TATAINVEST,TATAMTRDVR,TATAPOWER,TATASTEEL,TATASTLLP,TBOTEK,TCS,TEAMLEASE,TECHM,TECHNOE,THERMAX,THYROCARE,TIINDIA,TIMKEN,TITAN,TMPV,TORNTPHARM,TORNTPOWER,TRENT,TRIDENT,TRITURBINE,TTKPRESTIG,TTML,TV18BRDCST,TVSMOTOR,UBL,UCOBANK,UJJIVANSFB,ULTRACEMCO,UNIONBANK,UNITDSPR,UNOMINDA,UPL,USHAMART,UTIAMC,VAKRANGEE,VARROC,VBL,VEDL,VENKEYS,VGUARD,VIJAYA,VINATIORGA,VIPIND,VMART,VOLTAS,VTL,WELCORP,WELSPUNLIV,WESTLIFE,WHIRLPOOL,WIPRO,WOCKPHARMA,YESBANK,ZEEL,ZENSARTECH,ZFCVINDIA,ZYDUSLIFE,ZYDUSWELL"
2016-03-31,"360ONE,3MINDIA,AADHARHFC,AARTIDRUGS,AARTIIND,AAVAS,ABB,ABBOTINDIA,ABCAPITAL,ABFRL,ABREL,ABSLAMC,ACC,ADANIENSOL,ADANIENT,ADANIGREEN,ADANIPORTS,ADVENZYMES,AEGISLOG,AFFLE,AIAENG,AJANTPHARM,ALKEM,ALKYLAMINE,ALLCARGO,ALOKINDS,AMBER,AMBUJACEM,ANANTRAJ,ANGELONE,APLAPOLLO,APLLTD,APOLLOHOSP,APOLLOTYRE,APTUS,ARE&M,ASAHIINDIA,ASHOKLEY,ASIANPAINT,ASTERDM,ASTRAL,ASTRAZEN,ATGL,ATUL,AUBANK,AUROPHARMA,AVANTIFEED,AXISBANK,BAJAJ-AUTO,BAJAJELEC,BAJAJFINSV,BAJAJHLDNG,BAJFINANCE,BALAMINES,BALKRISIND,BALRAMCHIN,BANDHANBNK,BANKBARODA,BANKINDIA,BASF,BATAINDIA,BAYERCROP,BBTC,BCG,BDL,BEL,BEML,BERGEPAINT,BHARATFORG,BHARTIARTL,BHARTIHEXA,BHEL,BIOCON,BIRLACORPN,BLUEDART,BLUESTARCO,BOSCHLTD,BPCL,BRIGADE,BRITANNIA,BSE,BSOFT,CAMS,CANBK,CANFINHOME,CAPLIPOINT,CARBORUNIV,CASTROLIND,CCL,CDSL,CEATLTD,CENTRALBK,CENTURYPLY,CERA,CESC,CGPOWER,CHALET,CHAMBLFERT,CHEMPLASTS,CHOLAFIN,CHOLAHLDNG,CIEINDIA,CIPLA,CLEAN,COALINDIA,COCHINSHIP,COFORGE,COHANCE,COLPAL,CONCOR,COROMANDEL,CREDITACC,CRISIL,CROMPTON,CUB,CUMMINSIND,CYIENT,DABUR,DALBHARAT,DBL,DBREALTY,DEEPAKNTR,DELTACORP,DEVYANI,DHANI,DIVISLAB,DIXON,DLF,DMART,DRREDDY,DUMMYHEG,EASEMYTRIP,ECLERX,EDELWEISS,EICHERMOT,EIDPARRY,EIHOTEL,ELGIEQUIP,EMAMILTD,ENDURANCE,ENGINERSIN,EPIGRAL,EQUITAS,EQUITASBNK,ERIS,ESCORTS,ETERNAL,EXIDEIND,FACT,FEDERALBNK,FINCABLES,FINEORG,FINPIPE,FLUOROCHEM,FORTIS,FSL,GAEL,GAIL,GALAXYSURF,GESHIP,GICRE,GILLETTE,GLAND,GLAXO,GLENMARK,GLS,GMRAIRPORT,GNFC,GOCOLORS,GODFRYPHLP,GODIGIT,GODREJAGRO,GODREJCP,GODREJIND,GODREJPROP,GPIL,GPPL,GRANULES,GRAPHITE,GRASIM,GRINDWELL,GRINFRA,GSFC,GSPL,GUJALKALI,GUJGASLTD,GVT&D,HAL,HAPPSTMNDS,HATHWAY,HATSUN,HAVELLS,HBLENGINE,HCLTECH,HDFC,HDFCAMC,HDFCBANK,HDFCLIFE,HEG,HEMIPROP,HEROMOTOCO,HFCL,HINDALCO,HINDCOPPER,HINDPETRO,HINDUNILVR,HINDZINC,HLEGLAS,HOMEFIRST,HONAUT,HUDCO,ICICIBANK,ICICIGI,ICICIPRULI,ICIL,IDBI,IDEA,IDFC,IDFCFIRSTB,IEX,IFCI,IGL,IIFL,INDGN,INDHOTEL,INDIACEM,INDIAMART,INDIANB,INDIGO,INDOCO,INDUSINDBK,INDUSTOWER,INFIBEAM,INFY,INOXINDIA,INOXLEISUR,INTELLECT,IOB,IOC,IPCALAB,IRB,IRCON,IRCTC,IREDA,IRFC,ITC,ITI,JAMNAAUTO,JBCHEPHARM,JINDALSAW,JINDALSTEL,JKCEMENT,JKLAKSHMI,JKTYRE,JMFINANCIL,JPPOWER,JSL,JSLHISAR,JSWDULUX,JSWENERGY,JSWSTEEL,JUBLFOOD,JUBLINGREA,JUBLPHARMA,JUSTDIAL,JYOTHYLAB,JYOTICNC,KAJARIACER,KALYANKJIL,KANSAINER,KARURVYSYA,KAYNES,KEC,KEI,KIMS,KIRLFER,KIRLOSBROS,KIRLOSENG,KNRCON,KOTAKBANK,KPIL,KPITTECH,KPRMILL,LALPATHLAB,LATENTVIEW,LAURUSLABS,LAXMIMACH,LICHSGFIN,LINDEINDIA,LODHA,LT,LTF,LTM,LTTS,LUPIN,LUXIND,M&M,M&MFIN,MAHABANK,MANAPPURAM,MAPMYINDIA,MARICO,MARUTI,MASTEK,MAXHEALTH,MAZDOCK,MCX,METROBRAND,METROPOLIS,MFSL,MGL,MINDACORP,MINDTREE,MMTC,MOIL,MOTILALOFS,MPHASIS,MRF,MRPL,MUTHOOTFIN,NAM-INDIA,NATCOPHARM,NATIONALUM,NAUKRI,NAVINFLUOR,NAZARA,NBCC,NCC,NESCO,NESTLEIND,NETWEB,NETWORK18,NEWGEN,NH,NHPC,NIACL,NLCINDIA,NMDC,NTPC,NUVOCO,NYKAA,OBEROIRLTY,OFSS,OIL,ONGC,ORIENTELEC,PAGEIND,PAYTM,PCBL,PEL,PERSISTENT,PETRONET,PFC,PFIZER,PGHH,PGHL,PHOENIXLTD,PIDILITIND,PIIND,PNB,PNBHOUSING,PNCINFRA,POLICYBZR,POLYCAB,POLYMED,POLYPLEX,POONAWALLA,POWERGRID,POWERINDIA,PRAJIND,PRESTIGE,PRIVISCL,PTCIL,PVRINOX,QUESS,RADICO,RAILTEL,RAIN,RAJESHEXPO,RALLIS,RAMCOCEM,RATNAMANI,RAYMONDLSL,RBLBANK,RCF,RECLTD,REDINGTON,RELAXO,RELIANCE,RENUKA,RHIM,RITES,ROSSARI,ROUTE,RTNINDIA,RVNL,SAIL,SAMMAANCAP,SANOFI,SAPPHIRE,SAREGAMA,SBICARD,SBILIFE,SBIN,SCHAEFFLER,SCI,SEQUENT,SFL,SHILPAMED,SHREECEM,SHRIRAMCIT,SHRIRAMFIN,SHYAMMETL,SIEMENS,SIS,SJVN,SKFINDIA,SOBHA,SOLARA,SOLARINDS,SONACOMS,SONATSOFTW,SPARC,SPICEJET,SRF,STAR,STARHEALTH,SUDARSCHEM,SUMICHEM,SUNDARMFIN,SUNDRMFAST,SUNPHARMA,SUNTV,SUPPETRO,SUPRAJIT,SUPREMEIND,SUZLON,SWANCORP,SWSOLAR,SYMPHONY,SYNGENE,SYRMA,TANLA,TATACHEM,TATACOFFEE,TATACOMM,TATACONSUM,TATAELXSI,TATAINVEST,TATAMTRDVR,TATAPOWER,TATASTEEL,TATASTLLP,TBOTEK,TCS,TEAMLEASE,TECHM,TECHNOE,THERMAX,THYROCARE,TIINDIA,TIMKEN,TITAN,TMPV,TORNTPHARM,TORNTPOWER,TRENT,TRIDENT,TRITURBINE,TTKPRESTIG,TTML,TV18BRDCST,TVSMOTOR,UBL,UCOBANK,UJJIVANSFB,ULTRACEMCO,UNIONBANK,UNITDSPR,UNOMINDA,UPL,USHAMART,UTIAMC,VAKRANGEE,VARROC,VBL,VEDL,VENKEYS,VGUARD,VIJAYA,VINATIORGA,VIPIND,VMART,VOLTAS,VTL,WELCORP,WELSPUNLIV,WESTLIFE,WHIRLPOOL,WIPRO,WOCKPHARMA,YESBANK,ZEEL,ZENSARTECH,ZFCVINDIA,ZYDUSLIFE,ZYDUSWELL"
2016-04-30,"360ONE,3MINDIA,AADHARHFC,AARTIDRUGS,AARTIIND,AAVAS,ABB,ABBOTINDIA,ABCAPITAL,ABFRL,ABREL,ABSLAMC,ACC,ADANIENSOL,ADANIENT,ADANIGREEN,ADANIPORTS,ADVENZYMES,AEGISLOG,AFFLE,AIAENG,AJANTPHARM,ALKEM,ALKYLAMINE,ALLCARGO,ALOKINDS,AMBER,AMBUJACEM,ANANTRAJ,ANGELONE,APLAPOLLO,APLLTD,APOLLOHOSP,APOLLOTYRE,APTUS,ARE&M,ASAHIINDIA,ASHOKLEY,ASIANPAINT,ASTERDM,ASTRAL,ASTRAZEN,ATGL,ATUL,AUBANK,AUROPHARMA,AVANTIFEED,AXISBANK,BAJAJ-AUTO,BAJAJELEC,BAJAJFINSV,BAJAJHLDNG,BAJFINANCE,BALAMINES,BALKRISIND,BALRAMCHIN,BANDHANBNK,BANKBARODA,BANKINDIA,BASF,BATAINDIA,BAYERCROP,BBTC,BCG,BDL,BEL,BEML,BERGEPAINT,BHARATFORG,BHARTIARTL,BHARTIHEXA,BHEL,BIOCON,BIRLACORPN,BLUEDART,BLUESTARCO,BOSCHLTD,BPCL,BRIGADE,BRITANNIA,BSE,BSOFT,CAMS,CANBK,CANFINHOME,CAPLIPOINT,CARBORUNIV,CASTROLIND,CCL,CDSL,CEATLTD,CENTRALBK,CENTURYPLY,CERA,CESC,CGPOWER,CHALET,CHAMBLFERT,CHEMPLASTS,CHOLAFIN,CHOLAHLDNG,CIEINDIA,CIPLA,CLEAN,COALINDIA,COCHINSHIP,COFORGE,COHANCE,COLPAL,CONCOR,COROMANDEL,CREDITACC,CRISIL,CROMPTON,CUB,CUMMINSIND,CYIENT,DABUR,DALBHARAT,DBL,DBREALTY,DEEPAKNTR,DELTACORP,DEVYANI,DHANI,DIVISLAB,DIXON,DLF,DMART,DRREDDY,DUMMYHEG,EASEMYTRIP,ECLERX,EDELWEISS,EICHERMOT,EIDPARRY,EIHOTEL,ELGIEQUIP,EMAMILTD,ENDURANCE,ENGINERSIN,EPIGRAL,EQUITAS,EQUITASBNK,ERIS,ESCORTS,ETERNAL,EXIDEIND,FACT,FEDERALBNK,FINCABLES,FINEORG,FINPIPE,FLUOROCHEM,FORTIS,FSL,GAEL,GAIL,GALAXYSURF,GESHIP,GICRE,GILLETTE,GLAND,GLAXO,GLENMARK,GLS,GMRAIRPORT,GNFC,GOCOLORS,GODFRYPHLP,GODIGIT,GODREJAGRO,GODREJCP,GODREJIND,GODREJPROP,GPIL,GPPL,GRANULES,GRAPHITE,GRASIM,GRINDWELL,GRINFRA,GSFC,GSPL,GUJALKALI,GUJGASLTD,GVT&D,HAL,HAPPSTMNDS,HATHWAY,HATSUN,HAVELLS,HBLENGINE,HCLTECH,HDFC,HDFCAMC,HDFCBANK,HDFCLIFE,HEG,HEMIPROP,HEROMOTOCO,HFCL,HINDALCO,HINDCOPPER,HINDPETRO,HINDUNILVR,HINDZINC,HLEGLAS,HOMEFIRST,HONAUT,HUDCO,ICICIBANK,ICICIGI,ICICIPRULI,ICIL,IDBI,IDEA,IDFC,IDFCFIRSTB,IEX,IFCI,IGL,IIFL,INDGN,INDHOTEL,INDIACEM,INDIAMART,INDIANB,INDIGO,INDOCO,INDUSINDBK,INDUSTOWER,INFIBEAM,INFY,INOXINDIA,INOXLEISUR,INTELLECT,IOB,IOC,IPCALAB,IRB,IRCON,IRCTC,IREDA,IRFC,ITC,ITI,JAMNAAUTO,JBCHEPHARM,JINDALSAW,JINDALSTEL,JKCEMENT,JKLAKSHMI,JKTYRE,JMFINANCIL,JPPOWER,JSL,JSLHISAR,JSWDULUX,JSWENERGY,JSWSTEEL,JUBLFOOD,JUBLINGREA,JUBLPHARMA,JUSTDIAL,JYOTHYLAB,JYOTICNC,KAJARIACER,KALYANKJIL,KANSAINER,KARURVYSYA,KAYNES,KEC,KEI,KIMS,KIRLFER,KIRLOSBROS,KIRLOSENG,KNRCON,KOTAKBANK,KPIL,KPITTECH,KPRMILL,LALPATHLAB,LATENTVIEW,LAURUSLABS,LAXMIMACH,LICHSGFIN,LINDEINDIA,LODHA,LT,LTF,LTM,LTTS,LUPIN,LUXIND,M&M,M&MFIN,MAHABANK,MANAPPURAM,MAPMYINDIA,MARICO,MARUTI,MASTEK,MAXHEALTH,MAZDOCK,MCX,METROBRAND,METROPOLIS,MFSL,MGL,MINDACORP,MINDTREE,MMTC,MOIL,MOTILALOFS,MPHASIS,MRF,MRPL,MUTHOOTFIN,NAM-INDIA,NATCOPHARM,NATIONALUM,NAUKRI,NAVINFLUOR,NAZARA,NBCC,NCC,NESCO,NESTLEIND,NETWEB,NETWORK18,NEWGEN,NH,NHPC,NIACL,NLCINDIA,NMDC,NTPC,NUVOCO,NYKAA,OBEROIRLTY,OFSS,OIL,ONGC,ORIENTELEC,PAGEIND,PAYTM,PCBL,PEL,PERSISTENT,PETRONET,PFC,PFIZER,PGHH,PGHL,PHOENIXLTD,PIDILITIND,PIIND,PNB,PNBHOUSING,PNCINFRA,POLICYBZR,POLYCAB,POLYMED,POLYPLEX,POONAWALLA,POWERGRID,POWERINDIA,PRAJIND,PRESTIGE,PRIVISCL,PTCIL,PVRINOX,QUESS,RADICO,RAILTEL,RAIN,RAJESHEXPO,RALLIS,RAMCOCEM,RATNAMANI,RAYMONDLSL,RBLBANK,RCF,RECLTD,REDINGTON,RELAXO,RELIANCE,RENUKA,RHIM,RITES,ROSSARI,ROUTE,RTNINDIA,RVNL,SAIL,SAMMAANCAP,SANOFI,SAPPHIRE,SAREGAMA,SBICARD,SBILIFE,SBIN,SCHAEFFLER,SCI,SEQUENT,SFL,SHILPAMED,SHREECEM,SHRIRAMCIT,SHRIRAMFIN,SHYAMMETL,SIEMENS,SIS,SJVN,SKFINDIA,SOBHA,SOLARA,SOLARINDS,SONACOMS,SONATSOFTW,SPARC,SPICEJET,SRF,STAR,STARHEALTH,SUDARSCHEM,SUMICHEM,SUNDARMFIN,SUNDRMFAST,SUNPHARMA,SUNTV,SUPPETRO,SUPRAJIT,SUPREMEIND,SUZLON,SWANCORP,SWSOLAR,SYMPHONY,SYNGENE,SYRMA,TANLA,TATACHEM,TATACOFFEE,TATACOMM,TATACONSUM,TATAELXSI,TATAINVEST,TATAMTRDVR,TATAPOWER,TATASTEEL,TATASTLLP,TBOTEK,TCS,TEAMLEASE,TECHM,TECHNOE,THERMAX,THYROCARE,TIINDIA,TIMKEN,TITAN,TMPV,TORNTPHARM,TORNTPOWER,TRENT,TRIDENT,TRITURBINE,TTKPRESTIG,TTML,TV18BRDCST,TVSMOTOR,UBL,UCOBANK,UJJIVANSFB,ULTRACEMCO,UNIONBANK,UNITDSPR,UNOMINDA,UPL,USHAMART,UTIAMC,VAKRANGEE,VARROC,VBL,VEDL,VENKEYS,VGUARD,VIJAYA,VINATIORGA,VIPIND,VMART,VOLTAS,VTL,WELCORP,WELSPUNLIV,WESTLIFE,WHIRLPOOL,WIPRO,WOCKPHARMA,YESBANK,ZEEL,ZENSARTECH,ZFCVINDIA,ZYDUSLIFE,ZYDUSWELL"
2016-05-31,"360ONE,3MINDIA,AADHARHFC,AARTIDRUGS,AARTIIND,AAVAS,ABB,ABBOTINDIA,ABCAPITAL,ABFRL,ABREL,ABSLAMC,ACC,ADANIENSOL,ADANIENT,ADANIGREEN,ADANIPORTS,ADVENZYMES,AEGISLOG,AFFLE,AIAENG,AJANTPHARM,ALKEM,ALKYLAMINE,ALLCARGO,ALOKINDS,AMBER,AMBUJACEM,ANANTRAJ,ANGELONE,APLAPOLLO,APLLTD,APOLLOHOSP,APOLLOTYRE,APTUS,ARE&M,ASAHIINDIA,ASHOKLEY,ASIANPAINT,ASTERDM,ASTRAL,ASTRAZEN,ATGL,ATUL,AUBANK,AUROPHARMA,AVANTIFEED,AXISBANK,BAJAJ-AUTO,BAJAJELEC,BAJAJFINSV,BAJAJHLDNG,BAJFINANCE,BALAMINES,BALKRISIND,BALRAMCHIN,BANDHANBNK,BANKBARODA,BANKINDIA,BASF,BATAINDIA,BAYERCROP,BBTC,BCG,BDL,BEL,BEML,BERGEPAINT,BHARATFORG,BHARTIARTL,BHARTIHEXA,BHEL,BIOCON,BIRLACORPN,BLUEDART,BLUESTARCO,BOSCHLTD,BPCL,BRIGADE,BRITANNIA,BSE,BSOFT,CAMS,CANBK,CANFINHOME,CAPLIPOINT,CARBORUNIV,CASTROLIND,CCL,CDSL,CEATLTD,CENTRALBK,CENTURYPLY,CERA,CESC,CGPOWER,CHALET,CHAMBLFERT,CHEMPLASTS,CHOLAFIN,CHOLAHLDNG,CIEINDIA,CIPLA,CLEAN,COALINDIA,COCHINSHIP,COFORGE,COHANCE,COLPAL,CONCOR,COROMANDEL,CREDITACC,CRISIL,CROMPTON,CUB,CUMMINSIND,CYIENT,DABUR,DALBHARAT,DBL,DBREALTY,DEEPAKNTR,DELTACORP,DEVYANI,DHANI,DIVISLAB,DIXON,DLF,DMART,DRREDDY,DUMMYHEG,EASEMYTRIP,ECLERX,EDELWEISS,EICHERMOT,EIDPARRY,EIHOTEL,ELGIEQUIP,EMAMILTD,ENDURANCE,ENGINERSIN,EPIGRAL,EQUITAS,EQUITASBNK,ERIS,ESCORTS,ETERNAL,EXIDEIND,FACT,FEDERALBNK,FINCABLES,FINEORG,FINPIPE,FLUOROCHEM,FORTIS,FSL,GAEL,GAIL,GALAXYSURF,GESHIP,GICRE,GILLETTE,GLAND,GLAXO,GLENMARK,GLS,GMRAIRPORT,GNFC,GOCOLORS,GODFRYPHLP,GODIGIT,GODREJAGRO,GODREJCP,GODREJIND,GODREJPROP,GPIL,GPPL,GRANULES,GRAPHITE,GRASIM,GRINDWELL,GRINFRA,GSFC,GSPL,GUJALKALI,GUJGASLTD,GVT&D,HAL,HAPPSTMNDS,HATHWAY,HATSUN,HAVELLS,HBLENGINE,HCLTECH,HDFC,HDFCAMC,HDFCBANK,HDFCLIFE,HEG,HEMIPROP,HEROMOTOCO,HFCL,HINDALCO,HINDCOPPER,HINDPETRO,HINDUNILVR,HINDZINC,HLEGLAS,HOMEFIRST,HONAUT,HUDCO,ICICIBANK,ICICIGI,ICICIPRULI,ICIL,IDBI,IDEA,IDFC,IDFCFIRSTB,IEX,IFCI,IGL,IIFL,INDGN,INDHOTEL,INDIACEM,INDIAMART,INDIANB,INDIGO,INDOCO,INDUSINDBK,INDUSTOWER,INFIBEAM,INFY,INOXINDIA,INOXLEISUR,INTELLECT,IOB,IOC,IPCALAB,IRB,IRCON,IRCTC,IREDA,IRFC,ITC,ITI,JAMNAAUTO,JBCHEPHARM,JINDALSAW,JINDALSTEL,JKCEMENT,JKLAKSHMI,JKTYRE,JMFINANCIL,JPPOWER,JSL,JSLHISAR,JSWDULUX,JSWENERGY,JSWSTEEL,JUBLFOOD,JUBLINGREA,JUBLPHARMA,JUSTDIAL,JYOTHYLAB,JYOTICNC,KAJARIACER,KALYANKJIL,KANSAINER,KARURVYSYA,KAYNES,KEC,KEI,KIMS,KIRLFER,KIRLOSBROS,KIRLOSENG,KNRCON,KOTAKBANK,KPIL,KPITTECH,KPRMILL,LALPATHLAB,LATENTVIEW,LAURUSLABS,LAXMIMACH,LICHSGFIN,LINDEINDIA,LODHA,LT,LTF,LTM,LTTS,LUPIN,LUXIND,M&M,M&MFIN,MAHABANK,MANAPPURAM,MAPMYINDIA,MARICO,MARUTI,MASTEK,MAXHEALTH,MAZDOCK,MCX,METROBRAND,METROPOLIS,MFSL,MGL,MINDACORP,MINDTREE,MMTC,MOIL,MOTILALOFS,MPHASIS,MRF,MRPL,MUTHOOTFIN,NAM-INDIA,NATCOPHARM,NATIONALUM,NAUKRI,NAVINFLUOR,NAZARA,NBCC,NCC,NESCO,NESTLEIND,NETWEB,NETWORK18,NEWGEN,NH,NHPC,NIACL,NLCINDIA,NMDC,NTPC,NUVOCO,NYKAA,OBEROIRLTY,OFSS,OIL,ONGC,ORIENTELEC,PAGEIND,PAYTM,PCBL,PEL,PERSISTENT,PETRONET,PFC,PFIZER,PGHH,PGHL,PHOENIXLTD,PIDILITIND,PIIND,PNB,PNBHOUSING,PNCINFRA,POLICYBZR,POLYCAB,POLYMED,POLYPLEX,POONAWALLA,POWERGRID,POWERINDIA,PRAJIND,PRESTIGE,PRIVISCL,PTCIL,PVRINOX,QUESS,RADICO,RAILTEL,RAIN,RAJESHEXPO,RALLIS,RAMCOCEM,RATNAMANI,RAYMONDLSL,RBLBANK,RCF,RECLTD,REDINGTON,RELAXO,RELIANCE,RENUKA,RHIM,RITES,ROSSARI,ROUTE,RTNINDIA,RVNL,SAIL,SAMMAANCAP,SANOFI,SAPPHIRE,SAREGAMA,SBICARD,SBILIFE,SBIN,SCHAEFFLER,SCI,SEQUENT,SFL,SHILPAMED,SHREECEM,SHRIRAMCIT,SHRIRAMFIN,SHYAMMETL,SIEMENS,SIS,SJVN,SKFINDIA,SOBHA,SOLARA,SOLARINDS,SONACOMS,SONATSOFTW,SPARC,SPICEJET,SRF,STAR,STARHEALTH,SUDARSCHEM,SUMICHEM,SUNDARMFIN,SUNDRMFAST,SUNPHARMA,SUNTV,SUPPETRO,SUPRAJIT,SUPREMEIND,SUZLON,SWANCORP,SWSOLAR,SYMPHONY,SYNGENE,SYRMA,TANLA,TATACHEM,TATACOFFEE,TATACOMM,TATACONSUM,TATAELXSI,TATAINVEST,TATAMTRDVR,TATAPOWER,TATASTEEL,TATASTLLP,TBOTEK,TCS,TEAMLEASE,TECHM,TECHNOE,THERMAX,THYROCARE,TIINDIA,TIMKEN,TITAN,TMPV,TORNTPHARM,TORNTPOWER,TRENT,TRIDENT,TRITURBINE,TTKPRESTIG,TTML,TV18BRDCST,TVSMOTOR,UBL,UCOBANK,UJJIVANSFB,ULTRACEMCO,UNIONBANK,UNITDSPR,UNOMINDA,UPL,USHAMART,UTIAMC,VAKRANGEE,VARROC,VBL,VEDL,VENKEYS,VGUARD,VIJAYA,VINATIORGA,VIPIND,VMART,VOLTAS,VTL,WELCORP,WELSPUNLIV,WESTLIFE,WHIRLPOOL,WIPRO,WOCKPHARMA,YESBANK,ZEEL,ZENSARTECH,ZFCVINDIA,ZYDUSLIFE,ZYDUSWELL"
2016-06-30,"360ONE,3MINDIA,AADHARHFC,AARTIDRUGS,AARTIIND,AAVAS,ABB,ABBOTINDIA,ABCAPITAL,ABFRL,ABREL,ABSLAMC,ACC,ADANIENSOL,ADANIENT,ADANIGREEN,ADANIPORTS,ADVENZYMES,AEGISLOG,AFFLE,AIAENG,AJANTPHARM,ALKEM,ALKYLAMINE,ALLCARGO,ALOKINDS,AMBER,AMBUJACEM,ANANTRAJ,ANGELONE,APLAPOLLO,APLLTD,APOLLOHOSP,APOLLOTYRE,APTUS,ARE&M,ASAHIINDIA,ASHOKLEY,ASIANPAINT,ASTERDM,ASTRAL,ASTRAZEN,ATGL,ATUL,AUBANK,AUROPHARMA,AVANTIFEED,AXISBANK,BAJAJ-AUTO,BAJAJELEC,BAJAJFINSV,BAJAJHLDNG,BAJFINANCE,BALAMINES,BALKRISIND,BALRAMCHIN,BANDHANBNK,BANKBARODA,BANKINDIA,BASF,BATAINDIA,BAYERCROP,BBTC,BCG,BDL,BEL,BEML,BERGEPAINT,BHARATFORG,BHARTIARTL,BHARTIHEXA,BHEL,BIOCON,BIRLACORPN,BLUEDART,BLUESTARCO,BOSCHLTD,BPCL,BRIGADE,BRITANNIA,BSE,BSOFT,CAMS,CANBK,CANFINHOME,CAPLIPOINT,CARBORUNIV,CASTROLIND,CCL,CDSL,CEATLTD,CENTRALBK,CENTURYPLY,CERA,CESC,CGPOWER,CHALET,CHAMBLFERT,CHEMPLASTS,CHOLAFIN,CHOLAHLDNG,CIEINDIA,CIPLA,CLEAN,COALINDIA,COCHINSHIP,COFORGE,COHANCE,COLPAL,CONCOR,COROMANDEL,CREDITACC,CRISIL,CROMPTON,CUB,CUMMINSIND,CYIENT,DABUR,DALBHARAT,DBL,DBREALTY,DEEPAKNTR,DELTACORP,DEVYANI,DHANI,DIVISLAB,DIXON,DLF,DMART,DRREDDY,DUMMYHEG,EASEMYTRIP,ECLERX,EDELWEISS,EICHERMOT,EIDPARRY,EIHOTEL,ELGIEQUIP,EMAMILTD,ENDURANCE,ENGINERSIN,EPIGRAL,EQUITAS,EQUITASBNK,ERIS,ESCORTS,ETERNAL,EXIDEIND,FACT,FEDERALBNK,FINCABLES,FINEORG,FINPIPE,FLUOROCHEM,FORTIS,FSL,GAEL,GAIL,GALAXYSURF,GESHIP,GICRE,GILLETTE,GLAND,GLAXO,GLENMARK,GLS,GMRAIRPORT,GNFC,GOCOLORS,GODFRYPHLP,GODIGIT,GODREJAGRO,GODREJCP,GODREJIND,GODREJPROP,GPIL,GPPL,GRANULES,GRAPHITE,GRASIM,GRINDWELL,GRINFRA,GSFC,GSPL,GUJALKALI,GUJGASLTD,GVT&D,HAL,HAPPSTMNDS,HATHWAY,HATSUN,HAVELLS,HBLENGINE,HCLTECH,HDFC,HDFCAMC,HDFCBANK,HDFCLIFE,HEG,HEMIPROP,HEROMOTOCO,HFCL,HINDALCO,HINDCOPPER,HINDPETRO,HINDUNILVR,HINDZINC,HLEGLAS,HOMEFIRST,HONAUT,HUDCO,ICICIBANK,ICICIGI,ICICIPRULI,ICIL,IDBI,IDEA,IDFC,IDFCFIRSTB,IEX,IFCI,IGL,IIFL,INDGN,INDHOTEL,INDIACEM,INDIAMART,INDIANB,INDIGO,INDOCO,INDUSINDBK,INDUSTOWER,INFIBEAM,INFY,INOXINDIA,INOXLEISUR,INTELLECT,IOB,IOC,IPCALAB,IRB,IRCON,IRCTC,IREDA,IRFC,ITC,ITI,JAMNAAUTO,JBCHEPHARM,JINDALSAW,JINDALSTEL,JKCEMENT,JKLAKSHMI,JKTYRE,JMFINANCIL,JPPOWER,JSL,JSLHISAR,JSWDULUX,JSWENERGY,JSWSTEEL,JUBLFOOD,JUBLINGREA,JUBLPHARMA,JUSTDIAL,JYOTHYLAB,JYOTICNC,KAJARIACER,KALYANKJIL,KANSAINER,KARURVYSYA,KAYNES,KEC,KEI,KIMS,KIRLFER,KIRLOSBROS,KIRLOSENG,KNRCON,KOTAKBANK,KPIL,KPITTECH,KPRMILL,LALPATHLAB,LATENTVIEW,LAURUSLABS,LAXMIMACH,LICHSGFIN,LINDEINDIA,LODHA,LT,LTF,LTM,LTTS,LUPIN,LUXIND,M&M,M&MFIN,MAHABANK,MANAPPURAM,MAPMYINDIA,MARICO,MARUTI,MASTEK,MAXHEALTH,MAZDOCK,MCX,METROBRAND,METROPOLIS,MFSL,MGL,MINDACORP,MINDTREE,MMTC,MOIL,MOTILALOFS,MPHASIS,MRF,MRPL,MUTHOOTFIN,NAM-INDIA,NATCOPHARM,NATIONALUM,NAUKRI,NAVINFLUOR,NAZARA,NBCC,NCC,NESCO,NESTLEIND,NETWEB,NETWORK18,NEWGEN,NH,NHPC,NIACL,NLCINDIA,NMDC,NTPC,NUVOCO,NYKAA,OBEROIRLTY,OFSS,OIL,ONGC,ORIENTELEC,PAGEIND,PAYTM,PCBL,PEL,PERSISTENT,PETRONET,PFC,PFIZER,PGHH,PGHL,PHOENIXLTD,PIDILITIND,PIIND,PNB,PNBHOUSING,PNCINFRA,POLICYBZR,POLYCAB,POLYMED,POLYPLEX,POONAWALLA,POWERGRID,POWERINDIA,PRAJIND,PRESTIGE,PRIVISCL,PTCIL,PVRINOX,QUESS,RADICO,RAILTEL,RAIN,RAJESHEXPO,RALLIS,RAMCOCEM,RATNAMANI,RAYMONDLSL,RBLBANK,RCF,RECLTD,REDINGTON,RELAXO,RELIANCE,RENUKA,RHIM,RITES,ROSSARI,ROUTE,RTNINDIA,RVNL,SAIL,SAMMAANCAP,SANOFI,SAPPHIRE,SAREGAMA,SBICARD,SBILIFE,SBIN,SCHAEFFLER,SCI,SEQUENT,SFL,SHILPAMED,SHREECEM,SHRIRAMCIT,SHRIRAMFIN,SHYAMMETL,SIEMENS,SIS,SJVN,SKFINDIA,SOBHA,SOLARA,SOLARINDS,SONACOMS,SONATSOFTW,SPARC,SPICEJET,SRF,STAR,STARHEALTH,SUDARSCHEM,SUMICHEM,SUNDARMFIN,SUNDRMFAST,SUNPHARMA,SUNTV,SUPPETRO,SUPRAJIT,SUPREMEIND,SUZLON,SWANCORP,SWSOLAR,SYMPHONY,SYNGENE,SYRMA,TANLA,TATACHEM,TATACOFFEE,TATACOMM,TATACONSUM,TATAELXSI,TATAINVEST,TATAMTRDVR,TATAPOWER,TATASTEEL,TATASTLLP,TBOTEK,TCS,TEAMLEASE,TECHM,TECHNOE,THERMAX,THYROCARE,TIINDIA,TIMKEN,TITAN,TMPV,TORNTPHARM,TORNTPOWER,TRENT,TRIDENT,TRITURBINE,TTKPRESTIG,TTML,TV18BRDCST,TVSMOTOR,UBL,UCOBANK,UJJIVANSFB,ULTRACEMCO,UNIONBANK,UNITDSPR,UNOMINDA,UPL,USHAMART,UTIAMC,VAKRANGEE,VARROC,VBL,VEDL,VENKEYS,VGUARD,VIJAYA,VINATIORGA,VIPIND,VMART,VOLTAS,VTL,WELCORP,WELSPUNLIV,WESTLIFE,WHIRLPOOL,WIPRO,WOCKPHARMA,YESBANK,ZEEL,ZENSARTECH,ZFCVINDIA,ZYDUSLIFE,ZYDUSWELL"
2016-07-31,"360ONE,3MINDIA,AADHARHFC,AARTIDRUGS,AARTIIND,AAVAS,ABB,ABBOTINDIA,ABCAPITAL,ABFRL,ABREL,ABSLAMC,ACC,ADANIENSOL,ADANIENT,ADANIGREEN,ADANIPORTS,ADVENZYMES,AEGISLOG,AFFLE,AIAENG,AJANTPHARM,ALKEM,ALKYLAMINE,ALLCARGO,ALOKINDS,AMBER,AMBUJACEM,ANANTRAJ,ANGELONE,APLAPOLLO,APLLTD,APOLLOHOSP,APOLLOTYRE,APTUS,ARE&M,ASAHIINDIA,ASHOKLEY,ASIANPAINT,ASTERDM,ASTRAL,ASTRAZEN,ATGL,ATUL,AUBANK,AUROPHARMA,AVANTIFEED,AXISBANK,BAJAJ-AUTO,BAJAJELEC,BAJAJFINSV,BAJAJHLDNG,BAJFINANCE,BALAMINES,BALKRISIND,BALRAMCHIN,BANDHANBNK,BANKBARODA,BANKINDIA,BASF,BATAINDIA,BAYERCROP,BBTC,BCG,BDL,BEL,BEML,BERGEPAINT,BHARATFORG,BHARTIARTL,BHARTIHEXA,BHEL,BIOCON,BIRLACORPN,BLUEDART,BLUESTARCO,BOSCHLTD,BPCL,BRIGADE,BRITANNIA,BSE,BSOFT,CAMS,CANBK,CANFINHOME,CAPLIPOINT,CARBORUNIV,CASTROLIND,CCL,CDSL,CEATLTD,CENTRALBK,CENTURYPLY,CERA,CESC,CGPOWER,CHALET,CHAMBLFERT,CHEMPLASTS,CHOLAFIN,CHOLAHLDNG,CIEINDIA,CIPLA,CLEAN,COALINDIA,COCHINSHIP,COFORGE,COHANCE,COLPAL,CONCOR,COROMANDEL,CREDITACC,CRISIL,CROMPTON,CUB,CUMMINSIND,CYIENT,DABUR,DALBHARAT,DBL,DBREALTY,DEEPAKNTR,DELTACORP,DEVYANI,DHANI,DIVISLAB,DIXON,DLF,DMART,DRREDDY,DUMMYHEG,EASEMYTRIP,ECLERX,EDELWEISS,EICHERMOT,EIDPARRY,EIHOTEL,ELGIEQUIP,EMAMILTD,ENDURANCE,ENGINERSIN,EPIGRAL,EQUITAS,EQUITASBNK,ERIS,ESCORTS,ETERNAL,EXIDEIND,FACT,FEDERALBNK,FINCABLES,FINEORG,FINPIPE,FLUOROCHEM,FORTIS,FSL,GAEL,GAIL,GALAXYSURF,GESHIP,GICRE,GILLETTE,GLAND,GLAXO,GLENMARK,GLS,GMRAIRPORT,GNFC,GOCOLORS,GODFRYPHLP,GODIGIT,GODREJAGRO,GODREJCP,GODREJIND,GODREJPROP,GPIL,GPPL,GRANULES,GRAPHITE,GRASIM,GRINDWELL,GRINFRA,GSFC,GSPL,GUJALKALI,GUJGASLTD,GVT&D,HAL,HAPPSTMNDS,HATHWAY,HATSUN,HAVELLS,HBLENGINE,HCLTECH,HDFC,HDFCAMC,HDFCBANK,HDFCLIFE,HEG,HEMIPROP,HEROMOTOCO,HFCL,HINDALCO,HINDCOPPER,HINDPETRO,HINDUNILVR,HINDZINC,HLEGLAS,HOMEFIRST,HONAUT,HUDCO,ICICIBANK,ICICIGI,ICICIPRULI,ICIL,IDBI,IDEA,IDFC,IDFCFIRSTB,IEX,IFCI,IGL,IIFL,INDGN,INDHOTEL,INDIACEM,INDIAMART,INDIANB,INDIGO,INDOCO,INDUSINDBK,INDUSTOWER,INFIBEAM,INFY,INOXINDIA,INOXLEISUR,INTELLECT,IOB,IOC,IPCALAB,IRB,IRCON,IRCTC,IREDA,IRFC,ITC,ITI,JAMNAAUTO,JBCHEPHARM,JINDALSAW,JINDALSTEL,JKCEMENT,JKLAKSHMI,JKTYRE,JMFINANCIL,JPPOWER,JSL,JSLHISAR,JSWDULUX,JSWENERGY,JSWSTEEL,JUBLFOOD,JUBLINGREA,JUBLPHARMA,JUSTDIAL,JYOTHYLAB,JYOTICNC,KAJARIACER,KALYANKJIL,KANSAINER,KARURVYSYA,KAYNES,KEC,KEI,KIMS,KIRLFER,KIRLOSBROS,KIRLOSENG,KNRCON,KOTAKBANK,KPIL,KPITTECH,KPRMILL,LALPATHLAB,LATENTVIEW,LAURUSLABS,LAXMIMACH,LICHSGFIN,LINDEINDIA,LODHA,LT,LTF,LTM,LTTS,LUPIN,LUXIND,M&M,M&MFIN,MAHABANK,MANAPPURAM,MAPMYINDIA,MARICO,MARUTI,MASTEK,MAXHEALTH,MAZDOCK,MCX,METROBRAND,METROPOLIS,MFSL,MGL,MINDACORP,MINDTREE,MMTC,MOIL,MOTILALOFS,MPHASIS,MRF,MRPL,MUTHOOTFIN,NAM-INDIA,NATCOPHARM,NATIONALUM,NAUKRI,NAVINFLUOR,NAZARA,NBCC,NCC,NESCO,NESTLEIND,NETWEB,NETWORK18,NEWGEN,NH,NHPC,NIACL,NLCINDIA,NMDC,NTPC,NUVOCO,NYKAA,OBEROIRLTY,OFSS,OIL,ONGC,ORIENTELEC,PAGEIND,PAYTM,PCBL,PEL,PERSISTENT,PETRONET,PFC,PFIZER,PGHH,PGHL,PHOENIXLTD,PIDILITIND,PIIND,PNB,PNBHOUSING,PNCINFRA,POLICYBZR,POLYCAB,POLYMED,POLYPLEX,POONAWALLA,POWERGRID,POWERINDIA,PRAJIND,PRESTIGE,PRIVISCL,PTCIL,PVRINOX,QUESS,RADICO,RAILTEL,RAIN,RAJESHEXPO,RALLIS,RAMCOCEM,RATNAMANI,RAYMONDLSL,RBLBANK,RCF,RECLTD,REDINGTON,RELAXO,RELIANCE,RENUKA,RHIM,RITES,ROSSARI,ROUTE,RTNINDIA,RVNL,SAIL,SAMMAANCAP,SANOFI,SAPPHIRE,SAREGAMA,SBICARD,SBILIFE,SBIN,SCHAEFFLER,SCI,SEQUENT,SFL,SHILPAMED,SHREECEM,SHRIRAMCIT,SHRIRAMFIN,SHYAMMETL,SIEMENS,SIS,SJVN,SKFINDIA,SOBHA,SOLARA,SOLARINDS,SONACOMS,SONATSOFTW,SPARC,SPICEJET,SRF,STAR,STARHEALTH,SUDARSCHEM,SUMICHEM,SUNDARMFIN,SUNDRMFAST,SUNPHARMA,SUNTV,SUPPETRO,SUPRAJIT,SUPREMEIND,SUZLON,SWANCORP,SWSOLAR,SYMPHONY,SYNGENE,SYRMA,TANLA,TATACHEM,TATACOFFEE,TATACOMM,TATACONSUM,TATAELXSI,TATAINVEST,TATAMTRDVR,TATAPOWER,TATASTEEL,TATASTLLP,TBOTEK,TCS,TEAMLEASE,TECHM,TECHNOE,THERMAX,THYROCARE,TIINDIA,TIMKEN,TITAN,TMPV,TORNTPHARM,TORNTPOWER,TRENT,TRIDENT,TRITURBINE,TTKPRESTIG,TTML,TV18BRDCST,TVSMOTOR,UBL,UCOBANK,UJJIVANSFB,ULTRACEMCO,UNIONBANK,UNITDSPR,UNOMINDA,UPL,USHAMART,UTIAMC,VAKRANGEE,VARROC,VBL,VEDL,VENKEYS,VGUARD,VIJAYA,VINATIORGA,VIPIND,VMART,VOLTAS,VTL,WELCORP,WELSPUNLIV,WESTLIFE,WHIRLPOOL,WIPRO,WOCKPHARMA,YESBANK,ZEEL,ZENSARTECH,ZFCVINDIA,ZYDUSLIFE,ZYDUSWELL"
2016-08-31,"360ONE,3MINDIA,AADHARHFC,AARTIDRUGS,AARTIIND,AAVAS,ABB,ABBOTINDIA,ABCAPITAL,ABFRL,ABREL,ABSLAMC,ACC,ADANIENSOL,ADANIENT,ADANIGREEN,ADANIPORTS,ADVENZYMES,AEGISLOG,AFFLE,AIAENG,AJANTPHARM,ALKEM,ALKYLAMINE,ALLCARGO,ALOKINDS,AMBER,AMBUJACEM,ANANTRAJ,ANGELONE,APLAPOLLO,APLLTD,APOLLOHOSP,APOLLOTYRE,APTUS,ARE&M,ASAHIINDIA,ASHOKLEY,ASIANPAINT,ASTERDM,ASTRAL,ASTRAZEN,ATGL,ATUL,AUBANK,AUROPHARMA,AVANTIFEED,AXISBANK,BAJAJ-AUTO,BAJAJELEC,BAJAJFINSV,BAJAJHLDNG,BAJFINANCE,BALAMINES,BALKRISIND,BALRAMCHIN,BANDHANBNK,BANKBARODA,BANKINDIA,BASF,BATAINDIA,BAYERCROP,BBTC,BCG,BDL,BEL,BEML,BERGEPAINT,BHARATFORG,BHARTIARTL,BHARTIHEXA,BHEL,BIOCON,BIRLACORPN,BLUEDART,BLUESTARCO,BOSCHLTD,BPCL,BRIGADE,BRITANNIA,BSE,BSOFT,CAMS,CANBK,CANFINHOME,CAPLIPOINT,CARBORUNIV,CASTROLIND,CCL,CDSL,CEATLTD,CENTRALBK,CENTURYPLY,CERA,CESC,CGPOWER,CHALET,CHAMBLFERT,CHEMPLASTS,CHOLAFIN,CHOLAHLDNG,CIEINDIA,CIPLA,CLEAN,COALINDIA,COCHINSHIP,COFORGE,COHANCE,COLPAL,CONCOR,COROMANDEL,CREDITACC,CRISIL,CROMPTON,CUB,CUMMINSIND,CYIENT,DABUR,DALBHARAT,DBL,DBREALTY,DEEPAKNTR,DELTACORP,DEVYANI,DHANI,DIVISLAB,DIXON,DLF,DMART,DRREDDY,DUMMYHEG,EASEMYTRIP,ECLERX,EDELWEISS,EICHERMOT,EIDPARRY,EIHOTEL,ELGIEQUIP,EMAMILTD,ENDURANCE,ENGINERSIN,EPIGRAL,EQUITAS,EQUITASBNK,ERIS,ESCORTS,ETERNAL,EXIDEIND,FACT,FEDERALBNK,FINCABLES,FINEORG,FINPIPE,FLUOROCHEM,FORTIS,FSL,GAEL,GAIL,GALAXYSURF,GESHIP,GICRE,GILLETTE,GLAND,GLAXO,GLENMARK,GLS,GMRAIRPORT,GNFC,GOCOLORS,GODFRYPHLP,GODIGIT,GODREJAGRO,GODREJCP,GODREJIND,GODREJPROP,GPIL,GPPL,GRANULES,GRAPHITE,GRASIM,GRINDWELL,GRINFRA,GSFC,GSPL,GUJALKALI,GUJGASLTD,GVT&D,HAL,HAPPSTMNDS,HATHWAY,HATSUN,HAVELLS,HBLENGINE,HCLTECH,HDFC,HDFCAMC,HDFCBANK,HDFCLIFE,HEG,HEMIPROP,HEROMOTOCO,HFCL,HINDALCO,HINDCOPPER,HINDPETRO,HINDUNILVR,HINDZINC,HLEGLAS,HOMEFIRST,HONAUT,HUDCO,ICICIBANK,ICICIGI,ICICIPRULI,ICIL,IDBI,IDEA,IDFC,IDFCFIRSTB,IEX,IFCI,IGL,IIFL,INDGN,INDHOTEL,INDIACEM,INDIAMART,INDIANB,INDIGO,INDOCO,INDUSINDBK,INDUSTOWER,INFIBEAM,INFY,INOXINDIA,INOXLEISUR,INTELLECT,IOB,IOC,IPCALAB,IRB,IRCON,IRCTC,IREDA,IRFC,ITC,ITI,JAMNAAUTO,JBCHEPHARM,JINDALSAW,JINDALSTEL,JKCEMENT,JKLAKSHMI,JKTYRE,JMFINANCIL,JPPOWER,JSL,JSLHISAR,JSWDULUX,JSWENERGY,JSWSTEEL,JUBLFOOD,JUBLINGREA,JUBLPHARMA,JUSTDIAL,JYOTHYLAB,JYOTICNC,KAJARIACER,KALYANKJIL,KANSAINER,KARURVYSYA,KAYNES,KEC,KEI,KIMS,KIRLFER,KIRLOSBROS,KIRLOSENG,KNRCON,KOTAKBANK,KPIL,KPITTECH,KPRMILL,LALPATHLAB,LATENTVIEW,LAURUSLABS,LAXMIMACH,LICHSGFIN,LINDEINDIA,LODHA,LT,LTF,LTM,LTTS,LUPIN,LUXIND,M&M,M&MFIN,MAHABANK,MANAPPURAM,MAPMYINDIA,MARICO,MARUTI,MASTEK,MAXHEALTH,MAZDOCK,MCX,METROBRAND,METROPOLIS,MFSL,MGL,MINDACORP,MINDTREE,MMTC,MOIL,MOTILALOFS,MPHASIS,MRF,MRPL,MUTHOOTFIN,NAM-INDIA,NATCOPHARM,NATIONALUM,NAUKRI,NAVINFLUOR,NAZARA,NBCC,NCC,NESCO,NESTLEIND,NETWEB,NETWORK18,NEWGEN,NH,NHPC,NIACL,NLCINDIA,NMDC,NTPC,NUVOCO,NYKAA,OBEROIRLTY,OFSS,OIL,ONGC,ORIENTELEC,PAGEIND,PAYTM,PCBL,PEL,PERSISTENT,PETRONET,PFC,PFIZER,PGHH,PGHL,PHOENIXLTD,PIDILITIND,PIIND,PNB,PNBHOUSING,PNCINFRA,POLICYBZR,POLYCAB,POLYMED,POLYPLEX,POONAWALLA,POWERGRID,POWERINDIA,PRAJIND,PRESTIGE,PRIVISCL,PTCIL,PVRINOX,QUESS,RADICO,RAILTEL,RAIN,RAJESHEXPO,RALLIS,RAMCOCEM,RATNAMANI,RAYMONDLSL,RBLBANK,RCF,RECLTD,REDINGTON,RELAXO,RELIANCE,RENUKA,RHIM,RITES,ROSSARI,ROUTE,RTNINDIA,RVNL,SAIL,SAMMAANCAP,SANOFI,SAPPHIRE,SAREGAMA,SBICARD,SBILIFE,SBIN,SCHAEFFLER,SCI,SEQUENT,SFL,SHILPAMED,SHREECEM,SHRIRAMCIT,SHRIRAMFIN,SHYAMMETL,SIEMENS,SIS,SJVN,SKFINDIA,SOBHA,SOLARA,SOLARINDS,SONACOMS,SONATSOFTW,SPARC,SPICEJET,SRF,STAR,STARHEALTH,SUDARSCHEM,SUMICHEM,SUNDARMFIN,SUNDRMFAST,SUNPHARMA,SUNTV,SUPPETRO,SUPRAJIT,SUPREMEIND,SUZLON,SWANCORP,SWSOLAR,SYMPHONY,SYNGENE,SYRMA,TANLA,TATACHEM,TATACOFFEE,TATACOMM,TATACONSUM,TATAELXSI,TATAINVEST,TATAMTRDVR,TATAPOWER,TATASTEEL,TATASTLLP,TBOTEK,TCS,TEAMLEASE,TECHM,TECHNOE,THERMAX,THYROCARE,TIINDIA,TIMKEN,TITAN,TMPV,TORNTPHARM,TORNTPOWER,TRENT,TRIDENT,TRITURBINE,TTKPRESTIG,TTML,TV18BRDCST,TVSMOTOR,UBL,UCOBANK,UJJIVANSFB,ULTRACEMCO,UNIONBANK,UNITDSPR,UNOMINDA,UPL,USHAMART,UTIAMC,VAKRANGEE,VARROC,VBL,VEDL,VENKEYS,VGUARD,VIJAYA,VINATIORGA,VIPIND,VMART,VOLTAS,VTL,WELCORP,WELSPUNLIV,WESTLIFE,WHIRLPOOL,WIPRO,WOCKPHARMA,YESBANK,ZEEL,ZENSARTECH,ZFCVINDIA,ZYDUSLIFE,ZYDUSWELL"
2016-09-30,"360ONE,3MINDIA,AADHARHFC,AARTIDRUGS,AARTIIND,AAVAS,ABB,ABBOTINDIA,ABCAPITAL,ABFRL,ABREL,ABSLAMC,ACC,ADANIENSOL,ADANIENT,ADANIGREEN,ADANIPORTS,ADVENZYMES,AEGISLOG,AFFLE,AIAENG,AJANTPHARM,ALKEM,ALKYLAMINE,ALLCARGO,ALOKINDS,AMBER,AMBUJACEM,ANANTRAJ,ANGELONE,APLAPOLLO,APLLTD,APOLLOHOSP,APOLLOTYRE,APTUS,ARE&M,ASAHIINDIA,ASHOKLEY,ASIANPAINT,ASTERDM,ASTRAL,ASTRAZEN,ATGL,ATUL,AUBANK,AUROPHARMA,AVANTIFEED,AXISBANK,BAJAJ-AUTO,BAJAJELEC,BAJAJFINSV,BAJAJHLDNG,BAJFINANCE,BALAMINES,BALKRISIND,BALRAMCHIN,BANDHANBNK,BANKBARODA,BANKINDIA,BASF,BATAINDIA,BAYERCROP,BBTC,BCG,BDL,BEL,BEML,BERGEPAINT,BHARATFORG,BHARTIARTL,BHARTIHEXA,BHEL,BIOCON,BIRLACORPN,BLUEDART,BLUESTARCO,BOSCHLTD,BPCL,BRIGADE,BRITANNIA,BSE,BSOFT,CAMS,CANBK,CANFINHOME,CAPLIPOINT,CARBORUNIV,CASTROLIND,CCL,CDSL,CEATLTD,CENTRALBK,CENTURYPLY,CERA,CESC,CGPOWER,CHALET,CHAMBLFERT,CHEMPLASTS,CHOLAFIN,CHOLAHLDNG,CIEINDIA,CIPLA,CLEAN,COALINDIA,COCHINSHIP,COFORGE,COHANCE,COLPAL,CONCOR,COROMANDEL,CREDITACC,CRISIL,CROMPTON,CUB,CUMMINSIND,CYIENT,DABUR,DALBHARAT,DBL,DBREALTY,DEEPAKNTR,DELTACORP,DEVYANI,DHANI,DIVISLAB,DIXON,DLF,DMART,DRREDDY,DUMMYHEG,EASEMYTRIP,ECLERX,EDELWEISS,EICHERMOT,EIDPARRY,EIHOTEL,ELGIEQUIP,EMAMILTD,ENDURANCE,ENGINERSIN,EPIGRAL,EQUITAS,EQUITASBNK,ERIS,ESCORTS,ETERNAL,EXIDEIND,FACT,FEDERALBNK,FINCABLES,FINEORG,FINPIPE,FLUOROCHEM,FORTIS,FSL,GAEL,GAIL,GALAXYSURF,GESHIP,GICRE,GILLETTE,GLAND,GLAXO,GLENMARK,GLS,GMRAIRPORT,GNFC,GOCOLORS,GODFRYPHLP,GODIGIT,GODREJAGRO,GODREJCP,GODREJIND,GODREJPROP,GPIL,GPPL,GRANULES,GRAPHITE,GRASIM,GRINDWELL,GRINFRA,GSFC,GSPL,GUJALKALI,GUJGASLTD,GVT&D,HAL,HAPPSTMNDS,HATHWAY,HATSUN,HAVELLS,HBLENGINE,HCLTECH,HDFC,HDFCAMC,HDFCBANK,HDFCLIFE,HEG,HEMIPROP,HEROMOTOCO,HFCL,HINDALCO,HINDCOPPER,HINDPETRO,HINDUNILVR,HINDZINC,HLEGLAS,HOMEFIRST,HONAUT,HUDCO,ICICIBANK,ICICIGI,ICICIPRULI,ICIL,IDBI,IDEA,IDFC,IDFCFIRSTB,IEX,IFCI,IGL,IIFL,INDGN,INDHOTEL,INDIACEM,INDIAMART,INDIANB,INDIGO,INDOCO,INDUSINDBK,INDUSTOWER,INFIBEAM,INFY,INOXINDIA,INOXLEISUR,INTELLECT,IOB,IOC,IPCALAB,IRB,IRCON,IRCTC,IREDA,IRFC,ITC,ITI,JAMNAAUTO,JBCHEPHARM,JINDALSAW,JINDALSTEL,JKCEMENT,JKLAKSHMI,JKTYRE,JMFINANCIL,JPPOWER,JSL,JSLHISAR,JSWDULUX,JSWENERGY,JSWSTEEL,JUBLFOOD,JUBLINGREA,JUBLPHARMA,JUSTDIAL,JYOTHYLAB,JYOTICNC,KAJARIACER,KALYANKJIL,KANSAINER,KARURVYSYA,KAYNES,KEC,KEI,KIMS,KIRLFER,KIRLOSBROS,KIRLOSENG,KNRCON,KOTAKBANK,KPIL,KPITTECH,KPRMILL,LALPATHLAB,LATENTVIEW,LAURUSLABS,LAXMIMACH,LICHSGFIN,LINDEINDIA,LODHA,LT,LTF,LTM,LTTS,LUPIN,LUXIND,M&M,M&MFIN,MAHABANK,MANAPPURAM,MAPMYINDIA,MARICO,MARUTI,MASTEK,MAXHEALTH,MAZDOCK,MCX,METROBRAND,METROPOLIS,MFSL,MGL,MINDACORP,MINDTREE,MMTC,MOIL,MOTILALOFS,MPHASIS,MRF,MRPL,MUTHOOTFIN,NAM-INDIA,NATCOPHARM,NATIONALUM,NAUKRI,NAVINFLUOR,NAZARA,NBCC,NCC,NESCO,NESTLEIND,NETWEB,NETWORK18,NEWGEN,NH,NHPC,NIACL,NLCINDIA,NMDC,NTPC,NUVOCO,NYKAA,OBEROIRLTY,OFSS,OIL,ONGC,ORIENTELEC,PAGEIND,PAYTM,PCBL,PEL,PERSISTENT,PETRONET,PFC,PFIZER,PGHH,PGHL,PHOENIXLTD,PIDILITIND,PIIND,PNB,PNBHOUSING,PNCINFRA,POLICYBZR,POLYCAB,POLYMED,POLYPLEX,POONAWALLA,POWERGRID,POWERINDIA,PRAJIND,PRESTIGE,PRIVISCL,PTCIL,PVRINOX,QUESS,RADICO,RAILTEL,RAIN,RAJESHEXPO,RALLIS,RAMCOCEM,RATNAMANI,RAYMONDLSL,RBLBANK,RCF,RECLTD,REDINGTON,RELAXO,RELIANCE,RENUKA,RHIM,RITES,ROSSARI,ROUTE,RTNINDIA,RVNL,SAIL,SAMMAANCAP,SANOFI,SAPPHIRE,SAREGAMA,SBICARD,SBILIFE,SBIN,SCHAEFFLER,SCI,SEQUENT,SFL,SHILPAMED,SHREECEM,SHRIRAMCIT,SHRIRAMFIN,SHYAMMETL,SIEMENS,SIS,SJVN,SKFINDIA,SOBHA,SOLARA,SOLARINDS,SONACOMS,SONATSOFTW,SPARC,SPICEJET,SRF,STAR,STARHEALTH,SUDARSCHEM,SUMICHEM,SUNDARMFIN,SUNDRMFAST,SUNPHARMA,SUNTV,SUPPETRO,SUPRAJIT,SUPREMEIND,SUZLON,SWANCORP,SWSOLAR,SYMPHONY,SYNGENE,SYRMA,TANLA,TATACHEM,TATACOFFEE,TATACOMM,TATACONSUM,TATAELXSI,TATAINVEST,TATAMTRDVR,TATAPOWER,TATASTEEL,TATASTLLP,TBOTEK,TCS,TEAMLEASE,TECHM,TECHNOE,THERMAX,THYROCARE,TIINDIA,TIMKEN,TITAN,TMPV,TORNTPHARM,TORNTPOWER,TRENT,TRIDENT,TRITURBINE,TTKPRESTIG,TTML,TV18BRDCST,TVSMOTOR,UBL,UCOBANK,UJJIVANSFB,ULTRACEMCO,UNIONBANK,UNITDSPR,UNOMINDA,UPL,USHAMART,UTIAMC,VAKRANGEE,VARROC,VBL,VEDL,VENKEYS,VGUARD,VIJAYA,VINATIORGA,VIPIND,VMART,VOLTAS,VTL,WELCORP,WELSPUNLIV,WESTLIFE,WHIRLPOOL,WIPRO,WOCKPHARMA,YESBANK,ZEEL,ZENSARTECH,ZFCVINDIA,ZYDUSLIFE,ZYDUSWELL"
2016-10-31,"360ONE,3MINDIA,AADHARHFC,AARTIDRUGS,AARTIIND,AAVAS,ABB,ABBOTINDIA,ABCAPITAL,ABFRL,ABREL,ABSLAMC,ACC,ADANIENSOL,ADANIENT,ADANIGREEN,ADANIPORTS,ADVENZYMES,AEGISLOG,AFFLE,AIAENG,AJANTPHARM,ALKEM,ALKYLAMINE,ALLCARGO,ALOKINDS,AMBER,AMBUJACEM,ANANTRAJ,ANGELONE,APLAPOLLO,APLLTD,APOLLOHOSP,APOLLOTYRE,APTUS,ARE&M,ASAHIINDIA,ASHOKLEY,ASIANPAINT,ASTERDM,ASTRAL,ASTRAZEN,ATGL,ATUL,AUBANK,AUROPHARMA,AVANTIFEED,AXISBANK,BAJAJ-AUTO,BAJAJELEC,BAJAJFINSV,BAJAJHLDNG,BAJFINANCE,BALAMINES,BALKRISIND,BALRAMCHIN,BANDHANBNK,BANKBARODA,BANKINDIA,BASF,BATAINDIA,BAYERCROP,BBTC,BCG,BDL,BEL,BEML,BERGEPAINT,BHARATFORG,BHARTIARTL,BHARTIHEXA,BHEL,BIOCON,BIRLACORPN,BLUEDART,BLUESTARCO,BOSCHLTD,BPCL,BRIGADE,BRITANNIA,BSE,BSOFT,CAMS,CANBK,CANFINHOME,CAPLIPOINT,CARBORUNIV,CASTROLIND,CCL,CDSL,CEATLTD,CENTRALBK,CENTURYPLY,CERA,CESC,CGPOWER,CHALET,CHAMBLFERT,CHEMPLASTS,CHOLAFIN,CHOLAHLDNG,CIEINDIA,CIPLA,CLEAN,COALINDIA,COCHINSHIP,COFORGE,COHANCE,COLPAL,CONCOR,COROMANDEL,CREDITACC,CRISIL,CROMPTON,CUB,CUMMINSIND,CYIENT,DABUR,DALBHARAT,DBL,DBREALTY,DEEPAKNTR,DELTACORP,DEVYANI,DHANI,DIVISLAB,DIXON,DLF,DMART,DRREDDY,DUMMYHEG,EASEMYTRIP,ECLERX,EDELWEISS,EICHERMOT,EIDPARRY,EIHOTEL,ELGIEQUIP,EMAMILTD,ENDURANCE,ENGINERSIN,EPIGRAL,EQUITAS,EQUITASBNK,ERIS,ESCORTS,ETERNAL,EXIDEIND,FACT,FEDERALBNK,FINCABLES,FINEORG,FINPIPE,FLUOROCHEM,FORTIS,FSL,GAEL,GAIL,GALAXYSURF,GESHIP,GICRE,GILLETTE,GLAND,GLAXO,GLENMARK,GLS,GMRAIRPORT,GNFC,GOCOLORS,GODFRYPHLP,GODIGIT,GODREJAGRO,GODREJCP,GODREJIND,GODREJPROP,GPIL,GPPL,GRANULES,GRAPHITE,GRASIM,GRINDWELL,GRINFRA,GSFC,GSPL,GUJALKALI,GUJGASLTD,GVT&D,HAL,HAPPSTMNDS,HATHWAY,HATSUN,HAVELLS,HBLENGINE,HCLTECH,HDFC,HDFCAMC,HDFCBANK,HDFCLIFE,HEG,HEMIPROP,HEROMOTOCO,HFCL,HINDALCO,HINDCOPPER,HINDPETRO,HINDUNILVR,HINDZINC,HLEGLAS,HOMEFIRST,HONAUT,HUDCO,ICICIBANK,ICICIGI,ICICIPRULI,ICIL,IDBI,IDEA,IDFC,IDFCFIRSTB,IEX,IFCI,IGL,IIFL,INDGN,INDHOTEL,INDIACEM,INDIAMART,INDIANB,INDIGO,INDOCO,INDUSINDBK,INDUSTOWER,INFIBEAM,INFY,INOXINDIA,INOXLEISUR,INTELLECT,IOB,IOC,IPCALAB,IRB,IRCON,IRCTC,IREDA,IRFC,ITC,ITI,JAMNAAUTO,JBCHEPHARM,JINDALSAW,JINDALSTEL,JKCEMENT,JKLAKSHMI,JKTYRE,JMFINANCIL,JPPOWER,JSL,JSLHISAR,JSWDULUX,JSWENERGY,JSWSTEEL,JUBLFOOD,JUBLINGREA,JUBLPHARMA,JUSTDIAL,JYOTHYLAB,JYOTICNC,KAJARIACER,KALYANKJIL,KANSAINER,KARURVYSYA,KAYNES,KEC,KEI,KIMS,KIRLFER,KIRLOSBROS,KIRLOSENG,KNRCON,KOTAKBANK,KPIL,KPITTECH,KPRMILL,LALPATHLAB,LATENTVIEW,LAURUSLABS,LAXMIMACH,LICHSGFIN,LINDEINDIA,LODHA,LT,LTF,LTM,LTTS,LUPIN,LUXIND,M&M,M&MFIN,MAHABANK,MANAPPURAM,MAPMYINDIA,MARICO,MARUTI,MASTEK,MAXHEALTH,MAZDOCK,MCX,METROBRAND,METROPOLIS,MFSL,MGL,MINDACORP,MINDTREE,MMTC,MOIL,MOTILALOFS,MPHASIS,MRF,MRPL,MUTHOOTFIN,NAM-INDIA,NATCOPHARM,NATIONALUM,NAUKRI,NAVINFLUOR,NAZARA,NBCC,NCC,NESCO,NESTLEIND,NETWEB,NETWORK18,NEWGEN,NH,NHPC,NIACL,NLCINDIA,NMDC,NTPC,NUVOCO,NYKAA,OBEROIRLTY,OFSS,OIL,ONGC,ORIENTELEC,PAGEIND,PAYTM,PCBL,PEL,PERSISTENT,PETRONET,PFC,PFIZER,PGHH,PGHL,PHOENIXLTD,PIDILITIND,PIIND,PNB,PNBHOUSING,PNCINFRA,POLICYBZR,POLYCAB,POLYMED,POLYPLEX,POONAWALLA,POWERGRID,POWERINDIA,PRAJIND,PRESTIGE,PRIVISCL,PTCIL,PVRINOX,QUESS,RADICO,RAILTEL,RAIN,RAJESHEXPO,RALLIS,RAMCOCEM,RATNAMANI,RAYMONDLSL,RBLBANK,RCF,RECLTD,REDINGTON,RELAXO,RELIANCE,RENUKA,RHIM,RITES,ROSSARI,ROUTE,RTNINDIA,RVNL,SAIL,SAMMAANCAP,SANOFI,SAPPHIRE,SAREGAMA,SBICARD,SBILIFE,SBIN,SCHAEFFLER,SCI,SEQUENT,SFL,SHILPAMED,SHREECEM,SHRIRAMCIT,SHRIRAMFIN,SHYAMMETL,SIEMENS,SIS,SJVN,SKFINDIA,SOBHA,SOLARA,SOLARINDS,SONACOMS,SONATSOFTW,SPARC,SPICEJET,SRF,STAR,STARHEALTH,SUDARSCHEM,SUMICHEM,SUNDARMFIN,SUNDRMFAST,SUNPHARMA,SUNTV,SUPPETRO,SUPRAJIT,SUPREMEIND,SUZLON,SWANCORP,SWSOLAR,SYMPHONY,SYNGENE,SYRMA,TANLA,TATACHEM,TATACOFFEE,TATACOMM,TATACONSUM,TATAELXSI,TATAINVEST,TATAMTRDVR,TATAPOWER,TATASTEEL,TATASTLLP,TBOTEK,TCS,TEAMLEASE,TECHM,TECHNOE,THERMAX,THYROCARE,TIINDIA,TIMKEN,TITAN,TMPV,TORNTPHARM,TORNTPOWER,TRENT,TRIDENT,TRITURBINE,TTKPRESTIG,TTML,TV18BRDCST,TVSMOTOR,UBL,UCOBANK,UJJIVANSFB,ULTRACEMCO,UNIONBANK,UNITDSPR,UNOMINDA,UPL,USHAMART,UTIAMC,VAKRANGEE,VARROC,VBL,VEDL,VENKEYS,VGUARD,VIJAYA,VINATIORGA,VIPIND,VMART,VOLTAS,VTL,WELCORP,WELSPUNLIV,WESTLIFE,WHIRLPOOL,WIPRO,WOCKPHARMA,YESBANK,ZEEL,ZENSARTECH,ZFCVINDIA,ZYDUSLIFE,ZYDUSWELL"
2016-11-30,"360ONE,3MINDIA,AADHARHFC,AARTIDRUGS,AARTIIND,AAVAS,ABB,ABBOTINDIA,ABCAPITAL,ABFRL,ABREL,ABSLAMC,ACC,ADANIENSOL,ADANIENT,ADANIGREEN,ADANIPORTS,ADVENZYMES,AEGISLOG,AFFLE,AIAENG,AJANTPHARM,ALKEM,ALKYLAMINE,ALLCARGO,ALOKINDS,AMBER,AMBUJACEM,ANANTRAJ,ANGELONE,APLAPOLLO,APLLTD,APOLLOHOSP,APOLLOTYRE,APTUS,ARE&M,ASAHIINDIA,ASHOKLEY,ASIANPAINT,ASTERDM,ASTRAL,ASTRAZEN,ATGL,ATUL,AUBANK,AUROPHARMA,AVANTIFEED,AXISBANK,BAJAJ-AUTO,BAJAJELEC,BAJAJFINSV,BAJAJHLDNG,BAJFINANCE,BALAMINES,BALKRISIND,BALRAMCHIN,BANDHANBNK,BANKBARODA,BANKINDIA,BASF,BATAINDIA,BAYERCROP,BBTC,BCG,BDL,BEL,BEML,BERGEPAINT,BHARATFORG,BHARTIARTL,BHARTIHEXA,BHEL,BIOCON,BIRLACORPN,BLUEDART,BLUESTARCO,BOSCHLTD,BPCL,BRIGADE,BRITANNIA,BSE,BSOFT,CAMS,CANBK,CANFINHOME,CAPLIPOINT,CARBORUNIV,CASTROLIND,CCL,CDSL,CEATLTD,CENTRALBK,CENTURYPLY,CERA,CESC,CGPOWER,CHALET,CHAMBLFERT,CHEMPLASTS,CHOLAFIN,CHOLAHLDNG,CIEINDIA,CIPLA,CLEAN,COALINDIA,COCHINSHIP,COFORGE,COHANCE,COLPAL,CONCOR,COROMANDEL,CREDITACC,CRISIL,CROMPTON,CUB,CUMMINSIND,CYIENT,DABUR,DALBHARAT,DBL,DBREALTY,DEEPAKNTR,DELTACORP,DEVYANI,DHANI,DIVISLAB,DIXON,DLF,DMART,DRREDDY,DUMMYHEG,EASEMYTRIP,ECLERX,EDELWEISS,EICHERMOT,EIDPARRY,EIHOTEL,ELGIEQUIP,EMAMILTD,ENDURANCE,ENGINERSIN,EPIGRAL,EQUITAS,EQUITASBNK,ERIS,ESCORTS,ETERNAL,EXIDEIND,FACT,FEDERALBNK,FINCABLES,FINEORG,FINPIPE,FLUOROCHEM,FORTIS,FSL,GAEL,GAIL,GALAXYSURF,GESHIP,GICRE,GILLETTE,GLAND,GLAXO,GLENMARK,GLS,GMRAIRPORT,GNFC,GOCOLORS,GODFRYPHLP,GODIGIT,GODREJAGRO,GODREJCP,GODREJIND,GODREJPROP,GPIL,GPPL,GRANULES,GRAPHITE,GRASIM,GRINDWELL,GRINFRA,GSFC,GSPL,GUJALKALI,GUJGASLTD,GVT&D,HAL,HAPPSTMNDS,HATHWAY,HATSUN,HAVELLS,HBLENGINE,HCLTECH,HDFC,HDFCAMC,HDFCBANK,HDFCLIFE,HEG,HEMIPROP,HEROMOTOCO,HFCL,HINDALCO,HINDCOPPER,HINDPETRO,HINDUNILVR,HINDZINC,HLEGLAS,HOMEFIRST,HONAUT,HUDCO,ICICIBANK,ICICIGI,ICICIPRULI,ICIL,IDBI,IDEA,IDFC,IDFCFIRSTB,IEX,IFCI,IGL,IIFL,INDGN,INDHOTEL,INDIACEM,INDIAMART,INDIANB,INDIGO,INDOCO,INDUSINDBK,INDUSTOWER,INFIBEAM,INFY,INOXINDIA,INOXLEISUR,INTELLECT,IOB,IOC,IPCALAB,IRB,IRCON,IRCTC,IREDA,IRFC,ITC,ITI,JAMNAAUTO,JBCHEPHARM,JINDALSAW,JINDALSTEL,JKCEMENT,JKLAKSHMI,JKTYRE,JMFINANCIL,JPPOWER,JSL,JSLHISAR,JSWDULUX,JSWENERGY,JSWSTEEL,JUBLFOOD,JUBLINGREA,JUBLPHARMA,JUSTDIAL,JYOTHYLAB,JYOTICNC,KAJARIACER,KALYANKJIL,KANSAINER,KARURVYSYA,KAYNES,KEC,KEI,KIMS,KIRLFER,KIRLOSBROS,KIRLOSENG,KNRCON,KOTAKBANK,KPIL,KPITTECH,KPRMILL,LALPATHLAB,LATENTVIEW,LAURUSLABS,LAXMIMACH,LICHSGFIN,LINDEINDIA,LODHA,LT,LTF,LTM,LTTS,LUPIN,LUXIND,M&M,M&MFIN,MAHABANK,MANAPPURAM,MAPMYINDIA,MARICO,MARUTI,MASTEK,MAXHEALTH,MAZDOCK,MCX,METROBRAND,METROPOLIS,MFSL,MGL,MINDACORP,MINDTREE,MMTC,MOIL,MOTILALOFS,MPHASIS,MRF,MRPL,MUTHOOTFIN,NAM-INDIA,NATCOPHARM,NATIONALUM,NAUKRI,NAVINFLUOR,NAZARA,NBCC,NCC,NESCO,NESTLEIND,NETWEB,NETWORK18,NEWGEN,NH,NHPC,NIACL,NLCINDIA,NMDC,NTPC,NUVOCO,NYKAA,OBEROIRLTY,OFSS,OIL,ONGC,ORIENTELEC,PAGEIND,PAYTM,PCBL,PEL,PERSISTENT,PETRONET,PFC,PFIZER,PGHH,PGHL,PHOENIXLTD,PIDILITIND,PIIND,PNB,PNBHOUSING,PNCINFRA,POLICYBZR,POLYCAB,POLYMED,POLYPLEX,POONAWALLA,POWERGRID,POWERINDIA,PRAJIND,PRESTIGE,PRIVISCL,PTCIL,PVRINOX,QUESS,RADICO,RAILTEL,RAIN,RAJESHEXPO,RALLIS,RAMCOCEM,RATNAMANI,RAYMONDLSL,RBLBANK,RCF,RECLTD,REDINGTON,RELAXO,RELIANCE,RENUKA,RHIM,RITES,ROSSARI,ROUTE,RTNINDIA,RVNL,SAIL,SAMMAANCAP,SANOFI,SAPPHIRE,SAREGAMA,SBICARD,SBILIFE,SBIN,SCHAEFFLER,SCI,SEQUENT,SFL,SHILPAMED,SHREECEM,SHRIRAMCIT,SHRIRAMFIN,SHYAMMETL,SIEMENS,SIS,SJVN,SKFINDIA,SOBHA,SOLARA,SOLARINDS,SONACOMS,SONATSOFTW,SPARC,SPICEJET,SRF,STAR,STARHEALTH,SUDARSCHEM,SUMICHEM,SUNDARMFIN,SUNDRMFAST,SUNPHARMA,SUNTV,SUPPETRO,SUPRAJIT,SUPREMEIND,SUZLON,SWANCORP,SWSOLAR,SYMPHONY,SYNGENE,SYRMA,TANLA,TATACHEM,TATACOFFEE,TATACOMM,TATACONSUM,TATAELXSI,TATAINVEST,TATAMTRDVR,TATAPOWER,TATASTEEL,TATASTLLP,TBOTEK,TCS,TEAMLEASE,TECHM,TECHNOE,THERMAX,THYROCARE,TIINDIA,TIMKEN,TITAN,TMPV,TORNTPHARM,TORNTPOWER,TRENT,TRIDENT,TRITURBINE,TTKPRESTIG,TTML,TV18BRDCST,TVSMOTOR,UBL,UCOBANK,UJJIVANSFB,ULTRACEMCO,UNIONBANK,UNITDSPR,UNOMINDA,UPL,USHAMART,UTIAMC,VAKRANGEE,VARROC,VBL,VEDL,VENKEYS,VGUARD,VIJAYA,VINATIORGA,VIPIND,VMART,VOLTAS,VTL,WELCORP,WELSPUNLIV,WESTLIFE,WHIRLPOOL,WIPRO,WOCKPHARMA,YESBANK,ZEEL,ZENSARTECH,ZFCVINDIA,ZYDUSLIFE,ZYDUSWELL"
2016-12-31,"360ONE,3MINDIA,AADHARHFC,AARTIDRUGS,AARTIIND,AAVAS,ABB,ABBOTINDIA,ABCAPITAL,ABFRL,ABREL,ABSLAMC,ACC,ADANIENSOL,ADANIENT,ADANIGREEN,ADANIPORTS,ADVENZYMES,AEGISLOG,AFFLE,AIAENG,AJANTPHARM,ALKEM,ALKYLAMINE,ALLCARGO,ALOKINDS,AMBER,AMBUJACEM,ANANTRAJ,ANGELONE,APLAPOLLO,APLLTD,APOLLOHOSP,APOLLOTYRE,APTUS,ARE&M,ASAHIINDIA,ASHOKLEY,ASIANPAINT,ASTERDM,ASTRAL,ASTRAZEN,ATGL,ATUL,AUBANK,AUROPHARMA,AVANTIFEED,AXISBANK,BAJAJ-AUTO,BAJAJELEC,BAJAJFINSV,BAJAJHLDNG,BAJFINANCE,BALAMINES,BALKRISIND,BALRAMCHIN,BANDHANBNK,BANKBARODA,BANKINDIA,BASF,BATAINDIA,BAYERCROP,BBTC,BCG,BDL,BEL,BEML,BERGEPAINT,BHARATFORG,BHARTIARTL,BHARTIHEXA,BHEL,BIOCON,BIRLACORPN,BLUEDART,BLUESTARCO,BOSCHLTD,BPCL,BRIGADE,BRITANNIA,BSE,BSOFT,CAMS,CANBK,CANFINHOME,CAPLIPOINT,CARBORUNIV,CASTROLIND,CCL,CDSL,CEATLTD,CENTRALBK,CENTURYPLY,CERA,CESC,CGPOWER,CHALET,CHAMBLFERT,CHEMPLASTS,CHOLAFIN,CHOLAHLDNG,CIEINDIA,CIPLA,CLEAN,COALINDIA,COCHINSHIP,COFORGE,COHANCE,COLPAL,CONCOR,COROMANDEL,CREDITACC,CRISIL,CROMPTON,CUB,CUMMINSIND,CYIENT,DABUR,DALBHARAT,DBL,DBREALTY,DEEPAKNTR,DELTACORP,DEVYANI,DHANI,DIVISLAB,DIXON,DLF,DMART,DRREDDY,DUMMYHEG,EASEMYTRIP,ECLERX,EDELWEISS,EICHERMOT,EIDPARRY,EIHOTEL,ELGIEQUIP,EMAMILTD,ENDURANCE,ENGINERSIN,EPIGRAL,EQUITAS,EQUITASBNK,ERIS,ESCORTS,ETERNAL,EXIDEIND,FACT,FEDERALBNK,FINCABLES,FINEORG,FINPIPE,FLUOROCHEM,FORTIS,FSL,GAEL,GAIL,GALAXYSURF,GESHIP,GICRE,GILLETTE,GLAND,GLAXO,GLENMARK,GLS,GMRAIRPORT,GNFC,GOCOLORS,GODFRYPHLP,GODIGIT,GODREJAGRO,GODREJCP,GODREJIND,GODREJPROP,GPIL,GPPL,GRANULES,GRAPHITE,GRASIM,GRINDWELL,GRINFRA,GSFC,GSPL,GUJALKALI,GUJGASLTD,GVT&D,HAL,HAPPSTMNDS,HATHWAY,HATSUN,HAVELLS,HBLENGINE,HCLTECH,HDFC,HDFCAMC,HDFCBANK,HDFCLIFE,HEG,HEMIPROP,HEROMOTOCO,HFCL,HINDALCO,HINDCOPPER,HINDPETRO,HINDUNILVR,HINDZINC,HLEGLAS,HOMEFIRST,HONAUT,HUDCO,ICICIBANK,ICICIGI,ICICIPRULI,ICIL,IDBI,IDEA,IDFC,IDFCFIRSTB,IEX,IFCI,IGL,IIFL,INDGN,INDHOTEL,INDIACEM,INDIAMART,INDIANB,INDIGO,INDOCO,INDUSINDBK,INDUSTOWER,INFIBEAM,INFY,INOXINDIA,INOXLEISUR,INTELLECT,IOB,IOC,IPCALAB,IRB,IRCON,IRCTC,IREDA,IRFC,ITC,ITI,JAMNAAUTO,JBCHEPHARM,JINDALSAW,JINDALSTEL,JKCEMENT,JKLAKSHMI,JKTYRE,JMFINANCIL,JPPOWER,JSL,JSLHISAR,JSWDULUX,JSWENERGY,JSWSTEEL,JUBLFOOD,JUBLINGREA,JUBLPHARMA,JUSTDIAL,JYOTHYLAB,JYOTICNC,KAJARIACER,KALYANKJIL,KANSAINER,KARURVYSYA,KAYNES,KEC,KEI,KIMS,KIRLFER,KIRLOSBROS,KIRLOSENG,KNRCON,KOTAKBANK,KPIL,KPITTECH,KPRMILL,LALPATHLAB,LATENTVIEW,LAURUSLABS,LAXMIMACH,LICHSGFIN,LINDEINDIA,LODHA,LT,LTF,LTM,LTTS,LUPIN,LUXIND,M&M,M&MFIN,MAHABANK,MANAPPURAM,MAPMYINDIA,MARICO,MARUTI,MASTEK,MAXHEALTH,MAZDOCK,MCX,METROBRAND,METROPOLIS,MFSL,MGL,MINDACORP,MINDTREE,MMTC,MOIL,MOTILALOFS,MPHASIS,MRF,MRPL,MUTHOOTFIN,NAM-INDIA,NATCOPHARM,NATIONALUM,NAUKRI,NAVINFLUOR,NAZARA,NBCC,NCC,NESCO,NESTLEIND,NETWEB,NETWORK18,NEWGEN,NH,NHPC,NIACL,NLCINDIA,NMDC,NTPC,NUVOCO,NYKAA,OBEROIRLTY,OFSS,OIL,ONGC,ORIENTELEC,PAGEIND,PAYTM,PCBL,PEL,PERSISTENT,PETRONET,PFC,PFIZER,PGHH,PGHL,PHOENIXLTD,PIDILITIND,PIIND,PNB,PNBHOUSING,PNCINFRA,POLICYBZR,POLYCAB,POLYMED,POLYPLEX,POONAWALLA,POWERGRID,POWERINDIA,PRAJIND,PRESTIGE,PRIVISCL,PTCIL,PVRINOX,QUESS,RADICO,RAILTEL,RAIN,RAJESHEXPO,RALLIS,RAMCOCEM,RATNAMANI,RAYMONDLSL,RBLBANK,RCF,RECLTD,REDINGTON,RELAXO,RELIANCE,RENUKA,RHIM,RITES,ROSSARI,ROUTE,RTNINDIA,RVNL,SAIL,SAMMAANCAP,SANOFI,SAPPHIRE,SAREGAMA,SBICARD,SBILIFE,SBIN,SCHAEFFLER,SCI,SEQUENT,SFL,SHILPAMED,SHREECEM,SHRIRAMCIT,SHRIRAMFIN,SHYAMMETL,SIEMENS,SIS,SJVN,SKFINDIA,SOBHA,SOLARA,SOLARINDS,SONACOMS,SONATSOFTW,SPARC,SPICEJET,SRF,STAR,STARHEALTH,SUDARSCHEM,SUMICHEM,SUNDARMFIN,SUNDRMFAST,SUNPHARMA,SUNTV,SUPPETRO,SUPRAJIT,SUPREMEIND,SUZLON,SWANCORP,SWSOLAR,SYMPHONY,SYNGENE,SYRMA,TANLA,TATACHEM,TATACOFFEE,TATACOMM,TATACONSUM,TATAELXSI,TATAINVEST,TATAMTRDVR,TATAPOWER,TATASTEEL,TATASTLLP,TBOTEK,TCS,TEAMLEASE,TECHM,TECHNOE,THERMAX,THYROCARE,TIINDIA,TIMKEN,TITAN,TMPV,TORNTPHARM,TORNTPOWER,TRENT,TRIDENT,TRITURBINE,TTKPRESTIG,TTML,TV18BRDCST,TVSMOTOR,UBL,UCOBANK,UJJIVANSFB,ULTRACEMCO,UNIONBANK,UNITDSPR,UNOMINDA,UPL,USHAMART,UTIAMC,VAKRANGEE,VARROC,VBL,VEDL,VENKEYS,VGUARD,VIJAYA,VINATIORGA,VIPIND,VMART,VOLTAS,VTL,WELCORP,WELSPUNLIV,WESTLIFE,WHIRLPOOL,WIPRO,WOCKPHARMA,YESBANK,ZEEL,ZENSARTECH,ZFCVINDIA,ZYDUSLIFE,ZYDUSWELL"
2017-01-31,"360ONE,3MINDIA,AADHARHFC,AARTIDRUGS,AARTIIND,AAVAS,ABB,ABBOTINDIA,ABCAPITAL,ABFRL,ABREL,ABSLAMC,ACC,ADANIENSOL,ADANIENT,ADANIGREEN,ADANIPORTS,ADVENZYMES,AEGISLOG,AFFLE,AIAENG,AJANTPHARM,ALKEM,ALKYLAMINE,ALLCARGO,ALOKINDS,AMBER,AMBUJACEM,ANANTRAJ,ANGELONE,APLAPOLLO,APLLTD,APOLLOHOSP,APOLLOTYRE,APTUS,ARE&M,ASAHIINDIA,ASHOKLEY,ASIANPAINT,ASTERDM,ASTRAL,ASTRAZEN,ATGL,ATUL,AUBANK,AUROPHARMA,AVANTIFEED,AXISBANK,BAJAJ-AUTO,BAJAJELEC,BAJAJFINSV,BAJAJHLDNG,BAJFINANCE,BALAMINES,BALKRISIND,BALRAMCHIN,BANDHANBNK,BANKBARODA,BANKINDIA,BASF,BATAINDIA,BAYERCROP,BBTC,BCG,BDL,BEL,BEML,BERGEPAINT,BHARATFORG,BHARTIARTL,BHARTIHEXA,BHEL,BIOCON,BIRLACORPN,BLUEDART,BLUESTARCO,BOSCHLTD,BPCL,BRIGADE,BRITANNIA,BSE,BSOFT,CAMS,CANBK,CANFINHOME,CAPLIPOINT,CARBORUNIV,CASTROLIND,CCL,CDSL,CEATLTD,CENTRALBK,CENTURYPLY,CERA,CESC,CGPOWER,CHALET,CHAMBLFERT,CHEMPLASTS,CHOLAFIN,CHOLAHLDNG,CIEINDIA,CIPLA,CLEAN,COALINDIA,COCHINSHIP,COFORGE,COHANCE,COLPAL,CONCOR,COROMANDEL,CREDITACC,CRISIL,CROMPTON,CUB,CUMMINSIND,CYIENT,DABUR,DALBHARAT,DBL,DBREALTY,DEEPAKNTR,DELTACORP,DEVYANI,DHANI,DIVISLAB,DIXON,DLF,DMART,DRREDDY,DUMMYHEG,EASEMYTRIP,ECLERX,EDELWEISS,EICHERMOT,EIDPARRY,EIHOTEL,ELGIEQUIP,EMAMILTD,ENDURANCE,ENGINERSIN,EPIGRAL,EQUITAS,EQUITASBNK,ERIS,ESCORTS,ETERNAL,EXIDEIND,FACT,FEDERALBNK,FINCABLES,FINEORG,FINPIPE,FLUOROCHEM,FORTIS,FSL,GAEL,GAIL,GALAXYSURF,GESHIP,GICRE,GILLETTE,GLAND,GLAXO,GLENMARK,GLS,GMRAIRPORT,GNFC,GOCOLORS,GODFRYPHLP,GODIGIT,GODREJAGRO,GODREJCP,GODREJIND,GODREJPROP,GPIL,GPPL,GRANULES,GRAPHITE,GRASIM,GRINDWELL,GRINFRA,GSFC,GSPL,GUJALKALI,GUJGASLTD,GVT&D,HAL,HAPPSTMNDS,HATHWAY,HATSUN,HAVELLS,HBLENGINE,HCLTECH,HDFC,HDFCAMC,HDFCBANK,HDFCLIFE,HEG,HEMIPROP,HEROMOTOCO,HFCL,HINDALCO,HINDCOPPER,HINDPETRO,HINDUNILVR,HINDZINC,HLEGLAS,HOMEFIRST,HONAUT,HUDCO,ICICIBANK,ICICIGI,ICICIPRULI,ICIL,IDBI,IDEA,IDFC,IDFCFIRSTB,IEX,IFCI,IGL,IIFL,INDGN,INDHOTEL,INDIACEM,INDIAMART,INDIANB,INDIGO,INDOCO,INDUSINDBK,INDUSTOWER,INFIBEAM,INFY,INOXINDIA,INOXLEISUR,INTELLECT,IOB,IOC,IPCALAB,IRB,IRCON,IRCTC,IREDA,IRFC,ITC,ITI,JAMNAAUTO,JBCHEPHARM,JINDALSAW,JINDALSTEL,JKCEMENT,JKLAKSHMI,JKTYRE,JMFINANCIL,JPPOWER,JSL,JSLHISAR,JSWDULUX,JSWENERGY,JSWSTEEL,JUBLFOOD,JUBLINGREA,JUBLPHARMA,JUSTDIAL,JYOTHYLAB,JYOTICNC,KAJARIACER,KALYANKJIL,KANSAINER,KARURVYSYA,KAYNES,KEC,KEI,KIMS,KIRLFER,KIRLOSBROS,KIRLOSENG,KNRCON,KOTAKBANK,KPIL,KPITTECH,KPRMILL,LALPATHLAB,LATENTVIEW,LAURUSLABS,LAXMIMACH,LICHSGFIN,LINDEINDIA,LODHA,LT,LTF,LTM,LTTS,LUPIN,LUXIND,M&M,M&MFIN,MAHABANK,MANAPPURAM,MAPMYINDIA,MARICO,MARUTI,MASTEK,MAXHEALTH,MAZDOCK,MCX,METROBRAND,METROPOLIS,MFSL,MGL,MINDACORP,MINDTREE,MMTC,MOIL,MOTILALOFS,MPHASIS,MRF,MRPL,MUTHOOTFIN,NAM-INDIA,NATCOPHARM,NATIONALUM,NAUKRI,NAVINFLUOR,NAZARA,NBCC,NCC,NESCO,NESTLEIND,NETWEB,NETWORK18,NEWGEN,NH,NHPC,NIACL,NLCINDIA,NMDC,NTPC,NUVOCO,NYKAA,OBEROIRLTY,OFSS,OIL,ONGC,ORIENTELEC,PAGEIND,PAYTM,PCBL,PEL,PERSISTENT,PETRONET,PFC,PFIZER,PGHH,PGHL,PHOENIXLTD,PIDILITIND,PIIND,PNB,PNBHOUSING,PNCINFRA,POLICYBZR,POLYCAB,POLYMED,POLYPLEX,POONAWALLA,POWERGRID,POWERINDIA,PRAJIND,PRESTIGE,PRIVISCL,PTCIL,PVRINOX,QUESS,RADICO,RAILTEL,RAIN,RAJESHEXPO,RALLIS,RAMCOCEM,RATNAMANI,RAYMONDLSL,RBLBANK,RCF,RECLTD,REDINGTON,RELAXO,RELIANCE,RENUKA,RHIM,RITES,ROSSARI,ROUTE,RTNINDIA,RVNL,SAIL,SAMMAANCAP,SANOFI,SAPPHIRE,SAREGAMA,SBICARD,SBILIFE,SBIN,SCHAEFFLER,SCI,SEQUENT,SFL,SHILPAMED,SHREECEM,SHRIRAMCIT,SHRIRAMFIN,SHYAMMETL,SIEMENS,SIS,SJVN,SKFINDIA,SOBHA,SOLARA,SOLARINDS,SONACOMS,SONATSOFTW,SPARC,SPICEJET,SRF,STAR,STARHEALTH,SUDARSCHEM,SUMICHEM,SUNDARMFIN,SUNDRMFAST,SUNPHARMA,SUNTV,SUPPETRO,SUPRAJIT,SUPREMEIND,SUZLON,SWANCORP,SWSOLAR,SYMPHONY,SYNGENE,SYRMA,TANLA,TATACHEM,TATACOFFEE,TATACOMM,TATACONSUM,TATAELXSI,TATAINVEST,TATAMTRDVR,TATAPOWER,TATASTEEL,TATASTLLP,TBOTEK,TCS,TEAMLEASE,TECHM,TECHNOE,THERMAX,THYROCARE,TIINDIA,TIMKEN,TITAN,TMPV,TORNTPHARM,TORNTPOWER,TRENT,TRIDENT,TRITURBINE,TTKPRESTIG,TTML,TV18BRDCST,TVSMOTOR,UBL,UCOBANK,UJJIVANSFB,ULTRACEMCO,UNIONBANK,UNITDSPR,UNOMINDA,UPL,USHAMART,UTIAMC,VAKRANGEE,VARROC,VBL,VEDL,VENKEYS,VGUARD,VIJAYA,VINATIORGA,VIPIND,VMART,VOLTAS,VTL,WELCORP,WELSPUNLIV,WESTLIFE,WHIRLPOOL,WIPRO,WOCKPHARMA,YESBANK,ZEEL,ZENSARTECH,ZFCVINDIA,ZYDUSLIFE,ZYDUSWELL"
2017-02-28,"360ONE,3MINDIA,AADHARHFC,AARTIDRUGS,AARTIIND,AAVAS,ABB,ABBOTINDIA,ABCAPITAL,ABFRL,ABREL,ABSLAMC,ACC,ADANIENSOL,ADANIENT,ADANIGREEN,ADANIPORTS,ADVENZYMES,AEGISLOG,AFFLE,AIAENG,AJANTPHARM,ALKEM,ALKYLAMINE,ALLCARGO,ALOKINDS,AMBER,AMBUJACEM,ANANTRAJ,ANGELONE,APLAPOLLO,APLLTD,APOLLOHOSP,APOLLOTYRE,APTUS,ARE&M,ASAHIINDIA,ASHOKLEY,ASIANPAINT,ASTERDM,ASTRAL,ASTRAZEN,ATGL,ATUL,AUBANK,AUROPHARMA,AVANTIFEED,AXISBANK,BAJAJ-AUTO,BAJAJELEC,BAJAJFINSV,BAJAJHLDNG,BAJFINANCE,BALAMINES,BALKRISIND,BALRAMCHIN,BANDHANBNK,BANKBARODA,BANKINDIA,BASF,BATAINDIA,BAYERCROP,BBTC,BCG,BDL,BEL,BEML,BERGEPAINT,BHARATFORG,BHARTIARTL,BHARTIHEXA,BHEL,BIOCON,BIRLACORPN,BLUEDART,BLUESTARCO,BOSCHLTD,BPCL,BRIGADE,BRITANNIA,BSE,BSOFT,CAMS,CANBK,CANFINHOME,CAPLIPOINT,CARBORUNIV,CASTROLIND,CCL,CDSL,CEATLTD,CENTRALBK,CENTURYPLY,CERA,CESC,CGPOWER,CHALET,CHAMBLFERT,CHEMPLASTS,CHOLAFIN,CHOLAHLDNG,CIEINDIA,CIPLA,CLEAN,COALINDIA,COCHINSHIP,COFORGE,COHANCE,COLPAL,CONCOR,COROMANDEL,CREDITACC,CRISIL,CROMPTON,CUB,CUMMINSIND,CYIENT,DABUR,DALBHARAT,DBL,DBREALTY,DEEPAKNTR,DELTACORP,DEVYANI,DHANI,DIVISLAB,DIXON,DLF,DMART,DRREDDY,DUMMYHEG,EASEMYTRIP,ECLERX,EDELWEISS,EICHERMOT,EIDPARRY,EIHOTEL,ELGIEQUIP,EMAMILTD,ENDURANCE,ENGINERSIN,EPIGRAL,EQUITAS,EQUITASBNK,ERIS,ESCORTS,ETERNAL,EXIDEIND,FACT,FEDERALBNK,FINCABLES,FINEORG,FINPIPE,FLUOROCHEM,FORTIS,FSL,GAEL,GAIL,GALAXYSURF,GESHIP,GICRE,GILLETTE,GLAND,GLAXO,GLENMARK,GLS,GMRAIRPORT,GNFC,GOCOLORS,GODFRYPHLP,GODIGIT,GODREJAGRO,GODREJCP,GODREJIND,GODREJPROP,GPIL,GPPL,GRANULES,GRAPHITE,GRASIM,GRINDWELL,GRINFRA,GSFC,GSPL,GUJALKALI,GUJGASLTD,GVT&D,HAL,HAPPSTMNDS,HATHWAY,HATSUN,HAVELLS,HBLENGINE,HCLTECH,HDFC,HDFCAMC,HDFCBANK,HDFCLIFE,HEG,HEMIPROP,HEROMOTOCO,HFCL,HINDALCO,HINDCOPPER,HINDPETRO,HINDUNILVR,HINDZINC,HLEGLAS,HOMEFIRST,HONAUT,HUDCO,ICICIBANK,ICICIGI,ICICIPRULI,ICIL,IDBI,IDEA,IDFC,IDFCFIRSTB,IEX,IFCI,IGL,IIFL,INDGN,INDHOTEL,INDIACEM,INDIAMART,INDIANB,INDIGO,INDOCO,INDUSINDBK,INDUSTOWER,INFIBEAM,INFY,INOXINDIA,INOXLEISUR,INTELLECT,IOB,IOC,IPCALAB,IRB,IRCON,IRCTC,IREDA,IRFC,ITC,ITI,JAMNAAUTO,JBCHEPHARM,JINDALSAW,JINDALSTEL,JKCEMENT,JKLAKSHMI,JKTYRE,JMFINANCIL,JPPOWER,JSL,JSLHISAR,JSWDULUX,JSWENERGY,JSWSTEEL,JUBLFOOD,JUBLINGREA,JUBLPHARMA,JUSTDIAL,JYOTHYLAB,JYOTICNC,KAJARIACER,KALYANKJIL,KANSAINER,KARURVYSYA,KAYNES,KEC,KEI,KIMS,KIRLFER,KIRLOSBROS,KIRLOSENG,KNRCON,KOTAKBANK,KPIL,KPITTECH,KPRMILL,LALPATHLAB,LATENTVIEW,LAURUSLABS,LAXMIMACH,LICHSGFIN,LINDEINDIA,LODHA,LT,LTF,LTM,LTTS,LUPIN,LUXIND,M&M,M&MFIN,MAHABANK,MANAPPURAM,MAPMYINDIA,MARICO,MARUTI,MASTEK,MAXHEALTH,MAZDOCK,MCX,METROBRAND,METROPOLIS,MFSL,MGL,MINDACORP,MINDTREE,MMTC,MOIL,MOTILALOFS,MPHASIS,MRF,MRPL,MUTHOOTFIN,NAM-INDIA,NATCOPHARM,NATIONALUM,NAUKRI,NAVINFLUOR,NAZARA,NBCC,NCC,NESCO,NESTLEIND,NETWEB,NETWORK18,NEWGEN,NH,NHPC,NIACL,NLCINDIA,NMDC,NTPC,NUVOCO,NYKAA,OBEROIRLTY,OFSS,OIL,ONGC,ORIENTELEC,PAGEIND,PAYTM,PCBL,PEL,PERSISTENT,PETRONET,PFC,PFIZER,PGHH,PGHL,PHOENIXLTD,PIDILITIND,PIIND,PNB,PNBHOUSING,PNCINFRA,POLICYBZR,POLYCAB,POLYMED,POLYPLEX,POONAWALLA,POWERGRID,POWERINDIA,PRAJIND,PRESTIGE,PRIVISCL,PTCIL,PVRINOX,QUESS,RADICO,RAILTEL,RAIN,RAJESHEXPO,RALLIS,RAMCOCEM,RATNAMANI,RAYMONDLSL,RBLBANK,RCF,RECLTD,REDINGTON,RELAXO,RELIANCE,RENUKA,RHIM,RITES,ROSSARI,ROUTE,RTNINDIA,RVNL,SAIL,SAMMAANCAP,SANOFI,SAPPHIRE,SAREGAMA,SBICARD,SBILIFE,SBIN,SCHAEFFLER,SCI,SEQUENT,SFL,SHILPAMED,SHREECEM,SHRIRAMCIT,SHRIRAMFIN,SHYAMMETL,SIEMENS,SIS,SJVN,SKFINDIA,SOBHA,SOLARA,SOLARINDS,SONACOMS,SONATSOFTW,SPARC,SPICEJET,SRF,STAR,STARHEALTH,SUDARSCHEM,SUMICHEM,SUNDARMFIN,SUNDRMFAST,SUNPHARMA,SUNTV,SUPPETRO,SUPRAJIT,SUPREMEIND,SUZLON,SWANCORP,SWSOLAR,SYMPHONY,SYNGENE,SYRMA,TANLA,TATACHEM,TATACOFFEE,TATACOMM,TATACONSUM,TATAELXSI,TATAINVEST,TATAMTRDVR,TATAPOWER,TATASTEEL,TATASTLLP,TBOTEK,TCS,TEAMLEASE,TECHM,TECHNOE,THERMAX,THYROCARE,TIINDIA,TIMKEN,TITAN,TMPV,TORNTPHARM,TORNTPOWER,TRENT,TRIDENT,TRITURBINE,TTKPRESTIG,TTML,TV18BRDCST,TVSMOTOR,UBL,UCOBANK,UJJIVANSFB,ULTRACEMCO,UNIONBANK,UNITDSPR,UNOMINDA,UPL,USHAMART,UTIAMC,VAKRANGEE,VARROC,VBL,VEDL,VENKEYS,VGUARD,VIJAYA,VINATIORGA,VIPIND,VMART,VOLTAS,VTL,WELCORP,WELSPUNLIV,WESTLIFE,WHIRLPOOL,WIPRO,WOCKPHARMA,YESBANK,ZEEL,ZENSARTECH,ZFCVINDIA,ZYDUSLIFE,ZYDUSWELL"
2017-03-31,"360ONE,3MINDIA,AADHARHFC,AARTIDRUGS,AARTIIND,AAVAS,ABB,ABBOTINDIA,ABCAPITAL,ABFRL,ABREL,ABSLAMC,ACC,ADANIENSOL,ADANIENT,ADANIGREEN,ADANIPORTS,ADVENZYMES,AEGISLOG,AFFLE,AIAENG,AJANTPHARM,ALKEM,ALKYLAMINE,ALLCARGO,ALOKINDS,AMBER,AMBUJACEM,ANANTRAJ,ANGELONE,APLAPOLLO,APLLTD,APOLLOHOSP,APOLLOTYRE,APTUS,ARE&M,ASAHIINDIA,ASHOKLEY,ASIANPAINT,ASTERDM,ASTRAL,ASTRAZEN,ATGL,ATUL,AUBANK,AUROPHARMA,AVANTIFEED,AXISBANK,BAJAJ-AUTO,BAJAJELEC,BAJAJFINSV,BAJAJHLDNG,BAJFINANCE,BALAMINES,BALKRISIND,BALRAMCHIN,BANDHANBNK,BANKBARODA,BANKINDIA,BASF,BATAINDIA,BAYERCROP,BBTC,BCG,BDL,BEL,BEML,BERGEPAINT,BHARATFORG,BHARTIARTL,BHARTIHEXA,BHEL,BIOCON,BIRLACORPN,BLUEDART,BLUESTARCO,BOSCHLTD,BPCL,BRIGADE,BRITANNIA,BSE,BSOFT,CAMS,CANBK,CANFINHOME,CAPLIPOINT,CARBORUNIV,CASTROLIND,CCL,CDSL,CEATLTD,CENTRALBK,CENTURYPLY,CERA,CESC,CGPOWER,CHALET,CHAMBLFERT,CHEMPLASTS,CHOLAFIN,CHOLAHLDNG,CIEINDIA,CIPLA,CLEAN,COALINDIA,COCHINSHIP,COFORGE,COHANCE,COLPAL,CONCOR,COROMANDEL,CREDITACC,CRISIL,CROMPTON,CUB,CUMMINSIND,CYIENT,DABUR,DALBHARAT,DBL,DBREALTY,DEEPAKNTR,DELTACORP,DEVYANI,DHANI,DIVISLAB,DIXON,DLF,DMART,DRREDDY,DUMMYHEG,EASEMYTRIP,ECLERX,EDELWEISS,EICHERMOT,EIDPARRY,EIHOTEL,ELGIEQUIP,EMAMILTD,ENDURANCE,ENGINERSIN,EPIGRAL,EQUITAS,EQUITASBNK,ERIS,ESCORTS,ETERNAL,EXIDEIND,FACT,FEDERALBNK,FINCABLES,FINEORG,FINPIPE,FLUOROCHEM,FORTIS,FSL,GAEL,GAIL,GALAXYSURF,GESHIP,GICRE,GILLETTE,GLAND,GLAXO,GLENMARK,GLS,GMRAIRPORT,GNFC,GOCOLORS,GODFRYPHLP,GODIGIT,GODREJAGRO,GODREJCP,GODREJIND,GODREJPROP,GPIL,GPPL,GRANULES,GRAPHITE,GRASIM,GRINDWELL,GRINFRA,GSFC,GSPL,GUJALKALI,GUJGASLTD,GVT&D,HAL,HAPPSTMNDS,HATHWAY,HATSUN,HAVELLS,HBLENGINE,HCLTECH,HDFC,HDFCAMC,HDFCBANK,HDFCLIFE,HEG,HEMIPROP,HEROMOTOCO,HFCL,HINDALCO,HINDCOPPER,HINDPETRO,HINDUNILVR,HINDZINC,HLEGLAS,HOMEFIRST,HONAUT,HUDCO,ICICIBANK,ICICIGI,ICICIPRULI,ICIL,IDBI,IDEA,IDFC,IDFCFIRSTB,IEX,IFCI,IGL,IIFL,INDGN,INDHOTEL,INDIACEM,INDIAMART,INDIANB,INDIGO,INDOCO,INDUSINDBK,INDUSTOWER,INFIBEAM,INFY,INOXINDIA,INOXLEISUR,INTELLECT,IOB,IOC,IPCALAB,IRB,IRCON,IRCTC,IREDA,IRFC,ITC,ITI,JAMNAAUTO,JBCHEPHARM,JINDALSAW,JINDALSTEL,JKCEMENT,JKLAKSHMI,JKTYRE,JMFINANCIL,JPPOWER,JSL,JSLHISAR,JSWDULUX,JSWENERGY,JSWSTEEL,JUBLFOOD,JUBLINGREA,JUBLPHARMA,JUSTDIAL,JYOTHYLAB,JYOTICNC,KAJARIACER,KALYANKJIL,KANSAINER,KARURVYSYA,KAYNES,KEC,KEI,KIMS,KIRLFER,KIRLOSBROS,KIRLOSENG,KNRCON,KOTAKBANK,KPIL,KPITTECH,KPRMILL,LALPATHLAB,LATENTVIEW,LAURUSLABS,LAXMIMACH,LICHSGFIN,LINDEINDIA,LODHA,LT,LTF,LTM,LTTS,LUPIN,LUXIND,M&M,M&MFIN,MAHABANK,MANAPPURAM,MAPMYINDIA,MARICO,MARUTI,MASTEK,MAXHEALTH,MAZDOCK,MCX,METROBRAND,METROPOLIS,MFSL,MGL,MINDACORP,MINDTREE,MMTC,MOIL,MOTILALOFS,MPHASIS,MRF,MRPL,MUTHOOTFIN,NAM-INDIA,NATCOPHARM,NATIONALUM,NAUKRI,NAVINFLUOR,NAZARA,NBCC,NCC,NESCO,NESTLEIND,NETWEB,NETWORK18,NEWGEN,NH,NHPC,NIACL,NLCINDIA,NMDC,NTPC,NUVOCO,NYKAA,OBEROIRLTY,OFSS,OIL,ONGC,ORIENTELEC,PAGEIND,PAYTM,PCBL,PEL,PERSISTENT,PETRONET,PFC,PFIZER,PGHH,PGHL,PHOENIXLTD,PIDILITIND,PIIND,PNB,PNBHOUSING,PNCINFRA,POLICYBZR,POLYCAB,POLYMED,POLYPLEX,POONAWALLA,POWERGRID,POWERINDIA,PRAJIND,PRESTIGE,PRIVISCL,PTCIL,PVRINOX,QUESS,RADICO,RAILTEL,RAIN,RAJESHEXPO,RALLIS,RAMCOCEM,RATNAMANI,RAYMONDLSL,RBLBANK,RCF,RECLTD,REDINGTON,RELAXO,RELIANCE,RENUKA,RHIM,RITES,ROSSARI,ROUTE,RTNINDIA,RVNL,SAIL,SAMMAANCAP,SANOFI,SAPPHIRE,SAREGAMA,SBICARD,SBILIFE,SBIN,SCHAEFFLER,SCI,SEQUENT,SFL,SHILPAMED,SHREECEM,SHRIRAMCIT,SHRIRAMFIN,SHYAMMETL,SIEMENS,SIS,SJVN,SKFINDIA,SOBHA,SOLARA,SOLARINDS,SONACOMS,SONATSOFTW,SPARC,SPICEJET,SRF,STAR,STARHEALTH,SUDARSCHEM,SUMICHEM,SUNDARMFIN,SUNDRMFAST,SUNPHARMA,SUNTV,SUPPETRO,SUPRAJIT,SUPREMEIND,SUZLON,SWANCORP,SWSOLAR,SYMPHONY,SYNGENE,SYRMA,TANLA,TATACHEM,TATACOFFEE,TATACOMM,TATACONSUM,TATAELXSI,TATAINVEST,TATAMTRDVR,TATAPOWER,TATASTEEL,TATASTLLP,TBOTEK,TCS,TEAMLEASE,TECHM,TECHNOE,THERMAX,THYROCARE,TIINDIA,TIMKEN,TITAN,TMPV,TORNTPHARM,TORNTPOWER,TRENT,TRIDENT,TRITURBINE,TTKPRESTIG,TTML,TV18BRDCST,TVSMOTOR,UBL,UCOBANK,UJJIVANSFB,ULTRACEMCO,UNIONBANK,UNITDSPR,UNOMINDA,UPL,USHAMART,UTIAMC,VAKRANGEE,VARROC,VBL,VEDL,VENKEYS,VGUARD,VIJAYA,VINATIORGA,VIPIND,VMART,VOLTAS,VTL,WELCORP,WELSPUNLIV,WESTLIFE,WHIRLPOOL,WIPRO,WOCKPHARMA,YESBANK,ZEEL,ZENSARTECH,ZFCVINDIA,ZYDUSLIFE,ZYDUSWELL"
2017-04-30,"360ONE,3MINDIA,AADHARHFC,AARTIDRUGS,AARTIIND,AAVAS,ABB,ABBOTINDIA,ABCAPITAL,ABFRL,ABREL,ABSLAMC,ACC,ADANIENSOL,ADANIENT,ADANIGREEN,ADANIPORTS,ADVENZYMES,AEGISLOG,AFFLE,AIAENG,AJANTPHARM,ALKEM,ALKYLAMINE,ALLCARGO,ALOKINDS,AMBER,AMBUJACEM,ANANTRAJ,ANGELONE,APLAPOLLO,APLLTD,APOLLOHOSP,APOLLOTYRE,APTUS,ARE&M,ASAHIINDIA,ASHOKLEY,ASIANPAINT,ASTERDM,ASTRAL,ASTRAZEN,ATGL,ATUL,AUBANK,AUROPHARMA,AVANTIFEED,AXISBANK,BAJAJ-AUTO,BAJAJELEC,BAJAJFINSV,BAJAJHLDNG,BAJFINANCE,BALAMINES,BALKRISIND,BALRAMCHIN,BANDHANBNK,BANKBARODA,BANKINDIA,BASF,BATAINDIA,BAYERCROP,BBTC,BCG,BDL,BEL,BEML,BERGEPAINT,BHARATFORG,BHARTIARTL,BHARTIHEXA,BHEL,BIOCON,BIRLACORPN,BLUEDART,BLUESTARCO,BOSCHLTD,BPCL,BRIGADE,BRITANNIA,BSE,BSOFT,CAMS,CANBK,CANFINHOME,CAPLIPOINT,CARBORUNIV,CASTROLIND,CCL,CDSL,CEATLTD,CENTRALBK,CENTURYPLY,CERA,CESC,CGPOWER,CHALET,CHAMBLFERT,CHEMPLASTS,CHOLAFIN,CHOLAHLDNG,CIEINDIA,CIPLA,CLEAN,COALINDIA,COCHINSHIP,COFORGE,COHANCE,COLPAL,CONCOR,COROMANDEL,CREDITACC,CRISIL,CROMPTON,CUB,CUMMINSIND,CYIENT,DABUR,DALBHARAT,DBL,DBREALTY,DEEPAKNTR,DELTACORP,DEVYANI,DHANI,DIVISLAB,DIXON,DLF,DMART,DRREDDY,DUMMYHEG,EASEMYTRIP,ECLERX,EDELWEISS,EICHERMOT,EIDPARRY,EIHOTEL,ELGIEQUIP,EMAMILTD,ENDURANCE,ENGINERSIN,EPIGRAL,EQUITAS,EQUITASBNK,ERIS,ESCORTS,ETERNAL,EXIDEIND,FACT,FEDERALBNK,FINCABLES,FINEORG,FINPIPE,FLUOROCHEM,FORTIS,FSL,GAEL,GAIL,GALAXYSURF,GESHIP,GICRE,GILLETTE,GLAND,GLAXO,GLENMARK,GLS,GMRAIRPORT,GNFC,GOCOLORS,GODFRYPHLP,GODIGIT,GODREJAGRO,GODREJCP,GODREJIND,GODREJPROP,GPIL,GPPL,GRANULES,GRAPHITE,GRASIM,GRINDWELL,GRINFRA,GSFC,GSPL,GUJALKALI,GUJGASLTD,GVT&D,HAL,HAPPSTMNDS,HATHWAY,HATSUN,HAVELLS,HBLENGINE,HCLTECH,HDFC,HDFCAMC,HDFCBANK,HDFCLIFE,HEG,HEMIPROP,HEROMOTOCO,HFCL,HINDALCO,HINDCOPPER,HINDPETRO,HINDUNILVR,HINDZINC,HLEGLAS,HOMEFIRST,HONAUT,HUDCO,ICICIBANK,ICICIGI,ICICIPRULI,ICIL,IDBI,IDEA,IDFC,IDFCFIRSTB,IEX,IFCI,IGL,IIFL,INDGN,INDHOTEL,INDIACEM,INDIAMART,INDIANB,INDIGO,INDOCO,INDUSINDBK,INDUSTOWER,INFIBEAM,INFY,INOXINDIA,INOXLEISUR,INTELLECT,IOB,IOC,IPCALAB,IRB,IRCON,IRCTC,IREDA,IRFC,ITC,ITI,JAMNAAUTO,JBCHEPHARM,JINDALSAW,JINDALSTEL,JKCEMENT,JKLAKSHMI,JKTYRE,JMFINANCIL,JPPOWER,JSL,JSLHISAR,JSWDULUX,JSWENERGY,JSWSTEEL,JUBLFOOD,JUBLINGREA,JUBLPHARMA,JUSTDIAL,JYOTHYLAB,JYOTICNC,KAJARIACER,KALYANKJIL,KANSAINER,KARURVYSYA,KAYNES,KEC,KEI,KIMS,KIRLFER,KIRLOSBROS,KIRLOSENG,KNRCON,KOTAKBANK,KPIL,KPITTECH,KPRMILL,LALPATHLAB,LATENTVIEW,LAURUSLABS,LAXMIMACH,LICHSGFIN,LINDEINDIA,LODHA,LT,LTF,LTM,LTTS,LUPIN,LUXIND,M&M,M&MFIN,MAHABANK,MANAPPURAM,MAPMYINDIA,MARICO,MARUTI,MASTEK,MAXHEALTH,MAZDOCK,MCX,METROBRAND,METROPOLIS,MFSL,MGL,MINDACORP,MINDTREE,MMTC,MOIL,MOTILALOFS,MPHASIS,MRF,MRPL,MUTHOOTFIN,NAM-INDIA,NATCOPHARM,NATIONALUM,NAUKRI,NAVINFLUOR,NAZARA,NBCC,NCC,NESCO,NESTLEIND,NETWEB,NETWORK18,NEWGEN,NH,NHPC,NIACL,NLCINDIA,NMDC,NTPC,NUVOCO,NYKAA,OBEROIRLTY,OFSS,OIL,ONGC,ORIENTELEC,PAGEIND,PAYTM,PCBL,PEL,PERSISTENT,PETRONET,PFC,PFIZER,PGHH,PGHL,PHOENIXLTD,PIDILITIND,PIIND,PNB,PNBHOUSING,PNCINFRA,POLICYBZR,POLYCAB,POLYMED,POLYPLEX,POONAWALLA,POWERGRID,POWERINDIA,PRAJIND,PRESTIGE,PRIVISCL,PTCIL,PVRINOX,QUESS,RADICO,RAILTEL,RAIN,RAJESHEXPO,RALLIS,RAMCOCEM,RATNAMANI,RAYMONDLSL,RBLBANK,RCF,RECLTD,REDINGTON,RELAXO,RELIANCE,RENUKA,RHIM,RITES,ROSSARI,ROUTE,RTNINDIA,RVNL,SAIL,SAMMAANCAP,SANOFI,SAPPHIRE,SAREGAMA,SBICARD,SBILIFE,SBIN,SCHAEFFLER,SCI,SEQUENT,SFL,SHILPAMED,SHREECEM,SHRIRAMCIT,SHRIRAMFIN,SHYAMMETL,SIEMENS,SIS,SJVN,SKFINDIA,SOBHA,SOLARA,SOLARINDS,SONACOMS,SONATSOFTW,SPARC,SPICEJET,SRF,STAR,STARHEALTH,SUDARSCHEM,SUMICHEM,SUNDARMFIN,SUNDRMFAST,SUNPHARMA,SUNTV,SUPPETRO,SUPRAJIT,SUPREMEIND,SUZLON,SWANCORP,SWSOLAR,SYMPHONY,SYNGENE,SYRMA,TANLA,TATACHEM,TATACOFFEE,TATACOMM,TATACONSUM,TATAELXSI,TATAINVEST,TATAMTRDVR,TATAPOWER,TATASTEEL,TATASTLLP,TBOTEK,TCS,TEAMLEASE,TECHM,TECHNOE,THERMAX,THYROCARE,TIINDIA,TIMKEN,TITAN,TMPV,TORNTPHARM,TORNTPOWER,TRENT,TRIDENT,TRITURBINE,TTKPRESTIG,TTML,TV18BRDCST,TVSMOTOR,UBL,UCOBANK,UJJIVANSFB,ULTRACEMCO,UNIONBANK,UNITDSPR,UNOMINDA,UPL,USHAMART,UTIAMC,VAKRANGEE,VARROC,VBL,VEDL,VENKEYS,VGUARD,VIJAYA,VINATIORGA,VIPIND,VMART,VOLTAS,VTL,WELCORP,WELSPUNLIV,WESTLIFE,WHIRLPOOL,WIPRO,WOCKPHARMA,YESBANK,ZEEL,ZENSARTECH,ZFCVINDIA,ZYDUSLIFE,ZYDUSWELL"
2017-05-31,"360ONE,3MINDIA,AADHARHFC,AARTIDRUGS,AARTIIND,AAVAS,ABB,ABBOTINDIA,ABCAPITAL,ABFRL,ABREL,ABSLAMC,ACC,ADANIENSOL,ADANIENT,ADANIGREEN,ADANIPORTS,ADVENZYMES,AEGISLOG,AFFLE,AIAENG,AJANTPHARM,ALKEM,ALKYLAMINE,ALLCARGO,ALOKINDS,AMBER,AMBUJACEM,ANANTRAJ,ANGELONE,APLAPOLLO,APLLTD,APOLLOHOSP,APOLLOTYRE,APTUS,ARE&M,ASAHIINDIA,ASHOKLEY,ASIANPAINT,ASTERDM,ASTRAL,ASTRAZEN,ATGL,ATUL,AUBANK,AUROPHARMA,AVANTIFEED,AXISBANK,BAJAJ-AUTO,BAJAJELEC,BAJAJFINSV,BAJAJHLDNG,BAJFINANCE,BALAMINES,BALKRISIND,BALRAMCHIN,BANDHANBNK,BANKBARODA,BANKINDIA,BASF,BATAINDIA,BAYERCROP,BBTC,BCG,BDL,BEL,BEML,BERGEPAINT,BHARATFORG,BHARTIARTL,BHARTIHEXA,BHEL,BIOCON,BIRLACORPN,BLUEDART,BLUESTARCO,BOSCHLTD,BPCL,BRIGADE,BRITANNIA,BSE,BSOFT,CAMS,CANBK,CANFINHOME,CAPLIPOINT,CARBORUNIV,CASTROLIND,CCL,CDSL,CEATLTD,CENTRALBK,CENTURYPLY,CERA,CESC,CGPOWER,CHALET,CHAMBLFERT,CHEMPLASTS,CHOLAFIN,CHOLAHLDNG,CIEINDIA,CIPLA,CLEAN,COALINDIA,COCHINSHIP,COFORGE,COHANCE,COLPAL,CONCOR,COROMANDEL,CREDITACC,CRISIL,CROMPTON,CUB,CUMMINSIND,CYIENT,DABUR,DALBHARAT,DBL,DBREALTY,DEEPAKNTR,DELTACORP,DEVYANI,DHANI,DIVISLAB,DIXON,DLF,DMART,DRREDDY,DUMMYHEG,EASEMYTRIP,ECLERX,EDELWEISS,EICHERMOT,EIDPARRY,EIHOTEL,ELGIEQUIP,EMAMILTD,ENDURANCE,ENGINERSIN,EPIGRAL,EQUITAS,EQUITASBNK,ERIS,ESCORTS,ETERNAL,EXIDEIND,FACT,FEDERALBNK,FINCABLES,FINEORG,FINPIPE,FLUOROCHEM,FORTIS,FSL,GAEL,GAIL,GALAXYSURF,GESHIP,GICRE,GILLETTE,GLAND,GLAXO,GLENMARK,GLS,GMRAIRPORT,GNFC,GOCOLORS,GODFRYPHLP,GODIGIT,GODREJAGRO,GODREJCP,GODREJIND,GODREJPROP,GPIL,GPPL,GRANULES,GRAPHITE,GRASIM,GRINDWELL,GRINFRA,GSFC,GSPL,GUJALKALI,GUJGASLTD,GVT&D,HAL,HAPPSTMNDS,HATHWAY,HATSUN,HAVELLS,HBLENGINE,HCLTECH,HDFC,HDFCAMC,HDFCBANK,HDFCLIFE,HEG,HEMIPROP,HEROMOTOCO,HFCL,HINDALCO,HINDCOPPER,HINDPETRO,HINDUNILVR,HINDZINC,HLEGLAS,HOMEFIRST,HONAUT,HUDCO,ICICIBANK,ICICIGI,ICICIPRULI,ICIL,IDBI,IDEA,IDFC,IDFCFIRSTB,IEX,IFCI,IGL,IIFL,INDGN,INDHOTEL,INDIACEM,INDIAMART,INDIANB,INDIGO,INDOCO,INDUSINDBK,INDUSTOWER,INFIBEAM,INFY,INOXINDIA,INOXLEISUR,INTELLECT,IOB,IOC,IPCALAB,IRB,IRCON,IRCTC,IREDA,IRFC,ITC,ITI,JAMNAAUTO,JBCHEPHARM,JINDALSAW,JINDALSTEL,JKCEMENT,JKLAKSHMI,JKTYRE,JMFINANCIL,JPPOWER,JSL,JSLHISAR,JSWDULUX,JSWENERGY,JSWSTEEL,JUBLFOOD,JUBLINGREA,JUBLPHARMA,JUSTDIAL,JYOTHYLAB,JYOTICNC,KAJARIACER,KALYANKJIL,KANSAINER,KARURVYSYA,KAYNES,KEC,KEI,KIMS,KIRLFER,KIRLOSBROS,KIRLOSENG,KNRCON,KOTAKBANK,KPIL,KPITTECH,KPRMILL,LALPATHLAB,LATENTVIEW,LAURUSLABS,LAXMIMACH,LICHSGFIN,LINDEINDIA,LODHA,LT,LTF,LTM,LTTS,LUPIN,LUXIND,M&M,M&MFIN,MAHABANK,MANAPPURAM,MAPMYINDIA,MARICO,MARUTI,MASTEK,MAXHEALTH,MAZDOCK,MCX,METROBRAND,METROPOLIS,MFSL,MGL,MINDACORP,MINDTREE,MMTC,MOIL,MOTILALOFS,MPHASIS,MRF,MRPL,MUTHOOTFIN,NAM-INDIA,NATCOPHARM,NATIONALUM,NAUKRI,NAVINFLUOR,NAZARA,NBCC,NCC,NESCO,NESTLEIND,NETWEB,NETWORK18,NEWGEN,NH,NHPC,NIACL,NLCINDIA,NMDC,NTPC,NUVOCO,NYKAA,OBEROIRLTY,OFSS,OIL,ONGC,ORIENTELEC,PAGEIND,PAYTM,PCBL,PEL,PERSISTENT,PETRONET,PFC,PFIZER,PGHH,PGHL,PHOENIXLTD,PIDILITIND,PIIND,PNB,PNBHOUSING,PNCINFRA,POLICYBZR,POLYCAB,POLYMED,POLYPLEX,POONAWALLA,POWERGRID,POWERINDIA,PRAJIND,PRESTIGE,PRIVISCL,PTCIL,PVRINOX,QUESS,RADICO,RAILTEL,RAIN,RAJESHEXPO,RALLIS,RAMCOCEM,RATNAMANI,RAYMONDLSL,RBLBANK,RCF,RECLTD,REDINGTON,RELAXO,RELIANCE,RENUKA,RHIM,RITES,ROSSARI,ROUTE,RTNINDIA,RVNL,SAIL,SAMMAANCAP,SANOFI,SAPPHIRE,SAREGAMA,SBICARD,SBILIFE,SBIN,SCHAEFFLER,SCI,SEQUENT,SFL,SHILPAMED,SHREECEM,SHRIRAMCIT,SHRIRAMFIN,SHYAMMETL,SIEMENS,SIS,SJVN,SKFINDIA,SOBHA,SOLARA,SOLARINDS,SONACOMS,SONATSOFTW,SPARC,SPICEJET,SRF,STAR,STARHEALTH,SUDARSCHEM,SUMICHEM,SUNDARMFIN,SUNDRMFAST,SUNPHARMA,SUNTV,SUPPETRO,SUPRAJIT,SUPREMEIND,SUZLON,SWANCORP,SWSOLAR,SYMPHONY,SYNGENE,SYRMA,TANLA,TATACHEM,TATACOFFEE,TATACOMM,TATACONSUM,TATAELXSI,TATAINVEST,TATAMTRDVR,TATAPOWER,TATASTEEL,TATASTLLP,TBOTEK,TCS,TEAMLEASE,TECHM,TECHNOE,THERMAX,THYROCARE,TIINDIA,TIMKEN,TITAN,TMPV,TORNTPHARM,TORNTPOWER,TRENT,TRIDENT,TRITURBINE,TTKPRESTIG,TTML,TV18BRDCST,TVSMOTOR,UBL,UCOBANK,UJJIVANSFB,ULTRACEMCO,UNIONBANK,UNITDSPR,UNOMINDA,UPL,USHAMART,UTIAMC,VAKRANGEE,VARROC,VBL,VEDL,VENKEYS,VGUARD,VIJAYA,VINATIORGA,VIPIND,VMART,VOLTAS,VTL,WELCORP,WELSPUNLIV,WESTLIFE,WHIRLPOOL,WIPRO,WOCKPHARMA,YESBANK,ZEEL,ZENSARTECH,ZFCVINDIA,ZYDUSLIFE,ZYDUSWELL"
2017-06-30,"360ONE,3MINDIA,AADHARHFC,AARTIDRUGS,AARTIIND,AAVAS,ABB,ABBOTINDIA,ABCAPITAL,ABFRL,ABREL,ABSLAMC,ACC,ADANIENSOL,ADANIENT,ADANIGREEN,ADANIPORTS,ADVENZYMES,AEGISLOG,AFFLE,AIAENG,AJANTPHARM,ALKEM,ALKYLAMINE,ALLCARGO,ALOKINDS,AMBER,AMBUJACEM,ANANTRAJ,ANGELONE,APLAPOLLO,APLLTD,APOLLOHOSP,APOLLOTYRE,APTUS,ARE&M,ASAHIINDIA,ASHOKLEY,ASIANPAINT,ASTERDM,ASTRAL,ASTRAZEN,ATGL,ATUL,AUBANK,AUROPHARMA,AVANTIFEED,AXISBANK,BAJAJ-AUTO,BAJAJELEC,BAJAJFINSV,BAJAJHLDNG,BAJFINANCE,BALAMINES,BALKRISIND,BALRAMCHIN,BANDHANBNK,BANKBARODA,BANKINDIA,BASF,BATAINDIA,BAYERCROP,BBTC,BCG,BDL,BEL,BEML,BERGEPAINT,BHARATFORG,BHARTIARTL,BHARTIHEXA,BHEL,BIOCON,BIRLACORPN,BLUEDART,BLUESTARCO,BOSCHLTD,BPCL,BRIGADE,BRITANNIA,BSE,BSOFT,CAMS,CANBK,CANFINHOME,CAPLIPOINT,CARBORUNIV,CASTROLIND,CCL,CDSL,CEATLTD,CENTRALBK,CENTURYPLY,CERA,CESC,CGPOWER,CHALET,CHAMBLFERT,CHEMPLASTS,CHOLAFIN,CHOLAHLDNG,CIEINDIA,CIPLA,CLEAN,COALINDIA,COCHINSHIP,COFORGE,COHANCE,COLPAL,CONCOR,COROMANDEL,CREDITACC,CRISIL,CROMPTON,CUB,CUMMINSIND,CYIENT,DABUR,DALBHARAT,DBL,DBREALTY,DEEPAKNTR,DELTACORP,DEVYANI,DHANI,DIVISLAB,DIXON,DLF,DMART,DRREDDY,DUMMYHEG,EASEMYTRIP,ECLERX,EDELWEISS,EICHERMOT,EIDPARRY,EIHOTEL,ELGIEQUIP,EMAMILTD,ENDURANCE,ENGINERSIN,EPIGRAL,EQUITAS,EQUITASBNK,ERIS,ESCORTS,ETERNAL,EXIDEIND,FACT,FEDERALBNK,FINCABLES,FINEORG,FINPIPE,FLUOROCHEM,FORTIS,FSL,GAEL,GAIL,GALAXYSURF,GESHIP,GICRE,GILLETTE,GLAND,GLAXO,GLENMARK,GLS,GMRAIRPORT,GNFC,GOCOLORS,GODFRYPHLP,GODIGIT,GODREJAGRO,GODREJCP,GODREJIND,GODREJPROP,GPIL,GPPL,GRANULES,GRAPHITE,GRASIM,GRINDWELL,GRINFRA,GSFC,GSPL,GUJALKALI,GUJGASLTD,GVT&D,HAL,HAPPSTMNDS,HATHWAY,HATSUN,HAVELLS,HBLENGINE,HCLTECH,HDFC,HDFCAMC,HDFCBANK,HDFCLIFE,HEG,HEMIPROP,HEROMOTOCO,HFCL,HINDALCO,HINDCOPPER,HINDPETRO,HINDUNILVR,HINDZINC,HLEGLAS,HOMEFIRST,HONAUT,HUDCO,ICICIBANK,ICICIGI,ICICIPRULI,ICIL,IDBI,IDEA,IDFC,IDFCFIRSTB,IEX,IFCI,IGL,IIFL,INDGN,INDHOTEL,INDIACEM,INDIAMART,INDIANB,INDIGO,INDOCO,INDUSINDBK,INDUSTOWER,INFIBEAM,INFY,INOXINDIA,INOXLEISUR,INTELLECT,IOB,IOC,IPCALAB,IRB,IRCON,IRCTC,IREDA,IRFC,ITC,ITI,JAMNAAUTO,JBCHEPHARM,JINDALSAW,JINDALSTEL,JKCEMENT,JKLAKSHMI,JKTYRE,JMFINANCIL,JPPOWER,JSL,JSLHISAR,JSWDULUX,JSWENERGY,JSWSTEEL,JUBLFOOD,JUBLINGREA,JUBLPHARMA,JUSTDIAL,JYOTHYLAB,JYOTICNC,KAJARIACER,KALYANKJIL,KANSAINER,KARURVYSYA,KAYNES,KEC,KEI,KIMS,KIRLFER,KIRLOSBROS,KIRLOSENG,KNRCON,KOTAKBANK,KPIL,KPITTECH,KPRMILL,LALPATHLAB,LATENTVIEW,LAURUSLABS,LAXMIMACH,LICHSGFIN,LINDEINDIA,LODHA,LT,LTF,LTM,LTTS,LUPIN,LUXIND,M&M,M&MFIN,MAHABANK,MANAPPURAM,MAPMYINDIA,MARICO,MARUTI,MASTEK,MAXHEALTH,MAZDOCK,MCX,METROBRAND,METROPOLIS,MFSL,MGL,MINDACORP,MINDTREE,MMTC,MOIL,MOTILALOFS,MPHASIS,MRF,MRPL,MUTHOOTFIN,NAM-INDIA,NATCOPHARM,NATIONALUM,NAUKRI,NAVINFLUOR,NAZARA,NBCC,NCC,NESCO,NESTLEIND,NETWEB,NETWORK18,NEWGEN,NH,NHPC,NIACL,NLCINDIA,NMDC,NTPC,NUVOCO,NYKAA,OBEROIRLTY,OFSS,OIL,ONGC,ORIENTELEC,PAGEIND,PAYTM,PCBL,PEL,PERSISTENT,PETRONET,PFC,PFIZER,PGHH,PGHL,PHOENIXLTD,PIDILITIND,PIIND,PNB,PNBHOUSING,PNCINFRA,POLICYBZR,POLYCAB,POLYMED,POLYPLEX,POONAWALLA,POWERGRID,POWERINDIA,PRAJIND,PRESTIGE,PRIVISCL,PTCIL,PVRINOX,QUESS,RADICO,RAILTEL,RAIN,RAJESHEXPO,RALLIS,RAMCOCEM,RATNAMANI,RAYMONDLSL,RBLBANK,RCF,RECLTD,REDINGTON,RELAXO,RELIANCE,RENUKA,RHIM,RITES,ROSSARI,ROUTE,RTNINDIA,RVNL,SAIL,SAMMAANCAP,SANOFI,SAPPHIRE,SAREGAMA,SBICARD,SBILIFE,SBIN,SCHAEFFLER,SCI,SEQUENT,SFL,SHILPAMED,SHREECEM,SHRIRAMCIT,SHRIRAMFIN,SHYAMMETL,SIEMENS,SIS,SJVN,SKFINDIA,SOBHA,SOLARA,SOLARINDS,SONACOMS,SONATSOFTW,SPARC,SPICEJET,SRF,STAR,STARHEALTH,SUDARSCHEM,SUMICHEM,SUNDARMFIN,SUNDRMFAST,SUNPHARMA,SUNTV,SUPPETRO,SUPRAJIT,SUPREMEIND,SUZLON,SWANCORP,SWSOLAR,SYMPHONY,SYNGENE,SYRMA,TANLA,TATACHEM,TATACOFFEE,TATACOMM,TATACONSUM,TATAELXSI,TATAINVEST,TATAMTRDVR,TATAPOWER,TATASTEEL,TATASTLLP,TBOTEK,TCS,TEAMLEASE,TECHM,TECHNOE,THERMAX,THYROCARE,TIINDIA,TIMKEN,TITAN,TMPV,TORNTPHARM,TORNTPOWER,TRENT,TRIDENT,TRITURBINE,TTKPRESTIG,TTML,TV18BRDCST,TVSMOTOR,UBL,UCOBANK,UJJIVANSFB,ULTRACEMCO,UNIONBANK,UNITDSPR,UNOMINDA,UPL,USHAMART,UTIAMC,VAKRANGEE,VARROC,VBL,VEDL,VENKEYS,VGUARD,VIJAYA,VINATIORGA,VIPIND,VMART,VOLTAS,VTL,WELCORP,WELSPUNLIV,WESTLIFE,WHIRLPOOL,WIPRO,WOCKPHARMA,YESBANK,ZEEL,ZENSARTECH,ZFCVINDIA,ZYDUSLIFE,ZYDUSWELL"
2017-07-31,"360ONE,3MINDIA,AADHARHFC,AARTIDRUGS,AARTIIND,AAVAS,ABB,ABBOTINDIA,ABCAPITAL,ABFRL,ABREL,ABSLAMC,ACC,ADANIENSOL,ADANIENT,ADANIGREEN,ADANIPORTS,ADVENZYMES,AEGISLOG,AFFLE,AIAENG,AJANTPHARM,ALKEM,ALKYLAMINE,ALLCARGO,ALOKINDS,AMBER,AMBUJACEM,ANANTRAJ,ANGELONE,APLAPOLLO,APLLTD,APOLLOHOSP,APOLLOTYRE,APTUS,ARE&M,ASAHIINDIA,ASHOKLEY,ASIANPAINT,ASTERDM,ASTRAL,ASTRAZEN,ATGL,ATUL,AUBANK,AUROPHARMA,AVANTIFEED,AXISBANK,BAJAJ-AUTO,BAJAJELEC,BAJAJFINSV,BAJAJHLDNG,BAJFINANCE,BALAMINES,BALKRISIND,BALRAMCHIN,BANDHANBNK,BANKBARODA,BANKINDIA,BASF,BATAINDIA,BAYERCROP,BBTC,BCG,BDL,BEL,BEML,BERGEPAINT,BHARATFORG,BHARTIARTL,BHARTIHEXA,BHEL,BIOCON,BIRLACORPN,BLUEDART,BLUESTARCO,BOSCHLTD,BPCL,BRIGADE,BRITANNIA,BSE,BSOFT,CAMS,CANBK,CANFINHOME,CAPLIPOINT,CARBORUNIV,CASTROLIND,CCL,CDSL,CEATLTD,CENTRALBK,CENTURYPLY,CERA,CESC,CGPOWER,CHALET,CHAMBLFERT,CHEMPLASTS,CHOLAFIN,CHOLAHLDNG,CIEINDIA,CIPLA,CLEAN,COALINDIA,COCHINSHIP,COFORGE,COHANCE,COLPAL,CONCOR,COROMANDEL,CREDITACC,CRISIL,CROMPTON,CUB,CUMMINSIND,CYIENT,DABUR,DALBHARAT,DBL,DBREALTY,DEEPAKNTR,DELTACORP,DEVYANI,DHANI,DIVISLAB,DIXON,DLF,DMART,DRREDDY,DUMMYHEG,EASEMYTRIP,ECLERX,EDELWEISS,EICHERMOT,EIDPARRY,EIHOTEL,ELGIEQUIP,EMAMILTD,ENDURANCE,ENGINERSIN,EPIGRAL,EQUITAS,EQUITASBNK,ERIS,ESCORTS,ETERNAL,EXIDEIND,FACT,FEDERALBNK,FINCABLES,FINEORG,FINPIPE,FLUOROCHEM,FORTIS,FSL,GAEL,GAIL,GALAXYSURF,GESHIP,GICRE,GILLETTE,GLAND,GLAXO,GLENMARK,GLS,GMRAIRPORT,GNFC,GOCOLORS,GODFRYPHLP,GODIGIT,GODREJAGRO,GODREJCP,GODREJIND,GODREJPROP,GPIL,GPPL,GRANULES,GRAPHITE,GRASIM,GRINDWELL,GRINFRA,GSFC,GSPL,GUJALKALI,GUJGASLTD,GVT&D,HAL,HAPPSTMNDS,HATHWAY,HATSUN,HAVELLS,HBLENGINE,HCLTECH,HDFC,HDFCAMC,HDFCBANK,HDFCLIFE,HEG,HEMIPROP,HEROMOTOCO,HFCL,HINDALCO,HINDCOPPER,HINDPETRO,HINDUNILVR,HINDZINC,HLEGLAS,HOMEFIRST,HONAUT,HUDCO,ICICIBANK,ICICIGI,ICICIPRULI,ICIL,IDBI,IDEA,IDFC,IDFCFIRSTB,IEX,IFCI,IGL,IIFL,INDGN,INDHOTEL,INDIACEM,INDIAMART,INDIANB,INDIGO,INDOCO,INDUSINDBK,INDUSTOWER,INFIBEAM,INFY,INOXINDIA,INOXLEISUR,INTELLECT,IOB,IOC,IPCALAB,IRB,IRCON,IRCTC,IREDA,IRFC,ITC,ITI,JAMNAAUTO,JBCHEPHARM,JINDALSAW,JINDALSTEL,JKCEMENT,JKLAKSHMI,JKTYRE,JMFINANCIL,JPPOWER,JSL,JSLHISAR,JSWDULUX,JSWENERGY,JSWSTEEL,JUBLFOOD,JUBLINGREA,JUBLPHARMA,JUSTDIAL,JYOTHYLAB,JYOTICNC,KAJARIACER,KALYANKJIL,KANSAINER,KARURVYSYA,KAYNES,KEC,KEI,KIMS,KIRLFER,KIRLOSBROS,KIRLOSENG,KNRCON,KOTAKBANK,KPIL,KPITTECH,KPRMILL,LALPATHLAB,LATENTVIEW,LAURUSLABS,LAXMIMACH,LICHSGFIN,LINDEINDIA,LODHA,LT,LTF,LTM,LTTS,LUPIN,LUXIND,M&M,M&MFIN,MAHABANK,MANAPPURAM,MAPMYINDIA,MARICO,MARUTI,MASTEK,MAXHEALTH,MAZDOCK,MCX,METROBRAND,METROPOLIS,MFSL,MGL,MINDACORP,MINDTREE,MMTC,MOIL,MOTILALOFS,MPHASIS,MRF,MRPL,MUTHOOTFIN,NAM-INDIA,NATCOPHARM,NATIONALUM,NAUKRI,NAVINFLUOR,NAZARA,NBCC,NCC,NESCO,NESTLEIND,NETWEB,NETWORK18,NEWGEN,NH,NHPC,NIACL,NLCINDIA,NMDC,NTPC,NUVOCO,NYKAA,OBEROIRLTY,OFSS,OIL,ONGC,ORIENTELEC,PAGEIND,PAYTM,PCBL,PEL,PERSISTENT,PETRONET,PFC,PFIZER,PGHH,PGHL,PHOENIXLTD,PIDILITIND,PIIND,PNB,PNBHOUSING,PNCINFRA,POLICYBZR,POLYCAB,POLYMED,POLYPLEX,POONAWALLA,POWERGRID,POWERINDIA,PRAJIND,PRESTIGE,PRIVISCL,PTCIL,PVRINOX,QUESS,RADICO,RAILTEL,RAIN,RAJESHEXPO,RALLIS,RAMCOCEM,RATNAMANI,RAYMONDLSL,RBLBANK,RCF,RECLTD,REDINGTON,RELAXO,RELIANCE,RENUKA,RHIM,RITES,ROSSARI,ROUTE,RTNINDIA,RVNL,SAIL,SAMMAANCAP,SANOFI,SAPPHIRE,SAREGAMA,SBICARD,SBILIFE,SBIN,SCHAEFFLER,SCI,SEQUENT,SFL,SHILPAMED,SHREECEM,SHRIRAMCIT,SHRIRAMFIN,SHYAMMETL,SIEMENS,SIS,SJVN,SKFINDIA,SOBHA,SOLARA,SOLARINDS,SONACOMS,SONATSOFTW,SPARC,SPICEJET,SRF,STAR,STARHEALTH,SUDARSCHEM,SUMICHEM,SUNDARMFIN,SUNDRMFAST,SUNPHARMA,SUNTV,SUPPETRO,SUPRAJIT,SUPREMEIND,SUZLON,SWANCORP,SWSOLAR,SYMPHONY,SYNGENE,SYRMA,TANLA,TATACHEM,TATACOFFEE,TATACOMM,TATACONSUM,TATAELXSI,TATAINVEST,TATAMTRDVR,TATAPOWER,TATASTEEL,TATASTLLP,TBOTEK,TCS,TEAMLEASE,TECHM,TECHNOE,THERMAX,THYROCARE,TIINDIA,TIMKEN,TITAN,TMPV,TORNTPHARM,TORNTPOWER,TRENT,TRIDENT,TRITURBINE,TTKPRESTIG,TTML,TV18BRDCST,TVSMOTOR,UBL,UCOBANK,UJJIVANSFB,ULTRACEMCO,UNIONBANK,UNITDSPR,UNOMINDA,UPL,USHAMART,UTIAMC,VAKRANGEE,VARROC,VBL,VEDL,VENKEYS,VGUARD,VIJAYA,VINATIORGA,VIPIND,VMART,VOLTAS,VTL,WELCORP,WELSPUNLIV,WESTLIFE,WHIRLPOOL,WIPRO,WOCKPHARMA,YESBANK,ZEEL,ZENSARTECH,ZFCVINDIA,ZYDUSLIFE,ZYDUSWELL"
2017-08-31,"360ONE,3MINDIA,AADHARHFC,AARTIDRUGS,AARTIIND,AAVAS,ABB,ABBOTINDIA,ABCAPITAL,ABFRL,ABREL,ABSLAMC,ACC,ADANIENSOL,ADANIENT,ADANIGREEN,ADANIPORTS,ADVENZYMES,AEGISLOG,AFFLE,AIAENG,AJANTPHARM,ALKEM,ALKYLAMINE,ALLCARGO,ALOKINDS,AMBER,AMBUJACEM,ANANTRAJ,ANGELONE,APLAPOLLO,APLLTD,APOLLOHOSP,APOLLOTYRE,APTUS,ARE&M,ASAHIINDIA,ASHOKLEY,ASIANPAINT,ASTERDM,ASTRAL,ASTRAZEN,ATGL,ATUL,AUBANK,AUROPHARMA,AVANTIFEED,AXISBANK,BAJAJ-AUTO,BAJAJELEC,BAJAJFINSV,BAJAJHLDNG,BAJFINANCE,BALAMINES,BALKRISIND,BALRAMCHIN,BANDHANBNK,BANKBARODA,BANKINDIA,BASF,BATAINDIA,BAYERCROP,BBTC,BCG,BDL,BEL,BEML,BERGEPAINT,BHARATFORG,BHARTIARTL,BHARTIHEXA,BHEL,BIOCON,BIRLACORPN,BLUEDART,BLUESTARCO,BOSCHLTD,BPCL,BRIGADE,BRITANNIA,BSE,BSOFT,CAMS,CANBK,CANFINHOME,CAPLIPOINT,CARBORUNIV,CASTROLIND,CCL,CDSL,CEATLTD,CENTRALBK,CENTURYPLY,CERA,CESC,CGPOWER,CHALET,CHAMBLFERT,CHEMPLASTS,CHOLAFIN,CHOLAHLDNG,CIEINDIA,CIPLA,CLEAN,COALINDIA,COCHINSHIP,COFORGE,COHANCE,COLPAL,CONCOR,COROMANDEL,CREDITACC,CRISIL,CROMPTON,CUB,CUMMINSIND,CYIENT,DABUR,DALBHARAT,DBL,DBREALTY,DEEPAKNTR,DELTACORP,DEVYANI,DHANI,DIVISLAB,DIXON,DLF,DMART,DRREDDY,DUMMYHEG,EASEMYTRIP,ECLERX,EDELWEISS,EICHERMOT,EIDPARRY,EIHOTEL,ELGIEQUIP,EMAMILTD,ENDURANCE,ENGINERSIN,EPIGRAL,EQUITAS,EQUITASBNK,ERIS,ESCORTS,ETERNAL,EXIDEIND,FACT,FEDERALBNK,FINCABLES,FINEORG,FINPIPE,FLUOROCHEM,FORTIS,FSL,GAEL,GAIL,GALAXYSURF,GESHIP,GICRE,GILLETTE,GLAND,GLAXO,GLENMARK,GLS,GMRAIRPORT,GNFC,GOCOLORS,GODFRYPHLP,GODIGIT,GODREJAGRO,GODREJCP,GODREJIND,GODREJPROP,GPIL,GPPL,GRANULES,GRAPHITE,GRASIM,GRINDWELL,GRINFRA,GSFC,GSPL,GUJALKALI,GUJGASLTD,GVT&D,HAL,HAPPSTMNDS,HATHWAY,HATSUN,HAVELLS,HBLENGINE,HCLTECH,HDFC,HDFCAMC,HDFCBANK,HDFCLIFE,HEG,HEMIPROP,HEROMOTOCO,HFCL,HINDALCO,HINDCOPPER,HINDPETRO,HINDUNILVR,HINDZINC,HLEGLAS,HOMEFIRST,HONAUT,HUDCO,ICICIBANK,ICICIGI,ICICIPRULI,ICIL,IDBI,IDEA,IDFC,IDFCFIRSTB,IEX,IFCI,IGL,IIFL,INDGN,INDHOTEL,INDIACEM,INDIAMART,INDIANB,INDIGO,INDOCO,INDUSINDBK,INDUSTOWER,INFIBEAM,INFY,INOXINDIA,INOXLEISUR,INTELLECT,IOB,IOC,IPCALAB,IRB,IRCON,IRCTC,IREDA,IRFC,ITC,ITI,JAMNAAUTO,JBCHEPHARM,JINDALSAW,JINDALSTEL,JKCEMENT,JKLAKSHMI,JKTYRE,JMFINANCIL,JPPOWER,JSL,JSLHISAR,JSWDULUX,JSWENERGY,JSWSTEEL,JUBLFOOD,JUBLINGREA,JUBLPHARMA,JUSTDIAL,JYOTHYLAB,JYOTICNC,KAJARIACER,KALYANKJIL,KANSAINER,KARURVYSYA,KAYNES,KEC,KEI,KIMS,KIRLFER,KIRLOSBROS,KIRLOSENG,KNRCON,KOTAKBANK,KPIL,KPITTECH,KPRMILL,LALPATHLAB,LATENTVIEW,LAURUSLABS,LAXMIMACH,LICHSGFIN,LINDEINDIA,LODHA,LT,LTF,LTM,LTTS,LUPIN,LUXIND,M&M,M&MFIN,MAHABANK,MANAPPURAM,MAPMYINDIA,MARICO,MARUTI,MASTEK,MAXHEALTH,MAZDOCK,MCX,METROBRAND,METROPOLIS,MFSL,MGL,MINDACORP,MINDTREE,MMTC,MOIL,MOTILALOFS,MPHASIS,MRF,MRPL,MUTHOOTFIN,NAM-INDIA,NATCOPHARM,NATIONALUM,NAUKRI,NAVINFLUOR,NAZARA,NBCC,NCC,NESCO,NESTLEIND,NETWEB,NETWORK18,NEWGEN,NH,NHPC,NIACL,NLCINDIA,NMDC,NTPC,NUVOCO,NYKAA,OBEROIRLTY,OFSS,OIL,ONGC,ORIENTELEC,PAGEIND,PAYTM,PCBL,PEL,PERSISTENT,PETRONET,PFC,PFIZER,PGHH,PGHL,PHOENIXLTD,PIDILITIND,PIIND,PNB,PNBHOUSING,PNCINFRA,POLICYBZR,POLYCAB,POLYMED,POLYPLEX,POONAWALLA,POWERGRID,POWERINDIA,PRAJIND,PRESTIGE,PRIVISCL,PTCIL,PVRINOX,QUESS,RADICO,RAILTEL,RAIN,RAJESHEXPO,RALLIS,RAMCOCEM,RATNAMANI,RAYMONDLSL,RBLBANK,RCF,RECLTD,REDINGTON,RELAXO,RELIANCE,RENUKA,RHIM,RITES,ROSSARI,ROUTE,RTNINDIA,RVNL,SAIL,SAMMAANCAP,SANOFI,SAPPHIRE,SAREGAMA,SBICARD,SBILIFE,SBIN,SCHAEFFLER,SCI,SEQUENT,SFL,SHILPAMED,SHREECEM,SHRIRAMCIT,SHRIRAMFIN,SHYAMMETL,SIEMENS,SIS,SJVN,SKFINDIA,SOBHA,SOLARA,SOLARINDS,SONACOMS,SONATSOFTW,SPARC,SPICEJET,SRF,STAR,STARHEALTH,SUDARSCHEM,SUMICHEM,SUNDARMFIN,SUNDRMFAST,SUNPHARMA,SUNTV,SUPPETRO,SUPRAJIT,SUPREMEIND,SUZLON,SWANCORP,SWSOLAR,SYMPHONY,SYNGENE,SYRMA,TANLA,TATACHEM,TATACOFFEE,TATACOMM,TATACONSUM,TATAELXSI,TATAINVEST,TATAMTRDVR,TATAPOWER,TATASTEEL,TATASTLLP,TBOTEK,TCS,TEAMLEASE,TECHM,TECHNOE,THERMAX,THYROCARE,TIINDIA,TIMKEN,TITAN,TMPV,TORNTPHARM,TORNTPOWER,TRENT,TRIDENT,TRITURBINE,TTKPRESTIG,TTML,TV18BRDCST,TVSMOTOR,UBL,UCOBANK,UJJIVANSFB,ULTRACEMCO,UNIONBANK,UNITDSPR,UNOMINDA,UPL,USHAMART,UTIAMC,VAKRANGEE,VARROC,VBL,VEDL,VENKEYS,VGUARD,VIJAYA,VINATIORGA,VIPIND,VMART,VOLTAS,VTL,WELCORP,WELSPUNLIV,WESTLIFE,WHIRLPOOL,WIPRO,WOCKPHARMA,YESBANK,ZEEL,ZENSARTECH,ZFCVINDIA,ZYDUSLIFE,ZYDUSWELL"
2017-09-30,"360ONE,3MINDIA,AADHARHFC,AARTIDRUGS,AARTIIND,AAVAS,ABB,ABBOTINDIA,ABCAPITAL,ABFRL,ABREL,ABSLAMC,ACC,ADANIENSOL,ADANIENT,ADANIGREEN,ADANIPORTS,ADVENZYMES,AEGISLOG,AFFLE,AIAENG,AJANTPHARM,ALKEM,ALKYLAMINE,ALLCARGO,ALOKINDS,AMBER,AMBUJACEM,ANANTRAJ,ANGELONE,APLAPOLLO,APLLTD,APOLLOHOSP,APOLLOTYRE,APTUS,ARE&M,ASAHIINDIA,ASHOKLEY,ASIANPAINT,ASTERDM,ASTRAL,ASTRAZEN,ATGL,ATUL,AUBANK,AUROPHARMA,AVANTIFEED,AXISBANK,BAJAJ-AUTO,BAJAJELEC,BAJAJFINSV,BAJAJHLDNG,BAJFINANCE,BALAMINES,BALKRISIND,BALRAMCHIN,BANDHANBNK,BANKBARODA,BANKINDIA,BASF,BATAINDIA,BAYERCROP,BBTC,BCG,BDL,BEL,BEML,BERGEPAINT,BHARATFORG,BHARTIARTL,BHARTIHEXA,BHEL,BIOCON,BIRLACORPN,BLUEDART,BLUESTARCO,BOSCHLTD,BPCL,BRIGADE,BRITANNIA,BSE,BSOFT,CAMS,CANBK,CANFINHOME,CAPLIPOINT,CARBORUNIV,CASTROLIND,CCL,CDSL,CEATLTD,CENTRALBK,CENTURYPLY,CERA,CESC,CGPOWER,CHALET,CHAMBLFERT,CHEMPLASTS,CHOLAFIN,CHOLAHLDNG,CIEINDIA,CIPLA,CLEAN,COALINDIA,COCHINSHIP,COFORGE,COHANCE,COLPAL,CONCOR,COROMANDEL,CREDITACC,CRISIL,CROMPTON,CUB,CUMMINSIND,CYIENT,DABUR,DALBHARAT,DBL,DBREALTY,DEEPAKNTR,DELTACORP,DEVYANI,DHANI,DIVISLAB,DIXON,DLF,DMART,DRREDDY,DUMMYHEG,EASEMYTRIP,ECLERX,EDELWEISS,EICHERMOT,EIDPARRY,EIHOTEL,ELGIEQUIP,EMAMILTD,ENDURANCE,ENGINERSIN,EPIGRAL,EQUITAS,EQUITASBNK,ERIS,ESCORTS,ETERNAL,EXIDEIND,FACT,FEDERALBNK,FINCABLES,FINEORG,FINPIPE,FLUOROCHEM,FORTIS,FSL,GAEL,GAIL,GALAXYSURF,GESHIP,GICRE,GILLETTE,GLAND,GLAXO,GLENMARK,GLS,GMRAIRPORT,GNFC,GOCOLORS,GODFRYPHLP,GODIGIT,GODREJAGRO,GODREJCP,GODREJIND,GODREJPROP,GPIL,GPPL,GRANULES,GRAPHITE,GRASIM,GRINDWELL,GRINFRA,GSFC,GSPL,GUJALKALI,GUJGASLTD,GVT&D,HAL,HAPPSTMNDS,HATHWAY,HATSUN,HAVELLS,HBLENGINE,HCLTECH,HDFC,HDFCAMC,HDFCBANK,HDFCLIFE,HEG,HEMIPROP,HEROMOTOCO,HFCL,HINDALCO,HINDCOPPER,HINDPETRO,HINDUNILVR,HINDZINC,HLEGLAS,HOMEFIRST,HONAUT,HUDCO,ICICIBANK,ICICIGI,ICICIPRULI,ICIL,IDBI,IDEA,IDFC,IDFCFIRSTB,IEX,IFCI,IGL,IIFL,INDGN,INDHOTEL,INDIACEM,INDIAMART,INDIANB,INDIGO,INDOCO,INDUSINDBK,INDUSTOWER,INFIBEAM,INFY,INOXINDIA,INOXLEISUR,INTELLECT,IOB,IOC,IPCALAB,IRB,IRCON,IRCTC,IREDA,IRFC,ITC,ITI,JAMNAAUTO,JBCHEPHARM,JINDALSAW,JINDALSTEL,JKCEMENT,JKLAKSHMI,JKTYRE,JMFINANCIL,JPPOWER,JSL,JSLHISAR,JSWDULUX,JSWENERGY,JSWSTEEL,JUBLFOOD,JUBLINGREA,JUBLPHARMA,JUSTDIAL,JYOTHYLAB,JYOTICNC,KAJARIACER,KALYANKJIL,KANSAINER,KARURVYSYA,KAYNES,KEC,KEI,KIMS,KIRLFER,KIRLOSBROS,KIRLOSENG,KNRCON,KOTAKBANK,KPIL,KPITTECH,KPRMILL,LALPATHLAB,LATENTVIEW,LAURUSLABS,LAXMIMACH,LICHSGFIN,LINDEINDIA,LODHA,LT,LTF,LTM,LTTS,LUPIN,LUXIND,M&M,M&MFIN,MAHABANK,MANAPPURAM,MAPMYINDIA,MARICO,MARUTI,MASTEK,MAXHEALTH,MAZDOCK,MCX,METROBRAND,METROPOLIS,MFSL,MGL,MINDACORP,MINDTREE,MMTC,MOIL,MOTILALOFS,MPHASIS,MRF,MRPL,MUTHOOTFIN,NAM-INDIA,NATCOPHARM,NATIONALUM,NAUKRI,NAVINFLUOR,NAZARA,NBCC,NCC,NESCO,NESTLEIND,NETWEB,NETWORK18,NEWGEN,NH,NHPC,NIACL,NLCINDIA,NMDC,NTPC,NUVOCO,NYKAA,OBEROIRLTY,OFSS,OIL,ONGC,ORIENTELEC,PAGEIND,PAYTM,PCBL,PEL,PERSISTENT,PETRONET,PFC,PFIZER,PGHH,PGHL,PHOENIXLTD,PIDILITIND,PIIND,PNB,PNBHOUSING,PNCINFRA,POLICYBZR,POLYCAB,POLYMED,POLYPLEX,POONAWALLA,POWERGRID,POWERINDIA,PRAJIND,PRESTIGE,PRIVISCL,PTCIL,PVRINOX,QUESS,RADICO,RAILTEL,RAIN,RAJESHEXPO,RALLIS,RAMCOCEM,RATNAMANI,RAYMONDLSL,RBLBANK,RCF,RECLTD,REDINGTON,RELAXO,RELIANCE,RENUKA,RHIM,RITES,ROSSARI,ROUTE,RTNINDIA,RVNL,SAIL,SAMMAANCAP,SANOFI,SAPPHIRE,SAREGAMA,SBICARD,SBILIFE,SBIN,SCHAEFFLER,SCI,SEQUENT,SFL,SHILPAMED,SHREECEM,SHRIRAMCIT,SHRIRAMFIN,SHYAMMETL,SIEMENS,SIS,SJVN,SKFINDIA,SOBHA,SOLARA,SOLARINDS,SONACOMS,SONATSOFTW,SPARC,SPICEJET,SRF,STAR,STARHEALTH,SUDARSCHEM,SUMICHEM,SUNDARMFIN,SUNDRMFAST,SUNPHARMA,SUNTV,SUPPETRO,SUPRAJIT,SUPREMEIND,SUZLON,SWANCORP,SWSOLAR,SYMPHONY,SYNGENE,SYRMA,TANLA,TATACHEM,TATACOFFEE,TATACOMM,TATACONSUM,TATAELXSI,TATAINVEST,TATAMTRDVR,TATAPOWER,TATASTEEL,TATASTLLP,TBOTEK,TCS,TEAMLEASE,TECHM,TECHNOE,THERMAX,THYROCARE,TIINDIA,TIMKEN,TITAN,TMPV,TORNTPHARM,TORNTPOWER,TRENT,TRIDENT,TRITURBINE,TTKPRESTIG,TTML,TV18BRDCST,TVSMOTOR,UBL,UCOBANK,UJJIVANSFB,ULTRACEMCO,UNIONBANK,UNITDSPR,UNOMINDA,UPL,USHAMART,UTIAMC,VAKRANGEE,VARROC,VBL,VEDL,VENKEYS,VGUARD,VIJAYA,VINATIORGA,VIPIND,VMART,VOLTAS,VTL,WELCORP,WELSPUNLIV,WESTLIFE,WHIRLPOOL,WIPRO,WOCKPHARMA,YESBANK,ZEEL,ZENSARTECH,ZFCVINDIA,ZYDUSLIFE,ZYDUSWELL"
2017-10-31,"360ONE,3MINDIA,AADHARHFC,AARTIDRUGS,AARTIIND,AAVAS,ABB,ABBOTINDIA,ABCAPITAL,ABFRL,ABREL,ABSLAMC,ACC,ADANIENSOL,ADANIENT,ADANIGREEN,ADANIPORTS,ADVENZYMES,AEGISLOG,AFFLE,AIAENG,AJANTPHARM,ALKEM,ALKYLAMINE,ALLCARGO,ALOKINDS,AMBER,AMBUJACEM,ANANTRAJ,ANGELONE,APLAPOLLO,APLLTD,APOLLOHOSP,APOLLOTYRE,APTUS,ARE&M,ASAHIINDIA,ASHOKLEY,ASIANPAINT,ASTERDM,ASTRAL,ASTRAZEN,ATGL,ATUL,AUBANK,AUROPHARMA,AVANTIFEED,AXISBANK,BAJAJ-AUTO,BAJAJELEC,BAJAJFINSV,BAJAJHLDNG,BAJFINANCE,BALAMINES,BALKRISIND,BALRAMCHIN,BANDHANBNK,BANKBARODA,BANKINDIA,BASF,BATAINDIA,BAYERCROP,BBTC,BCG,BDL,BEL,BEML,BERGEPAINT,BHARATFORG,BHARTIARTL,BHARTIHEXA,BHEL,BIOCON,BIRLACORPN,BLUEDART,BLUESTARCO,BOSCHLTD,BPCL,BRIGADE,BRITANNIA,BSE,BSOFT,CAMS,CANBK,CANFINHOME,CAPLIPOINT,CARBORUNIV,CASTROLIND,CCL,CDSL,CEATLTD,CENTRALBK,CENTURYPLY,CERA,CESC,CGPOWER,CHALET,CHAMBLFERT,CHEMPLASTS,CHOLAFIN,CHOLAHLDNG,CIEINDIA,CIPLA,CLEAN,COALINDIA,COCHINSHIP,COFORGE,COHANCE,COLPAL,CONCOR,COROMANDEL,CREDITACC,CRISIL,CROMPTON,CUB,CUMMINSIND,CYIENT,DABUR,DALBHARAT,DBL,DBREALTY,DEEPAKNTR,DELTACORP,DEVYANI,DHANI,DIVISLAB,DIXON,DLF,DMART,DRREDDY,DUMMYHEG,EASEMYTRIP,ECLERX,EDELWEISS,EICHERMOT,EIDPARRY,EIHOTEL,ELGIEQUIP,EMAMILTD,ENDURANCE,ENGINERSIN,EPIGRAL,EQUITAS,EQUITASBNK,ERIS,ESCORTS,ETERNAL,EXIDEIND,FACT,FEDERALBNK,FINCABLES,FINEORG,FINPIPE,FLUOROCHEM,FORTIS,FSL,GAEL,GAIL,GALAXYSURF,GESHIP,GICRE,GILLETTE,GLAND,GLAXO,GLENMARK,GLS,GMRAIRPORT,GNFC,GOCOLORS,GODFRYPHLP,GODIGIT,GODREJAGRO,GODREJCP,GODREJIND,GODREJPROP,GPIL,GPPL,GRANULES,GRAPHITE,GRASIM,GRINDWELL,GRINFRA,GSFC,GSPL,GUJALKALI,GUJGASLTD,GVT&D,HAL,HAPPSTMNDS,HATHWAY,HATSUN,HAVELLS,HBLENGINE,HCLTECH,HDFC,HDFCAMC,HDFCBANK,HDFCLIFE,HEG,HEMIPROP,HEROMOTOCO,HFCL,HINDALCO,HINDCOPPER,HINDPETRO,HINDUNILVR,HINDZINC,HLEGLAS,HOMEFIRST,HONAUT,HUDCO,ICICIBANK,ICICIGI,ICICIPRULI,ICIL,IDBI,IDEA,IDFC,IDFCFIRSTB,IEX,IFCI,IGL,IIFL,INDGN,INDHOTEL,INDIACEM,INDIAMART,INDIANB,INDIGO,INDOCO,INDUSINDBK,INDUSTOWER,INFIBEAM,INFY,INOXINDIA,INOXLEISUR,INTELLECT,IOB,IOC,IPCALAB,IRB,IRCON,IRCTC,IREDA,IRFC,ITC,ITI,JAMNAAUTO,JBCHEPHARM,JINDALSAW,JINDALSTEL,JKCEMENT,JKLAKSHMI,JKTYRE,JMFINANCIL,JPPOWER,JSL,JSLHISAR,JSWDULUX,JSWENERGY,JSWSTEEL,JUBLFOOD,JUBLINGREA,JUBLPHARMA,JUSTDIAL,JYOTHYLAB,JYOTICNC,KAJARIACER,KALYANKJIL,KANSAINER,KARURVYSYA,KAYNES,KEC,KEI,KIMS,KIRLFER,KIRLOSBROS,KIRLOSENG,KNRCON,KOTAKBANK,KPIL,KPITTECH,KPRMILL,LALPATHLAB,LATENTVIEW,LAURUSLABS,LAXMIMACH,LICHSGFIN,LINDEINDIA,LODHA,LT,LTF,LTM,LTTS,LUPIN,LUXIND,M&M,M&MFIN,MAHABANK,MANAPPURAM,MAPMYINDIA,MARICO,MARUTI,MASTEK,MAXHEALTH,MAZDOCK,MCX,METROBRAND,METROPOLIS,MFSL,MGL,MINDACORP,MINDTREE,MMTC,MOIL,MOTILALOFS,MPHASIS,MRF,MRPL,MUTHOOTFIN,NAM-INDIA,NATCOPHARM,NATIONALUM,NAUKRI,NAVINFLUOR,NAZARA,NBCC,NCC,NESCO,NESTLEIND,NETWEB,NETWORK18,NEWGEN,NH,NHPC,NIACL,NLCINDIA,NMDC,NTPC,NUVOCO,NYKAA,OBEROIRLTY,OFSS,OIL,ONGC,ORIENTELEC,PAGEIND,PAYTM,PCBL,PEL,PERSISTENT,PETRONET,PFC,PFIZER,PGHH,PGHL,PHOENIXLTD,PIDILITIND,PIIND,PNB,PNBHOUSING,PNCINFRA,POLICYBZR,POLYCAB,POLYMED,POLYPLEX,POONAWALLA,POWERGRID,POWERINDIA,PRAJIND,PRESTIGE,PRIVISCL,PTCIL,PVRINOX,QUESS,RADICO,RAILTEL,RAIN,RAJESHEXPO,RALLIS,RAMCOCEM,RATNAMANI,RAYMONDLSL,RBLBANK,RCF,RECLTD,REDINGTON,RELAXO,RELIANCE,RENUKA,RHIM,RITES,ROSSARI,ROUTE,RTNINDIA,RVNL,SAIL,SAMMAANCAP,SANOFI,SAPPHIRE,SAREGAMA,SBICARD,SBILIFE,SBIN,SCHAEFFLER,SCI,SEQUENT,SFL,SHILPAMED,SHREECEM,SHRIRAMCIT,SHRIRAMFIN,SHYAMMETL,SIEMENS,SIS,SJVN,SKFINDIA,SOBHA,SOLARA,SOLARINDS,SONACOMS,SONATSOFTW,SPARC,SPICEJET,SRF,STAR,STARHEALTH,SUDARSCHEM,SUMICHEM,SUNDARMFIN,SUNDRMFAST,SUNPHARMA,SUNTV,SUPPETRO,SUPRAJIT,SUPREMEIND,SUZLON,SWANCORP,SWSOLAR,SYMPHONY,SYNGENE,SYRMA,TANLA,TATACHEM,TATACOFFEE,TATACOMM,TATACONSUM,TATAELXSI,TATAINVEST,TATAMTRDVR,TATAPOWER,TATASTEEL,TATASTLLP,TBOTEK,TCS,TEAMLEASE,TECHM,TECHNOE,THERMAX,THYROCARE,TIINDIA,TIMKEN,TITAN,TMPV,TORNTPHARM,TORNTPOWER,TRENT,TRIDENT,TRITURBINE,TTKPRESTIG,TTML,TV18BRDCST,TVSMOTOR,UBL,UCOBANK,UJJIVANSFB,ULTRACEMCO,UNIONBANK,UNITDSPR,UNOMINDA,UPL,USHAMART,UTIAMC,VAKRANGEE,VARROC,VBL,VEDL,VENKEYS,VGUARD,VIJAYA,VINATIORGA,VIPIND,VMART,VOLTAS,VTL,WELCORP,WELSPUNLIV,WESTLIFE,WHIRLPOOL,WIPRO,WOCKPHARMA,YESBANK,ZEEL,ZENSARTECH,ZFCVINDIA,ZYDUSLIFE,ZYDUSWELL"
2017-11-30,"360ONE,3MINDIA,AADHARHFC,AARTIDRUGS,AARTIIND,AAVAS,ABB,ABBOTINDIA,ABCAPITAL,ABFRL,ABREL,ABSLAMC,ACC,ADANIENSOL,ADANIENT,ADANIGREEN,ADANIPORTS,ADVENZYMES,AEGISLOG,AFFLE,AIAENG,AJANTPHARM,ALKEM,ALKYLAMINE,ALLCARGO,ALOKINDS,AMBER,AMBUJACEM,ANANTRAJ,ANGELONE,APLAPOLLO,APLLTD,APOLLOHOSP,APOLLOTYRE,APTUS,ARE&M,ASAHIINDIA,ASHOKLEY,ASIANPAINT,ASTERDM,ASTRAL,ASTRAZEN,ATGL,ATUL,AUBANK,AUROPHARMA,AVANTIFEED,AXISBANK,BAJAJ-AUTO,BAJAJELEC,BAJAJFINSV,BAJAJHLDNG,BAJFINANCE,BALAMINES,BALKRISIND,BALRAMCHIN,BANDHANBNK,BANKBARODA,BANKINDIA,BASF,BATAINDIA,BAYERCROP,BBTC,BCG,BDL,BEL,BEML,BERGEPAINT,BHARATFORG,BHARTIARTL,BHARTIHEXA,BHEL,BIOCON,BIRLACORPN,BLUEDART,BLUESTARCO,BOSCHLTD,BPCL,BRIGADE,BRITANNIA,BSE,BSOFT,CAMS,CANBK,CANFINHOME,CAPLIPOINT,CARBORUNIV,CASTROLIND,CCL,CDSL,CEATLTD,CENTRALBK,CENTURYPLY,CERA,CESC,CGPOWER,CHALET,CHAMBLFERT,CHEMPLASTS,CHOLAFIN,CHOLAHLDNG,CIEINDIA,CIPLA,CLEAN,COALINDIA,COCHINSHIP,COFORGE,COHANCE,COLPAL,CONCOR,COROMANDEL,CREDITACC,CRISIL,CROMPTON,CUB,CUMMINSIND,CYIENT,DABUR,DALBHARAT,DBL,DBREALTY,DEEPAKNTR,DELTACORP,DEVYANI,DHANI,DIVISLAB,DIXON,DLF,DMART,DRREDDY,DUMMYHEG,EASEMYTRIP,ECLERX,EDELWEISS,EICHERMOT,EIDPARRY,EIHOTEL,ELGIEQUIP,EMAMILTD,ENDURANCE,ENGINERSIN,EPIGRAL,EQUITAS,EQUITASBNK,ERIS,ESCORTS,ETERNAL,EXIDEIND,FACT,FEDERALBNK,FINCABLES,FINEORG,FINPIPE,FLUOROCHEM,FORTIS,FSL,GAEL,GAIL,GALAXYSURF,GESHIP,GICRE,GILLETTE,GLAND,GLAXO,GLENMARK,GLS,GMRAIRPORT,GNFC,GOCOLORS,GODFRYPHLP,GODIGIT,GODREJAGRO,GODREJCP,GODREJIND,GODREJPROP,GPIL,GPPL,GRANULES,GRAPHITE,GRASIM,GRINDWELL,GRINFRA,GSFC,GSPL,GUJALKALI,GUJGASLTD,GVT&D,HAL,HAPPSTMNDS,HATHWAY,HATSUN,HAVELLS,HBLENGINE,HCLTECH,HDFC,HDFCAMC,HDFCBANK,HDFCLIFE,HEG,HEMIPROP,HEROMOTOCO,HFCL,HINDALCO,HINDCOPPER,HINDPETRO,HINDUNILVR,HINDZINC,HLEGLAS,HOMEFIRST,HONAUT,HUDCO,ICICIBANK,ICICIGI,ICICIPRULI,ICIL,IDBI,IDEA,IDFC,IDFCFIRSTB,IEX,IFCI,IGL,IIFL,INDGN,INDHOTEL,INDIACEM,INDIAMART,INDIANB,INDIGO,INDOCO,INDUSINDBK,INDUSTOWER,INFIBEAM,INFY,INOXINDIA,INOXLEISUR,INTELLECT,IOB,IOC,IPCALAB,IRB,IRCON,IRCTC,IREDA,IRFC,ITC,ITI,JAMNAAUTO,JBCHEPHARM,JINDALSAW,JINDALSTEL,JKCEMENT,JKLAKSHMI,JKTYRE,JMFINANCIL,JPPOWER,JSL,JSLHISAR,JSWDULUX,JSWENERGY,JSWSTEEL,JUBLFOOD,JUBLINGREA,JUBLPHARMA,JUSTDIAL,JYOTHYLAB,JYOTICNC,KAJARIACER,KALYANKJIL,KANSAINER,KARURVYSYA,KAYNES,KEC,KEI,KIMS,KIRLFER,KIRLOSBROS,KIRLOSENG,KNRCON,KOTAKBANK,KPIL,KPITTECH,KPRMILL,LALPATHLAB,LATENTVIEW,LAURUSLABS,LAXMIMACH,LICHSGFIN,LINDEINDIA,LODHA,LT,LTF,LTM,LTTS,LUPIN,LUXIND,M&M,M&MFIN,MAHABANK,MANAPPURAM,MAPMYINDIA,MARICO,MARUTI,MASTEK,MAXHEALTH,MAZDOCK,MCX,METROBRAND,METROPOLIS,MFSL,MGL,MINDACORP,MINDTREE,MMTC,MOIL,MOTILALOFS,MPHASIS,MRF,MRPL,MUTHOOTFIN,NAM-INDIA,NATCOPHARM,NATIONALUM,NAUKRI,NAVINFLUOR,NAZARA,NBCC,NCC,NESCO,NESTLEIND,NETWEB,NETWORK18,NEWGEN,NH,NHPC,NIACL,NLCINDIA,NMDC,NTPC,NUVOCO,NYKAA,OBEROIRLTY,OFSS,OIL,ONGC,ORIENTELEC,PAGEIND,PAYTM,PCBL,PEL,PERSISTENT,PETRONET,PFC,PFIZER,PGHH,PGHL,PHOENIXLTD,PIDILITIND,PIIND,PNB,PNBHOUSING,PNCINFRA,POLICYBZR,POLYCAB,POLYMED,POLYPLEX,POONAWALLA,POWERGRID,POWERINDIA,PRAJIND,PRESTIGE,PRIVISCL,PTCIL,PVRINOX,QUESS,RADICO,RAILTEL,RAIN,RAJESHEXPO,RALLIS,RAMCOCEM,RATNAMANI,RAYMONDLSL,RBLBANK,RCF,RECLTD,REDINGTON,RELAXO,RELIANCE,RENUKA,RHIM,RITES,ROSSARI,ROUTE,RTNINDIA,RVNL,SAIL,SAMMAANCAP,SANOFI,SAPPHIRE,SAREGAMA,SBICARD,SBILIFE,SBIN,SCHAEFFLER,SCI,SEQUENT,SFL,SHILPAMED,SHREECEM,SHRIRAMCIT,SHRIRAMFIN,SHYAMMETL,SIEMENS,SIS,SJVN,SKFINDIA,SOBHA,SOLARA,SOLARINDS,SONACOMS,SONATSOFTW,SPARC,SPICEJET,SRF,STAR,STARHEALTH,SUDARSCHEM,SUMICHEM,SUNDARMFIN,SUNDRMFAST,SUNPHARMA,SUNTV,SUPPETRO,SUPRAJIT,SUPREMEIND,SUZLON,SWANCORP,SWSOLAR,SYMPHONY,SYNGENE,SYRMA,TANLA,TATACHEM,TATACOFFEE,TATACOMM,TATACONSUM,TATAELXSI,TATAINVEST,TATAMTRDVR,TATAPOWER,TATASTEEL,TATASTLLP,TBOTEK,TCS,TEAMLEASE,TECHM,TECHNOE,THERMAX,THYROCARE,TIINDIA,TIMKEN,TITAN,TMPV,TORNTPHARM,TORNTPOWER,TRENT,TRIDENT,TRITURBINE,TTKPRESTIG,TTML,TV18BRDCST,TVSMOTOR,UBL,UCOBANK,UJJIVANSFB,ULTRACEMCO,UNIONBANK,UNITDSPR,UNOMINDA,UPL,USHAMART,UTIAMC,VAKRANGEE,VARROC,VBL,VEDL,VENKEYS,VGUARD,VIJAYA,VINATIORGA,VIPIND,VMART,VOLTAS,VTL,WELCORP,WELSPUNLIV,WESTLIFE,WHIRLPOOL,WIPRO,WOCKPHARMA,YESBANK,ZEEL,ZENSARTECH,ZFCVINDIA,ZYDUSLIFE,ZYDUSWELL"
2017-12-31,"360ONE,3MINDIA,AADHARHFC,AARTIDRUGS,AARTIIND,AAVAS,ABB,ABBOTINDIA,ABCAPITAL,ABFRL,ABREL,ABSLAMC,ACC,ADANIENSOL,ADANIENT,ADANIGREEN,ADANIPORTS,ADVENZYMES,AEGISLOG,AFFLE,AIAENG,AJANTPHARM,ALKEM,ALKYLAMINE,ALLCARGO,ALOKINDS,AMBER,AMBUJACEM,ANANTRAJ,ANGELONE,APLAPOLLO,APLLTD,APOLLOHOSP,APOLLOTYRE,APTUS,ARE&M,ASAHIINDIA,ASHOKLEY,ASIANPAINT,ASTERDM,ASTRAL,ASTRAZEN,ATGL,ATUL,AUBANK,AUROPHARMA,AVANTIFEED,AXISBANK,BAJAJ-AUTO,BAJAJELEC,BAJAJFINSV,BAJAJHLDNG,BAJFINANCE,BALAMINES,BALKRISIND,BALRAMCHIN,BANDHANBNK,BANKBARODA,BANKINDIA,BASF,BATAINDIA,BAYERCROP,BBTC,BCG,BDL,BEL,BEML,BERGEPAINT,BHARATFORG,BHARTIARTL,BHARTIHEXA,BHEL,BIOCON,BIRLACORPN,BLUEDART,BLUESTARCO,BOSCHLTD,BPCL,BRIGADE,BRITANNIA,BSE,BSOFT,CAMS,CANBK,CANFINHOME,CAPLIPOINT,CARBORUNIV,CASTROLIND,CCL,CDSL,CEATLTD,CENTRALBK,CENTURYPLY,CERA,CESC,CGPOWER,CHALET,CHAMBLFERT,CHEMPLASTS,CHOLAFIN,CHOLAHLDNG,CIEINDIA,CIPLA,CLEAN,COALINDIA,COCHINSHIP,COFORGE,COHANCE,COLPAL,CONCOR,COROMANDEL,CREDITACC,CRISIL,CROMPTON,CUB,CUMMINSIND,CYIENT,DABUR,DALBHARAT,DBL,DBREALTY,DEEPAKNTR,DELTACORP,DEVYANI,DHANI,DIVISLAB,DIXON,DLF,DMART,DRREDDY,DUMMYHEG,EASEMYTRIP,ECLERX,EDELWEISS,EICHERMOT,EIDPARRY,EIHOTEL,ELGIEQUIP,EMAMILTD,ENDURANCE,ENGINERSIN,EPIGRAL,EQUITAS,EQUITASBNK,ERIS,ESCORTS,ETERNAL,EXIDEIND,FACT,FEDERALBNK,FINCABLES,FINEORG,FINPIPE,FLUOROCHEM,FORTIS,FSL,GAEL,GAIL,GALAXYSURF,GESHIP,GICRE,GILLETTE,GLAND,GLAXO,GLENMARK,GLS,GMRAIRPORT,GNFC,GOCOLORS,GODFRYPHLP,GODIGIT,GODREJAGRO,GODREJCP,GODREJIND,GODREJPROP,GPIL,GPPL,GRANULES,GRAPHITE,GRASIM,GRINDWELL,GRINFRA,GSFC,GSPL,GUJALKALI,GUJGASLTD,GVT&D,HAL,HAPPSTMNDS,HATHWAY,HATSUN,HAVELLS,HBLENGINE,HCLTECH,HDFC,HDFCAMC,HDFCBANK,HDFCLIFE,HEG,HEMIPROP,HEROMOTOCO,HFCL,HINDALCO,HINDCOPPER,HINDPETRO,HINDUNILVR,HINDZINC,HLEGLAS,HOMEFIRST,HONAUT,HUDCO,ICICIBANK,ICICIGI,ICICIPRULI,ICIL,IDBI,IDEA,IDFC,IDFCFIRSTB,IEX,IFCI,IGL,IIFL,INDGN,INDHOTEL,INDIACEM,INDIAMART,INDIANB,INDIGO,INDOCO,INDUSINDBK,INDUSTOWER,INFIBEAM,INFY,INOXINDIA,INOXLEISUR,INTELLECT,IOB,IOC,IPCALAB,IRB,IRCON,IRCTC,IREDA,IRFC,ITC,ITI,JAMNAAUTO,JBCHEPHARM,JINDALSAW,JINDALSTEL,JKCEMENT,JKLAKSHMI,JKTYRE,JMFINANCIL,JPPOWER,JSL,JSLHISAR,JSWDULUX,JSWENERGY,JSWSTEEL,JUBLFOOD,JUBLINGREA,JUBLPHARMA,JUSTDIAL,JYOTHYLAB,JYOTICNC,KAJARIACER,KALYANKJIL,KANSAINER,KARURVYSYA,KAYNES,KEC,KEI,KIMS,KIRLFER,KIRLOSBROS,KIRLOSENG,KNRCON,KOTAKBANK,KPIL,KPITTECH,KPRMILL,LALPATHLAB,LATENTVIEW,LAURUSLABS,LAXMIMACH,LICHSGFIN,LINDEINDIA,LODHA,LT,LTF,LTM,LTTS,LUPIN,LUXIND,M&M,M&MFIN,MAHABANK,MANAPPURAM,MAPMYINDIA,MARICO,MARUTI,MASTEK,MAXHEALTH,MAZDOCK,MCX,METROBRAND,METROPOLIS,MFSL,MGL,MINDACORP,MINDTREE,MMTC,MOIL,MOTILALOFS,MPHASIS,MRF,MRPL,MUTHOOTFIN,NAM-INDIA,NATCOPHARM,NATIONALUM,NAUKRI,NAVINFLUOR,NAZARA,NBCC,NCC,NESCO,NESTLEIND,NETWEB,NETWORK18,NEWGEN,NH,NHPC,NIACL,NLCINDIA,NMDC,NTPC,NUVOCO,NYKAA,OBEROIRLTY,OFSS,OIL,ONGC,ORIENTELEC,PAGEIND,PAYTM,PCBL,PEL,PERSISTENT,PETRONET,PFC,PFIZER,PGHH,PGHL,PHOENIXLTD,PIDILITIND,PIIND,PNB,PNBHOUSING,PNCINFRA,POLICYBZR,POLYCAB,POLYMED,POLYPLEX,POONAWALLA,POWERGRID,POWERINDIA,PRAJIND,PRESTIGE,PRIVISCL,PTCIL,PVRINOX,QUESS,RADICO,RAILTEL,RAIN,RAJESHEXPO,RALLIS,RAMCOCEM,RATNAMANI,RAYMONDLSL,RBLBANK,RCF,RECLTD,REDINGTON,RELAXO,RELIANCE,RENUKA,RHIM,RITES,ROSSARI,ROUTE,RTNINDIA,RVNL,SAIL,SAMMAANCAP,SANOFI,SAPPHIRE,SAREGAMA,SBICARD,SBILIFE,SBIN,SCHAEFFLER,SCI,SEQUENT,SFL,SHILPAMED,SHREECEM,SHRIRAMCIT,SHRIRAMFIN,SHYAMMETL,SIEMENS,SIS,SJVN,SKFINDIA,SOBHA,SOLARA,SOLARINDS,SONACOMS,SONATSOFTW,SPARC,SPICEJET,SRF,STAR,STARHEALTH,SUDARSCHEM,SUMICHEM,SUNDARMFIN,SUNDRMFAST,SUNPHARMA,SUNTV,SUPPETRO,SUPRAJIT,SUPREMEIND,SUZLON,SWANCORP,SWSOLAR,SYMPHONY,SYNGENE,SYRMA,TANLA,TATACHEM,TATACOFFEE,TATACOMM,TATACONSUM,TATAELXSI,TATAINVEST,TATAMTRDVR,TATAPOWER,TATASTEEL,TATASTLLP,TBOTEK,TCS,TEAMLEASE,TECHM,TECHNOE,THERMAX,THYROCARE,TIINDIA,TIMKEN,TITAN,TMPV,TORNTPHARM,TORNTPOWER,TRENT,TRIDENT,TRITURBINE,TTKPRESTIG,TTML,TV18BRDCST,TVSMOTOR,UBL,UCOBANK,UJJIVANSFB,ULTRACEMCO,UNIONBANK,UNITDSPR,UNOMINDA,UPL,USHAMART,UTIAMC,VAKRANGEE,VARROC,VBL,VEDL,VENKEYS,VGUARD,VIJAYA,VINATIORGA,VIPIND,VMART,VOLTAS,VTL,WELCORP,WELSPUNLIV,WESTLIFE,WHIRLPOOL,WIPRO,WOCKPHARMA,YESBANK,ZEEL,ZENSARTECH,ZFCVINDIA,ZYDUSLIFE,ZYDUSWELL"
2018-01-31,"360ONE,3MINDIA,AADHARHFC,AARTIDRUGS,AARTIIND,AAVAS,ABB,ABBOTINDIA,ABCAPITAL,ABFRL,ABREL,ABSLAMC,ACC,ADANIENSOL,ADANIENT,ADANIGREEN,ADANIPORTS,ADVENZYMES,AEGISLOG,AFFLE,AIAENG,AJANTPHARM,ALKEM,ALKYLAMINE,ALLCARGO,ALOKINDS,AMBER,AMBUJACEM,ANANTRAJ,ANGELONE,APLAPOLLO,APLLTD,APOLLOHOSP,APOLLOTYRE,APTUS,ARE&M,ASAHIINDIA,ASHOKLEY,ASIANPAINT,ASTERDM,ASTRAL,ASTRAZEN,ATGL,ATUL,AUBANK,AUROPHARMA,AVANTIFEED,AXISBANK,BAJAJ-AUTO,BAJAJELEC,BAJAJFINSV,BAJAJHLDNG,BAJFINANCE,BALAMINES,BALKRISIND,BALRAMCHIN,BANDHANBNK,BANKBARODA,BANKINDIA,BASF,BATAINDIA,BAYERCROP,BBTC,BCG,BDL,BEL,BEML,BERGEPAINT,BHARATFORG,BHARTIARTL,BHARTIHEXA,BHEL,BIOCON,BIRLACORPN,BLUEDART,BLUESTARCO,BOSCHLTD,BPCL,BRIGADE,BRITANNIA,BSE,BSOFT,CAMS,CANBK,CANFINHOME,CAPLIPOINT,CARBORUNIV,CASTROLIND,CCL,CDSL,CEATLTD,CENTRALBK,CENTURYPLY,CERA,CESC,CGPOWER,CHALET,CHAMBLFERT,CHEMPLASTS,CHOLAFIN,CHOLAHLDNG,CIEINDIA,CIPLA,CLEAN,COALINDIA,COCHINSHIP,COFORGE,COHANCE,COLPAL,CONCOR,COROMANDEL,CREDITACC,CRISIL,CROMPTON,CUB,CUMMINSIND,CYIENT,DABUR,DALBHARAT,DBL,DBREALTY,DEEPAKNTR,DELTACORP,DEVYANI,DHANI,DIVISLAB,DIXON,DLF,DMART,DRREDDY,DUMMYHEG,EASEMYTRIP,ECLERX,EDELWEISS,EICHERMOT,EIDPARRY,EIHOTEL,ELGIEQUIP,EMAMILTD,ENDURANCE,ENGINERSIN,EPIGRAL,EQUITAS,EQUITASBNK,ERIS,ESCORTS,ETERNAL,EXIDEIND,FACT,FEDERALBNK,FINCABLES,FINEORG,FINPIPE,FLUOROCHEM,FORTIS,FSL,GAEL,GAIL,GALAXYSURF,GESHIP,GICRE,GILLETTE,GLAND,GLAXO,GLENMARK,GLS,GMRAIRPORT,GNFC,GOCOLORS,GODFRYPHLP,GODIGIT,GODREJAGRO,GODREJCP,GODREJIND,GODREJPROP,GPIL,GPPL,GRANULES,GRAPHITE,GRASIM,GRINDWELL,GRINFRA,GSFC,GSPL,GUJALKALI,GUJGASLTD,GVT&D,HAL,HAPPSTMNDS,HATHWAY,HATSUN,HAVELLS,HBLENGINE,HCLTECH,HDFC,HDFCAMC,HDFCBANK,HDFCLIFE,HEG,HEMIPROP,HEROMOTOCO,HFCL,HINDALCO,HINDCOPPER,HINDPETRO,HINDUNILVR,HINDZINC,HLEGLAS,HOMEFIRST,HONAUT,HUDCO,ICICIBANK,ICICIGI,ICICIPRULI,ICIL,IDBI,IDEA,IDFC,IDFCFIRSTB,IEX,IFCI,IGL,IIFL,INDGN,INDHOTEL,INDIACEM,INDIAMART,INDIANB,INDIGO,INDOCO,INDUSINDBK,INDUSTOWER,INFIBEAM,INFY,INOXINDIA,INOXLEISUR,INTELLECT,IOB,IOC,IPCALAB,IRB,IRCON,IRCTC,IREDA,IRFC,ITC,ITI,JAMNAAUTO,JBCHEPHARM,JINDALSAW,JINDALSTEL,JKCEMENT,JKLAKSHMI,JKTYRE,JMFINANCIL,JPPOWER,JSL,JSLHISAR,JSWDULUX,JSWENERGY,JSWSTEEL,JUBLFOOD,JUBLINGREA,JUBLPHARMA,JUSTDIAL,JYOTHYLAB,JYOTICNC,KAJARIACER,KALYANKJIL,KANSAINER,KARURVYSYA,KAYNES,KEC,KEI,KIMS,KIRLFER,KIRLOSBROS,KIRLOSENG,KNRCON,KOTAKBANK,KPIL,KPITTECH,KPRMILL,LALPATHLAB,LATENTVIEW,LAURUSLABS,LAXMIMACH,LICHSGFIN,LINDEINDIA,LODHA,LT,LTF,LTM,LTTS,LUPIN,LUXIND,M&M,M&MFIN,MAHABANK,MANAPPURAM,MAPMYINDIA,MARICO,MARUTI,MASTEK,MAXHEALTH,MAZDOCK,MCX,METROBRAND,METROPOLIS,MFSL,MGL,MINDACORP,MINDTREE,MMTC,MOIL,MOTILALOFS,MPHASIS,MRF,MRPL,MUTHOOTFIN,NAM-INDIA,NATCOPHARM,NATIONALUM,NAUKRI,NAVINFLUOR,NAZARA,NBCC,NCC,NESCO,NESTLEIND,NETWEB,NETWORK18,NEWGEN,NH,NHPC,NIACL,NLCINDIA,NMDC,NTPC,NUVOCO,NYKAA,OBEROIRLTY,OFSS,OIL,ONGC,ORIENTELEC,PAGEIND,PAYTM,PCBL,PEL,PERSISTENT,PETRONET,PFC,PFIZER,PGHH,PGHL,PHOENIXLTD,PIDILITIND,PIIND,PNB,PNBHOUSING,PNCINFRA,POLICYBZR,POLYCAB,POLYMED,POLYPLEX,POONAWALLA,POWERGRID,POWERINDIA,PRAJIND,PRESTIGE,PRIVISCL,PTCIL,PVRINOX,QUESS,RADICO,RAILTEL,RAIN,RAJESHEXPO,RALLIS,RAMCOCEM,RATNAMANI,RAYMONDLSL,RBLBANK,RCF,RECLTD,REDINGTON,RELAXO,RELIANCE,RENUKA,RHIM,RITES,ROSSARI,ROUTE,RTNINDIA,RVNL,SAIL,SAMMAANCAP,SANOFI,SAPPHIRE,SAREGAMA,SBICARD,SBILIFE,SBIN,SCHAEFFLER,SCI,SEQUENT,SFL,SHILPAMED,SHREECEM,SHRIRAMCIT,SHRIRAMFIN,SHYAMMETL,SIEMENS,SIS,SJVN,SKFINDIA,SOBHA,SOLARA,SOLARINDS,SONACOMS,SONATSOFTW,SPARC,SPICEJET,SRF,STAR,STARHEALTH,SUDARSCHEM,SUMICHEM,SUNDARMFIN,SUNDRMFAST,SUNPHARMA,SUNTV,SUPPETRO,SUPRAJIT,SUPREMEIND,SUZLON,SWANCORP,SWSOLAR,SYMPHONY,SYNGENE,SYRMA,TANLA,TATACHEM,TATACOFFEE,TATACOMM,TATACONSUM,TATAELXSI,TATAINVEST,TATAMTRDVR,TATAPOWER,TATASTEEL,TATASTLLP,TBOTEK,TCS,TEAMLEASE,TECHM,TECHNOE,THERMAX,THYROCARE,TIINDIA,TIMKEN,TITAN,TMPV,TORNTPHARM,TORNTPOWER,TRENT,TRIDENT,TRITURBINE,TTKPRESTIG,TTML,TV18BRDCST,TVSMOTOR,UBL,UCOBANK,UJJIVANSFB,ULTRACEMCO,UNIONBANK,UNITDSPR,UNOMINDA,UPL,USHAMART,UTIAMC,VAKRANGEE,VARROC,VBL,VEDL,VENKEYS,VGUARD,VIJAYA,VINATIORGA,VIPIND,VMART,VOLTAS,VTL,WELCORP,WELSPUNLIV,WESTLIFE,WHIRLPOOL,WIPRO,WOCKPHARMA,YESBANK,ZEEL,ZENSARTECH,ZFCVINDIA,ZYDUSLIFE,ZYDUSWELL"
2018-02-28,"360ONE,3MINDIA,AADHARHFC,AARTIDRUGS,AARTIIND,AAVAS,ABB,ABBOTINDIA,ABCAPITAL,ABFRL,ABREL,ABSLAMC,ACC,ADANIENSOL,ADANIENT,ADANIGREEN,ADANIPORTS,ADVENZYMES,AEGISLOG,AFFLE,AIAENG,AJANTPHARM,ALKEM,ALKYLAMINE,ALLCARGO,ALOKINDS,AMBER,AMBUJACEM,ANANTRAJ,ANGELONE,APLAPOLLO,APLLTD,APOLLOHOSP,APOLLOTYRE,APTUS,ARE&M,ASAHIINDIA,ASHOKLEY,ASIANPAINT,ASTERDM,ASTRAL,ASTRAZEN,ATGL,ATUL,AUBANK,AUROPHARMA,AVANTIFEED,AXISBANK,BAJAJ-AUTO,BAJAJELEC,BAJAJFINSV,BAJAJHLDNG,BAJFINANCE,BALAMINES,BALKRISIND,BALRAMCHIN,BANDHANBNK,BANKBARODA,BANKINDIA,BASF,BATAINDIA,BAYERCROP,BBTC,BCG,BDL,BEL,BEML,BERGEPAINT,BHARATFORG,BHARTIARTL,BHARTIHEXA,BHEL,BIOCON,BIRLACORPN,BLUEDART,BLUESTARCO,BOSCHLTD,BPCL,BRIGADE,BRITANNIA,BSE,BSOFT,CAMS,CANBK,CANFINHOME,CAPLIPOINT,CARBORUNIV,CASTROLIND,CCL,CDSL,CEATLTD,CENTRALBK,CENTURYPLY,CERA,CESC,CGPOWER,CHALET,CHAMBLFERT,CHEMPLASTS,CHOLAFIN,CHOLAHLDNG,CIEINDIA,CIPLA,CLEAN,COALINDIA,COCHINSHIP,COFORGE,COHANCE,COLPAL,CONCOR,COROMANDEL,CREDITACC,CRISIL,CROMPTON,CUB,CUMMINSIND,CYIENT,DABUR,DALBHARAT,DBL,DBREALTY,DEEPAKNTR,DELTACORP,DEVYANI,DHANI,DIVISLAB,DIXON,DLF,DMART,DRREDDY,DUMMYHEG,EASEMYTRIP,ECLERX,EDELWEISS,EICHERMOT,EIDPARRY,EIHOTEL,ELGIEQUIP,EMAMILTD,ENDURANCE,ENGINERSIN,EPIGRAL,EQUITAS,EQUITASBNK,ERIS,ESCORTS,ETERNAL,EXIDEIND,FACT,FEDERALBNK,FINCABLES,FINEORG,FINPIPE,FLUOROCHEM,FORTIS,FSL,GAEL,GAIL,GALAXYSURF,GESHIP,GICRE,GILLETTE,GLAND,GLAXO,GLENMARK,GLS,GMRAIRPORT,GNFC,GOCOLORS,GODFRYPHLP,GODIGIT,GODREJAGRO,GODREJCP,GODREJIND,GODREJPROP,GPIL,GPPL,GRANULES,GRAPHITE,GRASIM,GRINDWELL,GRINFRA,GSFC,GSPL,GUJALKALI,GUJGASLTD,GVT&D,HAL,HAPPSTMNDS,HATHWAY,HATSUN,HAVELLS,HBLENGINE,HCLTECH,HDFC,HDFCAMC,HDFCBANK,HDFCLIFE,HEG,HEMIPROP,HEROMOTOCO,HFCL,HINDALCO,HINDCOPPER,HINDPETRO,HINDUNILVR,HINDZINC,HLEGLAS,HOMEFIRST,HONAUT,HUDCO,ICICIBANK,ICICIGI,ICICIPRULI,ICIL,IDBI,IDEA,IDFC,IDFCFIRSTB,IEX,IFCI,IGL,IIFL,INDGN,INDHOTEL,INDIACEM,INDIAMART,INDIANB,INDIGO,INDOCO,INDUSINDBK,INDUSTOWER,INFIBEAM,INFY,INOXINDIA,INOXLEISUR,INTELLECT,IOB,IOC,IPCALAB,IRB,IRCON,IRCTC,IREDA,IRFC,ITC,ITI,JAMNAAUTO,JBCHEPHARM,JINDALSAW,JINDALSTEL,JKCEMENT,JKLAKSHMI,JKTYRE,JMFINANCIL,JPPOWER,JSL,JSLHISAR,JSWDULUX,JSWENERGY,JSWSTEEL,JUBLFOOD,JUBLINGREA,JUBLPHARMA,JUSTDIAL,JYOTHYLAB,JYOTICNC,KAJARIACER,KALYANKJIL,KANSAINER,KARURVYSYA,KAYNES,KEC,KEI,KIMS,KIRLFER,KIRLOSBROS,KIRLOSENG,KNRCON,KOTAKBANK,KPIL,KPITTECH,KPRMILL,LALPATHLAB,LATENTVIEW,LAURUSLABS,LAXMIMACH,LICHSGFIN,LINDEINDIA,LODHA,LT,LTF,LTM,LTTS,LUPIN,LUXIND,M&M,M&MFIN,MAHABANK,MANAPPURAM,MAPMYINDIA,MARICO,MARUTI,MASTEK,MAXHEALTH,MAZDOCK,MCX,METROBRAND,METROPOLIS,MFSL,MGL,MINDACORP,MINDTREE,MMTC,MOIL,MOTILALOFS,MPHASIS,MRF,MRPL,MUTHOOTFIN,NAM-INDIA,NATCOPHARM,NATIONALUM,NAUKRI,NAVINFLUOR,NAZARA,NBCC,NCC,NESCO,NESTLEIND,NETWEB,NETWORK18,NEWGEN,NH,NHPC,NIACL,NLCINDIA,NMDC,NTPC,NUVOCO,NYKAA,OBEROIRLTY,OFSS,OIL,ONGC,ORIENTELEC,PAGEIND,PAYTM,PCBL,PEL,PERSISTENT,PETRONET,PFC,PFIZER,PGHH,PGHL,PHOENIXLTD,PIDILITIND,PIIND,PNB,PNBHOUSING,PNCINFRA,POLICYBZR,POLYCAB,POLYMED,POLYPLEX,POONAWALLA,POWERGRID,POWERINDIA,PRAJIND,PRESTIGE,PRIVISCL,PTCIL,PVRINOX,QUESS,RADICO,RAILTEL,RAIN,RAJESHEXPO,RALLIS,RAMCOCEM,RATNAMANI,RAYMONDLSL,RBLBANK,RCF,RECLTD,REDINGTON,RELAXO,RELIANCE,RENUKA,RHIM,RITES,ROSSARI,ROUTE,RTNINDIA,RVNL,SAIL,SAMMAANCAP,SANOFI,SAPPHIRE,SAREGAMA,SBICARD,SBILIFE,SBIN,SCHAEFFLER,SCI,SEQUENT,SFL,SHILPAMED,SHREECEM,SHRIRAMCIT,SHRIRAMFIN,SHYAMMETL,SIEMENS,SIS,SJVN,SKFINDIA,SOBHA,SOLARA,SOLARINDS,SONACOMS,SONATSOFTW,SPARC,SPICEJET,SRF,STAR,STARHEALTH,SUDARSCHEM,SUMICHEM,SUNDARMFIN,SUNDRMFAST,SUNPHARMA,SUNTV,SUPPETRO,SUPRAJIT,SUPREMEIND,SUZLON,SWANCORP,SWSOLAR,SYMPHONY,SYNGENE,SYRMA,TANLA,TATACHEM,TATACOFFEE,TATACOMM,TATACONSUM,TATAELXSI,TATAINVEST,TATAMTRDVR,TATAPOWER,TATASTEEL,TATASTLLP,TBOTEK,TCS,TEAMLEASE,TECHM,TECHNOE,THERMAX,THYROCARE,TIINDIA,TIMKEN,TITAN,TMPV,TORNTPHARM,TORNTPOWER,TRENT,TRIDENT,TRITURBINE,TTKPRESTIG,TTML,TV18BRDCST,TVSMOTOR,UBL,UCOBANK,UJJIVANSFB,ULTRACEMCO,UNIONBANK,UNITDSPR,UNOMINDA,UPL,USHAMART,UTIAMC,VAKRANGEE,VARROC,VBL,VEDL,VENKEYS,VGUARD,VIJAYA,VINATIORGA,VIPIND,VMART,VOLTAS,VTL,WELCORP,WELSPUNLIV,WESTLIFE,WHIRLPOOL,WIPRO,WOCKPHARMA,YESBANK,ZEEL,ZENSARTECH,ZFCVINDIA,ZYDUSLIFE,ZYDUSWELL"
2018-03-31,"360ONE,3MINDIA,AADHARHFC,AARTIDRUGS,AARTIIND,AAVAS,ABB,ABBOTINDIA,ABCAPITAL,ABFRL,ABREL,ABSLAMC,ACC,ADANIENSOL,ADANIENT,ADANIGREEN,ADANIPORTS,ADVENZYMES,AEGISLOG,AFFLE,AIAENG,AJANTPHARM,ALKEM,ALKYLAMINE,ALLCARGO,ALOKINDS,AMBER,AMBUJACEM,ANANTRAJ,ANGELONE,APLAPOLLO,APLLTD,APOLLOHOSP,APOLLOTYRE,APTUS,ARE&M,ASAHIINDIA,ASHOKLEY,ASIANPAINT,ASTERDM,ASTRAL,ASTRAZEN,ATGL,ATUL,AUBANK,AUROPHARMA,AVANTIFEED,AXISBANK,BAJAJ-AUTO,BAJAJELEC,BAJAJFINSV,BAJAJHLDNG,BAJFINANCE,BALAMINES,BALKRISIND,BALRAMCHIN,BANDHANBNK,BANKBARODA,BANKINDIA,BASF,BATAINDIA,BAYERCROP,BBTC,BCG,BDL,BEL,BEML,BERGEPAINT,BHARATFORG,BHARTIARTL,BHARTIHEXA,BHEL,BIOCON,BIRLACORPN,BLUEDART,BLUESTARCO,BOSCHLTD,BPCL,BRIGADE,BRITANNIA,BSE,BSOFT,CAMS,CANBK,CANFINHOME,CAPLIPOINT,CARBORUNIV,CASTROLIND,CCL,CDSL,CEATLTD,CENTRALBK,CENTURYPLY,CERA,CESC,CGPOWER,CHALET,CHAMBLFERT,CHEMPLASTS,CHOLAFIN,CHOLAHLDNG,CIEINDIA,CIPLA,CLEAN,COALINDIA,COCHINSHIP,COFORGE,COHANCE,COLPAL,CONCOR,COROMANDEL,CREDITACC,CRISIL,CROMPTON,CUB,CUMMINSIND,CYIENT,DABUR,DALBHARAT,DBL,DBREALTY,DEEPAKNTR,DELTACORP,DEVYANI,DHANI,DIVISLAB,DIXON,DLF,DMART,DRREDDY,DUMMYHEG,EASEMYTRIP,ECLERX,EDELWEISS,EICHERMOT,EIDPARRY,EIHOTEL,ELGIEQUIP,EMAMILTD,ENDURANCE,ENGINERSIN,EPIGRAL,EQUITAS,EQUITASBNK,ERIS,ESCORTS,ETERNAL,EXIDEIND,FACT,FEDERALBNK,FINCABLES,FINEORG,FINPIPE,FLUOROCHEM,FORTIS,FSL,GAEL,GAIL,GALAXYSURF,GESHIP,GICRE,GILLETTE,GLAND,GLAXO,GLENMARK,GLS,GMRAIRPORT,GNFC,GOCOLORS,GODFRYPHLP,GODIGIT,GODREJAGRO,GODREJCP,GODREJIND,GODREJPROP,GPIL,GPPL,GRANULES,GRAPHITE,GRASIM,GRINDWELL,GRINFRA,GSFC,GSPL,GUJALKALI,GUJGASLTD,GVT&D,HAL,HAPPSTMNDS,HATHWAY,HATSUN,HAVELLS,HBLENGINE,HCLTECH,HDFC,HDFCAMC,HDFCBANK,HDFCLIFE,HEG,HEMIPROP,HEROMOTOCO,HFCL,HINDALCO,HINDCOPPER,HINDPETRO,HINDUNILVR,HINDZINC,HLEGLAS,HOMEFIRST,HONAUT,HUDCO,ICICIBANK,ICICIGI,ICICIPRULI,ICIL,IDBI,IDEA,IDFC,IDFCFIRSTB,IEX,IFCI,IGL,IIFL,INDGN,INDHOTEL,INDIACEM,INDIAMART,INDIANB,INDIGO,INDOCO,INDUSINDBK,INDUSTOWER,INFIBEAM,INFY,INOXINDIA,INOXLEISUR,INTELLECT,IOB,IOC,IPCALAB,IRB,IRCON,IRCTC,IREDA,IRFC,ITC,ITI,JAMNAAUTO,JBCHEPHARM,JINDALSAW,JINDALSTEL,JKCEMENT,JKLAKSHMI,JKTYRE,JMFINANCIL,JPPOWER,JSL,JSLHISAR,JSWDULUX,JSWENERGY,JSWSTEEL,JUBLFOOD,JUBLINGREA,JUBLPHARMA,JUSTDIAL,JYOTHYLAB,JYOTICNC,KAJARIACER,KALYANKJIL,KANSAINER,KARURVYSYA,KAYNES,KEC,KEI,KIMS,KIRLFER,KIRLOSBROS,KIRLOSENG,KNRCON,KOTAKBANK,KPIL,KPITTECH,KPRMILL,LALPATHLAB,LATENTVIEW,LAURUSLABS,LAXMIMACH,LICHSGFIN,LINDEINDIA,LODHA,LT,LTF,LTM,LTTS,LUPIN,LUXIND,M&M,M&MFIN,MAHABANK,MANAPPURAM,MAPMYINDIA,MARICO,MARUTI,MASTEK,MAXHEALTH,MAZDOCK,MCX,METROBRAND,METROPOLIS,MFSL,MGL,MINDACORP,MINDTREE,MMTC,MOIL,MOTILALOFS,MPHASIS,MRF,MRPL,MUTHOOTFIN,NAM-INDIA,NATCOPHARM,NATIONALUM,NAUKRI,NAVINFLUOR,NAZARA,NBCC,NCC,NESCO,NESTLEIND,NETWEB,NETWORK18,NEWGEN,NH,NHPC,NIACL,NLCINDIA,NMDC,NTPC,NUVOCO,NYKAA,OBEROIRLTY,OFSS,OIL,ONGC,ORIENTELEC,PAGEIND,PAYTM,PCBL,PEL,PERSISTENT,PETRONET,PFC,PFIZER,PGHH,PGHL,PHOENIXLTD,PIDILITIND,PIIND,PNB,PNBHOUSING,PNCINFRA,POLICYBZR,POLYCAB,POLYMED,POLYPLEX,POONAWALLA,POWERGRID,POWERINDIA,PRAJIND,PRESTIGE,PRIVISCL,PTCIL,PVRINOX,QUESS,RADICO,RAILTEL,RAIN,RAJESHEXPO,RALLIS,RAMCOCEM,RATNAMANI,RAYMONDLSL,RBLBANK,RCF,RECLTD,REDINGTON,RELAXO,RELIANCE,RENUKA,RHIM,RITES,ROSSARI,ROUTE,RTNINDIA,RVNL,SAIL,SAMMAANCAP,SANOFI,SAPPHIRE,SAREGAMA,SBICARD,SBILIFE,SBIN,SCHAEFFLER,SCI,SEQUENT,SFL,SHILPAMED,SHREECEM,SHRIRAMCIT,SHRIRAMFIN,SHYAMMETL,SIEMENS,SIS,SJVN,SKFINDIA,SOBHA,SOLARA,SOLARINDS,SONACOMS,SONATSOFTW,SPARC,SPICEJET,SRF,STAR,STARHEALTH,SUDARSCHEM,SUMICHEM,SUNDARMFIN,SUNDRMFAST,SUNPHARMA,SUNTV,SUPPETRO,SUPRAJIT,SUPREMEIND,SUZLON,SWANCORP,SWSOLAR,SYMPHONY,SYNGENE,SYRMA,TANLA,TATACHEM,TATACOFFEE,TATACOMM,TATACONSUM,TATAELXSI,TATAINVEST,TATAMTRDVR,TATAPOWER,TATASTEEL,TATASTLLP,TBOTEK,TCS,TEAMLEASE,TECHM,TECHNOE,THERMAX,THYROCARE,TIINDIA,TIMKEN,TITAN,TMPV,TORNTPHARM,TORNTPOWER,TRENT,TRIDENT,TRITURBINE,TTKPRESTIG,TTML,TV18BRDCST,TVSMOTOR,UBL,UCOBANK,UJJIVANSFB,ULTRACEMCO,UNIONBANK,UNITDSPR,UNOMINDA,UPL,USHAMART,UTIAMC,VAKRANGEE,VARROC,VBL,VEDL,VENKEYS,VGUARD,VIJAYA,VINATIORGA,VIPIND,VMART,VOLTAS,VTL,WELCORP,WELSPUNLIV,WESTLIFE,WHIRLPOOL,WIPRO,WOCKPHARMA,YESBANK,ZEEL,ZENSARTECH,ZFCVINDIA,ZYDUSLIFE,ZYDUSWELL"
2018-04-30,"360ONE,3MINDIA,AADHARHFC,AARTIDRUGS,AARTIIND,AAVAS,ABB,ABBOTINDIA,ABCAPITAL,ABFRL,ABREL,ABSLAMC,ACC,ADANIENSOL,ADANIENT,ADANIGREEN,ADANIPORTS,ADVENZYMES,AEGISLOG,AFFLE,AIAENG,AJANTPHARM,ALKEM,ALKYLAMINE,ALLCARGO,ALOKINDS,AMBER,AMBUJACEM,ANANTRAJ,ANGELONE,APLAPOLLO,APLLTD,APOLLOHOSP,APOLLOTYRE,APTUS,ARE&M,ASAHIINDIA,ASHOKLEY,ASIANPAINT,ASTERDM,ASTRAL,ASTRAZEN,ATGL,ATUL,AUBANK,AUROPHARMA,AVANTIFEED,AXISBANK,BAJAJ-AUTO,BAJAJELEC,BAJAJFINSV,BAJAJHLDNG,BAJFINANCE,BALAMINES,BALKRISIND,BALRAMCHIN,BANDHANBNK,BANKBARODA,BANKINDIA,BASF,BATAINDIA,BAYERCROP,BBTC,BCG,BDL,BEL,BEML,BERGEPAINT,BHARATFORG,BHARTIARTL,BHARTIHEXA,BHEL,BIOCON,BIRLACORPN,BLUEDART,BLUESTARCO,BOSCHLTD,BPCL,BRIGADE,BRITANNIA,BSE,BSOFT,CAMS,CANBK,CANFINHOME,CAPLIPOINT,CARBORUNIV,CASTROLIND,CCL,CDSL,CEATLTD,CENTRALBK,CENTURYPLY,CERA,CESC,CGPOWER,CHALET,CHAMBLFERT,CHEMPLASTS,CHOLAFIN,CHOLAHLDNG,CIEINDIA,CIPLA,CLEAN,COALINDIA,COCHINSHIP,COFORGE,COHANCE,COLPAL,CONCOR,COROMANDEL,CREDITACC,CRISIL,CROMPTON,CUB,CUMMINSIND,CYIENT,DABUR,DALBHARAT,DBL,DBREALTY,DEEPAKNTR,DELTACORP,DEVYANI,DHANI,DIVISLAB,DIXON,DLF,DMART,DRREDDY,DUMMYHEG,EASEMYTRIP,ECLERX,EDELWEISS,EICHERMOT,EIDPARRY,EIHOTEL,ELGIEQUIP,EMAMILTD,ENDURANCE,ENGINERSIN,EPIGRAL,EQUITAS,EQUITASBNK,ERIS,ESCORTS,ETERNAL,EXIDEIND,FACT,FEDERALBNK,FINCABLES,FINEORG,FINPIPE,FLUOROCHEM,FORTIS,FSL,GAEL,GAIL,GALAXYSURF,GESHIP,GICRE,GILLETTE,GLAND,GLAXO,GLENMARK,GLS,GMRAIRPORT,GNFC,GOCOLORS,GODFRYPHLP,GODIGIT,GODREJAGRO,GODREJCP,GODREJIND,GODREJPROP,GPIL,GPPL,GRANULES,GRAPHITE,GRASIM,GRINDWELL,GRINFRA,GSFC,GSPL,GUJALKALI,GUJGASLTD,GVT&D,HAL,HAPPSTMNDS,HATHWAY,HATSUN,HAVELLS,HBLENGINE,HCLTECH,HDFC,HDFCAMC,HDFCBANK,HDFCLIFE,HEG,HEMIPROP,HEROMOTOCO,HFCL,HINDALCO,HINDCOPPER,HINDPETRO,HINDUNILVR,HINDZINC,HLEGLAS,HOMEFIRST,HONAUT,HUDCO,ICICIBANK,ICICIGI,ICICIPRULI,ICIL,IDBI,IDEA,IDFC,IDFCFIRSTB,IEX,IFCI,IGL,IIFL,INDGN,INDHOTEL,INDIACEM,INDIAMART,INDIANB,INDIGO,INDOCO,INDUSINDBK,INDUSTOWER,INFIBEAM,INFY,INOXINDIA,INOXLEISUR,INTELLECT,IOB,IOC,IPCALAB,IRB,IRCON,IRCTC,IREDA,IRFC,ITC,ITI,JAMNAAUTO,JBCHEPHARM,JINDALSAW,JINDALSTEL,JKCEMENT,JKLAKSHMI,JKTYRE,JMFINANCIL,JPPOWER,JSL,JSLHISAR,JSWDULUX,JSWENERGY,JSWSTEEL,JUBLFOOD,JUBLINGREA,JUBLPHARMA,JUSTDIAL,JYOTHYLAB,JYOTICNC,KAJARIACER,KALYANKJIL,KANSAINER,KARURVYSYA,KAYNES,KEC,KEI,KIMS,KIRLFER,KIRLOSBROS,KIRLOSENG,KNRCON,KOTAKBANK,KPIL,KPITTECH,KPRMILL,LALPATHLAB,LATENTVIEW,LAURUSLABS,LAXMIMACH,LICHSGFIN,LINDEINDIA,LODHA,LT,LTF,LTM,LTTS,LUPIN,LUXIND,M&M,M&MFIN,MAHABANK,MANAPPURAM,MAPMYINDIA,MARICO,MARUTI,MASTEK,MAXHEALTH,MAZDOCK,MCX,METROBRAND,METROPOLIS,MFSL,MGL,MINDACORP,MINDTREE,MMTC,MOIL,MOTILALOFS,MPHASIS,MRF,MRPL,MUTHOOTFIN,NAM-INDIA,NATCOPHARM,NATIONALUM,NAUKRI,NAVINFLUOR,NAZARA,NBCC,NCC,NESCO,NESTLEIND,NETWEB,NETWORK18,NEWGEN,NH,NHPC,NIACL,NLCINDIA,NMDC,NTPC,NUVOCO,NYKAA,OBEROIRLTY,OFSS,OIL,ONGC,ORIENTELEC,PAGEIND,PAYTM,PCBL,PEL,PERSISTENT,PETRONET,PFC,PFIZER,PGHH,PGHL,PHOENIXLTD,PIDILITIND,PIIND,PNB,PNBHOUSING,PNCINFRA,POLICYBZR,POLYCAB,POLYMED,POLYPLEX,POONAWALLA,POWERGRID,POWERINDIA,PRAJIND,PRESTIGE,PRIVISCL,PTCIL,PVRINOX,QUESS,RADICO,RAILTEL,RAIN,RAJESHEXPO,RALLIS,RAMCOCEM,RATNAMANI,RAYMONDLSL,RBLBANK,RCF,RECLTD,REDINGTON,RELAXO,RELIANCE,RENUKA,RHIM,RITES,ROSSARI,ROUTE,RTNINDIA,RVNL,SAIL,SAMMAANCAP,SANOFI,SAPPHIRE,SAREGAMA,SBICARD,SBILIFE,SBIN,SCHAEFFLER,SCI,SEQUENT,SFL,SHILPAMED,SHREECEM,SHRIRAMCIT,SHRIRAMFIN,SHYAMMETL,SIEMENS,SIS,SJVN,SKFINDIA,SOBHA,SOLARA,SOLARINDS,SONACOMS,SONATSOFTW,SPARC,SPICEJET,SRF,STAR,STARHEALTH,SUDARSCHEM,SUMICHEM,SUNDARMFIN,SUNDRMFAST,SUNPHARMA,SUNTV,SUPPETRO,SUPRAJIT,SUPREMEIND,SUZLON,SWANCORP,SWSOLAR,SYMPHONY,SYNGENE,SYRMA,TANLA,TATACHEM,TATACOFFEE,TATACOMM,TATACONSUM,TATAELXSI,TATAINVEST,TATAMTRDVR,TATAPOWER,TATASTEEL,TATASTLLP,TBOTEK,TCS,TEAMLEASE,TECHM,TECHNOE,THERMAX,THYROCARE,TIINDIA,TIMKEN,TITAN,TMPV,TORNTPHARM,TORNTPOWER,TRENT,TRIDENT,TRITURBINE,TTKPRESTIG,TTML,TV18BRDCST,TVSMOTOR,UBL,UCOBANK,UJJIVANSFB,ULTRACEMCO,UNIONBANK,UNITDSPR,UNOMINDA,UPL,USHAMART,UTIAMC,VAKRANGEE,VARROC,VBL,VEDL,VENKEYS,VGUARD,VIJAYA,VINATIORGA,VIPIND,VMART,VOLTAS,VTL,WELCORP,WELSPUNLIV,WESTLIFE,WHIRLPOOL,WIPRO,WOCKPHARMA,YESBANK,ZEEL,ZENSARTECH,ZFCVINDIA,ZYDUSLIFE,ZYDUSWELL"
2018-05-31,"360ONE,3MINDIA,AADHARHFC,AARTIDRUGS,AARTIIND,AAVAS,ABB,ABBOTINDIA,ABCAPITAL,ABFRL,ABREL,ABSLAMC,ACC,ADANIENSOL,ADANIENT,ADANIGREEN,ADANIPORTS,ADVENZYMES,AEGISLOG,AFFLE,AIAENG,AJANTPHARM,ALKEM,ALKYLAMINE,ALLCARGO,ALOKINDS,AMBER,AMBUJACEM,ANANTRAJ,ANGELONE,APLAPOLLO,APLLTD,APOLLOHOSP,APOLLOTYRE,APTUS,ARE&M,ASAHIINDIA,ASHOKLEY,ASIANPAINT,ASTERDM,ASTRAL,ASTRAZEN,ATGL,ATUL,AUBANK,AUROPHARMA,AVANTIFEED,AXISBANK,BAJAJ-AUTO,BAJAJELEC,BAJAJFINSV,BAJAJHLDNG,BAJFINANCE,BALAMINES,BALKRISIND,BALRAMCHIN,BANDHANBNK,BANKBARODA,BANKINDIA,BASF,BATAINDIA,BAYERCROP,BBTC,BCG,BDL,BEL,BEML,BERGEPAINT,BHARATFORG,BHARTIARTL,BHARTIHEXA,BHEL,BIOCON,BIRLACORPN,BLUEDART,BLUESTARCO,BOSCHLTD,BPCL,BRIGADE,BRITANNIA,BSE,BSOFT,CAMS,CANBK,CANFINHOME,CAPLIPOINT,CARBORUNIV,CASTROLIND,CCL,CDSL,CEATLTD,CENTRALBK,CENTURYPLY,CERA,CESC,CGPOWER,CHALET,CHAMBLFERT,CHEMPLASTS,CHOLAFIN,CHOLAHLDNG,CIEINDIA,CIPLA,CLEAN,COALINDIA,COCHINSHIP,COFORGE,COHANCE,COLPAL,CONCOR,COROMANDEL,CREDITACC,CRISIL,CROMPTON,CUB,CUMMINSIND,CYIENT,DABUR,DALBHARAT,DBL,DBREALTY,DEEPAKNTR,DELTACORP,DEVYANI,DHANI,DIVISLAB,DIXON,DLF,DMART,DRREDDY,DUMMYHEG,EASEMYTRIP,ECLERX,EDELWEISS,EICHERMOT,EIDPARRY,EIHOTEL,ELGIEQUIP,EMAMILTD,ENDURANCE,ENGINERSIN,EPIGRAL,EQUITAS,EQUITASBNK,ERIS,ESCORTS,ETERNAL,EXIDEIND,FACT,FEDERALBNK,FINCABLES,FINEORG,FINPIPE,FLUOROCHEM,FORTIS,FSL,GAEL,GAIL,GALAXYSURF,GESHIP,GICRE,GILLETTE,GLAND,GLAXO,GLENMARK,GLS,GMRAIRPORT,GNFC,GOCOLORS,GODFRYPHLP,GODIGIT,GODREJAGRO,GODREJCP,GODREJIND,GODREJPROP,GPIL,GPPL,GRANULES,GRAPHITE,GRASIM,GRINDWELL,GRINFRA,GSFC,GSPL,GUJALKALI,GUJGASLTD,GVT&D,HAL,HAPPSTMNDS,HATHWAY,HATSUN,HAVELLS,HBLENGINE,HCLTECH,HDFC,HDFCAMC,HDFCBANK,HDFCLIFE,HEG,HEMIPROP,HEROMOTOCO,HFCL,HINDALCO,HINDCOPPER,HINDPETRO,HINDUNILVR,HINDZINC,HLEGLAS,HOMEFIRST,HONAUT,HUDCO,ICICIBANK,ICICIGI,ICICIPRULI,ICIL,IDBI,IDEA,IDFC,IDFCFIRSTB,IEX,IFCI,IGL,IIFL,INDGN,INDHOTEL,INDIACEM,INDIAMART,INDIANB,INDIGO,INDOCO,INDUSINDBK,INDUSTOWER,INFIBEAM,INFY,INOXINDIA,INOXLEISUR,INTELLECT,IOB,IOC,IPCALAB,IRB,IRCON,IRCTC,IREDA,IRFC,ITC,ITI,JAMNAAUTO,JBCHEPHARM,JINDALSAW,JINDALSTEL,JKCEMENT,JKLAKSHMI,JKTYRE,JMFINANCIL,JPPOWER,JSL,JSLHISAR,JSWDULUX,JSWENERGY,JSWSTEEL,JUBLFOOD,JUBLINGREA,JUBLPHARMA,JUSTDIAL,JYOTHYLAB,JYOTICNC,KAJARIACER,KALYANKJIL,KANSAINER,KARURVYSYA,KAYNES,KEC,KEI,KIMS,KIRLFER,KIRLOSBROS,KIRLOSENG,KNRCON,KOTAKBANK,KPIL,KPITTECH,KPRMILL,LALPATHLAB,LATENTVIEW,LAURUSLABS,LAXMIMACH,LICHSGFIN,LINDEINDIA,LODHA,LT,LTF,LTM,LTTS,LUPIN,LUXIND,M&M,M&MFIN,MAHABANK,MANAPPURAM,MAPMYINDIA,MARICO,MARUTI,MASTEK,MAXHEALTH,MAZDOCK,MCX,METROBRAND,METROPOLIS,MFSL,MGL,MINDACORP,MINDTREE,MMTC,MOIL,MOTILALOFS,MPHASIS,MRF,MRPL,MUTHOOTFIN,NAM-INDIA,NATCOPHARM,NATIONALUM,NAUKRI,NAVINFLUOR,NAZARA,NBCC,NCC,NESCO,NESTLEIND,NETWEB,NETWORK18,NEWGEN,NH,NHPC,NIACL,NLCINDIA,NMDC,NTPC,NUVOCO,NYKAA,OBEROIRLTY,OFSS,OIL,ONGC,ORIENTELEC,PAGEIND,PAYTM,PCBL,PEL,PERSISTENT,PETRONET,PFC,PFIZER,PGHH,PGHL,PHOENIXLTD,PIDILITIND,PIIND,PNB,PNBHOUSING,PNCINFRA,POLICYBZR,POLYCAB,POLYMED,POLYPLEX,POONAWALLA,POWERGRID,POWERINDIA,PRAJIND,PRESTIGE,PRIVISCL,PTCIL,PVRINOX,QUESS,RADICO,RAILTEL,RAIN,RAJESHEXPO,RALLIS,RAMCOCEM,RATNAMANI,RAYMONDLSL,RBLBANK,RCF,RECLTD,REDINGTON,RELAXO,RELIANCE,RENUKA,RHIM,RITES,ROSSARI,ROUTE,RTNINDIA,RVNL,SAIL,SAMMAANCAP,SANOFI,SAPPHIRE,SAREGAMA,SBICARD,SBILIFE,SBIN,SCHAEFFLER,SCI,SEQUENT,SFL,SHILPAMED,SHREECEM,SHRIRAMCIT,SHRIRAMFIN,SHYAMMETL,SIEMENS,SIS,SJVN,SKFINDIA,SOBHA,SOLARA,SOLARINDS,SONACOMS,SONATSOFTW,SPARC,SPICEJET,SRF,STAR,STARHEALTH,SUDARSCHEM,SUMICHEM,SUNDARMFIN,SUNDRMFAST,SUNPHARMA,SUNTV,SUPPETRO,SUPRAJIT,SUPREMEIND,SUZLON,SWANCORP,SWSOLAR,SYMPHONY,SYNGENE,SYRMA,TANLA,TATACHEM,TATACOFFEE,TATACOMM,TATACONSUM,TATAELXSI,TATAINVEST,TATAMTRDVR,TATAPOWER,TATASTEEL,TATASTLLP,TBOTEK,TCS,TEAMLEASE,TECHM,TECHNOE,THERMAX,THYROCARE,TIINDIA,TIMKEN,TITAN,TMPV,TORNTPHARM,TORNTPOWER,TRENT,TRIDENT,TRITURBINE,TTKPRESTIG,TTML,TV18BRDCST,TVSMOTOR,UBL,UCOBANK,UJJIVANSFB,ULTRACEMCO,UNIONBANK,UNITDSPR,UNOMINDA,UPL,USHAMART,UTIAMC,VAKRANGEE,VARROC,VBL,VEDL,VENKEYS,VGUARD,VIJAYA,VINATIORGA,VIPIND,VMART,VOLTAS,VTL,WELCORP,WELSPUNLIV,WESTLIFE,WHIRLPOOL,WIPRO,WOCKPHARMA,YESBANK,ZEEL,ZENSARTECH,ZFCVINDIA,ZYDUSLIFE,ZYDUSWELL"
2018-06-30,"360ONE,3MINDIA,AADHARHFC,AARTIDRUGS,AARTIIND,AAVAS,ABB,ABBOTINDIA,ABCAPITAL,ABFRL,ABREL,ABSLAMC,ACC,ADANIENSOL,ADANIENT,ADANIGREEN,ADANIPORTS,ADVENZYMES,AEGISLOG,AFFLE,AIAENG,AJANTPHARM,ALKEM,ALKYLAMINE,ALLCARGO,ALOKINDS,AMBER,AMBUJACEM,ANANTRAJ,ANGELONE,APLAPOLLO,APLLTD,APOLLOHOSP,APOLLOTYRE,APTUS,ARE&M,ASAHIINDIA,ASHOKLEY,ASIANPAINT,ASTERDM,ASTRAL,ASTRAZEN,ATGL,ATUL,AUBANK,AUROPHARMA,AVANTIFEED,AXISBANK,BAJAJ-AUTO,BAJAJELEC,BAJAJFINSV,BAJAJHLDNG,BAJFINANCE,BALAMINES,BALKRISIND,BALRAMCHIN,BANDHANBNK,BANKBARODA,BANKINDIA,BASF,BATAINDIA,BAYERCROP,BBTC,BCG,BDL,BEL,BEML,BERGEPAINT,BHARATFORG,BHARTIARTL,BHARTIHEXA,BHEL,BIOCON,BIRLACORPN,BLUEDART,BLUESTARCO,BOSCHLTD,BPCL,BRIGADE,BRITANNIA,BSE,BSOFT,CAMS,CANBK,CANFINHOME,CAPLIPOINT,CARBORUNIV,CASTROLIND,CCL,CDSL,CEATLTD,CENTRALBK,CENTURYPLY,CERA,CESC,CGPOWER,CHALET,CHAMBLFERT,CHEMPLASTS,CHOLAFIN,CHOLAHLDNG,CIEINDIA,CIPLA,CLEAN,COALINDIA,COCHINSHIP,COFORGE,COHANCE,COLPAL,CONCOR,COROMANDEL,CREDITACC,CRISIL,CROMPTON,CUB,CUMMINSIND,CYIENT,DABUR,DALBHARAT,DBL,DBREALTY,DEEPAKNTR,DELTACORP,DEVYANI,DHANI,DIVISLAB,DIXON,DLF,DMART,DRREDDY,DUMMYHEG,EASEMYTRIP,ECLERX,EDELWEISS,EICHERMOT,EIDPARRY,EIHOTEL,ELGIEQUIP,EMAMILTD,ENDURANCE,ENGINERSIN,EPIGRAL,EQUITAS,EQUITASBNK,ERIS,ESCORTS,ETERNAL,EXIDEIND,FACT,FEDERALBNK,FINCABLES,FINEORG,FINPIPE,FLUOROCHEM,FORTIS,FSL,GAEL,GAIL,GALAXYSURF,GESHIP,GICRE,GILLETTE,GLAND,GLAXO,GLENMARK,GLS,GMRAIRPORT,GNFC,GOCOLORS,GODFRYPHLP,GODIGIT,GODREJAGRO,GODREJCP,GODREJIND,GODREJPROP,GPIL,GPPL,GRANULES,GRAPHITE,GRASIM,GRINDWELL,GRINFRA,GSFC,GSPL,GUJALKALI,GUJGASLTD,GVT&D,HAL,HAPPSTMNDS,HATHWAY,HATSUN,HAVELLS,HBLENGINE,HCLTECH,HDFC,HDFCAMC,HDFCBANK,HDFCLIFE,HEG,HEMIPROP,HEROMOTOCO,HFCL,HINDALCO,HINDCOPPER,HINDPETRO,HINDUNILVR,HINDZINC,HLEGLAS,HOMEFIRST,HONAUT,HUDCO,ICICIBANK,ICICIGI,ICICIPRULI,ICIL,IDBI,IDEA,IDFC,IDFCFIRSTB,IEX,IFCI,IGL,IIFL,INDGN,INDHOTEL,INDIACEM,INDIAMART,INDIANB,INDIGO,INDOCO,INDUSINDBK,INDUSTOWER,INFIBEAM,INFY,INOXINDIA,INOXLEISUR,INTELLECT,IOB,IOC,IPCALAB,IRB,IRCON,IRCTC,IREDA,IRFC,ITC,ITI,JAMNAAUTO,JBCHEPHARM,JINDALSAW,JINDALSTEL,JKCEMENT,JKLAKSHMI,JKTYRE,JMFINANCIL,JPPOWER,JSL,JSLHISAR,JSWDULUX,JSWENERGY,JSWSTEEL,JUBLFOOD,JUBLINGREA,JUBLPHARMA,JUSTDIAL,JYOTHYLAB,JYOTICNC,KAJARIACER,KALYANKJIL,KANSAINER,KARURVYSYA,KAYNES,KEC,KEI,KIMS,KIRLFER,KIRLOSBROS,KIRLOSENG,KNRCON,KOTAKBANK,KPIL,KPITTECH,KPRMILL,LALPATHLAB,LATENTVIEW,LAURUSLABS,LAXMIMACH,LICHSGFIN,LINDEINDIA,LODHA,LT,LTF,LTM,LTTS,LUPIN,LUXIND,M&M,M&MFIN,MAHABANK,MANAPPURAM,MAPMYINDIA,MARICO,MARUTI,MASTEK,MAXHEALTH,MAZDOCK,MCX,METROBRAND,METROPOLIS,MFSL,MGL,MINDACORP,MINDTREE,MMTC,MOIL,MOTILALOFS,MPHASIS,MRF,MRPL,MUTHOOTFIN,NAM-INDIA,NATCOPHARM,NATIONALUM,NAUKRI,NAVINFLUOR,NAZARA,NBCC,NCC,NESCO,NESTLEIND,NETWEB,NETWORK18,NEWGEN,NH,NHPC,NIACL,NLCINDIA,NMDC,NTPC,NUVOCO,NYKAA,OBEROIRLTY,OFSS,OIL,ONGC,ORIENTELEC,PAGEIND,PAYTM,PCBL,PEL,PERSISTENT,PETRONET,PFC,PFIZER,PGHH,PGHL,PHOENIXLTD,PIDILITIND,PIIND,PNB,PNBHOUSING,PNCINFRA,POLICYBZR,POLYCAB,POLYMED,POLYPLEX,POONAWALLA,POWERGRID,POWERINDIA,PRAJIND,PRESTIGE,PRIVISCL,PTCIL,PVRINOX,QUESS,RADICO,RAILTEL,RAIN,RAJESHEXPO,RALLIS,RAMCOCEM,RATNAMANI,RAYMONDLSL,RBLBANK,RCF,RECLTD,REDINGTON,RELAXO,RELIANCE,RENUKA,RHIM,RITES,ROSSARI,ROUTE,RTNINDIA,RVNL,SAIL,SAMMAANCAP,SANOFI,SAPPHIRE,SAREGAMA,SBICARD,SBILIFE,SBIN,SCHAEFFLER,SCI,SEQUENT,SFL,SHILPAMED,SHREECEM,SHRIRAMCIT,SHRIRAMFIN,SHYAMMETL,SIEMENS,SIS,SJVN,SKFINDIA,SOBHA,SOLARA,SOLARINDS,SONACOMS,SONATSOFTW,SPARC,SPICEJET,SRF,STAR,STARHEALTH,SUDARSCHEM,SUMICHEM,SUNDARMFIN,SUNDRMFAST,SUNPHARMA,SUNTV,SUPPETRO,SUPRAJIT,SUPREMEIND,SUZLON,SWANCORP,SWSOLAR,SYMPHONY,SYNGENE,SYRMA,TANLA,TATACHEM,TATACOFFEE,TATACOMM,TATACONSUM,TATAELXSI,TATAINVEST,TATAMTRDVR,TATAPOWER,TATASTEEL,TATASTLLP,TBOTEK,TCS,TEAMLEASE,TECHM,TECHNOE,THERMAX,THYROCARE,TIINDIA,TIMKEN,TITAN,TMPV,TORNTPHARM,TORNTPOWER,TRENT,TRIDENT,TRITURBINE,TTKPRESTIG,TTML,TV18BRDCST,TVSMOTOR,UBL,UCOBANK,UJJIVANSFB,ULTRACEMCO,UNIONBANK,UNITDSPR,UNOMINDA,UPL,USHAMART,UTIAMC,VAKRANGEE,VARROC,VBL,VEDL,VENKEYS,VGUARD,VIJAYA,VINATIORGA,VIPIND,VMART,VOLTAS,VTL,WELCORP,WELSPUNLIV,WESTLIFE,WHIRLPOOL,WIPRO,WOCKPHARMA,YESBANK,ZEEL,ZENSARTECH,ZFCVINDIA,ZYDUSLIFE,ZYDUSWELL"
2018-07-31,"360ONE,3MINDIA,AADHARHFC,AARTIDRUGS,AARTIIND,AAVAS,ABB,ABBOTINDIA,ABCAPITAL,ABFRL,ABREL,ABSLAMC,ACC,ADANIENSOL,ADANIENT,ADANIGREEN,ADANIPORTS,ADVENZYMES,AEGISLOG,AFFLE,AIAENG,AJANTPHARM,ALKEM,ALKYLAMINE,ALLCARGO,ALOKINDS,AMBER,AMBUJACEM,ANANTRAJ,ANGELONE,APLAPOLLO,APLLTD,APOLLOHOSP,APOLLOTYRE,APTUS,ARE&M,ASAHIINDIA,ASHOKLEY,ASIANPAINT,ASTERDM,ASTRAL,ASTRAZEN,ATGL,ATUL,AUBANK,AUROPHARMA,AVANTIFEED,AXISBANK,BAJAJ-AUTO,BAJAJELEC,BAJAJFINSV,BAJAJHLDNG,BAJFINANCE,BALAMINES,BALKRISIND,BALRAMCHIN,BANDHANBNK,BANKBARODA,BANKINDIA,BASF,BATAINDIA,BAYERCROP,BBTC,BCG,BDL,BEL,BEML,BERGEPAINT,BHARATFORG,BHARTIARTL,BHARTIHEXA,BHEL,BIOCON,BIRLACORPN,BLUEDART,BLUESTARCO,BOSCHLTD,BPCL,BRIGADE,BRITANNIA,BSE,BSOFT,CAMS,CANBK,CANFINHOME,CAPLIPOINT,CARBORUNIV,CASTROLIND,CCL,CDSL,CEATLTD,CENTRALBK,CENTURYPLY,CERA,CESC,CGPOWER,CHALET,CHAMBLFERT,CHEMPLASTS,CHOLAFIN,CHOLAHLDNG,CIEINDIA,CIPLA,CLEAN,COALINDIA,COCHINSHIP,COFORGE,COHANCE,COLPAL,CONCOR,COROMANDEL,CREDITACC,CRISIL,CROMPTON,CUB,CUMMINSIND,CYIENT,DABUR,DALBHARAT,DBL,DBREALTY,DEEPAKNTR,DELTACORP,DEVYANI,DHANI,DIVISLAB,DIXON,DLF,DMART,DRREDDY,DUMMYHEG,EASEMYTRIP,ECLERX,EDELWEISS,EICHERMOT,EIDPARRY,EIHOTEL,ELGIEQUIP,EMAMILTD,ENDURANCE,ENGINERSIN,EPIGRAL,EQUITAS,EQUITASBNK,ERIS,ESCORTS,ETERNAL,EXIDEIND,FACT,FEDERALBNK,FINCABLES,FINEORG,FINPIPE,FLUOROCHEM,FORTIS,FSL,GAEL,GAIL,GALAXYSURF,GESHIP,GICRE,GILLETTE,GLAND,GLAXO,GLENMARK,GLS,GMRAIRPORT,GNFC,GOCOLORS,GODFRYPHLP,GODIGIT,GODREJAGRO,GODREJCP,GODREJIND,GODREJPROP,GPIL,GPPL,GRANULES,GRAPHITE,GRASIM,GRINDWELL,GRINFRA,GSFC,GSPL,GUJALKALI,GUJGASLTD,GVT&D,HAL,HAPPSTMNDS,HATHWAY,HATSUN,HAVELLS,HBLENGINE,HCLTECH,HDFC,HDFCAMC,HDFCBANK,HDFCLIFE,HEG,HEMIPROP,HEROMOTOCO,HFCL,HINDALCO,HINDCOPPER,HINDPETRO,HINDUNILVR,HINDZINC,HLEGLAS,HOMEFIRST,HONAUT,HUDCO,ICICIBANK,ICICIGI,ICICIPRULI,ICIL,IDBI,IDEA,IDFC,IDFCFIRSTB,IEX,IFCI,IGL,IIFL,INDGN,INDHOTEL,INDIACEM,INDIAMART,INDIANB,INDIGO,INDOCO,INDUSINDBK,INDUSTOWER,INFIBEAM,INFY,INOXINDIA,INOXLEISUR,INTELLECT,IOB,IOC,IPCALAB,IRB,IRCON,IRCTC,IREDA,IRFC,ITC,ITI,JAMNAAUTO,JBCHEPHARM,JINDALSAW,JINDALSTEL,JKCEMENT,JKLAKSHMI,JKTYRE,JMFINANCIL,JPPOWER,JSL,JSLHISAR,JSWDULUX,JSWENERGY,JSWSTEEL,JUBLFOOD,JUBLINGREA,JUBLPHARMA,JUSTDIAL,JYOTHYLAB,JYOTICNC,KAJARIACER,KALYANKJIL,KANSAINER,KARURVYSYA,KAYNES,KEC,KEI,KIMS,KIRLFER,KIRLOSBROS,KIRLOSENG,KNRCON,KOTAKBANK,KPIL,KPITTECH,KPRMILL,LALPATHLAB,LATENTVIEW,LAURUSLABS,LAXMIMACH,LICHSGFIN,LINDEINDIA,LODHA,LT,LTF,LTM,LTTS,LUPIN,LUXIND,M&M,M&MFIN,MAHABANK,MANAPPURAM,MAPMYINDIA,MARICO,MARUTI,MASTEK,MAXHEALTH,MAZDOCK,MCX,METROBRAND,METROPOLIS,MFSL,MGL,MINDACORP,MINDTREE,MMTC,MOIL,MOTILALOFS,MPHASIS,MRF,MRPL,MUTHOOTFIN,NAM-INDIA,NATCOPHARM,NATIONALUM,NAUKRI,NAVINFLUOR,NAZARA,NBCC,NCC,NESCO,NESTLEIND,NETWEB,NETWORK18,NEWGEN,NH,NHPC,NIACL,NLCINDIA,NMDC,NTPC,NUVOCO,NYKAA,OBEROIRLTY,OFSS,OIL,ONGC,ORIENTELEC,PAGEIND,PAYTM,PCBL,PEL,PERSISTENT,PETRONET,PFC,PFIZER,PGHH,PGHL,PHOENIXLTD,PIDILITIND,PIIND,PNB,PNBHOUSING,PNCINFRA,POLICYBZR,POLYCAB,POLYMED,POLYPLEX,POONAWALLA,POWERGRID,POWERINDIA,PRAJIND,PRESTIGE,PRIVISCL,PTCIL,PVRINOX,QUESS,RADICO,RAILTEL,RAIN,RAJESHEXPO,RALLIS,RAMCOCEM,RATNAMANI,RAYMONDLSL,RBLBANK,RCF,RECLTD,REDINGTON,RELAXO,RELIANCE,RENUKA,RHIM,RITES,ROSSARI,ROUTE,RTNINDIA,RVNL,SAIL,SAMMAANCAP,SANOFI,SAPPHIRE,SAREGAMA,SBICARD,SBILIFE,SBIN,SCHAEFFLER,SCI,SEQUENT,SFL,SHILPAMED,SHREECEM,SHRIRAMCIT,SHRIRAMFIN,SHYAMMETL,SIEMENS,SIS,SJVN,SKFINDIA,SOBHA,SOLARA,SOLARINDS,SONACOMS,SONATSOFTW,SPARC,SPICEJET,SRF,STAR,STARHEALTH,SUDARSCHEM,SUMICHEM,SUNDARMFIN,SUNDRMFAST,SUNPHARMA,SUNTV,SUPPETRO,SUPRAJIT,SUPREMEIND,SUZLON,SWANCORP,SWSOLAR,SYMPHONY,SYNGENE,SYRMA,TANLA,TATACHEM,TATACOFFEE,TATACOMM,TATACONSUM,TATAELXSI,TATAINVEST,TATAMTRDVR,TATAPOWER,TATASTEEL,TATASTLLP,TBOTEK,TCS,TEAMLEASE,TECHM,TECHNOE,THERMAX,THYROCARE,TIINDIA,TIMKEN,TITAN,TMPV,TORNTPHARM,TORNTPOWER,TRENT,TRIDENT,TRITURBINE,TTKPRESTIG,TTML,TV18BRDCST,TVSMOTOR,UBL,UCOBANK,UJJIVANSFB,ULTRACEMCO,UNIONBANK,UNITDSPR,UNOMINDA,UPL,USHAMART,UTIAMC,VAKRANGEE,VARROC,VBL,VEDL,VENKEYS,VGUARD,VIJAYA,VINATIORGA,VIPIND,VMART,VOLTAS,VTL,WELCORP,WELSPUNLIV,WESTLIFE,WHIRLPOOL,WIPRO,WOCKPHARMA,YESBANK,ZEEL,ZENSARTECH,ZFCVINDIA,ZYDUSLIFE,ZYDUSWELL"
2018-08-31,"360ONE,3MINDIA,AADHARHFC,AARTIDRUGS,AARTIIND,AAVAS,ABB,ABBOTINDIA,ABCAPITAL,ABFRL,ABREL,ABSLAMC,ACC,ADANIENSOL,ADANIENT,ADANIGREEN,ADANIPORTS,ADVENZYMES,AEGISLOG,AFFLE,AIAENG,AJANTPHARM,ALKEM,ALKYLAMINE,ALLCARGO,ALOKINDS,AMBER,AMBUJACEM,ANANTRAJ,ANGELONE,APLAPOLLO,APLLTD,APOLLOHOSP,APOLLOTYRE,APTUS,ARE&M,ASAHIINDIA,ASHOKLEY,ASIANPAINT,ASTERDM,ASTRAL,ASTRAZEN,ATGL,ATUL,AUBANK,AUROPHARMA,AVANTIFEED,AXISBANK,BAJAJ-AUTO,BAJAJELEC,BAJAJFINSV,BAJAJHLDNG,BAJFINANCE,BALAMINES,BALKRISIND,BALRAMCHIN,BANDHANBNK,BANKBARODA,BANKINDIA,BASF,BATAINDIA,BAYERCROP,BBTC,BCG,BDL,BEL,BEML,BERGEPAINT,BHARATFORG,BHARTIARTL,BHARTIHEXA,BHEL,BIOCON,BIRLACORPN,BLUEDART,BLUESTARCO,BOSCHLTD,BPCL,BRIGADE,BRITANNIA,BSE,BSOFT,CAMS,CANBK,CANFINHOME,CAPLIPOINT,CARBORUNIV,CASTROLIND,CCL,CDSL,CEATLTD,CENTRALBK,CENTURYPLY,CERA,CESC,CGPOWER,CHALET,CHAMBLFERT,CHEMPLASTS,CHOLAFIN,CHOLAHLDNG,CIEINDIA,CIPLA,CLEAN,COALINDIA,COCHINSHIP,COFORGE,COHANCE,COLPAL,CONCOR,COROMANDEL,CREDITACC,CRISIL,CROMPTON,CUB,CUMMINSIND,CYIENT,DABUR,DALBHARAT,DBL,DBREALTY,DEEPAKNTR,DELTACORP,DEVYANI,DHANI,DIVISLAB,DIXON,DLF,DMART,DRREDDY,DUMMYHEG,EASEMYTRIP,ECLERX,EDELWEISS,EICHERMOT,EIDPARRY,EIHOTEL,ELGIEQUIP,EMAMILTD,ENDURANCE,ENGINERSIN,EPIGRAL,EQUITAS,EQUITASBNK,ERIS,ESCORTS,ETERNAL,EXIDEIND,FACT,FEDERALBNK,FINCABLES,FINEORG,FINPIPE,FLUOROCHEM,FORTIS,FSL,GAEL,GAIL,GALAXYSURF,GESHIP,GICRE,GILLETTE,GLAND,GLAXO,GLENMARK,GLS,GMRAIRPORT,GNFC,GOCOLORS,GODFRYPHLP,GODIGIT,GODREJAGRO,GODREJCP,GODREJIND,GODREJPROP,GPIL,GPPL,GRANULES,GRAPHITE,GRASIM,GRINDWELL,GRINFRA,GSFC,GSPL,GUJALKALI,GUJGASLTD,GVT&D,HAL,HAPPSTMNDS,HATHWAY,HATSUN,HAVELLS,HBLENGINE,HCLTECH,HDFC,HDFCAMC,HDFCBANK,HDFCLIFE,HEG,HEMIPROP,HEROMOTOCO,HFCL,HINDALCO,HINDCOPPER,HINDPETRO,HINDUNILVR,HINDZINC,HLEGLAS,HOMEFIRST,HONAUT,HUDCO,ICICIBANK,ICICIGI,ICICIPRULI,ICIL,IDBI,IDEA,IDFC,IDFCFIRSTB,IEX,IFCI,IGL,IIFL,INDGN,INDHOTEL,INDIACEM,INDIAMART,INDIANB,INDIGO,INDOCO,INDUSINDBK,INDUSTOWER,INFIBEAM,INFY,INOXINDIA,INOXLEISUR,INTELLECT,IOB,IOC,IPCALAB,IRB,IRCON,IRCTC,IREDA,IRFC,ITC,ITI,JAMNAAUTO,JBCHEPHARM,JINDALSAW,JINDALSTEL,JKCEMENT,JKLAKSHMI,JKTYRE,JMFINANCIL,JPPOWER,JSL,JSLHISAR,JSWDULUX,JSWENERGY,JSWSTEEL,JUBLFOOD,JUBLINGREA,JUBLPHARMA,JUSTDIAL,JYOTHYLAB,JYOTICNC,KAJARIACER,KALYANKJIL,KANSAINER,KARURVYSYA,KAYNES,KEC,KEI,KIMS,KIRLFER,KIRLOSBROS,KIRLOSENG,KNRCON,KOTAKBANK,KPIL,KPITTECH,KPRMILL,LALPATHLAB,LATENTVIEW,LAURUSLABS,LAXMIMACH,LICHSGFIN,LINDEINDIA,LODHA,LT,LTF,LTM,LTTS,LUPIN,LUXIND,M&M,M&MFIN,MAHABANK,MANAPPURAM,MAPMYINDIA,MARICO,MARUTI,MASTEK,MAXHEALTH,MAZDOCK,MCX,METROBRAND,METROPOLIS,MFSL,MGL,MINDACORP,MINDTREE,MMTC,MOIL,MOTILALOFS,MPHASIS,MRF,MRPL,MUTHOOTFIN,NAM-INDIA,NATCOPHARM,NATIONALUM,NAUKRI,NAVINFLUOR,NAZARA,NBCC,NCC,NESCO,NESTLEIND,NETWEB,NETWORK18,NEWGEN,NH,NHPC,NIACL,NLCINDIA,NMDC,NTPC,NUVOCO,NYKAA,OBEROIRLTY,OFSS,OIL,ONGC,ORIENTELEC,PAGEIND,PAYTM,PCBL,PEL,PERSISTENT,PETRONET,PFC,PFIZER,PGHH,PGHL,PHOENIXLTD,PIDILITIND,PIIND,PNB,PNBHOUSING,PNCINFRA,POLICYBZR,POLYCAB,POLYMED,POLYPLEX,POONAWALLA,POWERGRID,POWERINDIA,PRAJIND,PRESTIGE,PRIVISCL,PTCIL,PVRINOX,QUESS,RADICO,RAILTEL,RAIN,RAJESHEXPO,RALLIS,RAMCOCEM,RATNAMANI,RAYMONDLSL,RBLBANK,RCF,RECLTD,REDINGTON,RELAXO,RELIANCE,RENUKA,RHIM,RITES,ROSSARI,ROUTE,RTNINDIA,RVNL,SAIL,SAMMAANCAP,SANOFI,SAPPHIRE,SAREGAMA,SBICARD,SBILIFE,SBIN,SCHAEFFLER,SCI,SEQUENT,SFL,SHILPAMED,SHREECEM,SHRIRAMCIT,SHRIRAMFIN,SHYAMMETL,SIEMENS,SIS,SJVN,SKFINDIA,SOBHA,SOLARA,SOLARINDS,SONACOMS,SONATSOFTW,SPARC,SPICEJET,SRF,STAR,STARHEALTH,SUDARSCHEM,SUMICHEM,SUNDARMFIN,SUNDRMFAST,SUNPHARMA,SUNTV,SUPPETRO,SUPRAJIT,SUPREMEIND,SUZLON,SWANCORP,SWSOLAR,SYMPHONY,SYNGENE,SYRMA,TANLA,TATACHEM,TATACOFFEE,TATACOMM,TATACONSUM,TATAELXSI,TATAINVEST,TATAMTRDVR,TATAPOWER,TATASTEEL,TATASTLLP,TBOTEK,TCS,TEAMLEASE,TECHM,TECHNOE,THERMAX,THYROCARE,TIINDIA,TIMKEN,TITAN,TMPV,TORNTPHARM,TORNTPOWER,TRENT,TRIDENT,TRITURBINE,TTKPRESTIG,TTML,TV18BRDCST,TVSMOTOR,UBL,UCOBANK,UJJIVANSFB,ULTRACEMCO,UNIONBANK,UNITDSPR,UNOMINDA,UPL,USHAMART,UTIAMC,VAKRANGEE,VARROC,VBL,VEDL,VENKEYS,VGUARD,VIJAYA,VINATIORGA,VIPIND,VMART,VOLTAS,VTL,WELCORP,WELSPUNLIV,WESTLIFE,WHIRLPOOL,WIPRO,WOCKPHARMA,YESBANK,ZEEL,ZENSARTECH,ZFCVINDIA,ZYDUSLIFE,ZYDUSWELL"
2018-09-30,"360ONE,3MINDIA,AADHARHFC,AARTIDRUGS,AARTIIND,AAVAS,ABB,ABBOTINDIA,ABCAPITAL,ABFRL,ABREL,ABSLAMC,ACC,ADANIENSOL,ADANIENT,ADANIGREEN,ADANIPORTS,ADVENZYMES,AEGISLOG,AFFLE,AIAENG,AJANTPHARM,ALKEM,ALKYLAMINE,ALLCARGO,ALOKINDS,AMBER,AMBUJACEM,ANANTRAJ,ANGELONE,APLAPOLLO,APLLTD,APOLLOHOSP,APOLLOTYRE,APTUS,ARE&M,ASAHIINDIA,ASHOKLEY,ASIANPAINT,ASTERDM,ASTRAL,ASTRAZEN,ATGL,ATUL,AUBANK,AUROPHARMA,AVANTIFEED,AXISBANK,BAJAJ-AUTO,BAJAJELEC,BAJAJFINSV,BAJAJHLDNG,BAJFINANCE,BALAMINES,BALKRISIND,BALRAMCHIN,BANDHANBNK,BANKBARODA,BANKINDIA,BASF,BATAINDIA,BAYERCROP,BBTC,BCG,BDL,BEL,BEML,BERGEPAINT,BHARATFORG,BHARTIARTL,BHARTIHEXA,BHEL,BIOCON,BIRLACORPN,BLUEDART,BLUESTARCO,BOSCHLTD,BPCL,BRIGADE,BRITANNIA,BSE,BSOFT,CAMS,CANBK,CANFINHOME,CAPLIPOINT,CARBORUNIV,CASTROLIND,CCL,CDSL,CEATLTD,CENTRALBK,CENTURYPLY,CERA,CESC,CGPOWER,CHALET,CHAMBLFERT,CHEMPLASTS,CHOLAFIN,CHOLAHLDNG,CIEINDIA,CIPLA,CLEAN,COALINDIA,COCHINSHIP,COFORGE,COHANCE,COLPAL,CONCOR,COROMANDEL,CREDITACC,CRISIL,CROMPTON,CUB,CUMMINSIND,CYIENT,DABUR,DALBHARAT,DBL,DBREALTY,DEEPAKNTR,DELTACORP,DEVYANI,DHANI,DIVISLAB,DIXON,DLF,DMART,DRREDDY,DUMMYHEG,EASEMYTRIP,ECLERX,EDELWEISS,EICHERMOT,EIDPARRY,EIHOTEL,ELGIEQUIP,EMAMILTD,ENDURANCE,ENGINERSIN,EPIGRAL,EQUITAS,EQUITASBNK,ERIS,ESCORTS,ETERNAL,EXIDEIND,FACT,FEDERALBNK,FINCABLES,FINEORG,FINPIPE,FLUOROCHEM,FORTIS,FSL,GAEL,GAIL,GALAXYSURF,GESHIP,GICRE,GILLETTE,GLAND,GLAXO,GLENMARK,GLS,GMRAIRPORT,GNFC,GOCOLORS,GODFRYPHLP,GODIGIT,GODREJAGRO,GODREJCP,GODREJIND,GODREJPROP,GPIL,GPPL,GRANULES,GRAPHITE,GRASIM,GRINDWELL,GRINFRA,GSFC,GSPL,GUJALKALI,GUJGASLTD,GVT&D,HAL,HAPPSTMNDS,HATHWAY,HATSUN,HAVELLS,HBLENGINE,HCLTECH,HDFC,HDFCAMC,HDFCBANK,HDFCLIFE,HEG,HEMIPROP,HEROMOTOCO,HFCL,HINDALCO,HINDCOPPER,HINDPETRO,HINDUNILVR,HINDZINC,HLEGLAS,HOMEFIRST,HONAUT,HUDCO,ICICIBANK,ICICIGI,ICICIPRULI,ICIL,IDBI,IDEA,IDFC,IDFCFIRSTB,IEX,IFCI,IGL,IIFL,INDGN,INDHOTEL,INDIACEM,INDIAMART,INDIANB,INDIGO,INDOCO,INDUSINDBK,INDUSTOWER,INFIBEAM,INFY,INOXINDIA,INOXLEISUR,INTELLECT,IOB,IOC,IPCALAB,IRB,IRCON,IRCTC,IREDA,IRFC,ITC,ITI,JAMNAAUTO,JBCHEPHARM,JINDALSAW,JINDALSTEL,JKCEMENT,JKLAKSHMI,JKTYRE,JMFINANCIL,JPPOWER,JSL,JSLHISAR,JSWDULUX,JSWENERGY,JSWSTEEL,JUBLFOOD,JUBLINGREA,JUBLPHARMA,JUSTDIAL,JYOTHYLAB,JYOTICNC,KAJARIACER,KALYANKJIL,KANSAINER,KARURVYSYA,KAYNES,KEC,KEI,KIMS,KIRLFER,KIRLOSBROS,KIRLOSENG,KNRCON,KOTAKBANK,KPIL,KPITTECH,KPRMILL,LALPATHLAB,LATENTVIEW,LAURUSLABS,LAXMIMACH,LICHSGFIN,LINDEINDIA,LODHA,LT,LTF,LTM,LTTS,LUPIN,LUXIND,M&M,M&MFIN,MAHABANK,MANAPPURAM,MAPMYINDIA,MARICO,MARUTI,MASTEK,MAXHEALTH,MAZDOCK,MCX,METROBRAND,METROPOLIS,MFSL,MGL,MINDACORP,MINDTREE,MMTC,MOIL,MOTILALOFS,MPHASIS,MRF,MRPL,MUTHOOTFIN,NAM-INDIA,NATCOPHARM,NATIONALUM,NAUKRI,NAVINFLUOR,NAZARA,NBCC,NCC,NESCO,NESTLEIND,NETWEB,NETWORK18,NEWGEN,NH,NHPC,NIACL,NLCINDIA,NMDC,NTPC,NUVOCO,NYKAA,OBEROIRLTY,OFSS,OIL,ONGC,ORIENTELEC,PAGEIND,PAYTM,PCBL,PEL,PERSISTENT,PETRONET,PFC,PFIZER,PGHH,PGHL,PHOENIXLTD,PIDILITIND,PIIND,PNB,PNBHOUSING,PNCINFRA,POLICYBZR,POLYCAB,POLYMED,POLYPLEX,POONAWALLA,POWERGRID,POWERINDIA,PRAJIND,PRESTIGE,PRIVISCL,PTCIL,PVRINOX,QUESS,RADICO,RAILTEL,RAIN,RAJESHEXPO,RALLIS,RAMCOCEM,RATNAMANI,RAYMONDLSL,RBLBANK,RCF,RECLTD,REDINGTON,RELAXO,RELIANCE,RENUKA,RHIM,RITES,ROSSARI,ROUTE,RTNINDIA,RVNL,SAIL,SAMMAANCAP,SANOFI,SAPPHIRE,SAREGAMA,SBICARD,SBILIFE,SBIN,SCHAEFFLER,SCI,SEQUENT,SFL,SHILPAMED,SHREECEM,SHRIRAMCIT,SHRIRAMFIN,SHYAMMETL,SIEMENS,SIS,SJVN,SKFINDIA,SOBHA,SOLARA,SOLARINDS,SONACOMS,SONATSOFTW,SPARC,SPICEJET,SRF,STAR,STARHEALTH,SUDARSCHEM,SUMICHEM,SUNDARMFIN,SUNDRMFAST,SUNPHARMA,SUNTV,SUPPETRO,SUPRAJIT,SUPREMEIND,SUZLON,SWANCORP,SWSOLAR,SYMPHONY,SYNGENE,SYRMA,TANLA,TATACHEM,TATACOFFEE,TATACOMM,TATACONSUM,TATAELXSI,TATAINVEST,TATAMTRDVR,TATAPOWER,TATASTEEL,TATASTLLP,TBOTEK,TCS,TEAMLEASE,TECHM,TECHNOE,THERMAX,THYROCARE,TIINDIA,TIMKEN,TITAN,TMPV,TORNTPHARM,TORNTPOWER,TRENT,TRIDENT,TRITURBINE,TTKPRESTIG,TTML,TV18BRDCST,TVSMOTOR,UBL,UCOBANK,UJJIVANSFB,ULTRACEMCO,UNIONBANK,UNITDSPR,UNOMINDA,UPL,USHAMART,UTIAMC,VAKRANGEE,VARROC,VBL,VEDL,VENKEYS,VGUARD,VIJAYA,VINATIORGA,VIPIND,VMART,VOLTAS,VTL,WELCORP,WELSPUNLIV,WESTLIFE,WHIRLPOOL,WIPRO,WOCKPHARMA,YESBANK,ZEEL,ZENSARTECH,ZFCVINDIA,ZYDUSLIFE,ZYDUSWELL"
2018-10-31,"360ONE,3MINDIA,AADHARHFC,AARTIDRUGS,AARTIIND,AAVAS,ABB,ABBOTINDIA,ABCAPITAL,ABFRL,ABREL,ABSLAMC,ACC,ADANIENSOL,ADANIENT,ADANIGREEN,ADANIPORTS,ADVENZYMES,AEGISLOG,AFFLE,AIAENG,AJANTPHARM,ALKEM,ALKYLAMINE,ALLCARGO,ALOKINDS,AMBER,AMBUJACEM,ANANTRAJ,ANGELONE,APLAPOLLO,APLLTD,APOLLOHOSP,APOLLOTYRE,APTUS,ARE&M,ASAHIINDIA,ASHOKLEY,ASIANPAINT,ASTERDM,ASTRAL,ASTRAZEN,ATGL,ATUL,AUBANK,AUROPHARMA,AVANTIFEED,AXISBANK,BAJAJ-AUTO,BAJAJELEC,BAJAJFINSV,BAJAJHLDNG,BAJFINANCE,BALAMINES,BALKRISIND,BALRAMCHIN,BANDHANBNK,BANKBARODA,BANKINDIA,BASF,BATAINDIA,BAYERCROP,BBTC,BCG,BDL,BEL,BEML,BERGEPAINT,BHARATFORG,BHARTIARTL,BHARTIHEXA,BHEL,BIOCON,BIRLACORPN,BLUEDART,BLUESTARCO,BOSCHLTD,BPCL,BRIGADE,BRITANNIA,BSE,BSOFT,CAMS,CANBK,CANFINHOME,CAPLIPOINT,CARBORUNIV,CASTROLIND,CCL,CDSL,CEATLTD,CENTRALBK,CENTURYPLY,CERA,CESC,CGPOWER,CHALET,CHAMBLFERT,CHEMPLASTS,CHOLAFIN,CHOLAHLDNG,CIEINDIA,CIPLA,CLEAN,COALINDIA,COCHINSHIP,COFORGE,COHANCE,COLPAL,CONCOR,COROMANDEL,CREDITACC,CRISIL,CROMPTON,CUB,CUMMINSIND,CYIENT,DABUR,DALBHARAT,DBL,DBREALTY,DEEPAKNTR,DELTACORP,DEVYANI,DHANI,DIVISLAB,DIXON,DLF,DMART,DRREDDY,DUMMYHEG,EASEMYTRIP,ECLERX,EDELWEISS,EICHERMOT,EIDPARRY,EIHOTEL,ELGIEQUIP,EMAMILTD,ENDURANCE,ENGINERSIN,EPIGRAL,EQUITAS,EQUITASBNK,ERIS,ESCORTS,ETERNAL,EXIDEIND,FACT,FEDERALBNK,FINCABLES,FINEORG,FINPIPE,FLUOROCHEM,FORTIS,FSL,GAEL,GAIL,GALAXYSURF,GESHIP,GICRE,GILLETTE,GLAND,GLAXO,GLENMARK,GLS,GMRAIRPORT,GNFC,GOCOLORS,GODFRYPHLP,GODIGIT,GODREJAGRO,GODREJCP,GODREJIND,GODREJPROP,GPIL,GPPL,GRANULES,GRAPHITE,GRASIM,GRINDWELL,GRINFRA,GSFC,GSPL,GUJALKALI,GUJGASLTD,GVT&D,HAL,HAPPSTMNDS,HATHWAY,HATSUN,HAVELLS,HBLENGINE,HCLTECH,HDFC,HDFCAMC,HDFCBANK,HDFCLIFE,HEG,HEMIPROP,HEROMOTOCO,HFCL,HINDALCO,HINDCOPPER,HINDPETRO,HINDUNILVR,HINDZINC,HLEGLAS,HOMEFIRST,HONAUT,HUDCO,ICICIBANK,ICICIGI,ICICIPRULI,ICIL,IDBI,IDEA,IDFC,IDFCFIRSTB,IEX,IFCI,IGL,IIFL,INDGN,INDHOTEL,INDIACEM,INDIAMART,INDIANB,INDIGO,INDOCO,INDUSINDBK,INDUSTOWER,INFIBEAM,INFY,INOXINDIA,INOXLEISUR,INTELLECT,IOB,IOC,IPCALAB,IRB,IRCON,IRCTC,IREDA,IRFC,ITC,ITI,JAMNAAUTO,JBCHEPHARM,JINDALSAW,JINDALSTEL,JKCEMENT,JKLAKSHMI,JKTYRE,JMFINANCIL,JPPOWER,JSL,JSLHISAR,JSWDULUX,JSWENERGY,JSWSTEEL,JUBLFOOD,JUBLINGREA,JUBLPHARMA,JUSTDIAL,JYOTHYLAB,JYOTICNC,KAJARIACER,KALYANKJIL,KANSAINER,KARURVYSYA,KAYNES,KEC,KEI,KIMS,KIRLFER,KIRLOSBROS,KIRLOSENG,KNRCON,KOTAKBANK,KPIL,KPITTECH,KPRMILL,LALPATHLAB,LATENTVIEW,LAURUSLABS,LAXMIMACH,LICHSGFIN,LINDEINDIA,LODHA,LT,LTF,LTM,LTTS,LUPIN,LUXIND,M&M,M&MFIN,MAHABANK,MANAPPURAM,MAPMYINDIA,MARICO,MARUTI,MASTEK,MAXHEALTH,MAZDOCK,MCX,METROBRAND,METROPOLIS,MFSL,MGL,MINDACORP,MINDTREE,MMTC,MOIL,MOTILALOFS,MPHASIS,MRF,MRPL,MUTHOOTFIN,NAM-INDIA,NATCOPHARM,NATIONALUM,NAUKRI,NAVINFLUOR,NAZARA,NBCC,NCC,NESCO,NESTLEIND,NETWEB,NETWORK18,NEWGEN,NH,NHPC,NIACL,NLCINDIA,NMDC,NTPC,NUVOCO,NYKAA,OBEROIRLTY,OFSS,OIL,ONGC,ORIENTELEC,PAGEIND,PAYTM,PCBL,PEL,PERSISTENT,PETRONET,PFC,PFIZER,PGHH,PGHL,PHOENIXLTD,PIDILITIND,PIIND,PNB,PNBHOUSING,PNCINFRA,POLICYBZR,POLYCAB,POLYMED,POLYPLEX,POONAWALLA,POWERGRID,POWERINDIA,PRAJIND,PRESTIGE,PRIVISCL,PTCIL,PVRINOX,QUESS,RADICO,RAILTEL,RAIN,RAJESHEXPO,RALLIS,RAMCOCEM,RATNAMANI,RAYMONDLSL,RBLBANK,RCF,RECLTD,REDINGTON,RELAXO,RELIANCE,RENUKA,RHIM,RITES,ROSSARI,ROUTE,RTNINDIA,RVNL,SAIL,SAMMAANCAP,SANOFI,SAPPHIRE,SAREGAMA,SBICARD,SBILIFE,SBIN,SCHAEFFLER,SCI,SEQUENT,SFL,SHILPAMED,SHREECEM,SHRIRAMCIT,SHRIRAMFIN,SHYAMMETL,SIEMENS,SIS,SJVN,SKFINDIA,SOBHA,SOLARA,SOLARINDS,SONACOMS,SONATSOFTW,SPARC,SPICEJET,SRF,STAR,STARHEALTH,SUDARSCHEM,SUMICHEM,SUNDARMFIN,SUNDRMFAST,SUNPHARMA,SUNTV,SUPPETRO,SUPRAJIT,SUPREMEIND,SUZLON,SWANCORP,SWSOLAR,SYMPHONY,SYNGENE,SYRMA,TANLA,TATACHEM,TATACOFFEE,TATACOMM,TATACONSUM,TATAELXSI,TATAINVEST,TATAMTRDVR,TATAPOWER,TATASTEEL,TATASTLLP,TBOTEK,TCS,TEAMLEASE,TECHM,TECHNOE,THERMAX,THYROCARE,TIINDIA,TIMKEN,TITAN,TMPV,TORNTPHARM,TORNTPOWER,TRENT,TRIDENT,TRITURBINE,TTKPRESTIG,TTML,TV18BRDCST,TVSMOTOR,UBL,UCOBANK,UJJIVANSFB,ULTRACEMCO,UNIONBANK,UNITDSPR,UNOMINDA,UPL,USHAMART,UTIAMC,VAKRANGEE,VARROC,VBL,VEDL,VENKEYS,VGUARD,VIJAYA,VINATIORGA,VIPIND,VMART,VOLTAS,VTL,WELCORP,WELSPUNLIV,WESTLIFE,WHIRLPOOL,WIPRO,WOCKPHARMA,YESBANK,ZEEL,ZENSARTECH,ZFCVINDIA,ZYDUSLIFE,ZYDUSWELL"
2018-11-30,"360ONE,3MINDIA,AADHARHFC,AARTIDRUGS,AARTIIND,AAVAS,ABB,ABBOTINDIA,ABCAPITAL,ABFRL,ABREL,ABSLAMC,ACC,ADANIENSOL,ADANIENT,ADANIGREEN,ADANIPORTS,ADVENZYMES,AEGISLOG,AFFLE,AIAENG,AJANTPHARM,ALKEM,ALKYLAMINE,ALLCARGO,ALOKINDS,AMBER,AMBUJACEM,ANANTRAJ,ANGELONE,APLAPOLLO,APLLTD,APOLLOHOSP,APOLLOTYRE,APTUS,ARE&M,ASAHIINDIA,ASHOKLEY,ASIANPAINT,ASTERDM,ASTRAL,ASTRAZEN,ATGL,ATUL,AUBANK,AUROPHARMA,AVANTIFEED,AXISBANK,BAJAJ-AUTO,BAJAJELEC,BAJAJFINSV,BAJAJHLDNG,BAJFINANCE,BALAMINES,BALKRISIND,BALRAMCHIN,BANDHANBNK,BANKBARODA,BANKINDIA,BASF,BATAINDIA,BAYERCROP,BBTC,BCG,BDL,BEL,BEML,BERGEPAINT,BHARATFORG,BHARTIARTL,BHARTIHEXA,BHEL,BIOCON,BIRLACORPN,BLUEDART,BLUESTARCO,BOSCHLTD,BPCL,BRIGADE,BRITANNIA,BSE,BSOFT,CAMS,CANBK,CANFINHOME,CAPLIPOINT,CARBORUNIV,CASTROLIND,CCL,CDSL,CEATLTD,CENTRALBK,CENTURYPLY,CERA,CESC,CGPOWER,CHALET,CHAMBLFERT,CHEMPLASTS,CHOLAFIN,CHOLAHLDNG,CIEINDIA,CIPLA,CLEAN,COALINDIA,COCHINSHIP,COFORGE,COHANCE,COLPAL,CONCOR,COROMANDEL,CREDITACC,CRISIL,CROMPTON,CUB,CUMMINSIND,CYIENT,DABUR,DALBHARAT,DBL,DBREALTY,DEEPAKNTR,DELTACORP,DEVYANI,DHANI,DIVISLAB,DIXON,DLF,DMART,DRREDDY,DUMMYHEG,EASEMYTRIP,ECLERX,EDELWEISS,EICHERMOT,EIDPARRY,EIHOTEL,ELGIEQUIP,EMAMILTD,ENDURANCE,ENGINERSIN,EPIGRAL,EQUITAS,EQUITASBNK,ERIS,ESCORTS,ETERNAL,EXIDEIND,FACT,FEDERALBNK,FINCABLES,FINEORG,FINPIPE,FLUOROCHEM,FORTIS,FSL,GAEL,GAIL,GALAXYSURF,GESHIP,GICRE,GILLETTE,GLAND,GLAXO,GLENMARK,GLS,GMRAIRPORT,GNFC,GOCOLORS,GODFRYPHLP,GODIGIT,GODREJAGRO,GODREJCP,GODREJIND,GODREJPROP,GPIL,GPPL,GRANULES,GRAPHITE,GRASIM,GRINDWELL,GRINFRA,GSFC,GSPL,GUJALKALI,GUJGASLTD,GVT&D,HAL,HAPPSTMNDS,HATHWAY,HATSUN,HAVELLS,HBLENGINE,HCLTECH,HDFC,HDFCAMC,HDFCBANK,HDFCLIFE,HEG,HEMIPROP,HEROMOTOCO,HFCL,HINDALCO,HINDCOPPER,HINDPETRO,HINDUNILVR,HINDZINC,HLEGLAS,HOMEFIRST,HONAUT,HUDCO,ICICIBANK,ICICIGI,ICICIPRULI,ICIL,IDBI,IDEA,IDFC,IDFCFIRSTB,IEX,IFCI,IGL,IIFL,INDGN,INDHOTEL,INDIACEM,INDIAMART,INDIANB,INDIGO,INDOCO,INDUSINDBK,INDUSTOWER,INFIBEAM,INFY,INOXINDIA,INOXLEISUR,INTELLECT,IOB,IOC,IPCALAB,IRB,IRCON,IRCTC,IREDA,IRFC,ITC,ITI,JAMNAAUTO,JBCHEPHARM,JINDALSAW,JINDALSTEL,JKCEMENT,JKLAKSHMI,JKTYRE,JMFINANCIL,JPPOWER,JSL,JSLHISAR,JSWDULUX,JSWENERGY,JSWSTEEL,JUBLFOOD,JUBLINGREA,JUBLPHARMA,JUSTDIAL,JYOTHYLAB,JYOTICNC,KAJARIACER,KALYANKJIL,KANSAINER,KARURVYSYA,KAYNES,KEC,KEI,KIMS,KIRLFER,KIRLOSBROS,KIRLOSENG,KNRCON,KOTAKBANK,KPIL,KPITTECH,KPRMILL,LALPATHLAB,LATENTVIEW,LAURUSLABS,LAXMIMACH,LICHSGFIN,LINDEINDIA,LODHA,LT,LTF,LTM,LTTS,LUPIN,LUXIND,M&M,M&MFIN,MAHABANK,MANAPPURAM,MAPMYINDIA,MARICO,MARUTI,MASTEK,MAXHEALTH,MAZDOCK,MCX,METROBRAND,METROPOLIS,MFSL,MGL,MINDACORP,MINDTREE,MMTC,MOIL,MOTILALOFS,MPHASIS,MRF,MRPL,MUTHOOTFIN,NAM-INDIA,NATCOPHARM,NATIONALUM,NAUKRI,NAVINFLUOR,NAZARA,NBCC,NCC,NESCO,NESTLEIND,NETWEB,NETWORK18,NEWGEN,NH,NHPC,NIACL,NLCINDIA,NMDC,NTPC,NUVOCO,NYKAA,OBEROIRLTY,OFSS,OIL,ONGC,ORIENTELEC,PAGEIND,PAYTM,PCBL,PEL,PERSISTENT,PETRONET,PFC,PFIZER,PGHH,PGHL,PHOENIXLTD,PIDILITIND,PIIND,PNB,PNBHOUSING,PNCINFRA,POLICYBZR,POLYCAB,POLYMED,POLYPLEX,POONAWALLA,POWERGRID,POWERINDIA,PRAJIND,PRESTIGE,PRIVISCL,PTCIL,PVRINOX,QUESS,RADICO,RAILTEL,RAIN,RAJESHEXPO,RALLIS,RAMCOCEM,RATNAMANI,RAYMONDLSL,RBLBANK,RCF,RECLTD,REDINGTON,RELAXO,RELIANCE,RENUKA,RHIM,RITES,ROSSARI,ROUTE,RTNINDIA,RVNL,SAIL,SAMMAANCAP,SANOFI,SAPPHIRE,SAREGAMA,SBICARD,SBILIFE,SBIN,SCHAEFFLER,SCI,SEQUENT,SFL,SHILPAMED,SHREECEM,SHRIRAMCIT,SHRIRAMFIN,SHYAMMETL,SIEMENS,SIS,SJVN,SKFINDIA,SOBHA,SOLARA,SOLARINDS,SONACOMS,SONATSOFTW,SPARC,SPICEJET,SRF,STAR,STARHEALTH,SUDARSCHEM,SUMICHEM,SUNDARMFIN,SUNDRMFAST,SUNPHARMA,SUNTV,SUPPETRO,SUPRAJIT,SUPREMEIND,SUZLON,SWANCORP,SWSOLAR,SYMPHONY,SYNGENE,SYRMA,TANLA,TATACHEM,TATACOFFEE,TATACOMM,TATACONSUM,TATAELXSI,TATAINVEST,TATAMTRDVR,TATAPOWER,TATASTEEL,TATASTLLP,TBOTEK,TCS,TEAMLEASE,TECHM,TECHNOE,THERMAX,THYROCARE,TIINDIA,TIMKEN,TITAN,TMPV,TORNTPHARM,TORNTPOWER,TRENT,TRIDENT,TRITURBINE,TTKPRESTIG,TTML,TV18BRDCST,TVSMOTOR,UBL,UCOBANK,UJJIVANSFB,ULTRACEMCO,UNIONBANK,UNITDSPR,UNOMINDA,UPL,USHAMART,UTIAMC,VAKRANGEE,VARROC,VBL,VEDL,VENKEYS,VGUARD,VIJAYA,VINATIORGA,VIPIND,VMART,VOLTAS,VTL,WELCORP,WELSPUNLIV,WESTLIFE,WHIRLPOOL,WIPRO,WOCKPHARMA,YESBANK,ZEEL,ZENSARTECH,ZFCVINDIA,ZYDUSLIFE,ZYDUSWELL"
2018-12-31,"360ONE,3MINDIA,AADHARHFC,AARTIDRUGS,AARTIIND,AAVAS,ABB,ABBOTINDIA,ABCAPITAL,ABFRL,ABREL,ABSLAMC,ACC,ADANIENSOL,ADANIENT,ADANIGREEN,ADANIPORTS,ADVENZYMES,AEGISLOG,AFFLE,AIAENG,AJANTPHARM,ALKEM,ALKYLAMINE,ALLCARGO,ALOKINDS,AMBER,AMBUJACEM,ANANTRAJ,ANGELONE,APLAPOLLO,APLLTD,APOLLOHOSP,APOLLOTYRE,APTUS,ARE&M,ASAHIINDIA,ASHOKLEY,ASIANPAINT,ASTERDM,ASTRAL,ASTRAZEN,ATGL,ATUL,AUBANK,AUROPHARMA,AVANTIFEED,AXISBANK,BAJAJ-AUTO,BAJAJELEC,BAJAJFINSV,BAJAJHLDNG,BAJFINANCE,BALAMINES,BALKRISIND,BALRAMCHIN,BANDHANBNK,BANKBARODA,BANKINDIA,BASF,BATAINDIA,BAYERCROP,BBTC,BCG,BDL,BEL,BEML,BERGEPAINT,BHARATFORG,BHARTIARTL,BHARTIHEXA,BHEL,BIOCON,BIRLACORPN,BLUEDART,BLUESTARCO,BOSCHLTD,BPCL,BRIGADE,BRITANNIA,BSE,BSOFT,CAMS,CANBK,CANFINHOME,CAPLIPOINT,CARBORUNIV,CASTROLIND,CCL,CDSL,CEATLTD,CENTRALBK,CENTURYPLY,CERA,CESC,CGPOWER,CHALET,CHAMBLFERT,CHEMPLASTS,CHOLAFIN,CHOLAHLDNG,CIEINDIA,CIPLA,CLEAN,COALINDIA,COCHINSHIP,COFORGE,COHANCE,COLPAL,CONCOR,COROMANDEL,CREDITACC,CRISIL,CROMPTON,CUB,CUMMINSIND,CYIENT,DABUR,DALBHARAT,DBL,DBREALTY,DEEPAKNTR,DELTACORP,DEVYANI,DHANI,DIVISLAB,DIXON,DLF,DMART,DRREDDY,DUMMYHEG,EASEMYTRIP,ECLERX,EDELWEISS,EICHERMOT,EIDPARRY,EIHOTEL,ELGIEQUIP,EMAMILTD,ENDURANCE,ENGINERSIN,EPIGRAL,EQUITAS,EQUITASBNK,ERIS,ESCORTS,ETERNAL,EXIDEIND,FACT,FEDERALBNK,FINCABLES,FINEORG,FINPIPE,FLUOROCHEM,FORTIS,FSL,GAEL,GAIL,GALAXYSURF,GESHIP,GICRE,GILLETTE,GLAND,GLAXO,GLENMARK,GLS,GMRAIRPORT,GNFC,GOCOLORS,GODFRYPHLP,GODIGIT,GODREJAGRO,GODREJCP,GODREJIND,GODREJPROP,GPIL,GPPL,GRANULES,GRAPHITE,GRASIM,GRINDWELL,GRINFRA,GSFC,GSPL,GUJALKALI,GUJGASLTD,GVT&D,HAL,HAPPSTMNDS,HATHWAY,HATSUN,HAVELLS,HBLENGINE,HCLTECH,HDFC,HDFCAMC,HDFCBANK,HDFCLIFE,HEG,HEMIPROP,HEROMOTOCO,HFCL,HINDALCO,HINDCOPPER,HINDPETRO,HINDUNILVR,HINDZINC,HLEGLAS,HOMEFIRST,HONAUT,HUDCO,ICICIBANK,ICICIGI,ICICIPRULI,ICIL,IDBI,IDEA,IDFC,IDFCFIRSTB,IEX,IFCI,IGL,IIFL,INDGN,INDHOTEL,INDIACEM,INDIAMART,INDIANB,INDIGO,INDOCO,INDUSINDBK,INDUSTOWER,INFIBEAM,INFY,INOXINDIA,INOXLEISUR,INTELLECT,IOB,IOC,IPCALAB,IRB,IRCON,IRCTC,IREDA,IRFC,ITC,ITI,JAMNAAUTO,JBCHEPHARM,JINDALSAW,JINDALSTEL,JKCEMENT,JKLAKSHMI,JKTYRE,JMFINANCIL,JPPOWER,JSL,JSLHISAR,JSWDULUX,JSWENERGY,JSWSTEEL,JUBLFOOD,JUBLINGREA,JUBLPHARMA,JUSTDIAL,JYOTHYLAB,JYOTICNC,KAJARIACER,KALYANKJIL,KANSAINER,KARURVYSYA,KAYNES,KEC,KEI,KIMS,KIRLFER,KIRLOSBROS,KIRLOSENG,KNRCON,KOTAKBANK,KPIL,KPITTECH,KPRMILL,LALPATHLAB,LATENTVIEW,LAURUSLABS,LAXMIMACH,LICHSGFIN,LINDEINDIA,LODHA,LT,LTF,LTM,LTTS,LUPIN,LUXIND,M&M,M&MFIN,MAHABANK,MANAPPURAM,MAPMYINDIA,MARICO,MARUTI,MASTEK,MAXHEALTH,MAZDOCK,MCX,METROBRAND,METROPOLIS,MFSL,MGL,MINDACORP,MINDTREE,MMTC,MOIL,MOTILALOFS,MPHASIS,MRF,MRPL,MUTHOOTFIN,NAM-INDIA,NATCOPHARM,NATIONALUM,NAUKRI,NAVINFLUOR,NAZARA,NBCC,NCC,NESCO,NESTLEIND,NETWEB,NETWORK18,NEWGEN,NH,NHPC,NIACL,NLCINDIA,NMDC,NTPC,NUVOCO,NYKAA,OBEROIRLTY,OFSS,OIL,ONGC,ORIENTELEC,PAGEIND,PAYTM,PCBL,PEL,PERSISTENT,PETRONET,PFC,PFIZER,PGHH,PGHL,PHOENIXLTD,PIDILITIND,PIIND,PNB,PNBHOUSING,PNCINFRA,POLICYBZR,POLYCAB,POLYMED,POLYPLEX,POONAWALLA,POWERGRID,POWERINDIA,PRAJIND,PRESTIGE,PRIVISCL,PTCIL,PVRINOX,QUESS,RADICO,RAILTEL,RAIN,RAJESHEXPO,RALLIS,RAMCOCEM,RATNAMANI,RAYMONDLSL,RBLBANK,RCF,RECLTD,REDINGTON,RELAXO,RELIANCE,RENUKA,RHIM,RITES,ROSSARI,ROUTE,RTNINDIA,RVNL,SAIL,SAMMAANCAP,SANOFI,SAPPHIRE,SAREGAMA,SBICARD,SBILIFE,SBIN,SCHAEFFLER,SCI,SEQUENT,SFL,SHILPAMED,SHREECEM,SHRIRAMCIT,SHRIRAMFIN,SHYAMMETL,SIEMENS,SIS,SJVN,SKFINDIA,SOBHA,SOLARA,SOLARINDS,SONACOMS,SONATSOFTW,SPARC,SPICEJET,SRF,STAR,STARHEALTH,SUDARSCHEM,SUMICHEM,SUNDARMFIN,SUNDRMFAST,SUNPHARMA,SUNTV,SUPPETRO,SUPRAJIT,SUPREMEIND,SUZLON,SWANCORP,SWSOLAR,SYMPHONY,SYNGENE,SYRMA,TANLA,TATACHEM,TATACOFFEE,TATACOMM,TATACONSUM,TATAELXSI,TATAINVEST,TATAMTRDVR,TATAPOWER,TATASTEEL,TATASTLLP,TBOTEK,TCS,TEAMLEASE,TECHM,TECHNOE,THERMAX,THYROCARE,TIINDIA,TIMKEN,TITAN,TMPV,TORNTPHARM,TORNTPOWER,TRENT,TRIDENT,TRITURBINE,TTKPRESTIG,TTML,TV18BRDCST,TVSMOTOR,UBL,UCOBANK,UJJIVANSFB,ULTRACEMCO,UNIONBANK,UNITDSPR,UNOMINDA,UPL,USHAMART,UTIAMC,VAKRANGEE,VARROC,VBL,VEDL,VENKEYS,VGUARD,VIJAYA,VINATIORGA,VIPIND,VMART,VOLTAS,VTL,WELCORP,WELSPUNLIV,WESTLIFE,WHIRLPOOL,WIPRO,WOCKPHARMA,YESBANK,ZEEL,ZENSARTECH,ZFCVINDIA,ZYDUSLIFE,ZYDUSWELL"
2019-01-31,"360ONE,3MINDIA,AADHARHFC,AARTIDRUGS,AARTIIND,AAVAS,ABB,ABBOTINDIA,ABCAPITAL,ABFRL,ABREL,ABSLAMC,ACC,ADANIENSOL,ADANIENT,ADANIGREEN,ADANIPORTS,ADVENZYMES,AEGISLOG,AFFLE,AIAENG,AJANTPHARM,ALKEM,ALKYLAMINE,ALLCARGO,ALOKINDS,AMBER,AMBUJACEM,ANANTRAJ,ANGELONE,APLAPOLLO,APLLTD,APOLLOHOSP,APOLLOTYRE,APTUS,ARE&M,ASAHIINDIA,ASHOKLEY,ASIANPAINT,ASTERDM,ASTRAL,ASTRAZEN,ATGL,ATUL,AUBANK,AUROPHARMA,AVANTIFEED,AXISBANK,BAJAJ-AUTO,BAJAJELEC,BAJAJFINSV,BAJAJHLDNG,BAJFINANCE,BALAMINES,BALKRISIND,BALRAMCHIN,BANDHANBNK,BANKBARODA,BANKINDIA,BASF,BATAINDIA,BAYERCROP,BBTC,BCG,BDL,BEL,BEML,BERGEPAINT,BHARATFORG,BHARTIARTL,BHARTIHEXA,BHEL,BIOCON,BIRLACORPN,BLUEDART,BLUESTARCO,BOSCHLTD,BPCL,BRIGADE,BRITANNIA,BSE,BSOFT,CAMS,CANBK,CANFINHOME,CAPLIPOINT,CARBORUNIV,CASTROLIND,CCL,CDSL,CEATLTD,CENTRALBK,CENTURYPLY,CERA,CESC,CGPOWER,CHALET,CHAMBLFERT,CHEMPLASTS,CHOLAFIN,CHOLAHLDNG,CIEINDIA,CIPLA,CLEAN,COALINDIA,COCHINSHIP,COFORGE,COHANCE,COLPAL,CONCOR,COROMANDEL,CREDITACC,CRISIL,CROMPTON,CUB,CUMMINSIND,CYIENT,DABUR,DALBHARAT,DBL,DBREALTY,DEEPAKNTR,DELTACORP,DEVYANI,DHANI,DIVISLAB,DIXON,DLF,DMART,DRREDDY,DUMMYHEG,EASEMYTRIP,ECLERX,EDELWEISS,EICHERMOT,EIDPARRY,EIHOTEL,ELGIEQUIP,EMAMILTD,ENDURANCE,ENGINERSIN,EPIGRAL,EQUITAS,EQUITASBNK,ERIS,ESCORTS,ETERNAL,EXIDEIND,FACT,FEDERALBNK,FINCABLES,FINEORG,FINPIPE,FLUOROCHEM,FORTIS,FSL,GAEL,GAIL,GALAXYSURF,GESHIP,GICRE,GILLETTE,GLAND,GLAXO,GLENMARK,GLS,GMRAIRPORT,GNFC,GOCOLORS,GODFRYPHLP,GODIGIT,GODREJAGRO,GODREJCP,GODREJIND,GODREJPROP,GPIL,GPPL,GRANULES,GRAPHITE,GRASIM,GRINDWELL,GRINFRA,GSFC,GSPL,GUJALKALI,GUJGASLTD,GVT&D,HAL,HAPPSTMNDS,HATHWAY,HATSUN,HAVELLS,HBLENGINE,HCLTECH,HDFC,HDFCAMC,HDFCBANK,HDFCLIFE,HEG,HEMIPROP,HEROMOTOCO,HFCL,HINDALCO,HINDCOPPER,HINDPETRO,HINDUNILVR,HINDZINC,HLEGLAS,HOMEFIRST,HONAUT,HUDCO,ICICIBANK,ICICIGI,ICICIPRULI,ICIL,IDBI,IDEA,IDFC,IDFCFIRSTB,IEX,IFCI,IGL,IIFL,INDGN,INDHOTEL,INDIACEM,INDIAMART,INDIANB,INDIGO,INDOCO,INDUSINDBK,INDUSTOWER,INFIBEAM,INFY,INOXINDIA,INOXLEISUR,INTELLECT,IOB,IOC,IPCALAB,IRB,IRCON,IRCTC,IREDA,IRFC,ITC,ITI,JAMNAAUTO,JBCHEPHARM,JINDALSAW,JINDALSTEL,JKCEMENT,JKLAKSHMI,JKTYRE,JMFINANCIL,JPPOWER,JSL,JSLHISAR,JSWDULUX,JSWENERGY,JSWSTEEL,JUBLFOOD,JUBLINGREA,JUBLPHARMA,JUSTDIAL,JYOTHYLAB,JYOTICNC,KAJARIACER,KALYANKJIL,KANSAINER,KARURVYSYA,KAYNES,KEC,KEI,KIMS,KIRLFER,KIRLOSBROS,KIRLOSENG,KNRCON,KOTAKBANK,KPIL,KPITTECH,KPRMILL,LALPATHLAB,LATENTVIEW,LAURUSLABS,LAXMIMACH,LICHSGFIN,LINDEINDIA,LODHA,LT,LTF,LTM,LTTS,LUPIN,LUXIND,M&M,M&MFIN,MAHABANK,MANAPPURAM,MAPMYINDIA,MARICO,MARUTI,MASTEK,MAXHEALTH,MAZDOCK,MCX,METROBRAND,METROPOLIS,MFSL,MGL,MINDACORP,MINDTREE,MMTC,MOIL,MOTILALOFS,MPHASIS,MRF,MRPL,MUTHOOTFIN,NAM-INDIA,NATCOPHARM,NATIONALUM,NAUKRI,NAVINFLUOR,NAZARA,NBCC,NCC,NESCO,NESTLEIND,NETWEB,NETWORK18,NEWGEN,NH,NHPC,NIACL,NLCINDIA,NMDC,NTPC,NUVOCO,NYKAA,OBEROIRLTY,OFSS,OIL,ONGC,ORIENTELEC,PAGEIND,PAYTM,PCBL,PEL,PERSISTENT,PETRONET,PFC,PFIZER,PGHH,PGHL,PHOENIXLTD,PIDILITIND,PIIND,PNB,PNBHOUSING,PNCINFRA,POLICYBZR,POLYCAB,POLYMED,POLYPLEX,POONAWALLA,POWERGRID,POWERINDIA,PRAJIND,PRESTIGE,PRIVISCL,PTCIL,PVRINOX,QUESS,RADICO,RAILTEL,RAIN,RAJESHEXPO,RALLIS,RAMCOCEM,RATNAMANI,RAYMONDLSL,RBLBANK,RCF,RECLTD,REDINGTON,RELAXO,RELIANCE,RENUKA,RHIM,RITES,ROSSARI,ROUTE,RTNINDIA,RVNL,SAIL,SAMMAANCAP,SANOFI,SAPPHIRE,SAREGAMA,SBICARD,SBILIFE,SBIN,SCHAEFFLER,SCI,SEQUENT,SFL,SHILPAMED,SHREECEM,SHRIRAMCIT,SHRIRAMFIN,SHYAMMETL,SIEMENS,SIS,SJVN,SKFINDIA,SOBHA,SOLARA,SOLARINDS,SONACOMS,SONATSOFTW,SPARC,SPICEJET,SRF,STAR,STARHEALTH,SUDARSCHEM,SUMICHEM,SUNDARMFIN,SUNDRMFAST,SUNPHARMA,SUNTV,SUPPETRO,SUPRAJIT,SUPREMEIND,SUZLON,SWANCORP,SWSOLAR,SYMPHONY,SYNGENE,SYRMA,TANLA,TATACHEM,TATACOFFEE,TATACOMM,TATACONSUM,TATAELXSI,TATAINVEST,TATAMTRDVR,TATAPOWER,TATASTEEL,TATASTLLP,TBOTEK,TCS,TEAMLEASE,TECHM,TECHNOE,THERMAX,THYROCARE,TIINDIA,TIMKEN,TITAN,TMPV,TORNTPHARM,TORNTPOWER,TRENT,TRIDENT,TRITURBINE,TTKPRESTIG,TTML,TV18BRDCST,TVSMOTOR,UBL,UCOBANK,UJJIVANSFB,ULTRACEMCO,UNIONBANK,UNITDSPR,UNOMINDA,UPL,USHAMART,UTIAMC,VAKRANGEE,VARROC,VBL,VEDL,VENKEYS,VGUARD,VIJAYA,VINATIORGA,VIPIND,VMART,VOLTAS,VTL,WELCORP,WELSPUNLIV,WESTLIFE,WHIRLPOOL,WIPRO,WOCKPHARMA,YESBANK,ZEEL,ZENSARTECH,ZFCVINDIA,ZYDUSLIFE,ZYDUSWELL"
2019-02-28,"360ONE,3MINDIA,AADHARHFC,AARTIDRUGS,AARTIIND,AAVAS,ABB,ABBOTINDIA,ABCAPITAL,ABFRL,ABREL,ABSLAMC,ACC,ADANIENSOL,ADANIENT,ADANIGREEN,ADANIPORTS,ADVENZYMES,AEGISLOG,AFFLE,AIAENG,AJANTPHARM,ALKEM,ALKYLAMINE,ALLCARGO,ALOKINDS,AMBER,AMBUJACEM,ANANTRAJ,ANGELONE,APLAPOLLO,APLLTD,APOLLOHOSP,APOLLOTYRE,APTUS,ARE&M,ASAHIINDIA,ASHOKLEY,ASIANPAINT,ASTERDM,ASTRAL,ASTRAZEN,ATGL,ATUL,AUBANK,AUROPHARMA,AVANTIFEED,AXISBANK,BAJAJ-AUTO,BAJAJELEC,BAJAJFINSV,BAJAJHLDNG,BAJFINANCE,BALAMINES,BALKRISIND,BALRAMCHIN,BANDHANBNK,BANKBARODA,BANKINDIA,BASF,BATAINDIA,BAYERCROP,BBTC,BCG,BDL,BEL,BEML,BERGEPAINT,BHARATFORG,BHARTIARTL,BHARTIHEXA,BHEL,BIOCON,BIRLACORPN,BLUEDART,BLUESTARCO,BOSCHLTD,BPCL,BRIGADE,BRITANNIA,BSE,BSOFT,CAMS,CANBK,CANFINHOME,CAPLIPOINT,CARBORUNIV,CASTROLIND,CCL,CDSL,CEATLTD,CENTRALBK,CENTURYPLY,CERA,CESC,CGPOWER,CHALET,CHAMBLFERT,CHEMPLASTS,CHOLAFIN,CHOLAHLDNG,CIEINDIA,CIPLA,CLEAN,COALINDIA,COCHINSHIP,COFORGE,COHANCE,COLPAL,CONCOR,COROMANDEL,CREDITACC,CRISIL,CROMPTON,CUB,CUMMINSIND,CYIENT,DABUR,DALBHARAT,DBL,DBREALTY,DEEPAKNTR,DELTACORP,DEVYANI,DHANI,DIVISLAB,DIXON,DLF,DMART,DRREDDY,DUMMYHEG,EASEMYTRIP,ECLERX,EDELWEISS,EICHERMOT,EIDPARRY,EIHOTEL,ELGIEQUIP,EMAMILTD,ENDURANCE,ENGINERSIN,EPIGRAL,EQUITAS,EQUITASBNK,ERIS,ESCORTS,ETERNAL,EXIDEIND,FACT,FEDERALBNK,FINCABLES,FINEORG,FINPIPE,FLUOROCHEM,FORTIS,FSL,GAEL,GAIL,GALAXYSURF,GESHIP,GICRE,GILLETTE,GLAND,GLAXO,GLENMARK,GLS,GMRAIRPORT,GNFC,GOCOLORS,GODFRYPHLP,GODIGIT,GODREJAGRO,GODREJCP,GODREJIND,GODREJPROP,GPIL,GPPL,GRANULES,GRAPHITE,GRASIM,GRINDWELL,GRINFRA,GSFC,GSPL,GUJALKALI,GUJGASLTD,GVT&D,HAL,HAPPSTMNDS,HATHWAY,HATSUN,HAVELLS,HBLENGINE,HCLTECH,HDFC,HDFCAMC,HDFCBANK,HDFCLIFE,HEG,HEMIPROP,HEROMOTOCO,HFCL,HINDALCO,HINDCOPPER,HINDPETRO,HINDUNILVR,HINDZINC,HLEGLAS,HOMEFIRST,HONAUT,HUDCO,ICICIBANK,ICICIGI,ICICIPRULI,ICIL,IDBI,IDEA,IDFC,IDFCFIRSTB,IEX,IFCI,IGL,IIFL,INDGN,INDHOTEL,INDIACEM,INDIAMART,INDIANB,INDIGO,INDOCO,INDUSINDBK,INDUSTOWER,INFIBEAM,INFY,INOXINDIA,INOXLEISUR,INTELLECT,IOB,IOC,IPCALAB,IRB,IRCON,IRCTC,IREDA,IRFC,ITC,ITI,JAMNAAUTO,JBCHEPHARM,JINDALSAW,JINDALSTEL,JKCEMENT,JKLAKSHMI,JKTYRE,JMFINANCIL,JPPOWER,JSL,JSLHISAR,JSWDULUX,JSWENERGY,JSWSTEEL,JUBLFOOD,JUBLINGREA,JUBLPHARMA,JUSTDIAL,JYOTHYLAB,JYOTICNC,KAJARIACER,KALYANKJIL,KANSAINER,KARURVYSYA,KAYNES,KEC,KEI,KIMS,KIRLFER,KIRLOSBROS,KIRLOSENG,KNRCON,KOTAKBANK,KPIL,KPITTECH,KPRMILL,LALPATHLAB,LATENTVIEW,LAURUSLABS,LAXMIMACH,LICHSGFIN,LINDEINDIA,LODHA,LT,LTF,LTM,LTTS,LUPIN,LUXIND,M&M,M&MFIN,MAHABANK,MANAPPURAM,MAPMYINDIA,MARICO,MARUTI,MASTEK,MAXHEALTH,MAZDOCK,MCX,METROBRAND,METROPOLIS,MFSL,MGL,MINDACORP,MINDTREE,MMTC,MOIL,MOTILALOFS,MPHASIS,MRF,MRPL,MUTHOOTFIN,NAM-INDIA,NATCOPHARM,NATIONALUM,NAUKRI,NAVINFLUOR,NAZARA,NBCC,NCC,NESCO,NESTLEIND,NETWEB,NETWORK18,NEWGEN,NH,NHPC,NIACL,NLCINDIA,NMDC,NTPC,NUVOCO,NYKAA,OBEROIRLTY,OFSS,OIL,ONGC,ORIENTELEC,PAGEIND,PAYTM,PCBL,PEL,PERSISTENT,PETRONET,PFC,PFIZER,PGHH,PGHL,PHOENIXLTD,PIDILITIND,PIIND,PNB,PNBHOUSING,PNCINFRA,POLICYBZR,POLYCAB,POLYMED,POLYPLEX,POONAWALLA,POWERGRID,POWERINDIA,PRAJIND,PRESTIGE,PRIVISCL,PTCIL,PVRINOX,QUESS,RADICO,RAILTEL,RAIN,RAJESHEXPO,RALLIS,RAMCOCEM,RATNAMANI,RAYMONDLSL,RBLBANK,RCF,RECLTD,REDINGTON,RELAXO,RELIANCE,RENUKA,RHIM,RITES,ROSSARI,ROUTE,RTNINDIA,RVNL,SAIL,SAMMAANCAP,SANOFI,SAPPHIRE,SAREGAMA,SBICARD,SBILIFE,SBIN,SCHAEFFLER,SCI,SEQUENT,SFL,SHILPAMED,SHREECEM,SHRIRAMCIT,SHRIRAMFIN,SHYAMMETL,SIEMENS,SIS,SJVN,SKFINDIA,SOBHA,SOLARA,SOLARINDS,SONACOMS,SONATSOFTW,SPARC,SPICEJET,SRF,STAR,STARHEALTH,SUDARSCHEM,SUMICHEM,SUNDARMFIN,SUNDRMFAST,SUNPHARMA,SUNTV,SUPPETRO,SUPRAJIT,SUPREMEIND,SUZLON,SWANCORP,SWSOLAR,SYMPHONY,SYNGENE,SYRMA,TANLA,TATACHEM,TATACOFFEE,TATACOMM,TATACONSUM,TATAELXSI,TATAINVEST,TATAMTRDVR,TATAPOWER,TATASTEEL,TATASTLLP,TBOTEK,TCS,TEAMLEASE,TECHM,TECHNOE,THERMAX,THYROCARE,TIINDIA,TIMKEN,TITAN,TMPV,TORNTPHARM,TORNTPOWER,TRENT,TRIDENT,TRITURBINE,TTKPRESTIG,TTML,TV18BRDCST,TVSMOTOR,UBL,UCOBANK,UJJIVANSFB,ULTRACEMCO,UNIONBANK,UNITDSPR,UNOMINDA,UPL,USHAMART,UTIAMC,VAKRANGEE,VARROC,VBL,VEDL,VENKEYS,VGUARD,VIJAYA,VINATIORGA,VIPIND,VMART,VOLTAS,VTL,WELCORP,WELSPUNLIV,WESTLIFE,WHIRLPOOL,WIPRO,WOCKPHARMA,YESBANK,ZEEL,ZENSARTECH,ZFCVINDIA,ZYDUSLIFE,ZYDUSWELL"
2019-03-31,"360ONE,3MINDIA,AADHARHFC,AARTIDRUGS,AARTIIND,AAVAS,ABB,ABBOTINDIA,ABCAPITAL,ABFRL,ABREL,ABSLAMC,ACC,ADANIENSOL,ADANIENT,ADANIGREEN,ADANIPORTS,ADVENZYMES,AEGISLOG,AFFLE,AIAENG,AJANTPHARM,ALKEM,ALKYLAMINE,ALLCARGO,ALOKINDS,AMBER,AMBUJACEM,ANANTRAJ,ANGELONE,APLAPOLLO,APLLTD,APOLLOHOSP,APOLLOTYRE,APTUS,ARE&M,ASAHIINDIA,ASHOKLEY,ASIANPAINT,ASTERDM,ASTRAL,ASTRAZEN,ATGL,ATUL,AUBANK,AUROPHARMA,AVANTIFEED,AXISBANK,BAJAJ-AUTO,BAJAJELEC,BAJAJFINSV,BAJAJHLDNG,BAJFINANCE,BALAMINES,BALKRISIND,BALRAMCHIN,BANDHANBNK,BANKBARODA,BANKINDIA,BASF,BATAINDIA,BAYERCROP,BBTC,BCG,BDL,BEL,BEML,BERGEPAINT,BHARATFORG,BHARTIARTL,BHARTIHEXA,BHEL,BIOCON,BIRLACORPN,BLUEDART,BLUESTARCO,BOSCHLTD,BPCL,BRIGADE,BRITANNIA,BSE,BSOFT,CAMS,CANBK,CANFINHOME,CAPLIPOINT,CARBORUNIV,CASTROLIND,CCL,CDSL,CEATLTD,CENTRALBK,CENTURYPLY,CERA,CESC,CGPOWER,CHALET,CHAMBLFERT,CHEMPLASTS,CHOLAFIN,CHOLAHLDNG,CIEINDIA,CIPLA,CLEAN,COALINDIA,COCHINSHIP,COFORGE,COHANCE,COLPAL,CONCOR,COROMANDEL,CREDITACC,CRISIL,CROMPTON,CUB,CUMMINSIND,CYIENT,DABUR,DALBHARAT,DBL,DBREALTY,DEEPAKNTR,DELTACORP,DEVYANI,DHANI,DIVISLAB,DIXON,DLF,DMART,DRREDDY,DUMMYHEG,EASEMYTRIP,ECLERX,EDELWEISS,EICHERMOT,EIDPARRY,EIHOTEL,ELGIEQUIP,EMAMILTD,ENDURANCE,ENGINERSIN,EPIGRAL,EQUITAS,EQUITASBNK,ERIS,ESCORTS,ETERNAL,EXIDEIND,FACT,FEDERALBNK,FINCABLES,FINEORG,FINPIPE,FLUOROCHEM,FORTIS,FSL,GAEL,GAIL,GALAXYSURF,GESHIP,GICRE,GILLETTE,GLAND,GLAXO,GLENMARK,GLS,GMRAIRPORT,GNFC,GOCOLORS,GODFRYPHLP,GODIGIT,GODREJAGRO,GODREJCP,GODREJIND,GODREJPROP,GPIL,GPPL,GRANULES,GRAPHITE,GRASIM,GRINDWELL,GRINFRA,GSFC,GSPL,GUJALKALI,GUJGASLTD,GVT&D,HAL,HAPPSTMNDS,HATHWAY,HATSUN,HAVELLS,HBLENGINE,HCLTECH,HDFC,HDFCAMC,HDFCBANK,HDFCLIFE,HEG,HEMIPROP,HEROMOTOCO,HFCL,HINDALCO,HINDCOPPER,HINDPETRO,HINDUNILVR,HINDZINC,HLEGLAS,HOMEFIRST,HONAUT,HUDCO,ICICIBANK,ICICIGI,ICICIPRULI,ICIL,IDBI,IDEA,IDFC,IDFCFIRSTB,IEX,IFCI,IGL,IIFL,INDGN,INDHOTEL,INDIACEM,INDIAMART,INDIANB,INDIGO,INDOCO,INDUSINDBK,INDUSTOWER,INFIBEAM,INFY,INOXINDIA,INOXLEISUR,INTELLECT,IOB,IOC,IPCALAB,IRB,IRCON,IRCTC,IREDA,IRFC,ITC,ITI,JAMNAAUTO,JBCHEPHARM,JINDALSAW,JINDALSTEL,JKCEMENT,JKLAKSHMI,JKTYRE,JMFINANCIL,JPPOWER,JSL,JSLHISAR,JSWDULUX,JSWENERGY,JSWSTEEL,JUBLFOOD,JUBLINGREA,JUBLPHARMA,JUSTDIAL,JYOTHYLAB,JYOTICNC,KAJARIACER,KALYANKJIL,KANSAINER,KARURVYSYA,KAYNES,KEC,KEI,KIMS,KIRLFER,KIRLOSBROS,KIRLOSENG,KNRCON,KOTAKBANK,KPIL,KPITTECH,KPRMILL,LALPATHLAB,LATENTVIEW,LAURUSLABS,LAXMIMACH,LICHSGFIN,LINDEINDIA,LODHA,LT,LTF,LTM,LTTS,LUPIN,LUXIND,M&M,M&MFIN,MAHABANK,MANAPPURAM,MAPMYINDIA,MARICO,MARUTI,MASTEK,MAXHEALTH,MAZDOCK,MCX,METROBRAND,METROPOLIS,MFSL,MGL,MINDACORP,MINDTREE,MMTC,MOIL,MOTILALOFS,MPHASIS,MRF,MRPL,MUTHOOTFIN,NAM-INDIA,NATCOPHARM,NATIONALUM,NAUKRI,NAVINFLUOR,NAZARA,NBCC,NCC,NESCO,NESTLEIND,NETWEB,NETWORK18,NEWGEN,NH,NHPC,NIACL,NLCINDIA,NMDC,NTPC,NUVOCO,NYKAA,OBEROIRLTY,OFSS,OIL,ONGC,ORIENTELEC,PAGEIND,PAYTM,PCBL,PEL,PERSISTENT,PETRONET,PFC,PFIZER,PGHH,PGHL,PHOENIXLTD,PIDILITIND,PIIND,PNB,PNBHOUSING,PNCINFRA,POLICYBZR,POLYCAB,POLYMED,POLYPLEX,POONAWALLA,POWERGRID,POWERINDIA,PRAJIND,PRESTIGE,PRIVISCL,PTCIL,PVRINOX,QUESS,RADICO,RAILTEL,RAIN,RAJESHEXPO,RALLIS,RAMCOCEM,RATNAMANI,RAYMONDLSL,RBLBANK,RCF,RECLTD,REDINGTON,RELAXO,RELIANCE,RENUKA,RHIM,RITES,ROSSARI,ROUTE,RTNINDIA,RVNL,SAIL,SAMMAANCAP,SANOFI,SAPPHIRE,SAREGAMA,SBICARD,SBILIFE,SBIN,SCHAEFFLER,SCI,SEQUENT,SFL,SHILPAMED,SHREECEM,SHRIRAMCIT,SHRIRAMFIN,SHYAMMETL,SIEMENS,SIS,SJVN,SKFINDIA,SOBHA,SOLARA,SOLARINDS,SONACOMS,SONATSOFTW,SPARC,SPICEJET,SRF,STAR,STARHEALTH,SUDARSCHEM,SUMICHEM,SUNDARMFIN,SUNDRMFAST,SUNPHARMA,SUNTV,SUPPETRO,SUPRAJIT,SUPREMEIND,SUZLON,SWANCORP,SWSOLAR,SYMPHONY,SYNGENE,SYRMA,TANLA,TATACHEM,TATACOFFEE,TATACOMM,TATACONSUM,TATAELXSI,TATAINVEST,TATAMTRDVR,TATAPOWER,TATASTEEL,TATASTLLP,TBOTEK,TCS,TEAMLEASE,TECHM,TECHNOE,THERMAX,THYROCARE,TIINDIA,TIMKEN,TITAN,TMPV,TORNTPHARM,TORNTPOWER,TRENT,TRIDENT,TRITURBINE,TTKPRESTIG,TTML,TV18BRDCST,TVSMOTOR,UBL,UCOBANK,UJJIVANSFB,ULTRACEMCO,UNIONBANK,UNITDSPR,UNOMINDA,UPL,USHAMART,UTIAMC,VAKRANGEE,VARROC,VBL,VEDL,VENKEYS,VGUARD,VIJAYA,VINATIORGA,VIPIND,VMART,VOLTAS,VTL,WELCORP,WELSPUNLIV,WESTLIFE,WHIRLPOOL,WIPRO,WOCKPHARMA,YESBANK,ZEEL,ZENSARTECH,ZFCVINDIA,ZYDUSLIFE,ZYDUSWELL"
2019-04-30,"360ONE,3MINDIA,AADHARHFC,AARTIDRUGS,AARTIIND,AAVAS,ABB,ABBOTINDIA,ABCAPITAL,ABFRL,ABREL,ABSLAMC,ACC,ADANIENSOL,ADANIENT,ADANIGREEN,ADANIPORTS,ADVENZYMES,AEGISLOG,AFFLE,AIAENG,AJANTPHARM,ALKEM,ALKYLAMINE,ALLCARGO,ALOKINDS,AMBER,AMBUJACEM,ANANTRAJ,ANGELONE,APLAPOLLO,APLLTD,APOLLOHOSP,APOLLOTYRE,APTUS,ARE&M,ASAHIINDIA,ASHOKLEY,ASIANPAINT,ASTERDM,ASTRAL,ASTRAZEN,ATGL,ATUL,AUBANK,AUROPHARMA,AVANTIFEED,AXISBANK,BAJAJ-AUTO,BAJAJELEC,BAJAJFINSV,BAJAJHLDNG,BAJFINANCE,BALAMINES,BALKRISIND,BALRAMCHIN,BANDHANBNK,BANKBARODA,BANKINDIA,BASF,BATAINDIA,BAYERCROP,BBTC,BCG,BDL,BEL,BEML,BERGEPAINT,BHARATFORG,BHARTIARTL,BHARTIHEXA,BHEL,BIOCON,BIRLACORPN,BLUEDART,BLUESTARCO,BOSCHLTD,BPCL,BRIGADE,BRITANNIA,BSE,BSOFT,CAMS,CANBK,CANFINHOME,CAPLIPOINT,CARBORUNIV,CASTROLIND,CCL,CDSL,CEATLTD,CENTRALBK,CENTURYPLY,CERA,CESC,CGPOWER,CHALET,CHAMBLFERT,CHEMPLASTS,CHOLAFIN,CHOLAHLDNG,CIEINDIA,CIPLA,CLEAN,COALINDIA,COCHINSHIP,COFORGE,COHANCE,COLPAL,CONCOR,COROMANDEL,CREDITACC,CRISIL,CROMPTON,CUB,CUMMINSIND,CYIENT,DABUR,DALBHARAT,DBL,DBREALTY,DEEPAKNTR,DELTACORP,DEVYANI,DHANI,DIVISLAB,DIXON,DLF,DMART,DRREDDY,DUMMYHEG,EASEMYTRIP,ECLERX,EDELWEISS,EICHERMOT,EIDPARRY,EIHOTEL,ELGIEQUIP,EMAMILTD,ENDURANCE,ENGINERSIN,EPIGRAL,EQUITAS,EQUITASBNK,ERIS,ESCORTS,ETERNAL,EXIDEIND,FACT,FEDERALBNK,FINCABLES,FINEORG,FINPIPE,FLUOROCHEM,FORTIS,FSL,GAEL,GAIL,GALAXYSURF,GESHIP,GICRE,GILLETTE,GLAND,GLAXO,GLENMARK,GLS,GMRAIRPORT,GNFC,GOCOLORS,GODFRYPHLP,GODIGIT,GODREJAGRO,GODREJCP,GODREJIND,GODREJPROP,GPIL,GPPL,GRANULES,GRAPHITE,GRASIM,GRINDWELL,GRINFRA,GSFC,GSPL,GUJALKALI,GUJGASLTD,GVT&D,HAL,HAPPSTMNDS,HATHWAY,HATSUN,HAVELLS,HBLENGINE,HCLTECH,HDFC,HDFCAMC,HDFCBANK,HDFCLIFE,HEG,HEMIPROP,HEROMOTOCO,HFCL,HINDALCO,HINDCOPPER,HINDPETRO,HINDUNILVR,HINDZINC,HLEGLAS,HOMEFIRST,HONAUT,HUDCO,ICICIBANK,ICICIGI,ICICIPRULI,ICIL,IDBI,IDEA,IDFC,IDFCFIRSTB,IEX,IFCI,IGL,IIFL,INDGN,INDHOTEL,INDIACEM,INDIAMART,INDIANB,INDIGO,INDOCO,INDUSINDBK,INDUSTOWER,INFIBEAM,INFY,INOXINDIA,INOXLEISUR,INTELLECT,IOB,IOC,IPCALAB,IRB,IRCON,IRCTC,IREDA,IRFC,ITC,ITI,JAMNAAUTO,JBCHEPHARM,JINDALSAW,JINDALSTEL,JKCEMENT,JKLAKSHMI,JKTYRE,JMFINANCIL,JPPOWER,JSL,JSLHISAR,JSWDULUX,JSWENERGY,JSWSTEEL,JUBLFOOD,JUBLINGREA,JUBLPHARMA,JUSTDIAL,JYOTHYLAB,JYOTICNC,KAJARIACER,KALYANKJIL,KANSAINER,KARURVYSYA,KAYNES,KEC,KEI,KIMS,KIRLFER,KIRLOSBROS,KIRLOSENG,KNRCON,KOTAKBANK,KPIL,KPITTECH,KPRMILL,LALPATHLAB,LATENTVIEW,LAURUSLABS,LAXMIMACH,LICHSGFIN,LINDEINDIA,LODHA,LT,LTF,LTM,LTTS,LUPIN,LUXIND,M&M,M&MFIN,MAHABANK,MANAPPURAM,MAPMYINDIA,MARICO,MARUTI,MASTEK,MAXHEALTH,MAZDOCK,MCX,METROBRAND,METROPOLIS,MFSL,MGL,MINDACORP,MINDTREE,MMTC,MOIL,MOTILALOFS,MPHASIS,MRF,MRPL,MUTHOOTFIN,NAM-INDIA,NATCOPHARM,NATIONALUM,NAUKRI,NAVINFLUOR,NAZARA,NBCC,NCC,NESCO,NESTLEIND,NETWEB,NETWORK18,NEWGEN,NH,NHPC,NIACL,NLCINDIA,NMDC,NTPC,NUVOCO,NYKAA,OBEROIRLTY,OFSS,OIL,ONGC,ORIENTELEC,PAGEIND,PAYTM,PCBL,PEL,PERSISTENT,PETRONET,PFC,PFIZER,PGHH,PGHL,PHOENIXLTD,PIDILITIND,PIIND,PNB,PNBHOUSING,PNCINFRA,POLICYBZR,POLYCAB,POLYMED,POLYPLEX,POONAWALLA,POWERGRID,POWERINDIA,PRAJIND,PRESTIGE,PRIVISCL,PTCIL,PVRINOX,QUESS,RADICO,RAILTEL,RAIN,RAJESHEXPO,RALLIS,RAMCOCEM,RATNAMANI,RAYMONDLSL,RBLBANK,RCF,RECLTD,REDINGTON,RELAXO,RELIANCE,RENUKA,RHIM,RITES,ROSSARI,ROUTE,RTNINDIA,RVNL,SAIL,SAMMAANCAP,SANOFI,SAPPHIRE,SAREGAMA,SBICARD,SBILIFE,SBIN,SCHAEFFLER,SCI,SEQUENT,SFL,SHILPAMED,SHREECEM,SHRIRAMCIT,SHRIRAMFIN,SHYAMMETL,SIEMENS,SIS,SJVN,SKFINDIA,SOBHA,SOLARA,SOLARINDS,SONACOMS,SONATSOFTW,SPARC,SPICEJET,SRF,STAR,STARHEALTH,SUDARSCHEM,SUMICHEM,SUNDARMFIN,SUNDRMFAST,SUNPHARMA,SUNTV,SUPPETRO,SUPRAJIT,SUPREMEIND,SUZLON,SWANCORP,SWSOLAR,SYMPHONY,SYNGENE,SYRMA,TANLA,TATACHEM,TATACOFFEE,TATACOMM,TATACONSUM,TATAELXSI,TATAINVEST,TATAMTRDVR,TATAPOWER,TATASTEEL,TATASTLLP,TBOTEK,TCS,TEAMLEASE,TECHM,TECHNOE,THERMAX,THYROCARE,TIINDIA,TIMKEN,TITAN,TMPV,TORNTPHARM,TORNTPOWER,TRENT,TRIDENT,TRITURBINE,TTKPRESTIG,TTML,TV18BRDCST,TVSMOTOR,UBL,UCOBANK,UJJIVANSFB,ULTRACEMCO,UNIONBANK,UNITDSPR,UNOMINDA,UPL,USHAMART,UTIAMC,VAKRANGEE,VARROC,VBL,VEDL,VENKEYS,VGUARD,VIJAYA,VINATIORGA,VIPIND,VMART,VOLTAS,VTL,WELCORP,WELSPUNLIV,WESTLIFE,WHIRLPOOL,WIPRO,WOCKPHARMA,YESBANK,ZEEL,ZENSARTECH,ZFCVINDIA,ZYDUSLIFE,ZYDUSWELL"
2019-05-31,"360ONE,3MINDIA,AADHARHFC,AARTIDRUGS,AARTIIND,AAVAS,ABB,ABBOTINDIA,ABCAPITAL,ABFRL,ABREL,ABSLAMC,ACC,ADANIENSOL,ADANIENT,ADANIGREEN,ADANIPORTS,ADVENZYMES,AEGISLOG,AFFLE,AIAENG,AJANTPHARM,ALKEM,ALKYLAMINE,ALLCARGO,ALOKINDS,AMBER,AMBUJACEM,ANANTRAJ,ANGELONE,APLAPOLLO,APLLTD,APOLLOHOSP,APOLLOTYRE,APTUS,ARE&M,ASAHIINDIA,ASHOKLEY,ASIANPAINT,ASTERDM,ASTRAL,ASTRAZEN,ATGL,ATUL,AUBANK,AUROPHARMA,AVANTIFEED,AXISBANK,BAJAJ-AUTO,BAJAJELEC,BAJAJFINSV,BAJAJHLDNG,BAJFINANCE,BALAMINES,BALKRISIND,BALRAMCHIN,BANDHANBNK,BANKBARODA,BANKINDIA,BASF,BATAINDIA,BAYERCROP,BBTC,BCG,BDL,BEL,BEML,BERGEPAINT,BHARATFORG,BHARTIARTL,BHARTIHEXA,BHEL,BIOCON,BIRLACORPN,BLUEDART,BLUESTARCO,BOSCHLTD,BPCL,BRIGADE,BRITANNIA,BSE,BSOFT,CAMS,CANBK,CANFINHOME,CAPLIPOINT,CARBORUNIV,CASTROLIND,CCL,CDSL,CEATLTD,CENTRALBK,CENTURYPLY,CERA,CESC,CGPOWER,CHALET,CHAMBLFERT,CHEMPLASTS,CHOLAFIN,CHOLAHLDNG,CIEINDIA,CIPLA,CLEAN,COALINDIA,COCHINSHIP,COFORGE,COHANCE,COLPAL,CONCOR,COROMANDEL,CREDITACC,CRISIL,CROMPTON,CUB,CUMMINSIND,CYIENT,DABUR,DALBHARAT,DBL,DBREALTY,DEEPAKNTR,DELTACORP,DEVYANI,DHANI,DIVISLAB,DIXON,DLF,DMART,DRREDDY,DUMMYHEG,EASEMYTRIP,ECLERX,EDELWEISS,EICHERMOT,EIDPARRY,EIHOTEL,ELGIEQUIP,EMAMILTD,ENDURANCE,ENGINERSIN,EPIGRAL,EQUITAS,EQUITASBNK,ERIS,ESCORTS,ETERNAL,EXIDEIND,FACT,FEDERALBNK,FINCABLES,FINEORG,FINPIPE,FLUOROCHEM,FORTIS,FSL,GAEL,GAIL,GALAXYSURF,GESHIP,GICRE,GILLETTE,GLAND,GLAXO,GLENMARK,GLS,GMRAIRPORT,GNFC,GOCOLORS,GODFRYPHLP,GODIGIT,GODREJAGRO,GODREJCP,GODREJIND,GODREJPROP,GPIL,GPPL,GRANULES,GRAPHITE,GRASIM,GRINDWELL,GRINFRA,GSFC,GSPL,GUJALKALI,GUJGASLTD,GVT&D,HAL,HAPPSTMNDS,HATHWAY,HATSUN,HAVELLS,HBLENGINE,HCLTECH,HDFC,HDFCAMC,HDFCBANK,HDFCLIFE,HEG,HEMIPROP,HEROMOTOCO,HFCL,HINDALCO,HINDCOPPER,HINDPETRO,HINDUNILVR,HINDZINC,HLEGLAS,HOMEFIRST,HONAUT,HUDCO,ICICIBANK,ICICIGI,ICICIPRULI,ICIL,IDBI,IDEA,IDFC,IDFCFIRSTB,IEX,IFCI,IGL,IIFL,INDGN,INDHOTEL,INDIACEM,INDIAMART,INDIANB,INDIGO,INDOCO,INDUSINDBK,INDUSTOWER,INFIBEAM,INFY,INOXINDIA,INOXLEISUR,INTELLECT,IOB,IOC,IPCALAB,IRB,IRCON,IRCTC,IREDA,IRFC,ITC,ITI,JAMNAAUTO,JBCHEPHARM,JINDALSAW,JINDALSTEL,JKCEMENT,JKLAKSHMI,JKTYRE,JMFINANCIL,JPPOWER,JSL,JSLHISAR,JSWDULUX,JSWENERGY,JSWSTEEL,JUBLFOOD,JUBLINGREA,JUBLPHARMA,JUSTDIAL,JYOTHYLAB,JYOTICNC,KAJARIACER,KALYANKJIL,KANSAINER,KARURVYSYA,KAYNES,KEC,KEI,KIMS,KIRLFER,KIRLOSBROS,KIRLOSENG,KNRCON,KOTAKBANK,KPIL,KPITTECH,KPRMILL,LALPATHLAB,LATENTVIEW,LAURUSLABS,LAXMIMACH,LICHSGFIN,LINDEINDIA,LODHA,LT,LTF,LTM,LTTS,LUPIN,LUXIND,M&M,M&MFIN,MAHABANK,MANAPPURAM,MAPMYINDIA,MARICO,MARUTI,MASTEK,MAXHEALTH,MAZDOCK,MCX,METROBRAND,METROPOLIS,MFSL,MGL,MINDACORP,MINDTREE,MMTC,MOIL,MOTILALOFS,MPHASIS,MRF,MRPL,MUTHOOTFIN,NAM-INDIA,NATCOPHARM,NATIONALUM,NAUKRI,NAVINFLUOR,NAZARA,NBCC,NCC,NESCO,NESTLEIND,NETWEB,NETWORK18,NEWGEN,NH,NHPC,NIACL,NLCINDIA,NMDC,NTPC,NUVOCO,NYKAA,OBEROIRLTY,OFSS,OIL,ONGC,ORIENTELEC,PAGEIND,PAYTM,PCBL,PEL,PERSISTENT,PETRONET,PFC,PFIZER,PGHH,PGHL,PHOENIXLTD,PIDILITIND,PIIND,PNB,PNBHOUSING,PNCINFRA,POLICYBZR,POLYCAB,POLYMED,POLYPLEX,POONAWALLA,POWERGRID,POWERINDIA,PRAJIND,PRESTIGE,PRIVISCL,PTCIL,PVRINOX,QUESS,RADICO,RAILTEL,RAIN,RAJESHEXPO,RALLIS,RAMCOCEM,RATNAMANI,RAYMONDLSL,RBLBANK,RCF,RECLTD,REDINGTON,RELAXO,RELIANCE,RENUKA,RHIM,RITES,ROSSARI,ROUTE,RTNINDIA,RVNL,SAIL,SAMMAANCAP,SANOFI,SAPPHIRE,SAREGAMA,SBICARD,SBILIFE,SBIN,SCHAEFFLER,SCI,SEQUENT,SFL,SHILPAMED,SHREECEM,SHRIRAMCIT,SHRIRAMFIN,SHYAMMETL,SIEMENS,SIS,SJVN,SKFINDIA,SOBHA,SOLARA,SOLARINDS,SONACOMS,SONATSOFTW,SPARC,SPICEJET,SRF,STAR,STARHEALTH,SUDARSCHEM,SUMICHEM,SUNDARMFIN,SUNDRMFAST,SUNPHARMA,SUNTV,SUPPETRO,SUPRAJIT,SUPREMEIND,SUZLON,SWANCORP,SWSOLAR,SYMPHONY,SYNGENE,SYRMA,TANLA,TATACHEM,TATACOFFEE,TATACOMM,TATACONSUM,TATAELXSI,TATAINVEST,TATAMTRDVR,TATAPOWER,TATASTEEL,TATASTLLP,TBOTEK,TCS,TEAMLEASE,TECHM,TECHNOE,THERMAX,THYROCARE,TIINDIA,TIMKEN,TITAN,TMPV,TORNTPHARM,TORNTPOWER,TRENT,TRIDENT,TRITURBINE,TTKPRESTIG,TTML,TV18BRDCST,TVSMOTOR,UBL,UCOBANK,UJJIVANSFB,ULTRACEMCO,UNIONBANK,UNITDSPR,UNOMINDA,UPL,USHAMART,UTIAMC,VAKRANGEE,VARROC,VBL,VEDL,VENKEYS,VGUARD,VIJAYA,VINATIORGA,VIPIND,VMART,VOLTAS,VTL,WELCORP,WELSPUNLIV,WESTLIFE,WHIRLPOOL,WIPRO,WOCKPHARMA,YESBANK,ZEEL,ZENSARTECH,ZFCVINDIA,ZYDUSLIFE,ZYDUSWELL"
2019-06-30,"360ONE,3MINDIA,AADHARHFC,AARTIDRUGS,AARTIIND,AAVAS,ABB,ABBOTINDIA,ABCAPITAL,ABFRL,ABREL,ABSLAMC,ACC,ADANIENSOL,ADANIENT,ADANIGREEN,ADANIPORTS,ADVENZYMES,AEGISLOG,AFFLE,AIAENG,AJANTPHARM,ALKEM,ALKYLAMINE,ALLCARGO,ALOKINDS,AMBER,AMBUJACEM,ANANTRAJ,ANGELONE,APLAPOLLO,APLLTD,APOLLOHOSP,APOLLOTYRE,APTUS,ARE&M,ASAHIINDIA,ASHOKLEY,ASIANPAINT,ASTERDM,ASTRAL,ASTRAZEN,ATGL,ATUL,AUBANK,AUROPHARMA,AVANTIFEED,AXISBANK,BAJAJ-AUTO,BAJAJELEC,BAJAJFINSV,BAJAJHLDNG,BAJFINANCE,BALAMINES,BALKRISIND,BALRAMCHIN,BANDHANBNK,BANKBARODA,BANKINDIA,BASF,BATAINDIA,BAYERCROP,BBTC,BCG,BDL,BEL,BEML,BERGEPAINT,BHARATFORG,BHARTIARTL,BHARTIHEXA,BHEL,BIOCON,BIRLACORPN,BLUEDART,BLUESTARCO,BOSCHLTD,BPCL,BRIGADE,BRITANNIA,BSE,BSOFT,CAMS,CANBK,CANFINHOME,CAPLIPOINT,CARBORUNIV,CASTROLIND,CCL,CDSL,CEATLTD,CENTRALBK,CENTURYPLY,CERA,CESC,CGPOWER,CHALET,CHAMBLFERT,CHEMPLASTS,CHOLAFIN,CHOLAHLDNG,CIEINDIA,CIPLA,CLEAN,COALINDIA,COCHINSHIP,COFORGE,COHANCE,COLPAL,CONCOR,COROMANDEL,CREDITACC,CRISIL,CROMPTON,CUB,CUMMINSIND,CYIENT,DABUR,DALBHARAT,DBL,DBREALTY,DEEPAKNTR,DELTACORP,DEVYANI,DHANI,DIVISLAB,DIXON,DLF,DMART,DRREDDY,DUMMYHEG,EASEMYTRIP,ECLERX,EDELWEISS,EICHERMOT,EIDPARRY,EIHOTEL,ELGIEQUIP,EMAMILTD,ENDURANCE,ENGINERSIN,EPIGRAL,EQUITAS,EQUITASBNK,ERIS,ESCORTS,ETERNAL,EXIDEIND,FACT,FEDERALBNK,FINCABLES,FINEORG,FINPIPE,FLUOROCHEM,FORTIS,FSL,GAEL,GAIL,GALAXYSURF,GESHIP,GICRE,GILLETTE,GLAND,GLAXO,GLENMARK,GLS,GMRAIRPORT,GNFC,GOCOLORS,GODFRYPHLP,GODIGIT,GODREJAGRO,GODREJCP,GODREJIND,GODREJPROP,GPIL,GPPL,GRANULES,GRAPHITE,GRASIM,GRINDWELL,GRINFRA,GSFC,GSPL,GUJALKALI,GUJGASLTD,GVT&D,HAL,HAPPSTMNDS,HATHWAY,HATSUN,HAVELLS,HBLENGINE,HCLTECH,HDFC,HDFCAMC,HDFCBANK,HDFCLIFE,HEG,HEMIPROP,HEROMOTOCO,HFCL,HINDALCO,HINDCOPPER,HINDPETRO,HINDUNILVR,HINDZINC,HLEGLAS,HOMEFIRST,HONAUT,HUDCO,ICICIBANK,ICICIGI,ICICIPRULI,ICIL,IDBI,IDEA,IDFC,IDFCFIRSTB,IEX,IFCI,IGL,IIFL,INDGN,INDHOTEL,INDIACEM,INDIAMART,INDIANB,INDIGO,INDOCO,INDUSINDBK,INDUSTOWER,INFIBEAM,INFY,INOXINDIA,INOXLEISUR,INTELLECT,IOB,IOC,IPCALAB,IRB,IRCON,IRCTC,IREDA,IRFC,ITC,ITI,JAMNAAUTO,JBCHEPHARM,JINDALSAW,JINDALSTEL,JKCEMENT,JKLAKSHMI,JKTYRE,JMFINANCIL,JPPOWER,JSL,JSLHISAR,JSWDULUX,JSWENERGY,JSWSTEEL,JUBLFOOD,JUBLINGREA,JUBLPHARMA,JUSTDIAL,JYOTHYLAB,JYOTICNC,KAJARIACER,KALYANKJIL,KANSAINER,KARURVYSYA,KAYNES,KEC,KEI,KIMS,KIRLFER,KIRLOSBROS,KIRLOSENG,KNRCON,KOTAKBANK,KPIL,KPITTECH,KPRMILL,LALPATHLAB,LATENTVIEW,LAURUSLABS,LAXMIMACH,LICHSGFIN,LINDEINDIA,LODHA,LT,LTF,LTM,LTTS,LUPIN,LUXIND,M&M,M&MFIN,MAHABANK,MANAPPURAM,MAPMYINDIA,MARICO,MARUTI,MASTEK,MAXHEALTH,MAZDOCK,MCX,METROBRAND,METROPOLIS,MFSL,MGL,MINDACORP,MINDTREE,MMTC,MOIL,MOTILALOFS,MPHASIS,MRF,MRPL,MUTHOOTFIN,NAM-INDIA,NATCOPHARM,NATIONALUM,NAUKRI,NAVINFLUOR,NAZARA,NBCC,NCC,NESCO,NESTLEIND,NETWEB,NETWORK18,NEWGEN,NH,NHPC,NIACL,NLCINDIA,NMDC,NTPC,NUVOCO,NYKAA,OBEROIRLTY,OFSS,OIL,ONGC,ORIENTELEC,PAGEIND,PAYTM,PCBL,PEL,PERSISTENT,PETRONET,PFC,PFIZER,PGHH,PGHL,PHOENIXLTD,PIDILITIND,PIIND,PNB,PNBHOUSING,PNCINFRA,POLICYBZR,POLYCAB,POLYMED,POLYPLEX,POONAWALLA,POWERGRID,POWERINDIA,PRAJIND,PRESTIGE,PRIVISCL,PTCIL,PVRINOX,QUESS,RADICO,RAILTEL,RAIN,RAJESHEXPO,RALLIS,RAMCOCEM,RATNAMANI,RAYMONDLSL,RBLBANK,RCF,RECLTD,REDINGTON,RELAXO,RELIANCE,RENUKA,RHIM,RITES,ROSSARI,ROUTE,RTNINDIA,RVNL,SAIL,SAMMAANCAP,SANOFI,SAPPHIRE,SAREGAMA,SBICARD,SBILIFE,SBIN,SCHAEFFLER,SCI,SEQUENT,SFL,SHILPAMED,SHREECEM,SHRIRAMCIT,SHRIRAMFIN,SHYAMMETL,SIEMENS,SIS,SJVN,SKFINDIA,SOBHA,SOLARA,SOLARINDS,SONACOMS,SONATSOFTW,SPARC,SPICEJET,SRF,STAR,STARHEALTH,SUDARSCHEM,SUMICHEM,SUNDARMFIN,SUNDRMFAST,SUNPHARMA,SUNTV,SUPPETRO,SUPRAJIT,SUPREMEIND,SUZLON,SWANCORP,SWSOLAR,SYMPHONY,SYNGENE,SYRMA,TANLA,TATACHEM,TATACOFFEE,TATACOMM,TATACONSUM,TATAELXSI,TATAINVEST,TATAMTRDVR,TATAPOWER,TATASTEEL,TATASTLLP,TBOTEK,TCS,TEAMLEASE,TECHM,TECHNOE,THERMAX,THYROCARE,TIINDIA,TIMKEN,TITAN,TMPV,TORNTPHARM,TORNTPOWER,TRENT,TRIDENT,TRITURBINE,TTKPRESTIG,TTML,TV18BRDCST,TVSMOTOR,UBL,UCOBANK,UJJIVANSFB,ULTRACEMCO,UNIONBANK,UNITDSPR,UNOMINDA,UPL,USHAMART,UTIAMC,VAKRANGEE,VARROC,VBL,VEDL,VENKEYS,VGUARD,VIJAYA,VINATIORGA,VIPIND,VMART,VOLTAS,VTL,WELCORP,WELSPUNLIV,WESTLIFE,WHIRLPOOL,WIPRO,WOCKPHARMA,YESBANK,ZEEL,ZENSARTECH,ZFCVINDIA,ZYDUSLIFE,ZYDUSWELL"
2019-07-31,"360ONE,3MINDIA,AADHARHFC,AARTIDRUGS,AARTIIND,AAVAS,ABB,ABBOTINDIA,ABCAPITAL,ABFRL,ABREL,ABSLAMC,ACC,ADANIENSOL,ADANIENT,ADANIGREEN,ADANIPORTS,ADVENZYMES,AEGISLOG,AFFLE,AIAENG,AJANTPHARM,ALKEM,ALKYLAMINE,ALLCARGO,ALOKINDS,AMBER,AMBUJACEM,ANANTRAJ,ANGELONE,APLAPOLLO,APLLTD,APOLLOHOSP,APOLLOTYRE,APTUS,ARE&M,ASAHIINDIA,ASHOKLEY,ASIANPAINT,ASTERDM,ASTRAL,ASTRAZEN,ATGL,ATUL,AUBANK,AUROPHARMA,AVANTIFEED,AXISBANK,BAJAJ-AUTO,BAJAJELEC,BAJAJFINSV,BAJAJHLDNG,BAJFINANCE,BALAMINES,BALKRISIND,BALRAMCHIN,BANDHANBNK,BANKBARODA,BANKINDIA,BASF,BATAINDIA,BAYERCROP,BBTC,BCG,BDL,BEL,BEML,BERGEPAINT,BHARATFORG,BHARTIARTL,BHARTIHEXA,BHEL,BIOCON,BIRLACORPN,BLUEDART,BLUESTARCO,BOSCHLTD,BPCL,BRIGADE,BRITANNIA,BSE,BSOFT,CAMS,CANBK,CANFINHOME,CAPLIPOINT,CARBORUNIV,CASTROLIND,CCL,CDSL,CEATLTD,CENTRALBK,CENTURYPLY,CERA,CESC,CGPOWER,CHALET,CHAMBLFERT,CHEMPLASTS,CHOLAFIN,CHOLAHLDNG,CIEINDIA,CIPLA,CLEAN,COALINDIA,COCHINSHIP,COFORGE,COHANCE,COLPAL,CONCOR,COROMANDEL,CREDITACC,CRISIL,CROMPTON,CUB,CUMMINSIND,CYIENT,DABUR,DALBHARAT,DBL,DBREALTY,DEEPAKNTR,DELTACORP,DEVYANI,DHANI,DIVISLAB,DIXON,DLF,DMART,DRREDDY,DUMMYHEG,EASEMYTRIP,ECLERX,EDELWEISS,EICHERMOT,EIDPARRY,EIHOTEL,ELGIEQUIP,EMAMILTD,ENDURANCE,ENGINERSIN,EPIGRAL,EQUITAS,EQUITASBNK,ERIS,ESCORTS,ETERNAL,EXIDEIND,FACT,FEDERALBNK,FINCABLES,FINEORG,FINPIPE,FLUOROCHEM,FORTIS,FSL,GAEL,GAIL,GALAXYSURF,GESHIP,GICRE,GILLETTE,GLAND,GLAXO,GLENMARK,GLS,GMRAIRPORT,GNFC,GOCOLORS,GODFRYPHLP,GODIGIT,GODREJAGRO,GODREJCP,GODREJIND,GODREJPROP,GPIL,GPPL,GRANULES,GRAPHITE,GRASIM,GRINDWELL,GRINFRA,GSFC,GSPL,GUJALKALI,GUJGASLTD,GVT&D,HAL,HAPPSTMNDS,HATHWAY,HATSUN,HAVELLS,HBLENGINE,HCLTECH,HDFC,HDFCAMC,HDFCBANK,HDFCLIFE,HEG,HEMIPROP,HEROMOTOCO,HFCL,HINDALCO,HINDCOPPER,HINDPETRO,HINDUNILVR,HINDZINC,HLEGLAS,HOMEFIRST,HONAUT,HUDCO,ICICIBANK,ICICIGI,ICICIPRULI,ICIL,IDBI,IDEA,IDFC,IDFCFIRSTB,IEX,IFCI,IGL,IIFL,INDGN,INDHOTEL,INDIACEM,INDIAMART,INDIANB,INDIGO,INDOCO,INDUSINDBK,INDUSTOWER,INFIBEAM,INFY,INOXINDIA,INOXLEISUR,INTELLECT,IOB,IOC,IPCALAB,IRB,IRCON,IRCTC,IREDA,IRFC,ITC,ITI,JAMNAAUTO,JBCHEPHARM,JINDALSAW,JINDALSTEL,JKCEMENT,JKLAKSHMI,JKTYRE,JMFINANCIL,JPPOWER,JSL,JSLHISAR,JSWDULUX,JSWENERGY,JSWSTEEL,JUBLFOOD,JUBLINGREA,JUBLPHARMA,JUSTDIAL,JYOTHYLAB,JYOTICNC,KAJARIACER,KALYANKJIL,KANSAINER,KARURVYSYA,KAYNES,KEC,KEI,KIMS,KIRLFER,KIRLOSBROS,KIRLOSENG,KNRCON,KOTAKBANK,KPIL,KPITTECH,KPRMILL,LALPATHLAB,LATENTVIEW,LAURUSLABS,LAXMIMACH,LICHSGFIN,LINDEINDIA,LODHA,LT,LTF,LTM,LTTS,LUPIN,LUXIND,M&M,M&MFIN,MAHABANK,MANAPPURAM,MAPMYINDIA,MARICO,MARUTI,MASTEK,MAXHEALTH,MAZDOCK,MCX,METROBRAND,METROPOLIS,MFSL,MGL,MINDACORP,MINDTREE,MMTC,MOIL,MOTILALOFS,MPHASIS,MRF,MRPL,MUTHOOTFIN,NAM-INDIA,NATCOPHARM,NATIONALUM,NAUKRI,NAVINFLUOR,NAZARA,NBCC,NCC,NESCO,NESTLEIND,NETWEB,NETWORK18,NEWGEN,NH,NHPC,NIACL,NLCINDIA,NMDC,NTPC,NUVOCO,NYKAA,OBEROIRLTY,OFSS,OIL,ONGC,ORIENTELEC,PAGEIND,PAYTM,PCBL,PEL,PERSISTENT,PETRONET,PFC,PFIZER,PGHH,PGHL,PHOENIXLTD,PIDILITIND,PIIND,PNB,PNBHOUSING,PNCINFRA,POLICYBZR,POLYCAB,POLYMED,POLYPLEX,POONAWALLA,POWERGRID,POWERINDIA,PRAJIND,PRESTIGE,PRIVISCL,PTCIL,PVRINOX,QUESS,RADICO,RAILTEL,RAIN,RAJESHEXPO,RALLIS,RAMCOCEM,RATNAMANI,RAYMONDLSL,RBLBANK,RCF,RECLTD,REDINGTON,RELAXO,RELIANCE,RENUKA,RHIM,RITES,ROSSARI,ROUTE,RTNINDIA,RVNL,SAIL,SAMMAANCAP,SANOFI,SAPPHIRE,SAREGAMA,SBICARD,SBILIFE,SBIN,SCHAEFFLER,SCI,SEQUENT,SFL,SHILPAMED,SHREECEM,SHRIRAMCIT,SHRIRAMFIN,SHYAMMETL,SIEMENS,SIS,SJVN,SKFINDIA,SOBHA,SOLARA,SOLARINDS,SONACOMS,SONATSOFTW,SPARC,SPICEJET,SRF,STAR,STARHEALTH,SUDARSCHEM,SUMICHEM,SUNDARMFIN,SUNDRMFAST,SUNPHARMA,SUNTV,SUPPETRO,SUPRAJIT,SUPREMEIND,SUZLON,SWANCORP,SWSOLAR,SYMPHONY,SYNGENE,SYRMA,TANLA,TATACHEM,TATACOFFEE,TATACOMM,TATACONSUM,TATAELXSI,TATAINVEST,TATAMTRDVR,TATAPOWER,TATASTEEL,TATASTLLP,TBOTEK,TCS,TEAMLEASE,TECHM,TECHNOE,THERMAX,THYROCARE,TIINDIA,TIMKEN,TITAN,TMPV,TORNTPHARM,TORNTPOWER,TRENT,TRIDENT,TRITURBINE,TTKPRESTIG,TTML,TV18BRDCST,TVSMOTOR,UBL,UCOBANK,UJJIVANSFB,ULTRACEMCO,UNIONBANK,UNITDSPR,UNOMINDA,UPL,USHAMART,UTIAMC,VAKRANGEE,VARROC,VBL,VEDL,VENKEYS,VGUARD,VIJAYA,VINATIORGA,VIPIND,VMART,VOLTAS,VTL,WELCORP,WELSPUNLIV,WESTLIFE,WHIRLPOOL,WIPRO,WOCKPHARMA,YESBANK,ZEEL,ZENSARTECH,ZFCVINDIA,ZYDUSLIFE,ZYDUSWELL"
2019-08-31,"360ONE,3MINDIA,AADHARHFC,AARTIDRUGS,AARTIIND,AAVAS,ABB,ABBOTINDIA,ABCAPITAL,ABFRL,ABREL,ABSLAMC,ACC,ADANIENSOL,ADANIENT,ADANIGREEN,ADANIPORTS,ADVENZYMES,AEGISLOG,AFFLE,AIAENG,AJANTPHARM,ALKEM,ALKYLAMINE,ALLCARGO,ALOKINDS,AMBER,AMBUJACEM,ANANTRAJ,ANGELONE,APLAPOLLO,APLLTD,APOLLOHOSP,APOLLOTYRE,APTUS,ARE&M,ASAHIINDIA,ASHOKLEY,ASIANPAINT,ASTERDM,ASTRAL,ASTRAZEN,ATGL,ATUL,AUBANK,AUROPHARMA,AVANTIFEED,AXISBANK,BAJAJ-AUTO,BAJAJELEC,BAJAJFINSV,BAJAJHLDNG,BAJFINANCE,BALAMINES,BALKRISIND,BALRAMCHIN,BANDHANBNK,BANKBARODA,BANKINDIA,BASF,BATAINDIA,BAYERCROP,BBTC,BCG,BDL,BEL,BEML,BERGEPAINT,BHARATFORG,BHARTIARTL,BHARTIHEXA,BHEL,BIOCON,BIRLACORPN,BLUEDART,BLUESTARCO,BOSCHLTD,BPCL,BRIGADE,BRITANNIA,BSE,BSOFT,CAMS,CANBK,CANFINHOME,CAPLIPOINT,CARBORUNIV,CASTROLIND,CCL,CDSL,CEATLTD,CENTRALBK,CENTURYPLY,CERA,CESC,CGPOWER,CHALET,CHAMBLFERT,CHEMPLASTS,CHOLAFIN,CHOLAHLDNG,CIEINDIA,CIPLA,CLEAN,COALINDIA,COCHINSHIP,COFORGE,COHANCE,COLPAL,CONCOR,COROMANDEL,CREDITACC,CRISIL,CROMPTON,CUB,CUMMINSIND,CYIENT,DABUR,DALBHARAT,DBL,DBREALTY,DEEPAKNTR,DELTACORP,DEVYANI,DHANI,DIVISLAB,DIXON,DLF,DMART,DRREDDY,DUMMYHEG,EASEMYTRIP,ECLERX,EDELWEISS,EICHERMOT,EIDPARRY,EIHOTEL,ELGIEQUIP,EMAMILTD,ENDURANCE,ENGINERSIN,EPIGRAL,EQUITAS,EQUITASBNK,ERIS,ESCORTS,ETERNAL,EXIDEIND,FACT,FEDERALBNK,FINCABLES,FINEORG,FINPIPE,FLUOROCHEM,FORTIS,FSL,GAEL,GAIL,GALAXYSURF,GESHIP,GICRE,GILLETTE,GLAND,GLAXO,GLENMARK,GLS,GMRAIRPORT,GNFC,GOCOLORS,GODFRYPHLP,GODIGIT,GODREJAGRO,GODREJCP,GODREJIND,GODREJPROP,GPIL,GPPL,GRANULES,GRAPHITE,GRASIM,GRINDWELL,GRINFRA,GSFC,GSPL,GUJALKALI,GUJGASLTD,GVT&D,HAL,HAPPSTMNDS,HATHWAY,HATSUN,HAVELLS,HBLENGINE,HCLTECH,HDFC,HDFCAMC,HDFCBANK,HDFCLIFE,HEG,HEMIPROP,HEROMOTOCO,HFCL,HINDALCO,HINDCOPPER,HINDPETRO,HINDUNILVR,HINDZINC,HLEGLAS,HOMEFIRST,HONAUT,HUDCO,ICICIBANK,ICICIGI,ICICIPRULI,ICIL,IDBI,IDEA,IDFC,IDFCFIRSTB,IEX,IFCI,IGL,IIFL,INDGN,INDHOTEL,INDIACEM,INDIAMART,INDIANB,INDIGO,INDOCO,INDUSINDBK,INDUSTOWER,INFIBEAM,INFY,INOXINDIA,INOXLEISUR,INTELLECT,IOB,IOC,IPCALAB,IRB,IRCON,IRCTC,IREDA,IRFC,ITC,ITI,JAMNAAUTO,JBCHEPHARM,JINDALSAW,JINDALSTEL,JKCEMENT,JKLAKSHMI,JKTYRE,JMFINANCIL,JPPOWER,JSL,JSLHISAR,JSWDULUX,JSWENERGY,JSWSTEEL,JUBLFOOD,JUBLINGREA,JUBLPHARMA,JUSTDIAL,JYOTHYLAB,JYOTICNC,KAJARIACER,KALYANKJIL,KANSAINER,KARURVYSYA,KAYNES,KEC,KEI,KIMS,KIRLFER,KIRLOSBROS,KIRLOSENG,KNRCON,KOTAKBANK,KPIL,KPITTECH,KPRMILL,LALPATHLAB,LATENTVIEW,LAURUSLABS,LAXMIMACH,LICHSGFIN,LINDEINDIA,LODHA,LT,LTF,LTM,LTTS,LUPIN,LUXIND,M&M,M&MFIN,MAHABANK,MANAPPURAM,MAPMYINDIA,MARICO,MARUTI,MASTEK,MAXHEALTH,MAZDOCK,MCX,METROBRAND,METROPOLIS,MFSL,MGL,MINDACORP,MINDTREE,MMTC,MOIL,MOTILALOFS,MPHASIS,MRF,MRPL,MUTHOOTFIN,NAM-INDIA,NATCOPHARM,NATIONALUM,NAUKRI,NAVINFLUOR,NAZARA,NBCC,NCC,NESCO,NESTLEIND,NETWEB,NETWORK18,NEWGEN,NH,NHPC,NIACL,NLCINDIA,NMDC,NTPC,NUVOCO,NYKAA,OBEROIRLTY,OFSS,OIL,ONGC,ORIENTELEC,PAGEIND,PAYTM,PCBL,PEL,PERSISTENT,PETRONET,PFC,PFIZER,PGHH,PGHL,PHOENIXLTD,PIDILITIND,PIIND,PNB,PNBHOUSING,PNCINFRA,POLICYBZR,POLYCAB,POLYMED,POLYPLEX,POONAWALLA,POWERGRID,POWERINDIA,PRAJIND,PRESTIGE,PRIVISCL,PTCIL,PVRINOX,QUESS,RADICO,RAILTEL,RAIN,RAJESHEXPO,RALLIS,RAMCOCEM,RATNAMANI,RAYMONDLSL,RBLBANK,RCF,RECLTD,REDINGTON,RELAXO,RELIANCE,RENUKA,RHIM,RITES,ROSSARI,ROUTE,RTNINDIA,RVNL,SAIL,SAMMAANCAP,SANOFI,SAPPHIRE,SAREGAMA,SBICARD,SBILIFE,SBIN,SCHAEFFLER,SCI,SEQUENT,SFL,SHILPAMED,SHREECEM,SHRIRAMCIT,SHRIRAMFIN,SHYAMMETL,SIEMENS,SIS,SJVN,SKFINDIA,SOBHA,SOLARA,SOLARINDS,SONACOMS,SONATSOFTW,SPARC,SPICEJET,SRF,STAR,STARHEALTH,SUDARSCHEM,SUMICHEM,SUNDARMFIN,SUNDRMFAST,SUNPHARMA,SUNTV,SUPPETRO,SUPRAJIT,SUPREMEIND,SUZLON,SWANCORP,SWSOLAR,SYMPHONY,SYNGENE,SYRMA,TANLA,TATACHEM,TATACOFFEE,TATACOMM,TATACONSUM,TATAELXSI,TATAINVEST,TATAMTRDVR,TATAPOWER,TATASTEEL,TATASTLLP,TBOTEK,TCS,TEAMLEASE,TECHM,TECHNOE,THERMAX,THYROCARE,TIINDIA,TIMKEN,TITAN,TMPV,TORNTPHARM,TORNTPOWER,TRENT,TRIDENT,TRITURBINE,TTKPRESTIG,TTML,TV18BRDCST,TVSMOTOR,UBL,UCOBANK,UJJIVANSFB,ULTRACEMCO,UNIONBANK,UNITDSPR,UNOMINDA,UPL,USHAMART,UTIAMC,VAKRANGEE,VARROC,VBL,VEDL,VENKEYS,VGUARD,VIJAYA,VINATIORGA,VIPIND,VMART,VOLTAS,VTL,WELCORP,WELSPUNLIV,WESTLIFE,WHIRLPOOL,WIPRO,WOCKPHARMA,YESBANK,ZEEL,ZENSARTECH,ZFCVINDIA,ZYDUSLIFE,ZYDUSWELL"
2019-09-30,"360ONE,3MINDIA,AADHARHFC,AARTIDRUGS,AARTIIND,AAVAS,ABB,ABBOTINDIA,ABCAPITAL,ABFRL,ABREL,ABSLAMC,ACC,ADANIENSOL,ADANIENT,ADANIGREEN,ADANIPORTS,ADVENZYMES,AEGISLOG,AFFLE,AIAENG,AJANTPHARM,ALKEM,ALKYLAMINE,ALLCARGO,ALOKINDS,AMBER,AMBUJACEM,ANANTRAJ,ANGELONE,APLAPOLLO,APLLTD,APOLLOHOSP,APOLLOTYRE,APTUS,ARE&M,ASAHIINDIA,ASHOKLEY,ASIANPAINT,ASTERDM,ASTRAL,ASTRAZEN,ATGL,ATUL,AUBANK,AUROPHARMA,AVANTIFEED,AXISBANK,BAJAJ-AUTO,BAJAJELEC,BAJAJFINSV,BAJAJHLDNG,BAJFINANCE,BALAMINES,BALKRISIND,BALRAMCHIN,BANDHANBNK,BANKBARODA,BANKINDIA,BASF,BATAINDIA,BAYERCROP,BBTC,BCG,BDL,BEL,BEML,BERGEPAINT,BHARATFORG,BHARTIARTL,BHARTIHEXA,BHEL,BIOCON,BIRLACORPN,BLUEDART,BLUESTARCO,BOSCHLTD,BPCL,BRIGADE,BRITANNIA,BSE,BSOFT,CAMS,CANBK,CANFINHOME,CAPLIPOINT,CARBORUNIV,CASTROLIND,CCL,CDSL,CEATLTD,CENTRALBK,CENTURYPLY,CERA,CESC,CGPOWER,CHALET,CHAMBLFERT,CHEMPLASTS,CHOLAFIN,CHOLAHLDNG,CIEINDIA,CIPLA,CLEAN,COALINDIA,COCHINSHIP,COFORGE,COHANCE,COLPAL,CONCOR,COROMANDEL,CREDITACC,CRISIL,CROMPTON,CUB,CUMMINSIND,CYIENT,DABUR,DALBHARAT,DBL,DBREALTY,DEEPAKNTR,DELTACORP,DEVYANI,DHANI,DIVISLAB,DIXON,DLF,DMART,DRREDDY,DUMMYHEG,EASEMYTRIP,ECLERX,EDELWEISS,EICHERMOT,EIDPARRY,EIHOTEL,ELGIEQUIP,EMAMILTD,ENDURANCE,ENGINERSIN,EPIGRAL,EQUITAS,EQUITASBNK,ERIS,ESCORTS,ETERNAL,EXIDEIND,FACT,FEDERALBNK,FINCABLES,FINEORG,FINPIPE,FLUOROCHEM,FORTIS,FSL,GAEL,GAIL,GALAXYSURF,GESHIP,GICRE,GILLETTE,GLAND,GLAXO,GLENMARK,GLS,GMRAIRPORT,GNFC,GOCOLORS,GODFRYPHLP,GODIGIT,GODREJAGRO,GODREJCP,GODREJIND,GODREJPROP,GPIL,GPPL,GRANULES,GRAPHITE,GRASIM,GRINDWELL,GRINFRA,GSFC,GSPL,GUJALKALI,GUJGASLTD,GVT&D,HAL,HAPPSTMNDS,HATHWAY,HATSUN,HAVELLS,HBLENGINE,HCLTECH,HDFC,HDFCAMC,HDFCBANK,HDFCLIFE,HEG,HEMIPROP,HEROMOTOCO,HFCL,HINDALCO,HINDCOPPER,HINDPETRO,HINDUNILVR,HINDZINC,HLEGLAS,HOMEFIRST,HONAUT,HUDCO,ICICIBANK,ICICIGI,ICICIPRULI,ICIL,IDBI,IDEA,IDFC,IDFCFIRSTB,IEX,IFCI,IGL,IIFL,INDGN,INDHOTEL,INDIACEM,INDIAMART,INDIANB,INDIGO,INDOCO,INDUSINDBK,INDUSTOWER,INFIBEAM,INFY,INOXINDIA,INOXLEISUR,INTELLECT,IOB,IOC,IPCALAB,IRB,IRCON,IRCTC,IREDA,IRFC,ITC,ITI,JAMNAAUTO,JBCHEPHARM,JINDALSAW,JINDALSTEL,JKCEMENT,JKLAKSHMI,JKTYRE,JMFINANCIL,JPPOWER,JSL,JSLHISAR,JSWDULUX,JSWENERGY,JSWSTEEL,JUBLFOOD,JUBLINGREA,JUBLPHARMA,JUSTDIAL,JYOTHYLAB,JYOTICNC,KAJARIACER,KALYANKJIL,KANSAINER,KARURVYSYA,KAYNES,KEC,KEI,KIMS,KIRLFER,KIRLOSBROS,KIRLOSENG,KNRCON,KOTAKBANK,KPIL,KPITTECH,KPRMILL,LALPATHLAB,LATENTVIEW,LAURUSLABS,LAXMIMACH,LICHSGFIN,LINDEINDIA,LODHA,LT,LTF,LTM,LTTS,LUPIN,LUXIND,M&M,M&MFIN,MAHABANK,MANAPPURAM,MAPMYINDIA,MARICO,MARUTI,MASTEK,MAXHEALTH,MAZDOCK,MCX,METROBRAND,METROPOLIS,MFSL,MGL,MINDACORP,MINDTREE,MMTC,MOIL,MOTILALOFS,MPHASIS,MRF,MRPL,MUTHOOTFIN,NAM-INDIA,NATCOPHARM,NATIONALUM,NAUKRI,NAVINFLUOR,NAZARA,NBCC,NCC,NESCO,NESTLEIND,NETWEB,NETWORK18,NEWGEN,NH,NHPC,NIACL,NLCINDIA,NMDC,NTPC,NUVOCO,NYKAA,OBEROIRLTY,OFSS,OIL,ONGC,ORIENTELEC,PAGEIND,PAYTM,PCBL,PEL,PERSISTENT,PETRONET,PFC,PFIZER,PGHH,PGHL,PHOENIXLTD,PIDILITIND,PIIND,PNB,PNBHOUSING,PNCINFRA,POLICYBZR,POLYCAB,POLYMED,POLYPLEX,POONAWALLA,POWERGRID,POWERINDIA,PRAJIND,PRESTIGE,PRIVISCL,PTCIL,PVRINOX,QUESS,RADICO,RAILTEL,RAIN,RAJESHEXPO,RALLIS,RAMCOCEM,RATNAMANI,RAYMONDLSL,RBLBANK,RCF,RECLTD,REDINGTON,RELAXO,RELIANCE,RENUKA,RHIM,RITES,ROSSARI,ROUTE,RTNINDIA,RVNL,SAIL,SAMMAANCAP,SANOFI,SAPPHIRE,SAREGAMA,SBICARD,SBILIFE,SBIN,SCHAEFFLER,SCI,SEQUENT,SFL,SHILPAMED,SHREECEM,SHRIRAMCIT,SHRIRAMFIN,SHYAMMETL,SIEMENS,SIS,SJVN,SKFINDIA,SOBHA,SOLARA,SOLARINDS,SONACOMS,SONATSOFTW,SPARC,SPICEJET,SRF,STAR,STARHEALTH,SUDARSCHEM,SUMICHEM,SUNDARMFIN,SUNDRMFAST,SUNPHARMA,SUNTV,SUPPETRO,SUPRAJIT,SUPREMEIND,SUZLON,SWANCORP,SWSOLAR,SYMPHONY,SYNGENE,SYRMA,TANLA,TATACHEM,TATACOFFEE,TATACOMM,TATACONSUM,TATAELXSI,TATAINVEST,TATAMTRDVR,TATAPOWER,TATASTEEL,TATASTLLP,TBOTEK,TCS,TEAMLEASE,TECHM,TECHNOE,THERMAX,THYROCARE,TIINDIA,TIMKEN,TITAN,TMPV,TORNTPHARM,TORNTPOWER,TRENT,TRIDENT,TRITURBINE,TTKPRESTIG,TTML,TV18BRDCST,TVSMOTOR,UBL,UCOBANK,UJJIVANSFB,ULTRACEMCO,UNIONBANK,UNITDSPR,UNOMINDA,UPL,USHAMART,UTIAMC,VAKRANGEE,VARROC,VBL,VEDL,VENKEYS,VGUARD,VIJAYA,VINATIORGA,VIPIND,VMART,VOLTAS,VTL,WELCORP,WELSPUNLIV,WESTLIFE,WHIRLPOOL,WIPRO,WOCKPHARMA,YESBANK,ZEEL,ZENSARTECH,ZFCVINDIA,ZYDUSLIFE,ZYDUSWELL"
2019-10-31,"360ONE,3MINDIA,AADHARHFC,AARTIDRUGS,AARTIIND,AAVAS,ABB,ABBOTINDIA,ABCAPITAL,ABFRL,ABREL,ABSLAMC,ACC,ADANIENSOL,ADANIENT,ADANIGREEN,ADANIPORTS,ADVENZYMES,AEGISLOG,AFFLE,AIAENG,AJANTPHARM,ALKEM,ALKYLAMINE,ALLCARGO,ALOKINDS,AMBER,AMBUJACEM,ANANTRAJ,ANGELONE,APLAPOLLO,APLLTD,APOLLOHOSP,APOLLOTYRE,APTUS,ARE&M,ASAHIINDIA,ASHOKLEY,ASIANPAINT,ASTERDM,ASTRAL,ASTRAZEN,ATGL,ATUL,AUBANK,AUROPHARMA,AVANTIFEED,AXISBANK,BAJAJ-AUTO,BAJAJELEC,BAJAJFINSV,BAJAJHLDNG,BAJFINANCE,BALAMINES,BALKRISIND,BALRAMCHIN,BANDHANBNK,BANKBARODA,BANKINDIA,BASF,BATAINDIA,BAYERCROP,BBTC,BCG,BDL,BEL,BEML,BERGEPAINT,BHARATFORG,BHARTIARTL,BHARTIHEXA,BHEL,BIOCON,BIRLACORPN,BLUEDART,BLUESTARCO,BOSCHLTD,BPCL,BRIGADE,BRITANNIA,BSE,BSOFT,CAMS,CANBK,CANFINHOME,CAPLIPOINT,CARBORUNIV,CASTROLIND,CCL,CDSL,CEATLTD,CENTRALBK,CENTURYPLY,CERA,CESC,CGPOWER,CHALET,CHAMBLFERT,CHEMPLASTS,CHOLAFIN,CHOLAHLDNG,CIEINDIA,CIPLA,CLEAN,COALINDIA,COCHINSHIP,COFORGE,COHANCE,COLPAL,CONCOR,COROMANDEL,CREDITACC,CRISIL,CROMPTON,CUB,CUMMINSIND,CYIENT,DABUR,DALBHARAT,DBL,DBREALTY,DEEPAKNTR,DELTACORP,DEVYANI,DHANI,DIVISLAB,DIXON,DLF,DMART,DRREDDY,DUMMYHEG,EASEMYTRIP,ECLERX,EDELWEISS,EICHERMOT,EIDPARRY,EIHOTEL,ELGIEQUIP,EMAMILTD,ENDURANCE,ENGINERSIN,EPIGRAL,EQUITAS,EQUITASBNK,ERIS,ESCORTS,ETERNAL,EXIDEIND,FACT,FEDERALBNK,FINCABLES,FINEORG,FINPIPE,FLUOROCHEM,FORTIS,FSL,GAEL,GAIL,GALAXYSURF,GESHIP,GICRE,GILLETTE,GLAND,GLAXO,GLENMARK,GLS,GMRAIRPORT,GNFC,GOCOLORS,GODFRYPHLP,GODIGIT,GODREJAGRO,GODREJCP,GODREJIND,GODREJPROP,GPIL,GPPL,GRANULES,GRAPHITE,GRASIM,GRINDWELL,GRINFRA,GSFC,GSPL,GUJALKALI,GUJGASLTD,GVT&D,HAL,HAPPSTMNDS,HATHWAY,HATSUN,HAVELLS,HBLENGINE,HCLTECH,HDFC,HDFCAMC,HDFCBANK,HDFCLIFE,HEG,HEMIPROP,HEROMOTOCO,HFCL,HINDALCO,HINDCOPPER,HINDPETRO,HINDUNILVR,HINDZINC,HLEGLAS,HOMEFIRST,HONAUT,HUDCO,ICICIBANK,ICICIGI,ICICIPRULI,ICIL,IDBI,IDEA,IDFC,IDFCFIRSTB,IEX,IFCI,IGL,IIFL,INDGN,INDHOTEL,INDIACEM,INDIAMART,INDIANB,INDIGO,INDOCO,INDUSINDBK,INDUSTOWER,INFIBEAM,INFY,INOXINDIA,INOXLEISUR,INTELLECT,IOB,IOC,IPCALAB,IRB,IRCON,IRCTC,IREDA,IRFC,ITC,ITI,JAMNAAUTO,JBCHEPHARM,JINDALSAW,JINDALSTEL,JKCEMENT,JKLAKSHMI,JKTYRE,JMFINANCIL,JPPOWER,JSL,JSLHISAR,JSWDULUX,JSWENERGY,JSWSTEEL,JUBLFOOD,JUBLINGREA,JUBLPHARMA,JUSTDIAL,JYOTHYLAB,JYOTICNC,KAJARIACER,KALYANKJIL,KANSAINER,KARURVYSYA,KAYNES,KEC,KEI,KIMS,KIRLFER,KIRLOSBROS,KIRLOSENG,KNRCON,KOTAKBANK,KPIL,KPITTECH,KPRMILL,LALPATHLAB,LATENTVIEW,LAURUSLABS,LAXMIMACH,LICHSGFIN,LINDEINDIA,LODHA,LT,LTF,LTM,LTTS,LUPIN,LUXIND,M&M,M&MFIN,MAHABANK,MANAPPURAM,MAPMYINDIA,MARICO,MARUTI,MASTEK,MAXHEALTH,MAZDOCK,MCX,METROBRAND,METROPOLIS,MFSL,MGL,MINDACORP,MINDTREE,MMTC,MOIL,MOTILALOFS,MPHASIS,MRF,MRPL,MUTHOOTFIN,NAM-INDIA,NATCOPHARM,NATIONALUM,NAUKRI,NAVINFLUOR,NAZARA,NBCC,NCC,NESCO,NESTLEIND,NETWEB,NETWORK18,NEWGEN,NH,NHPC,NIACL,NLCINDIA,NMDC,NTPC,NUVOCO,NYKAA,OBEROIRLTY,OFSS,OIL,ONGC,ORIENTELEC,PAGEIND,PAYTM,PCBL,PEL,PERSISTENT,PETRONET,PFC,PFIZER,PGHH,PGHL,PHOENIXLTD,PIDILITIND,PIIND,PNB,PNBHOUSING,PNCINFRA,POLICYBZR,POLYCAB,POLYMED,POLYPLEX,POONAWALLA,POWERGRID,POWERINDIA,PRAJIND,PRESTIGE,PRIVISCL,PTCIL,PVRINOX,QUESS,RADICO,RAILTEL,RAIN,RAJESHEXPO,RALLIS,RAMCOCEM,RATNAMANI,RAYMONDLSL,RBLBANK,RCF,RECLTD,REDINGTON,RELAXO,RELIANCE,RENUKA,RHIM,RITES,ROSSARI,ROUTE,RTNINDIA,RVNL,SAIL,SAMMAANCAP,SANOFI,SAPPHIRE,SAREGAMA,SBICARD,SBILIFE,SBIN,SCHAEFFLER,SCI,SEQUENT,SFL,SHILPAMED,SHREECEM,SHRIRAMCIT,SHRIRAMFIN,SHYAMMETL,SIEMENS,SIS,SJVN,SKFINDIA,SOBHA,SOLARA,SOLARINDS,SONACOMS,SONATSOFTW,SPARC,SPICEJET,SRF,STAR,STARHEALTH,SUDARSCHEM,SUMICHEM,SUNDARMFIN,SUNDRMFAST,SUNPHARMA,SUNTV,SUPPETRO,SUPRAJIT,SUPREMEIND,SUZLON,SWANCORP,SWSOLAR,SYMPHONY,SYNGENE,SYRMA,TANLA,TATACHEM,TATACOFFEE,TATACOMM,TATACONSUM,TATAELXSI,TATAINVEST,TATAMTRDVR,TATAPOWER,TATASTEEL,TATASTLLP,TBOTEK,TCS,TEAMLEASE,TECHM,TECHNOE,THERMAX,THYROCARE,TIINDIA,TIMKEN,TITAN,TMPV,TORNTPHARM,TORNTPOWER,TRENT,TRIDENT,TRITURBINE,TTKPRESTIG,TTML,TV18BRDCST,TVSMOTOR,UBL,UCOBANK,UJJIVANSFB,ULTRACEMCO,UNIONBANK,UNITDSPR,UNOMINDA,UPL,USHAMART,UTIAMC,VAKRANGEE,VARROC,VBL,VEDL,VENKEYS,VGUARD,VIJAYA,VINATIORGA,VIPIND,VMART,VOLTAS,VTL,WELCORP,WELSPUNLIV,WESTLIFE,WHIRLPOOL,WIPRO,WOCKPHARMA,YESBANK,ZEEL,ZENSARTECH,ZFCVINDIA,ZYDUSLIFE,ZYDUSWELL"
2019-11-30,"360ONE,3MINDIA,AADHARHFC,AARTIDRUGS,AARTIIND,AAVAS,ABB,ABBOTINDIA,ABCAPITAL,ABFRL,ABREL,ABSLAMC,ACC,ADANIENSOL,ADANIENT,ADANIGREEN,ADANIPORTS,ADVENZYMES,AEGISLOG,AFFLE,AIAENG,AJANTPHARM,ALKEM,ALKYLAMINE,ALLCARGO,ALOKINDS,AMBER,AMBUJACEM,ANANTRAJ,ANGELONE,APLAPOLLO,APLLTD,APOLLOHOSP,APOLLOTYRE,APTUS,ARE&M,ASAHIINDIA,ASHOKLEY,ASIANPAINT,ASTERDM,ASTRAL,ASTRAZEN,ATGL,ATUL,AUBANK,AUROPHARMA,AVANTIFEED,AXISBANK,BAJAJ-AUTO,BAJAJELEC,BAJAJFINSV,BAJAJHLDNG,BAJFINANCE,BALAMINES,BALKRISIND,BALRAMCHIN,BANDHANBNK,BANKBARODA,BANKINDIA,BASF,BATAINDIA,BAYERCROP,BBTC,BCG,BDL,BEL,BEML,BERGEPAINT,BHARATFORG,BHARTIARTL,BHARTIHEXA,BHEL,BIOCON,BIRLACORPN,BLUEDART,BLUESTARCO,BOSCHLTD,BPCL,BRIGADE,BRITANNIA,BSE,BSOFT,CAMS,CANBK,CANFINHOME,CAPLIPOINT,CARBORUNIV,CASTROLIND,CCL,CDSL,CEATLTD,CENTRALBK,CENTURYPLY,CERA,CESC,CGPOWER,CHALET,CHAMBLFERT,CHEMPLASTS,CHOLAFIN,CHOLAHLDNG,CIEINDIA,CIPLA,CLEAN,COALINDIA,COCHINSHIP,COFORGE,COHANCE,COLPAL,CONCOR,COROMANDEL,CREDITACC,CRISIL,CROMPTON,CUB,CUMMINSIND,CYIENT,DABUR,DALBHARAT,DBL,DBREALTY,DEEPAKNTR,DELTACORP,DEVYANI,DHANI,DIVISLAB,DIXON,DLF,DMART,DRREDDY,DUMMYHEG,EASEMYTRIP,ECLERX,EDELWEISS,EICHERMOT,EIDPARRY,EIHOTEL,ELGIEQUIP,EMAMILTD,ENDURANCE,ENGINERSIN,EPIGRAL,EQUITAS,EQUITASBNK,ERIS,ESCORTS,ETERNAL,EXIDEIND,FACT,FEDERALBNK,FINCABLES,FINEORG,FINPIPE,FLUOROCHEM,FORTIS,FSL,GAEL,GAIL,GALAXYSURF,GESHIP,GICRE,GILLETTE,GLAND,GLAXO,GLENMARK,GLS,GMRAIRPORT,GNFC,GOCOLORS,GODFRYPHLP,GODIGIT,GODREJAGRO,GODREJCP,GODREJIND,GODREJPROP,GPIL,GPPL,GRANULES,GRAPHITE,GRASIM,GRINDWELL,GRINFRA,GSFC,GSPL,GUJALKALI,GUJGASLTD,GVT&D,HAL,HAPPSTMNDS,HATHWAY,HATSUN,HAVELLS,HBLENGINE,HCLTECH,HDFC,HDFCAMC,HDFCBANK,HDFCLIFE,HEG,HEMIPROP,HEROMOTOCO,HFCL,HINDALCO,HINDCOPPER,HINDPETRO,HINDUNILVR,HINDZINC,HLEGLAS,HOMEFIRST,HONAUT,HUDCO,ICICIBANK,ICICIGI,ICICIPRULI,ICIL,IDBI,IDEA,IDFC,IDFCFIRSTB,IEX,IFCI,IGL,IIFL,INDGN,INDHOTEL,INDIACEM,INDIAMART,INDIANB,INDIGO,INDOCO,INDUSINDBK,INDUSTOWER,INFIBEAM,INFY,INOXINDIA,INOXLEISUR,INTELLECT,IOB,IOC,IPCALAB,IRB,IRCON,IRCTC,IREDA,IRFC,ITC,ITI,JAMNAAUTO,JBCHEPHARM,JINDALSAW,JINDALSTEL,JKCEMENT,JKLAKSHMI,JKTYRE,JMFINANCIL,JPPOWER,JSL,JSLHISAR,JSWDULUX,JSWENERGY,JSWSTEEL,JUBLFOOD,JUBLINGREA,JUBLPHARMA,JUSTDIAL,JYOTHYLAB,JYOTICNC,KAJARIACER,KALYANKJIL,KANSAINER,KARURVYSYA,KAYNES,KEC,KEI,KIMS,KIRLFER,KIRLOSBROS,KIRLOSENG,KNRCON,KOTAKBANK,KPIL,KPITTECH,KPRMILL,LALPATHLAB,LATENTVIEW,LAURUSLABS,LAXMIMACH,LICHSGFIN,LINDEINDIA,LODHA,LT,LTF,LTM,LTTS,LUPIN,LUXIND,M&M,M&MFIN,MAHABANK,MANAPPURAM,MAPMYINDIA,MARICO,MARUTI,MASTEK,MAXHEALTH,MAZDOCK,MCX,METROBRAND,METROPOLIS,MFSL,MGL,MINDACORP,MINDTREE,MMTC,MOIL,MOTILALOFS,MPHASIS,MRF,MRPL,MUTHOOTFIN,NAM-INDIA,NATCOPHARM,NATIONALUM,NAUKRI,NAVINFLUOR,NAZARA,NBCC,NCC,NESCO,NESTLEIND,NETWEB,NETWORK18,NEWGEN,NH,NHPC,NIACL,NLCINDIA,NMDC,NTPC,NUVOCO,NYKAA,OBEROIRLTY,OFSS,OIL,ONGC,ORIENTELEC,PAGEIND,PAYTM,PCBL,PEL,PERSISTENT,PETRONET,PFC,PFIZER,PGHH,PGHL,PHOENIXLTD,PIDILITIND,PIIND,PNB,PNBHOUSING,PNCINFRA,POLICYBZR,POLYCAB,POLYMED,POLYPLEX,POONAWALLA,POWERGRID,POWERINDIA,PRAJIND,PRESTIGE,PRIVISCL,PTCIL,PVRINOX,QUESS,RADICO,RAILTEL,RAIN,RAJESHEXPO,RALLIS,RAMCOCEM,RATNAMANI,RAYMONDLSL,RBLBANK,RCF,RECLTD,REDINGTON,RELAXO,RELIANCE,RENUKA,RHIM,RITES,ROSSARI,ROUTE,RTNINDIA,RVNL,SAIL,SAMMAANCAP,SANOFI,SAPPHIRE,SAREGAMA,SBICARD,SBILIFE,SBIN,SCHAEFFLER,SCI,SEQUENT,SFL,SHILPAMED,SHREECEM,SHRIRAMCIT,SHRIRAMFIN,SHYAMMETL,SIEMENS,SIS,SJVN,SKFINDIA,SOBHA,SOLARA,SOLARINDS,SONACOMS,SONATSOFTW,SPARC,SPICEJET,SRF,STAR,STARHEALTH,SUDARSCHEM,SUMICHEM,SUNDARMFIN,SUNDRMFAST,SUNPHARMA,SUNTV,SUPPETRO,SUPRAJIT,SUPREMEIND,SUZLON,SWANCORP,SWSOLAR,SYMPHONY,SYNGENE,SYRMA,TANLA,TATACHEM,TATACOFFEE,TATACOMM,TATACONSUM,TATAELXSI,TATAINVEST,TATAMTRDVR,TATAPOWER,TATASTEEL,TATASTLLP,TBOTEK,TCS,TEAMLEASE,TECHM,TECHNOE,THERMAX,THYROCARE,TIINDIA,TIMKEN,TITAN,TMPV,TORNTPHARM,TORNTPOWER,TRENT,TRIDENT,TRITURBINE,TTKPRESTIG,TTML,TV18BRDCST,TVSMOTOR,UBL,UCOBANK,UJJIVANSFB,ULTRACEMCO,UNIONBANK,UNITDSPR,UNOMINDA,UPL,USHAMART,UTIAMC,VAKRANGEE,VARROC,VBL,VEDL,VENKEYS,VGUARD,VIJAYA,VINATIORGA,VIPIND,VMART,VOLTAS,VTL,WELCORP,WELSPUNLIV,WESTLIFE,WHIRLPOOL,WIPRO,WOCKPHARMA,YESBANK,ZEEL,ZENSARTECH,ZFCVINDIA,ZYDUSLIFE,ZYDUSWELL"
2019-12-31,"360ONE,3MINDIA,AADHARHFC,AARTIDRUGS,AARTIIND,AAVAS,ABB,ABBOTINDIA,ABCAPITAL,ABFRL,ABREL,ABSLAMC,ACC,ADANIENSOL,ADANIENT,ADANIGREEN,ADANIPORTS,ADVENZYMES,AEGISLOG,AFFLE,AIAENG,AJANTPHARM,ALKEM,ALKYLAMINE,ALLCARGO,ALOKINDS,AMBER,AMBUJACEM,ANANTRAJ,ANGELONE,APLAPOLLO,APLLTD,APOLLOHOSP,APOLLOTYRE,APTUS,ARE&M,ASAHIINDIA,ASHOKLEY,ASIANPAINT,ASTERDM,ASTRAL,ASTRAZEN,ATGL,ATUL,AUBANK,AUROPHARMA,AVANTIFEED,AXISBANK,BAJAJ-AUTO,BAJAJELEC,BAJAJFINSV,BAJAJHLDNG,BAJFINANCE,BALAMINES,BALKRISIND,BALRAMCHIN,BANDHANBNK,BANKBARODA,BANKINDIA,BASF,BATAINDIA,BAYERCROP,BBTC,BCG,BDL,BEL,BEML,BERGEPAINT,BHARATFORG,BHARTIARTL,BHARTIHEXA,BHEL,BIOCON,BIRLACORPN,BLUEDART,BLUESTARCO,BOSCHLTD,BPCL,BRIGADE,BRITANNIA,BSE,BSOFT,CAMS,CANBK,CANFINHOME,CAPLIPOINT,CARBORUNIV,CASTROLIND,CCL,CDSL,CEATLTD,CENTRALBK,CENTURYPLY,CERA,CESC,CGPOWER,CHALET,CHAMBLFERT,CHEMPLASTS,CHOLAFIN,CHOLAHLDNG,CIEINDIA,CIPLA,CLEAN,COALINDIA,COCHINSHIP,COFORGE,COHANCE,COLPAL,CONCOR,COROMANDEL,CREDITACC,CRISIL,CROMPTON,CUB,CUMMINSIND,CYIENT,DABUR,DALBHARAT,DBL,DBREALTY,DEEPAKNTR,DELTACORP,DEVYANI,DHANI,DIVISLAB,DIXON,DLF,DMART,DRREDDY,DUMMYHEG,EASEMYTRIP,ECLERX,EDELWEISS,EICHERMOT,EIDPARRY,EIHOTEL,ELGIEQUIP,EMAMILTD,ENDURANCE,ENGINERSIN,EPIGRAL,EQUITAS,EQUITASBNK,ERIS,ESCORTS,ETERNAL,EXIDEIND,FACT,FEDERALBNK,FINCABLES,FINEORG,FINPIPE,FLUOROCHEM,FORTIS,FSL,GAEL,GAIL,GALAXYSURF,GESHIP,GICRE,GILLETTE,GLAND,GLAXO,GLENMARK,GLS,GMRAIRPORT,GNFC,GOCOLORS,GODFRYPHLP,GODIGIT,GODREJAGRO,GODREJCP,GODREJIND,GODREJPROP,GPIL,GPPL,GRANULES,GRAPHITE,GRASIM,GRINDWELL,GRINFRA,GSFC,GSPL,GUJALKALI,GUJGASLTD,GVT&D,HAL,HAPPSTMNDS,HATHWAY,HATSUN,HAVELLS,HBLENGINE,HCLTECH,HDFC,HDFCAMC,HDFCBANK,HDFCLIFE,HEG,HEMIPROP,HEROMOTOCO,HFCL,HINDALCO,HINDCOPPER,HINDPETRO,HINDUNILVR,HINDZINC,HLEGLAS,HOMEFIRST,HONAUT,HUDCO,ICICIBANK,ICICIGI,ICICIPRULI,ICIL,IDBI,IDEA,IDFC,IDFCFIRSTB,IEX,IFCI,IGL,IIFL,INDGN,INDHOTEL,INDIACEM,INDIAMART,INDIANB,INDIGO,INDOCO,INDUSINDBK,INDUSTOWER,INFIBEAM,INFY,INOXINDIA,INOXLEISUR,INTELLECT,IOB,IOC,IPCALAB,IRB,IRCON,IRCTC,IREDA,IRFC,ITC,ITI,JAMNAAUTO,JBCHEPHARM,JINDALSAW,JINDALSTEL,JKCEMENT,JKLAKSHMI,JKTYRE,JMFINANCIL,JPPOWER,JSL,JSLHISAR,JSWDULUX,JSWENERGY,JSWSTEEL,JUBLFOOD,JUBLINGREA,JUBLPHARMA,JUSTDIAL,JYOTHYLAB,JYOTICNC,KAJARIACER,KALYANKJIL,KANSAINER,KARURVYSYA,KAYNES,KEC,KEI,KIMS,KIRLFER,KIRLOSBROS,KIRLOSENG,KNRCON,KOTAKBANK,KPIL,KPITTECH,KPRMILL,LALPATHLAB,LATENTVIEW,LAURUSLABS,LAXMIMACH,LICHSGFIN,LINDEINDIA,LODHA,LT,LTF,LTM,LTTS,LUPIN,LUXIND,M&M,M&MFIN,MAHABANK,MANAPPURAM,MAPMYINDIA,MARICO,MARUTI,MASTEK,MAXHEALTH,MAZDOCK,MCX,METROBRAND,METROPOLIS,MFSL,MGL,MINDACORP,MINDTREE,MMTC,MOIL,MOTILALOFS,MPHASIS,MRF,MRPL,MUTHOOTFIN,NAM-INDIA,NATCOPHARM,NATIONALUM,NAUKRI,NAVINFLUOR,NAZARA,NBCC,NCC,NESCO,NESTLEIND,NETWEB,NETWORK18,NEWGEN,NH,NHPC,NIACL,NLCINDIA,NMDC,NTPC,NUVOCO,NYKAA,OBEROIRLTY,OFSS,OIL,ONGC,ORIENTELEC,PAGEIND,PAYTM,PCBL,PEL,PERSISTENT,PETRONET,PFC,PFIZER,PGHH,PGHL,PHOENIXLTD,PIDILITIND,PIIND,PNB,PNBHOUSING,PNCINFRA,POLICYBZR,POLYCAB,POLYMED,POLYPLEX,POONAWALLA,POWERGRID,POWERINDIA,PRAJIND,PRESTIGE,PRIVISCL,PTCIL,PVRINOX,QUESS,RADICO,RAILTEL,RAIN,RAJESHEXPO,RALLIS,RAMCOCEM,RATNAMANI,RAYMONDLSL,RBLBANK,RCF,RECLTD,REDINGTON,RELAXO,RELIANCE,RENUKA,RHIM,RITES,ROSSARI,ROUTE,RTNINDIA,RVNL,SAIL,SAMMAANCAP,SANOFI,SAPPHIRE,SAREGAMA,SBICARD,SBILIFE,SBIN,SCHAEFFLER,SCI,SEQUENT,SFL,SHILPAMED,SHREECEM,SHRIRAMCIT,SHRIRAMFIN,SHYAMMETL,SIEMENS,SIS,SJVN,SKFINDIA,SOBHA,SOLARA,SOLARINDS,SONACOMS,SONATSOFTW,SPARC,SPICEJET,SRF,STAR,STARHEALTH,SUDARSCHEM,SUMICHEM,SUNDARMFIN,SUNDRMFAST,SUNPHARMA,SUNTV,SUPPETRO,SUPRAJIT,SUPREMEIND,SUZLON,SWANCORP,SWSOLAR,SYMPHONY,SYNGENE,SYRMA,TANLA,TATACHEM,TATACOFFEE,TATACOMM,TATACONSUM,TATAELXSI,TATAINVEST,TATAMTRDVR,TATAPOWER,TATASTEEL,TATASTLLP,TBOTEK,TCS,TEAMLEASE,TECHM,TECHNOE,THERMAX,THYROCARE,TIINDIA,TIMKEN,TITAN,TMPV,TORNTPHARM,TORNTPOWER,TRENT,TRIDENT,TRITURBINE,TTKPRESTIG,TTML,TV18BRDCST,TVSMOTOR,UBL,UCOBANK,UJJIVANSFB,ULTRACEMCO,UNIONBANK,UNITDSPR,UNOMINDA,UPL,USHAMART,UTIAMC,VAKRANGEE,VARROC,VBL,VEDL,VENKEYS,VGUARD,VIJAYA,VINATIORGA,VIPIND,VMART,VOLTAS,VTL,WELCORP,WELSPUNLIV,WESTLIFE,WHIRLPOOL,WIPRO,WOCKPHARMA,YESBANK,ZEEL,ZENSARTECH,ZFCVINDIA,ZYDUSLIFE,ZYDUSWELL"
2020-01-31,"360ONE,3MINDIA,AADHARHFC,AARTIDRUGS,AARTIIND,AAVAS,ABB,ABBOTINDIA,ABCAPITAL,ABFRL,ABREL,ABSLAMC,ACC,ADANIENSOL,ADANIENT,ADANIGREEN,ADANIPORTS,ADVENZYMES,AEGISLOG,AFFLE,AIAENG,AJANTPHARM,ALKEM,ALKYLAMINE,ALLCARGO,ALOKINDS,AMBER,AMBUJACEM,ANANTRAJ,ANGELONE,APLAPOLLO,APLLTD,APOLLOHOSP,APOLLOTYRE,APTUS,ARE&M,ASAHIINDIA,ASHOKLEY,ASIANPAINT,ASTERDM,ASTRAL,ASTRAZEN,ATGL,ATUL,AUBANK,AUROPHARMA,AVANTIFEED,AXISBANK,BAJAJ-AUTO,BAJAJELEC,BAJAJFINSV,BAJAJHLDNG,BAJFINANCE,BALAMINES,BALKRISIND,BALRAMCHIN,BANDHANBNK,BANKBARODA,BANKINDIA,BASF,BATAINDIA,BAYERCROP,BBTC,BCG,BDL,BEL,BEML,BERGEPAINT,BHARATFORG,BHARTIARTL,BHARTIHEXA,BHEL,BIOCON,BIRLACORPN,BLUEDART,BLUESTARCO,BOSCHLTD,BPCL,BRIGADE,BRITANNIA,BSE,BSOFT,CAMS,CANBK,CANFINHOME,CAPLIPOINT,CARBORUNIV,CASTROLIND,CCL,CDSL,CEATLTD,CENTRALBK,CENTURYPLY,CERA,CESC,CGPOWER,CHALET,CHAMBLFERT,CHEMPLASTS,CHOLAFIN,CHOLAHLDNG,CIEINDIA,CIPLA,CLEAN,COALINDIA,COCHINSHIP,COFORGE,COHANCE,COLPAL,CONCOR,COROMANDEL,CREDITACC,CRISIL,CROMPTON,CUB,CUMMINSIND,CYIENT,DABUR,DALBHARAT,DBL,DBREALTY,DEEPAKNTR,DELTACORP,DEVYANI,DHANI,DIVISLAB,DIXON,DLF,DMART,DRREDDY,DUMMYHEG,EASEMYTRIP,ECLERX,EDELWEISS,EICHERMOT,EIDPARRY,EIHOTEL,ELGIEQUIP,EMAMILTD,ENDURANCE,ENGINERSIN,EPIGRAL,EQUITAS,EQUITASBNK,ERIS,ESCORTS,ETERNAL,EXIDEIND,FACT,FEDERALBNK,FINCABLES,FINEORG,FINPIPE,FLUOROCHEM,FORTIS,FSL,GAEL,GAIL,GALAXYSURF,GESHIP,GICRE,GILLETTE,GLAND,GLAXO,GLENMARK,GLS,GMRAIRPORT,GNFC,GOCOLORS,GODFRYPHLP,GODIGIT,GODREJAGRO,GODREJCP,GODREJIND,GODREJPROP,GPIL,GPPL,GRANULES,GRAPHITE,GRASIM,GRINDWELL,GRINFRA,GSFC,GSPL,GUJALKALI,GUJGASLTD,GVT&D,HAL,HAPPSTMNDS,HATHWAY,HATSUN,HAVELLS,HBLENGINE,HCLTECH,HDFC,HDFCAMC,HDFCBANK,HDFCLIFE,HEG,HEMIPROP,HEROMOTOCO,HFCL,HINDALCO,HINDCOPPER,HINDPETRO,HINDUNILVR,HINDZINC,HLEGLAS,HOMEFIRST,HONAUT,HUDCO,ICICIBANK,ICICIGI,ICICIPRULI,ICIL,IDBI,IDEA,IDFC,IDFCFIRSTB,IEX,IFCI,IGL,IIFL,INDGN,INDHOTEL,INDIACEM,INDIAMART,INDIANB,INDIGO,INDOCO,INDUSINDBK,INDUSTOWER,INFIBEAM,INFY,INOXINDIA,INOXLEISUR,INTELLECT,IOB,IOC,IPCALAB,IRB,IRCON,IRCTC,IREDA,IRFC,ITC,ITI,JAMNAAUTO,JBCHEPHARM,JINDALSAW,JINDALSTEL,JKCEMENT,JKLAKSHMI,JKTYRE,JMFINANCIL,JPPOWER,JSL,JSLHISAR,JSWDULUX,JSWENERGY,JSWSTEEL,JUBLFOOD,JUBLINGREA,JUBLPHARMA,JUSTDIAL,JYOTHYLAB,JYOTICNC,KAJARIACER,KALYANKJIL,KANSAINER,KARURVYSYA,KAYNES,KEC,KEI,KIMS,KIRLFER,KIRLOSBROS,KIRLOSENG,KNRCON,KOTAKBANK,KPIL,KPITTECH,KPRMILL,LALPATHLAB,LATENTVIEW,LAURUSLABS,LAXMIMACH,LICHSGFIN,LINDEINDIA,LODHA,LT,LTF,LTM,LTTS,LUPIN,LUXIND,M&M,M&MFIN,MAHABANK,MANAPPURAM,MAPMYINDIA,MARICO,MARUTI,MASTEK,MAXHEALTH,MAZDOCK,MCX,METROBRAND,METROPOLIS,MFSL,MGL,MINDACORP,MINDTREE,MMTC,MOIL,MOTILALOFS,MPHASIS,MRF,MRPL,MUTHOOTFIN,NAM-INDIA,NATCOPHARM,NATIONALUM,NAUKRI,NAVINFLUOR,NAZARA,NBCC,NCC,NESCO,NESTLEIND,NETWEB,NETWORK18,NEWGEN,NH,NHPC,NIACL,NLCINDIA,NMDC,NTPC,NUVOCO,NYKAA,OBEROIRLTY,OFSS,OIL,ONGC,ORIENTELEC,PAGEIND,PAYTM,PCBL,PEL,PERSISTENT,PETRONET,PFC,PFIZER,PGHH,PGHL,PHOENIXLTD,PIDILITIND,PIIND,PNB,PNBHOUSING,PNCINFRA,POLICYBZR,POLYCAB,POLYMED,POLYPLEX,POONAWALLA,POWERGRID,POWERINDIA,PRAJIND,PRESTIGE,PRIVISCL,PTCIL,PVRINOX,QUESS,RADICO,RAILTEL,RAIN,RAJESHEXPO,RALLIS,RAMCOCEM,RATNAMANI,RAYMONDLSL,RBLBANK,RCF,RECLTD,REDINGTON,RELAXO,RELIANCE,RENUKA,RHIM,RITES,ROSSARI,ROUTE,RTNINDIA,RVNL,SAIL,SAMMAANCAP,SANOFI,SAPPHIRE,SAREGAMA,SBICARD,SBILIFE,SBIN,SCHAEFFLER,SCI,SEQUENT,SFL,SHILPAMED,SHREECEM,SHRIRAMCIT,SHRIRAMFIN,SHYAMMETL,SIEMENS,SIS,SJVN,SKFINDIA,SOBHA,SOLARA,SOLARINDS,SONACOMS,SONATSOFTW,SPARC,SPICEJET,SRF,STAR,STARHEALTH,SUDARSCHEM,SUMICHEM,SUNDARMFIN,SUNDRMFAST,SUNPHARMA,SUNTV,SUPPETRO,SUPRAJIT,SUPREMEIND,SUZLON,SWANCORP,SWSOLAR,SYMPHONY,SYNGENE,SYRMA,TANLA,TATACHEM,TATACOFFEE,TATACOMM,TATACONSUM,TATAELXSI,TATAINVEST,TATAMTRDVR,TATAPOWER,TATASTEEL,TATASTLLP,TBOTEK,TCS,TEAMLEASE,TECHM,TECHNOE,THERMAX,THYROCARE,TIINDIA,TIMKEN,TITAN,TMPV,TORNTPHARM,TORNTPOWER,TRENT,TRIDENT,TRITURBINE,TTKPRESTIG,TTML,TV18BRDCST,TVSMOTOR,UBL,UCOBANK,UJJIVANSFB,ULTRACEMCO,UNIONBANK,UNITDSPR,UNOMINDA,UPL,USHAMART,UTIAMC,VAKRANGEE,VARROC,VBL,VEDL,VENKEYS,VGUARD,VIJAYA,VINATIORGA,VIPIND,VMART,VOLTAS,VTL,WELCORP,WELSPUNLIV,WESTLIFE,WHIRLPOOL,WIPRO,WOCKPHARMA,YESBANK,ZEEL,ZENSARTECH,ZFCVINDIA,ZYDUSLIFE,ZYDUSWELL"
2020-02-29,"360ONE,3MINDIA,AADHARHFC,AARTIDRUGS,AARTIIND,AAVAS,ABB,ABBOTINDIA,ABCAPITAL,ABFRL,ABREL,ABSLAMC,ACC,ADANIENSOL,ADANIENT,ADANIGREEN,ADANIPORTS,ADVENZYMES,AEGISLOG,AFFLE,AIAENG,AJANTPHARM,ALKEM,ALKYLAMINE,ALLCARGO,ALOKINDS,AMBER,AMBUJACEM,ANANTRAJ,ANGELONE,APLAPOLLO,APLLTD,APOLLOHOSP,APOLLOTYRE,APTUS,ARE&M,ASAHIINDIA,ASHOKLEY,ASIANPAINT,ASTERDM,ASTRAL,ASTRAZEN,ATGL,ATUL,AUBANK,AUROPHARMA,AVANTIFEED,AXISBANK,BAJAJ-AUTO,BAJAJELEC,BAJAJFINSV,BAJAJHLDNG,BAJFINANCE,BALAMINES,BALKRISIND,BALRAMCHIN,BANDHANBNK,BANKBARODA,BANKINDIA,BASF,BATAINDIA,BAYERCROP,BBTC,BCG,BDL,BEL,BEML,BERGEPAINT,BHARATFORG,BHARTIARTL,BHARTIHEXA,BHEL,BIOCON,BIRLACORPN,BLUEDART,BLUESTARCO,BOSCHLTD,BPCL,BRIGADE,BRITANNIA,BSE,BSOFT,CAMS,CANBK,CANFINHOME,CAPLIPOINT,CARBORUNIV,CASTROLIND,CCL,CDSL,CEATLTD,CENTRALBK,CENTURYPLY,CERA,CESC,CGPOWER,CHALET,CHAMBLFERT,CHEMPLASTS,CHOLAFIN,CHOLAHLDNG,CIEINDIA,CIPLA,CLEAN,COALINDIA,COCHINSHIP,COFORGE,COHANCE,COLPAL,CONCOR,COROMANDEL,CREDITACC,CRISIL,CROMPTON,CUB,CUMMINSIND,CYIENT,DABUR,DALBHARAT,DBL,DBREALTY,DEEPAKNTR,DELTACORP,DEVYANI,DHANI,DIVISLAB,DIXON,DLF,DMART,DRREDDY,DUMMYHEG,EASEMYTRIP,ECLERX,EDELWEISS,EICHERMOT,EIDPARRY,EIHOTEL,ELGIEQUIP,EMAMILTD,ENDURANCE,ENGINERSIN,EPIGRAL,EQUITAS,EQUITASBNK,ERIS,ESCORTS,ETERNAL,EXIDEIND,FACT,FEDERALBNK,FINCABLES,FINEORG,FINPIPE,FLUOROCHEM,FORTIS,FSL,GAEL,GAIL,GALAXYSURF,GESHIP,GICRE,GILLETTE,GLAND,GLAXO,GLENMARK,GLS,GMRAIRPORT,GNFC,GOCOLORS,GODFRYPHLP,GODIGIT,GODREJAGRO,GODREJCP,GODREJIND,GODREJPROP,GPIL,GPPL,GRANULES,GRAPHITE,GRASIM,GRINDWELL,GRINFRA,GSFC,GSPL,GUJALKALI,GUJGASLTD,GVT&D,HAL,HAPPSTMNDS,HATHWAY,HATSUN,HAVELLS,HBLENGINE,HCLTECH,HDFC,HDFCAMC,HDFCBANK,HDFCLIFE,HEG,HEMIPROP,HEROMOTOCO,HFCL,HINDALCO,HINDCOPPER,HINDPETRO,HINDUNILVR,HINDZINC,HLEGLAS,HOMEFIRST,HONAUT,HUDCO,ICICIBANK,ICICIGI,ICICIPRULI,ICIL,IDBI,IDEA,IDFC,IDFCFIRSTB,IEX,IFCI,IGL,IIFL,INDGN,INDHOTEL,INDIACEM,INDIAMART,INDIANB,INDIGO,INDOCO,INDUSINDBK,INDUSTOWER,INFIBEAM,INFY,INOXINDIA,INOXLEISUR,INTELLECT,IOB,IOC,IPCALAB,IRB,IRCON,IRCTC,IREDA,IRFC,ITC,ITI,JAMNAAUTO,JBCHEPHARM,JINDALSAW,JINDALSTEL,JKCEMENT,JKLAKSHMI,JKTYRE,JMFINANCIL,JPPOWER,JSL,JSLHISAR,JSWDULUX,JSWENERGY,JSWSTEEL,JUBLFOOD,JUBLINGREA,JUBLPHARMA,JUSTDIAL,JYOTHYLAB,JYOTICNC,KAJARIACER,KALYANKJIL,KANSAINER,KARURVYSYA,KAYNES,KEC,KEI,KIMS,KIRLFER,KIRLOSBROS,KIRLOSENG,KNRCON,KOTAKBANK,KPIL,KPITTECH,KPRMILL,LALPATHLAB,LATENTVIEW,LAURUSLABS,LAXMIMACH,LICHSGFIN,LINDEINDIA,LODHA,LT,LTF,LTM,LTTS,LUPIN,LUXIND,M&M,M&MFIN,MAHABANK,MANAPPURAM,MAPMYINDIA,MARICO,MARUTI,MASTEK,MAXHEALTH,MAZDOCK,MCX,METROBRAND,METROPOLIS,MFSL,MGL,MINDACORP,MINDTREE,MMTC,MOIL,MOTILALOFS,MPHASIS,MRF,MRPL,MUTHOOTFIN,NAM-INDIA,NATCOPHARM,NATIONALUM,NAUKRI,NAVINFLUOR,NAZARA,NBCC,NCC,NESCO,NESTLEIND,NETWEB,NETWORK18,NEWGEN,NH,NHPC,NIACL,NLCINDIA,NMDC,NTPC,NUVOCO,NYKAA,OBEROIRLTY,OFSS,OIL,ONGC,ORIENTELEC,PAGEIND,PAYTM,PCBL,PEL,PERSISTENT,PETRONET,PFC,PFIZER,PGHH,PGHL,PHOENIXLTD,PIDILITIND,PIIND,PNB,PNBHOUSING,PNCINFRA,POLICYBZR,POLYCAB,POLYMED,POLYPLEX,POONAWALLA,POWERGRID,POWERINDIA,PRAJIND,PRESTIGE,PRIVISCL,PTCIL,PVRINOX,QUESS,RADICO,RAILTEL,RAIN,RAJESHEXPO,RALLIS,RAMCOCEM,RATNAMANI,RAYMONDLSL,RBLBANK,RCF,RECLTD,REDINGTON,RELAXO,RELIANCE,RENUKA,RHIM,RITES,ROSSARI,ROUTE,RTNINDIA,RVNL,SAIL,SAMMAANCAP,SANOFI,SAPPHIRE,SAREGAMA,SBICARD,SBILIFE,SBIN,SCHAEFFLER,SCI,SEQUENT,SFL,SHILPAMED,SHREECEM,SHRIRAMCIT,SHRIRAMFIN,SHYAMMETL,SIEMENS,SIS,SJVN,SKFINDIA,SOBHA,SOLARA,SOLARINDS,SONACOMS,SONATSOFTW,SPARC,SPICEJET,SRF,STAR,STARHEALTH,SUDARSCHEM,SUMICHEM,SUNDARMFIN,SUNDRMFAST,SUNPHARMA,SUNTV,SUPPETRO,SUPRAJIT,SUPREMEIND,SUZLON,SWANCORP,SWSOLAR,SYMPHONY,SYNGENE,SYRMA,TANLA,TATACHEM,TATACOFFEE,TATACOMM,TATACONSUM,TATAELXSI,TATAINVEST,TATAMTRDVR,TATAPOWER,TATASTEEL,TATASTLLP,TBOTEK,TCS,TEAMLEASE,TECHM,TECHNOE,THERMAX,THYROCARE,TIINDIA,TIMKEN,TITAN,TMPV,TORNTPHARM,TORNTPOWER,TRENT,TRIDENT,TRITURBINE,TTKPRESTIG,TTML,TV18BRDCST,TVSMOTOR,UBL,UCOBANK,UJJIVANSFB,ULTRACEMCO,UNIONBANK,UNITDSPR,UNOMINDA,UPL,USHAMART,UTIAMC,VAKRANGEE,VARROC,VBL,VEDL,VENKEYS,VGUARD,VIJAYA,VINATIORGA,VIPIND,VMART,VOLTAS,VTL,WELCORP,WELSPUNLIV,WESTLIFE,WHIRLPOOL,WIPRO,WOCKPHARMA,YESBANK,ZEEL,ZENSARTECH,ZFCVINDIA,ZYDUSLIFE,ZYDUSWELL"
2020-03-31,"360ONE,3MINDIA,AADHARHFC,AARTIDRUGS,AARTIIND,AAVAS,ABB,ABBOTINDIA,ABCAPITAL,ABFRL,ABREL,ABSLAMC,ACC,ADANIENSOL,ADANIENT,ADANIGREEN,ADANIPORTS,ADVENZYMES,AEGISLOG,AFFLE,AIAENG,AJANTPHARM,ALKEM,ALKYLAMINE,ALLCARGO,ALOKINDS,AMBER,AMBUJACEM,ANANTRAJ,ANGELONE,APLAPOLLO,APLLTD,APOLLOHOSP,APOLLOTYRE,APTUS,ARE&M,ASAHIINDIA,ASHOKLEY,ASIANPAINT,ASTERDM,ASTRAL,ASTRAZEN,ATGL,ATUL,AUBANK,AUROPHARMA,AVANTIFEED,AXISBANK,BAJAJ-AUTO,BAJAJELEC,BAJAJFINSV,BAJAJHLDNG,BAJFINANCE,BALAMINES,BALKRISIND,BALRAMCHIN,BANDHANBNK,BANKBARODA,BANKINDIA,BASF,BATAINDIA,BAYERCROP,BBTC,BCG,BDL,BEL,BEML,BERGEPAINT,BHARATFORG,BHARTIARTL,BHARTIHEXA,BHEL,BIOCON,BIRLACORPN,BLUEDART,BLUESTARCO,BOSCHLTD,BPCL,BRIGADE,BRITANNIA,BSE,BSOFT,CAMS,CANBK,CANFINHOME,CAPLIPOINT,CARBORUNIV,CASTROLIND,CCL,CDSL,CEATLTD,CENTRALBK,CENTURYPLY,CERA,CESC,CGPOWER,CHALET,CHAMBLFERT,CHEMPLASTS,CHOLAFIN,CHOLAHLDNG,CIEINDIA,CIPLA,CLEAN,COALINDIA,COCHINSHIP,COFORGE,COHANCE,COLPAL,CONCOR,COROMANDEL,CREDITACC,CRISIL,CROMPTON,CUB,CUMMINSIND,CYIENT,DABUR,DALBHARAT,DBL,DBREALTY,DEEPAKNTR,DELTACORP,DEVYANI,DHANI,DIVISLAB,DIXON,DLF,DMART,DRREDDY,DUMMYHEG,EASEMYTRIP,ECLERX,EDELWEISS,EICHERMOT,EIDPARRY,EIHOTEL,ELGIEQUIP,EMAMILTD,ENDURANCE,ENGINERSIN,EPIGRAL,EQUITAS,EQUITASBNK,ERIS,ESCORTS,ETERNAL,EXIDEIND,FACT,FEDERALBNK,FINCABLES,FINEORG,FINPIPE,FLUOROCHEM,FORTIS,FSL,GAEL,GAIL,GALAXYSURF,GESHIP,GICRE,GILLETTE,GLAND,GLAXO,GLENMARK,GLS,GMRAIRPORT,GNFC,GOCOLORS,GODFRYPHLP,GODIGIT,GODREJAGRO,GODREJCP,GODREJIND,GODREJPROP,GPIL,GPPL,GRANULES,GRAPHITE,GRASIM,GRINDWELL,GRINFRA,GSFC,GSPL,GUJALKALI,GUJGASLTD,GVT&D,HAL,HAPPSTMNDS,HATHWAY,HATSUN,HAVELLS,HBLENGINE,HCLTECH,HDFC,HDFCAMC,HDFCBANK,HDFCLIFE,HEG,HEMIPROP,HEROMOTOCO,HFCL,HINDALCO,HINDCOPPER,HINDPETRO,HINDUNILVR,HINDZINC,HLEGLAS,HOMEFIRST,HONAUT,HUDCO,ICICIBANK,ICICIGI,ICICIPRULI,ICIL,IDBI,IDEA,IDFC,IDFCFIRSTB,IEX,IFCI,IGL,IIFL,INDGN,INDHOTEL,INDIACEM,INDIAMART,INDIANB,INDIGO,INDOCO,INDUSINDBK,INDUSTOWER,INFIBEAM,INFY,INOXINDIA,INOXLEISUR,INTELLECT,IOB,IOC,IPCALAB,IRB,IRCON,IRCTC,IREDA,IRFC,ITC,ITI,JAMNAAUTO,JBCHEPHARM,JINDALSAW,JINDALSTEL,JKCEMENT,JKLAKSHMI,JKTYRE,JMFINANCIL,JPPOWER,JSL,JSLHISAR,JSWDULUX,JSWENERGY,JSWSTEEL,JUBLFOOD,JUBLINGREA,JUBLPHARMA,JUSTDIAL,JYOTHYLAB,JYOTICNC,KAJARIACER,KALYANKJIL,KANSAINER,KARURVYSYA,KAYNES,KEC,KEI,KIMS,KIRLFER,KIRLOSBROS,KIRLOSENG,KNRCON,KOTAKBANK,KPIL,KPITTECH,KPRMILL,LALPATHLAB,LATENTVIEW,LAURUSLABS,LAXMIMACH,LICHSGFIN,LINDEINDIA,LODHA,LT,LTF,LTM,LTTS,LUPIN,LUXIND,M&M,M&MFIN,MAHABANK,MANAPPURAM,MAPMYINDIA,MARICO,MARUTI,MASTEK,MAXHEALTH,MAZDOCK,MCX,METROBRAND,METROPOLIS,MFSL,MGL,MINDACORP,MINDTREE,MMTC,MOIL,MOTILALOFS,MPHASIS,MRF,MRPL,MUTHOOTFIN,NAM-INDIA,NATCOPHARM,NATIONALUM,NAUKRI,NAVINFLUOR,NAZARA,NBCC,NCC,NESCO,NESTLEIND,NETWEB,NETWORK18,NEWGEN,NH,NHPC,NIACL,NLCINDIA,NMDC,NTPC,NUVOCO,NYKAA,OBEROIRLTY,OFSS,OIL,ONGC,ORIENTELEC,PAGEIND,PAYTM,PCBL,PEL,PERSISTENT,PETRONET,PFC,PFIZER,PGHH,PGHL,PHOENIXLTD,PIDILITIND,PIIND,PNB,PNBHOUSING,PNCINFRA,POLICYBZR,POLYCAB,POLYMED,POLYPLEX,POONAWALLA,POWERGRID,POWERINDIA,PRAJIND,PRESTIGE,PRIVISCL,PTCIL,PVRINOX,QUESS,RADICO,RAILTEL,RAIN,RAJESHEXPO,RALLIS,RAMCOCEM,RATNAMANI,RAYMONDLSL,RBLBANK,RCF,RECLTD,REDINGTON,RELAXO,RELIANCE,RENUKA,RHIM,RITES,ROSSARI,ROUTE,RTNINDIA,RVNL,SAIL,SAMMAANCAP,SANOFI,SAPPHIRE,SAREGAMA,SBICARD,SBILIFE,SBIN,SCHAEFFLER,SCI,SEQUENT,SFL,SHILPAMED,SHREECEM,SHRIRAMCIT,SHRIRAMFIN,SHYAMMETL,SIEMENS,SIS,SJVN,SKFINDIA,SOBHA,SOLARA,SOLARINDS,SONACOMS,SONATSOFTW,SPARC,SPICEJET,SRF,STAR,STARHEALTH,SUDARSCHEM,SUMICHEM,SUNDARMFIN,SUNDRMFAST,SUNPHARMA,SUNTV,SUPPETRO,SUPRAJIT,SUPREMEIND,SUZLON,SWANCORP,SWSOLAR,SYMPHONY,SYNGENE,SYRMA,TANLA,TATACHEM,TATACOFFEE,TATACOMM,TATACONSUM,TATAELXSI,TATAINVEST,TATAMTRDVR,TATAPOWER,TATASTEEL,TATASTLLP,TBOTEK,TCS,TEAMLEASE,TECHM,TECHNOE,THERMAX,THYROCARE,TIINDIA,TIMKEN,TITAN,TMPV,TORNTPHARM,TORNTPOWER,TRENT,TRIDENT,TRITURBINE,TTKPRESTIG,TTML,TV18BRDCST,TVSMOTOR,UBL,UCOBANK,UJJIVANSFB,ULTRACEMCO,UNIONBANK,UNITDSPR,UNOMINDA,UPL,USHAMART,UTIAMC,VAKRANGEE,VARROC,VBL,VEDL,VENKEYS,VGUARD,VIJAYA,VINATIORGA,VIPIND,VMART,VOLTAS,VTL,WELCORP,WELSPUNLIV,WESTLIFE,WHIRLPOOL,WIPRO,WOCKPHARMA,YESBANK,ZEEL,ZENSARTECH,ZFCVINDIA,ZYDUSLIFE,ZYDUSWELL"
2020-04-30,"360ONE,3MINDIA,AADHARHFC,AARTIDRUGS,AARTIIND,AAVAS,ABB,ABBOTINDIA,ABCAPITAL,ABFRL,ABREL,ABSLAMC,ACC,ADANIENSOL,ADANIENT,ADANIGREEN,ADANIPORTS,ADVENZYMES,AEGISLOG,AFFLE,AIAENG,AJANTPHARM,ALKEM,ALKYLAMINE,ALLCARGO,ALOKINDS,AMBER,AMBUJACEM,ANANTRAJ,ANGELONE,APLAPOLLO,APLLTD,APOLLOHOSP,APOLLOTYRE,APTUS,ARE&M,ASAHIINDIA,ASHOKLEY,ASIANPAINT,ASTERDM,ASTRAL,ASTRAZEN,ATGL,ATUL,AUBANK,AUROPHARMA,AVANTIFEED,AXISBANK,BAJAJ-AUTO,BAJAJELEC,BAJAJFINSV,BAJAJHLDNG,BAJFINANCE,BALAMINES,BALKRISIND,BALRAMCHIN,BANDHANBNK,BANKBARODA,BANKINDIA,BASF,BATAINDIA,BAYERCROP,BBTC,BCG,BDL,BEL,BEML,BERGEPAINT,BHARATFORG,BHARTIARTL,BHARTIHEXA,BHEL,BIOCON,BIRLACORPN,BLUEDART,BLUESTARCO,BOSCHLTD,BPCL,BRIGADE,BRITANNIA,BSE,BSOFT,CAMS,CANBK,CANFINHOME,CAPLIPOINT,CARBORUNIV,CASTROLIND,CCL,CDSL,CEATLTD,CENTRALBK,CENTURYPLY,CERA,CESC,CGPOWER,CHALET,CHAMBLFERT,CHEMPLASTS,CHOLAFIN,CHOLAHLDNG,CIEINDIA,CIPLA,CLEAN,COALINDIA,COCHINSHIP,COFORGE,COHANCE,COLPAL,CONCOR,COROMANDEL,CREDITACC,CRISIL,CROMPTON,CUB,CUMMINSIND,CYIENT,DABUR,DALBHARAT,DBL,DBREALTY,DEEPAKNTR,DELTACORP,DEVYANI,DHANI,DIVISLAB,DIXON,DLF,DMART,DRREDDY,DUMMYHEG,EASEMYTRIP,ECLERX,EDELWEISS,EICHERMOT,EIDPARRY,EIHOTEL,ELGIEQUIP,EMAMILTD,ENDURANCE,ENGINERSIN,EPIGRAL,EQUITAS,EQUITASBNK,ERIS,ESCORTS,ETERNAL,EXIDEIND,FACT,FEDERALBNK,FINCABLES,FINEORG,FINPIPE,FLUOROCHEM,FORTIS,FSL,GAEL,GAIL,GALAXYSURF,GESHIP,GICRE,GILLETTE,GLAND,GLAXO,GLENMARK,GLS,GMRAIRPORT,GNFC,GOCOLORS,GODFRYPHLP,GODIGIT,GODREJAGRO,GODREJCP,GODREJIND,GODREJPROP,GPIL,GPPL,GRANULES,GRAPHITE,GRASIM,GRINDWELL,GRINFRA,GSFC,GSPL,GUJALKALI,GUJGASLTD,GVT&D,HAL,HAPPSTMNDS,HATHWAY,HATSUN,HAVELLS,HBLENGINE,HCLTECH,HDFC,HDFCAMC,HDFCBANK,HDFCLIFE,HEG,HEMIPROP,HEROMOTOCO,HFCL,HINDALCO,HINDCOPPER,HINDPETRO,HINDUNILVR,HINDZINC,HLEGLAS,HOMEFIRST,HONAUT,HUDCO,ICICIBANK,ICICIGI,ICICIPRULI,ICIL,IDBI,IDEA,IDFC,IDFCFIRSTB,IEX,IFCI,IGL,IIFL,INDGN,INDHOTEL,INDIACEM,INDIAMART,INDIANB,INDIGO,INDOCO,INDUSINDBK,INDUSTOWER,INFIBEAM,INFY,INOXINDIA,INOXLEISUR,INTELLECT,IOB,IOC,IPCALAB,IRB,IRCON,IRCTC,IREDA,IRFC,ITC,ITI,JAMNAAUTO,JBCHEPHARM,JINDALSAW,JINDALSTEL,JKCEMENT,JKLAKSHMI,JKTYRE,JMFINANCIL,JPPOWER,JSL,JSLHISAR,JSWDULUX,JSWENERGY,JSWSTEEL,JUBLFOOD,JUBLINGREA,JUBLPHARMA,JUSTDIAL,JYOTHYLAB,JYOTICNC,KAJARIACER,KALYANKJIL,KANSAINER,KARURVYSYA,KAYNES,KEC,KEI,KIMS,KIRLFER,KIRLOSBROS,KIRLOSENG,KNRCON,KOTAKBANK,KPIL,KPITTECH,KPRMILL,LALPATHLAB,LATENTVIEW,LAURUSLABS,LAXMIMACH,LICHSGFIN,LINDEINDIA,LODHA,LT,LTF,LTM,LTTS,LUPIN,LUXIND,M&M,M&MFIN,MAHABANK,MANAPPURAM,MAPMYINDIA,MARICO,MARUTI,MASTEK,MAXHEALTH,MAZDOCK,MCX,METROBRAND,METROPOLIS,MFSL,MGL,MINDACORP,MINDTREE,MMTC,MOIL,MOTILALOFS,MPHASIS,MRF,MRPL,MUTHOOTFIN,NAM-INDIA,NATCOPHARM,NATIONALUM,NAUKRI,NAVINFLUOR,NAZARA,NBCC,NCC,NESCO,NESTLEIND,NETWEB,NETWORK18,NEWGEN,NH,NHPC,NIACL,NLCINDIA,NMDC,NTPC,NUVOCO,NYKAA,OBEROIRLTY,OFSS,OIL,ONGC,ORIENTELEC,PAGEIND,PAYTM,PCBL,PEL,PERSISTENT,PETRONET,PFC,PFIZER,PGHH,PGHL,PHOENIXLTD,PIDILITIND,PIIND,PNB,PNBHOUSING,PNCINFRA,POLICYBZR,POLYCAB,POLYMED,POLYPLEX,POONAWALLA,POWERGRID,POWERINDIA,PRAJIND,PRESTIGE,PRIVISCL,PTCIL,PVRINOX,QUESS,RADICO,RAILTEL,RAIN,RAJESHEXPO,RALLIS,RAMCOCEM,RATNAMANI,RAYMONDLSL,RBLBANK,RCF,RECLTD,REDINGTON,RELAXO,RELIANCE,RENUKA,RHIM,RITES,ROSSARI,ROUTE,RTNINDIA,RVNL,SAIL,SAMMAANCAP,SANOFI,SAPPHIRE,SAREGAMA,SBICARD,SBILIFE,SBIN,SCHAEFFLER,SCI,SEQUENT,SFL,SHILPAMED,SHREECEM,SHRIRAMCIT,SHRIRAMFIN,SHYAMMETL,SIEMENS,SIS,SJVN,SKFINDIA,SOBHA,SOLARA,SOLARINDS,SONACOMS,SONATSOFTW,SPARC,SPICEJET,SRF,STAR,STARHEALTH,SUDARSCHEM,SUMICHEM,SUNDARMFIN,SUNDRMFAST,SUNPHARMA,SUNTV,SUPPETRO,SUPRAJIT,SUPREMEIND,SUZLON,SWANCORP,SWSOLAR,SYMPHONY,SYNGENE,SYRMA,TANLA,TATACHEM,TATACOFFEE,TATACOMM,TATACONSUM,TATAELXSI,TATAINVEST,TATAMTRDVR,TATAPOWER,TATASTEEL,TATASTLLP,TBOTEK,TCS,TEAMLEASE,TECHM,TECHNOE,THERMAX,THYROCARE,TIINDIA,TIMKEN,TITAN,TMPV,TORNTPHARM,TORNTPOWER,TRENT,TRIDENT,TRITURBINE,TTKPRESTIG,TTML,TV18BRDCST,TVSMOTOR,UBL,UCOBANK,UJJIVANSFB,ULTRACEMCO,UNIONBANK,UNITDSPR,UNOMINDA,UPL,USHAMART,UTIAMC,VAKRANGEE,VARROC,VBL,VEDL,VENKEYS,VGUARD,VIJAYA,VINATIORGA,VIPIND,VMART,VOLTAS,VTL,WELCORP,WELSPUNLIV,WESTLIFE,WHIRLPOOL,WIPRO,WOCKPHARMA,YESBANK,ZEEL,ZENSARTECH,ZFCVINDIA,ZYDUSLIFE,ZYDUSWELL"
2020-05-31,"360ONE,3MINDIA,AADHARHFC,AARTIDRUGS,AARTIIND,AAVAS,ABB,ABBOTINDIA,ABCAPITAL,ABFRL,ABREL,ABSLAMC,ACC,ADANIENSOL,ADANIENT,ADANIGREEN,ADANIPORTS,ADVENZYMES,AEGISLOG,AFFLE,AIAENG,AJANTPHARM,ALKEM,ALKYLAMINE,ALLCARGO,ALOKINDS,AMBER,AMBUJACEM,ANANTRAJ,ANGELONE,APLAPOLLO,APLLTD,APOLLOHOSP,APOLLOTYRE,APTUS,ARE&M,ASAHIINDIA,ASHOKLEY,ASIANPAINT,ASTERDM,ASTRAL,ASTRAZEN,ATGL,ATUL,AUBANK,AUROPHARMA,AVANTIFEED,AXISBANK,BAJAJ-AUTO,BAJAJELEC,BAJAJFINSV,BAJAJHLDNG,BAJFINANCE,BALAMINES,BALKRISIND,BALRAMCHIN,BANDHANBNK,BANKBARODA,BANKINDIA,BASF,BATAINDIA,BAYERCROP,BBTC,BCG,BDL,BEL,BEML,BERGEPAINT,BHARATFORG,BHARTIARTL,BHARTIHEXA,BHEL,BIOCON,BIRLACORPN,BLUEDART,BLUESTARCO,BOSCHLTD,BPCL,BRIGADE,BRITANNIA,BSE,BSOFT,CAMS,CANBK,CANFINHOME,CAPLIPOINT,CARBORUNIV,CASTROLIND,CCL,CDSL,CEATLTD,CENTRALBK,CENTURYPLY,CERA,CESC,CGPOWER,CHALET,CHAMBLFERT,CHEMPLASTS,CHOLAFIN,CHOLAHLDNG,CIEINDIA,CIPLA,CLEAN,COALINDIA,COCHINSHIP,COFORGE,COHANCE,COLPAL,CONCOR,COROMANDEL,CREDITACC,CRISIL,CROMPTON,CUB,CUMMINSIND,CYIENT,DABUR,DALBHARAT,DBL,DBREALTY,DEEPAKNTR,DELTACORP,DEVYANI,DHANI,DIVISLAB,DIXON,DLF,DMART,DRREDDY,DUMMYHEG,EASEMYTRIP,ECLERX,EDELWEISS,EICHERMOT,EIDPARRY,EIHOTEL,ELGIEQUIP,EMAMILTD,ENDURANCE,ENGINERSIN,EPIGRAL,EQUITAS,EQUITASBNK,ERIS,ESCORTS,ETERNAL,EXIDEIND,FACT,FEDERALBNK,FINCABLES,FINEORG,FINPIPE,FLUOROCHEM,FORTIS,FSL,GAEL,GAIL,GALAXYSURF,GESHIP,GICRE,GILLETTE,GLAND,GLAXO,GLENMARK,GLS,GMRAIRPORT,GNFC,GOCOLORS,GODFRYPHLP,GODIGIT,GODREJAGRO,GODREJCP,GODREJIND,GODREJPROP,GPIL,GPPL,GRANULES,GRAPHITE,GRASIM,GRINDWELL,GRINFRA,GSFC,GSPL,GUJALKALI,GUJGASLTD,GVT&D,HAL,HAPPSTMNDS,HATHWAY,HATSUN,HAVELLS,HBLENGINE,HCLTECH,HDFC,HDFCAMC,HDFCBANK,HDFCLIFE,HEG,HEMIPROP,HEROMOTOCO,HFCL,HINDALCO,HINDCOPPER,HINDPETRO,HINDUNILVR,HINDZINC,HLEGLAS,HOMEFIRST,HONAUT,HUDCO,ICICIBANK,ICICIGI,ICICIPRULI,ICIL,IDBI,IDEA,IDFC,IDFCFIRSTB,IEX,IFCI,IGL,IIFL,INDGN,INDHOTEL,INDIACEM,INDIAMART,INDIANB,INDIGO,INDOCO,INDUSINDBK,INDUSTOWER,INFIBEAM,INFY,INOXINDIA,INOXLEISUR,INTELLECT,IOB,IOC,IPCALAB,IRB,IRCON,IRCTC,IREDA,IRFC,ITC,ITI,JAMNAAUTO,JBCHEPHARM,JINDALSAW,JINDALSTEL,JKCEMENT,JKLAKSHMI,JKTYRE,JMFINANCIL,JPPOWER,JSL,JSLHISAR,JSWDULUX,JSWENERGY,JSWSTEEL,JUBLFOOD,JUBLINGREA,JUBLPHARMA,JUSTDIAL,JYOTHYLAB,JYOTICNC,KAJARIACER,KALYANKJIL,KANSAINER,KARURVYSYA,KAYNES,KEC,KEI,KIMS,KIRLFER,KIRLOSBROS,KIRLOSENG,KNRCON,KOTAKBANK,KPIL,KPITTECH,KPRMILL,LALPATHLAB,LATENTVIEW,LAURUSLABS,LAXMIMACH,LICHSGFIN,LINDEINDIA,LODHA,LT,LTF,LTM,LTTS,LUPIN,LUXIND,M&M,M&MFIN,MAHABANK,MANAPPURAM,MAPMYINDIA,MARICO,MARUTI,MASTEK,MAXHEALTH,MAZDOCK,MCX,METROBRAND,METROPOLIS,MFSL,MGL,MINDACORP,MINDTREE,MMTC,MOIL,MOTILALOFS,MPHASIS,MRF,MRPL,MUTHOOTFIN,NAM-INDIA,NATCOPHARM,NATIONALUM,NAUKRI,NAVINFLUOR,NAZARA,NBCC,NCC,NESCO,NESTLEIND,NETWEB,NETWORK18,NEWGEN,NH,NHPC,NIACL,NLCINDIA,NMDC,NTPC,NUVOCO,NYKAA,OBEROIRLTY,OFSS,OIL,ONGC,ORIENTELEC,PAGEIND,PAYTM,PCBL,PEL,PERSISTENT,PETRONET,PFC,PFIZER,PGHH,PGHL,PHOENIXLTD,PIDILITIND,PIIND,PNB,PNBHOUSING,PNCINFRA,POLICYBZR,POLYCAB,POLYMED,POLYPLEX,POONAWALLA,POWERGRID,POWERINDIA,PRAJIND,PRESTIGE,PRIVISCL,PTCIL,PVRINOX,QUESS,RADICO,RAILTEL,RAIN,RAJESHEXPO,RALLIS,RAMCOCEM,RATNAMANI,RAYMONDLSL,RBLBANK,RCF,RECLTD,REDINGTON,RELAXO,RELIANCE,RENUKA,RHIM,RITES,ROSSARI,ROUTE,RTNINDIA,RVNL,SAIL,SAMMAANCAP,SANOFI,SAPPHIRE,SAREGAMA,SBICARD,SBILIFE,SBIN,SCHAEFFLER,SCI,SEQUENT,SFL,SHILPAMED,SHREECEM,SHRIRAMCIT,SHRIRAMFIN,SHYAMMETL,SIEMENS,SIS,SJVN,SKFINDIA,SOBHA,SOLARA,SOLARINDS,SONACOMS,SONATSOFTW,SPARC,SPICEJET,SRF,STAR,STARHEALTH,SUDARSCHEM,SUMICHEM,SUNDARMFIN,SUNDRMFAST,SUNPHARMA,SUNTV,SUPPETRO,SUPRAJIT,SUPREMEIND,SUZLON,SWANCORP,SWSOLAR,SYMPHONY,SYNGENE,SYRMA,TANLA,TATACHEM,TATACOFFEE,TATACOMM,TATACONSUM,TATAELXSI,TATAINVEST,TATAMTRDVR,TATAPOWER,TATASTEEL,TATASTLLP,TBOTEK,TCS,TEAMLEASE,TECHM,TECHNOE,THERMAX,THYROCARE,TIINDIA,TIMKEN,TITAN,TMPV,TORNTPHARM,TORNTPOWER,TRENT,TRIDENT,TRITURBINE,TTKPRESTIG,TTML,TV18BRDCST,TVSMOTOR,UBL,UCOBANK,UJJIVANSFB,ULTRACEMCO,UNIONBANK,UNITDSPR,UNOMINDA,UPL,USHAMART,UTIAMC,VAKRANGEE,VARROC,VBL,VEDL,VENKEYS,VGUARD,VIJAYA,VINATIORGA,VIPIND,VMART,VOLTAS,VTL,WELCORP,WELSPUNLIV,WESTLIFE,WHIRLPOOL,WIPRO,WOCKPHARMA,YESBANK,ZEEL,ZENSARTECH,ZFCVINDIA,ZYDUSLIFE,ZYDUSWELL"
2020-06-30,"360ONE,3MINDIA,AADHARHFC,AARTIDRUGS,AARTIIND,AAVAS,ABB,ABBOTINDIA,ABCAPITAL,ABFRL,ABREL,ABSLAMC,ACC,ADANIENSOL,ADANIENT,ADANIGREEN,ADANIPORTS,ADVENZYMES,AEGISLOG,AFFLE,AIAENG,AJANTPHARM,ALKEM,ALKYLAMINE,ALLCARGO,ALOKINDS,AMBER,AMBUJACEM,ANANTRAJ,ANGELONE,APLAPOLLO,APLLTD,APOLLOHOSP,APOLLOTYRE,APTUS,ARE&M,ASAHIINDIA,ASHOKLEY,ASIANPAINT,ASTERDM,ASTRAL,ASTRAZEN,ATGL,ATUL,AUBANK,AUROPHARMA,AVANTIFEED,AXISBANK,BAJAJ-AUTO,BAJAJELEC,BAJAJFINSV,BAJAJHLDNG,BAJFINANCE,BALAMINES,BALKRISIND,BALRAMCHIN,BANDHANBNK,BANKBARODA,BANKINDIA,BASF,BATAINDIA,BAYERCROP,BBTC,BCG,BDL,BEL,BEML,BERGEPAINT,BHARATFORG,BHARTIARTL,BHARTIHEXA,BHEL,BIOCON,BIRLACORPN,BLUEDART,BLUESTARCO,BOSCHLTD,BPCL,BRIGADE,BRITANNIA,BSE,BSOFT,CAMS,CANBK,CANFINHOME,CAPLIPOINT,CARBORUNIV,CASTROLIND,CCL,CDSL,CEATLTD,CENTRALBK,CENTURYPLY,CERA,CESC,CGPOWER,CHALET,CHAMBLFERT,CHEMPLASTS,CHOLAFIN,CHOLAHLDNG,CIEINDIA,CIPLA,CLEAN,COALINDIA,COCHINSHIP,COFORGE,COHANCE,COLPAL,CONCOR,COROMANDEL,CREDITACC,CRISIL,CROMPTON,CUB,CUMMINSIND,CYIENT,DABUR,DALBHARAT,DBL,DBREALTY,DEEPAKNTR,DELTACORP,DEVYANI,DHANI,DIVISLAB,DIXON,DLF,DMART,DRREDDY,DUMMYHEG,EASEMYTRIP,ECLERX,EDELWEISS,EICHERMOT,EIDPARRY,EIHOTEL,ELGIEQUIP,EMAMILTD,ENDURANCE,ENGINERSIN,EPIGRAL,EQUITAS,EQUITASBNK,ERIS,ESCORTS,ETERNAL,EXIDEIND,FACT,FEDERALBNK,FINCABLES,FINEORG,FINPIPE,FLUOROCHEM,FORTIS,FSL,GAEL,GAIL,GALAXYSURF,GESHIP,GICRE,GILLETTE,GLAND,GLAXO,GLENMARK,GLS,GMRAIRPORT,GNFC,GOCOLORS,GODFRYPHLP,GODIGIT,GODREJAGRO,GODREJCP,GODREJIND,GODREJPROP,GPIL,GPPL,GRANULES,GRAPHITE,GRASIM,GRINDWELL,GRINFRA,GSFC,GSPL,GUJALKALI,GUJGASLTD,GVT&D,HAL,HAPPSTMNDS,HATHWAY,HATSUN,HAVELLS,HBLENGINE,HCLTECH,HDFC,HDFCAMC,HDFCBANK,HDFCLIFE,HEG,HEMIPROP,HEROMOTOCO,HFCL,HINDALCO,HINDCOPPER,HINDPETRO,HINDUNILVR,HINDZINC,HLEGLAS,HOMEFIRST,HONAUT,HUDCO,ICICIBANK,ICICIGI,ICICIPRULI,ICIL,IDBI,IDEA,IDFC,IDFCFIRSTB,IEX,IFCI,IGL,IIFL,INDGN,INDHOTEL,INDIACEM,INDIAMART,INDIANB,INDIGO,INDOCO,INDUSINDBK,INDUSTOWER,INFIBEAM,INFY,INOXINDIA,INOXLEISUR,INTELLECT,IOB,IOC,IPCALAB,IRB,IRCON,IRCTC,IREDA,IRFC,ITC,ITI,JAMNAAUTO,JBCHEPHARM,JINDALSAW,JINDALSTEL,JKCEMENT,JKLAKSHMI,JKTYRE,JMFINANCIL,JPPOWER,JSL,JSLHISAR,JSWDULUX,JSWENERGY,JSWSTEEL,JUBLFOOD,JUBLINGREA,JUBLPHARMA,JUSTDIAL,JYOTHYLAB,JYOTICNC,KAJARIACER,KALYANKJIL,KANSAINER,KARURVYSYA,KAYNES,KEC,KEI,KIMS,KIRLFER,KIRLOSBROS,KIRLOSENG,KNRCON,KOTAKBANK,KPIL,KPITTECH,KPRMILL,LALPATHLAB,LATENTVIEW,LAURUSLABS,LAXMIMACH,LICHSGFIN,LINDEINDIA,LODHA,LT,LTF,LTM,LTTS,LUPIN,LUXIND,M&M,M&MFIN,MAHABANK,MANAPPURAM,MAPMYINDIA,MARICO,MARUTI,MASTEK,MAXHEALTH,MAZDOCK,MCX,METROBRAND,METROPOLIS,MFSL,MGL,MINDACORP,MINDTREE,MMTC,MOIL,MOTILALOFS,MPHASIS,MRF,MRPL,MUTHOOTFIN,NAM-INDIA,NATCOPHARM,NATIONALUM,NAUKRI,NAVINFLUOR,NAZARA,NBCC,NCC,NESCO,NESTLEIND,NETWEB,NETWORK18,NEWGEN,NH,NHPC,NIACL,NLCINDIA,NMDC,NTPC,NUVOCO,NYKAA,OBEROIRLTY,OFSS,OIL,ONGC,ORIENTELEC,PAGEIND,PAYTM,PCBL,PEL,PERSISTENT,PETRONET,PFC,PFIZER,PGHH,PGHL,PHOENIXLTD,PIDILITIND,PIIND,PNB,PNBHOUSING,PNCINFRA,POLICYBZR,POLYCAB,POLYMED,POLYPLEX,POONAWALLA,POWERGRID,POWERINDIA,PRAJIND,PRESTIGE,PRIVISCL,PTCIL,PVRINOX,QUESS,RADICO,RAILTEL,RAIN,RAJESHEXPO,RALLIS,RAMCOCEM,RATNAMANI,RAYMONDLSL,RBLBANK,RCF,RECLTD,REDINGTON,RELAXO,RELIANCE,RENUKA,RHIM,RITES,ROSSARI,ROUTE,RTNINDIA,RVNL,SAIL,SAMMAANCAP,SANOFI,SAPPHIRE,SAREGAMA,SBICARD,SBILIFE,SBIN,SCHAEFFLER,SCI,SEQUENT,SFL,SHILPAMED,SHREECEM,SHRIRAMCIT,SHRIRAMFIN,SHYAMMETL,SIEMENS,SIS,SJVN,SKFINDIA,SOBHA,SOLARA,SOLARINDS,SONACOMS,SONATSOFTW,SPARC,SPICEJET,SRF,STAR,STARHEALTH,SUDARSCHEM,SUMICHEM,SUNDARMFIN,SUNDRMFAST,SUNPHARMA,SUNTV,SUPPETRO,SUPRAJIT,SUPREMEIND,SUZLON,SWANCORP,SWSOLAR,SYMPHONY,SYNGENE,SYRMA,TANLA,TATACHEM,TATACOFFEE,TATACOMM,TATACONSUM,TATAELXSI,TATAINVEST,TATAMTRDVR,TATAPOWER,TATASTEEL,TATASTLLP,TBOTEK,TCS,TEAMLEASE,TECHM,TECHNOE,THERMAX,THYROCARE,TIINDIA,TIMKEN,TITAN,TMPV,TORNTPHARM,TORNTPOWER,TRENT,TRIDENT,TRITURBINE,TTKPRESTIG,TTML,TV18BRDCST,TVSMOTOR,UBL,UCOBANK,UJJIVANSFB,ULTRACEMCO,UNIONBANK,UNITDSPR,UNOMINDA,UPL,USHAMART,UTIAMC,VAKRANGEE,VARROC,VBL,VEDL,VENKEYS,VGUARD,VIJAYA,VINATIORGA,VIPIND,VMART,VOLTAS,VTL,WELCORP,WELSPUNLIV,WESTLIFE,WHIRLPOOL,WIPRO,WOCKPHARMA,YESBANK,ZEEL,ZENSARTECH,ZFCVINDIA,ZYDUSLIFE,ZYDUSWELL"
2020-07-31,"360ONE,3MINDIA,AADHARHFC,AARTIDRUGS,AARTIIND,AAVAS,ABB,ABBOTINDIA,ABCAPITAL,ABFRL,ABREL,ABSLAMC,ACC,ADANIENSOL,ADANIENT,ADANIGREEN,ADANIPORTS,ADVENZYMES,AEGISLOG,AFFLE,AIAENG,AJANTPHARM,ALKEM,ALKYLAMINE,ALLCARGO,ALOKINDS,AMBER,AMBUJACEM,ANANTRAJ,ANGELONE,APLAPOLLO,APLLTD,APOLLOHOSP,APOLLOTYRE,APTUS,ARE&M,ASAHIINDIA,ASHOKLEY,ASIANPAINT,ASTERDM,ASTRAL,ASTRAZEN,ATGL,ATUL,AUBANK,AUROPHARMA,AVANTIFEED,AXISBANK,BAJAJ-AUTO,BAJAJELEC,BAJAJFINSV,BAJAJHLDNG,BAJFINANCE,BALAMINES,BALKRISIND,BALRAMCHIN,BANDHANBNK,BANKBARODA,BANKINDIA,BASF,BATAINDIA,BAYERCROP,BBTC,BCG,BDL,BEL,BEML,BERGEPAINT,BHARATFORG,BHARTIARTL,BHARTIHEXA,BHEL,BIOCON,BIRLACORPN,BLUEDART,BLUESTARCO,BOSCHLTD,BPCL,BRIGADE,BRITANNIA,BSE,BSOFT,CAMS,CANBK,CANFINHOME,CAPLIPOINT,CARBORUNIV,CASTROLIND,CCL,CDSL,CEATLTD,CENTRALBK,CENTURYPLY,CERA,CESC,CGPOWER,CHALET,CHAMBLFERT,CHEMPLASTS,CHOLAFIN,CHOLAHLDNG,CIEINDIA,CIPLA,CLEAN,COALINDIA,COCHINSHIP,COFORGE,COHANCE,COLPAL,CONCOR,COROMANDEL,CREDITACC,CRISIL,CROMPTON,CUB,CUMMINSIND,CYIENT,DABUR,DALBHARAT,DBL,DBREALTY,DEEPAKNTR,DELTACORP,DEVYANI,DHANI,DIVISLAB,DIXON,DLF,DMART,DRREDDY,DUMMYHEG,EASEMYTRIP,ECLERX,EDELWEISS,EICHERMOT,EIDPARRY,EIHOTEL,ELGIEQUIP,EMAMILTD,ENDURANCE,ENGINERSIN,EPIGRAL,EQUITAS,EQUITASBNK,ERIS,ESCORTS,ETERNAL,EXIDEIND,FACT,FEDERALBNK,FINCABLES,FINEORG,FINPIPE,FLUOROCHEM,FORTIS,FSL,GAEL,GAIL,GALAXYSURF,GESHIP,GICRE,GILLETTE,GLAND,GLAXO,GLENMARK,GLS,GMRAIRPORT,GNFC,GOCOLORS,GODFRYPHLP,GODIGIT,GODREJAGRO,GODREJCP,GODREJIND,GODREJPROP,GPIL,GPPL,GRANULES,GRAPHITE,GRASIM,GRINDWELL,GRINFRA,GSFC,GSPL,GUJALKALI,GUJGASLTD,GVT&D,HAL,HAPPSTMNDS,HATHWAY,HATSUN,HAVELLS,HBLENGINE,HCLTECH,HDFC,HDFCAMC,HDFCBANK,HDFCLIFE,HEG,HEMIPROP,HEROMOTOCO,HFCL,HINDALCO,HINDCOPPER,HINDPETRO,HINDUNILVR,HINDZINC,HLEGLAS,HOMEFIRST,HONAUT,HUDCO,ICICIBANK,ICICIGI,ICICIPRULI,ICIL,IDBI,IDEA,IDFC,IDFCFIRSTB,IEX,IFCI,IGL,IIFL,INDGN,INDHOTEL,INDIACEM,INDIAMART,INDIANB,INDIGO,INDOCO,INDUSINDBK,INDUSTOWER,INFIBEAM,INFY,INOXINDIA,INOXLEISUR,INTELLECT,IOB,IOC,IPCALAB,IRB,IRCON,IRCTC,IREDA,IRFC,ITC,ITI,JAMNAAUTO,JBCHEPHARM,JINDALSAW,JINDALSTEL,JKCEMENT,JKLAKSHMI,JKTYRE,JMFINANCIL,JPPOWER,JSL,JSLHISAR,JSWDULUX,JSWENERGY,JSWSTEEL,JUBLFOOD,JUBLINGREA,JUBLPHARMA,JUSTDIAL,JYOTHYLAB,JYOTICNC,KAJARIACER,KALYANKJIL,KANSAINER,KARURVYSYA,KAYNES,KEC,KEI,KIMS,KIRLFER,KIRLOSBROS,KIRLOSENG,KNRCON,KOTAKBANK,KPIL,KPITTECH,KPRMILL,LALPATHLAB,LATENTVIEW,LAURUSLABS,LAXMIMACH,LICHSGFIN,LINDEINDIA,LODHA,LT,LTF,LTM,LTTS,LUPIN,LUXIND,M&M,M&MFIN,MAHABANK,MANAPPURAM,MAPMYINDIA,MARICO,MARUTI,MASTEK,MAXHEALTH,MAZDOCK,MCX,METROBRAND,METROPOLIS,MFSL,MGL,MINDACORP,MINDTREE,MMTC,MOIL,MOTILALOFS,MPHASIS,MRF,MRPL,MUTHOOTFIN,NAM-INDIA,NATCOPHARM,NATIONALUM,NAUKRI,NAVINFLUOR,NAZARA,NBCC,NCC,NESCO,NESTLEIND,NETWEB,NETWORK18,NEWGEN,NH,NHPC,NIACL,NLCINDIA,NMDC,NTPC,NUVOCO,NYKAA,OBEROIRLTY,OFSS,OIL,ONGC,ORIENTELEC,PAGEIND,PAYTM,PCBL,PEL,PERSISTENT,PETRONET,PFC,PFIZER,PGHH,PGHL,PHOENIXLTD,PIDILITIND,PIIND,PNB,PNBHOUSING,PNCINFRA,POLICYBZR,POLYCAB,POLYMED,POLYPLEX,POONAWALLA,POWERGRID,POWERINDIA,PRAJIND,PRESTIGE,PRIVISCL,PTCIL,PVRINOX,QUESS,RADICO,RAILTEL,RAIN,RAJESHEXPO,RALLIS,RAMCOCEM,RATNAMANI,RAYMONDLSL,RBLBANK,RCF,RECLTD,REDINGTON,RELAXO,RELIANCE,RENUKA,RHIM,RITES,ROSSARI,ROUTE,RTNINDIA,RVNL,SAIL,SAMMAANCAP,SANOFI,SAPPHIRE,SAREGAMA,SBICARD,SBILIFE,SBIN,SCHAEFFLER,SCI,SEQUENT,SFL,SHILPAMED,SHREECEM,SHRIRAMCIT,SHRIRAMFIN,SHYAMMETL,SIEMENS,SIS,SJVN,SKFINDIA,SOBHA,SOLARA,SOLARINDS,SONACOMS,SONATSOFTW,SPARC,SPICEJET,SRF,STAR,STARHEALTH,SUDARSCHEM,SUMICHEM,SUNDARMFIN,SUNDRMFAST,SUNPHARMA,SUNTV,SUPPETRO,SUPRAJIT,SUPREMEIND,SUZLON,SWANCORP,SWSOLAR,SYMPHONY,SYNGENE,SYRMA,TANLA,TATACHEM,TATACOFFEE,TATACOMM,TATACONSUM,TATAELXSI,TATAINVEST,TATAMTRDVR,TATAPOWER,TATASTEEL,TATASTLLP,TBOTEK,TCS,TEAMLEASE,TECHM,TECHNOE,THERMAX,THYROCARE,TIINDIA,TIMKEN,TITAN,TMPV,TORNTPHARM,TORNTPOWER,TRENT,TRIDENT,TRITURBINE,TTKPRESTIG,TTML,TV18BRDCST,TVSMOTOR,UBL,UCOBANK,UJJIVANSFB,ULTRACEMCO,UNIONBANK,UNITDSPR,UNOMINDA,UPL,USHAMART,UTIAMC,VAKRANGEE,VARROC,VBL,VEDL,VENKEYS,VGUARD,VIJAYA,VINATIORGA,VIPIND,VMART,VOLTAS,VTL,WELCORP,WELSPUNLIV,WESTLIFE,WHIRLPOOL,WIPRO,WOCKPHARMA,YESBANK,ZEEL,ZENSARTECH,ZFCVINDIA,ZYDUSLIFE,ZYDUSWELL"
2020-08-31,"360ONE,3MINDIA,AADHARHFC,AARTIDRUGS,AARTIIND,AAVAS,ABB,ABBOTINDIA,ABCAPITAL,ABFRL,ABREL,ABSLAMC,ACC,ADANIENSOL,ADANIENT,ADANIGREEN,ADANIPORTS,ADVENZYMES,AEGISLOG,AFFLE,AIAENG,AJANTPHARM,ALKEM,ALKYLAMINE,ALLCARGO,ALOKINDS,AMBER,AMBUJACEM,ANANTRAJ,ANGELONE,APLAPOLLO,APLLTD,APOLLOHOSP,APOLLOTYRE,APTUS,ARE&M,ASAHIINDIA,ASHOKLEY,ASIANPAINT,ASTERDM,ASTRAL,ASTRAZEN,ATGL,ATUL,AUBANK,AUROPHARMA,AVANTIFEED,AXISBANK,BAJAJ-AUTO,BAJAJELEC,BAJAJFINSV,BAJAJHLDNG,BAJFINANCE,BALAMINES,BALKRISIND,BALRAMCHIN,BANDHANBNK,BANKBARODA,BANKINDIA,BASF,BATAINDIA,BAYERCROP,BBTC,BCG,BDL,BEL,BEML,BERGEPAINT,BHARATFORG,BHARTIARTL,BHARTIHEXA,BHEL,BIOCON,BIRLACORPN,BLUEDART,BLUESTARCO,BOSCHLTD,BPCL,BRIGADE,BRITANNIA,BSE,BSOFT,CAMS,CANBK,CANFINHOME,CAPLIPOINT,CARBORUNIV,CASTROLIND,CCL,CDSL,CEATLTD,CENTRALBK,CENTURYPLY,CERA,CESC,CGPOWER,CHALET,CHAMBLFERT,CHEMPLASTS,CHOLAFIN,CHOLAHLDNG,CIEINDIA,CIPLA,CLEAN,COALINDIA,COCHINSHIP,COFORGE,COHANCE,COLPAL,CONCOR,COROMANDEL,CREDITACC,CRISIL,CROMPTON,CUB,CUMMINSIND,CYIENT,DABUR,DALBHARAT,DBL,DBREALTY,DEEPAKNTR,DELTACORP,DEVYANI,DHANI,DIVISLAB,DIXON,DLF,DMART,DRREDDY,DUMMYHEG,EASEMYTRIP,ECLERX,EDELWEISS,EICHERMOT,EIDPARRY,EIHOTEL,ELGIEQUIP,EMAMILTD,ENDURANCE,ENGINERSIN,EPIGRAL,EQUITAS,EQUITASBNK,ERIS,ESCORTS,ETERNAL,EXIDEIND,FACT,FEDERALBNK,FINCABLES,FINEORG,FINPIPE,FLUOROCHEM,FORTIS,FSL,GAEL,GAIL,GALAXYSURF,GESHIP,GICRE,GILLETTE,GLAND,GLAXO,GLENMARK,GLS,GMRAIRPORT,GNFC,GOCOLORS,GODFRYPHLP,GODIGIT,GODREJAGRO,GODREJCP,GODREJIND,GODREJPROP,GPIL,GPPL,GRANULES,GRAPHITE,GRASIM,GRINDWELL,GRINFRA,GSFC,GSPL,GUJALKALI,GUJGASLTD,GVT&D,HAL,HAPPSTMNDS,HATHWAY,HATSUN,HAVELLS,HBLENGINE,HCLTECH,HDFC,HDFCAMC,HDFCBANK,HDFCLIFE,HEG,HEMIPROP,HEROMOTOCO,HFCL,HINDALCO,HINDCOPPER,HINDPETRO,HINDUNILVR,HINDZINC,HLEGLAS,HOMEFIRST,HONAUT,HUDCO,ICICIBANK,ICICIGI,ICICIPRULI,ICIL,IDBI,IDEA,IDFC,IDFCFIRSTB,IEX,IFCI,IGL,IIFL,INDGN,INDHOTEL,INDIACEM,INDIAMART,INDIANB,INDIGO,INDOCO,INDUSINDBK,INDUSTOWER,INFIBEAM,INFY,INOXINDIA,INOXLEISUR,INTELLECT,IOB,IOC,IPCALAB,IRB,IRCON,IRCTC,IREDA,IRFC,ITC,ITI,JAMNAAUTO,JBCHEPHARM,JINDALSAW,JINDALSTEL,JKCEMENT,JKLAKSHMI,JKTYRE,JMFINANCIL,JPPOWER,JSL,JSLHISAR,JSWDULUX,JSWENERGY,JSWSTEEL,JUBLFOOD,JUBLINGREA,JUBLPHARMA,JUSTDIAL,JYOTHYLAB,JYOTICNC,KAJARIACER,KALYANKJIL,KANSAINER,KARURVYSYA,KAYNES,KEC,KEI,KIMS,KIRLFER,KIRLOSBROS,KIRLOSENG,KNRCON,KOTAKBANK,KPIL,KPITTECH,KPRMILL,LALPATHLAB,LATENTVIEW,LAURUSLABS,LAXMIMACH,LICHSGFIN,LINDEINDIA,LODHA,LT,LTF,LTM,LTTS,LUPIN,LUXIND,M&M,M&MFIN,MAHABANK,MANAPPURAM,MAPMYINDIA,MARICO,MARUTI,MASTEK,MAXHEALTH,MAZDOCK,MCX,METROBRAND,METROPOLIS,MFSL,MGL,MINDACORP,MINDTREE,MMTC,MOIL,MOTILALOFS,MPHASIS,MRF,MRPL,MUTHOOTFIN,NAM-INDIA,NATCOPHARM,NATIONALUM,NAUKRI,NAVINFLUOR,NAZARA,NBCC,NCC,NESCO,NESTLEIND,NETWEB,NETWORK18,NEWGEN,NH,NHPC,NIACL,NLCINDIA,NMDC,NTPC,NUVOCO,NYKAA,OBEROIRLTY,OFSS,OIL,ONGC,ORIENTELEC,PAGEIND,PAYTM,PCBL,PEL,PERSISTENT,PETRONET,PFC,PFIZER,PGHH,PGHL,PHOENIXLTD,PIDILITIND,PIIND,PNB,PNBHOUSING,PNCINFRA,POLICYBZR,POLYCAB,POLYMED,POLYPLEX,POONAWALLA,POWERGRID,POWERINDIA,PRAJIND,PRESTIGE,PRIVISCL,PTCIL,PVRINOX,QUESS,RADICO,RAILTEL,RAIN,RAJESHEXPO,RALLIS,RAMCOCEM,RATNAMANI,RAYMONDLSL,RBLBANK,RCF,RECLTD,REDINGTON,RELAXO,RELIANCE,RENUKA,RHIM,RITES,ROSSARI,ROUTE,RTNINDIA,RVNL,SAIL,SAMMAANCAP,SANOFI,SAPPHIRE,SAREGAMA,SBICARD,SBILIFE,SBIN,SCHAEFFLER,SCI,SEQUENT,SFL,SHILPAMED,SHREECEM,SHRIRAMCIT,SHRIRAMFIN,SHYAMMETL,SIEMENS,SIS,SJVN,SKFINDIA,SOBHA,SOLARA,SOLARINDS,SONACOMS,SONATSOFTW,SPARC,SPICEJET,SRF,STAR,STARHEALTH,SUDARSCHEM,SUMICHEM,SUNDARMFIN,SUNDRMFAST,SUNPHARMA,SUNTV,SUPPETRO,SUPRAJIT,SUPREMEIND,SUZLON,SWANCORP,SWSOLAR,SYMPHONY,SYNGENE,SYRMA,TANLA,TATACHEM,TATACOFFEE,TATACOMM,TATACONSUM,TATAELXSI,TATAINVEST,TATAMTRDVR,TATAPOWER,TATASTEEL,TATASTLLP,TBOTEK,TCS,TEAMLEASE,TECHM,TECHNOE,THERMAX,THYROCARE,TIINDIA,TIMKEN,TITAN,TMPV,TORNTPHARM,TORNTPOWER,TRENT,TRIDENT,TRITURBINE,TTKPRESTIG,TTML,TV18BRDCST,TVSMOTOR,UBL,UCOBANK,UJJIVANSFB,ULTRACEMCO,UNIONBANK,UNITDSPR,UNOMINDA,UPL,USHAMART,UTIAMC,VAKRANGEE,VARROC,VBL,VEDL,VENKEYS,VGUARD,VIJAYA,VINATIORGA,VIPIND,VMART,VOLTAS,VTL,WELCORP,WELSPUNLIV,WESTLIFE,WHIRLPOOL,WIPRO,WOCKPHARMA,YESBANK,ZEEL,ZENSARTECH,ZFCVINDIA,ZYDUSLIFE,ZYDUSWELL"
2020-09-30,"360ONE,3MINDIA,AADHARHFC,AARTIDRUGS,AARTIIND,AAVAS,ABB,ABBOTINDIA,ABCAPITAL,ABFRL,ABREL,ABSLAMC,ACC,ADANIENSOL,ADANIENT,ADANIGREEN,ADANIPORTS,ADVENZYMES,AEGISLOG,AFFLE,AIAENG,AJANTPHARM,ALKEM,ALKYLAMINE,ALLCARGO,ALOKINDS,AMBER,AMBUJACEM,ANANTRAJ,ANGELONE,APLAPOLLO,APLLTD,APOLLOHOSP,APOLLOTYRE,APTUS,ARE&M,ASAHIINDIA,ASHOKLEY,ASIANPAINT,ASTERDM,ASTRAL,ASTRAZEN,ATGL,ATUL,AUBANK,AUROPHARMA,AVANTIFEED,AXISBANK,BAJAJ-AUTO,BAJAJELEC,BAJAJFINSV,BAJAJHLDNG,BAJFINANCE,BALAMINES,BALKRISIND,BALRAMCHIN,BANDHANBNK,BANKBARODA,BANKINDIA,BASF,BATAINDIA,BAYERCROP,BBTC,BCG,BDL,BEL,BEML,BERGEPAINT,BHARATFORG,BHARTIARTL,BHARTIHEXA,BHEL,BIOCON,BIRLACORPN,BLUEDART,BLUESTARCO,BOSCHLTD,BPCL,BRIGADE,BRITANNIA,BSE,BSOFT,CAMS,CANBK,CANFINHOME,CAPLIPOINT,CARBORUNIV,CASTROLIND,CCL,CDSL,CEATLTD,CENTRALBK,CENTURYPLY,CERA,CESC,CGPOWER,CHALET,CHAMBLFERT,CHEMPLASTS,CHOLAFIN,CHOLAHLDNG,CIEINDIA,CIPLA,CLEAN,COALINDIA,COCHINSHIP,COFORGE,COHANCE,COLPAL,CONCOR,COROMANDEL,CREDITACC,CRISIL,CROMPTON,CUB,CUMMINSIND,CYIENT,DABUR,DALBHARAT,DBL,DBREALTY,DEEPAKNTR,DELTACORP,DEVYANI,DHANI,DIVISLAB,DIXON,DLF,DMART,DRREDDY,DUMMYHEG,EASEMYTRIP,ECLERX,EDELWEISS,EICHERMOT,EIDPARRY,EIHOTEL,ELGIEQUIP,EMAMILTD,ENDURANCE,ENGINERSIN,EPIGRAL,EQUITAS,EQUITASBNK,ERIS,ESCORTS,ETERNAL,EXIDEIND,FACT,FEDERALBNK,FINCABLES,FINEORG,FINPIPE,FLUOROCHEM,FORTIS,FSL,GAEL,GAIL,GALAXYSURF,GESHIP,GICRE,GILLETTE,GLAND,GLAXO,GLENMARK,GLS,GMRAIRPORT,GNFC,GOCOLORS,GODFRYPHLP,GODIGIT,GODREJAGRO,GODREJCP,GODREJIND,GODREJPROP,GPIL,GPPL,GRANULES,GRAPHITE,GRASIM,GRINDWELL,GRINFRA,GSFC,GSPL,GUJALKALI,GUJGASLTD,GVT&D,HAL,HAPPSTMNDS,HATHWAY,HATSUN,HAVELLS,HBLENGINE,HCLTECH,HDFC,HDFCAMC,HDFCBANK,HDFCLIFE,HEG,HEMIPROP,HEROMOTOCO,HFCL,HINDALCO,HINDCOPPER,HINDPETRO,HINDUNILVR,HINDZINC,HLEGLAS,HOMEFIRST,HONAUT,HUDCO,ICICIBANK,ICICIGI,ICICIPRULI,ICIL,IDBI,IDEA,IDFC,IDFCFIRSTB,IEX,IFCI,IGL,IIFL,INDGN,INDHOTEL,INDIACEM,INDIAMART,INDIANB,INDIGO,INDOCO,INDUSINDBK,INDUSTOWER,INFIBEAM,INFY,INOXINDIA,INOXLEISUR,INTELLECT,IOB,IOC,IPCALAB,IRB,IRCON,IRCTC,IREDA,IRFC,ITC,ITI,JAMNAAUTO,JBCHEPHARM,JINDALSAW,JINDALSTEL,JKCEMENT,JKLAKSHMI,JKTYRE,JMFINANCIL,JPPOWER,JSL,JSLHISAR,JSWDULUX,JSWENERGY,JSWSTEEL,JUBLFOOD,JUBLINGREA,JUBLPHARMA,JUSTDIAL,JYOTHYLAB,JYOTICNC,KAJARIACER,KALYANKJIL,KANSAINER,KARURVYSYA,KAYNES,KEC,KEI,KIMS,KIRLFER,KIRLOSBROS,KIRLOSENG,KNRCON,KOTAKBANK,KPIL,KPITTECH,KPRMILL,LALPATHLAB,LATENTVIEW,LAURUSLABS,LAXMIMACH,LICHSGFIN,LINDEINDIA,LODHA,LT,LTF,LTM,LTTS,LUPIN,LUXIND,M&M,M&MFIN,MAHABANK,MANAPPURAM,MAPMYINDIA,MARICO,MARUTI,MASTEK,MAXHEALTH,MAZDOCK,MCX,METROBRAND,METROPOLIS,MFSL,MGL,MINDACORP,MINDTREE,MMTC,MOIL,MOTILALOFS,MPHASIS,MRF,MRPL,MUTHOOTFIN,NAM-INDIA,NATCOPHARM,NATIONALUM,NAUKRI,NAVINFLUOR,NAZARA,NBCC,NCC,NESCO,NESTLEIND,NETWEB,NETWORK18,NEWGEN,NH,NHPC,NIACL,NLCINDIA,NMDC,NTPC,NUVOCO,NYKAA,OBEROIRLTY,OFSS,OIL,ONGC,ORIENTELEC,PAGEIND,PAYTM,PCBL,PEL,PERSISTENT,PETRONET,PFC,PFIZER,PGHH,PGHL,PHOENIXLTD,PIDILITIND,PIIND,PNB,PNBHOUSING,PNCINFRA,POLICYBZR,POLYCAB,POLYMED,POLYPLEX,POONAWALLA,POWERGRID,POWERINDIA,PRAJIND,PRESTIGE,PRIVISCL,PTCIL,PVRINOX,QUESS,RADICO,RAILTEL,RAIN,RAJESHEXPO,RALLIS,RAMCOCEM,RATNAMANI,RAYMONDLSL,RBLBANK,RCF,RECLTD,REDINGTON,RELAXO,RELIANCE,RENUKA,RHIM,RITES,ROSSARI,ROUTE,RTNINDIA,RVNL,SAIL,SAMMAANCAP,SANOFI,SAPPHIRE,SAREGAMA,SBICARD,SBILIFE,SBIN,SCHAEFFLER,SCI,SEQUENT,SFL,SHILPAMED,SHREECEM,SHRIRAMCIT,SHRIRAMFIN,SHYAMMETL,SIEMENS,SIS,SJVN,SKFINDIA,SOBHA,SOLARA,SOLARINDS,SONACOMS,SONATSOFTW,SPARC,SPICEJET,SRF,STAR,STARHEALTH,SUDARSCHEM,SUMICHEM,SUNDARMFIN,SUNDRMFAST,SUNPHARMA,SUNTV,SUPPETRO,SUPRAJIT,SUPREMEIND,SUZLON,SWANCORP,SWSOLAR,SYMPHONY,SYNGENE,SYRMA,TANLA,TATACHEM,TATACOFFEE,TATACOMM,TATACONSUM,TATAELXSI,TATAINVEST,TATAMTRDVR,TATAPOWER,TATASTEEL,TATASTLLP,TBOTEK,TCS,TEAMLEASE,TECHM,TECHNOE,THERMAX,THYROCARE,TIINDIA,TIMKEN,TITAN,TMPV,TORNTPHARM,TORNTPOWER,TRENT,TRIDENT,TRITURBINE,TTKPRESTIG,TTML,TV18BRDCST,TVSMOTOR,UBL,UCOBANK,UJJIVANSFB,ULTRACEMCO,UNIONBANK,UNITDSPR,UNOMINDA,UPL,USHAMART,UTIAMC,VAKRANGEE,VARROC,VBL,VEDL,VENKEYS,VGUARD,VIJAYA,VINATIORGA,VIPIND,VMART,VOLTAS,VTL,WELCORP,WELSPUNLIV,WESTLIFE,WHIRLPOOL,WIPRO,WOCKPHARMA,YESBANK,ZEEL,ZENSARTECH,ZFCVINDIA,ZYDUSLIFE,ZYDUSWELL"
2020-10-31,"360ONE,3MINDIA,AADHARHFC,AARTIDRUGS,AARTIIND,AAVAS,ABB,ABBOTINDIA,ABCAPITAL,ABFRL,ABREL,ABSLAMC,ACC,ADANIENSOL,ADANIENT,ADANIGREEN,ADANIPORTS,ADVENZYMES,AEGISLOG,AFFLE,AIAENG,AJANTPHARM,ALKEM,ALKYLAMINE,ALLCARGO,ALOKINDS,AMBER,AMBUJACEM,ANANTRAJ,ANGELONE,APLAPOLLO,APLLTD,APOLLOHOSP,APOLLOTYRE,APTUS,ARE&M,ASAHIINDIA,ASHOKLEY,ASIANPAINT,ASTERDM,ASTRAL,ASTRAZEN,ATGL,ATUL,AUBANK,AUROPHARMA,AVANTIFEED,AXISBANK,BAJAJ-AUTO,BAJAJELEC,BAJAJFINSV,BAJAJHLDNG,BAJFINANCE,BALAMINES,BALKRISIND,BALRAMCHIN,BANDHANBNK,BANKBARODA,BANKINDIA,BASF,BATAINDIA,BAYERCROP,BBTC,BCG,BDL,BEL,BEML,BERGEPAINT,BHARATFORG,BHARTIARTL,BHARTIHEXA,BHEL,BIOCON,BIRLACORPN,BLUEDART,BLUESTARCO,BOSCHLTD,BPCL,BRIGADE,BRITANNIA,BSE,BSOFT,CAMS,CANBK,CANFINHOME,CAPLIPOINT,CARBORUNIV,CASTROLIND,CCL,CDSL,CEATLTD,CENTRALBK,CENTURYPLY,CERA,CESC,CGPOWER,CHALET,CHAMBLFERT,CHEMPLASTS,CHOLAFIN,CHOLAHLDNG,CIEINDIA,CIPLA,CLEAN,COALINDIA,COCHINSHIP,COFORGE,COHANCE,COLPAL,CONCOR,COROMANDEL,CREDITACC,CRISIL,CROMPTON,CUB,CUMMINSIND,CYIENT,DABUR,DALBHARAT,DBL,DBREALTY,DEEPAKNTR,DELTACORP,DEVYANI,DHANI,DIVISLAB,DIXON,DLF,DMART,DRREDDY,DUMMYHEG,EASEMYTRIP,ECLERX,EDELWEISS,EICHERMOT,EIDPARRY,EIHOTEL,ELGIEQUIP,EMAMILTD,ENDURANCE,ENGINERSIN,EPIGRAL,EQUITAS,EQUITASBNK,ERIS,ESCORTS,ETERNAL,EXIDEIND,FACT,FEDERALBNK,FINCABLES,FINEORG,FINPIPE,FLUOROCHEM,FORTIS,FSL,GAEL,GAIL,GALAXYSURF,GESHIP,GICRE,GILLETTE,GLAND,GLAXO,GLENMARK,GLS,GMRAIRPORT,GNFC,GOCOLORS,GODFRYPHLP,GODIGIT,GODREJAGRO,GODREJCP,GODREJIND,GODREJPROP,GPIL,GPPL,GRANULES,GRAPHITE,GRASIM,GRINDWELL,GRINFRA,GSFC,GSPL,GUJALKALI,GUJGASLTD,GVT&D,HAL,HAPPSTMNDS,HATHWAY,HATSUN,HAVELLS,HBLENGINE,HCLTECH,HDFC,HDFCAMC,HDFCBANK,HDFCLIFE,HEG,HEMIPROP,HEROMOTOCO,HFCL,HINDALCO,HINDCOPPER,HINDPETRO,HINDUNILVR,HINDZINC,HLEGLAS,HOMEFIRST,HONAUT,HUDCO,ICICIBANK,ICICIGI,ICICIPRULI,ICIL,IDBI,IDEA,IDFC,IDFCFIRSTB,IEX,IFCI,IGL,IIFL,INDGN,INDHOTEL,INDIACEM,INDIAMART,INDIANB,INDIGO,INDOCO,INDUSINDBK,INDUSTOWER,INFIBEAM,INFY,INOXINDIA,INOXLEISUR,INTELLECT,IOB,IOC,IPCALAB,IRB,IRCON,IRCTC,IREDA,IRFC,ITC,ITI,JAMNAAUTO,JBCHEPHARM,JINDALSAW,JINDALSTEL,JKCEMENT,JKLAKSHMI,JKTYRE,JMFINANCIL,JPPOWER,JSL,JSLHISAR,JSWDULUX,JSWENERGY,JSWSTEEL,JUBLFOOD,JUBLINGREA,JUBLPHARMA,JUSTDIAL,JYOTHYLAB,JYOTICNC,KAJARIACER,KALYANKJIL,KANSAINER,KARURVYSYA,KAYNES,KEC,KEI,KIMS,KIRLFER,KIRLOSBROS,KIRLOSENG,KNRCON,KOTAKBANK,KPIL,KPITTECH,KPRMILL,LALPATHLAB,LATENTVIEW,LAURUSLABS,LAXMIMACH,LICHSGFIN,LINDEINDIA,LODHA,LT,LTF,LTM,LTTS,LUPIN,LUXIND,M&M,M&MFIN,MAHABANK,MANAPPURAM,MAPMYINDIA,MARICO,MARUTI,MASTEK,MAXHEALTH,MAZDOCK,MCX,METROBRAND,METROPOLIS,MFSL,MGL,MINDACORP,MINDTREE,MMTC,MOIL,MOTILALOFS,MPHASIS,MRF,MRPL,MUTHOOTFIN,NAM-INDIA,NATCOPHARM,NATIONALUM,NAUKRI,NAVINFLUOR,NAZARA,NBCC,NCC,NESCO,NESTLEIND,NETWEB,NETWORK18,NEWGEN,NH,NHPC,NIACL,NLCINDIA,NMDC,NTPC,NUVOCO,NYKAA,OBEROIRLTY,OFSS,OIL,ONGC,ORIENTELEC,PAGEIND,PAYTM,PCBL,PEL,PERSISTENT,PETRONET,PFC,PFIZER,PGHH,PGHL,PHOENIXLTD,PIDILITIND,PIIND,PNB,PNBHOUSING,PNCINFRA,POLICYBZR,POLYCAB,POLYMED,POLYPLEX,POONAWALLA,POWERGRID,POWERINDIA,PRAJIND,PRESTIGE,PRIVISCL,PTCIL,PVRINOX,QUESS,RADICO,RAILTEL,RAIN,RAJESHEXPO,RALLIS,RAMCOCEM,RATNAMANI,RAYMONDLSL,RBLBANK,RCF,RECLTD,REDINGTON,RELAXO,RELIANCE,RENUKA,RHIM,RITES,ROSSARI,ROUTE,RTNINDIA,RVNL,SAIL,SAMMAANCAP,SANOFI,SAPPHIRE,SAREGAMA,SBICARD,SBILIFE,SBIN,SCHAEFFLER,SCI,SEQUENT,SFL,SHILPAMED,SHREECEM,SHRIRAMCIT,SHRIRAMFIN,SHYAMMETL,SIEMENS,SIS,SJVN,SKFINDIA,SOBHA,SOLARA,SOLARINDS,SONACOMS,SONATSOFTW,SPARC,SPICEJET,SRF,STAR,STARHEALTH,SUDARSCHEM,SUMICHEM,SUNDARMFIN,SUNDRMFAST,SUNPHARMA,SUNTV,SUPPETRO,SUPRAJIT,SUPREMEIND,SUZLON,SWANCORP,SWSOLAR,SYMPHONY,SYNGENE,SYRMA,TANLA,TATACHEM,TATACOFFEE,TATACOMM,TATACONSUM,TATAELXSI,TATAINVEST,TATAMTRDVR,TATAPOWER,TATASTEEL,TATASTLLP,TBOTEK,TCS,TEAMLEASE,TECHM,TECHNOE,THERMAX,THYROCARE,TIINDIA,TIMKEN,TITAN,TMPV,TORNTPHARM,TORNTPOWER,TRENT,TRIDENT,TRITURBINE,TTKPRESTIG,TTML,TV18BRDCST,TVSMOTOR,UBL,UCOBANK,UJJIVANSFB,ULTRACEMCO,UNIONBANK,UNITDSPR,UNOMINDA,UPL,USHAMART,UTIAMC,VAKRANGEE,VARROC,VBL,VEDL,VENKEYS,VGUARD,VIJAYA,VINATIORGA,VIPIND,VMART,VOLTAS,VTL,WELCORP,WELSPUNLIV,WESTLIFE,WHIRLPOOL,WIPRO,WOCKPHARMA,YESBANK,ZEEL,ZENSARTECH,ZFCVINDIA,ZYDUSLIFE,ZYDUSWELL"
2020-11-30,"360ONE,3MINDIA,AADHARHFC,AARTIDRUGS,AARTIIND,AAVAS,ABB,ABBOTINDIA,ABCAPITAL,ABFRL,ABREL,ABSLAMC,ACC,ADANIENSOL,ADANIENT,ADANIGREEN,ADANIPORTS,ADVENZYMES,AEGISLOG,AFFLE,AIAENG,AJANTPHARM,ALKEM,ALKYLAMINE,ALLCARGO,ALOKINDS,AMBER,AMBUJACEM,ANANTRAJ,ANGELONE,APLAPOLLO,APLLTD,APOLLOHOSP,APOLLOTYRE,APTUS,ARE&M,ASAHIINDIA,ASHOKLEY,ASIANPAINT,ASTERDM,ASTRAL,ASTRAZEN,ATGL,ATUL,AUBANK,AUROPHARMA,AVANTIFEED,AXISBANK,BAJAJ-AUTO,BAJAJELEC,BAJAJFINSV,BAJAJHLDNG,BAJFINANCE,BALAMINES,BALKRISIND,BALRAMCHIN,BANDHANBNK,BANKBARODA,BANKINDIA,BASF,BATAINDIA,BAYERCROP,BBTC,BCG,BDL,BEL,BEML,BERGEPAINT,BHARATFORG,BHARTIARTL,BHARTIHEXA,BHEL,BIOCON,BIRLACORPN,BLUEDART,BLUESTARCO,BOSCHLTD,BPCL,BRIGADE,BRITANNIA,BSE,BSOFT,CAMS,CANBK,CANFINHOME,CAPLIPOINT,CARBORUNIV,CASTROLIND,CCL,CDSL,CEATLTD,CENTRALBK,CENTURYPLY,CERA,CESC,CGPOWER,CHALET,CHAMBLFERT,CHEMPLASTS,CHOLAFIN,CHOLAHLDNG,CIEINDIA,CIPLA,CLEAN,COALINDIA,COCHINSHIP,COFORGE,COHANCE,COLPAL,CONCOR,COROMANDEL,CREDITACC,CRISIL,CROMPTON,CUB,CUMMINSIND,CYIENT,DABUR,DALBHARAT,DBL,DBREALTY,DEEPAKNTR,DELTACORP,DEVYANI,DHANI,DIVISLAB,DIXON,DLF,DMART,DRREDDY,DUMMYHEG,EASEMYTRIP,ECLERX,EDELWEISS,EICHERMOT,EIDPARRY,EIHOTEL,ELGIEQUIP,EMAMILTD,ENDURANCE,ENGINERSIN,EPIGRAL,EQUITAS,EQUITASBNK,ERIS,ESCORTS,ETERNAL,EXIDEIND,FACT,FEDERALBNK,FINCABLES,FINEORG,FINPIPE,FLUOROCHEM,FORTIS,FSL,GAEL,GAIL,GALAXYSURF,GESHIP,GICRE,GILLETTE,GLAND,GLAXO,GLENMARK,GLS,GMRAIRPORT,GNFC,GOCOLORS,GODFRYPHLP,GODIGIT,GODREJAGRO,GODREJCP,GODREJIND,GODREJPROP,GPIL,GPPL,GRANULES,GRAPHITE,GRASIM,GRINDWELL,GRINFRA,GSFC,GSPL,GUJALKALI,GUJGASLTD,GVT&D,HAL,HAPPSTMNDS,HATHWAY,HATSUN,HAVELLS,HBLENGINE,HCLTECH,HDFC,HDFCAMC,HDFCBANK,HDFCLIFE,HEG,HEMIPROP,HEROMOTOCO,HFCL,HINDALCO,HINDCOPPER,HINDPETRO,HINDUNILVR,HINDZINC,HLEGLAS,HOMEFIRST,HONAUT,HUDCO,ICICIBANK,ICICIGI,ICICIPRULI,ICIL,IDBI,IDEA,IDFC,IDFCFIRSTB,IEX,IFCI,IGL,IIFL,INDGN,INDHOTEL,INDIACEM,INDIAMART,INDIANB,INDIGO,INDOCO,INDUSINDBK,INDUSTOWER,INFIBEAM,INFY,INOXINDIA,INOXLEISUR,INTELLECT,IOB,IOC,IPCALAB,IRB,IRCON,IRCTC,IREDA,IRFC,ITC,ITI,JAMNAAUTO,JBCHEPHARM,JINDALSAW,JINDALSTEL,JKCEMENT,JKLAKSHMI,JKTYRE,JMFINANCIL,JPPOWER,JSL,JSLHISAR,JSWDULUX,JSWENERGY,JSWSTEEL,JUBLFOOD,JUBLINGREA,JUBLPHARMA,JUSTDIAL,JYOTHYLAB,JYOTICNC,KAJARIACER,KALYANKJIL,KANSAINER,KARURVYSYA,KAYNES,KEC,KEI,KIMS,KIRLFER,KIRLOSBROS,KIRLOSENG,KNRCON,KOTAKBANK,KPIL,KPITTECH,KPRMILL,LALPATHLAB,LATENTVIEW,LAURUSLABS,LAXMIMACH,LICHSGFIN,LINDEINDIA,LODHA,LT,LTF,LTM,LTTS,LUPIN,LUXIND,M&M,M&MFIN,MAHABANK,MANAPPURAM,MAPMYINDIA,MARICO,MARUTI,MASTEK,MAXHEALTH,MAZDOCK,MCX,METROBRAND,METROPOLIS,MFSL,MGL,MINDACORP,MINDTREE,MMTC,MOIL,MOTILALOFS,MPHASIS,MRF,MRPL,MUTHOOTFIN,NAM-INDIA,NATCOPHARM,NATIONALUM,NAUKRI,NAVINFLUOR,NAZARA,NBCC,NCC,NESCO,NESTLEIND,NETWEB,NETWORK18,NEWGEN,NH,NHPC,NIACL,NLCINDIA,NMDC,NTPC,NUVOCO,NYKAA,OBEROIRLTY,OFSS,OIL,ONGC,ORIENTELEC,PAGEIND,PAYTM,PCBL,PEL,PERSISTENT,PETRONET,PFC,PFIZER,PGHH,PGHL,PHOENIXLTD,PIDILITIND,PIIND,PNB,PNBHOUSING,PNCINFRA,POLICYBZR,POLYCAB,POLYMED,POLYPLEX,POONAWALLA,POWERGRID,POWERINDIA,PRAJIND,PRESTIGE,PRIVISCL,PTCIL,PVRINOX,QUESS,RADICO,RAILTEL,RAIN,RAJESHEXPO,RALLIS,RAMCOCEM,RATNAMANI,RAYMONDLSL,RBLBANK,RCF,RECLTD,REDINGTON,RELAXO,RELIANCE,RENUKA,RHIM,RITES,ROSSARI,ROUTE,RTNINDIA,RVNL,SAIL,SAMMAANCAP,SANOFI,SAPPHIRE,SAREGAMA,SBICARD,SBILIFE,SBIN,SCHAEFFLER,SCI,SEQUENT,SFL,SHILPAMED,SHREECEM,SHRIRAMCIT,SHRIRAMFIN,SHYAMMETL,SIEMENS,SIS,SJVN,SKFINDIA,SOBHA,SOLARA,SOLARINDS,SONACOMS,SONATSOFTW,SPARC,SPICEJET,SRF,STAR,STARHEALTH,SUDARSCHEM,SUMICHEM,SUNDARMFIN,SUNDRMFAST,SUNPHARMA,SUNTV,SUPPETRO,SUPRAJIT,SUPREMEIND,SUZLON,SWANCORP,SWSOLAR,SYMPHONY,SYNGENE,SYRMA,TANLA,TATACHEM,TATACOFFEE,TATACOMM,TATACONSUM,TATAELXSI,TATAINVEST,TATAMTRDVR,TATAPOWER,TATASTEEL,TATASTLLP,TBOTEK,TCS,TEAMLEASE,TECHM,TECHNOE,THERMAX,THYROCARE,TIINDIA,TIMKEN,TITAN,TMPV,TORNTPHARM,TORNTPOWER,TRENT,TRIDENT,TRITURBINE,TTKPRESTIG,TTML,TV18BRDCST,TVSMOTOR,UBL,UCOBANK,UJJIVANSFB,ULTRACEMCO,UNIONBANK,UNITDSPR,UNOMINDA,UPL,USHAMART,UTIAMC,VAKRANGEE,VARROC,VBL,VEDL,VENKEYS,VGUARD,VIJAYA,VINATIORGA,VIPIND,VMART,VOLTAS,VTL,WELCORP,WELSPUNLIV,WESTLIFE,WHIRLPOOL,WIPRO,WOCKPHARMA,YESBANK,ZEEL,ZENSARTECH,ZFCVINDIA,ZYDUSLIFE,ZYDUSWELL"
2020-12-31,"360ONE,3MINDIA,AADHARHFC,AARTIDRUGS,AARTIIND,AAVAS,ABB,ABBOTINDIA,ABCAPITAL,ABFRL,ABREL,ABSLAMC,ACC,ADANIENSOL,ADANIENT,ADANIGREEN,ADANIPORTS,ADVENZYMES,AEGISLOG,AFFLE,AIAENG,AJANTPHARM,ALKEM,ALKYLAMINE,ALLCARGO,ALOKINDS,AMBER,AMBUJACEM,ANANTRAJ,ANGELONE,APLAPOLLO,APLLTD,APOLLOHOSP,APOLLOTYRE,APTUS,ARE&M,ASAHIINDIA,ASHOKLEY,ASIANPAINT,ASTERDM,ASTRAL,ASTRAZEN,ATGL,ATUL,AUBANK,AUROPHARMA,AVANTIFEED,AXISBANK,BAJAJ-AUTO,BAJAJELEC,BAJAJFINSV,BAJAJHLDNG,BAJFINANCE,BALAMINES,BALKRISIND,BALRAMCHIN,BANDHANBNK,BANKBARODA,BANKINDIA,BASF,BATAINDIA,BAYERCROP,BBTC,BCG,BDL,BEL,BEML,BERGEPAINT,BHARATFORG,BHARTIARTL,BHARTIHEXA,BHEL,BIOCON,BIRLACORPN,BLUEDART,BLUESTARCO,BOSCHLTD,BPCL,BRIGADE,BRITANNIA,BSE,BSOFT,CAMS,CANBK,CANFINHOME,CAPLIPOINT,CARBORUNIV,CASTROLIND,CCL,CDSL,CEATLTD,CENTRALBK,CENTURYPLY,CERA,CESC,CGPOWER,CHALET,CHAMBLFERT,CHEMPLASTS,CHOLAFIN,CHOLAHLDNG,CIEINDIA,CIPLA,CLEAN,COALINDIA,COCHINSHIP,COFORGE,COHANCE,COLPAL,CONCOR,COROMANDEL,CREDITACC,CRISIL,CROMPTON,CUB,CUMMINSIND,CYIENT,DABUR,DALBHARAT,DBL,DBREALTY,DEEPAKNTR,DELTACORP,DEVYANI,DHANI,DIVISLAB,DIXON,DLF,DMART,DRREDDY,DUMMYHEG,EASEMYTRIP,ECLERX,EDELWEISS,EICHERMOT,EIDPARRY,EIHOTEL,ELGIEQUIP,EMAMILTD,ENDURANCE,ENGINERSIN,EPIGRAL,EQUITAS,EQUITASBNK,ERIS,ESCORTS,ETERNAL,EXIDEIND,FACT,FEDERALBNK,FINCABLES,FINEORG,FINPIPE,FLUOROCHEM,FORTIS,FSL,GAEL,GAIL,GALAXYSURF,GESHIP,GICRE,GILLETTE,GLAND,GLAXO,GLENMARK,GLS,GMRAIRPORT,GNFC,GOCOLORS,GODFRYPHLP,GODIGIT,GODREJAGRO,GODREJCP,GODREJIND,GODREJPROP,GPIL,GPPL,GRANULES,GRAPHITE,GRASIM,GRINDWELL,GRINFRA,GSFC,GSPL,GUJALKALI,GUJGASLTD,GVT&D,HAL,HAPPSTMNDS,HATHWAY,HATSUN,HAVELLS,HBLENGINE,HCLTECH,HDFC,HDFCAMC,HDFCBANK,HDFCLIFE,HEG,HEMIPROP,HEROMOTOCO,HFCL,HINDALCO,HINDCOPPER,HINDPETRO,HINDUNILVR,HINDZINC,HLEGLAS,HOMEFIRST,HONAUT,HUDCO,ICICIBANK,ICICIGI,ICICIPRULI,ICIL,IDBI,IDEA,IDFC,IDFCFIRSTB,IEX,IFCI,IGL,IIFL,INDGN,INDHOTEL,INDIACEM,INDIAMART,INDIANB,INDIGO,INDOCO,INDUSINDBK,INDUSTOWER,INFIBEAM,INFY,INOXINDIA,INOXLEISUR,INTELLECT,IOB,IOC,IPCALAB,IRB,IRCON,IRCTC,IREDA,IRFC,ITC,ITI,JAMNAAUTO,JBCHEPHARM,JINDALSAW,JINDALSTEL,JKCEMENT,JKLAKSHMI,JKTYRE,JMFINANCIL,JPPOWER,JSL,JSLHISAR,JSWDULUX,JSWENERGY,JSWSTEEL,JUBLFOOD,JUBLINGREA,JUBLPHARMA,JUSTDIAL,JYOTHYLAB,JYOTICNC,KAJARIACER,KALYANKJIL,KANSAINER,KARURVYSYA,KAYNES,KEC,KEI,KIMS,KIRLFER,KIRLOSBROS,KIRLOSENG,KNRCON,KOTAKBANK,KPIL,KPITTECH,KPRMILL,LALPATHLAB,LATENTVIEW,LAURUSLABS,LAXMIMACH,LICHSGFIN,LINDEINDIA,LODHA,LT,LTF,LTM,LTTS,LUPIN,LUXIND,M&M,M&MFIN,MAHABANK,MANAPPURAM,MAPMYINDIA,MARICO,MARUTI,MASTEK,MAXHEALTH,MAZDOCK,MCX,METROBRAND,METROPOLIS,MFSL,MGL,MINDACORP,MINDTREE,MMTC,MOIL,MOTILALOFS,MPHASIS,MRF,MRPL,MUTHOOTFIN,NAM-INDIA,NATCOPHARM,NATIONALUM,NAUKRI,NAVINFLUOR,NAZARA,NBCC,NCC,NESCO,NESTLEIND,NETWEB,NETWORK18,NEWGEN,NH,NHPC,NIACL,NLCINDIA,NMDC,NTPC,NUVOCO,NYKAA,OBEROIRLTY,OFSS,OIL,ONGC,ORIENTELEC,PAGEIND,PAYTM,PCBL,PEL,PERSISTENT,PETRONET,PFC,PFIZER,PGHH,PGHL,PHOENIXLTD,PIDILITIND,PIIND,PNB,PNBHOUSING,PNCINFRA,POLICYBZR,POLYCAB,POLYMED,POLYPLEX,POONAWALLA,POWERGRID,POWERINDIA,PRAJIND,PRESTIGE,PRIVISCL,PTCIL,PVRINOX,QUESS,RADICO,RAILTEL,RAIN,RAJESHEXPO,RALLIS,RAMCOCEM,RATNAMANI,RAYMONDLSL,RBLBANK,RCF,RECLTD,REDINGTON,RELAXO,RELIANCE,RENUKA,RHIM,RITES,ROSSARI,ROUTE,RTNINDIA,RVNL,SAIL,SAMMAANCAP,SANOFI,SAPPHIRE,SAREGAMA,SBICARD,SBILIFE,SBIN,SCHAEFFLER,SCI,SEQUENT,SFL,SHILPAMED,SHREECEM,SHRIRAMCIT,SHRIRAMFIN,SHYAMMETL,SIEMENS,SIS,SJVN,SKFINDIA,SOBHA,SOLARA,SOLARINDS,SONACOMS,SONATSOFTW,SPARC,SPICEJET,SRF,STAR,STARHEALTH,SUDARSCHEM,SUMICHEM,SUNDARMFIN,SUNDRMFAST,SUNPHARMA,SUNTV,SUPPETRO,SUPRAJIT,SUPREMEIND,SUZLON,SWANCORP,SWSOLAR,SYMPHONY,SYNGENE,SYRMA,TANLA,TATACHEM,TATACOFFEE,TATACOMM,TATACONSUM,TATAELXSI,TATAINVEST,TATAMTRDVR,TATAPOWER,TATASTEEL,TATASTLLP,TBOTEK,TCS,TEAMLEASE,TECHM,TECHNOE,THERMAX,THYROCARE,TIINDIA,TIMKEN,TITAN,TMPV,TORNTPHARM,TORNTPOWER,TRENT,TRIDENT,TRITURBINE,TTKPRESTIG,TTML,TV18BRDCST,TVSMOTOR,UBL,UCOBANK,UJJIVANSFB,ULTRACEMCO,UNIONBANK,UNITDSPR,UNOMINDA,UPL,USHAMART,UTIAMC,VAKRANGEE,VARROC,VBL,VEDL,VENKEYS,VGUARD,VIJAYA,VINATIORGA,VIPIND,VMART,VOLTAS,VTL,WELCORP,WELSPUNLIV,WESTLIFE,WHIRLPOOL,WIPRO,WOCKPHARMA,YESBANK,ZEEL,ZENSARTECH,ZFCVINDIA,ZYDUSLIFE,ZYDUSWELL"
2021-01-31,"360ONE,3MINDIA,AADHARHFC,AARTIDRUGS,AARTIIND,AAVAS,ABB,ABBOTINDIA,ABCAPITAL,ABFRL,ABREL,ABSLAMC,ACC,ADANIENSOL,ADANIENT,ADANIGREEN,ADANIPORTS,ADVENZYMES,AEGISLOG,AFFLE,AIAENG,AJANTPHARM,ALKEM,ALKYLAMINE,ALLCARGO,ALOKINDS,AMBER,AMBUJACEM,ANANTRAJ,ANGELONE,APLAPOLLO,APLLTD,APOLLOHOSP,APOLLOTYRE,APTUS,ARE&M,ASAHIINDIA,ASHOKLEY,ASIANPAINT,ASTERDM,ASTRAL,ASTRAZEN,ATGL,ATUL,AUBANK,AUROPHARMA,AVANTIFEED,AXISBANK,BAJAJ-AUTO,BAJAJELEC,BAJAJFINSV,BAJAJHLDNG,BAJFINANCE,BALAMINES,BALKRISIND,BALRAMCHIN,BANDHANBNK,BANKBARODA,BANKINDIA,BASF,BATAINDIA,BAYERCROP,BBTC,BCG,BDL,BEL,BEML,BERGEPAINT,BHARATFORG,BHARTIARTL,BHARTIHEXA,BHEL,BIOCON,BIRLACORPN,BLUEDART,BLUESTARCO,BOSCHLTD,BPCL,BRIGADE,BRITANNIA,BSE,BSOFT,CAMS,CANBK,CANFINHOME,CAPLIPOINT,CARBORUNIV,CASTROLIND,CCL,CDSL,CEATLTD,CENTRALBK,CENTURYPLY,CERA,CESC,CGPOWER,CHALET,CHAMBLFERT,CHEMPLASTS,CHOLAFIN,CHOLAHLDNG,CIEINDIA,CIPLA,CLEAN,COALINDIA,COCHINSHIP,COFORGE,COHANCE,COLPAL,CONCOR,COROMANDEL,CREDITACC,CRISIL,CROMPTON,CUB,CUMMINSIND,CYIENT,DABUR,DALBHARAT,DBL,DBREALTY,DEEPAKNTR,DELTACORP,DEVYANI,DHANI,DIVISLAB,DIXON,DLF,DMART,DRREDDY,DUMMYHEG,EASEMYTRIP,ECLERX,EDELWEISS,EICHERMOT,EIDPARRY,EIHOTEL,ELGIEQUIP,EMAMILTD,ENDURANCE,ENGINERSIN,EPIGRAL,EQUITAS,EQUITASBNK,ERIS,ESCORTS,ETERNAL,EXIDEIND,FACT,FEDERALBNK,FINCABLES,FINEORG,FINPIPE,FLUOROCHEM,FORTIS,FSL,GAEL,GAIL,GALAXYSURF,GESHIP,GICRE,GILLETTE,GLAND,GLAXO,GLENMARK,GLS,GMRAIRPORT,GNFC,GOCOLORS,GODFRYPHLP,GODIGIT,GODREJAGRO,GODREJCP,GODREJIND,GODREJPROP,GPIL,GPPL,GRANULES,GRAPHITE,GRASIM,GRINDWELL,GRINFRA,GSFC,GSPL,GUJALKALI,GUJGASLTD,GVT&D,HAL,HAPPSTMNDS,HATHWAY,HATSUN,HAVELLS,HBLENGINE,HCLTECH,HDFC,HDFCAMC,HDFCBANK,HDFCLIFE,HEG,HEMIPROP,HEROMOTOCO,HFCL,HINDALCO,HINDCOPPER,HINDPETRO,HINDUNILVR,HINDZINC,HLEGLAS,HOMEFIRST,HONAUT,HUDCO,ICICIBANK,ICICIGI,ICICIPRULI,ICIL,IDBI,IDEA,IDFC,IDFCFIRSTB,IEX,IFCI,IGL,IIFL,INDGN,INDHOTEL,INDIACEM,INDIAMART,INDIANB,INDIGO,INDOCO,INDUSINDBK,INDUSTOWER,INFIBEAM,INFY,INOXINDIA,INOXLEISUR,INTELLECT,IOB,IOC,IPCALAB,IRB,IRCON,IRCTC,IREDA,IRFC,ITC,ITI,JAMNAAUTO,JBCHEPHARM,JINDALSAW,JINDALSTEL,JKCEMENT,JKLAKSHMI,JKTYRE,JMFINANCIL,JPPOWER,JSL,JSLHISAR,JSWDULUX,JSWENERGY,JSWSTEEL,JUBLFOOD,JUBLINGREA,JUBLPHARMA,JUSTDIAL,JYOTHYLAB,JYOTICNC,KAJARIACER,KALYANKJIL,KANSAINER,KARURVYSYA,KAYNES,KEC,KEI,KIMS,KIRLFER,KIRLOSBROS,KIRLOSENG,KNRCON,KOTAKBANK,KPIL,KPITTECH,KPRMILL,LALPATHLAB,LATENTVIEW,LAURUSLABS,LAXMIMACH,LICHSGFIN,LINDEINDIA,LODHA,LT,LTF,LTM,LTTS,LUPIN,LUXIND,M&M,M&MFIN,MAHABANK,MANAPPURAM,MAPMYINDIA,MARICO,MARUTI,MASTEK,MAXHEALTH,MAZDOCK,MCX,METROBRAND,METROPOLIS,MFSL,MGL,MINDACORP,MINDTREE,MMTC,MOIL,MOTILALOFS,MPHASIS,MRF,MRPL,MUTHOOTFIN,NAM-INDIA,NATCOPHARM,NATIONALUM,NAUKRI,NAVINFLUOR,NAZARA,NBCC,NCC,NESCO,NESTLEIND,NETWEB,NETWORK18,NEWGEN,NH,NHPC,NIACL,NLCINDIA,NMDC,NTPC,NUVOCO,NYKAA,OBEROIRLTY,OFSS,OIL,ONGC,ORIENTELEC,PAGEIND,PAYTM,PCBL,PEL,PERSISTENT,PETRONET,PFC,PFIZER,PGHH,PGHL,PHOENIXLTD,PIDILITIND,PIIND,PNB,PNBHOUSING,PNCINFRA,POLICYBZR,POLYCAB,POLYMED,POLYPLEX,POONAWALLA,POWERGRID,POWERINDIA,PRAJIND,PRESTIGE,PRIVISCL,PTCIL,PVRINOX,QUESS,RADICO,RAILTEL,RAIN,RAJESHEXPO,RALLIS,RAMCOCEM,RATNAMANI,RAYMONDLSL,RBLBANK,RCF,RECLTD,REDINGTON,RELAXO,RELIANCE,RENUKA,RHIM,RITES,ROSSARI,ROUTE,RTNINDIA,RVNL,SAIL,SAMMAANCAP,SANOFI,SAPPHIRE,SAREGAMA,SBICARD,SBILIFE,SBIN,SCHAEFFLER,SCI,SEQUENT,SFL,SHILPAMED,SHREECEM,SHRIRAMCIT,SHRIRAMFIN,SHYAMMETL,SIEMENS,SIS,SJVN,SKFINDIA,SOBHA,SOLARA,SOLARINDS,SONACOMS,SONATSOFTW,SPARC,SPICEJET,SRF,STAR,STARHEALTH,SUDARSCHEM,SUMICHEM,SUNDARMFIN,SUNDRMFAST,SUNPHARMA,SUNTV,SUPPETRO,SUPRAJIT,SUPREMEIND,SUZLON,SWANCORP,SWSOLAR,SYMPHONY,SYNGENE,SYRMA,TANLA,TATACHEM,TATACOFFEE,TATACOMM,TATACONSUM,TATAELXSI,TATAINVEST,TATAMTRDVR,TATAPOWER,TATASTEEL,TATASTLLP,TBOTEK,TCS,TEAMLEASE,TECHM,TECHNOE,THERMAX,THYROCARE,TIINDIA,TIMKEN,TITAN,TMPV,TORNTPHARM,TORNTPOWER,TRENT,TRIDENT,TRITURBINE,TTKPRESTIG,TTML,TV18BRDCST,TVSMOTOR,UBL,UCOBANK,UJJIVANSFB,ULTRACEMCO,UNIONBANK,UNITDSPR,UNOMINDA,UPL,USHAMART,UTIAMC,VAKRANGEE,VARROC,VBL,VEDL,VENKEYS,VGUARD,VIJAYA,VINATIORGA,VIPIND,VMART,VOLTAS,VTL,WELCORP,WELSPUNLIV,WESTLIFE,WHIRLPOOL,WIPRO,WOCKPHARMA,YESBANK,ZEEL,ZENSARTECH,ZFCVINDIA,ZYDUSLIFE,ZYDUSWELL"
2021-02-28,"360ONE,3MINDIA,AADHARHFC,AARTIDRUGS,AARTIIND,AAVAS,ABB,ABBOTINDIA,ABCAPITAL,ABFRL,ABREL,ABSLAMC,ACC,ADANIENSOL,ADANIENT,ADANIGREEN,ADANIPORTS,ADVENZYMES,AEGISLOG,AFFLE,AIAENG,AJANTPHARM,ALKEM,ALKYLAMINE,ALLCARGO,ALOKINDS,AMBER,AMBUJACEM,ANANTRAJ,ANGELONE,APLAPOLLO,APLLTD,APOLLOHOSP,APOLLOTYRE,APTUS,ARE&M,ASAHIINDIA,ASHOKLEY,ASIANPAINT,ASTERDM,ASTRAL,ASTRAZEN,ATGL,ATUL,AUBANK,AUROPHARMA,AVANTIFEED,AXISBANK,BAJAJ-AUTO,BAJAJELEC,BAJAJFINSV,BAJAJHLDNG,BAJFINANCE,BALAMINES,BALKRISIND,BALRAMCHIN,BANDHANBNK,BANKBARODA,BANKINDIA,BASF,BATAINDIA,BAYERCROP,BBTC,BCG,BDL,BEL,BEML,BERGEPAINT,BHARATFORG,BHARTIARTL,BHARTIHEXA,BHEL,BIOCON,BIRLACORPN,BLUEDART,BLUESTARCO,BOSCHLTD,BPCL,BRIGADE,BRITANNIA,BSE,BSOFT,CAMS,CANBK,CANFINHOME,CAPLIPOINT,CARBORUNIV,CASTROLIND,CCL,CDSL,CEATLTD,CENTRALBK,CENTURYPLY,CERA,CESC,CGPOWER,CHALET,CHAMBLFERT,CHEMPLASTS,CHOLAFIN,CHOLAHLDNG,CIEINDIA,CIPLA,CLEAN,COALINDIA,COCHINSHIP,COFORGE,COHANCE,COLPAL,CONCOR,COROMANDEL,CREDITACC,CRISIL,CROMPTON,CUB,CUMMINSIND,CYIENT,DABUR,DALBHARAT,DBL,DBREALTY,DEEPAKNTR,DELTACORP,DEVYANI,DHANI,DIVISLAB,DIXON,DLF,DMART,DRREDDY,DUMMYHEG,EASEMYTRIP,ECLERX,EDELWEISS,EICHERMOT,EIDPARRY,EIHOTEL,ELGIEQUIP,EMAMILTD,ENDURANCE,ENGINERSIN,EPIGRAL,EQUITAS,EQUITASBNK,ERIS,ESCORTS,ETERNAL,EXIDEIND,FACT,FEDERALBNK,FINCABLES,FINEORG,FINPIPE,FLUOROCHEM,FORTIS,FSL,GAEL,GAIL,GALAXYSURF,GESHIP,GICRE,GILLETTE,GLAND,GLAXO,GLENMARK,GLS,GMRAIRPORT,GNFC,GOCOLORS,GODFRYPHLP,GODIGIT,GODREJAGRO,GODREJCP,GODREJIND,GODREJPROP,GPIL,GPPL,GRANULES,GRAPHITE,GRASIM,GRINDWELL,GRINFRA,GSFC,GSPL,GUJALKALI,GUJGASLTD,GVT&D,HAL,HAPPSTMNDS,HATHWAY,HATSUN,HAVELLS,HBLENGINE,HCLTECH,HDFC,HDFCAMC,HDFCBANK,HDFCLIFE,HEG,HEMIPROP,HEROMOTOCO,HFCL,HINDALCO,HINDCOPPER,HINDPETRO,HINDUNILVR,HINDZINC,HLEGLAS,HOMEFIRST,HONAUT,HUDCO,ICICIBANK,ICICIGI,ICICIPRULI,ICIL,IDBI,IDEA,IDFC,IDFCFIRSTB,IEX,IFCI,IGL,IIFL,INDGN,INDHOTEL,INDIACEM,INDIAMART,INDIANB,INDIGO,INDOCO,INDUSINDBK,INDUSTOWER,INFIBEAM,INFY,INOXINDIA,INOXLEISUR,INTELLECT,IOB,IOC,IPCALAB,IRB,IRCON,IRCTC,IREDA,IRFC,ITC,ITI,JAMNAAUTO,JBCHEPHARM,JINDALSAW,JINDALSTEL,JKCEMENT,JKLAKSHMI,JKTYRE,JMFINANCIL,JPPOWER,JSL,JSLHISAR,JSWDULUX,JSWENERGY,JSWSTEEL,JUBLFOOD,JUBLINGREA,JUBLPHARMA,JUSTDIAL,JYOTHYLAB,JYOTICNC,KAJARIACER,KALYANKJIL,KANSAINER,KARURVYSYA,KAYNES,KEC,KEI,KIMS,KIRLFER,KIRLOSBROS,KIRLOSENG,KNRCON,KOTAKBANK,KPIL,KPITTECH,KPRMILL,LALPATHLAB,LATENTVIEW,LAURUSLABS,LAXMIMACH,LICHSGFIN,LINDEINDIA,LODHA,LT,LTF,LTM,LTTS,LUPIN,LUXIND,M&M,M&MFIN,MAHABANK,MANAPPURAM,MAPMYINDIA,MARICO,MARUTI,MASTEK,MAXHEALTH,MAZDOCK,MCX,METROBRAND,METROPOLIS,MFSL,MGL,MINDACORP,MINDTREE,MMTC,MOIL,MOTILALOFS,MPHASIS,MRF,MRPL,MUTHOOTFIN,NAM-INDIA,NATCOPHARM,NATIONALUM,NAUKRI,NAVINFLUOR,NAZARA,NBCC,NCC,NESCO,NESTLEIND,NETWEB,NETWORK18,NEWGEN,NH,NHPC,NIACL,NLCINDIA,NMDC,NTPC,NUVOCO,NYKAA,OBEROIRLTY,OFSS,OIL,ONGC,ORIENTELEC,PAGEIND,PAYTM,PCBL,PEL,PERSISTENT,PETRONET,PFC,PFIZER,PGHH,PGHL,PHOENIXLTD,PIDILITIND,PIIND,PNB,PNBHOUSING,PNCINFRA,POLICYBZR,POLYCAB,POLYMED,POLYPLEX,POONAWALLA,POWERGRID,POWERINDIA,PRAJIND,PRESTIGE,PRIVISCL,PTCIL,PVRINOX,QUESS,RADICO,RAILTEL,RAIN,RAJESHEXPO,RALLIS,RAMCOCEM,RATNAMANI,RAYMONDLSL,RBLBANK,RCF,RECLTD,REDINGTON,RELAXO,RELIANCE,RENUKA,RHIM,RITES,ROSSARI,ROUTE,RTNINDIA,RVNL,SAIL,SAMMAANCAP,SANOFI,SAPPHIRE,SAREGAMA,SBICARD,SBILIFE,SBIN,SCHAEFFLER,SCI,SEQUENT,SFL,SHILPAMED,SHREECEM,SHRIRAMCIT,SHRIRAMFIN,SHYAMMETL,SIEMENS,SIS,SJVN,SKFINDIA,SOBHA,SOLARA,SOLARINDS,SONACOMS,SONATSOFTW,SPARC,SPICEJET,SRF,STAR,STARHEALTH,SUDARSCHEM,SUMICHEM,SUNDARMFIN,SUNDRMFAST,SUNPHARMA,SUNTV,SUPPETRO,SUPRAJIT,SUPREMEIND,SUZLON,SWANCORP,SWSOLAR,SYMPHONY,SYNGENE,SYRMA,TANLA,TATACHEM,TATACOFFEE,TATACOMM,TATACONSUM,TATAELXSI,TATAINVEST,TATAMTRDVR,TATAPOWER,TATASTEEL,TATASTLLP,TBOTEK,TCS,TEAMLEASE,TECHM,TECHNOE,THERMAX,THYROCARE,TIINDIA,TIMKEN,TITAN,TMPV,TORNTPHARM,TORNTPOWER,TRENT,TRIDENT,TRITURBINE,TTKPRESTIG,TTML,TV18BRDCST,TVSMOTOR,UBL,UCOBANK,UJJIVANSFB,ULTRACEMCO,UNIONBANK,UNITDSPR,UNOMINDA,UPL,USHAMART,UTIAMC,VAKRANGEE,VARROC,VBL,VEDL,VENKEYS,VGUARD,VIJAYA,VINATIORGA,VIPIND,VMART,VOLTAS,VTL,WELCORP,WELSPUNLIV,WESTLIFE,WHIRLPOOL,WIPRO,WOCKPHARMA,YESBANK,ZEEL,ZENSARTECH,ZFCVINDIA,ZYDUSLIFE,ZYDUSWELL"
2021-03-31,"360ONE,3MINDIA,AADHARHFC,AARTIDRUGS,AARTIIND,AAVAS,ABB,ABBOTINDIA,ABCAPITAL,ABFRL,ABREL,ABSLAMC,ACC,ADANIENSOL,ADANIENT,ADANIGREEN,ADANIPORTS,ADVENZYMES,AEGISLOG,AFFLE,AIAENG,AJANTPHARM,ALKEM,ALKYLAMINE,ALLCARGO,ALOKINDS,AMBER,AMBUJACEM,ANANTRAJ,ANGELONE,APLAPOLLO,APLLTD,APOLLOHOSP,APOLLOTYRE,APTUS,ARE&M,ASAHIINDIA,ASHOKLEY,ASIANPAINT,ASTERDM,ASTRAL,ASTRAZEN,ATGL,ATUL,AUBANK,AUROPHARMA,AVANTIFEED,AXISBANK,BAJAJ-AUTO,BAJAJELEC,BAJAJFINSV,BAJAJHLDNG,BAJFINANCE,BALAMINES,BALKRISIND,BALRAMCHIN,BANDHANBNK,BANKBARODA,BANKINDIA,BASF,BATAINDIA,BAYERCROP,BBTC,BCG,BDL,BEL,BEML,BERGEPAINT,BHARATFORG,BHARTIARTL,BHARTIHEXA,BHEL,BIOCON,BIRLACORPN,BLUEDART,BLUESTARCO,BOSCHLTD,BPCL,BRIGADE,BRITANNIA,BSE,BSOFT,CAMS,CANBK,CANFINHOME,CAPLIPOINT,CARBORUNIV,CASTROLIND,CCL,CDSL,CEATLTD,CENTRALBK,CENTURYPLY,CERA,CESC,CGPOWER,CHALET,CHAMBLFERT,CHEMPLASTS,CHOLAFIN,CHOLAHLDNG,CIEINDIA,CIPLA,CLEAN,COALINDIA,COCHINSHIP,COFORGE,COHANCE,COLPAL,CONCOR,COROMANDEL,CREDITACC,CRISIL,CROMPTON,CUB,CUMMINSIND,CYIENT,DABUR,DALBHARAT,DBL,DBREALTY,DEEPAKNTR,DELTACORP,DEVYANI,DHANI,DIVISLAB,DIXON,DLF,DMART,DRREDDY,DUMMYHEG,EASEMYTRIP,ECLERX,EDELWEISS,EICHERMOT,EIDPARRY,EIHOTEL,ELGIEQUIP,EMAMILTD,ENDURANCE,ENGINERSIN,EPIGRAL,EQUITAS,EQUITASBNK,ERIS,ESCORTS,ETERNAL,EXIDEIND,FACT,FEDERALBNK,FINCABLES,FINEORG,FINPIPE,FLUOROCHEM,FORTIS,FSL,GAEL,GAIL,GALAXYSURF,GESHIP,GICRE,GILLETTE,GLAND,GLAXO,GLENMARK,GLS,GMRAIRPORT,GNFC,GOCOLORS,GODFRYPHLP,GODIGIT,GODREJAGRO,GODREJCP,GODREJIND,GODREJPROP,GPIL,GPPL,GRANULES,GRAPHITE,GRASIM,GRINDWELL,GRINFRA,GSFC,GSPL,GUJALKALI,GUJGASLTD,GVT&D,HAL,HAPPSTMNDS,HATHWAY,HATSUN,HAVELLS,HBLENGINE,HCLTECH,HDFC,HDFCAMC,HDFCBANK,HDFCLIFE,HEG,HEMIPROP,HEROMOTOCO,HFCL,HINDALCO,HINDCOPPER,HINDPETRO,HINDUNILVR,HINDZINC,HLEGLAS,HOMEFIRST,HONAUT,HUDCO,ICICIBANK,ICICIGI,ICICIPRULI,ICIL,IDBI,IDEA,IDFC,IDFCFIRSTB,IEX,IFCI,IGL,IIFL,INDGN,INDHOTEL,INDIACEM,INDIAMART,INDIANB,INDIGO,INDOCO,INDUSINDBK,INDUSTOWER,INFIBEAM,INFY,INOXINDIA,INOXLEISUR,INTELLECT,IOB,IOC,IPCALAB,IRB,IRCON,IRCTC,IREDA,IRFC,ITC,ITI,JAMNAAUTO,JBCHEPHARM,JINDALSAW,JINDALSTEL,JKCEMENT,JKLAKSHMI,JKTYRE,JMFINANCIL,JPPOWER,JSL,JSLHISAR,JSWDULUX,JSWENERGY,JSWSTEEL,JUBLFOOD,JUBLINGREA,JUBLPHARMA,JUSTDIAL,JYOTHYLAB,JYOTICNC,KAJARIACER,KALYANKJIL,KANSAINER,KARURVYSYA,KAYNES,KEC,KEI,KIMS,KIRLFER,KIRLOSBROS,KIRLOSENG,KNRCON,KOTAKBANK,KPIL,KPITTECH,KPRMILL,LALPATHLAB,LATENTVIEW,LAURUSLABS,LAXMIMACH,LICHSGFIN,LINDEINDIA,LODHA,LT,LTF,LTM,LTTS,LUPIN,LUXIND,M&M,M&MFIN,MAHABANK,MANAPPURAM,MAPMYINDIA,MARICO,MARUTI,MASTEK,MAXHEALTH,MAZDOCK,MCX,METROBRAND,METROPOLIS,MFSL,MGL,MINDACORP,MINDTREE,MMTC,MOIL,MOTILALOFS,MPHASIS,MRF,MRPL,MUTHOOTFIN,NAM-INDIA,NATCOPHARM,NATIONALUM,NAUKRI,NAVINFLUOR,NAZARA,NBCC,NCC,NESCO,NESTLEIND,NETWEB,NETWORK18,NEWGEN,NH,NHPC,NIACL,NLCINDIA,NMDC,NTPC,NUVOCO,NYKAA,OBEROIRLTY,OFSS,OIL,ONGC,ORIENTELEC,PAGEIND,PAYTM,PCBL,PEL,PERSISTENT,PETRONET,PFC,PFIZER,PGHH,PGHL,PHOENIXLTD,PIDILITIND,PIIND,PNB,PNBHOUSING,PNCINFRA,POLICYBZR,POLYCAB,POLYMED,POLYPLEX,POONAWALLA,POWERGRID,POWERINDIA,PRAJIND,PRESTIGE,PRIVISCL,PTCIL,PVRINOX,QUESS,RADICO,RAILTEL,RAIN,RAJESHEXPO,RALLIS,RAMCOCEM,RATNAMANI,RAYMONDLSL,RBLBANK,RCF,RECLTD,REDINGTON,RELAXO,RELIANCE,RENUKA,RHIM,RITES,ROSSARI,ROUTE,RTNINDIA,RVNL,SAIL,SAMMAANCAP,SANOFI,SAPPHIRE,SAREGAMA,SBICARD,SBILIFE,SBIN,SCHAEFFLER,SCI,SEQUENT,SFL,SHILPAMED,SHREECEM,SHRIRAMCIT,SHRIRAMFIN,SHYAMMETL,SIEMENS,SIS,SJVN,SKFINDIA,SOBHA,SOLARA,SOLARINDS,SONACOMS,SONATSOFTW,SPARC,SPICEJET,SRF,STAR,STARHEALTH,SUDARSCHEM,SUMICHEM,SUNDARMFIN,SUNDRMFAST,SUNPHARMA,SUNTV,SUPPETRO,SUPRAJIT,SUPREMEIND,SUZLON,SWANCORP,SWSOLAR,SYMPHONY,SYNGENE,SYRMA,TANLA,TATACHEM,TATACOFFEE,TATACOMM,TATACONSUM,TATAELXSI,TATAINVEST,TATAMTRDVR,TATAPOWER,TATASTEEL,TATASTLLP,TBOTEK,TCS,TEAMLEASE,TECHM,TECHNOE,THERMAX,THYROCARE,TIINDIA,TIMKEN,TITAN,TMPV,TORNTPHARM,TORNTPOWER,TRENT,TRIDENT,TRITURBINE,TTKPRESTIG,TTML,TV18BRDCST,TVSMOTOR,UBL,UCOBANK,UJJIVANSFB,ULTRACEMCO,UNIONBANK,UNITDSPR,UNOMINDA,UPL,USHAMART,UTIAMC,VAKRANGEE,VARROC,VBL,VEDL,VENKEYS,VGUARD,VIJAYA,VINATIORGA,VIPIND,VMART,VOLTAS,VTL,WELCORP,WELSPUNLIV,WESTLIFE,WHIRLPOOL,WIPRO,WOCKPHARMA,YESBANK,ZEEL,ZENSARTECH,ZFCVINDIA,ZYDUSLIFE,ZYDUSWELL"
2021-04-30,"360ONE,3MINDIA,AADHARHFC,AARTIDRUGS,AARTIIND,AAVAS,ABB,ABBOTINDIA,ABCAPITAL,ABFRL,ABREL,ABSLAMC,ACC,ADANIENSOL,ADANIENT,ADANIGREEN,ADANIPORTS,ADVENZYMES,AEGISLOG,AFFLE,AIAENG,AJANTPHARM,ALKEM,ALKYLAMINE,ALLCARGO,ALOKINDS,AMBER,AMBUJACEM,ANANTRAJ,ANGELONE,APLAPOLLO,APLLTD,APOLLOHOSP,APOLLOTYRE,APTUS,ARE&M,ASAHIINDIA,ASHOKLEY,ASIANPAINT,ASTERDM,ASTRAL,ASTRAZEN,ATGL,ATUL,AUBANK,AUROPHARMA,AVANTIFEED,AXISBANK,BAJAJ-AUTO,BAJAJELEC,BAJAJFINSV,BAJAJHLDNG,BAJFINANCE,BALAMINES,BALKRISIND,BALRAMCHIN,BANDHANBNK,BANKBARODA,BANKINDIA,BASF,BATAINDIA,BAYERCROP,BBTC,BCG,BDL,BEL,BEML,BERGEPAINT,BHARATFORG,BHARTIARTL,BHARTIHEXA,BHEL,BIOCON,BIRLACORPN,BLUEDART,BLUESTARCO,BOSCHLTD,BPCL,BRIGADE,BRITANNIA,BSE,BSOFT,CAMS,CANBK,CANFINHOME,CAPLIPOINT,CARBORUNIV,CASTROLIND,CCL,CDSL,CEATLTD,CENTRALBK,CENTURYPLY,CERA,CESC,CGPOWER,CHALET,CHAMBLFERT,CHEMPLASTS,CHOLAFIN,CHOLAHLDNG,CIEINDIA,CIPLA,CLEAN,COALINDIA,COCHINSHIP,COFORGE,COHANCE,COLPAL,CONCOR,COROMANDEL,CREDITACC,CRISIL,CROMPTON,CUB,CUMMINSIND,CYIENT,DABUR,DALBHARAT,DBL,DBREALTY,DEEPAKNTR,DELTACORP,DEVYANI,DHANI,DIVISLAB,DIXON,DLF,DMART,DRREDDY,DUMMYHEG,EASEMYTRIP,ECLERX,EDELWEISS,EICHERMOT,EIDPARRY,EIHOTEL,ELGIEQUIP,EMAMILTD,ENDURANCE,ENGINERSIN,EPIGRAL,EQUITAS,EQUITASBNK,ERIS,ESCORTS,ETERNAL,EXIDEIND,FACT,FEDERALBNK,FINCABLES,FINEORG,FINPIPE,FLUOROCHEM,FORTIS,FSL,GAEL,GAIL,GALAXYSURF,GESHIP,GICRE,GILLETTE,GLAND,GLAXO,GLENMARK,GLS,GMRAIRPORT,GNFC,GOCOLORS,GODFRYPHLP,GODIGIT,GODREJAGRO,GODREJCP,GODREJIND,GODREJPROP,GPIL,GPPL,GRANULES,GRAPHITE,GRASIM,GRINDWELL,GRINFRA,GSFC,GSPL,GUJALKALI,GUJGASLTD,GVT&D,HAL,HAPPSTMNDS,HATHWAY,HATSUN,HAVELLS,HBLENGINE,HCLTECH,HDFC,HDFCAMC,HDFCBANK,HDFCLIFE,HEG,HEMIPROP,HEROMOTOCO,HFCL,HINDALCO,HINDCOPPER,HINDPETRO,HINDUNILVR,HINDZINC,HLEGLAS,HOMEFIRST,HONAUT,HUDCO,ICICIBANK,ICICIGI,ICICIPRULI,ICIL,IDBI,IDEA,IDFC,IDFCFIRSTB,IEX,IFCI,IGL,IIFL,INDGN,INDHOTEL,INDIACEM,INDIAMART,INDIANB,INDIGO,INDOCO,INDUSINDBK,INDUSTOWER,INFIBEAM,INFY,INOXINDIA,INOXLEISUR,INTELLECT,IOB,IOC,IPCALAB,IRB,IRCON,IRCTC,IREDA,IRFC,ITC,ITI,JAMNAAUTO,JBCHEPHARM,JINDALSAW,JINDALSTEL,JKCEMENT,JKLAKSHMI,JKTYRE,JMFINANCIL,JPPOWER,JSL,JSLHISAR,JSWDULUX,JSWENERGY,JSWSTEEL,JUBLFOOD,JUBLINGREA,JUBLPHARMA,JUSTDIAL,JYOTHYLAB,JYOTICNC,KAJARIACER,KALYANKJIL,KANSAINER,KARURVYSYA,KAYNES,KEC,KEI,KIMS,KIRLFER,KIRLOSBROS,KIRLOSENG,KNRCON,KOTAKBANK,KPIL,KPITTECH,KPRMILL,LALPATHLAB,LATENTVIEW,LAURUSLABS,LAXMIMACH,LICHSGFIN,LINDEINDIA,LODHA,LT,LTF,LTM,LTTS,LUPIN,LUXIND,M&M,M&MFIN,MAHABANK,MANAPPURAM,MAPMYINDIA,MARICO,MARUTI,MASTEK,MAXHEALTH,MAZDOCK,MCX,METROBRAND,METROPOLIS,MFSL,MGL,MINDACORP,MINDTREE,MMTC,MOIL,MOTILALOFS,MPHASIS,MRF,MRPL,MUTHOOTFIN,NAM-INDIA,NATCOPHARM,NATIONALUM,NAUKRI,NAVINFLUOR,NAZARA,NBCC,NCC,NESCO,NESTLEIND,NETWEB,NETWORK18,NEWGEN,NH,NHPC,NIACL,NLCINDIA,NMDC,NTPC,NUVOCO,NYKAA,OBEROIRLTY,OFSS,OIL,ONGC,ORIENTELEC,PAGEIND,PAYTM,PCBL,PEL,PERSISTENT,PETRONET,PFC,PFIZER,PGHH,PGHL,PHOENIXLTD,PIDILITIND,PIIND,PNB,PNBHOUSING,PNCINFRA,POLICYBZR,POLYCAB,POLYMED,POLYPLEX,POONAWALLA,POWERGRID,POWERINDIA,PRAJIND,PRESTIGE,PRIVISCL,PTCIL,PVRINOX,QUESS,RADICO,RAILTEL,RAIN,RAJESHEXPO,RALLIS,RAMCOCEM,RATNAMANI,RAYMONDLSL,RBLBANK,RCF,RECLTD,REDINGTON,RELAXO,RELIANCE,RENUKA,RHIM,RITES,ROSSARI,ROUTE,RTNINDIA,RVNL,SAIL,SAMMAANCAP,SANOFI,SAPPHIRE,SAREGAMA,SBICARD,SBILIFE,SBIN,SCHAEFFLER,SCI,SEQUENT,SFL,SHILPAMED,SHREECEM,SHRIRAMCIT,SHRIRAMFIN,SHYAMMETL,SIEMENS,SIS,SJVN,SKFINDIA,SOBHA,SOLARA,SOLARINDS,SONACOMS,SONATSOFTW,SPARC,SPICEJET,SRF,STAR,STARHEALTH,SUDARSCHEM,SUMICHEM,SUNDARMFIN,SUNDRMFAST,SUNPHARMA,SUNTV,SUPPETRO,SUPRAJIT,SUPREMEIND,SUZLON,SWANCORP,SWSOLAR,SYMPHONY,SYNGENE,SYRMA,TANLA,TATACHEM,TATACOFFEE,TATACOMM,TATACONSUM,TATAELXSI,TATAINVEST,TATAMTRDVR,TATAPOWER,TATASTEEL,TATASTLLP,TBOTEK,TCS,TEAMLEASE,TECHM,TECHNOE,THERMAX,THYROCARE,TIINDIA,TIMKEN,TITAN,TMPV,TORNTPHARM,TORNTPOWER,TRENT,TRIDENT,TRITURBINE,TTKPRESTIG,TTML,TV18BRDCST,TVSMOTOR,UBL,UCOBANK,UJJIVANSFB,ULTRACEMCO,UNIONBANK,UNITDSPR,UNOMINDA,UPL,USHAMART,UTIAMC,VAKRANGEE,VARROC,VBL,VEDL,VENKEYS,VGUARD,VIJAYA,VINATIORGA,VIPIND,VMART,VOLTAS,VTL,WELCORP,WELSPUNLIV,WESTLIFE,WHIRLPOOL,WIPRO,WOCKPHARMA,YESBANK,ZEEL,ZENSARTECH,ZFCVINDIA,ZYDUSLIFE,ZYDUSWELL"
2021-05-31,"360ONE,3MINDIA,AADHARHFC,AARTIDRUGS,AARTIIND,AAVAS,ABB,ABBOTINDIA,ABCAPITAL,ABFRL,ABREL,ABSLAMC,ACC,ADANIENSOL,ADANIENT,ADANIGREEN,ADANIPORTS,ADVENZYMES,AEGISLOG,AFFLE,AIAENG,AJANTPHARM,ALKEM,ALKYLAMINE,ALLCARGO,ALOKINDS,AMBER,AMBUJACEM,ANANTRAJ,ANGELONE,APLAPOLLO,APLLTD,APOLLOHOSP,APOLLOTYRE,APTUS,ARE&M,ASAHIINDIA,ASHOKLEY,ASIANPAINT,ASTERDM,ASTRAL,ASTRAZEN,ATGL,ATUL,AUBANK,AUROPHARMA,AVANTIFEED,AXISBANK,BAJAJ-AUTO,BAJAJELEC,BAJAJFINSV,BAJAJHLDNG,BAJFINANCE,BALAMINES,BALKRISIND,BALRAMCHIN,BANDHANBNK,BANKBARODA,BANKINDIA,BASF,BATAINDIA,BAYERCROP,BBTC,BCG,BDL,BEL,BEML,BERGEPAINT,BHARATFORG,BHARTIARTL,BHARTIHEXA,BHEL,BIOCON,BIRLACORPN,BLUEDART,BLUESTARCO,BOSCHLTD,BPCL,BRIGADE,BRITANNIA,BSE,BSOFT,CAMS,CANBK,CANFINHOME,CAPLIPOINT,CARBORUNIV,CASTROLIND,CCL,CDSL,CEATLTD,CENTRALBK,CENTURYPLY,CERA,CESC,CGPOWER,CHALET,CHAMBLFERT,CHEMPLASTS,CHOLAFIN,CHOLAHLDNG,CIEINDIA,CIPLA,CLEAN,COALINDIA,COCHINSHIP,COFORGE,COHANCE,COLPAL,CONCOR,COROMANDEL,CREDITACC,CRISIL,CROMPTON,CUB,CUMMINSIND,CYIENT,DABUR,DALBHARAT,DBL,DBREALTY,DEEPAKNTR,DELTACORP,DEVYANI,DHANI,DIVISLAB,DIXON,DLF,DMART,DRREDDY,DUMMYHEG,EASEMYTRIP,ECLERX,EDELWEISS,EICHERMOT,EIDPARRY,EIHOTEL,ELGIEQUIP,EMAMILTD,ENDURANCE,ENGINERSIN,EPIGRAL,EQUITAS,EQUITASBNK,ERIS,ESCORTS,ETERNAL,EXIDEIND,FACT,FEDERALBNK,FINCABLES,FINEORG,FINPIPE,FLUOROCHEM,FORTIS,FSL,GAEL,GAIL,GALAXYSURF,GESHIP,GICRE,GILLETTE,GLAND,GLAXO,GLENMARK,GLS,GMRAIRPORT,GNFC,GOCOLORS,GODFRYPHLP,GODIGIT,GODREJAGRO,GODREJCP,GODREJIND,GODREJPROP,GPIL,GPPL,GRANULES,GRAPHITE,GRASIM,GRINDWELL,GRINFRA,GSFC,GSPL,GUJALKALI,GUJGASLTD,GVT&D,HAL,HAPPSTMNDS,HATHWAY,HATSUN,HAVELLS,HBLENGINE,HCLTECH,HDFC,HDFCAMC,HDFCBANK,HDFCLIFE,HEG,HEMIPROP,HEROMOTOCO,HFCL,HINDALCO,HINDCOPPER,HINDPETRO,HINDUNILVR,HINDZINC,HLEGLAS,HOMEFIRST,HONAUT,HUDCO,ICICIBANK,ICICIGI,ICICIPRULI,ICIL,IDBI,IDEA,IDFC,IDFCFIRSTB,IEX,IFCI,IGL,IIFL,INDGN,INDHOTEL,INDIACEM,INDIAMART,INDIANB,INDIGO,INDOCO,INDUSINDBK,INDUSTOWER,INFIBEAM,INFY,INOXINDIA,INOXLEISUR,INTELLECT,IOB,IOC,IPCALAB,IRB,IRCON,IRCTC,IREDA,IRFC,ITC,ITI,JAMNAAUTO,JBCHEPHARM,JINDALSAW,JINDALSTEL,JKCEMENT,JKLAKSHMI,JKTYRE,JMFINANCIL,JPPOWER,JSL,JSLHISAR,JSWDULUX,JSWENERGY,JSWSTEEL,JUBLFOOD,JUBLINGREA,JUBLPHARMA,JUSTDIAL,JYOTHYLAB,JYOTICNC,KAJARIACER,KALYANKJIL,KANSAINER,KARURVYSYA,KAYNES,KEC,KEI,KIMS,KIRLFER,KIRLOSBROS,KIRLOSENG,KNRCON,KOTAKBANK,KPIL,KPITTECH,KPRMILL,LALPATHLAB,LATENTVIEW,LAURUSLABS,LAXMIMACH,LICHSGFIN,LINDEINDIA,LODHA,LT,LTF,LTM,LTTS,LUPIN,LUXIND,M&M,M&MFIN,MAHABANK,MANAPPURAM,MAPMYINDIA,MARICO,MARUTI,MASTEK,MAXHEALTH,MAZDOCK,MCX,METROBRAND,METROPOLIS,MFSL,MGL,MINDACORP,MINDTREE,MMTC,MOIL,MOTILALOFS,MPHASIS,MRF,MRPL,MUTHOOTFIN,NAM-INDIA,NATCOPHARM,NATIONALUM,NAUKRI,NAVINFLUOR,NAZARA,NBCC,NCC,NESCO,NESTLEIND,NETWEB,NETWORK18,NEWGEN,NH,NHPC,NIACL,NLCINDIA,NMDC,NTPC,NUVOCO,NYKAA,OBEROIRLTY,OFSS,OIL,ONGC,ORIENTELEC,PAGEIND,PAYTM,PCBL,PEL,PERSISTENT,PETRONET,PFC,PFIZER,PGHH,PGHL,PHOENIXLTD,PIDILITIND,PIIND,PNB,PNBHOUSING,PNCINFRA,POLICYBZR,POLYCAB,POLYMED,POLYPLEX,POONAWALLA,POWERGRID,POWERINDIA,PRAJIND,PRESTIGE,PRIVISCL,PTCIL,PVRINOX,QUESS,RADICO,RAILTEL,RAIN,RAJESHEXPO,RALLIS,RAMCOCEM,RATNAMANI,RAYMONDLSL,RBLBANK,RCF,RECLTD,REDINGTON,RELAXO,RELIANCE,RENUKA,RHIM,RITES,ROSSARI,ROUTE,RTNINDIA,RVNL,SAIL,SAMMAANCAP,SANOFI,SAPPHIRE,SAREGAMA,SBICARD,SBILIFE,SBIN,SCHAEFFLER,SCI,SEQUENT,SFL,SHILPAMED,SHREECEM,SHRIRAMCIT,SHRIRAMFIN,SHYAMMETL,SIEMENS,SIS,SJVN,SKFINDIA,SOBHA,SOLARA,SOLARINDS,SONACOMS,SONATSOFTW,SPARC,SPICEJET,SRF,STAR,STARHEALTH,SUDARSCHEM,SUMICHEM,SUNDARMFIN,SUNDRMFAST,SUNPHARMA,SUNTV,SUPPETRO,SUPRAJIT,SUPREMEIND,SUZLON,SWANCORP,SWSOLAR,SYMPHONY,SYNGENE,SYRMA,TANLA,TATACHEM,TATACOFFEE,TATACOMM,TATACONSUM,TATAELXSI,TATAINVEST,TATAMTRDVR,TATAPOWER,TATASTEEL,TATASTLLP,TBOTEK,TCS,TEAMLEASE,TECHM,TECHNOE,THERMAX,THYROCARE,TIINDIA,TIMKEN,TITAN,TMPV,TORNTPHARM,TORNTPOWER,TRENT,TRIDENT,TRITURBINE,TTKPRESTIG,TTML,TV18BRDCST,TVSMOTOR,UBL,UCOBANK,UJJIVANSFB,ULTRACEMCO,UNIONBANK,UNITDSPR,UNOMINDA,UPL,USHAMART,UTIAMC,VAKRANGEE,VARROC,VBL,VEDL,VENKEYS,VGUARD,VIJAYA,VINATIORGA,VIPIND,VMART,VOLTAS,VTL,WELCORP,WELSPUNLIV,WESTLIFE,WHIRLPOOL,WIPRO,WOCKPHARMA,YESBANK,ZEEL,ZENSARTECH,ZFCVINDIA,ZYDUSLIFE,ZYDUSWELL"
2021-06-30,"360ONE,3MINDIA,AADHARHFC,AARTIDRUGS,AARTIIND,AAVAS,ABB,ABBOTINDIA,ABCAPITAL,ABFRL,ABREL,ABSLAMC,ACC,ADANIENSOL,ADANIENT,ADANIGREEN,ADANIPORTS,ADVENZYMES,AEGISLOG,AFFLE,AIAENG,AJANTPHARM,ALKEM,ALKYLAMINE,ALLCARGO,ALOKINDS,AMBER,AMBUJACEM,ANANTRAJ,ANGELONE,APLAPOLLO,APLLTD,APOLLOHOSP,APOLLOTYRE,APTUS,ARE&M,ASAHIINDIA,ASHOKLEY,ASIANPAINT,ASTERDM,ASTRAL,ASTRAZEN,ATGL,ATUL,AUBANK,AUROPHARMA,AVANTIFEED,AXISBANK,BAJAJ-AUTO,BAJAJELEC,BAJAJFINSV,BAJAJHLDNG,BAJFINANCE,BALAMINES,BALKRISIND,BALRAMCHIN,BANDHANBNK,BANKBARODA,BANKINDIA,BASF,BATAINDIA,BAYERCROP,BBTC,BCG,BDL,BEL,BEML,BERGEPAINT,BHARATFORG,BHARTIARTL,BHARTIHEXA,BHEL,BIOCON,BIRLACORPN,BLUEDART,BLUESTARCO,BOSCHLTD,BPCL,BRIGADE,BRITANNIA,BSE,BSOFT,CAMS,CANBK,CANFINHOME,CAPLIPOINT,CARBORUNIV,CASTROLIND,CCL,CDSL,CEATLTD,CENTRALBK,CENTURYPLY,CERA,CESC,CGPOWER,CHALET,CHAMBLFERT,CHEMPLASTS,CHOLAFIN,CHOLAHLDNG,CIEINDIA,CIPLA,CLEAN,COALINDIA,COCHINSHIP,COFORGE,COHANCE,COLPAL,CONCOR,COROMANDEL,CREDITACC,CRISIL,CROMPTON,CUB,CUMMINSIND,CYIENT,DABUR,DALBHARAT,DBL,DBREALTY,DEEPAKNTR,DELTACORP,DEVYANI,DHANI,DIVISLAB,DIXON,DLF,DMART,DRREDDY,DUMMYHEG,EASEMYTRIP,ECLERX,EDELWEISS,EICHERMOT,EIDPARRY,EIHOTEL,ELGIEQUIP,EMAMILTD,ENDURANCE,ENGINERSIN,EPIGRAL,EQUITAS,EQUITASBNK,ERIS,ESCORTS,ETERNAL,EXIDEIND,FACT,FEDERALBNK,FINCABLES,FINEORG,FINPIPE,FLUOROCHEM,FORTIS,FSL,GAEL,GAIL,GALAXYSURF,GESHIP,GICRE,GILLETTE,GLAND,GLAXO,GLENMARK,GLS,GMRAIRPORT,GNFC,GOCOLORS,GODFRYPHLP,GODIGIT,GODREJAGRO,GODREJCP,GODREJIND,GODREJPROP,GPIL,GPPL,GRANULES,GRAPHITE,GRASIM,GRINDWELL,GRINFRA,GSFC,GSPL,GUJALKALI,GUJGASLTD,GVT&D,HAL,HAPPSTMNDS,HATHWAY,HATSUN,HAVELLS,HBLENGINE,HCLTECH,HDFC,HDFCAMC,HDFCBANK,HDFCLIFE,HEG,HEMIPROP,HEROMOTOCO,HFCL,HINDALCO,HINDCOPPER,HINDPETRO,HINDUNILVR,HINDZINC,HLEGLAS,HOMEFIRST,HONAUT,HUDCO,ICICIBANK,ICICIGI,ICICIPRULI,ICIL,IDBI,IDEA,IDFC,IDFCFIRSTB,IEX,IFCI,IGL,IIFL,INDGN,INDHOTEL,INDIACEM,INDIAMART,INDIANB,INDIGO,INDOCO,INDUSINDBK,INDUSTOWER,INFIBEAM,INFY,INOXINDIA,INOXLEISUR,INTELLECT,IOB,IOC,IPCALAB,IRB,IRCON,IRCTC,IREDA,IRFC,ITC,ITI,JAMNAAUTO,JBCHEPHARM,JINDALSAW,JINDALSTEL,JKCEMENT,JKLAKSHMI,JKTYRE,JMFINANCIL,JPPOWER,JSL,JSLHISAR,JSWDULUX,JSWENERGY,JSWSTEEL,JUBLFOOD,JUBLINGREA,JUBLPHARMA,JUSTDIAL,JYOTHYLAB,JYOTICNC,KAJARIACER,KALYANKJIL,KANSAINER,KARURVYSYA,KAYNES,KEC,KEI,KIMS,KIRLFER,KIRLOSBROS,KIRLOSENG,KNRCON,KOTAKBANK,KPIL,KPITTECH,KPRMILL,LALPATHLAB,LATENTVIEW,LAURUSLABS,LAXMIMACH,LICHSGFIN,LINDEINDIA,LODHA,LT,LTF,LTM,LTTS,LUPIN,LUXIND,M&M,M&MFIN,MAHABANK,MANAPPURAM,MAPMYINDIA,MARICO,MARUTI,MASTEK,MAXHEALTH,MAZDOCK,MCX,METROBRAND,METROPOLIS,MFSL,MGL,MINDACORP,MINDTREE,MMTC,MOIL,MOTILALOFS,MPHASIS,MRF,MRPL,MUTHOOTFIN,NAM-INDIA,NATCOPHARM,NATIONALUM,NAUKRI,NAVINFLUOR,NAZARA,NBCC,NCC,NESCO,NESTLEIND,NETWEB,NETWORK18,NEWGEN,NH,NHPC,NIACL,NLCINDIA,NMDC,NTPC,NUVOCO,NYKAA,OBEROIRLTY,OFSS,OIL,ONGC,ORIENTELEC,PAGEIND,PAYTM,PCBL,PEL,PERSISTENT,PETRONET,PFC,PFIZER,PGHH,PGHL,PHOENIXLTD,PIDILITIND,PIIND,PNB,PNBHOUSING,PNCINFRA,POLICYBZR,POLYCAB,POLYMED,POLYPLEX,POONAWALLA,POWERGRID,POWERINDIA,PRAJIND,PRESTIGE,PRIVISCL,PTCIL,PVRINOX,QUESS,RADICO,RAILTEL,RAIN,RAJESHEXPO,RALLIS,RAMCOCEM,RATNAMANI,RAYMONDLSL,RBLBANK,RCF,RECLTD,REDINGTON,RELAXO,RELIANCE,RENUKA,RHIM,RITES,ROSSARI,ROUTE,RTNINDIA,RVNL,SAIL,SAMMAANCAP,SANOFI,SAPPHIRE,SAREGAMA,SBICARD,SBILIFE,SBIN,SCHAEFFLER,SCI,SEQUENT,SFL,SHILPAMED,SHREECEM,SHRIRAMCIT,SHRIRAMFIN,SHYAMMETL,SIEMENS,SIS,SJVN,SKFINDIA,SOBHA,SOLARA,SOLARINDS,SONACOMS,SONATSOFTW,SPARC,SPICEJET,SRF,STAR,STARHEALTH,SUDARSCHEM,SUMICHEM,SUNDARMFIN,SUNDRMFAST,SUNPHARMA,SUNTV,SUPPETRO,SUPRAJIT,SUPREMEIND,SUZLON,SWANCORP,SWSOLAR,SYMPHONY,SYNGENE,SYRMA,TANLA,TATACHEM,TATACOFFEE,TATACOMM,TATACONSUM,TATAELXSI,TATAINVEST,TATAMTRDVR,TATAPOWER,TATASTEEL,TATASTLLP,TBOTEK,TCS,TEAMLEASE,TECHM,TECHNOE,THERMAX,THYROCARE,TIINDIA,TIMKEN,TITAN,TMPV,TORNTPHARM,TORNTPOWER,TRENT,TRIDENT,TRITURBINE,TTKPRESTIG,TTML,TV18BRDCST,TVSMOTOR,UBL,UCOBANK,UJJIVANSFB,ULTRACEMCO,UNIONBANK,UNITDSPR,UNOMINDA,UPL,USHAMART,UTIAMC,VAKRANGEE,VARROC,VBL,VEDL,VENKEYS,VGUARD,VIJAYA,VINATIORGA,VIPIND,VMART,VOLTAS,VTL,WELCORP,WELSPUNLIV,WESTLIFE,WHIRLPOOL,WIPRO,WOCKPHARMA,YESBANK,ZEEL,ZENSARTECH,ZFCVINDIA,ZYDUSLIFE,ZYDUSWELL"
2021-07-31,"360ONE,3MINDIA,AADHARHFC,AARTIDRUGS,AARTIIND,AAVAS,ABB,ABBOTINDIA,ABCAPITAL,ABFRL,ABREL,ABSLAMC,ACC,ADANIENSOL,ADANIENT,ADANIGREEN,ADANIPORTS,ADVENZYMES,AEGISLOG,AFFLE,AIAENG,AJANTPHARM,ALKEM,ALKYLAMINE,ALLCARGO,ALOKINDS,AMBER,AMBUJACEM,ANANTRAJ,ANGELONE,APLAPOLLO,APLLTD,APOLLOHOSP,APOLLOTYRE,APTUS,ARE&M,ASAHIINDIA,ASHOKLEY,ASIANPAINT,ASTERDM,ASTRAL,ASTRAZEN,ATGL,ATUL,AUBANK,AUROPHARMA,AVANTIFEED,AXISBANK,BAJAJ-AUTO,BAJAJELEC,BAJAJFINSV,BAJAJHLDNG,BAJFINANCE,BALAMINES,BALKRISIND,BALRAMCHIN,BANDHANBNK,BANKBARODA,BANKINDIA,BASF,BATAINDIA,BAYERCROP,BBTC,BCG,BDL,BEL,BEML,BERGEPAINT,BHARATFORG,BHARTIARTL,BHARTIHEXA,BHEL,BIOCON,BIRLACORPN,BLUEDART,BLUESTARCO,BOSCHLTD,BPCL,BRIGADE,BRITANNIA,BSE,BSOFT,CAMS,CANBK,CANFINHOME,CAPLIPOINT,CARBORUNIV,CASTROLIND,CCL,CDSL,CEATLTD,CENTRALBK,CENTURYPLY,CERA,CESC,CGPOWER,CHALET,CHAMBLFERT,CHEMPLASTS,CHOLAFIN,CHOLAHLDNG,CIEINDIA,CIPLA,CLEAN,COALINDIA,COCHINSHIP,COFORGE,COHANCE,COLPAL,CONCOR,COROMANDEL,CREDITACC,CRISIL,CROMPTON,CUB,CUMMINSIND,CYIENT,DABUR,DALBHARAT,DBL,DBREALTY,DEEPAKNTR,DELTACORP,DEVYANI,DHANI,DIVISLAB,DIXON,DLF,DMART,DRREDDY,DUMMYHEG,EASEMYTRIP,ECLERX,EDELWEISS,EICHERMOT,EIDPARRY,EIHOTEL,ELGIEQUIP,EMAMILTD,ENDURANCE,ENGINERSIN,EPIGRAL,EQUITAS,EQUITASBNK,ERIS,ESCORTS,ETERNAL,EXIDEIND,FACT,FEDERALBNK,FINCABLES,FINEORG,FINPIPE,FLUOROCHEM,FORTIS,FSL,GAEL,GAIL,GALAXYSURF,GESHIP,GICRE,GILLETTE,GLAND,GLAXO,GLENMARK,GLS,GMRAIRPORT,GNFC,GOCOLORS,GODFRYPHLP,GODIGIT,GODREJAGRO,GODREJCP,GODREJIND,GODREJPROP,GPIL,GPPL,GRANULES,GRAPHITE,GRASIM,GRINDWELL,GRINFRA,GSFC,GSPL,GUJALKALI,GUJGASLTD,GVT&D,HAL,HAPPSTMNDS,HATHWAY,HATSUN,HAVELLS,HBLENGINE,HCLTECH,HDFC,HDFCAMC,HDFCBANK,HDFCLIFE,HEG,HEMIPROP,HEROMOTOCO,HFCL,HINDALCO,HINDCOPPER,HINDPETRO,HINDUNILVR,HINDZINC,HLEGLAS,HOMEFIRST,HONAUT,HUDCO,ICICIBANK,ICICIGI,ICICIPRULI,ICIL,IDBI,IDEA,IDFC,IDFCFIRSTB,IEX,IFCI,IGL,IIFL,INDGN,INDHOTEL,INDIACEM,INDIAMART,INDIANB,INDIGO,INDOCO,INDUSINDBK,INDUSTOWER,INFIBEAM,INFY,INOXINDIA,INOXLEISUR,INTELLECT,IOB,IOC,IPCALAB,IRB,IRCON,IRCTC,IREDA,IRFC,ITC,ITI,JAMNAAUTO,JBCHEPHARM,JINDALSAW,JINDALSTEL,JKCEMENT,JKLAKSHMI,JKTYRE,JMFINANCIL,JPPOWER,JSL,JSLHISAR,JSWDULUX,JSWENERGY,JSWSTEEL,JUBLFOOD,JUBLINGREA,JUBLPHARMA,JUSTDIAL,JYOTHYLAB,JYOTICNC,KAJARIACER,KALYANKJIL,KANSAINER,KARURVYSYA,KAYNES,KEC,KEI,KIMS,KIRLFER,KIRLOSBROS,KIRLOSENG,KNRCON,KOTAKBANK,KPIL,KPITTECH,KPRMILL,LALPATHLAB,LATENTVIEW,LAURUSLABS,LAXMIMACH,LICHSGFIN,LINDEINDIA,LODHA,LT,LTF,LTM,LTTS,LUPIN,LUXIND,M&M,M&MFIN,MAHABANK,MANAPPURAM,MAPMYINDIA,MARICO,MARUTI,MASTEK,MAXHEALTH,MAZDOCK,MCX,METROBRAND,METROPOLIS,MFSL,MGL,MINDACORP,MINDTREE,MMTC,MOIL,MOTILALOFS,MPHASIS,MRF,MRPL,MUTHOOTFIN,NAM-INDIA,NATCOPHARM,NATIONALUM,NAUKRI,NAVINFLUOR,NAZARA,NBCC,NCC,NESCO,NESTLEIND,NETWEB,NETWORK18,NEWGEN,NH,NHPC,NIACL,NLCINDIA,NMDC,NTPC,NUVOCO,NYKAA,OBEROIRLTY,OFSS,OIL,ONGC,ORIENTELEC,PAGEIND,PAYTM,PCBL,PEL,PERSISTENT,PETRONET,PFC,PFIZER,PGHH,PGHL,PHOENIXLTD,PIDILITIND,PIIND,PNB,PNBHOUSING,PNCINFRA,POLICYBZR,POLYCAB,POLYMED,POLYPLEX,POONAWALLA,POWERGRID,POWERINDIA,PRAJIND,PRESTIGE,PRIVISCL,PTCIL,PVRINOX,QUESS,RADICO,RAILTEL,RAIN,RAJESHEXPO,RALLIS,RAMCOCEM,RATNAMANI,RAYMONDLSL,RBLBANK,RCF,RECLTD,REDINGTON,RELAXO,RELIANCE,RENUKA,RHIM,RITES,ROSSARI,ROUTE,RTNINDIA,RVNL,SAIL,SAMMAANCAP,SANOFI,SAPPHIRE,SAREGAMA,SBICARD,SBILIFE,SBIN,SCHAEFFLER,SCI,SEQUENT,SFL,SHILPAMED,SHREECEM,SHRIRAMCIT,SHRIRAMFIN,SHYAMMETL,SIEMENS,SIS,SJVN,SKFINDIA,SOBHA,SOLARA,SOLARINDS,SONACOMS,SONATSOFTW,SPARC,SPICEJET,SRF,STAR,STARHEALTH,SUDARSCHEM,SUMICHEM,SUNDARMFIN,SUNDRMFAST,SUNPHARMA,SUNTV,SUPPETRO,SUPRAJIT,SUPREMEIND,SUZLON,SWANCORP,SWSOLAR,SYMPHONY,SYNGENE,SYRMA,TANLA,TATACHEM,TATACOFFEE,TATACOMM,TATACONSUM,TATAELXSI,TATAINVEST,TATAMTRDVR,TATAPOWER,TATASTEEL,TATASTLLP,TBOTEK,TCS,TEAMLEASE,TECHM,TECHNOE,THERMAX,THYROCARE,TIINDIA,TIMKEN,TITAN,TMPV,TORNTPHARM,TORNTPOWER,TRENT,TRIDENT,TRITURBINE,TTKPRESTIG,TTML,TV18BRDCST,TVSMOTOR,UBL,UCOBANK,UJJIVANSFB,ULTRACEMCO,UNIONBANK,UNITDSPR,UNOMINDA,UPL,USHAMART,UTIAMC,VAKRANGEE,VARROC,VBL,VEDL,VENKEYS,VGUARD,VIJAYA,VINATIORGA,VIPIND,VMART,VOLTAS,VTL,WELCORP,WELSPUNLIV,WESTLIFE,WHIRLPOOL,WIPRO,WOCKPHARMA,YESBANK,ZEEL,ZENSARTECH,ZFCVINDIA,ZYDUSLIFE,ZYDUSWELL"
2021-08-31,"360ONE,3MINDIA,AADHARHFC,AARTIDRUGS,AARTIIND,AAVAS,ABB,ABBOTINDIA,ABCAPITAL,ABFRL,ABREL,ABSLAMC,ACC,ADANIENSOL,ADANIENT,ADANIGREEN,ADANIPORTS,ADVENZYMES,AEGISLOG,AFFLE,AIAENG,AJANTPHARM,ALKEM,ALKYLAMINE,ALLCARGO,ALOKINDS,AMBER,AMBUJACEM,ANANTRAJ,ANGELONE,APLAPOLLO,APLLTD,APOLLOHOSP,APOLLOTYRE,APTUS,ARE&M,ASAHIINDIA,ASHOKLEY,ASIANPAINT,ASTERDM,ASTRAL,ASTRAZEN,ATGL,ATUL,AUBANK,AUROPHARMA,AVANTIFEED,AXISBANK,BAJAJ-AUTO,BAJAJELEC,BAJAJFINSV,BAJAJHLDNG,BAJFINANCE,BALAMINES,BALKRISIND,BALRAMCHIN,BANDHANBNK,BANKBARODA,BANKINDIA,BASF,BATAINDIA,BAYERCROP,BBTC,BCG,BDL,BEL,BEML,BERGEPAINT,BHARATFORG,BHARTIARTL,BHARTIHEXA,BHEL,BIOCON,BIRLACORPN,BLUEDART,BLUESTARCO,BOSCHLTD,BPCL,BRIGADE,BRITANNIA,BSE,BSOFT,CAMS,CANBK,CANFINHOME,CAPLIPOINT,CARBORUNIV,CASTROLIND,CCL,CDSL,CEATLTD,CENTRALBK,CENTURYPLY,CERA,CESC,CGPOWER,CHALET,CHAMBLFERT,CHEMPLASTS,CHOLAFIN,CHOLAHLDNG,CIEINDIA,CIPLA,CLEAN,COALINDIA,COCHINSHIP,COFORGE,COHANCE,COLPAL,CONCOR,COROMANDEL,CREDITACC,CRISIL,CROMPTON,CUB,CUMMINSIND,CYIENT,DABUR,DALBHARAT,DBL,DBREALTY,DEEPAKNTR,DELTACORP,DEVYANI,DHANI,DIVISLAB,DIXON,DLF,DMART,DRREDDY,DUMMYHEG,EASEMYTRIP,ECLERX,EDELWEISS,EICHERMOT,EIDPARRY,EIHOTEL,ELGIEQUIP,EMAMILTD,ENDURANCE,ENGINERSIN,EPIGRAL,EQUITAS,EQUITASBNK,ERIS,ESCORTS,ETERNAL,EXIDEIND,FACT,FEDERALBNK,FINCABLES,FINEORG,FINPIPE,FLUOROCHEM,FORTIS,FSL,GAEL,GAIL,GALAXYSURF,GESHIP,GICRE,GILLETTE,GLAND,GLAXO,GLENMARK,GLS,GMRAIRPORT,GNFC,GOCOLORS,GODFRYPHLP,GODIGIT,GODREJAGRO,GODREJCP,GODREJIND,GODREJPROP,GPIL,GPPL,GRANULES,GRAPHITE,GRASIM,GRINDWELL,GRINFRA,GSFC,GSPL,GUJALKALI,GUJGASLTD,GVT&D,HAL,HAPPSTMNDS,HATHWAY,HATSUN,HAVELLS,HBLENGINE,HCLTECH,HDFC,HDFCAMC,HDFCBANK,HDFCLIFE,HEG,HEMIPROP,HEROMOTOCO,HFCL,HINDALCO,HINDCOPPER,HINDPETRO,HINDUNILVR,HINDZINC,HLEGLAS,HOMEFIRST,HONAUT,HUDCO,ICICIBANK,ICICIGI,ICICIPRULI,ICIL,IDBI,IDEA,IDFC,IDFCFIRSTB,IEX,IFCI,IGL,IIFL,INDGN,INDHOTEL,INDIACEM,INDIAMART,INDIANB,INDIGO,INDOCO,INDUSINDBK,INDUSTOWER,INFIBEAM,INFY,INOXINDIA,INOXLEISUR,INTELLECT,IOB,IOC,IPCALAB,IRB,IRCON,IRCTC,IREDA,IRFC,ITC,ITI,JAMNAAUTO,JBCHEPHARM,JINDALSAW,JINDALSTEL,JKCEMENT,JKLAKSHMI,JKTYRE,JMFINANCIL,JPPOWER,JSL,JSLHISAR,JSWDULUX,JSWENERGY,JSWSTEEL,JUBLFOOD,JUBLINGREA,JUBLPHARMA,JUSTDIAL,JYOTHYLAB,JYOTICNC,KAJARIACER,KALYANKJIL,KANSAINER,KARURVYSYA,KAYNES,KEC,KEI,KIMS,KIRLFER,KIRLOSBROS,KIRLOSENG,KNRCON,KOTAKBANK,KPIL,KPITTECH,KPRMILL,LALPATHLAB,LATENTVIEW,LAURUSLABS,LAXMIMACH,LICHSGFIN,LINDEINDIA,LODHA,LT,LTF,LTM,LTTS,LUPIN,LUXIND,M&M,M&MFIN,MAHABANK,MANAPPURAM,MAPMYINDIA,MARICO,MARUTI,MASTEK,MAXHEALTH,MAZDOCK,MCX,METROBRAND,METROPOLIS,MFSL,MGL,MINDACORP,MINDTREE,MMTC,MOIL,MOTILALOFS,MPHASIS,MRF,MRPL,MUTHOOTFIN,NAM-INDIA,NATCOPHARM,NATIONALUM,NAUKRI,NAVINFLUOR,NAZARA,NBCC,NCC,NESCO,NESTLEIND,NETWEB,NETWORK18,NEWGEN,NH,NHPC,NIACL,NLCINDIA,NMDC,NTPC,NUVOCO,NYKAA,OBEROIRLTY,OFSS,OIL,ONGC,ORIENTELEC,PAGEIND,PAYTM,PCBL,PEL,PERSISTENT,PETRONET,PFC,PFIZER,PGHH,PGHL,PHOENIXLTD,PIDILITIND,PIIND,PNB,PNBHOUSING,PNCINFRA,POLICYBZR,POLYCAB,POLYMED,POLYPLEX,POONAWALLA,POWERGRID,POWERINDIA,PRAJIND,PRESTIGE,PRIVISCL,PTCIL,PVRINOX,QUESS,RADICO,RAILTEL,RAIN,RAJESHEXPO,RALLIS,RAMCOCEM,RATNAMANI,RAYMONDLSL,RBLBANK,RCF,RECLTD,REDINGTON,RELAXO,RELIANCE,RENUKA,RHIM,RITES,ROSSARI,ROUTE,RTNINDIA,RVNL,SAIL,SAMMAANCAP,SANOFI,SAPPHIRE,SAREGAMA,SBICARD,SBILIFE,SBIN,SCHAEFFLER,SCI,SEQUENT,SFL,SHILPAMED,SHREECEM,SHRIRAMCIT,SHRIRAMFIN,SHYAMMETL,SIEMENS,SIS,SJVN,SKFINDIA,SOBHA,SOLARA,SOLARINDS,SONACOMS,SONATSOFTW,SPARC,SPICEJET,SRF,STAR,STARHEALTH,SUDARSCHEM,SUMICHEM,SUNDARMFIN,SUNDRMFAST,SUNPHARMA,SUNTV,SUPPETRO,SUPRAJIT,SUPREMEIND,SUZLON,SWANCORP,SWSOLAR,SYMPHONY,SYNGENE,SYRMA,TANLA,TATACHEM,TATACOFFEE,TATACOMM,TATACONSUM,TATAELXSI,TATAINVEST,TATAMTRDVR,TATAPOWER,TATASTEEL,TATASTLLP,TBOTEK,TCS,TEAMLEASE,TECHM,TECHNOE,THERMAX,THYROCARE,TIINDIA,TIMKEN,TITAN,TMPV,TORNTPHARM,TORNTPOWER,TRENT,TRIDENT,TRITURBINE,TTKPRESTIG,TTML,TV18BRDCST,TVSMOTOR,UBL,UCOBANK,UJJIVANSFB,ULTRACEMCO,UNIONBANK,UNITDSPR,UNOMINDA,UPL,USHAMART,UTIAMC,VAKRANGEE,VARROC,VBL,VEDL,VENKEYS,VGUARD,VIJAYA,VINATIORGA,VIPIND,VMART,VOLTAS,VTL,WELCORP,WELSPUNLIV,WESTLIFE,WHIRLPOOL,WIPRO,WOCKPHARMA,YESBANK,ZEEL,ZENSARTECH,ZFCVINDIA,ZYDUSLIFE,ZYDUSWELL"
2021-09-30,"360ONE,3MINDIA,AADHARHFC,AARTIDRUGS,AARTIIND,AAVAS,ABB,ABBOTINDIA,ABCAPITAL,ABFRL,ABREL,ABSLAMC,ACC,ADANIENSOL,ADANIENT,ADANIGREEN,ADANIPORTS,ADVENZYMES,AEGISLOG,AFFLE,AIAENG,AJANTPHARM,ALKEM,ALKYLAMINE,ALLCARGO,ALOKINDS,AMBER,AMBUJACEM,ANANTRAJ,ANGELONE,APLAPOLLO,APLLTD,APOLLOHOSP,APOLLOTYRE,APTUS,ARE&M,ASAHIINDIA,ASHOKLEY,ASIANPAINT,ASTERDM,ASTRAL,ASTRAZEN,ATGL,ATUL,AUBANK,AUROPHARMA,AVANTIFEED,AXISBANK,BAJAJ-AUTO,BAJAJELEC,BAJAJFINSV,BAJAJHLDNG,BAJFINANCE,BALAMINES,BALKRISIND,BALRAMCHIN,BANDHANBNK,BANKBARODA,BANKINDIA,BASF,BATAINDIA,BAYERCROP,BBTC,BCG,BDL,BEL,BEML,BERGEPAINT,BHARATFORG,BHARTIARTL,BHARTIHEXA,BHEL,BIOCON,BIRLACORPN,BLUEDART,BLUESTARCO,BOSCHLTD,BPCL,BRIGADE,BRITANNIA,BSE,BSOFT,CAMS,CANBK,CANFINHOME,CAPLIPOINT,CARBORUNIV,CASTROLIND,CCL,CDSL,CEATLTD,CENTRALBK,CENTURYPLY,CERA,CESC,CGPOWER,CHALET,CHAMBLFERT,CHEMPLASTS,CHOLAFIN,CHOLAHLDNG,CIEINDIA,CIPLA,CLEAN,COALINDIA,COCHINSHIP,COFORGE,COHANCE,COLPAL,CONCOR,COROMANDEL,CREDITACC,CRISIL,CROMPTON,CUB,CUMMINSIND,CYIENT,DABUR,DALBHARAT,DBL,DBREALTY,DEEPAKNTR,DELTACORP,DEVYANI,DHANI,DIVISLAB,DIXON,DLF,DMART,DRREDDY,DUMMYHEG,EASEMYTRIP,ECLERX,EDELWEISS,EICHERMOT,EIDPARRY,EIHOTEL,ELGIEQUIP,EMAMILTD,ENDURANCE,ENGINERSIN,EPIGRAL,EQUITAS,EQUITASBNK,ERIS,ESCORTS,ETERNAL,EXIDEIND,FACT,FEDERALBNK,FINCABLES,FINEORG,FINPIPE,FLUOROCHEM,FORTIS,FSL,GAEL,GAIL,GALAXYSURF,GESHIP,GICRE,GILLETTE,GLAND,GLAXO,GLENMARK,GLS,GMRAIRPORT,GNFC,GOCOLORS,GODFRYPHLP,GODIGIT,GODREJAGRO,GODREJCP,GODREJIND,GODREJPROP,GPIL,GPPL,GRANULES,GRAPHITE,GRASIM,GRINDWELL,GRINFRA,GSFC,GSPL,GUJALKALI,GUJGASLTD,GVT&D,HAL,HAPPSTMNDS,HATHWAY,HATSUN,HAVELLS,HBLENGINE,HCLTECH,HDFC,HDFCAMC,HDFCBANK,HDFCLIFE,HEG,HEMIPROP,HEROMOTOCO,HFCL,HINDALCO,HINDCOPPER,HINDPETRO,HINDUNILVR,HINDZINC,HLEGLAS,HOMEFIRST,HONAUT,HUDCO,ICICIBANK,ICICIGI,ICICIPRULI,ICIL,IDBI,IDEA,IDFC,IDFCFIRSTB,IEX,IFCI,IGL,IIFL,INDGN,INDHOTEL,INDIACEM,INDIAMART,INDIANB,INDIGO,INDOCO,INDUSINDBK,INDUSTOWER,INFIBEAM,INFY,INOXINDIA,INOXLEISUR,INTELLECT,IOB,IOC,IPCALAB,IRB,IRCON,IRCTC,IREDA,IRFC,ITC,ITI,JAMNAAUTO,JBCHEPHARM,JINDALSAW,JINDALSTEL,JKCEMENT,JKLAKSHMI,JKTYRE,JMFINANCIL,JPPOWER,JSL,JSLHISAR,JSWDULUX,JSWENERGY,JSWSTEEL,JUBLFOOD,JUBLINGREA,JUBLPHARMA,JUSTDIAL,JYOTHYLAB,JYOTICNC,KAJARIACER,KALYANKJIL,KANSAINER,KARURVYSYA,KAYNES,KEC,KEI,KIMS,KIRLFER,KIRLOSBROS,KIRLOSENG,KNRCON,KOTAKBANK,KPIL,KPITTECH,KPRMILL,LALPATHLAB,LATENTVIEW,LAURUSLABS,LAXMIMACH,LICHSGFIN,LINDEINDIA,LODHA,LT,LTF,LTM,LTTS,LUPIN,LUXIND,M&M,M&MFIN,MAHABANK,MANAPPURAM,MAPMYINDIA,MARICO,MARUTI,MASTEK,MAXHEALTH,MAZDOCK,MCX,METROBRAND,METROPOLIS,MFSL,MGL,MINDACORP,MINDTREE,MMTC,MOIL,MOTILALOFS,MPHASIS,MRF,MRPL,MUTHOOTFIN,NAM-INDIA,NATCOPHARM,NATIONALUM,NAUKRI,NAVINFLUOR,NAZARA,NBCC,NCC,NESCO,NESTLEIND,NETWEB,NETWORK18,NEWGEN,NH,NHPC,NIACL,NLCINDIA,NMDC,NTPC,NUVOCO,NYKAA,OBEROIRLTY,OFSS,OIL,ONGC,ORIENTELEC,PAGEIND,PAYTM,PCBL,PEL,PERSISTENT,PETRONET,PFC,PFIZER,PGHH,PGHL,PHOENIXLTD,PIDILITIND,PIIND,PNB,PNBHOUSING,PNCINFRA,POLICYBZR,POLYCAB,POLYMED,POLYPLEX,POONAWALLA,POWERGRID,POWERINDIA,PRAJIND,PRESTIGE,PRIVISCL,PTCIL,PVRINOX,QUESS,RADICO,RAILTEL,RAIN,RAJESHEXPO,RALLIS,RAMCOCEM,RATNAMANI,RAYMONDLSL,RBLBANK,RCF,RECLTD,REDINGTON,RELAXO,RELIANCE,RENUKA,RHIM,RITES,ROSSARI,ROUTE,RTNINDIA,RVNL,SAIL,SAMMAANCAP,SANOFI,SAPPHIRE,SAREGAMA,SBICARD,SBILIFE,SBIN,SCHAEFFLER,SCI,SEQUENT,SFL,SHILPAMED,SHREECEM,SHRIRAMCIT,SHRIRAMFIN,SHYAMMETL,SIEMENS,SIS,SJVN,SKFINDIA,SOBHA,SOLARA,SOLARINDS,SONACOMS,SONATSOFTW,SPARC,SPICEJET,SRF,STAR,STARHEALTH,SUDARSCHEM,SUMICHEM,SUNDARMFIN,SUNDRMFAST,SUNPHARMA,SUNTV,SUPPETRO,SUPRAJIT,SUPREMEIND,SUZLON,SWANCORP,SWSOLAR,SYMPHONY,SYNGENE,SYRMA,TANLA,TATACHEM,TATACOFFEE,TATACOMM,TATACONSUM,TATAELXSI,TATAINVEST,TATAMTRDVR,TATAPOWER,TATASTEEL,TATASTLLP,TBOTEK,TCS,TEAMLEASE,TECHM,TECHNOE,THERMAX,THYROCARE,TIINDIA,TIMKEN,TITAN,TMPV,TORNTPHARM,TORNTPOWER,TRENT,TRIDENT,TRITURBINE,TTKPRESTIG,TTML,TV18BRDCST,TVSMOTOR,UBL,UCOBANK,UJJIVANSFB,ULTRACEMCO,UNIONBANK,UNITDSPR,UNOMINDA,UPL,USHAMART,UTIAMC,VAKRANGEE,VARROC,VBL,VEDL,VENKEYS,VGUARD,VIJAYA,VINATIORGA,VIPIND,VMART,VOLTAS,VTL,WELCORP,WELSPUNLIV,WESTLIFE,WHIRLPOOL,WIPRO,WOCKPHARMA,YESBANK,ZEEL,ZENSARTECH,ZFCVINDIA,ZYDUSLIFE,ZYDUSWELL"
2021-10-31,"360ONE,3MINDIA,AADHARHFC,AARTIDRUGS,AARTIIND,AAVAS,ABB,ABBOTINDIA,ABCAPITAL,ABFRL,ABREL,ABSLAMC,ACC,ADANIENSOL,ADANIENT,ADANIGREEN,ADANIPORTS,ADVENZYMES,AEGISLOG,AFFLE,AIAENG,AJANTPHARM,ALKEM,ALKYLAMINE,ALLCARGO,ALOKINDS,AMBER,AMBUJACEM,ANANTRAJ,ANGELONE,APLAPOLLO,APLLTD,APOLLOHOSP,APOLLOTYRE,APTUS,ARE&M,ASAHIINDIA,ASHOKLEY,ASIANPAINT,ASTERDM,ASTRAL,ASTRAZEN,ATGL,ATUL,AUBANK,AUROPHARMA,AVANTIFEED,AXISBANK,BAJAJ-AUTO,BAJAJELEC,BAJAJFINSV,BAJAJHLDNG,BAJFINANCE,BALAMINES,BALKRISIND,BALRAMCHIN,BANDHANBNK,BANKBARODA,BANKINDIA,BASF,BATAINDIA,BAYERCROP,BBTC,BCG,BDL,BEL,BEML,BERGEPAINT,BHARATFORG,BHARTIARTL,BHARTIHEXA,BHEL,BIOCON,BIRLACORPN,BLUEDART,BLUESTARCO,BOSCHLTD,BPCL,BRIGADE,BRITANNIA,BSE,BSOFT,CAMS,CANBK,CANFINHOME,CAPLIPOINT,CARBORUNIV,CASTROLIND,CCL,CDSL,CEATLTD,CENTRALBK,CENTURYPLY,CERA,CESC,CGPOWER,CHALET,CHAMBLFERT,CHEMPLASTS,CHOLAFIN,CHOLAHLDNG,CIEINDIA,CIPLA,CLEAN,COALINDIA,COCHINSHIP,COFORGE,COHANCE,COLPAL,CONCOR,COROMANDEL,CREDITACC,CRISIL,CROMPTON,CUB,CUMMINSIND,CYIENT,DABUR,DALBHARAT,DBL,DBREALTY,DEEPAKNTR,DELTACORP,DEVYANI,DHANI,DIVISLAB,DIXON,DLF,DMART,DRREDDY,DUMMYHEG,EASEMYTRIP,ECLERX,EDELWEISS,EICHERMOT,EIDPARRY,EIHOTEL,ELGIEQUIP,EMAMILTD,ENDURANCE,ENGINERSIN,EPIGRAL,EQUITAS,EQUITASBNK,ERIS,ESCORTS,ETERNAL,EXIDEIND,FACT,FEDERALBNK,FINCABLES,FINEORG,FINPIPE,FLUOROCHEM,FORTIS,FSL,GAEL,GAIL,GALAXYSURF,GESHIP,GICRE,GILLETTE,GLAND,GLAXO,GLENMARK,GLS,GMRAIRPORT,GNFC,GOCOLORS,GODFRYPHLP,GODIGIT,GODREJAGRO,GODREJCP,GODREJIND,GODREJPROP,GPIL,GPPL,GRANULES,GRAPHITE,GRASIM,GRINDWELL,GRINFRA,GSFC,GSPL,GUJALKALI,GUJGASLTD,GVT&D,HAL,HAPPSTMNDS,HATHWAY,HATSUN,HAVELLS,HBLENGINE,HCLTECH,HDFC,HDFCAMC,HDFCBANK,HDFCLIFE,HEG,HEMIPROP,HEROMOTOCO,HFCL,HINDALCO,HINDCOPPER,HINDPETRO,HINDUNILVR,HINDZINC,HLEGLAS,HOMEFIRST,HONAUT,HUDCO,ICICIBANK,ICICIGI,ICICIPRULI,ICIL,IDBI,IDEA,IDFC,IDFCFIRSTB,IEX,IFCI,IGL,IIFL,INDGN,INDHOTEL,INDIACEM,INDIAMART,INDIANB,INDIGO,INDOCO,INDUSINDBK,INDUSTOWER,INFIBEAM,INFY,INOXINDIA,INOXLEISUR,INTELLECT,IOB,IOC,IPCALAB,IRB,IRCON,IRCTC,IREDA,IRFC,ITC,ITI,JAMNAAUTO,JBCHEPHARM,JINDALSAW,JINDALSTEL,JKCEMENT,JKLAKSHMI,JKTYRE,JMFINANCIL,JPPOWER,JSL,JSLHISAR,JSWDULUX,JSWENERGY,JSWSTEEL,JUBLFOOD,JUBLINGREA,JUBLPHARMA,JUSTDIAL,JYOTHYLAB,JYOTICNC,KAJARIACER,KALYANKJIL,KANSAINER,KARURVYSYA,KAYNES,KEC,KEI,KIMS,KIRLFER,KIRLOSBROS,KIRLOSENG,KNRCON,KOTAKBANK,KPIL,KPITTECH,KPRMILL,LALPATHLAB,LATENTVIEW,LAURUSLABS,LAXMIMACH,LICHSGFIN,LINDEINDIA,LODHA,LT,LTF,LTM,LTTS,LUPIN,LUXIND,M&M,M&MFIN,MAHABANK,MANAPPURAM,MAPMYINDIA,MARICO,MARUTI,MASTEK,MAXHEALTH,MAZDOCK,MCX,METROBRAND,METROPOLIS,MFSL,MGL,MINDACORP,MINDTREE,MMTC,MOIL,MOTILALOFS,MPHASIS,MRF,MRPL,MUTHOOTFIN,NAM-INDIA,NATCOPHARM,NATIONALUM,NAUKRI,NAVINFLUOR,NAZARA,NBCC,NCC,NESCO,NESTLEIND,NETWEB,NETWORK18,NEWGEN,NH,NHPC,NIACL,NLCINDIA,NMDC,NTPC,NUVOCO,NYKAA,OBEROIRLTY,OFSS,OIL,ONGC,ORIENTELEC,PAGEIND,PAYTM,PCBL,PEL,PERSISTENT,PETRONET,PFC,PFIZER,PGHH,PGHL,PHOENIXLTD,PIDILITIND,PIIND,PNB,PNBHOUSING,PNCINFRA,POLICYBZR,POLYCAB,POLYMED,POLYPLEX,POONAWALLA,POWERGRID,POWERINDIA,PRAJIND,PRESTIGE,PRIVISCL,PTCIL,PVRINOX,QUESS,RADICO,RAILTEL,RAIN,RAJESHEXPO,RALLIS,RAMCOCEM,RATNAMANI,RAYMONDLSL,RBLBANK,RCF,RECLTD,REDINGTON,RELAXO,RELIANCE,RENUKA,RHIM,RITES,ROSSARI,ROUTE,RTNINDIA,RVNL,SAIL,SAMMAANCAP,SANOFI,SAPPHIRE,SAREGAMA,SBICARD,SBILIFE,SBIN,SCHAEFFLER,SCI,SEQUENT,SFL,SHILPAMED,SHREECEM,SHRIRAMCIT,SHRIRAMFIN,SHYAMMETL,SIEMENS,SIS,SJVN,SKFINDIA,SOBHA,SOLARA,SOLARINDS,SONACOMS,SONATSOFTW,SPARC,SPICEJET,SRF,STAR,STARHEALTH,SUDARSCHEM,SUMICHEM,SUNDARMFIN,SUNDRMFAST,SUNPHARMA,SUNTV,SUPPETRO,SUPRAJIT,SUPREMEIND,SUZLON,SWANCORP,SWSOLAR,SYMPHONY,SYNGENE,SYRMA,TANLA,TATACHEM,TATACOFFEE,TATACOMM,TATACONSUM,TATAELXSI,TATAINVEST,TATAMTRDVR,TATAPOWER,TATASTEEL,TATASTLLP,TBOTEK,TCS,TEAMLEASE,TECHM,TECHNOE,THERMAX,THYROCARE,TIINDIA,TIMKEN,TITAN,TMPV,TORNTPHARM,TORNTPOWER,TRENT,TRIDENT,TRITURBINE,TTKPRESTIG,TTML,TV18BRDCST,TVSMOTOR,UBL,UCOBANK,UJJIVANSFB,ULTRACEMCO,UNIONBANK,UNITDSPR,UNOMINDA,UPL,USHAMART,UTIAMC,VAKRANGEE,VARROC,VBL,VEDL,VENKEYS,VGUARD,VIJAYA,VINATIORGA,VIPIND,VMART,VOLTAS,VTL,WELCORP,WELSPUNLIV,WESTLIFE,WHIRLPOOL,WIPRO,WOCKPHARMA,YESBANK,ZEEL,ZENSARTECH,ZFCVINDIA,ZYDUSLIFE,ZYDUSWELL"
2021-11-30,"360ONE,3MINDIA,AADHARHFC,AARTIDRUGS,AARTIIND,AAVAS,ABB,ABBOTINDIA,ABCAPITAL,ABFRL,ABREL,ABSLAMC,ACC,ADANIENSOL,ADANIENT,ADANIGREEN,ADANIPORTS,ADVENZYMES,AEGISLOG,AFFLE,AIAENG,AJANTPHARM,ALKEM,ALKYLAMINE,ALLCARGO,ALOKINDS,AMBER,AMBUJACEM,ANANTRAJ,ANGELONE,APLAPOLLO,APLLTD,APOLLOHOSP,APOLLOTYRE,APTUS,ARE&M,ASAHIINDIA,ASHOKLEY,ASIANPAINT,ASTERDM,ASTRAL,ASTRAZEN,ATGL,ATUL,AUBANK,AUROPHARMA,AVANTIFEED,AXISBANK,BAJAJ-AUTO,BAJAJELEC,BAJAJFINSV,BAJAJHLDNG,BAJFINANCE,BALAMINES,BALKRISIND,BALRAMCHIN,BANDHANBNK,BANKBARODA,BANKINDIA,BASF,BATAINDIA,BAYERCROP,BBTC,BCG,BDL,BEL,BEML,BERGEPAINT,BHARATFORG,BHARTIARTL,BHARTIHEXA,BHEL,BIOCON,BIRLACORPN,BLUEDART,BLUESTARCO,BOSCHLTD,BPCL,BRIGADE,BRITANNIA,BSE,BSOFT,CAMS,CANBK,CANFINHOME,CAPLIPOINT,CARBORUNIV,CASTROLIND,CCL,CDSL,CEATLTD,CENTRALBK,CENTURYPLY,CERA,CESC,CGPOWER,CHALET,CHAMBLFERT,CHEMPLASTS,CHOLAFIN,CHOLAHLDNG,CIEINDIA,CIPLA,CLEAN,COALINDIA,COCHINSHIP,COFORGE,COHANCE,COLPAL,CONCOR,COROMANDEL,CREDITACC,CRISIL,CROMPTON,CUB,CUMMINSIND,CYIENT,DABUR,DALBHARAT,DBL,DBREALTY,DEEPAKNTR,DELTACORP,DEVYANI,DHANI,DIVISLAB,DIXON,DLF,DMART,DRREDDY,DUMMYHEG,EASEMYTRIP,ECLERX,EDELWEISS,EICHERMOT,EIDPARRY,EIHOTEL,ELGIEQUIP,EMAMILTD,ENDURANCE,ENGINERSIN,EPIGRAL,EQUITAS,EQUITASBNK,ERIS,ESCORTS,ETERNAL,EXIDEIND,FACT,FEDERALBNK,FINCABLES,FINEORG,FINPIPE,FLUOROCHEM,FORTIS,FSL,GAEL,GAIL,GALAXYSURF,GESHIP,GICRE,GILLETTE,GLAND,GLAXO,GLENMARK,GLS,GMRAIRPORT,GNFC,GOCOLORS,GODFRYPHLP,GODIGIT,GODREJAGRO,GODREJCP,GODREJIND,GODREJPROP,GPIL,GPPL,GRANULES,GRAPHITE,GRASIM,GRINDWELL,GRINFRA,GSFC,GSPL,GUJALKALI,GUJGASLTD,GVT&D,HAL,HAPPSTMNDS,HATHWAY,HATSUN,HAVELLS,HBLENGINE,HCLTECH,HDFC,HDFCAMC,HDFCBANK,HDFCLIFE,HEG,HEMIPROP,HEROMOTOCO,HFCL,HINDALCO,HINDCOPPER,HINDPETRO,HINDUNILVR,HINDZINC,HLEGLAS,HOMEFIRST,HONAUT,HUDCO,ICICIBANK,ICICIGI,ICICIPRULI,ICIL,IDBI,IDEA,IDFC,IDFCFIRSTB,IEX,IFCI,IGL,IIFL,INDGN,INDHOTEL,INDIACEM,INDIAMART,INDIANB,INDIGO,INDOCO,INDUSINDBK,INDUSTOWER,INFIBEAM,INFY,INOXINDIA,INOXLEISUR,INTELLECT,IOB,IOC,IPCALAB,IRB,IRCON,IRCTC,IREDA,IRFC,ITC,ITI,JAMNAAUTO,JBCHEPHARM,JINDALSAW,JINDALSTEL,JKCEMENT,JKLAKSHMI,JKTYRE,JMFINANCIL,JPPOWER,JSL,JSLHISAR,JSWDULUX,JSWENERGY,JSWSTEEL,JUBLFOOD,JUBLINGREA,JUBLPHARMA,JUSTDIAL,JYOTHYLAB,JYOTICNC,KAJARIACER,KALYANKJIL,KANSAINER,KARURVYSYA,KAYNES,KEC,KEI,KIMS,KIRLFER,KIRLOSBROS,KIRLOSENG,KNRCON,KOTAKBANK,KPIL,KPITTECH,KPRMILL,LALPATHLAB,LATENTVIEW,LAURUSLABS,LAXMIMACH,LICHSGFIN,LINDEINDIA,LODHA,LT,LTF,LTM,LTTS,LUPIN,LUXIND,M&M,M&MFIN,MAHABANK,MANAPPURAM,MAPMYINDIA,MARICO,MARUTI,MASTEK,MAXHEALTH,MAZDOCK,MCX,METROBRAND,METROPOLIS,MFSL,MGL,MINDACORP,MINDTREE,MMTC,MOIL,MOTILALOFS,MPHASIS,MRF,MRPL,MUTHOOTFIN,NAM-INDIA,NATCOPHARM,NATIONALUM,NAUKRI,NAVINFLUOR,NAZARA,NBCC,NCC,NESCO,NESTLEIND,NETWEB,NETWORK18,NEWGEN,NH,NHPC,NIACL,NLCINDIA,NMDC,NTPC,NUVOCO,NYKAA,OBEROIRLTY,OFSS,OIL,ONGC,ORIENTELEC,PAGEIND,PAYTM,PCBL,PEL,PERSISTENT,PETRONET,PFC,PFIZER,PGHH,PGHL,PHOENIXLTD,PIDILITIND,PIIND,PNB,PNBHOUSING,PNCINFRA,POLICYBZR,POLYCAB,POLYMED,POLYPLEX,POONAWALLA,POWERGRID,POWERINDIA,PRAJIND,PRESTIGE,PRIVISCL,PTCIL,PVRINOX,QUESS,RADICO,RAILTEL,RAIN,RAJESHEXPO,RALLIS,RAMCOCEM,RATNAMANI,RAYMONDLSL,RBLBANK,RCF,RECLTD,REDINGTON,RELAXO,RELIANCE,RENUKA,RHIM,RITES,ROSSARI,ROUTE,RTNINDIA,RVNL,SAIL,SAMMAANCAP,SANOFI,SAPPHIRE,SAREGAMA,SBICARD,SBILIFE,SBIN,SCHAEFFLER,SCI,SEQUENT,SFL,SHILPAMED,SHREECEM,SHRIRAMCIT,SHRIRAMFIN,SHYAMMETL,SIEMENS,SIS,SJVN,SKFINDIA,SOBHA,SOLARA,SOLARINDS,SONACOMS,SONATSOFTW,SPARC,SPICEJET,SRF,STAR,STARHEALTH,SUDARSCHEM,SUMICHEM,SUNDARMFIN,SUNDRMFAST,SUNPHARMA,SUNTV,SUPPETRO,SUPRAJIT,SUPREMEIND,SUZLON,SWANCORP,SWSOLAR,SYMPHONY,SYNGENE,SYRMA,TANLA,TATACHEM,TATACOFFEE,TATACOMM,TATACONSUM,TATAELXSI,TATAINVEST,TATAMTRDVR,TATAPOWER,TATASTEEL,TATASTLLP,TBOTEK,TCS,TEAMLEASE,TECHM,TECHNOE,THERMAX,THYROCARE,TIINDIA,TIMKEN,TITAN,TMPV,TORNTPHARM,TORNTPOWER,TRENT,TRIDENT,TRITURBINE,TTKPRESTIG,TTML,TV18BRDCST,TVSMOTOR,UBL,UCOBANK,UJJIVANSFB,ULTRACEMCO,UNIONBANK,UNITDSPR,UNOMINDA,UPL,USHAMART,UTIAMC,VAKRANGEE,VARROC,VBL,VEDL,VENKEYS,VGUARD,VIJAYA,VINATIORGA,VIPIND,VMART,VOLTAS,VTL,WELCORP,WELSPUNLIV,WESTLIFE,WHIRLPOOL,WIPRO,WOCKPHARMA,YESBANK,ZEEL,ZENSARTECH,ZFCVINDIA,ZYDUSLIFE,ZYDUSWELL"
2021-12-31,"360ONE,3MINDIA,AADHARHFC,AARTIDRUGS,AARTIIND,AAVAS,ABB,ABBOTINDIA,ABCAPITAL,ABFRL,ABREL,ABSLAMC,ACC,ADANIENSOL,ADANIENT,ADANIGREEN,ADANIPORTS,ADVENZYMES,AEGISLOG,AFFLE,AIAENG,AJANTPHARM,ALKEM,ALKYLAMINE,ALLCARGO,ALOKINDS,AMBER,AMBUJACEM,ANANTRAJ,ANGELONE,APLAPOLLO,APLLTD,APOLLOHOSP,APOLLOTYRE,APTUS,ARE&M,ASAHIINDIA,ASHOKLEY,ASIANPAINT,ASTERDM,ASTRAL,ASTRAZEN,ATGL,ATUL,AUBANK,AUROPHARMA,AVANTIFEED,AXISBANK,BAJAJ-AUTO,BAJAJELEC,BAJAJFINSV,BAJAJHLDNG,BAJFINANCE,BALAMINES,BALKRISIND,BALRAMCHIN,BANDHANBNK,BANKBARODA,BANKINDIA,BASF,BATAINDIA,BAYERCROP,BBTC,BCG,BDL,BEL,BEML,BERGEPAINT,BHARATFORG,BHARTIARTL,BHARTIHEXA,BHEL,BIOCON,BIRLACORPN,BLUEDART,BLUESTARCO,BOSCHLTD,BPCL,BRIGADE,BRITANNIA,BSE,BSOFT,CAMS,CANBK,CANFINHOME,CAPLIPOINT,CARBORUNIV,CASTROLIND,CCL,CDSL,CEATLTD,CENTRALBK,CENTURYPLY,CERA,CESC,CGPOWER,CHALET,CHAMBLFERT,CHEMPLASTS,CHOLAFIN,CHOLAHLDNG,CIEINDIA,CIPLA,CLEAN,COALINDIA,COCHINSHIP,COFORGE,COHANCE,COLPAL,CONCOR,COROMANDEL,CREDITACC,CRISIL,CROMPTON,CUB,CUMMINSIND,CYIENT,DABUR,DALBHARAT,DBL,DBREALTY,DEEPAKNTR,DELTACORP,DEVYANI,DHANI,DIVISLAB,DIXON,DLF,DMART,DRREDDY,DUMMYHEG,EASEMYTRIP,ECLERX,EDELWEISS,EICHERMOT,EIDPARRY,EIHOTEL,ELGIEQUIP,EMAMILTD,ENDURANCE,ENGINERSIN,EPIGRAL,EQUITAS,EQUITASBNK,ERIS,ESCORTS,ETERNAL,EXIDEIND,FACT,FEDERALBNK,FINCABLES,FINEORG,FINPIPE,FLUOROCHEM,FORTIS,FSL,GAEL,GAIL,GALAXYSURF,GESHIP,GICRE,GILLETTE,GLAND,GLAXO,GLENMARK,GLS,GMRAIRPORT,GNFC,GOCOLORS,GODFRYPHLP,GODIGIT,GODREJAGRO,GODREJCP,GODREJIND,GODREJPROP,GPIL,GPPL,GRANULES,GRAPHITE,GRASIM,GRINDWELL,GRINFRA,GSFC,GSPL,GUJALKALI,GUJGASLTD,GVT&D,HAL,HAPPSTMNDS,HATHWAY,HATSUN,HAVELLS,HBLENGINE,HCLTECH,HDFC,HDFCAMC,HDFCBANK,HDFCLIFE,HEG,HEMIPROP,HEROMOTOCO,HFCL,HINDALCO,HINDCOPPER,HINDPETRO,HINDUNILVR,HINDZINC,HLEGLAS,HOMEFIRST,HONAUT,HUDCO,ICICIBANK,ICICIGI,ICICIPRULI,ICIL,IDBI,IDEA,IDFC,IDFCFIRSTB,IEX,IFCI,IGL,IIFL,INDGN,INDHOTEL,INDIACEM,INDIAMART,INDIANB,INDIGO,INDOCO,INDUSINDBK,INDUSTOWER,INFIBEAM,INFY,INOXINDIA,INOXLEISUR,INTELLECT,IOB,IOC,IPCALAB,IRB,IRCON,IRCTC,IREDA,IRFC,ITC,ITI,JAMNAAUTO,JBCHEPHARM,JINDALSAW,JINDALSTEL,JKCEMENT,JKLAKSHMI,JKTYRE,JMFINANCIL,JPPOWER,JSL,JSLHISAR,JSWDULUX,JSWENERGY,JSWSTEEL,JUBLFOOD,JUBLINGREA,JUBLPHARMA,JUSTDIAL,JYOTHYLAB,JYOTICNC,KAJARIACER,KALYANKJIL,KANSAINER,KARURVYSYA,KAYNES,KEC,KEI,KIMS,KIRLFER,KIRLOSBROS,KIRLOSENG,KNRCON,KOTAKBANK,KPIL,KPITTECH,KPRMILL,LALPATHLAB,LATENTVIEW,LAURUSLABS,LAXMIMACH,LICHSGFIN,LINDEINDIA,LODHA,LT,LTF,LTM,LTTS,LUPIN,LUXIND,M&M,M&MFIN,MAHABANK,MANAPPURAM,MAPMYINDIA,MARICO,MARUTI,MASTEK,MAXHEALTH,MAZDOCK,MCX,METROBRAND,METROPOLIS,MFSL,MGL,MINDACORP,MINDTREE,MMTC,MOIL,MOTILALOFS,MPHASIS,MRF,MRPL,MUTHOOTFIN,NAM-INDIA,NATCOPHARM,NATIONALUM,NAUKRI,NAVINFLUOR,NAZARA,NBCC,NCC,NESCO,NESTLEIND,NETWEB,NETWORK18,NEWGEN,NH,NHPC,NIACL,NLCINDIA,NMDC,NTPC,NUVOCO,NYKAA,OBEROIRLTY,OFSS,OIL,ONGC,ORIENTELEC,PAGEIND,PAYTM,PCBL,PEL,PERSISTENT,PETRONET,PFC,PFIZER,PGHH,PGHL,PHOENIXLTD,PIDILITIND,PIIND,PNB,PNBHOUSING,PNCINFRA,POLICYBZR,POLYCAB,POLYMED,POLYPLEX,POONAWALLA,POWERGRID,POWERINDIA,PRAJIND,PRESTIGE,PRIVISCL,PTCIL,PVRINOX,QUESS,RADICO,RAILTEL,RAIN,RAJESHEXPO,RALLIS,RAMCOCEM,RATNAMANI,RAYMONDLSL,RBLBANK,RCF,RECLTD,REDINGTON,RELAXO,RELIANCE,RENUKA,RHIM,RITES,ROSSARI,ROUTE,RTNINDIA,RVNL,SAIL,SAMMAANCAP,SANOFI,SAPPHIRE,SAREGAMA,SBICARD,SBILIFE,SBIN,SCHAEFFLER,SCI,SEQUENT,SFL,SHILPAMED,SHREECEM,SHRIRAMCIT,SHRIRAMFIN,SHYAMMETL,SIEMENS,SIS,SJVN,SKFINDIA,SOBHA,SOLARA,SOLARINDS,SONACOMS,SONATSOFTW,SPARC,SPICEJET,SRF,STAR,STARHEALTH,SUDARSCHEM,SUMICHEM,SUNDARMFIN,SUNDRMFAST,SUNPHARMA,SUNTV,SUPPETRO,SUPRAJIT,SUPREMEIND,SUZLON,SWANCORP,SWSOLAR,SYMPHONY,SYNGENE,SYRMA,TANLA,TATACHEM,TATACOFFEE,TATACOMM,TATACONSUM,TATAELXSI,TATAINVEST,TATAMTRDVR,TATAPOWER,TATASTEEL,TATASTLLP,TBOTEK,TCS,TEAMLEASE,TECHM,TECHNOE,THERMAX,THYROCARE,TIINDIA,TIMKEN,TITAN,TMPV,TORNTPHARM,TORNTPOWER,TRENT,TRIDENT,TRITURBINE,TTKPRESTIG,TTML,TV18BRDCST,TVSMOTOR,UBL,UCOBANK,UJJIVANSFB,ULTRACEMCO,UNIONBANK,UNITDSPR,UNOMINDA,UPL,USHAMART,UTIAMC,VAKRANGEE,VARROC,VBL,VEDL,VENKEYS,VGUARD,VIJAYA,VINATIORGA,VIPIND,VMART,VOLTAS,VTL,WELCORP,WELSPUNLIV,WESTLIFE,WHIRLPOOL,WIPRO,WOCKPHARMA,YESBANK,ZEEL,ZENSARTECH,ZFCVINDIA,ZYDUSLIFE,ZYDUSWELL"
2022-01-31,"360ONE,3MINDIA,AADHARHFC,AARTIDRUGS,AARTIIND,AAVAS,ABB,ABBOTINDIA,ABCAPITAL,ABFRL,ABREL,ABSLAMC,ACC,ADANIENSOL,ADANIENT,ADANIGREEN,ADANIPORTS,ADVENZYMES,AEGISLOG,AFFLE,AIAENG,AJANTPHARM,ALKEM,ALKYLAMINE,ALLCARGO,ALOKINDS,AMBER,AMBUJACEM,ANANTRAJ,ANGELONE,APLAPOLLO,APLLTD,APOLLOHOSP,APOLLOTYRE,APTUS,ARE&M,ASAHIINDIA,ASHOKLEY,ASIANPAINT,ASTERDM,ASTRAL,ASTRAZEN,ATGL,ATUL,AUBANK,AUROPHARMA,AVANTIFEED,AXISBANK,BAJAJ-AUTO,BAJAJELEC,BAJAJFINSV,BAJAJHLDNG,BAJFINANCE,BALAMINES,BALKRISIND,BALRAMCHIN,BANDHANBNK,BANKBARODA,BANKINDIA,BASF,BATAINDIA,BAYERCROP,BBTC,BCG,BDL,BEL,BEML,BERGEPAINT,BHARATFORG,BHARTIARTL,BHARTIHEXA,BHEL,BIOCON,BIRLACORPN,BLUEDART,BLUESTARCO,BOSCHLTD,BPCL,BRIGADE,BRITANNIA,BSE,BSOFT,CAMS,CANBK,CANFINHOME,CAPLIPOINT,CARBORUNIV,CASTROLIND,CCL,CDSL,CEATLTD,CENTRALBK,CENTURYPLY,CERA,CESC,CGPOWER,CHALET,CHAMBLFERT,CHEMPLASTS,CHOLAFIN,CHOLAHLDNG,CIEINDIA,CIPLA,CLEAN,COALINDIA,COCHINSHIP,COFORGE,COHANCE,COLPAL,CONCOR,COROMANDEL,CREDITACC,CRISIL,CROMPTON,CUB,CUMMINSIND,CYIENT,DABUR,DALBHARAT,DBL,DBREALTY,DEEPAKNTR,DELTACORP,DEVYANI,DHANI,DIVISLAB,DIXON,DLF,DMART,DRREDDY,DUMMYHEG,EASEMYTRIP,ECLERX,EDELWEISS,EICHERMOT,EIDPARRY,EIHOTEL,ELGIEQUIP,EMAMILTD,ENDURANCE,ENGINERSIN,EPIGRAL,EQUITAS,EQUITASBNK,ERIS,ESCORTS,ETERNAL,EXIDEIND,FACT,FEDERALBNK,FINCABLES,FINEORG,FINPIPE,FLUOROCHEM,FORTIS,FSL,GAEL,GAIL,GALAXYSURF,GESHIP,GICRE,GILLETTE,GLAND,GLAXO,GLENMARK,GLS,GMRAIRPORT,GNFC,GOCOLORS,GODFRYPHLP,GODIGIT,GODREJAGRO,GODREJCP,GODREJIND,GODREJPROP,GPIL,GPPL,GRANULES,GRAPHITE,GRASIM,GRINDWELL,GRINFRA,GSFC,GSPL,GUJALKALI,GUJGASLTD,GVT&D,HAL,HAPPSTMNDS,HATHWAY,HATSUN,HAVELLS,HBLENGINE,HCLTECH,HDFC,HDFCAMC,HDFCBANK,HDFCLIFE,HEG,HEMIPROP,HEROMOTOCO,HFCL,HINDALCO,HINDCOPPER,HINDPETRO,HINDUNILVR,HINDZINC,HLEGLAS,HOMEFIRST,HONAUT,HUDCO,ICICIBANK,ICICIGI,ICICIPRULI,ICIL,IDBI,IDEA,IDFC,IDFCFIRSTB,IEX,IFCI,IGL,IIFL,INDGN,INDHOTEL,INDIACEM,INDIAMART,INDIANB,INDIGO,INDOCO,INDUSINDBK,INDUSTOWER,INFIBEAM,INFY,INOXINDIA,INOXLEISUR,INTELLECT,IOB,IOC,IPCALAB,IRB,IRCON,IRCTC,IREDA,IRFC,ITC,ITI,JAMNAAUTO,JBCHEPHARM,JINDALSAW,JINDALSTEL,JKCEMENT,JKLAKSHMI,JKTYRE,JMFINANCIL,JPPOWER,JSL,JSLHISAR,JSWDULUX,JSWENERGY,JSWSTEEL,JUBLFOOD,JUBLINGREA,JUBLPHARMA,JUSTDIAL,JYOTHYLAB,JYOTICNC,KAJARIACER,KALYANKJIL,KANSAINER,KARURVYSYA,KAYNES,KEC,KEI,KIMS,KIRLFER,KIRLOSBROS,KIRLOSENG,KNRCON,KOTAKBANK,KPIL,KPITTECH,KPRMILL,LALPATHLAB,LATENTVIEW,LAURUSLABS,LAXMIMACH,LICHSGFIN,LINDEINDIA,LODHA,LT,LTF,LTM,LTTS,LUPIN,LUXIND,M&M,M&MFIN,MAHABANK,MANAPPURAM,MAPMYINDIA,MARICO,MARUTI,MASTEK,MAXHEALTH,MAZDOCK,MCX,METROBRAND,METROPOLIS,MFSL,MGL,MINDACORP,MINDTREE,MMTC,MOIL,MOTILALOFS,MPHASIS,MRF,MRPL,MUTHOOTFIN,NAM-INDIA,NATCOPHARM,NATIONALUM,NAUKRI,NAVINFLUOR,NAZARA,NBCC,NCC,NESCO,NESTLEIND,NETWEB,NETWORK18,NEWGEN,NH,NHPC,NIACL,NLCINDIA,NMDC,NTPC,NUVOCO,NYKAA,OBEROIRLTY,OFSS,OIL,ONGC,ORIENTELEC,PAGEIND,PAYTM,PCBL,PEL,PERSISTENT,PETRONET,PFC,PFIZER,PGHH,PGHL,PHOENIXLTD,PIDILITIND,PIIND,PNB,PNBHOUSING,PNCINFRA,POLICYBZR,POLYCAB,POLYMED,POLYPLEX,POONAWALLA,POWERGRID,POWERINDIA,PRAJIND,PRESTIGE,PRIVISCL,PTCIL,PVRINOX,QUESS,RADICO,RAILTEL,RAIN,RAJESHEXPO,RALLIS,RAMCOCEM,RATNAMANI,RAYMONDLSL,RBLBANK,RCF,RECLTD,REDINGTON,RELAXO,RELIANCE,RENUKA,RHIM,RITES,ROSSARI,ROUTE,RTNINDIA,RVNL,SAIL,SAMMAANCAP,SANOFI,SAPPHIRE,SAREGAMA,SBICARD,SBILIFE,SBIN,SCHAEFFLER,SCI,SEQUENT,SFL,SHILPAMED,SHREECEM,SHRIRAMCIT,SHRIRAMFIN,SHYAMMETL,SIEMENS,SIS,SJVN,SKFINDIA,SOBHA,SOLARA,SOLARINDS,SONACOMS,SONATSOFTW,SPARC,SPICEJET,SRF,STAR,STARHEALTH,SUDARSCHEM,SUMICHEM,SUNDARMFIN,SUNDRMFAST,SUNPHARMA,SUNTV,SUPPETRO,SUPRAJIT,SUPREMEIND,SUZLON,SWANCORP,SWSOLAR,SYMPHONY,SYNGENE,SYRMA,TANLA,TATACHEM,TATACOFFEE,TATACOMM,TATACONSUM,TATAELXSI,TATAINVEST,TATAMTRDVR,TATAPOWER,TATASTEEL,TATASTLLP,TBOTEK,TCS,TEAMLEASE,TECHM,TECHNOE,THERMAX,THYROCARE,TIINDIA,TIMKEN,TITAN,TMPV,TORNTPHARM,TORNTPOWER,TRENT,TRIDENT,TRITURBINE,TTKPRESTIG,TTML,TV18BRDCST,TVSMOTOR,UBL,UCOBANK,UJJIVANSFB,ULTRACEMCO,UNIONBANK,UNITDSPR,UNOMINDA,UPL,USHAMART,UTIAMC,VAKRANGEE,VARROC,VBL,VEDL,VENKEYS,VGUARD,VIJAYA,VINATIORGA,VIPIND,VMART,VOLTAS,VTL,WELCORP,WELSPUNLIV,WESTLIFE,WHIRLPOOL,WIPRO,WOCKPHARMA,YESBANK,ZEEL,ZENSARTECH,ZFCVINDIA,ZYDUSLIFE,ZYDUSWELL"
2022-02-28,"360ONE,3MINDIA,AADHARHFC,AARTIDRUGS,AARTIIND,AAVAS,ABB,ABBOTINDIA,ABCAPITAL,ABFRL,ABREL,ABSLAMC,ACC,ADANIENSOL,ADANIENT,ADANIGREEN,ADANIPORTS,ADVENZYMES,AEGISLOG,AFFLE,AIAENG,AJANTPHARM,ALKEM,ALKYLAMINE,ALLCARGO,ALOKINDS,AMBER,AMBUJACEM,ANANTRAJ,ANGELONE,APLAPOLLO,APLLTD,APOLLOHOSP,APOLLOTYRE,APTUS,ARE&M,ASAHIINDIA,ASHOKLEY,ASIANPAINT,ASTERDM,ASTRAL,ASTRAZEN,ATGL,ATUL,AUBANK,AUROPHARMA,AVANTIFEED,AXISBANK,BAJAJ-AUTO,BAJAJELEC,BAJAJFINSV,BAJAJHLDNG,BAJFINANCE,BALAMINES,BALKRISIND,BALRAMCHIN,BANDHANBNK,BANKBARODA,BANKINDIA,BASF,BATAINDIA,BAYERCROP,BBTC,BCG,BDL,BEL,BEML,BERGEPAINT,BHARATFORG,BHARTIARTL,BHARTIHEXA,BHEL,BIOCON,BIRLACORPN,BLUEDART,BLUESTARCO,BOSCHLTD,BPCL,BRIGADE,BRITANNIA,BSE,BSOFT,CAMS,CANBK,CANFINHOME,CAPLIPOINT,CARBORUNIV,CASTROLIND,CCL,CDSL,CEATLTD,CENTRALBK,CENTURYPLY,CERA,CESC,CGPOWER,CHALET,CHAMBLFERT,CHEMPLASTS,CHOLAFIN,CHOLAHLDNG,CIEINDIA,CIPLA,CLEAN,COALINDIA,COCHINSHIP,COFORGE,COHANCE,COLPAL,CONCOR,COROMANDEL,CREDITACC,CRISIL,CROMPTON,CUB,CUMMINSIND,CYIENT,DABUR,DALBHARAT,DBL,DBREALTY,DEEPAKNTR,DELTACORP,DEVYANI,DHANI,DIVISLAB,DIXON,DLF,DMART,DRREDDY,DUMMYHEG,EASEMYTRIP,ECLERX,EDELWEISS,EICHERMOT,EIDPARRY,EIHOTEL,ELGIEQUIP,EMAMILTD,ENDURANCE,ENGINERSIN,EPIGRAL,EQUITAS,EQUITASBNK,ERIS,ESCORTS,ETERNAL,EXIDEIND,FACT,FEDERALBNK,FINCABLES,FINEORG,FINPIPE,FLUOROCHEM,FORTIS,FSL,GAEL,GAIL,GALAXYSURF,GESHIP,GICRE,GILLETTE,GLAND,GLAXO,GLENMARK,GLS,GMRAIRPORT,GNFC,GOCOLORS,GODFRYPHLP,GODIGIT,GODREJAGRO,GODREJCP,GODREJIND,GODREJPROP,GPIL,GPPL,GRANULES,GRAPHITE,GRASIM,GRINDWELL,GRINFRA,GSFC,GSPL,GUJALKALI,GUJGASLTD,GVT&D,HAL,HAPPSTMNDS,HATHWAY,HATSUN,HAVELLS,HBLENGINE,HCLTECH,HDFC,HDFCAMC,HDFCBANK,HDFCLIFE,HEG,HEMIPROP,HEROMOTOCO,HFCL,HINDALCO,HINDCOPPER,HINDPETRO,HINDUNILVR,HINDZINC,HLEGLAS,HOMEFIRST,HONAUT,HUDCO,ICICIBANK,ICICIGI,ICICIPRULI,ICIL,IDBI,IDEA,IDFC,IDFCFIRSTB,IEX,IFCI,IGL,IIFL,INDGN,INDHOTEL,INDIACEM,INDIAMART,INDIANB,INDIGO,INDOCO,INDUSINDBK,INDUSTOWER,INFIBEAM,INFY,INOXINDIA,INOXLEISUR,INTELLECT,IOB,IOC,IPCALAB,IRB,IRCON,IRCTC,IREDA,IRFC,ITC,ITI,JAMNAAUTO,JBCHEPHARM,JINDALSAW,JINDALSTEL,JKCEMENT,JKLAKSHMI,JKTYRE,JMFINANCIL,JPPOWER,JSL,JSLHISAR,JSWDULUX,JSWENERGY,JSWSTEEL,JUBLFOOD,JUBLINGREA,JUBLPHARMA,JUSTDIAL,JYOTHYLAB,JYOTICNC,KAJARIACER,KALYANKJIL,KANSAINER,KARURVYSYA,KAYNES,KEC,KEI,KIMS,KIRLFER,KIRLOSBROS,KIRLOSENG,KNRCON,KOTAKBANK,KPIL,KPITTECH,KPRMILL,LALPATHLAB,LATENTVIEW,LAURUSLABS,LAXMIMACH,LICHSGFIN,LINDEINDIA,LODHA,LT,LTF,LTM,LTTS,LUPIN,LUXIND,M&M,M&MFIN,MAHABANK,MANAPPURAM,MAPMYINDIA,MARICO,MARUTI,MASTEK,MAXHEALTH,MAZDOCK,MCX,METROBRAND,METROPOLIS,MFSL,MGL,MINDACORP,MINDTREE,MMTC,MOIL,MOTILALOFS,MPHASIS,MRF,MRPL,MUTHOOTFIN,NAM-INDIA,NATCOPHARM,NATIONALUM,NAUKRI,NAVINFLUOR,NAZARA,NBCC,NCC,NESCO,NESTLEIND,NETWEB,NETWORK18,NEWGEN,NH,NHPC,NIACL,NLCINDIA,NMDC,NTPC,NUVOCO,NYKAA,OBEROIRLTY,OFSS,OIL,ONGC,ORIENTELEC,PAGEIND,PAYTM,PCBL,PEL,PERSISTENT,PETRONET,PFC,PFIZER,PGHH,PGHL,PHOENIXLTD,PIDILITIND,PIIND,PNB,PNBHOUSING,PNCINFRA,POLICYBZR,POLYCAB,POLYMED,POLYPLEX,POONAWALLA,POWERGRID,POWERINDIA,PRAJIND,PRESTIGE,PRIVISCL,PTCIL,PVRINOX,QUESS,RADICO,RAILTEL,RAIN,RAJESHEXPO,RALLIS,RAMCOCEM,RATNAMANI,RAYMONDLSL,RBLBANK,RCF,RECLTD,REDINGTON,RELAXO,RELIANCE,RENUKA,RHIM,RITES,ROSSARI,ROUTE,RTNINDIA,RVNL,SAIL,SAMMAANCAP,SANOFI,SAPPHIRE,SAREGAMA,SBICARD,SBILIFE,SBIN,SCHAEFFLER,SCI,SEQUENT,SFL,SHILPAMED,SHREECEM,SHRIRAMCIT,SHRIRAMFIN,SHYAMMETL,SIEMENS,SIS,SJVN,SKFINDIA,SOBHA,SOLARA,SOLARINDS,SONACOMS,SONATSOFTW,SPARC,SPICEJET,SRF,STAR,STARHEALTH,SUDARSCHEM,SUMICHEM,SUNDARMFIN,SUNDRMFAST,SUNPHARMA,SUNTV,SUPPETRO,SUPRAJIT,SUPREMEIND,SUZLON,SWANCORP,SWSOLAR,SYMPHONY,SYNGENE,SYRMA,TANLA,TATACHEM,TATACOFFEE,TATACOMM,TATACONSUM,TATAELXSI,TATAINVEST,TATAMTRDVR,TATAPOWER,TATASTEEL,TATASTLLP,TBOTEK,TCS,TEAMLEASE,TECHM,TECHNOE,THERMAX,THYROCARE,TIINDIA,TIMKEN,TITAN,TMPV,TORNTPHARM,TORNTPOWER,TRENT,TRIDENT,TRITURBINE,TTKPRESTIG,TTML,TV18BRDCST,TVSMOTOR,UBL,UCOBANK,UJJIVANSFB,ULTRACEMCO,UNIONBANK,UNITDSPR,UNOMINDA,UPL,USHAMART,UTIAMC,VAKRANGEE,VARROC,VBL,VEDL,VENKEYS,VGUARD,VIJAYA,VINATIORGA,VIPIND,VMART,VOLTAS,VTL,WELCORP,WELSPUNLIV,WESTLIFE,WHIRLPOOL,WIPRO,WOCKPHARMA,YESBANK,ZEEL,ZENSARTECH,ZFCVINDIA,ZYDUSLIFE,ZYDUSWELL"
2022-03-31,"360ONE,3MINDIA,AADHARHFC,AARTIDRUGS,AARTIIND,AAVAS,ABB,ABBOTINDIA,ABCAPITAL,ABFRL,ABREL,ABSLAMC,ACC,ADANIENSOL,ADANIENT,ADANIGREEN,ADANIPORTS,ADVENZYMES,AEGISLOG,AFFLE,AIAENG,AJANTPHARM,ALKEM,ALKYLAMINE,ALLCARGO,ALOKINDS,AMBER,AMBUJACEM,ANANTRAJ,ANGELONE,APLAPOLLO,APLLTD,APOLLOHOSP,APOLLOTYRE,APTUS,ARE&M,ASAHIINDIA,ASHOKLEY,ASIANPAINT,ASTERDM,ASTRAL,ASTRAZEN,ATGL,ATUL,AUBANK,AUROPHARMA,AVANTIFEED,AXISBANK,BAJAJ-AUTO,BAJAJELEC,BAJAJFINSV,BAJAJHLDNG,BAJFINANCE,BALAMINES,BALKRISIND,BALRAMCHIN,BANDHANBNK,BANKBARODA,BANKINDIA,BASF,BATAINDIA,BAYERCROP,BBTC,BCG,BDL,BEL,BEML,BERGEPAINT,BHARATFORG,BHARTIARTL,BHARTIHEXA,BHEL,BIOCON,BIRLACORPN,BLUEDART,BLUESTARCO,BOSCHLTD,BPCL,BRIGADE,BRITANNIA,BSE,BSOFT,CAMS,CANBK,CANFINHOME,CAPLIPOINT,CARBORUNIV,CASTROLIND,CCL,CDSL,CEATLTD,CENTRALBK,CENTURYPLY,CERA,CESC,CGPOWER,CHALET,CHAMBLFERT,CHEMPLASTS,CHOLAFIN,CHOLAHLDNG,CIEINDIA,CIPLA,CLEAN,COALINDIA,COCHINSHIP,COFORGE,COHANCE,COLPAL,CONCOR,COROMANDEL,CREDITACC,CRISIL,CROMPTON,CUB,CUMMINSIND,CYIENT,DABUR,DALBHARAT,DBL,DBREALTY,DEEPAKNTR,DELTACORP,DEVYANI,DHANI,DIVISLAB,DIXON,DLF,DMART,DRREDDY,DUMMYHEG,EASEMYTRIP,ECLERX,EDELWEISS,EICHERMOT,EIDPARRY,EIHOTEL,ELGIEQUIP,EMAMILTD,ENDURANCE,ENGINERSIN,EPIGRAL,EQUITAS,EQUITASBNK,ERIS,ESCORTS,ETERNAL,EXIDEIND,FACT,FEDERALBNK,FINCABLES,FINEORG,FINPIPE,FLUOROCHEM,FORTIS,FSL,GAEL,GAIL,GALAXYSURF,GESHIP,GICRE,GILLETTE,GLAND,GLAXO,GLENMARK,GLS,GMRAIRPORT,GNFC,GOCOLORS,GODFRYPHLP,GODIGIT,GODREJAGRO,GODREJCP,GODREJIND,GODREJPROP,GPIL,GPPL,GRANULES,GRAPHITE,GRASIM,GRINDWELL,GRINFRA,GSFC,GSPL,GUJALKALI,GUJGASLTD,GVT&D,HAL,HAPPSTMNDS,HATHWAY,HATSUN,HAVELLS,HBLENGINE,HCLTECH,HDFC,HDFCAMC,HDFCBANK,HDFCLIFE,HEG,HEMIPROP,HEROMOTOCO,HFCL,HINDALCO,HINDCOPPER,HINDPETRO,HINDUNILVR,HINDZINC,HLEGLAS,HOMEFIRST,HONAUT,HUDCO,ICICIBANK,ICICIGI,ICICIPRULI,ICIL,IDBI,IDEA,IDFC,IDFCFIRSTB,IEX,IFCI,IGL,IIFL,INDGN,INDHOTEL,INDIACEM,INDIAMART,INDIANB,INDIGO,INDOCO,INDUSINDBK,INDUSTOWER,INFIBEAM,INFY,INOXINDIA,INOXLEISUR,INTELLECT,IOB,IOC,IPCALAB,IRB,IRCON,IRCTC,IREDA,IRFC,ITC,ITI,JAMNAAUTO,JBCHEPHARM,JINDALSAW,JINDALSTEL,JKCEMENT,JKLAKSHMI,JKTYRE,JMFINANCIL,JPPOWER,JSL,JSLHISAR,JSWDULUX,JSWENERGY,JSWSTEEL,JUBLFOOD,JUBLINGREA,JUBLPHARMA,JUSTDIAL,JYOTHYLAB,JYOTICNC,KAJARIACER,KALYANKJIL,KANSAINER,KARURVYSYA,KAYNES,KEC,KEI,KIMS,KIRLFER,KIRLOSBROS,KIRLOSENG,KNRCON,KOTAKBANK,KPIL,KPITTECH,KPRMILL,LALPATHLAB,LATENTVIEW,LAURUSLABS,LAXMIMACH,LICHSGFIN,LINDEINDIA,LODHA,LT,LTF,LTM,LTTS,LUPIN,LUXIND,M&M,M&MFIN,MAHABANK,MANAPPURAM,MAPMYINDIA,MARICO,MARUTI,MASTEK,MAXHEALTH,MAZDOCK,MCX,METROBRAND,METROPOLIS,MFSL,MGL,MINDACORP,MINDTREE,MMTC,MOIL,MOTILALOFS,MPHASIS,MRF,MRPL,MUTHOOTFIN,NAM-INDIA,NATCOPHARM,NATIONALUM,NAUKRI,NAVINFLUOR,NAZARA,NBCC,NCC,NESCO,NESTLEIND,NETWEB,NETWORK18,NEWGEN,NH,NHPC,NIACL,NLCINDIA,NMDC,NTPC,NUVOCO,NYKAA,OBEROIRLTY,OFSS,OIL,ONGC,ORIENTELEC,PAGEIND,PAYTM,PCBL,PEL,PERSISTENT,PETRONET,PFC,PFIZER,PGHH,PGHL,PHOENIXLTD,PIDILITIND,PIIND,PNB,PNBHOUSING,PNCINFRA,POLICYBZR,POLYCAB,POLYMED,POLYPLEX,POONAWALLA,POWERGRID,POWERINDIA,PRAJIND,PRESTIGE,PRIVISCL,PTCIL,PVRINOX,QUESS,RADICO,RAILTEL,RAIN,RAJESHEXPO,RALLIS,RAMCOCEM,RATNAMANI,RAYMONDLSL,RBLBANK,RCF,RECLTD,REDINGTON,RELAXO,RELIANCE,RENUKA,RHIM,RITES,ROSSARI,ROUTE,RTNINDIA,RVNL,SAIL,SAMMAANCAP,SANOFI,SAPPHIRE,SAREGAMA,SBICARD,SBILIFE,SBIN,SCHAEFFLER,SCI,SEQUENT,SFL,SHILPAMED,SHREECEM,SHRIRAMCIT,SHRIRAMFIN,SHYAMMETL,SIEMENS,SIS,SJVN,SKFINDIA,SOBHA,SOLARA,SOLARINDS,SONACOMS,SONATSOFTW,SPARC,SPICEJET,SRF,STAR,STARHEALTH,SUDARSCHEM,SUMICHEM,SUNDARMFIN,SUNDRMFAST,SUNPHARMA,SUNTV,SUPPETRO,SUPRAJIT,SUPREMEIND,SUZLON,SWANCORP,SWSOLAR,SYMPHONY,SYNGENE,SYRMA,TANLA,TATACHEM,TATACOFFEE,TATACOMM,TATACONSUM,TATAELXSI,TATAINVEST,TATAMTRDVR,TATAPOWER,TATASTEEL,TATASTLLP,TBOTEK,TCS,TEAMLEASE,TECHM,TECHNOE,THERMAX,THYROCARE,TIINDIA,TIMKEN,TITAN,TMPV,TORNTPHARM,TORNTPOWER,TRENT,TRIDENT,TRITURBINE,TTKPRESTIG,TTML,TV18BRDCST,TVSMOTOR,UBL,UCOBANK,UJJIVANSFB,ULTRACEMCO,UNIONBANK,UNITDSPR,UNOMINDA,UPL,USHAMART,UTIAMC,VAKRANGEE,VARROC,VBL,VEDL,VENKEYS,VGUARD,VIJAYA,VINATIORGA,VIPIND,VMART,VOLTAS,VTL,WELCORP,WELSPUNLIV,WESTLIFE,WHIRLPOOL,WIPRO,WOCKPHARMA,YESBANK,ZEEL,ZENSARTECH,ZFCVINDIA,ZYDUSLIFE,ZYDUSWELL"
2022-04-30,"360ONE,3MINDIA,AADHARHFC,AARTIDRUGS,AARTIIND,AAVAS,ABB,ABBOTINDIA,ABCAPITAL,ABFRL,ABREL,ABSLAMC,ACC,ADANIENSOL,ADANIENT,ADANIGREEN,ADANIPORTS,ADVENZYMES,AEGISLOG,AFFLE,AIAENG,AJANTPHARM,ALKEM,ALKYLAMINE,ALLCARGO,ALOKINDS,AMBER,AMBUJACEM,ANANTRAJ,ANGELONE,APLAPOLLO,APLLTD,APOLLOHOSP,APOLLOTYRE,APTUS,ARE&M,ASAHIINDIA,ASHOKLEY,ASIANPAINT,ASTERDM,ASTRAL,ASTRAZEN,ATGL,ATUL,AUBANK,AUROPHARMA,AVANTIFEED,AXISBANK,BAJAJ-AUTO,BAJAJELEC,BAJAJFINSV,BAJAJHLDNG,BAJFINANCE,BALAMINES,BALKRISIND,BALRAMCHIN,BANDHANBNK,BANKBARODA,BANKINDIA,BASF,BATAINDIA,BAYERCROP,BBTC,BCG,BDL,BEL,BERGEPAINT,BHARATFORG,BHARTIARTL,BHARTIHEXA,BHEL,BIOCON,BIRLACORPN,BLUEDART,BLUESTARCO,BOSCHLTD,BPCL,BRIGADE,BRITANNIA,BSE,BSOFT,CAMS,CANBK,CANFINHOME,CAPLIPOINT,CARBORUNIV,CASTROLIND,CCL,CDSL,CEATLTD,CENTRALBK,CENTURYPLY,CERA,CESC,CGCL,CGPOWER,CHALET,CHAMBLFERT,CHEMPLASTS,CHOLAFIN,CHOLAHLDNG,CIEINDIA,CIPLA,CLEAN,COALINDIA,COCHINSHIP,COFORGE,COHANCE,COLPAL,CONCOR,COROMANDEL,CREDITACC,CRISIL,CROMPTON,CUB,CUMMINSIND,CYIENT,DABUR,DALBHARAT,DBL,DBREALTY,DEEPAKNTR,DELTACORP,DEVYANI,DHANI,DIVISLAB,DIXON,DLF,DMART,DRREDDY,DUMMYHEG,EASEMYTRIP,ECLERX,EDELWEISS,EICHERMOT,EIDPARRY,EIHOTEL,ELGIEQUIP,EMAMILTD,ENDURANCE,ENGINERSIN,EPIGRAL,EQUITAS,EQUITASBNK,ERIS,ESCORTS,ETERNAL,EXIDEIND,FACT,FEDERALBNK,FINCABLES,FINEORG,FINPIPE,FLUOROCHEM,FORTIS,FSL,GAEL,GAIL,GALAXYSURF,GESHIP,GICRE,GILLETTE,GLAND,GLAXO,GLENMARK,GLS,GMRAIRPORT,GNFC,GOCOLORS,GODFRYPHLP,GODIGIT,GODREJAGRO,GODREJCP,GODREJIND,GODREJPROP,GPIL,GPPL,GRANULES,GRAPHITE,GRASIM,GRINDWELL,GRINFRA,GSFC,GSPL,GUJALKALI,GUJGASLTD,GVT&D,HAL,HAPPSTMNDS,HATHWAY,HATSUN,HAVELLS,HBLENGINE,HCLTECH,HDFC,HDFCAMC,HDFCBANK,HDFCLIFE,HEG,HEMIPROP,HEROMOTOCO,HFCL,HINDALCO,HINDCOPPER,HINDPETRO,HINDUNILVR,HINDZINC,HLEGLAS,HOMEFIRST,HONAUT,HUDCO,ICICIBANK,ICICIGI,ICICIPRULI,ICIL,IDBI,IDEA,IDFC,IDFCFIRSTB,IEX,IFCI,IGL,IIFL,INDGN,INDHOTEL,INDIACEM,INDIAMART,INDIANB,INDIGO,INDOCO,INDUSINDBK,INDUSTOWER,INFIBEAM,INFY,INOXINDIA,INOXLEISUR,INTELLECT,IOB,IOC,IPCALAB,IRB,IRCON,IRCTC,IREDA,IRFC,ITC,ITI,JAMNAAUTO,JBCHEPHARM,JINDALSAW,JINDALSTEL,JKCEMENT,JKLAKSHMI,JKTYRE,JMFINANCIL,JPPOWER,JSL,JSLHISAR,JSWDULUX,JSWENERGY,JSWSTEEL,JUBLFOOD,JUBLINGREA,JUBLPHARMA,JUSTDIAL,JYOTHYLAB,JYOTICNC,KAJARIACER,KALYANKJIL,KANSAINER,KARURVYSYA,KAYNES,KEC,KEI,KIMS,KIRLFER,KIRLOSBROS,KIRLOSENG,KNRCON,KOTAKBANK,KPIL,KPITTECH,KPRMILL,LALPATHLAB,LATENTVIEW,LAURUSLABS,LAXMIMACH,LICHSGFIN,LINDEINDIA,LODHA,LT,LTF,LTM,LTTS,LUPIN,LUXIND,M&M,M&MFIN,MAHABANK,MANAPPURAM,MAPMYINDIA,MARICO,MARUTI,MASTEK,MAXHEALTH,MAZDOCK,MCX,METROBRAND,METROPOLIS,MFSL,MGL,MINDACORP,MINDTREE,MMTC,MOIL,MOTILALOFS,MPHASIS,MRF,MRPL,MUTHOOTFIN,NAM-INDIA,NATCOPHARM,NATIONALUM,NAUKRI,NAVINFLUOR,NAZARA,NBCC,NCC,NESCO,NESTLEIND,NETWEB,NETWORK18,NEWGEN,NH,NHPC,NIACL,NLCINDIA,NMDC,NTPC,NUVOCO,NYKAA,OBEROIRLTY,OFSS,OIL,ONGC,ORIENTELEC,PAGEIND,PAYTM,PCBL,PEL,PERSISTENT,PETRONET,PFC,PFIZER,PGHH,PGHL,PHOENIXLTD,PIDILITIND,PIIND,PNB,PNBHOUSING,PNCINFRA,POLICYBZR,POLYCAB,POLYMED,POLYPLEX,POONAWALLA,POWERGRID,POWERINDIA,PRAJIND,PRESTIGE,PRIVISCL,PTCIL,PVRINOX,QUESS,RADICO,RAILTEL,RAIN,RAJESHEXPO,RALLIS,RAMCOCEM,RATNAMANI,RAYMONDLSL,RBLBANK,RCF,RECLTD,REDINGTON,RELAXO,RELIANCE,RENUKA,RHIM,RITES,ROSSARI,ROUTE,RTNINDIA,RVNL,SAIL,SAMMAANCAP,SANOFI,SAPPHIRE,SAREGAMA,SBICARD,SBILIFE,SBIN,SCHAEFFLER,SCI,SEQUENT,SFL,SHILPAMED,SHREECEM,SHRIRAMCIT,SHRIRAMFIN,SHYAMMETL,SIEMENS,SIS,SJVN,SKFINDIA,SOBHA,SOLARA,SOLARINDS,SONACOMS,SONATSOFTW,SPARC,SPICEJET,SRF,STAR,STARHEALTH,SUDARSCHEM,SUMICHEM,SUNDARMFIN,SUNDRMFAST,SUNPHARMA,SUNTV,SUPRAJIT,SUPREMEIND,SUZLON,SWANCORP,SWSOLAR,SYMPHONY,SYNGENE,SYRMA,TANLA,TATACHEM,TATACOFFEE,TATACOMM,TATACONSUM,TATAELXSI,TATAINVEST,TATAMTRDVR,TATAPOWER,TATASTEEL,TATASTLLP,TBOTEK,TCS,TEAMLEASE,TECHM,TECHNOE,THERMAX,THYROCARE,TIINDIA,TIMKEN,TITAN,TMPV,TORNTPHARM,TORNTPOWER,TRENT,TRIDENT,TRITURBINE,TTKPRESTIG,TTML,TV18BRDCST,TVSMOTOR,UBL,UCOBANK,UJJIVANSFB,ULTRACEMCO,UNIONBANK,UNITDSPR,UNOMINDA,UPL,USHAMART,UTIAMC,VAKRANGEE,VARROC,VBL,VEDL,VENKEYS,VGUARD,VIJAYA,VINATIORGA,VIPIND,VMART,VOLTAS,VTL,WELCORP,WELSPUNLIV,WESTLIFE,WHIRLPOOL,WIPRO,WOCKPHARMA,YESBANK,ZEEL,ZENSARTECH,ZFCVINDIA,ZYDUSLIFE,ZYDUSWELL"
2022-05-31,"360ONE,3MINDIA,AADHARHFC,AARTIDRUGS,AAVAS,ABB,ABBOTINDIA,ABCAPITAL,ABFRL,ABREL,ABSLAMC,ACC,ADANIENSOL,ADANIENT,ADANIGREEN,ADANIPORTS,ADVENZYMES,AEGISLOG,AFFLE,AIAENG,AJANTPHARM,ALKEM,ALKYLAMINE,ALLCARGO,ALOKINDS,AMBER,AMBUJACEM,ANANTRAJ,ANGELONE,APLAPOLLO,APLLTD,APOLLOHOSP,APOLLOTYRE,APTUS,ARE&M,ASAHIINDIA,ASHOKLEY,ASIANPAINT,ASTERDM,ASTRAL,ASTRAZEN,ATGL,ATUL,AUBANK,AUROPHARMA,AVANTIFEED,AXISBANK,BAJAJ-AUTO,BAJAJELEC,BAJAJFINSV,BAJAJHLDNG,BAJFINANCE,BALAMINES,BALKRISIND,BALRAMCHIN,BANDHANBNK,BANKBARODA,BANKINDIA,BASF,BATAINDIA,BAYERCROP,BBTC,BCG,BDL,BEL,BERGEPAINT,BHARATFORG,BHARTIARTL,BHARTIHEXA,BHEL,BIOCON,BIRLACORPN,BLUEDART,BLUESTARCO,BOSCHLTD,BPCL,BRIGADE,BRITANNIA,BSE,BSOFT,CAMS,CANBK,CANFINHOME,CAPLIPOINT,CARBORUNIV,CASTROLIND,CCL,CDSL,CEATLTD,CENTRALBK,CENTURYPLY,CERA,CESC,CGCL,CGPOWER,CHALET,CHAMBLFERT,CHEMPLASTS,CHOLAFIN,CHOLAHLDNG,CIEINDIA,CIPLA,CLEAN,COALINDIA,COCHINSHIP,COFORGE,COHANCE,COLPAL,CONCOR,COROMANDEL,CREDITACC,CRISIL,CROMPTON,CUB,CUMMINSIND,CYIENT,DABUR,DALBHARAT,DBL,DBREALTY,DEEPAKNTR,DELTACORP,DEVYANI,DHANI,DIVISLAB,DIXON,DLF,DMART,DRREDDY,DUMMYHEG,EASEMYTRIP,ECLERX,EDELWEISS,EICHERMOT,EIDPARRY,EIHOTEL,ELGIEQUIP,EMAMILTD,ENDURANCE,ENGINERSIN,EPIGRAL,EQUITAS,EQUITASBNK,ERIS,ESCORTS,ETERNAL,EXIDEIND,FACT,FEDERALBNK,FINCABLES,FINEORG,FINPIPE,FLUOROCHEM,FORTIS,FSL,GAEL,GAIL,GALAXYSURF,GESHIP,GICRE,GILLETTE,GLAND,GLAXO,GLENMARK,GLS,GMRAIRPORT,GNFC,GOCOLORS,GODFRYPHLP,GODIGIT,GODREJAGRO,GODREJCP,GODREJIND,GODREJPROP,GPIL,GPPL,GRANULES,GRAPHITE,GRASIM,GRINDWELL,GRINFRA,GSFC,GSPL,GUJALKALI,GUJGASLTD,GVT&D,HAL,HAPPSTMNDS,HATHWAY,HATSUN,HAVELLS,HBLENGINE,HCLTECH,HDFC,HDFCAMC,HDFCBANK,HDFCLIFE,HEG,HEMIPROP,HEROMOTOCO,HFCL,HINDALCO,HINDCOPPER,HINDPETRO,HINDUNILVR,HINDZINC,HLEGLAS,HOMEFIRST,HONAUT,HUDCO,ICICIBANK,ICICIGI,ICICIPRULI,ICIL,IDBI,IDEA,IDFC,IDFCFIRSTB,IEX,IFCI,IGL,IIFL,INDGN,INDHOTEL,INDIACEM,INDIAMART,INDIANB,INDIGO,INDOCO,INDUSINDBK,INDUSTOWER,INFIBEAM,INFY,INOXINDIA,INOXLEISUR,INTELLECT,IOB,IOC,IPCALAB,IRB,IRCON,IRCTC,IREDA,IRFC,ITC,ITI,JAMNAAUTO,JBCHEPHARM,JINDALSAW,JINDALSTEL,JKCEMENT,JKLAKSHMI,JKTYRE,JMFINANCIL,JPPOWER,JSL,JSWDULUX,JSWENERGY,JSWSTEEL,JUBLFOOD,JUBLINGREA,JUBLPHARMA,JUSTDIAL,JYOTHYLAB,JYOTICNC,KAJARIACER,KALYANKJIL,KANSAINER,KARURVYSYA,KAYNES,KEC,KEI,KIMS,KIRLFER,KIRLOSBROS,KIRLOSENG,KNRCON,KOTAKBANK,KPIL,KPITTECH,KPRMILL,LALPATHLAB,LATENTVIEW,LAURUSLABS,LAXMIMACH,LICHSGFIN,LINDEINDIA,LODHA,LT,LTF,LTM,LTTS,LUPIN,LUXIND,M&M,M&MFIN,MAHABANK,MANAPPURAM,MAPMYINDIA,MARICO,MARUTI,MASTEK,MAXHEALTH,MAZDOCK,MCX,METROBRAND,METROPOLIS,MFSL,MGL,MINDACORP,MINDTREE,MMTC,MOIL,MOTILALOFS,MPHASIS,MRF,MRPL,MUTHOOTFIN,NAM-INDIA,NATCOPHARM,NATIONALUM,NAUKRI,NAVINFLUOR,NAZARA,NBCC,NCC,NESCO,NESTLEIND,NETWEB,NETWORK18,NEWGEN,NH,NHPC,NIACL,NLCINDIA,NMDC,NTPC,NUVOCO,NYKAA,OBEROIRLTY,OFSS,OIL,ONGC,ORIENTELEC,PAGEIND,PAYTM,PCBL,PEL,PERSISTENT,PETRONET,PFC,PFIZER,PGHH,PGHL,PHOENIXLTD,PIDILITIND,PIIND,PNB,PNBHOUSING,PNCINFRA,POLICYBZR,POLYCAB,POLYMED,POLYPLEX,POONAWALLA,POWERGRID,POWERINDIA,PRAJIND,PRESTIGE,PRIVISCL,PTCIL,PVRINOX,QUESS,RADICO,RAILTEL,RAIN,RAJESHEXPO,RALLIS,RAMCOCEM,RATNAMANI,RAYMONDLSL,RBLBANK,RCF,RECLTD,REDINGTON,RELAXO,RELIANCE,RENUKA,RHIM,RITES,ROSSARI,ROUTE,RTNINDIA,RVNL,SAIL,SAMMAANCAP,SANOFI,SAPPHIRE,SAREGAMA,SBICARD,SBILIFE,SBIN,SCHAEFFLER,SCI,SEQUENT,SFL,SHILPAMED,SHREECEM,SHRIRAMCIT,SHRIRAMFIN,SHYAMMETL,SIEMENS,SIS,SJVN,SKFINDIA,SOBHA,SOLARA,SOLARINDS,SONACOMS,SONATSOFTW,SPARC,SPICEJET,SRF,STAR,STARHEALTH,SUDARSCHEM,SUMICHEM,SUNDARMFIN,SUNDRMFAST,SUNPHARMA,SUNTV,SUPRAJIT,SUPREMEIND,SUZLON,SWANCORP,SWSOLAR,SYMPHONY,SYNGENE,SYRMA,TANLA,TATACHEM,TATACOFFEE,TATACOMM,TATACONSUM,TATAELXSI,TATAINVEST,TATAMTRDVR,TATAPOWER,TATASTEEL,TATASTLLP,TBOTEK,TCS,TEAMLEASE,TECHM,TECHNOE,THERMAX,THYROCARE,TIINDIA,TIMKEN,TITAN,TMPV,TORNTPHARM,TORNTPOWER,TRENT,TRIDENT,TRITURBINE,TRIVENI,TTKPRESTIG,TTML,TV18BRDCST,TVSMOTOR,UBL,UCOBANK,UJJIVANSFB,ULTRACEMCO,UNIONBANK,UNITDSPR,UNOMINDA,UPL,USHAMART,UTIAMC,VAKRANGEE,VARROC,VBL,VEDL,VENKEYS,VGUARD,VIJAYA,VINATIORGA,VIPIND,VMART,VOLTAS,VTL,WELCORP,WELSPUNLIV,WESTLIFE,WHIRLPOOL,WIPRO,WOCKPHARMA,YESBANK,ZEEL,ZENSARTECH,ZFCVINDIA,ZYDUSLIFE,ZYDUSWELL"
2022-06-30,"360ONE,3MINDIA,AADHARHFC,AARTIDRUGS,AAVAS,ABB,ABBOTINDIA,ABCAPITAL,ABFRL,ABREL,ABSLAMC,ACC,ADANIENSOL,ADANIENT,ADANIGREEN,ADANIPORTS,ADVENZYMES,AEGISLOG,AFFLE,AIAENG,AJANTPHARM,ALKEM,ALKYLAMINE,ALLCARGO,ALOKINDS,AMBER,AMBUJACEM,ANANTRAJ,ANGELONE,APLAPOLLO,APLLTD,APOLLOHOSP,APOLLOTYRE,APTUS,ARE&M,ASAHIINDIA,ASHOKLEY,ASIANPAINT,ASTERDM,ASTRAL,ASTRAZEN,ATGL,ATUL,AUBANK,AUROPHARMA,AVANTIFEED,AXISBANK,BAJAJ-AUTO,BAJAJELEC,BAJAJFINSV,BAJAJHLDNG,BAJFINANCE,BALAMINES,BALKRISIND,BALRAMCHIN,BANDHANBNK,BANKBARODA,BANKINDIA,BASF,BATAINDIA,BAYERCROP,BBTC,BCG,BDL,BEL,BERGEPAINT,BHARATFORG,BHARTIARTL,BHARTIHEXA,BHEL,BIOCON,BIRLACORPN,BLUEDART,BLUESTARCO,BOSCHLTD,BPCL,BRIGADE,BRITANNIA,BSE,BSOFT,CAMS,CANBK,CANFINHOME,CAPLIPOINT,CARBORUNIV,CASTROLIND,CCL,CDSL,CEATLTD,CENTRALBK,CENTURYPLY,CERA,CESC,CGCL,CGPOWER,CHALET,CHAMBLFERT,CHEMPLASTS,CHOLAFIN,CHOLAHLDNG,CIEINDIA,CIPLA,CLEAN,COALINDIA,COCHINSHIP,COFORGE,COHANCE,COLPAL,CONCOR,COROMANDEL,CREDITACC,CRISIL,CROMPTON,CUB,CUMMINSIND,CYIENT,DABUR,DALBHARAT,DBL,DBREALTY,DEEPAKNTR,DELTACORP,DEVYANI,DHANI,DIVISLAB,DIXON,DLF,DMART,DRREDDY,DUMMYHEG,EASEMYTRIP,ECLERX,EDELWEISS,EICHERMOT,EIDPARRY,EIHOTEL,ELGIEQUIP,EMAMILTD,ENDURANCE,ENGINERSIN,EPIGRAL,EQUITAS,EQUITASBNK,ERIS,ESCORTS,ETERNAL,EXIDEIND,FACT,FEDERALBNK,FINCABLES,FINEORG,FINPIPE,FLUOROCHEM,FORTIS,FSL,GAEL,GAIL,GALAXYSURF,GESHIP,GICRE,GILLETTE,GLAND,GLAXO,GLENMARK,GLS,GMRAIRPORT,GNFC,GOCOLORS,GODFRYPHLP,GODIGIT,GODREJAGRO,GODREJCP,GODREJIND,GODREJPROP,GPIL,GPPL,GRANULES,GRAPHITE,GRASIM,GRINDWELL,GRINFRA,GSFC,GSPL,GUJALKALI,GUJGASLTD,GVT&D,HAL,HAPPSTMNDS,HATHWAY,HATSUN,HAVELLS,HBLENGINE,HCLTECH,HDFC,HDFCAMC,HDFCBANK,HDFCLIFE,HEG,HEMIPROP,HEROMOTOCO,HFCL,HINDALCO,HINDCOPPER,HINDPETRO,HINDUNILVR,HINDZINC,HLEGLAS,HOMEFIRST,HONAUT,HUDCO,ICICIBANK,ICICIGI,ICICIPRULI,ICIL,IDBI,IDEA,IDFC,IDFCFIRSTB,IEX,IFCI,IGL,IIFL,INDGN,INDHOTEL,INDIACEM,INDIAMART,INDIANB,INDIGO,INDOCO,INDUSINDBK,INDUSTOWER,INFIBEAM,INFY,INOXINDIA,INOXLEISUR,INTELLECT,IOB,IOC,IPCALAB,IRB,IRCON,IRCTC,IREDA,IRFC,ITC,ITI,JAMNAAUTO,JBCHEPHARM,JINDALSAW,JINDALSTEL,JKCEMENT,JKLAKSHMI,JKTYRE,JMFINANCIL,JPPOWER,JSL,JSWDULUX,JSWENERGY,JSWSTEEL,JUBLFOOD,JUBLINGREA,JUBLPHARMA,JUSTDIAL,JYOTHYLAB,JYOTICNC,KAJARIACER,KALYANKJIL,KANSAINER,KARURVYSYA,KAYNES,KEC,KEI,KIMS,KIRLFER,KIRLOSBROS,KIRLOSENG,KNRCON,KOTAKBANK,KPIL,KPITTECH,KPRMILL,LALPATHLAB,LATENTVIEW,LAURUSLABS,LAXMIMACH,LICHSGFIN,LINDEINDIA,LODHA,LT,LTF,LTM,LTTS,LUPIN,LUXIND,M&M,M&MFIN,MAHABANK,MANAPPURAM,MAPMYINDIA,MARICO,MARUTI,MASTEK,MAXHEALTH,MAZDOCK,MCX,METROBRAND,METROPOLIS,MFSL,MGL,MINDACORP,MINDTREE,MMTC,MOIL,MOTILALOFS,MPHASIS,MRF,MRPL,MUTHOOTFIN,NAM-INDIA,NATCOPHARM,NATIONALUM,NAUKRI,NAVINFLUOR,NAZARA,NBCC,NCC,NESCO,NESTLEIND,NETWEB,NETWORK18,NEWGEN,NH,NHPC,NIACL,NLCINDIA,NMDC,NTPC,NUVOCO,NYKAA,OBEROIRLTY,OFSS,OIL,ONGC,ORIENTELEC,PAGEIND,PAYTM,PCBL,PEL,PERSISTENT,PETRONET,PFC,PFIZER,PGHH,PGHL,PHOENIXLTD,PIDILITIND,PIIND,PNB,PNBHOUSING,PNCINFRA,POLICYBZR,POLYCAB,POLYMED,POLYPLEX,POONAWALLA,POWERGRID,POWERINDIA,PRAJIND,PRESTIGE,PRIVISCL,PTCIL,PVRINOX,QUESS,RADICO,RAILTEL,RAIN,RAJESHEXPO,RALLIS,RAMCOCEM,RATNAMANI,RAYMONDLSL,RBLBANK,RCF,RECLTD,REDINGTON,RELAXO,RELIANCE,RENUKA,RHIM,RITES,ROSSARI,ROUTE,RTNINDIA,RVNL,SAIL,SAMMAANCAP,SANOFI,SAPPHIRE,SAREGAMA,SBICARD,SBILIFE,SBIN,SCHAEFFLER,SCI,SEQUENT,SFL,SHILPAMED,SHREECEM,SHRIRAMCIT,SHRIRAMFIN,SHYAMMETL,SIEMENS,SIS,SJVN,SKFINDIA,SOBHA,SOLARA,SOLARINDS,SONACOMS,SONATSOFTW,SPARC,SPICEJET,SRF,STAR,STARHEALTH,SUDARSCHEM,SUMICHEM,SUNDARMFIN,SUNDRMFAST,SUNPHARMA,SUNTV,SUPRAJIT,SUPREMEIND,SUZLON,SWANCORP,SWSOLAR,SYMPHONY,SYNGENE,SYRMA,TANLA,TATACHEM,TATACOFFEE,TATACOMM,TATACONSUM,TATAELXSI,TATAINVEST,TATAMTRDVR,TATAPOWER,TATASTEEL,TATASTLLP,TBOTEK,TCS,TEAMLEASE,TECHM,TECHNOE,THERMAX,THYROCARE,TIINDIA,TIMKEN,TITAN,TMPV,TORNTPHARM,TORNTPOWER,TRENT,TRIDENT,TRITURBINE,TRIVENI,TTKPRESTIG,TTML,TV18BRDCST,TVSMOTOR,UBL,UCOBANK,UJJIVANSFB,ULTRACEMCO,UNIONBANK,UNITDSPR,UNOMINDA,UPL,USHAMART,UTIAMC,VAKRANGEE,VARROC,VBL,VEDL,VENKEYS,VGUARD,VIJAYA,VINATIORGA,VIPIND,VMART,VOLTAS,VTL,WELCORP,WELSPUNLIV,WESTLIFE,WHIRLPOOL,WIPRO,WOCKPHARMA,YESBANK,ZEEL,ZENSARTECH,ZFCVINDIA,ZYDUSLIFE,ZYDUSWELL"
2022-07-31,"360ONE,3MINDIA,AADHARHFC,AARTIDRUGS,AAVAS,ABB,ABBOTINDIA,ABCAPITAL,ABFRL,ABREL,ABSLAMC,ACC,ADANIENSOL,ADANIENT,ADANIGREEN,ADANIPORTS,ADVENZYMES,AEGISLOG,AFFLE,AIAENG,AJANTPHARM,ALKEM,ALKYLAMINE,ALLCARGO,ALOKINDS,AMBER,AMBUJACEM,ANANTRAJ,ANGELONE,APLAPOLLO,APLLTD,APOLLOHOSP,APOLLOTYRE,APTUS,ARE&M,ASAHIINDIA,ASHOKLEY,ASIANPAINT,ASTERDM,ASTRAL,ASTRAZEN,ATGL,ATUL,AUBANK,AUROPHARMA,AVANTIFEED,AXISBANK,BAJAJ-AUTO,BAJAJELEC,BAJAJFINSV,BAJAJHLDNG,BAJFINANCE,BALAMINES,BALKRISIND,BALRAMCHIN,BANDHANBNK,BANKBARODA,BANKINDIA,BASF,BATAINDIA,BAYERCROP,BBTC,BCG,BDL,BEL,BERGEPAINT,BHARATFORG,BHARTIARTL,BHARTIHEXA,BHEL,BIOCON,BIRLACORPN,BLUEDART,BLUESTARCO,BOSCHLTD,BPCL,BRIGADE,BRITANNIA,BSE,BSOFT,CAMS,CANBK,CANFINHOME,CAPLIPOINT,CARBORUNIV,CASTROLIND,CCL,CDSL,CEATLTD,CENTRALBK,CENTURYPLY,CERA,CESC,CGCL,CGPOWER,CHALET,CHAMBLFERT,CHEMPLASTS,CHOLAFIN,CHOLAHLDNG,CIEINDIA,CIPLA,CLEAN,COALINDIA,COCHINSHIP,COFORGE,COHANCE,COLPAL,CONCOR,COROMANDEL,CREDITACC,CRISIL,CROMPTON,CUB,CUMMINSIND,CYIENT,DABUR,DALBHARAT,DBL,DBREALTY,DEEPAKNTR,DELTACORP,DEVYANI,DHANI,DIVISLAB,DIXON,DLF,DMART,DRREDDY,DUMMYHEG,EASEMYTRIP,ECLERX,EDELWEISS,EICHERMOT,EIDPARRY,EIHOTEL,ELGIEQUIP,EMAMILTD,ENDURANCE,ENGINERSIN,EPIGRAL,EQUITAS,EQUITASBNK,ERIS,ESCORTS,ETERNAL,EXIDEIND,FACT,FEDERALBNK,FINCABLES,FINEORG,FINPIPE,FLUOROCHEM,FORTIS,FSL,GAEL,GAIL,GALAXYSURF,GESHIP,GICRE,GILLETTE,GLAND,GLAXO,GLENMARK,GLS,GMRAIRPORT,GNFC,GOCOLORS,GODFRYPHLP,GODIGIT,GODREJAGRO,GODREJCP,GODREJIND,GODREJPROP,GPIL,GPPL,GRANULES,GRAPHITE,GRASIM,GRINDWELL,GRINFRA,GSFC,GSPL,GUJALKALI,GUJGASLTD,GVT&D,HAL,HAPPSTMNDS,HATHWAY,HATSUN,HAVELLS,HBLENGINE,HCLTECH,HDFC,HDFCAMC,HDFCBANK,HDFCLIFE,HEG,HEMIPROP,HEROMOTOCO,HFCL,HINDALCO,HINDCOPPER,HINDPETRO,HINDUNILVR,HINDZINC,HLEGLAS,HOMEFIRST,HONAUT,HUDCO,ICICIBANK,ICICIGI,ICICIPRULI,ICIL,IDBI,IDEA,IDFC,IDFCFIRSTB,IEX,IFCI,IGL,IIFL,INDGN,INDHOTEL,INDIACEM,INDIAMART,INDIANB,INDIGO,INDOCO,INDUSINDBK,INDUSTOWER,INFIBEAM,INFY,INOXINDIA,INOXLEISUR,INTELLECT,IOB,IOC,IPCALAB,IRB,IRCON,IRCTC,IREDA,IRFC,ITC,ITI,JAMNAAUTO,JBCHEPHARM,JINDALSAW,JINDALSTEL,JKCEMENT,JKLAKSHMI,JKTYRE,JMFINANCIL,JPPOWER,JSL,JSWDULUX,JSWENERGY,JSWSTEEL,JUBLFOOD,JUBLINGREA,JUBLPHARMA,JUSTDIAL,JYOTHYLAB,JYOTICNC,KAJARIACER,KALYANKJIL,KANSAINER,KARURVYSYA,KAYNES,KEC,KEI,KIMS,KIRLFER,KIRLOSBROS,KIRLOSENG,KNRCON,KOTAKBANK,KPIL,KPITTECH,KPRMILL,LALPATHLAB,LATENTVIEW,LAURUSLABS,LAXMIMACH,LICHSGFIN,LINDEINDIA,LODHA,LT,LTF,LTM,LTTS,LUPIN,LUXIND,M&M,M&MFIN,MAHABANK,MANAPPURAM,MAPMYINDIA,MARICO,MARUTI,MASTEK,MAXHEALTH,MAZDOCK,MCX,METROBRAND,METROPOLIS,MFSL,MGL,MINDACORP,MINDTREE,MMTC,MOIL,MOTILALOFS,MPHASIS,MRF,MRPL,MUTHOOTFIN,NAM-INDIA,NATCOPHARM,NATIONALUM,NAUKRI,NAVINFLUOR,NAZARA,NBCC,NCC,NESCO,NESTLEIND,NETWEB,NETWORK18,NEWGEN,NH,NHPC,NIACL,NLCINDIA,NMDC,NTPC,NUVOCO,NYKAA,OBEROIRLTY,OFSS,OIL,ONGC,ORIENTELEC,PAGEIND,PAYTM,PCBL,PEL,PERSISTENT,PETRONET,PFC,PFIZER,PGHH,PGHL,PHOENIXLTD,PIDILITIND,PIIND,PNB,PNBHOUSING,PNCINFRA,POLICYBZR,POLYCAB,POLYMED,POLYPLEX,POONAWALLA,POWERGRID,POWERINDIA,PRAJIND,PRESTIGE,PRIVISCL,PTCIL,PVRINOX,QUESS,RADICO,RAILTEL,RAIN,RAJESHEXPO,RALLIS,RAMCOCEM,RATNAMANI,RAYMONDLSL,RBLBANK,RCF,RECLTD,REDINGTON,RELAXO,RELIANCE,RENUKA,RHIM,RITES,ROSSARI,ROUTE,RTNINDIA,RVNL,SAIL,SAMMAANCAP,SANOFI,SAPPHIRE,SAREGAMA,SBICARD,SBILIFE,SBIN,SCHAEFFLER,SCI,SEQUENT,SFL,SHILPAMED,SHREECEM,SHRIRAMCIT,SHRIRAMFIN,SHYAMMETL,SIEMENS,SIS,SJVN,SKFINDIA,SOBHA,SOLARA,SOLARINDS,SONACOMS,SONATSOFTW,SPARC,SPICEJET,SRF,STAR,STARHEALTH,SUDARSCHEM,SUMICHEM,SUNDARMFIN,SUNDRMFAST,SUNPHARMA,SUNTV,SUPRAJIT,SUPREMEIND,SUZLON,SWANCORP,SWSOLAR,SYMPHONY,SYNGENE,SYRMA,TANLA,TATACHEM,TATACOFFEE,TATACOMM,TATACONSUM,TATAELXSI,TATAINVEST,TATAMTRDVR,TATAPOWER,TATASTEEL,TATASTLLP,TBOTEK,TCS,TEAMLEASE,TECHM,TECHNOE,THERMAX,THYROCARE,TIINDIA,TIMKEN,TITAN,TMPV,TORNTPHARM,TORNTPOWER,TRENT,TRIDENT,TRITURBINE,TRIVENI,TTKPRESTIG,TTML,TV18BRDCST,TVSMOTOR,UBL,UCOBANK,UJJIVANSFB,ULTRACEMCO,UNIONBANK,UNITDSPR,UNOMINDA,UPL,USHAMART,UTIAMC,VAKRANGEE,VARROC,VBL,VEDL,VENKEYS,VGUARD,VIJAYA,VINATIORGA,VIPIND,VMART,VOLTAS,VTL,WELCORP,WELSPUNLIV,WESTLIFE,WHIRLPOOL,WIPRO,WOCKPHARMA,YESBANK,ZEEL,ZENSARTECH,ZFCVINDIA,ZYDUSLIFE,ZYDUSWELL"
2022-08-31,"360ONE,3MINDIA,AADHARHFC,AARTIDRUGS,AAVAS,ABB,ABBOTINDIA,ABCAPITAL,ABFRL,ABREL,ABSLAMC,ACC,ADANIENSOL,ADANIENT,ADANIGREEN,ADANIPORTS,ADVENZYMES,AEGISLOG,AFFLE,AIAENG,AJANTPHARM,ALKEM,ALKYLAMINE,ALLCARGO,ALOKINDS,AMBER,AMBUJACEM,ANANTRAJ,ANGELONE,APLAPOLLO,APLLTD,APOLLOHOSP,APOLLOTYRE,APTUS,ARE&M,ASAHIINDIA,ASHOKLEY,ASIANPAINT,ASTERDM,ASTRAL,ASTRAZEN,ATGL,ATUL,AUBANK,AUROPHARMA,AVANTIFEED,AXISBANK,BAJAJ-AUTO,BAJAJELEC,BAJAJFINSV,BAJAJHLDNG,BAJFINANCE,BALAMINES,BALKRISIND,BALRAMCHIN,BANDHANBNK,BANKBARODA,BANKINDIA,BASF,BATAINDIA,BAYERCROP,BBTC,BCG,BDL,BEL,BERGEPAINT,BHARATFORG,BHARTIARTL,BHARTIHEXA,BHEL,BIOCON,BIRLACORPN,BLUEDART,BLUESTARCO,BOSCHLTD,BPCL,BRIGADE,BRITANNIA,BSE,BSOFT,CAMPUS,CAMS,CANBK,CANFINHOME,CAPLIPOINT,CARBORUNIV,CASTROLIND,CCL,CDSL,CEATLTD,CENTRALBK,CENTURYPLY,CERA,CESC,CGCL,CGPOWER,CHALET,CHAMBLFERT,CHEMPLASTS,CHOLAFIN,CHOLAHLDNG,CIEINDIA,CIPLA,CLEAN,COALINDIA,COCHINSHIP,COFORGE,COHANCE,COLPAL,CONCOR,COROMANDEL,CREDITACC,CRISIL,CROMPTON,CUB,CUMMINSIND,CYIENT,DABUR,DALBHARAT,DBL,DBREALTY,DEEPAKNTR,DELHIVERY,DELTACORP,DEVYANI,DHANI,DIVISLAB,DIXON,DLF,DMART,DRREDDY,DUMMYHEG,EASEMYTRIP,ECLERX,EDELWEISS,EICHERMOT,EIDPARRY,EIHOTEL,ELGIEQUIP,EMAMILTD,ENDURANCE,ENGINERSIN,EPIGRAL,EQUITAS,EQUITASBNK,ERIS,ESCORTS,ETERNAL,EXIDEIND,FACT,FEDERALBNK,FINCABLES,FINEORG,FINPIPE,FLUOROCHEM,FORTIS,FSL,GAEL,GAIL,GALAXYSURF,GESHIP,GICRE,GILLETTE,GLAND,GLAXO,GLENMARK,GLS,GMRAIRPORT,GNFC,GOCOLORS,GODFRYPHLP,GODIGIT,GODREJAGRO,GODREJCP,GODREJIND,GODREJPROP,GPIL,GPPL,GRANULES,GRAPHITE,GRASIM,GRINDWELL,GRINFRA,GSFC,GSPL,GUJALKALI,GUJGASLTD,GVT&D,HAL,HAPPSTMNDS,HATHWAY,HATSUN,HAVELLS,HBLENGINE,HCLTECH,HDFC,HDFCAMC,HDFCBANK,HDFCLIFE,HEG,HEMIPROP,HEROMOTOCO,HFCL,HINDALCO,HINDCOPPER,HINDPETRO,HINDUNILVR,HINDZINC,HLEGLAS,HOMEFIRST,HONAUT,HUDCO,ICICIBANK,ICICIGI,ICICIPRULI,ICIL,IDBI,IDEA,IDFC,IDFCFIRSTB,IEX,IFCI,IGL,IIFL,INDGN,INDHOTEL,INDIACEM,INDIAMART,INDIANB,INDIGO,INDOCO,INDUSINDBK,INDUSTOWER,INFIBEAM,INFY,INOXINDIA,INOXLEISUR,INTELLECT,IOB,IOC,IPCALAB,IRB,IRCON,IRCTC,IREDA,IRFC,ITC,ITI,JAMNAAUTO,JBCHEPHARM,JINDALSAW,JINDALSTEL,JKCEMENT,JKLAKSHMI,JKTYRE,JMFINANCIL,JPPOWER,JSL,JSWDULUX,JSWENERGY,JSWSTEEL,JUBLFOOD,JUBLINGREA,JUBLPHARMA,JUSTDIAL,JYOTHYLAB,JYOTICNC,KAJARIACER,KALYANKJIL,KANSAINER,KARURVYSYA,KAYNES,KEC,KEI,KIMS,KIRLFER,KIRLOSBROS,KIRLOSENG,KNRCON,KOTAKBANK,KPIL,KPITTECH,KPRMILL,LALPATHLAB,LATENTVIEW,LAURUSLABS,LAXMIMACH,LICHSGFIN,LICI,LINDEINDIA,LODHA,LT,LTF,LTM,LTTS,LUPIN,LUXIND,M&M,M&MFIN,MAHABANK,MANAPPURAM,MAPMYINDIA,MARICO,MARUTI,MASTEK,MAXHEALTH,MAZDOCK,MCX,METROBRAND,METROPOLIS,MFSL,MGL,MINDACORP,MINDTREE,MMTC,MOIL,MOTILALOFS,MPHASIS,MRF,MRPL,MUTHOOTFIN,NAM-INDIA,NATCOPHARM,NATIONALUM,NAUKRI,NAVINFLUOR,NAZARA,NBCC,NCC,NESCO,NESTLEIND,NETWEB,NETWORK18,NEWGEN,NH,NHPC,NIACL,NLCINDIA,NTPC,NUVOCO,NYKAA,OBEROIRLTY,OFSS,OIL,ONGC,ORIENTELEC,PAGEIND,PAYTM,PCBL,PERSISTENT,PETRONET,PFC,PFIZER,PGHH,PGHL,PHOENIXLTD,PIDILITIND,PIIND,PNB,PNBHOUSING,PNCINFRA,POLICYBZR,POLYCAB,POLYMED,POLYPLEX,POONAWALLA,POWERGRID,POWERINDIA,PRAJIND,PRESTIGE,PRIVISCL,PTCIL,PVRINOX,QUESS,RADICO,RAILTEL,RAIN,RAJESHEXPO,RALLIS,RAMCOCEM,RATNAMANI,RAYMONDLSL,RBLBANK,RCF,RECLTD,REDINGTON,RELAXO,RELIANCE,RENUKA,RHIM,RITES,ROSSARI,ROUTE,RTNINDIA,RVNL,SAIL,SAMMAANCAP,SANOFI,SAPPHIRE,SAREGAMA,SBICARD,SBILIFE,SBIN,SCHAEFFLER,SCI,SEQUENT,SFL,SHILPAMED,SHREECEM,SHRIRAMFIN,SHYAMMETL,SIEMENS,SIS,SJVN,SKFINDIA,SOBHA,SOLARA,SOLARINDS,SONACOMS,SONATSOFTW,SPARC,SPICEJET,SRF,STAR,STARHEALTH,SUDARSCHEM,SUMICHEM,SUNDARMFIN,SUNDRMFAST,SUNPHARMA,SUNTV,SUPRAJIT,SUPREMEIND,SUZLON,SWANCORP,SWSOLAR,SYMPHONY,SYNGENE,SYRMA,TANLA,TATACHEM,TATACOFFEE,TATACOMM,TATACONSUM,TATAELXSI,TATAINVEST,TATAMTRDVR,TATAPOWER,TATASTEEL,TATASTLLP,TBOTEK,TCS,TEAMLEASE,TECHM,TECHNOE,THERMAX,THYROCARE,TIINDIA,TIMKEN,TITAN,TMPV,TORNTPHARM,TORNTPOWER,TRENT,TRIDENT,TRITURBINE,TRIVENI,TTKPRESTIG,TTML,TV18BRDCST,TVSMOTOR,UBL,UCOBANK,UJJIVANSFB,ULTRACEMCO,UNIONBANK,UNITDSPR,UNOMINDA,UPL,USHAMART,UTIAMC,VAKRANGEE,VARROC,VBL,VEDL,VENKEYS,VGUARD,VIJAYA,VINATIORGA,VIPIND,VMART,VOLTAS,VTL,WELCORP,WELSPUNLIV,WESTLIFE,WHIRLPOOL,WIPRO,WOCKPHARMA,YESBANK,ZEEL,ZENSARTECH,ZFCVINDIA,ZYDUSLIFE,ZYDUSWELL"
2022-09-30,"360ONE,3MINDIA,AADHARHFC,AARTIDRUGS,AAVAS,ABB,ABBOTINDIA,ABCAPITAL,ABFRL,ABREL,ABSLAMC,ACC,ADANIENSOL,ADANIENT,ADANIGREEN,ADANIPORTS,AEGISLOG,AFFLE,AIAENG,AJANTPHARM,ALKEM,ALKYLAMINE,ALLCARGO,ALOKINDS,AMBER,AMBUJACEM,ANANTRAJ,ANGELONE,APLAPOLLO,APLLTD,APOLLOHOSP,APOLLOTYRE,APTUS,ARE&M,ASAHIINDIA,ASHOKLEY,ASIANPAINT,ASTERDM,ASTRAL,ASTRAZEN,ATGL,ATUL,AUBANK,AUROPHARMA,AVANTIFEED,AWL,AXISBANK,BAJAJ-AUTO,BAJAJELEC,BAJAJFINSV,BAJAJHLDNG,BAJFINANCE,BALAMINES,BALKRISIND,BALRAMCHIN,BANDHANBNK,BANKBARODA,BANKINDIA,BASF,BATAINDIA,BAYERCROP,BBTC,BCG,BDL,BEL,BERGEPAINT,BHARATFORG,BHARATRAS,BHARTIARTL,BHARTIHEXA,BHEL,BIOCON,BIRLACORPN,BLUEDART,BLUESTARCO,BOSCHLTD,BPCL,BRIGADE,BRITANNIA,BSE,BSOFT,CAMPUS,CAMS,CANBK,CANFINHOME,CAPLIPOINT,CARBORUNIV,CASTROLIND,CCL,CDSL,CEATLTD,CENTRALBK,CENTURYPLY,CERA,CESC,CGCL,CGPOWER,CHALET,CHAMBLFERT,CHEMPLASTS,CHOLAFIN,CHOLAHLDNG,CIEINDIA,CIPLA,CLEAN,COALINDIA,COCHINSHIP,COFORGE,COHANCE,COLPAL,CONCOR,COROMANDEL,CREDITACC,CRISIL,CROMPTON,CUB,CUMMINSIND,CYIENT,DABUR,DALBHARAT,DBL,DBREALTY,DEEPAKFERT,DEEPAKNTR,DELHIVERY,DELTACORP,DEVYANI,DHANI,DIVISLAB,DIXON,DLF,DMART,DRREDDY,DUMMYHEG,EASEMYTRIP,ECLERX,EDELWEISS,EICHERMOT,EIDPARRY,EIHOTEL,ELGIEQUIP,EMAMILTD,ENDURANCE,ENGINERSIN,EPIGRAL,EQUITASBNK,ESCORTS,ETERNAL,EXIDEIND,FACT,FEDERALBNK,FINCABLES,FINEORG,FINPIPE,FLUOROCHEM,FORTIS,FSL,GAEL,GAIL,GALAXYSURF,GESHIP,GICRE,GILLETTE,GLAND,GLAXO,GLENMARK,GMRAIRPORT,GNFC,GOCOLORS,GODFRYPHLP,GODIGIT,GODREJAGRO,GODREJCP,GODREJIND,GODREJPROP,GPIL,GPPL,GRANULES,GRAPHITE,GRASIM,GRINDWELL,GRINFRA,GSFC,GSPL,GUJALKALI,GUJGASLTD,GVT&D,HAL,HAPPSTMNDS,HATSUN,HAVELLS,HBLENGINE,HCLTECH,HDFC,HDFCAMC,HDFCBANK,HDFCLIFE,HEG,HEROMOTOCO,HFCL,HINDALCO,HINDCOPPER,HINDPETRO,HINDUNILVR,HINDZINC,HLEGLAS,HOMEFIRST,HONAUT,HUDCO,ICICIBANK,ICICIGI,ICICIPRULI,IDBI,IDEA,IDFC,IDFCFIRSTB,IEX,IFCI,IGL,IIFL,INDGN,INDHOTEL,INDIACEM,INDIAMART,INDIANB,INDIGO,INDOCO,INDUSINDBK,INDUSTOWER,INFIBEAM,INFY,INOXINDIA,INOXLEISUR,INTELLECT,IOB,IOC,IPCALAB,IRB,IRCON,IRCTC,IREDA,IRFC,ITC,ITI,JAMNAAUTO,JBCHEPHARM,JBMA,JINDALSAW,JINDALSTEL,JKCEMENT,JKLAKSHMI,JKTYRE,JMFINANCIL,JPPOWER,JSL,JSWDULUX,JSWENERGY,JSWSTEEL,JUBLFOOD,JUBLINGREA,JUBLPHARMA,JUSTDIAL,JYOTHYLAB,JYOTICNC,KAJARIACER,KALYANKJIL,KANSAINER,KARURVYSYA,KAYNES,KEC,KEI,KIMS,KIRLFER,KIRLOSBROS,KIRLOSENG,KNRCON,KOTAKBANK,KPIL,KPITTECH,KPRMILL,LALPATHLAB,LATENTVIEW,LAURUSLABS,LAXMIMACH,LICHSGFIN,LICI,LINDEINDIA,LODHA,LT,LTF,LTM,LTTS,LUPIN,LUXIND,M&M,M&MFIN,MAHABANK,MAHLIFE,MANAPPURAM,MANYAVAR,MAPMYINDIA,MARICO,MARUTI,MASTEK,MAXHEALTH,MAZDOCK,MCX,METROBRAND,METROPOLIS,MFSL,MGL,MINDACORP,MMTC,MOIL,MOTHERSON,MOTILALOFS,MPHASIS,MRF,MRPL,MSUMI,MUTHOOTFIN,NAM-INDIA,NATCOPHARM,NATIONALUM,NAUKRI,NAVINFLUOR,NAZARA,NBCC,NCC,NESTLEIND,NETWEB,NETWORK18,NEWGEN,NH,NHPC,NIACL,NIITLTD,NLCINDIA,NTPC,NUVOCO,NYKAA,OBEROIRLTY,OFSS,OIL,OLECTRA,ONGC,ORIENTELEC,PAGEIND,PATANJALI,PAYTM,PCBL,PERSISTENT,PETRONET,PFC,PFIZER,PGHH,PGHL,PHOENIXLTD,PIDILITIND,PIIND,PNB,PNBHOUSING,PNCINFRA,POLICYBZR,POLYCAB,POLYMED,POLYPLEX,POONAWALLA,POWERGRID,POWERINDIA,PRAJIND,PRESTIGE,PRIVISCL,PTCIL,PVRINOX,QUESS,RADICO,RAIN,RAJESHEXPO,RALLIS,RAMCOCEM,RATNAMANI,RAYMOND,RAYMONDLSL,RBLBANK,RCF,RECLTD,REDINGTON,RELAXO,RELIANCE,RENUKA,RHIM,RITES,ROSSARI,ROUTE,RTNINDIA,RVNL,SAIL,SAMMAANCAP,SANOFI,SAPPHIRE,SAREGAMA,SBICARD,SBILIFE,SBIN,SCHAEFFLER,SCI,SFL,SHARDACROP,SHILPAMED,SHOPERSTOP,SHREECEM,SHRIRAMFIN,SHYAMMETL,SIEMENS,SIS,SJVN,SKFINDIA,SOBHA,SOLARINDS,SONACOMS,SONATSOFTW,SPARC,SRF,STARHEALTH,SUDARSCHEM,SUMICHEM,SUNDARMFIN,SUNDRMFAST,SUNPHARMA,SUNTV,SUPRAJIT,SUPREMEIND,SUZLON,SWANCORP,SWSOLAR,SYMPHONY,SYNGENE,SYRMA,TANLA,TATACHEM,TATACOFFEE,TATACOMM,TATACONSUM,TATAELXSI,TATAINVEST,TATAMTRDVR,TATAPOWER,TATASTEEL,TBOTEK,TCS,TEAMLEASE,TECHM,TECHNOE,TEJASNET,THERMAX,THYROCARE,TIINDIA,TIMKEN,TITAN,TMPV,TORNTPHARM,TORNTPOWER,TRENT,TRIDENT,TRITURBINE,TRIVENI,TTKPRESTIG,TTML,TV18BRDCST,TVSMOTOR,UBL,UCOBANK,UJJIVANSFB,ULTRACEMCO,UNIONBANK,UNITDSPR,UNOMINDA,UPL,USHAMART,UTIAMC,VARROC,VBL,VEDL,VGUARD,VIJAYA,VINATIORGA,VIPIND,VMART,VOLTAS,VTL,WELCORP,WELSPUNLIV,WESTLIFE,WHIRLPOOL,WIPRO,WOCKPHARMA,YESBANK,ZEEL,ZENSARTECH,ZFCVINDIA,ZYDUSLIFE,ZYDUSWELL"
2022-10-31,"360ONE,3MINDIA,AADHARHFC,AARTIDRUGS,AAVAS,ABB,ABBOTINDIA,ABCAPITAL,ABFRL,ABREL,ABSLAMC,ACC,ADANIENSOL,ADANIENT,ADANIGREEN,ADANIPORTS,AEGISLOG,AFFLE,AIAENG,AJANTPHARM,ALKEM,ALKYLAMINE,ALLCARGO,ALOKINDS,AMBER,AMBUJACEM,ANANTRAJ,ANGELONE,APLAPOLLO,APLLTD,APOLLOHOSP,APOLLOTYRE,APTUS,ARE&M,ASAHIINDIA,ASHOKLEY,ASIANPAINT,ASTERDM,ASTRAL,ASTRAZEN,ATGL,ATUL,AUBANK,AUROPHARMA,AVANTIFEED,AWL,AXISBANK,BAJAJ-AUTO,BAJAJELEC,BAJAJFINSV,BAJAJHLDNG,BAJFINANCE,BALAMINES,BALKRISIND,BALRAMCHIN,BANDHANBNK,BANKBARODA,BANKINDIA,BASF,BATAINDIA,BAYERCROP,BBTC,BCG,BDL,BEL,BERGEPAINT,BHARATFORG,BHARATRAS,BHARTIARTL,BHARTIHEXA,BHEL,BIOCON,BIRLACORPN,BLUEDART,BLUESTARCO,BOSCHLTD,BPCL,BRIGADE,BRITANNIA,BSE,BSOFT,CAMPUS,CAMS,CANBK,CANFINHOME,CAPLIPOINT,CARBORUNIV,CASTROLIND,CCL,CDSL,CEATLTD,CENTRALBK,CENTURYPLY,CERA,CESC,CGCL,CGPOWER,CHALET,CHAMBLFERT,CHEMPLASTS,CHOLAFIN,CHOLAHLDNG,CIEINDIA,CIPLA,CLEAN,COALINDIA,COCHINSHIP,COFORGE,COHANCE,COLPAL,CONCOR,COROMANDEL,CREDITACC,CRISIL,CROMPTON,CUB,CUMMINSIND,CYIENT,DABUR,DALBHARAT,DBL,DBREALTY,DEEPAKFERT,DEEPAKNTR,DELHIVERY,DELTACORP,DEVYANI,DHANI,DIVISLAB,DIXON,DLF,DMART,DRREDDY,DUMMYHEG,EASEMYTRIP,ECLERX,EDELWEISS,EICHERMOT,EIDPARRY,EIHOTEL,ELGIEQUIP,EMAMILTD,ENDURANCE,ENGINERSIN,EPIGRAL,EQUITASBNK,ESCORTS,ETERNAL,EXIDEIND,FACT,FEDERALBNK,FINCABLES,FINEORG,FINPIPE,FLUOROCHEM,FORTIS,FSL,GAEL,GAIL,GALAXYSURF,GESHIP,GICRE,GILLETTE,GLAND,GLAXO,GLENMARK,GMRAIRPORT,GNFC,GOCOLORS,GODFRYPHLP,GODIGIT,GODREJAGRO,GODREJCP,GODREJIND,GODREJPROP,GPIL,GPPL,GRANULES,GRAPHITE,GRASIM,GRINDWELL,GRINFRA,GSFC,GSPL,GUJALKALI,GUJGASLTD,GVT&D,HAL,HAPPSTMNDS,HATSUN,HAVELLS,HBLENGINE,HCLTECH,HDFC,HDFCAMC,HDFCBANK,HDFCLIFE,HEG,HEROMOTOCO,HFCL,HINDALCO,HINDCOPPER,HINDPETRO,HINDUNILVR,HINDZINC,HLEGLAS,HOMEFIRST,HONAUT,HUDCO,ICICIBANK,ICICIGI,ICICIPRULI,IDBI,IDEA,IDFC,IDFCFIRSTB,IEX,IFCI,IGL,IIFL,INDGN,INDHOTEL,INDIACEM,INDIAMART,INDIANB,INDIGO,INDOCO,INDUSINDBK,INDUSTOWER,INFIBEAM,INFY,INOXINDIA,INOXLEISUR,INTELLECT,IOB,IOC,IPCALAB,IRB,IRCON,IRCTC,IREDA,IRFC,ITC,ITI,JAMNAAUTO,JBCHEPHARM,JBMA,JINDALSAW,JINDALSTEL,JKCEMENT,JKLAKSHMI,JKTYRE,JMFINANCIL,JPPOWER,JSL,JSWDULUX,JSWENERGY,JSWSTEEL,JUBLFOOD,JUBLINGREA,JUBLPHARMA,JUSTDIAL,JYOTHYLAB,JYOTICNC,KAJARIACER,KALYANKJIL,KANSAINER,KARURVYSYA,KAYNES,KEC,KEI,KIMS,KIRLFER,KIRLOSBROS,KIRLOSENG,KNRCON,KOTAKBANK,KPIL,KPITTECH,KPRMILL,LALPATHLAB,LATENTVIEW,LAURUSLABS,LAXMIMACH,LICHSGFIN,LICI,LINDEINDIA,LODHA,LT,LTF,LTM,LTTS,LUPIN,LUXIND,M&M,M&MFIN,MAHABANK,MAHLIFE,MANAPPURAM,MANYAVAR,MAPMYINDIA,MARICO,MARUTI,MASTEK,MAXHEALTH,MAZDOCK,MCX,METROBRAND,METROPOLIS,MFSL,MGL,MINDACORP,MMTC,MOIL,MOTHERSON,MOTILALOFS,MPHASIS,MRF,MRPL,MSUMI,MUTHOOTFIN,NAM-INDIA,NATCOPHARM,NATIONALUM,NAUKRI,NAVINFLUOR,NAZARA,NBCC,NCC,NESTLEIND,NETWEB,NETWORK18,NEWGEN,NH,NHPC,NIACL,NIITLTD,NLCINDIA,NTPC,NUVOCO,NYKAA,OBEROIRLTY,OFSS,OIL,OLECTRA,ONGC,ORIENTELEC,PAGEIND,PATANJALI,PAYTM,PCBL,PERSISTENT,PETRONET,PFC,PFIZER,PGHH,PGHL,PHOENIXLTD,PIDILITIND,PIIND,PNB,PNBHOUSING,PNCINFRA,POLICYBZR,POLYCAB,POLYMED,POLYPLEX,POONAWALLA,POWERGRID,POWERINDIA,PRAJIND,PRESTIGE,PRIVISCL,PTCIL,PVRINOX,QUESS,RADICO,RAIN,RAJESHEXPO,RALLIS,RAMCOCEM,RATNAMANI,RAYMOND,RAYMONDLSL,RBLBANK,RCF,RECLTD,REDINGTON,RELAXO,RELIANCE,RENUKA,RHIM,RITES,ROSSARI,ROUTE,RTNINDIA,RVNL,SAIL,SAMMAANCAP,SANOFI,SAPPHIRE,SAREGAMA,SBICARD,SBILIFE,SBIN,SCHAEFFLER,SCI,SFL,SHARDACROP,SHILPAMED,SHOPERSTOP,SHREECEM,SHRIRAMFIN,SHYAMMETL,SIEMENS,SIS,SJVN,SKFINDIA,SOBHA,SOLARINDS,SONACOMS,SONATSOFTW,SPARC,SRF,STARHEALTH,SUDARSCHEM,SUMICHEM,SUNDARMFIN,SUNDRMFAST,SUNPHARMA,SUNTV,SUPRAJIT,SUPREMEIND,SUZLON,SWANCORP,SWSOLAR,SYMPHONY,SYNGENE,SYRMA,TANLA,TATACHEM,TATACOFFEE,TATACOMM,TATACONSUM,TATAELXSI,TATAINVEST,TATAMTRDVR,TATAPOWER,TATASTEEL,TBOTEK,TCS,TEAMLEASE,TECHM,TECHNOE,TEJASNET,THERMAX,THYROCARE,TIINDIA,TIMKEN,TITAN,TMPV,TORNTPHARM,TORNTPOWER,TRENT,TRIDENT,TRITURBINE,TRIVENI,TTKPRESTIG,TTML,TV18BRDCST,TVSMOTOR,UBL,UCOBANK,UJJIVANSFB,ULTRACEMCO,UNIONBANK,UNITDSPR,UNOMINDA,UPL,USHAMART,UTIAMC,VARROC,VBL,VEDL,VGUARD,VIJAYA,VINATIORGA,VIPIND,VMART,VOLTAS,VTL,WELCORP,WELSPUNLIV,WESTLIFE,WHIRLPOOL,WIPRO,WOCKPHARMA,YESBANK,ZEEL,ZENSARTECH,ZFCVINDIA,ZYDUSLIFE,ZYDUSWELL"
2022-11-30,"360ONE,3MINDIA,AADHARHFC,AARTIDRUGS,AAVAS,ABB,ABBOTINDIA,ABCAPITAL,ABFRL,ABREL,ABSLAMC,ACC,ADANIENSOL,ADANIENT,ADANIGREEN,ADANIPORTS,AEGISLOG,AFFLE,AIAENG,AJANTPHARM,ALKEM,ALKYLAMINE,ALLCARGO,ALOKINDS,AMBER,AMBUJACEM,ANANTRAJ,ANGELONE,APLAPOLLO,APLLTD,APOLLOHOSP,APOLLOTYRE,APTUS,ARE&M,ASAHIINDIA,ASHOKLEY,ASIANPAINT,ASTERDM,ASTRAL,ASTRAZEN,ATGL,ATUL,AUBANK,AUROPHARMA,AVANTIFEED,AWL,AXISBANK,BAJAJ-AUTO,BAJAJELEC,BAJAJFINSV,BAJAJHLDNG,BAJFINANCE,BALAMINES,BALKRISIND,BALRAMCHIN,BANDHANBNK,BANKBARODA,BANKINDIA,BASF,BATAINDIA,BAYERCROP,BBTC,BCG,BDL,BEL,BERGEPAINT,BHARATFORG,BHARATRAS,BHARTIARTL,BHARTIHEXA,BHEL,BIOCON,BIRLACORPN,BLUEDART,BLUESTARCO,BOSCHLTD,BPCL,BRIGADE,BRITANNIA,BSE,BSOFT,CAMPUS,CAMS,CANBK,CANFINHOME,CAPLIPOINT,CARBORUNIV,CASTROLIND,CCL,CDSL,CEATLTD,CENTRALBK,CENTURYPLY,CERA,CESC,CGCL,CGPOWER,CHALET,CHAMBLFERT,CHEMPLASTS,CHOLAFIN,CHOLAHLDNG,CIEINDIA,CIPLA,CLEAN,COALINDIA,COCHINSHIP,COFORGE,COHANCE,COLPAL,CONCOR,COROMANDEL,CREDITACC,CRISIL,CROMPTON,CUB,CUMMINSIND,CYIENT,DABUR,DALBHARAT,DBL,DBREALTY,DEEPAKFERT,DEEPAKNTR,DELHIVERY,DELTACORP,DEVYANI,DHANI,DIVISLAB,DIXON,DLF,DMART,DRREDDY,DUMMYHEG,EASEMYTRIP,ECLERX,EDELWEISS,EICHERMOT,EIDPARRY,EIHOTEL,ELGIEQUIP,EMAMILTD,ENDURANCE,ENGINERSIN,EPIGRAL,EQUITASBNK,ESCORTS,ETERNAL,EXIDEIND,FACT,FEDERALBNK,FINCABLES,FINEORG,FINPIPE,FLUOROCHEM,FORTIS,FSL,GAEL,GAIL,GALAXYSURF,GESHIP,GICRE,GILLETTE,GLAND,GLAXO,GLENMARK,GMRAIRPORT,GNFC,GOCOLORS,GODFRYPHLP,GODIGIT,GODREJAGRO,GODREJCP,GODREJIND,GODREJPROP,GPIL,GPPL,GRANULES,GRAPHITE,GRASIM,GRINDWELL,GRINFRA,GSFC,GSPL,GUJALKALI,GUJGASLTD,GVT&D,HAL,HAPPSTMNDS,HATSUN,HAVELLS,HBLENGINE,HCLTECH,HDFC,HDFCAMC,HDFCBANK,HDFCLIFE,HEG,HEROMOTOCO,HFCL,HINDALCO,HINDCOPPER,HINDPETRO,HINDUNILVR,HINDZINC,HLEGLAS,HOMEFIRST,HONAUT,HUDCO,ICICIBANK,ICICIGI,ICICIPRULI,IDBI,IDEA,IDFC,IDFCFIRSTB,IEX,IFCI,IGL,IIFL,INDGN,INDHOTEL,INDIACEM,INDIAMART,INDIANB,INDIGO,INDOCO,INDUSINDBK,INDUSTOWER,INFIBEAM,INFY,INOXINDIA,INOXLEISUR,INTELLECT,IOB,IOC,IPCALAB,IRB,IRCON,IRCTC,IREDA,IRFC,ITC,ITI,JAMNAAUTO,JBCHEPHARM,JBMA,JINDALSAW,JINDALSTEL,JKCEMENT,JKLAKSHMI,JKTYRE,JMFINANCIL,JPPOWER,JSL,JSWDULUX,JSWENERGY,JSWSTEEL,JUBLFOOD,JUBLINGREA,JUBLPHARMA,JUSTDIAL,JYOTHYLAB,JYOTICNC,KAJARIACER,KALYANKJIL,KANSAINER,KARURVYSYA,KAYNES,KEC,KEI,KIMS,KIRLFER,KIRLOSBROS,KIRLOSENG,KNRCON,KOTAKBANK,KPIL,KPITTECH,KPRMILL,LALPATHLAB,LATENTVIEW,LAURUSLABS,LAXMIMACH,LICHSGFIN,LICI,LINDEINDIA,LODHA,LT,LTF,LTM,LTTS,LUPIN,LUXIND,M&M,M&MFIN,MAHABANK,MAHLIFE,MANAPPURAM,MANYAVAR,MAPMYINDIA,MARICO,MARUTI,MASTEK,MAXHEALTH,MAZDOCK,MCX,METROBRAND,METROPOLIS,MFSL,MGL,MINDACORP,MMTC,MOIL,MOTHERSON,MOTILALOFS,MPHASIS,MRF,MRPL,MSUMI,MUTHOOTFIN,NAM-INDIA,NATCOPHARM,NATIONALUM,NAUKRI,NAVINFLUOR,NAZARA,NBCC,NCC,NESTLEIND,NETWEB,NETWORK18,NEWGEN,NH,NHPC,NIACL,NIITLTD,NLCINDIA,NTPC,NUVOCO,NYKAA,OBEROIRLTY,OFSS,OIL,OLECTRA,ONGC,ORIENTELEC,PAGEIND,PATANJALI,PAYTM,PCBL,PERSISTENT,PETRONET,PFC,PFIZER,PGHH,PGHL,PHOENIXLTD,PIDILITIND,PIIND,PNB,PNBHOUSING,PNCINFRA,POLICYBZR,POLYCAB,POLYMED,POLYPLEX,POONAWALLA,POWERGRID,POWERINDIA,PRAJIND,PRESTIGE,PRIVISCL,PTCIL,PVRINOX,QUESS,RADICO,RAIN,RAJESHEXPO,RALLIS,RAMCOCEM,RATNAMANI,RAYMOND,RAYMONDLSL,RBLBANK,RCF,RECLTD,REDINGTON,RELAXO,RELIANCE,RENUKA,RHIM,RITES,ROSSARI,ROUTE,RTNINDIA,RVNL,SAIL,SAMMAANCAP,SANOFI,SAPPHIRE,SAREGAMA,SBICARD,SBILIFE,SBIN,SCHAEFFLER,SCI,SFL,SHARDACROP,SHILPAMED,SHOPERSTOP,SHREECEM,SHRIRAMFIN,SHYAMMETL,SIEMENS,SIS,SJVN,SKFINDIA,SOBHA,SOLARINDS,SONACOMS,SONATSOFTW,SPARC,SRF,STARHEALTH,SUDARSCHEM,SUMICHEM,SUNDARMFIN,SUNDRMFAST,SUNPHARMA,SUNTV,SUPRAJIT,SUPREMEIND,SUZLON,SWANCORP,SWSOLAR,SYMPHONY,SYNGENE,SYRMA,TANLA,TATACHEM,TATACOFFEE,TATACOMM,TATACONSUM,TATAELXSI,TATAINVEST,TATAMTRDVR,TATAPOWER,TATASTEEL,TBOTEK,TCS,TEAMLEASE,TECHM,TECHNOE,TEJASNET,THERMAX,THYROCARE,TIINDIA,TIMKEN,TITAN,TMPV,TORNTPHARM,TORNTPOWER,TRENT,TRIDENT,TRITURBINE,TRIVENI,TTKPRESTIG,TTML,TV18BRDCST,TVSMOTOR,UBL,UCOBANK,UJJIVANSFB,ULTRACEMCO,UNIONBANK,UNITDSPR,UNOMINDA,UPL,USHAMART,UTIAMC,VARROC,VBL,VEDL,VGUARD,VIJAYA,VINATIORGA,VIPIND,VMART,VOLTAS,VTL,WELCORP,WELSPUNLIV,WESTLIFE,WHIRLPOOL,WIPRO,WOCKPHARMA,YESBANK,ZEEL,ZENSARTECH,ZFCVINDIA,ZYDUSLIFE,ZYDUSWELL"
2022-12-31,"360ONE,3MINDIA,AADHARHFC,AARTIDRUGS,AAVAS,ABB,ABBOTINDIA,ABCAPITAL,ABFRL,ABREL,ABSLAMC,ACC,ADANIENSOL,ADANIENT,ADANIGREEN,ADANIPORTS,AEGISLOG,AFFLE,AIAENG,AJANTPHARM,ALKEM,ALKYLAMINE,ALOKINDS,AMBER,AMBUJACEM,ANANTRAJ,ANGELONE,APLAPOLLO,APLLTD,APOLLOHOSP,APOLLOTYRE,APTUS,ARE&M,ASAHIINDIA,ASHOKLEY,ASIANPAINT,ASTERDM,ASTRAL,ASTRAZEN,ATGL,ATUL,AUBANK,AUROPHARMA,AVANTIFEED,AWL,AXISBANK,BAJAJ-AUTO,BAJAJELEC,BAJAJFINSV,BAJAJHLDNG,BAJFINANCE,BALAMINES,BALKRISIND,BALRAMCHIN,BANDHANBNK,BANKBARODA,BANKINDIA,BASF,BATAINDIA,BAYERCROP,BBTC,BCG,BDL,BEL,BEML,BERGEPAINT,BHARATFORG,BHARATRAS,BHARTIARTL,BHARTIHEXA,BHEL,BIOCON,BIRLACORPN,BLUEDART,BLUESTARCO,BOSCHLTD,BPCL,BRIGADE,BRITANNIA,BSE,BSOFT,CAMPUS,CAMS,CANBK,CANFINHOME,CAPLIPOINT,CARBORUNIV,CASTROLIND,CCL,CDSL,CEATLTD,CENTRALBK,CENTURYPLY,CERA,CESC,CGCL,CGPOWER,CHALET,CHAMBLFERT,CHEMPLASTS,CHOLAFIN,CHOLAHLDNG,CIEINDIA,CIPLA,CLEAN,COALINDIA,COCHINSHIP,COFORGE,COHANCE,COLPAL,CONCOR,COROMANDEL,CREDITACC,CRISIL,CROMPTON,CUB,CUMMINSIND,CYIENT,DABUR,DALBHARAT,DBL,DBREALTY,DEEPAKFERT,DEEPAKNTR,DELHIVERY,DELTACORP,DEVYANI,DHANI,DIVISLAB,DIXON,DLF,DMART,DRREDDY,DUMMYHEG,EASEMYTRIP,ECLERX,EDELWEISS,EICHERMOT,EIDPARRY,EIHOTEL,ELGIEQUIP,EMAMILTD,ENDURANCE,ENGINERSIN,EPIGRAL,EQUITASBNK,ESCORTS,ETERNAL,EXIDEIND,FACT,FEDERALBNK,FINCABLES,FINEORG,FINPIPE,FLUOROCHEM,FORTIS,FSL,GAEL,GAIL,GALAXYSURF,GESHIP,GICRE,GILLETTE,GLAND,GLAXO,GLENMARK,GMRAIRPORT,GNFC,GOCOLORS,GODFRYPHLP,GODIGIT,GODREJAGRO,GODREJCP,GODREJIND,GODREJPROP,GPIL,GPPL,GRANULES,GRAPHITE,GRASIM,GRINDWELL,GRINFRA,GSFC,GSPL,GUJALKALI,GUJGASLTD,GVT&D,HAL,HAPPSTMNDS,HATSUN,HAVELLS,HBLENGINE,HCLTECH,HDFC,HDFCAMC,HDFCBANK,HDFCLIFE,HEG,HEROMOTOCO,HFCL,HINDALCO,HINDCOPPER,HINDPETRO,HINDUNILVR,HINDZINC,HLEGLAS,HOMEFIRST,HONAUT,HUDCO,ICICIBANK,ICICIGI,ICICIPRULI,IDBI,IDEA,IDFC,IDFCFIRSTB,IEX,IFCI,IGL,IIFL,INDGN,INDHOTEL,INDIACEM,INDIAMART,INDIANB,INDIGO,INDOCO,INDUSINDBK,INDUSTOWER,INFIBEAM,INFY,INOXINDIA,INOXLEISUR,INTELLECT,IOB,IOC,IPCALAB,IRB,IRCON,IRCTC,IREDA,IRFC,ITC,ITI,JAMNAAUTO,JBCHEPHARM,JBMA,JINDALSAW,JINDALSTEL,JKCEMENT,JKLAKSHMI,JKTYRE,JMFINANCIL,JPPOWER,JSL,JSWDULUX,JSWENERGY,JSWSTEEL,JUBLFOOD,JUBLINGREA,JUBLPHARMA,JUSTDIAL,JYOTHYLAB,JYOTICNC,KAJARIACER,KALYANKJIL,KANSAINER,KARURVYSYA,KAYNES,KEC,KEI,KIMS,KIRLFER,KIRLOSBROS,KIRLOSENG,KNRCON,KOTAKBANK,KPIL,KPITTECH,KPRMILL,LALPATHLAB,LATENTVIEW,LAURUSLABS,LAXMIMACH,LEMONTREE,LICHSGFIN,LICI,LINDEINDIA,LODHA,LT,LTF,LTM,LTTS,LUPIN,LUXIND,M&M,M&MFIN,MAHABANK,MAHLIFE,MANAPPURAM,MANYAVAR,MAPMYINDIA,MARICO,MARUTI,MASTEK,MAXHEALTH,MAZDOCK,MCX,METROBRAND,METROPOLIS,MFSL,MGL,MINDACORP,MMTC,MOIL,MOTHERSON,MOTILALOFS,MPHASIS,MRF,MRPL,MSUMI,MUTHOOTFIN,NAM-INDIA,NATCOPHARM,NATIONALUM,NAUKRI,NAVINFLUOR,NAZARA,NBCC,NCC,NESTLEIND,NETWEB,NETWORK18,NEWGEN,NH,NHPC,NIACL,NLCINDIA,NTPC,NUVOCO,NYKAA,OBEROIRLTY,OFSS,OIL,OLECTRA,ONGC,ORIENTELEC,PAGEIND,PATANJALI,PAYTM,PCBL,PERSISTENT,PETRONET,PFC,PFIZER,PGHH,PGHL,PHOENIXLTD,PIDILITIND,PIIND,PNB,PNBHOUSING,PNCINFRA,POLICYBZR,POLYCAB,POLYMED,POLYPLEX,POONAWALLA,POWERGRID,POWERINDIA,PRAJIND,PRESTIGE,PRIVISCL,PTCIL,PVRINOX,QUESS,RADICO,RAIN,RAINBOW,RAJESHEXPO,RALLIS,RAMCOCEM,RATNAMANI,RAYMOND,RAYMONDLSL,RBLBANK,RCF,RECLTD,REDINGTON,RELAXO,RELIANCE,RENUKA,RHIM,RITES,ROSSARI,ROUTE,RTNINDIA,RVNL,SAIL,SAMMAANCAP,SANOFI,SAPPHIRE,SAREGAMA,SBICARD,SBILIFE,SBIN,SCHAEFFLER,SCI,SFL,SHARDACROP,SHILPAMED,SHOPERSTOP,SHREECEM,SHRIRAMFIN,SHYAMMETL,SIEMENS,SIS,SJVN,SKFINDIA,SOBHA,SOLARINDS,SONACOMS,SONATSOFTW,SPARC,SRF,STARHEALTH,SUDARSCHEM,SUMICHEM,SUNDARMFIN,SUNDRMFAST,SUNPHARMA,SUNTV,SUPRAJIT,SUPREMEIND,SUZLON,SWANCORP,SWSOLAR,SYMPHONY,SYNGENE,SYRMA,TANLA,TATACHEM,TATACOFFEE,TATACOMM,TATACONSUM,TATAELXSI,TATAINVEST,TATAMTRDVR,TATAPOWER,TATASTEEL,TBOTEK,TCS,TEAMLEASE,TECHM,TECHNOE,TEJASNET,THERMAX,THYROCARE,TIINDIA,TIMKEN,TITAN,TMPV,TORNTPHARM,TORNTPOWER,TRENT,TRIDENT,TRITURBINE,TRIVENI,TTKPRESTIG,TTML,TV18BRDCST,TVSMOTOR,UBL,UCOBANK,UJJIVANSFB,ULTRACEMCO,UNIONBANK,UNITDSPR,UNOMINDA,UPL,USHAMART,UTIAMC,VARROC,VBL,VEDL,VGUARD,VIJAYA,VINATIORGA,VIPIND,VMART,VOLTAS,VTL,WELCORP,WELSPUNLIV,WESTLIFE,WHIRLPOOL,WIPRO,WOCKPHARMA,YESBANK,ZEEL,ZENSARTECH,ZFCVINDIA,ZYDUSLIFE,ZYDUSWELL"
2023-01-31,"360ONE,3MINDIA,AADHARHFC,AARTIDRUGS,AAVAS,ABB,ABBOTINDIA,ABCAPITAL,ABFRL,ABREL,ABSLAMC,ACC,ADANIENSOL,ADANIENT,ADANIGREEN,ADANIPORTS,AEGISLOG,AFFLE,AIAENG,AJANTPHARM,ALKEM,ALKYLAMINE,ALOKINDS,AMBER,AMBUJACEM,ANANTRAJ,ANGELONE,APLAPOLLO,APLLTD,APOLLOHOSP,APOLLOTYRE,APTUS,ARE&M,ASAHIINDIA,ASHOKLEY,ASIANPAINT,ASTERDM,ASTRAL,ASTRAZEN,ATGL,ATUL,AUBANK,AUROPHARMA,AVANTIFEED,AWL,AXISBANK,BAJAJ-AUTO,BAJAJELEC,BAJAJFINSV,BAJAJHLDNG,BAJFINANCE,BALAMINES,BALKRISIND,BALRAMCHIN,BANDHANBNK,BANKBARODA,BANKINDIA,BASF,BATAINDIA,BAYERCROP,BBTC,BCG,BDL,BEL,BEML,BERGEPAINT,BHARATFORG,BHARATRAS,BHARTIARTL,BHARTIHEXA,BHEL,BIOCON,BIRLACORPN,BLUEDART,BLUESTARCO,BOSCHLTD,BPCL,BRIGADE,BRITANNIA,BSE,BSOFT,CAMPUS,CAMS,CANBK,CANFINHOME,CAPLIPOINT,CARBORUNIV,CASTROLIND,CCL,CDSL,CEATLTD,CENTRALBK,CENTURYPLY,CERA,CESC,CGCL,CGPOWER,CHALET,CHAMBLFERT,CHEMPLASTS,CHOLAFIN,CHOLAHLDNG,CIEINDIA,CIPLA,CLEAN,COALINDIA,COCHINSHIP,COFORGE,COHANCE,COLPAL,CONCOR,COROMANDEL,CREDITACC,CRISIL,CROMPTON,CUB,CUMMINSIND,CYIENT,DABUR,DALBHARAT,DBL,DBREALTY,DEEPAKFERT,DEEPAKNTR,DELHIVERY,DELTACORP,DEVYANI,DHANI,DIVISLAB,DIXON,DLF,DMART,DRREDDY,DUMMYHEG,EASEMYTRIP,ECLERX,EDELWEISS,EICHERMOT,EIDPARRY,EIHOTEL,ELGIEQUIP,EMAMILTD,ENDURANCE,ENGINERSIN,EPIGRAL,EQUITASBNK,ESCORTS,ETERNAL,EXIDEIND,FACT,FEDERALBNK,FINCABLES,FINEORG,FINPIPE,FLUOROCHEM,FORTIS,FSL,GAEL,GAIL,GALAXYSURF,GESHIP,GICRE,GILLETTE,GLAND,GLAXO,GLENMARK,GMRAIRPORT,GNFC,GOCOLORS,GODFRYPHLP,GODIGIT,GODREJAGRO,GODREJCP,GODREJIND,GODREJPROP,GPIL,GPPL,GRANULES,GRAPHITE,GRASIM,GRINDWELL,GRINFRA,GSFC,GSPL,GUJALKALI,GUJGASLTD,GVT&D,HAL,HAPPSTMNDS,HATSUN,HAVELLS,HBLENGINE,HCLTECH,HDFC,HDFCAMC,HDFCBANK,HDFCLIFE,HEG,HEROMOTOCO,HFCL,HINDALCO,HINDCOPPER,HINDPETRO,HINDUNILVR,HINDZINC,HLEGLAS,HOMEFIRST,HONAUT,HUDCO,ICICIBANK,ICICIGI,ICICIPRULI,IDBI,IDEA,IDFC,IDFCFIRSTB,IEX,IFCI,IGL,IIFL,INDGN,INDHOTEL,INDIACEM,INDIAMART,INDIANB,INDIGO,INDOCO,INDUSINDBK,INDUSTOWER,INFIBEAM,INFY,INOXINDIA,INOXLEISUR,INTELLECT,IOB,IOC,IPCALAB,IRB,IRCON,IRCTC,IREDA,IRFC,ITC,ITI,JAMNAAUTO,JBCHEPHARM,JBMA,JINDALSAW,JINDALSTEL,JKCEMENT,JKLAKSHMI,JKTYRE,JMFINANCIL,JPPOWER,JSL,JSWDULUX,JSWENERGY,JSWSTEEL,JUBLFOOD,JUBLINGREA,JUBLPHARMA,JUSTDIAL,JYOTHYLAB,JYOTICNC,KAJARIACER,KALYANKJIL,KANSAINER,KARURVYSYA,KAYNES,KEC,KEI,KIMS,KIRLFER,KIRLOSBROS,KIRLOSENG,KNRCON,KOTAKBANK,KPIL,KPITTECH,KPRMILL,LALPATHLAB,LATENTVIEW,LAURUSLABS,LAXMIMACH,LEMONTREE,LICHSGFIN,LICI,LINDEINDIA,LODHA,LT,LTF,LTM,LTTS,LUPIN,LUXIND,M&M,M&MFIN,MAHABANK,MAHLIFE,MANAPPURAM,MANYAVAR,MAPMYINDIA,MARICO,MARUTI,MASTEK,MAXHEALTH,MAZDOCK,MCX,METROBRAND,METROPOLIS,MFSL,MGL,MINDACORP,MMTC,MOIL,MOTHERSON,MOTILALOFS,MPHASIS,MRF,MRPL,MSUMI,MUTHOOTFIN,NAM-INDIA,NATCOPHARM,NATIONALUM,NAUKRI,NAVINFLUOR,NAZARA,NBCC,NCC,NESTLEIND,NETWEB,NETWORK18,NEWGEN,NH,NHPC,NIACL,NLCINDIA,NTPC,NUVOCO,NYKAA,OBEROIRLTY,OFSS,OIL,OLECTRA,ONGC,ORIENTELEC,PAGEIND,PATANJALI,PAYTM,PCBL,PERSISTENT,PETRONET,PFC,PFIZER,PGHH,PGHL,PHOENIXLTD,PIDILITIND,PIIND,PNB,PNBHOUSING,PNCINFRA,POLICYBZR,POLYCAB,POLYMED,POLYPLEX,POONAWALLA,POWERGRID,POWERINDIA,PRAJIND,PRESTIGE,PRIVISCL,PTCIL,PVRINOX,QUESS,RADICO,RAIN,RAINBOW,RAJESHEXPO,RALLIS,RAMCOCEM,RATNAMANI,RAYMOND,RAYMONDLSL,RBLBANK,RCF,RECLTD,REDINGTON,RELAXO,RELIANCE,RENUKA,RHIM,RITES,ROSSARI,ROUTE,RTNINDIA,RVNL,SAIL,SAMMAANCAP,SANOFI,SAPPHIRE,SAREGAMA,SBICARD,SBILIFE,SBIN,SCHAEFFLER,SCI,SFL,SHARDACROP,SHILPAMED,SHOPERSTOP,SHREECEM,SHRIRAMFIN,SHYAMMETL,SIEMENS,SIS,SJVN,SKFINDIA,SOBHA,SOLARINDS,SONACOMS,SONATSOFTW,SPARC,SRF,STARHEALTH,SUDARSCHEM,SUMICHEM,SUNDARMFIN,SUNDRMFAST,SUNPHARMA,SUNTV,SUPRAJIT,SUPREMEIND,SUZLON,SWANCORP,SWSOLAR,SYMPHONY,SYNGENE,SYRMA,TANLA,TATACHEM,TATACOFFEE,TATACOMM,TATACONSUM,TATAELXSI,TATAINVEST,TATAMTRDVR,TATAPOWER,TATASTEEL,TBOTEK,TCS,TEAMLEASE,TECHM,TECHNOE,TEJASNET,THERMAX,THYROCARE,TIINDIA,TIMKEN,TITAN,TMPV,TORNTPHARM,TORNTPOWER,TRENT,TRIDENT,TRITURBINE,TRIVENI,TTKPRESTIG,TTML,TV18BRDCST,TVSMOTOR,UBL,UCOBANK,UJJIVANSFB,ULTRACEMCO,UNIONBANK,UNITDSPR,UNOMINDA,UPL,USHAMART,UTIAMC,VARROC,VBL,VEDL,VGUARD,VIJAYA,VINATIORGA,VIPIND,VMART,VOLTAS,VTL,WELCORP,WELSPUNLIV,WESTLIFE,WHIRLPOOL,WIPRO,WOCKPHARMA,YESBANK,ZEEL,ZENSARTECH,ZFCVINDIA,ZYDUSLIFE,ZYDUSWELL"
2023-02-28,"360ONE,3MINDIA,AADHARHFC,AARTIDRUGS,AAVAS,ABB,ABBOTINDIA,ABCAPITAL,ABFRL,ABREL,ABSLAMC,ACC,ADANIENSOL,ADANIENT,ADANIGREEN,ADANIPORTS,AEGISLOG,AFFLE,AIAENG,AJANTPHARM,ALKEM,ALKYLAMINE,ALOKINDS,AMBER,AMBUJACEM,ANANTRAJ,ANGELONE,APLAPOLLO,APLLTD,APOLLOHOSP,APOLLOTYRE,APTUS,ARE&M,ASAHIINDIA,ASHOKLEY,ASIANPAINT,ASTERDM,ASTRAL,ASTRAZEN,ATGL,ATUL,AUBANK,AUROPHARMA,AVANTIFEED,AWL,AXISBANK,BAJAJ-AUTO,BAJAJELEC,BAJAJFINSV,BAJAJHLDNG,BAJFINANCE,BALAMINES,BALKRISIND,BALRAMCHIN,BANDHANBNK,BANKBARODA,BANKINDIA,BASF,BATAINDIA,BAYERCROP,BBTC,BCG,BDL,BEL,BEML,BERGEPAINT,BHARATFORG,BHARATRAS,BHARTIARTL,BHARTIHEXA,BHEL,BIOCON,BIRLACORPN,BLUEDART,BLUESTARCO,BOSCHLTD,BPCL,BRIGADE,BRITANNIA,BSE,BSOFT,CAMPUS,CAMS,CANBK,CANFINHOME,CAPLIPOINT,CARBORUNIV,CASTROLIND,CCL,CDSL,CEATLTD,CENTRALBK,CENTURYPLY,CERA,CESC,CGCL,CGPOWER,CHALET,CHAMBLFERT,CHEMPLASTS,CHOLAFIN,CHOLAHLDNG,CIEINDIA,CIPLA,CLEAN,COALINDIA,COCHINSHIP,COFORGE,COHANCE,COLPAL,CONCOR,COROMANDEL,CREDITACC,CRISIL,CROMPTON,CUB,CUMMINSIND,CYIENT,DABUR,DALBHARAT,DBL,DBREALTY,DEEPAKFERT,DEEPAKNTR,DELHIVERY,DELTACORP,DEVYANI,DHANI,DIVISLAB,DIXON,DLF,DMART,DRREDDY,DUMMYHEG,EASEMYTRIP,ECLERX,EDELWEISS,EICHERMOT,EIDPARRY,EIHOTEL,ELGIEQUIP,EMAMILTD,ENDURANCE,ENGINERSIN,EPIGRAL,EQUITASBNK,ESCORTS,ETERNAL,EXIDEIND,FACT,FEDERALBNK,FINCABLES,FINEORG,FINPIPE,FLUOROCHEM,FORTIS,FSL,GAEL,GAIL,GALAXYSURF,GESHIP,GICRE,GILLETTE,GLAND,GLAXO,GLENMARK,GMRAIRPORT,GNFC,GOCOLORS,GODFRYPHLP,GODIGIT,GODREJAGRO,GODREJCP,GODREJIND,GODREJPROP,GPIL,GPPL,GRANULES,GRAPHITE,GRASIM,GRINDWELL,GRINFRA,GSFC,GSPL,GUJALKALI,GUJGASLTD,GVT&D,HAL,HAPPSTMNDS,HATSUN,HAVELLS,HBLENGINE,HCLTECH,HDFC,HDFCAMC,HDFCBANK,HDFCLIFE,HEG,HEROMOTOCO,HFCL,HINDALCO,HINDCOPPER,HINDPETRO,HINDUNILVR,HINDZINC,HLEGLAS,HOMEFIRST,HONAUT,HUDCO,ICICIBANK,ICICIGI,ICICIPRULI,IDBI,IDEA,IDFC,IDFCFIRSTB,IEX,IFCI,IGL,IIFL,INDGN,INDHOTEL,INDIACEM,INDIAMART,INDIANB,INDIGO,INDOCO,INDUSINDBK,INDUSTOWER,INFIBEAM,INFY,INOXINDIA,INTELLECT,IOB,IOC,IPCALAB,IRB,IRCON,IRCTC,IREDA,IRFC,ITC,ITI,JAMNAAUTO,JBCHEPHARM,JBMA,JINDALSAW,JINDALSTEL,JKCEMENT,JKLAKSHMI,JKTYRE,JMFINANCIL,JPPOWER,JSL,JSWDULUX,JSWENERGY,JSWSTEEL,JUBLFOOD,JUBLINGREA,JUBLPHARMA,JUSTDIAL,JYOTHYLAB,JYOTICNC,KAJARIACER,KALYANKJIL,KANSAINER,KARURVYSYA,KAYNES,KEC,KEI,KIMS,KIRLFER,KIRLOSBROS,KIRLOSENG,KNRCON,KOTAKBANK,KPIL,KPITTECH,KPRMILL,LALPATHLAB,LATENTVIEW,LAURUSLABS,LAXMIMACH,LEMONTREE,LICHSGFIN,LICI,LINDEINDIA,LODHA,LT,LTF,LTM,LTTS,LUPIN,LUXIND,M&M,M&MFIN,MAHABANK,MAHLIFE,MANAPPURAM,MANYAVAR,MAPMYINDIA,MARICO,MARUTI,MASTEK,MAXHEALTH,MAZDOCK,MCX,METROBRAND,METROPOLIS,MFSL,MGL,MINDACORP,MMTC,MOIL,MOTHERSON,MOTILALOFS,MPHASIS,MRF,MRPL,MSUMI,MUTHOOTFIN,NAM-INDIA,NATCOPHARM,NATIONALUM,NAUKRI,NAVINFLUOR,NAZARA,NBCC,NCC,NESTLEIND,NETWEB,NETWORK18,NEWGEN,NH,NHPC,NIACL,NLCINDIA,NTPC,NUVOCO,NYKAA,OBEROIRLTY,OFSS,OIL,OLECTRA,ONGC,ORIENTELEC,PAGEIND,PATANJALI,PAYTM,PCBL,PERSISTENT,PETRONET,PFC,PFIZER,PGHH,PGHL,PHOENIXLTD,PIDILITIND,PIIND,PNB,PNBHOUSING,PNCINFRA,POLICYBZR,POLYCAB,POLYMED,POLYPLEX,POONAWALLA,POWERGRID,POWERINDIA,PPLPHARMA,PRAJIND,PRESTIGE,PRIVISCL,PTCIL,PVRINOX,QUESS,RADICO,RAIN,RAINBOW,RAJESHEXPO,RALLIS,RAMCOCEM,RATNAMANI,RAYMOND,RAYMONDLSL,RBLBANK,RCF,RECLTD,REDINGTON,RELAXO,RELIANCE,RENUKA,RHIM,RITES,ROSSARI,ROUTE,RTNINDIA,RVNL,SAIL,SAMMAANCAP,SANOFI,SAPPHIRE,SAREGAMA,SBICARD,SBILIFE,SBIN,SCHAEFFLER,SCI,SFL,SHARDACROP,SHILPAMED,SHOPERSTOP,SHREECEM,SHRIRAMFIN,SHYAMMETL,SIEMENS,SIS,SJVN,SKFINDIA,SOBHA,SOLARINDS,SONACOMS,SONATSOFTW,SPARC,SRF,STARHEALTH,SUDARSCHEM,SUMICHEM,SUNDARMFIN,SUNDRMFAST,SUNPHARMA,SUNTV,SUPRAJIT,SUPREMEIND,SUZLON,SWANCORP,SWSOLAR,SYMPHONY,SYNGENE,SYRMA,TANLA,TATACHEM,TATACOFFEE,TATACOMM,TATACONSUM,TATAELXSI,TATAINVEST,TATAMTRDVR,TATAPOWER,TATASTEEL,TBOTEK,TCS,TEAMLEASE,TECHM,TECHNOE,TEJASNET,THERMAX,THYROCARE,TIINDIA,TIMKEN,TITAN,TMPV,TORNTPHARM,TORNTPOWER,TRENT,TRIDENT,TRITURBINE,TRIVENI,TTKPRESTIG,TTML,TV18BRDCST,TVSMOTOR,UBL,UCOBANK,UJJIVANSFB,ULTRACEMCO,UNIONBANK,UNITDSPR,UNOMINDA,UPL,USHAMART,UTIAMC,VARROC,VBL,VEDL,VGUARD,VIJAYA,VINATIORGA,VIPIND,VMART,VOLTAS,VTL,WELCORP,WELSPUNLIV,WESTLIFE,WHIRLPOOL,WIPRO,WOCKPHARMA,YESBANK,ZEEL,ZENSARTECH,ZFCVINDIA,ZYDUSLIFE,ZYDUSWELL"
2023-03-31,"360ONE,3MINDIA,AADHARHFC,AARTIDRUGS,AARTIIND,AAVAS,ABB,ABBOTINDIA,ABCAPITAL,ABFRL,ABREL,ABSLAMC,ACC,ACI,ADANIENSOL,ADANIENT,ADANIGREEN,ADANIPORTS,ADANIPOWER,AEGISLOG,AFFLE,AIAENG,AJANTPHARM,ALKEM,ALKYLAMINE,ALOKINDS,AMBER,AMBUJACEM,ANANTRAJ,ANGELONE,APARINDS,APLAPOLLO,APLLTD,APOLLOHOSP,APOLLOTYRE,APTUS,ARE&M,ASAHIINDIA,ASHOKLEY,ASIANPAINT,ASTERDM,ASTRAL,ATGL,ATUL,AUBANK,AUROPHARMA,AVANTIFEED,AWL,AXISBANK,BAJAJ-AUTO,BAJAJELEC,BAJAJFINSV,BAJAJHLDNG,BAJFINANCE,BALAMINES,BALKRISIND,BALRAMCHIN,BANDHANBNK,BANKBARODA,BANKINDIA,BASF,BATAINDIA,BAYERCROP,BBTC,BCG,BDL,BEL,BEML,BERGEPAINT,BHARATFORG,BHARTIARTL,BHARTIHEXA,BHEL,BIKAJI,BIOCON,BIRLACORPN,BLS,BLUEDART,BLUESTARCO,BOSCHLTD,BPCL,BRIGADE,BRITANNIA,BSE,BSOFT,CAMPUS,CAMS,CANBK,CANFINHOME,CARBORUNIV,CASTROLIND,CCL,CDSL,CEATLTD,CENTRALBK,CENTURYPLY,CERA,CESC,CGCL,CGPOWER,CHALET,CHAMBLFERT,CHEMPLASTS,CHOLAFIN,CHOLAHLDNG,CIEINDIA,CIPLA,CLEAN,COALINDIA,COCHINSHIP,COFORGE,COHANCE,COLPAL,CONCOR,COROMANDEL,CRAFTSMAN,CREDITACC,CRISIL,CROMPTON,CUB,CUMMINSIND,CYIENT,DABUR,DALBHARAT,DATAPATTNS,DBREALTY,DEEPAKFERT,DEEPAKNTR,DELHIVERY,DELTACORP,DEVYANI,DIVISLAB,DIXON,DLF,DMART,DRREDDY,DUMMYHEG,EASEMYTRIP,ECLERX,EDELWEISS,EICHERMOT,EIDPARRY,EIHOTEL,ELGIEQUIP,EMAMILTD,ENDURANCE,ENGINERSIN,EPIGRAL,EQUITASBNK,ESCORTS,ETERNAL,EXIDEIND,FACT,FEDERALBNK,FINCABLES,FINEORG,FINPIPE,FIVESTAR,FLUOROCHEM,FORTIS,FSL,GAEL,GAIL,GALAXYSURF,GESHIP,GICRE,GILLETTE,GLAND,GLAXO,GLENMARK,GMRAIRPORT,GNFC,GOCOLORS,GODFRYPHLP,GODIGIT,GODREJAGRO,GODREJCP,GODREJIND,GODREJPROP,GPIL,GPPL,GRANULES,GRAPHITE,GRASIM,GRINDWELL,GRINFRA,GSFC,GSPL,GUJALKALI,GUJGASLTD,GVT&D,HAL,HAPPSTMNDS,HAVELLS,HBLENGINE,HCLTECH,HDFC,HDFCAMC,HDFCBANK,HDFCLIFE,HEG,HEROMOTOCO,HFCL,HINDALCO,HINDCOPPER,HINDPETRO,HINDUNILVR,HINDZINC,HLEGLAS,HOMEFIRST,HONAUT,HUDCO,ICICIBANK,ICICIGI,ICICIPRULI,IDBI,IDEA,IDFC,IDFCFIRSTB,IEX,IFCI,IGL,IIFL,INDGN,INDHOTEL,INDIACEM,INDIAMART,INDIANB,INDIGO,INDUSINDBK,INDUSTOWER,INFIBEAM,INFY,INGERRAND,INOXINDIA,INTELLECT,IOB,IOC,IPCALAB,IRB,IRCON,IRCTC,IREDA,IRFC,ITC,ITI,JAMNAAUTO,JBCHEPHARM,JBMA,JINDALSAW,JINDALSTEL,JKCEMENT,JKLAKSHMI,JKTYRE,JMFINANCIL,JPPOWER,JSL,JSWDULUX,JSWENERGY,JSWSTEEL,JUBLFOOD,JUBLINGREA,JUBLPHARMA,JUSTDIAL,JYOTHYLAB,JYOTICNC,KAJARIACER,KALYANKJIL,KANSAINER,KARURVYSYA,KAYNES,KEC,KEI,KFINTECH,KIMS,KIRLFER,KIRLOSBROS,KIRLOSENG,KNRCON,KOTAKBANK,KPIL,KPITTECH,KPRMILL,KSB,LALPATHLAB,LATENTVIEW,LAURUSLABS,LAXMIMACH,LEMONTREE,LICHSGFIN,LICI,LINDEINDIA,LODHA,LT,LTF,LTM,LTTS,LUPIN,LUXIND,M&M,M&MFIN,MAHABANK,MAHLIFE,MANAPPURAM,MANYAVAR,MAPMYINDIA,MARICO,MARUTI,MASTEK,MAXHEALTH,MAZDOCK,MCX,MEDANTA,METROBRAND,METROPOLIS,MFSL,MGL,MINDACORP,MMTC,MOTHERSON,MOTILALOFS,MPHASIS,MRF,MRPL,MSUMI,MUTHOOTFIN,NAM-INDIA,NATCOPHARM,NATIONALUM,NAUKRI,NAVINFLUOR,NAZARA,NBCC,NCC,NESTLEIND,NETWEB,NETWORK18,NEWGEN,NH,NHPC,NIACL,NLCINDIA,NMDC,NTPC,NUVOCO,NYKAA,OBEROIRLTY,OFSS,OIL,OLECTRA,ONGC,ORIENTELEC,PAGEIND,PATANJALI,PAYTM,PCBL,PEL,PERSISTENT,PETRONET,PFC,PFIZER,PGHH,PGHL,PHOENIXLTD,PIDILITIND,PIIND,PNB,PNBHOUSING,PNCINFRA,POLICYBZR,POLYCAB,POLYMED,POLYPLEX,POONAWALLA,POWERGRID,POWERINDIA,PPLPHARMA,PRAJIND,PRESTIGE,PTCIL,PVRINOX,QUESS,RADICO,RAIN,RAINBOW,RAJESHEXPO,RALLIS,RAMCOCEM,RATNAMANI,RAYMOND,RAYMONDLSL,RBLBANK,RCF,RECLTD,REDINGTON,RELAXO,RELIANCE,RENUKA,RHIM,RITES,ROSSARI,ROUTE,RTNINDIA,RVNL,SAIL,SAMMAANCAP,SANOFI,SAPPHIRE,SAREGAMA,SBICARD,SBILIFE,SBIN,SCHAEFFLER,SCI,SFL,SHARDACROP,SHOPERSTOP,SHREECEM,SHRIRAMFIN,SHYAMMETL,SIEMENS,SJVN,SKFINDIA,SOBHA,SOLARINDS,SONACOMS,SONATSOFTW,SPARC,SRF,STARHEALTH,SUMICHEM,SUNDARMFIN,SUNDRMFAST,SUNPHARMA,SUNTV,SUPRAJIT,SUPREMEIND,SUZLON,SWANCORP,SWSOLAR,SYMPHONY,SYNGENE,SYRMA,TANLA,TATACHEM,TATACOMM,TATACONSUM,TATAELXSI,TATAINVEST,TATAMTRDVR,TATAPOWER,TATASTEEL,TBOTEK,TCS,TEAMLEASE,TECHM,TECHNOE,TEJASNET,THERMAX,TIINDIA,TIMKEN,TITAN,TMPV,TORNTPHARM,TORNTPOWER,TRENT,TRIDENT,TRITURBINE,TRIVENI,TTKPRESTIG,TTML,TV18BRDCST,TVSMOTOR,UBL,UCOBANK,UJJIVANSFB,ULTRACEMCO,UNIONBANK,UNITDSPR,UNOMINDA,UPL,USHAMART,UTIAMC,VARROC,VBL,VEDL,VGUARD,VIJAYA,VINATIORGA,VIPIND,VMART,VOLTAS,VTL,WELCORP,WELSPUNLIV,WESTLIFE,WHIRLPOOL,WIPRO,YESBANK,ZEEL,ZENSARTECH,ZFCVINDIA,ZYDUSLIFE,ZYDUSWELL"
2023-04-30,"360ONE,3MINDIA,AADHARHFC,AARTIDRUGS,AARTIIND,AAVAS,ABB,ABBOTINDIA,ABCAPITAL,ABFRL,ABREL,ABSLAMC,ACC,ACI,ADANIENSOL,ADANIENT,ADANIGREEN,ADANIPORTS,ADANIPOWER,AEGISLOG,AFFLE,AIAENG,AJANTPHARM,ALKEM,ALKYLAMINE,ALOKINDS,AMBER,AMBUJACEM,ANANTRAJ,ANGELONE,APARINDS,APLAPOLLO,APLLTD,APOLLOHOSP,APOLLOTYRE,APTUS,ARE&M,ASAHIINDIA,ASHOKLEY,ASIANPAINT,ASTERDM,ASTRAL,ATGL,ATUL,AUBANK,AUROPHARMA,AVANTIFEED,AWL,AXISBANK,BAJAJ-AUTO,BAJAJFINSV,BAJAJHLDNG,BAJFINANCE,BALAMINES,BALKRISIND,BALRAMCHIN,BANDHANBNK,BANKBARODA,BANKINDIA,BASF,BATAINDIA,BAYERCROP,BBTC,BCG,BDL,BEL,BEML,BERGEPAINT,BHARATFORG,BHARTIARTL,BHARTIHEXA,BHEL,BIKAJI,BIOCON,BIRLACORPN,BLS,BLUEDART,BLUESTARCO,BOSCHLTD,BPCL,BRIGADE,BRITANNIA,BSE,BSOFT,CAMPUS,CAMS,CANBK,CANFINHOME,CARBORUNIV,CASTROLIND,CCL,CDSL,CEATLTD,CENTRALBK,CENTURYPLY,CERA,CESC,CGCL,CGPOWER,CHALET,CHAMBLFERT,CHEMPLASTS,CHOLAFIN,CHOLAHLDNG,CIEINDIA,CIPLA,CLEAN,COALINDIA,COCHINSHIP,COFORGE,COHANCE,COLPAL,CONCOR,COROMANDEL,CRAFTSMAN,CREDITACC,CRISIL,CROMPTON,CUB,CUMMINSIND,CYIENT,DABUR,DALBHARAT,DATAPATTNS,DBREALTY,DEEPAKFERT,DEEPAKNTR,DELHIVERY,DELTACORP,DEVYANI,DIVISLAB,DIXON,DLF,DMART,DRREDDY,DUMMYHEG,EASEMYTRIP,ECLERX,EICHERMOT,EIDPARRY,EIHOTEL,ELGIEQUIP,EMAMILTD,ENDURANCE,ENGINERSIN,EPIGRAL,EQUITASBNK,ERIS,ESCORTS,ETERNAL,EXIDEIND,FACT,FEDERALBNK,FINCABLES,FINEORG,FINPIPE,FIVESTAR,FLUOROCHEM,FORTIS,FSL,GAEL,GAIL,GALAXYSURF,GESHIP,GICRE,GILLETTE,GLAND,GLAXO,GLENMARK,GMRAIRPORT,GNFC,GOCOLORS,GODFRYPHLP,GODIGIT,GODREJAGRO,GODREJCP,GODREJIND,GODREJPROP,GPIL,GPPL,GRANULES,GRAPHITE,GRASIM,GRINDWELL,GRINFRA,GSFC,GSPL,GUJALKALI,GUJGASLTD,GVT&D,HAL,HAPPSTMNDS,HAVELLS,HBLENGINE,HCLTECH,HDFC,HDFCAMC,HDFCBANK,HDFCLIFE,HEG,HEROMOTOCO,HFCL,HINDALCO,HINDCOPPER,HINDPETRO,HINDUNILVR,HINDZINC,HLEGLAS,HOMEFIRST,HONAUT,HUDCO,ICICIBANK,ICICIGI,ICICIPRULI,IDBI,IDEA,IDFC,IDFCFIRSTB,IEX,IFCI,IGL,IIFL,INDGN,INDHOTEL,INDIACEM,INDIAMART,INDIANB,INDIGO,INDUSINDBK,INDUSTOWER,INFIBEAM,INFY,INGERRAND,INOXINDIA,INTELLECT,IOB,IOC,IPCALAB,IRB,IRCON,IRCTC,IREDA,IRFC,ITC,ITI,JAMNAAUTO,JBCHEPHARM,JBMA,JINDALSAW,JINDALSTEL,JKCEMENT,JKLAKSHMI,JKTYRE,JMFINANCIL,JPPOWER,JSL,JSWDULUX,JSWENERGY,JSWSTEEL,JUBLFOOD,JUBLINGREA,JUBLPHARMA,JUSTDIAL,JYOTHYLAB,JYOTICNC,KAJARIACER,KALYANKJIL,KANSAINER,KARURVYSYA,KAYNES,KEC,KEI,KFINTECH,KIMS,KIRLFER,KIRLOSBROS,KIRLOSENG,KNRCON,KOTAKBANK,KPIL,KPITTECH,KPRMILL,KSB,LALPATHLAB,LATENTVIEW,LAURUSLABS,LAXMIMACH,LEMONTREE,LICHSGFIN,LICI,LINDEINDIA,LODHA,LT,LTF,LTM,LTTS,LUPIN,LUXIND,M&M,M&MFIN,MAHABANK,MAHLIFE,MANAPPURAM,MANYAVAR,MAPMYINDIA,MARICO,MARUTI,MASTEK,MAXHEALTH,MAZDOCK,MCX,MEDANTA,METROBRAND,METROPOLIS,MFSL,MGL,MINDACORP,MMTC,MOTHERSON,MOTILALOFS,MPHASIS,MRF,MRPL,MSUMI,MUTHOOTFIN,NAM-INDIA,NATCOPHARM,NATIONALUM,NAUKRI,NAVINFLUOR,NAZARA,NBCC,NCC,NESTLEIND,NETWEB,NETWORK18,NEWGEN,NH,NHPC,NIACL,NLCINDIA,NMDC,NSLNISP,NTPC,NUVOCO,NYKAA,OBEROIRLTY,OFSS,OIL,OLECTRA,ONGC,ORIENTELEC,PAGEIND,PATANJALI,PAYTM,PCBL,PEL,PERSISTENT,PETRONET,PFC,PFIZER,PGHH,PGHL,PHOENIXLTD,PIDILITIND,PIIND,PNB,PNBHOUSING,PNCINFRA,POLICYBZR,POLYCAB,POLYMED,POLYPLEX,POONAWALLA,POWERGRID,POWERINDIA,PPLPHARMA,PRAJIND,PRESTIGE,PTCIL,PVRINOX,QUESS,RADICO,RAIN,RAINBOW,RAJESHEXPO,RALLIS,RAMCOCEM,RATNAMANI,RAYMOND,RAYMONDLSL,RBLBANK,RCF,RECLTD,REDINGTON,RELAXO,RELIANCE,RENUKA,RHIM,RITES,ROSSARI,ROUTE,RTNINDIA,RVNL,SAIL,SAMMAANCAP,SANOFI,SAPPHIRE,SAREGAMA,SBICARD,SBILIFE,SBIN,SCHAEFFLER,SCI,SFL,SHARDACROP,SHOPERSTOP,SHREECEM,SHRIRAMFIN,SHYAMMETL,SIEMENS,SJVN,SKFINDIA,SOBHA,SOLARINDS,SONACOMS,SONATSOFTW,SPARC,SRF,STARHEALTH,SUMICHEM,SUNDARMFIN,SUNDRMFAST,SUNPHARMA,SUNTV,SUPRAJIT,SUPREMEIND,SUZLON,SWANCORP,SWSOLAR,SYMPHONY,SYNGENE,SYRMA,TANLA,TATACHEM,TATACOMM,TATACONSUM,TATAELXSI,TATAINVEST,TATAMTRDVR,TATAPOWER,TATASTEEL,TBOTEK,TCS,TEAMLEASE,TECHM,TECHNOE,TEJASNET,THERMAX,TIINDIA,TIMKEN,TITAN,TMPV,TORNTPHARM,TORNTPOWER,TRENT,TRIDENT,TRITURBINE,TRIVENI,TTKPRESTIG,TTML,TV18BRDCST,TVSMOTOR,UBL,UCOBANK,UJJIVANSFB,ULTRACEMCO,UNIONBANK,UNITDSPR,UNOMINDA,UPL,USHAMART,UTIAMC,VARROC,VBL,VEDL,VGUARD,VIJAYA,VINATIORGA,VIPIND,VMART,VOLTAS,VTL,WELCORP,WELSPUNLIV,WESTLIFE,WHIRLPOOL,WIPRO,YESBANK,ZEEL,ZENSARTECH,ZFCVINDIA,ZYDUSLIFE,ZYDUSWELL"
2023-05-31,"360ONE,3MINDIA,AADHARHFC,AARTIDRUGS,AARTIIND,AAVAS,ABB,ABBOTINDIA,ABCAPITAL,ABFRL,ABREL,ABSLAMC,ACC,ACI,ADANIENSOL,ADANIENT,ADANIGREEN,ADANIPORTS,ADANIPOWER,AEGISLOG,AFFLE,AIAENG,AJANTPHARM,ALKEM,ALKYLAMINE,ALOKINDS,AMBER,AMBUJACEM,ANANTRAJ,ANGELONE,APARINDS,APLAPOLLO,APLLTD,APOLLOHOSP,APOLLOTYRE,APTUS,ARE&M,ASAHIINDIA,ASHOKLEY,ASIANPAINT,ASTERDM,ASTRAL,ATGL,ATUL,AUBANK,AUROPHARMA,AVANTIFEED,AWL,AXISBANK,BAJAJ-AUTO,BAJAJFINSV,BAJAJHLDNG,BAJFINANCE,BALAMINES,BALKRISIND,BALRAMCHIN,BANDHANBNK,BANKBARODA,BANKINDIA,BASF,BATAINDIA,BAYERCROP,BBTC,BCG,BDL,BEL,BEML,BERGEPAINT,BHARATFORG,BHARTIARTL,BHARTIHEXA,BHEL,BIKAJI,BIOCON,BIRLACORPN,BLS,BLUEDART,BLUESTARCO,BOSCHLTD,BPCL,BRIGADE,BRITANNIA,BSE,BSOFT,CAMPUS,CAMS,CANBK,CANFINHOME,CARBORUNIV,CASTROLIND,CCL,CDSL,CEATLTD,CENTRALBK,CENTURYPLY,CERA,CESC,CGCL,CGPOWER,CHALET,CHAMBLFERT,CHEMPLASTS,CHOLAFIN,CHOLAHLDNG,CIEINDIA,CIPLA,CLEAN,COALINDIA,COCHINSHIP,COFORGE,COHANCE,COLPAL,CONCOR,COROMANDEL,CRAFTSMAN,CREDITACC,CRISIL,CROMPTON,CUB,CUMMINSIND,CYIENT,DABUR,DALBHARAT,DATAPATTNS,DBREALTY,DEEPAKFERT,DEEPAKNTR,DELHIVERY,DELTACORP,DEVYANI,DIVISLAB,DIXON,DLF,DMART,DRREDDY,DUMMYHEG,EASEMYTRIP,ECLERX,EICHERMOT,EIDPARRY,EIHOTEL,ELGIEQUIP,EMAMILTD,ENDURANCE,ENGINERSIN,EPIGRAL,EQUITASBNK,ERIS,ESCORTS,ETERNAL,EXIDEIND,FACT,FEDERALBNK,FINCABLES,FINEORG,FINPIPE,FIVESTAR,FLUOROCHEM,FORTIS,FSL,GAEL,GAIL,GALAXYSURF,GESHIP,GICRE,GILLETTE,GLAND,GLAXO,GLENMARK,GMRAIRPORT,GNFC,GOCOLORS,GODFRYPHLP,GODIGIT,GODREJAGRO,GODREJCP,GODREJIND,GODREJPROP,GPIL,GPPL,GRANULES,GRAPHITE,GRASIM,GRINDWELL,GRINFRA,GSFC,GSPL,GUJALKALI,GUJGASLTD,GVT&D,HAL,HAPPSTMNDS,HAVELLS,HBLENGINE,HCLTECH,HDFC,HDFCAMC,HDFCBANK,HDFCLIFE,HEG,HEROMOTOCO,HFCL,HINDALCO,HINDCOPPER,HINDPETRO,HINDUNILVR,HINDZINC,HLEGLAS,HOMEFIRST,HONAUT,HUDCO,ICICIBANK,ICICIGI,ICICIPRULI,IDBI,IDEA,IDFC,IDFCFIRSTB,IEX,IFCI,IGL,IIFL,INDGN,INDHOTEL,INDIACEM,INDIAMART,INDIANB,INDIGO,INDUSINDBK,INDUSTOWER,INFIBEAM,INFY,INGERRAND,INOXINDIA,INTELLECT,IOB,IOC,IPCALAB,IRB,IRCON,IRCTC,IREDA,IRFC,ITC,ITI,JAMNAAUTO,JBCHEPHARM,JBMA,JINDALSAW,JINDALSTEL,JKCEMENT,JKLAKSHMI,JKTYRE,JMFINANCIL,JPPOWER,JSL,JSWDULUX,JSWENERGY,JSWSTEEL,JUBLFOOD,JUBLINGREA,JUBLPHARMA,JUSTDIAL,JYOTHYLAB,JYOTICNC,KAJARIACER,KALYANKJIL,KANSAINER,KARURVYSYA,KAYNES,KEC,KEI,KFINTECH,KIMS,KIRLFER,KIRLOSBROS,KIRLOSENG,KNRCON,KOTAKBANK,KPIL,KPITTECH,KPRMILL,KSB,LALPATHLAB,LATENTVIEW,LAURUSLABS,LAXMIMACH,LEMONTREE,LICHSGFIN,LICI,LINDEINDIA,LODHA,LT,LTF,LTM,LTTS,LUPIN,LUXIND,M&M,M&MFIN,MAHABANK,MAHLIFE,MANAPPURAM,MANYAVAR,MAPMYINDIA,MARICO,MARUTI,MASTEK,MAXHEALTH,MAZDOCK,MCX,MEDANTA,METROBRAND,METROPOLIS,MFSL,MGL,MINDACORP,MMTC,MOTHERSON,MOTILALOFS,MPHASIS,MRF,MRPL,MSUMI,MUTHOOTFIN,NAM-INDIA,NATCOPHARM,NATIONALUM,NAUKRI,NAVINFLUOR,NAZARA,NBCC,NCC,NESTLEIND,NETWEB,NETWORK18,NEWGEN,NH,NHPC,NIACL,NLCINDIA,NMDC,NSLNISP,NTPC,NUVOCO,NYKAA,OBEROIRLTY,OFSS,OIL,OLECTRA,ONGC,ORIENTELEC,PAGEIND,PATANJALI,PAYTM,PCBL,PEL,PERSISTENT,PETRONET,PFC,PFIZER,PGHH,PGHL,PHOENIXLTD,PIDILITIND,PIIND,PNB,PNBHOUSING,PNCINFRA,POLICYBZR,POLYCAB,POLYMED,POLYPLEX,POONAWALLA,POWERGRID,POWERINDIA,PPLPHARMA,PRAJIND,PRESTIGE,PTCIL,PVRINOX,QUESS,RADICO,RAIN,RAINBOW,RAJESHEXPO,RALLIS,RAMCOCEM,RATNAMANI,RAYMOND,RAYMONDLSL,RBLBANK,RCF,RECLTD,REDINGTON,RELAXO,RELIANCE,RENUKA,RHIM,RITES,ROSSARI,ROUTE,RTNINDIA,RVNL,SAIL,SAMMAANCAP,SANOFI,SAPPHIRE,SAREGAMA,SBICARD,SBILIFE,SBIN,SCHAEFFLER,SCI,SFL,SHARDACROP,SHOPERSTOP,SHREECEM,SHRIRAMFIN,SHYAMMETL,SIEMENS,SJVN,SKFINDIA,SOBHA,SOLARINDS,SONACOMS,SONATSOFTW,SPARC,SRF,STARHEALTH,SUMICHEM,SUNDARMFIN,SUNDRMFAST,SUNPHARMA,SUNTV,SUPRAJIT,SUPREMEIND,SUZLON,SWANCORP,SWSOLAR,SYMPHONY,SYNGENE,SYRMA,TANLA,TATACHEM,TATACOMM,TATACONSUM,TATAELXSI,TATAINVEST,TATAMTRDVR,TATAPOWER,TATASTEEL,TBOTEK,TCS,TEAMLEASE,TECHM,TECHNOE,TEJASNET,THERMAX,TIINDIA,TIMKEN,TITAN,TMPV,TORNTPHARM,TORNTPOWER,TRENT,TRIDENT,TRITURBINE,TRIVENI,TTKPRESTIG,TTML,TV18BRDCST,TVSMOTOR,UBL,UCOBANK,UJJIVANSFB,ULTRACEMCO,UNIONBANK,UNITDSPR,UNOMINDA,UPL,USHAMART,UTIAMC,VARROC,VBL,VEDL,VGUARD,VIJAYA,VINATIORGA,VIPIND,VMART,VOLTAS,VTL,WELCORP,WELSPUNLIV,WESTLIFE,WHIRLPOOL,WIPRO,YESBANK,ZEEL,ZENSARTECH,ZFCVINDIA,ZYDUSLIFE,ZYDUSWELL"
2023-06-30,"360ONE,3MINDIA,AADHARHFC,AARTIDRUGS,AARTIIND,AAVAS,ABB,ABBOTINDIA,ABCAPITAL,ABFRL,ABREL,ABSLAMC,ACC,ACI,ADANIENSOL,ADANIENT,ADANIGREEN,ADANIPORTS,ADANIPOWER,AEGISLOG,AFFLE,AIAENG,AJANTPHARM,ALKEM,ALKYLAMINE,ALOKINDS,AMBER,AMBUJACEM,ANANTRAJ,ANGELONE,APARINDS,APLAPOLLO,APLLTD,APOLLOHOSP,APOLLOTYRE,APTUS,ARE&M,ASAHIINDIA,ASHOKLEY,ASIANPAINT,ASTERDM,ASTRAL,ATGL,ATUL,AUBANK,AUROPHARMA,AVANTIFEED,AWL,AXISBANK,BAJAJ-AUTO,BAJAJFINSV,BAJAJHLDNG,BAJFINANCE,BALAMINES,BALKRISIND,BALRAMCHIN,BANDHANBNK,BANKBARODA,BANKINDIA,BASF,BATAINDIA,BAYERCROP,BBTC,BCG,BDL,BEL,BEML,BERGEPAINT,BHARATFORG,BHARTIARTL,BHARTIHEXA,BHEL,BIKAJI,BIOCON,BIRLACORPN,BLS,BLUEDART,BLUESTARCO,BOSCHLTD,BPCL,BRIGADE,BRITANNIA,BSE,BSOFT,CAMPUS,CAMS,CANBK,CANFINHOME,CARBORUNIV,CASTROLIND,CCL,CDSL,CEATLTD,CENTRALBK,CENTURYPLY,CERA,CESC,CGCL,CGPOWER,CHALET,CHAMBLFERT,CHEMPLASTS,CHOLAFIN,CHOLAHLDNG,CIEINDIA,CIPLA,CLEAN,COALINDIA,COCHINSHIP,COFORGE,COHANCE,COLPAL,CONCOR,COROMANDEL,CRAFTSMAN,CREDITACC,CRISIL,CROMPTON,CUB,CUMMINSIND,CYIENT,DABUR,DALBHARAT,DATAPATTNS,DBREALTY,DEEPAKFERT,DEEPAKNTR,DELHIVERY,DELTACORP,DEVYANI,DIVISLAB,DIXON,DLF,DMART,DRREDDY,DUMMYHEG,EASEMYTRIP,ECLERX,EICHERMOT,EIDPARRY,EIHOTEL,ELGIEQUIP,EMAMILTD,ENDURANCE,ENGINERSIN,EPIGRAL,EQUITASBNK,ERIS,ESCORTS,ETERNAL,EXIDEIND,FACT,FEDERALBNK,FINCABLES,FINEORG,FINPIPE,FIVESTAR,FLUOROCHEM,FORTIS,FSL,GAEL,GAIL,GALAXYSURF,GESHIP,GICRE,GILLETTE,GLAND,GLAXO,GLENMARK,GMRAIRPORT,GNFC,GOCOLORS,GODFRYPHLP,GODIGIT,GODREJAGRO,GODREJCP,GODREJIND,GODREJPROP,GPIL,GPPL,GRANULES,GRAPHITE,GRASIM,GRINDWELL,GRINFRA,GSFC,GSPL,GUJALKALI,GUJGASLTD,GVT&D,HAL,HAPPSTMNDS,HAVELLS,HBLENGINE,HCLTECH,HDFC,HDFCAMC,HDFCBANK,HDFCLIFE,HEG,HEROMOTOCO,HFCL,HINDALCO,HINDCOPPER,HINDPETRO,HINDUNILVR,HINDZINC,HLEGLAS,HOMEFIRST,HONAUT,HUDCO,ICICIBANK,ICICIGI,ICICIPRULI,IDBI,IDEA,IDFC,IDFCFIRSTB,IEX,IFCI,IGL,IIFL,INDGN,INDHOTEL,INDIACEM,INDIAMART,INDIANB,INDIGO,INDUSINDBK,INDUSTOWER,INFIBEAM,INFY,INGERRAND,INOXINDIA,INTELLECT,IOB,IOC,IPCALAB,IRB,IRCON,IRCTC,IREDA,IRFC,ITC,ITI,JAMNAAUTO,JBCHEPHARM,JBMA,JINDALSAW,JINDALSTEL,JKCEMENT,JKLAKSHMI,JKTYRE,JMFINANCIL,JPPOWER,JSL,JSWDULUX,JSWENERGY,JSWSTEEL,JUBLFOOD,JUBLINGREA,JUBLPHARMA,JUSTDIAL,JYOTHYLAB,JYOTICNC,KAJARIACER,KALYANKJIL,KANSAINER,KARURVYSYA,KAYNES,KEC,KEI,KFINTECH,KIMS,KIRLFER,KIRLOSBROS,KIRLOSENG,KNRCON,KOTAKBANK,KPIL,KPITTECH,KPRMILL,KSB,LALPATHLAB,LATENTVIEW,LAURUSLABS,LAXMIMACH,LEMONTREE,LICHSGFIN,LICI,LINDEINDIA,LODHA,LT,LTF,LTM,LTTS,LUPIN,LUXIND,M&M,M&MFIN,MAHABANK,MAHLIFE,MANAPPURAM,MANYAVAR,MAPMYINDIA,MARICO,MARUTI,MASTEK,MAXHEALTH,MAZDOCK,MCX,MEDANTA,METROBRAND,METROPOLIS,MFSL,MGL,MINDACORP,MMTC,MOTHERSON,MOTILALOFS,MPHASIS,MRF,MRPL,MSUMI,MUTHOOTFIN,NAM-INDIA,NATCOPHARM,NATIONALUM,NAUKRI,NAVINFLUOR,NAZARA,NBCC,NCC,NESTLEIND,NETWEB,NETWORK18,NEWGEN,NH,NHPC,NIACL,NLCINDIA,NMDC,NSLNISP,NTPC,NUVOCO,NYKAA,OBEROIRLTY,OFSS,OIL,OLECTRA,ONGC,ORIENTELEC,PAGEIND,PATANJALI,PAYTM,PCBL,PEL,PERSISTENT,PETRONET,PFC,PFIZER,PGHH,PGHL,PHOENIXLTD,PIDILITIND,PIIND,PNB,PNBHOUSING,PNCINFRA,POLICYBZR,POLYCAB,POLYMED,POLYPLEX,POONAWALLA,POWERGRID,POWERINDIA,PPLPHARMA,PRAJIND,PRESTIGE,PTCIL,PVRINOX,QUESS,RADICO,RAIN,RAINBOW,RAJESHEXPO,RALLIS,RAMCOCEM,RATNAMANI,RAYMOND,RAYMONDLSL,RBLBANK,RCF,RECLTD,REDINGTON,RELAXO,RELIANCE,RENUKA,RHIM,RITES,ROSSARI,ROUTE,RTNINDIA,RVNL,SAIL,SAMMAANCAP,SANOFI,SAPPHIRE,SAREGAMA,SBICARD,SBILIFE,SBIN,SCHAEFFLER,SCI,SFL,SHARDACROP,SHOPERSTOP,SHREECEM,SHRIRAMFIN,SHYAMMETL,SIEMENS,SJVN,SKFINDIA,SOBHA,SOLARINDS,SONACOMS,SONATSOFTW,SPARC,SRF,STARHEALTH,SUMICHEM,SUNDARMFIN,SUNDRMFAST,SUNPHARMA,SUNTV,SUPRAJIT,SUPREMEIND,SUZLON,SWANCORP,SWSOLAR,SYMPHONY,SYNGENE,SYRMA,TANLA,TATACHEM,TATACOMM,TATACONSUM,TATAELXSI,TATAINVEST,TATAMTRDVR,TATAPOWER,TATASTEEL,TBOTEK,TCS,TEAMLEASE,TECHM,TECHNOE,TEJASNET,THERMAX,TIINDIA,TIMKEN,TITAN,TMPV,TORNTPHARM,TORNTPOWER,TRENT,TRIDENT,TRITURBINE,TRIVENI,TTKPRESTIG,TTML,TV18BRDCST,TVSMOTOR,UBL,UCOBANK,UJJIVANSFB,ULTRACEMCO,UNIONBANK,UNITDSPR,UNOMINDA,UPL,USHAMART,UTIAMC,VARROC,VBL,VEDL,VGUARD,VIJAYA,VINATIORGA,VIPIND,VMART,VOLTAS,VTL,WELCORP,WELSPUNLIV,WESTLIFE,WHIRLPOOL,WIPRO,YESBANK,ZEEL,ZENSARTECH,ZFCVINDIA,ZYDUSLIFE,ZYDUSWELL"
2023-07-31,"360ONE,3MINDIA,AADHARHFC,AARTIDRUGS,AARTIIND,AAVAS,ABB,ABBOTINDIA,ABCAPITAL,ABFRL,ABREL,ABSLAMC,ACC,ACI,ADANIENSOL,ADANIENT,ADANIGREEN,ADANIPORTS,ADANIPOWER,AEGISLOG,AFFLE,AIAENG,AJANTPHARM,ALKEM,ALKYLAMINE,ALOKINDS,AMBER,AMBUJACEM,ANANTRAJ,ANGELONE,APARINDS,APLAPOLLO,APLLTD,APOLLOHOSP,APOLLOTYRE,APTUS,ARE&M,ASAHIINDIA,ASHOKLEY,ASIANPAINT,ASTERDM,ASTRAL,ATGL,ATUL,AUBANK,AUROPHARMA,AVANTIFEED,AWL,AXISBANK,BAJAJ-AUTO,BAJAJFINSV,BAJAJHLDNG,BAJFINANCE,BALAMINES,BALKRISIND,BALRAMCHIN,BANDHANBNK,BANKBARODA,BANKINDIA,BASF,BATAINDIA,BAYERCROP,BBTC,BCG,BDL,BEL,BEML,BERGEPAINT,BHARATFORG,BHARTIARTL,BHARTIHEXA,BHEL,BIKAJI,BIOCON,BIRLACORPN,BLS,BLUEDART,BLUESTARCO,BOSCHLTD,BPCL,BRIGADE,BRITANNIA,BSE,BSOFT,CAMPUS,CAMS,CANBK,CANFINHOME,CARBORUNIV,CASTROLIND,CCL,CDSL,CEATLTD,CENTRALBK,CENTURYPLY,CERA,CESC,CGCL,CGPOWER,CHALET,CHAMBLFERT,CHEMPLASTS,CHOLAFIN,CHOLAHLDNG,CIEINDIA,CIPLA,CLEAN,COALINDIA,COCHINSHIP,COFORGE,COHANCE,COLPAL,CONCOR,COROMANDEL,CRAFTSMAN,CREDITACC,CRISIL,CROMPTON,CUB,CUMMINSIND,CYIENT,DABUR,DALBHARAT,DATAPATTNS,DBREALTY,DEEPAKFERT,DEEPAKNTR,DELHIVERY,DELTACORP,DEVYANI,DIVISLAB,DIXON,DLF,DMART,DRREDDY,DUMMYHEG,EASEMYTRIP,ECLERX,EICHERMOT,EIDPARRY,EIHOTEL,ELGIEQUIP,EMAMILTD,ENDURANCE,ENGINERSIN,EPIGRAL,EQUITASBNK,ERIS,ESCORTS,ETERNAL,EXIDEIND,FACT,FEDERALBNK,FINCABLES,FINEORG,FINPIPE,FIVESTAR,FLUOROCHEM,FORTIS,FSL,GAEL,GAIL,GALAXYSURF,GESHIP,GICRE,GILLETTE,GLAND,GLAXO,GLENMARK,GMRAIRPORT,GNFC,GOCOLORS,GODFRYPHLP,GODIGIT,GODREJAGRO,GODREJCP,GODREJIND,GODREJPROP,GPIL,GPPL,GRANULES,GRAPHITE,GRASIM,GRINDWELL,GRINFRA,GSFC,GSPL,GUJALKALI,GUJGASLTD,GVT&D,HAL,HAPPSTMNDS,HAVELLS,HBLENGINE,HCLTECH,HDFCAMC,HDFCBANK,HDFCLIFE,HEG,HEROMOTOCO,HFCL,HINDALCO,HINDCOPPER,HINDPETRO,HINDUNILVR,HINDZINC,HLEGLAS,HOMEFIRST,HONAUT,HUDCO,ICICIBANK,ICICIGI,ICICIPRULI,IDBI,IDEA,IDFC,IDFCFIRSTB,IEX,IFCI,IGL,IIFL,INDGN,INDHOTEL,INDIACEM,INDIAMART,INDIANB,INDIGO,INDUSINDBK,INDUSTOWER,INFIBEAM,INFY,INGERRAND,INOXINDIA,INTELLECT,IOB,IOC,IPCALAB,IRB,IRCON,IRCTC,IREDA,IRFC,ITC,ITI,JAMNAAUTO,JBCHEPHARM,JBMA,JINDALSAW,JINDALSTEL,JKCEMENT,JKLAKSHMI,JKTYRE,JMFINANCIL,JPPOWER,JSL,JSWDULUX,JSWENERGY,JSWSTEEL,JUBLFOOD,JUBLINGREA,JUBLPHARMA,JUSTDIAL,JYOTHYLAB,JYOTICNC,KAJARIACER,KALYANKJIL,KANSAINER,KARURVYSYA,KAYNES,KEC,KEI,KFINTECH,KIMS,KIRLFER,KIRLOSBROS,KIRLOSENG,KNRCON,KOTAKBANK,KPIL,KPITTECH,KPRMILL,KSB,LALPATHLAB,LATENTVIEW,LAURUSLABS,LAXMIMACH,LEMONTREE,LICHSGFIN,LICI,LINDEINDIA,LODHA,LT,LTF,LTM,LTTS,LUPIN,LUXIND,M&M,M&MFIN,MAHABANK,MAHLIFE,MANAPPURAM,MANKIND,MANYAVAR,MAPMYINDIA,MARICO,MARUTI,MASTEK,MAXHEALTH,MAZDOCK,MCX,MEDANTA,METROBRAND,METROPOLIS,MFSL,MGL,MINDACORP,MMTC,MOTHERSON,MOTILALOFS,MPHASIS,MRF,MRPL,MSUMI,MUTHOOTFIN,NAM-INDIA,NATCOPHARM,NATIONALUM,NAUKRI,NAVINFLUOR,NAZARA,NBCC,NCC,NESTLEIND,NETWEB,NETWORK18,NEWGEN,NH,NHPC,NIACL,NLCINDIA,NMDC,NSLNISP,NTPC,NUVOCO,NYKAA,OBEROIRLTY,OFSS,OIL,OLECTRA,ONGC,ORIENTELEC,PAGEIND,PATANJALI,PAYTM,PCBL,PEL,PERSISTENT,PETRONET,PFC,PFIZER,PGHH,PGHL,PHOENIXLTD,PIDILITIND,PIIND,PNB,PNBHOUSING,PNCINFRA,POLICYBZR,POLYCAB,POLYMED,POLYPLEX,POONAWALLA,POWERGRID,POWERINDIA,PPLPHARMA,PRAJIND,PRESTIGE,PTCIL,PVRINOX,QUESS,RADICO,RAIN,RAINBOW,RAJESHEXPO,RALLIS,RAMCOCEM,RATNAMANI,RAYMOND,RAYMONDLSL,RBLBANK,RCF,RECLTD,REDINGTON,RELAXO,RELIANCE,RENUKA,RHIM,RITES,ROSSARI,ROUTE,RTNINDIA,RVNL,SAIL,SAMMAANCAP,SANOFI,SAPPHIRE,SAREGAMA,SBICARD,SBILIFE,SBIN,SCHAEFFLER,SCI,SFL,SHARDACROP,SHOPERSTOP,SHREECEM,SHRIRAMFIN,SHYAMMETL,SIEMENS,SJVN,SKFINDIA,SOBHA,SOLARINDS,SONACOMS,SONATSOFTW,SPARC,SRF,STARHEALTH,SUMICHEM,SUNDARMFIN,SUNDRMFAST,SUNPHARMA,SUNTV,SUPRAJIT,SUPREMEIND,SUZLON,SWANCORP,SWSOLAR,SYMPHONY,SYNGENE,SYRMA,TANLA,TATACHEM,TATACOMM,TATACONSUM,TATAELXSI,TATAINVEST,TATAMTRDVR,TATAPOWER,TATASTEEL,TBOTEK,TCS,TEAMLEASE,TECHM,TECHNOE,TEJASNET,THERMAX,TIINDIA,TIMKEN,TITAN,TMPV,TORNTPHARM,TORNTPOWER,TRENT,TRIDENT,TRITURBINE,TRIVENI,TTKPRESTIG,TTML,TV18BRDCST,TVSMOTOR,UBL,UCOBANK,UJJIVANSFB,ULTRACEMCO,UNIONBANK,UNITDSPR,UNOMINDA,UPL,USHAMART,UTIAMC,VARROC,VBL,VEDL,VGUARD,VIJAYA,VINATIORGA,VIPIND,VMART,VOLTAS,VTL,WELCORP,WELSPUNLIV,WESTLIFE,WHIRLPOOL,WIPRO,YESBANK,ZEEL,ZENSARTECH,ZFCVINDIA,ZYDUSLIFE,ZYDUSWELL"
2023-08-31,"360ONE,3MINDIA,AADHARHFC,AARTIDRUGS,AARTIIND,AAVAS,ABB,ABBOTINDIA,ABCAPITAL,ABFRL,ABREL,ABSLAMC,ACC,ACI,ADANIENSOL,ADANIENT,ADANIGREEN,ADANIPORTS,ADANIPOWER,AEGISLOG,AFFLE,AIAENG,AJANTPHARM,ALKEM,ALKYLAMINE,ALOKINDS,AMBER,AMBUJACEM,ANANTRAJ,ANGELONE,APARINDS,APLAPOLLO,APLLTD,APOLLOHOSP,APOLLOTYRE,APTUS,ARE&M,ASAHIINDIA,ASHOKLEY,ASIANPAINT,ASTERDM,ASTRAL,ATGL,ATUL,AUBANK,AUROPHARMA,AVANTIFEED,AWL,AXISBANK,BAJAJ-AUTO,BAJAJFINSV,BAJAJHLDNG,BAJFINANCE,BALAMINES,BALKRISIND,BALRAMCHIN,BANDHANBNK,BANKBARODA,BANKINDIA,BASF,BATAINDIA,BAYERCROP,BBTC,BCG,BDL,BEL,BEML,BERGEPAINT,BHARATFORG,BHARTIARTL,BHARTIHEXA,BHEL,BIKAJI,BIOCON,BIRLACORPN,BLS,BLUEDART,BLUESTARCO,BOSCHLTD,BPCL,BRIGADE,BRITANNIA,BSE,BSOFT,CAMPUS,CAMS,CANBK,CANFINHOME,CARBORUNIV,CASTROLIND,CCL,CDSL,CEATLTD,CENTRALBK,CENTURYPLY,CERA,CESC,CGCL,CGPOWER,CHALET,CHAMBLFERT,CHEMPLASTS,CHOLAFIN,CHOLAHLDNG,CIEINDIA,CIPLA,CLEAN,COALINDIA,COCHINSHIP,COFORGE,COHANCE,COLPAL,CONCOR,COROMANDEL,CRAFTSMAN,CREDITACC,CRISIL,CROMPTON,CUB,CUMMINSIND,CYIENT,DABUR,DALBHARAT,DATAPATTNS,DBREALTY,DEEPAKFERT,DEEPAKNTR,DELHIVERY,DELTACORP,DEVYANI,DIVISLAB,DIXON,DLF,DMART,DRREDDY,DUMMYHEG,EASEMYTRIP,ECLERX,EICHERMOT,EIDPARRY,EIHOTEL,ELGIEQUIP,EMAMILTD,ENDURANCE,ENGINERSIN,EPIGRAL,EQUITASBNK,ERIS,ESCORTS,ETERNAL,EXIDEIND,FACT,FEDERALBNK,FINCABLES,FINEORG,FINPIPE,FIVESTAR,FLUOROCHEM,FORTIS,FSL,GAEL,GAIL,GALAXYSURF,GESHIP,GICRE,GILLETTE,GLAND,GLAXO,GLENMARK,GMRAIRPORT,GNFC,GOCOLORS,GODFRYPHLP,GODIGIT,GODREJAGRO,GODREJCP,GODREJIND,GODREJPROP,GPIL,GPPL,GRANULES,GRAPHITE,GRASIM,GRINDWELL,GRINFRA,GSFC,GSPL,GUJALKALI,GUJGASLTD,GVT&D,HAL,HAPPSTMNDS,HAVELLS,HBLENGINE,HCLTECH,HDFCAMC,HDFCBANK,HDFCLIFE,HEG,HEROMOTOCO,HFCL,HINDALCO,HINDCOPPER,HINDPETRO,HINDUNILVR,HINDZINC,HLEGLAS,HOMEFIRST,HONAUT,HUDCO,ICICIBANK,ICICIGI,ICICIPRULI,IDBI,IDEA,IDFC,IDFCFIRSTB,IEX,IFCI,IGL,IIFL,INDGN,INDHOTEL,INDIACEM,INDIAMART,INDIANB,INDIGO,INDUSINDBK,INDUSTOWER,INFIBEAM,INFY,INGERRAND,INOXINDIA,INTELLECT,IOB,IOC,IPCALAB,IRB,IRCON,IRCTC,IREDA,IRFC,ITC,ITI,JAMNAAUTO,JBCHEPHARM,JBMA,JINDALSAW,JINDALSTEL,JKCEMENT,JKLAKSHMI,JKTYRE,JMFINANCIL,JPPOWER,JSL,JSWDULUX,JSWENERGY,JSWSTEEL,JUBLFOOD,JUBLINGREA,JUBLPHARMA,JUSTDIAL,JYOTHYLAB,JYOTICNC,KAJARIACER,KALYANKJIL,KANSAINER,KARURVYSYA,KAYNES,KEC,KEI,KFINTECH,KIMS,KIRLFER,KIRLOSBROS,KIRLOSENG,KNRCON,KOTAKBANK,KPIL,KPITTECH,KPRMILL,KSB,LALPATHLAB,LATENTVIEW,LAURUSLABS,LAXMIMACH,LEMONTREE,LICHSGFIN,LICI,LINDEINDIA,LODHA,LT,LTF,LTM,LTTS,LUPIN,LUXIND,M&M,M&MFIN,MAHABANK,MAHLIFE,MANAPPURAM,MANKIND,MANYAVAR,MAPMYINDIA,MARICO,MARUTI,MASTEK,MAXHEALTH,MAZDOCK,MCX,MEDANTA,METROBRAND,METROPOLIS,MFSL,MGL,MINDACORP,MMTC,MOTHERSON,MOTILALOFS,MPHASIS,MRF,MRPL,MSUMI,MUTHOOTFIN,NAM-INDIA,NATCOPHARM,NATIONALUM,NAUKRI,NAVINFLUOR,NAZARA,NBCC,NCC,NESTLEIND,NETWEB,NETWORK18,NEWGEN,NH,NHPC,NIACL,NLCINDIA,NMDC,NSLNISP,NTPC,NUVOCO,NYKAA,OBEROIRLTY,OFSS,OIL,OLECTRA,ONGC,ORIENTELEC,PAGEIND,PATANJALI,PAYTM,PCBL,PEL,PERSISTENT,PETRONET,PFC,PFIZER,PGHH,PGHL,PHOENIXLTD,PIDILITIND,PIIND,PNB,PNBHOUSING,PNCINFRA,POLICYBZR,POLYCAB,POLYMED,POLYPLEX,POONAWALLA,POWERGRID,POWERINDIA,PPLPHARMA,PRAJIND,PRESTIGE,PTCIL,PVRINOX,QUESS,RADICO,RAIN,RAINBOW,RAJESHEXPO,RALLIS,RAMCOCEM,RATNAMANI,RAYMOND,RAYMONDLSL,RBLBANK,RCF,RECLTD,REDINGTON,RELAXO,RELIANCE,RENUKA,RHIM,RITES,ROSSARI,ROUTE,RTNINDIA,RVNL,SAIL,SAMMAANCAP,SANOFI,SAPPHIRE,SAREGAMA,SBICARD,SBILIFE,SBIN,SCHAEFFLER,SCI,SFL,SHARDACROP,SHOPERSTOP,SHREECEM,SHRIRAMFIN,SHYAMMETL,SIEMENS,SJVN,SKFINDIA,SOBHA,SOLARINDS,SONACOMS,SONATSOFTW,SPARC,SRF,STARHEALTH,SUMICHEM,SUNDARMFIN,SUNDRMFAST,SUNPHARMA,SUNTV,SUPRAJIT,SUPREMEIND,SUZLON,SWANCORP,SWSOLAR,SYMPHONY,SYNGENE,SYRMA,TANLA,TATACHEM,TATACOMM,TATACONSUM,TATAELXSI,TATAINVEST,TATAMTRDVR,TATAPOWER,TATASTEEL,TBOTEK,TCS,TEAMLEASE,TECHM,TECHNOE,TEJASNET,THERMAX,TIINDIA,TIMKEN,TITAN,TMPV,TORNTPHARM,TORNTPOWER,TRENT,TRIDENT,TRITURBINE,TRIVENI,TTKPRESTIG,TTML,TV18BRDCST,TVSMOTOR,UBL,UCOBANK,UJJIVANSFB,ULTRACEMCO,UNIONBANK,UNITDSPR,UNOMINDA,UPL,USHAMART,UTIAMC,VARROC,VBL,VEDL,VGUARD,VIJAYA,VINATIORGA,VIPIND,VMART,VOLTAS,VTL,WELCORP,WELSPUNLIV,WESTLIFE,WHIRLPOOL,WIPRO,YESBANK,ZEEL,ZENSARTECH,ZFCVINDIA,ZYDUSLIFE,ZYDUSWELL"
2023-09-30,"360ONE,3MINDIA,AADHARHFC,AARTIDRUGS,AARTIIND,AAVAS,ABB,ABBOTINDIA,ABCAPITAL,ABFRL,ABREL,ABSLAMC,ACC,ACI,ADANIENSOL,ADANIENT,ADANIGREEN,ADANIPORTS,ADANIPOWER,AEGISLOG,AFFLE,AIAENG,AJANTPHARM,ALKEM,ALKYLAMINE,ALOKINDS,AMBER,AMBUJACEM,ANANTRAJ,ANGELONE,APARINDS,APLAPOLLO,APLLTD,APOLLOHOSP,APOLLOTYRE,APTUS,ARE&M,ASAHIINDIA,ASHOKLEY,ASIANPAINT,ASTERDM,ASTRAL,ATGL,ATUL,AUBANK,AUROPHARMA,AVANTIFEED,AWL,AXISBANK,BAJAJ-AUTO,BAJAJFINSV,BAJAJHLDNG,BAJFINANCE,BALAMINES,BALKRISIND,BALRAMCHIN,BANDHANBNK,BANKBARODA,BANKINDIA,BASF,BATAINDIA,BAYERCROP,BBTC,BCG,BDL,BEL,BEML,BERGEPAINT,BHARATFORG,BHARTIARTL,BHARTIHEXA,BHEL,BIKAJI,BIOCON,BIRLACORPN,BLS,BLUEDART,BLUESTARCO,BOSCHLTD,BPCL,BRIGADE,BRITANNIA,BSE,BSOFT,CAMPUS,CAMS,CANBK,CANFINHOME,CARBORUNIV,CASTROLIND,CCL,CDSL,CEATLTD,CENTRALBK,CENTURYPLY,CERA,CESC,CGCL,CGPOWER,CHALET,CHAMBLFERT,CHEMPLASTS,CHOLAFIN,CHOLAHLDNG,CIEINDIA,CIPLA,CLEAN,COALINDIA,COCHINSHIP,COFORGE,COHANCE,COLPAL,CONCOR,COROMANDEL,CRAFTSMAN,CREDITACC,CRISIL,CROMPTON,CUB,CUMMINSIND,CYIENT,DABUR,DALBHARAT,DATAPATTNS,DBREALTY,DEEPAKFERT,DEEPAKNTR,DELHIVERY,DELTACORP,DEVYANI,DIVISLAB,DIXON,DLF,DMART,DRREDDY,DUMMYHEG,EASEMYTRIP,ECLERX,EICHERMOT,EIDPARRY,EIHOTEL,ELGIEQUIP,EMAMILTD,ENDURANCE,ENGINERSIN,EPIGRAL,EQUITASBNK,ERIS,ESCORTS,ETERNAL,EXIDEIND,FACT,FEDERALBNK,FINCABLES,FINEORG,FINPIPE,FIVESTAR,FLUOROCHEM,FORTIS,FSL,GAEL,GAIL,GALAXYSURF,GESHIP,GICRE,GILLETTE,GLAND,GLAXO,GLENMARK,GMRAIRPORT,GNFC,GOCOLORS,GODFRYPHLP,GODIGIT,GODREJAGRO,GODREJCP,GODREJIND,GODREJPROP,GPIL,GPPL,GRANULES,GRAPHITE,GRASIM,GRINDWELL,GRINFRA,GSFC,GSPL,GUJALKALI,GUJGASLTD,GVT&D,HAL,HAPPSTMNDS,HAVELLS,HBLENGINE,HCLTECH,HDFCAMC,HDFCBANK,HDFCLIFE,HEG,HEROMOTOCO,HFCL,HINDALCO,HINDCOPPER,HINDPETRO,HINDUNILVR,HINDZINC,HLEGLAS,HOMEFIRST,HONAUT,HUDCO,ICICIBANK,ICICIGI,ICICIPRULI,IDBI,IDEA,IDFC,IDFCFIRSTB,IEX,IFCI,IGL,IIFL,INDGN,INDHOTEL,INDIACEM,INDIAMART,INDIANB,INDIGO,INDUSINDBK,INDUSTOWER,INFIBEAM,INFY,INGERRAND,INOXINDIA,INTELLECT,IOB,IOC,IPCALAB,IRB,IRCON,IRCTC,IREDA,IRFC,ITC,ITI,JAMNAAUTO,JBCHEPHARM,JBMA,JINDALSAW,JINDALSTEL,JKCEMENT,JKLAKSHMI,JKTYRE,JMFINANCIL,JPPOWER,JSL,JSWDULUX,JSWENERGY,JSWSTEEL,JUBLFOOD,JUBLINGREA,JUBLPHARMA,JUSTDIAL,JYOTHYLAB,JYOTICNC,KAJARIACER,KALYANKJIL,KANSAINER,KARURVYSYA,KAYNES,KEC,KEI,KFINTECH,KIMS,KIRLFER,KIRLOSBROS,KIRLOSENG,KNRCON,KOTAKBANK,KPIL,KPITTECH,KPRMILL,KSB,LALPATHLAB,LATENTVIEW,LAURUSLABS,LAXMIMACH,LEMONTREE,LICHSGFIN,LICI,LINDEINDIA,LODHA,LT,LTF,LTM,LTTS,LUPIN,LUXIND,M&M,M&MFIN,MAHABANK,MAHLIFE,MANAPPURAM,MANKIND,MANYAVAR,MAPMYINDIA,MARICO,MARUTI,MASTEK,MAXHEALTH,MAZDOCK,MCX,MEDANTA,METROBRAND,METROPOLIS,MFSL,MGL,MINDACORP,MMTC,MOTHERSON,MOTILALOFS,MPHASIS,MRF,MRPL,MSUMI,MUTHOOTFIN,NAM-INDIA,NATCOPHARM,NATIONALUM,NAUKRI,NAVINFLUOR,NAZARA,NBCC,NCC,NESTLEIND,NETWEB,NETWORK18,NEWGEN,NH,NHPC,NIACL,NLCINDIA,NMDC,NSLNISP,NTPC,NUVOCO,NYKAA,OBEROIRLTY,OFSS,OIL,OLECTRA,ONGC,ORIENTELEC,PAGEIND,PATANJALI,PAYTM,PCBL,PEL,PERSISTENT,PETRONET,PFC,PFIZER,PGHH,PGHL,PHOENIXLTD,PIDILITIND,PIIND,PNB,PNBHOUSING,PNCINFRA,POLICYBZR,POLYCAB,POLYMED,POLYPLEX,POONAWALLA,POWERGRID,POWERINDIA,PPLPHARMA,PRAJIND,PRESTIGE,PTCIL,PVRINOX,QUESS,RADICO,RAIN,RAINBOW,RAJESHEXPO,RALLIS,RAMCOCEM,RATNAMANI,RAYMOND,RAYMONDLSL,RBLBANK,RCF,RECLTD,REDINGTON,RELAXO,RELIANCE,RENUKA,RHIM,RITES,ROSSARI,ROUTE,RTNINDIA,RVNL,SAIL,SAMMAANCAP,SANOFI,SAPPHIRE,SAREGAMA,SBICARD,SBILIFE,SBIN,SCHAEFFLER,SCI,SFL,SHARDACROP,SHOPERSTOP,SHREECEM,SHRIRAMFIN,SHYAMMETL,SIEMENS,SJVN,SKFINDIA,SOBHA,SOLARINDS,SONACOMS,SONATSOFTW,SPARC,SRF,STARHEALTH,SUMICHEM,SUNDARMFIN,SUNDRMFAST,SUNPHARMA,SUNTV,SUPRAJIT,SUPREMEIND,SUZLON,SWANCORP,SWSOLAR,SYMPHONY,SYNGENE,SYRMA,TANLA,TATACHEM,TATACOMM,TATACONSUM,TATAELXSI,TATAINVEST,TATAMTRDVR,TATAPOWER,TATASTEEL,TBOTEK,TCS,TEAMLEASE,TECHM,TECHNOE,TEJASNET,THERMAX,TIINDIA,TIMKEN,TITAN,TMPV,TORNTPHARM,TORNTPOWER,TRENT,TRIDENT,TRITURBINE,TRIVENI,TTKPRESTIG,TTML,TV18BRDCST,TVSMOTOR,UBL,UCOBANK,UJJIVANSFB,ULTRACEMCO,UNIONBANK,UNITDSPR,UNOMINDA,UPL,USHAMART,UTIAMC,VARROC,VBL,VEDL,VGUARD,VIJAYA,VINATIORGA,VIPIND,VMART,VOLTAS,VTL,WELCORP,WELSPUNLIV,WESTLIFE,WHIRLPOOL,WIPRO,YESBANK,ZEEL,ZENSARTECH,ZFCVINDIA,ZYDUSLIFE,ZYDUSWELL"
2023-10-31,"360ONE,3MINDIA,AADHARHFC,AARTIDRUGS,AARTIIND,AAVAS,ABB,ABBOTINDIA,ABCAPITAL,ABFRL,ABREL,ABSLAMC,ACC,ACI,ADANIENSOL,ADANIENT,ADANIGREEN,ADANIPORTS,ADANIPOWER,AEGISLOG,AFFLE,AIAENG,AJANTPHARM,ALKEM,ALKYLAMINE,ALOKINDS,AMBER,AMBUJACEM,ANANTRAJ,ANGELONE,APARINDS,APLAPOLLO,APLLTD,APOLLOHOSP,APOLLOTYRE,APTUS,ARE&M,ASAHIINDIA,ASHOKLEY,ASIANPAINT,ASTERDM,ASTRAL,ATGL,ATUL,AUBANK,AUROPHARMA,AVANTIFEED,AWL,AXISBANK,BAJAJ-AUTO,BAJAJFINSV,BAJAJHLDNG,BAJFINANCE,BALAMINES,BALKRISIND,BALRAMCHIN,BANDHANBNK,BANKBARODA,BANKINDIA,BASF,BATAINDIA,BAYERCROP,BBTC,BCG,BDL,BEL,BEML,BERGEPAINT,BHARATFORG,BHARTIARTL,BHARTIHEXA,BHEL,BIKAJI,BIOCON,BIRLACORPN,BLS,BLUEDART,BLUESTARCO,BOSCHLTD,BPCL,BRIGADE,BRITANNIA,BSE,BSOFT,CAMPUS,CAMS,CANBK,CANFINHOME,CARBORUNIV,CASTROLIND,CCL,CDSL,CEATLTD,CENTRALBK,CENTURYPLY,CERA,CESC,CGCL,CGPOWER,CHALET,CHAMBLFERT,CHEMPLASTS,CHOLAFIN,CHOLAHLDNG,CIEINDIA,CIPLA,CLEAN,COALINDIA,COCHINSHIP,COFORGE,COHANCE,COLPAL,CONCOR,CONCORDBIO,COROMANDEL,CRAFTSMAN,CREDITACC,CRISIL,CROMPTON,CUB,CUMMINSIND,CYIENT,DABUR,DALBHARAT,DATAPATTNS,DBREALTY,DEEPAKFERT,DEEPAKNTR,DELHIVERY,DELTACORP,DEVYANI,DIVISLAB,DIXON,DLF,DMART,DRREDDY,DUMMYHEG,EASEMYTRIP,ECLERX,EICHERMOT,EIDPARRY,EIHOTEL,ELGIEQUIP,EMAMILTD,ENDURANCE,ENGINERSIN,EPIGRAL,EQUITASBNK,ERIS,ESCORTS,ETERNAL,EXIDEIND,FACT,FEDERALBNK,FINCABLES,FINEORG,FINPIPE,FIVESTAR,FLUOROCHEM,FORTIS,FSL,GAEL,GAIL,GALAXYSURF,GESHIP,GICRE,GILLETTE,GLAND,GLAXO,GLENMARK,GMRAIRPORT,GNFC,GOCOLORS,GODFRYPHLP,GODIGIT,GODREJAGRO,GODREJCP,GODREJIND,GODREJPROP,GPIL,GPPL,GRANULES,GRAPHITE,GRASIM,GRINDWELL,GRINFRA,GSFC,GSPL,GUJALKALI,GUJGASLTD,GVT&D,HAL,HAPPSTMNDS,HAVELLS,HBLENGINE,HCLTECH,HDFCAMC,HDFCBANK,HDFCLIFE,HEG,HEROMOTOCO,HFCL,HINDALCO,HINDCOPPER,HINDPETRO,HINDUNILVR,HINDZINC,HLEGLAS,HOMEFIRST,HONAUT,HUDCO,ICICIBANK,ICICIGI,ICICIPRULI,IDBI,IDEA,IDFC,IDFCFIRSTB,IEX,IFCI,IGL,IIFL,INDGN,INDHOTEL,INDIACEM,INDIAMART,INDIANB,INDIGO,INDUSINDBK,INDUSTOWER,INFIBEAM,INFY,INGERRAND,INOXINDIA,INTELLECT,IOB,IOC,IPCALAB,IRB,IRCON,IRCTC,IREDA,IRFC,ITC,ITI,JAMNAAUTO,JBCHEPHARM,JBMA,JINDALSAW,JINDALSTEL,JKCEMENT,JKLAKSHMI,JKTYRE,JMFINANCIL,JPPOWER,JSL,JSWDULUX,JSWENERGY,JSWSTEEL,JUBLFOOD,JUBLINGREA,JUBLPHARMA,JUSTDIAL,JYOTHYLAB,JYOTICNC,KAJARIACER,KALYANKJIL,KANSAINER,KARURVYSYA,KAYNES,KEC,KEI,KFINTECH,KIMS,KIRLOSBROS,KIRLOSENG,KNRCON,KOTAKBANK,KPIL,KPITTECH,KPRMILL,KSB,LALPATHLAB,LATENTVIEW,LAURUSLABS,LAXMIMACH,LEMONTREE,LICHSGFIN,LICI,LINDEINDIA,LODHA,LT,LTF,LTM,LTTS,LUPIN,LUXIND,M&M,M&MFIN,MAHABANK,MAHLIFE,MANAPPURAM,MANKIND,MANYAVAR,MAPMYINDIA,MARICO,MARUTI,MASTEK,MAXHEALTH,MAZDOCK,MCX,MEDANTA,METROBRAND,METROPOLIS,MFSL,MGL,MINDACORP,MMTC,MOTHERSON,MOTILALOFS,MPHASIS,MRF,MRPL,MSUMI,MUTHOOTFIN,NAM-INDIA,NATCOPHARM,NATIONALUM,NAUKRI,NAVINFLUOR,NAZARA,NBCC,NCC,NESTLEIND,NETWEB,NETWORK18,NEWGEN,NH,NHPC,NIACL,NLCINDIA,NMDC,NSLNISP,NTPC,NUVOCO,NYKAA,OBEROIRLTY,OFSS,OIL,OLECTRA,ONGC,ORIENTELEC,PAGEIND,PATANJALI,PAYTM,PCBL,PEL,PERSISTENT,PETRONET,PFC,PFIZER,PGHH,PGHL,PHOENIXLTD,PIDILITIND,PIIND,PNB,PNBHOUSING,PNCINFRA,POLICYBZR,POLYCAB,POLYMED,POLYPLEX,POONAWALLA,POWERGRID,POWERINDIA,PPLPHARMA,PRAJIND,PRESTIGE,PTCIL,PVRINOX,QUESS,RADICO,RAIN,RAINBOW,RAJESHEXPO,RALLIS,RAMCOCEM,RATNAMANI,RAYMOND,RAYMONDLSL,RBLBANK,RCF,RECLTD,REDINGTON,RELAXO,RELIANCE,RENUKA,RHIM,RITES,ROSSARI,ROUTE,RTNINDIA,RVNL,SAIL,SAMMAANCAP,SANOFI,SAPPHIRE,SAREGAMA,SBICARD,SBILIFE,SBIN,SCHAEFFLER,SCI,SFL,SHARDACROP,SHOPERSTOP,SHREECEM,SHRIRAMFIN,SHYAMMETL,SIEMENS,SJVN,SKFINDIA,SOBHA,SOLARINDS,SONACOMS,SONATSOFTW,SPARC,SRF,STARHEALTH,SUMICHEM,SUNDARMFIN,SUNDRMFAST,SUNPHARMA,SUNTV,SUPRAJIT,SUPREMEIND,SUZLON,SWANCORP,SWSOLAR,SYMPHONY,SYNGENE,SYRMA,TANLA,TATACHEM,TATACOMM,TATACONSUM,TATAELXSI,TATAINVEST,TATAMTRDVR,TATAPOWER,TATASTEEL,TBOTEK,TCS,TEAMLEASE,TECHM,TECHNOE,TEJASNET,THERMAX,TIINDIA,TIMKEN,TITAN,TMPV,TORNTPHARM,TORNTPOWER,TRENT,TRIDENT,TRITURBINE,TRIVENI,TTKPRESTIG,TTML,TV18BRDCST,TVSMOTOR,UBL,UCOBANK,UJJIVANSFB,ULTRACEMCO,UNIONBANK,UNITDSPR,UNOMINDA,UPL,USHAMART,UTIAMC,VARROC,VBL,VEDL,VGUARD,VIJAYA,VINATIORGA,VIPIND,VMART,VOLTAS,VTL,WELCORP,WELSPUNLIV,WESTLIFE,WHIRLPOOL,WIPRO,YESBANK,ZEEL,ZENSARTECH,ZFCVINDIA,ZYDUSLIFE,ZYDUSWELL"
2023-11-30,"360ONE,3MINDIA,AADHARHFC,AARTIDRUGS,AARTIIND,AAVAS,ABB,ABBOTINDIA,ABCAPITAL,ABFRL,ABREL,ABSLAMC,ACC,ACI,ADANIENSOL,ADANIENT,ADANIGREEN,ADANIPORTS,ADANIPOWER,AEGISLOG,AFFLE,AIAENG,AJANTPHARM,ALKEM,ALKYLAMINE,ALOKINDS,AMBER,AMBUJACEM,ANANTRAJ,ANGELONE,APARINDS,APLAPOLLO,APLLTD,APOLLOHOSP,APOLLOTYRE,APTUS,ARE&M,ASAHIINDIA,ASHOKLEY,ASIANPAINT,ASTERDM,ASTRAL,ATGL,ATUL,AUBANK,AUROPHARMA,AVANTIFEED,AWL,AXISBANK,BAJAJ-AUTO,BAJAJFINSV,BAJAJHLDNG,BAJFINANCE,BALAMINES,BALKRISIND,BALRAMCHIN,BANDHANBNK,BANKBARODA,BANKINDIA,BASF,BATAINDIA,BAYERCROP,BBTC,BCG,BDL,BEL,BEML,BERGEPAINT,BHARATFORG,BHARTIARTL,BHARTIHEXA,BHEL,BIKAJI,BIOCON,BIRLACORPN,BLS,BLUEDART,BLUESTARCO,BOSCHLTD,BPCL,BRIGADE,BRITANNIA,BSE,BSOFT,CAMPUS,CAMS,CANBK,CANFINHOME,CARBORUNIV,CASTROLIND,CCL,CDSL,CEATLTD,CENTRALBK,CENTURYPLY,CERA,CESC,CGCL,CGPOWER,CHALET,CHAMBLFERT,CHEMPLASTS,CHOLAFIN,CHOLAHLDNG,CIEINDIA,CIPLA,CLEAN,COALINDIA,COCHINSHIP,COFORGE,COHANCE,COLPAL,CONCOR,CONCORDBIO,COROMANDEL,CRAFTSMAN,CREDITACC,CRISIL,CROMPTON,CUB,CUMMINSIND,CYIENT,DABUR,DALBHARAT,DATAPATTNS,DBREALTY,DEEPAKFERT,DEEPAKNTR,DELHIVERY,DELTACORP,DEVYANI,DIVISLAB,DIXON,DLF,DMART,DRREDDY,DUMMYHEG,EASEMYTRIP,ECLERX,EICHERMOT,EIDPARRY,EIHOTEL,ELGIEQUIP,EMAMILTD,ENDURANCE,ENGINERSIN,EPIGRAL,EQUITASBNK,ERIS,ESCORTS,ETERNAL,EXIDEIND,FACT,FEDERALBNK,FINCABLES,FINEORG,FINPIPE,FIVESTAR,FLUOROCHEM,FORTIS,FSL,GAEL,GAIL,GALAXYSURF,GESHIP,GICRE,GILLETTE,GLAND,GLAXO,GLENMARK,GMRAIRPORT,GNFC,GOCOLORS,GODFRYPHLP,GODIGIT,GODREJAGRO,GODREJCP,GODREJIND,GODREJPROP,GPIL,GPPL,GRANULES,GRAPHITE,GRASIM,GRINDWELL,GRINFRA,GSFC,GSPL,GUJALKALI,GUJGASLTD,GVT&D,HAL,HAPPSTMNDS,HAVELLS,HBLENGINE,HCLTECH,HDFCAMC,HDFCBANK,HDFCLIFE,HEG,HEROMOTOCO,HFCL,HINDALCO,HINDCOPPER,HINDPETRO,HINDUNILVR,HINDZINC,HLEGLAS,HOMEFIRST,HONAUT,HUDCO,ICICIBANK,ICICIGI,ICICIPRULI,IDBI,IDEA,IDFC,IDFCFIRSTB,IEX,IFCI,IGL,IIFL,INDGN,INDHOTEL,INDIACEM,INDIAMART,INDIANB,INDIGO,INDUSINDBK,INDUSTOWER,INFIBEAM,INFY,INGERRAND,INOXINDIA,INTELLECT,IOB,IOC,IPCALAB,IRB,IRCON,IRCTC,IREDA,IRFC,ITC,ITI,JAMNAAUTO,JBCHEPHARM,JBMA,JINDALSAW,JINDALSTEL,JKCEMENT,JKLAKSHMI,JKTYRE,JMFINANCIL,JPPOWER,JSL,JSWDULUX,JSWENERGY,JSWSTEEL,JUBLFOOD,JUBLINGREA,JUBLPHARMA,JUSTDIAL,JYOTHYLAB,JYOTICNC,KAJARIACER,KALYANKJIL,KANSAINER,KARURVYSYA,KAYNES,KEC,KEI,KFINTECH,KIMS,KIRLOSBROS,KIRLOSENG,KNRCON,KOTAKBANK,KPIL,KPITTECH,KPRMILL,KSB,LALPATHLAB,LATENTVIEW,LAURUSLABS,LAXMIMACH,LEMONTREE,LICHSGFIN,LICI,LINDEINDIA,LODHA,LT,LTF,LTM,LTTS,LUPIN,LUXIND,M&M,M&MFIN,MAHABANK,MAHLIFE,MANAPPURAM,MANKIND,MANYAVAR,MAPMYINDIA,MARICO,MARUTI,MASTEK,MAXHEALTH,MAZDOCK,MCX,MEDANTA,METROBRAND,METROPOLIS,MFSL,MGL,MINDACORP,MMTC,MOTHERSON,MOTILALOFS,MPHASIS,MRF,MRPL,MSUMI,MUTHOOTFIN,NAM-INDIA,NATCOPHARM,NATIONALUM,NAUKRI,NAVINFLUOR,NAZARA,NBCC,NCC,NESTLEIND,NETWEB,NETWORK18,NEWGEN,NH,NHPC,NIACL,NLCINDIA,NMDC,NSLNISP,NTPC,NUVOCO,NYKAA,OBEROIRLTY,OFSS,OIL,OLECTRA,ONGC,ORIENTELEC,PAGEIND,PATANJALI,PAYTM,PCBL,PEL,PERSISTENT,PETRONET,PFC,PFIZER,PGHH,PGHL,PHOENIXLTD,PIDILITIND,PIIND,PNB,PNBHOUSING,PNCINFRA,POLICYBZR,POLYCAB,POLYMED,POLYPLEX,POONAWALLA,POWERGRID,POWERINDIA,PPLPHARMA,PRAJIND,PRESTIGE,PTCIL,PVRINOX,QUESS,RADICO,RAIN,RAINBOW,RAJESHEXPO,RALLIS,RAMCOCEM,RATNAMANI,RAYMOND,RAYMONDLSL,RBLBANK,RCF,RECLTD,REDINGTON,RELAXO,RELIANCE,RENUKA,RHIM,RITES,ROSSARI,ROUTE,RTNINDIA,RVNL,SAIL,SAMMAANCAP,SANOFI,SAPPHIRE,SAREGAMA,SBICARD,SBILIFE,SBIN,SCHAEFFLER,SCI,SFL,SHARDACROP,SHOPERSTOP,SHREECEM,SHRIRAMFIN,SHYAMMETL,SIEMENS,SJVN,SKFINDIA,SOBHA,SOLARINDS,SONACOMS,SONATSOFTW,SPARC,SRF,STARHEALTH,SUMICHEM,SUNDARMFIN,SUNDRMFAST,SUNPHARMA,SUNTV,SUPRAJIT,SUPREMEIND,SUZLON,SWANCORP,SWSOLAR,SYMPHONY,SYNGENE,SYRMA,TANLA,TATACHEM,TATACOMM,TATACONSUM,TATAELXSI,TATAINVEST,TATAMTRDVR,TATAPOWER,TATASTEEL,TBOTEK,TCS,TEAMLEASE,TECHM,TECHNOE,TEJASNET,THERMAX,TIINDIA,TIMKEN,TITAN,TMPV,TORNTPHARM,TORNTPOWER,TRENT,TRIDENT,TRITURBINE,TRIVENI,TTKPRESTIG,TTML,TV18BRDCST,TVSMOTOR,UBL,UCOBANK,UJJIVANSFB,ULTRACEMCO,UNIONBANK,UNITDSPR,UNOMINDA,UPL,USHAMART,UTIAMC,VARROC,VBL,VEDL,VGUARD,VIJAYA,VINATIORGA,VIPIND,VMART,VOLTAS,VTL,WELCORP,WELSPUNLIV,WESTLIFE,WHIRLPOOL,WIPRO,YESBANK,ZEEL,ZENSARTECH,ZFCVINDIA,ZYDUSLIFE,ZYDUSWELL"
2023-12-31,"360ONE,3MINDIA,AADHARHFC,AARTIDRUGS,AARTIIND,AAVAS,ABB,ABBOTINDIA,ABCAPITAL,ABFRL,ABREL,ABSLAMC,ACC,ACI,ADANIENSOL,ADANIENT,ADANIGREEN,ADANIPORTS,ADANIPOWER,AEGISLOG,AFFLE,AIAENG,AJANTPHARM,ALKEM,ALKYLAMINE,ALOKINDS,AMBER,AMBUJACEM,ANANTRAJ,ANGELONE,APARINDS,APLAPOLLO,APLLTD,APOLLOHOSP,APOLLOTYRE,APTUS,ARE&M,ASAHIINDIA,ASHOKLEY,ASIANPAINT,ASTERDM,ASTRAL,ATGL,ATUL,AUBANK,AUROPHARMA,AVANTIFEED,AWL,AXISBANK,BAJAJ-AUTO,BAJAJFINSV,BAJAJHLDNG,BAJFINANCE,BALAMINES,BALKRISIND,BALRAMCHIN,BANDHANBNK,BANKBARODA,BANKINDIA,BASF,BATAINDIA,BAYERCROP,BBTC,BCG,BDL,BEL,BEML,BERGEPAINT,BHARATFORG,BHARTIARTL,BHARTIHEXA,BHEL,BIKAJI,BIOCON,BIRLACORPN,BLS,BLUEDART,BLUESTARCO,BOSCHLTD,BPCL,BRIGADE,BRITANNIA,BSE,BSOFT,CAMPUS,CAMS,CANBK,CANFINHOME,CARBORUNIV,CASTROLIND,CCL,CDSL,CEATLTD,CENTRALBK,CENTURYPLY,CERA,CESC,CGCL,CGPOWER,CHALET,CHAMBLFERT,CHEMPLASTS,CHOLAFIN,CHOLAHLDNG,CIEINDIA,CIPLA,CLEAN,COALINDIA,COCHINSHIP,COFORGE,COHANCE,COLPAL,CONCOR,CONCORDBIO,COROMANDEL,CRAFTSMAN,CREDITACC,CRISIL,CROMPTON,CUB,CUMMINSIND,CYIENT,DABUR,DALBHARAT,DATAPATTNS,DBREALTY,DEEPAKFERT,DEEPAKNTR,DELHIVERY,DELTACORP,DEVYANI,DIVISLAB,DIXON,DLF,DMART,DRREDDY,DUMMYHEG,EASEMYTRIP,ECLERX,EICHERMOT,EIDPARRY,EIHOTEL,ELGIEQUIP,EMAMILTD,ENDURANCE,ENGINERSIN,EPIGRAL,EQUITASBNK,ERIS,ESCORTS,ETERNAL,EXIDEIND,FACT,FEDERALBNK,FINCABLES,FINEORG,FINPIPE,FIVESTAR,FLUOROCHEM,FORTIS,FSL,GAEL,GAIL,GALAXYSURF,GESHIP,GICRE,GILLETTE,GLAND,GLAXO,GLENMARK,GMRAIRPORT,GNFC,GOCOLORS,GODFRYPHLP,GODIGIT,GODREJAGRO,GODREJCP,GODREJIND,GODREJPROP,GPIL,GPPL,GRANULES,GRAPHITE,GRASIM,GRINDWELL,GRINFRA,GSFC,GSPL,GUJALKALI,GUJGASLTD,GVT&D,HAL,HAPPSTMNDS,HAVELLS,HBLENGINE,HCLTECH,HDFCAMC,HDFCBANK,HDFCLIFE,HEG,HEROMOTOCO,HFCL,HINDALCO,HINDCOPPER,HINDPETRO,HINDUNILVR,HINDZINC,HLEGLAS,HOMEFIRST,HONAUT,HUDCO,ICICIBANK,ICICIGI,ICICIPRULI,IDBI,IDEA,IDFC,IDFCFIRSTB,IEX,IFCI,IGL,IIFL,INDGN,INDHOTEL,INDIACEM,INDIAMART,INDIANB,INDIGO,INDUSINDBK,INDUSTOWER,INFIBEAM,INFY,INGERRAND,INOXINDIA,INTELLECT,IOB,IOC,IPCALAB,IRB,IRCON,IRCTC,IREDA,IRFC,ITC,ITI,JAMNAAUTO,JBCHEPHARM,JBMA,JINDALSAW,JINDALSTEL,JKCEMENT,JKLAKSHMI,JKTYRE,JMFINANCIL,JPPOWER,JSL,JSWDULUX,JSWENERGY,JSWSTEEL,JUBLFOOD,JUBLINGREA,JUBLPHARMA,JUSTDIAL,JYOTHYLAB,JYOTICNC,KAJARIACER,KALYANKJIL,KANSAINER,KARURVYSYA,KAYNES,KEC,KEI,KFINTECH,KIMS,KIRLOSBROS,KIRLOSENG,KNRCON,KOTAKBANK,KPIL,KPITTECH,KPRMILL,KSB,LALPATHLAB,LATENTVIEW,LAURUSLABS,LAXMIMACH,LEMONTREE,LICHSGFIN,LICI,LINDEINDIA,LODHA,LT,LTF,LTM,LTTS,LUPIN,LUXIND,M&M,M&MFIN,MAHABANK,MAHLIFE,MANAPPURAM,MANKIND,MANYAVAR,MAPMYINDIA,MARICO,MARUTI,MASTEK,MAXHEALTH,MAZDOCK,MCX,MEDANTA,METROBRAND,METROPOLIS,MFSL,MGL,MINDACORP,MMTC,MOTHERSON,MOTILALOFS,MPHASIS,MRF,MRPL,MSUMI,MUTHOOTFIN,NAM-INDIA,NATCOPHARM,NATIONALUM,NAUKRI,NAVINFLUOR,NAZARA,NBCC,NCC,NESTLEIND,NETWEB,NETWORK18,NEWGEN,NH,NHPC,NIACL,NLCINDIA,NMDC,NSLNISP,NTPC,NUVOCO,NYKAA,OBEROIRLTY,OFSS,OIL,OLECTRA,ONGC,ORIENTELEC,PAGEIND,PATANJALI,PAYTM,PCBL,PEL,PERSISTENT,PETRONET,PFC,PFIZER,PGHH,PGHL,PHOENIXLTD,PIDILITIND,PIIND,PNB,PNBHOUSING,PNCINFRA,POLICYBZR,POLYCAB,POLYMED,POLYPLEX,POONAWALLA,POWERGRID,POWERINDIA,PPLPHARMA,PRAJIND,PRESTIGE,PTCIL,PVRINOX,QUESS,RADICO,RAIN,RAINBOW,RAJESHEXPO,RALLIS,RAMCOCEM,RATNAMANI,RAYMOND,RAYMONDLSL,RBLBANK,RCF,RECLTD,REDINGTON,RELAXO,RELIANCE,RENUKA,RHIM,RITES,ROSSARI,ROUTE,RTNINDIA,RVNL,SAIL,SAMMAANCAP,SANOFI,SAPPHIRE,SAREGAMA,SBICARD,SBILIFE,SBIN,SCHAEFFLER,SCI,SFL,SHARDACROP,SHOPERSTOP,SHREECEM,SHRIRAMFIN,SHYAMMETL,SIEMENS,SJVN,SKFINDIA,SOBHA,SOLARINDS,SONACOMS,SONATSOFTW,SPARC,SRF,STARHEALTH,SUMICHEM,SUNDARMFIN,SUNDRMFAST,SUNPHARMA,SUNTV,SUPRAJIT,SUPREMEIND,SUZLON,SWANCORP,SWSOLAR,SYMPHONY,SYNGENE,SYRMA,TANLA,TATACHEM,TATACOMM,TATACONSUM,TATAELXSI,TATAINVEST,TATAMTRDVR,TATAPOWER,TATASTEEL,TBOTEK,TCS,TEAMLEASE,TECHM,TECHNOE,TEJASNET,THERMAX,TIINDIA,TIMKEN,TITAN,TMPV,TORNTPHARM,TORNTPOWER,TRENT,TRIDENT,TRITURBINE,TRIVENI,TTKPRESTIG,TTML,TV18BRDCST,TVSMOTOR,UBL,UCOBANK,UJJIVANSFB,ULTRACEMCO,UNIONBANK,UNITDSPR,UNOMINDA,UPL,USHAMART,UTIAMC,VARROC,VBL,VEDL,VGUARD,VIJAYA,VINATIORGA,VIPIND,VMART,VOLTAS,VTL,WELCORP,WELSPUNLIV,WESTLIFE,WHIRLPOOL,WIPRO,YESBANK,ZEEL,ZENSARTECH,ZFCVINDIA,ZYDUSLIFE,ZYDUSWELL"
2024-01-31,"360ONE,3MINDIA,AADHARHFC,AARTIDRUGS,AARTIIND,AAVAS,ABB,ABBOTINDIA,ABCAPITAL,ABFRL,ABREL,ABSLAMC,ACC,ACI,ADANIENSOL,ADANIENT,ADANIGREEN,ADANIPORTS,ADANIPOWER,AEGISLOG,AFFLE,AIAENG,AJANTPHARM,ALKEM,ALKYLAMINE,ALOKINDS,AMBER,AMBUJACEM,ANANTRAJ,ANGELONE,APARINDS,APLAPOLLO,APLLTD,APOLLOHOSP,APOLLOTYRE,APTUS,ARE&M,ASAHIINDIA,ASHOKLEY,ASIANPAINT,ASTERDM,ASTRAL,ATGL,ATUL,AUBANK,AUROPHARMA,AVANTIFEED,AWL,AXISBANK,BAJAJ-AUTO,BAJAJFINSV,BAJAJHLDNG,BAJFINANCE,BALAMINES,BALKRISIND,BALRAMCHIN,BANDHANBNK,BANKBARODA,BANKINDIA,BASF,BATAINDIA,BAYERCROP,BBTC,BCG,BDL,BEL,BEML,BERGEPAINT,BHARATFORG,BHARTIARTL,BHARTIHEXA,BHEL,BIKAJI,BIOCON,BIRLACORPN,BLS,BLUEDART,BLUESTARCO,BOSCHLTD,BPCL,BRIGADE,BRITANNIA,BSE,BSOFT,CAMPUS,CAMS,CANBK,CANFINHOME,CARBORUNIV,CASTROLIND,CCL,CDSL,CEATLTD,CENTRALBK,CENTURYPLY,CERA,CESC,CGCL,CGPOWER,CHALET,CHAMBLFERT,CHEMPLASTS,CHOLAFIN,CHOLAHLDNG,CIEINDIA,CIPLA,CLEAN,COALINDIA,COCHINSHIP,COFORGE,COHANCE,COLPAL,CONCOR,CONCORDBIO,COROMANDEL,CRAFTSMAN,CREDITACC,CRISIL,CROMPTON,CUB,CUMMINSIND,CYIENT,DABUR,DALBHARAT,DATAPATTNS,DBREALTY,DEEPAKFERT,DEEPAKNTR,DELHIVERY,DELTACORP,DEVYANI,DIVISLAB,DIXON,DLF,DMART,DRREDDY,DUMMYHEG,EASEMYTRIP,ECLERX,EICHERMOT,EIDPARRY,EIHOTEL,ELGIEQUIP,EMAMILTD,ENDURANCE,ENGINERSIN,EPIGRAL,EQUITASBNK,ERIS,ESCORTS,ETERNAL,EXIDEIND,FACT,FEDERALBNK,FINCABLES,FINEORG,FINPIPE,FIVESTAR,FLUOROCHEM,FORTIS,FSL,GAEL,GAIL,GALAXYSURF,GESHIP,GICRE,GILLETTE,GLAND,GLAXO,GLENMARK,GMRAIRPORT,GNFC,GOCOLORS,GODFRYPHLP,GODIGIT,GODREJAGRO,GODREJCP,GODREJIND,GODREJPROP,GPIL,GPPL,GRANULES,GRAPHITE,GRASIM,GRINDWELL,GRINFRA,GSFC,GSPL,GUJALKALI,GUJGASLTD,GVT&D,HAL,HAPPSTMNDS,HAVELLS,HBLENGINE,HCLTECH,HDFCAMC,HDFCBANK,HDFCLIFE,HEG,HEROMOTOCO,HFCL,HINDALCO,HINDCOPPER,HINDPETRO,HINDUNILVR,HINDZINC,HLEGLAS,HOMEFIRST,HONAUT,HUDCO,ICICIBANK,ICICIGI,ICICIPRULI,IDBI,IDEA,IDFC,IDFCFIRSTB,IEX,IFCI,IGL,IIFL,INDGN,INDHOTEL,INDIACEM,INDIAMART,INDIANB,INDIGO,INDUSINDBK,INDUSTOWER,INFIBEAM,INFY,INGERRAND,INOXINDIA,INTELLECT,IOB,IOC,IPCALAB,IRB,IRCON,IRCTC,IREDA,IRFC,ITC,ITI,JAMNAAUTO,JBCHEPHARM,JBMA,JINDALSAW,JINDALSTEL,JKCEMENT,JKLAKSHMI,JKTYRE,JMFINANCIL,JPPOWER,JSL,JSWDULUX,JSWENERGY,JSWSTEEL,JUBLFOOD,JUBLINGREA,JUBLPHARMA,JUSTDIAL,JYOTHYLAB,JYOTICNC,KAJARIACER,KALYANKJIL,KANSAINER,KARURVYSYA,KAYNES,KEC,KEI,KFINTECH,KIMS,KIRLOSBROS,KIRLOSENG,KNRCON,KOTAKBANK,KPIL,KPITTECH,KPRMILL,KSB,LALPATHLAB,LATENTVIEW,LAURUSLABS,LAXMIMACH,LEMONTREE,LICHSGFIN,LICI,LINDEINDIA,LODHA,LT,LTF,LTM,LTTS,LUPIN,LUXIND,M&M,M&MFIN,MAHABANK,MAHLIFE,MANAPPURAM,MANKIND,MANYAVAR,MAPMYINDIA,MARICO,MARUTI,MASTEK,MAXHEALTH,MAZDOCK,MCX,MEDANTA,METROBRAND,METROPOLIS,MFSL,MGL,MINDACORP,MMTC,MOTHERSON,MOTILALOFS,MPHASIS,MRF,MRPL,MSUMI,MUTHOOTFIN,NAM-INDIA,NATCOPHARM,NATIONALUM,NAUKRI,NAVINFLUOR,NAZARA,NBCC,NCC,NESTLEIND,NETWEB,NETWORK18,NEWGEN,NH,NHPC,NIACL,NLCINDIA,NMDC,NSLNISP,NTPC,NUVOCO,NYKAA,OBEROIRLTY,OFSS,OIL,OLECTRA,ONGC,ORIENTELEC,PAGEIND,PATANJALI,PAYTM,PCBL,PEL,PERSISTENT,PETRONET,PFC,PFIZER,PGHH,PGHL,PHOENIXLTD,PIDILITIND,PIIND,PNB,PNBHOUSING,PNCINFRA,POLICYBZR,POLYCAB,POLYMED,POLYPLEX,POONAWALLA,POWERGRID,POWERINDIA,PPLPHARMA,PRAJIND,PRESTIGE,PTCIL,PVRINOX,QUESS,RADICO,RAIN,RAINBOW,RAJESHEXPO,RALLIS,RAMCOCEM,RATNAMANI,RAYMOND,RAYMONDLSL,RBLBANK,RCF,RECLTD,REDINGTON,RELAXO,RELIANCE,RENUKA,RHIM,RITES,ROSSARI,ROUTE,RTNINDIA,RVNL,SAIL,SAMMAANCAP,SANOFI,SAPPHIRE,SAREGAMA,SBICARD,SBILIFE,SBIN,SCHAEFFLER,SCI,SFL,SHARDACROP,SHOPERSTOP,SHREECEM,SHRIRAMFIN,SHYAMMETL,SIEMENS,SJVN,SKFINDIA,SOBHA,SOLARINDS,SONACOMS,SONATSOFTW,SPARC,SRF,STARHEALTH,SUMICHEM,SUNDARMFIN,SUNDRMFAST,SUNPHARMA,SUNTV,SUPRAJIT,SUPREMEIND,SUZLON,SWANCORP,SWSOLAR,SYMPHONY,SYNGENE,SYRMA,TANLA,TATACHEM,TATACOMM,TATACONSUM,TATAELXSI,TATAINVEST,TATAMTRDVR,TATAPOWER,TATASTEEL,TBOTEK,TCS,TEAMLEASE,TECHM,TECHNOE,TEJASNET,THERMAX,TIINDIA,TIMKEN,TITAN,TMPV,TORNTPHARM,TORNTPOWER,TRENT,TRIDENT,TRITURBINE,TRIVENI,TTKPRESTIG,TTML,TV18BRDCST,TVSMOTOR,UBL,UCOBANK,UJJIVANSFB,ULTRACEMCO,UNIONBANK,UNITDSPR,UNOMINDA,UPL,USHAMART,UTIAMC,VARROC,VBL,VEDL,VGUARD,VIJAYA,VINATIORGA,VIPIND,VMART,VOLTAS,VTL,WELCORP,WELSPUNLIV,WESTLIFE,WHIRLPOOL,WIPRO,YESBANK,ZEEL,ZENSARTECH,ZFCVINDIA,ZYDUSLIFE,ZYDUSWELL"
2024-02-29,"360ONE,3MINDIA,AADHARHFC,AARTIDRUGS,AARTIIND,AAVAS,ABB,ABBOTINDIA,ABCAPITAL,ABFRL,ABREL,ABSLAMC,ACC,ACI,ADANIENSOL,ADANIENT,ADANIGREEN,ADANIPORTS,ADANIPOWER,AEGISLOG,AFFLE,AIAENG,AJANTPHARM,ALKEM,ALKYLAMINE,ALOKINDS,AMBER,AMBUJACEM,ANANTRAJ,ANGELONE,APARINDS,APLAPOLLO,APLLTD,APOLLOHOSP,APOLLOTYRE,APTUS,ARE&M,ASAHIINDIA,ASHOKLEY,ASIANPAINT,ASTERDM,ASTRAL,ATGL,ATUL,AUBANK,AUROPHARMA,AVANTIFEED,AWL,AXISBANK,BAJAJ-AUTO,BAJAJFINSV,BAJAJHLDNG,BAJFINANCE,BALAMINES,BALKRISIND,BALRAMCHIN,BANDHANBNK,BANKBARODA,BANKINDIA,BASF,BATAINDIA,BAYERCROP,BBTC,BCG,BDL,BEL,BEML,BERGEPAINT,BHARATFORG,BHARTIARTL,BHARTIHEXA,BHEL,BIKAJI,BIOCON,BIRLACORPN,BLS,BLUEDART,BLUESTARCO,BOSCHLTD,BPCL,BRIGADE,BRITANNIA,BSE,BSOFT,CAMPUS,CAMS,CANBK,CANFINHOME,CARBORUNIV,CASTROLIND,CCL,CDSL,CEATLTD,CENTRALBK,CENTURYPLY,CERA,CESC,CGCL,CGPOWER,CHALET,CHAMBLFERT,CHEMPLASTS,CHOLAFIN,CHOLAHLDNG,CIEINDIA,CIPLA,CLEAN,COALINDIA,COCHINSHIP,COFORGE,COHANCE,COLPAL,CONCOR,CONCORDBIO,COROMANDEL,CRAFTSMAN,CREDITACC,CRISIL,CROMPTON,CUB,CUMMINSIND,CYIENT,DABUR,DALBHARAT,DATAPATTNS,DBREALTY,DEEPAKFERT,DEEPAKNTR,DELHIVERY,DELTACORP,DEVYANI,DIVISLAB,DIXON,DLF,DMART,DRREDDY,DUMMYHEG,EASEMYTRIP,ECLERX,EICHERMOT,EIDPARRY,EIHOTEL,ELGIEQUIP,EMAMILTD,ENDURANCE,ENGINERSIN,EPIGRAL,EQUITASBNK,ERIS,ESCORTS,ETERNAL,EXIDEIND,FACT,FEDERALBNK,FINCABLES,FINEORG,FINPIPE,FIVESTAR,FLUOROCHEM,FORTIS,FSL,GAEL,GAIL,GALAXYSURF,GESHIP,GICRE,GILLETTE,GLAND,GLAXO,GLENMARK,GMRAIRPORT,GNFC,GOCOLORS,GODFRYPHLP,GODIGIT,GODREJAGRO,GODREJCP,GODREJIND,GODREJPROP,GPIL,GPPL,GRANULES,GRAPHITE,GRASIM,GRINDWELL,GRINFRA,GSFC,GSPL,GUJALKALI,GUJGASLTD,GVT&D,HAL,HAPPSTMNDS,HAVELLS,HBLENGINE,HCLTECH,HDFCAMC,HDFCBANK,HDFCLIFE,HEG,HEROMOTOCO,HFCL,HINDALCO,HINDCOPPER,HINDPETRO,HINDUNILVR,HINDZINC,HLEGLAS,HOMEFIRST,HONAUT,HUDCO,ICICIBANK,ICICIGI,ICICIPRULI,IDBI,IDEA,IDFC,IDFCFIRSTB,IEX,IFCI,IGL,IIFL,INDGN,INDHOTEL,INDIACEM,INDIAMART,INDIANB,INDIGO,INDUSINDBK,INDUSTOWER,INFIBEAM,INFY,INGERRAND,INOXINDIA,INTELLECT,IOB,IOC,IPCALAB,IRB,IRCON,IRCTC,IREDA,IRFC,ITC,ITI,JAMNAAUTO,JBCHEPHARM,JBMA,JINDALSAW,JINDALSTEL,JKCEMENT,JKLAKSHMI,JKTYRE,JMFINANCIL,JPPOWER,JSL,JSWDULUX,JSWENERGY,JSWSTEEL,JUBLFOOD,JUBLINGREA,JUBLPHARMA,JUSTDIAL,JYOTHYLAB,JYOTICNC,KAJARIACER,KALYANKJIL,KANSAINER,KARURVYSYA,KAYNES,KEC,KEI,KFINTECH,KIMS,KIRLOSBROS,KIRLOSENG,KNRCON,KOTAKBANK,KPIL,KPITTECH,KPRMILL,KSB,LALPATHLAB,LATENTVIEW,LAURUSLABS,LAXMIMACH,LEMONTREE,LICHSGFIN,LICI,LINDEINDIA,LODHA,LT,LTF,LTM,LTTS,LUPIN,LUXIND,M&M,M&MFIN,MAHABANK,MAHLIFE,MANAPPURAM,MANKIND,MANYAVAR,MAPMYINDIA,MARICO,MARUTI,MASTEK,MAXHEALTH,MAZDOCK,MCX,MEDANTA,METROBRAND,METROPOLIS,MFSL,MGL,MINDACORP,MMTC,MOTHERSON,MOTILALOFS,MPHASIS,MRF,MRPL,MSUMI,MUTHOOTFIN,NAM-INDIA,NATCOPHARM,NATIONALUM,NAUKRI,NAVINFLUOR,NAZARA,NBCC,NCC,NESTLEIND,NETWEB,NETWORK18,NEWGEN,NH,NHPC,NIACL,NLCINDIA,NMDC,NSLNISP,NTPC,NUVOCO,NYKAA,OBEROIRLTY,OFSS,OIL,OLECTRA,ONGC,ORIENTELEC,PAGEIND,PATANJALI,PAYTM,PCBL,PEL,PERSISTENT,PETRONET,PFC,PFIZER,PGHH,PGHL,PHOENIXLTD,PIDILITIND,PIIND,PNB,PNBHOUSING,PNCINFRA,POLICYBZR,POLYCAB,POLYMED,POLYPLEX,POONAWALLA,POWERGRID,POWERINDIA,PPLPHARMA,PRAJIND,PRESTIGE,PTCIL,PVRINOX,QUESS,RADICO,RAIN,RAINBOW,RAJESHEXPO,RALLIS,RAMCOCEM,RATNAMANI,RAYMOND,RAYMONDLSL,RBLBANK,RCF,RECLTD,REDINGTON,RELAXO,RELIANCE,RENUKA,RHIM,RITES,ROSSARI,ROUTE,RTNINDIA,RVNL,SAIL,SAMMAANCAP,SANOFI,SAPPHIRE,SAREGAMA,SBICARD,SBILIFE,SBIN,SCHAEFFLER,SCI,SFL,SHARDACROP,SHOPERSTOP,SHREECEM,SHRIRAMFIN,SHYAMMETL,SIEMENS,SJVN,SKFINDIA,SOBHA,SOLARINDS,SONACOMS,SONATSOFTW,SPARC,SRF,STARHEALTH,SUMICHEM,SUNDARMFIN,SUNDRMFAST,SUNPHARMA,SUNTV,SUPRAJIT,SUPREMEIND,SUZLON,SWANCORP,SWSOLAR,SYMPHONY,SYNGENE,SYRMA,TANLA,TATACHEM,TATACOMM,TATACONSUM,TATAELXSI,TATAINVEST,TATAMTRDVR,TATAPOWER,TATASTEEL,TBOTEK,TCS,TEAMLEASE,TECHM,TECHNOE,TEJASNET,THERMAX,TIINDIA,TIMKEN,TITAN,TMPV,TORNTPHARM,TORNTPOWER,TRENT,TRIDENT,TRITURBINE,TRIVENI,TTKPRESTIG,TTML,TV18BRDCST,TVSMOTOR,UBL,UCOBANK,UJJIVANSFB,ULTRACEMCO,UNIONBANK,UNITDSPR,UNOMINDA,UPL,USHAMART,UTIAMC,VARROC,VBL,VEDL,VGUARD,VIJAYA,VINATIORGA,VIPIND,VMART,VOLTAS,VTL,WELCORP,WELSPUNLIV,WESTLIFE,WHIRLPOOL,WIPRO,YESBANK,ZEEL,ZENSARTECH,ZFCVINDIA,ZYDUSLIFE,ZYDUSWELL"
2024-03-31,"360ONE,3MINDIA,AADHARHFC,AARTIIND,AAVAS,ABB,ABBOTINDIA,ABCAPITAL,ABFRL,ABREL,ABSLAMC,ACC,ACE,ACI,ADANIENSOL,ADANIENT,ADANIGREEN,ADANIPORTS,ADANIPOWER,AEGISLOG,AFFLE,AIAENG,AJANTPHARM,ALKEM,ALKYLAMINE,ALOKINDS,AMBER,AMBUJACEM,ANANDRATHI,ANANTRAJ,ANGELONE,APARINDS,APLAPOLLO,APLLTD,APOLLOHOSP,APOLLOTYRE,APTUS,ARE&M,ASAHIINDIA,ASHOKLEY,ASIANPAINT,ASTERDM,ASTRAL,ASTRAZEN,ATGL,ATUL,AUBANK,AUROPHARMA,AVANTIFEED,AWL,AXISBANK,BAJAJ-AUTO,BAJAJFINSV,BAJAJHLDNG,BAJFINANCE,BALAMINES,BALKRISIND,BALRAMCHIN,BANDHANBNK,BANKBARODA,BANKINDIA,BASF,BATAINDIA,BAYERCROP,BBTC,BDL,BEL,BEML,BERGEPAINT,BHARATFORG,BHARTIARTL,BHARTIHEXA,BHEL,BIKAJI,BIOCON,BIRLACORPN,BLS,BLUEDART,BLUESTARCO,BOSCHLTD,BPCL,BRIGADE,BRITANNIA,BSE,BSOFT,CAMPUS,CAMS,CANBK,CANFINHOME,CAPLIPOINT,CARBORUNIV,CASTROLIND,CCL,CDSL,CEATLTD,CELLO,CENTRALBK,CENTURYPLY,CERA,CESC,CGCL,CGPOWER,CHALET,CHAMBLFERT,CHEMPLASTS,CHENNPETRO,CHOLAFIN,CHOLAHLDNG,CIEINDIA,CIPLA,CLEAN,COALINDIA,COCHINSHIP,COFORGE,COHANCE,COLPAL,CONCOR,CONCORDBIO,COROMANDEL,CRAFTSMAN,CREDITACC,CRISIL,CROMPTON,CUB,CUMMINSIND,CYIENT,DABUR,DALBHARAT,DATAPATTNS,DBREALTY,DEEPAKFERT,DEEPAKNTR,DELHIVERY,DEVYANI,DIVISLAB,DIXON,DLF,DMART,DOMS,DRREDDY,DUMMYHEG,EASEMYTRIP,ECLERX,EICHERMOT,EIDPARRY,EIHOTEL,ELECON,ELGIEQUIP,EMAMILTD,ENDURANCE,ENGINERSIN,EQUITASBNK,ERIS,ESCORTS,ETERNAL,EXIDEIND,FACT,FEDERALBNK,FINCABLES,FINEORG,FINPIPE,FIVESTAR,FLUOROCHEM,FORTIS,FSL,GAEL,GAIL,GESHIP,GICRE,GILLETTE,GLAND,GLAXO,GLENMARK,GMDCLTD,GMRAIRPORT,GNFC,GODFRYPHLP,GODIGIT,GODREJAGRO,GODREJCP,GODREJIND,GODREJPROP,GPIL,GPPL,GRANULES,GRAPHITE,GRASIM,GRINDWELL,GRINFRA,GRSE,GSFC,GSPL,GUJGASLTD,GVT&D,HAL,HAPPSTMNDS,HAVELLS,HBLENGINE,HCLTECH,HDFCAMC,HDFCBANK,HDFCLIFE,HEG,HEROMOTOCO,HFCL,HINDALCO,HINDCOPPER,HINDPETRO,HINDUNILVR,HINDZINC,HOMEFIRST,HONASA,HONAUT,HSCL,HUDCO,ICICIBANK,ICICIGI,ICICIPRULI,IDBI,IDEA,IDFC,IDFCFIRSTB,IEX,IFCI,IGL,IIFL,INDGN,INDHOTEL,INDIACEM,INDIAMART,INDIANB,INDIGO,INDUSINDBK,INDUSTOWER,INFY,INOXINDIA,INOXWIND,INTELLECT,IOB,IOC,IPCALAB,IRB,IRCON,IRCTC,IREDA,IRFC,ITC,ITI,J&KBANK,JBCHEPHARM,JBMA,JINDALSAW,JINDALSTEL,JIOFIN,JKCEMENT,JKLAKSHMI,JKTYRE,JMFINANCIL,JPPOWER,JSL,JSWDULUX,JSWENERGY,JSWINFRA,JSWSTEEL,JUBLFOOD,JUBLINGREA,JUBLPHARMA,JUSTDIAL,JWL,JYOTHYLAB,JYOTICNC,KAJARIACER,KALYANKJIL,KANSAINER,KARURVYSYA,KAYNES,KEC,KEI,KFINTECH,KIMS,KIRLOSBROS,KIRLOSENG,KNRCON,KOTAKBANK,KPIL,KPITTECH,KPRMILL,KSB,LALPATHLAB,LATENTVIEW,LAURUSLABS,LEMONTREE,LICHSGFIN,LICI,LINDEINDIA,LLOYDSME,LODHA,LT,LTF,LTM,LTTS,LUPIN,M&M,M&MFIN,MAHABANK,MAHLIFE,MAHSEAMLES,MANAPPURAM,MANKIND,MANYAVAR,MAPMYINDIA,MARICO,MARUTI,MASTEK,MAXHEALTH,MAZDOCK,MCX,MEDANTA,METROBRAND,METROPOLIS,MFSL,MGL,MINDACORP,MMTC,MOTHERSON,MOTILALOFS,MPHASIS,MRF,MRPL,MSUMI,MUTHOOTFIN,NAM-INDIA,NATCOPHARM,NATIONALUM,NAUKRI,NAVINFLUOR,NBCC,NCC,NESTLEIND,NETWEB,NETWORK18,NEWGEN,NH,NHPC,NIACL,NLCINDIA,NMDC,NSLNISP,NTPC,NUVAMA,NUVOCO,NYKAA,OBEROIRLTY,OFSS,OIL,OLECTRA,ONGC,PAGEIND,PATANJALI,PAYTM,PCBL,PEL,PERSISTENT,PETRONET,PFC,PFIZER,PGHH,PHOENIXLTD,PIDILITIND,PIIND,PNB,PNBHOUSING,PNCINFRA,POLICYBZR,POLYCAB,POLYMED,POONAWALLA,POWERGRID,POWERINDIA,PPLPHARMA,PRAJIND,PRESTIGE,PTCIL,PVRINOX,QUESS,RADICO,RAILTEL,RAINBOW,RAJESHEXPO,RAMCOCEM,RATNAMANI,RAYMOND,RAYMONDLSL,RBLBANK,RCF,RECLTD,REDINGTON,RELIANCE,RENUKA,RHIM,RITES,RKFORGE,ROUTE,RRKABEL,RTNINDIA,RVNL,SAIL,SAMMAANCAP,SANOFI,SAPPHIRE,SAREGAMA,SBFC,SBICARD,SBILIFE,SBIN,SCHAEFFLER,SCHNEIDER,SCI,SHREECEM,SHRIRAMFIN,SHYAMMETL,SIEMENS,SIGNATURE,SJVN,SKFINDIA,SOBHA,SOLARINDS,SONACOMS,SONATSOFTW,SPARC,SRF,STARHEALTH,SUMICHEM,SUNDARMFIN,SUNDRMFAST,SUNPHARMA,SUNTV,SUPREMEIND,SUZLON,SWANCORP,SWSOLAR,SYNGENE,SYRMA,TANLA,TATACHEM,TATACOMM,TATACONSUM,TATAELXSI,TATAINVEST,TATAMTRDVR,TATAPOWER,TATASTEEL,TATATECH,TBOTEK,TCS,TECHM,TECHNOE,TEJASNET,THERMAX,TIINDIA,TIMKEN,TITAGARH,TITAN,TMPV,TORNTPHARM,TORNTPOWER,TRENT,TRIDENT,TRITURBINE,TRIVENI,TTML,TV18BRDCST,TVSMOTOR,TVSSCS,UBL,UCOBANK,UJJIVANSFB,ULTRACEMCO,UNIONBANK,UNITDSPR,UNOMINDA,UPL,USHAMART,UTIAMC,VARROC,VBL,VEDL,VGUARD,VIJAYA,VINATIORGA,VIPIND,VOLTAS,VTL,WELCORP,WELSPUNLIV,WESTLIFE,WHIRLPOOL,WIPRO,YESBANK,ZEEL,ZENSARTECH,ZFCVINDIA,ZYDUSLIFE"
2024-04-30,"360ONE,3MINDIA,AADHARHFC,AARTIIND,AAVAS,ABB,ABBOTINDIA,ABCAPITAL,ABFRL,ABREL,ABSLAMC,ACC,ACE,ACI,ADANIENSOL,ADANIENT,ADANIGREEN,ADANIPORTS,ADANIPOWER,AEGISLOG,AFFLE,AIAENG,AJANTPHARM,ALKEM,ALKYLAMINE,ALOKINDS,AMBER,AMBUJACEM,ANANDRATHI,ANANTRAJ,ANGELONE,APARINDS,APLAPOLLO,APLLTD,APOLLOHOSP,APOLLOTYRE,APTUS,ARE&M,ASAHIINDIA,ASHOKLEY,ASIANPAINT,ASTERDM,ASTRAL,ASTRAZEN,ATGL,ATUL,AUBANK,AUROPHARMA,AVANTIFEED,AWL,AXISBANK,BAJAJ-AUTO,BAJAJFINSV,BAJAJHLDNG,BAJFINANCE,BALAMINES,BALKRISIND,BALRAMCHIN,BANDHANBNK,BANKBARODA,BANKINDIA,BASF,BATAINDIA,BAYERCROP,BBTC,BDL,BEL,BEML,BERGEPAINT,BHARATFORG,BHARTIARTL,BHARTIHEXA,BHEL,BIKAJI,BIOCON,BIRLACORPN,BLS,BLUEDART,BLUESTARCO,BOSCHLTD,BPCL,BRIGADE,BRITANNIA,BSE,BSOFT,CAMPUS,CAMS,CANBK,CANFINHOME,CAPLIPOINT,CARBORUNIV,CASTROLIND,CCL,CDSL,CEATLTD,CELLO,CENTRALBK,CENTURYPLY,CERA,CESC,CGCL,CGPOWER,CHALET,CHAMBLFERT,CHEMPLASTS,CHENNPETRO,CHOLAFIN,CHOLAHLDNG,CIEINDIA,CIPLA,CLEAN,COALINDIA,COCHINSHIP,COFORGE,COHANCE,COLPAL,CONCOR,CONCORDBIO,COROMANDEL,CRAFTSMAN,CREDITACC,CRISIL,CROMPTON,CUB,CUMMINSIND,CYIENT,DABUR,DALBHARAT,DATAPATTNS,DBREALTY,DEEPAKFERT,DEEPAKNTR,DELHIVERY,DEVYANI,DIVISLAB,DIXON,DLF,DMART,DOMS,DRREDDY,DUMMYHEG,EASEMYTRIP,ECLERX,EICHERMOT,EIDPARRY,EIHOTEL,ELECON,ELGIEQUIP,EMAMILTD,ENDURANCE,ENGINERSIN,EQUITASBNK,ERIS,ESCORTS,ETERNAL,EXIDEIND,FACT,FEDERALBNK,FINCABLES,FINEORG,FINPIPE,FIVESTAR,FLUOROCHEM,FORTIS,FSL,GAEL,GAIL,GESHIP,GICRE,GILLETTE,GLAND,GLAXO,GLENMARK,GMDCLTD,GMRAIRPORT,GNFC,GODFRYPHLP,GODIGIT,GODREJAGRO,GODREJCP,GODREJIND,GODREJPROP,GPIL,GPPL,GRANULES,GRAPHITE,GRASIM,GRINDWELL,GRINFRA,GRSE,GSFC,GSPL,GUJGASLTD,GVT&D,HAL,HAPPSTMNDS,HAVELLS,HBLENGINE,HCLTECH,HDFCAMC,HDFCBANK,HDFCLIFE,HEG,HEROMOTOCO,HFCL,HINDALCO,HINDCOPPER,HINDPETRO,HINDUNILVR,HINDZINC,HOMEFIRST,HONASA,HONAUT,HSCL,HUDCO,ICICIBANK,ICICIGI,ICICIPRULI,IDBI,IDEA,IDFC,IDFCFIRSTB,IEX,IFCI,IGL,IIFL,INDGN,INDHOTEL,INDIACEM,INDIAMART,INDIANB,INDIGO,INDUSINDBK,INDUSTOWER,INFY,INOXINDIA,INOXWIND,INTELLECT,IOB,IOC,IPCALAB,IRB,IRCON,IRCTC,IREDA,IRFC,ITC,ITI,J&KBANK,JBCHEPHARM,JBMA,JINDALSAW,JINDALSTEL,JIOFIN,JKCEMENT,JKLAKSHMI,JKTYRE,JMFINANCIL,JPPOWER,JSL,JSWDULUX,JSWENERGY,JSWINFRA,JSWSTEEL,JUBLFOOD,JUBLINGREA,JUBLPHARMA,JUSTDIAL,JWL,JYOTHYLAB,JYOTICNC,KAJARIACER,KALYANKJIL,KANSAINER,KARURVYSYA,KAYNES,KEC,KEI,KFINTECH,KIMS,KIRLOSBROS,KIRLOSENG,KNRCON,KOTAKBANK,KPIL,KPITTECH,KPRMILL,KSB,LALPATHLAB,LATENTVIEW,LAURUSLABS,LEMONTREE,LICHSGFIN,LICI,LINDEINDIA,LLOYDSME,LODHA,LT,LTF,LTM,LTTS,LUPIN,M&M,M&MFIN,MAHABANK,MAHLIFE,MAHSEAMLES,MANAPPURAM,MANKIND,MANYAVAR,MAPMYINDIA,MARICO,MARUTI,MASTEK,MAXHEALTH,MAZDOCK,MCX,MEDANTA,METROBRAND,METROPOLIS,MFSL,MGL,MINDACORP,MMTC,MOTHERSON,MOTILALOFS,MPHASIS,MRF,MRPL,MSUMI,MUTHOOTFIN,NAM-INDIA,NATCOPHARM,NATIONALUM,NAUKRI,NAVINFLUOR,NBCC,NCC,NESTLEIND,NETWEB,NETWORK18,NEWGEN,NH,NHPC,NIACL,NLCINDIA,NMDC,NSLNISP,NTPC,NUVAMA,NUVOCO,NYKAA,OBEROIRLTY,OFSS,OIL,OLECTRA,ONGC,PAGEIND,PATANJALI,PAYTM,PCBL,PEL,PERSISTENT,PETRONET,PFC,PFIZER,PGHH,PHOENIXLTD,PIDILITIND,PIIND,PNB,PNBHOUSING,PNCINFRA,POLICYBZR,POLYCAB,POLYMED,POONAWALLA,POWERGRID,POWERINDIA,PPLPHARMA,PRAJIND,PRESTIGE,PTCIL,PVRINOX,QUESS,RADICO,RAILTEL,RAINBOW,RAJESHEXPO,RAMCOCEM,RATNAMANI,RAYMOND,RAYMONDLSL,RBLBANK,RCF,RECLTD,REDINGTON,RELIANCE,RENUKA,RHIM,RITES,RKFORGE,ROUTE,RRKABEL,RTNINDIA,RVNL,SAIL,SAMMAANCAP,SANOFI,SAPPHIRE,SAREGAMA,SBFC,SBICARD,SBILIFE,SBIN,SCHAEFFLER,SCHNEIDER,SCI,SHREECEM,SHRIRAMFIN,SHYAMMETL,SIEMENS,SIGNATURE,SJVN,SKFINDIA,SOBHA,SOLARINDS,SONACOMS,SONATSOFTW,SPARC,SRF,STARHEALTH,SUMICHEM,SUNDARMFIN,SUNDRMFAST,SUNPHARMA,SUNTV,SUPREMEIND,SUZLON,SWANCORP,SWSOLAR,SYNGENE,SYRMA,TANLA,TATACHEM,TATACOMM,TATACONSUM,TATAELXSI,TATAINVEST,TATAMTRDVR,TATAPOWER,TATASTEEL,TATATECH,TBOTEK,TCS,TECHM,TECHNOE,TEJASNET,THERMAX,TIINDIA,TIMKEN,TITAGARH,TITAN,TMPV,TORNTPHARM,TORNTPOWER,TRENT,TRIDENT,TRITURBINE,TRIVENI,TTML,TV18BRDCST,TVSMOTOR,TVSSCS,UBL,UCOBANK,UJJIVANSFB,ULTRACEMCO,UNIONBANK,UNITDSPR,UNOMINDA,UPL,USHAMART,UTIAMC,VARROC,VBL,VEDL,VGUARD,VIJAYA,VINATIORGA,VIPIND,VOLTAS,VTL,WELCORP,WELSPUNLIV,WESTLIFE,WHIRLPOOL,WIPRO,YESBANK,ZEEL,ZENSARTECH,ZFCVINDIA,ZYDUSLIFE"
2024-05-31,"360ONE,3MINDIA,AADHARHFC,AARTIIND,AAVAS,ABB,ABBOTINDIA,ABCAPITAL,ABFRL,ABREL,ABSLAMC,ACC,ACE,ACI,ADANIENSOL,ADANIENT,ADANIGREEN,ADANIPORTS,ADANIPOWER,AEGISLOG,AFFLE,AIAENG,AJANTPHARM,ALKEM,ALKYLAMINE,ALOKINDS,AMBER,AMBUJACEM,ANANDRATHI,ANANTRAJ,ANGELONE,APARINDS,APLAPOLLO,APLLTD,APOLLOHOSP,APOLLOTYRE,APTUS,ARE&M,ASAHIINDIA,ASHOKLEY,ASIANPAINT,ASTERDM,ASTRAL,ASTRAZEN,ATGL,ATUL,AUBANK,AUROPHARMA,AVANTIFEED,AWL,AXISBANK,BAJAJ-AUTO,BAJAJFINSV,BAJAJHLDNG,BAJFINANCE,BALAMINES,BALKRISIND,BALRAMCHIN,BANDHANBNK,BANKBARODA,BANKINDIA,BASF,BATAINDIA,BAYERCROP,BBTC,BDL,BEL,BEML,BERGEPAINT,BHARATFORG,BHARTIARTL,BHARTIHEXA,BHEL,BIKAJI,BIOCON,BIRLACORPN,BLS,BLUEDART,BLUESTARCO,BOSCHLTD,BPCL,BRIGADE,BRITANNIA,BSE,BSOFT,CAMPUS,CAMS,CANBK,CANFINHOME,CAPLIPOINT,CARBORUNIV,CASTROLIND,CCL,CDSL,CEATLTD,CELLO,CENTRALBK,CENTURYPLY,CERA,CESC,CGCL,CGPOWER,CHALET,CHAMBLFERT,CHEMPLASTS,CHENNPETRO,CHOLAFIN,CHOLAHLDNG,CIEINDIA,CIPLA,CLEAN,COALINDIA,COCHINSHIP,COFORGE,COHANCE,COLPAL,CONCOR,CONCORDBIO,COROMANDEL,CRAFTSMAN,CREDITACC,CRISIL,CROMPTON,CUB,CUMMINSIND,CYIENT,DABUR,DALBHARAT,DATAPATTNS,DBREALTY,DEEPAKFERT,DEEPAKNTR,DELHIVERY,DEVYANI,DIVISLAB,DIXON,DLF,DMART,DOMS,DRREDDY,DUMMYHEG,EASEMYTRIP,ECLERX,EICHERMOT,EIDPARRY,EIHOTEL,ELECON,ELGIEQUIP,EMAMILTD,ENDURANCE,ENGINERSIN,EQUITASBNK,ERIS,ESCORTS,ETERNAL,EXIDEIND,FACT,FEDERALBNK,FINCABLES,FINEORG,FINPIPE,FIVESTAR,FLUOROCHEM,FORTIS,FSL,GAEL,GAIL,GESHIP,GICRE,GILLETTE,GLAND,GLAXO,GLENMARK,GMDCLTD,GMRAIRPORT,GNFC,GODFRYPHLP,GODIGIT,GODREJAGRO,GODREJCP,GODREJIND,GODREJPROP,GPIL,GPPL,GRANULES,GRAPHITE,GRASIM,GRINDWELL,GRINFRA,GRSE,GSFC,GSPL,GUJGASLTD,GVT&D,HAL,HAPPSTMNDS,HAVELLS,HBLENGINE,HCLTECH,HDFCAMC,HDFCBANK,HDFCLIFE,HEG,HEROMOTOCO,HFCL,HINDALCO,HINDCOPPER,HINDPETRO,HINDUNILVR,HINDZINC,HOMEFIRST,HONASA,HONAUT,HSCL,HUDCO,ICICIBANK,ICICIGI,ICICIPRULI,IDBI,IDEA,IDFC,IDFCFIRSTB,IEX,IFCI,IGL,IIFL,INDGN,INDHOTEL,INDIACEM,INDIAMART,INDIANB,INDIGO,INDUSINDBK,INDUSTOWER,INFY,INOXINDIA,INOXWIND,INTELLECT,IOB,IOC,IPCALAB,IRB,IRCON,IRCTC,IREDA,IRFC,ITC,ITI,J&KBANK,JBCHEPHARM,JBMA,JINDALSAW,JINDALSTEL,JIOFIN,JKCEMENT,JKLAKSHMI,JKTYRE,JMFINANCIL,JPPOWER,JSL,JSWDULUX,JSWENERGY,JSWINFRA,JSWSTEEL,JUBLFOOD,JUBLINGREA,JUBLPHARMA,JUSTDIAL,JWL,JYOTHYLAB,JYOTICNC,KAJARIACER,KALYANKJIL,KANSAINER,KARURVYSYA,KAYNES,KEC,KEI,KFINTECH,KIMS,KIRLOSBROS,KIRLOSENG,KNRCON,KOTAKBANK,KPIL,KPITTECH,KPRMILL,KSB,LALPATHLAB,LATENTVIEW,LAURUSLABS,LEMONTREE,LICHSGFIN,LICI,LINDEINDIA,LLOYDSME,LODHA,LT,LTF,LTM,LTTS,LUPIN,M&M,M&MFIN,MAHABANK,MAHLIFE,MAHSEAMLES,MANAPPURAM,MANKIND,MANYAVAR,MAPMYINDIA,MARICO,MARUTI,MASTEK,MAXHEALTH,MAZDOCK,MCX,MEDANTA,METROBRAND,METROPOLIS,MFSL,MGL,MINDACORP,MMTC,MOTHERSON,MOTILALOFS,MPHASIS,MRF,MRPL,MSUMI,MUTHOOTFIN,NAM-INDIA,NATCOPHARM,NATIONALUM,NAUKRI,NAVINFLUOR,NBCC,NCC,NESTLEIND,NETWEB,NETWORK18,NEWGEN,NH,NHPC,NIACL,NLCINDIA,NMDC,NSLNISP,NTPC,NUVAMA,NUVOCO,NYKAA,OBEROIRLTY,OFSS,OIL,OLECTRA,ONGC,PAGEIND,PATANJALI,PAYTM,PCBL,PEL,PERSISTENT,PETRONET,PFC,PFIZER,PGHH,PHOENIXLTD,PIDILITIND,PIIND,PNB,PNBHOUSING,PNCINFRA,POLICYBZR,POLYCAB,POLYMED,POONAWALLA,POWERGRID,POWERINDIA,PPLPHARMA,PRAJIND,PRESTIGE,PTCIL,PVRINOX,QUESS,RADICO,RAILTEL,RAINBOW,RAJESHEXPO,RAMCOCEM,RATNAMANI,RAYMOND,RAYMONDLSL,RBLBANK,RCF,RECLTD,REDINGTON,RELIANCE,RENUKA,RHIM,RITES,RKFORGE,ROUTE,RRKABEL,RTNINDIA,RVNL,SAIL,SAMMAANCAP,SANOFI,SAPPHIRE,SAREGAMA,SBFC,SBICARD,SBILIFE,SBIN,SCHAEFFLER,SCHNEIDER,SCI,SHREECEM,SHRIRAMFIN,SHYAMMETL,SIEMENS,SIGNATURE,SJVN,SKFINDIA,SOBHA,SOLARINDS,SONACOMS,SONATSOFTW,SPARC,SRF,STARHEALTH,SUMICHEM,SUNDARMFIN,SUNDRMFAST,SUNPHARMA,SUNTV,SUPREMEIND,SUZLON,SWANCORP,SWSOLAR,SYNGENE,SYRMA,TANLA,TATACHEM,TATACOMM,TATACONSUM,TATAELXSI,TATAINVEST,TATAMTRDVR,TATAPOWER,TATASTEEL,TATATECH,TBOTEK,TCS,TECHM,TECHNOE,TEJASNET,THERMAX,TIINDIA,TIMKEN,TITAGARH,TITAN,TMPV,TORNTPHARM,TORNTPOWER,TRENT,TRIDENT,TRITURBINE,TRIVENI,TTML,TV18BRDCST,TVSMOTOR,TVSSCS,UBL,UCOBANK,UJJIVANSFB,ULTRACEMCO,UNIONBANK,UNITDSPR,UNOMINDA,UPL,USHAMART,UTIAMC,VARROC,VBL,VEDL,VGUARD,VIJAYA,VINATIORGA,VIPIND,VOLTAS,VTL,WELCORP,WELSPUNLIV,WESTLIFE,WHIRLPOOL,WIPRO,YESBANK,ZEEL,ZENSARTECH,ZFCVINDIA,ZYDUSLIFE"
2024-06-30,"360ONE,3MINDIA,AADHARHFC,AARTIIND,AAVAS,ABB,ABBOTINDIA,ABCAPITAL,ABFRL,ABREL,ABSLAMC,ACC,ACE,ACI,ADANIENSOL,ADANIENT,ADANIGREEN,ADANIPORTS,ADANIPOWER,AEGISLOG,AFFLE,AIAENG,AJANTPHARM,ALKEM,ALKYLAMINE,ALOKINDS,AMBER,AMBUJACEM,ANANDRATHI,ANANTRAJ,ANGELONE,APARINDS,APLAPOLLO,APLLTD,APOLLOHOSP,APOLLOTYRE,APTUS,ARE&M,ASAHIINDIA,ASHOKLEY,ASIANPAINT,ASTERDM,ASTRAL,ASTRAZEN,ATGL,ATUL,AUBANK,AUROPHARMA,AVANTIFEED,AWL,AXISBANK,BAJAJ-AUTO,BAJAJFINSV,BAJAJHLDNG,BAJFINANCE,BALAMINES,BALKRISIND,BALRAMCHIN,BANDHANBNK,BANKBARODA,BANKINDIA,BASF,BATAINDIA,BAYERCROP,BBTC,BDL,BEL,BEML,BERGEPAINT,BHARATFORG,BHARTIARTL,BHARTIHEXA,BHEL,BIKAJI,BIOCON,BIRLACORPN,BLS,BLUEDART,BLUESTARCO,BOSCHLTD,BPCL,BRIGADE,BRITANNIA,BSE,BSOFT,CAMPUS,CAMS,CANBK,CANFINHOME,CAPLIPOINT,CARBORUNIV,CASTROLIND,CCL,CDSL,CEATLTD,CELLO,CENTRALBK,CENTURYPLY,CERA,CESC,CGCL,CGPOWER,CHALET,CHAMBLFERT,CHEMPLASTS,CHENNPETRO,CHOLAFIN,CHOLAHLDNG,CIEINDIA,CIPLA,CLEAN,COALINDIA,COCHINSHIP,COFORGE,COHANCE,COLPAL,CONCOR,CONCORDBIO,COROMANDEL,CRAFTSMAN,CREDITACC,CRISIL,CROMPTON,CUB,CUMMINSIND,CYIENT,DABUR,DALBHARAT,DATAPATTNS,DBREALTY,DEEPAKFERT,DEEPAKNTR,DELHIVERY,DEVYANI,DIVISLAB,DIXON,DLF,DMART,DOMS,DRREDDY,DUMMYHEG,EASEMYTRIP,ECLERX,EICHERMOT,EIDPARRY,EIHOTEL,ELECON,ELGIEQUIP,EMAMILTD,ENDURANCE,ENGINERSIN,EQUITASBNK,ERIS,ESCORTS,ETERNAL,EXIDEIND,FACT,FEDERALBNK,FINCABLES,FINEORG,FINPIPE,FIVESTAR,FLUOROCHEM,FORTIS,FSL,GAEL,GAIL,GESHIP,GICRE,GILLETTE,GLAND,GLAXO,GLENMARK,GMDCLTD,GMRAIRPORT,GNFC,GODFRYPHLP,GODIGIT,GODREJAGRO,GODREJCP,GODREJIND,GODREJPROP,GPIL,GPPL,GRANULES,GRAPHITE,GRASIM,GRINDWELL,GRINFRA,GRSE,GSFC,GSPL,GUJGASLTD,GVT&D,HAL,HAPPSTMNDS,HAVELLS,HBLENGINE,HCLTECH,HDFCAMC,HDFCBANK,HDFCLIFE,HEG,HEROMOTOCO,HFCL,HINDALCO,HINDCOPPER,HINDPETRO,HINDUNILVR,HINDZINC,HOMEFIRST,HONASA,HONAUT,HSCL,HUDCO,ICICIBANK,ICICIGI,ICICIPRULI,IDBI,IDEA,IDFC,IDFCFIRSTB,IEX,IFCI,IGL,IIFL,INDGN,INDHOTEL,INDIACEM,INDIAMART,INDIANB,INDIGO,INDUSINDBK,INDUSTOWER,INFY,INOXINDIA,INOXWIND,INTELLECT,IOB,IOC,IPCALAB,IRB,IRCON,IRCTC,IREDA,IRFC,ITC,ITI,J&KBANK,JBCHEPHARM,JBMA,JINDALSAW,JINDALSTEL,JIOFIN,JKCEMENT,JKLAKSHMI,JKTYRE,JMFINANCIL,JPPOWER,JSL,JSWDULUX,JSWENERGY,JSWINFRA,JSWSTEEL,JUBLFOOD,JUBLINGREA,JUBLPHARMA,JUSTDIAL,JWL,JYOTHYLAB,JYOTICNC,KAJARIACER,KALYANKJIL,KANSAINER,KARURVYSYA,KAYNES,KEC,KEI,KFINTECH,KIMS,KIRLOSBROS,KIRLOSENG,KNRCON,KOTAKBANK,KPIL,KPITTECH,KPRMILL,KSB,LALPATHLAB,LATENTVIEW,LAURUSLABS,LEMONTREE,LICHSGFIN,LICI,LINDEINDIA,LLOYDSME,LODHA,LT,LTF,LTM,LTTS,LUPIN,M&M,M&MFIN,MAHABANK,MAHLIFE,MAHSEAMLES,MANAPPURAM,MANKIND,MANYAVAR,MAPMYINDIA,MARICO,MARUTI,MASTEK,MAXHEALTH,MAZDOCK,MCX,MEDANTA,METROBRAND,METROPOLIS,MFSL,MGL,MINDACORP,MMTC,MOTHERSON,MOTILALOFS,MPHASIS,MRF,MRPL,MSUMI,MUTHOOTFIN,NAM-INDIA,NATCOPHARM,NATIONALUM,NAUKRI,NAVINFLUOR,NBCC,NCC,NESTLEIND,NETWEB,NETWORK18,NEWGEN,NH,NHPC,NIACL,NLCINDIA,NMDC,NSLNISP,NTPC,NUVAMA,NUVOCO,NYKAA,OBEROIRLTY,OFSS,OIL,OLECTRA,ONGC,PAGEIND,PATANJALI,PAYTM,PCBL,PEL,PERSISTENT,PETRONET,PFC,PFIZER,PGHH,PHOENIXLTD,PIDILITIND,PIIND,PNB,PNBHOUSING,PNCINFRA,POLICYBZR,POLYCAB,POLYMED,POONAWALLA,POWERGRID,POWERINDIA,PPLPHARMA,PRAJIND,PRESTIGE,PTCIL,PVRINOX,QUESS,RADICO,RAILTEL,RAINBOW,RAJESHEXPO,RAMCOCEM,RATNAMANI,RAYMOND,RAYMONDLSL,RBLBANK,RCF,RECLTD,REDINGTON,RELIANCE,RENUKA,RHIM,RITES,RKFORGE,ROUTE,RRKABEL,RTNINDIA,RVNL,SAIL,SAMMAANCAP,SANOFI,SAPPHIRE,SAREGAMA,SBFC,SBICARD,SBILIFE,SBIN,SCHAEFFLER,SCHNEIDER,SCI,SHREECEM,SHRIRAMFIN,SHYAMMETL,SIEMENS,SIGNATURE,SJVN,SKFINDIA,SOBHA,SOLARINDS,SONACOMS,SONATSOFTW,SPARC,SRF,STARHEALTH,SUMICHEM,SUNDARMFIN,SUNDRMFAST,SUNPHARMA,SUNTV,SUPREMEIND,SUZLON,SWANCORP,SWSOLAR,SYNGENE,SYRMA,TANLA,TATACHEM,TATACOMM,TATACONSUM,TATAELXSI,TATAINVEST,TATAMTRDVR,TATAPOWER,TATASTEEL,TATATECH,TBOTEK,TCS,TECHM,TECHNOE,TEJASNET,THERMAX,TIINDIA,TIMKEN,TITAGARH,TITAN,TMPV,TORNTPHARM,TORNTPOWER,TRENT,TRIDENT,TRITURBINE,TRIVENI,TTML,TV18BRDCST,TVSMOTOR,TVSSCS,UBL,UCOBANK,UJJIVANSFB,ULTRACEMCO,UNIONBANK,UNITDSPR,UNOMINDA,UPL,USHAMART,UTIAMC,VARROC,VBL,VEDL,VGUARD,VIJAYA,VINATIORGA,VIPIND,VOLTAS,VTL,WELCORP,WELSPUNLIV,WESTLIFE,WHIRLPOOL,WIPRO,YESBANK,ZEEL,ZENSARTECH,ZFCVINDIA,ZYDUSLIFE"
2024-07-31,"360ONE,3MINDIA,AADHARHFC,AARTIIND,AAVAS,ABB,ABBOTINDIA,ABCAPITAL,ABFRL,ABREL,ABSLAMC,ACC,ACE,ACI,ADANIENSOL,ADANIENT,ADANIGREEN,ADANIPORTS,ADANIPOWER,AEGISLOG,AFFLE,AIAENG,AJANTPHARM,ALKEM,ALKYLAMINE,ALOKINDS,AMBER,AMBUJACEM,ANANDRATHI,ANANTRAJ,ANGELONE,APARINDS,APLAPOLLO,APLLTD,APOLLOHOSP,APOLLOTYRE,APTUS,ARE&M,ASAHIINDIA,ASHOKLEY,ASIANPAINT,ASTERDM,ASTRAL,ASTRAZEN,ATGL,ATUL,AUBANK,AUROPHARMA,AVANTIFEED,AWL,AXISBANK,BAJAJ-AUTO,BAJAJFINSV,BAJAJHLDNG,BAJFINANCE,BALAMINES,BALKRISIND,BALRAMCHIN,BANDHANBNK,BANKBARODA,BANKINDIA,BASF,BATAINDIA,BAYERCROP,BBTC,BDL,BEL,BEML,BERGEPAINT,BHARATFORG,BHARTIARTL,BHARTIHEXA,BHEL,BIKAJI,BIOCON,BIRLACORPN,BLS,BLUEDART,BLUESTARCO,BOSCHLTD,BPCL,BRIGADE,BRITANNIA,BSE,BSOFT,CAMPUS,CAMS,CANBK,CANFINHOME,CAPLIPOINT,CARBORUNIV,CASTROLIND,CCL,CDSL,CEATLTD,CELLO,CENTRALBK,CENTURYPLY,CERA,CESC,CGCL,CGPOWER,CHALET,CHAMBLFERT,CHEMPLASTS,CHENNPETRO,CHOLAFIN,CHOLAHLDNG,CIEINDIA,CIPLA,CLEAN,COALINDIA,COCHINSHIP,COFORGE,COHANCE,COLPAL,CONCOR,CONCORDBIO,COROMANDEL,CRAFTSMAN,CREDITACC,CRISIL,CROMPTON,CUB,CUMMINSIND,CYIENT,DABUR,DALBHARAT,DATAPATTNS,DBREALTY,DEEPAKFERT,DEEPAKNTR,DELHIVERY,DEVYANI,DIVISLAB,DIXON,DLF,DMART,DOMS,DRREDDY,DUMMYHEG,EASEMYTRIP,ECLERX,EICHERMOT,EIDPARRY,EIHOTEL,ELECON,ELGIEQUIP,EMAMILTD,ENDURANCE,ENGINERSIN,EQUITASBNK,ERIS,ESCORTS,ETERNAL,EXIDEIND,FACT,FEDERALBNK,FINCABLES,FINEORG,FINPIPE,FIVESTAR,FLUOROCHEM,FORTIS,FSL,GAEL,GAIL,GESHIP,GICRE,GILLETTE,GLAND,GLAXO,GLENMARK,GMDCLTD,GMRAIRPORT,GNFC,GODFRYPHLP,GODIGIT,GODREJAGRO,GODREJCP,GODREJIND,GODREJPROP,GPIL,GPPL,GRANULES,GRAPHITE,GRASIM,GRINDWELL,GRINFRA,GRSE,GSFC,GSPL,GUJGASLTD,GVT&D,HAL,HAPPSTMNDS,HAVELLS,HBLENGINE,HCLTECH,HDFCAMC,HDFCBANK,HDFCLIFE,HEG,HEROMOTOCO,HFCL,HINDALCO,HINDCOPPER,HINDPETRO,HINDUNILVR,HINDZINC,HOMEFIRST,HONASA,HONAUT,HSCL,HUDCO,ICICIBANK,ICICIGI,ICICIPRULI,IDBI,IDEA,IDFC,IDFCFIRSTB,IEX,IFCI,IGL,IIFL,INDGN,INDHOTEL,INDIACEM,INDIAMART,INDIANB,INDIGO,INDUSINDBK,INDUSTOWER,INFY,INOXINDIA,INOXWIND,INTELLECT,IOB,IOC,IPCALAB,IRB,IRCON,IRCTC,IREDA,IRFC,ITC,ITI,J&KBANK,JBCHEPHARM,JBMA,JINDALSAW,JINDALSTEL,JIOFIN,JKCEMENT,JKLAKSHMI,JKTYRE,JMFINANCIL,JPPOWER,JSL,JSWDULUX,JSWENERGY,JSWINFRA,JSWSTEEL,JUBLFOOD,JUBLINGREA,JUBLPHARMA,JUSTDIAL,JWL,JYOTHYLAB,JYOTICNC,KAJARIACER,KALYANKJIL,KANSAINER,KARURVYSYA,KAYNES,KEC,KEI,KFINTECH,KIMS,KIRLOSBROS,KIRLOSENG,KNRCON,KOTAKBANK,KPIL,KPITTECH,KPRMILL,KSB,LALPATHLAB,LATENTVIEW,LAURUSLABS,LEMONTREE,LICHSGFIN,LICI,LINDEINDIA,LLOYDSME,LODHA,LT,LTF,LTM,LTTS,LUPIN,M&M,M&MFIN,MAHABANK,MAHLIFE,MAHSEAMLES,MANAPPURAM,MANKIND,MANYAVAR,MAPMYINDIA,MARICO,MARUTI,MASTEK,MAXHEALTH,MAZDOCK,MCX,MEDANTA,METROBRAND,METROPOLIS,MFSL,MGL,MINDACORP,MMTC,MOTHERSON,MOTILALOFS,MPHASIS,MRF,MRPL,MSUMI,MUTHOOTFIN,NAM-INDIA,NATCOPHARM,NATIONALUM,NAUKRI,NAVINFLUOR,NBCC,NCC,NESTLEIND,NETWEB,NETWORK18,NEWGEN,NH,NHPC,NIACL,NLCINDIA,NMDC,NSLNISP,NTPC,NUVAMA,NUVOCO,NYKAA,OBEROIRLTY,OFSS,OIL,OLECTRA,ONGC,PAGEIND,PATANJALI,PAYTM,PCBL,PEL,PERSISTENT,PETRONET,PFC,PFIZER,PGHH,PHOENIXLTD,PIDILITIND,PIIND,PNB,PNBHOUSING,PNCINFRA,POLICYBZR,POLYCAB,POLYMED,POONAWALLA,POWERGRID,POWERINDIA,PPLPHARMA,PRAJIND,PRESTIGE,PTCIL,PVRINOX,QUESS,RADICO,RAILTEL,RAINBOW,RAJESHEXPO,RAMCOCEM,RATNAMANI,RAYMOND,RAYMONDLSL,RBLBANK,RCF,RECLTD,REDINGTON,RELIANCE,RENUKA,RHIM,RITES,RKFORGE,ROUTE,RRKABEL,RTNINDIA,RVNL,SAIL,SAMMAANCAP,SANOFI,SAPPHIRE,SAREGAMA,SBFC,SBICARD,SBILIFE,SBIN,SCHAEFFLER,SCHNEIDER,SCI,SHREECEM,SHRIRAMFIN,SHYAMMETL,SIEMENS,SIGNATURE,SJVN,SKFINDIA,SOBHA,SOLARINDS,SONACOMS,SONATSOFTW,SPARC,SRF,STARHEALTH,SUMICHEM,SUNDARMFIN,SUNDRMFAST,SUNPHARMA,SUNTV,SUPREMEIND,SUZLON,SWANCORP,SWSOLAR,SYNGENE,SYRMA,TANLA,TATACHEM,TATACOMM,TATACONSUM,TATAELXSI,TATAINVEST,TATAMTRDVR,TATAPOWER,TATASTEEL,TATATECH,TBOTEK,TCS,TECHM,TECHNOE,TEJASNET,THERMAX,TIINDIA,TIMKEN,TITAGARH,TITAN,TMPV,TORNTPHARM,TORNTPOWER,TRENT,TRIDENT,TRITURBINE,TRIVENI,TTML,TV18BRDCST,TVSMOTOR,TVSSCS,UBL,UCOBANK,UJJIVANSFB,ULTRACEMCO,UNIONBANK,UNITDSPR,UNOMINDA,UPL,USHAMART,UTIAMC,VARROC,VBL,VEDL,VGUARD,VIJAYA,VINATIORGA,VIPIND,VOLTAS,VTL,WELCORP,WELSPUNLIV,WESTLIFE,WHIRLPOOL,WIPRO,YESBANK,ZEEL,ZENSARTECH,ZFCVINDIA,ZYDUSLIFE"
2024-08-31,"360ONE,3MINDIA,AADHARHFC,AARTIIND,AAVAS,ABB,ABBOTINDIA,ABCAPITAL,ABFRL,ABREL,ABSLAMC,ACC,ACE,ACI,ADANIENSOL,ADANIENT,ADANIGREEN,ADANIPORTS,ADANIPOWER,AEGISLOG,AFFLE,AIAENG,AJANTPHARM,ALKEM,ALKYLAMINE,ALOKINDS,AMBER,AMBUJACEM,ANANDRATHI,ANANTRAJ,ANGELONE,APARINDS,APLAPOLLO,APLLTD,APOLLOHOSP,APOLLOTYRE,APTUS,ARE&M,ASAHIINDIA,ASHOKLEY,ASIANPAINT,ASTERDM,ASTRAL,ASTRAZEN,ATGL,ATUL,AUBANK,AUROPHARMA,AVANTIFEED,AWL,AXISBANK,BAJAJ-AUTO,BAJAJFINSV,BAJAJHLDNG,BAJFINANCE,BALAMINES,BALKRISIND,BALRAMCHIN,BANDHANBNK,BANKBARODA,BANKINDIA,BASF,BATAINDIA,BAYERCROP,BBTC,BDL,BEL,BEML,BERGEPAINT,BHARATFORG,BHARTIARTL,BHARTIHEXA,BHEL,BIKAJI,BIOCON,BIRLACORPN,BLS,BLUEDART,BLUESTARCO,BOSCHLTD,BPCL,BRIGADE,BRITANNIA,BSE,BSOFT,CAMPUS,CAMS,CANBK,CANFINHOME,CAPLIPOINT,CARBORUNIV,CASTROLIND,CCL,CDSL,CEATLTD,CELLO,CENTRALBK,CENTURYPLY,CERA,CESC,CGCL,CGPOWER,CHALET,CHAMBLFERT,CHEMPLASTS,CHENNPETRO,CHOLAFIN,CHOLAHLDNG,CIEINDIA,CIPLA,CLEAN,COALINDIA,COCHINSHIP,COFORGE,COHANCE,COLPAL,CONCOR,CONCORDBIO,COROMANDEL,CRAFTSMAN,CREDITACC,CRISIL,CROMPTON,CUB,CUMMINSIND,CYIENT,DABUR,DALBHARAT,DATAPATTNS,DBREALTY,DEEPAKFERT,DEEPAKNTR,DELHIVERY,DEVYANI,DIVISLAB,DIXON,DLF,DMART,DOMS,DRREDDY,DUMMYHEG,EASEMYTRIP,ECLERX,EICHERMOT,EIDPARRY,EIHOTEL,ELECON,ELGIEQUIP,EMAMILTD,ENDURANCE,ENGINERSIN,EQUITASBNK,ERIS,ESCORTS,ETERNAL,EXIDEIND,FACT,FEDERALBNK,FINCABLES,FINEORG,FINPIPE,FIVESTAR,FLUOROCHEM,FORTIS,FSL,GAEL,GAIL,GESHIP,GICRE,GILLETTE,GLAND,GLAXO,GLENMARK,GMDCLTD,GMRAIRPORT,GNFC,GODFRYPHLP,GODIGIT,GODREJAGRO,GODREJCP,GODREJIND,GODREJPROP,GPIL,GPPL,GRANULES,GRAPHITE,GRASIM,GRINDWELL,GRINFRA,GRSE,GSFC,GSPL,GUJGASLTD,GVT&D,HAL,HAPPSTMNDS,HAVELLS,HBLENGINE,HCLTECH,HDFCAMC,HDFCBANK,HDFCLIFE,HEG,HEROMOTOCO,HFCL,HINDALCO,HINDCOPPER,HINDPETRO,HINDUNILVR,HINDZINC,HOMEFIRST,HONASA,HONAUT,HSCL,HUDCO,ICICIBANK,ICICIGI,ICICIPRULI,IDBI,IDEA,IDFC,IDFCFIRSTB,IEX,IFCI,IGL,IIFL,INDGN,INDHOTEL,INDIACEM,INDIAMART,INDIANB,INDIGO,INDUSINDBK,INDUSTOWER,INFY,INOXINDIA,INOXWIND,INTELLECT,IOB,IOC,IPCALAB,IRB,IRCON,IRCTC,IREDA,IRFC,ITC,ITI,J&KBANK,JBCHEPHARM,JBMA,JINDALSAW,JINDALSTEL,JIOFIN,JKCEMENT,JKLAKSHMI,JKTYRE,JMFINANCIL,JPPOWER,JSL,JSWDULUX,JSWENERGY,JSWINFRA,JSWSTEEL,JUBLFOOD,JUBLINGREA,JUBLPHARMA,JUSTDIAL,JWL,JYOTHYLAB,JYOTICNC,KAJARIACER,KALYANKJIL,KANSAINER,KARURVYSYA,KAYNES,KEC,KEI,KFINTECH,KIMS,KIRLOSBROS,KIRLOSENG,KNRCON,KOTAKBANK,KPIL,KPITTECH,KPRMILL,KSB,LALPATHLAB,LATENTVIEW,LAURUSLABS,LEMONTREE,LICHSGFIN,LICI,LINDEINDIA,LLOYDSME,LODHA,LT,LTF,LTM,LTTS,LUPIN,M&M,M&MFIN,MAHABANK,MAHLIFE,MAHSEAMLES,MANAPPURAM,MANKIND,MANYAVAR,MAPMYINDIA,MARICO,MARUTI,MASTEK,MAXHEALTH,MAZDOCK,MCX,MEDANTA,METROBRAND,METROPOLIS,MFSL,MGL,MINDACORP,MMTC,MOTHERSON,MOTILALOFS,MPHASIS,MRF,MRPL,MSUMI,MUTHOOTFIN,NAM-INDIA,NATCOPHARM,NATIONALUM,NAUKRI,NAVINFLUOR,NBCC,NCC,NESTLEIND,NETWEB,NETWORK18,NEWGEN,NH,NHPC,NIACL,NLCINDIA,NMDC,NSLNISP,NTPC,NUVAMA,NUVOCO,NYKAA,OBEROIRLTY,OFSS,OIL,OLECTRA,ONGC,PAGEIND,PATANJALI,PAYTM,PCBL,PEL,PERSISTENT,PETRONET,PFC,PFIZER,PGHH,PHOENIXLTD,PIDILITIND,PIIND,PNB,PNBHOUSING,PNCINFRA,POLICYBZR,POLYCAB,POLYMED,POONAWALLA,POWERGRID,POWERINDIA,PPLPHARMA,PRAJIND,PRESTIGE,PTCIL,PVRINOX,QUESS,RADICO,RAILTEL,RAINBOW,RAJESHEXPO,RAMCOCEM,RATNAMANI,RAYMOND,RAYMONDLSL,RBLBANK,RCF,RECLTD,REDINGTON,RELIANCE,RENUKA,RHIM,RITES,RKFORGE,ROUTE,RRKABEL,RTNINDIA,RVNL,SAIL,SAMMAANCAP,SANOFI,SAPPHIRE,SAREGAMA,SBFC,SBICARD,SBILIFE,SBIN,SCHAEFFLER,SCHNEIDER,SCI,SHREECEM,SHRIRAMFIN,SHYAMMETL,SIEMENS,SIGNATURE,SJVN,SKFINDIA,SOBHA,SOLARINDS,SONACOMS,SONATSOFTW,SPARC,SRF,STARHEALTH,SUMICHEM,SUNDARMFIN,SUNDRMFAST,SUNPHARMA,SUNTV,SUPREMEIND,SUZLON,SWANCORP,SWSOLAR,SYNGENE,SYRMA,TANLA,TATACHEM,TATACOMM,TATACONSUM,TATAELXSI,TATAINVEST,TATAPOWER,TATASTEEL,TATATECH,TBOTEK,TCS,TECHM,TECHNOE,TEJASNET,THERMAX,TIINDIA,TIMKEN,TITAGARH,TITAN,TMPV,TORNTPHARM,TORNTPOWER,TRENT,TRIDENT,TRITURBINE,TRIVENI,TTML,TV18BRDCST,TVSMOTOR,TVSSCS,UBL,UCOBANK,UJJIVANSFB,ULTRACEMCO,UNIONBANK,UNITDSPR,UNOMINDA,UPL,USHAMART,UTIAMC,VARROC,VBL,VEDL,VGUARD,VIJAYA,VINATIORGA,VIPIND,VOLTAS,VTL,WELCORP,WELSPUNLIV,WESTLIFE,WHIRLPOOL,WIPRO,YESBANK,ZEEL,ZENSARTECH,ZFCVINDIA,ZYDUSLIFE"
2024-09-30,"360ONE,3MINDIA,AADHARHFC,AARTIIND,AAVAS,ABB,ABBOTINDIA,ABCAPITAL,ABFRL,ABREL,ABSLAMC,ACC,ACE,ACI,ADANIENSOL,ADANIENT,ADANIGREEN,ADANIPORTS,ADANIPOWER,AEGISLOG,AFFLE,AIAENG,AJANTPHARM,ALKEM,ALKYLAMINE,ALOKINDS,AMBER,AMBUJACEM,ANANDRATHI,ANANTRAJ,ANGELONE,APARINDS,APLAPOLLO,APLLTD,APOLLOHOSP,APOLLOTYRE,APTUS,ARE&M,ASAHIINDIA,ASHOKLEY,ASIANPAINT,ASTERDM,ASTRAL,ASTRAZEN,ATGL,ATUL,AUBANK,AUROPHARMA,AVANTIFEED,AWL,AXISBANK,BAJAJ-AUTO,BAJAJFINSV,BAJAJHLDNG,BAJFINANCE,BALAMINES,BALKRISIND,BALRAMCHIN,BANDHANBNK,BANKBARODA,BANKINDIA,BASF,BATAINDIA,BAYERCROP,BBTC,BDL,BEL,BEML,BERGEPAINT,BHARATFORG,BHARTIARTL,BHARTIHEXA,BHEL,BIKAJI,BIOCON,BIRLACORPN,BLS,BLUEDART,BLUESTARCO,BOSCHLTD,BPCL,BRIGADE,BRITANNIA,BSE,BSOFT,CAMPUS,CAMS,CANBK,CANFINHOME,CAPLIPOINT,CARBORUNIV,CASTROLIND,CCL,CDSL,CEATLTD,CELLO,CENTRALBK,CENTURYPLY,CERA,CESC,CGCL,CGPOWER,CHALET,CHAMBLFERT,CHEMPLASTS,CHENNPETRO,CHOLAFIN,CHOLAHLDNG,CIEINDIA,CIPLA,CLEAN,COALINDIA,COCHINSHIP,COFORGE,COHANCE,COLPAL,CONCOR,CONCORDBIO,COROMANDEL,CRAFTSMAN,CREDITACC,CRISIL,CROMPTON,CUB,CUMMINSIND,CYIENT,DABUR,DALBHARAT,DATAPATTNS,DBREALTY,DEEPAKFERT,DEEPAKNTR,DELHIVERY,DEVYANI,DIVISLAB,DIXON,DLF,DMART,DOMS,DRREDDY,DUMMYHEG,EASEMYTRIP,ECLERX,EICHERMOT,EIDPARRY,EIHOTEL,ELECON,ELGIEQUIP,EMAMILTD,ENDURANCE,ENGINERSIN,EQUITASBNK,ERIS,ESCORTS,ETERNAL,EXIDEIND,FACT,FEDERALBNK,FINCABLES,FINEORG,FINPIPE,FIVESTAR,FLUOROCHEM,FORTIS,FSL,GAEL,GAIL,GESHIP,GICRE,GILLETTE,GLAND,GLAXO,GLENMARK,GMDCLTD,GMRAIRPORT,GNFC,GODFRYPHLP,GODIGIT,GODREJAGRO,GODREJCP,GODREJIND,GODREJPROP,GPIL,GPPL,GRANULES,GRAPHITE,GRASIM,GRINDWELL,GRINFRA,GRSE,GSFC,GSPL,GUJGASLTD,GVT&D,HAL,HAPPSTMNDS,HAVELLS,HBLENGINE,HCLTECH,HDFCAMC,HDFCBANK,HDFCLIFE,HEG,HEROMOTOCO,HFCL,HINDALCO,HINDCOPPER,HINDPETRO,HINDUNILVR,HINDZINC,HOMEFIRST,HONASA,HONAUT,HSCL,HUDCO,ICICIBANK,ICICIGI,ICICIPRULI,IDBI,IDEA,IDFC,IDFCFIRSTB,IEX,IFCI,IGL,IIFL,INDGN,INDHOTEL,INDIACEM,INDIAMART,INDIANB,INDIGO,INDUSINDBK,INDUSTOWER,INFY,INOXINDIA,INOXWIND,INTELLECT,IOB,IOC,IPCALAB,IRB,IRCON,IRCTC,IREDA,IRFC,ITC,ITI,J&KBANK,JBCHEPHARM,JBMA,JINDALSAW,JINDALSTEL,JIOFIN,JKCEMENT,JKLAKSHMI,JKTYRE,JMFINANCIL,JPPOWER,JSL,JSWDULUX,JSWENERGY,JSWINFRA,JSWSTEEL,JUBLFOOD,JUBLINGREA,JUBLPHARMA,JUSTDIAL,JWL,JYOTHYLAB,JYOTICNC,KAJARIACER,KALYANKJIL,KANSAINER,KARURVYSYA,KAYNES,KEC,KEI,KFINTECH,KIMS,KIRLOSBROS,KIRLOSENG,KNRCON,KOTAKBANK,KPIL,KPITTECH,KPRMILL,KSB,LALPATHLAB,LATENTVIEW,LAURUSLABS,LEMONTREE,LICHSGFIN,LICI,LINDEINDIA,LLOYDSME,LODHA,LT,LTF,LTM,LTTS,LUPIN,M&M,M&MFIN,MAHABANK,MAHLIFE,MAHSEAMLES,MANAPPURAM,MANKIND,MANYAVAR,MAPMYINDIA,MARICO,MARUTI,MASTEK,MAXHEALTH,MAZDOCK,MCX,MEDANTA,METROBRAND,METROPOLIS,MFSL,MGL,MINDACORP,MMTC,MOTHERSON,MOTILALOFS,MPHASIS,MRF,MRPL,MSUMI,MUTHOOTFIN,NAM-INDIA,NATCOPHARM,NATIONALUM,NAUKRI,NAVINFLUOR,NBCC,NCC,NESTLEIND,NETWEB,NETWORK18,NEWGEN,NH,NHPC,NIACL,NLCINDIA,NMDC,NSLNISP,NTPC,NUVAMA,NUVOCO,NYKAA,OBEROIRLTY,OFSS,OIL,OLECTRA,ONGC,PAGEIND,PATANJALI,PAYTM,PCBL,PEL,PERSISTENT,PETRONET,PFC,PFIZER,PGHH,PHOENIXLTD,PIDILITIND,PIIND,PNB,PNBHOUSING,PNCINFRA,POLICYBZR,POLYCAB,POLYMED,POONAWALLA,POWERGRID,POWERINDIA,PPLPHARMA,PRAJIND,PRESTIGE,PTCIL,PVRINOX,QUESS,RADICO,RAILTEL,RAINBOW,RAJESHEXPO,RAMCOCEM,RATNAMANI,RAYMOND,RAYMONDLSL,RBLBANK,RCF,RECLTD,REDINGTON,RELIANCE,RENUKA,RHIM,RITES,RKFORGE,ROUTE,RRKABEL,RTNINDIA,RVNL,SAIL,SAMMAANCAP,SANOFI,SAPPHIRE,SAREGAMA,SBFC,SBICARD,SBILIFE,SBIN,SCHAEFFLER,SCHNEIDER,SCI,SHREECEM,SHRIRAMFIN,SHYAMMETL,SIEMENS,SIGNATURE,SJVN,SKFINDIA,SOBHA,SOLARINDS,SONACOMS,SONATSOFTW,SPARC,SRF,STARHEALTH,SUMICHEM,SUNDARMFIN,SUNDRMFAST,SUNPHARMA,SUNTV,SUPREMEIND,SUZLON,SWANCORP,SWSOLAR,SYNGENE,SYRMA,TANLA,TATACHEM,TATACOMM,TATACONSUM,TATAELXSI,TATAINVEST,TATAPOWER,TATASTEEL,TATATECH,TBOTEK,TCS,TECHM,TECHNOE,TEJASNET,THERMAX,TIINDIA,TIMKEN,TITAGARH,TITAN,TMPV,TORNTPHARM,TORNTPOWER,TRENT,TRIDENT,TRITURBINE,TRIVENI,TTML,TV18BRDCST,TVSMOTOR,TVSSCS,UBL,UCOBANK,UJJIVANSFB,ULTRACEMCO,UNIONBANK,UNITDSPR,UNOMINDA,UPL,USHAMART,UTIAMC,VARROC,VBL,VEDL,VGUARD,VIJAYA,VINATIORGA,VIPIND,VOLTAS,VTL,WELCORP,WELSPUNLIV,WESTLIFE,WHIRLPOOL,WIPRO,YESBANK,ZEEL,ZENSARTECH,ZFCVINDIA,ZYDUSLIFE"
2024-10-31,"360ONE,3MINDIA,AADHARHFC,AARTIIND,AAVAS,ABB,ABBOTINDIA,ABCAPITAL,ABFRL,ABREL,ABSLAMC,ACC,ACE,ACI,ADANIENSOL,ADANIENT,ADANIGREEN,ADANIPORTS,ADANIPOWER,AEGISLOG,AFFLE,AIAENG,AJANTPHARM,AKUMS,ALKEM,ALKYLAMINE,ALOKINDS,AMBER,AMBUJACEM,ANANDRATHI,ANANTRAJ,ANGELONE,APARINDS,APLAPOLLO,APLLTD,APOLLOHOSP,APOLLOTYRE,APTUS,ARE&M,ASAHIINDIA,ASHOKLEY,ASIANPAINT,ASTERDM,ASTRAL,ASTRAZEN,ATGL,ATUL,AUBANK,AUROPHARMA,AVANTIFEED,AWL,AXISBANK,BAJAJ-AUTO,BAJAJFINSV,BAJAJHLDNG,BAJFINANCE,BALAMINES,BALKRISIND,BALRAMCHIN,BANDHANBNK,BANKBARODA,BANKINDIA,BASF,BATAINDIA,BAYERCROP,BBTC,BDL,BEL,BEML,BERGEPAINT,BHARATFORG,BHARTIARTL,BHARTIHEXA,BHEL,BIKAJI,BIOCON,BIRLACORPN,BLS,BLUEDART,BLUESTARCO,BOSCHLTD,BPCL,BRIGADE,BRITANNIA,BSE,BSOFT,CAMPUS,CAMS,CANBK,CANFINHOME,CAPLIPOINT,CARBORUNIV,CASTROLIND,CCL,CDSL,CEATLTD,CELLO,CENTRALBK,CENTURYPLY,CERA,CESC,CGCL,CGPOWER,CHALET,CHAMBLFERT,CHEMPLASTS,CHENNPETRO,CHOLAFIN,CHOLAHLDNG,CIEINDIA,CIPLA,CLEAN,COALINDIA,COCHINSHIP,COFORGE,COHANCE,COLPAL,CONCOR,CONCORDBIO,COROMANDEL,CRAFTSMAN,CREDITACC,CRISIL,CROMPTON,CUB,CUMMINSIND,CYIENT,DABUR,DALBHARAT,DATAPATTNS,DBREALTY,DEEPAKFERT,DEEPAKNTR,DELHIVERY,DEVYANI,DIVISLAB,DIXON,DLF,DMART,DOMS,DRREDDY,DUMMYHEG,EASEMYTRIP,ECLERX,EICHERMOT,EIDPARRY,EIHOTEL,ELECON,ELGIEQUIP,EMAMILTD,EMCURE,ENDURANCE,ENGINERSIN,EQUITASBNK,ERIS,ESCORTS,ETERNAL,EXIDEIND,FACT,FEDERALBNK,FINCABLES,FINEORG,FINPIPE,FIVESTAR,FLUOROCHEM,FORTIS,FSL,GAEL,GAIL,GESHIP,GICRE,GILLETTE,GLAND,GLAXO,GLENMARK,GMDCLTD,GMRAIRPORT,GNFC,GODFRYPHLP,GODIGIT,GODREJAGRO,GODREJCP,GODREJIND,GODREJPROP,GPIL,GPPL,GRANULES,GRAPHITE,GRASIM,GRINDWELL,GRINFRA,GRSE,GSFC,GSPL,GUJGASLTD,GVT&D,HAL,HAPPSTMNDS,HAVELLS,HBLENGINE,HCLTECH,HDFCAMC,HDFCBANK,HDFCLIFE,HEG,HEROMOTOCO,HFCL,HINDALCO,HINDCOPPER,HINDPETRO,HINDUNILVR,HINDZINC,HOMEFIRST,HONASA,HONAUT,HSCL,HUDCO,ICICIBANK,ICICIGI,ICICIPRULI,IDBI,IDEA,IDFCFIRSTB,IEX,IFCI,IGL,IIFL,INDGN,INDHOTEL,INDIACEM,INDIAMART,INDIANB,INDIGO,INDUSINDBK,INDUSTOWER,INFY,INOXINDIA,INOXWIND,INTELLECT,IOB,IOC,IPCALAB,IRB,IRCON,IRCTC,IREDA,IRFC,ITC,ITI,J&KBANK,JBCHEPHARM,JBMA,JINDALSAW,JINDALSTEL,JIOFIN,JKCEMENT,JKLAKSHMI,JKTYRE,JMFINANCIL,JPPOWER,JSL,JSWDULUX,JSWENERGY,JSWINFRA,JSWSTEEL,JUBLFOOD,JUBLINGREA,JUBLPHARMA,JUSTDIAL,JWL,JYOTHYLAB,JYOTICNC,KAJARIACER,KALYANKJIL,KANSAINER,KARURVYSYA,KAYNES,KEC,KEI,KFINTECH,KIMS,KIRLOSBROS,KIRLOSENG,KNRCON,KOTAKBANK,KPIL,KPITTECH,KPRMILL,KSB,LALPATHLAB,LATENTVIEW,LAURUSLABS,LEMONTREE,LICHSGFIN,LICI,LINDEINDIA,LLOYDSME,LODHA,LT,LTF,LTM,LTTS,LUPIN,M&M,M&MFIN,MAHABANK,MAHLIFE,MAHSEAMLES,MANAPPURAM,MANKIND,MANYAVAR,MAPMYINDIA,MARICO,MARUTI,MASTEK,MAXHEALTH,MAZDOCK,MCX,MEDANTA,METROBRAND,METROPOLIS,MFSL,MGL,MINDACORP,MMTC,MOTHERSON,MOTILALOFS,MPHASIS,MRF,MRPL,MSUMI,MUTHOOTFIN,NAM-INDIA,NATCOPHARM,NATIONALUM,NAUKRI,NAVINFLUOR,NBCC,NCC,NESTLEIND,NETWEB,NETWORK18,NEWGEN,NH,NHPC,NIACL,NLCINDIA,NMDC,NSLNISP,NTPC,NUVAMA,NUVOCO,NYKAA,OBEROIRLTY,OFSS,OIL,OLECTRA,ONGC,PAGEIND,PATANJALI,PAYTM,PCBL,PEL,PERSISTENT,PETRONET,PFC,PFIZER,PGHH,PHOENIXLTD,PIDILITIND,PIIND,PNB,PNBHOUSING,PNCINFRA,POLICYBZR,POLYCAB,POLYMED,POONAWALLA,POWERGRID,POWERINDIA,PPLPHARMA,PRAJIND,PRESTIGE,PTCIL,PVRINOX,QUESS,RADICO,RAILTEL,RAINBOW,RAJESHEXPO,RAMCOCEM,RATNAMANI,RAYMOND,RAYMONDLSL,RBLBANK,RCF,RECLTD,REDINGTON,RELIANCE,RENUKA,RHIM,RITES,RKFORGE,ROUTE,RRKABEL,RTNINDIA,RVNL,SAIL,SAMMAANCAP,SANOFI,SAPPHIRE,SAREGAMA,SBFC,SBICARD,SBILIFE,SBIN,SCHAEFFLER,SCHNEIDER,SCI,SHREECEM,SHRIRAMFIN,SHYAMMETL,SIEMENS,SIGNATURE,SJVN,SKFINDIA,SOBHA,SOLARINDS,SONACOMS,SONATSOFTW,SPARC,SRF,STARHEALTH,SUMICHEM,SUNDARMFIN,SUNDRMFAST,SUNPHARMA,SUNTV,SUPREMEIND,SUZLON,SWANCORP,SWSOLAR,SYNGENE,SYRMA,TANLA,TATACHEM,TATACOMM,TATACONSUM,TATAELXSI,TATAINVEST,TATAPOWER,TATASTEEL,TATATECH,TBOTEK,TCS,TECHM,TECHNOE,TEJASNET,THERMAX,TIINDIA,TIMKEN,TITAGARH,TITAN,TMPV,TORNTPHARM,TORNTPOWER,TRENT,TRIDENT,TRITURBINE,TRIVENI,TTML,TVSMOTOR,TVSSCS,UBL,UCOBANK,UJJIVANSFB,ULTRACEMCO,UNIONBANK,UNITDSPR,UNOMINDA,UPL,USHAMART,UTIAMC,VARROC,VBL,VEDL,VGUARD,VIJAYA,VINATIORGA,VIPIND,VOLTAS,VTL,WELCORP,WELSPUNLIV,WESTLIFE,WHIRLPOOL,WIPRO,YESBANK,ZEEL,ZENSARTECH,ZFCVINDIA,ZYDUSLIFE"
2024-11-30,"360ONE,3MINDIA,AADHARHFC,AARTIIND,AAVAS,ABB,ABBOTINDIA,ABCAPITAL,ABFRL,ABREL,ABSLAMC,ACC,ACE,ACI,ADANIENSOL,ADANIENT,ADANIGREEN,ADANIPORTS,ADANIPOWER,AEGISLOG,AFFLE,AIAENG,AJANTPHARM,AKUMS,ALKEM,ALKYLAMINE,ALOKINDS,AMBER,AMBUJACEM,ANANDRATHI,ANANTRAJ,ANGELONE,APARINDS,APLAPOLLO,APLLTD,APOLLOHOSP,APOLLOTYRE,APTUS,ARE&M,ASAHIINDIA,ASHOKLEY,ASIANPAINT,ASTERDM,ASTRAL,ASTRAZEN,ATGL,ATUL,AUBANK,AUROPHARMA,AVANTIFEED,AWL,AXISBANK,BAJAJ-AUTO,BAJAJFINSV,BAJAJHLDNG,BAJFINANCE,BALAMINES,BALKRISIND,BALRAMCHIN,BANDHANBNK,BANKBARODA,BANKINDIA,BASF,BATAINDIA,BAYERCROP,BBTC,BDL,BEL,BEML,BERGEPAINT,BHARATFORG,BHARTIARTL,BHARTIHEXA,BHEL,BIKAJI,BIOCON,BIRLACORPN,BLS,BLUEDART,BLUESTARCO,BOSCHLTD,BPCL,BRIGADE,BRITANNIA,BSE,BSOFT,CAMPUS,CAMS,CANBK,CANFINHOME,CAPLIPOINT,CARBORUNIV,CASTROLIND,CCL,CDSL,CEATLTD,CELLO,CENTRALBK,CENTURYPLY,CERA,CESC,CGCL,CGPOWER,CHALET,CHAMBLFERT,CHEMPLASTS,CHENNPETRO,CHOLAFIN,CHOLAHLDNG,CIEINDIA,CIPLA,CLEAN,COALINDIA,COCHINSHIP,COFORGE,COHANCE,COLPAL,CONCOR,CONCORDBIO,COROMANDEL,CRAFTSMAN,CREDITACC,CRISIL,CROMPTON,CUB,CUMMINSIND,CYIENT,DABUR,DALBHARAT,DATAPATTNS,DBREALTY,DEEPAKFERT,DEEPAKNTR,DELHIVERY,DEVYANI,DIVISLAB,DIXON,DLF,DMART,DOMS,DRREDDY,DUMMYHEG,EASEMYTRIP,ECLERX,EICHERMOT,EIDPARRY,EIHOTEL,ELECON,ELGIEQUIP,EMAMILTD,EMCURE,ENDURANCE,ENGINERSIN,EQUITASBNK,ERIS,ESCORTS,ETERNAL,EXIDEIND,FACT,FEDERALBNK,FINCABLES,FINEORG,FINPIPE,FIVESTAR,FLUOROCHEM,FORTIS,FSL,GAEL,GAIL,GESHIP,GICRE,GILLETTE,GLAND,GLAXO,GLENMARK,GMDCLTD,GMRAIRPORT,GNFC,GODFRYPHLP,GODIGIT,GODREJAGRO,GODREJCP,GODREJIND,GODREJPROP,GPIL,GPPL,GRANULES,GRAPHITE,GRASIM,GRINDWELL,GRINFRA,GRSE,GSFC,GSPL,GUJGASLTD,GVT&D,HAL,HAPPSTMNDS,HAVELLS,HBLENGINE,HCLTECH,HDFCAMC,HDFCBANK,HDFCLIFE,HEG,HEROMOTOCO,HFCL,HINDALCO,HINDCOPPER,HINDPETRO,HINDUNILVR,HINDZINC,HOMEFIRST,HONASA,HONAUT,HSCL,HUDCO,ICICIBANK,ICICIGI,ICICIPRULI,IDBI,IDEA,IDFCFIRSTB,IEX,IFCI,IGL,IIFL,INDGN,INDHOTEL,INDIACEM,INDIAMART,INDIANB,INDIGO,INDUSINDBK,INDUSTOWER,INFY,INOXINDIA,INOXWIND,INTELLECT,IOB,IOC,IPCALAB,IRB,IRCON,IRCTC,IREDA,IRFC,ITC,ITI,J&KBANK,JBCHEPHARM,JBMA,JINDALSAW,JINDALSTEL,JIOFIN,JKCEMENT,JKLAKSHMI,JKTYRE,JMFINANCIL,JPPOWER,JSL,JSWDULUX,JSWENERGY,JSWINFRA,JSWSTEEL,JUBLFOOD,JUBLINGREA,JUBLPHARMA,JUSTDIAL,JWL,JYOTHYLAB,JYOTICNC,KAJARIACER,KALYANKJIL,KANSAINER,KARURVYSYA,KAYNES,KEC,KEI,KFINTECH,KIMS,KIRLOSBROS,KIRLOSENG,KNRCON,KOTAKBANK,KPIL,KPITTECH,KPRMILL,KSB,LALPATHLAB,LATENTVIEW,LAURUSLABS,LEMONTREE,LICHSGFIN,LICI,LINDEINDIA,LLOYDSME,LODHA,LT,LTF,LTM,LTTS,LUPIN,M&M,M&MFIN,MAHABANK,MAHLIFE,MAHSEAMLES,MANAPPURAM,MANKIND,MANYAVAR,MAPMYINDIA,MARICO,MARUTI,MASTEK,MAXHEALTH,MAZDOCK,MCX,MEDANTA,METROBRAND,METROPOLIS,MFSL,MGL,MINDACORP,MMTC,MOTHERSON,MOTILALOFS,MPHASIS,MRF,MRPL,MSUMI,MUTHOOTFIN,NAM-INDIA,NATCOPHARM,NATIONALUM,NAUKRI,NAVINFLUOR,NBCC,NCC,NESTLEIND,NETWEB,NETWORK18,NEWGEN,NH,NHPC,NIACL,NLCINDIA,NMDC,NSLNISP,NTPC,NUVAMA,NUVOCO,NYKAA,OBEROIRLTY,OFSS,OIL,OLECTRA,ONGC,PAGEIND,PATANJALI,PAYTM,PCBL,PEL,PERSISTENT,PETRONET,PFC,PFIZER,PGHH,PHOENIXLTD,PIDILITIND,PIIND,PNB,PNBHOUSING,PNCINFRA,POLICYBZR,POLYCAB,POLYMED,POONAWALLA,POWERGRID,POWERINDIA,PPLPHARMA,PRAJIND,PRESTIGE,PTCIL,PVRINOX,QUESS,RADICO,RAILTEL,RAINBOW,RAJESHEXPO,RAMCOCEM,RATNAMANI,RAYMOND,RAYMONDLSL,RBLBANK,RCF,RECLTD,REDINGTON,RELIANCE,RENUKA,RHIM,RITES,RKFORGE,ROUTE,RRKABEL,RTNINDIA,RVNL,SAIL,SAMMAANCAP,SANOFI,SAPPHIRE,SAREGAMA,SBFC,SBICARD,SBILIFE,SBIN,SCHAEFFLER,SCHNEIDER,SCI,SHREECEM,SHRIRAMFIN,SHYAMMETL,SIEMENS,SIGNATURE,SJVN,SKFINDIA,SOBHA,SOLARINDS,SONACOMS,SONATSOFTW,SPARC,SRF,STARHEALTH,SUMICHEM,SUNDARMFIN,SUNDRMFAST,SUNPHARMA,SUNTV,SUPREMEIND,SUZLON,SWANCORP,SWSOLAR,SYNGENE,SYRMA,TANLA,TATACHEM,TATACOMM,TATACONSUM,TATAELXSI,TATAINVEST,TATAPOWER,TATASTEEL,TATATECH,TBOTEK,TCS,TECHM,TECHNOE,TEJASNET,THERMAX,TIINDIA,TIMKEN,TITAGARH,TITAN,TMPV,TORNTPHARM,TORNTPOWER,TRENT,TRIDENT,TRITURBINE,TRIVENI,TTML,TVSMOTOR,TVSSCS,UBL,UCOBANK,UJJIVANSFB,ULTRACEMCO,UNIONBANK,UNITDSPR,UNOMINDA,UPL,USHAMART,UTIAMC,VARROC,VBL,VEDL,VGUARD,VIJAYA,VINATIORGA,VIPIND,VOLTAS,VTL,WELCORP,WELSPUNLIV,WESTLIFE,WHIRLPOOL,WIPRO,YESBANK,ZEEL,ZENSARTECH,ZFCVINDIA,ZYDUSLIFE"
2024-12-31,"360ONE,3MINDIA,AADHARHFC,AARTIIND,AAVAS,ABB,ABBOTINDIA,ABCAPITAL,ABFRL,ABREL,ABSLAMC,ACC,ACE,ACI,ADANIENSOL,ADANIENT,ADANIGREEN,ADANIPORTS,ADANIPOWER,AEGISLOG,AFFLE,AIAENG,AJANTPHARM,AKUMS,ALKEM,ALKYLAMINE,ALOKINDS,AMBER,AMBUJACEM,ANANDRATHI,ANANTRAJ,ANGELONE,APARINDS,APLAPOLLO,APLLTD,APOLLOHOSP,APOLLOTYRE,APTUS,ARE&M,ASAHIINDIA,ASHOKLEY,ASIANPAINT,ASTERDM,ASTRAL,ASTRAZEN,ATGL,ATUL,AUBANK,AUROPHARMA,AVANTIFEED,AWL,AXISBANK,BAJAJ-AUTO,BAJAJFINSV,BAJAJHLDNG,BAJFINANCE,BALAMINES,BALKRISIND,BALRAMCHIN,BANDHANBNK,BANKBARODA,BANKINDIA,BASF,BATAINDIA,BAYERCROP,BBTC,BDL,BEL,BEML,BERGEPAINT,BHARATFORG,BHARTIARTL,BHARTIHEXA,BHEL,BIKAJI,BIOCON,BIRLACORPN,BLS,BLUEDART,BLUESTARCO,BOSCHLTD,BPCL,BRIGADE,BRITANNIA,BSE,BSOFT,CAMPUS,CAMS,CANBK,CANFINHOME,CAPLIPOINT,CARBORUNIV,CASTROLIND,CCL,CDSL,CEATLTD,CELLO,CENTRALBK,CENTURYPLY,CERA,CESC,CGCL,CGPOWER,CHALET,CHAMBLFERT,CHEMPLASTS,CHENNPETRO,CHOLAFIN,CHOLAHLDNG,CIEINDIA,CIPLA,CLEAN,COALINDIA,COCHINSHIP,COFORGE,COHANCE,COLPAL,CONCOR,CONCORDBIO,COROMANDEL,CRAFTSMAN,CREDITACC,CRISIL,CROMPTON,CUB,CUMMINSIND,CYIENT,DABUR,DALBHARAT,DATAPATTNS,DBREALTY,DEEPAKFERT,DEEPAKNTR,DELHIVERY,DEVYANI,DIVISLAB,DIXON,DLF,DMART,DOMS,DRREDDY,DUMMYHEG,EASEMYTRIP,ECLERX,EICHERMOT,EIDPARRY,EIHOTEL,ELECON,ELGIEQUIP,EMAMILTD,EMCURE,ENDURANCE,ENGINERSIN,EQUITASBNK,ERIS,ESCORTS,ETERNAL,EXIDEIND,FACT,FEDERALBNK,FINCABLES,FINEORG,FINPIPE,FIVESTAR,FLUOROCHEM,FORTIS,FSL,GAEL,GAIL,GESHIP,GICRE,GILLETTE,GLAND,GLAXO,GLENMARK,GMDCLTD,GMRAIRPORT,GNFC,GODFRYPHLP,GODIGIT,GODREJAGRO,GODREJCP,GODREJIND,GODREJPROP,GPIL,GPPL,GRANULES,GRAPHITE,GRASIM,GRINDWELL,GRINFRA,GRSE,GSFC,GSPL,GUJGASLTD,GVT&D,HAL,HAPPSTMNDS,HAVELLS,HBLENGINE,HCLTECH,HDFCAMC,HDFCBANK,HDFCLIFE,HEG,HEROMOTOCO,HFCL,HINDALCO,HINDCOPPER,HINDPETRO,HINDUNILVR,HINDZINC,HOMEFIRST,HONASA,HONAUT,HSCL,HUDCO,ICICIBANK,ICICIGI,ICICIPRULI,IDBI,IDEA,IDFCFIRSTB,IEX,IFCI,IGL,IIFL,INDGN,INDHOTEL,INDIACEM,INDIAMART,INDIANB,INDIGO,INDUSINDBK,INDUSTOWER,INFY,INOXINDIA,INOXWIND,INTELLECT,IOB,IOC,IPCALAB,IRB,IRCON,IRCTC,IREDA,IRFC,ITC,ITI,J&KBANK,JBCHEPHARM,JBMA,JINDALSAW,JINDALSTEL,JIOFIN,JKCEMENT,JKLAKSHMI,JKTYRE,JMFINANCIL,JPPOWER,JSL,JSWDULUX,JSWENERGY,JSWINFRA,JSWSTEEL,JUBLFOOD,JUBLINGREA,JUBLPHARMA,JUSTDIAL,JWL,JYOTHYLAB,JYOTICNC,KAJARIACER,KALYANKJIL,KANSAINER,KARURVYSYA,KAYNES,KEC,KEI,KFINTECH,KIMS,KIRLOSBROS,KIRLOSENG,KNRCON,KOTAKBANK,KPIL,KPITTECH,KPRMILL,KSB,LALPATHLAB,LATENTVIEW,LAURUSLABS,LEMONTREE,LICHSGFIN,LICI,LINDEINDIA,LLOYDSME,LODHA,LT,LTF,LTM,LTTS,LUPIN,M&M,M&MFIN,MAHABANK,MAHLIFE,MAHSEAMLES,MANAPPURAM,MANKIND,MANYAVAR,MAPMYINDIA,MARICO,MARUTI,MASTEK,MAXHEALTH,MAZDOCK,MCX,MEDANTA,METROBRAND,METROPOLIS,MFSL,MGL,MINDACORP,MMTC,MOTHERSON,MOTILALOFS,MPHASIS,MRF,MRPL,MSUMI,MUTHOOTFIN,NAM-INDIA,NATCOPHARM,NATIONALUM,NAUKRI,NAVINFLUOR,NBCC,NCC,NESTLEIND,NETWEB,NETWORK18,NEWGEN,NH,NHPC,NIACL,NLCINDIA,NMDC,NSLNISP,NTPC,NUVAMA,NUVOCO,NYKAA,OBEROIRLTY,OFSS,OIL,OLECTRA,ONGC,PAGEIND,PATANJALI,PAYTM,PCBL,PEL,PERSISTENT,PETRONET,PFC,PFIZER,PGHH,PHOENIXLTD,PIDILITIND,PIIND,PNB,PNBHOUSING,PNCINFRA,POLICYBZR,POLYCAB,POLYMED,POONAWALLA,POWERGRID,POWERINDIA,PPLPHARMA,PRAJIND,PRESTIGE,PTCIL,PVRINOX,QUESS,RADICO,RAILTEL,RAINBOW,RAJESHEXPO,RAMCOCEM,RATNAMANI,RAYMOND,RAYMONDLSL,RBLBANK,RCF,RECLTD,REDINGTON,RELIANCE,RENUKA,RHIM,RITES,RKFORGE,ROUTE,RRKABEL,RTNINDIA,RVNL,SAIL,SAMMAANCAP,SANOFI,SAPPHIRE,SAREGAMA,SBFC,SBICARD,SBILIFE,SBIN,SCHAEFFLER,SCHNEIDER,SCI,SHREECEM,SHRIRAMFIN,SHYAMMETL,SIEMENS,SIGNATURE,SJVN,SKFINDIA,SOBHA,SOLARINDS,SONACOMS,SONATSOFTW,SPARC,SRF,STARHEALTH,SUMICHEM,SUNDARMFIN,SUNDRMFAST,SUNPHARMA,SUNTV,SUPREMEIND,SUZLON,SWANCORP,SWSOLAR,SYNGENE,SYRMA,TANLA,TATACHEM,TATACOMM,TATACONSUM,TATAELXSI,TATAINVEST,TATAPOWER,TATASTEEL,TATATECH,TBOTEK,TCS,TECHM,TECHNOE,TEJASNET,THERMAX,TIINDIA,TIMKEN,TITAGARH,TITAN,TMPV,TORNTPHARM,TORNTPOWER,TRENT,TRIDENT,TRITURBINE,TRIVENI,TTML,TVSMOTOR,TVSSCS,UBL,UCOBANK,UJJIVANSFB,ULTRACEMCO,UNIONBANK,UNITDSPR,UNOMINDA,UPL,USHAMART,UTIAMC,VARROC,VBL,VEDL,VGUARD,VIJAYA,VINATIORGA,VIPIND,VOLTAS,VTL,WELCORP,WELSPUNLIV,WESTLIFE,WHIRLPOOL,WIPRO,YESBANK,ZEEL,ZENSARTECH,ZFCVINDIA,ZYDUSLIFE"
2025-01-31,"360ONE,3MINDIA,AADHARHFC,AARTIIND,AAVAS,ABB,ABBOTINDIA,ABCAPITAL,ABFRL,ABREL,ABSLAMC,ACC,ACE,ACI,ADANIENSOL,ADANIENT,ADANIGREEN,ADANIPORTS,ADANIPOWER,AEGISLOG,AFFLE,AIAENG,AJANTPHARM,AKUMS,ALKEM,ALKYLAMINE,ALOKINDS,AMBER,AMBUJACEM,ANANDRATHI,ANANTRAJ,ANGELONE,APARINDS,APLAPOLLO,APLLTD,APOLLOHOSP,APOLLOTYRE,APTUS,ARE&M,ASAHIINDIA,ASHOKLEY,ASIANPAINT,ASTERDM,ASTRAL,ASTRAZEN,ATGL,ATUL,AUBANK,AUROPHARMA,AVANTIFEED,AWL,AXISBANK,BAJAJ-AUTO,BAJAJFINSV,BAJAJHLDNG,BAJFINANCE,BALAMINES,BALKRISIND,BALRAMCHIN,BANDHANBNK,BANKBARODA,BANKINDIA,BASF,BATAINDIA,BAYERCROP,BBTC,BDL,BEL,BEML,BERGEPAINT,BHARATFORG,BHARTIARTL,BHARTIHEXA,BHEL,BIKAJI,BIOCON,BIRLACORPN,BLS,BLUEDART,BLUESTARCO,BOSCHLTD,BPCL,BRIGADE,BRITANNIA,BSE,BSOFT,CAMPUS,CAMS,CANBK,CANFINHOME,CAPLIPOINT,CARBORUNIV,CASTROLIND,CCL,CDSL,CEATLTD,CELLO,CENTRALBK,CENTURYPLY,CERA,CESC,CGCL,CGPOWER,CHALET,CHAMBLFERT,CHEMPLASTS,CHENNPETRO,CHOLAFIN,CHOLAHLDNG,CIEINDIA,CIPLA,CLEAN,COALINDIA,COCHINSHIP,COFORGE,COHANCE,COLPAL,CONCOR,CONCORDBIO,COROMANDEL,CRAFTSMAN,CREDITACC,CRISIL,CROMPTON,CUB,CUMMINSIND,CYIENT,DABUR,DALBHARAT,DATAPATTNS,DBREALTY,DEEPAKFERT,DEEPAKNTR,DELHIVERY,DEVYANI,DIVISLAB,DIXON,DLF,DMART,DOMS,DRREDDY,DUMMYHEG,EASEMYTRIP,ECLERX,EICHERMOT,EIDPARRY,EIHOTEL,ELECON,ELGIEQUIP,EMAMILTD,EMCURE,ENDURANCE,ENGINERSIN,EQUITASBNK,ERIS,ESCORTS,ETERNAL,EXIDEIND,FACT,FEDERALBNK,FINCABLES,FINEORG,FINPIPE,FIVESTAR,FLUOROCHEM,FORTIS,FSL,GAEL,GAIL,GESHIP,GICRE,GILLETTE,GLAND,GLAXO,GLENMARK,GMDCLTD,GMRAIRPORT,GNFC,GODFRYPHLP,GODIGIT,GODREJAGRO,GODREJCP,GODREJIND,GODREJPROP,GPIL,GPPL,GRANULES,GRAPHITE,GRASIM,GRINDWELL,GRINFRA,GRSE,GSFC,GSPL,GUJGASLTD,GVT&D,HAL,HAPPSTMNDS,HAVELLS,HBLENGINE,HCLTECH,HDFCAMC,HDFCBANK,HDFCLIFE,HEG,HEROMOTOCO,HFCL,HINDALCO,HINDCOPPER,HINDPETRO,HINDUNILVR,HINDZINC,HOMEFIRST,HONASA,HONAUT,HSCL,HUDCO,ICICIBANK,ICICIGI,ICICIPRULI,IDBI,IDEA,IDFCFIRSTB,IEX,IFCI,IGL,IIFL,INDGN,INDHOTEL,INDIACEM,INDIAMART,INDIANB,INDIGO,INDUSINDBK,INDUSTOWER,INFY,INOXINDIA,INOXWIND,INTELLECT,IOB,IOC,IPCALAB,IRB,IRCON,IRCTC,IREDA,IRFC,ITC,ITI,J&KBANK,JBCHEPHARM,JBMA,JINDALSAW,JINDALSTEL,JIOFIN,JKCEMENT,JKLAKSHMI,JKTYRE,JMFINANCIL,JPPOWER,JSL,JSWDULUX,JSWENERGY,JSWINFRA,JSWSTEEL,JUBLFOOD,JUBLINGREA,JUBLPHARMA,JUSTDIAL,JWL,JYOTHYLAB,JYOTICNC,KAJARIACER,KALYANKJIL,KANSAINER,KARURVYSYA,KAYNES,KEC,KEI,KFINTECH,KIMS,KIRLOSBROS,KIRLOSENG,KNRCON,KOTAKBANK,KPIL,KPITTECH,KPRMILL,KSB,LALPATHLAB,LATENTVIEW,LAURUSLABS,LEMONTREE,LICHSGFIN,LICI,LINDEINDIA,LLOYDSME,LODHA,LT,LTF,LTM,LTTS,LUPIN,M&M,M&MFIN,MAHABANK,MAHLIFE,MAHSEAMLES,MANAPPURAM,MANKIND,MANYAVAR,MAPMYINDIA,MARICO,MARUTI,MASTEK,MAXHEALTH,MAZDOCK,MCX,MEDANTA,METROBRAND,METROPOLIS,MFSL,MGL,MINDACORP,MMTC,MOTHERSON,MOTILALOFS,MPHASIS,MRF,MRPL,MSUMI,MUTHOOTFIN,NAM-INDIA,NATCOPHARM,NATIONALUM,NAUKRI,NAVINFLUOR,NBCC,NCC,NESTLEIND,NETWEB,NETWORK18,NEWGEN,NH,NHPC,NIACL,NLCINDIA,NMDC,NSLNISP,NTPC,NUVAMA,NUVOCO,NYKAA,OBEROIRLTY,OFSS,OIL,OLECTRA,ONGC,PAGEIND,PATANJALI,PAYTM,PCBL,PEL,PERSISTENT,PETRONET,PFC,PFIZER,PGHH,PHOENIXLTD,PIDILITIND,PIIND,PNB,PNBHOUSING,PNCINFRA,POLICYBZR,POLYCAB,POLYMED,POONAWALLA,POWERGRID,POWERINDIA,PPLPHARMA,PRAJIND,PRESTIGE,PTCIL,PVRINOX,QUESS,RADICO,RAILTEL,RAINBOW,RAJESHEXPO,RAMCOCEM,RATNAMANI,RAYMOND,RAYMONDLSL,RBLBANK,RCF,RECLTD,REDINGTON,RELIANCE,RENUKA,RHIM,RITES,RKFORGE,ROUTE,RRKABEL,RTNINDIA,RVNL,SAIL,SAMMAANCAP,SANOFI,SAPPHIRE,SAREGAMA,SBFC,SBICARD,SBILIFE,SBIN,SCHAEFFLER,SCHNEIDER,SCI,SHREECEM,SHRIRAMFIN,SHYAMMETL,SIEMENS,SIGNATURE,SJVN,SKFINDIA,SOBHA,SOLARINDS,SONACOMS,SONATSOFTW,SPARC,SRF,STARHEALTH,SUMICHEM,SUNDARMFIN,SUNDRMFAST,SUNPHARMA,SUNTV,SUPREMEIND,SUZLON,SWANCORP,SWSOLAR,SYNGENE,SYRMA,TANLA,TATACHEM,TATACOMM,TATACONSUM,TATAELXSI,TATAINVEST,TATAPOWER,TATASTEEL,TATATECH,TBOTEK,TCS,TECHM,TECHNOE,TEJASNET,THERMAX,TIINDIA,TIMKEN,TITAGARH,TITAN,TMPV,TORNTPHARM,TORNTPOWER,TRENT,TRIDENT,TRITURBINE,TRIVENI,TTML,TVSMOTOR,TVSSCS,UBL,UCOBANK,UJJIVANSFB,ULTRACEMCO,UNIONBANK,UNITDSPR,UNOMINDA,UPL,USHAMART,UTIAMC,VARROC,VBL,VEDL,VGUARD,VIJAYA,VINATIORGA,VIPIND,VOLTAS,VTL,WELCORP,WELSPUNLIV,WESTLIFE,WHIRLPOOL,WIPRO,YESBANK,ZEEL,ZENSARTECH,ZFCVINDIA,ZYDUSLIFE"
2025-02-28,"360ONE,3MINDIA,AADHARHFC,AARTIIND,AAVAS,ABB,ABBOTINDIA,ABCAPITAL,ABFRL,ABREL,ABSLAMC,ACC,ACE,ACI,ADANIENSOL,ADANIENT,ADANIGREEN,ADANIPORTS,ADANIPOWER,AEGISLOG,AFFLE,AIAENG,AJANTPHARM,AKUMS,ALKEM,ALKYLAMINE,ALOKINDS,AMBER,AMBUJACEM,ANANDRATHI,ANANTRAJ,ANGELONE,APARINDS,APLAPOLLO,APLLTD,APOLLOHOSP,APOLLOTYRE,APTUS,ARE&M,ASAHIINDIA,ASHOKLEY,ASIANPAINT,ASTERDM,ASTRAL,ASTRAZEN,ATGL,ATUL,AUBANK,AUROPHARMA,AVANTIFEED,AWL,AXISBANK,BAJAJ-AUTO,BAJAJFINSV,BAJAJHLDNG,BAJFINANCE,BALAMINES,BALKRISIND,BALRAMCHIN,BANDHANBNK,BANKBARODA,BANKINDIA,BASF,BATAINDIA,BAYERCROP,BBTC,BDL,BEL,BEML,BERGEPAINT,BHARATFORG,BHARTIARTL,BHARTIHEXA,BHEL,BIKAJI,BIOCON,BIRLACORPN,BLS,BLUEDART,BLUESTARCO,BOSCHLTD,BPCL,BRIGADE,BRITANNIA,BSE,BSOFT,CAMPUS,CAMS,CANBK,CANFINHOME,CAPLIPOINT,CARBORUNIV,CASTROLIND,CCL,CDSL,CEATLTD,CELLO,CENTRALBK,CENTURYPLY,CERA,CESC,CGCL,CGPOWER,CHALET,CHAMBLFERT,CHEMPLASTS,CHENNPETRO,CHOLAFIN,CHOLAHLDNG,CIEINDIA,CIPLA,CLEAN,COALINDIA,COCHINSHIP,COFORGE,COHANCE,COLPAL,CONCOR,CONCORDBIO,COROMANDEL,CRAFTSMAN,CREDITACC,CRISIL,CROMPTON,CUB,CUMMINSIND,CYIENT,DABUR,DALBHARAT,DATAPATTNS,DBREALTY,DEEPAKFERT,DEEPAKNTR,DELHIVERY,DEVYANI,DIVISLAB,DIXON,DLF,DMART,DOMS,DRREDDY,DUMMYHEG,EASEMYTRIP,ECLERX,EICHERMOT,EIDPARRY,EIHOTEL,ELECON,ELGIEQUIP,EMAMILTD,EMCURE,ENDURANCE,ENGINERSIN,EQUITASBNK,ERIS,ESCORTS,ETERNAL,EXIDEIND,FACT,FEDERALBNK,FINCABLES,FINEORG,FINPIPE,FIVESTAR,FLUOROCHEM,FORTIS,FSL,GAEL,GAIL,GESHIP,GICRE,GILLETTE,GLAND,GLAXO,GLENMARK,GMDCLTD,GMRAIRPORT,GNFC,GODFRYPHLP,GODIGIT,GODREJAGRO,GODREJCP,GODREJIND,GODREJPROP,GPIL,GPPL,GRANULES,GRAPHITE,GRASIM,GRINDWELL,GRINFRA,GRSE,GSFC,GSPL,GUJGASLTD,GVT&D,HAL,HAPPSTMNDS,HAVELLS,HBLENGINE,HCLTECH,HDFCAMC,HDFCBANK,HDFCLIFE,HEG,HEROMOTOCO,HFCL,HINDALCO,HINDCOPPER,HINDPETRO,HINDUNILVR,HINDZINC,HOMEFIRST,HONASA,HONAUT,HSCL,HUDCO,ICICIBANK,ICICIGI,ICICIPRULI,IDBI,IDEA,IDFCFIRSTB,IEX,IFCI,IGL,IIFL,INDGN,INDHOTEL,INDIACEM,INDIAMART,INDIANB,INDIGO,INDUSINDBK,INDUSTOWER,INFY,INOXINDIA,INOXWIND,INTELLECT,IOB,IOC,IPCALAB,IRB,IRCON,IRCTC,IREDA,IRFC,ITC,ITI,J&KBANK,JBCHEPHARM,JBMA,JINDALSAW,JINDALSTEL,JIOFIN,JKCEMENT,JKLAKSHMI,JKTYRE,JMFINANCIL,JPPOWER,JSL,JSWDULUX,JSWENERGY,JSWINFRA,JSWSTEEL,JUBLFOOD,JUBLINGREA,JUBLPHARMA,JUSTDIAL,JWL,JYOTHYLAB,JYOTICNC,KAJARIACER,KALYANKJIL,KANSAINER,KARURVYSYA,KAYNES,KEC,KEI,KFINTECH,KIMS,KIRLOSBROS,KIRLOSENG,KNRCON,KOTAKBANK,KPIL,KPITTECH,KPRMILL,KSB,LALPATHLAB,LATENTVIEW,LAURUSLABS,LEMONTREE,LICHSGFIN,LICI,LINDEINDIA,LLOYDSME,LODHA,LT,LTF,LTM,LTTS,LUPIN,M&M,M&MFIN,MAHABANK,MAHLIFE,MAHSEAMLES,MANAPPURAM,MANKIND,MANYAVAR,MAPMYINDIA,MARICO,MARUTI,MASTEK,MAXHEALTH,MAZDOCK,MCX,MEDANTA,METROBRAND,METROPOLIS,MFSL,MGL,MINDACORP,MMTC,MOTHERSON,MOTILALOFS,MPHASIS,MRF,MRPL,MSUMI,MUTHOOTFIN,NAM-INDIA,NATCOPHARM,NATIONALUM,NAUKRI,NAVINFLUOR,NBCC,NCC,NESTLEIND,NETWEB,NETWORK18,NEWGEN,NH,NHPC,NIACL,NLCINDIA,NMDC,NSLNISP,NTPC,NUVAMA,NUVOCO,NYKAA,OBEROIRLTY,OFSS,OIL,OLECTRA,ONGC,PAGEIND,PATANJALI,PAYTM,PCBL,PEL,PERSISTENT,PETRONET,PFC,PFIZER,PGHH,PHOENIXLTD,PIDILITIND,PIIND,PNB,PNBHOUSING,PNCINFRA,POLICYBZR,POLYCAB,POLYMED,POONAWALLA,POWERGRID,POWERINDIA,PPLPHARMA,PRAJIND,PRESTIGE,PTCIL,PVRINOX,QUESS,RADICO,RAILTEL,RAINBOW,RAJESHEXPO,RAMCOCEM,RATNAMANI,RAYMOND,RAYMONDLSL,RBLBANK,RCF,RECLTD,REDINGTON,RELIANCE,RENUKA,RHIM,RITES,RKFORGE,ROUTE,RRKABEL,RTNINDIA,RVNL,SAIL,SAMMAANCAP,SANOFI,SAPPHIRE,SAREGAMA,SBFC,SBICARD,SBILIFE,SBIN,SCHAEFFLER,SCHNEIDER,SCI,SHREECEM,SHRIRAMFIN,SHYAMMETL,SIEMENS,SIGNATURE,SJVN,SKFINDIA,SOBHA,SOLARINDS,SONACOMS,SONATSOFTW,SPARC,SRF,STARHEALTH,SUMICHEM,SUNDARMFIN,SUNDRMFAST,SUNPHARMA,SUNTV,SUPREMEIND,SUZLON,SWANCORP,SWSOLAR,SYNGENE,SYRMA,TANLA,TATACHEM,TATACOMM,TATACONSUM,TATAELXSI,TATAINVEST,TATAPOWER,TATASTEEL,TATATECH,TBOTEK,TCS,TECHM,TECHNOE,TEJASNET,THERMAX,TIINDIA,TIMKEN,TITAGARH,TITAN,TMPV,TORNTPHARM,TORNTPOWER,TRENT,TRIDENT,TRITURBINE,TRIVENI,TTML,TVSMOTOR,TVSSCS,UBL,UCOBANK,UJJIVANSFB,ULTRACEMCO,UNIONBANK,UNITDSPR,UNOMINDA,UPL,USHAMART,UTIAMC,VARROC,VBL,VEDL,VGUARD,VIJAYA,VINATIORGA,VIPIND,VOLTAS,VTL,WELCORP,WELSPUNLIV,WESTLIFE,WHIRLPOOL,WIPRO,YESBANK,ZEEL,ZENSARTECH,ZFCVINDIA,ZYDUSLIFE"
2025-03-31,"360ONE,3MINDIA,AADHARHFC,AARTIIND,AAVAS,ABB,ABBOTINDIA,ABCAPITAL,ABFRL,ABREL,ABSLAMC,ACC,ACE,ACMESOLAR,ADANIENSOL,ADANIENT,ADANIGREEN,ADANIPORTS,ADANIPOWER,AEGISLOG,AFCONS,AFFLE,AIAENG,AIIL,AJANTPHARM,AKUMS,ALIVUS,ALKEM,ALKYLAMINE,ALOKINDS,AMBER,AMBUJACEM,ANANDRATHI,ANANTRAJ,ANGELONE,APARINDS,APLAPOLLO,APLLTD,APOLLOHOSP,APOLLOTYRE,APTUS,ARE&M,ASAHIINDIA,ASHOKLEY,ASIANPAINT,ASTERDM,ASTRAL,ASTRAZEN,ATGL,ATUL,AUBANK,AUROPHARMA,AWL,AXISBANK,BAJAJ-AUTO,BAJAJFINSV,BAJAJHFL,BAJAJHLDNG,BAJFINANCE,BALKRISIND,BALRAMCHIN,BANDHANBNK,BANKBARODA,BANKINDIA,BASF,BATAINDIA,BAYERCROP,BBTC,BDL,BEL,BEML,BERGEPAINT,BHARATFORG,BHARTIARTL,BHARTIHEXA,BHEL,BIKAJI,BIOCON,BLS,BLUEDART,BLUESTARCO,BOSCHLTD,BPCL,BRIGADE,BRITANNIA,BSE,BSOFT,CAMPUS,CAMS,CANBK,CANFINHOME,CAPLIPOINT,CARBORUNIV,CASTROLIND,CCL,CDSL,CEATLTD,CENTRALBK,CENTURYPLY,CERA,CESC,CGCL,CGPOWER,CHALET,CHAMBLFERT,CHENNPETRO,CHOLAFIN,CHOLAHLDNG,CIPLA,CLEAN,COALINDIA,COCHINSHIP,COFORGE,COHANCE,COLPAL,CONCOR,CONCORDBIO,COROMANDEL,CRAFTSMAN,CREDITACC,CRISIL,CROMPTON,CUB,CUMMINSIND,CYIENT,DABUR,DALBHARAT,DATAPATTNS,DBREALTY,DCMSHRIRAM,DEEPAKFERT,DEEPAKNTR,DELHIVERY,DEVYANI,DIVISLAB,DIXON,DLF,DMART,DOMS,DRREDDY,DUMMYHEG,ECLERX,EICHERMOT,EIDPARRY,EIHOTEL,ELECON,ELGIEQUIP,EMAMILTD,EMCURE,ENDURANCE,ENGINERSIN,ERIS,ESCORTS,ETERNAL,EXIDEIND,FACT,FEDERALBNK,FINCABLES,FINPIPE,FIRSTCRY,FIVESTAR,FLUOROCHEM,FORTIS,FSL,GAIL,GESHIP,GICRE,GILLETTE,GLAND,GLAXO,GLENMARK,GMDCLTD,GMRAIRPORT,GNFC,GODFRYPHLP,GODIGIT,GODREJAGRO,GODREJCP,GODREJIND,GODREJPROP,GPIL,GPPL,GRANULES,GRAPHITE,GRASIM,GRAVITA,GRSE,GSPL,GUJGASLTD,GVT&D,HAL,HAPPSTMNDS,HAVELLS,HBLENGINE,HCLTECH,HDFCAMC,HDFCBANK,HDFCLIFE,HEG,HEROMOTOCO,HFCL,HINDALCO,HINDCOPPER,HINDPETRO,HINDUNILVR,HINDZINC,HOMEFIRST,HONASA,HONAUT,HSCL,HUDCO,HYUNDAI,ICICIBANK,ICICIGI,ICICIPRULI,IDBI,IDEA,IDFCFIRSTB,IEX,IFCI,IGIL,IGL,IIFL,IKS,INDGN,INDHOTEL,INDIACEM,INDIAMART,INDIANB,INDIGO,INDUSINDBK,INDUSTOWER,INFY,INOXINDIA,INOXWIND,INTELLECT,IOB,IOC,IPCALAB,IRB,IRCON,IRCTC,IREDA,IRFC,ITC,ITI,J&KBANK,JBCHEPHARM,JBMA,JINDALSAW,JINDALSTEL,JIOFIN,JKCEMENT,JKTYRE,JMFINANCIL,JPPOWER,JSL,JSWDULUX,JSWENERGY,JSWHL,JSWINFRA,JSWSTEEL,JUBLFOOD,JUBLINGREA,JUBLPHARMA,JUSTDIAL,JWL,JYOTHYLAB,JYOTICNC,KAJARIACER,KALYANKJIL,KANSAINER,KARURVYSYA,KAYNES,KEC,KEI,KFINTECH,KIMS,KIRLOSBROS,KIRLOSENG,KNRCON,KOTAKBANK,KPIL,KPITTECH,KPRMILL,LALPATHLAB,LATENTVIEW,LAURUSLABS,LEMONTREE,LICHSGFIN,LICI,LINDEINDIA,LLOYDSME,LODHA,LT,LTF,LTFOODS,LTM,LTTS,LUPIN,M&M,M&MFIN,MAHABANK,MAHSEAMLES,MANAPPURAM,MANKIND,MANYAVAR,MAPMYINDIA,MARICO,MARUTI,MASTEK,MAXHEALTH,MAZDOCK,MCX,MEDANTA,METROPOLIS,MFSL,MGL,MINDACORP,MMTC,MOTHERSON,MOTILALOFS,MPHASIS,MRF,MRPL,MSUMI,MUTHOOTFIN,NAM-INDIA,NATCOPHARM,NATIONALUM,NAUKRI,NAVA,NAVINFLUOR,NBCC,NCC,NESTLEIND,NETWEB,NETWORK18,NEULANDLAB,NEWGEN,NH,NHPC,NIACL,NIVABUPA,NLCINDIA,NMDC,NSLNISP,NTPC,NTPCGREEN,NUVAMA,NYKAA,OBEROIRLTY,OFSS,OIL,OLAELEC,OLECTRA,ONGC,PAGEIND,PATANJALI,PAYTM,PCBL,PEL,PERSISTENT,PETRONET,PFC,PFIZER,PGEL,PHOENIXLTD,PIDILITIND,PIIND,PNB,PNBHOUSING,PNCINFRA,POLICYBZR,POLYCAB,POLYMED,POONAWALLA,POWERGRID,POWERINDIA,PPLPHARMA,PRAJIND,PREMIERENE,PRESTIGE,PTCIL,PVRINOX,QUESS,RADICO,RAILTEL,RAINBOW,RAMCOCEM,RAYMOND,RAYMONDLSL,RBLBANK,RCF,RECLTD,REDINGTON,RELIANCE,RENUKA,RHIM,RITES,RKFORGE,ROUTE,RPOWER,RRKABEL,RTNINDIA,RVNL,SAGILITY,SAIL,SAILIFE,SAMMAANCAP,SAPPHIRE,SARDAEN,SAREGAMA,SBFC,SBICARD,SBILIFE,SBIN,SCHAEFFLER,SCHNEIDER,SCI,SHREECEM,SHRIRAMFIN,SHYAMMETL,SIEMENS,SIGNATURE,SJVN,SKFINDIA,SOBHA,SOLARINDS,SONACOMS,SONATSOFTW,SRF,STARHEALTH,SUMICHEM,SUNDARMFIN,SUNPHARMA,SUNTV,SUPREMEIND,SUZLON,SWANCORP,SWIGGY,SWSOLAR,SYNGENE,SYRMA,TANLA,TARIL,TATACHEM,TATACOMM,TATACONSUM,TATAELXSI,TATAINVEST,TATAPOWER,TATASTEEL,TATATECH,TBOTEK,TCS,TECHM,TECHNOE,TEJASNET,THERMAX,TIINDIA,TIMKEN,TITAGARH,TITAN,TMPV,TORNTPHARM,TORNTPOWER,TRENT,TRIDENT,TRITURBINE,TRIVENI,TTML,TVSMOTOR,UBL,UCOBANK,ULTRACEMCO,UNIONBANK,UNITDSPR,UNOMINDA,UPL,USHAMART,UTIAMC,VBL,VEDL,VGUARD,VIJAYA,VMM,VOLTAS,VTL,WAAREEENER,WELCORP,WELSPUNLIV,WESTLIFE,WHIRLPOOL,WIPRO,WOCKPHARMA,YESBANK,ZEEL,ZENSARTECH,ZENTEC,ZFCVINDIA,ZYDUSLIFE"
2025-04-30,"360ONE,3MINDIA,AADHARHFC,AARTIIND,AAVAS,ABB,ABBOTINDIA,ABCAPITAL,ABFRL,ABREL,ABSLAMC,ACC,ACE,ACMESOLAR,ADANIENSOL,ADANIENT,ADANIGREEN,ADANIPORTS,ADANIPOWER,AEGISLOG,AFCONS,AFFLE,AIAENG,AIIL,AJANTPHARM,AKUMS,ALIVUS,ALKEM,ALKYLAMINE,ALOKINDS,AMBER,AMBUJACEM,ANANDRATHI,ANANTRAJ,ANGELONE,APARINDS,APLAPOLLO,APLLTD,APOLLOHOSP,APOLLOTYRE,APTUS,ARE&M,ASAHIINDIA,ASHOKLEY,ASIANPAINT,ASTERDM,ASTRAL,ASTRAZEN,ATGL,ATUL,AUBANK,AUROPHARMA,AWL,AXISBANK,BAJAJ-AUTO,BAJAJFINSV,BAJAJHFL,BAJAJHLDNG,BAJFINANCE,BALKRISIND,BALRAMCHIN,BANDHANBNK,BANKBARODA,BANKINDIA,BASF,BATAINDIA,BAYERCROP,BBTC,BDL,BEL,BEML,BERGEPAINT,BHARATFORG,BHARTIARTL,BHARTIHEXA,BHEL,BIKAJI,BIOCON,BLS,BLUEDART,BLUESTARCO,BOSCHLTD,BPCL,BRIGADE,BRITANNIA,BSE,BSOFT,CAMPUS,CAMS,CANBK,CANFINHOME,CAPLIPOINT,CARBORUNIV,CASTROLIND,CCL,CDSL,CEATLTD,CENTRALBK,CENTURYPLY,CERA,CESC,CGCL,CGPOWER,CHALET,CHAMBLFERT,CHENNPETRO,CHOLAFIN,CHOLAHLDNG,CIPLA,CLEAN,COALINDIA,COCHINSHIP,COFORGE,COHANCE,COLPAL,CONCOR,CONCORDBIO,COROMANDEL,CRAFTSMAN,CREDITACC,CRISIL,CROMPTON,CUB,CUMMINSIND,CYIENT,DABUR,DALBHARAT,DATAPATTNS,DBREALTY,DCMSHRIRAM,DEEPAKFERT,DEEPAKNTR,DELHIVERY,DEVYANI,DIVISLAB,DIXON,DLF,DMART,DOMS,DRREDDY,DUMMYHEG,ECLERX,EICHERMOT,EIDPARRY,EIHOTEL,ELECON,ELGIEQUIP,EMAMILTD,EMCURE,ENDURANCE,ENGINERSIN,ERIS,ESCORTS,ETERNAL,EXIDEIND,FACT,FEDERALBNK,FINCABLES,FINPIPE,FIRSTCRY,FIVESTAR,FLUOROCHEM,FORTIS,FSL,GAIL,GESHIP,GICRE,GILLETTE,GLAND,GLAXO,GLENMARK,GMDCLTD,GMRAIRPORT,GNFC,GODFRYPHLP,GODIGIT,GODREJAGRO,GODREJCP,GODREJIND,GODREJPROP,GPIL,GPPL,GRANULES,GRAPHITE,GRASIM,GRAVITA,GRSE,GSPL,GUJGASLTD,GVT&D,HAL,HAPPSTMNDS,HAVELLS,HBLENGINE,HCLTECH,HDFCAMC,HDFCBANK,HDFCLIFE,HEG,HEROMOTOCO,HFCL,HINDALCO,HINDCOPPER,HINDPETRO,HINDUNILVR,HINDZINC,HOMEFIRST,HONASA,HONAUT,HSCL,HUDCO,HYUNDAI,ICICIBANK,ICICIGI,ICICIPRULI,IDBI,IDEA,IDFCFIRSTB,IEX,IFCI,IGIL,IGL,IIFL,IKS,INDGN,INDHOTEL,INDIACEM,INDIAMART,INDIANB,INDIGO,INDUSINDBK,INDUSTOWER,INFY,INOXINDIA,INOXWIND,INTELLECT,IOB,IOC,IPCALAB,IRB,IRCON,IRCTC,IREDA,IRFC,ITC,ITI,J&KBANK,JBCHEPHARM,JBMA,JINDALSAW,JINDALSTEL,JIOFIN,JKCEMENT,JKTYRE,JMFINANCIL,JPPOWER,JSL,JSWDULUX,JSWENERGY,JSWHL,JSWINFRA,JSWSTEEL,JUBLFOOD,JUBLINGREA,JUBLPHARMA,JUSTDIAL,JWL,JYOTHYLAB,JYOTICNC,KAJARIACER,KALYANKJIL,KANSAINER,KARURVYSYA,KAYNES,KEC,KEI,KFINTECH,KIMS,KIRLOSBROS,KIRLOSENG,KNRCON,KOTAKBANK,KPIL,KPITTECH,KPRMILL,LALPATHLAB,LATENTVIEW,LAURUSLABS,LEMONTREE,LICHSGFIN,LICI,LINDEINDIA,LLOYDSME,LODHA,LT,LTF,LTFOODS,LTM,LTTS,LUPIN,M&M,M&MFIN,MAHABANK,MAHSEAMLES,MANAPPURAM,MANKIND,MANYAVAR,MAPMYINDIA,MARICO,MARUTI,MASTEK,MAXHEALTH,MAZDOCK,MCX,MEDANTA,METROPOLIS,MFSL,MGL,MINDACORP,MMTC,MOTHERSON,MOTILALOFS,MPHASIS,MRF,MRPL,MSUMI,MUTHOOTFIN,NAM-INDIA,NATCOPHARM,NATIONALUM,NAUKRI,NAVA,NAVINFLUOR,NBCC,NCC,NESTLEIND,NETWEB,NETWORK18,NEULANDLAB,NEWGEN,NH,NHPC,NIACL,NIVABUPA,NLCINDIA,NMDC,NSLNISP,NTPC,NTPCGREEN,NUVAMA,NYKAA,OBEROIRLTY,OFSS,OIL,OLAELEC,OLECTRA,ONGC,PAGEIND,PATANJALI,PAYTM,PCBL,PEL,PERSISTENT,PETRONET,PFC,PFIZER,PGEL,PHOENIXLTD,PIDILITIND,PIIND,PNB,PNBHOUSING,PNCINFRA,POLICYBZR,POLYCAB,POLYMED,POONAWALLA,POWERGRID,POWERINDIA,PPLPHARMA,PRAJIND,PREMIERENE,PRESTIGE,PTCIL,PVRINOX,RADICO,RAILTEL,RAINBOW,RAMCOCEM,RAYMOND,RAYMONDLSL,RBLBANK,RCF,RECLTD,REDINGTON,RELIANCE,RENUKA,RHIM,RITES,RKFORGE,ROUTE,RPOWER,RRKABEL,RTNINDIA,RVNL,SAGILITY,SAIL,SAILIFE,SAMMAANCAP,SAPPHIRE,SARDAEN,SAREGAMA,SBFC,SBICARD,SBILIFE,SBIN,SCHAEFFLER,SCHNEIDER,SCI,SHREECEM,SHRIRAMFIN,SHYAMMETL,SIEMENS,SIGNATURE,SJVN,SKFINDIA,SOBHA,SOLARINDS,SONACOMS,SONATSOFTW,SRF,STARHEALTH,SUMICHEM,SUNDARMFIN,SUNDRMFAST,SUNPHARMA,SUNTV,SUPREMEIND,SUZLON,SWANCORP,SWIGGY,SWSOLAR,SYNGENE,SYRMA,TANLA,TARIL,TATACHEM,TATACOMM,TATACONSUM,TATAELXSI,TATAINVEST,TATAPOWER,TATASTEEL,TATATECH,TBOTEK,TCS,TECHM,TECHNOE,TEJASNET,THERMAX,TIINDIA,TIMKEN,TITAGARH,TITAN,TMPV,TORNTPHARM,TORNTPOWER,TRENT,TRIDENT,TRITURBINE,TRIVENI,TTML,TVSMOTOR,UBL,UCOBANK,ULTRACEMCO,UNIONBANK,UNITDSPR,UNOMINDA,UPL,USHAMART,UTIAMC,VBL,VEDL,VGUARD,VIJAYA,VMM,VOLTAS,VTL,WAAREEENER,WELCORP,WELSPUNLIV,WESTLIFE,WHIRLPOOL,WIPRO,WOCKPHARMA,YESBANK,ZEEL,ZENSARTECH,ZENTEC,ZFCVINDIA,ZYDUSLIFE"
2025-05-31,"360ONE,3MINDIA,AADHARHFC,AARTIIND,AAVAS,ABB,ABBOTINDIA,ABCAPITAL,ABFRL,ABREL,ABSLAMC,ACC,ACE,ACMESOLAR,ADANIENSOL,ADANIENT,ADANIGREEN,ADANIPORTS,ADANIPOWER,AEGISLOG,AFCONS,AFFLE,AIAENG,AIIL,AJANTPHARM,AKUMS,ALIVUS,ALKEM,ALKYLAMINE,ALOKINDS,AMBER,AMBUJACEM,ANANDRATHI,ANANTRAJ,ANGELONE,APARINDS,APLAPOLLO,APLLTD,APOLLOHOSP,APOLLOTYRE,APTUS,ARE&M,ASAHIINDIA,ASHOKLEY,ASIANPAINT,ASTERDM,ASTRAL,ASTRAZEN,ATGL,ATUL,AUBANK,AUROPHARMA,AWL,AXISBANK,BAJAJ-AUTO,BAJAJFINSV,BAJAJHFL,BAJAJHLDNG,BAJFINANCE,BALKRISIND,BALRAMCHIN,BANDHANBNK,BANKBARODA,BANKINDIA,BASF,BATAINDIA,BAYERCROP,BBTC,BDL,BEL,BEML,BERGEPAINT,BHARATFORG,BHARTIARTL,BHARTIHEXA,BHEL,BIKAJI,BIOCON,BLS,BLUEDART,BLUESTARCO,BOSCHLTD,BPCL,BRIGADE,BRITANNIA,BSE,BSOFT,CAMPUS,CAMS,CANBK,CANFINHOME,CAPLIPOINT,CARBORUNIV,CASTROLIND,CCL,CDSL,CEATLTD,CENTRALBK,CENTURYPLY,CERA,CESC,CGCL,CGPOWER,CHALET,CHAMBLFERT,CHENNPETRO,CHOLAFIN,CHOLAHLDNG,CIPLA,CLEAN,COALINDIA,COCHINSHIP,COFORGE,COHANCE,COLPAL,CONCOR,CONCORDBIO,COROMANDEL,CRAFTSMAN,CREDITACC,CRISIL,CROMPTON,CUB,CUMMINSIND,CYIENT,DABUR,DALBHARAT,DATAPATTNS,DBREALTY,DCMSHRIRAM,DEEPAKFERT,DEEPAKNTR,DELHIVERY,DEVYANI,DIVISLAB,DIXON,DLF,DMART,DOMS,DRREDDY,DUMMYHEG,ECLERX,EICHERMOT,EIDPARRY,EIHOTEL,ELECON,ELGIEQUIP,EMAMILTD,EMCURE,ENDURANCE,ENGINERSIN,ERIS,ESCORTS,ETERNAL,EXIDEIND,FACT,FEDERALBNK,FINCABLES,FINPIPE,FIRSTCRY,FIVESTAR,FLUOROCHEM,FORTIS,FSL,GAIL,GESHIP,GICRE,GILLETTE,GLAND,GLAXO,GLENMARK,GMDCLTD,GMRAIRPORT,GNFC,GODFRYPHLP,GODIGIT,GODREJAGRO,GODREJCP,GODREJIND,GODREJPROP,GPIL,GPPL,GRANULES,GRAPHITE,GRASIM,GRAVITA,GRSE,GSPL,GUJGASLTD,GVT&D,HAL,HAPPSTMNDS,HAVELLS,HBLENGINE,HCLTECH,HDFCAMC,HDFCBANK,HDFCLIFE,HEG,HEROMOTOCO,HFCL,HINDALCO,HINDCOPPER,HINDPETRO,HINDUNILVR,HINDZINC,HOMEFIRST,HONASA,HONAUT,HSCL,HUDCO,HYUNDAI,ICICIBANK,ICICIGI,ICICIPRULI,IDBI,IDEA,IDFCFIRSTB,IEX,IFCI,IGIL,IGL,IIFL,IKS,INDGN,INDHOTEL,INDIACEM,INDIAMART,INDIANB,INDIGO,INDUSINDBK,INDUSTOWER,INFY,INOXINDIA,INOXWIND,INTELLECT,IOB,IOC,IPCALAB,IRB,IRCON,IRCTC,IREDA,IRFC,ITC,ITI,J&KBANK,JBCHEPHARM,JBMA,JINDALSAW,JINDALSTEL,JIOFIN,JKCEMENT,JKTYRE,JMFINANCIL,JPPOWER,JSL,JSWDULUX,JSWENERGY,JSWHL,JSWINFRA,JSWSTEEL,JUBLFOOD,JUBLINGREA,JUBLPHARMA,JUSTDIAL,JWL,JYOTHYLAB,JYOTICNC,KAJARIACER,KALYANKJIL,KANSAINER,KARURVYSYA,KAYNES,KEC,KEI,KFINTECH,KIMS,KIRLOSBROS,KIRLOSENG,KNRCON,KOTAKBANK,KPIL,KPITTECH,KPRMILL,LALPATHLAB,LATENTVIEW,LAURUSLABS,LEMONTREE,LICHSGFIN,LICI,LINDEINDIA,LLOYDSME,LODHA,LT,LTF,LTFOODS,LTM,LTTS,LUPIN,M&M,M&MFIN,MAHABANK,MAHSEAMLES,MANAPPURAM,MANKIND,MANYAVAR,MAPMYINDIA,MARICO,MARUTI,MASTEK,MAXHEALTH,MAZDOCK,MCX,MEDANTA,METROPOLIS,MFSL,MGL,MINDACORP,MMTC,MOTHERSON,MOTILALOFS,MPHASIS,MRF,MRPL,MSUMI,MUTHOOTFIN,NAM-INDIA,NATCOPHARM,NATIONALUM,NAUKRI,NAVA,NAVINFLUOR,NBCC,NCC,NESTLEIND,NETWEB,NETWORK18,NEULANDLAB,NEWGEN,NH,NHPC,NIACL,NIVABUPA,NLCINDIA,NMDC,NSLNISP,NTPC,NTPCGREEN,NUVAMA,NYKAA,OBEROIRLTY,OFSS,OIL,OLAELEC,OLECTRA,ONGC,PAGEIND,PATANJALI,PAYTM,PCBL,PEL,PERSISTENT,PETRONET,PFC,PFIZER,PGEL,PHOENIXLTD,PIDILITIND,PIIND,PNB,PNBHOUSING,PNCINFRA,POLICYBZR,POLYCAB,POLYMED,POONAWALLA,POWERGRID,POWERINDIA,PPLPHARMA,PRAJIND,PREMIERENE,PRESTIGE,PTCIL,PVRINOX,RADICO,RAILTEL,RAINBOW,RAMCOCEM,RAYMOND,RAYMONDLSL,RBLBANK,RCF,RECLTD,REDINGTON,RELIANCE,RENUKA,RHIM,RITES,RKFORGE,ROUTE,RPOWER,RRKABEL,RTNINDIA,RVNL,SAGILITY,SAIL,SAILIFE,SAMMAANCAP,SAPPHIRE,SARDAEN,SAREGAMA,SBFC,SBICARD,SBILIFE,SBIN,SCHAEFFLER,SCHNEIDER,SCI,SHREECEM,SHRIRAMFIN,SHYAMMETL,SIEMENS,SIGNATURE,SJVN,SKFINDIA,SOBHA,SOLARINDS,SONACOMS,SONATSOFTW,SRF,STARHEALTH,SUMICHEM,SUNDARMFIN,SUNDRMFAST,SUNPHARMA,SUNTV,SUPREMEIND,SUZLON,SWANCORP,SWIGGY,SWSOLAR,SYNGENE,SYRMA,TANLA,TARIL,TATACHEM,TATACOMM,TATACONSUM,TATAELXSI,TATAINVEST,TATAPOWER,TATASTEEL,TATATECH,TBOTEK,TCS,TECHM,TECHNOE,TEJASNET,THERMAX,TIINDIA,TIMKEN,TITAGARH,TITAN,TMPV,TORNTPHARM,TORNTPOWER,TRENT,TRIDENT,TRITURBINE,TRIVENI,TTML,TVSMOTOR,UBL,UCOBANK,ULTRACEMCO,UNIONBANK,UNITDSPR,UNOMINDA,UPL,USHAMART,UTIAMC,VBL,VEDL,VGUARD,VIJAYA,VMM,VOLTAS,VTL,WAAREEENER,WELCORP,WELSPUNLIV,WESTLIFE,WHIRLPOOL,WIPRO,WOCKPHARMA,YESBANK,ZEEL,ZENSARTECH,ZENTEC,ZFCVINDIA,ZYDUSLIFE"
2025-06-30,"360ONE,3MINDIA,AADHARHFC,AARTIIND,AAVAS,ABB,ABBOTINDIA,ABCAPITAL,ABFRL,ABREL,ABSLAMC,ACC,ACE,ACMESOLAR,ADANIENSOL,ADANIENT,ADANIGREEN,ADANIPORTS,ADANIPOWER,AEGISLOG,AFCONS,AFFLE,AIAENG,AIIL,AJANTPHARM,AKUMS,ALIVUS,ALKEM,ALKYLAMINE,ALOKINDS,AMBER,AMBUJACEM,ANANDRATHI,ANANTRAJ,ANGELONE,APARINDS,APLAPOLLO,APLLTD,APOLLOHOSP,APOLLOTYRE,APTUS,ARE&M,ASAHIINDIA,ASHOKLEY,ASIANPAINT,ASTERDM,ASTRAL,ASTRAZEN,ATGL,ATUL,AUBANK,AUROPHARMA,AWL,AXISBANK,BAJAJ-AUTO,BAJAJFINSV,BAJAJHFL,BAJAJHLDNG,BAJFINANCE,BALKRISIND,BALRAMCHIN,BANDHANBNK,BANKBARODA,BANKINDIA,BASF,BATAINDIA,BAYERCROP,BBTC,BDL,BEL,BEML,BERGEPAINT,BHARATFORG,BHARTIARTL,BHARTIHEXA,BHEL,BIKAJI,BIOCON,BLS,BLUEDART,BLUESTARCO,BOSCHLTD,BPCL,BRIGADE,BRITANNIA,BSE,BSOFT,CAMPUS,CAMS,CANBK,CANFINHOME,CAPLIPOINT,CARBORUNIV,CASTROLIND,CCL,CDSL,CEATLTD,CENTRALBK,CENTURYPLY,CERA,CESC,CGCL,CGPOWER,CHALET,CHAMBLFERT,CHENNPETRO,CHOLAFIN,CHOLAHLDNG,CIPLA,CLEAN,COALINDIA,COCHINSHIP,COFORGE,COHANCE,COLPAL,CONCOR,CONCORDBIO,COROMANDEL,CRAFTSMAN,CREDITACC,CRISIL,CROMPTON,CUB,CUMMINSIND,CYIENT,DABUR,DALBHARAT,DATAPATTNS,DBREALTY,DCMSHRIRAM,DEEPAKFERT,DEEPAKNTR,DELHIVERY,DEVYANI,DIVISLAB,DIXON,DLF,DMART,DOMS,DRREDDY,DUMMYHEG,ECLERX,EICHERMOT,EIDPARRY,EIHOTEL,ELECON,ELGIEQUIP,EMAMILTD,EMCURE,ENDURANCE,ENGINERSIN,ERIS,ESCORTS,ETERNAL,EXIDEIND,FACT,FEDERALBNK,FINCABLES,FINPIPE,FIRSTCRY,FIVESTAR,FLUOROCHEM,FORTIS,FSL,GAIL,GESHIP,GICRE,GILLETTE,GLAND,GLAXO,GLENMARK,GMDCLTD,GMRAIRPORT,GNFC,GODFRYPHLP,GODIGIT,GODREJAGRO,GODREJCP,GODREJIND,GODREJPROP,GPIL,GPPL,GRANULES,GRAPHITE,GRASIM,GRAVITA,GRSE,GSPL,GUJGASLTD,GVT&D,HAL,HAPPSTMNDS,HAVELLS,HBLENGINE,HCLTECH,HDFCAMC,HDFCBANK,HDFCLIFE,HEG,HEROMOTOCO,HFCL,HINDALCO,HINDCOPPER,HINDPETRO,HINDUNILVR,HINDZINC,HOMEFIRST,HONASA,HONAUT,HSCL,HUDCO,HYUNDAI,ICICIBANK,ICICIGI,ICICIPRULI,IDBI,IDEA,IDFCFIRSTB,IEX,IFCI,IGIL,IGL,IIFL,IKS,INDGN,INDHOTEL,INDIACEM,INDIAMART,INDIANB,INDIGO,INDUSINDBK,INDUSTOWER,INFY,INOXINDIA,INOXWIND,INTELLECT,IOB,IOC,IPCALAB,IRB,IRCON,IRCTC,IREDA,IRFC,ITC,ITI,J&KBANK,JBCHEPHARM,JBMA,JINDALSAW,JINDALSTEL,JIOFIN,JKCEMENT,JKTYRE,JMFINANCIL,JPPOWER,JSL,JSWDULUX,JSWENERGY,JSWHL,JSWINFRA,JSWSTEEL,JUBLFOOD,JUBLINGREA,JUBLPHARMA,JUSTDIAL,JWL,JYOTHYLAB,JYOTICNC,KAJARIACER,KALYANKJIL,KANSAINER,KARURVYSYA,KAYNES,KEC,KEI,KFINTECH,KIMS,KIRLOSBROS,KIRLOSENG,KNRCON,KOTAKBANK,KPIL,KPITTECH,KPRMILL,LALPATHLAB,LATENTVIEW,LAURUSLABS,LEMONTREE,LICHSGFIN,LICI,LINDEINDIA,LLOYDSME,LODHA,LT,LTF,LTFOODS,LTM,LTTS,LUPIN,M&M,M&MFIN,MAHABANK,MAHSEAMLES,MANAPPURAM,MANKIND,MANYAVAR,MAPMYINDIA,MARICO,MARUTI,MASTEK,MAXHEALTH,MAZDOCK,MCX,MEDANTA,METROPOLIS,MFSL,MGL,MINDACORP,MMTC,MOTHERSON,MOTILALOFS,MPHASIS,MRF,MRPL,MSUMI,MUTHOOTFIN,NAM-INDIA,NATCOPHARM,NATIONALUM,NAUKRI,NAVA,NAVINFLUOR,NBCC,NCC,NESTLEIND,NETWEB,NETWORK18,NEULANDLAB,NEWGEN,NH,NHPC,NIACL,NIVABUPA,NLCINDIA,NMDC,NSLNISP,NTPC,NTPCGREEN,NUVAMA,NYKAA,OBEROIRLTY,OFSS,OIL,OLAELEC,OLECTRA,ONGC,PAGEIND,PATANJALI,PAYTM,PCBL,PEL,PERSISTENT,PETRONET,PFC,PFIZER,PGEL,PHOENIXLTD,PIDILITIND,PIIND,PNB,PNBHOUSING,PNCINFRA,POLICYBZR,POLYCAB,POLYMED,POONAWALLA,POWERGRID,POWERINDIA,PPLPHARMA,PRAJIND,PREMIERENE,PRESTIGE,PTCIL,PVRINOX,RADICO,RAILTEL,RAINBOW,RAMCOCEM,RAYMOND,RAYMONDLSL,RBLBANK,RCF,RECLTD,REDINGTON,RELIANCE,RENUKA,RHIM,RITES,RKFORGE,ROUTE,RPOWER,RRKABEL,RTNINDIA,RVNL,SAGILITY,SAIL,SAILIFE,SAMMAANCAP,SAPPHIRE,SARDAEN,SAREGAMA,SBFC,SBICARD,SBILIFE,SBIN,SCHAEFFLER,SCHNEIDER,SCI,SHREECEM,SHRIRAMFIN,SHYAMMETL,SIEMENS,SIGNATURE,SJVN,SKFINDIA,SOBHA,SOLARINDS,SONACOMS,SONATSOFTW,SRF,STARHEALTH,SUMICHEM,SUNDARMFIN,SUNDRMFAST,SUNPHARMA,SUNTV,SUPREMEIND,SUZLON,SWANCORP,SWIGGY,SWSOLAR,SYNGENE,SYRMA,TANLA,TARIL,TATACHEM,TATACOMM,TATACONSUM,TATAELXSI,TATAINVEST,TATAPOWER,TATASTEEL,TATATECH,TBOTEK,TCS,TECHM,TECHNOE,TEJASNET,THERMAX,TIINDIA,TIMKEN,TITAGARH,TITAN,TMPV,TORNTPHARM,TORNTPOWER,TRENT,TRIDENT,TRITURBINE,TRIVENI,TTML,TVSMOTOR,UBL,UCOBANK,ULTRACEMCO,UNIONBANK,UNITDSPR,UNOMINDA,UPL,USHAMART,UTIAMC,VBL,VEDL,VGUARD,VIJAYA,VMM,VOLTAS,VTL,WAAREEENER,WELCORP,WELSPUNLIV,WESTLIFE,WHIRLPOOL,WIPRO,WOCKPHARMA,YESBANK,ZEEL,ZENSARTECH,ZENTEC,ZFCVINDIA,ZYDUSLIFE"
2025-07-31,"360ONE,3MINDIA,AADHARHFC,AARTIIND,AAVAS,ABB,ABBOTINDIA,ABCAPITAL,ABFRL,ABREL,ABSLAMC,ACC,ACE,ACMESOLAR,ADANIENSOL,ADANIENT,ADANIGREEN,ADANIPORTS,ADANIPOWER,AEGISLOG,AFCONS,AFFLE,AIAENG,AIIL,AJANTPHARM,AKUMS,ALIVUS,ALKEM,ALKYLAMINE,ALOKINDS,AMBER,AMBUJACEM,ANANDRATHI,ANANTRAJ,ANGELONE,APARINDS,APLAPOLLO,APLLTD,APOLLOHOSP,APOLLOTYRE,APTUS,ARE&M,ASAHIINDIA,ASHOKLEY,ASIANPAINT,ASTERDM,ASTRAL,ASTRAZEN,ATGL,ATUL,AUBANK,AUROPHARMA,AWL,AXISBANK,BAJAJ-AUTO,BAJAJFINSV,BAJAJHFL,BAJAJHLDNG,BAJFINANCE,BALKRISIND,BALRAMCHIN,BANDHANBNK,BANKBARODA,BANKINDIA,BASF,BATAINDIA,BAYERCROP,BBTC,BDL,BEL,BEML,BERGEPAINT,BHARATFORG,BHARTIARTL,BHARTIHEXA,BHEL,BIKAJI,BIOCON,BLS,BLUEDART,BLUESTARCO,BOSCHLTD,BPCL,BRIGADE,BRITANNIA,BSE,BSOFT,CAMPUS,CAMS,CANBK,CANFINHOME,CAPLIPOINT,CARBORUNIV,CASTROLIND,CCL,CDSL,CEATLTD,CENTRALBK,CENTURYPLY,CERA,CESC,CGCL,CGPOWER,CHALET,CHAMBLFERT,CHENNPETRO,CHOLAFIN,CHOLAHLDNG,CIPLA,CLEAN,COALINDIA,COCHINSHIP,COFORGE,COHANCE,COLPAL,CONCOR,CONCORDBIO,COROMANDEL,CRAFTSMAN,CREDITACC,CRISIL,CROMPTON,CUB,CUMMINSIND,CYIENT,DABUR,DALBHARAT,DATAPATTNS,DBREALTY,DCMSHRIRAM,DEEPAKFERT,DEEPAKNTR,DELHIVERY,DEVYANI,DIVISLAB,DIXON,DLF,DMART,DOMS,DRREDDY,DUMMYHEG,ECLERX,EICHERMOT,EIDPARRY,EIHOTEL,ELECON,ELGIEQUIP,EMAMILTD,EMCURE,ENDURANCE,ENGINERSIN,ERIS,ESCORTS,ETERNAL,EXIDEIND,FACT,FEDERALBNK,FINCABLES,FINPIPE,FIRSTCRY,FIVESTAR,FLUOROCHEM,FORTIS,FSL,GAIL,GESHIP,GICRE,GILLETTE,GLAND,GLAXO,GLENMARK,GMDCLTD,GMRAIRPORT,GNFC,GODFRYPHLP,GODIGIT,GODREJAGRO,GODREJCP,GODREJIND,GODREJPROP,GPIL,GPPL,GRANULES,GRAPHITE,GRASIM,GRAVITA,GRSE,GSPL,GUJGASLTD,GVT&D,HAL,HAPPSTMNDS,HAVELLS,HBLENGINE,HCLTECH,HDFCAMC,HDFCBANK,HDFCLIFE,HEG,HEROMOTOCO,HFCL,HINDALCO,HINDCOPPER,HINDPETRO,HINDUNILVR,HINDZINC,HOMEFIRST,HONASA,HONAUT,HSCL,HUDCO,HYUNDAI,ICICIBANK,ICICIGI,ICICIPRULI,IDBI,IDEA,IDFCFIRSTB,IEX,IFCI,IGIL,IGL,IIFL,IKS,INDGN,INDHOTEL,INDIACEM,INDIAMART,INDIANB,INDIGO,INDUSINDBK,INDUSTOWER,INFY,INOXINDIA,INOXWIND,INTELLECT,IOB,IOC,IPCALAB,IRB,IRCON,IRCTC,IREDA,IRFC,ITC,ITI,J&KBANK,JBCHEPHARM,JBMA,JINDALSAW,JINDALSTEL,JIOFIN,JKCEMENT,JKTYRE,JMFINANCIL,JPPOWER,JSL,JSWDULUX,JSWENERGY,JSWHL,JSWINFRA,JSWSTEEL,JUBLFOOD,JUBLINGREA,JUBLPHARMA,JUSTDIAL,JWL,JYOTHYLAB,JYOTICNC,KAJARIACER,KALYANKJIL,KANSAINER,KARURVYSYA,KAYNES,KEC,KEI,KFINTECH,KIMS,KIRLOSBROS,KIRLOSENG,KNRCON,KOTAKBANK,KPIL,KPITTECH,KPRMILL,LALPATHLAB,LATENTVIEW,LAURUSLABS,LEMONTREE,LICHSGFIN,LICI,LINDEINDIA,LLOYDSME,LODHA,LT,LTF,LTFOODS,LTM,LTTS,LUPIN,M&M,M&MFIN,MAHABANK,MAHSEAMLES,MANAPPURAM,MANKIND,MANYAVAR,MAPMYINDIA,MARICO,MARUTI,MASTEK,MAXHEALTH,MAZDOCK,MCX,MEDANTA,METROPOLIS,MFSL,MGL,MINDACORP,MMTC,MOTHERSON,MOTILALOFS,MPHASIS,MRF,MRPL,MSUMI,MUTHOOTFIN,NAM-INDIA,NATCOPHARM,NATIONALUM,NAUKRI,NAVA,NAVINFLUOR,NBCC,NCC,NESTLEIND,NETWEB,NETWORK18,NEULANDLAB,NEWGEN,NH,NHPC,NIACL,NIVABUPA,NLCINDIA,NMDC,NSLNISP,NTPC,NTPCGREEN,NUVAMA,NYKAA,OBEROIRLTY,OFSS,OIL,OLAELEC,OLECTRA,ONGC,PAGEIND,PATANJALI,PAYTM,PCBL,PEL,PERSISTENT,PETRONET,PFC,PFIZER,PGEL,PHOENIXLTD,PIDILITIND,PIIND,PNB,PNBHOUSING,PNCINFRA,POLICYBZR,POLYCAB,POLYMED,POONAWALLA,POWERGRID,POWERINDIA,PPLPHARMA,PRAJIND,PREMIERENE,PRESTIGE,PTCIL,PVRINOX,RADICO,RAILTEL,RAINBOW,RAMCOCEM,RAYMOND,RAYMONDLSL,RBLBANK,RCF,RECLTD,REDINGTON,RELIANCE,RENUKA,RHIM,RITES,RKFORGE,ROUTE,RPOWER,RRKABEL,RTNINDIA,RVNL,SAGILITY,SAIL,SAILIFE,SAMMAANCAP,SAPPHIRE,SARDAEN,SAREGAMA,SBFC,SBICARD,SBILIFE,SBIN,SCHAEFFLER,SCHNEIDER,SCI,SHREECEM,SHRIRAMFIN,SHYAMMETL,SIEMENS,SIGNATURE,SJVN,SKFINDIA,SOBHA,SOLARINDS,SONACOMS,SONATSOFTW,SRF,STARHEALTH,SUMICHEM,SUNDARMFIN,SUNDRMFAST,SUNPHARMA,SUNTV,SUPREMEIND,SUZLON,SWANCORP,SWIGGY,SWSOLAR,SYNGENE,SYRMA,TANLA,TARIL,TATACHEM,TATACOMM,TATACONSUM,TATAELXSI,TATAINVEST,TATAPOWER,TATASTEEL,TATATECH,TBOTEK,TCS,TECHM,TECHNOE,TEJASNET,THERMAX,TIINDIA,TIMKEN,TITAGARH,TITAN,TMPV,TORNTPHARM,TORNTPOWER,TRENT,TRIDENT,TRITURBINE,TRIVENI,TTML,TVSMOTOR,UBL,UCOBANK,ULTRACEMCO,UNIONBANK,UNITDSPR,UNOMINDA,UPL,USHAMART,UTIAMC,VBL,VEDL,VGUARD,VIJAYA,VMM,VOLTAS,VTL,WAAREEENER,WELCORP,WELSPUNLIV,WESTLIFE,WHIRLPOOL,WIPRO,WOCKPHARMA,YESBANK,ZEEL,ZENSARTECH,ZENTEC,ZFCVINDIA,ZYDUSLIFE"
2025-08-31,"360ONE,3MINDIA,AADHARHFC,AARTIIND,AAVAS,ABB,ABBOTINDIA,ABCAPITAL,ABFRL,ABREL,ABSLAMC,ACC,ACE,ACMESOLAR,ADANIENSOL,ADANIENT,ADANIGREEN,ADANIPORTS,ADANIPOWER,AEGISLOG,AFCONS,AFFLE,AIAENG,AIIL,AJANTPHARM,AKUMS,ALIVUS,ALKEM,ALKYLAMINE,ALOKINDS,AMBER,AMBUJACEM,ANANDRATHI,ANANTRAJ,ANGELONE,APARINDS,APLAPOLLO,APLLTD,APOLLOHOSP,APOLLOTYRE,APTUS,ARE&M,ASAHIINDIA,ASHOKLEY,ASIANPAINT,ASTERDM,ASTRAL,ASTRAZEN,ATGL,ATUL,AUBANK,AUROPHARMA,AWL,AXISBANK,BAJAJ-AUTO,BAJAJFINSV,BAJAJHFL,BAJAJHLDNG,BAJFINANCE,BALKRISIND,BALRAMCHIN,BANDHANBNK,BANKBARODA,BANKINDIA,BASF,BATAINDIA,BAYERCROP,BBTC,BDL,BEL,BEML,BERGEPAINT,BHARATFORG,BHARTIARTL,BHARTIHEXA,BHEL,BIKAJI,BIOCON,BLS,BLUEDART,BLUESTARCO,BOSCHLTD,BPCL,BRIGADE,BRITANNIA,BSE,BSOFT,CAMPUS,CAMS,CANBK,CANFINHOME,CAPLIPOINT,CARBORUNIV,CASTROLIND,CCL,CDSL,CEATLTD,CENTRALBK,CENTURYPLY,CERA,CESC,CGCL,CGPOWER,CHALET,CHAMBLFERT,CHENNPETRO,CHOLAFIN,CHOLAHLDNG,CIPLA,CLEAN,COALINDIA,COCHINSHIP,COFORGE,COHANCE,COLPAL,CONCOR,CONCORDBIO,COROMANDEL,CRAFTSMAN,CREDITACC,CRISIL,CROMPTON,CUB,CUMMINSIND,CYIENT,DABUR,DALBHARAT,DATAPATTNS,DBREALTY,DCMSHRIRAM,DEEPAKFERT,DEEPAKNTR,DELHIVERY,DEVYANI,DIVISLAB,DIXON,DLF,DMART,DOMS,DRREDDY,DUMMYHEG,ECLERX,EICHERMOT,EIDPARRY,EIHOTEL,ELECON,ELGIEQUIP,EMAMILTD,EMCURE,ENDURANCE,ENGINERSIN,ERIS,ESCORTS,ETERNAL,EXIDEIND,FACT,FEDERALBNK,FINCABLES,FINPIPE,FIRSTCRY,FIVESTAR,FLUOROCHEM,FORTIS,FSL,GAIL,GESHIP,GICRE,GILLETTE,GLAND,GLAXO,GLENMARK,GMDCLTD,GMRAIRPORT,GNFC,GODFRYPHLP,GODIGIT,GODREJAGRO,GODREJCP,GODREJIND,GODREJPROP,GPIL,GPPL,GRANULES,GRAPHITE,GRASIM,GRAVITA,GRSE,GSPL,GUJGASLTD,GVT&D,HAL,HAPPSTMNDS,HAVELLS,HBLENGINE,HCLTECH,HDFCAMC,HDFCBANK,HDFCLIFE,HEG,HEROMOTOCO,HFCL,HINDALCO,HINDCOPPER,HINDPETRO,HINDUNILVR,HINDZINC,HOMEFIRST,HONASA,HONAUT,HSCL,HUDCO,HYUNDAI,ICICIBANK,ICICIGI,ICICIPRULI,IDBI,IDEA,IDFCFIRSTB,IEX,IFCI,IGIL,IGL,IIFL,IKS,INDGN,INDHOTEL,INDIACEM,INDIAMART,INDIANB,INDIGO,INDUSINDBK,INDUSTOWER,INFY,INOXINDIA,INOXWIND,INTELLECT,IOB,IOC,IPCALAB,IRB,IRCON,IRCTC,IREDA,IRFC,ITC,ITI,J&KBANK,JBCHEPHARM,JBMA,JINDALSAW,JINDALSTEL,JIOFIN,JKCEMENT,JKTYRE,JMFINANCIL,JPPOWER,JSL,JSWDULUX,JSWENERGY,JSWHL,JSWINFRA,JSWSTEEL,JUBLFOOD,JUBLINGREA,JUBLPHARMA,JUSTDIAL,JWL,JYOTHYLAB,JYOTICNC,KAJARIACER,KALYANKJIL,KANSAINER,KARURVYSYA,KAYNES,KEC,KEI,KFINTECH,KIMS,KIRLOSBROS,KIRLOSENG,KNRCON,KOTAKBANK,KPIL,KPITTECH,KPRMILL,LALPATHLAB,LATENTVIEW,LAURUSLABS,LEMONTREE,LICHSGFIN,LICI,LINDEINDIA,LLOYDSME,LODHA,LT,LTF,LTFOODS,LTM,LTTS,LUPIN,M&M,M&MFIN,MAHABANK,MAHSEAMLES,MANAPPURAM,MANKIND,MANYAVAR,MAPMYINDIA,MARICO,MARUTI,MASTEK,MAXHEALTH,MAZDOCK,MCX,MEDANTA,METROPOLIS,MFSL,MGL,MINDACORP,MMTC,MOTHERSON,MOTILALOFS,MPHASIS,MRF,MRPL,MSUMI,MUTHOOTFIN,NAM-INDIA,NATCOPHARM,NATIONALUM,NAUKRI,NAVA,NAVINFLUOR,NBCC,NCC,NESTLEIND,NETWEB,NETWORK18,NEULANDLAB,NEWGEN,NH,NHPC,NIACL,NIVABUPA,NLCINDIA,NMDC,NSLNISP,NTPC,NTPCGREEN,NUVAMA,NYKAA,OBEROIRLTY,OFSS,OIL,OLAELEC,OLECTRA,ONGC,PAGEIND,PATANJALI,PAYTM,PCBL,PEL,PERSISTENT,PETRONET,PFC,PFIZER,PGEL,PHOENIXLTD,PIDILITIND,PIIND,PNB,PNBHOUSING,PNCINFRA,POLICYBZR,POLYCAB,POLYMED,POONAWALLA,POWERGRID,POWERINDIA,PPLPHARMA,PRAJIND,PREMIERENE,PRESTIGE,PTCIL,PVRINOX,RADICO,RAILTEL,RAINBOW,RAMCOCEM,RAYMOND,RAYMONDLSL,RBLBANK,RCF,RECLTD,REDINGTON,RELIANCE,RENUKA,RHIM,RITES,RKFORGE,ROUTE,RPOWER,RRKABEL,RTNINDIA,RVNL,SAGILITY,SAIL,SAILIFE,SAMMAANCAP,SAPPHIRE,SARDAEN,SAREGAMA,SBFC,SBICARD,SBILIFE,SBIN,SCHAEFFLER,SCHNEIDER,SCI,SHREECEM,SHRIRAMFIN,SHYAMMETL,SIEMENS,SIGNATURE,SJVN,SKFINDIA,SOBHA,SOLARINDS,SONACOMS,SONATSOFTW,SRF,STARHEALTH,SUMICHEM,SUNDARMFIN,SUNDRMFAST,SUNPHARMA,SUNTV,SUPREMEIND,SUZLON,SWANCORP,SWIGGY,SWSOLAR,SYNGENE,SYRMA,TANLA,TARIL,TATACHEM,TATACOMM,TATACONSUM,TATAELXSI,TATAINVEST,TATAPOWER,TATASTEEL,TATATECH,TBOTEK,TCS,TECHM,TECHNOE,TEJASNET,THERMAX,TIINDIA,TIMKEN,TITAGARH,TITAN,TMPV,TORNTPHARM,TORNTPOWER,TRENT,TRIDENT,TRITURBINE,TRIVENI,TTML,TVSMOTOR,UBL,UCOBANK,ULTRACEMCO,UNIONBANK,UNITDSPR,UNOMINDA,UPL,USHAMART,UTIAMC,VBL,VEDL,VGUARD,VIJAYA,VMM,VOLTAS,VTL,WAAREEENER,WELCORP,WELSPUNLIV,WESTLIFE,WHIRLPOOL,WIPRO,WOCKPHARMA,YESBANK,ZEEL,ZENSARTECH,ZENTEC,ZFCVINDIA,ZYDUSLIFE"
2025-09-30,"360ONE,3MINDIA,AADHARHFC,AARTIIND,AAVAS,ABB,ABBOTINDIA,ABCAPITAL,ABFRL,ABLBL,ABREL,ABSLAMC,ACC,ACE,ACMESOLAR,ADANIENSOL,ADANIENT,ADANIGREEN,ADANIPORTS,ADANIPOWER,AEGISLOG,AEGISVOPAK,AFCONS,AFFLE,AGARWALEYE,AIAENG,AIIL,AJANTPHARM,AKUMS,ALKEM,ALKYLAMINE,ALOKINDS,AMBER,AMBUJACEM,ANANDRATHI,ANANTRAJ,ANGELONE,APARINDS,APLAPOLLO,APLLTD,APOLLOHOSP,APOLLOTYRE,APTUS,ARE&M,ASAHIINDIA,ASHOKLEY,ASIANPAINT,ASTERDM,ASTRAL,ASTRAZEN,ATGL,ATHERENERG,ATUL,AUBANK,AUROPHARMA,AWL,AXISBANK,BAJAJ-AUTO,BAJAJFINSV,BAJAJHFL,BAJAJHLDNG,BAJFINANCE,BALKRISIND,BALRAMCHIN,BANDHANBNK,BANKBARODA,BANKINDIA,BASF,BATAINDIA,BAYERCROP,BBTC,BDL,BEL,BEML,BERGEPAINT,BHARATFORG,BHARTIARTL,BHARTIHEXA,BHEL,BIKAJI,BIOCON,BLS,BLUEDART,BLUEJET,BLUESTARCO,BOSCHLTD,BPCL,BRIGADE,BRITANNIA,BSE,BSOFT,CAMPUS,CAMS,CANBK,CANFINHOME,CAPLIPOINT,CARBORUNIV,CASTROLIND,CCL,CDSL,CEATLTD,CENTRALBK,CENTURYPLY,CERA,CESC,CGCL,CGPOWER,CHALET,CHAMBLFERT,CHENNPETRO,CHOICEIN,CHOLAFIN,CHOLAHLDNG,CIPLA,CLEAN,COALINDIA,COCHINSHIP,COFORGE,COHANCE,COLPAL,CONCOR,CONCORDBIO,COROMANDEL,CRAFTSMAN,CREDITACC,CRISIL,CROMPTON,CUB,CUMMINSIND,CYIENT,DABUR,DALBHARAT,DATAPATTNS,DBREALTY,DCMSHRIRAM,DEEPAKFERT,DEEPAKNTR,DELHIVERY,DEVYANI,DIVISLAB,DIXON,DLF,DMART,DOMS,DRREDDY,DUMMYHEG,ECLERX,EICHERMOT,EIDPARRY,EIHOTEL,ELECON,ELGIEQUIP,EMAMILTD,EMCURE,ENDURANCE,ENGINERSIN,ENRIN,ERIS,ESCORTS,ETERNAL,EXIDEIND,FACT,FEDERALBNK,FINCABLES,FINPIPE,FIRSTCRY,FIVESTAR,FLUOROCHEM,FORCEMOT,FORTIS,FSL,GAIL,GESHIP,GICRE,GILLETTE,GLAND,GLAXO,GLENMARK,GMDCLTD,GMRAIRPORT,GODFRYPHLP,GODIGIT,GODREJAGRO,GODREJCP,GODREJIND,GODREJPROP,GPIL,GRANULES,GRAPHITE,GRASIM,GRAVITA,GRSE,GSPL,GUJGASLTD,GVT&D,HAL,HAPPSTMNDS,HAVELLS,HBLENGINE,HCLTECH,HDFCAMC,HDFCBANK,HDFCLIFE,HEG,HEROMOTOCO,HEXT,HFCL,HINDALCO,HINDCOPPER,HINDPETRO,HINDUNILVR,HINDZINC,HOMEFIRST,HONASA,HONAUT,HSCL,HUDCO,HYUNDAI,ICICIBANK,ICICIGI,ICICIPRULI,IDBI,IDEA,IDFCFIRSTB,IEX,IFCI,IGIL,IGL,IIFL,IKS,INDGN,INDHOTEL,INDIACEM,INDIAMART,INDIANB,INDIGO,INDUSINDBK,INDUSTOWER,INFY,INOXINDIA,INOXWIND,INTELLECT,IOB,IOC,IPCALAB,IRB,IRCON,IRCTC,IREDA,IRFC,ITC,ITCHOTELS,ITI,J&KBANK,JBCHEPHARM,JBMA,JINDALSAW,JINDALSTEL,JIOFIN,JKCEMENT,JKTYRE,JMFINANCIL,JPPOWER,JSL,JSWDULUX,JSWENERGY,JSWINFRA,JSWSTEEL,JUBLFOOD,JUBLINGREA,JUBLPHARMA,JWL,JYOTHYLAB,JYOTICNC,KAJARIACER,KALYANKJIL,KARURVYSYA,KAYNES,KEC,KEI,KFINTECH,KIMS,KIRLOSBROS,KIRLOSENG,KOTAKBANK,KPIL,KPITTECH,KPRMILL,KSB,LALPATHLAB,LATENTVIEW,LAURUSLABS,LEMONTREE,LICHSGFIN,LICI,LINDEINDIA,LLOYDSME,LODHA,LT,LTF,LTFOODS,LTM,LTTS,LUPIN,M&M,M&MFIN,MAHABANK,MAHSCOOTER,MAHSEAMLES,MANAPPURAM,MANKIND,MANYAVAR,MAPMYINDIA,MARICO,MARUTI,MAXHEALTH,MAZDOCK,MCX,MEDANTA,METROPOLIS,MFSL,MGL,MINDACORP,MMTC,MOTHERSON,MOTILALOFS,MPHASIS,MRF,MRPL,MSUMI,MUTHOOTFIN,NAM-INDIA,NATCOPHARM,NATIONALUM,NAUKRI,NAVA,NAVINFLUOR,NBCC,NCC,NESTLEIND,NETWEB,NEULANDLAB,NEWGEN,NH,NHPC,NIACL,NIVABUPA,NLCINDIA,NMDC,NSLNISP,NTPC,NTPCGREEN,NUVAMA,NUVOCO,NYKAA,OBEROIRLTY,OFSS,OIL,OLAELEC,OLECTRA,ONESOURCE,ONGC,PAGEIND,PATANJALI,PAYTM,PCBL,PERSISTENT,PETRONET,PFC,PFIZER,PGEL,PGHH,PHOENIXLTD,PIDILITIND,PIIND,PNB,PNBHOUSING,POLICYBZR,POLYCAB,POLYMED,POONAWALLA,POWERGRID,POWERINDIA,PPLPHARMA,PRAJIND,PREMIERENE,PRESTIGE,PTCIL,PVRINOX,RADICO,RAILTEL,RAINBOW,RAMCOCEM,RBLBANK,RCF,RECLTD,REDINGTON,RELIANCE,RELINFRA,RHIM,RITES,RKFORGE,RPOWER,RRKABEL,RVNL,SAGILITY,SAIL,SAILIFE,SAMMAANCAP,SAPPHIRE,SARDAEN,SAREGAMA,SBFC,SBICARD,SBILIFE,SBIN,SCHAEFFLER,SCHNEIDER,SCI,SHREECEM,SHRIRAMFIN,SHYAMMETL,SIEMENS,SIGNATURE,SJVN,SKFINDIA,SOBHA,SOLARINDS,SONACOMS,SONATSOFTW,SRF,STARHEALTH,SUMICHEM,SUNDARMFIN,SUNDRMFAST,SUNPHARMA,SUNTV,SUPREMEIND,SUZLON,SWANCORP,SWIGGY,SYNGENE,SYRMA,TARIL,TATACHEM,TATACOMM,TATACONSUM,TATAELXSI,TATAINVEST,TATAPOWER,TATASTEEL,TATATECH,TBOTEK,TCS,TECHM,TECHNOE,TEJASNET,THELEELA,THERMAX,TIINDIA,TIMKEN,TITAGARH,TITAN,TMPV,TORNTPHARM,TORNTPOWER,TRENT,TRIDENT,TRITURBINE,TRIVENI,TTML,TVSMOTOR,UBL,UCOBANK,ULTRACEMCO,UNIONBANK,UNITDSPR,UNOMINDA,UPL,USHAMART,UTIAMC,VBL,VEDL,VENTIVE,VGUARD,VIJAYA,VMM,VOLTAS,VTL,WAAREEENER,WELCORP,WELSPUNLIV,WHIRLPOOL,WIPRO,WOCKPHARMA,YESBANK,ZEEL,ZENSARTECH,ZENTEC,ZFCVINDIA,ZYDUSLIFE"
2025-10-31,"360ONE,3MINDIA,AADHARHFC,AARTIIND,AAVAS,ABB,ABBOTINDIA,ABCAPITAL,ABFRL,ABLBL,ABREL,ABSLAMC,ACC,ACE,ACMESOLAR,ADANIENSOL,ADANIENT,ADANIGREEN,ADANIPORTS,ADANIPOWER,AEGISLOG,AEGISVOPAK,AFCONS,AFFLE,AGARWALEYE,AIAENG,AIIL,AJANTPHARM,AKUMS,ALKEM,ALKYLAMINE,ALOKINDS,AMBER,AMBUJACEM,ANANDRATHI,ANANTRAJ,ANGELONE,APARINDS,APLAPOLLO,APLLTD,APOLLOHOSP,APOLLOTYRE,APTUS,ARE&M,ASAHIINDIA,ASHOKLEY,ASIANPAINT,ASTERDM,ASTRAL,ASTRAZEN,ATGL,ATHERENERG,ATUL,AUBANK,AUROPHARMA,AWL,AXISBANK,BAJAJ-AUTO,BAJAJFINSV,BAJAJHFL,BAJAJHLDNG,BAJFINANCE,BALKRISIND,BALRAMCHIN,BANDHANBNK,BANKBARODA,BANKINDIA,BASF,BATAINDIA,BAYERCROP,BBTC,BDL,BEL,BEML,BERGEPAINT,BHARATFORG,BHARTIARTL,BHARTIHEXA,BHEL,BIKAJI,BIOCON,BLS,BLUEDART,BLUEJET,BLUESTARCO,BOSCHLTD,BPCL,BRIGADE,BRITANNIA,BSE,BSOFT,CAMPUS,CAMS,CANBK,CANFINHOME,CAPLIPOINT,CARBORUNIV,CASTROLIND,CCL,CDSL,CEATLTD,CENTRALBK,CENTURYPLY,CERA,CESC,CGCL,CGPOWER,CHALET,CHAMBLFERT,CHENNPETRO,CHOICEIN,CHOLAFIN,CHOLAHLDNG,CIPLA,CLEAN,COALINDIA,COCHINSHIP,COFORGE,COHANCE,COLPAL,CONCOR,CONCORDBIO,COROMANDEL,CRAFTSMAN,CREDITACC,CRISIL,CROMPTON,CUB,CUMMINSIND,CYIENT,DABUR,DALBHARAT,DATAPATTNS,DBREALTY,DCMSHRIRAM,DEEPAKFERT,DEEPAKNTR,DELHIVERY,DEVYANI,DIVISLAB,DIXON,DLF,DMART,DOMS,DRREDDY,DUMMYHEG,ECLERX,EICHERMOT,EIDPARRY,EIHOTEL,ELECON,ELGIEQUIP,EMAMILTD,EMCURE,ENDURANCE,ENGINERSIN,ENRIN,ERIS,ESCORTS,ETERNAL,EXIDEIND,FACT,FEDERALBNK,FINCABLES,FINPIPE,FIRSTCRY,FIVESTAR,FLUOROCHEM,FORCEMOT,FORTIS,FSL,GAIL,GESHIP,GICRE,GILLETTE,GLAND,GLAXO,GLENMARK,GMDCLTD,GMRAIRPORT,GODFRYPHLP,GODIGIT,GODREJAGRO,GODREJCP,GODREJIND,GODREJPROP,GPIL,GRANULES,GRAPHITE,GRASIM,GRAVITA,GRSE,GSPL,GUJGASLTD,GVT&D,HAL,HAPPSTMNDS,HAVELLS,HBLENGINE,HCLTECH,HDFCAMC,HDFCBANK,HDFCLIFE,HEG,HEROMOTOCO,HEXT,HFCL,HINDALCO,HINDCOPPER,HINDPETRO,HINDUNILVR,HINDZINC,HOMEFIRST,HONASA,HONAUT,HSCL,HUDCO,HYUNDAI,ICICIBANK,ICICIGI,ICICIPRULI,IDBI,IDEA,IDFCFIRSTB,IEX,IFCI,IGIL,IGL,IIFL,IKS,INDGN,INDHOTEL,INDIACEM,INDIAMART,INDIANB,INDIGO,INDUSINDBK,INDUSTOWER,INFY,INOXINDIA,INOXWIND,INTELLECT,IOB,IOC,IPCALAB,IRB,IRCON,IRCTC,IREDA,IRFC,ITC,ITCHOTELS,ITI,J&KBANK,JBCHEPHARM,JBMA,JINDALSAW,JINDALSTEL,JIOFIN,JKCEMENT,JKTYRE,JMFINANCIL,JPPOWER,JSL,JSWDULUX,JSWENERGY,JSWINFRA,JSWSTEEL,JUBLFOOD,JUBLINGREA,JUBLPHARMA,JWL,JYOTHYLAB,JYOTICNC,KAJARIACER,KALYANKJIL,KARURVYSYA,KAYNES,KEC,KEI,KFINTECH,KIMS,KIRLOSBROS,KIRLOSENG,KOTAKBANK,KPIL,KPITTECH,KPRMILL,KSB,LALPATHLAB,LATENTVIEW,LAURUSLABS,LEMONTREE,LICHSGFIN,LICI,LINDEINDIA,LLOYDSME,LODHA,LT,LTF,LTFOODS,LTM,LTTS,LUPIN,M&M,M&MFIN,MAHABANK,MAHSCOOTER,MAHSEAMLES,MANAPPURAM,MANKIND,MANYAVAR,MAPMYINDIA,MARICO,MARUTI,MAXHEALTH,MAZDOCK,MCX,MEDANTA,METROPOLIS,MFSL,MGL,MINDACORP,MMTC,MOTHERSON,MOTILALOFS,MPHASIS,MRF,MRPL,MSUMI,MUTHOOTFIN,NAM-INDIA,NATCOPHARM,NATIONALUM,NAUKRI,NAVA,NAVINFLUOR,NBCC,NCC,NESTLEIND,NETWEB,NEULANDLAB,NEWGEN,NH,NHPC,NIACL,NIVABUPA,NLCINDIA,NMDC,NSLNISP,NTPC,NTPCGREEN,NUVAMA,NUVOCO,NYKAA,OBEROIRLTY,OFSS,OIL,OLAELEC,OLECTRA,ONESOURCE,ONGC,PAGEIND,PATANJALI,PAYTM,PCBL,PERSISTENT,PETRONET,PFC,PFIZER,PGEL,PGHH,PHOENIXLTD,PIDILITIND,PIIND,PNB,PNBHOUSING,POLICYBZR,POLYCAB,POLYMED,POONAWALLA,POWERGRID,POWERINDIA,PPLPHARMA,PRAJIND,PREMIERENE,PRESTIGE,PTCIL,PVRINOX,RADICO,RAILTEL,RAINBOW,RAMCOCEM,RBLBANK,RCF,RECLTD,REDINGTON,RELIANCE,RELINFRA,RHIM,RITES,RKFORGE,RPOWER,RRKABEL,RVNL,SAGILITY,SAIL,SAILIFE,SAMMAANCAP,SAPPHIRE,SARDAEN,SAREGAMA,SBFC,SBICARD,SBILIFE,SBIN,SCHAEFFLER,SCHNEIDER,SCI,SHREECEM,SHRIRAMFIN,SHYAMMETL,SIEMENS,SIGNATURE,SJVN,SKFINDIA,SOBHA,SOLARINDS,SONACOMS,SONATSOFTW,SRF,STARHEALTH,SUMICHEM,SUNDARMFIN,SUNDRMFAST,SUNPHARMA,SUNTV,SUPREMEIND,SUZLON,SWANCORP,SWIGGY,SYNGENE,SYRMA,TARIL,TATACHEM,TATACOMM,TATACONSUM,TATAELXSI,TATAINVEST,TATAPOWER,TATASTEEL,TATATECH,TBOTEK,TCS,TECHM,TECHNOE,TEJASNET,THELEELA,THERMAX,TIINDIA,TIMKEN,TITAGARH,TITAN,TMPV,TORNTPHARM,TORNTPOWER,TRENT,TRIDENT,TRITURBINE,TRIVENI,TTML,TVSMOTOR,UBL,UCOBANK,ULTRACEMCO,UNIONBANK,UNITDSPR,UNOMINDA,UPL,USHAMART,UTIAMC,VBL,VEDL,VENTIVE,VGUARD,VIJAYA,VMM,VOLTAS,VTL,WAAREEENER,WELCORP,WELSPUNLIV,WHIRLPOOL,WIPRO,WOCKPHARMA,YESBANK,ZEEL,ZENSARTECH,ZENTEC,ZFCVINDIA,ZYDUSLIFE"
2025-11-30,"360ONE,3MINDIA,AADHARHFC,AARTIIND,AAVAS,ABB,ABBOTINDIA,ABCAPITAL,ABFRL,ABLBL,ABREL,ABSLAMC,ACC,ACE,ACMESOLAR,ADANIENSOL,ADANIENT,ADANIGREEN,ADANIPORTS,ADANIPOWER,AEGISLOG,AEGISVOPAK,AFCONS,AFFLE,AGARWALEYE,AIAENG,AIIL,AJANTPHARM,AKUMS,ALKEM,ALKYLAMINE,ALOKINDS,AMBER,AMBUJACEM,ANANDRATHI,ANANTRAJ,ANGELONE,APARINDS,APLAPOLLO,APLLTD,APOLLOHOSP,APOLLOTYRE,APTUS,ARE&M,ASAHIINDIA,ASHOKLEY,ASIANPAINT,ASTERDM,ASTRAL,ASTRAZEN,ATGL,ATHERENERG,ATUL,AUBANK,AUROPHARMA,AWL,AXISBANK,BAJAJ-AUTO,BAJAJFINSV,BAJAJHFL,BAJAJHLDNG,BAJFINANCE,BALKRISIND,BALRAMCHIN,BANDHANBNK,BANKBARODA,BANKINDIA,BASF,BATAINDIA,BAYERCROP,BBTC,BDL,BEL,BEML,BERGEPAINT,BHARATFORG,BHARTIARTL,BHARTIHEXA,BHEL,BIKAJI,BIOCON,BLS,BLUEDART,BLUEJET,BLUESTARCO,BOSCHLTD,BPCL,BRIGADE,BRITANNIA,BSE,BSOFT,CAMPUS,CAMS,CANBK,CANFINHOME,CAPLIPOINT,CARBORUNIV,CASTROLIND,CCL,CDSL,CEATLTD,CENTRALBK,CENTURYPLY,CERA,CESC,CGCL,CGPOWER,CHALET,CHAMBLFERT,CHENNPETRO,CHOICEIN,CHOLAFIN,CHOLAHLDNG,CIPLA,CLEAN,COALINDIA,COCHINSHIP,COFORGE,COHANCE,COLPAL,CONCOR,CONCORDBIO,COROMANDEL,CRAFTSMAN,CREDITACC,CRISIL,CROMPTON,CUB,CUMMINSIND,CYIENT,DABUR,DALBHARAT,DATAPATTNS,DBREALTY,DCMSHRIRAM,DEEPAKFERT,DEEPAKNTR,DELHIVERY,DEVYANI,DIVISLAB,DIXON,DLF,DMART,DOMS,DRREDDY,DUMMYHEG,ECLERX,EICHERMOT,EIDPARRY,EIHOTEL,ELECON,ELGIEQUIP,EMAMILTD,EMCURE,ENDURANCE,ENGINERSIN,ENRIN,ERIS,ESCORTS,ETERNAL,EXIDEIND,FACT,FEDERALBNK,FINCABLES,FINPIPE,FIRSTCRY,FIVESTAR,FLUOROCHEM,FORCEMOT,FORTIS,FSL,GAIL,GESHIP,GICRE,GILLETTE,GLAND,GLAXO,GLENMARK,GMDCLTD,GMRAIRPORT,GODFRYPHLP,GODIGIT,GODREJAGRO,GODREJCP,GODREJIND,GODREJPROP,GPIL,GRANULES,GRAPHITE,GRASIM,GRAVITA,GRSE,GSPL,GUJGASLTD,GVT&D,HAL,HAPPSTMNDS,HAVELLS,HBLENGINE,HCLTECH,HDFCAMC,HDFCBANK,HDFCLIFE,HEG,HEROMOTOCO,HEXT,HFCL,HINDALCO,HINDCOPPER,HINDPETRO,HINDUNILVR,HINDZINC,HOMEFIRST,HONASA,HONAUT,HSCL,HUDCO,HYUNDAI,ICICIBANK,ICICIGI,ICICIPRULI,IDBI,IDEA,IDFCFIRSTB,IEX,IFCI,IGIL,IGL,IIFL,IKS,INDGN,INDHOTEL,INDIACEM,INDIAMART,INDIANB,INDIGO,INDUSINDBK,INDUSTOWER,INFY,INOXINDIA,INOXWIND,INTELLECT,IOB,IOC,IPCALAB,IRB,IRCON,IRCTC,IREDA,IRFC,ITC,ITCHOTELS,ITI,J&KBANK,JBCHEPHARM,JBMA,JINDALSAW,JINDALSTEL,JIOFIN,JKCEMENT,JKTYRE,JMFINANCIL,JPPOWER,JSL,JSWDULUX,JSWENERGY,JSWINFRA,JSWSTEEL,JUBLFOOD,JUBLINGREA,JUBLPHARMA,JWL,JYOTHYLAB,JYOTICNC,KAJARIACER,KALYANKJIL,KARURVYSYA,KAYNES,KEC,KEI,KFINTECH,KIMS,KIRLOSBROS,KIRLOSENG,KOTAKBANK,KPIL,KPITTECH,KPRMILL,KSB,LALPATHLAB,LATENTVIEW,LAURUSLABS,LEMONTREE,LICHSGFIN,LICI,LINDEINDIA,LLOYDSME,LODHA,LT,LTF,LTFOODS,LTM,LTTS,LUPIN,M&M,M&MFIN,MAHABANK,MAHSCOOTER,MAHSEAMLES,MANAPPURAM,MANKIND,MANYAVAR,MAPMYINDIA,MARICO,MARUTI,MAXHEALTH,MAZDOCK,MCX,MEDANTA,METROPOLIS,MFSL,MGL,MINDACORP,MMTC,MOTHERSON,MOTILALOFS,MPHASIS,MRF,MRPL,MSUMI,MUTHOOTFIN,NAM-INDIA,NATCOPHARM,NATIONALUM,NAUKRI,NAVA,NAVINFLUOR,NBCC,NCC,NESTLEIND,NETWEB,NEULANDLAB,NEWGEN,NH,NHPC,NIACL,NIVABUPA,NLCINDIA,NMDC,NSLNISP,NTPC,NTPCGREEN,NUVAMA,NUVOCO,NYKAA,OBEROIRLTY,OFSS,OIL,OLAELEC,OLECTRA,ONESOURCE,ONGC,PAGEIND,PATANJALI,PAYTM,PCBL,PERSISTENT,PETRONET,PFC,PFIZER,PGEL,PGHH,PHOENIXLTD,PIDILITIND,PIIND,PNB,PNBHOUSING,POLICYBZR,POLYCAB,POLYMED,POONAWALLA,POWERGRID,POWERINDIA,PPLPHARMA,PRAJIND,PREMIERENE,PRESTIGE,PTCIL,PVRINOX,RADICO,RAILTEL,RAINBOW,RAMCOCEM,RBLBANK,RCF,RECLTD,REDINGTON,RELIANCE,RELINFRA,RHIM,RITES,RKFORGE,RPOWER,RRKABEL,RVNL,SAGILITY,SAIL,SAILIFE,SAMMAANCAP,SAPPHIRE,SARDAEN,SAREGAMA,SBFC,SBICARD,SBILIFE,SBIN,SCHAEFFLER,SCHNEIDER,SCI,SHREECEM,SHRIRAMFIN,SHYAMMETL,SIEMENS,SIGNATURE,SJVN,SKFINDIA,SOBHA,SOLARINDS,SONACOMS,SONATSOFTW,SRF,STARHEALTH,SUMICHEM,SUNDARMFIN,SUNDRMFAST,SUNPHARMA,SUNTV,SUPREMEIND,SUZLON,SWANCORP,SWIGGY,SYNGENE,SYRMA,TARIL,TATACHEM,TATACOMM,TATACONSUM,TATAELXSI,TATAINVEST,TATAPOWER,TATASTEEL,TATATECH,TBOTEK,TCS,TECHM,TECHNOE,TEJASNET,THELEELA,THERMAX,TIINDIA,TIMKEN,TITAGARH,TITAN,TMPV,TORNTPHARM,TORNTPOWER,TRENT,TRIDENT,TRITURBINE,TRIVENI,TTML,TVSMOTOR,UBL,UCOBANK,ULTRACEMCO,UNIONBANK,UNITDSPR,UNOMINDA,UPL,USHAMART,UTIAMC,VBL,VEDL,VENTIVE,VGUARD,VIJAYA,VMM,VOLTAS,VTL,WAAREEENER,WELCORP,WELSPUNLIV,WHIRLPOOL,WIPRO,WOCKPHARMA,YESBANK,ZEEL,ZENSARTECH,ZENTEC,ZFCVINDIA,ZYDUSLIFE"
2025-12-31,"360ONE,3MINDIA,AADHARHFC,AARTIIND,AAVAS,ABB,ABBOTINDIA,ABCAPITAL,ABFRL,ABLBL,ABREL,ABSLAMC,ACC,ACE,ACMESOLAR,ADANIENSOL,ADANIENT,ADANIGREEN,ADANIPORTS,ADANIPOWER,AEGISLOG,AEGISVOPAK,AFCONS,AFFLE,AGARWALEYE,AIAENG,AIIL,AJANTPHARM,AKUMS,ALKEM,ALKYLAMINE,ALOKINDS,AMBER,AMBUJACEM,ANANDRATHI,ANANTRAJ,ANGELONE,APARINDS,APLAPOLLO,APLLTD,APOLLOHOSP,APOLLOTYRE,APTUS,ARE&M,ASAHIINDIA,ASHOKLEY,ASIANPAINT,ASTERDM,ASTRAL,ASTRAZEN,ATGL,ATHERENERG,ATUL,AUBANK,AUROPHARMA,AWL,AXISBANK,BAJAJ-AUTO,BAJAJFINSV,BAJAJHFL,BAJAJHLDNG,BAJFINANCE,BALKRISIND,BALRAMCHIN,BANDHANBNK,BANKBARODA,BANKINDIA,BASF,BATAINDIA,BAYERCROP,BBTC,BDL,BEL,BEML,BERGEPAINT,BHARATFORG,BHARTIARTL,BHARTIHEXA,BHEL,BIKAJI,BIOCON,BLS,BLUEDART,BLUEJET,BLUESTARCO,BOSCHLTD,BPCL,BRIGADE,BRITANNIA,BSE,BSOFT,CAMPUS,CAMS,CANBK,CANFINHOME,CAPLIPOINT,CARBORUNIV,CASTROLIND,CCL,CDSL,CEATLTD,CENTRALBK,CENTURYPLY,CERA,CESC,CGCL,CGPOWER,CHALET,CHAMBLFERT,CHENNPETRO,CHOICEIN,CHOLAFIN,CHOLAHLDNG,CIPLA,CLEAN,COALINDIA,COCHINSHIP,COFORGE,COHANCE,COLPAL,CONCOR,CONCORDBIO,COROMANDEL,CRAFTSMAN,CREDITACC,CRISIL,CROMPTON,CUB,CUMMINSIND,CYIENT,DABUR,DALBHARAT,DATAPATTNS,DBREALTY,DCMSHRIRAM,DEEPAKFERT,DEEPAKNTR,DELHIVERY,DEVYANI,DIVISLAB,DIXON,DLF,DMART,DOMS,DRREDDY,DUMMYHEG,ECLERX,EICHERMOT,EIDPARRY,EIHOTEL,ELECON,ELGIEQUIP,EMAMILTD,EMCURE,ENDURANCE,ENGINERSIN,ENRIN,ERIS,ESCORTS,ETERNAL,EXIDEIND,FACT,FEDERALBNK,FINCABLES,FINPIPE,FIRSTCRY,FIVESTAR,FLUOROCHEM,FORCEMOT,FORTIS,FSL,GAIL,GESHIP,GICRE,GILLETTE,GLAND,GLAXO,GLENMARK,GMDCLTD,GMRAIRPORT,GODFRYPHLP,GODIGIT,GODREJAGRO,GODREJCP,GODREJIND,GODREJPROP,GPIL,GRANULES,GRAPHITE,GRASIM,GRAVITA,GRSE,GSPL,GUJGASLTD,GVT&D,HAL,HAPPSTMNDS,HAVELLS,HBLENGINE,HCLTECH,HDFCAMC,HDFCBANK,HDFCLIFE,HEG,HEROMOTOCO,HEXT,HFCL,HINDALCO,HINDCOPPER,HINDPETRO,HINDUNILVR,HINDZINC,HOMEFIRST,HONASA,HONAUT,HSCL,HUDCO,HYUNDAI,ICICIBANK,ICICIGI,ICICIPRULI,IDBI,IDEA,IDFCFIRSTB,IEX,IFCI,IGIL,IGL,IIFL,IKS,INDGN,INDHOTEL,INDIACEM,INDIAMART,INDIANB,INDIGO,INDUSINDBK,INDUSTOWER,INFY,INOXINDIA,INOXWIND,INTELLECT,IOB,IOC,IPCALAB,IRB,IRCON,IRCTC,IREDA,IRFC,ITC,ITCHOTELS,ITI,J&KBANK,JBCHEPHARM,JBMA,JINDALSAW,JINDALSTEL,JIOFIN,JKCEMENT,JKTYRE,JMFINANCIL,JPPOWER,JSL,JSWCEMENT,JSWDULUX,JSWENERGY,JSWINFRA,JSWSTEEL,JUBLFOOD,JUBLINGREA,JUBLPHARMA,JWL,JYOTHYLAB,JYOTICNC,KAJARIACER,KALYANKJIL,KARURVYSYA,KAYNES,KEC,KEI,KFINTECH,KIMS,KIRLOSBROS,KIRLOSENG,KOTAKBANK,KPIL,KPITTECH,KPRMILL,KSB,LALPATHLAB,LATENTVIEW,LAURUSLABS,LEMONTREE,LICHSGFIN,LICI,LINDEINDIA,LLOYDSME,LODHA,LT,LTF,LTFOODS,LTM,LTTS,LUPIN,M&M,M&MFIN,MAHABANK,MAHSCOOTER,MAHSEAMLES,MANAPPURAM,MANKIND,MANYAVAR,MAPMYINDIA,MARICO,MARUTI,MAXHEALTH,MAZDOCK,MCX,MEDANTA,METROPOLIS,MFSL,MGL,MINDACORP,MMTC,MOTHERSON,MOTILALOFS,MPHASIS,MRF,MRPL,MSUMI,MUTHOOTFIN,NAM-INDIA,NATCOPHARM,NATIONALUM,NAUKRI,NAVA,NAVINFLUOR,NBCC,NCC,NESTLEIND,NETWEB,NEULANDLAB,NEWGEN,NH,NHPC,NIACL,NIVABUPA,NLCINDIA,NMDC,NSLNISP,NTPC,NTPCGREEN,NUVAMA,NUVOCO,NYKAA,OBEROIRLTY,OFSS,OIL,OLAELEC,OLECTRA,ONESOURCE,ONGC,PAGEIND,PATANJALI,PAYTM,PCBL,PERSISTENT,PETRONET,PFC,PFIZER,PGEL,PGHH,PHOENIXLTD,PIDILITIND,PIIND,PNB,PNBHOUSING,POLICYBZR,POLYCAB,POLYMED,POONAWALLA,POWERGRID,POWERINDIA,PPLPHARMA,PRAJIND,PREMIERENE,PRESTIGE,PTCIL,PVRINOX,RADICO,RAILTEL,RAINBOW,RAMCOCEM,RBLBANK,RCF,RECLTD,REDINGTON,RELIANCE,RELINFRA,RHIM,RITES,RKFORGE,RPOWER,RRKABEL,RVNL,SAGILITY,SAIL,SAILIFE,SAMMAANCAP,SAPPHIRE,SARDAEN,SAREGAMA,SBFC,SBICARD,SBILIFE,SBIN,SCHAEFFLER,SCHNEIDER,SCI,SHREECEM,SHRIRAMFIN,SHYAMMETL,SIEMENS,SIGNATURE,SJVN,SOBHA,SOLARINDS,SONACOMS,SONATSOFTW,SRF,STARHEALTH,SUMICHEM,SUNDARMFIN,SUNDRMFAST,SUNPHARMA,SUNTV,SUPREMEIND,SUZLON,SWANCORP,SWIGGY,SYNGENE,SYRMA,TARIL,TATACHEM,TATACOMM,TATACONSUM,TATAELXSI,TATAINVEST,TATAPOWER,TATASTEEL,TATATECH,TBOTEK,TCS,TECHM,TECHNOE,TEJASNET,THELEELA,THERMAX,TIINDIA,TIMKEN,TITAGARH,TITAN,TMPV,TORNTPHARM,TORNTPOWER,TRENT,TRIDENT,TRITURBINE,TRIVENI,TTML,TVSMOTOR,UBL,UCOBANK,ULTRACEMCO,UNIONBANK,UNITDSPR,UNOMINDA,UPL,USHAMART,UTIAMC,VBL,VEDL,VENTIVE,VGUARD,VIJAYA,VMM,VOLTAS,VTL,WAAREEENER,WELCORP,WELSPUNLIV,WHIRLPOOL,WIPRO,WOCKPHARMA,YESBANK,ZEEL,ZENSARTECH,ZENTEC,ZFCVINDIA,ZYDUSLIFE"
2026-01-31,"360ONE,3MINDIA,AADHARHFC,AARTIIND,AAVAS,ABB,ABBOTINDIA,ABCAPITAL,ABFRL,ABLBL,ABREL,ABSLAMC,ACC,ACE,ACMESOLAR,ADANIENSOL,ADANIENT,ADANIGREEN,ADANIPORTS,ADANIPOWER,AEGISLOG,AEGISVOPAK,AFCONS,AFFLE,AGARWALEYE,AIAENG,AIIL,AJANTPHARM,AKUMS,ALKEM,ALKYLAMINE,ALOKINDS,AMBER,AMBUJACEM,ANANDRATHI,ANANTRAJ,ANGELONE,APARINDS,APLAPOLLO,APLLTD,APOLLOHOSP,APOLLOTYRE,APTUS,ARE&M,ASAHIINDIA,ASHOKLEY,ASIANPAINT,ASTERDM,ASTRAL,ASTRAZEN,ATGL,ATHERENERG,ATUL,AUBANK,AUROPHARMA,AWL,AXISBANK,BAJAJ-AUTO,BAJAJFINSV,BAJAJHFL,BAJAJHLDNG,BAJFINANCE,BALKRISIND,BALRAMCHIN,BANDHANBNK,BANKBARODA,BANKINDIA,BASF,BATAINDIA,BAYERCROP,BBTC,BDL,BEL,BEML,BERGEPAINT,BHARATFORG,BHARTIARTL,BHARTIHEXA,BHEL,BIKAJI,BIOCON,BLS,BLUEDART,BLUEJET,BLUESTARCO,BOSCHLTD,BPCL,BRIGADE,BRITANNIA,BSE,BSOFT,CAMPUS,CAMS,CANBK,CANFINHOME,CAPLIPOINT,CARBORUNIV,CASTROLIND,CCL,CDSL,CEATLTD,CENTRALBK,CENTURYPLY,CERA,CESC,CGCL,CGPOWER,CHALET,CHAMBLFERT,CHENNPETRO,CHOICEIN,CHOLAFIN,CHOLAHLDNG,CIPLA,CLEAN,COALINDIA,COCHINSHIP,COFORGE,COHANCE,COLPAL,CONCOR,CONCORDBIO,COROMANDEL,CRAFTSMAN,CREDITACC,CRISIL,CROMPTON,CUB,CUMMINSIND,CYIENT,DABUR,DALBHARAT,DATAPATTNS,DBREALTY,DCMSHRIRAM,DEEPAKFERT,DEEPAKNTR,DELHIVERY,DEVYANI,DIVISLAB,DIXON,DLF,DMART,DOMS,DRREDDY,DUMMYHEG,ECLERX,EICHERMOT,EIDPARRY,EIHOTEL,ELECON,ELGIEQUIP,EMAMILTD,EMCURE,ENDURANCE,ENGINERSIN,ENRIN,ERIS,ESCORTS,ETERNAL,EXIDEIND,FACT,FEDERALBNK,FINCABLES,FINPIPE,FIRSTCRY,FIVESTAR,FLUOROCHEM,FORCEMOT,FORTIS,FSL,GAIL,GESHIP,GICRE,GILLETTE,GLAND,GLAXO,GLENMARK,GMDCLTD,GMRAIRPORT,GODFRYPHLP,GODIGIT,GODREJAGRO,GODREJCP,GODREJIND,GODREJPROP,GPIL,GRANULES,GRAPHITE,GRASIM,GRAVITA,GRSE,GSPL,GUJGASLTD,GVT&D,HAL,HAPPSTMNDS,HAVELLS,HBLENGINE,HCLTECH,HDFCAMC,HDFCBANK,HDFCLIFE,HEG,HEROMOTOCO,HEXT,HFCL,HINDALCO,HINDCOPPER,HINDPETRO,HINDUNILVR,HINDZINC,HOMEFIRST,HONASA,HONAUT,HSCL,HUDCO,HYUNDAI,ICICIBANK,ICICIGI,ICICIPRULI,IDBI,IDEA,IDFCFIRSTB,IEX,IFCI,IGIL,IGL,IIFL,IKS,INDGN,INDHOTEL,INDIACEM,INDIAMART,INDIANB,INDIGO,INDUSINDBK,INDUSTOWER,INFY,INOXINDIA,INOXWIND,INTELLECT,IOB,IOC,IPCALAB,IRB,IRCON,IRCTC,IREDA,IRFC,ITC,ITCHOTELS,ITI,J&KBANK,JBCHEPHARM,JBMA,JINDALSAW,JINDALSTEL,JIOFIN,JKCEMENT,JKTYRE,JMFINANCIL,JPPOWER,JSL,JSWCEMENT,JSWDULUX,JSWENERGY,JSWINFRA,JSWSTEEL,JUBLFOOD,JUBLINGREA,JUBLPHARMA,JWL,JYOTHYLAB,JYOTICNC,KAJARIACER,KALYANKJIL,KARURVYSYA,KAYNES,KEC,KEI,KFINTECH,KIMS,KIRLOSBROS,KIRLOSENG,KOTAKBANK,KPIL,KPITTECH,KPRMILL,KSB,LALPATHLAB,LATENTVIEW,LAURUSLABS,LEMONTREE,LICHSGFIN,LICI,LINDEINDIA,LLOYDSME,LODHA,LT,LTF,LTFOODS,LTM,LTTS,LUPIN,M&M,M&MFIN,MAHABANK,MAHSCOOTER,MAHSEAMLES,MANAPPURAM,MANKIND,MANYAVAR,MAPMYINDIA,MARICO,MARUTI,MAXHEALTH,MAZDOCK,MCX,MEDANTA,METROPOLIS,MFSL,MGL,MINDACORP,MMTC,MOTHERSON,MOTILALOFS,MPHASIS,MRF,MRPL,MSUMI,MUTHOOTFIN,NAM-INDIA,NATCOPHARM,NATIONALUM,NAUKRI,NAVA,NAVINFLUOR,NBCC,NCC,NESTLEIND,NETWEB,NEULANDLAB,NEWGEN,NH,NHPC,NIACL,NIVABUPA,NLCINDIA,NMDC,NSLNISP,NTPC,NTPCGREEN,NUVAMA,NUVOCO,NYKAA,OBEROIRLTY,OFSS,OIL,OLAELEC,OLECTRA,ONESOURCE,ONGC,PAGEIND,PATANJALI,PAYTM,PCBL,PERSISTENT,PETRONET,PFC,PFIZER,PGEL,PGHH,PHOENIXLTD,PIDILITIND,PIIND,PNB,PNBHOUSING,POLICYBZR,POLYCAB,POLYMED,POONAWALLA,POWERGRID,POWERINDIA,PPLPHARMA,PRAJIND,PREMIERENE,PRESTIGE,PTCIL,PVRINOX,RADICO,RAILTEL,RAINBOW,RAMCOCEM,RBLBANK,RCF,RECLTD,REDINGTON,RELIANCE,RELINFRA,RHIM,RITES,RKFORGE,RPOWER,RRKABEL,RVNL,SAGILITY,SAIL,SAILIFE,SAMMAANCAP,SAPPHIRE,SARDAEN,SAREGAMA,SBFC,SBICARD,SBILIFE,SBIN,SCHAEFFLER,SCHNEIDER,SCI,SHREECEM,SHRIRAMFIN,SHYAMMETL,SIEMENS,SIGNATURE,SJVN,SOBHA,SOLARINDS,SONACOMS,SONATSOFTW,SRF,STARHEALTH,SUMICHEM,SUNDARMFIN,SUNDRMFAST,SUNPHARMA,SUNTV,SUPREMEIND,SUZLON,SWANCORP,SWIGGY,SYNGENE,SYRMA,TARIL,TATACHEM,TATACOMM,TATACONSUM,TATAELXSI,TATAINVEST,TATAPOWER,TATASTEEL,TATATECH,TBOTEK,TCS,TECHM,TECHNOE,TEJASNET,THELEELA,THERMAX,TIINDIA,TIMKEN,TITAGARH,TITAN,TMPV,TORNTPHARM,TORNTPOWER,TRENT,TRIDENT,TRITURBINE,TRIVENI,TTML,TVSMOTOR,UBL,UCOBANK,ULTRACEMCO,UNIONBANK,UNITDSPR,UNOMINDA,UPL,USHAMART,UTIAMC,VBL,VEDL,VENTIVE,VGUARD,VIJAYA,VMM,VOLTAS,VTL,WAAREEENER,WELCORP,WELSPUNLIV,WHIRLPOOL,WIPRO,WOCKPHARMA,YESBANK,ZEEL,ZENSARTECH,ZENTEC,ZFCVINDIA,ZYDUSLIFE"
2026-02-28,"360ONE,3MINDIA,AADHARHFC,AARTIIND,AAVAS,ABB,ABBOTINDIA,ABCAPITAL,ABFRL,ABLBL,ABREL,ABSLAMC,ACC,ACE,ACMESOLAR,ADANIENSOL,ADANIENT,ADANIGREEN,ADANIPORTS,ADANIPOWER,AEGISLOG,AEGISVOPAK,AFCONS,AFFLE,AGARWALEYE,AIAENG,AIIL,AJANTPHARM,AKUMS,ALKEM,ALKYLAMINE,ALOKINDS,AMBER,AMBUJACEM,ANANDRATHI,ANANTRAJ,ANGELONE,APARINDS,APLAPOLLO,APLLTD,APOLLOHOSP,APOLLOTYRE,APTUS,ARE&M,ASAHIINDIA,ASHOKLEY,ASIANPAINT,ASTERDM,ASTRAL,ASTRAZEN,ATGL,ATHERENERG,ATUL,AUBANK,AUROPHARMA,AWL,AXISBANK,BAJAJ-AUTO,BAJAJFINSV,BAJAJHFL,BAJAJHLDNG,BAJFINANCE,BALKRISIND,BALRAMCHIN,BANDHANBNK,BANKBARODA,BANKINDIA,BASF,BATAINDIA,BAYERCROP,BBTC,BDL,BEL,BEML,BERGEPAINT,BHARATFORG,BHARTIARTL,BHARTIHEXA,BHEL,BIKAJI,BIOCON,BLS,BLUEDART,BLUEJET,BLUESTARCO,BOSCHLTD,BPCL,BRIGADE,BRITANNIA,BSE,BSOFT,CAMPUS,CAMS,CANBK,CANFINHOME,CAPLIPOINT,CARBORUNIV,CASTROLIND,CCL,CDSL,CEATLTD,CENTRALBK,CENTURYPLY,CERA,CESC,CGCL,CGPOWER,CHALET,CHAMBLFERT,CHENNPETRO,CHOICEIN,CHOLAFIN,CHOLAHLDNG,CIPLA,CLEAN,COALINDIA,COCHINSHIP,COFORGE,COHANCE,COLPAL,CONCOR,CONCORDBIO,COROMANDEL,CRAFTSMAN,CREDITACC,CRISIL,CROMPTON,CUB,CUMMINSIND,CYIENT,DABUR,DALBHARAT,DATAPATTNS,DBREALTY,DCMSHRIRAM,DEEPAKFERT,DEEPAKNTR,DELHIVERY,DEVYANI,DIVISLAB,DIXON,DLF,DMART,DOMS,DRREDDY,DUMMYHEG,ECLERX,EICHERMOT,EIDPARRY,EIHOTEL,ELECON,ELGIEQUIP,EMAMILTD,EMCURE,ENDURANCE,ENGINERSIN,ENRIN,ERIS,ESCORTS,ETERNAL,EXIDEIND,FACT,FEDERALBNK,FINCABLES,FINPIPE,FIRSTCRY,FIVESTAR,FLUOROCHEM,FORCEMOT,FORTIS,FSL,GAIL,GESHIP,GICRE,GILLETTE,GLAND,GLAXO,GLENMARK,GMDCLTD,GMRAIRPORT,GODFRYPHLP,GODIGIT,GODREJAGRO,GODREJCP,GODREJIND,GODREJPROP,GPIL,GRANULES,GRAPHITE,GRASIM,GRAVITA,GRSE,GSPL,GUJGASLTD,GVT&D,HAL,HAPPSTMNDS,HAVELLS,HBLENGINE,HCLTECH,HDFCAMC,HDFCBANK,HDFCLIFE,HEG,HEROMOTOCO,HEXT,HFCL,HINDALCO,HINDCOPPER,HINDPETRO,HINDUNILVR,HINDZINC,HOMEFIRST,HONASA,HONAUT,HSCL,HUDCO,HYUNDAI,ICICIBANK,ICICIGI,ICICIPRULI,IDBI,IDEA,IDFCFIRSTB,IEX,IFCI,IGIL,IGL,IIFL,IKS,INDGN,INDHOTEL,INDIACEM,INDIAMART,INDIANB,INDIGO,INDUSINDBK,INDUSTOWER,INFY,INOXINDIA,INOXWIND,INTELLECT,IOB,IOC,IPCALAB,IRB,IRCON,IRCTC,IREDA,IRFC,ITC,ITCHOTELS,ITI,J&KBANK,JBCHEPHARM,JBMA,JINDALSAW,JINDALSTEL,JIOFIN,JKCEMENT,JKTYRE,JMFINANCIL,JPPOWER,JSL,JSWCEMENT,JSWDULUX,JSWENERGY,JSWINFRA,JSWSTEEL,JUBLFOOD,JUBLINGREA,JUBLPHARMA,JWL,JYOTHYLAB,JYOTICNC,KAJARIACER,KALYANKJIL,KARURVYSYA,KAYNES,KEC,KEI,KFINTECH,KIMS,KIRLOSBROS,KIRLOSENG,KOTAKBANK,KPIL,KPITTECH,KPRMILL,KSB,LALPATHLAB,LATENTVIEW,LAURUSLABS,LEMONTREE,LICHSGFIN,LICI,LINDEINDIA,LLOYDSME,LODHA,LT,LTF,LTFOODS,LTM,LTTS,LUPIN,M&M,M&MFIN,MAHABANK,MAHSCOOTER,MAHSEAMLES,MANAPPURAM,MANKIND,MANYAVAR,MAPMYINDIA,MARICO,MARUTI,MAXHEALTH,MAZDOCK,MCX,MEDANTA,METROPOLIS,MFSL,MGL,MINDACORP,MMTC,MOTHERSON,MOTILALOFS,MPHASIS,MRF,MRPL,MSUMI,MUTHOOTFIN,NAM-INDIA,NATCOPHARM,NATIONALUM,NAUKRI,NAVA,NAVINFLUOR,NBCC,NCC,NESTLEIND,NETWEB,NEULANDLAB,NEWGEN,NH,NHPC,NIACL,NIVABUPA,NLCINDIA,NMDC,NSLNISP,NTPC,NTPCGREEN,NUVAMA,NUVOCO,NYKAA,OBEROIRLTY,OFSS,OIL,OLAELEC,OLECTRA,ONESOURCE,ONGC,PAGEIND,PATANJALI,PAYTM,PCBL,PERSISTENT,PETRONET,PFC,PFIZER,PGEL,PGHH,PHOENIXLTD,PIDILITIND,PIIND,PNB,PNBHOUSING,POLICYBZR,POLYCAB,POLYMED,POONAWALLA,POWERGRID,POWERINDIA,PPLPHARMA,PRAJIND,PREMIERENE,PRESTIGE,PTCIL,PVRINOX,RADICO,RAILTEL,RAINBOW,RAMCOCEM,RBLBANK,RCF,RECLTD,REDINGTON,RELIANCE,RELINFRA,RHIM,RITES,RKFORGE,RPOWER,RRKABEL,RVNL,SAGILITY,SAIL,SAILIFE,SAMMAANCAP,SAPPHIRE,SARDAEN,SAREGAMA,SBFC,SBICARD,SBILIFE,SBIN,SCHAEFFLER,SCHNEIDER,SCI,SHREECEM,SHRIRAMFIN,SHYAMMETL,SIEMENS,SIGNATURE,SJVN,SOBHA,SOLARINDS,SONACOMS,SONATSOFTW,SRF,STARHEALTH,SUMICHEM,SUNDARMFIN,SUNDRMFAST,SUNPHARMA,SUNTV,SUPREMEIND,SUZLON,SWANCORP,SWIGGY,SYNGENE,SYRMA,TARIL,TATACHEM,TATACOMM,TATACONSUM,TATAELXSI,TATAINVEST,TATAPOWER,TATASTEEL,TATATECH,TBOTEK,TCS,TECHM,TECHNOE,TEJASNET,THELEELA,THERMAX,TIINDIA,TIMKEN,TITAGARH,TITAN,TMPV,TORNTPHARM,TORNTPOWER,TRENT,TRIDENT,TRITURBINE,TRIVENI,TTML,TVSMOTOR,UBL,UCOBANK,ULTRACEMCO,UNIONBANK,UNITDSPR,UNOMINDA,UPL,USHAMART,UTIAMC,VBL,VEDL,VENTIVE,VGUARD,VIJAYA,VMM,VOLTAS,VTL,WAAREEENER,WELCORP,WELSPUNLIV,WHIRLPOOL,WIPRO,WOCKPHARMA,YESBANK,ZEEL,ZENSARTECH,ZENTEC,ZFCVINDIA,ZYDUSLIFE"
2026-03-31,"360ONE,3MINDIA,AADHARHFC,AARTIIND,AAVAS,ABB,ABBOTINDIA,ABCAPITAL,ABDL,ABFRL,ABLBL,ABREL,ABSLAMC,ACC,ACE,ACMESOLAR,ACUTAAS,ADANIENSOL,ADANIENT,ADANIGREEN,ADANIPORTS,ADANIPOWER,AEGISLOG,AEGISVOPAK,AFCONS,AFFLE,AIAENG,AIIL,AJANTPHARM,ALKEM,AMBER,AMBUJACEM,ANANDRATHI,ANANTRAJ,ANGELONE,ANTHEM,ANURAS,APARINDS,APLAPOLLO,APOLLOHOSP,APOLLOTYRE,APTUS,ARE&M,ASAHIINDIA,ASHOKLEY,ASIANPAINT,ASTERDM,ASTRAL,ATGL,ATHERENERG,ATUL,AUBANK,AUROPHARMA,AWL,AXISBANK,BAJAJ-AUTO,BAJAJFINSV,BAJAJHFL,BAJAJHLDNG,BAJFINANCE,BALKRISIND,BALRAMCHIN,BANDHANBNK,BANKBARODA,BANKINDIA,BATAINDIA,BAYERCROP,BBTC,BDL,BEL,BELRISE,BEML,BERGEPAINT,BHARATFORG,BHARTIARTL,BHARTIHEXA,BHEL,BIKAJI,BIOCON,BLS,BLUEDART,BLUEJET,BLUESTARCO,BOSCHLTD,BPCL,BRIGADE,BRITANNIA,BSE,BSOFT,CAMS,CANBK,CANFINHOME,CANHLIFE,CAPLIPOINT,CARBORUNIV,CARTRADE,CASTROLIND,CCL,CDSL,CEATLTD,CEMPRO,CENTRALBK,CESC,CGCL,CGPOWER,CHALET,CHAMBLFERT,CHENNPETRO,CHOICEIN,CHOLAFIN,CHOLAHLDNG,CIPLA,CLEAN,COALINDIA,COCHINSHIP,COFORGE,COHANCE,COLPAL,CONCOR,CONCORDBIO,COROMANDEL,CPPLUS,CRAFTSMAN,CREDITACC,CRISIL,CROMPTON,CUB,CUMMINSIND,CYIENT,DABUR,DALBHARAT,DATAPATTNS,DCMSHRIRAM,DEEPAKFERT,DEEPAKNTR,DELHIVERY,DEVYANI,DIVISLAB,DIXON,DLF,DMART,DOMS,DRREDDY,DUMMYHEG,ECLERX,EICHERMOT,EIDPARRY,EIHOTEL,ELECON,ELGIEQUIP,EMAMILTD,EMCURE,EMMVEE,ENDURANCE,ENGINERSIN,ENRIN,ERIS,ESCORTS,ETERNAL,EXIDEIND,FACT,FEDERALBNK,FINCABLES,FIRSTCRY,FIVESTAR,FLUOROCHEM,FORCEMOT,FORTIS,FSL,GABRIEL,GAIL,GALLANTT,GESHIP,GICRE,GILLETTE,GLAND,GLAXO,GLENMARK,GMDCLTD,GMRAIRPORT,GODFRYPHLP,GODIGIT,GODREJCP,GODREJIND,GODREJPROP,GPIL,GRANULES,GRAPHITE,GRASIM,GRAVITA,GROWW,GRSE,GSPL,GVT&D,HAL,HAVELLS,HBLENGINE,HCLTECH,HDBFS,HDFCAMC,HDFCBANK,HDFCLIFE,HEG,HEROMOTOCO,HEXT,HFCL,HINDALCO,HINDCOPPER,HINDPETRO,HINDUNILVR,HINDZINC,HOMEFIRST,HONASA,HONAUT,HSCL,HUDCO,HYUNDAI,ICICIAMC,ICICIBANK,ICICIGI,ICICIPRULI,IDBI,IDEA,IDFCFIRSTB,IEX,IFCI,IGIL,IGL,IIFL,IKS,INDGN,INDHOTEL,INDIACEM,INDIAMART,INDIANB,INDIGO,INDUSINDBK,INDUSTOWER,INFY,INOXWIND,INTELLECT,IOB,IOC,IPCALAB,IRB,IRCON,IRCTC,IREDA,IRFC,ITC,ITCHOTELS,ITI,J&KBANK,JAINREC,JBCHEPHARM,JBMA,JINDALSAW,JINDALSTEL,JIOFIN,JKCEMENT,JKTYRE,JMFINANCIL,JPPOWER,JSL,JSWCEMENT,JSWDULUX,JSWENERGY,JSWINFRA,JSWSTEEL,JUBLFOOD,JUBLINGREA,JUBLPHARMA,JWL,JYOTICNC,KAJARIACER,KALYANKJIL,KARURVYSYA,KAYNES,KEC,KEI,KFINTECH,KIMS,KIRLOSENG,KOTAKBANK,KPIL,KPITTECH,KPRMILL,LALPATHLAB,LATENTVIEW,LAURUSLABS,LEMONTREE,LENSKART,LGEINDIA,LICHSGFIN,LICI,LINDEINDIA,LLOYDSME,LODHA,LT,LTF,LTFOODS,LTM,LTTS,LUPIN,M&M,M&MFIN,MAHABANK,MANAPPURAM,MANKIND,MAPMYINDIA,MARICO,MARUTI,MAXHEALTH,MAZDOCK,MCX,MEDANTA,MEESHO,MFSL,MGL,MINDACORP,MMTC,MOTHERSON,MOTILALOFS,MPHASIS,MRF,MRPL,MSUMI,MUTHOOTFIN,NAM-INDIA,NATCOPHARM,NATIONALUM,NAUKRI,NAVA,NAVINFLUOR,NBCC,NCC,NESTLEIND,NETWEB,NEULANDLAB,NEWGEN,NH,NHPC,NIACL,NIVABUPA,NLCINDIA,NMDC,NSLNISP,NTPC,NTPCGREEN,NUVAMA,NUVOCO,NYKAA,OBEROIRLTY,OFSS,OIL,OLAELEC,OLECTRA,ONESOURCE,ONGC,PAGEIND,PARADEEP,PATANJALI,PAYTM,PCBL,PERSISTENT,PETRONET,PFC,PFIZER,PGEL,PHOENIXLTD,PIDILITIND,PIIND,PINELABS,PIRAMALFIN,PNB,PNBHOUSING,POLICYBZR,POLYCAB,POLYMED,POONAWALLA,POWERGRID,POWERINDIA,PPLPHARMA,PREMIERENE,PRESTIGE,PTCIL,PVRINOX,PWL,RADICO,RAILTEL,RAINBOW,RAMCOCEM,RBLBANK,RECLTD,REDINGTON,RELIANCE,RHIM,RITES,RKFORGE,RPOWER,RRKABEL,RVNL,SAGILITY,SAIL,SAILIFE,SAMMAANCAP,SAPPHIRE,SARDAEN,SAREGAMA,SBFC,SBICARD,SBILIFE,SBIN,SCHAEFFLER,SCHNEIDER,SCI,SHREECEM,SHRIRAMFIN,SHYAMMETL,SIEMENS,SIGNATURE,SJVN,SOBHA,SOLARINDS,SONACOMS,SONATSOFTW,SPLPETRO,SRF,STARHEALTH,SUMICHEM,SUNDARMFIN,SUNPHARMA,SUNTV,SUPREMEIND,SUZLON,SWANCORP,SWIGGY,SYNGENE,SYRMA,TARIL,TATACAP,TATACHEM,TATACOMM,TATACONSUM,TATAELXSI,TATAINVEST,TATAPOWER,TATASTEEL,TATATECH,TBOTEK,TCS,TECHM,TECHNOE,TEGA,TEJASNET,TENNIND,THELEELA,THERMAX,TIINDIA,TIMKEN,TITAGARH,TITAN,TMCV,TMPV,TORNTPHARM,TORNTPOWER,TRAVELFOOD,TRENT,TRIDENT,TRITURBINE,TTML,TVSMOTOR,UBL,UCOBANK,ULTRACEMCO,UNIONBANK,UNITDSPR,UNOMINDA,UPL,URBANCO,USHAMART,UTIAMC,VBL,VEDL,VIJAYA,VMM,VOLTAS,VTL,WAAREEENER,WELCORP,WELSPUNLIV,WHIRLPOOL,WIPRO,WOCKPHARMA,YESBANK,ZEEL,ZENSARTECH,ZENTEC,ZFCVINDIA,ZYDUSLIFE,ZYDUSWELL"
2026-04-30,"360ONE,3MINDIA,AADHARHFC,AARTIIND,AAVAS,ABB,ABBOTINDIA,ABCAPITAL,ABDL,ABFRL,ABLBL,ABREL,ABSLAMC,ACC,ACE,ACMESOLAR,ACUTAAS,ADANIENSOL,ADANIENT,ADANIGREEN,ADANIPORTS,ADANIPOWER,AEGISLOG,AEGISVOPAK,AFCONS,AFFLE,AIAENG,AIIL,AJANTPHARM,ALKEM,AMBER,AMBUJACEM,ANANDRATHI,ANANTRAJ,ANGELONE,ANTHEM,ANURAS,APARINDS,APLAPOLLO,APOLLOHOSP,APOLLOTYRE,APTUS,ARE&M,ASAHIINDIA,ASHOKLEY,ASIANPAINT,ASTERDM,ASTRAL,ATGL,ATHERENERG,ATUL,AUBANK,AUROPHARMA,AWL,AXISBANK,BAJAJ-AUTO,BAJAJFINSV,BAJAJHFL,BAJAJHLDNG,BAJFINANCE,BALKRISIND,BALRAMCHIN,BANDHANBNK,BANKBARODA,BANKINDIA,BATAINDIA,BAYERCROP,BBTC,BDL,BEL,BELRISE,BEML,BERGEPAINT,BHARATFORG,BHARTIARTL,BHARTIHEXA,BHEL,BIKAJI,BIOCON,BLS,BLUEDART,BLUEJET,BLUESTARCO,BOSCHLTD,BPCL,BRIGADE,BRITANNIA,BSE,BSOFT,CAMS,CANBK,CANFINHOME,CANHLIFE,CAPLIPOINT,CARBORUNIV,CARTRADE,CASTROLIND,CCL,CDSL,CEATLTD,CEMPRO,CENTRALBK,CESC,CGCL,CGPOWER,CHALET,CHAMBLFERT,CHENNPETRO,CHOICEIN,CHOLAFIN,CHOLAHLDNG,CIPLA,CLEAN,COALINDIA,COCHINSHIP,COFORGE,COHANCE,COLPAL,CONCOR,CONCORDBIO,COROMANDEL,CPPLUS,CRAFTSMAN,CREDITACC,CRISIL,CROMPTON,CUB,CUMMINSIND,CYIENT,DABUR,DALBHARAT,DATAPATTNS,DCMSHRIRAM,DEEPAKFERT,DEEPAKNTR,DELHIVERY,DEVYANI,DIVISLAB,DIXON,DLF,DMART,DOMS,DRREDDY,DUMMYHEG,ECLERX,EICHERMOT,EIDPARRY,EIHOTEL,ELECON,ELGIEQUIP,EMAMILTD,EMCURE,EMMVEE,ENDURANCE,ENGINERSIN,ENRIN,ERIS,ESCORTS,ETERNAL,EXIDEIND,FACT,FEDERALBNK,FINCABLES,FIRSTCRY,FIVESTAR,FLUOROCHEM,FORCEMOT,FORTIS,FSL,GABRIEL,GAIL,GALLANTT,GESHIP,GICRE,GILLETTE,GLAND,GLAXO,GLENMARK,GMDCLTD,GMRAIRPORT,GODFRYPHLP,GODIGIT,GODREJCP,GODREJIND,GODREJPROP,GPIL,GRANULES,GRAPHITE,GRASIM,GRAVITA,GROWW,GRSE,GSPL,GVT&D,HAL,HAVELLS,HBLENGINE,HCLTECH,HDBFS,HDFCAMC,HDFCBANK,HDFCLIFE,HEG,HEROMOTOCO,HEXT,HFCL,HINDALCO,HINDCOPPER,HINDPETRO,HINDUNILVR,HINDZINC,HOMEFIRST,HONASA,HONAUT,HSCL,HUDCO,HYUNDAI,ICICIAMC,ICICIBANK,ICICIGI,ICICIPRULI,IDBI,IDEA,IDFCFIRSTB,IEX,IFCI,IGIL,IGL,IIFL,IKS,INDGN,INDHOTEL,INDIACEM,INDIAMART,INDIANB,INDIGO,INDUSINDBK,INDUSTOWER,INFY,INOXWIND,INTELLECT,IOB,IOC,IPCALAB,IRB,IRCON,IRCTC,IREDA,IRFC,ITC,ITCHOTELS,ITI,J&KBANK,JAINREC,JBCHEPHARM,JBMA,JINDALSAW,JINDALSTEL,JIOFIN,JKCEMENT,JKTYRE,JMFINANCIL,JPPOWER,JSL,JSWCEMENT,JSWDULUX,JSWENERGY,JSWINFRA,JSWSTEEL,JUBLFOOD,JUBLINGREA,JUBLPHARMA,JWL,JYOTICNC,KAJARIACER,KALYANKJIL,KARURVYSYA,KAYNES,KEC,KEI,KFINTECH,KIMS,KIRLOSENG,KOTAKBANK,KPIL,KPITTECH,KPRMILL,LALPATHLAB,LATENTVIEW,LAURUSLABS,LEMONTREE,LENSKART,LGEINDIA,LICHSGFIN,LICI,LINDEINDIA,LLOYDSME,LODHA,LT,LTF,LTFOODS,LTM,LTTS,LUPIN,M&M,M&MFIN,MAHABANK,MANAPPURAM,MANKIND,MAPMYINDIA,MARICO,MARUTI,MAXHEALTH,MAZDOCK,MCX,MEDANTA,MEESHO,MFSL,MGL,MINDACORP,MMTC,MOTHERSON,MOTILALOFS,MPHASIS,MRF,MRPL,MSUMI,MUTHOOTFIN,NAM-INDIA,NATCOPHARM,NATIONALUM,NAUKRI,NAVA,NAVINFLUOR,NBCC,NCC,NESTLEIND,NETWEB,NEULANDLAB,NEWGEN,NH,NHPC,NIACL,NIVABUPA,NLCINDIA,NMDC,NSLNISP,NTPC,NTPCGREEN,NUVAMA,NUVOCO,NYKAA,OBEROIRLTY,OFSS,OIL,OLAELEC,OLECTRA,ONESOURCE,ONGC,PAGEIND,PARADEEP,PATANJALI,PAYTM,PCBL,PERSISTENT,PETRONET,PFC,PFIZER,PGEL,PHOENIXLTD,PIDILITIND,PIIND,PINELABS,PIRAMALFIN,PNB,PNBHOUSING,POLICYBZR,POLYCAB,POLYMED,POONAWALLA,POWERGRID,POWERINDIA,PPLPHARMA,PREMIERENE,PRESTIGE,PTCIL,PVRINOX,PWL,RADICO,RAILTEL,RAINBOW,RAMCOCEM,RBLBANK,RECLTD,REDINGTON,RELIANCE,RHIM,RITES,RKFORGE,RPOWER,RRKABEL,RVNL,SAGILITY,SAIL,SAILIFE,SAMMAANCAP,SAPPHIRE,SARDAEN,SAREGAMA,SBFC,SBICARD,SBILIFE,SBIN,SCHAEFFLER,SCHNEIDER,SCI,SHREECEM,SHRIRAMFIN,SHYAMMETL,SIEMENS,SIGNATURE,SJVN,SOBHA,SOLARINDS,SONACOMS,SONATSOFTW,SPLPETRO,SRF,STARHEALTH,SUMICHEM,SUNDARMFIN,SUNPHARMA,SUNTV,SUPREMEIND,SUZLON,SWANCORP,SWIGGY,SYNGENE,SYRMA,TARIL,TATACAP,TATACHEM,TATACOMM,TATACONSUM,TATAELXSI,TATAINVEST,TATAPOWER,TATASTEEL,TATATECH,TBOTEK,TCS,TECHM,TECHNOE,TEGA,TEJASNET,TENNIND,THELEELA,THERMAX,TIINDIA,TIMKEN,TITAGARH,TITAN,TMCV,TMPV,TORNTPHARM,TORNTPOWER,TRAVELFOOD,TRENT,TRIDENT,TRITURBINE,TTML,TVSMOTOR,UBL,UCOBANK,ULTRACEMCO,UNIONBANK,UNITDSPR,UNOMINDA,UPL,URBANCO,USHAMART,UTIAMC,VBL,VEDL,VIJAYA,VMM,VOLTAS,VTL,WAAREEENER,WELCORP,WELSPUNLIV,WHIRLPOOL,WIPRO,WOCKPHARMA,YESBANK,ZEEL,ZENSARTECH,ZENTEC,ZFCVINDIA,ZYDUSLIFE,ZYDUSWELL"
2026-05-31,"360ONE,3MINDIA,AADHARHFC,AARTIIND,AAVAS,ABB,ABBOTINDIA,ABCAPITAL,ABDL,ABFRL,ABLBL,ABREL,ABSLAMC,ACC,ACE,ACMESOLAR,ACUTAAS,ADANIENSOL,ADANIENT,ADANIGREEN,ADANIPORTS,ADANIPOWER,AEGISLOG,AEGISVOPAK,AFCONS,AFFLE,AIAENG,AIIL,AJANTPHARM,ALKEM,AMBER,AMBUJACEM,ANANDRATHI,ANANTRAJ,ANGELONE,ANTHEM,ANURAS,APARINDS,APLAPOLLO,APOLLOHOSP,APOLLOTYRE,APTUS,ARE&M,ASAHIINDIA,ASHOKLEY,ASIANPAINT,ASTERDM,ASTRAL,ATGL,ATHERENERG,ATUL,AUBANK,AUROPHARMA,AWL,AXISBANK,BAJAJ-AUTO,BAJAJFINSV,BAJAJHFL,BAJAJHLDNG,BAJFINANCE,BALKRISIND,BALRAMCHIN,BANDHANBNK,BANKBARODA,BANKINDIA,BATAINDIA,BAYERCROP,BBTC,BDL,BEL,BELRISE,BEML,BERGEPAINT,BHARATFORG,BHARTIARTL,BHARTIHEXA,BHEL,BIKAJI,BIOCON,BLS,BLUEDART,BLUEJET,BLUESTARCO,BOSCHLTD,BPCL,BRIGADE,BRITANNIA,BSE,BSOFT,CAMS,CANBK,CANFINHOME,CANHLIFE,CAPLIPOINT,CARBORUNIV,CARTRADE,CASTROLIND,CCL,CDSL,CEATLTD,CEMPRO,CENTRALBK,CESC,CGCL,CGPOWER,CHALET,CHAMBLFERT,CHENNPETRO,CHOICEIN,CHOLAFIN,CHOLAHLDNG,CIEINDIA,CIPLA,CLEAN,COALINDIA,COCHINSHIP,COFORGE,COHANCE,COLPAL,CONCOR,CONCORDBIO,COROMANDEL,CPPLUS,CRAFTSMAN,CREDITACC,CRISIL,CROMPTON,CUB,CUMMINSIND,CYIENT,DABUR,DALBHARAT,DATAPATTNS,DCMSHRIRAM,DEEPAKFERT,DEEPAKNTR,DELHIVERY,DEVYANI,DIVISLAB,DIXON,DLF,DMART,DOMS,DRREDDY,DUMMYHEG,ECLERX,EICHERMOT,EIDPARRY,EIHOTEL,ELECON,ELGIEQUIP,EMAMILTD,EMCURE,EMMVEE,ENDURANCE,ENGINERSIN,ENRIN,ERIS,ESCORTS,ETERNAL,EXIDEIND,FACT,FEDERALBNK,FINCABLES,FIRSTCRY,FIVESTAR,FLUOROCHEM,FORCEMOT,FORTIS,FSL,GABRIEL,GAIL,GALLANTT,GESHIP,GICRE,GILLETTE,GLAND,GLAXO,GLENMARK,GMDCLTD,GMRAIRPORT,GODFRYPHLP,GODIGIT,GODREJCP,GODREJIND,GODREJPROP,GPIL,GRANULES,GRAPHITE,GRASIM,GRAVITA,GROWW,GRSE,GVT&D,HAL,HAVELLS,HBLENGINE,HCLTECH,HDBFS,HDFCAMC,HDFCBANK,HDFCLIFE,HEG,HEROMOTOCO,HEXT,HFCL,HINDALCO,HINDCOPPER,HINDPETRO,HINDUNILVR,HINDZINC,HOMEFIRST,HONASA,HONAUT,HSCL,HUDCO,HYUNDAI,ICICIAMC,ICICIBANK,ICICIGI,ICICIPRULI,IDBI,IDEA,IDFCFIRSTB,IEX,IFCI,IGIL,IGL,IIFL,IKS,INDGN,INDHOTEL,INDIACEM,INDIAMART,INDIANB,INDIGO,INDUSINDBK,INDUSTOWER,INFY,INOXWIND,INTELLECT,IOB,IOC,IPCALAB,IRB,IRCON,IRCTC,IREDA,IRFC,ITC,ITCHOTELS,ITI,J&KBANK,JAINREC,JBCHEPHARM,JBMA,JINDALSAW,JINDALSTEL,JIOFIN,JKCEMENT,JKTYRE,JMFINANCIL,JPPOWER,JSL,JSWCEMENT,JSWDULUX,JSWENERGY,JSWINFRA,JSWSTEEL,JUBLFOOD,JUBLINGREA,JUBLPHARMA,JWL,JYOTICNC,KAJARIACER,KALYANKJIL,KARURVYSYA,KAYNES,KEC,KEI,KFINTECH,KIMS,KIRLOSENG,KOTAKBANK,KPIL,KPITTECH,KPRMILL,LALPATHLAB,LATENTVIEW,LAURUSLABS,LEMONTREE,LENSKART,LGEINDIA,LICHSGFIN,LICI,LINDEINDIA,LLOYDSME,LODHA,LT,LTF,LTFOODS,LTM,LTTS,LUPIN,M&M,M&MFIN,MAHABANK,MANAPPURAM,MANKIND,MAPMYINDIA,MARICO,MARUTI,MAXHEALTH,MAZDOCK,MCX,MEDANTA,MEESHO,MFSL,MGL,MINDACORP,MMTC,MOTHERSON,MOTILALOFS,MPHASIS,MRF,MRPL,MSUMI,MUTHOOTFIN,NAM-INDIA,NATCOPHARM,NATIONALUM,NAUKRI,NAVA,NAVINFLUOR,NBCC,NCC,NESTLEIND,NETWEB,NEULANDLAB,NEWGEN,NH,NHPC,NIACL,NIVABUPA,NLCINDIA,NMDC,NSLNISP,NTPC,NTPCGREEN,NUVAMA,NUVOCO,NYKAA,OBEROIRLTY,OFSS,OIL,OLAELEC,OLECTRA,ONESOURCE,ONGC,PAGEIND,PARADEEP,PATANJALI,PAYTM,PCBL,PERSISTENT,PETRONET,PFC,PFIZER,PGEL,PHOENIXLTD,PIDILITIND,PIIND,PINELABS,PIRAMALFIN,PNB,PNBHOUSING,POLICYBZR,POLYCAB,POLYMED,POONAWALLA,POWERGRID,POWERINDIA,PPLPHARMA,PREMIERENE,PRESTIGE,PTCIL,PVRINOX,PWL,RADICO,RAILTEL,RAINBOW,RAMCOCEM,RBLBANK,RECLTD,REDINGTON,RELIANCE,RHIM,RITES,RKFORGE,RPOWER,RRKABEL,RVNL,SAGILITY,SAIL,SAILIFE,SAMMAANCAP,SAPPHIRE,SARDAEN,SAREGAMA,SBFC,SBICARD,SBILIFE,SBIN,SCHAEFFLER,SCHNEIDER,SCI,SHREECEM,SHRIRAMFIN,SHYAMMETL,SIEMENS,SIGNATURE,SJVN,SOBHA,SOLARINDS,SONACOMS,SONATSOFTW,SPLPETRO,SRF,STARHEALTH,SUMICHEM,SUNDARMFIN,SUNPHARMA,SUNTV,SUPREMEIND,SUZLON,SWANCORP,SWIGGY,SYNGENE,SYRMA,TARIL,TATACAP,TATACHEM,TATACOMM,TATACONSUM,TATAELXSI,TATAINVEST,TATAPOWER,TATASTEEL,TATATECH,TBOTEK,TCS,TECHM,TECHNOE,TEGA,TEJASNET,TENNIND,THELEELA,THERMAX,TIINDIA,TIMKEN,TITAGARH,TITAN,TMCV,TMPV,TORNTPHARM,TORNTPOWER,TRAVELFOOD,TRENT,TRIDENT,TRITURBINE,TTML,TVSMOTOR,UBL,UCOBANK,ULTRACEMCO,UNIONBANK,UNITDSPR,UNOMINDA,UPL,URBANCO,USHAMART,UTIAMC,VBL,VEDL,VIJAYA,VMM,VOLTAS,VTL,WAAREEENER,WELCORP,WELSPUNLIV,WHIRLPOOL,WIPRO,WOCKPHARMA,YESBANK,ZEEL,ZENSARTECH,ZENTEC,ZFCVINDIA,ZYDUSLIFE,ZYDUSWELL"
2026-06-30,"360ONE,3MINDIA,AADHARHFC,AARTIIND,AAVAS,ABB,ABBOTINDIA,ABCAPITAL,ABDL,ABFRL,ABLBL,ABREL,ABSLAMC,ACC,ACE,ACMESOLAR,ACUTAAS,ADANIENSOL,ADANIENT,ADANIGREEN,ADANIPORTS,ADANIPOWER,AEGISLOG,AEGISVOPAK,AFCONS,AFFLE,AIAENG,AIIL,AJANTPHARM,ALKEM,AMBER,AMBUJACEM,ANANDRATHI,ANANTRAJ,ANGELONE,ANTHEM,ANURAS,APARINDS,APLAPOLLO,APOLLOHOSP,APOLLOTYRE,APTUS,ARE&M,ASAHIINDIA,ASHOKLEY,ASIANPAINT,ASTERDM,ASTRAL,ATGL,ATHERENERG,ATUL,AUBANK,AUROPHARMA,AWL,AXISBANK,BAJAJ-AUTO,BAJAJFINSV,BAJAJHFL,BAJAJHLDNG,BAJFINANCE,BALKRISIND,BALRAMCHIN,BANDHANBNK,BANKBARODA,BANKINDIA,BATAINDIA,BAYERCROP,BBTC,BDL,BEL,BELRISE,BEML,BERGEPAINT,BHARATFORG,BHARTIARTL,BHARTIHEXA,BHEL,BIKAJI,BIOCON,BLS,BLUEDART,BLUEJET,BLUESTARCO,BOSCHLTD,BPCL,BRIGADE,BRITANNIA,BSE,BSOFT,CAMS,CANBK,CANFINHOME,CANHLIFE,CAPLIPOINT,CARBORUNIV,CARTRADE,CASTROLIND,CCL,CDSL,CEATLTD,CEMPRO,CENTRALBK,CESC,CGCL,CGPOWER,CHALET,CHAMBLFERT,CHENNPETRO,CHOICEIN,CHOLAFIN,CHOLAHLDNG,CIEINDIA,CIPLA,CLEAN,COALINDIA,COCHINSHIP,COFORGE,COHANCE,COLPAL,CONCOR,CONCORDBIO,COROMANDEL,CPPLUS,CRAFTSMAN,CREDITACC,CRISIL,CROMPTON,CUB,CUMMINSIND,CYIENT,DABUR,DALBHARAT,DATAPATTNS,DCMSHRIRAM,DEEPAKFERT,DEEPAKNTR,DELHIVERY,DEVYANI,DIVISLAB,DIXON,DLF,DMART,DOMS,DRREDDY,DUMMYHEG,ECLERX,EICHERMOT,EIDPARRY,EIHOTEL,ELECON,ELGIEQUIP,EMAMILTD,EMCURE,EMMVEE,ENDURANCE,ENGINERSIN,ENRIN,ERIS,ESCORTS,ETERNAL,EXIDEIND,FACT,FEDERALBNK,FINCABLES,FIRSTCRY,FIVESTAR,FLUOROCHEM,FORCEMOT,FORTIS,FSL,GABRIEL,GAIL,GALLANTT,GESHIP,GICRE,GILLETTE,GLAND,GLAXO,GLENMARK,GMDCLTD,GMRAIRPORT,GODFRYPHLP,GODIGIT,GODREJCP,GODREJIND,GODREJPROP,GPIL,GRANULES,GRAPHITE,GRASIM,GRAVITA,GROWW,GRSE,GVT&D,HAL,HAVELLS,HBLENGINE,HCLTECH,HDBFS,HDFCAMC,HDFCBANK,HDFCLIFE,HEG,HEROMOTOCO,HEXT,HFCL,HINDALCO,HINDCOPPER,HINDPETRO,HINDUNILVR,HINDZINC,HOMEFIRST,HONASA,HONAUT,HSCL,HUDCO,HYUNDAI,ICICIAMC,ICICIBANK,ICICIGI,ICICIPRULI,IDBI,IDEA,IDFCFIRSTB,IEX,IFCI,IGIL,IGL,IIFL,IKS,INDGN,INDHOTEL,INDIACEM,INDIAMART,INDIANB,INDIGO,INDUSINDBK,INDUSTOWER,INFY,INOXWIND,INTELLECT,IOB,IOC,IPCALAB,IRB,IRCON,IRCTC,IREDA,IRFC,ITC,ITCHOTELS,ITI,J&KBANK,JAINREC,JBCHEPHARM,JBMA,JINDALSAW,JINDALSTEL,JIOFIN,JKCEMENT,JKTYRE,JMFINANCIL,JPPOWER,JSL,JSWCEMENT,JSWDULUX,JSWENERGY,JSWINFRA,JSWSTEEL,JUBLFOOD,JUBLINGREA,JUBLPHARMA,JWL,JYOTICNC,KAJARIACER,KALYANKJIL,KARURVYSYA,KAYNES,KEC,KEI,KFINTECH,KIMS,KIRLOSENG,KOTAKBANK,KPIL,KPITTECH,KPRMILL,LALPATHLAB,LATENTVIEW,LAURUSLABS,LEMONTREE,LENSKART,LGEINDIA,LICHSGFIN,LICI,LINDEINDIA,LLOYDSME,LODHA,LT,LTF,LTFOODS,LTM,LTTS,LUPIN,M&M,M&MFIN,MAHABANK,MANAPPURAM,MANKIND,MAPMYINDIA,MARICO,MARUTI,MAXHEALTH,MAZDOCK,MCX,MEDANTA,MEESHO,MFSL,MGL,MINDACORP,MMTC,MOTHERSON,MOTILALOFS,MPHASIS,MRF,MRPL,MSUMI,MUTHOOTFIN,NAM-INDIA,NATCOPHARM,NATIONALUM,NAUKRI,NAVA,NAVINFLUOR,NBCC,NCC,NESTLEIND,NETWEB,NEULANDLAB,NEWGEN,NH,NHPC,NIACL,NIVABUPA,NLCINDIA,NMDC,NSLNISP,NTPC,NTPCGREEN,NUVAMA,NUVOCO,NYKAA,OBEROIRLTY,OFSS,OIL,OLAELEC,OLECTRA,ONESOURCE,ONGC,PAGEIND,PARADEEP,PATANJALI,PAYTM,PCBL,PERSISTENT,PETRONET,PFC,PFIZER,PGEL,PHOENIXLTD,PIDILITIND,PIIND,PINELABS,PIRAMALFIN,PNB,PNBHOUSING,POLICYBZR,POLYCAB,POLYMED,POONAWALLA,POWERGRID,POWERINDIA,PPLPHARMA,PREMIERENE,PRESTIGE,PTCIL,PVRINOX,PWL,RADICO,RAILTEL,RAINBOW,RAMCOCEM,RBLBANK,RECLTD,REDINGTON,RELIANCE,RHIM,RITES,RKFORGE,RPOWER,RRKABEL,RVNL,SAGILITY,SAIL,SAILIFE,SAMMAANCAP,SAPPHIRE,SARDAEN,SAREGAMA,SBFC,SBICARD,SBILIFE,SBIN,SCHAEFFLER,SCHNEIDER,SCI,SHREECEM,SHRIRAMFIN,SHYAMMETL,SIEMENS,SIGNATURE,SJVN,SOBHA,SOLARINDS,SONACOMS,SONATSOFTW,SPLPETRO,SRF,STARHEALTH,SUMICHEM,SUNDARMFIN,SUNPHARMA,SUNTV,SUPREMEIND,SUZLON,SWANCORP,SWIGGY,SYNGENE,SYRMA,TARIL,TATACAP,TATACHEM,TATACOMM,TATACONSUM,TATAELXSI,TATAINVEST,TATAPOWER,TATASTEEL,TATATECH,TBOTEK,TCS,TECHM,TECHNOE,TEGA,TEJASNET,TENNIND,THELEELA,THERMAX,TIINDIA,TIMKEN,TITAGARH,TITAN,TMCV,TMPV,TORNTPHARM,TORNTPOWER,TRAVELFOOD,TRENT,TRIDENT,TRITURBINE,TTML,TVSMOTOR,UBL,UCOBANK,ULTRACEMCO,UNIONBANK,UNITDSPR,UNOMINDA,UPL,URBANCO,USHAMART,UTIAMC,VBL,VEDL,VIJAYA,VMM,VOLTAS,VTL,WAAREEENER,WELCORP,WELSPUNLIV,WHIRLPOOL,WIPRO,WOCKPHARMA,YESBANK,ZEEL,ZENSARTECH,ZENTEC,ZFCVINDIA,ZYDUSLIFE,ZYDUSWELL"
2026-07-31,"360ONE,3MINDIA,AADHARHFC,AARTIIND,AAVAS,ABB,ABBOTINDIA,ABCAPITAL,ABDL,ABFRL,ABLBL,ABREL,ABSLAMC,ACC,ACE,ACMESOLAR,ACUTAAS,ADANIENSOL,ADANIENT,ADANIGREEN,ADANIPORTS,ADANIPOWER,AEGISLOG,AEGISVOPAK,AFCONS,AFFLE,AIAENG,AIIL,AJANTPHARM,ALKEM,AMBER,AMBUJACEM,ANANDRATHI,ANANTRAJ,ANGELONE,ANTHEM,ANURAS,APARINDS,APLAPOLLO,APOLLOHOSP,APOLLOTYRE,APTUS,ARE&M,ASAHIINDIA,ASHOKLEY,ASIANPAINT,ASTERDM,ASTRAL,ATGL,ATHERENERG,ATUL,AUBANK,AUROPHARMA,AWL,AXISBANK,BAJAJ-AUTO,BAJAJFINSV,BAJAJHFL,BAJAJHLDNG,BAJFINANCE,BALKRISIND,BALRAMCHIN,BANDHANBNK,BANKBARODA,BANKINDIA,BATAINDIA,BAYERCROP,BBTC,BDL,BEL,BELRISE,BEML,BERGEPAINT,BHARATFORG,BHARTIARTL,BHARTIHEXA,BHEL,BIKAJI,BIOCON,BLS,BLUEDART,BLUEJET,BLUESTARCO,BOSCHLTD,BPCL,BRIGADE,BRITANNIA,BSE,BSOFT,CAMS,CANBK,CANFINHOME,CANHLIFE,CAPLIPOINT,CARBORUNIV,CARTRADE,CASTROLIND,CCL,CDSL,CEATLTD,CEMPRO,CENTRALBK,CESC,CGCL,CGPOWER,CHALET,CHAMBLFERT,CHENNPETRO,CHOICEIN,CHOLAFIN,CHOLAHLDNG,CIEINDIA,CIPLA,CLEAN,COALINDIA,COCHINSHIP,COFORGE,COHANCE,COLPAL,CONCOR,CONCORDBIO,COROMANDEL,CPPLUS,CRAFTSMAN,CREDITACC,CRISIL,CROMPTON,CUB,CUMMINSIND,CYIENT,DABUR,DALBHARAT,DATAPATTNS,DCMSHRIRAM,DEEPAKFERT,DEEPAKNTR,DELHIVERY,DEVYANI,DIVISLAB,DIXON,DLF,DMART,DOMS,DRREDDY,DUMMYHEG,ECLERX,EICHERMOT,EIDPARRY,EIHOTEL,ELECON,ELGIEQUIP,EMAMILTD,EMCURE,EMMVEE,ENDURANCE,ENGINERSIN,ENRIN,ERIS,ESCORTS,ETERNAL,EXIDEIND,FACT,FEDERALBNK,FINCABLES,FIRSTCRY,FIVESTAR,FLUOROCHEM,FORCEMOT,FORTIS,FSL,GABRIEL,GAIL,GALLANTT,GESHIP,GICRE,GILLETTE,GLAND,GLAXO,GLENMARK,GMDCLTD,GMRAIRPORT,GODFRYPHLP,GODIGIT,GODREJCP,GODREJIND,GODREJPROP,GPIL,GRANULES,GRAPHITE,GRASIM,GRAVITA,GROWW,GRSE,GVT&D,HAL,HAVELLS,HBLENGINE,HCLTECH,HDBFS,HDFCAMC,HDFCBANK,HDFCLIFE,HEG,HEROMOTOCO,HEXT,HFCL,HINDALCO,HINDCOPPER,HINDPETRO,HINDUNILVR,HINDZINC,HOMEFIRST,HONASA,HONAUT,HSCL,HUDCO,HYUNDAI,ICICIAMC,ICICIBANK,ICICIGI,ICICIPRULI,IDBI,IDEA,IDFCFIRSTB,IEX,IFCI,IGIL,IGL,IIFL,IKS,INDGN,INDHOTEL,INDIACEM,INDIAMART,INDIANB,INDIGO,INDUSINDBK,INDUSTOWER,INFY,INOXWIND,INTELLECT,IOB,IOC,IPCALAB,IRB,IRCON,IRCTC,IREDA,IRFC,ITC,ITCHOTELS,ITI,J&KBANK,JAINREC,JBMA,JINDALSAW,JINDALSTEL,JIOFIN,JKCEMENT,JKTYRE,JMFINANCIL,JPPOWER,JSL,JSWCEMENT,JSWDULUX,JSWENERGY,JSWINFRA,JSWSTEEL,JUBLFOOD,JUBLINGREA,JUBLPHARMA,JWL,JYOTICNC,KAJARIACER,KALYANKJIL,KARURVYSYA,KAYNES,KEC,KEI,KFINTECH,KIMS,KIRLOSENG,KOTAKBANK,KPIL,KPITTECH,KPRMILL,LALPATHLAB,LATENTVIEW,LAURUSLABS,LEMONTREE,LENSKART,LGEINDIA,LICHSGFIN,LICI,LINDEINDIA,LLOYDSME,LODHA,LT,LTF,LTFOODS,LTM,LTTS,LUPIN,M&M,M&MFIN,MAHABANK,MANAPPURAM,MANKIND,MAPMYINDIA,MARICO,MARUTI,MAXHEALTH,MAZDOCK,MCX,MEDANTA,MEESHO,MFSL,MGL,MINDACORP,MMTC,MOTHERSON,MOTILALOFS,MPHASIS,MRF,MRPL,MSUMI,MUTHOOTFIN,NAM-INDIA,NATCOPHARM,NATIONALUM,NAUKRI,NAVA,NAVINFLUOR,NBCC,NCC,NESTLEIND,NETWEB,NEULANDLAB,NEWGEN,NH,NHPC,NIACL,NIVABUPA,NLCINDIA,NMDC,NSLNISP,NTPC,NTPCGREEN,NUVAMA,NUVOCO,NYKAA,OBEROIRLTY,OFSS,OIL,OLAELEC,OLECTRA,ONESOURCE,ONGC,PAGEIND,PARADEEP,PATANJALI,PAYTM,PCBL,PERSISTENT,PETRONET,PFC,PFIZER,PFOCUS,PGEL,PHOENIXLTD,PIDILITIND,PIIND,PINELABS,PIRAMALFIN,PNB,PNBHOUSING,POLICYBZR,POLYCAB,POLYMED,POONAWALLA,POWERGRID,POWERINDIA,PPLPHARMA,PREMIERENE,PRESTIGE,PTCIL,PVRINOX,PWL,RADICO,RAILTEL,RAINBOW,RAMCOCEM,RBLBANK,RECLTD,REDINGTON,RELIANCE,RHIM,RITES,RKFORGE,RPOWER,RRKABEL,RVNL,SAGILITY,SAIL,SAILIFE,SAMMAANCAP,SAPPHIRE,SARDAEN,SAREGAMA,SBFC,SBICARD,SBILIFE,SBIN,SCHAEFFLER,SCHNEIDER,SCI,SHREECEM,SHRIRAMFIN,SHYAMMETL,SIEMENS,SIGNATURE,SJVN,SOBHA,SOLARINDS,SONACOMS,SONATSOFTW,SPLPETRO,SRF,STARHEALTH,SUMICHEM,SUNDARMFIN,SUNPHARMA,SUNTV,SUPREMEIND,SUZLON,SWANCORP,SWIGGY,SYNGENE,SYRMA,TARIL,TATACAP,TATACHEM,TATACOMM,TATACONSUM,TATAELXSI,TATAINVEST,TATAPOWER,TATASTEEL,TATATECH,TBOTEK,TCS,TECHM,TECHNOE,TEGA,TEJASNET,TENNIND,THELEELA,THERMAX,TIINDIA,TIMKEN,TITAGARH,TITAN,TMCV,TMPV,TORNTPHARM,TORNTPOWER,TRAVELFOOD,TRENT,TRIDENT,TRITURBINE,TTML,TVSMOTOR,UBL,UCOBANK,ULTRACEMCO,UNIONBANK,UNITDSPR,UNOMINDA,UPL,URBANCO,USHAMART,UTIAMC,VBL,VEDL,VIJAYA,VMM,VOLTAS,VTL,WAAREEENER,WELCORP,WELSPUNLIV,WHIRLPOOL,WIPRO,WOCKPHARMA,YESBANK,ZEEL,ZENSARTECH,ZENTEC,ZFCVINDIA,ZYDUSLIFE,ZYDUSWELL"
2026-08-31,"360ONE,3MINDIA,AADHARHFC,AARTIIND,AAVAS,ABB,ABBOTINDIA,ABCAPITAL,ABDL,ABFRL,ABLBL,ABREL,ABSLAMC,ACC,ACE,ACMESOLAR,ACUTAAS,ADANIENSOL,ADANIENT,ADANIGREEN,ADANIPORTS,ADANIPOWER,AEGISLOG,AEGISVOPAK,AFCONS,AFFLE,AIAENG,AIIL,AJANTPHARM,ALKEM,AMBER,AMBUJACEM,ANANDRATHI,ANANTRAJ,ANGELONE,ANTHEM,ANURAS,APARINDS,APLAPOLLO,APOLLOHOSP,APOLLOTYRE,APTUS,ARE&M,ASAHIINDIA,ASHOKLEY,ASIANPAINT,ASTERDM,ASTRAL,ATGL,ATHERENERG,ATUL,AUBANK,AUROPHARMA,AWL,AXISBANK,BAJAJ-AUTO,BAJAJFINSV,BAJAJHFL,BAJAJHLDNG,BAJFINANCE,BALKRISIND,BALRAMCHIN,BANDHANBNK,BANKBARODA,BANKINDIA,BATAINDIA,BAYERCROP,BBTC,BDL,BEL,BELRISE,BEML,BERGEPAINT,BHARATFORG,BHARTIARTL,BHARTIHEXA,BHEL,BIKAJI,BIOCON,BLS,BLUEDART,BLUEJET,BLUESTARCO,BOSCHLTD,BPCL,BRIGADE,BRITANNIA,BSE,BSOFT,CAMS,CANBK,CANFINHOME,CANHLIFE,CAPLIPOINT,CARBORUNIV,CARTRADE,CASTROLIND,CCL,CDSL,CEATLTD,CEMPRO,CENTRALBK,CESC,CGCL,CGPOWER,CHALET,CHAMBLFERT,CHENNPETRO,CHOICEIN,CHOLAFIN,CHOLAHLDNG,CIEINDIA,CIPLA,CLEAN,COALINDIA,COCHINSHIP,COFORGE,COHANCE,COLPAL,CONCOR,CONCORDBIO,COROMANDEL,CPPLUS,CRAFTSMAN,CREDITACC,CRISIL,CROMPTON,CUB,CUMMINSIND,CYIENT,DABUR,DALBHARAT,DATAPATTNS,DCMSHRIRAM,DEEPAKFERT,DEEPAKNTR,DELHIVERY,DEVYANI,DIVISLAB,DIXON,DLF,DMART,DOMS,DRREDDY,DUMMYHEG,ECLERX,EICHERMOT,EIDPARRY,EIHOTEL,ELECON,ELGIEQUIP,EMAMILTD,EMCURE,EMMVEE,ENDURANCE,ENGINERSIN,ENRIN,ERIS,ESCORTS,ETERNAL,EXIDEIND,FACT,FEDERALBNK,FINCABLES,FIRSTCRY,FIVESTAR,FLUOROCHEM,FORCEMOT,FORTIS,FSL,GABRIEL,GAIL,GALLANTT,GESHIP,GICRE,GILLETTE,GLAND,GLAXO,GLENMARK,GMDCLTD,GMRAIRPORT,GODFRYPHLP,GODIGIT,GODREJCP,GODREJIND,GODREJPROP,GPIL,GRANULES,GRAPHITE,GRASIM,GRAVITA,GROWW,GRSE,GVT&D,HAL,HAVELLS,HBLENGINE,HCLTECH,HDBFS,HDFCAMC,HDFCBANK,HDFCLIFE,HEG,HEROMOTOCO,HEXT,HFCL,HINDALCO,HINDCOPPER,HINDPETRO,HINDUNILVR,HINDZINC,HOMEFIRST,HONASA,HONAUT,HSCL,HUDCO,HYUNDAI,ICICIAMC,ICICIBANK,ICICIGI,ICICIPRULI,IDBI,IDEA,IDFCFIRSTB,IEX,IFCI,IGIL,IGL,IIFL,IKS,INDGN,INDHOTEL,INDIACEM,INDIAMART,INDIANB,INDIGO,INDUSINDBK,INDUSTOWER,INFY,INOXWIND,INTELLECT,IOB,IOC,IPCALAB,IRB,IRCON,IRCTC,IREDA,IRFC,ITC,ITCHOTELS,ITI,J&KBANK,JAINREC,JBMA,JINDALSAW,JINDALSTEL,JIOFIN,JKCEMENT,JKTYRE,JMFINANCIL,JPPOWER,JSL,JSWCEMENT,JSWDULUX,JSWENERGY,JSWINFRA,JSWSTEEL,JUBLFOOD,JUBLINGREA,JUBLPHARMA,JWL,JYOTICNC,KAJARIACER,KALYANKJIL,KARURVYSYA,KAYNES,KEC,KEI,KFINTECH,KIMS,KIRLOSENG,KOTAKBANK,KPIL,KPITTECH,KPRMILL,LALPATHLAB,LATENTVIEW,LAURUSLABS,LEMONTREE,LENSKART,LGEINDIA,LICHSGFIN,LICI,LINDEINDIA,LLOYDSME,LODHA,LT,LTF,LTFOODS,LTM,LTTS,LUPIN,M&M,M&MFIN,MAHABANK,MANAPPURAM,MANKIND,MAPMYINDIA,MARICO,MARUTI,MAXHEALTH,MAZDOCK,MCX,MEDANTA,MEESHO,MFSL,MGL,MINDACORP,MMTC,MOTHERSON,MOTILALOFS,MPHASIS,MRF,MRPL,MSUMI,MUTHOOTFIN,NAM-INDIA,NATCOPHARM,NATIONALUM,NAUKRI,NAVA,NAVINFLUOR,NBCC,NCC,NESTLEIND,NETWEB,NEULANDLAB,NEWGEN,NH,NHPC,NIACL,NIVABUPA,NLCINDIA,NMDC,NSLNISP,NTPC,NTPCGREEN,NUVAMA,NUVOCO,NYKAA,OBEROIRLTY,OFSS,OIL,OLAELEC,OLECTRA,ONESOURCE,ONGC,PAGEIND,PARADEEP,PATANJALI,PAYTM,PCBL,PERSISTENT,PETRONET,PFC,PFIZER,PFOCUS,PGEL,PHOENIXLTD,PIDILITIND,PIIND,PINELABS,PIRAMALFIN,PNB,PNBHOUSING,POLICYBZR,POLYCAB,POLYMED,POONAWALLA,POWERGRID,POWERINDIA,PPLPHARMA,PREMIERENE,PRESTIGE,PTCIL,PVRINOX,PWL,RADICO,RAILTEL,RAINBOW,RAMCOCEM,RBLBANK,RECLTD,REDINGTON,RELIANCE,RHIM,RITES,RKFORGE,RPOWER,RRKABEL,RVNL,SAGILITY,SAIL,SAILIFE,SAMMAANCAP,SAPPHIRE,SARDAEN,SAREGAMA,SBFC,SBICARD,SBILIFE,SBIN,SCHAEFFLER,SCHNEIDER,SCI,SHREECEM,SHRIRAMFIN,SHYAMMETL,SIEMENS,SIGNATURE,SJVN,SOBHA,SOLARINDS,SONACOMS,SONATSOFTW,SPLPETRO,SRF,STARHEALTH,SUMICHEM,SUNDARMFIN,SUNPHARMA,SUNTV,SUPREMEIND,SUZLON,SWANCORP,SWIGGY,SYNGENE,SYRMA,TARIL,TATACAP,TATACHEM,TATACOMM,TATACONSUM,TATAELXSI,TATAINVEST,TATAPOWER,TATASTEEL,TATATECH,TBOTEK,TCS,TECHM,TECHNOE,TEGA,TEJASNET,TENNIND,THELEELA,THERMAX,TIINDIA,TIMKEN,TITAGARH,TITAN,TMCV,TMPV,TORNTPHARM,TORNTPOWER,TRAVELFOOD,TRENT,TRIDENT,TRITURBINE,TTML,TVSMOTOR,UBL,UCOBANK,ULTRACEMCO,UNIONBANK,UNITDSPR,UNOMINDA,UPL,URBANCO,USHAMART,UTIAMC,VBL,VEDL,VIJAYA,VMM,VOLTAS,VTL,WAAREEENER,WELCORP,WELSPUNLIV,WHIRLPOOL,WIPRO,WOCKPHARMA,YESBANK,ZEEL,ZENSARTECH,ZENTEC,ZFCVINDIA,ZYDUSLIFE,ZYDUSWELL"
2026-09-30,"360ONE,3MINDIA,AADHARHFC,AARTIIND,AAVAS,ABB,ABBOTINDIA,ABCAPITAL,ABDL,ABFRL,ABLBL,ABREL,ABSLAMC,ACC,ACE,ACMESOLAR,ACUTAAS,ADANIENSOL,ADANIENT,ADANIGREEN,ADANIPORTS,ADANIPOWER,AEGISLOG,AEGISVOPAK,AFCONS,AFFLE,AIAENG,AIIL,AJANTPHARM,ALKEM,AMBER,AMBUJACEM,ANANDRATHI,ANANTRAJ,ANGELONE,ANTHEM,ANURAS,APARINDS,APLAPOLLO,APOLLOHOSP,APOLLOTYRE,APTUS,ARE&M,ASAHIINDIA,ASHOKLEY,ASIANPAINT,ASTERDM,ASTRAL,ATGL,ATHERENERG,ATUL,AUBANK,AUROPHARMA,AWL,AXISBANK,BAJAJ-AUTO,BAJAJFINSV,BAJAJHFL,BAJAJHLDNG,BAJFINANCE,BALKRISIND,BALRAMCHIN,BANDHANBNK,BANKBARODA,BANKINDIA,BATAINDIA,BAYERCROP,BBTC,BDL,BEL,BELRISE,BEML,BERGEPAINT,BHARATFORG,BHARTIARTL,BHARTIHEXA,BHEL,BIKAJI,BIOCON,BLS,BLUEDART,BLUEJET,BLUESTARCO,BOSCHLTD,BPCL,BRIGADE,BRITANNIA,BSE,BSOFT,CAMS,CANBK,CANFINHOME,CANHLIFE,CAPLIPOINT,CARBORUNIV,CARTRADE,CASTROLIND,CCL,CDSL,CEATLTD,CEMPRO,CENTRALBK,CESC,CGCL,CGPOWER,CHALET,CHAMBLFERT,CHENNPETRO,CHOICEIN,CHOLAFIN,CHOLAHLDNG,CIEINDIA,CIPLA,CLEAN,COALINDIA,COCHINSHIP,COFORGE,COHANCE,COLPAL,CONCOR,CONCORDBIO,COROMANDEL,CPPLUS,CRAFTSMAN,CREDITACC,CRISIL,CROMPTON,CUB,CUMMINSIND,CYIENT,DABUR,DALBHARAT,DATAPATTNS,DCMSHRIRAM,DEEPAKFERT,DEEPAKNTR,DELHIVERY,DEVYANI,DIVISLAB,DIXON,DLF,DMART,DOMS,DRREDDY,DUMMYHEG,ECLERX,EICHERMOT,EIDPARRY,EIHOTEL,ELECON,ELGIEQUIP,EMAMILTD,EMCURE,EMMVEE,ENDURANCE,ENGINERSIN,ENRIN,ERIS,ESCORTS,ETERNAL,EXIDEIND,FACT,FEDERALBNK,FINCABLES,FIRSTCRY,FIVESTAR,FLUOROCHEM,FORCEMOT,FORTIS,FSL,GABRIEL,GAIL,GALLANTT,GESHIP,GICRE,GILLETTE,GLAND,GLAXO,GLENMARK,GMDCLTD,GMRAIRPORT,GODFRYPHLP,GODIGIT,GODREJCP,GODREJIND,GODREJPROP,GPIL,GRANULES,GRAPHITE,GRASIM,GRAVITA,GROWW,GRSE,GVT&D,HAL,HAVELLS,HBLENGINE,HCLTECH,HDBFS,HDFCAMC,HDFCBANK,HDFCLIFE,HEG,HEROMOTOCO,HEXT,HFCL,HINDALCO,HINDCOPPER,HINDPETRO,HINDUNILVR,HINDZINC,HOMEFIRST,HONASA,HONAUT,HSCL,HUDCO,HYUNDAI,ICICIAMC,ICICIBANK,ICICIGI,ICICIPRULI,IDBI,IDEA,IDFCFIRSTB,IEX,IFCI,IGIL,IGL,IIFL,IKS,INDGN,INDHOTEL,INDIACEM,INDIAMART,INDIANB,INDIGO,INDUSINDBK,INDUSTOWER,INFY,INOXWIND,INTELLECT,IOB,IOC,IPCALAB,IRB,IRCON,IRCTC,IREDA,IRFC,ITC,ITCHOTELS,ITI,J&KBANK,JAINREC,JBMA,JINDALSAW,JINDALSTEL,JIOFIN,JKCEMENT,JKTYRE,JMFINANCIL,JPPOWER,JSL,JSWCEMENT,JSWDULUX,JSWENERGY,JSWINFRA,JSWSTEEL,JUBLFOOD,JUBLINGREA,JUBLPHARMA,JWL,JYOTICNC,KAJARIACER,KALYANKJIL,KARURVYSYA,KAYNES,KEC,KEI,KFINTECH,KIMS,KIRLOSENG,KOTAKBANK,KPIL,KPITTECH,KPRMILL,LALPATHLAB,LATENTVIEW,LAURUSLABS,LEMONTREE,LENSKART,LGEINDIA,LICHSGFIN,LICI,LINDEINDIA,LLOYDSME,LODHA,LT,LTF,LTFOODS,LTM,LTTS,LUPIN,M&M,M&MFIN,MAHABANK,MANAPPURAM,MANKIND,MAPMYINDIA,MARICO,MARUTI,MAXHEALTH,MAZDOCK,MCX,MEDANTA,MEESHO,MFSL,MGL,MINDACORP,MMTC,MOTHERSON,MOTILALOFS,MPHASIS,MRF,MRPL,MSUMI,MUTHOOTFIN,NAM-INDIA,NATCOPHARM,NATIONALUM,NAUKRI,NAVA,NAVINFLUOR,NBCC,NCC,NESTLEIND,NETWEB,NEULANDLAB,NEWGEN,NH,NHPC,NIACL,NIVABUPA,NLCINDIA,NMDC,NSLNISP,NTPC,NTPCGREEN,NUVAMA,NUVOCO,NYKAA,OBEROIRLTY,OFSS,OIL,OLAELEC,OLECTRA,ONESOURCE,ONGC,PAGEIND,PARADEEP,PATANJALI,PAYTM,PCBL,PERSISTENT,PETRONET,PFC,PFIZER,PFOCUS,PGEL,PHOENIXLTD,PIDILITIND,PIIND,PINELABS,PIRAMALFIN,PNB,PNBHOUSING,POLICYBZR,POLYCAB,POLYMED,POONAWALLA,POWERGRID,POWERINDIA,PPLPHARMA,PREMIERENE,PRESTIGE,PTCIL,PVRINOX,PWL,RADICO,RAILTEL,RAINBOW,RAMCOCEM,RBLBANK,RECLTD,REDINGTON,RELIANCE,RHIM,RITES,RKFORGE,RPOWER,RRKABEL,RVNL,SAGILITY,SAIL,SAILIFE,SAMMAANCAP,SAPPHIRE,SARDAEN,SAREGAMA,SBFC,SBICARD,SBILIFE,SBIN,SCHAEFFLER,SCHNEIDER,SCI,SHREECEM,SHRIRAMFIN,SHYAMMETL,SIEMENS,SIGNATURE,SJVN,SOBHA,SOLARINDS,SONACOMS,SONATSOFTW,SPLPETRO,SRF,STARHEALTH,SUMICHEM,SUNDARMFIN,SUNPHARMA,SUNTV,SUPREMEIND,SUZLON,SWANCORP,SWIGGY,SYNGENE,SYRMA,TARIL,TATACAP,TATACHEM,TATACOMM,TATACONSUM,TATAELXSI,TATAINVEST,TATAPOWER,TATASTEEL,TATATECH,TBOTEK,TCS,TECHM,TECHNOE,TEGA,TEJASNET,TENNIND,THELEELA,THERMAX,TIINDIA,TIMKEN,TITAGARH,TITAN,TMCV,TMPV,TORNTPHARM,TORNTPOWER,TRAVELFOOD,TRENT,TRIDENT,TRITURBINE,TTML,TVSMOTOR,UBL,UCOBANK,ULTRACEMCO,UNIONBANK,UNITDSPR,UNOMINDA,UPL,URBANCO,USHAMART,UTIAMC,VBL,VEDL,VIJAYA,VMM,VOLTAS,VTL,WAAREEENER,WELCORP,WELSPUNLIV,WHIRLPOOL,WIPRO,WOCKPHARMA,YESBANK,ZEEL,ZENSARTECH,ZENTEC,ZFCVINDIA,ZYDUSLIFE,ZYDUSWELL"
9/23/2026,"360ONE,3MINDIA,AADHARHFC,AARTIIND,AAVAS,ABB,ABBOTINDIA,ABCAPITAL,ABDL,ABFRL,ABLBL,ABREL,ABSLAMC,ACC,ACE,ACMESOLAR,ACUTAAS,ADANIENSOL,ADANIENT,ADANIGREEN,ADANIPORTS,ADANIPOWER,AEGISLOG,AEGISVOPAK,AFCONS,AFFLE,AIAENG,AIIL,AJANTPHARM,ALKEM,AMBER,AMBUJACEM,ANANDRATHI,ANANTRAJ,ANGELONE,ANTHEM,ANURAS,APARINDS,APLAPOLLO,APOLLOHOSP,APOLLOTYRE,APTUS,ARE&M,ASAHIINDIA,ASHOKLEY,ASIANPAINT,ASTERDM,ASTRAL,ATGL,ATHERENERG,ATUL,AUBANK,AUROPHARMA,AWL,AXISBANK,BAJAJ-AUTO,BAJAJFINSV,BAJAJHFL,BAJAJHLDNG,BAJFINANCE,BALKRISIND,BALRAMCHIN,BANDHANBNK,BANKBARODA,BANKINDIA,BATAINDIA,BAYERCROP,BBTC,BDL,BEL,BELRISE,BEML,BERGEPAINT,BHARATFORG,BHARTIARTL,BHARTIHEXA,BHEL,BIKAJI,BIOCON,BLS,BLUEDART,BLUEJET,BLUESTARCO,BOSCHLTD,BPCL,BRIGADE,BRITANNIA,BSE,BSOFT,CAMS,CANBK,CANFINHOME,CANHLIFE,CAPLIPOINT,CARBORUNIV,CARTRADE,CASTROLIND,CCL,CDSL,CEATLTD,CEMPRO,CENTRALBK,CESC,CGCL,CGPOWER,CHALET,CHAMBLFERT,CHENNPETRO,CHOICEIN,CHOLAFIN,CHOLAHLDNG,CIEINDIA,CIPLA,CLEAN,COALINDIA,COCHINSHIP,COFORGE,COHANCE,COLPAL,CONCOR,CONCORDBIO,COROMANDEL,CPPLUS,CRAFTSMAN,CREDITACC,CRISIL,CROMPTON,CUB,CUMMINSIND,CYIENT,DABUR,DALBHARAT,DATAPATTNS,DCMSHRIRAM,DEEPAKFERT,DEEPAKNTR,DELHIVERY,DEVYANI,DIVISLAB,DIXON,DLF,DMART,DOMS,DRREDDY,DUMMYHEG,ECLERX,EICHERMOT,EIDPARRY,EIHOTEL,ELECON,ELGIEQUIP,EMAMILTD,EMCURE,EMMVEE,ENDURANCE,ENGINERSIN,ENRIN,ERIS,ESCORTS,ETERNAL,EXIDEIND,FACT,FEDERALBNK,FINCABLES,FIRSTCRY,FIVESTAR,FLUOROCHEM,FORCEMOT,FORTIS,FSL,GABRIEL,GAIL,GALLANTT,GESHIP,GICRE,GILLETTE,GLAND,GLAXO,GLENMARK,GMDCLTD,GMRAIRPORT,GODFRYPHLP,GODIGIT,GODREJCP,GODREJIND,GODREJPROP,GPIL,GRANULES,GRAPHITE,GRASIM,GRAVITA,GROWW,GRSE,GVT&D,HAL,HAVELLS,HBLENGINE,HCLTECH,HDBFS,HDFCAMC,HDFCBANK,HDFCLIFE,HEGAM,HEROMOTOCO,HEXT,HFCL,HINDALCO,HINDCOPPER,HINDPETRO,HINDUNILVR,HINDZINC,HOMEFIRST,HONASA,HONAUT,HSCL,HUDCO,HYUNDAI,ICICIAMC,ICICIBANK,ICICIGI,ICICIPRULI,IDBI,IDEA,IDFCFIRSTB,IEX,IFCI,IGIL,IGL,IIFL,IKS,INDGN,INDHOTEL,INDIACEM,INDIAMART,INDIANB,INDIGO,INDUSINDBK,INDUSTOWER,INFY,INOXWIND,INTELLECT,IOB,IOC,IPCALAB,IRB,IRCON,IRCTC,IREDA,IRFC,ITC,ITCHOTELS,ITI,J&KBANK,JAINREC,JBMA,JINDALSAW,JINDALSTEL,JIOFIN,JKCEMENT,JKTYRE,JMFINANCIL,JPPOWER,JSL,JSWCEMENT,JSWDULUX,JSWENERGY,JSWINFRA,JSWSTEEL,JUBLFOOD,JUBLINGREA,JUBLPHARMA,JWL,JYOTICNC,KAJARIACER,KALYANKJIL,KARURVYSYA,KAYNES,KEC,KEI,KFINTECH,KIMS,KIRLOSENG,KOTAKBANK,KPIL,KPITTECH,KPRMILL,LALPATHLAB,LATENTVIEW,LAURUSLABS,LEMONTREE,LENSKART,LGEINDIA,LICHSGFIN,LICI,LINDEINDIA,LLOYDSME,LODHA,LT,LTF,LTFOODS,LTM,LTTS,LUPIN,M&M,M&MFIN,MAHABANK,MANAPPURAM,MANKIND,MAPMYINDIA,MARICO,MARUTI,MAXHEALTH,MAZDOCK,MCX,MEDANTA,MEESHO,MFSL,MGL,MINDACORP,MMTC,MOTHERSON,MOTILALOFS,MPHASIS,MRF,MRPL,MSUMI,MUTHOOTFIN,NAM-INDIA,NATCOPHARM,NATIONALUM,NAUKRI,NAVA,NAVINFLUOR,NBCC,NCC,NESTLEIND,NETWEB,NEULANDLAB,NEWGEN,NH,NHPC,NIACL,NIVABUPA,NLCINDIA,NMDC,NSLNISP,NTPC,NTPCGREEN,NUVAMA,NUVOCO,NYKAA,OBEROIRLTY,OFSS,OIL,OLAELEC,OLECTRA,ONESOURCE,ONGC,PAGEIND,PARADEEP,PATANJALI,PAYTM,PCBL,PERSISTENT,PETRONET,PFC,PFIZER,PFOCUS,PGEL,PHOENIXLTD,PIDILITIND,PIIND,PINELABS,PIRAMALFIN,PNB,PNBHOUSING,POLICYBZR,POLYCAB,POLYMED,POONAWALLA,POWERGRID,POWERINDIA,PPLPHARMA,PREMIERENE,PRESTIGE,PTCIL,PVRINOX,PWL,RADICO,RAILTEL,RAINBOW,RAMCOCEM,RBLBANK,RECLTD,REDINGTON,RELIANCE,RHIM,RITES,RKFORGE,RPOWER,RRKABEL,RVNL,SAGILITY,SAIL,SAILIFE,SAMMAANCAP,SAPPHIRE,SARDAEN,SAREGAMA,SBFC,SBICARD,SBILIFE,SBIN,SCHAEFFLER,SCHNEIDER,SCI,SHREECEM,SHRIRAMFIN,SHYAMMETL,SIEMENS,SIGNATURE,SJVN,SOBHA,SOLARINDS,SONACOMS,SONATSOFTW,SPLPETRO,SRF,STARHEALTH,SUMICHEM,SUNDARMFIN,SUNPHARMA,SUNTV,SUPREMEIND,SUZLON,SWANCORP,SWIGGY,SYNGENE,SYRMA,TARIL,TATACAP,TATACHEM,TATACOMM,TATACONSUM,TATAELXSI,TATAINVEST,TATAPOWER,TATASTEEL,TATATECH,TBOTEK,TCS,TECHM,TECHNOE,TEGA,TEJASNET,TENNIND,THELEELA,THERMAX,TIINDIA,TIMKEN,TITAGARH,TITAN,TMCV,TMPV,TORNTPHARM,TORNTPOWER,TRAVELFOOD,TRENT,TRIDENT,TRITURBINE,TTML,TVSMOTOR,UBL,UCOBANK,ULTRACEMCO,UNIONBANK,UNITDSPR,UNOMINDA,UPL,URBANCO,USHAMART,UTIAMC,VBL,VEDL,VIJAYA,VMM,VOLTAS,VTL,WAAREEENER,WELCORP,WELSPUNLIV,WHIRLPOOL,WIPRO,WOCKPHARMA,YESBANK,ZEEL,ZENSARTECH,ZENTEC,ZFCVINDIA,ZYDUSLIFE,ZYDUSWELL"
10/1/2026,"360ONE,AADHARHFC,AARTIIND,AAVAS,ABB,ABBOTINDIA,ABCAPITAL,ABDL,ABREL,ABSLAMC,ACC,ACE,ACMESOLAR,ACUTAAS,ADANIENSOL,ADANIENT,ADANIGREEN,ADANIPORTS,ADANIPOWER,AEGISLOG,AEGISVOPAK,AETHER,AFCONS,AFFLE,AIAENG,AIIL,AJANTPHARM,ALKEM,AMBER,AMBUJACEM,ANANDRATHI,ANANTRAJ,ANGELONE,ANTHEM,ANURAS,APARINDS,APLAPOLLO,APOLLOHOSP,APOLLOTYRE,APTUS,ARE&M,ASAHIINDIA,ASHOKLEY,ASIANPAINT,ASTERDM,ASTRAL,ATGL,ATHERENERG,ATUL,AUBANK,AUROPHARMA,AVANTIFEED,AWL,AXISBANK,AZAD,BAGMANE,BAJAJ-AUTO,BAJAJFINSV,BAJAJHFL,BAJAJHLDNG,BAJFINANCE,BALKRISIND,BALRAMCHIN,BANDHANBNK,BANKBARODA,BANKINDIA,BATAINDIA,BBOX,BDL,BEL,BELRISE,BEML,BERGEPAINT,BHARATCOAL,BHARATFORG,BHARTIARTL,BHARTIHEXA,BHEL,BIOCON,BIRET,BLS,BLUESTARCO,BOSCHLTD,BPCL,BRIGADE,BRITANNIA,BSE,BSOFT,CAMS,CANBK,CANFINHOME,CANHLIFE,CAPLIPOINT,CARBORUNIV,CARTRADE,CASTROLIND,CCL,CDSL,CEATLTD,CEMPRO,CENTRALBK,CESC,CGCL,CGPOWER,CHAMBLFERT,CHENNPETRO,CHOICEIN,CHOLAFIN,CHOLAHLDNG,CIEINDIA,CIPLA,CLEAN,CLEANMAX,CMPDI,COALINDIA,COCHINSHIP,COFORGE,COHANCE,COLPAL,CONCOR,CONCORDBIO,COROMANDEL,CPPLUS,CRAFTSMAN,CREDITACC,CRISIL,CROMPTON,CUB,CUMMINSIND,CUPID,CYIENT,DABUR,DALBHARAT,DATAPATTNS,DEEPAKFERT,DEEPAKNTR,DELHIVERY,DEVYANI,DIVISLAB,DIXON,DLF,DMART,DOMS,DRREDDY,DUMMYHEG,ECLERX,EICHERMOT,EIDPARRY,EIHOTEL,ELECON,ELGIEQUIP,EMAMILTD,EMBASSY,EMCURE,EMMVEE,ENDURANCE,ENGINERSIN,ENRIN,ESCORTS,ETERNAL,EXIDEIND,FACT,FEDERALBNK,FINCABLES,FIRSTCRY,FIVESTAR,FLUOROCHEM,FORCEMOT,FORTIS,FRACTAL,FSL,GABRIEL,GAIL,GALLANTT,GESHIP,GICRE,GILLETTE,GLAND,GLAXO,GLENMARK,GMDCLTD,GMRAIRPORT,GODFRYPHLP,GODREJCP,GODREJIND,GODREJPROP,GPIL,GRANULES,GRAPHITE,GRASIM,GRAVITA,GROWW,GRSE,GVT&D,HAL,HAVELLS,HBLENGINE,HCLTECH,HDBFS,HDFCAMC,HDFCBANK,HDFCLIFE,HEGAM,HEROMOTOCO,HEXT,HFCL,HINDALCO,HINDCOPPER,HINDPETRO,HINDUNILVR,HINDZINC,HOMEFIRST,HONASA,HONAUT,HSCL,HUDCO,HYUNDAI,ICICIAMC,ICICIBANK,ICICIGI,ICICIPRULI,IDBI,IDEA,IDFCFIRSTB,IEX,IFCI,IGIL,IGL,IIFL,IKS,INDHOTEL,INDIACEM,INDIAMART,INDIANB,INDIGO,INDUSINDBK,INDUSTOWER,INFY,INOXINDIA,INOXWIND,INTELLECT,IOB,IOC,IPCALAB,IRB,IRCON,IRCTC,IREDA,IRFC,ITC,ITCHOTELS,ITI,J&KBANK,JAINREC,JBMA,JINDALSAW,JINDALSTEL,JIOFIN,JKCEMENT,JKTYRE,JMFINANCIL,JPPOWER,JSL,JSWCEMENT,JSWENERGY,JSWINFRA,JSWSTEEL,JUBLFOOD,JUBLINGREA,JWL,JYOTICNC,KAJARIACER,KALYANKJIL,KARURVYSYA,KAYNES,KEC,KEI,KFINTECH,KIMS,KIRLOSBROS,KIRLOSENG,KOTAKBANK,KPIL,KPITTECH,KPRMILL,KSB,LALPATHLAB,LAURUSLABS,LEMONTREE,LENSKART,LGEINDIA,LICHSGFIN,LICI,LINDEINDIA,LLOYDSME,LODHA,LT,LTF,LTFOODS,LTM,LTTS,LUPIN,M&M,M&MFIN,MAHABANK,MANAPPURAM,MANKIND,MARICO,MARUTI,MAXHEALTH,MAZDOCK,MCX,MEDANTA,MEESHO,MFSL,MGL,MINDACORP,MMTC,MOTHERSON,MOTILALOFS,MPHASIS,MRF,MRPL,MSUMI,MTARTECH,MUTHOOTFIN,NAM-INDIA,NATCOPHARM,NATIONALUM,NAUKRI,NAVA,NAVINFLUOR,NBCC,NCC,NESTLEIND,NETWEB,NEULANDLAB,NH,NHPC,NIACL,NLCINDIA,NMDC,NSLNISP,NTPC,NTPCGREEN,NUVAMA,NUVOCO,NYKAA,OBEROIRLTY,OFSS,OIL,OLAELEC,OLECTRA,ONESOURCE,ONGC,PAGEIND,PARADEEP,PATANJALI,PAYTM,PCBL,PERSISTENT,PETRONET,PFC,PFOCUS,PGEL,PHOENIXLTD,PIDILITIND,PIIND,PINELABS,PIRAMALFIN,PNB,PNBHOUSING,POLICYBZR,POLYCAB,POLYMED,POONAWALLA,POWERGRID,POWERINDIA,PPLPHARMA,PREMIERENE,PRESTIGE,PRIVISCL,PTCIL,PVRINOX,PWL,RADICO,RAILTEL,RAINBOW,RAMCOCEM,RBLBANK,RECLTD,REDINGTON,RELIANCE,RHIM,RITES,RKFORGE,RPOWER,RRKABEL,RUBICON,RVNL,SAGILITY,SAIL,SAILIFE,SAMMAANCAP,SANSERA,SARDAEN,SBICARD,SBILIFE,SBIN,SCHAEFFLER,SCHNEIDER,SCI,SHREECEM,SHRIPISTON,SHRIRAMFIN,SHYAMMETL,SIEMENS,SIGNATURE,SJVN,SOBHA,SOLARINDS,SONACOMS,SRF,STARHEALTH,STLTECH,SUMICHEM,SUNDARMFIN,SUNPHARMA,SUNTV,SUPREMEIND,SUZLON,SWANCORP,SWIGGY,SYNGENE,SYRMA,TARIL,TATACAP,TATACHEM,TATACOMM,TATACONSUM,TATAELXSI,TATAINVEST,TATAPOWER,TATASTEEL,TATATECH,TBOTEK,TCS,TDPOWERSYS,TECHM,TECHNOE,TEGA,TEJASNET,TENNIND,THANGAMAYL,THERMAX,TIINDIA,TIMKEN,TITAGARH,TITAN,TMCV,TMPV,TORNTPHARM,TORNTPOWER,TRENT,TRIDENT,TRITURBINE,TTML,TVSMOTOR,UBL,UCOBANK,ULTRACEMCO,UNIONBANK,UNITDSPR,UNOMINDA,UPL,URBANCO,USHAMART,UTIAMC,VAML,VBL,VEDL,VEDPOWER,VIJAYA,VISL,VMM,VOGL,VOLTAS,VTL,WAAREEENER,WELCORP,WELSPUNLIV,WHIRLPOOL,WIPRO,WOCKPHARMA,YESBANK,ZEEL,ZENSARTECH,ZENTEC,ZFCVINDIA,ZYDUSLIFE,ZYDUSWELL"
