date,tickers
2013-04-30,"360ONE,AARTIIND,ABB,ABCAPITAL,ACC,ADANIENSOL,ADANIENT,ADANIGREEN,ADANIPORTS,ALKEM,AMBUJACEM,APLAPOLLO,APLLTD,APOLLOHOSP,APOLLOTYRE,ASHOKLEY,ASIANPAINT,ASTRAL,ATGL,AUBANK,AUROPHARMA,AXISBANK,BAJAJ-AUTO,BAJAJFINSV,BAJAJHLDNG,BAJFINANCE,BALKRISIND,BANKBARODA,BANKINDIA,BATAINDIA,BDL,BEL,BHARATFORG,BHARTIARTL,BHARTIHEXA,BHEL,BIOCON,BLUESTARCO,BOSCHLTD,BPCL,BRITANNIA,CANBK,CHOLAFIN,CIPLA,CLEAN,COALINDIA,COCHINSHIP,COFORGE,COLPAL,CONCOR,COROMANDEL,CROMPTON,CUMMINSIND,DABUR,DIVISLAB,DIXON,DLF,DMART,DRREDDY,EICHERMOT,EMAMILTD,ENRIN,ETERNAL,EXIDEIND,FACT,FEDERALBNK,FORTIS,GAIL,GLENMARK,GMRAIRPORT,GODFRYPHLP,GODREJCP,GODREJPROP,GRASIM,GSPL,HAL,HAVELLS,HCLTECH,HDFC,HDFCAMC,HDFCBANK,HDFCLIFE,HEROMOTOCO,HINDALCO,HINDPETRO,HINDUNILVR,HINDZINC,HUDCO,ICICIBANK,ICICIGI,IDBI,IDEA,IDFCFIRSTB,IEX,IGL,INDHOTEL,INDIAMART,INDIANB,INDIGO,INDUSINDBK,INDUSTOWER,INFY,IOB,IOC,IRB,IRCTC,IREDA,ISEC,ITC,ITCHOTELS,JINDALSTEL,JSWENERGY,JSWSTEEL,JUBLFOOD,KEI,KOTAKBANK,KPITTECH,LICHSGFIN,LODHA,LT,LTF,LTM,LUPIN,M&M,M&MFIN,MANAPPURAM,MARICO,MARUTI,MAXHEALTH,MAZDOCK,METROPOLIS,MFSL,MINDTREE,MPHASIS,MRF,MRPL,MUTHOOTFIN,NAM-INDIA,NATIONALUM,NAUKRI,NAVINFLUOR,NESTLEIND,NLCINDIA,NMDC,NTPC,NYKAA,OBEROIRLTY,OIL,ONGC,PAGEIND,PAYTM,PEL,PERSISTENT,PFC,PGHH,PHOENIXLTD,PIDILITIND,PIIND,PNB,POLICYBZR,POLYCAB,POWERGRID,POWERINDIA,PRESTIGE,RAMCOCEM,RECLTD,RELIANCE,RVNL,SAIL,SBICARD,SBILIFE,SBIN,SHREECEM,SHRIRAMFIN,SIEMENS,SOLARINDS,SONACOMS,SRF,SUNDARMFIN,SUNPHARMA,TATACHEM,TATACOMM,TATACONSUM,TATAELXSI,TATAMTRDVR,TATAPOWER,TATASTEEL,TCS,TECHM,TITAN,TMPV,TORNTPHARM,TORNTPOWER,TRENT,TVSMOTOR,UBL,ULTRACEMCO,UNIONBANK,UNITDSPR,UPL,VBL,VEDL,VOLTAS,WIPRO,YESBANK,ZYDUSLIFE"
2013-05-31,"360ONE,AARTIIND,ABB,ABCAPITAL,ACC,ADANIENSOL,ADANIENT,ADANIGREEN,ADANIPORTS,ALKEM,AMBUJACEM,APLAPOLLO,APLLTD,APOLLOHOSP,APOLLOTYRE,ASHOKLEY,ASIANPAINT,ASTRAL,ATGL,AUBANK,AUROPHARMA,AXISBANK,BAJAJ-AUTO,BAJAJFINSV,BAJAJHLDNG,BAJFINANCE,BALKRISIND,BANKBARODA,BANKINDIA,BATAINDIA,BDL,BEL,BHARATFORG,BHARTIARTL,BHARTIHEXA,BHEL,BIOCON,BLUESTARCO,BOSCHLTD,BPCL,BRITANNIA,CANBK,CHOLAFIN,CIPLA,CLEAN,COALINDIA,COCHINSHIP,COFORGE,COLPAL,CONCOR,COROMANDEL,CROMPTON,CUMMINSIND,DABUR,DIVISLAB,DIXON,DLF,DMART,DRREDDY,EICHERMOT,EMAMILTD,ENRIN,ETERNAL,EXIDEIND,FACT,FEDERALBNK,FORTIS,GAIL,GLENMARK,GMRAIRPORT,GODFRYPHLP,GODREJCP,GODREJPROP,GRASIM,GSPL,HAL,HAVELLS,HCLTECH,HDFC,HDFCAMC,HDFCBANK,HDFCLIFE,HEROMOTOCO,HINDALCO,HINDPETRO,HINDUNILVR,HINDZINC,HUDCO,ICICIBANK,ICICIGI,IDBI,IDEA,IDFCFIRSTB,IEX,IGL,INDHOTEL,INDIAMART,INDIANB,INDIGO,INDUSINDBK,INDUSTOWER,INFY,IOB,IOC,IRB,IRCTC,IREDA,ISEC,ITC,ITCHOTELS,JINDALSTEL,JSWENERGY,JSWSTEEL,JUBLFOOD,KEI,KOTAKBANK,KPITTECH,LICHSGFIN,LODHA,LT,LTF,LTM,LUPIN,M&M,M&MFIN,MANAPPURAM,MARICO,MARUTI,MAXHEALTH,MAZDOCK,METROPOLIS,MFSL,MINDTREE,MPHASIS,MRF,MRPL,MUTHOOTFIN,NAM-INDIA,NATIONALUM,NAUKRI,NAVINFLUOR,NESTLEIND,NLCINDIA,NMDC,NTPC,NYKAA,OBEROIRLTY,OIL,ONGC,PAGEIND,PAYTM,PEL,PERSISTENT,PFC,PGHH,PHOENIXLTD,PIDILITIND,PIIND,PNB,POLICYBZR,POLYCAB,POWERGRID,POWERINDIA,PRESTIGE,RAMCOCEM,RECLTD,RELIANCE,RVNL,SAIL,SBICARD,SBILIFE,SBIN,SHREECEM,SHRIRAMFIN,SIEMENS,SOLARINDS,SONACOMS,SRF,SUNDARMFIN,SUNPHARMA,TATACHEM,TATACOMM,TATACONSUM,TATAELXSI,TATAMTRDVR,TATAPOWER,TATASTEEL,TCS,TECHM,TITAN,TMPV,TORNTPHARM,TORNTPOWER,TRENT,TVSMOTOR,UBL,ULTRACEMCO,UNIONBANK,UNITDSPR,UPL,VBL,VEDL,VOLTAS,WIPRO,YESBANK,ZYDUSLIFE"
2013-06-30,"360ONE,AARTIIND,ABB,ABCAPITAL,ACC,ADANIENSOL,ADANIENT,ADANIGREEN,ADANIPORTS,ALKEM,AMBUJACEM,APLAPOLLO,APLLTD,APOLLOHOSP,APOLLOTYRE,ASHOKLEY,ASIANPAINT,ASTRAL,ATGL,AUBANK,AUROPHARMA,AXISBANK,BAJAJ-AUTO,BAJAJFINSV,BAJAJHLDNG,BAJFINANCE,BALKRISIND,BANKBARODA,BANKINDIA,BATAINDIA,BDL,BEL,BHARATFORG,BHARTIARTL,BHARTIHEXA,BHEL,BIOCON,BLUESTARCO,BOSCHLTD,BPCL,BRITANNIA,CANBK,CHOLAFIN,CIPLA,CLEAN,COALINDIA,COCHINSHIP,COFORGE,COLPAL,CONCOR,COROMANDEL,CROMPTON,CUMMINSIND,DABUR,DIVISLAB,DIXON,DLF,DMART,DRREDDY,EICHERMOT,EMAMILTD,ENRIN,ETERNAL,EXIDEIND,FACT,FEDERALBNK,FORTIS,GAIL,GLENMARK,GMRAIRPORT,GODFRYPHLP,GODREJCP,GODREJPROP,GRASIM,GSPL,HAL,HAVELLS,HCLTECH,HDFC,HDFCAMC,HDFCBANK,HDFCLIFE,HEROMOTOCO,HINDALCO,HINDPETRO,HINDUNILVR,HINDZINC,HUDCO,ICICIBANK,ICICIGI,IDBI,IDEA,IDFCFIRSTB,IEX,IGL,INDHOTEL,INDIAMART,INDIANB,INDIGO,INDUSINDBK,INDUSTOWER,INFY,IOB,IOC,IRB,IRCTC,IREDA,ISEC,ITC,ITCHOTELS,JINDALSTEL,JSWENERGY,JSWSTEEL,JUBLFOOD,KEI,KOTAKBANK,KPITTECH,LICHSGFIN,LODHA,LT,LTF,LTM,LUPIN,M&M,M&MFIN,MANAPPURAM,MARICO,MARUTI,MAXHEALTH,MAZDOCK,METROPOLIS,MFSL,MINDTREE,MPHASIS,MRF,MRPL,MUTHOOTFIN,NAM-INDIA,NATIONALUM,NAUKRI,NAVINFLUOR,NESTLEIND,NLCINDIA,NMDC,NTPC,NYKAA,OBEROIRLTY,OIL,ONGC,PAGEIND,PAYTM,PEL,PERSISTENT,PFC,PGHH,PHOENIXLTD,PIDILITIND,PIIND,PNB,POLICYBZR,POLYCAB,POWERGRID,POWERINDIA,PRESTIGE,RAMCOCEM,RECLTD,RELIANCE,RVNL,SAIL,SBICARD,SBILIFE,SBIN,SHREECEM,SHRIRAMFIN,SIEMENS,SOLARINDS,SONACOMS,SRF,SUNDARMFIN,SUNPHARMA,TATACHEM,TATACOMM,TATACONSUM,TATAELXSI,TATAMTRDVR,TATAPOWER,TATASTEEL,TCS,TECHM,TITAN,TMPV,TORNTPHARM,TORNTPOWER,TRENT,TVSMOTOR,UBL,ULTRACEMCO,UNIONBANK,UNITDSPR,UPL,VBL,VEDL,VOLTAS,WIPRO,YESBANK,ZYDUSLIFE"
2013-07-31,"360ONE,AARTIIND,ABB,ABCAPITAL,ACC,ADANIENSOL,ADANIENT,ADANIGREEN,ADANIPORTS,ALKEM,AMBUJACEM,APLAPOLLO,APLLTD,APOLLOHOSP,APOLLOTYRE,ASHOKLEY,ASIANPAINT,ASTRAL,ATGL,AUBANK,AUROPHARMA,AXISBANK,BAJAJ-AUTO,BAJAJFINSV,BAJAJHLDNG,BAJFINANCE,BALKRISIND,BANKBARODA,BANKINDIA,BATAINDIA,BDL,BEL,BHARATFORG,BHARTIARTL,BHARTIHEXA,BHEL,BIOCON,BLUESTARCO,BOSCHLTD,BPCL,BRITANNIA,CANBK,CHOLAFIN,CIPLA,CLEAN,COALINDIA,COCHINSHIP,COFORGE,COLPAL,CONCOR,COROMANDEL,CROMPTON,CUMMINSIND,DABUR,DIVISLAB,DIXON,DLF,DMART,DRREDDY,EICHERMOT,EMAMILTD,ENRIN,ETERNAL,EXIDEIND,FACT,FEDERALBNK,FORTIS,GAIL,GLENMARK,GMRAIRPORT,GODFRYPHLP,GODREJCP,GODREJPROP,GRASIM,GSPL,HAL,HAVELLS,HCLTECH,HDFC,HDFCAMC,HDFCBANK,HDFCLIFE,HEROMOTOCO,HINDALCO,HINDPETRO,HINDUNILVR,HINDZINC,HUDCO,ICICIBANK,ICICIGI,IDBI,IDEA,IDFCFIRSTB,IEX,IGL,INDHOTEL,INDIAMART,INDIANB,INDIGO,INDUSINDBK,INDUSTOWER,INFY,IOB,IOC,IRB,IRCTC,IREDA,ISEC,ITC,ITCHOTELS,JINDALSTEL,JSWENERGY,JSWSTEEL,JUBLFOOD,KEI,KOTAKBANK,KPITTECH,LICHSGFIN,LODHA,LT,LTF,LTM,LUPIN,M&M,M&MFIN,MANAPPURAM,MARICO,MARUTI,MAXHEALTH,MAZDOCK,METROPOLIS,MFSL,MINDTREE,MPHASIS,MRF,MRPL,MUTHOOTFIN,NAM-INDIA,NATIONALUM,NAUKRI,NAVINFLUOR,NESTLEIND,NLCINDIA,NMDC,NTPC,NYKAA,OBEROIRLTY,OIL,ONGC,PAGEIND,PAYTM,PEL,PERSISTENT,PFC,PGHH,PHOENIXLTD,PIDILITIND,PIIND,PNB,POLICYBZR,POLYCAB,POWERGRID,POWERINDIA,PRESTIGE,RAMCOCEM,RECLTD,RELIANCE,RVNL,SAIL,SBICARD,SBILIFE,SBIN,SHREECEM,SHRIRAMFIN,SIEMENS,SOLARINDS,SONACOMS,SRF,SUNDARMFIN,SUNPHARMA,TATACHEM,TATACOMM,TATACONSUM,TATAELXSI,TATAMTRDVR,TATAPOWER,TATASTEEL,TCS,TECHM,TITAN,TMPV,TORNTPHARM,TORNTPOWER,TRENT,TVSMOTOR,UBL,ULTRACEMCO,UNIONBANK,UNITDSPR,UPL,VBL,VEDL,VOLTAS,WIPRO,YESBANK,ZYDUSLIFE"
2013-08-31,"360ONE,AARTIIND,ABB,ABCAPITAL,ACC,ADANIENSOL,ADANIENT,ADANIGREEN,ADANIPORTS,ALKEM,AMBUJACEM,APLAPOLLO,APLLTD,APOLLOHOSP,APOLLOTYRE,ASHOKLEY,ASIANPAINT,ASTRAL,ATGL,AUBANK,AUROPHARMA,AXISBANK,BAJAJ-AUTO,BAJAJFINSV,BAJAJHLDNG,BAJFINANCE,BALKRISIND,BANKBARODA,BANKINDIA,BATAINDIA,BDL,BEL,BHARATFORG,BHARTIARTL,BHARTIHEXA,BHEL,BIOCON,BLUESTARCO,BOSCHLTD,BPCL,BRITANNIA,CANBK,CHOLAFIN,CIPLA,CLEAN,COALINDIA,COCHINSHIP,COFORGE,COLPAL,CONCOR,COROMANDEL,CROMPTON,CUMMINSIND,DABUR,DIVISLAB,DIXON,DLF,DMART,DRREDDY,EICHERMOT,EMAMILTD,ENRIN,ETERNAL,EXIDEIND,FACT,FEDERALBNK,FORTIS,GAIL,GLENMARK,GMRAIRPORT,GODFRYPHLP,GODREJCP,GODREJPROP,GRASIM,GSPL,HAL,HAVELLS,HCLTECH,HDFC,HDFCAMC,HDFCBANK,HDFCLIFE,HEROMOTOCO,HINDALCO,HINDPETRO,HINDUNILVR,HINDZINC,HUDCO,ICICIBANK,ICICIGI,IDBI,IDEA,IDFCFIRSTB,IEX,IGL,INDHOTEL,INDIAMART,INDIANB,INDIGO,INDUSINDBK,INDUSTOWER,INFY,IOB,IOC,IRB,IRCTC,IREDA,ISEC,ITC,ITCHOTELS,JINDALSTEL,JSWENERGY,JSWSTEEL,JUBLFOOD,KEI,KOTAKBANK,KPITTECH,LICHSGFIN,LODHA,LT,LTF,LTM,LUPIN,M&M,M&MFIN,MANAPPURAM,MARICO,MARUTI,MAXHEALTH,MAZDOCK,METROPOLIS,MFSL,MINDTREE,MPHASIS,MRF,MRPL,MUTHOOTFIN,NAM-INDIA,NATIONALUM,NAUKRI,NAVINFLUOR,NESTLEIND,NLCINDIA,NMDC,NTPC,NYKAA,OBEROIRLTY,OIL,ONGC,PAGEIND,PAYTM,PEL,PERSISTENT,PFC,PGHH,PHOENIXLTD,PIDILITIND,PIIND,PNB,POLICYBZR,POLYCAB,POWERGRID,POWERINDIA,PRESTIGE,RAMCOCEM,RECLTD,RELIANCE,RVNL,SAIL,SBICARD,SBILIFE,SBIN,SHREECEM,SHRIRAMFIN,SIEMENS,SOLARINDS,SONACOMS,SRF,SUNDARMFIN,SUNPHARMA,TATACHEM,TATACOMM,TATACONSUM,TATAELXSI,TATAMTRDVR,TATAPOWER,TATASTEEL,TCS,TECHM,TITAN,TMPV,TORNTPHARM,TORNTPOWER,TRENT,TVSMOTOR,UBL,ULTRACEMCO,UNIONBANK,UNITDSPR,UPL,VBL,VEDL,VOLTAS,WIPRO,YESBANK,ZYDUSLIFE"
2013-09-30,"360ONE,AARTIIND,ABB,ABCAPITAL,ACC,ADANIENSOL,ADANIENT,ADANIGREEN,ADANIPORTS,ALKEM,AMBUJACEM,APLAPOLLO,APLLTD,APOLLOHOSP,APOLLOTYRE,ASHOKLEY,ASIANPAINT,ASTRAL,ATGL,AUBANK,AUROPHARMA,AXISBANK,BAJAJ-AUTO,BAJAJFINSV,BAJAJHLDNG,BAJFINANCE,BALKRISIND,BANKBARODA,BANKINDIA,BATAINDIA,BDL,BEL,BHARATFORG,BHARTIARTL,BHARTIHEXA,BHEL,BIOCON,BLUESTARCO,BOSCHLTD,BPCL,BRITANNIA,CANBK,CHOLAFIN,CIPLA,CLEAN,COALINDIA,COCHINSHIP,COFORGE,COLPAL,CONCOR,COROMANDEL,CROMPTON,CUMMINSIND,DABUR,DIVISLAB,DIXON,DLF,DMART,DRREDDY,EICHERMOT,EMAMILTD,ENRIN,ETERNAL,EXIDEIND,FACT,FEDERALBNK,FORTIS,GAIL,GLENMARK,GMRAIRPORT,GODFRYPHLP,GODREJCP,GODREJPROP,GRASIM,GSPL,HAL,HAVELLS,HCLTECH,HDFC,HDFCAMC,HDFCBANK,HDFCLIFE,HEROMOTOCO,HINDALCO,HINDPETRO,HINDUNILVR,HINDZINC,HUDCO,ICICIBANK,ICICIGI,IDBI,IDEA,IDFCFIRSTB,IEX,IGL,INDHOTEL,INDIAMART,INDIANB,INDIGO,INDUSINDBK,INDUSTOWER,INFY,IOB,IOC,IRB,IRCTC,IREDA,ISEC,ITC,ITCHOTELS,JINDALSTEL,JSWENERGY,JSWSTEEL,JUBLFOOD,KEI,KOTAKBANK,KPITTECH,LICHSGFIN,LODHA,LT,LTF,LTM,LUPIN,M&M,M&MFIN,MANAPPURAM,MARICO,MARUTI,MAXHEALTH,MAZDOCK,METROPOLIS,MFSL,MINDTREE,MPHASIS,MRF,MRPL,MUTHOOTFIN,NAM-INDIA,NATIONALUM,NAUKRI,NAVINFLUOR,NESTLEIND,NLCINDIA,NMDC,NTPC,NYKAA,OBEROIRLTY,OIL,ONGC,PAGEIND,PAYTM,PEL,PERSISTENT,PFC,PGHH,PHOENIXLTD,PIDILITIND,PIIND,PNB,POLICYBZR,POLYCAB,POWERGRID,POWERINDIA,PRESTIGE,RAMCOCEM,RECLTD,RELIANCE,RVNL,SAIL,SBICARD,SBILIFE,SBIN,SHREECEM,SHRIRAMFIN,SIEMENS,SOLARINDS,SONACOMS,SRF,SUNDARMFIN,SUNPHARMA,TATACHEM,TATACOMM,TATACONSUM,TATAELXSI,TATAMTRDVR,TATAPOWER,TATASTEEL,TCS,TECHM,TITAN,TMPV,TORNTPHARM,TORNTPOWER,TRENT,TVSMOTOR,UBL,ULTRACEMCO,UNIONBANK,UNITDSPR,UPL,VBL,VEDL,VOLTAS,WIPRO,YESBANK,ZYDUSLIFE"
2013-10-31,"360ONE,AARTIIND,ABB,ABCAPITAL,ACC,ADANIENSOL,ADANIENT,ADANIGREEN,ADANIPORTS,ALKEM,AMBUJACEM,APLAPOLLO,APLLTD,APOLLOHOSP,APOLLOTYRE,ASHOKLEY,ASIANPAINT,ASTRAL,ATGL,AUBANK,AUROPHARMA,AXISBANK,BAJAJ-AUTO,BAJAJFINSV,BAJAJHLDNG,BAJFINANCE,BALKRISIND,BANKBARODA,BANKINDIA,BATAINDIA,BDL,BEL,BHARATFORG,BHARTIARTL,BHARTIHEXA,BHEL,BIOCON,BLUESTARCO,BOSCHLTD,BPCL,BRITANNIA,CANBK,CHOLAFIN,CIPLA,CLEAN,COALINDIA,COCHINSHIP,COFORGE,COLPAL,CONCOR,COROMANDEL,CROMPTON,CUMMINSIND,DABUR,DIVISLAB,DIXON,DLF,DMART,DRREDDY,EICHERMOT,EMAMILTD,ENRIN,ETERNAL,EXIDEIND,FACT,FEDERALBNK,FORTIS,GAIL,GLENMARK,GMRAIRPORT,GODFRYPHLP,GODREJCP,GODREJPROP,GRASIM,GSPL,HAL,HAVELLS,HCLTECH,HDFC,HDFCAMC,HDFCBANK,HDFCLIFE,HEROMOTOCO,HINDALCO,HINDPETRO,HINDUNILVR,HINDZINC,HUDCO,ICICIBANK,ICICIGI,IDBI,IDEA,IDFCFIRSTB,IEX,IGL,INDHOTEL,INDIAMART,INDIANB,INDIGO,INDUSINDBK,INDUSTOWER,INFY,IOB,IOC,IRB,IRCTC,IREDA,ISEC,ITC,ITCHOTELS,JINDALSTEL,JSWENERGY,JSWSTEEL,JUBLFOOD,KEI,KOTAKBANK,KPITTECH,LICHSGFIN,LODHA,LT,LTF,LTM,LUPIN,M&M,M&MFIN,MANAPPURAM,MARICO,MARUTI,MAXHEALTH,MAZDOCK,METROPOLIS,MFSL,MINDTREE,MPHASIS,MRF,MRPL,MUTHOOTFIN,NAM-INDIA,NATIONALUM,NAUKRI,NAVINFLUOR,NESTLEIND,NLCINDIA,NMDC,NTPC,NYKAA,OBEROIRLTY,OIL,ONGC,PAGEIND,PAYTM,PEL,PERSISTENT,PFC,PGHH,PHOENIXLTD,PIDILITIND,PIIND,PNB,POLICYBZR,POLYCAB,POWERGRID,POWERINDIA,PRESTIGE,RAMCOCEM,RECLTD,RELIANCE,RVNL,SAIL,SBICARD,SBILIFE,SBIN,SHREECEM,SHRIRAMFIN,SIEMENS,SOLARINDS,SONACOMS,SRF,SUNDARMFIN,SUNPHARMA,TATACHEM,TATACOMM,TATACONSUM,TATAELXSI,TATAMTRDVR,TATAPOWER,TATASTEEL,TCS,TECHM,TITAN,TMPV,TORNTPHARM,TORNTPOWER,TRENT,TVSMOTOR,UBL,ULTRACEMCO,UNIONBANK,UNITDSPR,UPL,VBL,VEDL,VOLTAS,WIPRO,YESBANK,ZYDUSLIFE"
2013-11-30,"360ONE,AARTIIND,ABB,ABCAPITAL,ACC,ADANIENSOL,ADANIENT,ADANIGREEN,ADANIPORTS,ALKEM,AMBUJACEM,APLAPOLLO,APLLTD,APOLLOHOSP,APOLLOTYRE,ASHOKLEY,ASIANPAINT,ASTRAL,ATGL,AUBANK,AUROPHARMA,AXISBANK,BAJAJ-AUTO,BAJAJFINSV,BAJAJHLDNG,BAJFINANCE,BALKRISIND,BANKBARODA,BANKINDIA,BATAINDIA,BDL,BEL,BHARATFORG,BHARTIARTL,BHARTIHEXA,BHEL,BIOCON,BLUESTARCO,BOSCHLTD,BPCL,BRITANNIA,CANBK,CHOLAFIN,CIPLA,CLEAN,COALINDIA,COCHINSHIP,COFORGE,COLPAL,CONCOR,COROMANDEL,CROMPTON,CUMMINSIND,DABUR,DIVISLAB,DIXON,DLF,DMART,DRREDDY,EICHERMOT,EMAMILTD,ENRIN,ETERNAL,EXIDEIND,FACT,FEDERALBNK,FORTIS,GAIL,GLENMARK,GMRAIRPORT,GODFRYPHLP,GODREJCP,GODREJPROP,GRASIM,GSPL,HAL,HAVELLS,HCLTECH,HDFC,HDFCAMC,HDFCBANK,HDFCLIFE,HEROMOTOCO,HINDALCO,HINDPETRO,HINDUNILVR,HINDZINC,HUDCO,ICICIBANK,ICICIGI,IDBI,IDEA,IDFCFIRSTB,IEX,IGL,INDHOTEL,INDIAMART,INDIANB,INDIGO,INDUSINDBK,INDUSTOWER,INFY,IOB,IOC,IRB,IRCTC,IREDA,ISEC,ITC,ITCHOTELS,JINDALSTEL,JSWENERGY,JSWSTEEL,JUBLFOOD,KEI,KOTAKBANK,KPITTECH,LICHSGFIN,LODHA,LT,LTF,LTM,LUPIN,M&M,M&MFIN,MANAPPURAM,MARICO,MARUTI,MAXHEALTH,MAZDOCK,METROPOLIS,MFSL,MINDTREE,MPHASIS,MRF,MRPL,MUTHOOTFIN,NAM-INDIA,NATIONALUM,NAUKRI,NAVINFLUOR,NESTLEIND,NLCINDIA,NMDC,NTPC,NYKAA,OBEROIRLTY,OIL,ONGC,PAGEIND,PAYTM,PEL,PERSISTENT,PFC,PGHH,PHOENIXLTD,PIDILITIND,PIIND,PNB,POLICYBZR,POLYCAB,POWERGRID,POWERINDIA,PRESTIGE,RAMCOCEM,RECLTD,RELIANCE,RVNL,SAIL,SBICARD,SBILIFE,SBIN,SHREECEM,SHRIRAMFIN,SIEMENS,SOLARINDS,SONACOMS,SRF,SUNDARMFIN,SUNPHARMA,TATACHEM,TATACOMM,TATACONSUM,TATAELXSI,TATAMTRDVR,TATAPOWER,TATASTEEL,TCS,TECHM,TITAN,TMPV,TORNTPHARM,TORNTPOWER,TRENT,TVSMOTOR,UBL,ULTRACEMCO,UNIONBANK,UNITDSPR,UPL,VBL,VEDL,VOLTAS,WIPRO,YESBANK,ZYDUSLIFE"
2013-12-31,"360ONE,AARTIIND,ABB,ABCAPITAL,ACC,ADANIENSOL,ADANIENT,ADANIGREEN,ADANIPORTS,ALKEM,AMBUJACEM,APLAPOLLO,APLLTD,APOLLOHOSP,APOLLOTYRE,ASHOKLEY,ASIANPAINT,ASTRAL,ATGL,AUBANK,AUROPHARMA,AXISBANK,BAJAJ-AUTO,BAJAJFINSV,BAJAJHLDNG,BAJFINANCE,BALKRISIND,BANKBARODA,BANKINDIA,BATAINDIA,BDL,BEL,BHARATFORG,BHARTIARTL,BHARTIHEXA,BHEL,BIOCON,BLUESTARCO,BOSCHLTD,BPCL,BRITANNIA,CANBK,CHOLAFIN,CIPLA,CLEAN,COALINDIA,COCHINSHIP,COFORGE,COLPAL,CONCOR,COROMANDEL,CROMPTON,CUMMINSIND,DABUR,DIVISLAB,DIXON,DLF,DMART,DRREDDY,EICHERMOT,EMAMILTD,ENRIN,ETERNAL,EXIDEIND,FACT,FEDERALBNK,FORTIS,GAIL,GLENMARK,GMRAIRPORT,GODFRYPHLP,GODREJCP,GODREJPROP,GRASIM,GSPL,HAL,HAVELLS,HCLTECH,HDFC,HDFCAMC,HDFCBANK,HDFCLIFE,HEROMOTOCO,HINDALCO,HINDPETRO,HINDUNILVR,HINDZINC,HUDCO,ICICIBANK,ICICIGI,IDBI,IDEA,IDFCFIRSTB,IEX,IGL,INDHOTEL,INDIAMART,INDIANB,INDIGO,INDUSINDBK,INDUSTOWER,INFY,IOB,IOC,IRB,IRCTC,IREDA,ISEC,ITC,ITCHOTELS,JINDALSTEL,JSWENERGY,JSWSTEEL,JUBLFOOD,KEI,KOTAKBANK,KPITTECH,LICHSGFIN,LODHA,LT,LTF,LTM,LUPIN,M&M,M&MFIN,MANAPPURAM,MARICO,MARUTI,MAXHEALTH,MAZDOCK,METROPOLIS,MFSL,MINDTREE,MPHASIS,MRF,MRPL,MUTHOOTFIN,NAM-INDIA,NATIONALUM,NAUKRI,NAVINFLUOR,NESTLEIND,NLCINDIA,NMDC,NTPC,NYKAA,OBEROIRLTY,OIL,ONGC,PAGEIND,PAYTM,PEL,PERSISTENT,PFC,PGHH,PHOENIXLTD,PIDILITIND,PIIND,PNB,POLICYBZR,POLYCAB,POWERGRID,POWERINDIA,PRESTIGE,RAMCOCEM,RECLTD,RELIANCE,RVNL,SAIL,SBICARD,SBILIFE,SBIN,SHREECEM,SHRIRAMFIN,SIEMENS,SOLARINDS,SONACOMS,SRF,SUNDARMFIN,SUNPHARMA,TATACHEM,TATACOMM,TATACONSUM,TATAELXSI,TATAMTRDVR,TATAPOWER,TATASTEEL,TCS,TECHM,TITAN,TMPV,TORNTPHARM,TORNTPOWER,TRENT,TVSMOTOR,UBL,ULTRACEMCO,UNIONBANK,UNITDSPR,UPL,VBL,VEDL,VOLTAS,WIPRO,YESBANK,ZYDUSLIFE"
2014-01-31,"360ONE,AARTIIND,ABB,ABCAPITAL,ACC,ADANIENSOL,ADANIENT,ADANIGREEN,ADANIPORTS,ALKEM,AMBUJACEM,APLAPOLLO,APLLTD,APOLLOHOSP,APOLLOTYRE,ASHOKLEY,ASIANPAINT,ASTRAL,ATGL,AUBANK,AUROPHARMA,AXISBANK,BAJAJ-AUTO,BAJAJFINSV,BAJAJHLDNG,BAJFINANCE,BALKRISIND,BANKBARODA,BANKINDIA,BATAINDIA,BDL,BEL,BHARATFORG,BHARTIARTL,BHARTIHEXA,BHEL,BIOCON,BLUESTARCO,BOSCHLTD,BPCL,BRITANNIA,CANBK,CHOLAFIN,CIPLA,CLEAN,COALINDIA,COCHINSHIP,COFORGE,COLPAL,CONCOR,COROMANDEL,CROMPTON,CUMMINSIND,DABUR,DIVISLAB,DIXON,DLF,DMART,DRREDDY,EICHERMOT,EMAMILTD,ENRIN,ETERNAL,EXIDEIND,FACT,FEDERALBNK,FORTIS,GAIL,GLENMARK,GMRAIRPORT,GODFRYPHLP,GODREJCP,GODREJPROP,GRASIM,GSPL,HAL,HAVELLS,HCLTECH,HDFC,HDFCAMC,HDFCBANK,HDFCLIFE,HEROMOTOCO,HINDALCO,HINDPETRO,HINDUNILVR,HINDZINC,HUDCO,ICICIBANK,ICICIGI,IDBI,IDEA,IDFCFIRSTB,IEX,IGL,INDHOTEL,INDIAMART,INDIANB,INDIGO,INDUSINDBK,INDUSTOWER,INFY,IOB,IOC,IRB,IRCTC,IREDA,ISEC,ITC,ITCHOTELS,JINDALSTEL,JSWENERGY,JSWSTEEL,JUBLFOOD,KEI,KOTAKBANK,KPITTECH,LICHSGFIN,LODHA,LT,LTF,LTM,LUPIN,M&M,M&MFIN,MANAPPURAM,MARICO,MARUTI,MAXHEALTH,MAZDOCK,METROPOLIS,MFSL,MINDTREE,MPHASIS,MRF,MRPL,MUTHOOTFIN,NAM-INDIA,NATIONALUM,NAUKRI,NAVINFLUOR,NESTLEIND,NLCINDIA,NMDC,NTPC,NYKAA,OBEROIRLTY,OIL,ONGC,PAGEIND,PAYTM,PEL,PERSISTENT,PFC,PGHH,PHOENIXLTD,PIDILITIND,PIIND,PNB,POLICYBZR,POLYCAB,POWERGRID,POWERINDIA,PRESTIGE,RAMCOCEM,RECLTD,RELIANCE,RVNL,SAIL,SBICARD,SBILIFE,SBIN,SHREECEM,SHRIRAMFIN,SIEMENS,SOLARINDS,SONACOMS,SRF,SUNDARMFIN,SUNPHARMA,TATACHEM,TATACOMM,TATACONSUM,TATAELXSI,TATAMTRDVR,TATAPOWER,TATASTEEL,TCS,TECHM,TITAN,TMPV,TORNTPHARM,TORNTPOWER,TRENT,TVSMOTOR,UBL,ULTRACEMCO,UNIONBANK,UNITDSPR,UPL,VBL,VEDL,VOLTAS,WIPRO,YESBANK,ZYDUSLIFE"
2014-02-28,"360ONE,AARTIIND,ABB,ABCAPITAL,ACC,ADANIENSOL,ADANIENT,ADANIGREEN,ADANIPORTS,ALKEM,AMBUJACEM,APLAPOLLO,APLLTD,APOLLOHOSP,APOLLOTYRE,ASHOKLEY,ASIANPAINT,ASTRAL,ATGL,AUBANK,AUROPHARMA,AXISBANK,BAJAJ-AUTO,BAJAJFINSV,BAJAJHLDNG,BAJFINANCE,BALKRISIND,BANKBARODA,BANKINDIA,BATAINDIA,BDL,BEL,BHARATFORG,BHARTIARTL,BHARTIHEXA,BHEL,BIOCON,BLUESTARCO,BOSCHLTD,BPCL,BRITANNIA,CANBK,CHOLAFIN,CIPLA,CLEAN,COALINDIA,COCHINSHIP,COFORGE,COLPAL,CONCOR,COROMANDEL,CROMPTON,CUMMINSIND,DABUR,DIVISLAB,DIXON,DLF,DMART,DRREDDY,EICHERMOT,EMAMILTD,ENRIN,ETERNAL,EXIDEIND,FACT,FEDERALBNK,FORTIS,GAIL,GLENMARK,GMRAIRPORT,GODFRYPHLP,GODREJCP,GODREJPROP,GRASIM,GSPL,HAL,HAVELLS,HCLTECH,HDFC,HDFCAMC,HDFCBANK,HDFCLIFE,HEROMOTOCO,HINDALCO,HINDPETRO,HINDUNILVR,HINDZINC,HUDCO,ICICIBANK,ICICIGI,IDBI,IDEA,IDFCFIRSTB,IEX,IGL,INDHOTEL,INDIAMART,INDIANB,INDIGO,INDUSINDBK,INDUSTOWER,INFY,IOB,IOC,IRB,IRCTC,IREDA,ISEC,ITC,ITCHOTELS,JINDALSTEL,JSWENERGY,JSWSTEEL,JUBLFOOD,KEI,KOTAKBANK,KPITTECH,LICHSGFIN,LODHA,LT,LTF,LTM,LUPIN,M&M,M&MFIN,MANAPPURAM,MARICO,MARUTI,MAXHEALTH,MAZDOCK,METROPOLIS,MFSL,MINDTREE,MPHASIS,MRF,MRPL,MUTHOOTFIN,NAM-INDIA,NATIONALUM,NAUKRI,NAVINFLUOR,NESTLEIND,NLCINDIA,NMDC,NTPC,NYKAA,OBEROIRLTY,OIL,ONGC,PAGEIND,PAYTM,PEL,PERSISTENT,PFC,PGHH,PHOENIXLTD,PIDILITIND,PIIND,PNB,POLICYBZR,POLYCAB,POWERGRID,POWERINDIA,PRESTIGE,RAMCOCEM,RECLTD,RELIANCE,RVNL,SAIL,SBICARD,SBILIFE,SBIN,SHREECEM,SHRIRAMFIN,SIEMENS,SOLARINDS,SONACOMS,SRF,SUNDARMFIN,SUNPHARMA,TATACHEM,TATACOMM,TATACONSUM,TATAELXSI,TATAMTRDVR,TATAPOWER,TATASTEEL,TCS,TECHM,TITAN,TMPV,TORNTPHARM,TORNTPOWER,TRENT,TVSMOTOR,UBL,ULTRACEMCO,UNIONBANK,UNITDSPR,UPL,VBL,VEDL,VOLTAS,WIPRO,YESBANK,ZYDUSLIFE"
2014-03-31,"360ONE,AARTIIND,ABB,ABCAPITAL,ACC,ADANIENSOL,ADANIENT,ADANIGREEN,ADANIPORTS,ALKEM,AMBUJACEM,APLAPOLLO,APLLTD,APOLLOHOSP,APOLLOTYRE,ASHOKLEY,ASIANPAINT,ASTRAL,ATGL,AUBANK,AUROPHARMA,AXISBANK,BAJAJ-AUTO,BAJAJFINSV,BAJAJHLDNG,BAJFINANCE,BALKRISIND,BANKBARODA,BANKINDIA,BATAINDIA,BDL,BEL,BHARATFORG,BHARTIARTL,BHARTIHEXA,BHEL,BIOCON,BLUESTARCO,BOSCHLTD,BPCL,BRITANNIA,CANBK,CHOLAFIN,CIPLA,CLEAN,COALINDIA,COCHINSHIP,COFORGE,COLPAL,CONCOR,COROMANDEL,CROMPTON,CUMMINSIND,DABUR,DIVISLAB,DIXON,DLF,DMART,DRREDDY,EICHERMOT,EMAMILTD,ENRIN,ETERNAL,EXIDEIND,FACT,FEDERALBNK,FORTIS,GAIL,GLENMARK,GMRAIRPORT,GODFRYPHLP,GODREJCP,GODREJPROP,GRASIM,GSPL,HAL,HAVELLS,HCLTECH,HDFC,HDFCAMC,HDFCBANK,HDFCLIFE,HEROMOTOCO,HINDALCO,HINDPETRO,HINDUNILVR,HINDZINC,HUDCO,ICICIBANK,ICICIGI,IDBI,IDEA,IDFCFIRSTB,IEX,IGL,INDHOTEL,INDIAMART,INDIANB,INDIGO,INDUSINDBK,INDUSTOWER,INFY,IOB,IOC,IRB,IRCTC,IREDA,ISEC,ITC,ITCHOTELS,JINDALSTEL,JSWENERGY,JSWSTEEL,JUBLFOOD,KEI,KOTAKBANK,KPITTECH,LICHSGFIN,LODHA,LT,LTF,LTM,LUPIN,M&M,M&MFIN,MANAPPURAM,MARICO,MARUTI,MAXHEALTH,MAZDOCK,METROPOLIS,MFSL,MINDTREE,MPHASIS,MRF,MRPL,MUTHOOTFIN,NAM-INDIA,NATIONALUM,NAUKRI,NAVINFLUOR,NESTLEIND,NLCINDIA,NMDC,NTPC,NYKAA,OBEROIRLTY,OIL,ONGC,PAGEIND,PAYTM,PEL,PERSISTENT,PFC,PGHH,PHOENIXLTD,PIDILITIND,PIIND,PNB,POLICYBZR,POLYCAB,POWERGRID,POWERINDIA,PRESTIGE,RAMCOCEM,RECLTD,RELIANCE,RVNL,SAIL,SBICARD,SBILIFE,SBIN,SHREECEM,SHRIRAMFIN,SIEMENS,SOLARINDS,SONACOMS,SRF,SUNDARMFIN,SUNPHARMA,TATACHEM,TATACOMM,TATACONSUM,TATAELXSI,TATAMTRDVR,TATAPOWER,TATASTEEL,TCS,TECHM,TITAN,TMPV,TORNTPHARM,TORNTPOWER,TRENT,TVSMOTOR,UBL,ULTRACEMCO,UNIONBANK,UNITDSPR,UPL,VBL,VEDL,VOLTAS,WIPRO,YESBANK,ZYDUSLIFE"
2014-04-30,"360ONE,AARTIIND,ABB,ABCAPITAL,ACC,ADANIENSOL,ADANIENT,ADANIGREEN,ADANIPORTS,ALKEM,AMBUJACEM,APLAPOLLO,APLLTD,APOLLOHOSP,APOLLOTYRE,ASHOKLEY,ASIANPAINT,ASTRAL,ATGL,AUBANK,AUROPHARMA,AXISBANK,BAJAJ-AUTO,BAJAJFINSV,BAJAJHLDNG,BAJFINANCE,BALKRISIND,BANKBARODA,BANKINDIA,BATAINDIA,BDL,BEL,BHARATFORG,BHARTIARTL,BHARTIHEXA,BHEL,BIOCON,BLUESTARCO,BOSCHLTD,BPCL,BRITANNIA,CANBK,CHOLAFIN,CIPLA,CLEAN,COALINDIA,COCHINSHIP,COFORGE,COLPAL,CONCOR,COROMANDEL,CROMPTON,CUMMINSIND,DABUR,DIVISLAB,DIXON,DLF,DMART,DRREDDY,EICHERMOT,EMAMILTD,ENRIN,ETERNAL,EXIDEIND,FACT,FEDERALBNK,FORTIS,GAIL,GLENMARK,GMRAIRPORT,GODFRYPHLP,GODREJCP,GODREJPROP,GRASIM,GSPL,HAL,HAVELLS,HCLTECH,HDFC,HDFCAMC,HDFCBANK,HDFCLIFE,HEROMOTOCO,HINDALCO,HINDPETRO,HINDUNILVR,HINDZINC,HUDCO,ICICIBANK,ICICIGI,IDBI,IDEA,IDFCFIRSTB,IEX,IGL,INDHOTEL,INDIAMART,INDIANB,INDIGO,INDUSINDBK,INDUSTOWER,INFY,IOB,IOC,IRB,IRCTC,IREDA,ISEC,ITC,ITCHOTELS,JINDALSTEL,JSWENERGY,JSWSTEEL,JUBLFOOD,KEI,KOTAKBANK,KPITTECH,LICHSGFIN,LODHA,LT,LTF,LTM,LUPIN,M&M,M&MFIN,MANAPPURAM,MARICO,MARUTI,MAXHEALTH,MAZDOCK,METROPOLIS,MFSL,MINDTREE,MPHASIS,MRF,MRPL,MUTHOOTFIN,NAM-INDIA,NATIONALUM,NAUKRI,NAVINFLUOR,NESTLEIND,NLCINDIA,NMDC,NTPC,NYKAA,OBEROIRLTY,OIL,ONGC,PAGEIND,PAYTM,PEL,PERSISTENT,PFC,PGHH,PHOENIXLTD,PIDILITIND,PIIND,PNB,POLICYBZR,POLYCAB,POWERGRID,POWERINDIA,PRESTIGE,RAMCOCEM,RECLTD,RELIANCE,RVNL,SAIL,SBICARD,SBILIFE,SBIN,SHREECEM,SHRIRAMFIN,SIEMENS,SOLARINDS,SONACOMS,SRF,SUNDARMFIN,SUNPHARMA,TATACHEM,TATACOMM,TATACONSUM,TATAELXSI,TATAMTRDVR,TATAPOWER,TATASTEEL,TCS,TECHM,TITAN,TMPV,TORNTPHARM,TORNTPOWER,TRENT,TVSMOTOR,UBL,ULTRACEMCO,UNIONBANK,UNITDSPR,UPL,VBL,VEDL,VOLTAS,WIPRO,YESBANK,ZYDUSLIFE"
2014-05-31,"360ONE,AARTIIND,ABB,ABCAPITAL,ACC,ADANIENSOL,ADANIENT,ADANIGREEN,ADANIPORTS,ALKEM,AMBUJACEM,APLAPOLLO,APLLTD,APOLLOHOSP,APOLLOTYRE,ASHOKLEY,ASIANPAINT,ASTRAL,ATGL,AUBANK,AUROPHARMA,AXISBANK,BAJAJ-AUTO,BAJAJFINSV,BAJAJHLDNG,BAJFINANCE,BALKRISIND,BANKBARODA,BANKINDIA,BATAINDIA,BDL,BEL,BHARATFORG,BHARTIARTL,BHARTIHEXA,BHEL,BIOCON,BLUESTARCO,BOSCHLTD,BPCL,BRITANNIA,CANBK,CHOLAFIN,CIPLA,CLEAN,COALINDIA,COCHINSHIP,COFORGE,COLPAL,CONCOR,COROMANDEL,CROMPTON,CUMMINSIND,DABUR,DIVISLAB,DIXON,DLF,DMART,DRREDDY,EICHERMOT,EMAMILTD,ENRIN,ETERNAL,EXIDEIND,FACT,FEDERALBNK,FORTIS,GAIL,GLENMARK,GMRAIRPORT,GODFRYPHLP,GODREJCP,GODREJPROP,GRASIM,GSPL,HAL,HAVELLS,HCLTECH,HDFC,HDFCAMC,HDFCBANK,HDFCLIFE,HEROMOTOCO,HINDALCO,HINDPETRO,HINDUNILVR,HINDZINC,HUDCO,ICICIBANK,ICICIGI,IDBI,IDEA,IDFCFIRSTB,IEX,IGL,INDHOTEL,INDIAMART,INDIANB,INDIGO,INDUSINDBK,INDUSTOWER,INFY,IOB,IOC,IRB,IRCTC,IREDA,ISEC,ITC,ITCHOTELS,JINDALSTEL,JSWENERGY,JSWSTEEL,JUBLFOOD,KEI,KOTAKBANK,KPITTECH,LICHSGFIN,LODHA,LT,LTF,LTM,LUPIN,M&M,M&MFIN,MANAPPURAM,MARICO,MARUTI,MAXHEALTH,MAZDOCK,METROPOLIS,MFSL,MINDTREE,MPHASIS,MRF,MRPL,MUTHOOTFIN,NAM-INDIA,NATIONALUM,NAUKRI,NAVINFLUOR,NESTLEIND,NLCINDIA,NMDC,NTPC,NYKAA,OBEROIRLTY,OIL,ONGC,PAGEIND,PAYTM,PEL,PERSISTENT,PFC,PGHH,PHOENIXLTD,PIDILITIND,PIIND,PNB,POLICYBZR,POLYCAB,POWERGRID,POWERINDIA,PRESTIGE,RAMCOCEM,RECLTD,RELIANCE,RVNL,SAIL,SBICARD,SBILIFE,SBIN,SHREECEM,SHRIRAMFIN,SIEMENS,SOLARINDS,SONACOMS,SRF,SUNDARMFIN,SUNPHARMA,TATACHEM,TATACOMM,TATACONSUM,TATAELXSI,TATAMTRDVR,TATAPOWER,TATASTEEL,TCS,TECHM,TITAN,TMPV,TORNTPHARM,TORNTPOWER,TRENT,TVSMOTOR,UBL,ULTRACEMCO,UNIONBANK,UNITDSPR,UPL,VBL,VEDL,VOLTAS,WIPRO,YESBANK,ZYDUSLIFE"
2014-06-30,"360ONE,AARTIIND,ABB,ABCAPITAL,ACC,ADANIENSOL,ADANIENT,ADANIGREEN,ADANIPORTS,ALKEM,AMBUJACEM,APLAPOLLO,APLLTD,APOLLOHOSP,APOLLOTYRE,ASHOKLEY,ASIANPAINT,ASTRAL,ATGL,AUBANK,AUROPHARMA,AXISBANK,BAJAJ-AUTO,BAJAJFINSV,BAJAJHLDNG,BAJFINANCE,BALKRISIND,BANKBARODA,BANKINDIA,BATAINDIA,BDL,BEL,BHARATFORG,BHARTIARTL,BHARTIHEXA,BHEL,BIOCON,BLUESTARCO,BOSCHLTD,BPCL,BRITANNIA,CANBK,CHOLAFIN,CIPLA,CLEAN,COALINDIA,COCHINSHIP,COFORGE,COLPAL,CONCOR,COROMANDEL,CROMPTON,CUMMINSIND,DABUR,DIVISLAB,DIXON,DLF,DMART,DRREDDY,EICHERMOT,EMAMILTD,ENRIN,ETERNAL,EXIDEIND,FACT,FEDERALBNK,FORTIS,GAIL,GLENMARK,GMRAIRPORT,GODFRYPHLP,GODREJCP,GODREJPROP,GRASIM,GSPL,HAL,HAVELLS,HCLTECH,HDFC,HDFCAMC,HDFCBANK,HDFCLIFE,HEROMOTOCO,HINDALCO,HINDPETRO,HINDUNILVR,HINDZINC,HUDCO,ICICIBANK,ICICIGI,IDBI,IDEA,IDFCFIRSTB,IEX,IGL,INDHOTEL,INDIAMART,INDIANB,INDIGO,INDUSINDBK,INDUSTOWER,INFY,IOB,IOC,IRB,IRCTC,IREDA,ISEC,ITC,ITCHOTELS,JINDALSTEL,JSWENERGY,JSWSTEEL,JUBLFOOD,KEI,KOTAKBANK,KPITTECH,LICHSGFIN,LODHA,LT,LTF,LTM,LUPIN,M&M,M&MFIN,MANAPPURAM,MARICO,MARUTI,MAXHEALTH,MAZDOCK,METROPOLIS,MFSL,MINDTREE,MPHASIS,MRF,MRPL,MUTHOOTFIN,NAM-INDIA,NATIONALUM,NAUKRI,NAVINFLUOR,NESTLEIND,NLCINDIA,NMDC,NTPC,NYKAA,OBEROIRLTY,OIL,ONGC,PAGEIND,PAYTM,PEL,PERSISTENT,PFC,PGHH,PHOENIXLTD,PIDILITIND,PIIND,PNB,POLICYBZR,POLYCAB,POWERGRID,POWERINDIA,PRESTIGE,RAMCOCEM,RECLTD,RELIANCE,RVNL,SAIL,SBICARD,SBILIFE,SBIN,SHREECEM,SHRIRAMFIN,SIEMENS,SOLARINDS,SONACOMS,SRF,SUNDARMFIN,SUNPHARMA,TATACHEM,TATACOMM,TATACONSUM,TATAELXSI,TATAMTRDVR,TATAPOWER,TATASTEEL,TCS,TECHM,TITAN,TMPV,TORNTPHARM,TORNTPOWER,TRENT,TVSMOTOR,UBL,ULTRACEMCO,UNIONBANK,UNITDSPR,UPL,VBL,VEDL,VOLTAS,WIPRO,YESBANK,ZYDUSLIFE"
2014-07-31,"360ONE,AARTIIND,ABB,ABCAPITAL,ACC,ADANIENSOL,ADANIENT,ADANIGREEN,ADANIPORTS,ALKEM,AMBUJACEM,APLAPOLLO,APLLTD,APOLLOHOSP,APOLLOTYRE,ASHOKLEY,ASIANPAINT,ASTRAL,ATGL,AUBANK,AUROPHARMA,AXISBANK,BAJAJ-AUTO,BAJAJFINSV,BAJAJHLDNG,BAJFINANCE,BALKRISIND,BANKBARODA,BANKINDIA,BATAINDIA,BDL,BEL,BHARATFORG,BHARTIARTL,BHARTIHEXA,BHEL,BIOCON,BLUESTARCO,BOSCHLTD,BPCL,BRITANNIA,CANBK,CHOLAFIN,CIPLA,CLEAN,COALINDIA,COCHINSHIP,COFORGE,COLPAL,CONCOR,COROMANDEL,CROMPTON,CUMMINSIND,DABUR,DIVISLAB,DIXON,DLF,DMART,DRREDDY,EICHERMOT,EMAMILTD,ENRIN,ETERNAL,EXIDEIND,FACT,FEDERALBNK,FORTIS,GAIL,GLENMARK,GMRAIRPORT,GODFRYPHLP,GODREJCP,GODREJPROP,GRASIM,GSPL,HAL,HAVELLS,HCLTECH,HDFC,HDFCAMC,HDFCBANK,HDFCLIFE,HEROMOTOCO,HINDALCO,HINDPETRO,HINDUNILVR,HINDZINC,HUDCO,ICICIBANK,ICICIGI,IDBI,IDEA,IDFCFIRSTB,IEX,IGL,INDHOTEL,INDIAMART,INDIANB,INDIGO,INDUSINDBK,INDUSTOWER,INFY,IOB,IOC,IRB,IRCTC,IREDA,ISEC,ITC,ITCHOTELS,JINDALSTEL,JSWENERGY,JSWSTEEL,JUBLFOOD,KEI,KOTAKBANK,KPITTECH,LICHSGFIN,LODHA,LT,LTF,LTM,LUPIN,M&M,M&MFIN,MANAPPURAM,MARICO,MARUTI,MAXHEALTH,MAZDOCK,METROPOLIS,MFSL,MINDTREE,MPHASIS,MRF,MRPL,MUTHOOTFIN,NAM-INDIA,NATIONALUM,NAUKRI,NAVINFLUOR,NESTLEIND,NLCINDIA,NMDC,NTPC,NYKAA,OBEROIRLTY,OIL,ONGC,PAGEIND,PAYTM,PEL,PERSISTENT,PFC,PGHH,PHOENIXLTD,PIDILITIND,PIIND,PNB,POLICYBZR,POLYCAB,POWERGRID,POWERINDIA,PRESTIGE,RAMCOCEM,RECLTD,RELIANCE,RVNL,SAIL,SBICARD,SBILIFE,SBIN,SHREECEM,SHRIRAMFIN,SIEMENS,SOLARINDS,SONACOMS,SRF,SUNDARMFIN,SUNPHARMA,TATACHEM,TATACOMM,TATACONSUM,TATAELXSI,TATAMTRDVR,TATAPOWER,TATASTEEL,TCS,TECHM,TITAN,TMPV,TORNTPHARM,TORNTPOWER,TRENT,TVSMOTOR,UBL,ULTRACEMCO,UNIONBANK,UNITDSPR,UPL,VBL,VEDL,VOLTAS,WIPRO,YESBANK,ZYDUSLIFE"
2014-08-31,"360ONE,AARTIIND,ABB,ABCAPITAL,ACC,ADANIENSOL,ADANIENT,ADANIGREEN,ADANIPORTS,ALKEM,AMBUJACEM,APLAPOLLO,APLLTD,APOLLOHOSP,APOLLOTYRE,ASHOKLEY,ASIANPAINT,ASTRAL,ATGL,AUBANK,AUROPHARMA,AXISBANK,BAJAJ-AUTO,BAJAJFINSV,BAJAJHLDNG,BAJFINANCE,BALKRISIND,BANKBARODA,BANKINDIA,BATAINDIA,BDL,BEL,BHARATFORG,BHARTIARTL,BHARTIHEXA,BHEL,BIOCON,BLUESTARCO,BOSCHLTD,BPCL,BRITANNIA,CANBK,CHOLAFIN,CIPLA,CLEAN,COALINDIA,COCHINSHIP,COFORGE,COLPAL,CONCOR,COROMANDEL,CROMPTON,CUMMINSIND,DABUR,DIVISLAB,DIXON,DLF,DMART,DRREDDY,EICHERMOT,EMAMILTD,ENRIN,ETERNAL,EXIDEIND,FACT,FEDERALBNK,FORTIS,GAIL,GLENMARK,GMRAIRPORT,GODFRYPHLP,GODREJCP,GODREJPROP,GRASIM,GSPL,HAL,HAVELLS,HCLTECH,HDFC,HDFCAMC,HDFCBANK,HDFCLIFE,HEROMOTOCO,HINDALCO,HINDPETRO,HINDUNILVR,HINDZINC,HUDCO,ICICIBANK,ICICIGI,IDBI,IDEA,IDFCFIRSTB,IEX,IGL,INDHOTEL,INDIAMART,INDIANB,INDIGO,INDUSINDBK,INDUSTOWER,INFY,IOB,IOC,IRB,IRCTC,IREDA,ISEC,ITC,ITCHOTELS,JINDALSTEL,JSWENERGY,JSWSTEEL,JUBLFOOD,KEI,KOTAKBANK,KPITTECH,LICHSGFIN,LODHA,LT,LTF,LTM,LUPIN,M&M,M&MFIN,MANAPPURAM,MARICO,MARUTI,MAXHEALTH,MAZDOCK,METROPOLIS,MFSL,MINDTREE,MPHASIS,MRF,MRPL,MUTHOOTFIN,NAM-INDIA,NATIONALUM,NAUKRI,NAVINFLUOR,NESTLEIND,NLCINDIA,NMDC,NTPC,NYKAA,OBEROIRLTY,OIL,ONGC,PAGEIND,PAYTM,PEL,PERSISTENT,PFC,PGHH,PHOENIXLTD,PIDILITIND,PIIND,PNB,POLICYBZR,POLYCAB,POWERGRID,POWERINDIA,PRESTIGE,RAMCOCEM,RECLTD,RELIANCE,RVNL,SAIL,SBICARD,SBILIFE,SBIN,SHREECEM,SHRIRAMFIN,SIEMENS,SOLARINDS,SONACOMS,SRF,SUNDARMFIN,SUNPHARMA,TATACHEM,TATACOMM,TATACONSUM,TATAELXSI,TATAMTRDVR,TATAPOWER,TATASTEEL,TCS,TECHM,TITAN,TMPV,TORNTPHARM,TORNTPOWER,TRENT,TVSMOTOR,UBL,ULTRACEMCO,UNIONBANK,UNITDSPR,UPL,VBL,VEDL,VOLTAS,WIPRO,YESBANK,ZYDUSLIFE"
2014-09-30,"360ONE,AARTIIND,ABB,ABCAPITAL,ACC,ADANIENSOL,ADANIENT,ADANIGREEN,ADANIPORTS,ALKEM,AMBUJACEM,APLAPOLLO,APLLTD,APOLLOHOSP,APOLLOTYRE,ASHOKLEY,ASIANPAINT,ASTRAL,ATGL,AUBANK,AUROPHARMA,AXISBANK,BAJAJ-AUTO,BAJAJFINSV,BAJAJHLDNG,BAJFINANCE,BALKRISIND,BANKBARODA,BANKINDIA,BATAINDIA,BDL,BEL,BHARATFORG,BHARTIARTL,BHARTIHEXA,BHEL,BIOCON,BLUESTARCO,BOSCHLTD,BPCL,BRITANNIA,CANBK,CHOLAFIN,CIPLA,CLEAN,COALINDIA,COCHINSHIP,COFORGE,COLPAL,CONCOR,COROMANDEL,CROMPTON,CUMMINSIND,DABUR,DIVISLAB,DIXON,DLF,DMART,DRREDDY,EICHERMOT,EMAMILTD,ENRIN,ETERNAL,EXIDEIND,FACT,FEDERALBNK,FORTIS,GAIL,GLENMARK,GMRAIRPORT,GODFRYPHLP,GODREJCP,GODREJPROP,GRASIM,GSPL,HAL,HAVELLS,HCLTECH,HDFC,HDFCAMC,HDFCBANK,HDFCLIFE,HEROMOTOCO,HINDALCO,HINDPETRO,HINDUNILVR,HINDZINC,HUDCO,ICICIBANK,ICICIGI,IDBI,IDEA,IDFCFIRSTB,IEX,IGL,INDHOTEL,INDIAMART,INDIANB,INDIGO,INDUSINDBK,INDUSTOWER,INFY,IOB,IOC,IRB,IRCTC,IREDA,ISEC,ITC,ITCHOTELS,JINDALSTEL,JSWENERGY,JSWSTEEL,JUBLFOOD,KEI,KOTAKBANK,KPITTECH,LICHSGFIN,LODHA,LT,LTF,LTM,LUPIN,M&M,M&MFIN,MANAPPURAM,MARICO,MARUTI,MAXHEALTH,MAZDOCK,METROPOLIS,MFSL,MINDTREE,MPHASIS,MRF,MRPL,MUTHOOTFIN,NAM-INDIA,NATIONALUM,NAUKRI,NAVINFLUOR,NESTLEIND,NLCINDIA,NMDC,NTPC,NYKAA,OBEROIRLTY,OIL,ONGC,PAGEIND,PAYTM,PEL,PERSISTENT,PFC,PGHH,PHOENIXLTD,PIDILITIND,PIIND,PNB,POLICYBZR,POLYCAB,POWERGRID,POWERINDIA,PRESTIGE,RAMCOCEM,RECLTD,RELIANCE,RVNL,SAIL,SBICARD,SBILIFE,SBIN,SHREECEM,SHRIRAMFIN,SIEMENS,SOLARINDS,SONACOMS,SRF,SUNDARMFIN,SUNPHARMA,TATACHEM,TATACOMM,TATACONSUM,TATAELXSI,TATAMTRDVR,TATAPOWER,TATASTEEL,TCS,TECHM,TITAN,TMPV,TORNTPHARM,TORNTPOWER,TRENT,TVSMOTOR,UBL,ULTRACEMCO,UNIONBANK,UNITDSPR,UPL,VBL,VEDL,VOLTAS,WIPRO,YESBANK,ZYDUSLIFE"
2014-10-31,"360ONE,AARTIIND,ABB,ABCAPITAL,ACC,ADANIENSOL,ADANIENT,ADANIGREEN,ADANIPORTS,ALKEM,AMBUJACEM,APLAPOLLO,APLLTD,APOLLOHOSP,APOLLOTYRE,ASHOKLEY,ASIANPAINT,ASTRAL,ATGL,AUBANK,AUROPHARMA,AXISBANK,BAJAJ-AUTO,BAJAJFINSV,BAJAJHLDNG,BAJFINANCE,BALKRISIND,BANKBARODA,BANKINDIA,BATAINDIA,BDL,BEL,BHARATFORG,BHARTIARTL,BHARTIHEXA,BHEL,BIOCON,BLUESTARCO,BOSCHLTD,BPCL,BRITANNIA,CANBK,CHOLAFIN,CIPLA,CLEAN,COALINDIA,COCHINSHIP,COFORGE,COLPAL,CONCOR,COROMANDEL,CROMPTON,CUMMINSIND,DABUR,DIVISLAB,DIXON,DLF,DMART,DRREDDY,EICHERMOT,EMAMILTD,ENRIN,ETERNAL,EXIDEIND,FACT,FEDERALBNK,FORTIS,GAIL,GLENMARK,GMRAIRPORT,GODFRYPHLP,GODREJCP,GODREJPROP,GRASIM,GSPL,HAL,HAVELLS,HCLTECH,HDFC,HDFCAMC,HDFCBANK,HDFCLIFE,HEROMOTOCO,HINDALCO,HINDPETRO,HINDUNILVR,HINDZINC,HUDCO,ICICIBANK,ICICIGI,IDBI,IDEA,IDFCFIRSTB,IEX,IGL,INDHOTEL,INDIAMART,INDIANB,INDIGO,INDUSINDBK,INDUSTOWER,INFY,IOB,IOC,IRB,IRCTC,IREDA,ISEC,ITC,ITCHOTELS,JINDALSTEL,JSWENERGY,JSWSTEEL,JUBLFOOD,KEI,KOTAKBANK,KPITTECH,LICHSGFIN,LODHA,LT,LTF,LTM,LUPIN,M&M,M&MFIN,MANAPPURAM,MARICO,MARUTI,MAXHEALTH,MAZDOCK,METROPOLIS,MFSL,MINDTREE,MPHASIS,MRF,MRPL,MUTHOOTFIN,NAM-INDIA,NATIONALUM,NAUKRI,NAVINFLUOR,NESTLEIND,NLCINDIA,NMDC,NTPC,NYKAA,OBEROIRLTY,OIL,ONGC,PAGEIND,PAYTM,PEL,PERSISTENT,PFC,PGHH,PHOENIXLTD,PIDILITIND,PIIND,PNB,POLICYBZR,POLYCAB,POWERGRID,POWERINDIA,PRESTIGE,RAMCOCEM,RECLTD,RELIANCE,RVNL,SAIL,SBICARD,SBILIFE,SBIN,SHREECEM,SHRIRAMFIN,SIEMENS,SOLARINDS,SONACOMS,SRF,SUNDARMFIN,SUNPHARMA,TATACHEM,TATACOMM,TATACONSUM,TATAELXSI,TATAMTRDVR,TATAPOWER,TATASTEEL,TCS,TECHM,TITAN,TMPV,TORNTPHARM,TORNTPOWER,TRENT,TVSMOTOR,UBL,ULTRACEMCO,UNIONBANK,UNITDSPR,UPL,VBL,VEDL,VOLTAS,WIPRO,YESBANK,ZYDUSLIFE"
2014-11-30,"360ONE,AARTIIND,ABB,ABCAPITAL,ACC,ADANIENSOL,ADANIENT,ADANIGREEN,ADANIPORTS,ALKEM,AMBUJACEM,APLAPOLLO,APLLTD,APOLLOHOSP,APOLLOTYRE,ASHOKLEY,ASIANPAINT,ASTRAL,ATGL,AUBANK,AUROPHARMA,AXISBANK,BAJAJ-AUTO,BAJAJFINSV,BAJAJHLDNG,BAJFINANCE,BALKRISIND,BANKBARODA,BANKINDIA,BATAINDIA,BDL,BEL,BHARATFORG,BHARTIARTL,BHARTIHEXA,BHEL,BIOCON,BLUESTARCO,BOSCHLTD,BPCL,BRITANNIA,CANBK,CHOLAFIN,CIPLA,CLEAN,COALINDIA,COCHINSHIP,COFORGE,COLPAL,CONCOR,COROMANDEL,CROMPTON,CUMMINSIND,DABUR,DIVISLAB,DIXON,DLF,DMART,DRREDDY,EICHERMOT,EMAMILTD,ENRIN,ETERNAL,EXIDEIND,FACT,FEDERALBNK,FORTIS,GAIL,GLENMARK,GMRAIRPORT,GODFRYPHLP,GODREJCP,GODREJPROP,GRASIM,GSPL,HAL,HAVELLS,HCLTECH,HDFC,HDFCAMC,HDFCBANK,HDFCLIFE,HEROMOTOCO,HINDALCO,HINDPETRO,HINDUNILVR,HINDZINC,HUDCO,ICICIBANK,ICICIGI,IDBI,IDEA,IDFCFIRSTB,IEX,IGL,INDHOTEL,INDIAMART,INDIANB,INDIGO,INDUSINDBK,INDUSTOWER,INFY,IOB,IOC,IRB,IRCTC,IREDA,ISEC,ITC,ITCHOTELS,JINDALSTEL,JSWENERGY,JSWSTEEL,JUBLFOOD,KEI,KOTAKBANK,KPITTECH,LICHSGFIN,LODHA,LT,LTF,LTM,LUPIN,M&M,M&MFIN,MANAPPURAM,MARICO,MARUTI,MAXHEALTH,MAZDOCK,METROPOLIS,MFSL,MINDTREE,MPHASIS,MRF,MRPL,MUTHOOTFIN,NAM-INDIA,NATIONALUM,NAUKRI,NAVINFLUOR,NESTLEIND,NLCINDIA,NMDC,NTPC,NYKAA,OBEROIRLTY,OIL,ONGC,PAGEIND,PAYTM,PEL,PERSISTENT,PFC,PGHH,PHOENIXLTD,PIDILITIND,PIIND,PNB,POLICYBZR,POLYCAB,POWERGRID,POWERINDIA,PRESTIGE,RAMCOCEM,RECLTD,RELIANCE,RVNL,SAIL,SBICARD,SBILIFE,SBIN,SHREECEM,SHRIRAMFIN,SIEMENS,SOLARINDS,SONACOMS,SRF,SUNDARMFIN,SUNPHARMA,TATACHEM,TATACOMM,TATACONSUM,TATAELXSI,TATAMTRDVR,TATAPOWER,TATASTEEL,TCS,TECHM,TITAN,TMPV,TORNTPHARM,TORNTPOWER,TRENT,TVSMOTOR,UBL,ULTRACEMCO,UNIONBANK,UNITDSPR,UPL,VBL,VEDL,VOLTAS,WIPRO,YESBANK,ZYDUSLIFE"
2014-12-31,"360ONE,AARTIIND,ABB,ABCAPITAL,ACC,ADANIENSOL,ADANIENT,ADANIGREEN,ADANIPORTS,ALKEM,AMBUJACEM,APLAPOLLO,APLLTD,APOLLOHOSP,APOLLOTYRE,ASHOKLEY,ASIANPAINT,ASTRAL,ATGL,AUBANK,AUROPHARMA,AXISBANK,BAJAJ-AUTO,BAJAJFINSV,BAJAJHLDNG,BAJFINANCE,BALKRISIND,BANKBARODA,BANKINDIA,BATAINDIA,BDL,BEL,BHARATFORG,BHARTIARTL,BHARTIHEXA,BHEL,BIOCON,BLUESTARCO,BOSCHLTD,BPCL,BRITANNIA,CANBK,CHOLAFIN,CIPLA,CLEAN,COALINDIA,COCHINSHIP,COFORGE,COLPAL,CONCOR,COROMANDEL,CROMPTON,CUMMINSIND,DABUR,DIVISLAB,DIXON,DLF,DMART,DRREDDY,EICHERMOT,EMAMILTD,ENRIN,ETERNAL,EXIDEIND,FACT,FEDERALBNK,FORTIS,GAIL,GLENMARK,GMRAIRPORT,GODFRYPHLP,GODREJCP,GODREJPROP,GRASIM,GSPL,HAL,HAVELLS,HCLTECH,HDFC,HDFCAMC,HDFCBANK,HDFCLIFE,HEROMOTOCO,HINDALCO,HINDPETRO,HINDUNILVR,HINDZINC,HUDCO,ICICIBANK,ICICIGI,IDBI,IDEA,IDFCFIRSTB,IEX,IGL,INDHOTEL,INDIAMART,INDIANB,INDIGO,INDUSINDBK,INDUSTOWER,INFY,IOB,IOC,IRB,IRCTC,IREDA,ISEC,ITC,ITCHOTELS,JINDALSTEL,JSWENERGY,JSWSTEEL,JUBLFOOD,KEI,KOTAKBANK,KPITTECH,LICHSGFIN,LODHA,LT,LTF,LTM,LUPIN,M&M,M&MFIN,MANAPPURAM,MARICO,MARUTI,MAXHEALTH,MAZDOCK,METROPOLIS,MFSL,MINDTREE,MPHASIS,MRF,MRPL,MUTHOOTFIN,NAM-INDIA,NATIONALUM,NAUKRI,NAVINFLUOR,NESTLEIND,NLCINDIA,NMDC,NTPC,NYKAA,OBEROIRLTY,OIL,ONGC,PAGEIND,PAYTM,PEL,PERSISTENT,PFC,PGHH,PHOENIXLTD,PIDILITIND,PIIND,PNB,POLICYBZR,POLYCAB,POWERGRID,POWERINDIA,PRESTIGE,RAMCOCEM,RECLTD,RELIANCE,RVNL,SAIL,SBICARD,SBILIFE,SBIN,SHREECEM,SHRIRAMFIN,SIEMENS,SOLARINDS,SONACOMS,SRF,SUNDARMFIN,SUNPHARMA,TATACHEM,TATACOMM,TATACONSUM,TATAELXSI,TATAMTRDVR,TATAPOWER,TATASTEEL,TCS,TECHM,TITAN,TMPV,TORNTPHARM,TORNTPOWER,TRENT,TVSMOTOR,UBL,ULTRACEMCO,UNIONBANK,UNITDSPR,UPL,VBL,VEDL,VOLTAS,WIPRO,YESBANK,ZYDUSLIFE"
2015-01-31,"360ONE,AARTIIND,ABB,ABCAPITAL,ACC,ADANIENSOL,ADANIENT,ADANIGREEN,ADANIPORTS,ALKEM,AMBUJACEM,APLAPOLLO,APLLTD,APOLLOHOSP,APOLLOTYRE,ASHOKLEY,ASIANPAINT,ASTRAL,ATGL,AUBANK,AUROPHARMA,AXISBANK,BAJAJ-AUTO,BAJAJFINSV,BAJAJHLDNG,BAJFINANCE,BALKRISIND,BANKBARODA,BANKINDIA,BATAINDIA,BDL,BEL,BHARATFORG,BHARTIARTL,BHARTIHEXA,BHEL,BIOCON,BLUESTARCO,BOSCHLTD,BPCL,BRITANNIA,CANBK,CHOLAFIN,CIPLA,CLEAN,COALINDIA,COCHINSHIP,COFORGE,COLPAL,CONCOR,COROMANDEL,CROMPTON,CUMMINSIND,DABUR,DIVISLAB,DIXON,DLF,DMART,DRREDDY,EICHERMOT,EMAMILTD,ENRIN,ETERNAL,EXIDEIND,FACT,FEDERALBNK,FORTIS,GAIL,GLENMARK,GMRAIRPORT,GODFRYPHLP,GODREJCP,GODREJPROP,GRASIM,GSPL,HAL,HAVELLS,HCLTECH,HDFC,HDFCAMC,HDFCBANK,HDFCLIFE,HEROMOTOCO,HINDALCO,HINDPETRO,HINDUNILVR,HINDZINC,HUDCO,ICICIBANK,ICICIGI,IDBI,IDEA,IDFCFIRSTB,IEX,IGL,INDHOTEL,INDIAMART,INDIANB,INDIGO,INDUSINDBK,INDUSTOWER,INFY,IOB,IOC,IRB,IRCTC,IREDA,ISEC,ITC,ITCHOTELS,JINDALSTEL,JSWENERGY,JSWSTEEL,JUBLFOOD,KEI,KOTAKBANK,KPITTECH,LICHSGFIN,LODHA,LT,LTF,LTM,LUPIN,M&M,M&MFIN,MANAPPURAM,MARICO,MARUTI,MAXHEALTH,MAZDOCK,METROPOLIS,MFSL,MINDTREE,MPHASIS,MRF,MRPL,MUTHOOTFIN,NAM-INDIA,NATIONALUM,NAUKRI,NAVINFLUOR,NESTLEIND,NLCINDIA,NMDC,NTPC,NYKAA,OBEROIRLTY,OIL,ONGC,PAGEIND,PAYTM,PEL,PERSISTENT,PFC,PGHH,PHOENIXLTD,PIDILITIND,PIIND,PNB,POLICYBZR,POLYCAB,POWERGRID,POWERINDIA,PRESTIGE,RAMCOCEM,RECLTD,RELIANCE,RVNL,SAIL,SBICARD,SBILIFE,SBIN,SHREECEM,SHRIRAMFIN,SIEMENS,SOLARINDS,SONACOMS,SRF,SUNDARMFIN,SUNPHARMA,TATACHEM,TATACOMM,TATACONSUM,TATAELXSI,TATAMTRDVR,TATAPOWER,TATASTEEL,TCS,TECHM,TITAN,TMPV,TORNTPHARM,TORNTPOWER,TRENT,TVSMOTOR,UBL,ULTRACEMCO,UNIONBANK,UNITDSPR,UPL,VBL,VEDL,VOLTAS,WIPRO,YESBANK,ZYDUSLIFE"
2015-02-28,"360ONE,AARTIIND,ABB,ABCAPITAL,ACC,ADANIENSOL,ADANIENT,ADANIGREEN,ADANIPORTS,ALKEM,AMBUJACEM,APLAPOLLO,APLLTD,APOLLOHOSP,APOLLOTYRE,ASHOKLEY,ASIANPAINT,ASTRAL,ATGL,AUBANK,AUROPHARMA,AXISBANK,BAJAJ-AUTO,BAJAJFINSV,BAJAJHLDNG,BAJFINANCE,BALKRISIND,BANKBARODA,BANKINDIA,BATAINDIA,BDL,BEL,BHARATFORG,BHARTIARTL,BHARTIHEXA,BHEL,BIOCON,BLUESTARCO,BOSCHLTD,BPCL,BRITANNIA,CANBK,CHOLAFIN,CIPLA,CLEAN,COALINDIA,COCHINSHIP,COFORGE,COLPAL,CONCOR,COROMANDEL,CROMPTON,CUMMINSIND,DABUR,DIVISLAB,DIXON,DLF,DMART,DRREDDY,EICHERMOT,EMAMILTD,ENRIN,ETERNAL,EXIDEIND,FACT,FEDERALBNK,FORTIS,GAIL,GLENMARK,GMRAIRPORT,GODFRYPHLP,GODREJCP,GODREJPROP,GRASIM,GSPL,HAL,HAVELLS,HCLTECH,HDFC,HDFCAMC,HDFCBANK,HDFCLIFE,HEROMOTOCO,HINDALCO,HINDPETRO,HINDUNILVR,HINDZINC,HUDCO,ICICIBANK,ICICIGI,IDBI,IDEA,IDFCFIRSTB,IEX,IGL,INDHOTEL,INDIAMART,INDIANB,INDIGO,INDUSINDBK,INDUSTOWER,INFY,IOB,IOC,IRB,IRCTC,IREDA,ISEC,ITC,ITCHOTELS,JINDALSTEL,JSWENERGY,JSWSTEEL,JUBLFOOD,KEI,KOTAKBANK,KPITTECH,LICHSGFIN,LODHA,LT,LTF,LTM,LUPIN,M&M,M&MFIN,MANAPPURAM,MARICO,MARUTI,MAXHEALTH,MAZDOCK,METROPOLIS,MFSL,MINDTREE,MPHASIS,MRF,MRPL,MUTHOOTFIN,NAM-INDIA,NATIONALUM,NAUKRI,NAVINFLUOR,NESTLEIND,NLCINDIA,NMDC,NTPC,NYKAA,OBEROIRLTY,OIL,ONGC,PAGEIND,PAYTM,PEL,PERSISTENT,PFC,PGHH,PHOENIXLTD,PIDILITIND,PIIND,PNB,POLICYBZR,POLYCAB,POWERGRID,POWERINDIA,PRESTIGE,RAMCOCEM,RECLTD,RELIANCE,RVNL,SAIL,SBICARD,SBILIFE,SBIN,SHREECEM,SHRIRAMFIN,SIEMENS,SOLARINDS,SONACOMS,SRF,SUNDARMFIN,SUNPHARMA,TATACHEM,TATACOMM,TATACONSUM,TATAELXSI,TATAMTRDVR,TATAPOWER,TATASTEEL,TCS,TECHM,TITAN,TMPV,TORNTPHARM,TORNTPOWER,TRENT,TVSMOTOR,UBL,ULTRACEMCO,UNIONBANK,UNITDSPR,UPL,VBL,VEDL,VOLTAS,WIPRO,YESBANK,ZYDUSLIFE"
2015-03-31,"360ONE,AARTIIND,ABB,ABCAPITAL,ACC,ADANIENSOL,ADANIENT,ADANIGREEN,ADANIPORTS,ALKEM,AMBUJACEM,APLAPOLLO,APLLTD,APOLLOHOSP,APOLLOTYRE,ASHOKLEY,ASIANPAINT,ASTRAL,ATGL,AUBANK,AUROPHARMA,AXISBANK,BAJAJ-AUTO,BAJAJFINSV,BAJAJHLDNG,BAJFINANCE,BALKRISIND,BANKBARODA,BANKINDIA,BATAINDIA,BDL,BEL,BHARATFORG,BHARTIARTL,BHARTIHEXA,BHEL,BIOCON,BLUESTARCO,BOSCHLTD,BPCL,BRITANNIA,CANBK,CHOLAFIN,CIPLA,CLEAN,COALINDIA,COCHINSHIP,COFORGE,COLPAL,CONCOR,COROMANDEL,CROMPTON,CUMMINSIND,DABUR,DIVISLAB,DIXON,DLF,DMART,DRREDDY,EICHERMOT,EMAMILTD,ENRIN,ETERNAL,EXIDEIND,FACT,FEDERALBNK,FORTIS,GAIL,GLENMARK,GMRAIRPORT,GODFRYPHLP,GODREJCP,GODREJPROP,GRASIM,GSPL,HAL,HAVELLS,HCLTECH,HDFC,HDFCAMC,HDFCBANK,HDFCLIFE,HEROMOTOCO,HINDALCO,HINDPETRO,HINDUNILVR,HINDZINC,HUDCO,ICICIBANK,ICICIGI,IDBI,IDEA,IDFCFIRSTB,IEX,IGL,INDHOTEL,INDIAMART,INDIANB,INDIGO,INDUSINDBK,INDUSTOWER,INFY,IOB,IOC,IRB,IRCTC,IREDA,ISEC,ITC,ITCHOTELS,JINDALSTEL,JSWENERGY,JSWSTEEL,JUBLFOOD,KEI,KOTAKBANK,KPITTECH,LICHSGFIN,LODHA,LT,LTF,LTM,LUPIN,M&M,M&MFIN,MANAPPURAM,MARICO,MARUTI,MAXHEALTH,MAZDOCK,METROPOLIS,MFSL,MINDTREE,MPHASIS,MRF,MRPL,MUTHOOTFIN,NAM-INDIA,NATIONALUM,NAUKRI,NAVINFLUOR,NESTLEIND,NLCINDIA,NMDC,NTPC,NYKAA,OBEROIRLTY,OIL,ONGC,PAGEIND,PAYTM,PEL,PERSISTENT,PFC,PGHH,PHOENIXLTD,PIDILITIND,PIIND,PNB,POLICYBZR,POLYCAB,POWERGRID,POWERINDIA,PRESTIGE,RAMCOCEM,RECLTD,RELIANCE,RVNL,SAIL,SBICARD,SBILIFE,SBIN,SHREECEM,SHRIRAMFIN,SIEMENS,SOLARINDS,SONACOMS,SRF,SUNDARMFIN,SUNPHARMA,TATACHEM,TATACOMM,TATACONSUM,TATAELXSI,TATAMTRDVR,TATAPOWER,TATASTEEL,TCS,TECHM,TITAN,TMPV,TORNTPHARM,TORNTPOWER,TRENT,TVSMOTOR,UBL,ULTRACEMCO,UNIONBANK,UNITDSPR,UPL,VBL,VEDL,VOLTAS,WIPRO,YESBANK,ZYDUSLIFE"
2015-04-30,"360ONE,AARTIIND,ABB,ABCAPITAL,ACC,ADANIENSOL,ADANIENT,ADANIGREEN,ADANIPORTS,ALKEM,AMBUJACEM,APLAPOLLO,APLLTD,APOLLOHOSP,APOLLOTYRE,ASHOKLEY,ASIANPAINT,ASTRAL,ATGL,AUBANK,AUROPHARMA,AXISBANK,BAJAJ-AUTO,BAJAJFINSV,BAJAJHLDNG,BAJFINANCE,BALKRISIND,BANKBARODA,BANKINDIA,BATAINDIA,BDL,BEL,BHARATFORG,BHARTIARTL,BHARTIHEXA,BHEL,BIOCON,BLUESTARCO,BOSCHLTD,BPCL,BRITANNIA,CANBK,CHOLAFIN,CIPLA,CLEAN,COALINDIA,COCHINSHIP,COFORGE,COLPAL,CONCOR,COROMANDEL,CROMPTON,CUMMINSIND,DABUR,DIVISLAB,DIXON,DLF,DMART,DRREDDY,EICHERMOT,EMAMILTD,ENRIN,ETERNAL,EXIDEIND,FACT,FEDERALBNK,FORTIS,GAIL,GLENMARK,GMRAIRPORT,GODFRYPHLP,GODREJCP,GODREJPROP,GRASIM,GSPL,HAL,HAVELLS,HCLTECH,HDFC,HDFCAMC,HDFCBANK,HDFCLIFE,HEROMOTOCO,HINDALCO,HINDPETRO,HINDUNILVR,HINDZINC,HUDCO,ICICIBANK,ICICIGI,IDBI,IDEA,IDFCFIRSTB,IEX,IGL,INDHOTEL,INDIAMART,INDIANB,INDIGO,INDUSINDBK,INDUSTOWER,INFY,IOB,IOC,IRB,IRCTC,IREDA,ISEC,ITC,ITCHOTELS,JINDALSTEL,JSWENERGY,JSWSTEEL,JUBLFOOD,KEI,KOTAKBANK,KPITTECH,LICHSGFIN,LODHA,LT,LTF,LTM,LUPIN,M&M,M&MFIN,MANAPPURAM,MARICO,MARUTI,MAXHEALTH,MAZDOCK,METROPOLIS,MFSL,MINDTREE,MPHASIS,MRF,MRPL,MUTHOOTFIN,NAM-INDIA,NATIONALUM,NAUKRI,NAVINFLUOR,NESTLEIND,NLCINDIA,NMDC,NTPC,NYKAA,OBEROIRLTY,OIL,ONGC,PAGEIND,PAYTM,PEL,PERSISTENT,PFC,PGHH,PHOENIXLTD,PIDILITIND,PIIND,PNB,POLICYBZR,POLYCAB,POWERGRID,POWERINDIA,PRESTIGE,RAMCOCEM,RECLTD,RELIANCE,RVNL,SAIL,SBICARD,SBILIFE,SBIN,SHREECEM,SHRIRAMFIN,SIEMENS,SOLARINDS,SONACOMS,SRF,SUNDARMFIN,SUNPHARMA,TATACHEM,TATACOMM,TATACONSUM,TATAELXSI,TATAMTRDVR,TATAPOWER,TATASTEEL,TCS,TECHM,TITAN,TMPV,TORNTPHARM,TORNTPOWER,TRENT,TVSMOTOR,UBL,ULTRACEMCO,UNIONBANK,UNITDSPR,UPL,VBL,VEDL,VOLTAS,WIPRO,YESBANK,ZYDUSLIFE"
2015-05-31,"360ONE,AARTIIND,ABB,ABCAPITAL,ACC,ADANIENSOL,ADANIENT,ADANIGREEN,ADANIPORTS,ALKEM,AMBUJACEM,APLAPOLLO,APLLTD,APOLLOHOSP,APOLLOTYRE,ASHOKLEY,ASIANPAINT,ASTRAL,ATGL,AUBANK,AUROPHARMA,AXISBANK,BAJAJ-AUTO,BAJAJFINSV,BAJAJHLDNG,BAJFINANCE,BALKRISIND,BANKBARODA,BANKINDIA,BATAINDIA,BDL,BEL,BHARATFORG,BHARTIARTL,BHARTIHEXA,BHEL,BIOCON,BLUESTARCO,BOSCHLTD,BPCL,BRITANNIA,CANBK,CHOLAFIN,CIPLA,CLEAN,COALINDIA,COCHINSHIP,COFORGE,COLPAL,CONCOR,COROMANDEL,CROMPTON,CUMMINSIND,DABUR,DIVISLAB,DIXON,DLF,DMART,DRREDDY,EICHERMOT,EMAMILTD,ENRIN,ETERNAL,EXIDEIND,FACT,FEDERALBNK,FORTIS,GAIL,GLENMARK,GMRAIRPORT,GODFRYPHLP,GODREJCP,GODREJPROP,GRASIM,GSPL,HAL,HAVELLS,HCLTECH,HDFC,HDFCAMC,HDFCBANK,HDFCLIFE,HEROMOTOCO,HINDALCO,HINDPETRO,HINDUNILVR,HINDZINC,HUDCO,ICICIBANK,ICICIGI,IDBI,IDEA,IDFCFIRSTB,IEX,IGL,INDHOTEL,INDIAMART,INDIANB,INDIGO,INDUSINDBK,INDUSTOWER,INFY,IOB,IOC,IRB,IRCTC,IREDA,ISEC,ITC,ITCHOTELS,JINDALSTEL,JSWENERGY,JSWSTEEL,JUBLFOOD,KEI,KOTAKBANK,KPITTECH,LICHSGFIN,LODHA,LT,LTF,LTM,LUPIN,M&M,M&MFIN,MANAPPURAM,MARICO,MARUTI,MAXHEALTH,MAZDOCK,METROPOLIS,MFSL,MINDTREE,MPHASIS,MRF,MRPL,MUTHOOTFIN,NAM-INDIA,NATIONALUM,NAUKRI,NAVINFLUOR,NESTLEIND,NLCINDIA,NMDC,NTPC,NYKAA,OBEROIRLTY,OIL,ONGC,PAGEIND,PAYTM,PEL,PERSISTENT,PFC,PGHH,PHOENIXLTD,PIDILITIND,PIIND,PNB,POLICYBZR,POLYCAB,POWERGRID,POWERINDIA,PRESTIGE,RAMCOCEM,RECLTD,RELIANCE,RVNL,SAIL,SBICARD,SBILIFE,SBIN,SHREECEM,SHRIRAMFIN,SIEMENS,SOLARINDS,SONACOMS,SRF,SUNDARMFIN,SUNPHARMA,TATACHEM,TATACOMM,TATACONSUM,TATAELXSI,TATAMTRDVR,TATAPOWER,TATASTEEL,TCS,TECHM,TITAN,TMPV,TORNTPHARM,TORNTPOWER,TRENT,TVSMOTOR,UBL,ULTRACEMCO,UNIONBANK,UNITDSPR,UPL,VBL,VEDL,VOLTAS,WIPRO,YESBANK,ZYDUSLIFE"
2015-06-30,"360ONE,AARTIIND,ABB,ABCAPITAL,ACC,ADANIENSOL,ADANIENT,ADANIGREEN,ADANIPORTS,ALKEM,AMBUJACEM,APLAPOLLO,APLLTD,APOLLOHOSP,APOLLOTYRE,ASHOKLEY,ASIANPAINT,ASTRAL,ATGL,AUBANK,AUROPHARMA,AXISBANK,BAJAJ-AUTO,BAJAJFINSV,BAJAJHLDNG,BAJFINANCE,BALKRISIND,BANKBARODA,BANKINDIA,BATAINDIA,BDL,BEL,BHARATFORG,BHARTIARTL,BHARTIHEXA,BHEL,BIOCON,BLUESTARCO,BOSCHLTD,BPCL,BRITANNIA,CANBK,CHOLAFIN,CIPLA,CLEAN,COALINDIA,COCHINSHIP,COFORGE,COLPAL,CONCOR,COROMANDEL,CROMPTON,CUMMINSIND,DABUR,DIVISLAB,DIXON,DLF,DMART,DRREDDY,EICHERMOT,EMAMILTD,ENRIN,ETERNAL,EXIDEIND,FACT,FEDERALBNK,FORTIS,GAIL,GLENMARK,GMRAIRPORT,GODFRYPHLP,GODREJCP,GODREJPROP,GRASIM,GSPL,HAL,HAVELLS,HCLTECH,HDFC,HDFCAMC,HDFCBANK,HDFCLIFE,HEROMOTOCO,HINDALCO,HINDPETRO,HINDUNILVR,HINDZINC,HUDCO,ICICIBANK,ICICIGI,IDBI,IDEA,IDFCFIRSTB,IEX,IGL,INDHOTEL,INDIAMART,INDIANB,INDIGO,INDUSINDBK,INDUSTOWER,INFY,IOB,IOC,IRB,IRCTC,IREDA,ISEC,ITC,ITCHOTELS,JINDALSTEL,JSWENERGY,JSWSTEEL,JUBLFOOD,KEI,KOTAKBANK,KPITTECH,LICHSGFIN,LODHA,LT,LTF,LTM,LUPIN,M&M,M&MFIN,MANAPPURAM,MARICO,MARUTI,MAXHEALTH,MAZDOCK,METROPOLIS,MFSL,MINDTREE,MPHASIS,MRF,MRPL,MUTHOOTFIN,NAM-INDIA,NATIONALUM,NAUKRI,NAVINFLUOR,NESTLEIND,NLCINDIA,NMDC,NTPC,NYKAA,OBEROIRLTY,OIL,ONGC,PAGEIND,PAYTM,PEL,PERSISTENT,PFC,PGHH,PHOENIXLTD,PIDILITIND,PIIND,PNB,POLICYBZR,POLYCAB,POWERGRID,POWERINDIA,PRESTIGE,RAMCOCEM,RECLTD,RELIANCE,RVNL,SAIL,SBICARD,SBILIFE,SBIN,SHREECEM,SHRIRAMFIN,SIEMENS,SOLARINDS,SONACOMS,SRF,SUNDARMFIN,SUNPHARMA,TATACHEM,TATACOMM,TATACONSUM,TATAELXSI,TATAMTRDVR,TATAPOWER,TATASTEEL,TCS,TECHM,TITAN,TMPV,TORNTPHARM,TORNTPOWER,TRENT,TVSMOTOR,UBL,ULTRACEMCO,UNIONBANK,UNITDSPR,UPL,VBL,VEDL,VOLTAS,WIPRO,YESBANK,ZYDUSLIFE"
2015-07-31,"360ONE,AARTIIND,ABB,ABCAPITAL,ACC,ADANIENSOL,ADANIENT,ADANIGREEN,ADANIPORTS,ALKEM,AMBUJACEM,APLAPOLLO,APLLTD,APOLLOHOSP,APOLLOTYRE,ASHOKLEY,ASIANPAINT,ASTRAL,ATGL,AUBANK,AUROPHARMA,AXISBANK,BAJAJ-AUTO,BAJAJFINSV,BAJAJHLDNG,BAJFINANCE,BALKRISIND,BANKBARODA,BANKINDIA,BATAINDIA,BDL,BEL,BHARATFORG,BHARTIARTL,BHARTIHEXA,BHEL,BIOCON,BLUESTARCO,BOSCHLTD,BPCL,BRITANNIA,CANBK,CHOLAFIN,CIPLA,CLEAN,COALINDIA,COCHINSHIP,COFORGE,COLPAL,CONCOR,COROMANDEL,CROMPTON,CUMMINSIND,DABUR,DIVISLAB,DIXON,DLF,DMART,DRREDDY,EICHERMOT,EMAMILTD,ENRIN,ETERNAL,EXIDEIND,FACT,FEDERALBNK,FORTIS,GAIL,GLENMARK,GMRAIRPORT,GODFRYPHLP,GODREJCP,GODREJPROP,GRASIM,GSPL,HAL,HAVELLS,HCLTECH,HDFC,HDFCAMC,HDFCBANK,HDFCLIFE,HEROMOTOCO,HINDALCO,HINDPETRO,HINDUNILVR,HINDZINC,HUDCO,ICICIBANK,ICICIGI,IDBI,IDEA,IDFCFIRSTB,IEX,IGL,INDHOTEL,INDIAMART,INDIANB,INDIGO,INDUSINDBK,INDUSTOWER,INFY,IOB,IOC,IRB,IRCTC,IREDA,ISEC,ITC,ITCHOTELS,JINDALSTEL,JSWENERGY,JSWSTEEL,JUBLFOOD,KEI,KOTAKBANK,KPITTECH,LICHSGFIN,LODHA,LT,LTF,LTM,LUPIN,M&M,M&MFIN,MANAPPURAM,MARICO,MARUTI,MAXHEALTH,MAZDOCK,METROPOLIS,MFSL,MINDTREE,MPHASIS,MRF,MRPL,MUTHOOTFIN,NAM-INDIA,NATIONALUM,NAUKRI,NAVINFLUOR,NESTLEIND,NLCINDIA,NMDC,NTPC,NYKAA,OBEROIRLTY,OIL,ONGC,PAGEIND,PAYTM,PEL,PERSISTENT,PFC,PGHH,PHOENIXLTD,PIDILITIND,PIIND,PNB,POLICYBZR,POLYCAB,POWERGRID,POWERINDIA,PRESTIGE,RAMCOCEM,RECLTD,RELIANCE,RVNL,SAIL,SBICARD,SBILIFE,SBIN,SHREECEM,SHRIRAMFIN,SIEMENS,SOLARINDS,SONACOMS,SRF,SUNDARMFIN,SUNPHARMA,TATACHEM,TATACOMM,TATACONSUM,TATAELXSI,TATAMTRDVR,TATAPOWER,TATASTEEL,TCS,TECHM,TITAN,TMPV,TORNTPHARM,TORNTPOWER,TRENT,TVSMOTOR,UBL,ULTRACEMCO,UNIONBANK,UNITDSPR,UPL,VBL,VEDL,VOLTAS,WIPRO,YESBANK,ZYDUSLIFE"
2015-08-31,"360ONE,AARTIIND,ABB,ABCAPITAL,ACC,ADANIENSOL,ADANIENT,ADANIGREEN,ADANIPORTS,ALKEM,AMBUJACEM,APLAPOLLO,APLLTD,APOLLOHOSP,APOLLOTYRE,ASHOKLEY,ASIANPAINT,ASTRAL,ATGL,AUBANK,AUROPHARMA,AXISBANK,BAJAJ-AUTO,BAJAJFINSV,BAJAJHLDNG,BAJFINANCE,BALKRISIND,BANKBARODA,BANKINDIA,BATAINDIA,BDL,BEL,BHARATFORG,BHARTIARTL,BHARTIHEXA,BHEL,BIOCON,BLUESTARCO,BOSCHLTD,BPCL,BRITANNIA,CANBK,CHOLAFIN,CIPLA,CLEAN,COALINDIA,COCHINSHIP,COFORGE,COLPAL,CONCOR,COROMANDEL,CROMPTON,CUMMINSIND,DABUR,DIVISLAB,DIXON,DLF,DMART,DRREDDY,EICHERMOT,EMAMILTD,ENRIN,ETERNAL,EXIDEIND,FACT,FEDERALBNK,FORTIS,GAIL,GLENMARK,GMRAIRPORT,GODFRYPHLP,GODREJCP,GODREJPROP,GRASIM,GSPL,HAL,HAVELLS,HCLTECH,HDFC,HDFCAMC,HDFCBANK,HDFCLIFE,HEROMOTOCO,HINDALCO,HINDPETRO,HINDUNILVR,HINDZINC,HUDCO,ICICIBANK,ICICIGI,IDBI,IDEA,IDFCFIRSTB,IEX,IGL,INDHOTEL,INDIAMART,INDIANB,INDIGO,INDUSINDBK,INDUSTOWER,INFY,IOB,IOC,IRB,IRCTC,IREDA,ISEC,ITC,ITCHOTELS,JINDALSTEL,JSWENERGY,JSWSTEEL,JUBLFOOD,KEI,KOTAKBANK,KPITTECH,LICHSGFIN,LODHA,LT,LTF,LTM,LUPIN,M&M,M&MFIN,MANAPPURAM,MARICO,MARUTI,MAXHEALTH,MAZDOCK,METROPOLIS,MFSL,MINDTREE,MPHASIS,MRF,MRPL,MUTHOOTFIN,NAM-INDIA,NATIONALUM,NAUKRI,NAVINFLUOR,NESTLEIND,NLCINDIA,NMDC,NTPC,NYKAA,OBEROIRLTY,OIL,ONGC,PAGEIND,PAYTM,PEL,PERSISTENT,PFC,PGHH,PHOENIXLTD,PIDILITIND,PIIND,PNB,POLICYBZR,POLYCAB,POWERGRID,POWERINDIA,PRESTIGE,RAMCOCEM,RECLTD,RELIANCE,RVNL,SAIL,SBICARD,SBILIFE,SBIN,SHREECEM,SHRIRAMFIN,SIEMENS,SOLARINDS,SONACOMS,SRF,SUNDARMFIN,SUNPHARMA,TATACHEM,TATACOMM,TATACONSUM,TATAELXSI,TATAMTRDVR,TATAPOWER,TATASTEEL,TCS,TECHM,TITAN,TMPV,TORNTPHARM,TORNTPOWER,TRENT,TVSMOTOR,UBL,ULTRACEMCO,UNIONBANK,UNITDSPR,UPL,VBL,VEDL,VOLTAS,WIPRO,YESBANK,ZYDUSLIFE"
2015-09-30,"360ONE,AARTIIND,ABB,ABCAPITAL,ACC,ADANIENSOL,ADANIENT,ADANIGREEN,ADANIPORTS,ALKEM,AMBUJACEM,APLAPOLLO,APLLTD,APOLLOHOSP,APOLLOTYRE,ASHOKLEY,ASIANPAINT,ASTRAL,ATGL,AUBANK,AUROPHARMA,AXISBANK,BAJAJ-AUTO,BAJAJFINSV,BAJAJHLDNG,BAJFINANCE,BALKRISIND,BANKBARODA,BANKINDIA,BATAINDIA,BDL,BEL,BHARATFORG,BHARTIARTL,BHARTIHEXA,BHEL,BIOCON,BLUESTARCO,BOSCHLTD,BPCL,BRITANNIA,CANBK,CHOLAFIN,CIPLA,CLEAN,COALINDIA,COCHINSHIP,COFORGE,COLPAL,CONCOR,COROMANDEL,CROMPTON,CUMMINSIND,DABUR,DIVISLAB,DIXON,DLF,DMART,DRREDDY,EICHERMOT,EMAMILTD,ENRIN,ETERNAL,EXIDEIND,FACT,FEDERALBNK,FORTIS,GAIL,GLENMARK,GMRAIRPORT,GODFRYPHLP,GODREJCP,GODREJPROP,GRASIM,GSPL,HAL,HAVELLS,HCLTECH,HDFC,HDFCAMC,HDFCBANK,HDFCLIFE,HEROMOTOCO,HINDALCO,HINDPETRO,HINDUNILVR,HINDZINC,HUDCO,ICICIBANK,ICICIGI,IDBI,IDEA,IDFCFIRSTB,IEX,IGL,INDHOTEL,INDIAMART,INDIANB,INDIGO,INDUSINDBK,INDUSTOWER,INFY,IOB,IOC,IRB,IRCTC,IREDA,ISEC,ITC,ITCHOTELS,JINDALSTEL,JSWENERGY,JSWSTEEL,JUBLFOOD,KEI,KOTAKBANK,KPITTECH,LICHSGFIN,LODHA,LT,LTF,LTM,LUPIN,M&M,M&MFIN,MANAPPURAM,MARICO,MARUTI,MAXHEALTH,MAZDOCK,METROPOLIS,MFSL,MINDTREE,MPHASIS,MRF,MRPL,MUTHOOTFIN,NAM-INDIA,NATIONALUM,NAUKRI,NAVINFLUOR,NESTLEIND,NLCINDIA,NMDC,NTPC,NYKAA,OBEROIRLTY,OIL,ONGC,PAGEIND,PAYTM,PEL,PERSISTENT,PFC,PGHH,PHOENIXLTD,PIDILITIND,PIIND,PNB,POLICYBZR,POLYCAB,POWERGRID,POWERINDIA,PRESTIGE,RAMCOCEM,RECLTD,RELIANCE,RVNL,SAIL,SBICARD,SBILIFE,SBIN,SHREECEM,SHRIRAMFIN,SIEMENS,SOLARINDS,SONACOMS,SRF,SUNDARMFIN,SUNPHARMA,TATACHEM,TATACOMM,TATACONSUM,TATAELXSI,TATAMTRDVR,TATAPOWER,TATASTEEL,TCS,TECHM,TITAN,TMPV,TORNTPHARM,TORNTPOWER,TRENT,TVSMOTOR,UBL,ULTRACEMCO,UNIONBANK,UNITDSPR,UPL,VBL,VEDL,VOLTAS,WIPRO,YESBANK,ZYDUSLIFE"
2015-10-31,"360ONE,AARTIIND,ABB,ABCAPITAL,ACC,ADANIENSOL,ADANIENT,ADANIGREEN,ADANIPORTS,ALKEM,AMBUJACEM,APLAPOLLO,APLLTD,APOLLOHOSP,APOLLOTYRE,ASHOKLEY,ASIANPAINT,ASTRAL,ATGL,AUBANK,AUROPHARMA,AXISBANK,BAJAJ-AUTO,BAJAJFINSV,BAJAJHLDNG,BAJFINANCE,BALKRISIND,BANKBARODA,BANKINDIA,BATAINDIA,BDL,BEL,BHARATFORG,BHARTIARTL,BHARTIHEXA,BHEL,BIOCON,BLUESTARCO,BOSCHLTD,BPCL,BRITANNIA,CANBK,CHOLAFIN,CIPLA,CLEAN,COALINDIA,COCHINSHIP,COFORGE,COLPAL,CONCOR,COROMANDEL,CROMPTON,CUMMINSIND,DABUR,DIVISLAB,DIXON,DLF,DMART,DRREDDY,EICHERMOT,EMAMILTD,ENRIN,ETERNAL,EXIDEIND,FACT,FEDERALBNK,FORTIS,GAIL,GLENMARK,GMRAIRPORT,GODFRYPHLP,GODREJCP,GODREJPROP,GRASIM,GSPL,HAL,HAVELLS,HCLTECH,HDFC,HDFCAMC,HDFCBANK,HDFCLIFE,HEROMOTOCO,HINDALCO,HINDPETRO,HINDUNILVR,HINDZINC,HUDCO,ICICIBANK,ICICIGI,IDBI,IDEA,IDFCFIRSTB,IEX,IGL,INDHOTEL,INDIAMART,INDIANB,INDIGO,INDUSINDBK,INDUSTOWER,INFY,IOB,IOC,IRB,IRCTC,IREDA,ISEC,ITC,ITCHOTELS,JINDALSTEL,JSWENERGY,JSWSTEEL,JUBLFOOD,KEI,KOTAKBANK,KPITTECH,LICHSGFIN,LODHA,LT,LTF,LTM,LUPIN,M&M,M&MFIN,MANAPPURAM,MARICO,MARUTI,MAXHEALTH,MAZDOCK,METROPOLIS,MFSL,MINDTREE,MPHASIS,MRF,MRPL,MUTHOOTFIN,NAM-INDIA,NATIONALUM,NAUKRI,NAVINFLUOR,NESTLEIND,NLCINDIA,NMDC,NTPC,NYKAA,OBEROIRLTY,OIL,ONGC,PAGEIND,PAYTM,PEL,PERSISTENT,PFC,PGHH,PHOENIXLTD,PIDILITIND,PIIND,PNB,POLICYBZR,POLYCAB,POWERGRID,POWERINDIA,PRESTIGE,RAMCOCEM,RECLTD,RELIANCE,RVNL,SAIL,SBICARD,SBILIFE,SBIN,SHREECEM,SHRIRAMFIN,SIEMENS,SOLARINDS,SONACOMS,SRF,SUNDARMFIN,SUNPHARMA,TATACHEM,TATACOMM,TATACONSUM,TATAELXSI,TATAMTRDVR,TATAPOWER,TATASTEEL,TCS,TECHM,TITAN,TMPV,TORNTPHARM,TORNTPOWER,TRENT,TVSMOTOR,UBL,ULTRACEMCO,UNIONBANK,UNITDSPR,UPL,VBL,VEDL,VOLTAS,WIPRO,YESBANK,ZYDUSLIFE"
2015-11-30,"360ONE,AARTIIND,ABB,ABCAPITAL,ACC,ADANIENSOL,ADANIENT,ADANIGREEN,ADANIPORTS,ALKEM,AMBUJACEM,APLAPOLLO,APLLTD,APOLLOHOSP,APOLLOTYRE,ASHOKLEY,ASIANPAINT,ASTRAL,ATGL,AUBANK,AUROPHARMA,AXISBANK,BAJAJ-AUTO,BAJAJFINSV,BAJAJHLDNG,BAJFINANCE,BALKRISIND,BANKBARODA,BANKINDIA,BATAINDIA,BDL,BEL,BHARATFORG,BHARTIARTL,BHARTIHEXA,BHEL,BIOCON,BLUESTARCO,BOSCHLTD,BPCL,BRITANNIA,CANBK,CHOLAFIN,CIPLA,CLEAN,COALINDIA,COCHINSHIP,COFORGE,COLPAL,CONCOR,COROMANDEL,CROMPTON,CUMMINSIND,DABUR,DIVISLAB,DIXON,DLF,DMART,DRREDDY,EICHERMOT,EMAMILTD,ENRIN,ETERNAL,EXIDEIND,FACT,FEDERALBNK,FORTIS,GAIL,GLENMARK,GMRAIRPORT,GODFRYPHLP,GODREJCP,GODREJPROP,GRASIM,GSPL,HAL,HAVELLS,HCLTECH,HDFC,HDFCAMC,HDFCBANK,HDFCLIFE,HEROMOTOCO,HINDALCO,HINDPETRO,HINDUNILVR,HINDZINC,HUDCO,ICICIBANK,ICICIGI,IDBI,IDEA,IDFCFIRSTB,IEX,IGL,INDHOTEL,INDIAMART,INDIANB,INDIGO,INDUSINDBK,INDUSTOWER,INFY,IOB,IOC,IRB,IRCTC,IREDA,ISEC,ITC,ITCHOTELS,JINDALSTEL,JSWENERGY,JSWSTEEL,JUBLFOOD,KEI,KOTAKBANK,KPITTECH,LICHSGFIN,LODHA,LT,LTF,LTM,LUPIN,M&M,M&MFIN,MANAPPURAM,MARICO,MARUTI,MAXHEALTH,MAZDOCK,METROPOLIS,MFSL,MINDTREE,MPHASIS,MRF,MRPL,MUTHOOTFIN,NAM-INDIA,NATIONALUM,NAUKRI,NAVINFLUOR,NESTLEIND,NLCINDIA,NMDC,NTPC,NYKAA,OBEROIRLTY,OIL,ONGC,PAGEIND,PAYTM,PEL,PERSISTENT,PFC,PGHH,PHOENIXLTD,PIDILITIND,PIIND,PNB,POLICYBZR,POLYCAB,POWERGRID,POWERINDIA,PRESTIGE,RAMCOCEM,RECLTD,RELIANCE,RVNL,SAIL,SBICARD,SBILIFE,SBIN,SHREECEM,SHRIRAMFIN,SIEMENS,SOLARINDS,SONACOMS,SRF,SUNDARMFIN,SUNPHARMA,TATACHEM,TATACOMM,TATACONSUM,TATAELXSI,TATAMTRDVR,TATAPOWER,TATASTEEL,TCS,TECHM,TITAN,TMPV,TORNTPHARM,TORNTPOWER,TRENT,TVSMOTOR,UBL,ULTRACEMCO,UNIONBANK,UNITDSPR,UPL,VBL,VEDL,VOLTAS,WIPRO,YESBANK,ZYDUSLIFE"
2015-12-31,"360ONE,AARTIIND,ABB,ABCAPITAL,ACC,ADANIENSOL,ADANIENT,ADANIGREEN,ADANIPORTS,ALKEM,AMBUJACEM,APLAPOLLO,APLLTD,APOLLOHOSP,APOLLOTYRE,ASHOKLEY,ASIANPAINT,ASTRAL,ATGL,AUBANK,AUROPHARMA,AXISBANK,BAJAJ-AUTO,BAJAJFINSV,BAJAJHLDNG,BAJFINANCE,BALKRISIND,BANKBARODA,BANKINDIA,BATAINDIA,BDL,BEL,BHARATFORG,BHARTIARTL,BHARTIHEXA,BHEL,BIOCON,BLUESTARCO,BOSCHLTD,BPCL,BRITANNIA,CANBK,CHOLAFIN,CIPLA,CLEAN,COALINDIA,COCHINSHIP,COFORGE,COLPAL,CONCOR,COROMANDEL,CROMPTON,CUMMINSIND,DABUR,DIVISLAB,DIXON,DLF,DMART,DRREDDY,EICHERMOT,EMAMILTD,ENRIN,ETERNAL,EXIDEIND,FACT,FEDERALBNK,FORTIS,GAIL,GLENMARK,GMRAIRPORT,GODFRYPHLP,GODREJCP,GODREJPROP,GRASIM,GSPL,HAL,HAVELLS,HCLTECH,HDFC,HDFCAMC,HDFCBANK,HDFCLIFE,HEROMOTOCO,HINDALCO,HINDPETRO,HINDUNILVR,HINDZINC,HUDCO,ICICIBANK,ICICIGI,IDBI,IDEA,IDFCFIRSTB,IEX,IGL,INDHOTEL,INDIAMART,INDIANB,INDIGO,INDUSINDBK,INDUSTOWER,INFY,IOB,IOC,IRB,IRCTC,IREDA,ISEC,ITC,ITCHOTELS,JINDALSTEL,JSWENERGY,JSWSTEEL,JUBLFOOD,KEI,KOTAKBANK,KPITTECH,LICHSGFIN,LODHA,LT,LTF,LTM,LUPIN,M&M,M&MFIN,MANAPPURAM,MARICO,MARUTI,MAXHEALTH,MAZDOCK,METROPOLIS,MFSL,MINDTREE,MPHASIS,MRF,MRPL,MUTHOOTFIN,NAM-INDIA,NATIONALUM,NAUKRI,NAVINFLUOR,NESTLEIND,NLCINDIA,NMDC,NTPC,NYKAA,OBEROIRLTY,OIL,ONGC,PAGEIND,PAYTM,PEL,PERSISTENT,PFC,PGHH,PHOENIXLTD,PIDILITIND,PIIND,PNB,POLICYBZR,POLYCAB,POWERGRID,POWERINDIA,PRESTIGE,RAMCOCEM,RECLTD,RELIANCE,RVNL,SAIL,SBICARD,SBILIFE,SBIN,SHREECEM,SHRIRAMFIN,SIEMENS,SOLARINDS,SONACOMS,SRF,SUNDARMFIN,SUNPHARMA,TATACHEM,TATACOMM,TATACONSUM,TATAELXSI,TATAMTRDVR,TATAPOWER,TATASTEEL,TCS,TECHM,TITAN,TMPV,TORNTPHARM,TORNTPOWER,TRENT,TVSMOTOR,UBL,ULTRACEMCO,UNIONBANK,UNITDSPR,UPL,VBL,VEDL,VOLTAS,WIPRO,YESBANK,ZYDUSLIFE"
2016-01-31,"360ONE,AARTIIND,ABB,ABCAPITAL,ACC,ADANIENSOL,ADANIENT,ADANIGREEN,ADANIPORTS,ALKEM,AMBUJACEM,APLAPOLLO,APLLTD,APOLLOHOSP,APOLLOTYRE,ASHOKLEY,ASIANPAINT,ASTRAL,ATGL,AUBANK,AUROPHARMA,AXISBANK,BAJAJ-AUTO,BAJAJFINSV,BAJAJHLDNG,BAJFINANCE,BALKRISIND,BANKBARODA,BANKINDIA,BATAINDIA,BDL,BEL,BHARATFORG,BHARTIARTL,BHARTIHEXA,BHEL,BIOCON,BLUESTARCO,BOSCHLTD,BPCL,BRITANNIA,CANBK,CHOLAFIN,CIPLA,CLEAN,COALINDIA,COCHINSHIP,COFORGE,COLPAL,CONCOR,COROMANDEL,CROMPTON,CUMMINSIND,DABUR,DIVISLAB,DIXON,DLF,DMART,DRREDDY,EICHERMOT,EMAMILTD,ENRIN,ETERNAL,EXIDEIND,FACT,FEDERALBNK,FORTIS,GAIL,GLENMARK,GMRAIRPORT,GODFRYPHLP,GODREJCP,GODREJPROP,GRASIM,GSPL,HAL,HAVELLS,HCLTECH,HDFC,HDFCAMC,HDFCBANK,HDFCLIFE,HEROMOTOCO,HINDALCO,HINDPETRO,HINDUNILVR,HINDZINC,HUDCO,ICICIBANK,ICICIGI,IDBI,IDEA,IDFCFIRSTB,IEX,IGL,INDHOTEL,INDIAMART,INDIANB,INDIGO,INDUSINDBK,INDUSTOWER,INFY,IOB,IOC,IRB,IRCTC,IREDA,ISEC,ITC,ITCHOTELS,JINDALSTEL,JSWENERGY,JSWSTEEL,JUBLFOOD,KEI,KOTAKBANK,KPITTECH,LICHSGFIN,LODHA,LT,LTF,LTM,LUPIN,M&M,M&MFIN,MANAPPURAM,MARICO,MARUTI,MAXHEALTH,MAZDOCK,METROPOLIS,MFSL,MINDTREE,MPHASIS,MRF,MRPL,MUTHOOTFIN,NAM-INDIA,NATIONALUM,NAUKRI,NAVINFLUOR,NESTLEIND,NLCINDIA,NMDC,NTPC,NYKAA,OBEROIRLTY,OIL,ONGC,PAGEIND,PAYTM,PEL,PERSISTENT,PFC,PGHH,PHOENIXLTD,PIDILITIND,PIIND,PNB,POLICYBZR,POLYCAB,POWERGRID,POWERINDIA,PRESTIGE,RAMCOCEM,RECLTD,RELIANCE,RVNL,SAIL,SBICARD,SBILIFE,SBIN,SHREECEM,SHRIRAMFIN,SIEMENS,SOLARINDS,SONACOMS,SRF,SUNDARMFIN,SUNPHARMA,TATACHEM,TATACOMM,TATACONSUM,TATAELXSI,TATAMTRDVR,TATAPOWER,TATASTEEL,TCS,TECHM,TITAN,TMPV,TORNTPHARM,TORNTPOWER,TRENT,TVSMOTOR,UBL,ULTRACEMCO,UNIONBANK,UNITDSPR,UPL,VBL,VEDL,VOLTAS,WIPRO,YESBANK,ZYDUSLIFE"
2016-02-29,"360ONE,AARTIIND,ABB,ABCAPITAL,ACC,ADANIENSOL,ADANIENT,ADANIGREEN,ADANIPORTS,ALKEM,AMBUJACEM,APLAPOLLO,APLLTD,APOLLOHOSP,APOLLOTYRE,ASHOKLEY,ASIANPAINT,ASTRAL,ATGL,AUBANK,AUROPHARMA,AXISBANK,BAJAJ-AUTO,BAJAJFINSV,BAJAJHLDNG,BAJFINANCE,BALKRISIND,BANKBARODA,BANKINDIA,BATAINDIA,BDL,BEL,BHARATFORG,BHARTIARTL,BHARTIHEXA,BHEL,BIOCON,BLUESTARCO,BOSCHLTD,BPCL,BRITANNIA,CANBK,CHOLAFIN,CIPLA,CLEAN,COALINDIA,COCHINSHIP,COFORGE,COLPAL,CONCOR,COROMANDEL,CROMPTON,CUMMINSIND,DABUR,DIVISLAB,DIXON,DLF,DMART,DRREDDY,EICHERMOT,EMAMILTD,ENRIN,ETERNAL,EXIDEIND,FACT,FEDERALBNK,FORTIS,GAIL,GLENMARK,GMRAIRPORT,GODFRYPHLP,GODREJCP,GODREJPROP,GRASIM,GSPL,HAL,HAVELLS,HCLTECH,HDFC,HDFCAMC,HDFCBANK,HDFCLIFE,HEROMOTOCO,HINDALCO,HINDPETRO,HINDUNILVR,HINDZINC,HUDCO,ICICIBANK,ICICIGI,IDBI,IDEA,IDFCFIRSTB,IEX,IGL,INDHOTEL,INDIAMART,INDIANB,INDIGO,INDUSINDBK,INDUSTOWER,INFY,IOB,IOC,IRB,IRCTC,IREDA,ISEC,ITC,ITCHOTELS,JINDALSTEL,JSWENERGY,JSWSTEEL,JUBLFOOD,KEI,KOTAKBANK,KPITTECH,LICHSGFIN,LODHA,LT,LTF,LTM,LUPIN,M&M,M&MFIN,MANAPPURAM,MARICO,MARUTI,MAXHEALTH,MAZDOCK,METROPOLIS,MFSL,MINDTREE,MPHASIS,MRF,MRPL,MUTHOOTFIN,NAM-INDIA,NATIONALUM,NAUKRI,NAVINFLUOR,NESTLEIND,NLCINDIA,NMDC,NTPC,NYKAA,OBEROIRLTY,OIL,ONGC,PAGEIND,PAYTM,PEL,PERSISTENT,PFC,PGHH,PHOENIXLTD,PIDILITIND,PIIND,PNB,POLICYBZR,POLYCAB,POWERGRID,POWERINDIA,PRESTIGE,RAMCOCEM,RECLTD,RELIANCE,RVNL,SAIL,SBICARD,SBILIFE,SBIN,SHREECEM,SHRIRAMFIN,SIEMENS,SOLARINDS,SONACOMS,SRF,SUNDARMFIN,SUNPHARMA,TATACHEM,TATACOMM,TATACONSUM,TATAELXSI,TATAMTRDVR,TATAPOWER,TATASTEEL,TCS,TECHM,TITAN,TMPV,TORNTPHARM,TORNTPOWER,TRENT,TVSMOTOR,UBL,ULTRACEMCO,UNIONBANK,UNITDSPR,UPL,VBL,VEDL,VOLTAS,WIPRO,YESBANK,ZYDUSLIFE"
2016-03-31,"360ONE,AARTIIND,ABB,ABCAPITAL,ACC,ADANIENSOL,ADANIENT,ADANIGREEN,ADANIPORTS,ALKEM,AMBUJACEM,APLAPOLLO,APLLTD,APOLLOHOSP,APOLLOTYRE,ASHOKLEY,ASIANPAINT,ASTRAL,ATGL,AUBANK,AUROPHARMA,AXISBANK,BAJAJ-AUTO,BAJAJFINSV,BAJAJHLDNG,BAJFINANCE,BALKRISIND,BANKBARODA,BANKINDIA,BATAINDIA,BDL,BEL,BHARATFORG,BHARTIARTL,BHARTIHEXA,BHEL,BIOCON,BLUESTARCO,BOSCHLTD,BPCL,BRITANNIA,CANBK,CHOLAFIN,CIPLA,CLEAN,COALINDIA,COCHINSHIP,COFORGE,COLPAL,CONCOR,COROMANDEL,CROMPTON,CUMMINSIND,DABUR,DIVISLAB,DIXON,DLF,DMART,DRREDDY,EICHERMOT,EMAMILTD,ENRIN,ETERNAL,EXIDEIND,FACT,FEDERALBNK,FORTIS,GAIL,GLENMARK,GMRAIRPORT,GODFRYPHLP,GODREJCP,GODREJPROP,GRASIM,GSPL,HAL,HAVELLS,HCLTECH,HDFC,HDFCAMC,HDFCBANK,HDFCLIFE,HEROMOTOCO,HINDALCO,HINDPETRO,HINDUNILVR,HINDZINC,HUDCO,ICICIBANK,ICICIGI,IDBI,IDEA,IDFCFIRSTB,IEX,IGL,INDHOTEL,INDIAMART,INDIANB,INDIGO,INDUSINDBK,INDUSTOWER,INFY,IOB,IOC,IRB,IRCTC,IREDA,ISEC,ITC,ITCHOTELS,JINDALSTEL,JSWENERGY,JSWSTEEL,JUBLFOOD,KEI,KOTAKBANK,KPITTECH,LICHSGFIN,LODHA,LT,LTF,LTM,LUPIN,M&M,M&MFIN,MANAPPURAM,MARICO,MARUTI,MAXHEALTH,MAZDOCK,METROPOLIS,MFSL,MINDTREE,MPHASIS,MRF,MRPL,MUTHOOTFIN,NAM-INDIA,NATIONALUM,NAUKRI,NAVINFLUOR,NESTLEIND,NLCINDIA,NMDC,NTPC,NYKAA,OBEROIRLTY,OIL,ONGC,PAGEIND,PAYTM,PEL,PERSISTENT,PFC,PGHH,PHOENIXLTD,PIDILITIND,PIIND,PNB,POLICYBZR,POLYCAB,POWERGRID,POWERINDIA,PRESTIGE,RAMCOCEM,RECLTD,RELIANCE,RVNL,SAIL,SBICARD,SBILIFE,SBIN,SHREECEM,SHRIRAMFIN,SIEMENS,SOLARINDS,SONACOMS,SRF,SUNDARMFIN,SUNPHARMA,TATACHEM,TATACOMM,TATACONSUM,TATAELXSI,TATAMTRDVR,TATAPOWER,TATASTEEL,TCS,TECHM,TITAN,TMPV,TORNTPHARM,TORNTPOWER,TRENT,TVSMOTOR,UBL,ULTRACEMCO,UNIONBANK,UNITDSPR,UPL,VBL,VEDL,VOLTAS,WIPRO,YESBANK,ZYDUSLIFE"
2016-04-30,"360ONE,AARTIIND,ABB,ABCAPITAL,ACC,ADANIENSOL,ADANIENT,ADANIGREEN,ADANIPORTS,ALKEM,AMBUJACEM,APLAPOLLO,APLLTD,APOLLOHOSP,APOLLOTYRE,ASHOKLEY,ASIANPAINT,ASTRAL,ATGL,AUBANK,AUROPHARMA,AXISBANK,BAJAJ-AUTO,BAJAJFINSV,BAJAJHLDNG,BAJFINANCE,BALKRISIND,BANKBARODA,BANKINDIA,BATAINDIA,BDL,BEL,BHARATFORG,BHARTIARTL,BHARTIHEXA,BHEL,BIOCON,BLUESTARCO,BOSCHLTD,BPCL,BRITANNIA,CANBK,CHOLAFIN,CIPLA,CLEAN,COALINDIA,COCHINSHIP,COFORGE,COLPAL,CONCOR,COROMANDEL,CROMPTON,CUMMINSIND,DABUR,DIVISLAB,DIXON,DLF,DMART,DRREDDY,EICHERMOT,EMAMILTD,ENRIN,ETERNAL,EXIDEIND,FACT,FEDERALBNK,FORTIS,GAIL,GLENMARK,GMRAIRPORT,GODFRYPHLP,GODREJCP,GODREJPROP,GRASIM,GSPL,HAL,HAVELLS,HCLTECH,HDFC,HDFCAMC,HDFCBANK,HDFCLIFE,HEROMOTOCO,HINDALCO,HINDPETRO,HINDUNILVR,HINDZINC,HUDCO,ICICIBANK,ICICIGI,IDBI,IDEA,IDFCFIRSTB,IEX,IGL,INDHOTEL,INDIAMART,INDIANB,INDIGO,INDUSINDBK,INDUSTOWER,INFY,IOB,IOC,IRB,IRCTC,IREDA,ISEC,ITC,ITCHOTELS,JINDALSTEL,JSWENERGY,JSWSTEEL,JUBLFOOD,KEI,KOTAKBANK,KPITTECH,LICHSGFIN,LODHA,LT,LTF,LTM,LUPIN,M&M,M&MFIN,MANAPPURAM,MARICO,MARUTI,MAXHEALTH,MAZDOCK,METROPOLIS,MFSL,MINDTREE,MPHASIS,MRF,MRPL,MUTHOOTFIN,NAM-INDIA,NATIONALUM,NAUKRI,NAVINFLUOR,NESTLEIND,NLCINDIA,NMDC,NTPC,NYKAA,OBEROIRLTY,OIL,ONGC,PAGEIND,PAYTM,PEL,PERSISTENT,PFC,PGHH,PHOENIXLTD,PIDILITIND,PIIND,PNB,POLICYBZR,POLYCAB,POWERGRID,POWERINDIA,PRESTIGE,RAMCOCEM,RECLTD,RELIANCE,RVNL,SAIL,SBICARD,SBILIFE,SBIN,SHREECEM,SHRIRAMFIN,SIEMENS,SOLARINDS,SONACOMS,SRF,SUNDARMFIN,SUNPHARMA,TATACHEM,TATACOMM,TATACONSUM,TATAELXSI,TATAMTRDVR,TATAPOWER,TATASTEEL,TCS,TECHM,TITAN,TMPV,TORNTPHARM,TORNTPOWER,TRENT,TVSMOTOR,UBL,ULTRACEMCO,UNIONBANK,UNITDSPR,UPL,VBL,VEDL,VOLTAS,WIPRO,YESBANK,ZYDUSLIFE"
2016-05-31,"360ONE,AARTIIND,ABB,ABCAPITAL,ACC,ADANIENSOL,ADANIENT,ADANIGREEN,ADANIPORTS,ALKEM,AMBUJACEM,APLAPOLLO,APLLTD,APOLLOHOSP,APOLLOTYRE,ASHOKLEY,ASIANPAINT,ASTRAL,ATGL,AUBANK,AUROPHARMA,AXISBANK,BAJAJ-AUTO,BAJAJFINSV,BAJAJHLDNG,BAJFINANCE,BALKRISIND,BANKBARODA,BANKINDIA,BATAINDIA,BDL,BEL,BHARATFORG,BHARTIARTL,BHARTIHEXA,BHEL,BIOCON,BLUESTARCO,BOSCHLTD,BPCL,BRITANNIA,CANBK,CHOLAFIN,CIPLA,CLEAN,COALINDIA,COCHINSHIP,COFORGE,COLPAL,CONCOR,COROMANDEL,CROMPTON,CUMMINSIND,DABUR,DIVISLAB,DIXON,DLF,DMART,DRREDDY,EICHERMOT,EMAMILTD,ENRIN,ETERNAL,EXIDEIND,FACT,FEDERALBNK,FORTIS,GAIL,GLENMARK,GMRAIRPORT,GODFRYPHLP,GODREJCP,GODREJPROP,GRASIM,GSPL,HAL,HAVELLS,HCLTECH,HDFC,HDFCAMC,HDFCBANK,HDFCLIFE,HEROMOTOCO,HINDALCO,HINDPETRO,HINDUNILVR,HINDZINC,HUDCO,ICICIBANK,ICICIGI,IDBI,IDEA,IDFCFIRSTB,IEX,IGL,INDHOTEL,INDIAMART,INDIANB,INDIGO,INDUSINDBK,INDUSTOWER,INFY,IOB,IOC,IRB,IRCTC,IREDA,ISEC,ITC,ITCHOTELS,JINDALSTEL,JSWENERGY,JSWSTEEL,JUBLFOOD,KEI,KOTAKBANK,KPITTECH,LICHSGFIN,LODHA,LT,LTF,LTM,LUPIN,M&M,M&MFIN,MANAPPURAM,MARICO,MARUTI,MAXHEALTH,MAZDOCK,METROPOLIS,MFSL,MINDTREE,MPHASIS,MRF,MRPL,MUTHOOTFIN,NAM-INDIA,NATIONALUM,NAUKRI,NAVINFLUOR,NESTLEIND,NLCINDIA,NMDC,NTPC,NYKAA,OBEROIRLTY,OIL,ONGC,PAGEIND,PAYTM,PEL,PERSISTENT,PFC,PGHH,PHOENIXLTD,PIDILITIND,PIIND,PNB,POLICYBZR,POLYCAB,POWERGRID,POWERINDIA,PRESTIGE,RAMCOCEM,RECLTD,RELIANCE,RVNL,SAIL,SBICARD,SBILIFE,SBIN,SHREECEM,SHRIRAMFIN,SIEMENS,SOLARINDS,SONACOMS,SRF,SUNDARMFIN,SUNPHARMA,TATACHEM,TATACOMM,TATACONSUM,TATAELXSI,TATAMTRDVR,TATAPOWER,TATASTEEL,TCS,TECHM,TITAN,TMPV,TORNTPHARM,TORNTPOWER,TRENT,TVSMOTOR,UBL,ULTRACEMCO,UNIONBANK,UNITDSPR,UPL,VBL,VEDL,VOLTAS,WIPRO,YESBANK,ZYDUSLIFE"
2016-06-30,"360ONE,AARTIIND,ABB,ABCAPITAL,ACC,ADANIENSOL,ADANIENT,ADANIGREEN,ADANIPORTS,ALKEM,AMBUJACEM,APLAPOLLO,APLLTD,APOLLOHOSP,APOLLOTYRE,ASHOKLEY,ASIANPAINT,ASTRAL,ATGL,AUBANK,AUROPHARMA,AXISBANK,BAJAJ-AUTO,BAJAJFINSV,BAJAJHLDNG,BAJFINANCE,BALKRISIND,BANKBARODA,BANKINDIA,BATAINDIA,BDL,BEL,BHARATFORG,BHARTIARTL,BHARTIHEXA,BHEL,BIOCON,BLUESTARCO,BOSCHLTD,BPCL,BRITANNIA,CANBK,CHOLAFIN,CIPLA,CLEAN,COALINDIA,COCHINSHIP,COFORGE,COLPAL,CONCOR,COROMANDEL,CROMPTON,CUMMINSIND,DABUR,DIVISLAB,DIXON,DLF,DMART,DRREDDY,EICHERMOT,EMAMILTD,ENRIN,ETERNAL,EXIDEIND,FACT,FEDERALBNK,FORTIS,GAIL,GLENMARK,GMRAIRPORT,GODFRYPHLP,GODREJCP,GODREJPROP,GRASIM,GSPL,HAL,HAVELLS,HCLTECH,HDFC,HDFCAMC,HDFCBANK,HDFCLIFE,HEROMOTOCO,HINDALCO,HINDPETRO,HINDUNILVR,HINDZINC,HUDCO,ICICIBANK,ICICIGI,IDBI,IDEA,IDFCFIRSTB,IEX,IGL,INDHOTEL,INDIAMART,INDIANB,INDIGO,INDUSINDBK,INDUSTOWER,INFY,IOB,IOC,IRB,IRCTC,IREDA,ISEC,ITC,ITCHOTELS,JINDALSTEL,JSWENERGY,JSWSTEEL,JUBLFOOD,KEI,KOTAKBANK,KPITTECH,LICHSGFIN,LODHA,LT,LTF,LTM,LUPIN,M&M,M&MFIN,MANAPPURAM,MARICO,MARUTI,MAXHEALTH,MAZDOCK,METROPOLIS,MFSL,MINDTREE,MPHASIS,MRF,MRPL,MUTHOOTFIN,NAM-INDIA,NATIONALUM,NAUKRI,NAVINFLUOR,NESTLEIND,NLCINDIA,NMDC,NTPC,NYKAA,OBEROIRLTY,OIL,ONGC,PAGEIND,PAYTM,PEL,PERSISTENT,PFC,PGHH,PHOENIXLTD,PIDILITIND,PIIND,PNB,POLICYBZR,POLYCAB,POWERGRID,POWERINDIA,PRESTIGE,RAMCOCEM,RECLTD,RELIANCE,RVNL,SAIL,SBICARD,SBILIFE,SBIN,SHREECEM,SHRIRAMFIN,SIEMENS,SOLARINDS,SONACOMS,SRF,SUNDARMFIN,SUNPHARMA,TATACHEM,TATACOMM,TATACONSUM,TATAELXSI,TATAMTRDVR,TATAPOWER,TATASTEEL,TCS,TECHM,TITAN,TMPV,TORNTPHARM,TORNTPOWER,TRENT,TVSMOTOR,UBL,ULTRACEMCO,UNIONBANK,UNITDSPR,UPL,VBL,VEDL,VOLTAS,WIPRO,YESBANK,ZYDUSLIFE"
2016-07-31,"360ONE,AARTIIND,ABB,ABCAPITAL,ACC,ADANIENSOL,ADANIENT,ADANIGREEN,ADANIPORTS,ALKEM,AMBUJACEM,APLAPOLLO,APLLTD,APOLLOHOSP,APOLLOTYRE,ASHOKLEY,ASIANPAINT,ASTRAL,ATGL,AUBANK,AUROPHARMA,AXISBANK,BAJAJ-AUTO,BAJAJFINSV,BAJAJHLDNG,BAJFINANCE,BALKRISIND,BANKBARODA,BANKINDIA,BATAINDIA,BDL,BEL,BHARATFORG,BHARTIARTL,BHARTIHEXA,BHEL,BIOCON,BLUESTARCO,BOSCHLTD,BPCL,BRITANNIA,CANBK,CHOLAFIN,CIPLA,CLEAN,COALINDIA,COCHINSHIP,COFORGE,COLPAL,CONCOR,COROMANDEL,CROMPTON,CUMMINSIND,DABUR,DIVISLAB,DIXON,DLF,DMART,DRREDDY,EICHERMOT,EMAMILTD,ENRIN,ETERNAL,EXIDEIND,FACT,FEDERALBNK,FORTIS,GAIL,GLENMARK,GMRAIRPORT,GODFRYPHLP,GODREJCP,GODREJPROP,GRASIM,GSPL,HAL,HAVELLS,HCLTECH,HDFC,HDFCAMC,HDFCBANK,HDFCLIFE,HEROMOTOCO,HINDALCO,HINDPETRO,HINDUNILVR,HINDZINC,HUDCO,ICICIBANK,ICICIGI,IDBI,IDEA,IDFCFIRSTB,IEX,IGL,INDHOTEL,INDIAMART,INDIANB,INDIGO,INDUSINDBK,INDUSTOWER,INFY,IOB,IOC,IRB,IRCTC,IREDA,ISEC,ITC,ITCHOTELS,JINDALSTEL,JSWENERGY,JSWSTEEL,JUBLFOOD,KEI,KOTAKBANK,KPITTECH,LICHSGFIN,LODHA,LT,LTF,LTM,LUPIN,M&M,M&MFIN,MANAPPURAM,MARICO,MARUTI,MAXHEALTH,MAZDOCK,METROPOLIS,MFSL,MINDTREE,MPHASIS,MRF,MRPL,MUTHOOTFIN,NAM-INDIA,NATIONALUM,NAUKRI,NAVINFLUOR,NESTLEIND,NLCINDIA,NMDC,NTPC,NYKAA,OBEROIRLTY,OIL,ONGC,PAGEIND,PAYTM,PEL,PERSISTENT,PFC,PGHH,PHOENIXLTD,PIDILITIND,PIIND,PNB,POLICYBZR,POLYCAB,POWERGRID,POWERINDIA,PRESTIGE,RAMCOCEM,RECLTD,RELIANCE,RVNL,SAIL,SBICARD,SBILIFE,SBIN,SHREECEM,SHRIRAMFIN,SIEMENS,SOLARINDS,SONACOMS,SRF,SUNDARMFIN,SUNPHARMA,TATACHEM,TATACOMM,TATACONSUM,TATAELXSI,TATAMTRDVR,TATAPOWER,TATASTEEL,TCS,TECHM,TITAN,TMPV,TORNTPHARM,TORNTPOWER,TRENT,TVSMOTOR,UBL,ULTRACEMCO,UNIONBANK,UNITDSPR,UPL,VBL,VEDL,VOLTAS,WIPRO,YESBANK,ZYDUSLIFE"
2016-08-31,"360ONE,AARTIIND,ABB,ABCAPITAL,ACC,ADANIENSOL,ADANIENT,ADANIGREEN,ADANIPORTS,ALKEM,AMBUJACEM,APLAPOLLO,APLLTD,APOLLOHOSP,APOLLOTYRE,ASHOKLEY,ASIANPAINT,ASTRAL,ATGL,AUBANK,AUROPHARMA,AXISBANK,BAJAJ-AUTO,BAJAJFINSV,BAJAJHLDNG,BAJFINANCE,BALKRISIND,BANKBARODA,BANKINDIA,BATAINDIA,BDL,BEL,BHARATFORG,BHARTIARTL,BHARTIHEXA,BHEL,BIOCON,BLUESTARCO,BOSCHLTD,BPCL,BRITANNIA,CANBK,CHOLAFIN,CIPLA,CLEAN,COALINDIA,COCHINSHIP,COFORGE,COLPAL,CONCOR,COROMANDEL,CROMPTON,CUMMINSIND,DABUR,DIVISLAB,DIXON,DLF,DMART,DRREDDY,EICHERMOT,EMAMILTD,ENRIN,ETERNAL,EXIDEIND,FACT,FEDERALBNK,FORTIS,GAIL,GLENMARK,GMRAIRPORT,GODFRYPHLP,GODREJCP,GODREJPROP,GRASIM,GSPL,HAL,HAVELLS,HCLTECH,HDFC,HDFCAMC,HDFCBANK,HDFCLIFE,HEROMOTOCO,HINDALCO,HINDPETRO,HINDUNILVR,HINDZINC,HUDCO,ICICIBANK,ICICIGI,IDBI,IDEA,IDFCFIRSTB,IEX,IGL,INDHOTEL,INDIAMART,INDIANB,INDIGO,INDUSINDBK,INDUSTOWER,INFY,IOB,IOC,IRB,IRCTC,IREDA,ISEC,ITC,ITCHOTELS,JINDALSTEL,JSWENERGY,JSWSTEEL,JUBLFOOD,KEI,KOTAKBANK,KPITTECH,LICHSGFIN,LODHA,LT,LTF,LTM,LUPIN,M&M,M&MFIN,MANAPPURAM,MARICO,MARUTI,MAXHEALTH,MAZDOCK,METROPOLIS,MFSL,MINDTREE,MPHASIS,MRF,MRPL,MUTHOOTFIN,NAM-INDIA,NATIONALUM,NAUKRI,NAVINFLUOR,NESTLEIND,NLCINDIA,NMDC,NTPC,NYKAA,OBEROIRLTY,OIL,ONGC,PAGEIND,PAYTM,PEL,PERSISTENT,PFC,PGHH,PHOENIXLTD,PIDILITIND,PIIND,PNB,POLICYBZR,POLYCAB,POWERGRID,POWERINDIA,PRESTIGE,RAMCOCEM,RECLTD,RELIANCE,RVNL,SAIL,SBICARD,SBILIFE,SBIN,SHREECEM,SHRIRAMFIN,SIEMENS,SOLARINDS,SONACOMS,SRF,SUNDARMFIN,SUNPHARMA,TATACHEM,TATACOMM,TATACONSUM,TATAELXSI,TATAMTRDVR,TATAPOWER,TATASTEEL,TCS,TECHM,TITAN,TMPV,TORNTPHARM,TORNTPOWER,TRENT,TVSMOTOR,UBL,ULTRACEMCO,UNIONBANK,UNITDSPR,UPL,VBL,VEDL,VOLTAS,WIPRO,YESBANK,ZYDUSLIFE"
2016-09-30,"360ONE,AARTIIND,ABB,ABCAPITAL,ACC,ADANIENSOL,ADANIENT,ADANIGREEN,ADANIPORTS,ALKEM,AMBUJACEM,APLAPOLLO,APLLTD,APOLLOHOSP,APOLLOTYRE,ASHOKLEY,ASIANPAINT,ASTRAL,ATGL,AUBANK,AUROPHARMA,AXISBANK,BAJAJ-AUTO,BAJAJFINSV,BAJAJHLDNG,BAJFINANCE,BALKRISIND,BANKBARODA,BANKINDIA,BATAINDIA,BDL,BEL,BHARATFORG,BHARTIARTL,BHARTIHEXA,BHEL,BIOCON,BLUESTARCO,BOSCHLTD,BPCL,BRITANNIA,CANBK,CHOLAFIN,CIPLA,CLEAN,COALINDIA,COCHINSHIP,COFORGE,COLPAL,CONCOR,COROMANDEL,CROMPTON,CUMMINSIND,DABUR,DIVISLAB,DIXON,DLF,DMART,DRREDDY,EICHERMOT,EMAMILTD,ENRIN,ETERNAL,EXIDEIND,FACT,FEDERALBNK,FORTIS,GAIL,GLENMARK,GMRAIRPORT,GODFRYPHLP,GODREJCP,GODREJPROP,GRASIM,GSPL,HAL,HAVELLS,HCLTECH,HDFC,HDFCAMC,HDFCBANK,HDFCLIFE,HEROMOTOCO,HINDALCO,HINDPETRO,HINDUNILVR,HINDZINC,HUDCO,ICICIBANK,ICICIGI,IDBI,IDEA,IDFCFIRSTB,IEX,IGL,INDHOTEL,INDIAMART,INDIANB,INDIGO,INDUSINDBK,INDUSTOWER,INFY,IOB,IOC,IRB,IRCTC,IREDA,ISEC,ITC,ITCHOTELS,JINDALSTEL,JSWENERGY,JSWSTEEL,JUBLFOOD,KEI,KOTAKBANK,KPITTECH,LICHSGFIN,LODHA,LT,LTF,LTM,LUPIN,M&M,M&MFIN,MANAPPURAM,MARICO,MARUTI,MAXHEALTH,MAZDOCK,METROPOLIS,MFSL,MINDTREE,MPHASIS,MRF,MRPL,MUTHOOTFIN,NAM-INDIA,NATIONALUM,NAUKRI,NAVINFLUOR,NESTLEIND,NLCINDIA,NMDC,NTPC,NYKAA,OBEROIRLTY,OIL,ONGC,PAGEIND,PAYTM,PEL,PERSISTENT,PFC,PGHH,PHOENIXLTD,PIDILITIND,PIIND,PNB,POLICYBZR,POLYCAB,POWERGRID,POWERINDIA,PRESTIGE,RAMCOCEM,RECLTD,RELIANCE,RVNL,SAIL,SBICARD,SBILIFE,SBIN,SHREECEM,SHRIRAMFIN,SIEMENS,SOLARINDS,SONACOMS,SRF,SUNDARMFIN,SUNPHARMA,TATACHEM,TATACOMM,TATACONSUM,TATAELXSI,TATAMTRDVR,TATAPOWER,TATASTEEL,TCS,TECHM,TITAN,TMPV,TORNTPHARM,TORNTPOWER,TRENT,TVSMOTOR,UBL,ULTRACEMCO,UNIONBANK,UNITDSPR,UPL,VBL,VEDL,VOLTAS,WIPRO,YESBANK,ZYDUSLIFE"
2016-10-31,"360ONE,AARTIIND,ABB,ABCAPITAL,ACC,ADANIENSOL,ADANIENT,ADANIGREEN,ADANIPORTS,ALKEM,AMBUJACEM,APLAPOLLO,APLLTD,APOLLOHOSP,APOLLOTYRE,ASHOKLEY,ASIANPAINT,ASTRAL,ATGL,AUBANK,AUROPHARMA,AXISBANK,BAJAJ-AUTO,BAJAJFINSV,BAJAJHLDNG,BAJFINANCE,BALKRISIND,BANKBARODA,BANKINDIA,BATAINDIA,BDL,BEL,BHARATFORG,BHARTIARTL,BHARTIHEXA,BHEL,BIOCON,BLUESTARCO,BOSCHLTD,BPCL,BRITANNIA,CANBK,CHOLAFIN,CIPLA,CLEAN,COALINDIA,COCHINSHIP,COFORGE,COLPAL,CONCOR,COROMANDEL,CROMPTON,CUMMINSIND,DABUR,DIVISLAB,DIXON,DLF,DMART,DRREDDY,EICHERMOT,EMAMILTD,ENRIN,ETERNAL,EXIDEIND,FACT,FEDERALBNK,FORTIS,GAIL,GLENMARK,GMRAIRPORT,GODFRYPHLP,GODREJCP,GODREJPROP,GRASIM,GSPL,HAL,HAVELLS,HCLTECH,HDFC,HDFCAMC,HDFCBANK,HDFCLIFE,HEROMOTOCO,HINDALCO,HINDPETRO,HINDUNILVR,HINDZINC,HUDCO,ICICIBANK,ICICIGI,IDBI,IDEA,IDFCFIRSTB,IEX,IGL,INDHOTEL,INDIAMART,INDIANB,INDIGO,INDUSINDBK,INDUSTOWER,INFY,IOB,IOC,IRB,IRCTC,IREDA,ISEC,ITC,ITCHOTELS,JINDALSTEL,JSWENERGY,JSWSTEEL,JUBLFOOD,KEI,KOTAKBANK,KPITTECH,LICHSGFIN,LODHA,LT,LTF,LTM,LUPIN,M&M,M&MFIN,MANAPPURAM,MARICO,MARUTI,MAXHEALTH,MAZDOCK,METROPOLIS,MFSL,MINDTREE,MPHASIS,MRF,MRPL,MUTHOOTFIN,NAM-INDIA,NATIONALUM,NAUKRI,NAVINFLUOR,NESTLEIND,NLCINDIA,NMDC,NTPC,NYKAA,OBEROIRLTY,OIL,ONGC,PAGEIND,PAYTM,PEL,PERSISTENT,PFC,PGHH,PHOENIXLTD,PIDILITIND,PIIND,PNB,POLICYBZR,POLYCAB,POWERGRID,POWERINDIA,PRESTIGE,RAMCOCEM,RECLTD,RELIANCE,RVNL,SAIL,SBICARD,SBILIFE,SBIN,SHREECEM,SHRIRAMFIN,SIEMENS,SOLARINDS,SONACOMS,SRF,SUNDARMFIN,SUNPHARMA,TATACHEM,TATACOMM,TATACONSUM,TATAELXSI,TATAMTRDVR,TATAPOWER,TATASTEEL,TCS,TECHM,TITAN,TMPV,TORNTPHARM,TORNTPOWER,TRENT,TVSMOTOR,UBL,ULTRACEMCO,UNIONBANK,UNITDSPR,UPL,VBL,VEDL,VOLTAS,WIPRO,YESBANK,ZYDUSLIFE"
2016-11-30,"360ONE,AARTIIND,ABB,ABCAPITAL,ACC,ADANIENSOL,ADANIENT,ADANIGREEN,ADANIPORTS,ALKEM,AMBUJACEM,APLAPOLLO,APLLTD,APOLLOHOSP,APOLLOTYRE,ASHOKLEY,ASIANPAINT,ASTRAL,ATGL,AUBANK,AUROPHARMA,AXISBANK,BAJAJ-AUTO,BAJAJFINSV,BAJAJHLDNG,BAJFINANCE,BALKRISIND,BANKBARODA,BANKINDIA,BATAINDIA,BDL,BEL,BHARATFORG,BHARTIARTL,BHARTIHEXA,BHEL,BIOCON,BLUESTARCO,BOSCHLTD,BPCL,BRITANNIA,CANBK,CHOLAFIN,CIPLA,CLEAN,COALINDIA,COCHINSHIP,COFORGE,COLPAL,CONCOR,COROMANDEL,CROMPTON,CUMMINSIND,DABUR,DIVISLAB,DIXON,DLF,DMART,DRREDDY,EICHERMOT,EMAMILTD,ENRIN,ETERNAL,EXIDEIND,FACT,FEDERALBNK,FORTIS,GAIL,GLENMARK,GMRAIRPORT,GODFRYPHLP,GODREJCP,GODREJPROP,GRASIM,GSPL,HAL,HAVELLS,HCLTECH,HDFC,HDFCAMC,HDFCBANK,HDFCLIFE,HEROMOTOCO,HINDALCO,HINDPETRO,HINDUNILVR,HINDZINC,HUDCO,ICICIBANK,ICICIGI,IDBI,IDEA,IDFCFIRSTB,IEX,IGL,INDHOTEL,INDIAMART,INDIANB,INDIGO,INDUSINDBK,INDUSTOWER,INFY,IOB,IOC,IRB,IRCTC,IREDA,ISEC,ITC,ITCHOTELS,JINDALSTEL,JSWENERGY,JSWSTEEL,JUBLFOOD,KEI,KOTAKBANK,KPITTECH,LICHSGFIN,LODHA,LT,LTF,LTM,LUPIN,M&M,M&MFIN,MANAPPURAM,MARICO,MARUTI,MAXHEALTH,MAZDOCK,METROPOLIS,MFSL,MINDTREE,MPHASIS,MRF,MRPL,MUTHOOTFIN,NAM-INDIA,NATIONALUM,NAUKRI,NAVINFLUOR,NESTLEIND,NLCINDIA,NMDC,NTPC,NYKAA,OBEROIRLTY,OIL,ONGC,PAGEIND,PAYTM,PEL,PERSISTENT,PFC,PGHH,PHOENIXLTD,PIDILITIND,PIIND,PNB,POLICYBZR,POLYCAB,POWERGRID,POWERINDIA,PRESTIGE,RAMCOCEM,RECLTD,RELIANCE,RVNL,SAIL,SBICARD,SBILIFE,SBIN,SHREECEM,SHRIRAMFIN,SIEMENS,SOLARINDS,SONACOMS,SRF,SUNDARMFIN,SUNPHARMA,TATACHEM,TATACOMM,TATACONSUM,TATAELXSI,TATAMTRDVR,TATAPOWER,TATASTEEL,TCS,TECHM,TITAN,TMPV,TORNTPHARM,TORNTPOWER,TRENT,TVSMOTOR,UBL,ULTRACEMCO,UNIONBANK,UNITDSPR,UPL,VBL,VEDL,VOLTAS,WIPRO,YESBANK,ZYDUSLIFE"
2016-12-31,"360ONE,AARTIIND,ABB,ABCAPITAL,ACC,ADANIENSOL,ADANIENT,ADANIGREEN,ADANIPORTS,ALKEM,AMBUJACEM,APLAPOLLO,APLLTD,APOLLOHOSP,APOLLOTYRE,ASHOKLEY,ASIANPAINT,ASTRAL,ATGL,AUBANK,AUROPHARMA,AXISBANK,BAJAJ-AUTO,BAJAJFINSV,BAJAJHLDNG,BAJFINANCE,BALKRISIND,BANKBARODA,BANKINDIA,BATAINDIA,BDL,BEL,BHARATFORG,BHARTIARTL,BHARTIHEXA,BHEL,BIOCON,BLUESTARCO,BOSCHLTD,BPCL,BRITANNIA,CANBK,CHOLAFIN,CIPLA,CLEAN,COALINDIA,COCHINSHIP,COFORGE,COLPAL,CONCOR,COROMANDEL,CROMPTON,CUMMINSIND,DABUR,DIVISLAB,DIXON,DLF,DMART,DRREDDY,EICHERMOT,EMAMILTD,ENRIN,ETERNAL,EXIDEIND,FACT,FEDERALBNK,FORTIS,GAIL,GLENMARK,GMRAIRPORT,GODFRYPHLP,GODREJCP,GODREJPROP,GRASIM,GSPL,HAL,HAVELLS,HCLTECH,HDFC,HDFCAMC,HDFCBANK,HDFCLIFE,HEROMOTOCO,HINDALCO,HINDPETRO,HINDUNILVR,HINDZINC,HUDCO,ICICIBANK,ICICIGI,IDBI,IDEA,IDFCFIRSTB,IEX,IGL,INDHOTEL,INDIAMART,INDIANB,INDIGO,INDUSINDBK,INDUSTOWER,INFY,IOB,IOC,IRB,IRCTC,IREDA,ISEC,ITC,ITCHOTELS,JINDALSTEL,JSWENERGY,JSWSTEEL,JUBLFOOD,KEI,KOTAKBANK,KPITTECH,LICHSGFIN,LODHA,LT,LTF,LTM,LUPIN,M&M,M&MFIN,MANAPPURAM,MARICO,MARUTI,MAXHEALTH,MAZDOCK,METROPOLIS,MFSL,MINDTREE,MPHASIS,MRF,MRPL,MUTHOOTFIN,NAM-INDIA,NATIONALUM,NAUKRI,NAVINFLUOR,NESTLEIND,NLCINDIA,NMDC,NTPC,NYKAA,OBEROIRLTY,OIL,ONGC,PAGEIND,PAYTM,PEL,PERSISTENT,PFC,PGHH,PHOENIXLTD,PIDILITIND,PIIND,PNB,POLICYBZR,POLYCAB,POWERGRID,POWERINDIA,PRESTIGE,RAMCOCEM,RECLTD,RELIANCE,RVNL,SAIL,SBICARD,SBILIFE,SBIN,SHREECEM,SHRIRAMFIN,SIEMENS,SOLARINDS,SONACOMS,SRF,SUNDARMFIN,SUNPHARMA,TATACHEM,TATACOMM,TATACONSUM,TATAELXSI,TATAMTRDVR,TATAPOWER,TATASTEEL,TCS,TECHM,TITAN,TMPV,TORNTPHARM,TORNTPOWER,TRENT,TVSMOTOR,UBL,ULTRACEMCO,UNIONBANK,UNITDSPR,UPL,VBL,VEDL,VOLTAS,WIPRO,YESBANK,ZYDUSLIFE"
2017-01-31,"360ONE,AARTIIND,ABB,ABCAPITAL,ACC,ADANIENSOL,ADANIENT,ADANIGREEN,ADANIPORTS,ALKEM,AMBUJACEM,APLAPOLLO,APLLTD,APOLLOHOSP,APOLLOTYRE,ASHOKLEY,ASIANPAINT,ASTRAL,ATGL,AUBANK,AUROPHARMA,AXISBANK,BAJAJ-AUTO,BAJAJFINSV,BAJAJHLDNG,BAJFINANCE,BALKRISIND,BANKBARODA,BANKINDIA,BATAINDIA,BDL,BEL,BHARATFORG,BHARTIARTL,BHARTIHEXA,BHEL,BIOCON,BLUESTARCO,BOSCHLTD,BPCL,BRITANNIA,CANBK,CHOLAFIN,CIPLA,CLEAN,COALINDIA,COCHINSHIP,COFORGE,COLPAL,CONCOR,COROMANDEL,CROMPTON,CUMMINSIND,DABUR,DIVISLAB,DIXON,DLF,DMART,DRREDDY,EICHERMOT,EMAMILTD,ENRIN,ETERNAL,EXIDEIND,FACT,FEDERALBNK,FORTIS,GAIL,GLENMARK,GMRAIRPORT,GODFRYPHLP,GODREJCP,GODREJPROP,GRASIM,GSPL,HAL,HAVELLS,HCLTECH,HDFC,HDFCAMC,HDFCBANK,HDFCLIFE,HEROMOTOCO,HINDALCO,HINDPETRO,HINDUNILVR,HINDZINC,HUDCO,ICICIBANK,ICICIGI,IDBI,IDEA,IDFCFIRSTB,IEX,IGL,INDHOTEL,INDIAMART,INDIANB,INDIGO,INDUSINDBK,INDUSTOWER,INFY,IOB,IOC,IRB,IRCTC,IREDA,ISEC,ITC,ITCHOTELS,JINDALSTEL,JSWENERGY,JSWSTEEL,JUBLFOOD,KEI,KOTAKBANK,KPITTECH,LICHSGFIN,LODHA,LT,LTF,LTM,LUPIN,M&M,M&MFIN,MANAPPURAM,MARICO,MARUTI,MAXHEALTH,MAZDOCK,METROPOLIS,MFSL,MINDTREE,MPHASIS,MRF,MRPL,MUTHOOTFIN,NAM-INDIA,NATIONALUM,NAUKRI,NAVINFLUOR,NESTLEIND,NLCINDIA,NMDC,NTPC,NYKAA,OBEROIRLTY,OIL,ONGC,PAGEIND,PAYTM,PEL,PERSISTENT,PFC,PGHH,PHOENIXLTD,PIDILITIND,PIIND,PNB,POLICYBZR,POLYCAB,POWERGRID,POWERINDIA,PRESTIGE,RAMCOCEM,RECLTD,RELIANCE,RVNL,SAIL,SBICARD,SBILIFE,SBIN,SHREECEM,SHRIRAMFIN,SIEMENS,SOLARINDS,SONACOMS,SRF,SUNDARMFIN,SUNPHARMA,TATACHEM,TATACOMM,TATACONSUM,TATAELXSI,TATAMTRDVR,TATAPOWER,TATASTEEL,TCS,TECHM,TITAN,TMPV,TORNTPHARM,TORNTPOWER,TRENT,TVSMOTOR,UBL,ULTRACEMCO,UNIONBANK,UNITDSPR,UPL,VBL,VEDL,VOLTAS,WIPRO,YESBANK,ZYDUSLIFE"
2017-02-28,"360ONE,AARTIIND,ABB,ABCAPITAL,ACC,ADANIENSOL,ADANIENT,ADANIGREEN,ADANIPORTS,ALKEM,AMBUJACEM,APLAPOLLO,APLLTD,APOLLOHOSP,APOLLOTYRE,ASHOKLEY,ASIANPAINT,ASTRAL,ATGL,AUBANK,AUROPHARMA,AXISBANK,BAJAJ-AUTO,BAJAJFINSV,BAJAJHLDNG,BAJFINANCE,BALKRISIND,BANKBARODA,BANKINDIA,BATAINDIA,BDL,BEL,BHARATFORG,BHARTIARTL,BHARTIHEXA,BHEL,BIOCON,BLUESTARCO,BOSCHLTD,BPCL,BRITANNIA,CANBK,CHOLAFIN,CIPLA,CLEAN,COALINDIA,COCHINSHIP,COFORGE,COLPAL,CONCOR,COROMANDEL,CROMPTON,CUMMINSIND,DABUR,DIVISLAB,DIXON,DLF,DMART,DRREDDY,EICHERMOT,EMAMILTD,ENRIN,ETERNAL,EXIDEIND,FACT,FEDERALBNK,FORTIS,GAIL,GLENMARK,GMRAIRPORT,GODFRYPHLP,GODREJCP,GODREJPROP,GRASIM,GSPL,HAL,HAVELLS,HCLTECH,HDFC,HDFCAMC,HDFCBANK,HDFCLIFE,HEROMOTOCO,HINDALCO,HINDPETRO,HINDUNILVR,HINDZINC,HUDCO,ICICIBANK,ICICIGI,IDBI,IDEA,IDFCFIRSTB,IEX,IGL,INDHOTEL,INDIAMART,INDIANB,INDIGO,INDUSINDBK,INDUSTOWER,INFY,IOB,IOC,IRB,IRCTC,IREDA,ISEC,ITC,ITCHOTELS,JINDALSTEL,JSWENERGY,JSWSTEEL,JUBLFOOD,KEI,KOTAKBANK,KPITTECH,LICHSGFIN,LODHA,LT,LTF,LTM,LUPIN,M&M,M&MFIN,MANAPPURAM,MARICO,MARUTI,MAXHEALTH,MAZDOCK,METROPOLIS,MFSL,MINDTREE,MPHASIS,MRF,MRPL,MUTHOOTFIN,NAM-INDIA,NATIONALUM,NAUKRI,NAVINFLUOR,NESTLEIND,NLCINDIA,NMDC,NTPC,NYKAA,OBEROIRLTY,OIL,ONGC,PAGEIND,PAYTM,PEL,PERSISTENT,PFC,PGHH,PHOENIXLTD,PIDILITIND,PIIND,PNB,POLICYBZR,POLYCAB,POWERGRID,POWERINDIA,PRESTIGE,RAMCOCEM,RECLTD,RELIANCE,RVNL,SAIL,SBICARD,SBILIFE,SBIN,SHREECEM,SHRIRAMFIN,SIEMENS,SOLARINDS,SONACOMS,SRF,SUNDARMFIN,SUNPHARMA,TATACHEM,TATACOMM,TATACONSUM,TATAELXSI,TATAMTRDVR,TATAPOWER,TATASTEEL,TCS,TECHM,TITAN,TMPV,TORNTPHARM,TORNTPOWER,TRENT,TVSMOTOR,UBL,ULTRACEMCO,UNIONBANK,UNITDSPR,UPL,VBL,VEDL,VOLTAS,WIPRO,YESBANK,ZYDUSLIFE"
2017-03-31,"360ONE,AARTIIND,ABB,ABCAPITAL,ACC,ADANIENSOL,ADANIENT,ADANIGREEN,ADANIPORTS,ALKEM,AMBUJACEM,APLAPOLLO,APLLTD,APOLLOHOSP,APOLLOTYRE,ASHOKLEY,ASIANPAINT,ASTRAL,ATGL,AUBANK,AUROPHARMA,AXISBANK,BAJAJ-AUTO,BAJAJFINSV,BAJAJHLDNG,BAJFINANCE,BALKRISIND,BANKBARODA,BANKINDIA,BATAINDIA,BDL,BEL,BHARATFORG,BHARTIARTL,BHARTIHEXA,BHEL,BIOCON,BLUESTARCO,BOSCHLTD,BPCL,BRITANNIA,CANBK,CHOLAFIN,CIPLA,CLEAN,COALINDIA,COCHINSHIP,COFORGE,COLPAL,CONCOR,COROMANDEL,CROMPTON,CUMMINSIND,DABUR,DIVISLAB,DIXON,DLF,DMART,DRREDDY,EICHERMOT,EMAMILTD,ENRIN,ETERNAL,EXIDEIND,FACT,FEDERALBNK,FORTIS,GAIL,GLENMARK,GMRAIRPORT,GODFRYPHLP,GODREJCP,GODREJPROP,GRASIM,GSPL,HAL,HAVELLS,HCLTECH,HDFC,HDFCAMC,HDFCBANK,HDFCLIFE,HEROMOTOCO,HINDALCO,HINDPETRO,HINDUNILVR,HINDZINC,HUDCO,ICICIBANK,ICICIGI,IDBI,IDEA,IDFCFIRSTB,IEX,IGL,INDHOTEL,INDIAMART,INDIANB,INDIGO,INDUSINDBK,INDUSTOWER,INFY,IOB,IOC,IRB,IRCTC,IREDA,ISEC,ITC,ITCHOTELS,JINDALSTEL,JSWENERGY,JSWSTEEL,JUBLFOOD,KEI,KOTAKBANK,KPITTECH,LICHSGFIN,LODHA,LT,LTF,LTM,LUPIN,M&M,M&MFIN,MANAPPURAM,MARICO,MARUTI,MAXHEALTH,MAZDOCK,METROPOLIS,MFSL,MINDTREE,MPHASIS,MRF,MRPL,MUTHOOTFIN,NAM-INDIA,NATIONALUM,NAUKRI,NAVINFLUOR,NESTLEIND,NLCINDIA,NMDC,NTPC,NYKAA,OBEROIRLTY,OIL,ONGC,PAGEIND,PAYTM,PEL,PERSISTENT,PFC,PGHH,PHOENIXLTD,PIDILITIND,PIIND,PNB,POLICYBZR,POLYCAB,POWERGRID,POWERINDIA,PRESTIGE,RAMCOCEM,RECLTD,RELIANCE,RVNL,SAIL,SBICARD,SBILIFE,SBIN,SHREECEM,SHRIRAMFIN,SIEMENS,SOLARINDS,SONACOMS,SRF,SUNDARMFIN,SUNPHARMA,TATACHEM,TATACOMM,TATACONSUM,TATAELXSI,TATAMTRDVR,TATAPOWER,TATASTEEL,TCS,TECHM,TITAN,TMPV,TORNTPHARM,TORNTPOWER,TRENT,TVSMOTOR,UBL,ULTRACEMCO,UNIONBANK,UNITDSPR,UPL,VBL,VEDL,VOLTAS,WIPRO,YESBANK,ZYDUSLIFE"
2017-04-30,"360ONE,AARTIIND,ABB,ABCAPITAL,ACC,ADANIENSOL,ADANIENT,ADANIGREEN,ADANIPORTS,ALKEM,AMBUJACEM,APLAPOLLO,APLLTD,APOLLOHOSP,APOLLOTYRE,ASHOKLEY,ASIANPAINT,ASTRAL,ATGL,AUBANK,AUROPHARMA,AXISBANK,BAJAJ-AUTO,BAJAJFINSV,BAJAJHLDNG,BAJFINANCE,BALKRISIND,BANKBARODA,BANKINDIA,BATAINDIA,BDL,BEL,BHARATFORG,BHARTIARTL,BHARTIHEXA,BHEL,BIOCON,BLUESTARCO,BOSCHLTD,BPCL,BRITANNIA,CANBK,CHOLAFIN,CIPLA,CLEAN,COALINDIA,COCHINSHIP,COFORGE,COLPAL,CONCOR,COROMANDEL,CROMPTON,CUMMINSIND,DABUR,DIVISLAB,DIXON,DLF,DMART,DRREDDY,EICHERMOT,EMAMILTD,ENRIN,ETERNAL,EXIDEIND,FACT,FEDERALBNK,FORTIS,GAIL,GLENMARK,GMRAIRPORT,GODFRYPHLP,GODREJCP,GODREJPROP,GRASIM,GSPL,HAL,HAVELLS,HCLTECH,HDFC,HDFCAMC,HDFCBANK,HDFCLIFE,HEROMOTOCO,HINDALCO,HINDPETRO,HINDUNILVR,HINDZINC,HUDCO,ICICIBANK,ICICIGI,IDBI,IDEA,IDFCFIRSTB,IEX,IGL,INDHOTEL,INDIAMART,INDIANB,INDIGO,INDUSINDBK,INDUSTOWER,INFY,IOB,IOC,IRB,IRCTC,IREDA,ISEC,ITC,ITCHOTELS,JINDALSTEL,JSWENERGY,JSWSTEEL,JUBLFOOD,KEI,KOTAKBANK,KPITTECH,LICHSGFIN,LODHA,LT,LTF,LTM,LUPIN,M&M,M&MFIN,MANAPPURAM,MARICO,MARUTI,MAXHEALTH,MAZDOCK,METROPOLIS,MFSL,MINDTREE,MPHASIS,MRF,MRPL,MUTHOOTFIN,NAM-INDIA,NATIONALUM,NAUKRI,NAVINFLUOR,NESTLEIND,NLCINDIA,NMDC,NTPC,NYKAA,OBEROIRLTY,OIL,ONGC,PAGEIND,PAYTM,PEL,PERSISTENT,PFC,PGHH,PHOENIXLTD,PIDILITIND,PIIND,PNB,POLICYBZR,POLYCAB,POWERGRID,POWERINDIA,PRESTIGE,RAMCOCEM,RECLTD,RELIANCE,RVNL,SAIL,SBICARD,SBILIFE,SBIN,SHREECEM,SHRIRAMFIN,SIEMENS,SOLARINDS,SONACOMS,SRF,SUNDARMFIN,SUNPHARMA,TATACHEM,TATACOMM,TATACONSUM,TATAELXSI,TATAMTRDVR,TATAPOWER,TATASTEEL,TCS,TECHM,TITAN,TMPV,TORNTPHARM,TORNTPOWER,TRENT,TVSMOTOR,UBL,ULTRACEMCO,UNIONBANK,UNITDSPR,UPL,VBL,VEDL,VOLTAS,WIPRO,YESBANK,ZYDUSLIFE"
2017-05-31,"360ONE,AARTIIND,ABB,ABCAPITAL,ACC,ADANIENSOL,ADANIENT,ADANIGREEN,ADANIPORTS,ALKEM,AMBUJACEM,APLAPOLLO,APLLTD,APOLLOHOSP,APOLLOTYRE,ASHOKLEY,ASIANPAINT,ASTRAL,ATGL,AUBANK,AUROPHARMA,AXISBANK,BAJAJ-AUTO,BAJAJFINSV,BAJAJHLDNG,BAJFINANCE,BALKRISIND,BANKBARODA,BANKINDIA,BATAINDIA,BDL,BEL,BHARATFORG,BHARTIARTL,BHARTIHEXA,BHEL,BIOCON,BLUESTARCO,BOSCHLTD,BPCL,BRITANNIA,CANBK,CHOLAFIN,CIPLA,CLEAN,COALINDIA,COCHINSHIP,COFORGE,COLPAL,CONCOR,COROMANDEL,CROMPTON,CUMMINSIND,DABUR,DIVISLAB,DIXON,DLF,DMART,DRREDDY,EICHERMOT,EMAMILTD,ENRIN,ETERNAL,EXIDEIND,FACT,FEDERALBNK,FORTIS,GAIL,GLENMARK,GMRAIRPORT,GODFRYPHLP,GODREJCP,GODREJPROP,GRASIM,GSPL,HAL,HAVELLS,HCLTECH,HDFC,HDFCAMC,HDFCBANK,HDFCLIFE,HEROMOTOCO,HINDALCO,HINDPETRO,HINDUNILVR,HINDZINC,HUDCO,ICICIBANK,ICICIGI,IDBI,IDEA,IDFCFIRSTB,IEX,IGL,INDHOTEL,INDIAMART,INDIANB,INDIGO,INDUSINDBK,INDUSTOWER,INFY,IOB,IOC,IRB,IRCTC,IREDA,ISEC,ITC,ITCHOTELS,JINDALSTEL,JSWENERGY,JSWSTEEL,JUBLFOOD,KEI,KOTAKBANK,KPITTECH,LICHSGFIN,LODHA,LT,LTF,LTM,LUPIN,M&M,M&MFIN,MANAPPURAM,MARICO,MARUTI,MAXHEALTH,MAZDOCK,METROPOLIS,MFSL,MINDTREE,MPHASIS,MRF,MRPL,MUTHOOTFIN,NAM-INDIA,NATIONALUM,NAUKRI,NAVINFLUOR,NESTLEIND,NLCINDIA,NMDC,NTPC,NYKAA,OBEROIRLTY,OIL,ONGC,PAGEIND,PAYTM,PEL,PERSISTENT,PFC,PGHH,PHOENIXLTD,PIDILITIND,PIIND,PNB,POLICYBZR,POLYCAB,POWERGRID,POWERINDIA,PRESTIGE,RAMCOCEM,RECLTD,RELIANCE,RVNL,SAIL,SBICARD,SBILIFE,SBIN,SHREECEM,SHRIRAMFIN,SIEMENS,SOLARINDS,SONACOMS,SRF,SUNDARMFIN,SUNPHARMA,TATACHEM,TATACOMM,TATACONSUM,TATAELXSI,TATAMTRDVR,TATAPOWER,TATASTEEL,TCS,TECHM,TITAN,TMPV,TORNTPHARM,TORNTPOWER,TRENT,TVSMOTOR,UBL,ULTRACEMCO,UNIONBANK,UNITDSPR,UPL,VBL,VEDL,VOLTAS,WIPRO,YESBANK,ZYDUSLIFE"
2017-06-30,"360ONE,AARTIIND,ABB,ABCAPITAL,ACC,ADANIENSOL,ADANIENT,ADANIGREEN,ADANIPORTS,ALKEM,AMBUJACEM,APLAPOLLO,APLLTD,APOLLOHOSP,APOLLOTYRE,ASHOKLEY,ASIANPAINT,ASTRAL,ATGL,AUBANK,AUROPHARMA,AXISBANK,BAJAJ-AUTO,BAJAJFINSV,BAJAJHLDNG,BAJFINANCE,BALKRISIND,BANKBARODA,BANKINDIA,BATAINDIA,BDL,BEL,BHARATFORG,BHARTIARTL,BHARTIHEXA,BHEL,BIOCON,BLUESTARCO,BOSCHLTD,BPCL,BRITANNIA,CANBK,CHOLAFIN,CIPLA,CLEAN,COALINDIA,COCHINSHIP,COFORGE,COLPAL,CONCOR,COROMANDEL,CROMPTON,CUMMINSIND,DABUR,DIVISLAB,DIXON,DLF,DMART,DRREDDY,EICHERMOT,EMAMILTD,ENRIN,ETERNAL,EXIDEIND,FACT,FEDERALBNK,FORTIS,GAIL,GLENMARK,GMRAIRPORT,GODFRYPHLP,GODREJCP,GODREJPROP,GRASIM,GSPL,HAL,HAVELLS,HCLTECH,HDFC,HDFCAMC,HDFCBANK,HDFCLIFE,HEROMOTOCO,HINDALCO,HINDPETRO,HINDUNILVR,HINDZINC,HUDCO,ICICIBANK,ICICIGI,IDBI,IDEA,IDFCFIRSTB,IEX,IGL,INDHOTEL,INDIAMART,INDIANB,INDIGO,INDUSINDBK,INDUSTOWER,INFY,IOB,IOC,IRB,IRCTC,IREDA,ISEC,ITC,ITCHOTELS,JINDALSTEL,JSWENERGY,JSWSTEEL,JUBLFOOD,KEI,KOTAKBANK,KPITTECH,LICHSGFIN,LODHA,LT,LTF,LTM,LUPIN,M&M,M&MFIN,MANAPPURAM,MARICO,MARUTI,MAXHEALTH,MAZDOCK,METROPOLIS,MFSL,MINDTREE,MPHASIS,MRF,MRPL,MUTHOOTFIN,NAM-INDIA,NATIONALUM,NAUKRI,NAVINFLUOR,NESTLEIND,NLCINDIA,NMDC,NTPC,NYKAA,OBEROIRLTY,OIL,ONGC,PAGEIND,PAYTM,PEL,PERSISTENT,PFC,PGHH,PHOENIXLTD,PIDILITIND,PIIND,PNB,POLICYBZR,POLYCAB,POWERGRID,POWERINDIA,PRESTIGE,RAMCOCEM,RECLTD,RELIANCE,RVNL,SAIL,SBICARD,SBILIFE,SBIN,SHREECEM,SHRIRAMFIN,SIEMENS,SOLARINDS,SONACOMS,SRF,SUNDARMFIN,SUNPHARMA,TATACHEM,TATACOMM,TATACONSUM,TATAELXSI,TATAMTRDVR,TATAPOWER,TATASTEEL,TCS,TECHM,TITAN,TMPV,TORNTPHARM,TORNTPOWER,TRENT,TVSMOTOR,UBL,ULTRACEMCO,UNIONBANK,UNITDSPR,UPL,VBL,VEDL,VOLTAS,WIPRO,YESBANK,ZYDUSLIFE"
2017-07-31,"360ONE,AARTIIND,ABB,ABCAPITAL,ACC,ADANIENSOL,ADANIENT,ADANIGREEN,ADANIPORTS,ALKEM,AMBUJACEM,APLAPOLLO,APLLTD,APOLLOHOSP,APOLLOTYRE,ASHOKLEY,ASIANPAINT,ASTRAL,ATGL,AUBANK,AUROPHARMA,AXISBANK,BAJAJ-AUTO,BAJAJFINSV,BAJAJHLDNG,BAJFINANCE,BALKRISIND,BANKBARODA,BANKINDIA,BATAINDIA,BDL,BEL,BHARATFORG,BHARTIARTL,BHARTIHEXA,BHEL,BIOCON,BLUESTARCO,BOSCHLTD,BPCL,BRITANNIA,CANBK,CHOLAFIN,CIPLA,CLEAN,COALINDIA,COCHINSHIP,COFORGE,COLPAL,CONCOR,COROMANDEL,CROMPTON,CUMMINSIND,DABUR,DIVISLAB,DIXON,DLF,DMART,DRREDDY,EICHERMOT,EMAMILTD,ENRIN,ETERNAL,EXIDEIND,FACT,FEDERALBNK,FORTIS,GAIL,GLENMARK,GMRAIRPORT,GODFRYPHLP,GODREJCP,GODREJPROP,GRASIM,GSPL,HAL,HAVELLS,HCLTECH,HDFC,HDFCAMC,HDFCBANK,HDFCLIFE,HEROMOTOCO,HINDALCO,HINDPETRO,HINDUNILVR,HINDZINC,HUDCO,ICICIBANK,ICICIGI,IDBI,IDEA,IDFCFIRSTB,IEX,IGL,INDHOTEL,INDIAMART,INDIANB,INDIGO,INDUSINDBK,INDUSTOWER,INFY,IOB,IOC,IRB,IRCTC,IREDA,ISEC,ITC,ITCHOTELS,JINDALSTEL,JSWENERGY,JSWSTEEL,JUBLFOOD,KEI,KOTAKBANK,KPITTECH,LICHSGFIN,LODHA,LT,LTF,LTM,LUPIN,M&M,M&MFIN,MANAPPURAM,MARICO,MARUTI,MAXHEALTH,MAZDOCK,METROPOLIS,MFSL,MINDTREE,MPHASIS,MRF,MRPL,MUTHOOTFIN,NAM-INDIA,NATIONALUM,NAUKRI,NAVINFLUOR,NESTLEIND,NLCINDIA,NMDC,NTPC,NYKAA,OBEROIRLTY,OIL,ONGC,PAGEIND,PAYTM,PEL,PERSISTENT,PFC,PGHH,PHOENIXLTD,PIDILITIND,PIIND,PNB,POLICYBZR,POLYCAB,POWERGRID,POWERINDIA,PRESTIGE,RAMCOCEM,RECLTD,RELIANCE,RVNL,SAIL,SBICARD,SBILIFE,SBIN,SHREECEM,SHRIRAMFIN,SIEMENS,SOLARINDS,SONACOMS,SRF,SUNDARMFIN,SUNPHARMA,TATACHEM,TATACOMM,TATACONSUM,TATAELXSI,TATAMTRDVR,TATAPOWER,TATASTEEL,TCS,TECHM,TITAN,TMPV,TORNTPHARM,TORNTPOWER,TRENT,TVSMOTOR,UBL,ULTRACEMCO,UNIONBANK,UNITDSPR,UPL,VBL,VEDL,VOLTAS,WIPRO,YESBANK,ZYDUSLIFE"
2017-08-31,"360ONE,AARTIIND,ABB,ABCAPITAL,ACC,ADANIENSOL,ADANIENT,ADANIGREEN,ADANIPORTS,ALKEM,AMBUJACEM,APLAPOLLO,APLLTD,APOLLOHOSP,APOLLOTYRE,ASHOKLEY,ASIANPAINT,ASTRAL,ATGL,AUBANK,AUROPHARMA,AXISBANK,BAJAJ-AUTO,BAJAJFINSV,BAJAJHLDNG,BAJFINANCE,BALKRISIND,BANKBARODA,BANKINDIA,BATAINDIA,BDL,BEL,BHARATFORG,BHARTIARTL,BHARTIHEXA,BHEL,BIOCON,BLUESTARCO,BOSCHLTD,BPCL,BRITANNIA,CANBK,CHOLAFIN,CIPLA,CLEAN,COALINDIA,COCHINSHIP,COFORGE,COLPAL,CONCOR,COROMANDEL,CROMPTON,CUMMINSIND,DABUR,DIVISLAB,DIXON,DLF,DMART,DRREDDY,EICHERMOT,EMAMILTD,ENRIN,ETERNAL,EXIDEIND,FACT,FEDERALBNK,FORTIS,GAIL,GLENMARK,GMRAIRPORT,GODFRYPHLP,GODREJCP,GODREJPROP,GRASIM,GSPL,HAL,HAVELLS,HCLTECH,HDFC,HDFCAMC,HDFCBANK,HDFCLIFE,HEROMOTOCO,HINDALCO,HINDPETRO,HINDUNILVR,HINDZINC,HUDCO,ICICIBANK,ICICIGI,IDBI,IDEA,IDFCFIRSTB,IEX,IGL,INDHOTEL,INDIAMART,INDIANB,INDIGO,INDUSINDBK,INDUSTOWER,INFY,IOB,IOC,IRB,IRCTC,IREDA,ISEC,ITC,ITCHOTELS,JINDALSTEL,JSWENERGY,JSWSTEEL,JUBLFOOD,KEI,KOTAKBANK,KPITTECH,LICHSGFIN,LODHA,LT,LTF,LTM,LUPIN,M&M,M&MFIN,MANAPPURAM,MARICO,MARUTI,MAXHEALTH,MAZDOCK,METROPOLIS,MFSL,MINDTREE,MPHASIS,MRF,MRPL,MUTHOOTFIN,NAM-INDIA,NATIONALUM,NAUKRI,NAVINFLUOR,NESTLEIND,NLCINDIA,NMDC,NTPC,NYKAA,OBEROIRLTY,OIL,ONGC,PAGEIND,PAYTM,PEL,PERSISTENT,PFC,PGHH,PHOENIXLTD,PIDILITIND,PIIND,PNB,POLICYBZR,POLYCAB,POWERGRID,POWERINDIA,PRESTIGE,RAMCOCEM,RECLTD,RELIANCE,RVNL,SAIL,SBICARD,SBILIFE,SBIN,SHREECEM,SHRIRAMFIN,SIEMENS,SOLARINDS,SONACOMS,SRF,SUNDARMFIN,SUNPHARMA,TATACHEM,TATACOMM,TATACONSUM,TATAELXSI,TATAMTRDVR,TATAPOWER,TATASTEEL,TCS,TECHM,TITAN,TMPV,TORNTPHARM,TORNTPOWER,TRENT,TVSMOTOR,UBL,ULTRACEMCO,UNIONBANK,UNITDSPR,UPL,VBL,VEDL,VOLTAS,WIPRO,YESBANK,ZYDUSLIFE"
2017-09-30,"360ONE,AARTIIND,ABB,ABCAPITAL,ACC,ADANIENSOL,ADANIENT,ADANIGREEN,ADANIPORTS,ALKEM,AMBUJACEM,APLAPOLLO,APLLTD,APOLLOHOSP,APOLLOTYRE,ASHOKLEY,ASIANPAINT,ASTRAL,ATGL,AUBANK,AUROPHARMA,AXISBANK,BAJAJ-AUTO,BAJAJFINSV,BAJAJHLDNG,BAJFINANCE,BALKRISIND,BANKBARODA,BANKINDIA,BATAINDIA,BDL,BEL,BHARATFORG,BHARTIARTL,BHARTIHEXA,BHEL,BIOCON,BLUESTARCO,BOSCHLTD,BPCL,BRITANNIA,CANBK,CHOLAFIN,CIPLA,CLEAN,COALINDIA,COCHINSHIP,COFORGE,COLPAL,CONCOR,COROMANDEL,CROMPTON,CUMMINSIND,DABUR,DIVISLAB,DIXON,DLF,DMART,DRREDDY,EICHERMOT,EMAMILTD,ENRIN,ETERNAL,EXIDEIND,FACT,FEDERALBNK,FORTIS,GAIL,GLENMARK,GMRAIRPORT,GODFRYPHLP,GODREJCP,GODREJPROP,GRASIM,GSPL,HAL,HAVELLS,HCLTECH,HDFC,HDFCAMC,HDFCBANK,HDFCLIFE,HEROMOTOCO,HINDALCO,HINDPETRO,HINDUNILVR,HINDZINC,HUDCO,ICICIBANK,ICICIGI,IDBI,IDEA,IDFCFIRSTB,IEX,IGL,INDHOTEL,INDIAMART,INDIANB,INDIGO,INDUSINDBK,INDUSTOWER,INFY,IOB,IOC,IRB,IRCTC,IREDA,ISEC,ITC,ITCHOTELS,JINDALSTEL,JSWENERGY,JSWSTEEL,JUBLFOOD,KEI,KOTAKBANK,KPITTECH,LICHSGFIN,LODHA,LT,LTF,LTM,LUPIN,M&M,M&MFIN,MANAPPURAM,MARICO,MARUTI,MAXHEALTH,MAZDOCK,METROPOLIS,MFSL,MINDTREE,MPHASIS,MRF,MRPL,MUTHOOTFIN,NAM-INDIA,NATIONALUM,NAUKRI,NAVINFLUOR,NESTLEIND,NLCINDIA,NMDC,NTPC,NYKAA,OBEROIRLTY,OIL,ONGC,PAGEIND,PAYTM,PEL,PERSISTENT,PFC,PGHH,PHOENIXLTD,PIDILITIND,PIIND,PNB,POLICYBZR,POLYCAB,POWERGRID,POWERINDIA,PRESTIGE,RAMCOCEM,RECLTD,RELIANCE,RVNL,SAIL,SBICARD,SBILIFE,SBIN,SHREECEM,SHRIRAMFIN,SIEMENS,SOLARINDS,SONACOMS,SRF,SUNDARMFIN,SUNPHARMA,TATACHEM,TATACOMM,TATACONSUM,TATAELXSI,TATAMTRDVR,TATAPOWER,TATASTEEL,TCS,TECHM,TITAN,TMPV,TORNTPHARM,TORNTPOWER,TRENT,TVSMOTOR,UBL,ULTRACEMCO,UNIONBANK,UNITDSPR,UPL,VBL,VEDL,VOLTAS,WIPRO,YESBANK,ZYDUSLIFE"
2017-10-31,"360ONE,AARTIIND,ABB,ABCAPITAL,ACC,ADANIENSOL,ADANIENT,ADANIGREEN,ADANIPORTS,ALKEM,AMBUJACEM,APLAPOLLO,APLLTD,APOLLOHOSP,APOLLOTYRE,ASHOKLEY,ASIANPAINT,ASTRAL,ATGL,AUBANK,AUROPHARMA,AXISBANK,BAJAJ-AUTO,BAJAJFINSV,BAJAJHLDNG,BAJFINANCE,BALKRISIND,BANKBARODA,BANKINDIA,BATAINDIA,BDL,BEL,BHARATFORG,BHARTIARTL,BHARTIHEXA,BHEL,BIOCON,BLUESTARCO,BOSCHLTD,BPCL,BRITANNIA,CANBK,CHOLAFIN,CIPLA,CLEAN,COALINDIA,COCHINSHIP,COFORGE,COLPAL,CONCOR,COROMANDEL,CROMPTON,CUMMINSIND,DABUR,DIVISLAB,DIXON,DLF,DMART,DRREDDY,EICHERMOT,EMAMILTD,ENRIN,ETERNAL,EXIDEIND,FACT,FEDERALBNK,FORTIS,GAIL,GLENMARK,GMRAIRPORT,GODFRYPHLP,GODREJCP,GODREJPROP,GRASIM,GSPL,HAL,HAVELLS,HCLTECH,HDFC,HDFCAMC,HDFCBANK,HDFCLIFE,HEROMOTOCO,HINDALCO,HINDPETRO,HINDUNILVR,HINDZINC,HUDCO,ICICIBANK,ICICIGI,IDBI,IDEA,IDFCFIRSTB,IEX,IGL,INDHOTEL,INDIAMART,INDIANB,INDIGO,INDUSINDBK,INDUSTOWER,INFY,IOB,IOC,IRB,IRCTC,IREDA,ISEC,ITC,ITCHOTELS,JINDALSTEL,JSWENERGY,JSWSTEEL,JUBLFOOD,KEI,KOTAKBANK,KPITTECH,LICHSGFIN,LODHA,LT,LTF,LTM,LUPIN,M&M,M&MFIN,MANAPPURAM,MARICO,MARUTI,MAXHEALTH,MAZDOCK,METROPOLIS,MFSL,MINDTREE,MPHASIS,MRF,MRPL,MUTHOOTFIN,NAM-INDIA,NATIONALUM,NAUKRI,NAVINFLUOR,NESTLEIND,NLCINDIA,NMDC,NTPC,NYKAA,OBEROIRLTY,OIL,ONGC,PAGEIND,PAYTM,PEL,PERSISTENT,PFC,PGHH,PHOENIXLTD,PIDILITIND,PIIND,PNB,POLICYBZR,POLYCAB,POWERGRID,POWERINDIA,PRESTIGE,RAMCOCEM,RECLTD,RELIANCE,RVNL,SAIL,SBICARD,SBILIFE,SBIN,SHREECEM,SHRIRAMFIN,SIEMENS,SOLARINDS,SONACOMS,SRF,SUNDARMFIN,SUNPHARMA,TATACHEM,TATACOMM,TATACONSUM,TATAELXSI,TATAMTRDVR,TATAPOWER,TATASTEEL,TCS,TECHM,TITAN,TMPV,TORNTPHARM,TORNTPOWER,TRENT,TVSMOTOR,UBL,ULTRACEMCO,UNIONBANK,UNITDSPR,UPL,VBL,VEDL,VOLTAS,WIPRO,YESBANK,ZYDUSLIFE"
2017-11-30,"360ONE,AARTIIND,ABB,ABCAPITAL,ACC,ADANIENSOL,ADANIENT,ADANIGREEN,ADANIPORTS,ALKEM,AMBUJACEM,APLAPOLLO,APLLTD,APOLLOHOSP,APOLLOTYRE,ASHOKLEY,ASIANPAINT,ASTRAL,ATGL,AUBANK,AUROPHARMA,AXISBANK,BAJAJ-AUTO,BAJAJFINSV,BAJAJHLDNG,BAJFINANCE,BALKRISIND,BANKBARODA,BANKINDIA,BATAINDIA,BDL,BEL,BHARATFORG,BHARTIARTL,BHARTIHEXA,BHEL,BIOCON,BLUESTARCO,BOSCHLTD,BPCL,BRITANNIA,CANBK,CHOLAFIN,CIPLA,CLEAN,COALINDIA,COCHINSHIP,COFORGE,COLPAL,CONCOR,COROMANDEL,CROMPTON,CUMMINSIND,DABUR,DIVISLAB,DIXON,DLF,DMART,DRREDDY,EICHERMOT,EMAMILTD,ENRIN,ETERNAL,EXIDEIND,FACT,FEDERALBNK,FORTIS,GAIL,GLENMARK,GMRAIRPORT,GODFRYPHLP,GODREJCP,GODREJPROP,GRASIM,GSPL,HAL,HAVELLS,HCLTECH,HDFC,HDFCAMC,HDFCBANK,HDFCLIFE,HEROMOTOCO,HINDALCO,HINDPETRO,HINDUNILVR,HINDZINC,HUDCO,ICICIBANK,ICICIGI,IDBI,IDEA,IDFCFIRSTB,IEX,IGL,INDHOTEL,INDIAMART,INDIANB,INDIGO,INDUSINDBK,INDUSTOWER,INFY,IOB,IOC,IRB,IRCTC,IREDA,ISEC,ITC,ITCHOTELS,JINDALSTEL,JSWENERGY,JSWSTEEL,JUBLFOOD,KEI,KOTAKBANK,KPITTECH,LICHSGFIN,LODHA,LT,LTF,LTM,LUPIN,M&M,M&MFIN,MANAPPURAM,MARICO,MARUTI,MAXHEALTH,MAZDOCK,METROPOLIS,MFSL,MINDTREE,MPHASIS,MRF,MRPL,MUTHOOTFIN,NAM-INDIA,NATIONALUM,NAUKRI,NAVINFLUOR,NESTLEIND,NLCINDIA,NMDC,NTPC,NYKAA,OBEROIRLTY,OIL,ONGC,PAGEIND,PAYTM,PEL,PERSISTENT,PFC,PGHH,PHOENIXLTD,PIDILITIND,PIIND,PNB,POLICYBZR,POLYCAB,POWERGRID,POWERINDIA,PRESTIGE,RAMCOCEM,RECLTD,RELIANCE,RVNL,SAIL,SBICARD,SBILIFE,SBIN,SHREECEM,SHRIRAMFIN,SIEMENS,SOLARINDS,SONACOMS,SRF,SUNDARMFIN,SUNPHARMA,TATACHEM,TATACOMM,TATACONSUM,TATAELXSI,TATAMTRDVR,TATAPOWER,TATASTEEL,TCS,TECHM,TITAN,TMPV,TORNTPHARM,TORNTPOWER,TRENT,TVSMOTOR,UBL,ULTRACEMCO,UNIONBANK,UNITDSPR,UPL,VBL,VEDL,VOLTAS,WIPRO,YESBANK,ZYDUSLIFE"
2017-12-31,"360ONE,AARTIIND,ABB,ABCAPITAL,ACC,ADANIENSOL,ADANIENT,ADANIGREEN,ADANIPORTS,ALKEM,AMBUJACEM,APLAPOLLO,APLLTD,APOLLOHOSP,APOLLOTYRE,ASHOKLEY,ASIANPAINT,ASTRAL,ATGL,AUBANK,AUROPHARMA,AXISBANK,BAJAJ-AUTO,BAJAJFINSV,BAJAJHLDNG,BAJFINANCE,BALKRISIND,BANKBARODA,BANKINDIA,BATAINDIA,BDL,BEL,BHARATFORG,BHARTIARTL,BHARTIHEXA,BHEL,BIOCON,BLUESTARCO,BOSCHLTD,BPCL,BRITANNIA,CANBK,CHOLAFIN,CIPLA,CLEAN,COALINDIA,COCHINSHIP,COFORGE,COLPAL,CONCOR,COROMANDEL,CROMPTON,CUMMINSIND,DABUR,DIVISLAB,DIXON,DLF,DMART,DRREDDY,EICHERMOT,EMAMILTD,ENRIN,ETERNAL,EXIDEIND,FACT,FEDERALBNK,FORTIS,GAIL,GLENMARK,GMRAIRPORT,GODFRYPHLP,GODREJCP,GODREJPROP,GRASIM,GSPL,HAL,HAVELLS,HCLTECH,HDFC,HDFCAMC,HDFCBANK,HDFCLIFE,HEROMOTOCO,HINDALCO,HINDPETRO,HINDUNILVR,HINDZINC,HUDCO,ICICIBANK,ICICIGI,IDBI,IDEA,IDFCFIRSTB,IEX,IGL,INDHOTEL,INDIAMART,INDIANB,INDIGO,INDUSINDBK,INDUSTOWER,INFY,IOB,IOC,IRB,IRCTC,IREDA,ISEC,ITC,ITCHOTELS,JINDALSTEL,JSWENERGY,JSWSTEEL,JUBLFOOD,KEI,KOTAKBANK,KPITTECH,LICHSGFIN,LODHA,LT,LTF,LTM,LUPIN,M&M,M&MFIN,MANAPPURAM,MARICO,MARUTI,MAXHEALTH,MAZDOCK,METROPOLIS,MFSL,MINDTREE,MPHASIS,MRF,MRPL,MUTHOOTFIN,NAM-INDIA,NATIONALUM,NAUKRI,NAVINFLUOR,NESTLEIND,NLCINDIA,NMDC,NTPC,NYKAA,OBEROIRLTY,OIL,ONGC,PAGEIND,PAYTM,PEL,PERSISTENT,PFC,PGHH,PHOENIXLTD,PIDILITIND,PIIND,PNB,POLICYBZR,POLYCAB,POWERGRID,POWERINDIA,PRESTIGE,RAMCOCEM,RECLTD,RELIANCE,RVNL,SAIL,SBICARD,SBILIFE,SBIN,SHREECEM,SHRIRAMFIN,SIEMENS,SOLARINDS,SONACOMS,SRF,SUNDARMFIN,SUNPHARMA,TATACHEM,TATACOMM,TATACONSUM,TATAELXSI,TATAMTRDVR,TATAPOWER,TATASTEEL,TCS,TECHM,TITAN,TMPV,TORNTPHARM,TORNTPOWER,TRENT,TVSMOTOR,UBL,ULTRACEMCO,UNIONBANK,UNITDSPR,UPL,VBL,VEDL,VOLTAS,WIPRO,YESBANK,ZYDUSLIFE"
2018-01-31,"360ONE,AARTIIND,ABB,ABCAPITAL,ACC,ADANIENSOL,ADANIENT,ADANIGREEN,ADANIPORTS,ALKEM,AMBUJACEM,APLAPOLLO,APLLTD,APOLLOHOSP,APOLLOTYRE,ASHOKLEY,ASIANPAINT,ASTRAL,ATGL,AUBANK,AUROPHARMA,AXISBANK,BAJAJ-AUTO,BAJAJFINSV,BAJAJHLDNG,BAJFINANCE,BALKRISIND,BANKBARODA,BANKINDIA,BATAINDIA,BDL,BEL,BHARATFORG,BHARTIARTL,BHARTIHEXA,BHEL,BIOCON,BLUESTARCO,BOSCHLTD,BPCL,BRITANNIA,CANBK,CHOLAFIN,CIPLA,CLEAN,COALINDIA,COCHINSHIP,COFORGE,COLPAL,CONCOR,COROMANDEL,CROMPTON,CUMMINSIND,DABUR,DIVISLAB,DIXON,DLF,DMART,DRREDDY,EICHERMOT,EMAMILTD,ENRIN,ETERNAL,EXIDEIND,FACT,FEDERALBNK,FORTIS,GAIL,GLENMARK,GMRAIRPORT,GODFRYPHLP,GODREJCP,GODREJPROP,GRASIM,GSPL,HAL,HAVELLS,HCLTECH,HDFC,HDFCAMC,HDFCBANK,HDFCLIFE,HEROMOTOCO,HINDALCO,HINDPETRO,HINDUNILVR,HINDZINC,HUDCO,ICICIBANK,ICICIGI,IDBI,IDEA,IDFCFIRSTB,IEX,IGL,INDHOTEL,INDIAMART,INDIANB,INDIGO,INDUSINDBK,INDUSTOWER,INFY,IOB,IOC,IRB,IRCTC,IREDA,ISEC,ITC,ITCHOTELS,JINDALSTEL,JSWENERGY,JSWSTEEL,JUBLFOOD,KEI,KOTAKBANK,KPITTECH,LICHSGFIN,LODHA,LT,LTF,LTM,LUPIN,M&M,M&MFIN,MANAPPURAM,MARICO,MARUTI,MAXHEALTH,MAZDOCK,METROPOLIS,MFSL,MINDTREE,MPHASIS,MRF,MRPL,MUTHOOTFIN,NAM-INDIA,NATIONALUM,NAUKRI,NAVINFLUOR,NESTLEIND,NLCINDIA,NMDC,NTPC,NYKAA,OBEROIRLTY,OIL,ONGC,PAGEIND,PAYTM,PEL,PERSISTENT,PFC,PGHH,PHOENIXLTD,PIDILITIND,PIIND,PNB,POLICYBZR,POLYCAB,POWERGRID,POWERINDIA,PRESTIGE,RAMCOCEM,RECLTD,RELIANCE,RVNL,SAIL,SBICARD,SBILIFE,SBIN,SHREECEM,SHRIRAMFIN,SIEMENS,SOLARINDS,SONACOMS,SRF,SUNDARMFIN,SUNPHARMA,TATACHEM,TATACOMM,TATACONSUM,TATAELXSI,TATAMTRDVR,TATAPOWER,TATASTEEL,TCS,TECHM,TITAN,TMPV,TORNTPHARM,TORNTPOWER,TRENT,TVSMOTOR,UBL,ULTRACEMCO,UNIONBANK,UNITDSPR,UPL,VBL,VEDL,VOLTAS,WIPRO,YESBANK,ZYDUSLIFE"
2018-02-28,"360ONE,AARTIIND,ABB,ABCAPITAL,ACC,ADANIENSOL,ADANIENT,ADANIGREEN,ADANIPORTS,ALKEM,AMBUJACEM,APLAPOLLO,APLLTD,APOLLOHOSP,APOLLOTYRE,ASHOKLEY,ASIANPAINT,ASTRAL,ATGL,AUBANK,AUROPHARMA,AXISBANK,BAJAJ-AUTO,BAJAJFINSV,BAJAJHLDNG,BAJFINANCE,BALKRISIND,BANKBARODA,BANKINDIA,BATAINDIA,BDL,BEL,BHARATFORG,BHARTIARTL,BHARTIHEXA,BHEL,BIOCON,BLUESTARCO,BOSCHLTD,BPCL,BRITANNIA,CANBK,CHOLAFIN,CIPLA,CLEAN,COALINDIA,COCHINSHIP,COFORGE,COLPAL,CONCOR,COROMANDEL,CROMPTON,CUMMINSIND,DABUR,DIVISLAB,DIXON,DLF,DMART,DRREDDY,EICHERMOT,EMAMILTD,ENRIN,ETERNAL,EXIDEIND,FACT,FEDERALBNK,FORTIS,GAIL,GLENMARK,GMRAIRPORT,GODFRYPHLP,GODREJCP,GODREJPROP,GRASIM,GSPL,HAL,HAVELLS,HCLTECH,HDFC,HDFCAMC,HDFCBANK,HDFCLIFE,HEROMOTOCO,HINDALCO,HINDPETRO,HINDUNILVR,HINDZINC,HUDCO,ICICIBANK,ICICIGI,IDBI,IDEA,IDFCFIRSTB,IEX,IGL,INDHOTEL,INDIAMART,INDIANB,INDIGO,INDUSINDBK,INDUSTOWER,INFY,IOB,IOC,IRB,IRCTC,IREDA,ISEC,ITC,ITCHOTELS,JINDALSTEL,JSWENERGY,JSWSTEEL,JUBLFOOD,KEI,KOTAKBANK,KPITTECH,LICHSGFIN,LODHA,LT,LTF,LTM,LUPIN,M&M,M&MFIN,MANAPPURAM,MARICO,MARUTI,MAXHEALTH,MAZDOCK,METROPOLIS,MFSL,MINDTREE,MPHASIS,MRF,MRPL,MUTHOOTFIN,NAM-INDIA,NATIONALUM,NAUKRI,NAVINFLUOR,NESTLEIND,NLCINDIA,NMDC,NTPC,NYKAA,OBEROIRLTY,OIL,ONGC,PAGEIND,PAYTM,PEL,PERSISTENT,PFC,PGHH,PHOENIXLTD,PIDILITIND,PIIND,PNB,POLICYBZR,POLYCAB,POWERGRID,POWERINDIA,PRESTIGE,RAMCOCEM,RECLTD,RELIANCE,RVNL,SAIL,SBICARD,SBILIFE,SBIN,SHREECEM,SHRIRAMFIN,SIEMENS,SOLARINDS,SONACOMS,SRF,SUNDARMFIN,SUNPHARMA,TATACHEM,TATACOMM,TATACONSUM,TATAELXSI,TATAMTRDVR,TATAPOWER,TATASTEEL,TCS,TECHM,TITAN,TMPV,TORNTPHARM,TORNTPOWER,TRENT,TVSMOTOR,UBL,ULTRACEMCO,UNIONBANK,UNITDSPR,UPL,VBL,VEDL,VOLTAS,WIPRO,YESBANK,ZYDUSLIFE"
2018-03-31,"360ONE,AARTIIND,ABB,ABCAPITAL,ACC,ADANIENSOL,ADANIENT,ADANIGREEN,ADANIPORTS,ALKEM,AMBUJACEM,APLAPOLLO,APLLTD,APOLLOHOSP,APOLLOTYRE,ASHOKLEY,ASIANPAINT,ASTRAL,ATGL,AUBANK,AUROPHARMA,AXISBANK,BAJAJ-AUTO,BAJAJFINSV,BAJAJHLDNG,BAJFINANCE,BALKRISIND,BANKBARODA,BANKINDIA,BATAINDIA,BDL,BEL,BHARATFORG,BHARTIARTL,BHARTIHEXA,BHEL,BIOCON,BLUESTARCO,BOSCHLTD,BPCL,BRITANNIA,CANBK,CHOLAFIN,CIPLA,CLEAN,COALINDIA,COCHINSHIP,COFORGE,COLPAL,CONCOR,COROMANDEL,CROMPTON,CUMMINSIND,DABUR,DIVISLAB,DIXON,DLF,DMART,DRREDDY,EICHERMOT,EMAMILTD,ENRIN,ETERNAL,EXIDEIND,FACT,FEDERALBNK,FORTIS,GAIL,GLENMARK,GMRAIRPORT,GODFRYPHLP,GODREJCP,GODREJPROP,GRASIM,GSPL,HAL,HAVELLS,HCLTECH,HDFC,HDFCAMC,HDFCBANK,HDFCLIFE,HEROMOTOCO,HINDALCO,HINDPETRO,HINDUNILVR,HINDZINC,HUDCO,ICICIBANK,ICICIGI,IDBI,IDEA,IDFCFIRSTB,IEX,IGL,INDHOTEL,INDIAMART,INDIANB,INDIGO,INDUSINDBK,INDUSTOWER,INFY,IOB,IOC,IRB,IRCTC,IREDA,ISEC,ITC,ITCHOTELS,JINDALSTEL,JSWENERGY,JSWSTEEL,JUBLFOOD,KEI,KOTAKBANK,KPITTECH,LICHSGFIN,LODHA,LT,LTF,LTM,LUPIN,M&M,M&MFIN,MANAPPURAM,MARICO,MARUTI,MAXHEALTH,MAZDOCK,METROPOLIS,MFSL,MINDTREE,MPHASIS,MRF,MRPL,MUTHOOTFIN,NAM-INDIA,NATIONALUM,NAUKRI,NAVINFLUOR,NESTLEIND,NLCINDIA,NMDC,NTPC,NYKAA,OBEROIRLTY,OIL,ONGC,PAGEIND,PAYTM,PEL,PERSISTENT,PFC,PGHH,PHOENIXLTD,PIDILITIND,PIIND,PNB,POLICYBZR,POLYCAB,POWERGRID,POWERINDIA,PRESTIGE,RAMCOCEM,RECLTD,RELIANCE,RVNL,SAIL,SBICARD,SBILIFE,SBIN,SHREECEM,SHRIRAMFIN,SIEMENS,SOLARINDS,SONACOMS,SRF,SUNDARMFIN,SUNPHARMA,TATACHEM,TATACOMM,TATACONSUM,TATAELXSI,TATAMTRDVR,TATAPOWER,TATASTEEL,TCS,TECHM,TITAN,TMPV,TORNTPHARM,TORNTPOWER,TRENT,TVSMOTOR,UBL,ULTRACEMCO,UNIONBANK,UNITDSPR,UPL,VBL,VEDL,VOLTAS,WIPRO,YESBANK,ZYDUSLIFE"
2018-04-30,"360ONE,AARTIIND,ABB,ABCAPITAL,ACC,ADANIENSOL,ADANIENT,ADANIGREEN,ADANIPORTS,ALKEM,AMBUJACEM,APLAPOLLO,APLLTD,APOLLOHOSP,APOLLOTYRE,ASHOKLEY,ASIANPAINT,ASTRAL,ATGL,AUBANK,AUROPHARMA,AXISBANK,BAJAJ-AUTO,BAJAJFINSV,BAJAJHLDNG,BAJFINANCE,BALKRISIND,BANKBARODA,BANKINDIA,BATAINDIA,BDL,BEL,BHARATFORG,BHARTIARTL,BHARTIHEXA,BHEL,BIOCON,BLUESTARCO,BOSCHLTD,BPCL,BRITANNIA,CANBK,CHOLAFIN,CIPLA,CLEAN,COALINDIA,COCHINSHIP,COFORGE,COLPAL,CONCOR,COROMANDEL,CROMPTON,CUMMINSIND,DABUR,DIVISLAB,DIXON,DLF,DMART,DRREDDY,EICHERMOT,EMAMILTD,ENRIN,ETERNAL,EXIDEIND,FACT,FEDERALBNK,FORTIS,GAIL,GLENMARK,GMRAIRPORT,GODFRYPHLP,GODREJCP,GODREJPROP,GRASIM,GSPL,HAL,HAVELLS,HCLTECH,HDFC,HDFCAMC,HDFCBANK,HDFCLIFE,HEROMOTOCO,HINDALCO,HINDPETRO,HINDUNILVR,HINDZINC,HUDCO,ICICIBANK,ICICIGI,IDBI,IDEA,IDFCFIRSTB,IEX,IGL,INDHOTEL,INDIAMART,INDIANB,INDIGO,INDUSINDBK,INDUSTOWER,INFY,IOB,IOC,IRB,IRCTC,IREDA,ISEC,ITC,ITCHOTELS,JINDALSTEL,JSWENERGY,JSWSTEEL,JUBLFOOD,KEI,KOTAKBANK,KPITTECH,LICHSGFIN,LODHA,LT,LTF,LTM,LUPIN,M&M,M&MFIN,MANAPPURAM,MARICO,MARUTI,MAXHEALTH,MAZDOCK,METROPOLIS,MFSL,MINDTREE,MPHASIS,MRF,MRPL,MUTHOOTFIN,NAM-INDIA,NATIONALUM,NAUKRI,NAVINFLUOR,NESTLEIND,NLCINDIA,NMDC,NTPC,NYKAA,OBEROIRLTY,OIL,ONGC,PAGEIND,PAYTM,PEL,PERSISTENT,PFC,PGHH,PHOENIXLTD,PIDILITIND,PIIND,PNB,POLICYBZR,POLYCAB,POWERGRID,POWERINDIA,PRESTIGE,RAMCOCEM,RECLTD,RELIANCE,RVNL,SAIL,SBICARD,SBILIFE,SBIN,SHREECEM,SHRIRAMFIN,SIEMENS,SOLARINDS,SONACOMS,SRF,SUNDARMFIN,SUNPHARMA,TATACHEM,TATACOMM,TATACONSUM,TATAELXSI,TATAMTRDVR,TATAPOWER,TATASTEEL,TCS,TECHM,TITAN,TMPV,TORNTPHARM,TORNTPOWER,TRENT,TVSMOTOR,UBL,ULTRACEMCO,UNIONBANK,UNITDSPR,UPL,VBL,VEDL,VOLTAS,WIPRO,YESBANK,ZYDUSLIFE"
2018-05-31,"360ONE,AARTIIND,ABB,ABCAPITAL,ACC,ADANIENSOL,ADANIENT,ADANIGREEN,ADANIPORTS,ALKEM,AMBUJACEM,APLAPOLLO,APLLTD,APOLLOHOSP,APOLLOTYRE,ASHOKLEY,ASIANPAINT,ASTRAL,ATGL,AUBANK,AUROPHARMA,AXISBANK,BAJAJ-AUTO,BAJAJFINSV,BAJAJHLDNG,BAJFINANCE,BALKRISIND,BANKBARODA,BANKINDIA,BATAINDIA,BDL,BEL,BHARATFORG,BHARTIARTL,BHARTIHEXA,BHEL,BIOCON,BLUESTARCO,BOSCHLTD,BPCL,BRITANNIA,CANBK,CHOLAFIN,CIPLA,CLEAN,COALINDIA,COCHINSHIP,COFORGE,COLPAL,CONCOR,COROMANDEL,CROMPTON,CUMMINSIND,DABUR,DIVISLAB,DIXON,DLF,DMART,DRREDDY,EICHERMOT,EMAMILTD,ENRIN,ETERNAL,EXIDEIND,FACT,FEDERALBNK,FORTIS,GAIL,GLENMARK,GMRAIRPORT,GODFRYPHLP,GODREJCP,GODREJPROP,GRASIM,GSPL,HAL,HAVELLS,HCLTECH,HDFC,HDFCAMC,HDFCBANK,HDFCLIFE,HEROMOTOCO,HINDALCO,HINDPETRO,HINDUNILVR,HINDZINC,HUDCO,ICICIBANK,ICICIGI,IDBI,IDEA,IDFCFIRSTB,IEX,IGL,INDHOTEL,INDIAMART,INDIANB,INDIGO,INDUSINDBK,INDUSTOWER,INFY,IOB,IOC,IRB,IRCTC,IREDA,ISEC,ITC,ITCHOTELS,JINDALSTEL,JSWENERGY,JSWSTEEL,JUBLFOOD,KEI,KOTAKBANK,KPITTECH,LICHSGFIN,LODHA,LT,LTF,LTM,LUPIN,M&M,M&MFIN,MANAPPURAM,MARICO,MARUTI,MAXHEALTH,MAZDOCK,METROPOLIS,MFSL,MINDTREE,MPHASIS,MRF,MRPL,MUTHOOTFIN,NAM-INDIA,NATIONALUM,NAUKRI,NAVINFLUOR,NESTLEIND,NLCINDIA,NMDC,NTPC,NYKAA,OBEROIRLTY,OIL,ONGC,PAGEIND,PAYTM,PEL,PERSISTENT,PFC,PGHH,PHOENIXLTD,PIDILITIND,PIIND,PNB,POLICYBZR,POLYCAB,POWERGRID,POWERINDIA,PRESTIGE,RAMCOCEM,RECLTD,RELIANCE,RVNL,SAIL,SBICARD,SBILIFE,SBIN,SHREECEM,SHRIRAMFIN,SIEMENS,SOLARINDS,SONACOMS,SRF,SUNDARMFIN,SUNPHARMA,TATACHEM,TATACOMM,TATACONSUM,TATAELXSI,TATAMTRDVR,TATAPOWER,TATASTEEL,TCS,TECHM,TITAN,TMPV,TORNTPHARM,TORNTPOWER,TRENT,TVSMOTOR,UBL,ULTRACEMCO,UNIONBANK,UNITDSPR,UPL,VBL,VEDL,VOLTAS,WIPRO,YESBANK,ZYDUSLIFE"
2018-06-30,"360ONE,AARTIIND,ABB,ABCAPITAL,ACC,ADANIENSOL,ADANIENT,ADANIGREEN,ADANIPORTS,ALKEM,AMBUJACEM,APLAPOLLO,APLLTD,APOLLOHOSP,APOLLOTYRE,ASHOKLEY,ASIANPAINT,ASTRAL,ATGL,AUBANK,AUROPHARMA,AXISBANK,BAJAJ-AUTO,BAJAJFINSV,BAJAJHLDNG,BAJFINANCE,BALKRISIND,BANKBARODA,BANKINDIA,BATAINDIA,BDL,BEL,BHARATFORG,BHARTIARTL,BHARTIHEXA,BHEL,BIOCON,BLUESTARCO,BOSCHLTD,BPCL,BRITANNIA,CANBK,CHOLAFIN,CIPLA,CLEAN,COALINDIA,COCHINSHIP,COFORGE,COLPAL,CONCOR,COROMANDEL,CROMPTON,CUMMINSIND,DABUR,DIVISLAB,DIXON,DLF,DMART,DRREDDY,EICHERMOT,EMAMILTD,ENRIN,ETERNAL,EXIDEIND,FACT,FEDERALBNK,FORTIS,GAIL,GLENMARK,GMRAIRPORT,GODFRYPHLP,GODREJCP,GODREJPROP,GRASIM,GSPL,HAL,HAVELLS,HCLTECH,HDFC,HDFCAMC,HDFCBANK,HDFCLIFE,HEROMOTOCO,HINDALCO,HINDPETRO,HINDUNILVR,HINDZINC,HUDCO,ICICIBANK,ICICIGI,IDBI,IDEA,IDFCFIRSTB,IEX,IGL,INDHOTEL,INDIAMART,INDIANB,INDIGO,INDUSINDBK,INDUSTOWER,INFY,IOB,IOC,IRB,IRCTC,IREDA,ISEC,ITC,ITCHOTELS,JINDALSTEL,JSWENERGY,JSWSTEEL,JUBLFOOD,KEI,KOTAKBANK,KPITTECH,LICHSGFIN,LODHA,LT,LTF,LTM,LUPIN,M&M,M&MFIN,MANAPPURAM,MARICO,MARUTI,MAXHEALTH,MAZDOCK,METROPOLIS,MFSL,MINDTREE,MPHASIS,MRF,MRPL,MUTHOOTFIN,NAM-INDIA,NATIONALUM,NAUKRI,NAVINFLUOR,NESTLEIND,NLCINDIA,NMDC,NTPC,NYKAA,OBEROIRLTY,OIL,ONGC,PAGEIND,PAYTM,PEL,PERSISTENT,PFC,PGHH,PHOENIXLTD,PIDILITIND,PIIND,PNB,POLICYBZR,POLYCAB,POWERGRID,POWERINDIA,PRESTIGE,RAMCOCEM,RECLTD,RELIANCE,RVNL,SAIL,SBICARD,SBILIFE,SBIN,SHREECEM,SHRIRAMFIN,SIEMENS,SOLARINDS,SONACOMS,SRF,SUNDARMFIN,SUNPHARMA,TATACHEM,TATACOMM,TATACONSUM,TATAELXSI,TATAMTRDVR,TATAPOWER,TATASTEEL,TCS,TECHM,TITAN,TMPV,TORNTPHARM,TORNTPOWER,TRENT,TVSMOTOR,UBL,ULTRACEMCO,UNIONBANK,UNITDSPR,UPL,VBL,VEDL,VOLTAS,WIPRO,YESBANK,ZYDUSLIFE"
2018-07-31,"360ONE,AARTIIND,ABB,ABCAPITAL,ACC,ADANIENSOL,ADANIENT,ADANIGREEN,ADANIPORTS,ALKEM,AMBUJACEM,APLAPOLLO,APLLTD,APOLLOHOSP,APOLLOTYRE,ASHOKLEY,ASIANPAINT,ASTRAL,ATGL,AUBANK,AUROPHARMA,AXISBANK,BAJAJ-AUTO,BAJAJFINSV,BAJAJHLDNG,BAJFINANCE,BALKRISIND,BANKBARODA,BANKINDIA,BATAINDIA,BDL,BEL,BHARATFORG,BHARTIARTL,BHARTIHEXA,BHEL,BIOCON,BLUESTARCO,BOSCHLTD,BPCL,BRITANNIA,CANBK,CHOLAFIN,CIPLA,CLEAN,COALINDIA,COCHINSHIP,COFORGE,COLPAL,CONCOR,COROMANDEL,CROMPTON,CUMMINSIND,DABUR,DIVISLAB,DIXON,DLF,DMART,DRREDDY,EICHERMOT,EMAMILTD,ENRIN,ETERNAL,EXIDEIND,FACT,FEDERALBNK,FORTIS,GAIL,GLENMARK,GMRAIRPORT,GODFRYPHLP,GODREJCP,GODREJPROP,GRASIM,GSPL,HAL,HAVELLS,HCLTECH,HDFC,HDFCAMC,HDFCBANK,HDFCLIFE,HEROMOTOCO,HINDALCO,HINDPETRO,HINDUNILVR,HINDZINC,HUDCO,ICICIBANK,ICICIGI,IDBI,IDEA,IDFCFIRSTB,IEX,IGL,INDHOTEL,INDIAMART,INDIANB,INDIGO,INDUSINDBK,INDUSTOWER,INFY,IOB,IOC,IRB,IRCTC,IREDA,ISEC,ITC,ITCHOTELS,JINDALSTEL,JSWENERGY,JSWSTEEL,JUBLFOOD,KEI,KOTAKBANK,KPITTECH,LICHSGFIN,LODHA,LT,LTF,LTM,LUPIN,M&M,M&MFIN,MANAPPURAM,MARICO,MARUTI,MAXHEALTH,MAZDOCK,METROPOLIS,MFSL,MINDTREE,MPHASIS,MRF,MRPL,MUTHOOTFIN,NAM-INDIA,NATIONALUM,NAUKRI,NAVINFLUOR,NESTLEIND,NLCINDIA,NMDC,NTPC,NYKAA,OBEROIRLTY,OIL,ONGC,PAGEIND,PAYTM,PEL,PERSISTENT,PFC,PGHH,PHOENIXLTD,PIDILITIND,PIIND,PNB,POLICYBZR,POLYCAB,POWERGRID,POWERINDIA,PRESTIGE,RAMCOCEM,RECLTD,RELIANCE,RVNL,SAIL,SBICARD,SBILIFE,SBIN,SHREECEM,SHRIRAMFIN,SIEMENS,SOLARINDS,SONACOMS,SRF,SUNDARMFIN,SUNPHARMA,TATACHEM,TATACOMM,TATACONSUM,TATAELXSI,TATAMTRDVR,TATAPOWER,TATASTEEL,TCS,TECHM,TITAN,TMPV,TORNTPHARM,TORNTPOWER,TRENT,TVSMOTOR,UBL,ULTRACEMCO,UNIONBANK,UNITDSPR,UPL,VBL,VEDL,VOLTAS,WIPRO,YESBANK,ZYDUSLIFE"
2018-08-31,"360ONE,AARTIIND,ABB,ABCAPITAL,ACC,ADANIENSOL,ADANIENT,ADANIGREEN,ADANIPORTS,ALKEM,AMBUJACEM,APLAPOLLO,APLLTD,APOLLOHOSP,APOLLOTYRE,ASHOKLEY,ASIANPAINT,ASTRAL,ATGL,AUBANK,AUROPHARMA,AXISBANK,BAJAJ-AUTO,BAJAJFINSV,BAJAJHLDNG,BAJFINANCE,BALKRISIND,BANKBARODA,BANKINDIA,BATAINDIA,BDL,BEL,BHARATFORG,BHARTIARTL,BHARTIHEXA,BHEL,BIOCON,BLUESTARCO,BOSCHLTD,BPCL,BRITANNIA,CANBK,CHOLAFIN,CIPLA,CLEAN,COALINDIA,COCHINSHIP,COFORGE,COLPAL,CONCOR,COROMANDEL,CROMPTON,CUMMINSIND,DABUR,DIVISLAB,DIXON,DLF,DMART,DRREDDY,EICHERMOT,EMAMILTD,ENRIN,ETERNAL,EXIDEIND,FACT,FEDERALBNK,FORTIS,GAIL,GLENMARK,GMRAIRPORT,GODFRYPHLP,GODREJCP,GODREJPROP,GRASIM,GSPL,HAL,HAVELLS,HCLTECH,HDFC,HDFCAMC,HDFCBANK,HDFCLIFE,HEROMOTOCO,HINDALCO,HINDPETRO,HINDUNILVR,HINDZINC,HUDCO,ICICIBANK,ICICIGI,IDBI,IDEA,IDFCFIRSTB,IEX,IGL,INDHOTEL,INDIAMART,INDIANB,INDIGO,INDUSINDBK,INDUSTOWER,INFY,IOB,IOC,IRB,IRCTC,IREDA,ISEC,ITC,ITCHOTELS,JINDALSTEL,JSWENERGY,JSWSTEEL,JUBLFOOD,KEI,KOTAKBANK,KPITTECH,LICHSGFIN,LODHA,LT,LTF,LTM,LUPIN,M&M,M&MFIN,MANAPPURAM,MARICO,MARUTI,MAXHEALTH,MAZDOCK,METROPOLIS,MFSL,MINDTREE,MPHASIS,MRF,MRPL,MUTHOOTFIN,NAM-INDIA,NATIONALUM,NAUKRI,NAVINFLUOR,NESTLEIND,NLCINDIA,NMDC,NTPC,NYKAA,OBEROIRLTY,OIL,ONGC,PAGEIND,PAYTM,PEL,PERSISTENT,PFC,PGHH,PHOENIXLTD,PIDILITIND,PIIND,PNB,POLICYBZR,POLYCAB,POWERGRID,POWERINDIA,PRESTIGE,RAMCOCEM,RECLTD,RELIANCE,RVNL,SAIL,SBICARD,SBILIFE,SBIN,SHREECEM,SHRIRAMFIN,SIEMENS,SOLARINDS,SONACOMS,SRF,SUNDARMFIN,SUNPHARMA,TATACHEM,TATACOMM,TATACONSUM,TATAELXSI,TATAMTRDVR,TATAPOWER,TATASTEEL,TCS,TECHM,TITAN,TMPV,TORNTPHARM,TORNTPOWER,TRENT,TVSMOTOR,UBL,ULTRACEMCO,UNIONBANK,UNITDSPR,UPL,VBL,VEDL,VOLTAS,WIPRO,YESBANK,ZYDUSLIFE"
2018-09-30,"360ONE,AARTIIND,ABB,ABCAPITAL,ACC,ADANIENSOL,ADANIENT,ADANIGREEN,ADANIPORTS,ALKEM,AMBUJACEM,APLAPOLLO,APLLTD,APOLLOHOSP,APOLLOTYRE,ASHOKLEY,ASIANPAINT,ASTRAL,ATGL,AUBANK,AUROPHARMA,AXISBANK,BAJAJ-AUTO,BAJAJFINSV,BAJAJHLDNG,BAJFINANCE,BALKRISIND,BANKBARODA,BANKINDIA,BATAINDIA,BDL,BEL,BHARATFORG,BHARTIARTL,BHARTIHEXA,BHEL,BIOCON,BLUESTARCO,BOSCHLTD,BPCL,BRITANNIA,CANBK,CHOLAFIN,CIPLA,CLEAN,COALINDIA,COCHINSHIP,COFORGE,COLPAL,CONCOR,COROMANDEL,CROMPTON,CUMMINSIND,DABUR,DIVISLAB,DIXON,DLF,DMART,DRREDDY,EICHERMOT,EMAMILTD,ENRIN,ETERNAL,EXIDEIND,FACT,FEDERALBNK,FORTIS,GAIL,GLENMARK,GMRAIRPORT,GODFRYPHLP,GODREJCP,GODREJPROP,GRASIM,GSPL,HAL,HAVELLS,HCLTECH,HDFC,HDFCAMC,HDFCBANK,HDFCLIFE,HEROMOTOCO,HINDALCO,HINDPETRO,HINDUNILVR,HINDZINC,HUDCO,ICICIBANK,ICICIGI,IDBI,IDEA,IDFCFIRSTB,IEX,IGL,INDHOTEL,INDIAMART,INDIANB,INDIGO,INDUSINDBK,INDUSTOWER,INFY,IOB,IOC,IRB,IRCTC,IREDA,ISEC,ITC,ITCHOTELS,JINDALSTEL,JSWENERGY,JSWSTEEL,JUBLFOOD,KEI,KOTAKBANK,KPITTECH,LICHSGFIN,LODHA,LT,LTF,LTM,LUPIN,M&M,M&MFIN,MANAPPURAM,MARICO,MARUTI,MAXHEALTH,MAZDOCK,METROPOLIS,MFSL,MINDTREE,MPHASIS,MRF,MRPL,MUTHOOTFIN,NAM-INDIA,NATIONALUM,NAUKRI,NAVINFLUOR,NESTLEIND,NLCINDIA,NMDC,NTPC,NYKAA,OBEROIRLTY,OIL,ONGC,PAGEIND,PAYTM,PEL,PERSISTENT,PFC,PGHH,PHOENIXLTD,PIDILITIND,PIIND,PNB,POLICYBZR,POLYCAB,POWERGRID,POWERINDIA,PRESTIGE,RAMCOCEM,RECLTD,RELIANCE,RVNL,SAIL,SBICARD,SBILIFE,SBIN,SHREECEM,SHRIRAMFIN,SIEMENS,SOLARINDS,SONACOMS,SRF,SUNDARMFIN,SUNPHARMA,TATACHEM,TATACOMM,TATACONSUM,TATAELXSI,TATAMTRDVR,TATAPOWER,TATASTEEL,TCS,TECHM,TITAN,TMPV,TORNTPHARM,TORNTPOWER,TRENT,TVSMOTOR,UBL,ULTRACEMCO,UNIONBANK,UNITDSPR,UPL,VBL,VEDL,VOLTAS,WIPRO,YESBANK,ZYDUSLIFE"
2018-10-31,"360ONE,AARTIIND,ABB,ABCAPITAL,ACC,ADANIENSOL,ADANIENT,ADANIGREEN,ADANIPORTS,ALKEM,AMBUJACEM,APLAPOLLO,APLLTD,APOLLOHOSP,APOLLOTYRE,ASHOKLEY,ASIANPAINT,ASTRAL,ATGL,AUBANK,AUROPHARMA,AXISBANK,BAJAJ-AUTO,BAJAJFINSV,BAJAJHLDNG,BAJFINANCE,BALKRISIND,BANKBARODA,BANKINDIA,BATAINDIA,BDL,BEL,BHARATFORG,BHARTIARTL,BHARTIHEXA,BHEL,BIOCON,BLUESTARCO,BOSCHLTD,BPCL,BRITANNIA,CANBK,CHOLAFIN,CIPLA,CLEAN,COALINDIA,COCHINSHIP,COFORGE,COLPAL,CONCOR,COROMANDEL,CROMPTON,CUMMINSIND,DABUR,DIVISLAB,DIXON,DLF,DMART,DRREDDY,EICHERMOT,EMAMILTD,ENRIN,ETERNAL,EXIDEIND,FACT,FEDERALBNK,FORTIS,GAIL,GLENMARK,GMRAIRPORT,GODFRYPHLP,GODREJCP,GODREJPROP,GRASIM,GSPL,HAL,HAVELLS,HCLTECH,HDFC,HDFCAMC,HDFCBANK,HDFCLIFE,HEROMOTOCO,HINDALCO,HINDPETRO,HINDUNILVR,HINDZINC,HUDCO,ICICIBANK,ICICIGI,IDBI,IDEA,IDFCFIRSTB,IEX,IGL,INDHOTEL,INDIAMART,INDIANB,INDIGO,INDUSINDBK,INDUSTOWER,INFY,IOB,IOC,IRB,IRCTC,IREDA,ISEC,ITC,ITCHOTELS,JINDALSTEL,JSWENERGY,JSWSTEEL,JUBLFOOD,KEI,KOTAKBANK,KPITTECH,LICHSGFIN,LODHA,LT,LTF,LTM,LUPIN,M&M,M&MFIN,MANAPPURAM,MARICO,MARUTI,MAXHEALTH,MAZDOCK,METROPOLIS,MFSL,MINDTREE,MPHASIS,MRF,MRPL,MUTHOOTFIN,NAM-INDIA,NATIONALUM,NAUKRI,NAVINFLUOR,NESTLEIND,NLCINDIA,NMDC,NTPC,NYKAA,OBEROIRLTY,OIL,ONGC,PAGEIND,PAYTM,PEL,PERSISTENT,PFC,PGHH,PHOENIXLTD,PIDILITIND,PIIND,PNB,POLICYBZR,POLYCAB,POWERGRID,POWERINDIA,PRESTIGE,RAMCOCEM,RECLTD,RELIANCE,RVNL,SAIL,SBICARD,SBILIFE,SBIN,SHREECEM,SHRIRAMFIN,SIEMENS,SOLARINDS,SONACOMS,SRF,SUNDARMFIN,SUNPHARMA,TATACHEM,TATACOMM,TATACONSUM,TATAELXSI,TATAMTRDVR,TATAPOWER,TATASTEEL,TCS,TECHM,TITAN,TMPV,TORNTPHARM,TORNTPOWER,TRENT,TVSMOTOR,UBL,ULTRACEMCO,UNIONBANK,UNITDSPR,UPL,VBL,VEDL,VOLTAS,WIPRO,YESBANK,ZYDUSLIFE"
2018-11-30,"360ONE,AARTIIND,ABB,ABCAPITAL,ACC,ADANIENSOL,ADANIENT,ADANIGREEN,ADANIPORTS,ALKEM,AMBUJACEM,APLAPOLLO,APLLTD,APOLLOHOSP,APOLLOTYRE,ASHOKLEY,ASIANPAINT,ASTRAL,ATGL,AUBANK,AUROPHARMA,AXISBANK,BAJAJ-AUTO,BAJAJFINSV,BAJAJHLDNG,BAJFINANCE,BALKRISIND,BANKBARODA,BANKINDIA,BATAINDIA,BDL,BEL,BHARATFORG,BHARTIARTL,BHARTIHEXA,BHEL,BIOCON,BLUESTARCO,BOSCHLTD,BPCL,BRITANNIA,CANBK,CHOLAFIN,CIPLA,CLEAN,COALINDIA,COCHINSHIP,COFORGE,COLPAL,CONCOR,COROMANDEL,CROMPTON,CUMMINSIND,DABUR,DIVISLAB,DIXON,DLF,DMART,DRREDDY,EICHERMOT,EMAMILTD,ENRIN,ETERNAL,EXIDEIND,FACT,FEDERALBNK,FORTIS,GAIL,GLENMARK,GMRAIRPORT,GODFRYPHLP,GODREJCP,GODREJPROP,GRASIM,GSPL,HAL,HAVELLS,HCLTECH,HDFC,HDFCAMC,HDFCBANK,HDFCLIFE,HEROMOTOCO,HINDALCO,HINDPETRO,HINDUNILVR,HINDZINC,HUDCO,ICICIBANK,ICICIGI,IDBI,IDEA,IDFCFIRSTB,IEX,IGL,INDHOTEL,INDIAMART,INDIANB,INDIGO,INDUSINDBK,INDUSTOWER,INFY,IOB,IOC,IRB,IRCTC,IREDA,ISEC,ITC,ITCHOTELS,JINDALSTEL,JSWENERGY,JSWSTEEL,JUBLFOOD,KEI,KOTAKBANK,KPITTECH,LICHSGFIN,LODHA,LT,LTF,LTM,LUPIN,M&M,M&MFIN,MANAPPURAM,MARICO,MARUTI,MAXHEALTH,MAZDOCK,METROPOLIS,MFSL,MINDTREE,MPHASIS,MRF,MRPL,MUTHOOTFIN,NAM-INDIA,NATIONALUM,NAUKRI,NAVINFLUOR,NESTLEIND,NLCINDIA,NMDC,NTPC,NYKAA,OBEROIRLTY,OIL,ONGC,PAGEIND,PAYTM,PEL,PERSISTENT,PFC,PGHH,PHOENIXLTD,PIDILITIND,PIIND,PNB,POLICYBZR,POLYCAB,POWERGRID,POWERINDIA,PRESTIGE,RAMCOCEM,RECLTD,RELIANCE,RVNL,SAIL,SBICARD,SBILIFE,SBIN,SHREECEM,SHRIRAMFIN,SIEMENS,SOLARINDS,SONACOMS,SRF,SUNDARMFIN,SUNPHARMA,TATACHEM,TATACOMM,TATACONSUM,TATAELXSI,TATAMTRDVR,TATAPOWER,TATASTEEL,TCS,TECHM,TITAN,TMPV,TORNTPHARM,TORNTPOWER,TRENT,TVSMOTOR,UBL,ULTRACEMCO,UNIONBANK,UNITDSPR,UPL,VBL,VEDL,VOLTAS,WIPRO,YESBANK,ZYDUSLIFE"
2018-12-31,"360ONE,AARTIIND,ABB,ABCAPITAL,ACC,ADANIENSOL,ADANIENT,ADANIGREEN,ADANIPORTS,ALKEM,AMBUJACEM,APLAPOLLO,APLLTD,APOLLOHOSP,APOLLOTYRE,ASHOKLEY,ASIANPAINT,ASTRAL,ATGL,AUBANK,AUROPHARMA,AXISBANK,BAJAJ-AUTO,BAJAJFINSV,BAJAJHLDNG,BAJFINANCE,BALKRISIND,BANKBARODA,BANKINDIA,BATAINDIA,BDL,BEL,BHARATFORG,BHARTIARTL,BHARTIHEXA,BHEL,BIOCON,BLUESTARCO,BOSCHLTD,BPCL,BRITANNIA,CANBK,CHOLAFIN,CIPLA,CLEAN,COALINDIA,COCHINSHIP,COFORGE,COLPAL,CONCOR,COROMANDEL,CROMPTON,CUMMINSIND,DABUR,DIVISLAB,DIXON,DLF,DMART,DRREDDY,EICHERMOT,EMAMILTD,ENRIN,ETERNAL,EXIDEIND,FACT,FEDERALBNK,FORTIS,GAIL,GLENMARK,GMRAIRPORT,GODFRYPHLP,GODREJCP,GODREJPROP,GRASIM,GSPL,HAL,HAVELLS,HCLTECH,HDFC,HDFCAMC,HDFCBANK,HDFCLIFE,HEROMOTOCO,HINDALCO,HINDPETRO,HINDUNILVR,HINDZINC,HUDCO,ICICIBANK,ICICIGI,IDBI,IDEA,IDFCFIRSTB,IEX,IGL,INDHOTEL,INDIAMART,INDIANB,INDIGO,INDUSINDBK,INDUSTOWER,INFY,IOB,IOC,IRB,IRCTC,IREDA,ISEC,ITC,ITCHOTELS,JINDALSTEL,JSWENERGY,JSWSTEEL,JUBLFOOD,KEI,KOTAKBANK,KPITTECH,LICHSGFIN,LODHA,LT,LTF,LTM,LUPIN,M&M,M&MFIN,MANAPPURAM,MARICO,MARUTI,MAXHEALTH,MAZDOCK,METROPOLIS,MFSL,MINDTREE,MPHASIS,MRF,MRPL,MUTHOOTFIN,NAM-INDIA,NATIONALUM,NAUKRI,NAVINFLUOR,NESTLEIND,NLCINDIA,NMDC,NTPC,NYKAA,OBEROIRLTY,OIL,ONGC,PAGEIND,PAYTM,PEL,PERSISTENT,PFC,PGHH,PHOENIXLTD,PIDILITIND,PIIND,PNB,POLICYBZR,POLYCAB,POWERGRID,POWERINDIA,PRESTIGE,RAMCOCEM,RECLTD,RELIANCE,RVNL,SAIL,SBICARD,SBILIFE,SBIN,SHREECEM,SHRIRAMFIN,SIEMENS,SOLARINDS,SONACOMS,SRF,SUNDARMFIN,SUNPHARMA,TATACHEM,TATACOMM,TATACONSUM,TATAELXSI,TATAMTRDVR,TATAPOWER,TATASTEEL,TCS,TECHM,TITAN,TMPV,TORNTPHARM,TORNTPOWER,TRENT,TVSMOTOR,UBL,ULTRACEMCO,UNIONBANK,UNITDSPR,UPL,VBL,VEDL,VOLTAS,WIPRO,YESBANK,ZYDUSLIFE"
2019-01-31,"360ONE,AARTIIND,ABB,ABCAPITAL,ACC,ADANIENSOL,ADANIENT,ADANIGREEN,ADANIPORTS,ALKEM,AMBUJACEM,APLAPOLLO,APLLTD,APOLLOHOSP,APOLLOTYRE,ASHOKLEY,ASIANPAINT,ASTRAL,ATGL,AUBANK,AUROPHARMA,AXISBANK,BAJAJ-AUTO,BAJAJFINSV,BAJAJHLDNG,BAJFINANCE,BALKRISIND,BANKBARODA,BANKINDIA,BATAINDIA,BDL,BEL,BHARATFORG,BHARTIARTL,BHARTIHEXA,BHEL,BIOCON,BLUESTARCO,BOSCHLTD,BPCL,BRITANNIA,CANBK,CHOLAFIN,CIPLA,CLEAN,COALINDIA,COCHINSHIP,COFORGE,COLPAL,CONCOR,COROMANDEL,CROMPTON,CUMMINSIND,DABUR,DIVISLAB,DIXON,DLF,DMART,DRREDDY,EICHERMOT,EMAMILTD,ENRIN,ETERNAL,EXIDEIND,FACT,FEDERALBNK,FORTIS,GAIL,GLENMARK,GMRAIRPORT,GODFRYPHLP,GODREJCP,GODREJPROP,GRASIM,GSPL,HAL,HAVELLS,HCLTECH,HDFC,HDFCAMC,HDFCBANK,HDFCLIFE,HEROMOTOCO,HINDALCO,HINDPETRO,HINDUNILVR,HINDZINC,HUDCO,ICICIBANK,ICICIGI,IDBI,IDEA,IDFCFIRSTB,IEX,IGL,INDHOTEL,INDIAMART,INDIANB,INDIGO,INDUSINDBK,INDUSTOWER,INFY,IOB,IOC,IRB,IRCTC,IREDA,ISEC,ITC,ITCHOTELS,JINDALSTEL,JSWENERGY,JSWSTEEL,JUBLFOOD,KEI,KOTAKBANK,KPITTECH,LICHSGFIN,LODHA,LT,LTF,LTM,LUPIN,M&M,M&MFIN,MANAPPURAM,MARICO,MARUTI,MAXHEALTH,MAZDOCK,METROPOLIS,MFSL,MINDTREE,MPHASIS,MRF,MRPL,MUTHOOTFIN,NAM-INDIA,NATIONALUM,NAUKRI,NAVINFLUOR,NESTLEIND,NLCINDIA,NMDC,NTPC,NYKAA,OBEROIRLTY,OIL,ONGC,PAGEIND,PAYTM,PEL,PERSISTENT,PFC,PGHH,PHOENIXLTD,PIDILITIND,PIIND,PNB,POLICYBZR,POLYCAB,POWERGRID,POWERINDIA,PRESTIGE,RAMCOCEM,RECLTD,RELIANCE,RVNL,SAIL,SBICARD,SBILIFE,SBIN,SHREECEM,SHRIRAMFIN,SIEMENS,SOLARINDS,SONACOMS,SRF,SUNDARMFIN,SUNPHARMA,TATACHEM,TATACOMM,TATACONSUM,TATAELXSI,TATAMTRDVR,TATAPOWER,TATASTEEL,TCS,TECHM,TITAN,TMPV,TORNTPHARM,TORNTPOWER,TRENT,TVSMOTOR,UBL,ULTRACEMCO,UNIONBANK,UNITDSPR,UPL,VBL,VEDL,VOLTAS,WIPRO,YESBANK,ZYDUSLIFE"
2019-02-28,"360ONE,AARTIIND,ABB,ABCAPITAL,ACC,ADANIENSOL,ADANIENT,ADANIGREEN,ADANIPORTS,ALKEM,AMBUJACEM,APLAPOLLO,APLLTD,APOLLOHOSP,APOLLOTYRE,ASHOKLEY,ASIANPAINT,ASTRAL,ATGL,AUBANK,AUROPHARMA,AXISBANK,BAJAJ-AUTO,BAJAJFINSV,BAJAJHLDNG,BAJFINANCE,BALKRISIND,BANKBARODA,BANKINDIA,BATAINDIA,BDL,BEL,BHARATFORG,BHARTIARTL,BHARTIHEXA,BHEL,BIOCON,BLUESTARCO,BOSCHLTD,BPCL,BRITANNIA,CANBK,CHOLAFIN,CIPLA,CLEAN,COALINDIA,COCHINSHIP,COFORGE,COLPAL,CONCOR,COROMANDEL,CROMPTON,CUMMINSIND,DABUR,DIVISLAB,DIXON,DLF,DMART,DRREDDY,EICHERMOT,EMAMILTD,ENRIN,ETERNAL,EXIDEIND,FACT,FEDERALBNK,FORTIS,GAIL,GLENMARK,GMRAIRPORT,GODFRYPHLP,GODREJCP,GODREJPROP,GRASIM,GSPL,HAL,HAVELLS,HCLTECH,HDFC,HDFCAMC,HDFCBANK,HDFCLIFE,HEROMOTOCO,HINDALCO,HINDPETRO,HINDUNILVR,HINDZINC,HUDCO,ICICIBANK,ICICIGI,IDBI,IDEA,IDFCFIRSTB,IEX,IGL,INDHOTEL,INDIAMART,INDIANB,INDIGO,INDUSINDBK,INDUSTOWER,INFY,IOB,IOC,IRB,IRCTC,IREDA,ISEC,ITC,ITCHOTELS,JINDALSTEL,JSWENERGY,JSWSTEEL,JUBLFOOD,KEI,KOTAKBANK,KPITTECH,LICHSGFIN,LODHA,LT,LTF,LTM,LUPIN,M&M,M&MFIN,MANAPPURAM,MARICO,MARUTI,MAXHEALTH,MAZDOCK,METROPOLIS,MFSL,MINDTREE,MPHASIS,MRF,MRPL,MUTHOOTFIN,NAM-INDIA,NATIONALUM,NAUKRI,NAVINFLUOR,NESTLEIND,NLCINDIA,NMDC,NTPC,NYKAA,OBEROIRLTY,OIL,ONGC,PAGEIND,PAYTM,PEL,PERSISTENT,PFC,PGHH,PHOENIXLTD,PIDILITIND,PIIND,PNB,POLICYBZR,POLYCAB,POWERGRID,POWERINDIA,PRESTIGE,RAMCOCEM,RECLTD,RELIANCE,RVNL,SAIL,SBICARD,SBILIFE,SBIN,SHREECEM,SHRIRAMFIN,SIEMENS,SOLARINDS,SONACOMS,SRF,SUNDARMFIN,SUNPHARMA,TATACHEM,TATACOMM,TATACONSUM,TATAELXSI,TATAMTRDVR,TATAPOWER,TATASTEEL,TCS,TECHM,TITAN,TMPV,TORNTPHARM,TORNTPOWER,TRENT,TVSMOTOR,UBL,ULTRACEMCO,UNIONBANK,UNITDSPR,UPL,VBL,VEDL,VOLTAS,WIPRO,YESBANK,ZYDUSLIFE"
2019-03-31,"360ONE,AARTIIND,ABB,ABCAPITAL,ACC,ADANIENSOL,ADANIENT,ADANIGREEN,ADANIPORTS,ALKEM,AMBUJACEM,APLAPOLLO,APLLTD,APOLLOHOSP,APOLLOTYRE,ASHOKLEY,ASIANPAINT,ASTRAL,ATGL,AUBANK,AUROPHARMA,AXISBANK,BAJAJ-AUTO,BAJAJFINSV,BAJAJHLDNG,BAJFINANCE,BALKRISIND,BANKBARODA,BANKINDIA,BATAINDIA,BDL,BEL,BHARATFORG,BHARTIARTL,BHARTIHEXA,BHEL,BIOCON,BLUESTARCO,BOSCHLTD,BPCL,BRITANNIA,CANBK,CHOLAFIN,CIPLA,CLEAN,COALINDIA,COCHINSHIP,COFORGE,COLPAL,CONCOR,COROMANDEL,CROMPTON,CUMMINSIND,DABUR,DIVISLAB,DIXON,DLF,DMART,DRREDDY,EICHERMOT,EMAMILTD,ENRIN,ETERNAL,EXIDEIND,FACT,FEDERALBNK,FORTIS,GAIL,GLENMARK,GMRAIRPORT,GODFRYPHLP,GODREJCP,GODREJPROP,GRASIM,GSPL,HAL,HAVELLS,HCLTECH,HDFC,HDFCAMC,HDFCBANK,HDFCLIFE,HEROMOTOCO,HINDALCO,HINDPETRO,HINDUNILVR,HINDZINC,HUDCO,ICICIBANK,ICICIGI,IDBI,IDEA,IDFCFIRSTB,IEX,IGL,INDHOTEL,INDIAMART,INDIANB,INDIGO,INDUSINDBK,INDUSTOWER,INFY,IOB,IOC,IRB,IRCTC,IREDA,ISEC,ITC,ITCHOTELS,JINDALSTEL,JSWENERGY,JSWSTEEL,JUBLFOOD,KEI,KOTAKBANK,KPITTECH,LICHSGFIN,LODHA,LT,LTF,LTM,LUPIN,M&M,M&MFIN,MANAPPURAM,MARICO,MARUTI,MAXHEALTH,MAZDOCK,METROPOLIS,MFSL,MINDTREE,MPHASIS,MRF,MRPL,MUTHOOTFIN,NAM-INDIA,NATIONALUM,NAUKRI,NAVINFLUOR,NESTLEIND,NLCINDIA,NMDC,NTPC,NYKAA,OBEROIRLTY,OIL,ONGC,PAGEIND,PAYTM,PEL,PERSISTENT,PFC,PGHH,PHOENIXLTD,PIDILITIND,PIIND,PNB,POLICYBZR,POLYCAB,POWERGRID,POWERINDIA,PRESTIGE,RAMCOCEM,RECLTD,RELIANCE,RVNL,SAIL,SBICARD,SBILIFE,SBIN,SHREECEM,SHRIRAMFIN,SIEMENS,SOLARINDS,SONACOMS,SRF,SUNDARMFIN,SUNPHARMA,TATACHEM,TATACOMM,TATACONSUM,TATAELXSI,TATAMTRDVR,TATAPOWER,TATASTEEL,TCS,TECHM,TITAN,TMPV,TORNTPHARM,TORNTPOWER,TRENT,TVSMOTOR,UBL,ULTRACEMCO,UNIONBANK,UNITDSPR,UPL,VBL,VEDL,VOLTAS,WIPRO,YESBANK,ZYDUSLIFE"
2019-04-30,"360ONE,AARTIIND,ABB,ABCAPITAL,ACC,ADANIENSOL,ADANIENT,ADANIGREEN,ADANIPORTS,ALKEM,AMBUJACEM,APLAPOLLO,APLLTD,APOLLOHOSP,APOLLOTYRE,ASHOKLEY,ASIANPAINT,ASTRAL,ATGL,AUBANK,AUROPHARMA,AXISBANK,BAJAJ-AUTO,BAJAJFINSV,BAJAJHLDNG,BAJFINANCE,BALKRISIND,BANKBARODA,BANKINDIA,BATAINDIA,BDL,BEL,BHARATFORG,BHARTIARTL,BHARTIHEXA,BHEL,BIOCON,BLUESTARCO,BOSCHLTD,BPCL,BRITANNIA,CANBK,CHOLAFIN,CIPLA,CLEAN,COALINDIA,COCHINSHIP,COFORGE,COLPAL,CONCOR,COROMANDEL,CROMPTON,CUMMINSIND,DABUR,DIVISLAB,DIXON,DLF,DMART,DRREDDY,EICHERMOT,EMAMILTD,ENRIN,ETERNAL,EXIDEIND,FACT,FEDERALBNK,FORTIS,GAIL,GLENMARK,GMRAIRPORT,GODFRYPHLP,GODREJCP,GODREJPROP,GRASIM,GSPL,HAL,HAVELLS,HCLTECH,HDFC,HDFCAMC,HDFCBANK,HDFCLIFE,HEROMOTOCO,HINDALCO,HINDPETRO,HINDUNILVR,HINDZINC,HUDCO,ICICIBANK,ICICIGI,IDBI,IDEA,IDFCFIRSTB,IEX,IGL,INDHOTEL,INDIAMART,INDIANB,INDIGO,INDUSINDBK,INDUSTOWER,INFY,IOB,IOC,IRB,IRCTC,IREDA,ISEC,ITC,ITCHOTELS,JINDALSTEL,JSWENERGY,JSWSTEEL,JUBLFOOD,KEI,KOTAKBANK,KPITTECH,LICHSGFIN,LODHA,LT,LTF,LTM,LUPIN,M&M,M&MFIN,MANAPPURAM,MARICO,MARUTI,MAXHEALTH,MAZDOCK,METROPOLIS,MFSL,MINDTREE,MPHASIS,MRF,MRPL,MUTHOOTFIN,NAM-INDIA,NATIONALUM,NAUKRI,NAVINFLUOR,NESTLEIND,NLCINDIA,NMDC,NTPC,NYKAA,OBEROIRLTY,OIL,ONGC,PAGEIND,PAYTM,PEL,PERSISTENT,PFC,PGHH,PHOENIXLTD,PIDILITIND,PIIND,PNB,POLICYBZR,POLYCAB,POWERGRID,POWERINDIA,PRESTIGE,RAMCOCEM,RECLTD,RELIANCE,RVNL,SAIL,SBICARD,SBILIFE,SBIN,SHREECEM,SHRIRAMFIN,SIEMENS,SOLARINDS,SONACOMS,SRF,SUNDARMFIN,SUNPHARMA,TATACHEM,TATACOMM,TATACONSUM,TATAELXSI,TATAMTRDVR,TATAPOWER,TATASTEEL,TCS,TECHM,TITAN,TMPV,TORNTPHARM,TORNTPOWER,TRENT,TVSMOTOR,UBL,ULTRACEMCO,UNIONBANK,UNITDSPR,UPL,VBL,VEDL,VOLTAS,WIPRO,YESBANK,ZYDUSLIFE"
2019-05-31,"360ONE,AARTIIND,ABB,ABCAPITAL,ACC,ADANIENSOL,ADANIENT,ADANIGREEN,ADANIPORTS,ALKEM,AMBUJACEM,APLAPOLLO,APLLTD,APOLLOHOSP,APOLLOTYRE,ASHOKLEY,ASIANPAINT,ASTRAL,ATGL,AUBANK,AUROPHARMA,AXISBANK,BAJAJ-AUTO,BAJAJFINSV,BAJAJHLDNG,BAJFINANCE,BALKRISIND,BANKBARODA,BANKINDIA,BATAINDIA,BDL,BEL,BHARATFORG,BHARTIARTL,BHARTIHEXA,BHEL,BIOCON,BLUESTARCO,BOSCHLTD,BPCL,BRITANNIA,CANBK,CHOLAFIN,CIPLA,CLEAN,COALINDIA,COCHINSHIP,COFORGE,COLPAL,CONCOR,COROMANDEL,CROMPTON,CUMMINSIND,DABUR,DIVISLAB,DIXON,DLF,DMART,DRREDDY,EICHERMOT,EMAMILTD,ENRIN,ETERNAL,EXIDEIND,FACT,FEDERALBNK,FORTIS,GAIL,GLENMARK,GMRAIRPORT,GODFRYPHLP,GODREJCP,GODREJPROP,GRASIM,GSPL,HAL,HAVELLS,HCLTECH,HDFC,HDFCAMC,HDFCBANK,HDFCLIFE,HEROMOTOCO,HINDALCO,HINDPETRO,HINDUNILVR,HINDZINC,HUDCO,ICICIBANK,ICICIGI,IDBI,IDEA,IDFCFIRSTB,IEX,IGL,INDHOTEL,INDIAMART,INDIANB,INDIGO,INDUSINDBK,INDUSTOWER,INFY,IOB,IOC,IRB,IRCTC,IREDA,ISEC,ITC,ITCHOTELS,JINDALSTEL,JSWENERGY,JSWSTEEL,JUBLFOOD,KEI,KOTAKBANK,KPITTECH,LICHSGFIN,LODHA,LT,LTF,LTM,LUPIN,M&M,M&MFIN,MANAPPURAM,MARICO,MARUTI,MAXHEALTH,MAZDOCK,METROPOLIS,MFSL,MINDTREE,MPHASIS,MRF,MRPL,MUTHOOTFIN,NAM-INDIA,NATIONALUM,NAUKRI,NAVINFLUOR,NESTLEIND,NLCINDIA,NMDC,NTPC,NYKAA,OBEROIRLTY,OIL,ONGC,PAGEIND,PAYTM,PEL,PERSISTENT,PFC,PGHH,PHOENIXLTD,PIDILITIND,PIIND,PNB,POLICYBZR,POLYCAB,POWERGRID,POWERINDIA,PRESTIGE,RAMCOCEM,RECLTD,RELIANCE,RVNL,SAIL,SBICARD,SBILIFE,SBIN,SHREECEM,SHRIRAMFIN,SIEMENS,SOLARINDS,SONACOMS,SRF,SUNDARMFIN,SUNPHARMA,TATACHEM,TATACOMM,TATACONSUM,TATAELXSI,TATAMTRDVR,TATAPOWER,TATASTEEL,TCS,TECHM,TITAN,TMPV,TORNTPHARM,TORNTPOWER,TRENT,TVSMOTOR,UBL,ULTRACEMCO,UNIONBANK,UNITDSPR,UPL,VBL,VEDL,VOLTAS,WIPRO,YESBANK,ZYDUSLIFE"
2019-06-30,"360ONE,AARTIIND,ABB,ABCAPITAL,ACC,ADANIENSOL,ADANIENT,ADANIGREEN,ADANIPORTS,ALKEM,AMBUJACEM,APLAPOLLO,APLLTD,APOLLOHOSP,APOLLOTYRE,ASHOKLEY,ASIANPAINT,ASTRAL,ATGL,AUBANK,AUROPHARMA,AXISBANK,BAJAJ-AUTO,BAJAJFINSV,BAJAJHLDNG,BAJFINANCE,BALKRISIND,BANKBARODA,BANKINDIA,BATAINDIA,BDL,BEL,BHARATFORG,BHARTIARTL,BHARTIHEXA,BHEL,BIOCON,BLUESTARCO,BOSCHLTD,BPCL,BRITANNIA,CANBK,CHOLAFIN,CIPLA,CLEAN,COALINDIA,COCHINSHIP,COFORGE,COLPAL,CONCOR,COROMANDEL,CROMPTON,CUMMINSIND,DABUR,DIVISLAB,DIXON,DLF,DMART,DRREDDY,EICHERMOT,EMAMILTD,ENRIN,ETERNAL,EXIDEIND,FACT,FEDERALBNK,FORTIS,GAIL,GLENMARK,GMRAIRPORT,GODFRYPHLP,GODREJCP,GODREJPROP,GRASIM,GSPL,HAL,HAVELLS,HCLTECH,HDFC,HDFCAMC,HDFCBANK,HDFCLIFE,HEROMOTOCO,HINDALCO,HINDPETRO,HINDUNILVR,HINDZINC,HUDCO,ICICIBANK,ICICIGI,IDBI,IDEA,IDFCFIRSTB,IEX,IGL,INDHOTEL,INDIAMART,INDIANB,INDIGO,INDUSINDBK,INDUSTOWER,INFY,IOB,IOC,IRB,IRCTC,IREDA,ISEC,ITC,ITCHOTELS,JINDALSTEL,JSWENERGY,JSWSTEEL,JUBLFOOD,KEI,KOTAKBANK,KPITTECH,LICHSGFIN,LODHA,LT,LTF,LTM,LUPIN,M&M,M&MFIN,MANAPPURAM,MARICO,MARUTI,MAXHEALTH,MAZDOCK,METROPOLIS,MFSL,MINDTREE,MPHASIS,MRF,MRPL,MUTHOOTFIN,NAM-INDIA,NATIONALUM,NAUKRI,NAVINFLUOR,NESTLEIND,NLCINDIA,NMDC,NTPC,NYKAA,OBEROIRLTY,OIL,ONGC,PAGEIND,PAYTM,PEL,PERSISTENT,PFC,PGHH,PHOENIXLTD,PIDILITIND,PIIND,PNB,POLICYBZR,POLYCAB,POWERGRID,POWERINDIA,PRESTIGE,RAMCOCEM,RECLTD,RELIANCE,RVNL,SAIL,SBICARD,SBILIFE,SBIN,SHREECEM,SHRIRAMFIN,SIEMENS,SOLARINDS,SONACOMS,SRF,SUNDARMFIN,SUNPHARMA,TATACHEM,TATACOMM,TATACONSUM,TATAELXSI,TATAMTRDVR,TATAPOWER,TATASTEEL,TCS,TECHM,TITAN,TMPV,TORNTPHARM,TORNTPOWER,TRENT,TVSMOTOR,UBL,ULTRACEMCO,UNIONBANK,UNITDSPR,UPL,VBL,VEDL,VOLTAS,WIPRO,YESBANK,ZYDUSLIFE"
2019-07-31,"360ONE,AARTIIND,ABB,ABCAPITAL,ACC,ADANIENSOL,ADANIENT,ADANIGREEN,ADANIPORTS,ALKEM,AMBUJACEM,APLAPOLLO,APLLTD,APOLLOHOSP,APOLLOTYRE,ASHOKLEY,ASIANPAINT,ASTRAL,ATGL,AUBANK,AUROPHARMA,AXISBANK,BAJAJ-AUTO,BAJAJFINSV,BAJAJHLDNG,BAJFINANCE,BALKRISIND,BANKBARODA,BANKINDIA,BATAINDIA,BDL,BEL,BHARATFORG,BHARTIARTL,BHARTIHEXA,BHEL,BIOCON,BLUESTARCO,BOSCHLTD,BPCL,BRITANNIA,CANBK,CHOLAFIN,CIPLA,CLEAN,COALINDIA,COCHINSHIP,COFORGE,COLPAL,CONCOR,COROMANDEL,CROMPTON,CUMMINSIND,DABUR,DIVISLAB,DIXON,DLF,DMART,DRREDDY,EICHERMOT,EMAMILTD,ENRIN,ETERNAL,EXIDEIND,FACT,FEDERALBNK,FORTIS,GAIL,GLENMARK,GMRAIRPORT,GODFRYPHLP,GODREJCP,GODREJPROP,GRASIM,GSPL,HAL,HAVELLS,HCLTECH,HDFC,HDFCAMC,HDFCBANK,HDFCLIFE,HEROMOTOCO,HINDALCO,HINDPETRO,HINDUNILVR,HINDZINC,HUDCO,ICICIBANK,ICICIGI,IDBI,IDEA,IDFCFIRSTB,IEX,IGL,INDHOTEL,INDIAMART,INDIANB,INDIGO,INDUSINDBK,INDUSTOWER,INFY,IOB,IOC,IRB,IRCTC,IREDA,ISEC,ITC,ITCHOTELS,JINDALSTEL,JSWENERGY,JSWSTEEL,JUBLFOOD,KEI,KOTAKBANK,KPITTECH,LICHSGFIN,LODHA,LT,LTF,LTM,LUPIN,M&M,M&MFIN,MANAPPURAM,MARICO,MARUTI,MAXHEALTH,MAZDOCK,METROPOLIS,MFSL,MINDTREE,MPHASIS,MRF,MRPL,MUTHOOTFIN,NAM-INDIA,NATIONALUM,NAUKRI,NAVINFLUOR,NESTLEIND,NLCINDIA,NMDC,NTPC,NYKAA,OBEROIRLTY,OIL,ONGC,PAGEIND,PAYTM,PEL,PERSISTENT,PFC,PGHH,PHOENIXLTD,PIDILITIND,PIIND,PNB,POLICYBZR,POLYCAB,POWERGRID,POWERINDIA,PRESTIGE,RAMCOCEM,RECLTD,RELIANCE,RVNL,SAIL,SBICARD,SBILIFE,SBIN,SHREECEM,SHRIRAMFIN,SIEMENS,SOLARINDS,SONACOMS,SRF,SUNDARMFIN,SUNPHARMA,TATACHEM,TATACOMM,TATACONSUM,TATAELXSI,TATAMTRDVR,TATAPOWER,TATASTEEL,TCS,TECHM,TITAN,TMPV,TORNTPHARM,TORNTPOWER,TRENT,TVSMOTOR,UBL,ULTRACEMCO,UNIONBANK,UNITDSPR,UPL,VBL,VEDL,VOLTAS,WIPRO,YESBANK,ZYDUSLIFE"
2019-08-31,"360ONE,AARTIIND,ABB,ABCAPITAL,ACC,ADANIENSOL,ADANIENT,ADANIGREEN,ADANIPORTS,ALKEM,AMBUJACEM,APLAPOLLO,APLLTD,APOLLOHOSP,APOLLOTYRE,ASHOKLEY,ASIANPAINT,ASTRAL,ATGL,AUBANK,AUROPHARMA,AXISBANK,BAJAJ-AUTO,BAJAJFINSV,BAJAJHLDNG,BAJFINANCE,BALKRISIND,BANKBARODA,BANKINDIA,BATAINDIA,BDL,BEL,BHARATFORG,BHARTIARTL,BHARTIHEXA,BHEL,BIOCON,BLUESTARCO,BOSCHLTD,BPCL,BRITANNIA,CANBK,CHOLAFIN,CIPLA,CLEAN,COALINDIA,COCHINSHIP,COFORGE,COLPAL,CONCOR,COROMANDEL,CROMPTON,CUMMINSIND,DABUR,DIVISLAB,DIXON,DLF,DMART,DRREDDY,EICHERMOT,EMAMILTD,ENRIN,ETERNAL,EXIDEIND,FACT,FEDERALBNK,FORTIS,GAIL,GLENMARK,GMRAIRPORT,GODFRYPHLP,GODREJCP,GODREJPROP,GRASIM,GSPL,HAL,HAVELLS,HCLTECH,HDFC,HDFCAMC,HDFCBANK,HDFCLIFE,HEROMOTOCO,HINDALCO,HINDPETRO,HINDUNILVR,HINDZINC,HUDCO,ICICIBANK,ICICIGI,IDBI,IDEA,IDFCFIRSTB,IEX,IGL,INDHOTEL,INDIAMART,INDIANB,INDIGO,INDUSINDBK,INDUSTOWER,INFY,IOB,IOC,IRB,IRCTC,IREDA,ISEC,ITC,ITCHOTELS,JINDALSTEL,JSWENERGY,JSWSTEEL,JUBLFOOD,KEI,KOTAKBANK,KPITTECH,LICHSGFIN,LODHA,LT,LTF,LTM,LUPIN,M&M,M&MFIN,MANAPPURAM,MARICO,MARUTI,MAXHEALTH,MAZDOCK,METROPOLIS,MFSL,MINDTREE,MPHASIS,MRF,MRPL,MUTHOOTFIN,NAM-INDIA,NATIONALUM,NAUKRI,NAVINFLUOR,NESTLEIND,NLCINDIA,NMDC,NTPC,NYKAA,OBEROIRLTY,OIL,ONGC,PAGEIND,PAYTM,PEL,PERSISTENT,PFC,PGHH,PHOENIXLTD,PIDILITIND,PIIND,PNB,POLICYBZR,POLYCAB,POWERGRID,POWERINDIA,PRESTIGE,RAMCOCEM,RECLTD,RELIANCE,RVNL,SAIL,SBICARD,SBILIFE,SBIN,SHREECEM,SHRIRAMFIN,SIEMENS,SOLARINDS,SONACOMS,SRF,SUNDARMFIN,SUNPHARMA,TATACHEM,TATACOMM,TATACONSUM,TATAELXSI,TATAMTRDVR,TATAPOWER,TATASTEEL,TCS,TECHM,TITAN,TMPV,TORNTPHARM,TORNTPOWER,TRENT,TVSMOTOR,UBL,ULTRACEMCO,UNIONBANK,UNITDSPR,UPL,VBL,VEDL,VOLTAS,WIPRO,YESBANK,ZYDUSLIFE"
2019-09-30,"360ONE,AARTIIND,ABB,ABCAPITAL,ACC,ADANIENSOL,ADANIENT,ADANIGREEN,ADANIPORTS,ALKEM,AMBUJACEM,APLAPOLLO,APLLTD,APOLLOHOSP,APOLLOTYRE,ASHOKLEY,ASIANPAINT,ASTRAL,ATGL,AUBANK,AUROPHARMA,AXISBANK,BAJAJ-AUTO,BAJAJFINSV,BAJAJHLDNG,BAJFINANCE,BALKRISIND,BANKBARODA,BANKINDIA,BATAINDIA,BDL,BEL,BHARATFORG,BHARTIARTL,BHARTIHEXA,BHEL,BIOCON,BLUESTARCO,BOSCHLTD,BPCL,BRITANNIA,CANBK,CHOLAFIN,CIPLA,CLEAN,COALINDIA,COCHINSHIP,COFORGE,COLPAL,CONCOR,COROMANDEL,CROMPTON,CUMMINSIND,DABUR,DIVISLAB,DIXON,DLF,DMART,DRREDDY,EICHERMOT,EMAMILTD,ENRIN,ETERNAL,EXIDEIND,FACT,FEDERALBNK,FORTIS,GAIL,GLENMARK,GMRAIRPORT,GODFRYPHLP,GODREJCP,GODREJPROP,GRASIM,GSPL,HAL,HAVELLS,HCLTECH,HDFC,HDFCAMC,HDFCBANK,HDFCLIFE,HEROMOTOCO,HINDALCO,HINDPETRO,HINDUNILVR,HINDZINC,HUDCO,ICICIBANK,ICICIGI,IDBI,IDEA,IDFCFIRSTB,IEX,IGL,INDHOTEL,INDIAMART,INDIANB,INDIGO,INDUSINDBK,INDUSTOWER,INFY,IOB,IOC,IRB,IRCTC,IREDA,ISEC,ITC,ITCHOTELS,JINDALSTEL,JSWENERGY,JSWSTEEL,JUBLFOOD,KEI,KOTAKBANK,KPITTECH,LICHSGFIN,LODHA,LT,LTF,LTM,LUPIN,M&M,M&MFIN,MANAPPURAM,MARICO,MARUTI,MAXHEALTH,MAZDOCK,METROPOLIS,MFSL,MINDTREE,MPHASIS,MRF,MRPL,MUTHOOTFIN,NAM-INDIA,NATIONALUM,NAUKRI,NAVINFLUOR,NESTLEIND,NLCINDIA,NMDC,NTPC,NYKAA,OBEROIRLTY,OIL,ONGC,PAGEIND,PAYTM,PEL,PERSISTENT,PFC,PGHH,PHOENIXLTD,PIDILITIND,PIIND,PNB,POLICYBZR,POLYCAB,POWERGRID,POWERINDIA,PRESTIGE,RAMCOCEM,RECLTD,RELIANCE,RVNL,SAIL,SBICARD,SBILIFE,SBIN,SHREECEM,SHRIRAMFIN,SIEMENS,SOLARINDS,SONACOMS,SRF,SUNDARMFIN,SUNPHARMA,TATACHEM,TATACOMM,TATACONSUM,TATAELXSI,TATAMTRDVR,TATAPOWER,TATASTEEL,TCS,TECHM,TITAN,TMPV,TORNTPHARM,TORNTPOWER,TRENT,TVSMOTOR,UBL,ULTRACEMCO,UNIONBANK,UNITDSPR,UPL,VBL,VEDL,VOLTAS,WIPRO,YESBANK,ZYDUSLIFE"
2019-10-31,"360ONE,AARTIIND,ABB,ABCAPITAL,ACC,ADANIENSOL,ADANIENT,ADANIGREEN,ADANIPORTS,ALKEM,AMBUJACEM,APLAPOLLO,APLLTD,APOLLOHOSP,APOLLOTYRE,ASHOKLEY,ASIANPAINT,ASTRAL,ATGL,AUBANK,AUROPHARMA,AXISBANK,BAJAJ-AUTO,BAJAJFINSV,BAJAJHLDNG,BAJFINANCE,BALKRISIND,BANKBARODA,BANKINDIA,BATAINDIA,BDL,BEL,BHARATFORG,BHARTIARTL,BHARTIHEXA,BHEL,BIOCON,BLUESTARCO,BOSCHLTD,BPCL,BRITANNIA,CANBK,CHOLAFIN,CIPLA,CLEAN,COALINDIA,COCHINSHIP,COFORGE,COLPAL,CONCOR,COROMANDEL,CROMPTON,CUMMINSIND,DABUR,DIVISLAB,DIXON,DLF,DMART,DRREDDY,EICHERMOT,EMAMILTD,ENRIN,ETERNAL,EXIDEIND,FACT,FEDERALBNK,FORTIS,GAIL,GLENMARK,GMRAIRPORT,GODFRYPHLP,GODREJCP,GODREJPROP,GRASIM,GSPL,HAL,HAVELLS,HCLTECH,HDFC,HDFCAMC,HDFCBANK,HDFCLIFE,HEROMOTOCO,HINDALCO,HINDPETRO,HINDUNILVR,HINDZINC,HUDCO,ICICIBANK,ICICIGI,IDBI,IDEA,IDFCFIRSTB,IEX,IGL,INDHOTEL,INDIAMART,INDIANB,INDIGO,INDUSINDBK,INDUSTOWER,INFY,IOB,IOC,IRB,IRCTC,IREDA,ISEC,ITC,ITCHOTELS,JINDALSTEL,JSWENERGY,JSWSTEEL,JUBLFOOD,KEI,KOTAKBANK,KPITTECH,LICHSGFIN,LODHA,LT,LTF,LTM,LUPIN,M&M,M&MFIN,MANAPPURAM,MARICO,MARUTI,MAXHEALTH,MAZDOCK,METROPOLIS,MFSL,MINDTREE,MPHASIS,MRF,MRPL,MUTHOOTFIN,NAM-INDIA,NATIONALUM,NAUKRI,NAVINFLUOR,NESTLEIND,NLCINDIA,NMDC,NTPC,NYKAA,OBEROIRLTY,OIL,ONGC,PAGEIND,PAYTM,PEL,PERSISTENT,PFC,PGHH,PHOENIXLTD,PIDILITIND,PIIND,PNB,POLICYBZR,POLYCAB,POWERGRID,POWERINDIA,PRESTIGE,RAMCOCEM,RECLTD,RELIANCE,RVNL,SAIL,SBICARD,SBILIFE,SBIN,SHREECEM,SHRIRAMFIN,SIEMENS,SOLARINDS,SONACOMS,SRF,SUNDARMFIN,SUNPHARMA,TATACHEM,TATACOMM,TATACONSUM,TATAELXSI,TATAMTRDVR,TATAPOWER,TATASTEEL,TCS,TECHM,TITAN,TMPV,TORNTPHARM,TORNTPOWER,TRENT,TVSMOTOR,UBL,ULTRACEMCO,UNIONBANK,UNITDSPR,UPL,VBL,VEDL,VOLTAS,WIPRO,YESBANK,ZYDUSLIFE"
2019-11-30,"360ONE,AARTIIND,ABB,ABCAPITAL,ACC,ADANIENSOL,ADANIENT,ADANIGREEN,ADANIPORTS,ALKEM,AMBUJACEM,APLAPOLLO,APLLTD,APOLLOHOSP,APOLLOTYRE,ASHOKLEY,ASIANPAINT,ASTRAL,ATGL,AUBANK,AUROPHARMA,AXISBANK,BAJAJ-AUTO,BAJAJFINSV,BAJAJHLDNG,BAJFINANCE,BALKRISIND,BANKBARODA,BANKINDIA,BATAINDIA,BDL,BEL,BHARATFORG,BHARTIARTL,BHARTIHEXA,BHEL,BIOCON,BLUESTARCO,BOSCHLTD,BPCL,BRITANNIA,CANBK,CHOLAFIN,CIPLA,CLEAN,COALINDIA,COCHINSHIP,COFORGE,COLPAL,CONCOR,COROMANDEL,CROMPTON,CUMMINSIND,DABUR,DIVISLAB,DIXON,DLF,DMART,DRREDDY,EICHERMOT,EMAMILTD,ENRIN,ETERNAL,EXIDEIND,FACT,FEDERALBNK,FORTIS,GAIL,GLENMARK,GMRAIRPORT,GODFRYPHLP,GODREJCP,GODREJPROP,GRASIM,GSPL,HAL,HAVELLS,HCLTECH,HDFC,HDFCAMC,HDFCBANK,HDFCLIFE,HEROMOTOCO,HINDALCO,HINDPETRO,HINDUNILVR,HINDZINC,HUDCO,ICICIBANK,ICICIGI,IDBI,IDEA,IDFCFIRSTB,IEX,IGL,INDHOTEL,INDIAMART,INDIANB,INDIGO,INDUSINDBK,INDUSTOWER,INFY,IOB,IOC,IRB,IRCTC,IREDA,ISEC,ITC,ITCHOTELS,JINDALSTEL,JSWENERGY,JSWSTEEL,JUBLFOOD,KEI,KOTAKBANK,KPITTECH,LICHSGFIN,LODHA,LT,LTF,LTM,LUPIN,M&M,M&MFIN,MANAPPURAM,MARICO,MARUTI,MAXHEALTH,MAZDOCK,METROPOLIS,MFSL,MINDTREE,MPHASIS,MRF,MRPL,MUTHOOTFIN,NAM-INDIA,NATIONALUM,NAUKRI,NAVINFLUOR,NESTLEIND,NLCINDIA,NMDC,NTPC,NYKAA,OBEROIRLTY,OIL,ONGC,PAGEIND,PAYTM,PEL,PERSISTENT,PFC,PGHH,PHOENIXLTD,PIDILITIND,PIIND,PNB,POLICYBZR,POLYCAB,POWERGRID,POWERINDIA,PRESTIGE,RAMCOCEM,RECLTD,RELIANCE,RVNL,SAIL,SBICARD,SBILIFE,SBIN,SHREECEM,SHRIRAMFIN,SIEMENS,SOLARINDS,SONACOMS,SRF,SUNDARMFIN,SUNPHARMA,TATACHEM,TATACOMM,TATACONSUM,TATAELXSI,TATAMTRDVR,TATAPOWER,TATASTEEL,TCS,TECHM,TITAN,TMPV,TORNTPHARM,TORNTPOWER,TRENT,TVSMOTOR,UBL,ULTRACEMCO,UNIONBANK,UNITDSPR,UPL,VBL,VEDL,VOLTAS,WIPRO,YESBANK,ZYDUSLIFE"
2019-12-31,"360ONE,AARTIIND,ABB,ABCAPITAL,ACC,ADANIENSOL,ADANIENT,ADANIGREEN,ADANIPORTS,ALKEM,AMBUJACEM,APLAPOLLO,APLLTD,APOLLOHOSP,APOLLOTYRE,ASHOKLEY,ASIANPAINT,ASTRAL,ATGL,AUBANK,AUROPHARMA,AXISBANK,BAJAJ-AUTO,BAJAJFINSV,BAJAJHLDNG,BAJFINANCE,BALKRISIND,BANKBARODA,BANKINDIA,BATAINDIA,BDL,BEL,BHARATFORG,BHARTIARTL,BHARTIHEXA,BHEL,BIOCON,BLUESTARCO,BOSCHLTD,BPCL,BRITANNIA,CANBK,CHOLAFIN,CIPLA,CLEAN,COALINDIA,COCHINSHIP,COFORGE,COLPAL,CONCOR,COROMANDEL,CROMPTON,CUMMINSIND,DABUR,DIVISLAB,DIXON,DLF,DMART,DRREDDY,EICHERMOT,EMAMILTD,ENRIN,ETERNAL,EXIDEIND,FACT,FEDERALBNK,FORTIS,GAIL,GLENMARK,GMRAIRPORT,GODFRYPHLP,GODREJCP,GODREJPROP,GRASIM,GSPL,HAL,HAVELLS,HCLTECH,HDFC,HDFCAMC,HDFCBANK,HDFCLIFE,HEROMOTOCO,HINDALCO,HINDPETRO,HINDUNILVR,HINDZINC,HUDCO,ICICIBANK,ICICIGI,IDBI,IDEA,IDFCFIRSTB,IEX,IGL,INDHOTEL,INDIAMART,INDIANB,INDIGO,INDUSINDBK,INDUSTOWER,INFY,IOB,IOC,IRB,IRCTC,IREDA,ISEC,ITC,ITCHOTELS,JINDALSTEL,JSWENERGY,JSWSTEEL,JUBLFOOD,KEI,KOTAKBANK,KPITTECH,LICHSGFIN,LODHA,LT,LTF,LTM,LUPIN,M&M,M&MFIN,MANAPPURAM,MARICO,MARUTI,MAXHEALTH,MAZDOCK,METROPOLIS,MFSL,MINDTREE,MPHASIS,MRF,MRPL,MUTHOOTFIN,NAM-INDIA,NATIONALUM,NAUKRI,NAVINFLUOR,NESTLEIND,NLCINDIA,NMDC,NTPC,NYKAA,OBEROIRLTY,OIL,ONGC,PAGEIND,PAYTM,PEL,PERSISTENT,PFC,PGHH,PHOENIXLTD,PIDILITIND,PIIND,PNB,POLICYBZR,POLYCAB,POWERGRID,POWERINDIA,PRESTIGE,RAMCOCEM,RECLTD,RELIANCE,RVNL,SAIL,SBICARD,SBILIFE,SBIN,SHREECEM,SHRIRAMFIN,SIEMENS,SOLARINDS,SONACOMS,SRF,SUNDARMFIN,SUNPHARMA,TATACHEM,TATACOMM,TATACONSUM,TATAELXSI,TATAMTRDVR,TATAPOWER,TATASTEEL,TCS,TECHM,TITAN,TMPV,TORNTPHARM,TORNTPOWER,TRENT,TVSMOTOR,UBL,ULTRACEMCO,UNIONBANK,UNITDSPR,UPL,VBL,VEDL,VOLTAS,WIPRO,YESBANK,ZYDUSLIFE"
2020-01-31,"360ONE,AARTIIND,ABB,ABCAPITAL,ACC,ADANIENSOL,ADANIENT,ADANIGREEN,ADANIPORTS,ALKEM,AMBUJACEM,APLAPOLLO,APLLTD,APOLLOHOSP,APOLLOTYRE,ASHOKLEY,ASIANPAINT,ASTRAL,ATGL,AUBANK,AUROPHARMA,AXISBANK,BAJAJ-AUTO,BAJAJFINSV,BAJAJHLDNG,BAJFINANCE,BALKRISIND,BANKBARODA,BANKINDIA,BATAINDIA,BDL,BEL,BHARATFORG,BHARTIARTL,BHARTIHEXA,BHEL,BIOCON,BLUESTARCO,BOSCHLTD,BPCL,BRITANNIA,CANBK,CHOLAFIN,CIPLA,CLEAN,COALINDIA,COCHINSHIP,COFORGE,COLPAL,CONCOR,COROMANDEL,CROMPTON,CUMMINSIND,DABUR,DIVISLAB,DIXON,DLF,DMART,DRREDDY,EICHERMOT,EMAMILTD,ENRIN,ETERNAL,EXIDEIND,FACT,FEDERALBNK,FORTIS,GAIL,GLENMARK,GMRAIRPORT,GODFRYPHLP,GODREJCP,GODREJPROP,GRASIM,GSPL,HAL,HAVELLS,HCLTECH,HDFC,HDFCAMC,HDFCBANK,HDFCLIFE,HEROMOTOCO,HINDALCO,HINDPETRO,HINDUNILVR,HINDZINC,HUDCO,ICICIBANK,ICICIGI,IDBI,IDEA,IDFCFIRSTB,IEX,IGL,INDHOTEL,INDIAMART,INDIANB,INDIGO,INDUSINDBK,INDUSTOWER,INFY,IOB,IOC,IRB,IRCTC,IREDA,ISEC,ITC,ITCHOTELS,JINDALSTEL,JSWENERGY,JSWSTEEL,JUBLFOOD,KEI,KOTAKBANK,KPITTECH,LICHSGFIN,LODHA,LT,LTF,LTM,LUPIN,M&M,M&MFIN,MANAPPURAM,MARICO,MARUTI,MAXHEALTH,MAZDOCK,METROPOLIS,MFSL,MINDTREE,MPHASIS,MRF,MRPL,MUTHOOTFIN,NAM-INDIA,NATIONALUM,NAUKRI,NAVINFLUOR,NESTLEIND,NLCINDIA,NMDC,NTPC,NYKAA,OBEROIRLTY,OIL,ONGC,PAGEIND,PAYTM,PEL,PERSISTENT,PFC,PGHH,PHOENIXLTD,PIDILITIND,PIIND,PNB,POLICYBZR,POLYCAB,POWERGRID,POWERINDIA,PRESTIGE,RAMCOCEM,RECLTD,RELIANCE,RVNL,SAIL,SBICARD,SBILIFE,SBIN,SHREECEM,SHRIRAMFIN,SIEMENS,SOLARINDS,SONACOMS,SRF,SUNDARMFIN,SUNPHARMA,TATACHEM,TATACOMM,TATACONSUM,TATAELXSI,TATAMTRDVR,TATAPOWER,TATASTEEL,TCS,TECHM,TITAN,TMPV,TORNTPHARM,TORNTPOWER,TRENT,TVSMOTOR,UBL,ULTRACEMCO,UNIONBANK,UNITDSPR,UPL,VBL,VEDL,VOLTAS,WIPRO,YESBANK,ZYDUSLIFE"
2020-02-29,"360ONE,AARTIIND,ABB,ABCAPITAL,ACC,ADANIENSOL,ADANIENT,ADANIGREEN,ADANIPORTS,ALKEM,AMBUJACEM,APLAPOLLO,APLLTD,APOLLOHOSP,APOLLOTYRE,ASHOKLEY,ASIANPAINT,ASTRAL,ATGL,AUBANK,AUROPHARMA,AXISBANK,BAJAJ-AUTO,BAJAJFINSV,BAJAJHLDNG,BAJFINANCE,BALKRISIND,BANKBARODA,BANKINDIA,BATAINDIA,BDL,BEL,BHARATFORG,BHARTIARTL,BHARTIHEXA,BHEL,BIOCON,BLUESTARCO,BOSCHLTD,BPCL,BRITANNIA,CANBK,CHOLAFIN,CIPLA,CLEAN,COALINDIA,COCHINSHIP,COFORGE,COLPAL,CONCOR,COROMANDEL,CROMPTON,CUMMINSIND,DABUR,DIVISLAB,DIXON,DLF,DMART,DRREDDY,EICHERMOT,EMAMILTD,ENRIN,ETERNAL,EXIDEIND,FACT,FEDERALBNK,FORTIS,GAIL,GLENMARK,GMRAIRPORT,GODFRYPHLP,GODREJCP,GODREJPROP,GRASIM,GSPL,HAL,HAVELLS,HCLTECH,HDFC,HDFCAMC,HDFCBANK,HDFCLIFE,HEROMOTOCO,HINDALCO,HINDPETRO,HINDUNILVR,HINDZINC,HUDCO,ICICIBANK,ICICIGI,IDBI,IDEA,IDFCFIRSTB,IEX,IGL,INDHOTEL,INDIAMART,INDIANB,INDIGO,INDUSINDBK,INDUSTOWER,INFY,IOB,IOC,IRB,IRCTC,IREDA,ISEC,ITC,ITCHOTELS,JINDALSTEL,JSWENERGY,JSWSTEEL,JUBLFOOD,KEI,KOTAKBANK,KPITTECH,LICHSGFIN,LODHA,LT,LTF,LTM,LUPIN,M&M,M&MFIN,MANAPPURAM,MARICO,MARUTI,MAXHEALTH,MAZDOCK,METROPOLIS,MFSL,MINDTREE,MPHASIS,MRF,MRPL,MUTHOOTFIN,NAM-INDIA,NATIONALUM,NAUKRI,NAVINFLUOR,NESTLEIND,NLCINDIA,NMDC,NTPC,NYKAA,OBEROIRLTY,OIL,ONGC,PAGEIND,PAYTM,PEL,PERSISTENT,PFC,PGHH,PHOENIXLTD,PIDILITIND,PIIND,PNB,POLICYBZR,POLYCAB,POWERGRID,POWERINDIA,PRESTIGE,RAMCOCEM,RECLTD,RELIANCE,RVNL,SAIL,SBICARD,SBILIFE,SBIN,SHREECEM,SHRIRAMFIN,SIEMENS,SOLARINDS,SONACOMS,SRF,SUNDARMFIN,SUNPHARMA,TATACHEM,TATACOMM,TATACONSUM,TATAELXSI,TATAMTRDVR,TATAPOWER,TATASTEEL,TCS,TECHM,TITAN,TMPV,TORNTPHARM,TORNTPOWER,TRENT,TVSMOTOR,UBL,ULTRACEMCO,UNIONBANK,UNITDSPR,UPL,VBL,VEDL,VOLTAS,WIPRO,YESBANK,ZYDUSLIFE"
2020-03-31,"360ONE,AARTIIND,ABB,ABCAPITAL,ACC,ADANIENSOL,ADANIENT,ADANIGREEN,ADANIPORTS,ALKEM,AMBUJACEM,APLAPOLLO,APLLTD,APOLLOHOSP,APOLLOTYRE,ASHOKLEY,ASIANPAINT,ASTRAL,ATGL,AUBANK,AUROPHARMA,AXISBANK,BAJAJ-AUTO,BAJAJFINSV,BAJAJHLDNG,BAJFINANCE,BALKRISIND,BANKBARODA,BANKINDIA,BATAINDIA,BDL,BEL,BHARATFORG,BHARTIARTL,BHARTIHEXA,BHEL,BIOCON,BLUESTARCO,BOSCHLTD,BPCL,BRITANNIA,CANBK,CHOLAFIN,CIPLA,CLEAN,COALINDIA,COCHINSHIP,COFORGE,COLPAL,CONCOR,COROMANDEL,CROMPTON,CUMMINSIND,DABUR,DIVISLAB,DIXON,DLF,DMART,DRREDDY,EICHERMOT,EMAMILTD,ENRIN,ETERNAL,EXIDEIND,FACT,FEDERALBNK,FORTIS,GAIL,GLENMARK,GMRAIRPORT,GODFRYPHLP,GODREJCP,GODREJPROP,GRASIM,GSPL,HAL,HAVELLS,HCLTECH,HDFC,HDFCAMC,HDFCBANK,HDFCLIFE,HEROMOTOCO,HINDALCO,HINDPETRO,HINDUNILVR,HINDZINC,HUDCO,ICICIBANK,ICICIGI,IDBI,IDEA,IDFCFIRSTB,IEX,IGL,INDHOTEL,INDIAMART,INDIANB,INDIGO,INDUSINDBK,INDUSTOWER,INFY,IOB,IOC,IRB,IRCTC,IREDA,ISEC,ITC,ITCHOTELS,JINDALSTEL,JSWENERGY,JSWSTEEL,JUBLFOOD,KEI,KOTAKBANK,KPITTECH,LICHSGFIN,LODHA,LT,LTF,LTM,LUPIN,M&M,M&MFIN,MANAPPURAM,MARICO,MARUTI,MAXHEALTH,MAZDOCK,METROPOLIS,MFSL,MINDTREE,MPHASIS,MRF,MRPL,MUTHOOTFIN,NAM-INDIA,NATIONALUM,NAUKRI,NAVINFLUOR,NESTLEIND,NLCINDIA,NMDC,NTPC,NYKAA,OBEROIRLTY,OIL,ONGC,PAGEIND,PAYTM,PEL,PERSISTENT,PFC,PGHH,PHOENIXLTD,PIDILITIND,PIIND,PNB,POLICYBZR,POLYCAB,POWERGRID,POWERINDIA,PRESTIGE,RAMCOCEM,RECLTD,RELIANCE,RVNL,SAIL,SBICARD,SBILIFE,SBIN,SHREECEM,SHRIRAMFIN,SIEMENS,SOLARINDS,SONACOMS,SRF,SUNDARMFIN,SUNPHARMA,TATACHEM,TATACOMM,TATACONSUM,TATAELXSI,TATAMTRDVR,TATAPOWER,TATASTEEL,TCS,TECHM,TITAN,TMPV,TORNTPHARM,TORNTPOWER,TRENT,TVSMOTOR,UBL,ULTRACEMCO,UNIONBANK,UNITDSPR,UPL,VBL,VEDL,VOLTAS,WIPRO,YESBANK,ZYDUSLIFE"
2020-04-30,"360ONE,AARTIIND,ABB,ABCAPITAL,ACC,ADANIENSOL,ADANIENT,ADANIGREEN,ADANIPORTS,ALKEM,AMBUJACEM,APLAPOLLO,APLLTD,APOLLOHOSP,APOLLOTYRE,ASHOKLEY,ASIANPAINT,ASTRAL,ATGL,AUBANK,AUROPHARMA,AXISBANK,BAJAJ-AUTO,BAJAJFINSV,BAJAJHLDNG,BAJFINANCE,BALKRISIND,BANKBARODA,BANKINDIA,BATAINDIA,BDL,BEL,BHARATFORG,BHARTIARTL,BHARTIHEXA,BHEL,BIOCON,BLUESTARCO,BOSCHLTD,BPCL,BRITANNIA,CANBK,CHOLAFIN,CIPLA,CLEAN,COALINDIA,COCHINSHIP,COFORGE,COLPAL,CONCOR,COROMANDEL,CROMPTON,CUMMINSIND,DABUR,DIVISLAB,DIXON,DLF,DMART,DRREDDY,EICHERMOT,EMAMILTD,ENRIN,ETERNAL,EXIDEIND,FACT,FEDERALBNK,FORTIS,GAIL,GLENMARK,GMRAIRPORT,GODFRYPHLP,GODREJCP,GODREJPROP,GRASIM,GSPL,HAL,HAVELLS,HCLTECH,HDFC,HDFCAMC,HDFCBANK,HDFCLIFE,HEROMOTOCO,HINDALCO,HINDPETRO,HINDUNILVR,HINDZINC,HUDCO,ICICIBANK,ICICIGI,IDBI,IDEA,IDFCFIRSTB,IEX,IGL,INDHOTEL,INDIAMART,INDIANB,INDIGO,INDUSINDBK,INDUSTOWER,INFY,IOB,IOC,IRB,IRCTC,IREDA,ISEC,ITC,ITCHOTELS,JINDALSTEL,JSWENERGY,JSWSTEEL,JUBLFOOD,KEI,KOTAKBANK,KPITTECH,LICHSGFIN,LODHA,LT,LTF,LTM,LUPIN,M&M,M&MFIN,MANAPPURAM,MARICO,MARUTI,MAXHEALTH,MAZDOCK,METROPOLIS,MFSL,MINDTREE,MPHASIS,MRF,MRPL,MUTHOOTFIN,NAM-INDIA,NATIONALUM,NAUKRI,NAVINFLUOR,NESTLEIND,NLCINDIA,NMDC,NTPC,NYKAA,OBEROIRLTY,OIL,ONGC,PAGEIND,PAYTM,PEL,PERSISTENT,PFC,PGHH,PHOENIXLTD,PIDILITIND,PIIND,PNB,POLICYBZR,POLYCAB,POWERGRID,POWERINDIA,PRESTIGE,RAMCOCEM,RECLTD,RELIANCE,RVNL,SAIL,SBICARD,SBILIFE,SBIN,SHREECEM,SHRIRAMFIN,SIEMENS,SOLARINDS,SONACOMS,SRF,SUNDARMFIN,SUNPHARMA,TATACHEM,TATACOMM,TATACONSUM,TATAELXSI,TATAMTRDVR,TATAPOWER,TATASTEEL,TCS,TECHM,TITAN,TMPV,TORNTPHARM,TORNTPOWER,TRENT,TVSMOTOR,UBL,ULTRACEMCO,UNIONBANK,UNITDSPR,UPL,VBL,VEDL,VOLTAS,WIPRO,YESBANK,ZYDUSLIFE"
2020-05-31,"360ONE,AARTIIND,ABB,ABCAPITAL,ACC,ADANIENSOL,ADANIENT,ADANIGREEN,ADANIPORTS,ALKEM,AMBUJACEM,APLAPOLLO,APLLTD,APOLLOHOSP,APOLLOTYRE,ASHOKLEY,ASIANPAINT,ASTRAL,ATGL,AUBANK,AUROPHARMA,AXISBANK,BAJAJ-AUTO,BAJAJFINSV,BAJAJHLDNG,BAJFINANCE,BALKRISIND,BANKBARODA,BANKINDIA,BATAINDIA,BDL,BEL,BHARATFORG,BHARTIARTL,BHARTIHEXA,BHEL,BIOCON,BLUESTARCO,BOSCHLTD,BPCL,BRITANNIA,CANBK,CHOLAFIN,CIPLA,CLEAN,COALINDIA,COCHINSHIP,COFORGE,COLPAL,CONCOR,COROMANDEL,CROMPTON,CUMMINSIND,DABUR,DIVISLAB,DIXON,DLF,DMART,DRREDDY,EICHERMOT,EMAMILTD,ENRIN,ETERNAL,EXIDEIND,FACT,FEDERALBNK,FORTIS,GAIL,GLENMARK,GMRAIRPORT,GODFRYPHLP,GODREJCP,GODREJPROP,GRASIM,GSPL,HAL,HAVELLS,HCLTECH,HDFC,HDFCAMC,HDFCBANK,HDFCLIFE,HEROMOTOCO,HINDALCO,HINDPETRO,HINDUNILVR,HINDZINC,HUDCO,ICICIBANK,ICICIGI,IDBI,IDEA,IDFCFIRSTB,IEX,IGL,INDHOTEL,INDIAMART,INDIANB,INDIGO,INDUSINDBK,INDUSTOWER,INFY,IOB,IOC,IRB,IRCTC,IREDA,ISEC,ITC,ITCHOTELS,JINDALSTEL,JSWENERGY,JSWSTEEL,JUBLFOOD,KEI,KOTAKBANK,KPITTECH,LICHSGFIN,LODHA,LT,LTF,LTM,LUPIN,M&M,M&MFIN,MANAPPURAM,MARICO,MARUTI,MAXHEALTH,MAZDOCK,METROPOLIS,MFSL,MINDTREE,MPHASIS,MRF,MRPL,MUTHOOTFIN,NAM-INDIA,NATIONALUM,NAUKRI,NAVINFLUOR,NESTLEIND,NLCINDIA,NMDC,NTPC,NYKAA,OBEROIRLTY,OIL,ONGC,PAGEIND,PAYTM,PEL,PERSISTENT,PFC,PGHH,PHOENIXLTD,PIDILITIND,PIIND,PNB,POLICYBZR,POLYCAB,POWERGRID,POWERINDIA,PRESTIGE,RAMCOCEM,RECLTD,RELIANCE,RVNL,SAIL,SBICARD,SBILIFE,SBIN,SHREECEM,SHRIRAMFIN,SIEMENS,SOLARINDS,SONACOMS,SRF,SUNDARMFIN,SUNPHARMA,TATACHEM,TATACOMM,TATACONSUM,TATAELXSI,TATAMTRDVR,TATAPOWER,TATASTEEL,TCS,TECHM,TITAN,TMPV,TORNTPHARM,TORNTPOWER,TRENT,TVSMOTOR,UBL,ULTRACEMCO,UNIONBANK,UNITDSPR,UPL,VBL,VEDL,VOLTAS,WIPRO,YESBANK,ZYDUSLIFE"
2020-06-30,"360ONE,AARTIIND,ABB,ABCAPITAL,ACC,ADANIENSOL,ADANIENT,ADANIGREEN,ADANIPORTS,ALKEM,AMBUJACEM,APLAPOLLO,APLLTD,APOLLOHOSP,APOLLOTYRE,ASHOKLEY,ASIANPAINT,ASTRAL,ATGL,AUBANK,AUROPHARMA,AXISBANK,BAJAJ-AUTO,BAJAJFINSV,BAJAJHLDNG,BAJFINANCE,BALKRISIND,BANKBARODA,BANKINDIA,BATAINDIA,BDL,BEL,BHARATFORG,BHARTIARTL,BHARTIHEXA,BHEL,BIOCON,BLUESTARCO,BOSCHLTD,BPCL,BRITANNIA,CANBK,CHOLAFIN,CIPLA,CLEAN,COALINDIA,COCHINSHIP,COFORGE,COLPAL,CONCOR,COROMANDEL,CROMPTON,CUMMINSIND,DABUR,DIVISLAB,DIXON,DLF,DMART,DRREDDY,EICHERMOT,EMAMILTD,ENRIN,ETERNAL,EXIDEIND,FACT,FEDERALBNK,FORTIS,GAIL,GLENMARK,GMRAIRPORT,GODFRYPHLP,GODREJCP,GODREJPROP,GRASIM,GSPL,HAL,HAVELLS,HCLTECH,HDFC,HDFCAMC,HDFCBANK,HDFCLIFE,HEROMOTOCO,HINDALCO,HINDPETRO,HINDUNILVR,HINDZINC,HUDCO,ICICIBANK,ICICIGI,IDBI,IDEA,IDFCFIRSTB,IEX,IGL,INDHOTEL,INDIAMART,INDIANB,INDIGO,INDUSINDBK,INDUSTOWER,INFY,IOB,IOC,IRB,IRCTC,IREDA,ISEC,ITC,ITCHOTELS,JINDALSTEL,JSWENERGY,JSWSTEEL,JUBLFOOD,KEI,KOTAKBANK,KPITTECH,LICHSGFIN,LODHA,LT,LTF,LTM,LUPIN,M&M,M&MFIN,MANAPPURAM,MARICO,MARUTI,MAXHEALTH,MAZDOCK,METROPOLIS,MFSL,MINDTREE,MPHASIS,MRF,MRPL,MUTHOOTFIN,NAM-INDIA,NATIONALUM,NAUKRI,NAVINFLUOR,NESTLEIND,NLCINDIA,NMDC,NTPC,NYKAA,OBEROIRLTY,OIL,ONGC,PAGEIND,PAYTM,PEL,PERSISTENT,PFC,PGHH,PHOENIXLTD,PIDILITIND,PIIND,PNB,POLICYBZR,POLYCAB,POWERGRID,POWERINDIA,PRESTIGE,RAMCOCEM,RECLTD,RELIANCE,RVNL,SAIL,SBICARD,SBILIFE,SBIN,SHREECEM,SHRIRAMFIN,SIEMENS,SOLARINDS,SONACOMS,SRF,SUNDARMFIN,SUNPHARMA,TATACHEM,TATACOMM,TATACONSUM,TATAELXSI,TATAMTRDVR,TATAPOWER,TATASTEEL,TCS,TECHM,TITAN,TMPV,TORNTPHARM,TORNTPOWER,TRENT,TVSMOTOR,UBL,ULTRACEMCO,UNIONBANK,UNITDSPR,UPL,VBL,VEDL,VOLTAS,WIPRO,YESBANK,ZYDUSLIFE"
2020-07-31,"360ONE,AARTIIND,ABB,ABCAPITAL,ACC,ADANIENSOL,ADANIENT,ADANIGREEN,ADANIPORTS,ALKEM,AMBUJACEM,APLAPOLLO,APLLTD,APOLLOHOSP,APOLLOTYRE,ASHOKLEY,ASIANPAINT,ASTRAL,ATGL,AUBANK,AUROPHARMA,AXISBANK,BAJAJ-AUTO,BAJAJFINSV,BAJAJHLDNG,BAJFINANCE,BALKRISIND,BANKBARODA,BANKINDIA,BATAINDIA,BDL,BEL,BHARATFORG,BHARTIARTL,BHARTIHEXA,BHEL,BIOCON,BLUESTARCO,BOSCHLTD,BPCL,BRITANNIA,CANBK,CHOLAFIN,CIPLA,CLEAN,COALINDIA,COCHINSHIP,COFORGE,COLPAL,CONCOR,COROMANDEL,CROMPTON,CUMMINSIND,DABUR,DIVISLAB,DIXON,DLF,DMART,DRREDDY,EICHERMOT,EMAMILTD,ENRIN,ETERNAL,EXIDEIND,FACT,FEDERALBNK,FORTIS,GAIL,GLENMARK,GMRAIRPORT,GODFRYPHLP,GODREJCP,GODREJPROP,GRASIM,GSPL,HAL,HAVELLS,HCLTECH,HDFC,HDFCAMC,HDFCBANK,HDFCLIFE,HEROMOTOCO,HINDALCO,HINDPETRO,HINDUNILVR,HINDZINC,HUDCO,ICICIBANK,ICICIGI,IDBI,IDEA,IDFCFIRSTB,IEX,IGL,INDHOTEL,INDIAMART,INDIANB,INDIGO,INDUSINDBK,INDUSTOWER,INFY,IOB,IOC,IRB,IRCTC,IREDA,ISEC,ITC,ITCHOTELS,JINDALSTEL,JSWENERGY,JSWSTEEL,JUBLFOOD,KEI,KOTAKBANK,KPITTECH,LICHSGFIN,LODHA,LT,LTF,LTM,LUPIN,M&M,M&MFIN,MANAPPURAM,MARICO,MARUTI,MAXHEALTH,MAZDOCK,METROPOLIS,MFSL,MINDTREE,MPHASIS,MRF,MRPL,MUTHOOTFIN,NAM-INDIA,NATIONALUM,NAUKRI,NAVINFLUOR,NESTLEIND,NLCINDIA,NMDC,NTPC,NYKAA,OBEROIRLTY,OIL,ONGC,PAGEIND,PAYTM,PEL,PERSISTENT,PFC,PGHH,PHOENIXLTD,PIDILITIND,PIIND,PNB,POLICYBZR,POLYCAB,POWERGRID,POWERINDIA,PRESTIGE,RAMCOCEM,RECLTD,RELIANCE,RVNL,SAIL,SBICARD,SBILIFE,SBIN,SHREECEM,SHRIRAMFIN,SIEMENS,SOLARINDS,SONACOMS,SRF,SUNDARMFIN,SUNPHARMA,TATACHEM,TATACOMM,TATACONSUM,TATAELXSI,TATAMTRDVR,TATAPOWER,TATASTEEL,TCS,TECHM,TITAN,TMPV,TORNTPHARM,TORNTPOWER,TRENT,TVSMOTOR,UBL,ULTRACEMCO,UNIONBANK,UNITDSPR,UPL,VBL,VEDL,VOLTAS,WIPRO,YESBANK,ZYDUSLIFE"
2020-08-31,"360ONE,AARTIIND,ABB,ABCAPITAL,ACC,ADANIENSOL,ADANIENT,ADANIGREEN,ADANIPORTS,ALKEM,AMBUJACEM,APLAPOLLO,APLLTD,APOLLOHOSP,APOLLOTYRE,ASHOKLEY,ASIANPAINT,ASTRAL,ATGL,AUBANK,AUROPHARMA,AXISBANK,BAJAJ-AUTO,BAJAJFINSV,BAJAJHLDNG,BAJFINANCE,BALKRISIND,BANKBARODA,BANKINDIA,BATAINDIA,BDL,BEL,BHARATFORG,BHARTIARTL,BHARTIHEXA,BHEL,BIOCON,BLUESTARCO,BOSCHLTD,BPCL,BRITANNIA,CANBK,CHOLAFIN,CIPLA,CLEAN,COALINDIA,COCHINSHIP,COFORGE,COLPAL,CONCOR,COROMANDEL,CROMPTON,CUMMINSIND,DABUR,DIVISLAB,DIXON,DLF,DMART,DRREDDY,EICHERMOT,EMAMILTD,ENRIN,ETERNAL,EXIDEIND,FACT,FEDERALBNK,FORTIS,GAIL,GLENMARK,GMRAIRPORT,GODFRYPHLP,GODREJCP,GODREJPROP,GRASIM,GSPL,HAL,HAVELLS,HCLTECH,HDFC,HDFCAMC,HDFCBANK,HDFCLIFE,HEROMOTOCO,HINDALCO,HINDPETRO,HINDUNILVR,HINDZINC,HUDCO,ICICIBANK,ICICIGI,IDBI,IDEA,IDFCFIRSTB,IEX,IGL,INDHOTEL,INDIAMART,INDIANB,INDIGO,INDUSINDBK,INDUSTOWER,INFY,IOB,IOC,IRB,IRCTC,IREDA,ISEC,ITC,ITCHOTELS,JINDALSTEL,JSWENERGY,JSWSTEEL,JUBLFOOD,KEI,KOTAKBANK,KPITTECH,LICHSGFIN,LODHA,LT,LTF,LTM,LUPIN,M&M,M&MFIN,MANAPPURAM,MARICO,MARUTI,MAXHEALTH,MAZDOCK,METROPOLIS,MFSL,MINDTREE,MPHASIS,MRF,MRPL,MUTHOOTFIN,NAM-INDIA,NATIONALUM,NAUKRI,NAVINFLUOR,NESTLEIND,NLCINDIA,NMDC,NTPC,NYKAA,OBEROIRLTY,OIL,ONGC,PAGEIND,PAYTM,PEL,PERSISTENT,PFC,PGHH,PHOENIXLTD,PIDILITIND,PIIND,PNB,POLICYBZR,POLYCAB,POWERGRID,POWERINDIA,PRESTIGE,RAMCOCEM,RECLTD,RELIANCE,RVNL,SAIL,SBICARD,SBILIFE,SBIN,SHREECEM,SHRIRAMFIN,SIEMENS,SOLARINDS,SONACOMS,SRF,SUNDARMFIN,SUNPHARMA,TATACHEM,TATACOMM,TATACONSUM,TATAELXSI,TATAMTRDVR,TATAPOWER,TATASTEEL,TCS,TECHM,TITAN,TMPV,TORNTPHARM,TORNTPOWER,TRENT,TVSMOTOR,UBL,ULTRACEMCO,UNIONBANK,UNITDSPR,UPL,VBL,VEDL,VOLTAS,WIPRO,YESBANK,ZYDUSLIFE"
2020-09-30,"360ONE,AARTIIND,ABB,ABCAPITAL,ACC,ADANIENSOL,ADANIENT,ADANIGREEN,ADANIPORTS,ALKEM,AMBUJACEM,APLAPOLLO,APLLTD,APOLLOHOSP,APOLLOTYRE,ASHOKLEY,ASIANPAINT,ASTRAL,ATGL,AUBANK,AUROPHARMA,AXISBANK,BAJAJ-AUTO,BAJAJFINSV,BAJAJHLDNG,BAJFINANCE,BALKRISIND,BANKBARODA,BANKINDIA,BATAINDIA,BDL,BEL,BHARATFORG,BHARTIARTL,BHARTIHEXA,BHEL,BIOCON,BLUESTARCO,BOSCHLTD,BPCL,BRITANNIA,CANBK,CHOLAFIN,CIPLA,CLEAN,COALINDIA,COCHINSHIP,COFORGE,COLPAL,CONCOR,COROMANDEL,CROMPTON,CUMMINSIND,DABUR,DIVISLAB,DIXON,DLF,DMART,DRREDDY,EICHERMOT,EMAMILTD,ENRIN,ETERNAL,EXIDEIND,FACT,FEDERALBNK,FORTIS,GAIL,GLENMARK,GMRAIRPORT,GODFRYPHLP,GODREJCP,GODREJPROP,GRASIM,GSPL,HAL,HAVELLS,HCLTECH,HDFC,HDFCAMC,HDFCBANK,HDFCLIFE,HEROMOTOCO,HINDALCO,HINDPETRO,HINDUNILVR,HINDZINC,HUDCO,ICICIBANK,ICICIGI,IDBI,IDEA,IDFCFIRSTB,IEX,IGL,INDHOTEL,INDIAMART,INDIANB,INDIGO,INDUSINDBK,INDUSTOWER,INFY,IOB,IOC,IRB,IRCTC,IREDA,ISEC,ITC,ITCHOTELS,JINDALSTEL,JSWENERGY,JSWSTEEL,JUBLFOOD,KEI,KOTAKBANK,KPITTECH,LICHSGFIN,LODHA,LT,LTF,LTM,LUPIN,M&M,M&MFIN,MANAPPURAM,MARICO,MARUTI,MAXHEALTH,MAZDOCK,METROPOLIS,MFSL,MINDTREE,MPHASIS,MRF,MRPL,MUTHOOTFIN,NAM-INDIA,NATIONALUM,NAUKRI,NAVINFLUOR,NESTLEIND,NLCINDIA,NMDC,NTPC,NYKAA,OBEROIRLTY,OIL,ONGC,PAGEIND,PAYTM,PEL,PERSISTENT,PFC,PGHH,PHOENIXLTD,PIDILITIND,PIIND,PNB,POLICYBZR,POLYCAB,POWERGRID,POWERINDIA,PRESTIGE,RAMCOCEM,RECLTD,RELIANCE,RVNL,SAIL,SBICARD,SBILIFE,SBIN,SHREECEM,SHRIRAMFIN,SIEMENS,SOLARINDS,SONACOMS,SRF,SUNDARMFIN,SUNPHARMA,TATACHEM,TATACOMM,TATACONSUM,TATAELXSI,TATAMTRDVR,TATAPOWER,TATASTEEL,TCS,TECHM,TITAN,TMPV,TORNTPHARM,TORNTPOWER,TRENT,TVSMOTOR,UBL,ULTRACEMCO,UNIONBANK,UNITDSPR,UPL,VBL,VEDL,VOLTAS,WIPRO,YESBANK,ZYDUSLIFE"
2020-10-31,"360ONE,AARTIIND,ABB,ABCAPITAL,ACC,ADANIENSOL,ADANIENT,ADANIGREEN,ADANIPORTS,ALKEM,AMBUJACEM,APLAPOLLO,APLLTD,APOLLOHOSP,APOLLOTYRE,ASHOKLEY,ASIANPAINT,ASTRAL,ATGL,AUBANK,AUROPHARMA,AXISBANK,BAJAJ-AUTO,BAJAJFINSV,BAJAJHLDNG,BAJFINANCE,BALKRISIND,BANKBARODA,BANKINDIA,BATAINDIA,BDL,BEL,BHARATFORG,BHARTIARTL,BHARTIHEXA,BHEL,BIOCON,BLUESTARCO,BOSCHLTD,BPCL,BRITANNIA,CANBK,CHOLAFIN,CIPLA,CLEAN,COALINDIA,COCHINSHIP,COFORGE,COLPAL,CONCOR,COROMANDEL,CROMPTON,CUMMINSIND,DABUR,DIVISLAB,DIXON,DLF,DMART,DRREDDY,EICHERMOT,EMAMILTD,ENRIN,ETERNAL,EXIDEIND,FACT,FEDERALBNK,FORTIS,GAIL,GLENMARK,GMRAIRPORT,GODFRYPHLP,GODREJCP,GODREJPROP,GRASIM,GSPL,HAL,HAVELLS,HCLTECH,HDFC,HDFCAMC,HDFCBANK,HDFCLIFE,HEROMOTOCO,HINDALCO,HINDPETRO,HINDUNILVR,HINDZINC,HUDCO,ICICIBANK,ICICIGI,IDBI,IDEA,IDFCFIRSTB,IEX,IGL,INDHOTEL,INDIAMART,INDIANB,INDIGO,INDUSINDBK,INDUSTOWER,INFY,IOB,IOC,IRB,IRCTC,IREDA,ISEC,ITC,ITCHOTELS,JINDALSTEL,JSWENERGY,JSWSTEEL,JUBLFOOD,KEI,KOTAKBANK,KPITTECH,LICHSGFIN,LODHA,LT,LTF,LTM,LUPIN,M&M,M&MFIN,MANAPPURAM,MARICO,MARUTI,MAXHEALTH,MAZDOCK,METROPOLIS,MFSL,MINDTREE,MPHASIS,MRF,MRPL,MUTHOOTFIN,NAM-INDIA,NATIONALUM,NAUKRI,NAVINFLUOR,NESTLEIND,NLCINDIA,NMDC,NTPC,NYKAA,OBEROIRLTY,OIL,ONGC,PAGEIND,PAYTM,PEL,PERSISTENT,PFC,PGHH,PHOENIXLTD,PIDILITIND,PIIND,PNB,POLICYBZR,POLYCAB,POWERGRID,POWERINDIA,PRESTIGE,RAMCOCEM,RECLTD,RELIANCE,RVNL,SAIL,SBICARD,SBILIFE,SBIN,SHREECEM,SHRIRAMFIN,SIEMENS,SOLARINDS,SONACOMS,SRF,SUNDARMFIN,SUNPHARMA,TATACHEM,TATACOMM,TATACONSUM,TATAELXSI,TATAMTRDVR,TATAPOWER,TATASTEEL,TCS,TECHM,TITAN,TMPV,TORNTPHARM,TORNTPOWER,TRENT,TVSMOTOR,UBL,ULTRACEMCO,UNIONBANK,UNITDSPR,UPL,VBL,VEDL,VOLTAS,WIPRO,YESBANK,ZYDUSLIFE"
2020-11-30,"360ONE,AARTIIND,ABB,ABCAPITAL,ACC,ADANIENSOL,ADANIENT,ADANIGREEN,ADANIPORTS,ALKEM,AMBUJACEM,APLAPOLLO,APLLTD,APOLLOHOSP,APOLLOTYRE,ASHOKLEY,ASIANPAINT,ASTRAL,ATGL,AUBANK,AUROPHARMA,AXISBANK,BAJAJ-AUTO,BAJAJFINSV,BAJAJHLDNG,BAJFINANCE,BALKRISIND,BANKBARODA,BANKINDIA,BATAINDIA,BDL,BEL,BHARATFORG,BHARTIARTL,BHARTIHEXA,BHEL,BIOCON,BLUESTARCO,BOSCHLTD,BPCL,BRITANNIA,CANBK,CHOLAFIN,CIPLA,CLEAN,COALINDIA,COCHINSHIP,COFORGE,COLPAL,CONCOR,COROMANDEL,CROMPTON,CUMMINSIND,DABUR,DIVISLAB,DIXON,DLF,DMART,DRREDDY,EICHERMOT,EMAMILTD,ENRIN,ETERNAL,EXIDEIND,FACT,FEDERALBNK,FORTIS,GAIL,GLENMARK,GMRAIRPORT,GODFRYPHLP,GODREJCP,GODREJPROP,GRASIM,GSPL,HAL,HAVELLS,HCLTECH,HDFC,HDFCAMC,HDFCBANK,HDFCLIFE,HEROMOTOCO,HINDALCO,HINDPETRO,HINDUNILVR,HINDZINC,HUDCO,ICICIBANK,ICICIGI,IDBI,IDEA,IDFCFIRSTB,IEX,IGL,INDHOTEL,INDIAMART,INDIANB,INDIGO,INDUSINDBK,INDUSTOWER,INFY,IOB,IOC,IRB,IRCTC,IREDA,ISEC,ITC,ITCHOTELS,JINDALSTEL,JSWENERGY,JSWSTEEL,JUBLFOOD,KEI,KOTAKBANK,KPITTECH,LICHSGFIN,LODHA,LT,LTF,LTM,LUPIN,M&M,M&MFIN,MANAPPURAM,MARICO,MARUTI,MAXHEALTH,MAZDOCK,METROPOLIS,MFSL,MINDTREE,MPHASIS,MRF,MRPL,MUTHOOTFIN,NAM-INDIA,NATIONALUM,NAUKRI,NAVINFLUOR,NESTLEIND,NLCINDIA,NMDC,NTPC,NYKAA,OBEROIRLTY,OIL,ONGC,PAGEIND,PAYTM,PEL,PERSISTENT,PFC,PGHH,PHOENIXLTD,PIDILITIND,PIIND,PNB,POLICYBZR,POLYCAB,POWERGRID,POWERINDIA,PRESTIGE,RAMCOCEM,RECLTD,RELIANCE,RVNL,SAIL,SBICARD,SBILIFE,SBIN,SHREECEM,SHRIRAMFIN,SIEMENS,SOLARINDS,SONACOMS,SRF,SUNDARMFIN,SUNPHARMA,TATACHEM,TATACOMM,TATACONSUM,TATAELXSI,TATAMTRDVR,TATAPOWER,TATASTEEL,TCS,TECHM,TITAN,TMPV,TORNTPHARM,TORNTPOWER,TRENT,TVSMOTOR,UBL,ULTRACEMCO,UNIONBANK,UNITDSPR,UPL,VBL,VEDL,VOLTAS,WIPRO,YESBANK,ZYDUSLIFE"
2020-12-31,"360ONE,AARTIIND,ABB,ABCAPITAL,ACC,ADANIENSOL,ADANIENT,ADANIGREEN,ADANIPORTS,ALKEM,AMBUJACEM,APLAPOLLO,APLLTD,APOLLOHOSP,APOLLOTYRE,ASHOKLEY,ASIANPAINT,ASTRAL,ATGL,AUBANK,AUROPHARMA,AXISBANK,BAJAJ-AUTO,BAJAJFINSV,BAJAJHLDNG,BAJFINANCE,BALKRISIND,BANKBARODA,BANKINDIA,BATAINDIA,BDL,BEL,BHARATFORG,BHARTIARTL,BHARTIHEXA,BHEL,BIOCON,BLUESTARCO,BOSCHLTD,BPCL,BRITANNIA,CANBK,CHOLAFIN,CIPLA,CLEAN,COALINDIA,COCHINSHIP,COFORGE,COLPAL,CONCOR,COROMANDEL,CROMPTON,CUMMINSIND,DABUR,DIVISLAB,DIXON,DLF,DMART,DRREDDY,EICHERMOT,EMAMILTD,ENRIN,ETERNAL,EXIDEIND,FACT,FEDERALBNK,FORTIS,GAIL,GLENMARK,GMRAIRPORT,GODFRYPHLP,GODREJCP,GODREJPROP,GRASIM,GSPL,HAL,HAVELLS,HCLTECH,HDFC,HDFCAMC,HDFCBANK,HDFCLIFE,HEROMOTOCO,HINDALCO,HINDPETRO,HINDUNILVR,HINDZINC,HUDCO,ICICIBANK,ICICIGI,IDBI,IDEA,IDFCFIRSTB,IEX,IGL,INDHOTEL,INDIAMART,INDIANB,INDIGO,INDUSINDBK,INDUSTOWER,INFY,IOB,IOC,IRB,IRCTC,IREDA,ISEC,ITC,ITCHOTELS,JINDALSTEL,JSWENERGY,JSWSTEEL,JUBLFOOD,KEI,KOTAKBANK,KPITTECH,LICHSGFIN,LODHA,LT,LTF,LTM,LUPIN,M&M,M&MFIN,MANAPPURAM,MARICO,MARUTI,MAXHEALTH,MAZDOCK,METROPOLIS,MFSL,MINDTREE,MPHASIS,MRF,MRPL,MUTHOOTFIN,NAM-INDIA,NATIONALUM,NAUKRI,NAVINFLUOR,NESTLEIND,NLCINDIA,NMDC,NTPC,NYKAA,OBEROIRLTY,OIL,ONGC,PAGEIND,PAYTM,PEL,PERSISTENT,PFC,PGHH,PHOENIXLTD,PIDILITIND,PIIND,PNB,POLICYBZR,POLYCAB,POWERGRID,POWERINDIA,PRESTIGE,RAMCOCEM,RECLTD,RELIANCE,RVNL,SAIL,SBICARD,SBILIFE,SBIN,SHREECEM,SHRIRAMFIN,SIEMENS,SOLARINDS,SONACOMS,SRF,SUNDARMFIN,SUNPHARMA,TATACHEM,TATACOMM,TATACONSUM,TATAELXSI,TATAMTRDVR,TATAPOWER,TATASTEEL,TCS,TECHM,TITAN,TMPV,TORNTPHARM,TORNTPOWER,TRENT,TVSMOTOR,UBL,ULTRACEMCO,UNIONBANK,UNITDSPR,UPL,VBL,VEDL,VOLTAS,WIPRO,YESBANK,ZYDUSLIFE"
2021-01-31,"360ONE,AARTIIND,ABB,ABCAPITAL,ACC,ADANIENSOL,ADANIENT,ADANIGREEN,ADANIPORTS,ALKEM,AMBUJACEM,APLAPOLLO,APLLTD,APOLLOHOSP,APOLLOTYRE,ASHOKLEY,ASIANPAINT,ASTRAL,ATGL,AUBANK,AUROPHARMA,AXISBANK,BAJAJ-AUTO,BAJAJFINSV,BAJAJHLDNG,BAJFINANCE,BALKRISIND,BANKBARODA,BANKINDIA,BATAINDIA,BDL,BEL,BHARATFORG,BHARTIARTL,BHARTIHEXA,BHEL,BIOCON,BLUESTARCO,BOSCHLTD,BPCL,BRITANNIA,CANBK,CHOLAFIN,CIPLA,CLEAN,COALINDIA,COCHINSHIP,COFORGE,COLPAL,CONCOR,COROMANDEL,CROMPTON,CUMMINSIND,DABUR,DIVISLAB,DIXON,DLF,DMART,DRREDDY,EICHERMOT,EMAMILTD,ENRIN,ETERNAL,EXIDEIND,FACT,FEDERALBNK,FORTIS,GAIL,GLENMARK,GMRAIRPORT,GODFRYPHLP,GODREJCP,GODREJPROP,GRASIM,GSPL,HAL,HAVELLS,HCLTECH,HDFC,HDFCAMC,HDFCBANK,HDFCLIFE,HEROMOTOCO,HINDALCO,HINDPETRO,HINDUNILVR,HINDZINC,HUDCO,ICICIBANK,ICICIGI,IDBI,IDEA,IDFCFIRSTB,IEX,IGL,INDHOTEL,INDIAMART,INDIANB,INDIGO,INDUSINDBK,INDUSTOWER,INFY,IOB,IOC,IRB,IRCTC,IREDA,ISEC,ITC,ITCHOTELS,JINDALSTEL,JSWENERGY,JSWSTEEL,JUBLFOOD,KEI,KOTAKBANK,KPITTECH,LICHSGFIN,LODHA,LT,LTF,LTM,LUPIN,M&M,M&MFIN,MANAPPURAM,MARICO,MARUTI,MAXHEALTH,MAZDOCK,METROPOLIS,MFSL,MINDTREE,MPHASIS,MRF,MRPL,MUTHOOTFIN,NAM-INDIA,NATIONALUM,NAUKRI,NAVINFLUOR,NESTLEIND,NLCINDIA,NMDC,NTPC,NYKAA,OBEROIRLTY,OIL,ONGC,PAGEIND,PAYTM,PEL,PERSISTENT,PFC,PGHH,PHOENIXLTD,PIDILITIND,PIIND,PNB,POLICYBZR,POLYCAB,POWERGRID,POWERINDIA,PRESTIGE,RAMCOCEM,RECLTD,RELIANCE,RVNL,SAIL,SBICARD,SBILIFE,SBIN,SHREECEM,SHRIRAMFIN,SIEMENS,SOLARINDS,SONACOMS,SRF,SUNDARMFIN,SUNPHARMA,TATACHEM,TATACOMM,TATACONSUM,TATAELXSI,TATAMTRDVR,TATAPOWER,TATASTEEL,TCS,TECHM,TITAN,TMPV,TORNTPHARM,TORNTPOWER,TRENT,TVSMOTOR,UBL,ULTRACEMCO,UNIONBANK,UNITDSPR,UPL,VBL,VEDL,VOLTAS,WIPRO,YESBANK,ZYDUSLIFE"
2021-02-28,"360ONE,AARTIIND,ABB,ABCAPITAL,ACC,ADANIENSOL,ADANIENT,ADANIGREEN,ADANIPORTS,ALKEM,AMBUJACEM,APLAPOLLO,APLLTD,APOLLOHOSP,APOLLOTYRE,ASHOKLEY,ASIANPAINT,ASTRAL,ATGL,AUBANK,AUROPHARMA,AXISBANK,BAJAJ-AUTO,BAJAJFINSV,BAJAJHLDNG,BAJFINANCE,BALKRISIND,BANKBARODA,BANKINDIA,BATAINDIA,BDL,BEL,BHARATFORG,BHARTIARTL,BHARTIHEXA,BHEL,BIOCON,BLUESTARCO,BOSCHLTD,BPCL,BRITANNIA,CANBK,CHOLAFIN,CIPLA,CLEAN,COALINDIA,COCHINSHIP,COFORGE,COLPAL,CONCOR,COROMANDEL,CROMPTON,CUMMINSIND,DABUR,DIVISLAB,DIXON,DLF,DMART,DRREDDY,EICHERMOT,EMAMILTD,ENRIN,ETERNAL,EXIDEIND,FACT,FEDERALBNK,FORTIS,GAIL,GLENMARK,GMRAIRPORT,GODFRYPHLP,GODREJCP,GODREJPROP,GRASIM,GSPL,HAL,HAVELLS,HCLTECH,HDFC,HDFCAMC,HDFCBANK,HDFCLIFE,HEROMOTOCO,HINDALCO,HINDPETRO,HINDUNILVR,HINDZINC,HUDCO,ICICIBANK,ICICIGI,IDBI,IDEA,IDFCFIRSTB,IEX,IGL,INDHOTEL,INDIAMART,INDIANB,INDIGO,INDUSINDBK,INDUSTOWER,INFY,IOB,IOC,IRB,IRCTC,IREDA,ISEC,ITC,ITCHOTELS,JINDALSTEL,JSWENERGY,JSWSTEEL,JUBLFOOD,KEI,KOTAKBANK,KPITTECH,LICHSGFIN,LODHA,LT,LTF,LTM,LUPIN,M&M,M&MFIN,MANAPPURAM,MARICO,MARUTI,MAXHEALTH,MAZDOCK,METROPOLIS,MFSL,MINDTREE,MPHASIS,MRF,MRPL,MUTHOOTFIN,NAM-INDIA,NATIONALUM,NAUKRI,NAVINFLUOR,NESTLEIND,NLCINDIA,NMDC,NTPC,NYKAA,OBEROIRLTY,OIL,ONGC,PAGEIND,PAYTM,PEL,PERSISTENT,PFC,PGHH,PHOENIXLTD,PIDILITIND,PIIND,PNB,POLICYBZR,POLYCAB,POWERGRID,POWERINDIA,PRESTIGE,RAMCOCEM,RECLTD,RELIANCE,RVNL,SAIL,SBICARD,SBILIFE,SBIN,SHREECEM,SHRIRAMFIN,SIEMENS,SOLARINDS,SONACOMS,SRF,SUNDARMFIN,SUNPHARMA,TATACHEM,TATACOMM,TATACONSUM,TATAELXSI,TATAMTRDVR,TATAPOWER,TATASTEEL,TCS,TECHM,TITAN,TMPV,TORNTPHARM,TORNTPOWER,TRENT,TVSMOTOR,UBL,ULTRACEMCO,UNIONBANK,UNITDSPR,UPL,VBL,VEDL,VOLTAS,WIPRO,YESBANK,ZYDUSLIFE"
2021-03-31,"360ONE,AARTIIND,ABB,ABCAPITAL,ACC,ADANIENSOL,ADANIENT,ADANIGREEN,ADANIPORTS,ALKEM,AMBUJACEM,APLAPOLLO,APLLTD,APOLLOHOSP,APOLLOTYRE,ASHOKLEY,ASIANPAINT,ASTRAL,ATGL,AUBANK,AUROPHARMA,AXISBANK,BAJAJ-AUTO,BAJAJFINSV,BAJAJHLDNG,BAJFINANCE,BALKRISIND,BANKBARODA,BANKINDIA,BATAINDIA,BDL,BEL,BHARATFORG,BHARTIARTL,BHARTIHEXA,BHEL,BIOCON,BLUESTARCO,BOSCHLTD,BPCL,BRITANNIA,CANBK,CHOLAFIN,CIPLA,CLEAN,COALINDIA,COCHINSHIP,COFORGE,COLPAL,CONCOR,COROMANDEL,CROMPTON,CUMMINSIND,DABUR,DIVISLAB,DIXON,DLF,DMART,DRREDDY,EICHERMOT,EMAMILTD,ENRIN,ETERNAL,EXIDEIND,FACT,FEDERALBNK,FORTIS,GAIL,GLENMARK,GMRAIRPORT,GODFRYPHLP,GODREJCP,GODREJPROP,GRASIM,GSPL,HAL,HAVELLS,HCLTECH,HDFC,HDFCAMC,HDFCBANK,HDFCLIFE,HEROMOTOCO,HINDALCO,HINDPETRO,HINDUNILVR,HINDZINC,HUDCO,ICICIBANK,ICICIGI,IDBI,IDEA,IDFCFIRSTB,IEX,IGL,INDHOTEL,INDIAMART,INDIANB,INDIGO,INDUSINDBK,INDUSTOWER,INFY,IOB,IOC,IRB,IRCTC,IREDA,ISEC,ITC,ITCHOTELS,JINDALSTEL,JSWENERGY,JSWSTEEL,JUBLFOOD,KEI,KOTAKBANK,KPITTECH,LICHSGFIN,LODHA,LT,LTF,LTM,LUPIN,M&M,M&MFIN,MANAPPURAM,MARICO,MARUTI,MAXHEALTH,MAZDOCK,METROPOLIS,MFSL,MINDTREE,MPHASIS,MRF,MRPL,MUTHOOTFIN,NAM-INDIA,NATIONALUM,NAUKRI,NAVINFLUOR,NESTLEIND,NLCINDIA,NMDC,NTPC,NYKAA,OBEROIRLTY,OIL,ONGC,PAGEIND,PAYTM,PEL,PERSISTENT,PFC,PGHH,PHOENIXLTD,PIDILITIND,PIIND,PNB,POLICYBZR,POLYCAB,POWERGRID,POWERINDIA,PRESTIGE,RAMCOCEM,RECLTD,RELIANCE,RVNL,SAIL,SBICARD,SBILIFE,SBIN,SHREECEM,SHRIRAMFIN,SIEMENS,SOLARINDS,SONACOMS,SRF,SUNDARMFIN,SUNPHARMA,TATACHEM,TATACOMM,TATACONSUM,TATAELXSI,TATAMTRDVR,TATAPOWER,TATASTEEL,TCS,TECHM,TITAN,TMPV,TORNTPHARM,TORNTPOWER,TRENT,TVSMOTOR,UBL,ULTRACEMCO,UNIONBANK,UNITDSPR,UPL,VBL,VEDL,VOLTAS,WIPRO,YESBANK,ZYDUSLIFE"
2021-04-30,"360ONE,AARTIIND,ABB,ABCAPITAL,ACC,ADANIENSOL,ADANIENT,ADANIGREEN,ADANIPORTS,ALKEM,AMBUJACEM,APLAPOLLO,APLLTD,APOLLOHOSP,APOLLOTYRE,ASHOKLEY,ASIANPAINT,ASTRAL,ATGL,AUBANK,AUROPHARMA,AXISBANK,BAJAJ-AUTO,BAJAJFINSV,BAJAJHLDNG,BAJFINANCE,BALKRISIND,BANKBARODA,BANKINDIA,BATAINDIA,BDL,BEL,BHARATFORG,BHARTIARTL,BHARTIHEXA,BHEL,BIOCON,BLUESTARCO,BOSCHLTD,BPCL,BRITANNIA,CANBK,CHOLAFIN,CIPLA,CLEAN,COALINDIA,COCHINSHIP,COFORGE,COLPAL,CONCOR,COROMANDEL,CROMPTON,CUMMINSIND,DABUR,DIVISLAB,DIXON,DLF,DMART,DRREDDY,EICHERMOT,EMAMILTD,ENRIN,ETERNAL,EXIDEIND,FACT,FEDERALBNK,FORTIS,GAIL,GLENMARK,GMRAIRPORT,GODFRYPHLP,GODREJCP,GODREJPROP,GRASIM,GSPL,HAL,HAVELLS,HCLTECH,HDFC,HDFCAMC,HDFCBANK,HDFCLIFE,HEROMOTOCO,HINDALCO,HINDPETRO,HINDUNILVR,HINDZINC,HUDCO,ICICIBANK,ICICIGI,IDBI,IDEA,IDFCFIRSTB,IEX,IGL,INDHOTEL,INDIAMART,INDIANB,INDIGO,INDUSINDBK,INDUSTOWER,INFY,IOB,IOC,IRB,IRCTC,IREDA,ISEC,ITC,ITCHOTELS,JINDALSTEL,JSWENERGY,JSWSTEEL,JUBLFOOD,KEI,KOTAKBANK,KPITTECH,LICHSGFIN,LODHA,LT,LTF,LTM,LUPIN,M&M,M&MFIN,MANAPPURAM,MARICO,MARUTI,MAXHEALTH,MAZDOCK,METROPOLIS,MFSL,MINDTREE,MPHASIS,MRF,MRPL,MUTHOOTFIN,NAM-INDIA,NATIONALUM,NAUKRI,NAVINFLUOR,NESTLEIND,NLCINDIA,NMDC,NTPC,NYKAA,OBEROIRLTY,OIL,ONGC,PAGEIND,PAYTM,PEL,PERSISTENT,PFC,PGHH,PHOENIXLTD,PIDILITIND,PIIND,PNB,POLICYBZR,POLYCAB,POWERGRID,POWERINDIA,PRESTIGE,RAMCOCEM,RECLTD,RELIANCE,RVNL,SAIL,SBICARD,SBILIFE,SBIN,SHREECEM,SHRIRAMFIN,SIEMENS,SOLARINDS,SONACOMS,SRF,SUNDARMFIN,SUNPHARMA,TATACHEM,TATACOMM,TATACONSUM,TATAELXSI,TATAMTRDVR,TATAPOWER,TATASTEEL,TCS,TECHM,TITAN,TMPV,TORNTPHARM,TORNTPOWER,TRENT,TVSMOTOR,UBL,ULTRACEMCO,UNIONBANK,UNITDSPR,UPL,VBL,VEDL,VOLTAS,WIPRO,YESBANK,ZYDUSLIFE"
2021-05-31,"360ONE,AARTIIND,ABB,ABCAPITAL,ACC,ADANIENSOL,ADANIENT,ADANIGREEN,ADANIPORTS,ALKEM,AMBUJACEM,APLAPOLLO,APLLTD,APOLLOHOSP,APOLLOTYRE,ASHOKLEY,ASIANPAINT,ASTRAL,ATGL,AUBANK,AUROPHARMA,AXISBANK,BAJAJ-AUTO,BAJAJFINSV,BAJAJHLDNG,BAJFINANCE,BALKRISIND,BANKBARODA,BANKINDIA,BATAINDIA,BDL,BEL,BHARATFORG,BHARTIARTL,BHARTIHEXA,BHEL,BIOCON,BLUESTARCO,BOSCHLTD,BPCL,BRITANNIA,CANBK,CHOLAFIN,CIPLA,CLEAN,COALINDIA,COCHINSHIP,COFORGE,COLPAL,CONCOR,COROMANDEL,CROMPTON,CUMMINSIND,DABUR,DIVISLAB,DIXON,DLF,DMART,DRREDDY,EICHERMOT,EMAMILTD,ENRIN,ETERNAL,EXIDEIND,FACT,FEDERALBNK,FORTIS,GAIL,GLENMARK,GMRAIRPORT,GODFRYPHLP,GODREJCP,GODREJPROP,GRASIM,GSPL,HAL,HAVELLS,HCLTECH,HDFC,HDFCAMC,HDFCBANK,HDFCLIFE,HEROMOTOCO,HINDALCO,HINDPETRO,HINDUNILVR,HINDZINC,HUDCO,ICICIBANK,ICICIGI,IDBI,IDEA,IDFCFIRSTB,IEX,IGL,INDHOTEL,INDIAMART,INDIANB,INDIGO,INDUSINDBK,INDUSTOWER,INFY,IOB,IOC,IRB,IRCTC,IREDA,ISEC,ITC,ITCHOTELS,JINDALSTEL,JSWENERGY,JSWSTEEL,JUBLFOOD,KEI,KOTAKBANK,KPITTECH,LICHSGFIN,LODHA,LT,LTF,LTM,LUPIN,M&M,M&MFIN,MANAPPURAM,MARICO,MARUTI,MAXHEALTH,MAZDOCK,METROPOLIS,MFSL,MINDTREE,MPHASIS,MRF,MRPL,MUTHOOTFIN,NAM-INDIA,NATIONALUM,NAUKRI,NAVINFLUOR,NESTLEIND,NLCINDIA,NMDC,NTPC,NYKAA,OBEROIRLTY,OIL,ONGC,PAGEIND,PAYTM,PEL,PERSISTENT,PFC,PGHH,PHOENIXLTD,PIDILITIND,PIIND,PNB,POLICYBZR,POLYCAB,POWERGRID,POWERINDIA,PRESTIGE,RAMCOCEM,RECLTD,RELIANCE,RVNL,SAIL,SBICARD,SBILIFE,SBIN,SHREECEM,SHRIRAMFIN,SIEMENS,SOLARINDS,SONACOMS,SRF,SUNDARMFIN,SUNPHARMA,TATACHEM,TATACOMM,TATACONSUM,TATAELXSI,TATAMTRDVR,TATAPOWER,TATASTEEL,TCS,TECHM,TITAN,TMPV,TORNTPHARM,TORNTPOWER,TRENT,TVSMOTOR,UBL,ULTRACEMCO,UNIONBANK,UNITDSPR,UPL,VBL,VEDL,VOLTAS,WIPRO,YESBANK,ZYDUSLIFE"
2021-06-30,"360ONE,AARTIIND,ABB,ABCAPITAL,ACC,ADANIENSOL,ADANIENT,ADANIGREEN,ADANIPORTS,ALKEM,AMBUJACEM,APLAPOLLO,APLLTD,APOLLOHOSP,APOLLOTYRE,ASHOKLEY,ASIANPAINT,ASTRAL,ATGL,AUBANK,AUROPHARMA,AXISBANK,BAJAJ-AUTO,BAJAJFINSV,BAJAJHLDNG,BAJFINANCE,BALKRISIND,BANKBARODA,BANKINDIA,BATAINDIA,BDL,BEL,BHARATFORG,BHARTIARTL,BHARTIHEXA,BHEL,BIOCON,BLUESTARCO,BOSCHLTD,BPCL,BRITANNIA,CANBK,CHOLAFIN,CIPLA,CLEAN,COALINDIA,COCHINSHIP,COFORGE,COLPAL,CONCOR,COROMANDEL,CROMPTON,CUMMINSIND,DABUR,DIVISLAB,DIXON,DLF,DMART,DRREDDY,EICHERMOT,EMAMILTD,ENRIN,ETERNAL,EXIDEIND,FACT,FEDERALBNK,FORTIS,GAIL,GLENMARK,GMRAIRPORT,GODFRYPHLP,GODREJCP,GODREJPROP,GRASIM,GSPL,HAL,HAVELLS,HCLTECH,HDFC,HDFCAMC,HDFCBANK,HDFCLIFE,HEROMOTOCO,HINDALCO,HINDPETRO,HINDUNILVR,HINDZINC,HUDCO,ICICIBANK,ICICIGI,IDBI,IDEA,IDFCFIRSTB,IEX,IGL,INDHOTEL,INDIAMART,INDIANB,INDIGO,INDUSINDBK,INDUSTOWER,INFY,IOB,IOC,IRB,IRCTC,IREDA,ISEC,ITC,ITCHOTELS,JINDALSTEL,JSWENERGY,JSWSTEEL,JUBLFOOD,KEI,KOTAKBANK,KPITTECH,LICHSGFIN,LODHA,LT,LTF,LTM,LUPIN,M&M,M&MFIN,MANAPPURAM,MARICO,MARUTI,MAXHEALTH,MAZDOCK,METROPOLIS,MFSL,MINDTREE,MPHASIS,MRF,MRPL,MUTHOOTFIN,NAM-INDIA,NATIONALUM,NAUKRI,NAVINFLUOR,NESTLEIND,NLCINDIA,NMDC,NTPC,NYKAA,OBEROIRLTY,OIL,ONGC,PAGEIND,PAYTM,PEL,PERSISTENT,PFC,PGHH,PHOENIXLTD,PIDILITIND,PIIND,PNB,POLICYBZR,POLYCAB,POWERGRID,POWERINDIA,PRESTIGE,RAMCOCEM,RECLTD,RELIANCE,RVNL,SAIL,SBICARD,SBILIFE,SBIN,SHREECEM,SHRIRAMFIN,SIEMENS,SOLARINDS,SONACOMS,SRF,SUNDARMFIN,SUNPHARMA,TATACHEM,TATACOMM,TATACONSUM,TATAELXSI,TATAMTRDVR,TATAPOWER,TATASTEEL,TCS,TECHM,TITAN,TMPV,TORNTPHARM,TORNTPOWER,TRENT,TVSMOTOR,UBL,ULTRACEMCO,UNIONBANK,UNITDSPR,UPL,VBL,VEDL,VOLTAS,WIPRO,YESBANK,ZYDUSLIFE"
2021-07-31,"360ONE,AARTIIND,ABB,ABCAPITAL,ACC,ADANIENSOL,ADANIENT,ADANIGREEN,ADANIPORTS,ALKEM,AMBUJACEM,APLAPOLLO,APLLTD,APOLLOHOSP,APOLLOTYRE,ASHOKLEY,ASIANPAINT,ASTRAL,ATGL,AUBANK,AUROPHARMA,AXISBANK,BAJAJ-AUTO,BAJAJFINSV,BAJAJHLDNG,BAJFINANCE,BALKRISIND,BANKBARODA,BANKINDIA,BATAINDIA,BDL,BEL,BHARATFORG,BHARTIARTL,BHARTIHEXA,BHEL,BIOCON,BLUESTARCO,BOSCHLTD,BPCL,BRITANNIA,CANBK,CHOLAFIN,CIPLA,CLEAN,COALINDIA,COCHINSHIP,COFORGE,COLPAL,CONCOR,COROMANDEL,CROMPTON,CUMMINSIND,DABUR,DIVISLAB,DIXON,DLF,DMART,DRREDDY,EICHERMOT,EMAMILTD,ENRIN,ETERNAL,EXIDEIND,FACT,FEDERALBNK,FORTIS,GAIL,GLENMARK,GMRAIRPORT,GODFRYPHLP,GODREJCP,GODREJPROP,GRASIM,GSPL,HAL,HAVELLS,HCLTECH,HDFC,HDFCAMC,HDFCBANK,HDFCLIFE,HEROMOTOCO,HINDALCO,HINDPETRO,HINDUNILVR,HINDZINC,HUDCO,ICICIBANK,ICICIGI,IDBI,IDEA,IDFCFIRSTB,IEX,IGL,INDHOTEL,INDIAMART,INDIANB,INDIGO,INDUSINDBK,INDUSTOWER,INFY,IOB,IOC,IRB,IRCTC,IREDA,ISEC,ITC,ITCHOTELS,JINDALSTEL,JSWENERGY,JSWSTEEL,JUBLFOOD,KEI,KOTAKBANK,KPITTECH,LICHSGFIN,LODHA,LT,LTF,LTM,LUPIN,M&M,M&MFIN,MANAPPURAM,MARICO,MARUTI,MAXHEALTH,MAZDOCK,METROPOLIS,MFSL,MINDTREE,MPHASIS,MRF,MRPL,MUTHOOTFIN,NAM-INDIA,NATIONALUM,NAUKRI,NAVINFLUOR,NESTLEIND,NLCINDIA,NMDC,NTPC,NYKAA,OBEROIRLTY,OIL,ONGC,PAGEIND,PAYTM,PEL,PERSISTENT,PFC,PGHH,PHOENIXLTD,PIDILITIND,PIIND,PNB,POLICYBZR,POLYCAB,POWERGRID,POWERINDIA,PRESTIGE,RAMCOCEM,RECLTD,RELIANCE,RVNL,SAIL,SBICARD,SBILIFE,SBIN,SHREECEM,SHRIRAMFIN,SIEMENS,SOLARINDS,SONACOMS,SRF,SUNDARMFIN,SUNPHARMA,TATACHEM,TATACOMM,TATACONSUM,TATAELXSI,TATAMTRDVR,TATAPOWER,TATASTEEL,TCS,TECHM,TITAN,TMPV,TORNTPHARM,TORNTPOWER,TRENT,TVSMOTOR,UBL,ULTRACEMCO,UNIONBANK,UNITDSPR,UPL,VBL,VEDL,VOLTAS,WIPRO,YESBANK,ZYDUSLIFE"
2021-08-31,"360ONE,AARTIIND,ABB,ABCAPITAL,ACC,ADANIENSOL,ADANIENT,ADANIGREEN,ADANIPORTS,ALKEM,AMBUJACEM,APLAPOLLO,APLLTD,APOLLOHOSP,APOLLOTYRE,ASHOKLEY,ASIANPAINT,ASTRAL,ATGL,AUBANK,AUROPHARMA,AXISBANK,BAJAJ-AUTO,BAJAJFINSV,BAJAJHLDNG,BAJFINANCE,BALKRISIND,BANKBARODA,BANKINDIA,BATAINDIA,BDL,BEL,BHARATFORG,BHARTIARTL,BHARTIHEXA,BHEL,BIOCON,BLUESTARCO,BOSCHLTD,BPCL,BRITANNIA,CANBK,CHOLAFIN,CIPLA,CLEAN,COALINDIA,COCHINSHIP,COFORGE,COLPAL,CONCOR,COROMANDEL,CROMPTON,CUMMINSIND,DABUR,DIVISLAB,DIXON,DLF,DMART,DRREDDY,EICHERMOT,EMAMILTD,ENRIN,ETERNAL,EXIDEIND,FACT,FEDERALBNK,FORTIS,GAIL,GLENMARK,GMRAIRPORT,GODFRYPHLP,GODREJCP,GODREJPROP,GRASIM,GSPL,HAL,HAVELLS,HCLTECH,HDFC,HDFCAMC,HDFCBANK,HDFCLIFE,HEROMOTOCO,HINDALCO,HINDPETRO,HINDUNILVR,HINDZINC,HUDCO,ICICIBANK,ICICIGI,IDBI,IDEA,IDFCFIRSTB,IEX,IGL,INDHOTEL,INDIAMART,INDIANB,INDIGO,INDUSINDBK,INDUSTOWER,INFY,IOB,IOC,IRB,IRCTC,IREDA,ISEC,ITC,ITCHOTELS,JINDALSTEL,JSWENERGY,JSWSTEEL,JUBLFOOD,KEI,KOTAKBANK,KPITTECH,LICHSGFIN,LODHA,LT,LTF,LTM,LUPIN,M&M,M&MFIN,MANAPPURAM,MARICO,MARUTI,MAXHEALTH,MAZDOCK,METROPOLIS,MFSL,MINDTREE,MPHASIS,MRF,MRPL,MUTHOOTFIN,NAM-INDIA,NATIONALUM,NAUKRI,NAVINFLUOR,NESTLEIND,NLCINDIA,NMDC,NTPC,NYKAA,OBEROIRLTY,OIL,ONGC,PAGEIND,PAYTM,PEL,PERSISTENT,PFC,PGHH,PHOENIXLTD,PIDILITIND,PIIND,PNB,POLICYBZR,POLYCAB,POWERGRID,POWERINDIA,PRESTIGE,RAMCOCEM,RECLTD,RELIANCE,RVNL,SAIL,SBICARD,SBILIFE,SBIN,SHREECEM,SHRIRAMFIN,SIEMENS,SOLARINDS,SONACOMS,SRF,SUNDARMFIN,SUNPHARMA,TATACHEM,TATACOMM,TATACONSUM,TATAELXSI,TATAMTRDVR,TATAPOWER,TATASTEEL,TCS,TECHM,TITAN,TMPV,TORNTPHARM,TORNTPOWER,TRENT,TVSMOTOR,UBL,ULTRACEMCO,UNIONBANK,UNITDSPR,UPL,VBL,VEDL,VOLTAS,WIPRO,YESBANK,ZYDUSLIFE"
2021-09-30,"360ONE,AARTIIND,ABB,ABCAPITAL,ACC,ADANIENSOL,ADANIENT,ADANIGREEN,ADANIPORTS,ALKEM,AMBUJACEM,APLAPOLLO,APLLTD,APOLLOHOSP,APOLLOTYRE,ASHOKLEY,ASIANPAINT,ASTRAL,ATGL,AUBANK,AUROPHARMA,AXISBANK,BAJAJ-AUTO,BAJAJFINSV,BAJAJHLDNG,BAJFINANCE,BALKRISIND,BANKBARODA,BANKINDIA,BATAINDIA,BDL,BEL,BHARATFORG,BHARTIARTL,BHARTIHEXA,BHEL,BIOCON,BLUESTARCO,BOSCHLTD,BPCL,BRITANNIA,CANBK,CHOLAFIN,CIPLA,CLEAN,COALINDIA,COCHINSHIP,COFORGE,COLPAL,CONCOR,COROMANDEL,CROMPTON,CUMMINSIND,DABUR,DIVISLAB,DIXON,DLF,DMART,DRREDDY,EICHERMOT,EMAMILTD,ENRIN,ETERNAL,EXIDEIND,FACT,FEDERALBNK,FORTIS,GAIL,GLENMARK,GMRAIRPORT,GODFRYPHLP,GODREJCP,GODREJPROP,GRASIM,GSPL,HAL,HAVELLS,HCLTECH,HDFC,HDFCAMC,HDFCBANK,HDFCLIFE,HEROMOTOCO,HINDALCO,HINDPETRO,HINDUNILVR,HINDZINC,HUDCO,ICICIBANK,ICICIGI,IDBI,IDEA,IDFCFIRSTB,IEX,IGL,INDHOTEL,INDIAMART,INDIANB,INDIGO,INDUSINDBK,INDUSTOWER,INFY,IOB,IOC,IRB,IRCTC,IREDA,ISEC,ITC,ITCHOTELS,JINDALSTEL,JSWENERGY,JSWSTEEL,JUBLFOOD,KEI,KOTAKBANK,KPITTECH,LICHSGFIN,LODHA,LT,LTF,LTM,LUPIN,M&M,M&MFIN,MANAPPURAM,MARICO,MARUTI,MAXHEALTH,MAZDOCK,METROPOLIS,MFSL,MINDTREE,MPHASIS,MRF,MRPL,MUTHOOTFIN,NAM-INDIA,NATIONALUM,NAUKRI,NAVINFLUOR,NESTLEIND,NLCINDIA,NMDC,NTPC,NYKAA,OBEROIRLTY,OIL,ONGC,PAGEIND,PAYTM,PEL,PERSISTENT,PFC,PGHH,PHOENIXLTD,PIDILITIND,PIIND,PNB,POLICYBZR,POLYCAB,POWERGRID,POWERINDIA,PRESTIGE,RAMCOCEM,RECLTD,RELIANCE,RVNL,SAIL,SBICARD,SBILIFE,SBIN,SHREECEM,SHRIRAMFIN,SIEMENS,SOLARINDS,SONACOMS,SRF,SUNDARMFIN,SUNPHARMA,TATACHEM,TATACOMM,TATACONSUM,TATAELXSI,TATAMTRDVR,TATAPOWER,TATASTEEL,TCS,TECHM,TITAN,TMPV,TORNTPHARM,TORNTPOWER,TRENT,TVSMOTOR,UBL,ULTRACEMCO,UNIONBANK,UNITDSPR,UPL,VBL,VEDL,VOLTAS,WIPRO,YESBANK,ZYDUSLIFE"
2021-10-31,"360ONE,AARTIIND,ABB,ABCAPITAL,ACC,ADANIENSOL,ADANIENT,ADANIGREEN,ADANIPORTS,ALKEM,AMBUJACEM,APLAPOLLO,APLLTD,APOLLOHOSP,APOLLOTYRE,ASHOKLEY,ASIANPAINT,ASTRAL,ATGL,AUBANK,AUROPHARMA,AXISBANK,BAJAJ-AUTO,BAJAJFINSV,BAJAJHLDNG,BAJFINANCE,BALKRISIND,BANKBARODA,BANKINDIA,BATAINDIA,BDL,BEL,BHARATFORG,BHARTIARTL,BHARTIHEXA,BHEL,BIOCON,BLUESTARCO,BOSCHLTD,BPCL,BRITANNIA,CANBK,CHOLAFIN,CIPLA,CLEAN,COALINDIA,COCHINSHIP,COFORGE,COLPAL,CONCOR,COROMANDEL,CROMPTON,CUMMINSIND,DABUR,DIVISLAB,DIXON,DLF,DMART,DRREDDY,EICHERMOT,EMAMILTD,ENRIN,ETERNAL,EXIDEIND,FACT,FEDERALBNK,FORTIS,GAIL,GLENMARK,GMRAIRPORT,GODFRYPHLP,GODREJCP,GODREJPROP,GRASIM,GSPL,HAL,HAVELLS,HCLTECH,HDFC,HDFCAMC,HDFCBANK,HDFCLIFE,HEROMOTOCO,HINDALCO,HINDPETRO,HINDUNILVR,HINDZINC,HUDCO,ICICIBANK,ICICIGI,IDBI,IDEA,IDFCFIRSTB,IEX,IGL,INDHOTEL,INDIAMART,INDIANB,INDIGO,INDUSINDBK,INDUSTOWER,INFY,IOB,IOC,IRB,IRCTC,IREDA,ISEC,ITC,ITCHOTELS,JINDALSTEL,JSWENERGY,JSWSTEEL,JUBLFOOD,KEI,KOTAKBANK,KPITTECH,LICHSGFIN,LODHA,LT,LTF,LTM,LUPIN,M&M,M&MFIN,MANAPPURAM,MARICO,MARUTI,MAXHEALTH,MAZDOCK,METROPOLIS,MFSL,MINDTREE,MPHASIS,MRF,MRPL,MUTHOOTFIN,NAM-INDIA,NATIONALUM,NAUKRI,NAVINFLUOR,NESTLEIND,NLCINDIA,NMDC,NTPC,NYKAA,OBEROIRLTY,OIL,ONGC,PAGEIND,PAYTM,PEL,PERSISTENT,PFC,PGHH,PHOENIXLTD,PIDILITIND,PIIND,PNB,POLICYBZR,POLYCAB,POWERGRID,POWERINDIA,PRESTIGE,RAMCOCEM,RECLTD,RELIANCE,RVNL,SAIL,SBICARD,SBILIFE,SBIN,SHREECEM,SHRIRAMFIN,SIEMENS,SOLARINDS,SONACOMS,SRF,SUNDARMFIN,SUNPHARMA,TATACHEM,TATACOMM,TATACONSUM,TATAELXSI,TATAMTRDVR,TATAPOWER,TATASTEEL,TCS,TECHM,TITAN,TMPV,TORNTPHARM,TORNTPOWER,TRENT,TVSMOTOR,UBL,ULTRACEMCO,UNIONBANK,UNITDSPR,UPL,VBL,VEDL,VOLTAS,WIPRO,YESBANK,ZYDUSLIFE"
2021-11-30,"360ONE,AARTIIND,ABB,ABCAPITAL,ACC,ADANIENSOL,ADANIENT,ADANIGREEN,ADANIPORTS,ALKEM,AMBUJACEM,APLAPOLLO,APLLTD,APOLLOHOSP,APOLLOTYRE,ASHOKLEY,ASIANPAINT,ASTRAL,ATGL,AUBANK,AUROPHARMA,AXISBANK,BAJAJ-AUTO,BAJAJFINSV,BAJAJHLDNG,BAJFINANCE,BALKRISIND,BANKBARODA,BANKINDIA,BATAINDIA,BDL,BEL,BHARATFORG,BHARTIARTL,BHARTIHEXA,BHEL,BIOCON,BLUESTARCO,BOSCHLTD,BPCL,BRITANNIA,CANBK,CHOLAFIN,CIPLA,CLEAN,COALINDIA,COCHINSHIP,COFORGE,COLPAL,CONCOR,COROMANDEL,CROMPTON,CUMMINSIND,DABUR,DIVISLAB,DIXON,DLF,DMART,DRREDDY,EICHERMOT,EMAMILTD,ENRIN,ETERNAL,EXIDEIND,FACT,FEDERALBNK,FORTIS,GAIL,GLENMARK,GMRAIRPORT,GODFRYPHLP,GODREJCP,GODREJPROP,GRASIM,GSPL,HAL,HAVELLS,HCLTECH,HDFC,HDFCAMC,HDFCBANK,HDFCLIFE,HEROMOTOCO,HINDALCO,HINDPETRO,HINDUNILVR,HINDZINC,HUDCO,ICICIBANK,ICICIGI,IDBI,IDEA,IDFCFIRSTB,IEX,IGL,INDHOTEL,INDIAMART,INDIANB,INDIGO,INDUSINDBK,INDUSTOWER,INFY,IOB,IOC,IRB,IRCTC,IREDA,ISEC,ITC,ITCHOTELS,JINDALSTEL,JSWENERGY,JSWSTEEL,JUBLFOOD,KEI,KOTAKBANK,KPITTECH,LICHSGFIN,LODHA,LT,LTF,LTM,LUPIN,M&M,M&MFIN,MANAPPURAM,MARICO,MARUTI,MAXHEALTH,MAZDOCK,METROPOLIS,MFSL,MINDTREE,MPHASIS,MRF,MRPL,MUTHOOTFIN,NAM-INDIA,NATIONALUM,NAUKRI,NAVINFLUOR,NESTLEIND,NLCINDIA,NMDC,NTPC,NYKAA,OBEROIRLTY,OIL,ONGC,PAGEIND,PAYTM,PEL,PERSISTENT,PFC,PGHH,PHOENIXLTD,PIDILITIND,PIIND,PNB,POLICYBZR,POLYCAB,POWERGRID,POWERINDIA,PRESTIGE,RAMCOCEM,RECLTD,RELIANCE,RVNL,SAIL,SBICARD,SBILIFE,SBIN,SHREECEM,SHRIRAMFIN,SIEMENS,SOLARINDS,SONACOMS,SRF,SUNDARMFIN,SUNPHARMA,TATACHEM,TATACOMM,TATACONSUM,TATAELXSI,TATAMTRDVR,TATAPOWER,TATASTEEL,TCS,TECHM,TITAN,TMPV,TORNTPHARM,TORNTPOWER,TRENT,TVSMOTOR,UBL,ULTRACEMCO,UNIONBANK,UNITDSPR,UPL,VBL,VEDL,VOLTAS,WIPRO,YESBANK,ZYDUSLIFE"
2021-12-31,"360ONE,AARTIIND,ABB,ABCAPITAL,ACC,ADANIENSOL,ADANIENT,ADANIGREEN,ADANIPORTS,ALKEM,AMBUJACEM,APLAPOLLO,APLLTD,APOLLOHOSP,APOLLOTYRE,ASHOKLEY,ASIANPAINT,ASTRAL,ATGL,AUBANK,AUROPHARMA,AXISBANK,BAJAJ-AUTO,BAJAJFINSV,BAJAJHLDNG,BAJFINANCE,BALKRISIND,BANKBARODA,BANKINDIA,BATAINDIA,BDL,BEL,BHARATFORG,BHARTIARTL,BHARTIHEXA,BHEL,BIOCON,BLUESTARCO,BOSCHLTD,BPCL,BRITANNIA,CANBK,CHOLAFIN,CIPLA,CLEAN,COALINDIA,COCHINSHIP,COFORGE,COLPAL,CONCOR,COROMANDEL,CROMPTON,CUMMINSIND,DABUR,DIVISLAB,DIXON,DLF,DMART,DRREDDY,EICHERMOT,EMAMILTD,ENRIN,ETERNAL,EXIDEIND,FACT,FEDERALBNK,FORTIS,GAIL,GLENMARK,GMRAIRPORT,GODFRYPHLP,GODREJCP,GODREJPROP,GRASIM,GSPL,HAL,HAVELLS,HCLTECH,HDFC,HDFCAMC,HDFCBANK,HDFCLIFE,HEROMOTOCO,HINDALCO,HINDPETRO,HINDUNILVR,HINDZINC,HUDCO,ICICIBANK,ICICIGI,IDBI,IDEA,IDFCFIRSTB,IEX,IGL,INDHOTEL,INDIAMART,INDIANB,INDIGO,INDUSINDBK,INDUSTOWER,INFY,IOB,IOC,IRB,IRCTC,IREDA,ISEC,ITC,ITCHOTELS,JINDALSTEL,JSWENERGY,JSWSTEEL,JUBLFOOD,KEI,KOTAKBANK,KPITTECH,LICHSGFIN,LODHA,LT,LTF,LTM,LUPIN,M&M,M&MFIN,MANAPPURAM,MARICO,MARUTI,MAXHEALTH,MAZDOCK,METROPOLIS,MFSL,MINDTREE,MPHASIS,MRF,MRPL,MUTHOOTFIN,NAM-INDIA,NATIONALUM,NAUKRI,NAVINFLUOR,NESTLEIND,NLCINDIA,NMDC,NTPC,NYKAA,OBEROIRLTY,OIL,ONGC,PAGEIND,PAYTM,PEL,PERSISTENT,PFC,PGHH,PHOENIXLTD,PIDILITIND,PIIND,PNB,POLICYBZR,POLYCAB,POWERGRID,POWERINDIA,PRESTIGE,RAMCOCEM,RECLTD,RELIANCE,RVNL,SAIL,SBICARD,SBILIFE,SBIN,SHREECEM,SHRIRAMFIN,SIEMENS,SOLARINDS,SONACOMS,SRF,SUNDARMFIN,SUNPHARMA,TATACHEM,TATACOMM,TATACONSUM,TATAELXSI,TATAMTRDVR,TATAPOWER,TATASTEEL,TCS,TECHM,TITAN,TMPV,TORNTPHARM,TORNTPOWER,TRENT,TVSMOTOR,UBL,ULTRACEMCO,UNIONBANK,UNITDSPR,UPL,VBL,VEDL,VOLTAS,WIPRO,YESBANK,ZYDUSLIFE"
2022-01-31,"360ONE,AARTIIND,ABB,ABCAPITAL,ACC,ADANIENSOL,ADANIENT,ADANIGREEN,ADANIPORTS,ALKEM,AMBUJACEM,APLAPOLLO,APLLTD,APOLLOHOSP,APOLLOTYRE,ASHOKLEY,ASIANPAINT,ASTRAL,ATGL,AUBANK,AUROPHARMA,AXISBANK,BAJAJ-AUTO,BAJAJFINSV,BAJAJHLDNG,BAJFINANCE,BALKRISIND,BANKBARODA,BANKINDIA,BATAINDIA,BDL,BEL,BHARATFORG,BHARTIARTL,BHARTIHEXA,BHEL,BIOCON,BLUESTARCO,BOSCHLTD,BPCL,BRITANNIA,CANBK,CHOLAFIN,CIPLA,CLEAN,COALINDIA,COCHINSHIP,COFORGE,COLPAL,CONCOR,COROMANDEL,CROMPTON,CUMMINSIND,DABUR,DIVISLAB,DIXON,DLF,DMART,DRREDDY,EICHERMOT,EMAMILTD,ENRIN,ETERNAL,EXIDEIND,FACT,FEDERALBNK,FORTIS,GAIL,GLENMARK,GMRAIRPORT,GODFRYPHLP,GODREJCP,GODREJPROP,GRASIM,GSPL,HAL,HAVELLS,HCLTECH,HDFC,HDFCAMC,HDFCBANK,HDFCLIFE,HEROMOTOCO,HINDALCO,HINDPETRO,HINDUNILVR,HINDZINC,HUDCO,ICICIBANK,ICICIGI,IDBI,IDEA,IDFCFIRSTB,IEX,IGL,INDHOTEL,INDIAMART,INDIANB,INDIGO,INDUSINDBK,INDUSTOWER,INFY,IOB,IOC,IRB,IRCTC,IREDA,ISEC,ITC,ITCHOTELS,JINDALSTEL,JSWENERGY,JSWSTEEL,JUBLFOOD,KEI,KOTAKBANK,KPITTECH,LICHSGFIN,LODHA,LT,LTF,LTM,LUPIN,M&M,M&MFIN,MANAPPURAM,MARICO,MARUTI,MAXHEALTH,MAZDOCK,METROPOLIS,MFSL,MINDTREE,MPHASIS,MRF,MRPL,MUTHOOTFIN,NAM-INDIA,NATIONALUM,NAUKRI,NAVINFLUOR,NESTLEIND,NLCINDIA,NMDC,NTPC,NYKAA,OBEROIRLTY,OIL,ONGC,PAGEIND,PAYTM,PEL,PERSISTENT,PFC,PGHH,PHOENIXLTD,PIDILITIND,PIIND,PNB,POLICYBZR,POLYCAB,POWERGRID,POWERINDIA,PRESTIGE,RAMCOCEM,RECLTD,RELIANCE,RVNL,SAIL,SBICARD,SBILIFE,SBIN,SHREECEM,SHRIRAMFIN,SIEMENS,SOLARINDS,SONACOMS,SRF,SUNDARMFIN,SUNPHARMA,TATACHEM,TATACOMM,TATACONSUM,TATAELXSI,TATAMTRDVR,TATAPOWER,TATASTEEL,TCS,TECHM,TITAN,TMPV,TORNTPHARM,TORNTPOWER,TRENT,TVSMOTOR,UBL,ULTRACEMCO,UNIONBANK,UNITDSPR,UPL,VBL,VEDL,VOLTAS,WIPRO,YESBANK,ZYDUSLIFE"
2022-02-28,"360ONE,AARTIIND,ABB,ABCAPITAL,ACC,ADANIENSOL,ADANIENT,ADANIGREEN,ADANIPORTS,ALKEM,AMBUJACEM,APLAPOLLO,APLLTD,APOLLOHOSP,APOLLOTYRE,ASHOKLEY,ASIANPAINT,ASTRAL,ATGL,AUBANK,AUROPHARMA,AXISBANK,BAJAJ-AUTO,BAJAJFINSV,BAJAJHLDNG,BAJFINANCE,BALKRISIND,BANKBARODA,BANKINDIA,BATAINDIA,BDL,BEL,BHARATFORG,BHARTIARTL,BHARTIHEXA,BHEL,BIOCON,BLUESTARCO,BOSCHLTD,BPCL,BRITANNIA,CANBK,CHOLAFIN,CIPLA,CLEAN,COALINDIA,COCHINSHIP,COFORGE,COLPAL,CONCOR,COROMANDEL,CROMPTON,CUMMINSIND,DABUR,DIVISLAB,DIXON,DLF,DMART,DRREDDY,EICHERMOT,EMAMILTD,ENRIN,ETERNAL,EXIDEIND,FACT,FEDERALBNK,FORTIS,GAIL,GLENMARK,GMRAIRPORT,GODFRYPHLP,GODREJCP,GODREJPROP,GRASIM,GSPL,HAL,HAVELLS,HCLTECH,HDFC,HDFCAMC,HDFCBANK,HDFCLIFE,HEROMOTOCO,HINDALCO,HINDPETRO,HINDUNILVR,HINDZINC,HUDCO,ICICIBANK,ICICIGI,IDBI,IDEA,IDFCFIRSTB,IEX,IGL,INDHOTEL,INDIAMART,INDIANB,INDIGO,INDUSINDBK,INDUSTOWER,INFY,IOB,IOC,IRB,IRCTC,IREDA,ISEC,ITC,ITCHOTELS,JINDALSTEL,JSWENERGY,JSWSTEEL,JUBLFOOD,KEI,KOTAKBANK,KPITTECH,LICHSGFIN,LODHA,LT,LTF,LTM,LUPIN,M&M,M&MFIN,MANAPPURAM,MARICO,MARUTI,MAXHEALTH,MAZDOCK,METROPOLIS,MFSL,MINDTREE,MPHASIS,MRF,MRPL,MUTHOOTFIN,NAM-INDIA,NATIONALUM,NAUKRI,NAVINFLUOR,NESTLEIND,NLCINDIA,NMDC,NTPC,NYKAA,OBEROIRLTY,OIL,ONGC,PAGEIND,PAYTM,PEL,PERSISTENT,PFC,PGHH,PHOENIXLTD,PIDILITIND,PIIND,PNB,POLICYBZR,POLYCAB,POWERGRID,POWERINDIA,PRESTIGE,RAMCOCEM,RECLTD,RELIANCE,RVNL,SAIL,SBICARD,SBILIFE,SBIN,SHREECEM,SHRIRAMFIN,SIEMENS,SOLARINDS,SONACOMS,SRF,SUNDARMFIN,SUNPHARMA,TATACHEM,TATACOMM,TATACONSUM,TATAELXSI,TATAMTRDVR,TATAPOWER,TATASTEEL,TCS,TECHM,TITAN,TMPV,TORNTPHARM,TORNTPOWER,TRENT,TVSMOTOR,UBL,ULTRACEMCO,UNIONBANK,UNITDSPR,UPL,VBL,VEDL,VOLTAS,WIPRO,YESBANK,ZYDUSLIFE"
2022-03-31,"360ONE,AARTIIND,ABB,ABCAPITAL,ACC,ADANIENSOL,ADANIENT,ADANIGREEN,ADANIPORTS,ALKEM,AMBUJACEM,APLAPOLLO,APLLTD,APOLLOHOSP,APOLLOTYRE,ASHOKLEY,ASIANPAINT,ASTRAL,ATGL,AUBANK,AUROPHARMA,AXISBANK,BAJAJ-AUTO,BAJAJFINSV,BAJAJHLDNG,BAJFINANCE,BALKRISIND,BANKBARODA,BANKINDIA,BATAINDIA,BDL,BEL,BHARATFORG,BHARTIARTL,BHARTIHEXA,BHEL,BIOCON,BLUESTARCO,BOSCHLTD,BPCL,BRITANNIA,CANBK,CHOLAFIN,CIPLA,CLEAN,COALINDIA,COCHINSHIP,COFORGE,COLPAL,CONCOR,COROMANDEL,CROMPTON,CUMMINSIND,DABUR,DIVISLAB,DIXON,DLF,DMART,DRREDDY,EICHERMOT,EMAMILTD,ENRIN,ETERNAL,EXIDEIND,FACT,FEDERALBNK,FORTIS,GAIL,GLENMARK,GMRAIRPORT,GODFRYPHLP,GODREJCP,GODREJPROP,GRASIM,GSPL,HAL,HAVELLS,HCLTECH,HDFC,HDFCAMC,HDFCBANK,HDFCLIFE,HEROMOTOCO,HINDALCO,HINDPETRO,HINDUNILVR,HINDZINC,HUDCO,ICICIBANK,ICICIGI,IDBI,IDEA,IDFCFIRSTB,IEX,IGL,INDHOTEL,INDIAMART,INDIANB,INDIGO,INDUSINDBK,INDUSTOWER,INFY,IOB,IOC,IRB,IRCTC,IREDA,ISEC,ITC,ITCHOTELS,JINDALSTEL,JSWENERGY,JSWSTEEL,JUBLFOOD,KEI,KOTAKBANK,KPITTECH,LICHSGFIN,LODHA,LT,LTF,LTM,LUPIN,M&M,M&MFIN,MANAPPURAM,MARICO,MARUTI,MAXHEALTH,MAZDOCK,METROPOLIS,MFSL,MINDTREE,MPHASIS,MRF,MRPL,MUTHOOTFIN,NAM-INDIA,NATIONALUM,NAUKRI,NAVINFLUOR,NESTLEIND,NLCINDIA,NMDC,NTPC,NYKAA,OBEROIRLTY,OIL,ONGC,PAGEIND,PAYTM,PEL,PERSISTENT,PFC,PGHH,PHOENIXLTD,PIDILITIND,PIIND,PNB,POLICYBZR,POLYCAB,POWERGRID,POWERINDIA,PRESTIGE,RAMCOCEM,RECLTD,RELIANCE,RVNL,SAIL,SBICARD,SBILIFE,SBIN,SHREECEM,SHRIRAMFIN,SIEMENS,SOLARINDS,SONACOMS,SRF,SUNDARMFIN,SUNPHARMA,TATACHEM,TATACOMM,TATACONSUM,TATAELXSI,TATAMTRDVR,TATAPOWER,TATASTEEL,TCS,TECHM,TITAN,TMPV,TORNTPHARM,TORNTPOWER,TRENT,TVSMOTOR,UBL,ULTRACEMCO,UNIONBANK,UNITDSPR,UPL,VBL,VEDL,VOLTAS,WIPRO,YESBANK,ZYDUSLIFE"
2022-04-30,"360ONE,AARTIIND,ABB,ABCAPITAL,ACC,ADANIENSOL,ADANIENT,ADANIGREEN,ADANIPORTS,ALKEM,AMBUJACEM,APLAPOLLO,APLLTD,APOLLOHOSP,APOLLOTYRE,ASHOKLEY,ASIANPAINT,ASTRAL,ATGL,AUBANK,AUROPHARMA,AXISBANK,BAJAJ-AUTO,BAJAJFINSV,BAJAJHLDNG,BAJFINANCE,BALKRISIND,BANKBARODA,BANKINDIA,BATAINDIA,BDL,BEL,BHARATFORG,BHARTIARTL,BHARTIHEXA,BHEL,BIOCON,BLUESTARCO,BOSCHLTD,BPCL,BRITANNIA,CANBK,CHOLAFIN,CIPLA,CLEAN,COALINDIA,COCHINSHIP,COFORGE,COLPAL,CONCOR,COROMANDEL,CROMPTON,CUMMINSIND,DABUR,DIVISLAB,DIXON,DLF,DMART,DRREDDY,EICHERMOT,EMAMILTD,ENRIN,ETERNAL,EXIDEIND,FACT,FEDERALBNK,FORTIS,GAIL,GLENMARK,GMRAIRPORT,GODFRYPHLP,GODREJCP,GODREJPROP,GRASIM,GSPL,HAL,HAVELLS,HCLTECH,HDFC,HDFCAMC,HDFCBANK,HDFCLIFE,HEROMOTOCO,HINDALCO,HINDPETRO,HINDUNILVR,HINDZINC,HUDCO,ICICIBANK,ICICIGI,IDBI,IDEA,IDFCFIRSTB,IEX,IGL,INDHOTEL,INDIAMART,INDIANB,INDIGO,INDUSINDBK,INDUSTOWER,INFY,IOB,IOC,IRB,IRCTC,IREDA,ISEC,ITC,ITCHOTELS,JINDALSTEL,JSWENERGY,JSWSTEEL,JUBLFOOD,KEI,KOTAKBANK,KPITTECH,LICHSGFIN,LODHA,LT,LTF,LTM,LUPIN,M&M,M&MFIN,MANAPPURAM,MARICO,MARUTI,MAXHEALTH,MAZDOCK,METROPOLIS,MFSL,MINDTREE,MPHASIS,MRF,MRPL,MUTHOOTFIN,NAM-INDIA,NATIONALUM,NAUKRI,NAVINFLUOR,NESTLEIND,NLCINDIA,NMDC,NTPC,NYKAA,OBEROIRLTY,OIL,ONGC,PAGEIND,PAYTM,PEL,PERSISTENT,PFC,PGHH,PHOENIXLTD,PIDILITIND,PIIND,PNB,POLICYBZR,POLYCAB,POWERGRID,POWERINDIA,PRESTIGE,RAMCOCEM,RECLTD,RELIANCE,RVNL,SAIL,SBICARD,SBILIFE,SBIN,SHREECEM,SHRIRAMFIN,SIEMENS,SOLARINDS,SONACOMS,SRF,SUNDARMFIN,SUNPHARMA,TATACHEM,TATACOMM,TATACONSUM,TATAELXSI,TATAMTRDVR,TATAPOWER,TATASTEEL,TCS,TECHM,TITAN,TMPV,TORNTPHARM,TORNTPOWER,TRENT,TVSMOTOR,UBL,ULTRACEMCO,UNIONBANK,UNITDSPR,UPL,VBL,VEDL,VOLTAS,WIPRO,YESBANK,ZYDUSLIFE"
2022-05-31,"360ONE,ABB,ABCAPITAL,ACC,ADANIENSOL,ADANIENT,ADANIGREEN,ADANIPORTS,ALKEM,AMBUJACEM,APLAPOLLO,APLLTD,APOLLOHOSP,APOLLOTYRE,ASHOKLEY,ASIANPAINT,ASTRAL,ATGL,AUBANK,AUROPHARMA,AXISBANK,BAJAJ-AUTO,BAJAJFINSV,BAJAJHLDNG,BAJFINANCE,BALKRISIND,BANKBARODA,BANKINDIA,BATAINDIA,BDL,BEL,BHARATFORG,BHARTIARTL,BHARTIHEXA,BHEL,BIOCON,BLUESTARCO,BOSCHLTD,BPCL,BRITANNIA,CANBK,CHOLAFIN,CIPLA,CLEAN,COALINDIA,COCHINSHIP,COFORGE,COLPAL,CONCOR,COROMANDEL,CROMPTON,CUMMINSIND,DABUR,DIVISLAB,DIXON,DLF,DMART,DRREDDY,EICHERMOT,EMAMILTD,ENRIN,ETERNAL,EXIDEIND,FACT,FEDERALBNK,FORTIS,GAIL,GLENMARK,GMRAIRPORT,GODFRYPHLP,GODREJCP,GODREJPROP,GRASIM,GSPL,HAL,HAVELLS,HCLTECH,HDFC,HDFCAMC,HDFCBANK,HDFCLIFE,HEROMOTOCO,HINDALCO,HINDPETRO,HINDUNILVR,HINDZINC,HUDCO,ICICIBANK,ICICIGI,IDBI,IDEA,IDFCFIRSTB,IEX,IGL,INDHOTEL,INDIAMART,INDIANB,INDIGO,INDUSINDBK,INDUSTOWER,INFY,IOB,IOC,IRB,IRCTC,IREDA,ISEC,ITC,ITCHOTELS,JINDALSTEL,JSWENERGY,JSWSTEEL,JUBLFOOD,KEI,KOTAKBANK,KPITTECH,LICHSGFIN,LODHA,LT,LTF,LTM,LUPIN,M&M,M&MFIN,MANAPPURAM,MARICO,MARUTI,MAXHEALTH,MAZDOCK,METROPOLIS,MFSL,MINDTREE,MPHASIS,MRF,MRPL,MUTHOOTFIN,NAM-INDIA,NATIONALUM,NAUKRI,NAVINFLUOR,NESTLEIND,NLCINDIA,NMDC,NTPC,NYKAA,OBEROIRLTY,OIL,ONGC,PAGEIND,PAYTM,PEL,PERSISTENT,PFC,PGHH,PHOENIXLTD,PIDILITIND,PIIND,PNB,POLICYBZR,POLYCAB,POWERGRID,POWERINDIA,PRESTIGE,RAMCOCEM,RECLTD,RELIANCE,RVNL,SAIL,SBICARD,SBILIFE,SBIN,SHREECEM,SHRIRAMFIN,SIEMENS,SOLARINDS,SONACOMS,SRF,SUNDARMFIN,SUNPHARMA,TATACHEM,TATACOMM,TATACONSUM,TATAELXSI,TATAMTRDVR,TATAPOWER,TATASTEEL,TCS,TECHM,TITAN,TMPV,TORNTPHARM,TORNTPOWER,TRENT,TVSMOTOR,UBL,ULTRACEMCO,UNIONBANK,UNITDSPR,UPL,VBL,VEDL,VOLTAS,WIPRO,YESBANK,ZYDUSLIFE"
2022-06-30,"360ONE,ABB,ABCAPITAL,ACC,ADANIENSOL,ADANIENT,ADANIGREEN,ADANIPORTS,ALKEM,AMBUJACEM,APLAPOLLO,APLLTD,APOLLOHOSP,APOLLOTYRE,ASHOKLEY,ASIANPAINT,ASTRAL,ATGL,AUBANK,AUROPHARMA,AXISBANK,BAJAJ-AUTO,BAJAJFINSV,BAJAJHLDNG,BAJFINANCE,BALKRISIND,BANKBARODA,BANKINDIA,BATAINDIA,BDL,BEL,BHARATFORG,BHARTIARTL,BHARTIHEXA,BHEL,BIOCON,BLUESTARCO,BOSCHLTD,BPCL,BRITANNIA,CANBK,CHOLAFIN,CIPLA,CLEAN,COALINDIA,COCHINSHIP,COFORGE,COLPAL,CONCOR,COROMANDEL,CROMPTON,CUMMINSIND,DABUR,DIVISLAB,DIXON,DLF,DMART,DRREDDY,EICHERMOT,EMAMILTD,ENRIN,ETERNAL,EXIDEIND,FACT,FEDERALBNK,FORTIS,GAIL,GLENMARK,GMRAIRPORT,GODFRYPHLP,GODREJCP,GODREJPROP,GRASIM,GSPL,HAL,HAVELLS,HCLTECH,HDFC,HDFCAMC,HDFCBANK,HDFCLIFE,HEROMOTOCO,HINDALCO,HINDPETRO,HINDUNILVR,HINDZINC,HUDCO,ICICIBANK,ICICIGI,IDBI,IDEA,IDFCFIRSTB,IEX,IGL,INDHOTEL,INDIAMART,INDIANB,INDIGO,INDUSINDBK,INDUSTOWER,INFY,IOB,IOC,IRB,IRCTC,IREDA,ISEC,ITC,ITCHOTELS,JINDALSTEL,JSWENERGY,JSWSTEEL,JUBLFOOD,KEI,KOTAKBANK,KPITTECH,LICHSGFIN,LODHA,LT,LTF,LTM,LUPIN,M&M,M&MFIN,MANAPPURAM,MARICO,MARUTI,MAXHEALTH,MAZDOCK,METROPOLIS,MFSL,MINDTREE,MPHASIS,MRF,MRPL,MUTHOOTFIN,NAM-INDIA,NATIONALUM,NAUKRI,NAVINFLUOR,NESTLEIND,NLCINDIA,NMDC,NTPC,NYKAA,OBEROIRLTY,OIL,ONGC,PAGEIND,PAYTM,PEL,PERSISTENT,PFC,PGHH,PHOENIXLTD,PIDILITIND,PIIND,PNB,POLICYBZR,POLYCAB,POWERGRID,POWERINDIA,PRESTIGE,RAMCOCEM,RECLTD,RELIANCE,RVNL,SAIL,SBICARD,SBILIFE,SBIN,SHREECEM,SHRIRAMFIN,SIEMENS,SOLARINDS,SONACOMS,SRF,SUNDARMFIN,SUNPHARMA,TATACHEM,TATACOMM,TATACONSUM,TATAELXSI,TATAMTRDVR,TATAPOWER,TATASTEEL,TCS,TECHM,TITAN,TMPV,TORNTPHARM,TORNTPOWER,TRENT,TVSMOTOR,UBL,ULTRACEMCO,UNIONBANK,UNITDSPR,UPL,VBL,VEDL,VOLTAS,WIPRO,YESBANK,ZYDUSLIFE"
2022-07-31,"360ONE,ABB,ABCAPITAL,ACC,ADANIENSOL,ADANIENT,ADANIGREEN,ADANIPORTS,ALKEM,AMBUJACEM,APLAPOLLO,APLLTD,APOLLOHOSP,APOLLOTYRE,ASHOKLEY,ASIANPAINT,ASTRAL,ATGL,AUBANK,AUROPHARMA,AXISBANK,BAJAJ-AUTO,BAJAJFINSV,BAJAJHLDNG,BAJFINANCE,BALKRISIND,BANKBARODA,BANKINDIA,BATAINDIA,BDL,BEL,BHARATFORG,BHARTIARTL,BHARTIHEXA,BHEL,BIOCON,BLUESTARCO,BOSCHLTD,BPCL,BRITANNIA,CANBK,CHOLAFIN,CIPLA,CLEAN,COALINDIA,COCHINSHIP,COFORGE,COLPAL,CONCOR,COROMANDEL,CROMPTON,CUMMINSIND,DABUR,DIVISLAB,DIXON,DLF,DMART,DRREDDY,EICHERMOT,EMAMILTD,ENRIN,ETERNAL,EXIDEIND,FACT,FEDERALBNK,FORTIS,GAIL,GLENMARK,GMRAIRPORT,GODFRYPHLP,GODREJCP,GODREJPROP,GRASIM,GSPL,HAL,HAVELLS,HCLTECH,HDFC,HDFCAMC,HDFCBANK,HDFCLIFE,HEROMOTOCO,HINDALCO,HINDPETRO,HINDUNILVR,HINDZINC,HUDCO,ICICIBANK,ICICIGI,IDBI,IDEA,IDFCFIRSTB,IEX,IGL,INDHOTEL,INDIAMART,INDIANB,INDIGO,INDUSINDBK,INDUSTOWER,INFY,IOB,IOC,IRB,IRCTC,IREDA,ISEC,ITC,ITCHOTELS,JINDALSTEL,JSWENERGY,JSWSTEEL,JUBLFOOD,KEI,KOTAKBANK,KPITTECH,LICHSGFIN,LODHA,LT,LTF,LTM,LUPIN,M&M,M&MFIN,MANAPPURAM,MARICO,MARUTI,MAXHEALTH,MAZDOCK,METROPOLIS,MFSL,MINDTREE,MPHASIS,MRF,MRPL,MUTHOOTFIN,NAM-INDIA,NATIONALUM,NAUKRI,NAVINFLUOR,NESTLEIND,NLCINDIA,NMDC,NTPC,NYKAA,OBEROIRLTY,OIL,ONGC,PAGEIND,PAYTM,PEL,PERSISTENT,PFC,PGHH,PHOENIXLTD,PIDILITIND,PIIND,PNB,POLICYBZR,POLYCAB,POWERGRID,POWERINDIA,PRESTIGE,RAMCOCEM,RECLTD,RELIANCE,RVNL,SAIL,SBICARD,SBILIFE,SBIN,SHREECEM,SHRIRAMFIN,SIEMENS,SOLARINDS,SONACOMS,SRF,SUNDARMFIN,SUNPHARMA,TATACHEM,TATACOMM,TATACONSUM,TATAELXSI,TATAMTRDVR,TATAPOWER,TATASTEEL,TCS,TECHM,TITAN,TMPV,TORNTPHARM,TORNTPOWER,TRENT,TVSMOTOR,UBL,ULTRACEMCO,UNIONBANK,UNITDSPR,UPL,VBL,VEDL,VOLTAS,WIPRO,YESBANK,ZYDUSLIFE"
2022-08-31,"360ONE,ABB,ABCAPITAL,ACC,ADANIENSOL,ADANIENT,ADANIGREEN,ADANIPORTS,ALKEM,AMBUJACEM,APLAPOLLO,APLLTD,APOLLOHOSP,APOLLOTYRE,ASHOKLEY,ASIANPAINT,ASTRAL,ATGL,AUBANK,AUROPHARMA,AXISBANK,BAJAJ-AUTO,BAJAJFINSV,BAJAJHLDNG,BAJFINANCE,BALKRISIND,BANKBARODA,BANKINDIA,BATAINDIA,BDL,BEL,BHARATFORG,BHARTIARTL,BHARTIHEXA,BHEL,BIOCON,BLUESTARCO,BOSCHLTD,BPCL,BRITANNIA,CANBK,CHOLAFIN,CIPLA,CLEAN,COALINDIA,COCHINSHIP,COFORGE,COLPAL,CONCOR,COROMANDEL,CROMPTON,CUMMINSIND,DABUR,DELHIVERY,DIVISLAB,DIXON,DLF,DMART,DRREDDY,EICHERMOT,EMAMILTD,ENRIN,ETERNAL,EXIDEIND,FACT,FEDERALBNK,FORTIS,GAIL,GLENMARK,GMRAIRPORT,GODFRYPHLP,GODREJCP,GODREJPROP,GRASIM,GSPL,HAL,HAVELLS,HCLTECH,HDFC,HDFCAMC,HDFCBANK,HDFCLIFE,HEROMOTOCO,HINDALCO,HINDPETRO,HINDUNILVR,HINDZINC,HUDCO,ICICIBANK,ICICIGI,IDBI,IDEA,IDFCFIRSTB,IEX,IGL,INDHOTEL,INDIAMART,INDIANB,INDIGO,INDUSINDBK,INDUSTOWER,INFY,IOB,IOC,IRB,IRCTC,IREDA,ISEC,ITC,ITCHOTELS,JINDALSTEL,JSWENERGY,JSWSTEEL,JUBLFOOD,KEI,KOTAKBANK,KPITTECH,LICHSGFIN,LICI,LODHA,LT,LTF,LTM,LUPIN,M&M,M&MFIN,MANAPPURAM,MARICO,MARUTI,MAXHEALTH,MAZDOCK,METROPOLIS,MFSL,MINDTREE,MPHASIS,MRF,MRPL,MUTHOOTFIN,NAM-INDIA,NATIONALUM,NAUKRI,NAVINFLUOR,NESTLEIND,NLCINDIA,NTPC,NYKAA,OBEROIRLTY,OIL,ONGC,PAGEIND,PAYTM,PERSISTENT,PFC,PGHH,PHOENIXLTD,PIDILITIND,PIIND,PNB,POLICYBZR,POLYCAB,POWERGRID,POWERINDIA,PRESTIGE,RAMCOCEM,RECLTD,RELIANCE,RVNL,SAIL,SBICARD,SBILIFE,SBIN,SHREECEM,SHRIRAMFIN,SIEMENS,SOLARINDS,SONACOMS,SRF,SUNDARMFIN,SUNPHARMA,TATACHEM,TATACOMM,TATACONSUM,TATAELXSI,TATAMTRDVR,TATAPOWER,TATASTEEL,TCS,TECHM,TITAN,TMPV,TORNTPHARM,TORNTPOWER,TRENT,TVSMOTOR,UBL,ULTRACEMCO,UNIONBANK,UNITDSPR,UPL,VBL,VEDL,VOLTAS,WIPRO,YESBANK,ZYDUSLIFE"
2022-09-30,"360ONE,ABB,ABCAPITAL,ACC,ADANIENSOL,ADANIENT,ADANIGREEN,ADANIPORTS,ALKEM,AMBUJACEM,APLAPOLLO,APOLLOHOSP,ASHOKLEY,ASIANPAINT,ASTRAL,ATGL,AUBANK,AUROPHARMA,AWL,AXISBANK,BAJAJ-AUTO,BAJAJFINSV,BAJAJHLDNG,BAJFINANCE,BALKRISIND,BANKBARODA,BANKINDIA,BATAINDIA,BDL,BEL,BHARATFORG,BHARTIARTL,BHARTIHEXA,BHEL,BIOCON,BLUESTARCO,BOSCHLTD,BPCL,BRITANNIA,CANBK,CHOLAFIN,CIPLA,CLEAN,COALINDIA,COCHINSHIP,COFORGE,COLPAL,CONCOR,COROMANDEL,CROMPTON,CUMMINSIND,DABUR,DELHIVERY,DIVISLAB,DIXON,DLF,DMART,DRREDDY,EICHERMOT,EMAMILTD,ENRIN,ETERNAL,EXIDEIND,FACT,FEDERALBNK,FORTIS,GAIL,GMRAIRPORT,GODFRYPHLP,GODREJCP,GODREJPROP,GRASIM,GSPL,HAL,HAVELLS,HCLTECH,HDFC,HDFCAMC,HDFCBANK,HDFCLIFE,HEROMOTOCO,HINDALCO,HINDPETRO,HINDUNILVR,HINDZINC,HUDCO,ICICIBANK,ICICIGI,IDEA,IDFCFIRSTB,IEX,IGL,INDHOTEL,INDIAMART,INDIANB,INDIGO,INDUSINDBK,INDUSTOWER,INFY,IOB,IOC,IRB,IRCTC,IREDA,ISEC,ITC,ITCHOTELS,JINDALSTEL,JSWENERGY,JSWSTEEL,JUBLFOOD,KEI,KOTAKBANK,KPITTECH,LICHSGFIN,LICI,LINDEINDIA,LODHA,LT,LTF,LTM,LUPIN,M&M,M&MFIN,MARICO,MARUTI,MAXHEALTH,MAZDOCK,MFSL,MOTHERSON,MPHASIS,MRF,MRPL,MSUMI,MUTHOOTFIN,NAM-INDIA,NATIONALUM,NAUKRI,NAVINFLUOR,NESTLEIND,NLCINDIA,NTPC,NYKAA,OBEROIRLTY,OIL,ONGC,PAGEIND,PATANJALI,PAYTM,PERSISTENT,PFC,PGHH,PHOENIXLTD,PIDILITIND,PIIND,PNB,POLICYBZR,POLYCAB,POONAWALLA,POWERGRID,POWERINDIA,PRESTIGE,RAMCOCEM,RECLTD,RELIANCE,RVNL,SAIL,SBICARD,SBILIFE,SBIN,SHREECEM,SHRIRAMFIN,SIEMENS,SOLARINDS,SONACOMS,SRF,SUNDARMFIN,SUNPHARMA,TATACHEM,TATACOMM,TATACONSUM,TATAELXSI,TATAMTRDVR,TATAPOWER,TATASTEEL,TCS,TECHM,TIINDIA,TITAN,TMPV,TORNTPHARM,TORNTPOWER,TRENT,TVSMOTOR,UBL,ULTRACEMCO,UNIONBANK,UNITDSPR,UPL,VBL,VEDL,VOLTAS,WIPRO,YESBANK,ZYDUSLIFE"
2022-10-31,"360ONE,ABB,ABCAPITAL,ACC,ADANIENSOL,ADANIENT,ADANIGREEN,ADANIPORTS,ALKEM,AMBUJACEM,APLAPOLLO,APOLLOHOSP,ASHOKLEY,ASIANPAINT,ASTRAL,ATGL,AUBANK,AUROPHARMA,AWL,AXISBANK,BAJAJ-AUTO,BAJAJFINSV,BAJAJHLDNG,BAJFINANCE,BALKRISIND,BANKBARODA,BANKINDIA,BATAINDIA,BDL,BEL,BHARATFORG,BHARTIARTL,BHARTIHEXA,BHEL,BIOCON,BLUESTARCO,BOSCHLTD,BPCL,BRITANNIA,CANBK,CHOLAFIN,CIPLA,CLEAN,COALINDIA,COCHINSHIP,COFORGE,COLPAL,CONCOR,COROMANDEL,CROMPTON,CUMMINSIND,DABUR,DELHIVERY,DIVISLAB,DIXON,DLF,DMART,DRREDDY,EICHERMOT,EMAMILTD,ENRIN,ETERNAL,EXIDEIND,FACT,FEDERALBNK,FORTIS,GAIL,GMRAIRPORT,GODFRYPHLP,GODREJCP,GODREJPROP,GRASIM,GSPL,HAL,HAVELLS,HCLTECH,HDFC,HDFCAMC,HDFCBANK,HDFCLIFE,HEROMOTOCO,HINDALCO,HINDPETRO,HINDUNILVR,HINDZINC,HUDCO,ICICIBANK,ICICIGI,IDEA,IDFCFIRSTB,IEX,IGL,INDHOTEL,INDIAMART,INDIANB,INDIGO,INDUSINDBK,INDUSTOWER,INFY,IOB,IOC,IRB,IRCTC,IREDA,ISEC,ITC,ITCHOTELS,JINDALSTEL,JSWENERGY,JSWSTEEL,JUBLFOOD,KEI,KOTAKBANK,KPITTECH,LICHSGFIN,LICI,LINDEINDIA,LODHA,LT,LTF,LTM,LUPIN,M&M,M&MFIN,MARICO,MARUTI,MAXHEALTH,MAZDOCK,MFSL,MOTHERSON,MPHASIS,MRF,MRPL,MSUMI,MUTHOOTFIN,NAM-INDIA,NATIONALUM,NAUKRI,NAVINFLUOR,NESTLEIND,NLCINDIA,NTPC,NYKAA,OBEROIRLTY,OIL,ONGC,PAGEIND,PATANJALI,PAYTM,PERSISTENT,PFC,PGHH,PHOENIXLTD,PIDILITIND,PIIND,PNB,POLICYBZR,POLYCAB,POONAWALLA,POWERGRID,POWERINDIA,PRESTIGE,RAMCOCEM,RECLTD,RELIANCE,RVNL,SAIL,SBICARD,SBILIFE,SBIN,SHREECEM,SHRIRAMFIN,SIEMENS,SOLARINDS,SONACOMS,SRF,SUNDARMFIN,SUNPHARMA,TATACHEM,TATACOMM,TATACONSUM,TATAELXSI,TATAMTRDVR,TATAPOWER,TATASTEEL,TCS,TECHM,TIINDIA,TITAN,TMPV,TORNTPHARM,TORNTPOWER,TRENT,TVSMOTOR,UBL,ULTRACEMCO,UNIONBANK,UNITDSPR,UPL,VBL,VEDL,VOLTAS,WIPRO,YESBANK,ZYDUSLIFE"
2022-11-30,"360ONE,ABB,ABCAPITAL,ACC,ADANIENSOL,ADANIENT,ADANIGREEN,ADANIPORTS,ALKEM,AMBUJACEM,APLAPOLLO,APOLLOHOSP,ASHOKLEY,ASIANPAINT,ASTRAL,ATGL,AUBANK,AUROPHARMA,AWL,AXISBANK,BAJAJ-AUTO,BAJAJFINSV,BAJAJHLDNG,BAJFINANCE,BALKRISIND,BANKBARODA,BANKINDIA,BATAINDIA,BDL,BEL,BHARATFORG,BHARTIARTL,BHARTIHEXA,BHEL,BIOCON,BLUESTARCO,BOSCHLTD,BPCL,BRITANNIA,CANBK,CHOLAFIN,CIPLA,CLEAN,COALINDIA,COCHINSHIP,COFORGE,COLPAL,CONCOR,COROMANDEL,CROMPTON,CUMMINSIND,DABUR,DELHIVERY,DIVISLAB,DIXON,DLF,DMART,DRREDDY,EICHERMOT,EMAMILTD,ENRIN,ETERNAL,EXIDEIND,FACT,FEDERALBNK,FORTIS,GAIL,GMRAIRPORT,GODFRYPHLP,GODREJCP,GODREJPROP,GRASIM,GSPL,HAL,HAVELLS,HCLTECH,HDFC,HDFCAMC,HDFCBANK,HDFCLIFE,HEROMOTOCO,HINDALCO,HINDPETRO,HINDUNILVR,HINDZINC,HUDCO,ICICIBANK,ICICIGI,IDEA,IDFCFIRSTB,IEX,IGL,INDHOTEL,INDIAMART,INDIANB,INDIGO,INDUSINDBK,INDUSTOWER,INFY,IOB,IOC,IRB,IRCTC,IREDA,ISEC,ITC,ITCHOTELS,JINDALSTEL,JSWENERGY,JSWSTEEL,JUBLFOOD,KEI,KOTAKBANK,KPITTECH,LICHSGFIN,LICI,LINDEINDIA,LODHA,LT,LTF,LTM,LUPIN,M&M,M&MFIN,MARICO,MARUTI,MAXHEALTH,MAZDOCK,MFSL,MOTHERSON,MPHASIS,MRF,MRPL,MSUMI,MUTHOOTFIN,NAM-INDIA,NATIONALUM,NAUKRI,NAVINFLUOR,NESTLEIND,NLCINDIA,NTPC,NYKAA,OBEROIRLTY,OIL,ONGC,PAGEIND,PATANJALI,PAYTM,PERSISTENT,PFC,PGHH,PHOENIXLTD,PIDILITIND,PIIND,PNB,POLICYBZR,POLYCAB,POONAWALLA,POWERGRID,POWERINDIA,PRESTIGE,RAMCOCEM,RECLTD,RELIANCE,RVNL,SAIL,SBICARD,SBILIFE,SBIN,SHREECEM,SHRIRAMFIN,SIEMENS,SOLARINDS,SONACOMS,SRF,SUNDARMFIN,SUNPHARMA,TATACHEM,TATACOMM,TATACONSUM,TATAELXSI,TATAMTRDVR,TATAPOWER,TATASTEEL,TCS,TECHM,TIINDIA,TITAN,TMPV,TORNTPHARM,TORNTPOWER,TRENT,TVSMOTOR,UBL,ULTRACEMCO,UNIONBANK,UNITDSPR,UPL,VBL,VEDL,VOLTAS,WIPRO,YESBANK,ZYDUSLIFE"
2022-12-31,"360ONE,ABB,ABCAPITAL,ACC,ADANIENSOL,ADANIENT,ADANIGREEN,ADANIPORTS,ALKEM,AMBUJACEM,APLAPOLLO,APOLLOHOSP,ASHOKLEY,ASIANPAINT,ASTRAL,ATGL,AUBANK,AUROPHARMA,AWL,AXISBANK,BAJAJ-AUTO,BAJAJFINSV,BAJAJHLDNG,BAJFINANCE,BALKRISIND,BANKBARODA,BANKINDIA,BATAINDIA,BDL,BEL,BHARATFORG,BHARTIARTL,BHARTIHEXA,BHEL,BIOCON,BLUESTARCO,BOSCHLTD,BPCL,BRITANNIA,CANBK,CHOLAFIN,CIPLA,CLEAN,COALINDIA,COCHINSHIP,COFORGE,COLPAL,CONCOR,COROMANDEL,CROMPTON,CUMMINSIND,DABUR,DELHIVERY,DIVISLAB,DIXON,DLF,DMART,DRREDDY,EICHERMOT,EMAMILTD,ENRIN,ETERNAL,EXIDEIND,FACT,FEDERALBNK,FORTIS,GAIL,GMRAIRPORT,GODFRYPHLP,GODREJCP,GODREJPROP,GRASIM,GSPL,HAL,HAVELLS,HCLTECH,HDFC,HDFCAMC,HDFCBANK,HDFCLIFE,HEROMOTOCO,HINDALCO,HINDPETRO,HINDUNILVR,HINDZINC,HUDCO,ICICIBANK,ICICIGI,IDEA,IDFCFIRSTB,IEX,IGL,INDHOTEL,INDIAMART,INDIANB,INDIGO,INDUSINDBK,INDUSTOWER,INFY,IOB,IOC,IRB,IRCTC,IREDA,ISEC,ITC,ITCHOTELS,JINDALSTEL,JSWENERGY,JSWSTEEL,JUBLFOOD,KEI,KOTAKBANK,KPITTECH,LICHSGFIN,LICI,LINDEINDIA,LODHA,LT,LTF,LTM,LUPIN,M&M,M&MFIN,MARICO,MARUTI,MAXHEALTH,MAZDOCK,MFSL,MOTHERSON,MPHASIS,MRF,MRPL,MSUMI,MUTHOOTFIN,NAM-INDIA,NATIONALUM,NAUKRI,NAVINFLUOR,NESTLEIND,NLCINDIA,NTPC,NYKAA,OBEROIRLTY,OIL,ONGC,PAGEIND,PATANJALI,PAYTM,PERSISTENT,PFC,PGHH,PHOENIXLTD,PIDILITIND,PIIND,PNB,POLICYBZR,POLYCAB,POONAWALLA,POWERGRID,POWERINDIA,PRESTIGE,RAMCOCEM,RECLTD,RELIANCE,RVNL,SAIL,SBICARD,SBILIFE,SBIN,SHREECEM,SHRIRAMFIN,SIEMENS,SOLARINDS,SONACOMS,SRF,SUNDARMFIN,SUNPHARMA,TATACHEM,TATACOMM,TATACONSUM,TATAELXSI,TATAMTRDVR,TATAPOWER,TATASTEEL,TCS,TECHM,TIINDIA,TITAN,TMPV,TORNTPHARM,TORNTPOWER,TRENT,TVSMOTOR,UBL,ULTRACEMCO,UNIONBANK,UNITDSPR,UPL,VBL,VEDL,VOLTAS,WIPRO,YESBANK,ZYDUSLIFE"
2023-01-31,"360ONE,ABB,ABCAPITAL,ACC,ADANIENSOL,ADANIENT,ADANIGREEN,ADANIPORTS,ALKEM,AMBUJACEM,APLAPOLLO,APOLLOHOSP,ASHOKLEY,ASIANPAINT,ASTRAL,ATGL,AUBANK,AUROPHARMA,AWL,AXISBANK,BAJAJ-AUTO,BAJAJFINSV,BAJAJHLDNG,BAJFINANCE,BALKRISIND,BANKBARODA,BANKINDIA,BATAINDIA,BDL,BEL,BHARATFORG,BHARTIARTL,BHARTIHEXA,BHEL,BIOCON,BLUESTARCO,BOSCHLTD,BPCL,BRITANNIA,CANBK,CHOLAFIN,CIPLA,CLEAN,COALINDIA,COCHINSHIP,COFORGE,COLPAL,CONCOR,COROMANDEL,CROMPTON,CUMMINSIND,DABUR,DELHIVERY,DIVISLAB,DIXON,DLF,DMART,DRREDDY,EICHERMOT,EMAMILTD,ENRIN,ETERNAL,EXIDEIND,FACT,FEDERALBNK,FORTIS,GAIL,GMRAIRPORT,GODFRYPHLP,GODREJCP,GODREJPROP,GRASIM,GSPL,HAL,HAVELLS,HCLTECH,HDFC,HDFCAMC,HDFCBANK,HDFCLIFE,HEROMOTOCO,HINDALCO,HINDPETRO,HINDUNILVR,HINDZINC,HUDCO,ICICIBANK,ICICIGI,IDEA,IDFCFIRSTB,IEX,IGL,INDHOTEL,INDIAMART,INDIANB,INDIGO,INDUSINDBK,INDUSTOWER,INFY,IOB,IOC,IRB,IRCTC,IREDA,ISEC,ITC,ITCHOTELS,JINDALSTEL,JSWENERGY,JSWSTEEL,JUBLFOOD,KEI,KOTAKBANK,KPITTECH,LICHSGFIN,LICI,LINDEINDIA,LODHA,LT,LTF,LTM,LUPIN,M&M,M&MFIN,MARICO,MARUTI,MAXHEALTH,MAZDOCK,MFSL,MOTHERSON,MPHASIS,MRF,MRPL,MSUMI,MUTHOOTFIN,NAM-INDIA,NATIONALUM,NAUKRI,NAVINFLUOR,NESTLEIND,NLCINDIA,NTPC,NYKAA,OBEROIRLTY,OIL,ONGC,PAGEIND,PATANJALI,PAYTM,PERSISTENT,PFC,PGHH,PHOENIXLTD,PIDILITIND,PIIND,PNB,POLICYBZR,POLYCAB,POONAWALLA,POWERGRID,POWERINDIA,PRESTIGE,RAMCOCEM,RECLTD,RELIANCE,RVNL,SAIL,SBICARD,SBILIFE,SBIN,SHREECEM,SHRIRAMFIN,SIEMENS,SOLARINDS,SONACOMS,SRF,SUNDARMFIN,SUNPHARMA,TATACHEM,TATACOMM,TATACONSUM,TATAELXSI,TATAMTRDVR,TATAPOWER,TATASTEEL,TCS,TECHM,TIINDIA,TITAN,TMPV,TORNTPHARM,TORNTPOWER,TRENT,TVSMOTOR,UBL,ULTRACEMCO,UNIONBANK,UNITDSPR,UPL,VBL,VEDL,VOLTAS,WIPRO,YESBANK,ZYDUSLIFE"
2023-02-28,"360ONE,ABB,ABCAPITAL,ACC,ADANIENSOL,ADANIENT,ADANIGREEN,ADANIPORTS,ALKEM,AMBUJACEM,APLAPOLLO,APOLLOHOSP,ASHOKLEY,ASIANPAINT,ASTRAL,ATGL,AUBANK,AUROPHARMA,AWL,AXISBANK,BAJAJ-AUTO,BAJAJFINSV,BAJAJHLDNG,BAJFINANCE,BALKRISIND,BANKBARODA,BANKINDIA,BATAINDIA,BDL,BEL,BHARATFORG,BHARTIARTL,BHARTIHEXA,BHEL,BIOCON,BLUESTARCO,BOSCHLTD,BPCL,BRITANNIA,CANBK,CHOLAFIN,CIPLA,CLEAN,COALINDIA,COCHINSHIP,COFORGE,COLPAL,CONCOR,COROMANDEL,CROMPTON,CUMMINSIND,DABUR,DELHIVERY,DIVISLAB,DIXON,DLF,DMART,DRREDDY,EICHERMOT,EMAMILTD,ENRIN,ETERNAL,EXIDEIND,FACT,FEDERALBNK,FORTIS,GAIL,GMRAIRPORT,GODFRYPHLP,GODREJCP,GODREJPROP,GRASIM,GSPL,HAL,HAVELLS,HCLTECH,HDFC,HDFCAMC,HDFCBANK,HDFCLIFE,HEROMOTOCO,HINDALCO,HINDPETRO,HINDUNILVR,HINDZINC,HUDCO,ICICIBANK,ICICIGI,IDEA,IDFCFIRSTB,IEX,IGL,INDHOTEL,INDIAMART,INDIANB,INDIGO,INDUSINDBK,INDUSTOWER,INFY,IOB,IOC,IRB,IRCTC,IREDA,ISEC,ITC,ITCHOTELS,JINDALSTEL,JSWENERGY,JSWSTEEL,JUBLFOOD,KEI,KOTAKBANK,KPITTECH,LICHSGFIN,LICI,LINDEINDIA,LODHA,LT,LTF,LTM,LUPIN,M&M,M&MFIN,MARICO,MARUTI,MAXHEALTH,MAZDOCK,MFSL,MOTHERSON,MPHASIS,MRF,MRPL,MSUMI,MUTHOOTFIN,NAM-INDIA,NATIONALUM,NAUKRI,NAVINFLUOR,NESTLEIND,NLCINDIA,NTPC,NYKAA,OBEROIRLTY,OIL,ONGC,PAGEIND,PATANJALI,PAYTM,PERSISTENT,PFC,PGHH,PHOENIXLTD,PIDILITIND,PIIND,PNB,POLICYBZR,POLYCAB,POONAWALLA,POWERGRID,POWERINDIA,PRESTIGE,RAMCOCEM,RECLTD,RELIANCE,RVNL,SAIL,SBICARD,SBILIFE,SBIN,SHREECEM,SHRIRAMFIN,SIEMENS,SOLARINDS,SONACOMS,SRF,SUNDARMFIN,SUNPHARMA,TATACHEM,TATACOMM,TATACONSUM,TATAELXSI,TATAMTRDVR,TATAPOWER,TATASTEEL,TCS,TECHM,TIINDIA,TITAN,TMPV,TORNTPHARM,TORNTPOWER,TRENT,TVSMOTOR,UBL,ULTRACEMCO,UNIONBANK,UNITDSPR,UPL,VBL,VEDL,VOLTAS,WIPRO,YESBANK,ZYDUSLIFE"
2023-03-31,"360ONE,ABB,ABCAPITAL,ACC,ADANIENSOL,ADANIENT,ADANIGREEN,ADANIPORTS,ADANIPOWER,ALKEM,AMBUJACEM,APLAPOLLO,APOLLOHOSP,ASHOKLEY,ASIANPAINT,ASTRAL,ATGL,AUBANK,AUROPHARMA,AWL,AXISBANK,BAJAJ-AUTO,BAJAJFINSV,BAJAJHLDNG,BAJFINANCE,BALKRISIND,BANKBARODA,BANKINDIA,BATAINDIA,BDL,BEL,BHARATFORG,BHARTIARTL,BHARTIHEXA,BHEL,BIOCON,BLUESTARCO,BOSCHLTD,BPCL,BRITANNIA,CANBK,CGPOWER,CHOLAFIN,CIPLA,COALINDIA,COCHINSHIP,COFORGE,COLPAL,CONCOR,COROMANDEL,CROMPTON,CUMMINSIND,DABUR,DELHIVERY,DEVYANI,DIVISLAB,DIXON,DLF,DMART,DRREDDY,EICHERMOT,ENRIN,ETERNAL,EXIDEIND,FACT,FEDERALBNK,FLUOROCHEM,FORTIS,GAIL,GMRAIRPORT,GODFRYPHLP,GODREJCP,GODREJPROP,GRASIM,HAL,HAVELLS,HCLTECH,HDFC,HDFCAMC,HDFCBANK,HDFCLIFE,HEROMOTOCO,HINDALCO,HINDPETRO,HINDUNILVR,HINDZINC,HUDCO,ICICIBANK,ICICIGI,IDEA,IDFCFIRSTB,IGL,INDHOTEL,INDIANB,INDIGO,INDUSINDBK,INDUSTOWER,INFY,IOB,IOC,IRB,IRCTC,IREDA,IRFC,ITC,ITCHOTELS,JINDALSTEL,JSWENERGY,JSWSTEEL,JUBLFOOD,KEI,KOTAKBANK,KPITTECH,LICHSGFIN,LICI,LODHA,LT,LTF,LTM,LUPIN,M&M,M&MFIN,MARICO,MARUTI,MAXHEALTH,MAZDOCK,MFSL,MOTHERSON,MPHASIS,MRF,MRPL,MSUMI,MUTHOOTFIN,NAUKRI,NAVINFLUOR,NESTLEIND,NHPC,NLCINDIA,NMDC,NTPC,NYKAA,OBEROIRLTY,OIL,ONGC,PAGEIND,PATANJALI,PAYTM,PERSISTENT,PFC,PGHH,PHOENIXLTD,PIDILITIND,PIIND,PNB,POLICYBZR,POLYCAB,POONAWALLA,POWERGRID,POWERINDIA,PRESTIGE,RAMCOCEM,RECLTD,RELIANCE,RVNL,SAIL,SBICARD,SBILIFE,SBIN,SHREECEM,SHRIRAMFIN,SIEMENS,SOLARINDS,SONACOMS,SRF,SUNDARMFIN,SUNPHARMA,TATACHEM,TATACOMM,TATACONSUM,TATAELXSI,TATAMTRDVR,TATAPOWER,TATASTEEL,TCS,TECHM,TIINDIA,TITAN,TMPV,TORNTPHARM,TORNTPOWER,TRENT,TVSMOTOR,UBL,ULTRACEMCO,UNIONBANK,UNITDSPR,UPL,VBL,VEDL,VOLTAS,WIPRO,YESBANK,ZYDUSLIFE"
2023-04-30,"360ONE,ABB,ABCAPITAL,ACC,ADANIENSOL,ADANIENT,ADANIGREEN,ADANIPORTS,ADANIPOWER,ALKEM,AMBUJACEM,APLAPOLLO,APOLLOHOSP,ASHOKLEY,ASIANPAINT,ASTRAL,ATGL,AUBANK,AUROPHARMA,AWL,AXISBANK,BAJAJ-AUTO,BAJAJFINSV,BAJAJHLDNG,BAJFINANCE,BALKRISIND,BANKBARODA,BANKINDIA,BATAINDIA,BDL,BEL,BHARATFORG,BHARTIARTL,BHARTIHEXA,BHEL,BIOCON,BLUESTARCO,BOSCHLTD,BPCL,BRITANNIA,CANBK,CGPOWER,CHOLAFIN,CIPLA,COALINDIA,COCHINSHIP,COFORGE,COLPAL,CONCOR,COROMANDEL,CROMPTON,CUMMINSIND,DABUR,DELHIVERY,DEVYANI,DIVISLAB,DIXON,DLF,DMART,DRREDDY,EICHERMOT,ENRIN,ETERNAL,EXIDEIND,FACT,FEDERALBNK,FLUOROCHEM,FORTIS,GAIL,GMRAIRPORT,GODFRYPHLP,GODREJCP,GODREJPROP,GRASIM,HAL,HAVELLS,HCLTECH,HDFC,HDFCAMC,HDFCBANK,HDFCLIFE,HEROMOTOCO,HINDALCO,HINDPETRO,HINDUNILVR,HINDZINC,HUDCO,ICICIBANK,ICICIGI,IDEA,IDFCFIRSTB,IGL,INDHOTEL,INDIANB,INDIGO,INDUSINDBK,INDUSTOWER,INFY,IOB,IOC,IRB,IRCTC,IREDA,IRFC,ITC,ITCHOTELS,JINDALSTEL,JSWENERGY,JSWSTEEL,JUBLFOOD,KEI,KOTAKBANK,KPITTECH,LICHSGFIN,LICI,LODHA,LT,LTF,LTM,LUPIN,M&M,M&MFIN,MARICO,MARUTI,MAXHEALTH,MAZDOCK,MFSL,MOTHERSON,MPHASIS,MRF,MRPL,MSUMI,MUTHOOTFIN,NAUKRI,NAVINFLUOR,NESTLEIND,NHPC,NLCINDIA,NMDC,NTPC,NYKAA,OBEROIRLTY,OIL,ONGC,PAGEIND,PATANJALI,PAYTM,PERSISTENT,PFC,PGHH,PHOENIXLTD,PIDILITIND,PIIND,PNB,POLICYBZR,POLYCAB,POONAWALLA,POWERGRID,POWERINDIA,PRESTIGE,RAMCOCEM,RECLTD,RELIANCE,RVNL,SAIL,SBICARD,SBILIFE,SBIN,SHREECEM,SHRIRAMFIN,SIEMENS,SOLARINDS,SONACOMS,SRF,SUNDARMFIN,SUNPHARMA,TATACHEM,TATACOMM,TATACONSUM,TATAELXSI,TATAMTRDVR,TATAPOWER,TATASTEEL,TCS,TECHM,TIINDIA,TITAN,TMPV,TORNTPHARM,TORNTPOWER,TRENT,TVSMOTOR,UBL,ULTRACEMCO,UNIONBANK,UNITDSPR,UPL,VBL,VEDL,VOLTAS,WIPRO,YESBANK,ZYDUSLIFE"
2023-05-31,"360ONE,ABB,ABCAPITAL,ACC,ADANIENSOL,ADANIENT,ADANIGREEN,ADANIPORTS,ADANIPOWER,ALKEM,AMBUJACEM,APLAPOLLO,APOLLOHOSP,ASHOKLEY,ASIANPAINT,ASTRAL,ATGL,AUBANK,AUROPHARMA,AWL,AXISBANK,BAJAJ-AUTO,BAJAJFINSV,BAJAJHLDNG,BAJFINANCE,BALKRISIND,BANKBARODA,BANKINDIA,BATAINDIA,BDL,BEL,BHARATFORG,BHARTIARTL,BHARTIHEXA,BHEL,BIOCON,BLUESTARCO,BOSCHLTD,BPCL,BRITANNIA,CANBK,CGPOWER,CHOLAFIN,CIPLA,COALINDIA,COCHINSHIP,COFORGE,COLPAL,CONCOR,COROMANDEL,CROMPTON,CUMMINSIND,DABUR,DELHIVERY,DEVYANI,DIVISLAB,DIXON,DLF,DMART,DRREDDY,EICHERMOT,ENRIN,ETERNAL,EXIDEIND,FACT,FEDERALBNK,FLUOROCHEM,FORTIS,GAIL,GMRAIRPORT,GODFRYPHLP,GODREJCP,GODREJPROP,GRASIM,HAL,HAVELLS,HCLTECH,HDFC,HDFCAMC,HDFCBANK,HDFCLIFE,HEROMOTOCO,HINDALCO,HINDPETRO,HINDUNILVR,HINDZINC,HUDCO,ICICIBANK,ICICIGI,IDEA,IDFCFIRSTB,IGL,INDHOTEL,INDIANB,INDIGO,INDUSINDBK,INDUSTOWER,INFY,IOB,IOC,IRB,IRCTC,IREDA,IRFC,ITC,ITCHOTELS,JINDALSTEL,JSWENERGY,JSWSTEEL,JUBLFOOD,KEI,KOTAKBANK,KPITTECH,LICHSGFIN,LICI,LODHA,LT,LTF,LTM,LUPIN,M&M,M&MFIN,MARICO,MARUTI,MAXHEALTH,MAZDOCK,MFSL,MOTHERSON,MPHASIS,MRF,MRPL,MSUMI,MUTHOOTFIN,NAUKRI,NAVINFLUOR,NESTLEIND,NHPC,NLCINDIA,NMDC,NTPC,NYKAA,OBEROIRLTY,OIL,ONGC,PAGEIND,PATANJALI,PAYTM,PERSISTENT,PFC,PGHH,PHOENIXLTD,PIDILITIND,PIIND,PNB,POLICYBZR,POLYCAB,POONAWALLA,POWERGRID,POWERINDIA,PRESTIGE,RAMCOCEM,RECLTD,RELIANCE,RVNL,SAIL,SBICARD,SBILIFE,SBIN,SHREECEM,SHRIRAMFIN,SIEMENS,SOLARINDS,SONACOMS,SRF,SUNDARMFIN,SUNPHARMA,TATACHEM,TATACOMM,TATACONSUM,TATAELXSI,TATAMTRDVR,TATAPOWER,TATASTEEL,TCS,TECHM,TIINDIA,TITAN,TMPV,TORNTPHARM,TORNTPOWER,TRENT,TVSMOTOR,UBL,ULTRACEMCO,UNIONBANK,UNITDSPR,UPL,VBL,VEDL,VOLTAS,WIPRO,YESBANK,ZYDUSLIFE"
2023-06-30,"360ONE,ABB,ABCAPITAL,ACC,ADANIENSOL,ADANIENT,ADANIGREEN,ADANIPORTS,ADANIPOWER,ALKEM,AMBUJACEM,APLAPOLLO,APOLLOHOSP,ASHOKLEY,ASIANPAINT,ASTRAL,ATGL,AUBANK,AUROPHARMA,AWL,AXISBANK,BAJAJ-AUTO,BAJAJFINSV,BAJAJHLDNG,BAJFINANCE,BALKRISIND,BANKBARODA,BANKINDIA,BATAINDIA,BDL,BEL,BHARATFORG,BHARTIARTL,BHARTIHEXA,BHEL,BIOCON,BLUESTARCO,BOSCHLTD,BPCL,BRITANNIA,CANBK,CGPOWER,CHOLAFIN,CIPLA,COALINDIA,COCHINSHIP,COFORGE,COLPAL,CONCOR,COROMANDEL,CROMPTON,CUMMINSIND,DABUR,DELHIVERY,DEVYANI,DIVISLAB,DIXON,DLF,DMART,DRREDDY,EICHERMOT,ENRIN,ETERNAL,EXIDEIND,FACT,FEDERALBNK,FLUOROCHEM,FORTIS,GAIL,GMRAIRPORT,GODFRYPHLP,GODREJCP,GODREJPROP,GRASIM,HAL,HAVELLS,HCLTECH,HDFC,HDFCAMC,HDFCBANK,HDFCLIFE,HEROMOTOCO,HINDALCO,HINDPETRO,HINDUNILVR,HINDZINC,HUDCO,ICICIBANK,ICICIGI,IDEA,IDFCFIRSTB,IGL,INDHOTEL,INDIANB,INDIGO,INDUSINDBK,INDUSTOWER,INFY,IOB,IOC,IRB,IRCTC,IREDA,IRFC,ITC,ITCHOTELS,JINDALSTEL,JSWENERGY,JSWSTEEL,JUBLFOOD,KEI,KOTAKBANK,KPITTECH,LICHSGFIN,LICI,LODHA,LT,LTF,LTM,LUPIN,M&M,M&MFIN,MARICO,MARUTI,MAXHEALTH,MAZDOCK,MFSL,MOTHERSON,MPHASIS,MRF,MRPL,MSUMI,MUTHOOTFIN,NAUKRI,NAVINFLUOR,NESTLEIND,NHPC,NLCINDIA,NMDC,NTPC,NYKAA,OBEROIRLTY,OIL,ONGC,PAGEIND,PATANJALI,PAYTM,PERSISTENT,PFC,PGHH,PHOENIXLTD,PIDILITIND,PIIND,PNB,POLICYBZR,POLYCAB,POONAWALLA,POWERGRID,POWERINDIA,PRESTIGE,RAMCOCEM,RECLTD,RELIANCE,RVNL,SAIL,SBICARD,SBILIFE,SBIN,SHREECEM,SHRIRAMFIN,SIEMENS,SOLARINDS,SONACOMS,SRF,SUNDARMFIN,SUNPHARMA,TATACHEM,TATACOMM,TATACONSUM,TATAELXSI,TATAMTRDVR,TATAPOWER,TATASTEEL,TCS,TECHM,TIINDIA,TITAN,TMPV,TORNTPHARM,TORNTPOWER,TRENT,TVSMOTOR,UBL,ULTRACEMCO,UNIONBANK,UNITDSPR,UPL,VBL,VEDL,VOLTAS,WIPRO,YESBANK,ZYDUSLIFE"
2023-07-31,"360ONE,ABB,ABCAPITAL,ACC,ADANIENSOL,ADANIENT,ADANIGREEN,ADANIPORTS,ADANIPOWER,ALKEM,AMBUJACEM,APLAPOLLO,APOLLOHOSP,ASHOKLEY,ASIANPAINT,ASTRAL,ATGL,AUBANK,AUROPHARMA,AWL,AXISBANK,BAJAJ-AUTO,BAJAJFINSV,BAJAJHLDNG,BAJFINANCE,BALKRISIND,BANKBARODA,BANKINDIA,BATAINDIA,BDL,BEL,BHARATFORG,BHARTIARTL,BHARTIHEXA,BHEL,BIOCON,BLUESTARCO,BOSCHLTD,BPCL,BRITANNIA,CANBK,CGPOWER,CHOLAFIN,CIPLA,COALINDIA,COCHINSHIP,COFORGE,COLPAL,CONCOR,COROMANDEL,CROMPTON,CUMMINSIND,DABUR,DELHIVERY,DEVYANI,DIVISLAB,DIXON,DLF,DMART,DRREDDY,EICHERMOT,ENRIN,ETERNAL,EXIDEIND,FACT,FEDERALBNK,FLUOROCHEM,FORTIS,GAIL,GMRAIRPORT,GODFRYPHLP,GODREJCP,GODREJPROP,GRASIM,HAL,HAVELLS,HCLTECH,HDFCAMC,HDFCBANK,HDFCLIFE,HEROMOTOCO,HINDALCO,HINDPETRO,HINDUNILVR,HINDZINC,HUDCO,ICICIBANK,ICICIGI,IDEA,IDFCFIRSTB,IGL,INDHOTEL,INDIANB,INDIGO,INDUSINDBK,INDUSTOWER,INFY,IOB,IOC,IRB,IRCTC,IREDA,IRFC,ITC,ITCHOTELS,JINDALSTEL,JSWENERGY,JSWSTEEL,JUBLFOOD,KEI,KOTAKBANK,KPITTECH,LICHSGFIN,LICI,LODHA,LT,LTF,LTM,LUPIN,M&M,M&MFIN,MANKIND,MARICO,MARUTI,MAXHEALTH,MAZDOCK,MFSL,MOTHERSON,MPHASIS,MRF,MRPL,MSUMI,MUTHOOTFIN,NAUKRI,NAVINFLUOR,NESTLEIND,NHPC,NLCINDIA,NMDC,NTPC,NYKAA,OBEROIRLTY,OIL,ONGC,PAGEIND,PATANJALI,PAYTM,PERSISTENT,PFC,PGHH,PHOENIXLTD,PIDILITIND,PIIND,PNB,POLICYBZR,POLYCAB,POONAWALLA,POWERGRID,POWERINDIA,PRESTIGE,RAMCOCEM,RECLTD,RELIANCE,RVNL,SAIL,SBICARD,SBILIFE,SBIN,SHREECEM,SHRIRAMFIN,SIEMENS,SOLARINDS,SONACOMS,SRF,SUNDARMFIN,SUNPHARMA,TATACHEM,TATACOMM,TATACONSUM,TATAELXSI,TATAMTRDVR,TATAPOWER,TATASTEEL,TCS,TECHM,TIINDIA,TITAN,TMPV,TORNTPHARM,TORNTPOWER,TRENT,TVSMOTOR,UBL,ULTRACEMCO,UNIONBANK,UNITDSPR,UPL,VBL,VEDL,VOLTAS,WIPRO,YESBANK,ZYDUSLIFE"
2023-08-31,"360ONE,ABB,ABCAPITAL,ACC,ADANIENSOL,ADANIENT,ADANIGREEN,ADANIPORTS,ADANIPOWER,ALKEM,AMBUJACEM,APLAPOLLO,APOLLOHOSP,ASHOKLEY,ASIANPAINT,ASTRAL,ATGL,AUBANK,AUROPHARMA,AWL,AXISBANK,BAJAJ-AUTO,BAJAJFINSV,BAJAJHLDNG,BAJFINANCE,BALKRISIND,BANKBARODA,BANKINDIA,BATAINDIA,BDL,BEL,BHARATFORG,BHARTIARTL,BHARTIHEXA,BHEL,BIOCON,BLUESTARCO,BOSCHLTD,BPCL,BRITANNIA,CANBK,CGPOWER,CHOLAFIN,CIPLA,COALINDIA,COCHINSHIP,COFORGE,COLPAL,CONCOR,COROMANDEL,CROMPTON,CUMMINSIND,DABUR,DELHIVERY,DEVYANI,DIVISLAB,DIXON,DLF,DMART,DRREDDY,EICHERMOT,ENRIN,ETERNAL,EXIDEIND,FACT,FEDERALBNK,FLUOROCHEM,FORTIS,GAIL,GMRAIRPORT,GODFRYPHLP,GODREJCP,GODREJPROP,GRASIM,HAL,HAVELLS,HCLTECH,HDFCAMC,HDFCBANK,HDFCLIFE,HEROMOTOCO,HINDALCO,HINDPETRO,HINDUNILVR,HINDZINC,HUDCO,ICICIBANK,ICICIGI,IDEA,IDFCFIRSTB,IGL,INDHOTEL,INDIANB,INDIGO,INDUSINDBK,INDUSTOWER,INFY,IOB,IOC,IRB,IRCTC,IREDA,IRFC,ITC,ITCHOTELS,JINDALSTEL,JSWENERGY,JSWSTEEL,JUBLFOOD,KEI,KOTAKBANK,KPITTECH,LICHSGFIN,LICI,LODHA,LT,LTF,LTM,LUPIN,M&M,M&MFIN,MANKIND,MARICO,MARUTI,MAXHEALTH,MAZDOCK,MFSL,MOTHERSON,MPHASIS,MRF,MRPL,MSUMI,MUTHOOTFIN,NAUKRI,NAVINFLUOR,NESTLEIND,NHPC,NLCINDIA,NMDC,NTPC,NYKAA,OBEROIRLTY,OIL,ONGC,PAGEIND,PATANJALI,PAYTM,PERSISTENT,PFC,PGHH,PHOENIXLTD,PIDILITIND,PIIND,PNB,POLICYBZR,POLYCAB,POONAWALLA,POWERGRID,POWERINDIA,PRESTIGE,RAMCOCEM,RECLTD,RELIANCE,RVNL,SAIL,SBICARD,SBILIFE,SBIN,SHREECEM,SHRIRAMFIN,SIEMENS,SOLARINDS,SONACOMS,SRF,SUNDARMFIN,SUNPHARMA,TATACHEM,TATACOMM,TATACONSUM,TATAELXSI,TATAMTRDVR,TATAPOWER,TATASTEEL,TCS,TECHM,TIINDIA,TITAN,TMPV,TORNTPHARM,TORNTPOWER,TRENT,TVSMOTOR,UBL,ULTRACEMCO,UNIONBANK,UNITDSPR,UPL,VBL,VEDL,VOLTAS,WIPRO,YESBANK,ZYDUSLIFE"
2023-09-30,"360ONE,ABB,ABCAPITAL,ACC,ADANIENSOL,ADANIENT,ADANIGREEN,ADANIPORTS,ADANIPOWER,ALKEM,AMBUJACEM,APLAPOLLO,APOLLOHOSP,ASHOKLEY,ASIANPAINT,ASTRAL,ATGL,AUBANK,AUROPHARMA,AWL,AXISBANK,BAJAJ-AUTO,BAJAJFINSV,BAJAJHLDNG,BAJFINANCE,BALKRISIND,BANKBARODA,BANKINDIA,BATAINDIA,BDL,BEL,BHARATFORG,BHARTIARTL,BHARTIHEXA,BHEL,BIOCON,BLUESTARCO,BOSCHLTD,BPCL,BRITANNIA,CANBK,CGPOWER,CHOLAFIN,CIPLA,COALINDIA,COCHINSHIP,COFORGE,COLPAL,CONCOR,COROMANDEL,CROMPTON,CUMMINSIND,DABUR,DELHIVERY,DEVYANI,DIVISLAB,DIXON,DLF,DMART,DRREDDY,EICHERMOT,ENRIN,ETERNAL,EXIDEIND,FACT,FEDERALBNK,FLUOROCHEM,FORTIS,GAIL,GMRAIRPORT,GODFRYPHLP,GODREJCP,GODREJPROP,GRASIM,HAL,HAVELLS,HCLTECH,HDFCAMC,HDFCBANK,HDFCLIFE,HEROMOTOCO,HINDALCO,HINDPETRO,HINDUNILVR,HINDZINC,HUDCO,ICICIBANK,ICICIGI,IDEA,IDFCFIRSTB,IGL,INDHOTEL,INDIANB,INDIGO,INDUSINDBK,INDUSTOWER,INFY,IOB,IOC,IRB,IRCTC,IREDA,IRFC,ITC,ITCHOTELS,JINDALSTEL,JSWENERGY,JSWSTEEL,JUBLFOOD,KEI,KOTAKBANK,KPITTECH,LICHSGFIN,LICI,LODHA,LT,LTF,LTM,LUPIN,M&M,M&MFIN,MANKIND,MARICO,MARUTI,MAXHEALTH,MAZDOCK,MFSL,MOTHERSON,MPHASIS,MRF,MRPL,MSUMI,MUTHOOTFIN,NAUKRI,NAVINFLUOR,NESTLEIND,NHPC,NLCINDIA,NMDC,NTPC,NYKAA,OBEROIRLTY,OIL,ONGC,PAGEIND,PATANJALI,PAYTM,PERSISTENT,PFC,PGHH,PHOENIXLTD,PIDILITIND,PIIND,PNB,POLICYBZR,POLYCAB,POONAWALLA,POWERGRID,POWERINDIA,PRESTIGE,RAMCOCEM,RECLTD,RELIANCE,RVNL,SAIL,SBICARD,SBILIFE,SBIN,SHREECEM,SHRIRAMFIN,SIEMENS,SOLARINDS,SONACOMS,SRF,SUNDARMFIN,SUNPHARMA,TATACHEM,TATACOMM,TATACONSUM,TATAELXSI,TATAMTRDVR,TATAPOWER,TATASTEEL,TCS,TECHM,TIINDIA,TITAN,TMPV,TORNTPHARM,TORNTPOWER,TRENT,TVSMOTOR,UBL,ULTRACEMCO,UNIONBANK,UNITDSPR,UPL,VBL,VEDL,VOLTAS,WIPRO,YESBANK,ZYDUSLIFE"
2023-10-31,"360ONE,ABB,ABCAPITAL,ACC,ADANIENSOL,ADANIENT,ADANIGREEN,ADANIPORTS,ADANIPOWER,ALKEM,AMBUJACEM,APLAPOLLO,APOLLOHOSP,ASHOKLEY,ASIANPAINT,ASTRAL,ATGL,AUBANK,AUROPHARMA,AWL,AXISBANK,BAJAJ-AUTO,BAJAJFINSV,BAJAJHLDNG,BAJFINANCE,BALKRISIND,BANKBARODA,BANKINDIA,BATAINDIA,BDL,BEL,BHARATFORG,BHARTIARTL,BHARTIHEXA,BHEL,BIOCON,BLUESTARCO,BOSCHLTD,BPCL,BRITANNIA,CANBK,CGPOWER,CHOLAFIN,CIPLA,COALINDIA,COCHINSHIP,COFORGE,COLPAL,CONCOR,COROMANDEL,CROMPTON,CUMMINSIND,DABUR,DELHIVERY,DEVYANI,DIVISLAB,DIXON,DLF,DMART,DRREDDY,EICHERMOT,ENRIN,ETERNAL,EXIDEIND,FACT,FEDERALBNK,FLUOROCHEM,FORTIS,GAIL,GMRAIRPORT,GODFRYPHLP,GODREJCP,GODREJPROP,GRASIM,HAL,HAVELLS,HCLTECH,HDFCAMC,HDFCBANK,HDFCLIFE,HEROMOTOCO,HINDALCO,HINDPETRO,HINDUNILVR,HINDZINC,HUDCO,ICICIBANK,ICICIGI,IDEA,IDFCFIRSTB,IGL,INDHOTEL,INDIANB,INDIGO,INDUSINDBK,INDUSTOWER,INFY,IOB,IOC,IRB,IRCTC,IREDA,IRFC,ITC,ITCHOTELS,JINDALSTEL,JSWENERGY,JSWSTEEL,JUBLFOOD,KEI,KOTAKBANK,KPITTECH,LICHSGFIN,LICI,LODHA,LT,LTF,LTM,LUPIN,M&M,M&MFIN,MANKIND,MARICO,MARUTI,MAXHEALTH,MAZDOCK,MFSL,MOTHERSON,MPHASIS,MRF,MRPL,MSUMI,MUTHOOTFIN,NAUKRI,NAVINFLUOR,NESTLEIND,NHPC,NLCINDIA,NMDC,NTPC,NYKAA,OBEROIRLTY,OIL,ONGC,PAGEIND,PATANJALI,PAYTM,PERSISTENT,PFC,PGHH,PHOENIXLTD,PIDILITIND,PIIND,PNB,POLICYBZR,POLYCAB,POONAWALLA,POWERGRID,POWERINDIA,PRESTIGE,RAMCOCEM,RECLTD,RELIANCE,RVNL,SAIL,SBICARD,SBILIFE,SBIN,SHREECEM,SHRIRAMFIN,SIEMENS,SOLARINDS,SONACOMS,SRF,SUNDARMFIN,SUNPHARMA,TATACHEM,TATACOMM,TATACONSUM,TATAELXSI,TATAMTRDVR,TATAPOWER,TATASTEEL,TCS,TECHM,TIINDIA,TITAN,TMPV,TORNTPHARM,TORNTPOWER,TRENT,TVSMOTOR,UBL,ULTRACEMCO,UNIONBANK,UNITDSPR,UPL,VBL,VEDL,VOLTAS,WIPRO,YESBANK,ZYDUSLIFE"
2023-11-30,"360ONE,ABB,ABCAPITAL,ACC,ADANIENSOL,ADANIENT,ADANIGREEN,ADANIPORTS,ADANIPOWER,ALKEM,AMBUJACEM,APLAPOLLO,APOLLOHOSP,ASHOKLEY,ASIANPAINT,ASTRAL,ATGL,AUBANK,AUROPHARMA,AWL,AXISBANK,BAJAJ-AUTO,BAJAJFINSV,BAJAJHLDNG,BAJFINANCE,BALKRISIND,BANKBARODA,BANKINDIA,BATAINDIA,BDL,BEL,BHARATFORG,BHARTIARTL,BHARTIHEXA,BHEL,BIOCON,BLUESTARCO,BOSCHLTD,BPCL,BRITANNIA,CANBK,CGPOWER,CHOLAFIN,CIPLA,COALINDIA,COCHINSHIP,COFORGE,COLPAL,CONCOR,COROMANDEL,CROMPTON,CUMMINSIND,DABUR,DELHIVERY,DEVYANI,DIVISLAB,DIXON,DLF,DMART,DRREDDY,EICHERMOT,ENRIN,ETERNAL,EXIDEIND,FACT,FEDERALBNK,FLUOROCHEM,FORTIS,GAIL,GMRAIRPORT,GODFRYPHLP,GODREJCP,GODREJPROP,GRASIM,HAL,HAVELLS,HCLTECH,HDFCAMC,HDFCBANK,HDFCLIFE,HEROMOTOCO,HINDALCO,HINDPETRO,HINDUNILVR,HINDZINC,HUDCO,ICICIBANK,ICICIGI,IDEA,IDFCFIRSTB,IGL,INDHOTEL,INDIANB,INDIGO,INDUSINDBK,INDUSTOWER,INFY,IOB,IOC,IRB,IRCTC,IREDA,IRFC,ITC,ITCHOTELS,JINDALSTEL,JSWENERGY,JSWSTEEL,JUBLFOOD,KEI,KOTAKBANK,KPITTECH,LICHSGFIN,LICI,LODHA,LT,LTF,LTM,LUPIN,M&M,M&MFIN,MANKIND,MARICO,MARUTI,MAXHEALTH,MAZDOCK,MFSL,MOTHERSON,MPHASIS,MRF,MRPL,MSUMI,MUTHOOTFIN,NAUKRI,NAVINFLUOR,NESTLEIND,NHPC,NLCINDIA,NMDC,NTPC,NYKAA,OBEROIRLTY,OIL,ONGC,PAGEIND,PATANJALI,PAYTM,PERSISTENT,PFC,PGHH,PHOENIXLTD,PIDILITIND,PIIND,PNB,POLICYBZR,POLYCAB,POONAWALLA,POWERGRID,POWERINDIA,PRESTIGE,RAMCOCEM,RECLTD,RELIANCE,RVNL,SAIL,SBICARD,SBILIFE,SBIN,SHREECEM,SHRIRAMFIN,SIEMENS,SOLARINDS,SONACOMS,SRF,SUNDARMFIN,SUNPHARMA,TATACHEM,TATACOMM,TATACONSUM,TATAELXSI,TATAMTRDVR,TATAPOWER,TATASTEEL,TCS,TECHM,TIINDIA,TITAN,TMPV,TORNTPHARM,TORNTPOWER,TRENT,TVSMOTOR,UBL,ULTRACEMCO,UNIONBANK,UNITDSPR,UPL,VBL,VEDL,VOLTAS,WIPRO,YESBANK,ZYDUSLIFE"
2023-12-31,"360ONE,ABB,ABCAPITAL,ACC,ADANIENSOL,ADANIENT,ADANIGREEN,ADANIPORTS,ADANIPOWER,ALKEM,AMBUJACEM,APLAPOLLO,APOLLOHOSP,ASHOKLEY,ASIANPAINT,ASTRAL,ATGL,AUBANK,AUROPHARMA,AWL,AXISBANK,BAJAJ-AUTO,BAJAJFINSV,BAJAJHLDNG,BAJFINANCE,BALKRISIND,BANKBARODA,BANKINDIA,BATAINDIA,BDL,BEL,BHARATFORG,BHARTIARTL,BHARTIHEXA,BHEL,BIOCON,BLUESTARCO,BOSCHLTD,BPCL,BRITANNIA,CANBK,CGPOWER,CHOLAFIN,CIPLA,COALINDIA,COCHINSHIP,COFORGE,COLPAL,CONCOR,COROMANDEL,CROMPTON,CUMMINSIND,DABUR,DELHIVERY,DEVYANI,DIVISLAB,DIXON,DLF,DMART,DRREDDY,EICHERMOT,ENRIN,ETERNAL,EXIDEIND,FACT,FEDERALBNK,FLUOROCHEM,FORTIS,GAIL,GMRAIRPORT,GODFRYPHLP,GODREJCP,GODREJPROP,GRASIM,HAL,HAVELLS,HCLTECH,HDFCAMC,HDFCBANK,HDFCLIFE,HEROMOTOCO,HINDALCO,HINDPETRO,HINDUNILVR,HINDZINC,HUDCO,ICICIBANK,ICICIGI,IDEA,IDFCFIRSTB,IGL,INDHOTEL,INDIANB,INDIGO,INDUSINDBK,INDUSTOWER,INFY,IOB,IOC,IRB,IRCTC,IREDA,IRFC,ITC,ITCHOTELS,JINDALSTEL,JSWENERGY,JSWSTEEL,JUBLFOOD,KEI,KOTAKBANK,KPITTECH,LICHSGFIN,LICI,LODHA,LT,LTF,LTM,LUPIN,M&M,M&MFIN,MANKIND,MARICO,MARUTI,MAXHEALTH,MAZDOCK,MFSL,MOTHERSON,MPHASIS,MRF,MRPL,MSUMI,MUTHOOTFIN,NAUKRI,NAVINFLUOR,NESTLEIND,NHPC,NLCINDIA,NMDC,NTPC,NYKAA,OBEROIRLTY,OIL,ONGC,PAGEIND,PATANJALI,PAYTM,PERSISTENT,PFC,PGHH,PHOENIXLTD,PIDILITIND,PIIND,PNB,POLICYBZR,POLYCAB,POONAWALLA,POWERGRID,POWERINDIA,PRESTIGE,RAMCOCEM,RECLTD,RELIANCE,RVNL,SAIL,SBICARD,SBILIFE,SBIN,SHREECEM,SHRIRAMFIN,SIEMENS,SOLARINDS,SONACOMS,SRF,SUNDARMFIN,SUNPHARMA,TATACHEM,TATACOMM,TATACONSUM,TATAELXSI,TATAMTRDVR,TATAPOWER,TATASTEEL,TCS,TECHM,TIINDIA,TITAN,TMPV,TORNTPHARM,TORNTPOWER,TRENT,TVSMOTOR,UBL,ULTRACEMCO,UNIONBANK,UNITDSPR,UPL,VBL,VEDL,VOLTAS,WIPRO,YESBANK,ZYDUSLIFE"
2024-01-31,"360ONE,ABB,ABCAPITAL,ACC,ADANIENSOL,ADANIENT,ADANIGREEN,ADANIPORTS,ADANIPOWER,ALKEM,AMBUJACEM,APLAPOLLO,APOLLOHOSP,ASHOKLEY,ASIANPAINT,ASTRAL,ATGL,AUBANK,AUROPHARMA,AWL,AXISBANK,BAJAJ-AUTO,BAJAJFINSV,BAJAJHLDNG,BAJFINANCE,BALKRISIND,BANKBARODA,BANKINDIA,BATAINDIA,BDL,BEL,BHARATFORG,BHARTIARTL,BHARTIHEXA,BHEL,BIOCON,BLUESTARCO,BOSCHLTD,BPCL,BRITANNIA,CANBK,CGPOWER,CHOLAFIN,CIPLA,COALINDIA,COCHINSHIP,COFORGE,COLPAL,CONCOR,COROMANDEL,CROMPTON,CUMMINSIND,DABUR,DELHIVERY,DEVYANI,DIVISLAB,DIXON,DLF,DMART,DRREDDY,EICHERMOT,ENRIN,ETERNAL,EXIDEIND,FACT,FEDERALBNK,FLUOROCHEM,FORTIS,GAIL,GMRAIRPORT,GODFRYPHLP,GODREJCP,GODREJPROP,GRASIM,HAL,HAVELLS,HCLTECH,HDFCAMC,HDFCBANK,HDFCLIFE,HEROMOTOCO,HINDALCO,HINDPETRO,HINDUNILVR,HINDZINC,HUDCO,ICICIBANK,ICICIGI,IDEA,IDFCFIRSTB,IGL,INDHOTEL,INDIANB,INDIGO,INDUSINDBK,INDUSTOWER,INFY,IOB,IOC,IRB,IRCTC,IREDA,IRFC,ITC,ITCHOTELS,JINDALSTEL,JSWENERGY,JSWSTEEL,JUBLFOOD,KEI,KOTAKBANK,KPITTECH,LICHSGFIN,LICI,LODHA,LT,LTF,LTM,LUPIN,M&M,M&MFIN,MANKIND,MARICO,MARUTI,MAXHEALTH,MAZDOCK,MFSL,MOTHERSON,MPHASIS,MRF,MRPL,MSUMI,MUTHOOTFIN,NAUKRI,NAVINFLUOR,NESTLEIND,NHPC,NLCINDIA,NMDC,NTPC,NYKAA,OBEROIRLTY,OIL,ONGC,PAGEIND,PATANJALI,PAYTM,PERSISTENT,PFC,PGHH,PHOENIXLTD,PIDILITIND,PIIND,PNB,POLICYBZR,POLYCAB,POONAWALLA,POWERGRID,POWERINDIA,PRESTIGE,RAMCOCEM,RECLTD,RELIANCE,RVNL,SAIL,SBICARD,SBILIFE,SBIN,SHREECEM,SHRIRAMFIN,SIEMENS,SOLARINDS,SONACOMS,SRF,SUNDARMFIN,SUNPHARMA,TATACHEM,TATACOMM,TATACONSUM,TATAELXSI,TATAMTRDVR,TATAPOWER,TATASTEEL,TCS,TECHM,TIINDIA,TITAN,TMPV,TORNTPHARM,TORNTPOWER,TRENT,TVSMOTOR,UBL,ULTRACEMCO,UNIONBANK,UNITDSPR,UPL,VBL,VEDL,VOLTAS,WIPRO,YESBANK,ZYDUSLIFE"
2024-02-29,"360ONE,ABB,ABCAPITAL,ACC,ADANIENSOL,ADANIENT,ADANIGREEN,ADANIPORTS,ADANIPOWER,ALKEM,AMBUJACEM,APLAPOLLO,APOLLOHOSP,ASHOKLEY,ASIANPAINT,ASTRAL,ATGL,AUBANK,AUROPHARMA,AWL,AXISBANK,BAJAJ-AUTO,BAJAJFINSV,BAJAJHLDNG,BAJFINANCE,BALKRISIND,BANKBARODA,BANKINDIA,BATAINDIA,BDL,BEL,BHARATFORG,BHARTIARTL,BHARTIHEXA,BHEL,BIOCON,BLUESTARCO,BOSCHLTD,BPCL,BRITANNIA,CANBK,CGPOWER,CHOLAFIN,CIPLA,COALINDIA,COCHINSHIP,COFORGE,COLPAL,CONCOR,COROMANDEL,CROMPTON,CUMMINSIND,DABUR,DELHIVERY,DEVYANI,DIVISLAB,DIXON,DLF,DMART,DRREDDY,EICHERMOT,ENRIN,ETERNAL,EXIDEIND,FACT,FEDERALBNK,FLUOROCHEM,FORTIS,GAIL,GMRAIRPORT,GODFRYPHLP,GODREJCP,GODREJPROP,GRASIM,HAL,HAVELLS,HCLTECH,HDFCAMC,HDFCBANK,HDFCLIFE,HEROMOTOCO,HINDALCO,HINDPETRO,HINDUNILVR,HINDZINC,HUDCO,ICICIBANK,ICICIGI,IDEA,IDFCFIRSTB,IGL,INDHOTEL,INDIANB,INDIGO,INDUSINDBK,INDUSTOWER,INFY,IOB,IOC,IRB,IRCTC,IREDA,IRFC,ITC,ITCHOTELS,JINDALSTEL,JSWENERGY,JSWSTEEL,JUBLFOOD,KEI,KOTAKBANK,KPITTECH,LICHSGFIN,LICI,LODHA,LT,LTF,LTM,LUPIN,M&M,M&MFIN,MANKIND,MARICO,MARUTI,MAXHEALTH,MAZDOCK,MFSL,MOTHERSON,MPHASIS,MRF,MRPL,MSUMI,MUTHOOTFIN,NAUKRI,NAVINFLUOR,NESTLEIND,NHPC,NLCINDIA,NMDC,NTPC,NYKAA,OBEROIRLTY,OIL,ONGC,PAGEIND,PATANJALI,PAYTM,PERSISTENT,PFC,PGHH,PHOENIXLTD,PIDILITIND,PIIND,PNB,POLICYBZR,POLYCAB,POONAWALLA,POWERGRID,POWERINDIA,PRESTIGE,RAMCOCEM,RECLTD,RELIANCE,RVNL,SAIL,SBICARD,SBILIFE,SBIN,SHREECEM,SHRIRAMFIN,SIEMENS,SOLARINDS,SONACOMS,SRF,SUNDARMFIN,SUNPHARMA,TATACHEM,TATACOMM,TATACONSUM,TATAELXSI,TATAMTRDVR,TATAPOWER,TATASTEEL,TCS,TECHM,TIINDIA,TITAN,TMPV,TORNTPHARM,TORNTPOWER,TRENT,TVSMOTOR,UBL,ULTRACEMCO,UNIONBANK,UNITDSPR,UPL,VBL,VEDL,VOLTAS,WIPRO,YESBANK,ZYDUSLIFE"
2024-03-31,"360ONE,ABB,ABCAPITAL,ACC,ADANIENSOL,ADANIENT,ADANIGREEN,ADANIPORTS,ADANIPOWER,ALKEM,AMBUJACEM,APLAPOLLO,APOLLOHOSP,ASHOKLEY,ASIANPAINT,ASTRAL,ATGL,AUBANK,AUROPHARMA,AXISBANK,BAJAJ-AUTO,BAJAJFINSV,BAJAJHLDNG,BAJFINANCE,BALKRISIND,BANKBARODA,BANKINDIA,BDL,BEL,BHARATFORG,BHARTIARTL,BHARTIHEXA,BHEL,BIOCON,BLUESTARCO,BOSCHLTD,BPCL,BRITANNIA,BSE,CANBK,CGPOWER,CHOLAFIN,CIPLA,COALINDIA,COCHINSHIP,COFORGE,COLPAL,CONCOR,COROMANDEL,CUMMINSIND,DABUR,DELHIVERY,DIVISLAB,DIXON,DLF,DMART,DRREDDY,EICHERMOT,ENRIN,ETERNAL,EXIDEIND,FACT,FEDERALBNK,FORTIS,GAIL,GMRAIRPORT,GODFRYPHLP,GODREJCP,GODREJPROP,GRASIM,HAL,HAVELLS,HCLTECH,HDFCAMC,HDFCBANK,HDFCLIFE,HEROMOTOCO,HINDALCO,HINDPETRO,HINDUNILVR,HINDZINC,HUDCO,ICICIBANK,ICICIGI,IDBI,IDEA,IDFCFIRSTB,IGL,INDHOTEL,INDIANB,INDIGO,INDUSINDBK,INDUSTOWER,INFY,IOB,IOC,IRB,IRCTC,IREDA,IRFC,ITC,ITCHOTELS,JINDALSTEL,JIOFIN,JSWENERGY,JSWINFRA,JSWSTEEL,JUBLFOOD,KALYANKJIL,KEI,KOTAKBANK,KPITTECH,LICHSGFIN,LICI,LODHA,LT,LTF,LTM,LUPIN,M&M,M&MFIN,MANKIND,MARICO,MARUTI,MAXHEALTH,MAZDOCK,MFSL,MOTHERSON,MPHASIS,MRF,MRPL,MUTHOOTFIN,NAUKRI,NESTLEIND,NHPC,NLCINDIA,NMDC,NTPC,NYKAA,OBEROIRLTY,OFSS,OIL,ONGC,PAGEIND,PATANJALI,PAYTM,PERSISTENT,PFC,PHOENIXLTD,PIDILITIND,PIIND,PNB,POLICYBZR,POLYCAB,POONAWALLA,POWERGRID,POWERINDIA,PRESTIGE,RECLTD,RELIANCE,RVNL,SAIL,SBICARD,SBILIFE,SBIN,SHREECEM,SHRIRAMFIN,SIEMENS,SOLARINDS,SONACOMS,SRF,SUNDARMFIN,SUNPHARMA,SUPREMEIND,SUZLON,TATACHEM,TATACOMM,TATACONSUM,TATAELXSI,TATAMTRDVR,TATAPOWER,TATASTEEL,TATATECH,TCS,TECHM,TIINDIA,TITAN,TMPV,TORNTPHARM,TORNTPOWER,TRENT,TVSMOTOR,ULTRACEMCO,UNIONBANK,UNITDSPR,UPL,VBL,VEDL,VOLTAS,WIPRO,YESBANK,ZYDUSLIFE"
2024-04-30,"360ONE,ABB,ABCAPITAL,ACC,ADANIENSOL,ADANIENT,ADANIGREEN,ADANIPORTS,ADANIPOWER,ALKEM,AMBUJACEM,APLAPOLLO,APOLLOHOSP,ASHOKLEY,ASIANPAINT,ASTRAL,ATGL,AUBANK,AUROPHARMA,AXISBANK,BAJAJ-AUTO,BAJAJFINSV,BAJAJHLDNG,BAJFINANCE,BALKRISIND,BANKBARODA,BANKINDIA,BDL,BEL,BHARATFORG,BHARTIARTL,BHARTIHEXA,BHEL,BIOCON,BLUESTARCO,BOSCHLTD,BPCL,BRITANNIA,BSE,CANBK,CGPOWER,CHOLAFIN,CIPLA,COALINDIA,COCHINSHIP,COFORGE,COLPAL,CONCOR,COROMANDEL,CUMMINSIND,DABUR,DELHIVERY,DIVISLAB,DIXON,DLF,DMART,DRREDDY,EICHERMOT,ENRIN,ETERNAL,EXIDEIND,FACT,FEDERALBNK,FORTIS,GAIL,GMRAIRPORT,GODFRYPHLP,GODREJCP,GODREJPROP,GRASIM,HAL,HAVELLS,HCLTECH,HDFCAMC,HDFCBANK,HDFCLIFE,HEROMOTOCO,HINDALCO,HINDPETRO,HINDUNILVR,HINDZINC,HUDCO,ICICIBANK,ICICIGI,IDBI,IDEA,IDFCFIRSTB,IGL,INDHOTEL,INDIANB,INDIGO,INDUSINDBK,INDUSTOWER,INFY,IOB,IOC,IRB,IRCTC,IREDA,IRFC,ITC,ITCHOTELS,JINDALSTEL,JIOFIN,JSWENERGY,JSWINFRA,JSWSTEEL,JUBLFOOD,KALYANKJIL,KEI,KOTAKBANK,KPITTECH,LICHSGFIN,LICI,LODHA,LT,LTF,LTM,LUPIN,M&M,M&MFIN,MANKIND,MARICO,MARUTI,MAXHEALTH,MAZDOCK,MFSL,MOTHERSON,MPHASIS,MRF,MRPL,MUTHOOTFIN,NAUKRI,NESTLEIND,NHPC,NLCINDIA,NMDC,NTPC,NYKAA,OBEROIRLTY,OFSS,OIL,ONGC,PAGEIND,PATANJALI,PAYTM,PERSISTENT,PFC,PHOENIXLTD,PIDILITIND,PIIND,PNB,POLICYBZR,POLYCAB,POONAWALLA,POWERGRID,POWERINDIA,PRESTIGE,RECLTD,RELIANCE,RVNL,SAIL,SBICARD,SBILIFE,SBIN,SHREECEM,SHRIRAMFIN,SIEMENS,SOLARINDS,SONACOMS,SRF,SUNDARMFIN,SUNPHARMA,SUPREMEIND,SUZLON,TATACHEM,TATACOMM,TATACONSUM,TATAELXSI,TATAMTRDVR,TATAPOWER,TATASTEEL,TATATECH,TCS,TECHM,TIINDIA,TITAN,TMPV,TORNTPHARM,TORNTPOWER,TRENT,TVSMOTOR,ULTRACEMCO,UNIONBANK,UNITDSPR,UPL,VBL,VEDL,VOLTAS,WIPRO,YESBANK,ZYDUSLIFE"
2024-05-31,"360ONE,ABB,ABCAPITAL,ACC,ADANIENSOL,ADANIENT,ADANIGREEN,ADANIPORTS,ADANIPOWER,ALKEM,AMBUJACEM,APLAPOLLO,APOLLOHOSP,ASHOKLEY,ASIANPAINT,ASTRAL,ATGL,AUBANK,AUROPHARMA,AXISBANK,BAJAJ-AUTO,BAJAJFINSV,BAJAJHLDNG,BAJFINANCE,BALKRISIND,BANKBARODA,BANKINDIA,BDL,BEL,BHARATFORG,BHARTIARTL,BHARTIHEXA,BHEL,BIOCON,BLUESTARCO,BOSCHLTD,BPCL,BRITANNIA,BSE,CANBK,CGPOWER,CHOLAFIN,CIPLA,COALINDIA,COCHINSHIP,COFORGE,COLPAL,CONCOR,COROMANDEL,CUMMINSIND,DABUR,DELHIVERY,DIVISLAB,DIXON,DLF,DMART,DRREDDY,EICHERMOT,ENRIN,ETERNAL,EXIDEIND,FACT,FEDERALBNK,FORTIS,GAIL,GMRAIRPORT,GODFRYPHLP,GODREJCP,GODREJPROP,GRASIM,HAL,HAVELLS,HCLTECH,HDFCAMC,HDFCBANK,HDFCLIFE,HEROMOTOCO,HINDALCO,HINDPETRO,HINDUNILVR,HINDZINC,HUDCO,ICICIBANK,ICICIGI,IDBI,IDEA,IDFCFIRSTB,IGL,INDHOTEL,INDIANB,INDIGO,INDUSINDBK,INDUSTOWER,INFY,IOB,IOC,IRB,IRCTC,IREDA,IRFC,ITC,ITCHOTELS,JINDALSTEL,JIOFIN,JSWENERGY,JSWINFRA,JSWSTEEL,JUBLFOOD,KALYANKJIL,KEI,KOTAKBANK,KPITTECH,LICHSGFIN,LICI,LODHA,LT,LTF,LTM,LUPIN,M&M,M&MFIN,MANKIND,MARICO,MARUTI,MAXHEALTH,MAZDOCK,MFSL,MOTHERSON,MPHASIS,MRF,MRPL,MUTHOOTFIN,NAUKRI,NESTLEIND,NHPC,NLCINDIA,NMDC,NTPC,NYKAA,OBEROIRLTY,OFSS,OIL,ONGC,PAGEIND,PATANJALI,PAYTM,PERSISTENT,PFC,PHOENIXLTD,PIDILITIND,PIIND,PNB,POLICYBZR,POLYCAB,POONAWALLA,POWERGRID,POWERINDIA,PRESTIGE,RECLTD,RELIANCE,RVNL,SAIL,SBICARD,SBILIFE,SBIN,SHREECEM,SHRIRAMFIN,SIEMENS,SOLARINDS,SONACOMS,SRF,SUNDARMFIN,SUNPHARMA,SUPREMEIND,SUZLON,TATACHEM,TATACOMM,TATACONSUM,TATAELXSI,TATAMTRDVR,TATAPOWER,TATASTEEL,TATATECH,TCS,TECHM,TIINDIA,TITAN,TMPV,TORNTPHARM,TORNTPOWER,TRENT,TVSMOTOR,ULTRACEMCO,UNIONBANK,UNITDSPR,UPL,VBL,VEDL,VOLTAS,WIPRO,YESBANK,ZYDUSLIFE"
2024-06-30,"360ONE,ABB,ABCAPITAL,ACC,ADANIENSOL,ADANIENT,ADANIGREEN,ADANIPORTS,ADANIPOWER,ALKEM,AMBUJACEM,APLAPOLLO,APOLLOHOSP,ASHOKLEY,ASIANPAINT,ASTRAL,ATGL,AUBANK,AUROPHARMA,AXISBANK,BAJAJ-AUTO,BAJAJFINSV,BAJAJHLDNG,BAJFINANCE,BALKRISIND,BANKBARODA,BANKINDIA,BDL,BEL,BHARATFORG,BHARTIARTL,BHARTIHEXA,BHEL,BIOCON,BLUESTARCO,BOSCHLTD,BPCL,BRITANNIA,BSE,CANBK,CGPOWER,CHOLAFIN,CIPLA,COALINDIA,COCHINSHIP,COFORGE,COLPAL,CONCOR,COROMANDEL,CUMMINSIND,DABUR,DELHIVERY,DIVISLAB,DIXON,DLF,DMART,DRREDDY,EICHERMOT,ENRIN,ETERNAL,EXIDEIND,FACT,FEDERALBNK,FORTIS,GAIL,GMRAIRPORT,GODFRYPHLP,GODREJCP,GODREJPROP,GRASIM,HAL,HAVELLS,HCLTECH,HDFCAMC,HDFCBANK,HDFCLIFE,HEROMOTOCO,HINDALCO,HINDPETRO,HINDUNILVR,HINDZINC,HUDCO,ICICIBANK,ICICIGI,IDBI,IDEA,IDFCFIRSTB,IGL,INDHOTEL,INDIANB,INDIGO,INDUSINDBK,INDUSTOWER,INFY,IOB,IOC,IRB,IRCTC,IREDA,IRFC,ITC,ITCHOTELS,JINDALSTEL,JIOFIN,JSWENERGY,JSWINFRA,JSWSTEEL,JUBLFOOD,KALYANKJIL,KEI,KOTAKBANK,KPITTECH,LICHSGFIN,LICI,LODHA,LT,LTF,LTM,LUPIN,M&M,M&MFIN,MANKIND,MARICO,MARUTI,MAXHEALTH,MAZDOCK,MFSL,MOTHERSON,MPHASIS,MRF,MRPL,MUTHOOTFIN,NAUKRI,NESTLEIND,NHPC,NLCINDIA,NMDC,NTPC,NYKAA,OBEROIRLTY,OFSS,OIL,ONGC,PAGEIND,PATANJALI,PAYTM,PERSISTENT,PFC,PHOENIXLTD,PIDILITIND,PIIND,PNB,POLICYBZR,POLYCAB,POONAWALLA,POWERGRID,POWERINDIA,PRESTIGE,RECLTD,RELIANCE,RVNL,SAIL,SBICARD,SBILIFE,SBIN,SHREECEM,SHRIRAMFIN,SIEMENS,SOLARINDS,SONACOMS,SRF,SUNDARMFIN,SUNPHARMA,SUPREMEIND,SUZLON,TATACHEM,TATACOMM,TATACONSUM,TATAELXSI,TATAMTRDVR,TATAPOWER,TATASTEEL,TATATECH,TCS,TECHM,TIINDIA,TITAN,TMPV,TORNTPHARM,TORNTPOWER,TRENT,TVSMOTOR,ULTRACEMCO,UNIONBANK,UNITDSPR,UPL,VBL,VEDL,VOLTAS,WIPRO,YESBANK,ZYDUSLIFE"
2024-07-31,"360ONE,ABB,ABCAPITAL,ACC,ADANIENSOL,ADANIENT,ADANIGREEN,ADANIPORTS,ADANIPOWER,ALKEM,AMBUJACEM,APLAPOLLO,APOLLOHOSP,ASHOKLEY,ASIANPAINT,ASTRAL,ATGL,AUBANK,AUROPHARMA,AXISBANK,BAJAJ-AUTO,BAJAJFINSV,BAJAJHLDNG,BAJFINANCE,BALKRISIND,BANKBARODA,BANKINDIA,BDL,BEL,BHARATFORG,BHARTIARTL,BHARTIHEXA,BHEL,BIOCON,BLUESTARCO,BOSCHLTD,BPCL,BRITANNIA,BSE,CANBK,CGPOWER,CHOLAFIN,CIPLA,COALINDIA,COCHINSHIP,COFORGE,COLPAL,CONCOR,COROMANDEL,CUMMINSIND,DABUR,DELHIVERY,DIVISLAB,DIXON,DLF,DMART,DRREDDY,EICHERMOT,ENRIN,ETERNAL,EXIDEIND,FACT,FEDERALBNK,FORTIS,GAIL,GMRAIRPORT,GODFRYPHLP,GODREJCP,GODREJPROP,GRASIM,HAL,HAVELLS,HCLTECH,HDFCAMC,HDFCBANK,HDFCLIFE,HEROMOTOCO,HINDALCO,HINDPETRO,HINDUNILVR,HINDZINC,HUDCO,ICICIBANK,ICICIGI,IDBI,IDEA,IDFCFIRSTB,IGL,INDHOTEL,INDIANB,INDIGO,INDUSINDBK,INDUSTOWER,INFY,IOB,IOC,IRB,IRCTC,IREDA,IRFC,ITC,ITCHOTELS,JINDALSTEL,JIOFIN,JSWENERGY,JSWINFRA,JSWSTEEL,JUBLFOOD,KALYANKJIL,KEI,KOTAKBANK,KPITTECH,LICHSGFIN,LICI,LODHA,LT,LTF,LTM,LUPIN,M&M,M&MFIN,MANKIND,MARICO,MARUTI,MAXHEALTH,MAZDOCK,MFSL,MOTHERSON,MPHASIS,MRF,MRPL,MUTHOOTFIN,NAUKRI,NESTLEIND,NHPC,NLCINDIA,NMDC,NTPC,NYKAA,OBEROIRLTY,OFSS,OIL,ONGC,PAGEIND,PATANJALI,PAYTM,PERSISTENT,PFC,PHOENIXLTD,PIDILITIND,PIIND,PNB,POLICYBZR,POLYCAB,POONAWALLA,POWERGRID,POWERINDIA,PRESTIGE,RECLTD,RELIANCE,RVNL,SAIL,SBICARD,SBILIFE,SBIN,SHREECEM,SHRIRAMFIN,SIEMENS,SOLARINDS,SONACOMS,SRF,SUNDARMFIN,SUNPHARMA,SUPREMEIND,SUZLON,TATACHEM,TATACOMM,TATACONSUM,TATAELXSI,TATAMTRDVR,TATAPOWER,TATASTEEL,TATATECH,TCS,TECHM,TIINDIA,TITAN,TMPV,TORNTPHARM,TORNTPOWER,TRENT,TVSMOTOR,ULTRACEMCO,UNIONBANK,UNITDSPR,UPL,VBL,VEDL,VOLTAS,WIPRO,YESBANK,ZYDUSLIFE"
2024-08-31,"360ONE,ABB,ABCAPITAL,ACC,ADANIENSOL,ADANIENT,ADANIGREEN,ADANIPORTS,ADANIPOWER,ALKEM,AMBUJACEM,APLAPOLLO,APOLLOHOSP,ASHOKLEY,ASIANPAINT,ASTRAL,ATGL,AUBANK,AUROPHARMA,AXISBANK,BAJAJ-AUTO,BAJAJFINSV,BAJAJHLDNG,BAJFINANCE,BALKRISIND,BANKBARODA,BANKINDIA,BDL,BEL,BHARATFORG,BHARTIARTL,BHARTIHEXA,BHEL,BIOCON,BLUESTARCO,BOSCHLTD,BPCL,BRITANNIA,BSE,CANBK,CGPOWER,CHOLAFIN,CIPLA,COALINDIA,COCHINSHIP,COFORGE,COLPAL,CONCOR,COROMANDEL,CUMMINSIND,DABUR,DELHIVERY,DIVISLAB,DIXON,DLF,DMART,DRREDDY,EICHERMOT,ENRIN,ETERNAL,EXIDEIND,FACT,FEDERALBNK,FORTIS,GAIL,GMRAIRPORT,GODFRYPHLP,GODREJCP,GODREJPROP,GRASIM,HAL,HAVELLS,HCLTECH,HDFCAMC,HDFCBANK,HDFCLIFE,HEROMOTOCO,HINDALCO,HINDPETRO,HINDUNILVR,HINDZINC,HUDCO,ICICIBANK,ICICIGI,IDBI,IDEA,IDFCFIRSTB,IGL,INDHOTEL,INDIANB,INDIGO,INDUSINDBK,INDUSTOWER,INFY,IOB,IOC,IRB,IRCTC,IREDA,IRFC,ITC,ITCHOTELS,JINDALSTEL,JIOFIN,JSWENERGY,JSWINFRA,JSWSTEEL,JUBLFOOD,KALYANKJIL,KEI,KOTAKBANK,KPITTECH,LICHSGFIN,LICI,LODHA,LT,LTF,LTM,LUPIN,M&M,M&MFIN,MANKIND,MARICO,MARUTI,MAXHEALTH,MAZDOCK,MFSL,MOTHERSON,MPHASIS,MRF,MRPL,MUTHOOTFIN,NAUKRI,NESTLEIND,NHPC,NLCINDIA,NMDC,NTPC,NYKAA,OBEROIRLTY,OFSS,OIL,ONGC,PAGEIND,PATANJALI,PAYTM,PERSISTENT,PFC,PHOENIXLTD,PIDILITIND,PIIND,PNB,POLICYBZR,POLYCAB,POONAWALLA,POWERGRID,POWERINDIA,PRESTIGE,RECLTD,RELIANCE,RVNL,SAIL,SBICARD,SBILIFE,SBIN,SHREECEM,SHRIRAMFIN,SIEMENS,SOLARINDS,SONACOMS,SRF,SUNDARMFIN,SUNPHARMA,SUPREMEIND,SUZLON,TATACHEM,TATACOMM,TATACONSUM,TATAELXSI,TATAPOWER,TATASTEEL,TATATECH,TCS,TECHM,TIINDIA,TITAN,TMPV,TORNTPHARM,TORNTPOWER,TRENT,TVSMOTOR,ULTRACEMCO,UNIONBANK,UNITDSPR,UPL,VBL,VEDL,VOLTAS,WIPRO,YESBANK,ZYDUSLIFE"
2024-09-30,"360ONE,ABB,ABCAPITAL,ACC,ADANIENSOL,ADANIENT,ADANIGREEN,ADANIPORTS,ADANIPOWER,ALKEM,AMBUJACEM,APLAPOLLO,APOLLOHOSP,ASHOKLEY,ASIANPAINT,ASTRAL,ATGL,AUBANK,AUROPHARMA,AXISBANK,BAJAJ-AUTO,BAJAJFINSV,BAJAJHLDNG,BAJFINANCE,BALKRISIND,BANKBARODA,BANKINDIA,BDL,BEL,BHARATFORG,BHARTIARTL,BHARTIHEXA,BHEL,BIOCON,BLUESTARCO,BOSCHLTD,BPCL,BRITANNIA,BSE,CANBK,CGPOWER,CHOLAFIN,CIPLA,COALINDIA,COCHINSHIP,COFORGE,COLPAL,CONCOR,COROMANDEL,CUMMINSIND,DABUR,DELHIVERY,DIVISLAB,DIXON,DLF,DMART,DRREDDY,EICHERMOT,ENRIN,ETERNAL,EXIDEIND,FACT,FEDERALBNK,FORTIS,GAIL,GMRAIRPORT,GODFRYPHLP,GODREJCP,GODREJPROP,GRASIM,HAL,HAVELLS,HCLTECH,HDFCAMC,HDFCBANK,HDFCLIFE,HEROMOTOCO,HINDALCO,HINDPETRO,HINDUNILVR,HINDZINC,HUDCO,ICICIBANK,ICICIGI,IDBI,IDEA,IDFCFIRSTB,IGL,INDHOTEL,INDIANB,INDIGO,INDUSINDBK,INDUSTOWER,INFY,IOB,IOC,IRB,IRCTC,IREDA,IRFC,ITC,ITCHOTELS,JINDALSTEL,JIOFIN,JSWENERGY,JSWINFRA,JSWSTEEL,JUBLFOOD,KALYANKJIL,KEI,KOTAKBANK,KPITTECH,LICHSGFIN,LICI,LODHA,LT,LTF,LTM,LUPIN,M&M,M&MFIN,MANKIND,MARICO,MARUTI,MAXHEALTH,MAZDOCK,MFSL,MOTHERSON,MPHASIS,MRF,MRPL,MUTHOOTFIN,NAUKRI,NESTLEIND,NHPC,NLCINDIA,NMDC,NTPC,NYKAA,OBEROIRLTY,OFSS,OIL,ONGC,PAGEIND,PATANJALI,PAYTM,PERSISTENT,PFC,PHOENIXLTD,PIDILITIND,PIIND,PNB,POLICYBZR,POLYCAB,POONAWALLA,POWERGRID,POWERINDIA,PRESTIGE,RECLTD,RELIANCE,RVNL,SAIL,SBICARD,SBILIFE,SBIN,SHREECEM,SHRIRAMFIN,SIEMENS,SOLARINDS,SONACOMS,SRF,SUNDARMFIN,SUNPHARMA,SUPREMEIND,SUZLON,TATACHEM,TATACOMM,TATACONSUM,TATAELXSI,TATAPOWER,TATASTEEL,TATATECH,TCS,TECHM,TIINDIA,TITAN,TMPV,TORNTPHARM,TORNTPOWER,TRENT,TVSMOTOR,ULTRACEMCO,UNIONBANK,UNITDSPR,UPL,VBL,VEDL,VOLTAS,WIPRO,YESBANK,ZYDUSLIFE"
2024-10-31,"360ONE,ABB,ABCAPITAL,ACC,ADANIENSOL,ADANIENT,ADANIGREEN,ADANIPORTS,ADANIPOWER,ALKEM,AMBUJACEM,APLAPOLLO,APOLLOHOSP,ASHOKLEY,ASIANPAINT,ASTRAL,ATGL,AUBANK,AUROPHARMA,AXISBANK,BAJAJ-AUTO,BAJAJFINSV,BAJAJHLDNG,BAJFINANCE,BALKRISIND,BANKBARODA,BANKINDIA,BDL,BEL,BHARATFORG,BHARTIARTL,BHARTIHEXA,BHEL,BIOCON,BLUESTARCO,BOSCHLTD,BPCL,BRITANNIA,BSE,CANBK,CGPOWER,CHOLAFIN,CIPLA,COALINDIA,COCHINSHIP,COFORGE,COLPAL,CONCOR,COROMANDEL,CUMMINSIND,DABUR,DELHIVERY,DIVISLAB,DIXON,DLF,DMART,DRREDDY,EICHERMOT,ENRIN,ETERNAL,EXIDEIND,FACT,FEDERALBNK,FORTIS,GAIL,GMRAIRPORT,GODFRYPHLP,GODREJCP,GODREJPROP,GRASIM,HAL,HAVELLS,HCLTECH,HDFCAMC,HDFCBANK,HDFCLIFE,HEROMOTOCO,HINDALCO,HINDPETRO,HINDUNILVR,HINDZINC,HUDCO,ICICIBANK,ICICIGI,IDBI,IDEA,IDFCFIRSTB,IGL,INDHOTEL,INDIANB,INDIGO,INDUSINDBK,INDUSTOWER,INFY,IOB,IOC,IRB,IRCTC,IREDA,IRFC,ITC,ITCHOTELS,JINDALSTEL,JIOFIN,JSWENERGY,JSWINFRA,JSWSTEEL,JUBLFOOD,KALYANKJIL,KEI,KOTAKBANK,KPITTECH,LICHSGFIN,LICI,LODHA,LT,LTF,LTM,LUPIN,M&M,M&MFIN,MANKIND,MARICO,MARUTI,MAXHEALTH,MAZDOCK,MFSL,MOTHERSON,MPHASIS,MRF,MRPL,MUTHOOTFIN,NAUKRI,NESTLEIND,NHPC,NLCINDIA,NMDC,NTPC,NYKAA,OBEROIRLTY,OFSS,OIL,ONGC,PAGEIND,PATANJALI,PAYTM,PERSISTENT,PFC,PHOENIXLTD,PIDILITIND,PIIND,PNB,POLICYBZR,POLYCAB,POONAWALLA,POWERGRID,POWERINDIA,PRESTIGE,RECLTD,RELIANCE,RVNL,SAIL,SBICARD,SBILIFE,SBIN,SHREECEM,SHRIRAMFIN,SIEMENS,SOLARINDS,SONACOMS,SRF,SUNDARMFIN,SUNPHARMA,SUPREMEIND,SUZLON,TATACHEM,TATACOMM,TATACONSUM,TATAELXSI,TATAPOWER,TATASTEEL,TATATECH,TCS,TECHM,TIINDIA,TITAN,TMPV,TORNTPHARM,TORNTPOWER,TRENT,TVSMOTOR,ULTRACEMCO,UNIONBANK,UNITDSPR,UPL,VBL,VEDL,VOLTAS,WIPRO,YESBANK,ZYDUSLIFE"
2024-11-30,"360ONE,ABB,ABCAPITAL,ACC,ADANIENSOL,ADANIENT,ADANIGREEN,ADANIPORTS,ADANIPOWER,ALKEM,AMBUJACEM,APLAPOLLO,APOLLOHOSP,ASHOKLEY,ASIANPAINT,ASTRAL,ATGL,AUBANK,AUROPHARMA,AXISBANK,BAJAJ-AUTO,BAJAJFINSV,BAJAJHLDNG,BAJFINANCE,BALKRISIND,BANKBARODA,BANKINDIA,BDL,BEL,BHARATFORG,BHARTIARTL,BHARTIHEXA,BHEL,BIOCON,BLUESTARCO,BOSCHLTD,BPCL,BRITANNIA,BSE,CANBK,CGPOWER,CHOLAFIN,CIPLA,COALINDIA,COCHINSHIP,COFORGE,COLPAL,CONCOR,COROMANDEL,CUMMINSIND,DABUR,DELHIVERY,DIVISLAB,DIXON,DLF,DMART,DRREDDY,EICHERMOT,ENRIN,ETERNAL,EXIDEIND,FACT,FEDERALBNK,FORTIS,GAIL,GMRAIRPORT,GODFRYPHLP,GODREJCP,GODREJPROP,GRASIM,HAL,HAVELLS,HCLTECH,HDFCAMC,HDFCBANK,HDFCLIFE,HEROMOTOCO,HINDALCO,HINDPETRO,HINDUNILVR,HINDZINC,HUDCO,ICICIBANK,ICICIGI,IDBI,IDEA,IDFCFIRSTB,IGL,INDHOTEL,INDIANB,INDIGO,INDUSINDBK,INDUSTOWER,INFY,IOB,IOC,IRB,IRCTC,IREDA,IRFC,ITC,ITCHOTELS,JINDALSTEL,JIOFIN,JSWENERGY,JSWINFRA,JSWSTEEL,JUBLFOOD,KALYANKJIL,KEI,KOTAKBANK,KPITTECH,LICHSGFIN,LICI,LODHA,LT,LTF,LTM,LUPIN,M&M,M&MFIN,MANKIND,MARICO,MARUTI,MAXHEALTH,MAZDOCK,MFSL,MOTHERSON,MPHASIS,MRF,MRPL,MUTHOOTFIN,NAUKRI,NESTLEIND,NHPC,NLCINDIA,NMDC,NTPC,NYKAA,OBEROIRLTY,OFSS,OIL,ONGC,PAGEIND,PATANJALI,PAYTM,PERSISTENT,PFC,PHOENIXLTD,PIDILITIND,PIIND,PNB,POLICYBZR,POLYCAB,POONAWALLA,POWERGRID,POWERINDIA,PRESTIGE,RECLTD,RELIANCE,RVNL,SAIL,SBICARD,SBILIFE,SBIN,SHREECEM,SHRIRAMFIN,SIEMENS,SOLARINDS,SONACOMS,SRF,SUNDARMFIN,SUNPHARMA,SUPREMEIND,SUZLON,TATACHEM,TATACOMM,TATACONSUM,TATAELXSI,TATAPOWER,TATASTEEL,TATATECH,TCS,TECHM,TIINDIA,TITAN,TMPV,TORNTPHARM,TORNTPOWER,TRENT,TVSMOTOR,ULTRACEMCO,UNIONBANK,UNITDSPR,UPL,VBL,VEDL,VOLTAS,WIPRO,YESBANK,ZYDUSLIFE"
2024-12-31,"360ONE,ABB,ABCAPITAL,ACC,ADANIENSOL,ADANIENT,ADANIGREEN,ADANIPORTS,ADANIPOWER,ALKEM,AMBUJACEM,APLAPOLLO,APOLLOHOSP,ASHOKLEY,ASIANPAINT,ASTRAL,ATGL,AUBANK,AUROPHARMA,AXISBANK,BAJAJ-AUTO,BAJAJFINSV,BAJAJHLDNG,BAJFINANCE,BALKRISIND,BANKBARODA,BANKINDIA,BDL,BEL,BHARATFORG,BHARTIARTL,BHARTIHEXA,BHEL,BIOCON,BLUESTARCO,BOSCHLTD,BPCL,BRITANNIA,BSE,CANBK,CGPOWER,CHOLAFIN,CIPLA,COALINDIA,COCHINSHIP,COFORGE,COLPAL,CONCOR,COROMANDEL,CUMMINSIND,DABUR,DELHIVERY,DIVISLAB,DIXON,DLF,DMART,DRREDDY,EICHERMOT,ENRIN,ETERNAL,EXIDEIND,FACT,FEDERALBNK,FORTIS,GAIL,GMRAIRPORT,GODFRYPHLP,GODREJCP,GODREJPROP,GRASIM,HAL,HAVELLS,HCLTECH,HDFCAMC,HDFCBANK,HDFCLIFE,HEROMOTOCO,HINDALCO,HINDPETRO,HINDUNILVR,HINDZINC,HUDCO,ICICIBANK,ICICIGI,IDBI,IDEA,IDFCFIRSTB,IGL,INDHOTEL,INDIANB,INDIGO,INDUSINDBK,INDUSTOWER,INFY,IOB,IOC,IRB,IRCTC,IREDA,IRFC,ITC,ITCHOTELS,JINDALSTEL,JIOFIN,JSWENERGY,JSWINFRA,JSWSTEEL,JUBLFOOD,KALYANKJIL,KEI,KOTAKBANK,KPITTECH,LICHSGFIN,LICI,LODHA,LT,LTF,LTM,LUPIN,M&M,M&MFIN,MANKIND,MARICO,MARUTI,MAXHEALTH,MAZDOCK,MFSL,MOTHERSON,MPHASIS,MRF,MRPL,MUTHOOTFIN,NAUKRI,NESTLEIND,NHPC,NLCINDIA,NMDC,NTPC,NYKAA,OBEROIRLTY,OFSS,OIL,ONGC,PAGEIND,PATANJALI,PAYTM,PERSISTENT,PFC,PHOENIXLTD,PIDILITIND,PIIND,PNB,POLICYBZR,POLYCAB,POONAWALLA,POWERGRID,POWERINDIA,PRESTIGE,RECLTD,RELIANCE,RVNL,SAIL,SBICARD,SBILIFE,SBIN,SHREECEM,SHRIRAMFIN,SIEMENS,SOLARINDS,SONACOMS,SRF,SUNDARMFIN,SUNPHARMA,SUPREMEIND,SUZLON,TATACHEM,TATACOMM,TATACONSUM,TATAELXSI,TATAPOWER,TATASTEEL,TATATECH,TCS,TECHM,TIINDIA,TITAN,TMPV,TORNTPHARM,TORNTPOWER,TRENT,TVSMOTOR,ULTRACEMCO,UNIONBANK,UNITDSPR,UPL,VBL,VEDL,VOLTAS,WIPRO,YESBANK,ZYDUSLIFE"
2025-01-31,"360ONE,ABB,ABCAPITAL,ACC,ADANIENSOL,ADANIENT,ADANIGREEN,ADANIPORTS,ADANIPOWER,ALKEM,AMBUJACEM,APLAPOLLO,APOLLOHOSP,ASHOKLEY,ASIANPAINT,ASTRAL,ATGL,AUBANK,AUROPHARMA,AXISBANK,BAJAJ-AUTO,BAJAJFINSV,BAJAJHLDNG,BAJFINANCE,BALKRISIND,BANKBARODA,BANKINDIA,BDL,BEL,BHARATFORG,BHARTIARTL,BHARTIHEXA,BHEL,BIOCON,BLUESTARCO,BOSCHLTD,BPCL,BRITANNIA,BSE,CANBK,CGPOWER,CHOLAFIN,CIPLA,COALINDIA,COCHINSHIP,COFORGE,COLPAL,CONCOR,COROMANDEL,CUMMINSIND,DABUR,DELHIVERY,DIVISLAB,DIXON,DLF,DMART,DRREDDY,EICHERMOT,ENRIN,ETERNAL,EXIDEIND,FACT,FEDERALBNK,FORTIS,GAIL,GMRAIRPORT,GODFRYPHLP,GODREJCP,GODREJPROP,GRASIM,HAL,HAVELLS,HCLTECH,HDFCAMC,HDFCBANK,HDFCLIFE,HEROMOTOCO,HINDALCO,HINDPETRO,HINDUNILVR,HINDZINC,HUDCO,ICICIBANK,ICICIGI,IDBI,IDEA,IDFCFIRSTB,IGL,INDHOTEL,INDIANB,INDIGO,INDUSINDBK,INDUSTOWER,INFY,IOB,IOC,IRB,IRCTC,IREDA,IRFC,ITC,ITCHOTELS,JINDALSTEL,JIOFIN,JSWENERGY,JSWINFRA,JSWSTEEL,JUBLFOOD,KALYANKJIL,KEI,KOTAKBANK,KPITTECH,LICHSGFIN,LICI,LODHA,LT,LTF,LTM,LUPIN,M&M,M&MFIN,MANKIND,MARICO,MARUTI,MAXHEALTH,MAZDOCK,MFSL,MOTHERSON,MPHASIS,MRF,MRPL,MUTHOOTFIN,NAUKRI,NESTLEIND,NHPC,NLCINDIA,NMDC,NTPC,NYKAA,OBEROIRLTY,OFSS,OIL,ONGC,PAGEIND,PATANJALI,PAYTM,PERSISTENT,PFC,PHOENIXLTD,PIDILITIND,PIIND,PNB,POLICYBZR,POLYCAB,POONAWALLA,POWERGRID,POWERINDIA,PRESTIGE,RECLTD,RELIANCE,RVNL,SAIL,SBICARD,SBILIFE,SBIN,SHREECEM,SHRIRAMFIN,SIEMENS,SOLARINDS,SONACOMS,SRF,SUNDARMFIN,SUNPHARMA,SUPREMEIND,SUZLON,TATACHEM,TATACOMM,TATACONSUM,TATAELXSI,TATAPOWER,TATASTEEL,TATATECH,TCS,TECHM,TIINDIA,TITAN,TMPV,TORNTPHARM,TORNTPOWER,TRENT,TVSMOTOR,ULTRACEMCO,UNIONBANK,UNITDSPR,UPL,VBL,VEDL,VOLTAS,WIPRO,YESBANK,ZYDUSLIFE"
2025-02-28,"360ONE,ABB,ABCAPITAL,ACC,ADANIENSOL,ADANIENT,ADANIGREEN,ADANIPORTS,ADANIPOWER,ALKEM,AMBUJACEM,APLAPOLLO,APOLLOHOSP,ASHOKLEY,ASIANPAINT,ASTRAL,ATGL,AUBANK,AUROPHARMA,AXISBANK,BAJAJ-AUTO,BAJAJFINSV,BAJAJHLDNG,BAJFINANCE,BALKRISIND,BANKBARODA,BANKINDIA,BDL,BEL,BHARATFORG,BHARTIARTL,BHARTIHEXA,BHEL,BIOCON,BLUESTARCO,BOSCHLTD,BPCL,BRITANNIA,BSE,CANBK,CGPOWER,CHOLAFIN,CIPLA,COALINDIA,COCHINSHIP,COFORGE,COLPAL,CONCOR,COROMANDEL,CUMMINSIND,DABUR,DELHIVERY,DIVISLAB,DIXON,DLF,DMART,DRREDDY,EICHERMOT,ENRIN,ETERNAL,EXIDEIND,FACT,FEDERALBNK,FORTIS,GAIL,GMRAIRPORT,GODFRYPHLP,GODREJCP,GODREJPROP,GRASIM,HAL,HAVELLS,HCLTECH,HDFCAMC,HDFCBANK,HDFCLIFE,HEROMOTOCO,HINDALCO,HINDPETRO,HINDUNILVR,HINDZINC,HUDCO,ICICIBANK,ICICIGI,IDBI,IDEA,IDFCFIRSTB,IGL,INDHOTEL,INDIANB,INDIGO,INDUSINDBK,INDUSTOWER,INFY,IOB,IOC,IRB,IRCTC,IREDA,IRFC,ITC,ITCHOTELS,JINDALSTEL,JIOFIN,JSWENERGY,JSWINFRA,JSWSTEEL,JUBLFOOD,KALYANKJIL,KEI,KOTAKBANK,KPITTECH,LICHSGFIN,LICI,LODHA,LT,LTF,LTM,LUPIN,M&M,M&MFIN,MANKIND,MARICO,MARUTI,MAXHEALTH,MAZDOCK,MFSL,MOTHERSON,MPHASIS,MRF,MRPL,MUTHOOTFIN,NAUKRI,NESTLEIND,NHPC,NLCINDIA,NMDC,NTPC,NYKAA,OBEROIRLTY,OFSS,OIL,ONGC,PAGEIND,PATANJALI,PAYTM,PERSISTENT,PFC,PHOENIXLTD,PIDILITIND,PIIND,PNB,POLICYBZR,POLYCAB,POONAWALLA,POWERGRID,POWERINDIA,PRESTIGE,RECLTD,RELIANCE,RVNL,SAIL,SBICARD,SBILIFE,SBIN,SHREECEM,SHRIRAMFIN,SIEMENS,SOLARINDS,SONACOMS,SRF,SUNDARMFIN,SUNPHARMA,SUPREMEIND,SUZLON,TATACHEM,TATACOMM,TATACONSUM,TATAELXSI,TATAPOWER,TATASTEEL,TATATECH,TCS,TECHM,TIINDIA,TITAN,TMPV,TORNTPHARM,TORNTPOWER,TRENT,TVSMOTOR,ULTRACEMCO,UNIONBANK,UNITDSPR,UPL,VBL,VEDL,VOLTAS,WIPRO,YESBANK,ZYDUSLIFE"
2025-03-31,"360ONE,ABB,ABCAPITAL,ACC,ADANIENSOL,ADANIENT,ADANIGREEN,ADANIPORTS,ADANIPOWER,ALKEM,AMBUJACEM,APLAPOLLO,APOLLOHOSP,ASHOKLEY,ASIANPAINT,ASTRAL,ATGL,AUBANK,AUROPHARMA,AXISBANK,BAJAJ-AUTO,BAJAJFINSV,BAJAJHFL,BAJAJHLDNG,BAJFINANCE,BANKBARODA,BANKINDIA,BDL,BEL,BHARATFORG,BHARTIARTL,BHARTIHEXA,BHEL,BIOCON,BLUESTARCO,BOSCHLTD,BPCL,BRITANNIA,BSE,CANBK,CGPOWER,CHOLAFIN,CIPLA,COALINDIA,COCHINSHIP,COFORGE,COLPAL,CONCOR,COROMANDEL,CUMMINSIND,DABUR,DIVISLAB,DIXON,DLF,DMART,DRREDDY,EICHERMOT,ENRIN,ETERNAL,EXIDEIND,FEDERALBNK,FORTIS,GAIL,GLENMARK,GMRAIRPORT,GODFRYPHLP,GODREJCP,GODREJPROP,GRASIM,HAL,HAVELLS,HCLTECH,HDFCAMC,HDFCBANK,HDFCLIFE,HEROMOTOCO,HINDALCO,HINDPETRO,HINDUNILVR,HINDZINC,HUDCO,HYUNDAI,ICICIBANK,ICICIGI,IDEA,IDFCFIRSTB,IGL,INDHOTEL,INDIANB,INDIGO,INDUSINDBK,INDUSTOWER,INFY,IOC,IRB,IRCTC,IREDA,IRFC,ITC,ITCHOTELS,JINDALSTEL,JIOFIN,JSWENERGY,JSWSTEEL,JUBLFOOD,KALYANKJIL,KEI,KOTAKBANK,KPITTECH,LICHSGFIN,LICI,LODHA,LT,LTF,LTM,LUPIN,M&M,M&MFIN,MANKIND,MARICO,MARUTI,MAXHEALTH,MAZDOCK,MFSL,MOTHERSON,MOTILALOFS,MPHASIS,MRF,MUTHOOTFIN,NATIONALUM,NAUKRI,NESTLEIND,NHPC,NMDC,NTPC,NTPCGREEN,NYKAA,OBEROIRLTY,OFSS,OIL,ONGC,PAGEIND,PATANJALI,PAYTM,PERSISTENT,PFC,PHOENIXLTD,PIDILITIND,PIIND,PNB,POLICYBZR,POLYCAB,POWERGRID,POWERINDIA,PREMIERENE,PRESTIGE,RECLTD,RELIANCE,RVNL,SAIL,SBICARD,SBILIFE,SBIN,SHREECEM,SHRIRAMFIN,SIEMENS,SOLARINDS,SONACOMS,SRF,SUNPHARMA,SUPREMEIND,SUZLON,SWIGGY,TATACOMM,TATACONSUM,TATAELXSI,TATAPOWER,TATASTEEL,TATATECH,TCS,TECHM,TIINDIA,TITAN,TMPV,TORNTPHARM,TORNTPOWER,TRENT,TVSMOTOR,ULTRACEMCO,UNIONBANK,UNITDSPR,UPL,VBL,VEDL,VMM,VOLTAS,WAAREEENER,WIPRO,YESBANK,ZYDUSLIFE"
2025-04-30,"360ONE,ABB,ABCAPITAL,ACC,ADANIENSOL,ADANIENT,ADANIGREEN,ADANIPORTS,ADANIPOWER,ALKEM,AMBUJACEM,APLAPOLLO,APOLLOHOSP,ASHOKLEY,ASIANPAINT,ASTRAL,ATGL,AUBANK,AUROPHARMA,AXISBANK,BAJAJ-AUTO,BAJAJFINSV,BAJAJHFL,BAJAJHLDNG,BAJFINANCE,BANKBARODA,BANKINDIA,BDL,BEL,BHARATFORG,BHARTIARTL,BHARTIHEXA,BHEL,BIOCON,BLUESTARCO,BOSCHLTD,BPCL,BRITANNIA,BSE,CANBK,CGPOWER,CHOLAFIN,CIPLA,COALINDIA,COCHINSHIP,COFORGE,COLPAL,CONCOR,COROMANDEL,CUMMINSIND,DABUR,DIVISLAB,DIXON,DLF,DMART,DRREDDY,EICHERMOT,ENRIN,ETERNAL,EXIDEIND,FEDERALBNK,FORTIS,GAIL,GLENMARK,GMRAIRPORT,GODFRYPHLP,GODREJCP,GODREJPROP,GRASIM,HAL,HAVELLS,HCLTECH,HDFCAMC,HDFCBANK,HDFCLIFE,HEROMOTOCO,HINDALCO,HINDPETRO,HINDUNILVR,HINDZINC,HUDCO,HYUNDAI,ICICIBANK,ICICIGI,IDEA,IDFCFIRSTB,IGL,INDHOTEL,INDIANB,INDIGO,INDUSINDBK,INDUSTOWER,INFY,IOC,IRB,IRCTC,IREDA,IRFC,ITC,ITCHOTELS,JINDALSTEL,JIOFIN,JSWENERGY,JSWSTEEL,JUBLFOOD,KALYANKJIL,KEI,KOTAKBANK,KPITTECH,LICHSGFIN,LICI,LODHA,LT,LTF,LTM,LUPIN,M&M,M&MFIN,MANKIND,MARICO,MARUTI,MAXHEALTH,MAZDOCK,MFSL,MOTHERSON,MOTILALOFS,MPHASIS,MRF,MUTHOOTFIN,NATIONALUM,NAUKRI,NESTLEIND,NHPC,NMDC,NTPC,NTPCGREEN,NYKAA,OBEROIRLTY,OFSS,OIL,ONGC,PAGEIND,PATANJALI,PAYTM,PERSISTENT,PFC,PHOENIXLTD,PIDILITIND,PIIND,PNB,POLICYBZR,POLYCAB,POWERGRID,POWERINDIA,PREMIERENE,PRESTIGE,RECLTD,RELIANCE,RVNL,SAIL,SBICARD,SBILIFE,SBIN,SHREECEM,SHRIRAMFIN,SIEMENS,SOLARINDS,SONACOMS,SRF,SUNPHARMA,SUPREMEIND,SUZLON,SWIGGY,TATACOMM,TATACONSUM,TATAELXSI,TATAPOWER,TATASTEEL,TATATECH,TCS,TECHM,TIINDIA,TITAN,TMPV,TORNTPHARM,TORNTPOWER,TRENT,TVSMOTOR,ULTRACEMCO,UNIONBANK,UNITDSPR,UPL,VBL,VEDL,VMM,VOLTAS,WAAREEENER,WIPRO,YESBANK,ZYDUSLIFE"
2025-05-31,"360ONE,ABB,ABCAPITAL,ACC,ADANIENSOL,ADANIENT,ADANIGREEN,ADANIPORTS,ADANIPOWER,ALKEM,AMBUJACEM,APLAPOLLO,APOLLOHOSP,ASHOKLEY,ASIANPAINT,ASTRAL,ATGL,AUBANK,AUROPHARMA,AXISBANK,BAJAJ-AUTO,BAJAJFINSV,BAJAJHFL,BAJAJHLDNG,BAJFINANCE,BANKBARODA,BANKINDIA,BDL,BEL,BHARATFORG,BHARTIARTL,BHARTIHEXA,BHEL,BIOCON,BLUESTARCO,BOSCHLTD,BPCL,BRITANNIA,BSE,CANBK,CGPOWER,CHOLAFIN,CIPLA,COALINDIA,COCHINSHIP,COFORGE,COLPAL,CONCOR,COROMANDEL,CUMMINSIND,DABUR,DIVISLAB,DIXON,DLF,DMART,DRREDDY,EICHERMOT,ENRIN,ETERNAL,EXIDEIND,FEDERALBNK,FORTIS,GAIL,GLENMARK,GMRAIRPORT,GODFRYPHLP,GODREJCP,GODREJPROP,GRASIM,HAL,HAVELLS,HCLTECH,HDFCAMC,HDFCBANK,HDFCLIFE,HEROMOTOCO,HINDALCO,HINDPETRO,HINDUNILVR,HINDZINC,HUDCO,HYUNDAI,ICICIBANK,ICICIGI,IDEA,IDFCFIRSTB,IGL,INDHOTEL,INDIANB,INDIGO,INDUSINDBK,INDUSTOWER,INFY,IOC,IRB,IRCTC,IREDA,IRFC,ITC,ITCHOTELS,JINDALSTEL,JIOFIN,JSWENERGY,JSWSTEEL,JUBLFOOD,KALYANKJIL,KEI,KOTAKBANK,KPITTECH,LICHSGFIN,LICI,LODHA,LT,LTF,LTM,LUPIN,M&M,M&MFIN,MANKIND,MARICO,MARUTI,MAXHEALTH,MAZDOCK,MFSL,MOTHERSON,MOTILALOFS,MPHASIS,MRF,MUTHOOTFIN,NATIONALUM,NAUKRI,NESTLEIND,NHPC,NMDC,NTPC,NTPCGREEN,NYKAA,OBEROIRLTY,OFSS,OIL,ONGC,PAGEIND,PATANJALI,PAYTM,PERSISTENT,PFC,PHOENIXLTD,PIDILITIND,PIIND,PNB,POLICYBZR,POLYCAB,POWERGRID,POWERINDIA,PREMIERENE,PRESTIGE,RECLTD,RELIANCE,RVNL,SAIL,SBICARD,SBILIFE,SBIN,SHREECEM,SHRIRAMFIN,SIEMENS,SOLARINDS,SONACOMS,SRF,SUNPHARMA,SUPREMEIND,SUZLON,SWIGGY,TATACOMM,TATACONSUM,TATAELXSI,TATAPOWER,TATASTEEL,TATATECH,TCS,TECHM,TIINDIA,TITAN,TMPV,TORNTPHARM,TORNTPOWER,TRENT,TVSMOTOR,ULTRACEMCO,UNIONBANK,UNITDSPR,UPL,VBL,VEDL,VMM,VOLTAS,WAAREEENER,WIPRO,YESBANK,ZYDUSLIFE"
2025-06-30,"360ONE,ABB,ABCAPITAL,ACC,ADANIENSOL,ADANIENT,ADANIGREEN,ADANIPORTS,ADANIPOWER,ALKEM,AMBUJACEM,APLAPOLLO,APOLLOHOSP,ASHOKLEY,ASIANPAINT,ASTRAL,ATGL,AUBANK,AUROPHARMA,AXISBANK,BAJAJ-AUTO,BAJAJFINSV,BAJAJHFL,BAJAJHLDNG,BAJFINANCE,BANKBARODA,BANKINDIA,BDL,BEL,BHARATFORG,BHARTIARTL,BHARTIHEXA,BHEL,BIOCON,BLUESTARCO,BOSCHLTD,BPCL,BRITANNIA,BSE,CANBK,CGPOWER,CHOLAFIN,CIPLA,COALINDIA,COCHINSHIP,COFORGE,COLPAL,CONCOR,COROMANDEL,CUMMINSIND,DABUR,DIVISLAB,DIXON,DLF,DMART,DRREDDY,EICHERMOT,ENRIN,ETERNAL,EXIDEIND,FEDERALBNK,FORTIS,GAIL,GLENMARK,GMRAIRPORT,GODFRYPHLP,GODREJCP,GODREJPROP,GRASIM,HAL,HAVELLS,HCLTECH,HDFCAMC,HDFCBANK,HDFCLIFE,HEROMOTOCO,HINDALCO,HINDPETRO,HINDUNILVR,HINDZINC,HUDCO,HYUNDAI,ICICIBANK,ICICIGI,IDEA,IDFCFIRSTB,IGL,INDHOTEL,INDIANB,INDIGO,INDUSINDBK,INDUSTOWER,INFY,IOC,IRB,IRCTC,IREDA,IRFC,ITC,ITCHOTELS,JINDALSTEL,JIOFIN,JSWENERGY,JSWSTEEL,JUBLFOOD,KALYANKJIL,KEI,KOTAKBANK,KPITTECH,LICHSGFIN,LICI,LODHA,LT,LTF,LTM,LUPIN,M&M,M&MFIN,MANKIND,MARICO,MARUTI,MAXHEALTH,MAZDOCK,MFSL,MOTHERSON,MOTILALOFS,MPHASIS,MRF,MUTHOOTFIN,NATIONALUM,NAUKRI,NESTLEIND,NHPC,NMDC,NTPC,NTPCGREEN,NYKAA,OBEROIRLTY,OFSS,OIL,ONGC,PAGEIND,PATANJALI,PAYTM,PERSISTENT,PFC,PHOENIXLTD,PIDILITIND,PIIND,PNB,POLICYBZR,POLYCAB,POWERGRID,POWERINDIA,PREMIERENE,PRESTIGE,RECLTD,RELIANCE,RVNL,SAIL,SBICARD,SBILIFE,SBIN,SHREECEM,SHRIRAMFIN,SIEMENS,SOLARINDS,SONACOMS,SRF,SUNPHARMA,SUPREMEIND,SUZLON,SWIGGY,TATACOMM,TATACONSUM,TATAELXSI,TATAPOWER,TATASTEEL,TATATECH,TCS,TECHM,TIINDIA,TITAN,TMPV,TORNTPHARM,TORNTPOWER,TRENT,TVSMOTOR,ULTRACEMCO,UNIONBANK,UNITDSPR,UPL,VBL,VEDL,VMM,VOLTAS,WAAREEENER,WIPRO,YESBANK,ZYDUSLIFE"
2025-07-31,"360ONE,ABB,ABCAPITAL,ACC,ADANIENSOL,ADANIENT,ADANIGREEN,ADANIPORTS,ADANIPOWER,ALKEM,AMBUJACEM,APLAPOLLO,APOLLOHOSP,ASHOKLEY,ASIANPAINT,ASTRAL,ATGL,AUBANK,AUROPHARMA,AXISBANK,BAJAJ-AUTO,BAJAJFINSV,BAJAJHFL,BAJAJHLDNG,BAJFINANCE,BANKBARODA,BANKINDIA,BDL,BEL,BHARATFORG,BHARTIARTL,BHARTIHEXA,BHEL,BIOCON,BLUESTARCO,BOSCHLTD,BPCL,BRITANNIA,BSE,CANBK,CGPOWER,CHOLAFIN,CIPLA,COALINDIA,COCHINSHIP,COFORGE,COLPAL,CONCOR,COROMANDEL,CUMMINSIND,DABUR,DIVISLAB,DIXON,DLF,DMART,DRREDDY,EICHERMOT,ENRIN,ETERNAL,EXIDEIND,FEDERALBNK,FORTIS,GAIL,GLENMARK,GMRAIRPORT,GODFRYPHLP,GODREJCP,GODREJPROP,GRASIM,HAL,HAVELLS,HCLTECH,HDFCAMC,HDFCBANK,HDFCLIFE,HEROMOTOCO,HINDALCO,HINDPETRO,HINDUNILVR,HINDZINC,HUDCO,HYUNDAI,ICICIBANK,ICICIGI,IDEA,IDFCFIRSTB,IGL,INDHOTEL,INDIANB,INDIGO,INDUSINDBK,INDUSTOWER,INFY,IOC,IRB,IRCTC,IREDA,IRFC,ITC,ITCHOTELS,JINDALSTEL,JIOFIN,JSWENERGY,JSWSTEEL,JUBLFOOD,KALYANKJIL,KEI,KOTAKBANK,KPITTECH,LICHSGFIN,LICI,LODHA,LT,LTF,LTM,LUPIN,M&M,M&MFIN,MANKIND,MARICO,MARUTI,MAXHEALTH,MAZDOCK,MFSL,MOTHERSON,MOTILALOFS,MPHASIS,MRF,MUTHOOTFIN,NATIONALUM,NAUKRI,NESTLEIND,NHPC,NMDC,NTPC,NTPCGREEN,NYKAA,OBEROIRLTY,OFSS,OIL,ONGC,PAGEIND,PATANJALI,PAYTM,PERSISTENT,PFC,PHOENIXLTD,PIDILITIND,PIIND,PNB,POLICYBZR,POLYCAB,POWERGRID,POWERINDIA,PREMIERENE,PRESTIGE,RECLTD,RELIANCE,RVNL,SAIL,SBICARD,SBILIFE,SBIN,SHREECEM,SHRIRAMFIN,SIEMENS,SOLARINDS,SONACOMS,SRF,SUNPHARMA,SUPREMEIND,SUZLON,SWIGGY,TATACOMM,TATACONSUM,TATAELXSI,TATAPOWER,TATASTEEL,TATATECH,TCS,TECHM,TIINDIA,TITAN,TMPV,TORNTPHARM,TORNTPOWER,TRENT,TVSMOTOR,ULTRACEMCO,UNIONBANK,UNITDSPR,UPL,VBL,VEDL,VMM,VOLTAS,WAAREEENER,WIPRO,YESBANK,ZYDUSLIFE"
2025-08-31,"360ONE,ABB,ABCAPITAL,ACC,ADANIENSOL,ADANIENT,ADANIGREEN,ADANIPORTS,ADANIPOWER,ALKEM,AMBUJACEM,APLAPOLLO,APOLLOHOSP,ASHOKLEY,ASIANPAINT,ASTRAL,ATGL,AUBANK,AUROPHARMA,AXISBANK,BAJAJ-AUTO,BAJAJFINSV,BAJAJHFL,BAJAJHLDNG,BAJFINANCE,BANKBARODA,BANKINDIA,BDL,BEL,BHARATFORG,BHARTIARTL,BHARTIHEXA,BHEL,BIOCON,BLUESTARCO,BOSCHLTD,BPCL,BRITANNIA,BSE,CANBK,CGPOWER,CHOLAFIN,CIPLA,COALINDIA,COCHINSHIP,COFORGE,COLPAL,CONCOR,COROMANDEL,CUMMINSIND,DABUR,DIVISLAB,DIXON,DLF,DMART,DRREDDY,EICHERMOT,ENRIN,ETERNAL,EXIDEIND,FEDERALBNK,FORTIS,GAIL,GLENMARK,GMRAIRPORT,GODFRYPHLP,GODREJCP,GODREJPROP,GRASIM,HAL,HAVELLS,HCLTECH,HDFCAMC,HDFCBANK,HDFCLIFE,HEROMOTOCO,HINDALCO,HINDPETRO,HINDUNILVR,HINDZINC,HUDCO,HYUNDAI,ICICIBANK,ICICIGI,IDEA,IDFCFIRSTB,IGL,INDHOTEL,INDIANB,INDIGO,INDUSINDBK,INDUSTOWER,INFY,IOC,IRB,IRCTC,IREDA,IRFC,ITC,ITCHOTELS,JINDALSTEL,JIOFIN,JSWENERGY,JSWSTEEL,JUBLFOOD,KALYANKJIL,KEI,KOTAKBANK,KPITTECH,LICHSGFIN,LICI,LODHA,LT,LTF,LTM,LUPIN,M&M,M&MFIN,MANKIND,MARICO,MARUTI,MAXHEALTH,MAZDOCK,MFSL,MOTHERSON,MOTILALOFS,MPHASIS,MRF,MUTHOOTFIN,NATIONALUM,NAUKRI,NESTLEIND,NHPC,NMDC,NTPC,NTPCGREEN,NYKAA,OBEROIRLTY,OFSS,OIL,ONGC,PAGEIND,PATANJALI,PAYTM,PERSISTENT,PFC,PHOENIXLTD,PIDILITIND,PIIND,PNB,POLICYBZR,POLYCAB,POWERGRID,POWERINDIA,PREMIERENE,PRESTIGE,RECLTD,RELIANCE,RVNL,SAIL,SBICARD,SBILIFE,SBIN,SHREECEM,SHRIRAMFIN,SIEMENS,SOLARINDS,SONACOMS,SRF,SUNPHARMA,SUPREMEIND,SUZLON,SWIGGY,TATACOMM,TATACONSUM,TATAELXSI,TATAPOWER,TATASTEEL,TATATECH,TCS,TECHM,TIINDIA,TITAN,TMPV,TORNTPHARM,TORNTPOWER,TRENT,TVSMOTOR,ULTRACEMCO,UNIONBANK,UNITDSPR,UPL,VBL,VEDL,VMM,VOLTAS,WAAREEENER,WIPRO,YESBANK,ZYDUSLIFE"
2025-09-30,"360ONE,ABB,ABCAPITAL,ACC,ADANIENSOL,ADANIENT,ADANIGREEN,ADANIPORTS,ADANIPOWER,ALKEM,AMBUJACEM,APLAPOLLO,APOLLOHOSP,ASHOKLEY,ASIANPAINT,ASTRAL,ATGL,AUBANK,AUROPHARMA,AXISBANK,BAJAJ-AUTO,BAJAJFINSV,BAJAJHFL,BAJAJHLDNG,BAJFINANCE,BANKBARODA,BANKINDIA,BDL,BEL,BHARATFORG,BHARTIARTL,BHARTIHEXA,BHEL,BIOCON,BLUESTARCO,BOSCHLTD,BPCL,BRITANNIA,BSE,CANBK,CGPOWER,CHOLAFIN,CIPLA,COALINDIA,COCHINSHIP,COFORGE,COLPAL,CONCOR,COROMANDEL,CUMMINSIND,DABUR,DIVISLAB,DIXON,DLF,DMART,DRREDDY,EICHERMOT,ENRIN,ETERNAL,EXIDEIND,FEDERALBNK,FORTIS,GAIL,GLENMARK,GMRAIRPORT,GODFRYPHLP,GODREJCP,GODREJPROP,GRASIM,HAL,HAVELLS,HCLTECH,HDFCAMC,HDFCBANK,HDFCLIFE,HEROMOTOCO,HINDALCO,HINDPETRO,HINDUNILVR,HINDZINC,HUDCO,HYUNDAI,ICICIBANK,ICICIGI,IDEA,IDFCFIRSTB,IGL,INDHOTEL,INDIANB,INDIGO,INDUSINDBK,INDUSTOWER,INFY,IOC,IRB,IRCTC,IREDA,IRFC,ITC,ITCHOTELS,JINDALSTEL,JIOFIN,JSWENERGY,JSWSTEEL,JUBLFOOD,KALYANKJIL,KEI,KOTAKBANK,KPITTECH,LICHSGFIN,LICI,LODHA,LT,LTF,LTM,LUPIN,M&M,M&MFIN,MANKIND,MARICO,MARUTI,MAXHEALTH,MAZDOCK,MFSL,MOTHERSON,MOTILALOFS,MPHASIS,MRF,MUTHOOTFIN,NATIONALUM,NAUKRI,NESTLEIND,NHPC,NMDC,NTPC,NTPCGREEN,NYKAA,OBEROIRLTY,OFSS,OIL,ONGC,PAGEIND,PATANJALI,PAYTM,PERSISTENT,PFC,PHOENIXLTD,PIDILITIND,PIIND,PNB,POLICYBZR,POLYCAB,POWERGRID,POWERINDIA,PREMIERENE,PRESTIGE,RECLTD,RELIANCE,RVNL,SAIL,SBICARD,SBILIFE,SBIN,SHREECEM,SHRIRAMFIN,SIEMENS,SOLARINDS,SONACOMS,SRF,SUNPHARMA,SUPREMEIND,SUZLON,SWIGGY,TATACOMM,TATACONSUM,TATAELXSI,TATAPOWER,TATASTEEL,TATATECH,TCS,TECHM,TIINDIA,TITAN,TMPV,TORNTPHARM,TORNTPOWER,TRENT,TVSMOTOR,ULTRACEMCO,UNIONBANK,UNITDSPR,UPL,VBL,VEDL,VMM,VOLTAS,WAAREEENER,WIPRO,YESBANK,ZYDUSLIFE"
2025-10-31,"360ONE,ABB,ABCAPITAL,ACC,ADANIENSOL,ADANIENT,ADANIGREEN,ADANIPORTS,ADANIPOWER,ALKEM,AMBUJACEM,APLAPOLLO,APOLLOHOSP,ASHOKLEY,ASIANPAINT,ASTRAL,ATGL,AUBANK,AUROPHARMA,AXISBANK,BAJAJ-AUTO,BAJAJFINSV,BAJAJHFL,BAJAJHLDNG,BAJFINANCE,BANKBARODA,BANKINDIA,BDL,BEL,BHARATFORG,BHARTIARTL,BHARTIHEXA,BHEL,BIOCON,BLUESTARCO,BOSCHLTD,BPCL,BRITANNIA,BSE,CANBK,CGPOWER,CHOLAFIN,CIPLA,COALINDIA,COCHINSHIP,COFORGE,COLPAL,CONCOR,COROMANDEL,CUMMINSIND,DABUR,DIVISLAB,DIXON,DLF,DMART,DRREDDY,EICHERMOT,ENRIN,ETERNAL,EXIDEIND,FEDERALBNK,FORTIS,GAIL,GLENMARK,GMRAIRPORT,GODFRYPHLP,GODREJCP,GODREJPROP,GRASIM,HAL,HAVELLS,HCLTECH,HDFCAMC,HDFCBANK,HDFCLIFE,HEROMOTOCO,HINDALCO,HINDPETRO,HINDUNILVR,HINDZINC,HUDCO,HYUNDAI,ICICIBANK,ICICIGI,IDEA,IDFCFIRSTB,IGL,INDHOTEL,INDIANB,INDIGO,INDUSINDBK,INDUSTOWER,INFY,IOC,IRB,IRCTC,IREDA,IRFC,ITC,ITCHOTELS,JINDALSTEL,JIOFIN,JSWENERGY,JSWSTEEL,JUBLFOOD,KALYANKJIL,KEI,KOTAKBANK,KPITTECH,LICHSGFIN,LICI,LODHA,LT,LTF,LTM,LUPIN,M&M,M&MFIN,MANKIND,MARICO,MARUTI,MAXHEALTH,MAZDOCK,MFSL,MOTHERSON,MOTILALOFS,MPHASIS,MRF,MUTHOOTFIN,NATIONALUM,NAUKRI,NESTLEIND,NHPC,NMDC,NTPC,NTPCGREEN,NYKAA,OBEROIRLTY,OFSS,OIL,ONGC,PAGEIND,PATANJALI,PAYTM,PERSISTENT,PFC,PHOENIXLTD,PIDILITIND,PIIND,PNB,POLICYBZR,POLYCAB,POWERGRID,POWERINDIA,PREMIERENE,PRESTIGE,RECLTD,RELIANCE,RVNL,SAIL,SBICARD,SBILIFE,SBIN,SHREECEM,SHRIRAMFIN,SIEMENS,SOLARINDS,SONACOMS,SRF,SUNPHARMA,SUPREMEIND,SUZLON,SWIGGY,TATACOMM,TATACONSUM,TATAELXSI,TATAPOWER,TATASTEEL,TATATECH,TCS,TECHM,TIINDIA,TITAN,TMPV,TORNTPHARM,TORNTPOWER,TRENT,TVSMOTOR,ULTRACEMCO,UNIONBANK,UNITDSPR,UPL,VBL,VEDL,VMM,VOLTAS,WAAREEENER,WIPRO,YESBANK,ZYDUSLIFE"
2025-11-30,"360ONE,ABB,ABCAPITAL,ACC,ADANIENSOL,ADANIENT,ADANIGREEN,ADANIPORTS,ADANIPOWER,ALKEM,AMBUJACEM,APLAPOLLO,APOLLOHOSP,ASHOKLEY,ASIANPAINT,ASTRAL,ATGL,AUBANK,AUROPHARMA,AXISBANK,BAJAJ-AUTO,BAJAJFINSV,BAJAJHFL,BAJAJHLDNG,BAJFINANCE,BANKBARODA,BANKINDIA,BDL,BEL,BHARATFORG,BHARTIARTL,BHARTIHEXA,BHEL,BIOCON,BLUESTARCO,BOSCHLTD,BPCL,BRITANNIA,BSE,CANBK,CGPOWER,CHOLAFIN,CIPLA,COALINDIA,COCHINSHIP,COFORGE,COLPAL,CONCOR,COROMANDEL,CUMMINSIND,DABUR,DIVISLAB,DIXON,DLF,DMART,DRREDDY,EICHERMOT,ENRIN,ETERNAL,EXIDEIND,FEDERALBNK,FORTIS,GAIL,GLENMARK,GMRAIRPORT,GODFRYPHLP,GODREJCP,GODREJPROP,GRASIM,HAL,HAVELLS,HCLTECH,HDFCAMC,HDFCBANK,HDFCLIFE,HEROMOTOCO,HINDALCO,HINDPETRO,HINDUNILVR,HINDZINC,HUDCO,HYUNDAI,ICICIBANK,ICICIGI,IDEA,IDFCFIRSTB,IGL,INDHOTEL,INDIANB,INDIGO,INDUSINDBK,INDUSTOWER,INFY,IOC,IRB,IRCTC,IREDA,IRFC,ITC,ITCHOTELS,JINDALSTEL,JIOFIN,JSWENERGY,JSWSTEEL,JUBLFOOD,KALYANKJIL,KEI,KOTAKBANK,KPITTECH,LICHSGFIN,LICI,LODHA,LT,LTF,LTM,LUPIN,M&M,M&MFIN,MANKIND,MARICO,MARUTI,MAXHEALTH,MAZDOCK,MFSL,MOTHERSON,MOTILALOFS,MPHASIS,MRF,MUTHOOTFIN,NATIONALUM,NAUKRI,NESTLEIND,NHPC,NMDC,NTPC,NTPCGREEN,NYKAA,OBEROIRLTY,OFSS,OIL,ONGC,PAGEIND,PATANJALI,PAYTM,PERSISTENT,PFC,PHOENIXLTD,PIDILITIND,PIIND,PNB,POLICYBZR,POLYCAB,POWERGRID,POWERINDIA,PREMIERENE,PRESTIGE,RECLTD,RELIANCE,RVNL,SAIL,SBICARD,SBILIFE,SBIN,SHREECEM,SHRIRAMFIN,SIEMENS,SOLARINDS,SONACOMS,SRF,SUNPHARMA,SUPREMEIND,SUZLON,SWIGGY,TATACOMM,TATACONSUM,TATAELXSI,TATAPOWER,TATASTEEL,TATATECH,TCS,TECHM,TIINDIA,TITAN,TMPV,TORNTPHARM,TORNTPOWER,TRENT,TVSMOTOR,ULTRACEMCO,UNIONBANK,UNITDSPR,UPL,VBL,VEDL,VMM,VOLTAS,WAAREEENER,WIPRO,YESBANK,ZYDUSLIFE"
2025-12-31,"360ONE,ABB,ABCAPITAL,ACC,ADANIENSOL,ADANIENT,ADANIGREEN,ADANIPORTS,ADANIPOWER,ALKEM,AMBUJACEM,APLAPOLLO,APOLLOHOSP,ASHOKLEY,ASIANPAINT,ASTRAL,ATGL,AUBANK,AUROPHARMA,AXISBANK,BAJAJ-AUTO,BAJAJFINSV,BAJAJHFL,BAJAJHLDNG,BAJFINANCE,BANKBARODA,BANKINDIA,BDL,BEL,BHARATFORG,BHARTIARTL,BHARTIHEXA,BHEL,BIOCON,BLUESTARCO,BOSCHLTD,BPCL,BRITANNIA,BSE,CANBK,CGPOWER,CHOLAFIN,CIPLA,COALINDIA,COCHINSHIP,COFORGE,COLPAL,CONCOR,COROMANDEL,CUMMINSIND,DABUR,DIVISLAB,DIXON,DLF,DMART,DRREDDY,EICHERMOT,ENRIN,ETERNAL,EXIDEIND,FEDERALBNK,FORTIS,GAIL,GLENMARK,GMRAIRPORT,GODFRYPHLP,GODREJCP,GODREJPROP,GRASIM,HAL,HAVELLS,HCLTECH,HDFCAMC,HDFCBANK,HDFCLIFE,HEROMOTOCO,HINDALCO,HINDPETRO,HINDUNILVR,HINDZINC,HUDCO,HYUNDAI,ICICIBANK,ICICIGI,IDEA,IDFCFIRSTB,IGL,INDHOTEL,INDIANB,INDIGO,INDUSINDBK,INDUSTOWER,INFY,IOC,IRB,IRCTC,IREDA,IRFC,ITC,ITCHOTELS,JINDALSTEL,JIOFIN,JSWENERGY,JSWSTEEL,JUBLFOOD,KALYANKJIL,KEI,KOTAKBANK,KPITTECH,LICHSGFIN,LICI,LODHA,LT,LTF,LTM,LUPIN,M&M,M&MFIN,MANKIND,MARICO,MARUTI,MAXHEALTH,MAZDOCK,MFSL,MOTHERSON,MOTILALOFS,MPHASIS,MRF,MUTHOOTFIN,NATIONALUM,NAUKRI,NESTLEIND,NHPC,NMDC,NTPC,NTPCGREEN,NYKAA,OBEROIRLTY,OFSS,OIL,ONGC,PAGEIND,PATANJALI,PAYTM,PERSISTENT,PFC,PHOENIXLTD,PIDILITIND,PIIND,PNB,POLICYBZR,POLYCAB,POWERGRID,POWERINDIA,PREMIERENE,PRESTIGE,RECLTD,RELIANCE,RVNL,SAIL,SBICARD,SBILIFE,SBIN,SHREECEM,SHRIRAMFIN,SIEMENS,SOLARINDS,SONACOMS,SRF,SUNPHARMA,SUPREMEIND,SUZLON,SWIGGY,TATACOMM,TATACONSUM,TATAELXSI,TATAPOWER,TATASTEEL,TATATECH,TCS,TECHM,TIINDIA,TITAN,TMPV,TORNTPHARM,TORNTPOWER,TRENT,TVSMOTOR,ULTRACEMCO,UNIONBANK,UNITDSPR,UPL,VBL,VEDL,VMM,VOLTAS,WAAREEENER,WIPRO,YESBANK,ZYDUSLIFE"
2026-01-31,"360ONE,ABB,ABCAPITAL,ACC,ADANIENSOL,ADANIENT,ADANIGREEN,ADANIPORTS,ADANIPOWER,ALKEM,AMBUJACEM,APLAPOLLO,APOLLOHOSP,ASHOKLEY,ASIANPAINT,ASTRAL,ATGL,AUBANK,AUROPHARMA,AXISBANK,BAJAJ-AUTO,BAJAJFINSV,BAJAJHFL,BAJAJHLDNG,BAJFINANCE,BANKBARODA,BANKINDIA,BDL,BEL,BHARATFORG,BHARTIARTL,BHARTIHEXA,BHEL,BIOCON,BLUESTARCO,BOSCHLTD,BPCL,BRITANNIA,BSE,CANBK,CGPOWER,CHOLAFIN,CIPLA,COALINDIA,COCHINSHIP,COFORGE,COLPAL,CONCOR,COROMANDEL,CUMMINSIND,DABUR,DIVISLAB,DIXON,DLF,DMART,DRREDDY,EICHERMOT,ENRIN,ETERNAL,EXIDEIND,FEDERALBNK,FORTIS,GAIL,GLENMARK,GMRAIRPORT,GODFRYPHLP,GODREJCP,GODREJPROP,GRASIM,HAL,HAVELLS,HCLTECH,HDFCAMC,HDFCBANK,HDFCLIFE,HEROMOTOCO,HINDALCO,HINDPETRO,HINDUNILVR,HINDZINC,HUDCO,HYUNDAI,ICICIBANK,ICICIGI,IDEA,IDFCFIRSTB,IGL,INDHOTEL,INDIANB,INDIGO,INDUSINDBK,INDUSTOWER,INFY,IOC,IRB,IRCTC,IREDA,IRFC,ITC,ITCHOTELS,JINDALSTEL,JIOFIN,JSWENERGY,JSWSTEEL,JUBLFOOD,KALYANKJIL,KEI,KOTAKBANK,KPITTECH,LICHSGFIN,LICI,LODHA,LT,LTF,LTM,LUPIN,M&M,M&MFIN,MANKIND,MARICO,MARUTI,MAXHEALTH,MAZDOCK,MFSL,MOTHERSON,MOTILALOFS,MPHASIS,MRF,MUTHOOTFIN,NATIONALUM,NAUKRI,NESTLEIND,NHPC,NMDC,NTPC,NTPCGREEN,NYKAA,OBEROIRLTY,OFSS,OIL,ONGC,PAGEIND,PATANJALI,PAYTM,PERSISTENT,PFC,PHOENIXLTD,PIDILITIND,PIIND,PNB,POLICYBZR,POLYCAB,POWERGRID,POWERINDIA,PREMIERENE,PRESTIGE,RECLTD,RELIANCE,RVNL,SAIL,SBICARD,SBILIFE,SBIN,SHREECEM,SHRIRAMFIN,SIEMENS,SOLARINDS,SONACOMS,SRF,SUNPHARMA,SUPREMEIND,SUZLON,SWIGGY,TATACOMM,TATACONSUM,TATAELXSI,TATAPOWER,TATASTEEL,TATATECH,TCS,TECHM,TIINDIA,TITAN,TMPV,TORNTPHARM,TORNTPOWER,TRENT,TVSMOTOR,ULTRACEMCO,UNIONBANK,UNITDSPR,UPL,VBL,VEDL,VMM,VOLTAS,WAAREEENER,WIPRO,YESBANK,ZYDUSLIFE"
2026-02-28,"360ONE,ABB,ABCAPITAL,ACC,ADANIENSOL,ADANIENT,ADANIGREEN,ADANIPORTS,ADANIPOWER,ALKEM,AMBUJACEM,APLAPOLLO,APOLLOHOSP,ASHOKLEY,ASIANPAINT,ASTRAL,ATGL,AUBANK,AUROPHARMA,AXISBANK,BAJAJ-AUTO,BAJAJFINSV,BAJAJHFL,BAJAJHLDNG,BAJFINANCE,BANKBARODA,BANKINDIA,BDL,BEL,BHARATFORG,BHARTIARTL,BHARTIHEXA,BHEL,BIOCON,BLUESTARCO,BOSCHLTD,BPCL,BRITANNIA,BSE,CANBK,CGPOWER,CHOLAFIN,CIPLA,COALINDIA,COCHINSHIP,COFORGE,COLPAL,CONCOR,COROMANDEL,CUMMINSIND,DABUR,DIVISLAB,DIXON,DLF,DMART,DRREDDY,EICHERMOT,ENRIN,ETERNAL,EXIDEIND,FEDERALBNK,FORTIS,GAIL,GLENMARK,GMRAIRPORT,GODFRYPHLP,GODREJCP,GODREJPROP,GRASIM,HAL,HAVELLS,HCLTECH,HDFCAMC,HDFCBANK,HDFCLIFE,HEROMOTOCO,HINDALCO,HINDPETRO,HINDUNILVR,HINDZINC,HUDCO,HYUNDAI,ICICIBANK,ICICIGI,IDEA,IDFCFIRSTB,IGL,INDHOTEL,INDIANB,INDIGO,INDUSINDBK,INDUSTOWER,INFY,IOC,IRB,IRCTC,IREDA,IRFC,ITC,ITCHOTELS,JINDALSTEL,JIOFIN,JSWENERGY,JSWSTEEL,JUBLFOOD,KALYANKJIL,KEI,KOTAKBANK,KPITTECH,LICHSGFIN,LICI,LODHA,LT,LTF,LTM,LUPIN,M&M,M&MFIN,MANKIND,MARICO,MARUTI,MAXHEALTH,MAZDOCK,MFSL,MOTHERSON,MOTILALOFS,MPHASIS,MRF,MUTHOOTFIN,NATIONALUM,NAUKRI,NESTLEIND,NHPC,NMDC,NTPC,NTPCGREEN,NYKAA,OBEROIRLTY,OFSS,OIL,ONGC,PAGEIND,PATANJALI,PAYTM,PERSISTENT,PFC,PHOENIXLTD,PIDILITIND,PIIND,PNB,POLICYBZR,POLYCAB,POWERGRID,POWERINDIA,PREMIERENE,PRESTIGE,RECLTD,RELIANCE,RVNL,SAIL,SBICARD,SBILIFE,SBIN,SHREECEM,SHRIRAMFIN,SIEMENS,SOLARINDS,SONACOMS,SRF,SUNPHARMA,SUPREMEIND,SUZLON,SWIGGY,TATACOMM,TATACONSUM,TATAELXSI,TATAPOWER,TATASTEEL,TATATECH,TCS,TECHM,TIINDIA,TITAN,TMPV,TORNTPHARM,TORNTPOWER,TRENT,TVSMOTOR,ULTRACEMCO,UNIONBANK,UNITDSPR,UPL,VBL,VEDL,VMM,VOLTAS,WAAREEENER,WIPRO,YESBANK,ZYDUSLIFE"
2026-03-31,"360ONE,ABB,ABCAPITAL,ADANIENSOL,ADANIENT,ADANIGREEN,ADANIPORTS,ADANIPOWER,ALKEM,AMBUJACEM,APLAPOLLO,APOLLOHOSP,ASHOKLEY,ASIANPAINT,ASTRAL,ATGL,AUBANK,AUROPHARMA,AXISBANK,BAJAJ-AUTO,BAJAJFINSV,BAJAJHLDNG,BAJFINANCE,BANKBARODA,BANKINDIA,BDL,BEL,BHARATFORG,BHARTIARTL,BHEL,BIOCON,BLUESTARCO,BOSCHLTD,BPCL,BRITANNIA,BSE,CANBK,CGPOWER,CHOLAFIN,CIPLA,COALINDIA,COCHINSHIP,COFORGE,COLPAL,CONCOR,COROMANDEL,CUMMINSIND,DABUR,DIVISLAB,DIXON,DLF,DMART,DRREDDY,EICHERMOT,ENRIN,ETERNAL,EXIDEIND,FEDERALBNK,FORTIS,GAIL,GLENMARK,GMRAIRPORT,GODFRYPHLP,GODREJCP,GODREJPROP,GRASIM,GROWW,GVT&D,HAL,HAVELLS,HCLTECH,HDFCAMC,HDFCBANK,HDFCLIFE,HEROMOTOCO,HINDALCO,HINDPETRO,HINDUNILVR,HINDZINC,HUDCO,HYUNDAI,ICICIAMC,ICICIBANK,ICICIGI,IDEA,IDFCFIRSTB,INDHOTEL,INDIANB,INDIGO,INDUSINDBK,INDUSTOWER,INFY,IOC,IRCTC,IREDA,IRFC,ITC,JINDALSTEL,JIOFIN,JSWENERGY,JSWSTEEL,JUBLFOOD,KALYANKJIL,KEI,KOTAKBANK,KPITTECH,LAURUSLABS,LENSKART,LGEINDIA,LICHSGFIN,LODHA,LT,LTF,LTM,LUPIN,M&M,M&MFIN,MANKIND,MARICO,MARUTI,MAXHEALTH,MAZDOCK,MCX,MFSL,MOTHERSON,MOTILALOFS,MPHASIS,MRF,MUTHOOTFIN,NATIONALUM,NAUKRI,NESTLEIND,NHPC,NMDC,NTPC,NYKAA,OBEROIRLTY,OFSS,OIL,ONGC,PAGEIND,PATANJALI,PAYTM,PERSISTENT,PFC,PHOENIXLTD,PIDILITIND,PIIND,PNB,POLICYBZR,POLYCAB,POWERGRID,POWERINDIA,PREMIERENE,PRESTIGE,RADICO,RECLTD,RELIANCE,RVNL,SAIL,SBICARD,SBILIFE,SBIN,SHREECEM,SHRIRAMFIN,SIEMENS,SOLARINDS,SRF,SUNPHARMA,SUPREMEIND,SUZLON,SWIGGY,TATACAP,TATACOMM,TATACONSUM,TATAELXSI,TATAINVEST,TATAPOWER,TATASTEEL,TCS,TECHM,TIINDIA,TITAN,TMCV,TMPV,TORNTPHARM,TRENT,TVSMOTOR,ULTRACEMCO,UNIONBANK,UNITDSPR,UPL,VBL,VEDL,VMM,VOLTAS,WAAREEENER,WIPRO,YESBANK,ZYDUSLIFE"
2026-04-30,"360ONE,ABB,ABCAPITAL,ADANIENSOL,ADANIENT,ADANIGREEN,ADANIPORTS,ADANIPOWER,ALKEM,AMBUJACEM,APLAPOLLO,APOLLOHOSP,ASHOKLEY,ASIANPAINT,ASTRAL,ATGL,AUBANK,AUROPHARMA,AXISBANK,BAJAJ-AUTO,BAJAJFINSV,BAJAJHLDNG,BAJFINANCE,BANKBARODA,BANKINDIA,BDL,BEL,BHARATFORG,BHARTIARTL,BHEL,BIOCON,BLUESTARCO,BOSCHLTD,BPCL,BRITANNIA,BSE,CANBK,CGPOWER,CHOLAFIN,CIPLA,COALINDIA,COCHINSHIP,COFORGE,COLPAL,CONCOR,COROMANDEL,CUMMINSIND,DABUR,DIVISLAB,DIXON,DLF,DMART,DRREDDY,EICHERMOT,ENRIN,ETERNAL,EXIDEIND,FEDERALBNK,FORTIS,GAIL,GLENMARK,GMRAIRPORT,GODFRYPHLP,GODREJCP,GODREJPROP,GRASIM,GROWW,GVT&D,HAL,HAVELLS,HCLTECH,HDFCAMC,HDFCBANK,HDFCLIFE,HEROMOTOCO,HINDALCO,HINDPETRO,HINDUNILVR,HINDZINC,HUDCO,HYUNDAI,ICICIAMC,ICICIBANK,ICICIGI,IDEA,IDFCFIRSTB,INDHOTEL,INDIANB,INDIGO,INDUSINDBK,INDUSTOWER,INFY,IOC,IRCTC,IREDA,IRFC,ITC,JINDALSTEL,JIOFIN,JSWENERGY,JSWSTEEL,JUBLFOOD,KALYANKJIL,KEI,KOTAKBANK,KPITTECH,LAURUSLABS,LENSKART,LGEINDIA,LICHSGFIN,LODHA,LT,LTF,LTM,LUPIN,M&M,M&MFIN,MANKIND,MARICO,MARUTI,MAXHEALTH,MAZDOCK,MCX,MFSL,MOTHERSON,MOTILALOFS,MPHASIS,MRF,MUTHOOTFIN,NATIONALUM,NAUKRI,NESTLEIND,NHPC,NMDC,NTPC,NYKAA,OBEROIRLTY,OFSS,OIL,ONGC,PAGEIND,PATANJALI,PAYTM,PERSISTENT,PFC,PHOENIXLTD,PIDILITIND,PIIND,PNB,POLICYBZR,POLYCAB,POWERGRID,POWERINDIA,PREMIERENE,PRESTIGE,RADICO,RECLTD,RELIANCE,RVNL,SAIL,SBICARD,SBILIFE,SBIN,SHREECEM,SHRIRAMFIN,SIEMENS,SOLARINDS,SRF,SUNPHARMA,SUPREMEIND,SUZLON,SWIGGY,TATACAP,TATACOMM,TATACONSUM,TATAELXSI,TATAINVEST,TATAPOWER,TATASTEEL,TCS,TECHM,TIINDIA,TITAN,TMCV,TMPV,TORNTPHARM,TRENT,TVSMOTOR,ULTRACEMCO,UNIONBANK,UNITDSPR,UPL,VBL,VEDL,VMM,VOLTAS,WAAREEENER,WIPRO,YESBANK,ZYDUSLIFE"
2026-05-31,"360ONE,ABB,ABCAPITAL,ADANIENSOL,ADANIENT,ADANIGREEN,ADANIPORTS,ADANIPOWER,ALKEM,AMBUJACEM,APLAPOLLO,APOLLOHOSP,ASHOKLEY,ASIANPAINT,ASTRAL,ATGL,AUBANK,AUROPHARMA,AXISBANK,BAJAJ-AUTO,BAJAJFINSV,BAJAJHLDNG,BAJFINANCE,BANKBARODA,BANKINDIA,BDL,BEL,BHARATFORG,BHARTIARTL,BHEL,BIOCON,BLUESTARCO,BOSCHLTD,BPCL,BRITANNIA,BSE,CANBK,CGPOWER,CHOLAFIN,CIPLA,COALINDIA,COCHINSHIP,COFORGE,COLPAL,CONCOR,COROMANDEL,CUMMINSIND,DABUR,DIVISLAB,DIXON,DLF,DMART,DRREDDY,EICHERMOT,ENRIN,ETERNAL,EXIDEIND,FEDERALBNK,FORTIS,GAIL,GLENMARK,GMRAIRPORT,GODFRYPHLP,GODREJCP,GODREJPROP,GRASIM,GROWW,GVT&D,HAL,HAVELLS,HCLTECH,HDFCAMC,HDFCBANK,HDFCLIFE,HEROMOTOCO,HINDALCO,HINDPETRO,HINDUNILVR,HINDZINC,HUDCO,HYUNDAI,ICICIAMC,ICICIBANK,ICICIGI,IDEA,IDFCFIRSTB,INDHOTEL,INDIANB,INDIGO,INDUSINDBK,INDUSTOWER,INFY,IOC,IRCTC,IREDA,IRFC,ITC,JINDALSTEL,JIOFIN,JSWENERGY,JSWSTEEL,JUBLFOOD,KALYANKJIL,KEI,KOTAKBANK,KPITTECH,LAURUSLABS,LENSKART,LGEINDIA,LICHSGFIN,LODHA,LT,LTF,LTM,LUPIN,M&M,M&MFIN,MANKIND,MARICO,MARUTI,MAXHEALTH,MAZDOCK,MCX,MFSL,MOTHERSON,MOTILALOFS,MPHASIS,MRF,MUTHOOTFIN,NATIONALUM,NAUKRI,NESTLEIND,NHPC,NMDC,NTPC,NYKAA,OBEROIRLTY,OFSS,OIL,ONGC,PAGEIND,PATANJALI,PAYTM,PERSISTENT,PFC,PHOENIXLTD,PIDILITIND,PIIND,PNB,POLICYBZR,POLYCAB,POWERGRID,POWERINDIA,PREMIERENE,PRESTIGE,RADICO,RECLTD,RELIANCE,RVNL,SAIL,SBICARD,SBILIFE,SBIN,SHREECEM,SHRIRAMFIN,SIEMENS,SOLARINDS,SRF,SUNPHARMA,SUPREMEIND,SUZLON,SWIGGY,TATACAP,TATACOMM,TATACONSUM,TATAELXSI,TATAINVEST,TATAPOWER,TATASTEEL,TCS,TECHM,TIINDIA,TITAN,TMCV,TMPV,TORNTPHARM,TRENT,TVSMOTOR,ULTRACEMCO,UNIONBANK,UNITDSPR,UPL,VBL,VEDL,VMM,VOLTAS,WAAREEENER,WIPRO,YESBANK,ZYDUSLIFE"
2026-06-30,"360ONE,ABB,ABCAPITAL,ADANIENSOL,ADANIENT,ADANIGREEN,ADANIPORTS,ADANIPOWER,ALKEM,AMBUJACEM,APLAPOLLO,APOLLOHOSP,ASHOKLEY,ASIANPAINT,ASTRAL,ATGL,AUBANK,AUROPHARMA,AXISBANK,BAJAJ-AUTO,BAJAJFINSV,BAJAJHLDNG,BAJFINANCE,BANKBARODA,BANKINDIA,BDL,BEL,BHARATFORG,BHARTIARTL,BHEL,BIOCON,BLUESTARCO,BOSCHLTD,BPCL,BRITANNIA,BSE,CANBK,CGPOWER,CHOLAFIN,CIPLA,COALINDIA,COCHINSHIP,COFORGE,COLPAL,CONCOR,COROMANDEL,CUMMINSIND,DABUR,DIVISLAB,DIXON,DLF,DMART,DRREDDY,EICHERMOT,ENRIN,ETERNAL,EXIDEIND,FEDERALBNK,FORTIS,GAIL,GLENMARK,GMRAIRPORT,GODFRYPHLP,GODREJCP,GODREJPROP,GRASIM,GROWW,GVT&D,HAL,HAVELLS,HCLTECH,HDFCAMC,HDFCBANK,HDFCLIFE,HEROMOTOCO,HINDALCO,HINDPETRO,HINDUNILVR,HINDZINC,HUDCO,HYUNDAI,ICICIAMC,ICICIBANK,ICICIGI,IDEA,IDFCFIRSTB,INDHOTEL,INDIANB,INDIGO,INDUSINDBK,INDUSTOWER,INFY,IOC,IRCTC,IREDA,IRFC,ITC,JINDALSTEL,JIOFIN,JSWENERGY,JSWSTEEL,JUBLFOOD,KALYANKJIL,KEI,KOTAKBANK,KPITTECH,LAURUSLABS,LENSKART,LGEINDIA,LICHSGFIN,LODHA,LT,LTF,LTM,LUPIN,M&M,M&MFIN,MANKIND,MARICO,MARUTI,MAXHEALTH,MAZDOCK,MCX,MFSL,MOTHERSON,MOTILALOFS,MPHASIS,MRF,MUTHOOTFIN,NATIONALUM,NAUKRI,NESTLEIND,NHPC,NMDC,NTPC,NYKAA,OBEROIRLTY,OFSS,OIL,ONGC,PAGEIND,PATANJALI,PAYTM,PERSISTENT,PFC,PHOENIXLTD,PIDILITIND,PIIND,PNB,POLICYBZR,POLYCAB,POWERGRID,POWERINDIA,PREMIERENE,PRESTIGE,RADICO,RECLTD,RELIANCE,RVNL,SAIL,SBICARD,SBILIFE,SBIN,SHREECEM,SHRIRAMFIN,SIEMENS,SOLARINDS,SRF,SUNPHARMA,SUPREMEIND,SUZLON,SWIGGY,TATACAP,TATACOMM,TATACONSUM,TATAELXSI,TATAINVEST,TATAPOWER,TATASTEEL,TCS,TECHM,TIINDIA,TITAN,TMCV,TMPV,TORNTPHARM,TRENT,TVSMOTOR,ULTRACEMCO,UNIONBANK,UNITDSPR,UPL,VBL,VEDL,VMM,VOLTAS,WAAREEENER,WIPRO,YESBANK,ZYDUSLIFE"
2026-07-31,"360ONE,ABB,ABCAPITAL,ADANIENSOL,ADANIENT,ADANIGREEN,ADANIPORTS,ADANIPOWER,ALKEM,AMBUJACEM,APLAPOLLO,APOLLOHOSP,ASHOKLEY,ASIANPAINT,ASTRAL,ATGL,AUBANK,AUROPHARMA,AXISBANK,BAJAJ-AUTO,BAJAJFINSV,BAJAJHLDNG,BAJFINANCE,BANKBARODA,BANKINDIA,BDL,BEL,BHARATFORG,BHARTIARTL,BHEL,BIOCON,BLUESTARCO,BOSCHLTD,BPCL,BRITANNIA,BSE,CANBK,CGPOWER,CHOLAFIN,CIPLA,COALINDIA,COCHINSHIP,COFORGE,COLPAL,CONCOR,COROMANDEL,CUMMINSIND,DABUR,DIVISLAB,DIXON,DLF,DMART,DRREDDY,EICHERMOT,ENRIN,ETERNAL,EXIDEIND,FEDERALBNK,FORTIS,GAIL,GLENMARK,GMRAIRPORT,GODFRYPHLP,GODREJCP,GODREJPROP,GRASIM,GROWW,GVT&D,HAL,HAVELLS,HCLTECH,HDFCAMC,HDFCBANK,HDFCLIFE,HEROMOTOCO,HINDALCO,HINDPETRO,HINDUNILVR,HINDZINC,HUDCO,HYUNDAI,ICICIAMC,ICICIBANK,ICICIGI,IDEA,IDFCFIRSTB,INDHOTEL,INDIANB,INDIGO,INDUSINDBK,INDUSTOWER,INFY,IOC,IRCTC,IREDA,IRFC,ITC,JINDALSTEL,JIOFIN,JSWENERGY,JSWSTEEL,JUBLFOOD,KALYANKJIL,KEI,KOTAKBANK,KPITTECH,LAURUSLABS,LENSKART,LGEINDIA,LICHSGFIN,LODHA,LT,LTF,LTM,LUPIN,M&M,M&MFIN,MANKIND,MARICO,MARUTI,MAXHEALTH,MAZDOCK,MCX,MFSL,MOTHERSON,MOTILALOFS,MPHASIS,MRF,MUTHOOTFIN,NATIONALUM,NAUKRI,NESTLEIND,NHPC,NMDC,NTPC,NYKAA,OBEROIRLTY,OFSS,OIL,ONGC,PAGEIND,PATANJALI,PAYTM,PERSISTENT,PFC,PHOENIXLTD,PIDILITIND,PIIND,PNB,POLICYBZR,POLYCAB,POWERGRID,POWERINDIA,PREMIERENE,PRESTIGE,RADICO,RECLTD,RELIANCE,RVNL,SAIL,SBICARD,SBILIFE,SBIN,SHREECEM,SHRIRAMFIN,SIEMENS,SOLARINDS,SRF,SUNPHARMA,SUPREMEIND,SUZLON,SWIGGY,TATACAP,TATACOMM,TATACONSUM,TATAELXSI,TATAINVEST,TATAPOWER,TATASTEEL,TCS,TECHM,TIINDIA,TITAN,TMCV,TMPV,TORNTPHARM,TRENT,TVSMOTOR,ULTRACEMCO,UNIONBANK,UNITDSPR,UPL,VBL,VEDL,VMM,VOLTAS,WAAREEENER,WIPRO,YESBANK,ZYDUSLIFE"
2026-08-31,"360ONE,ABB,ABCAPITAL,ADANIENSOL,ADANIENT,ADANIGREEN,ADANIPORTS,ADANIPOWER,ALKEM,AMBUJACEM,APLAPOLLO,APOLLOHOSP,ASHOKLEY,ASIANPAINT,ASTRAL,ATGL,AUBANK,AUROPHARMA,AXISBANK,BAJAJ-AUTO,BAJAJFINSV,BAJAJHLDNG,BAJFINANCE,BANKBARODA,BANKINDIA,BDL,BEL,BHARATFORG,BHARTIARTL,BHEL,BIOCON,BLUESTARCO,BOSCHLTD,BPCL,BRITANNIA,BSE,CANBK,CGPOWER,CHOLAFIN,CIPLA,COALINDIA,COCHINSHIP,COFORGE,COLPAL,CONCOR,COROMANDEL,CUMMINSIND,DABUR,DIVISLAB,DIXON,DLF,DMART,DRREDDY,EICHERMOT,ENRIN,ETERNAL,EXIDEIND,FEDERALBNK,FORTIS,GAIL,GLENMARK,GMRAIRPORT,GODFRYPHLP,GODREJCP,GODREJPROP,GRASIM,GROWW,GVT&D,HAL,HAVELLS,HCLTECH,HDFCAMC,HDFCBANK,HDFCLIFE,HEROMOTOCO,HINDALCO,HINDPETRO,HINDUNILVR,HINDZINC,HUDCO,HYUNDAI,ICICIAMC,ICICIBANK,ICICIGI,IDEA,IDFCFIRSTB,INDHOTEL,INDIANB,INDIGO,INDUSINDBK,INDUSTOWER,INFY,IOC,IRCTC,IREDA,IRFC,ITC,JINDALSTEL,JIOFIN,JSWENERGY,JSWSTEEL,JUBLFOOD,KALYANKJIL,KEI,KOTAKBANK,KPITTECH,LAURUSLABS,LENSKART,LGEINDIA,LICHSGFIN,LODHA,LT,LTF,LTM,LUPIN,M&M,M&MFIN,MANKIND,MARICO,MARUTI,MAXHEALTH,MAZDOCK,MCX,MFSL,MOTHERSON,MOTILALOFS,MPHASIS,MRF,MUTHOOTFIN,NATIONALUM,NAUKRI,NESTLEIND,NHPC,NMDC,NTPC,NYKAA,OBEROIRLTY,OFSS,OIL,ONGC,PAGEIND,PATANJALI,PAYTM,PERSISTENT,PFC,PHOENIXLTD,PIDILITIND,PIIND,PNB,POLICYBZR,POLYCAB,POWERGRID,POWERINDIA,PREMIERENE,PRESTIGE,RADICO,RECLTD,RELIANCE,RVNL,SAIL,SBICARD,SBILIFE,SBIN,SHREECEM,SHRIRAMFIN,SIEMENS,SOLARINDS,SRF,SUNPHARMA,SUPREMEIND,SUZLON,SWIGGY,TATACAP,TATACOMM,TATACONSUM,TATAELXSI,TATAINVEST,TATAPOWER,TATASTEEL,TCS,TECHM,TIINDIA,TITAN,TMCV,TMPV,TORNTPHARM,TRENT,TVSMOTOR,ULTRACEMCO,UNIONBANK,UNITDSPR,UPL,VBL,VEDL,VMM,VOLTAS,WAAREEENER,WIPRO,YESBANK,ZYDUSLIFE"
2026-09-30,"360ONE,ABB,ABCAPITAL,ADANIENSOL,ADANIENT,ADANIGREEN,ADANIPORTS,ADANIPOWER,ALKEM,AMBUJACEM,APLAPOLLO,APOLLOHOSP,ASHOKLEY,ASIANPAINT,ASTRAL,ATGL,AUBANK,AUROPHARMA,AXISBANK,BAJAJ-AUTO,BAJAJFINSV,BAJAJHLDNG,BAJFINANCE,BANKBARODA,BANKINDIA,BDL,BEL,BHARATFORG,BHARTIARTL,BHEL,BIOCON,BLUESTARCO,BOSCHLTD,BPCL,BRITANNIA,BSE,CANBK,CGPOWER,CHOLAFIN,CIPLA,COALINDIA,COCHINSHIP,COFORGE,COLPAL,CONCOR,COROMANDEL,CUMMINSIND,DABUR,DIVISLAB,DIXON,DLF,DMART,DRREDDY,EICHERMOT,ENRIN,ETERNAL,EXIDEIND,FEDERALBNK,FORTIS,GAIL,GLENMARK,GMRAIRPORT,GODFRYPHLP,GODREJCP,GODREJPROP,GRASIM,GROWW,GVT&D,HAL,HAVELLS,HCLTECH,HDFCAMC,HDFCBANK,HDFCLIFE,HEROMOTOCO,HINDALCO,HINDPETRO,HINDUNILVR,HINDZINC,HUDCO,HYUNDAI,ICICIAMC,ICICIBANK,ICICIGI,IDEA,IDFCFIRSTB,INDHOTEL,INDIANB,INDIGO,INDUSINDBK,INDUSTOWER,INFY,IOC,IRCTC,IREDA,IRFC,ITC,JINDALSTEL,JIOFIN,JSWENERGY,JSWSTEEL,JUBLFOOD,KALYANKJIL,KEI,KOTAKBANK,KPITTECH,LAURUSLABS,LENSKART,LGEINDIA,LICHSGFIN,LODHA,LT,LTF,LTM,LUPIN,M&M,M&MFIN,MANKIND,MARICO,MARUTI,MAXHEALTH,MAZDOCK,MCX,MFSL,MOTHERSON,MOTILALOFS,MPHASIS,MRF,MUTHOOTFIN,NATIONALUM,NAUKRI,NESTLEIND,NHPC,NMDC,NTPC,NYKAA,OBEROIRLTY,OFSS,OIL,ONGC,PAGEIND,PATANJALI,PAYTM,PERSISTENT,PFC,PHOENIXLTD,PIDILITIND,PIIND,PNB,POLICYBZR,POLYCAB,POWERGRID,POWERINDIA,PREMIERENE,PRESTIGE,RADICO,RECLTD,RELIANCE,RVNL,SAIL,SBICARD,SBILIFE,SBIN,SHREECEM,SHRIRAMFIN,SIEMENS,SOLARINDS,SRF,SUNPHARMA,SUPREMEIND,SUZLON,SWIGGY,TATACAP,TATACOMM,TATACONSUM,TATAELXSI,TATAINVEST,TATAPOWER,TATASTEEL,TCS,TECHM,TIINDIA,TITAN,TMCV,TMPV,TORNTPHARM,TRENT,TVSMOTOR,ULTRACEMCO,UNIONBANK,UNITDSPR,UPL,VBL,VEDL,VMM,VOLTAS,WAAREEENER,WIPRO,YESBANK,ZYDUSLIFE"
10/1/2026,"360ONE,ABB,ABCAPITAL,ADANIENSOL,ADANIENT,ADANIGREEN,ADANIPORTS,ADANIPOWER,AMBUJACEM,APARINDS,APLAPOLLO,APOLLOHOSP,ASHOKLEY,ASIANPAINT,ASTRAL,ATGL,AUBANK,AUROPHARMA,AXISBANK,BAJAJ-AUTO,BAJAJFINSV,BAJAJHLDNG,BAJFINANCE,BANKBARODA,BANKINDIA,BDL,BEL,BHARATFORG,BHARTIARTL,BHEL,BIOCON,BLUESTARCO,BOSCHLTD,BPCL,BRITANNIA,BSE,CANBK,CGPOWER,CHOLAFIN,CIPLA,COALINDIA,COCHINSHIP,COFORGE,COLPAL,CONCOR,CUMMINSIND,DABUR,DIVISLAB,DIXON,DLF,DMART,DRREDDY,EICHERMOT,ENRIN,ETERNAL,EXIDEIND,FEDERALBNK,FORTIS,GAIL,GLENMARK,GMRAIRPORT,GODFRYPHLP,GODREJCP,GODREJPROP,GRASIM,GROWW,GVT&D,HAL,HAVELLS,HCLTECH,HDFCAMC,HDFCBANK,HDFCLIFE,HEROMOTOCO,HINDALCO,HINDCOPPER,HINDPETRO,HINDUNILVR,HINDZINC,HYUNDAI,ICICIAMC,ICICIBANK,ICICIGI,IDEA,IDFCFIRSTB,INDHOTEL,INDIANB,INDIGO,INDUSINDBK,INDUSTOWER,INFY,IOC,IRCTC,IREDA,IRFC,ITC,JINDALSTEL,JIOFIN,JSWENERGY,JSWSTEEL,JUBLFOOD,KALYANKJIL,KEI,KOTAKBANK,LAURUSLABS,LENSKART,LGEINDIA,LICHSGFIN,LICI,LODHA,LT,LTF,LTM,LUPIN,M&M,M&MFIN,MAHABANK,MANKIND,MARICO,MARUTI,MAXHEALTH,MAZDOCK,MCX,MEESHO,MFSL,MOTHERSON,MOTILALOFS,MPHASIS,MRF,MUTHOOTFIN,NATIONALUM,NAUKRI,NESTLEIND,NHPC,NLCINDIA,NMDC,NTPC,NYKAA,OBEROIRLTY,OFSS,OIL,ONGC,PAGEIND,PATANJALI,PAYTM,PERSISTENT,PFC,PHOENIXLTD,PIDILITIND,PIIND,PNB,POLICYBZR,POLYCAB,POWERGRID,POWERINDIA,PREMIERENE,PRESTIGE,RADICO,RECLTD,RELIANCE,RVNL,SAIL,SBICARD,SBILIFE,SBIN,SHRIRAMFIN,SIEMENS,SOLARINDS,SRF,SUNPHARMA,SUPREMEIND,SUZLON,SWIGGY,TATACAP,TATACOMM,TATACONSUM,TATAPOWER,TATASTEEL,TCS,TECHM,TIINDIA,TITAN,TMCV,TMPV,TORNTPHARM,TRENT,TVSMOTOR,ULTRACEMCO,UNIONBANK,UNITDSPR,UPL,VAML,VBL,VEDL,VMM,VOLTAS,WAAREEENER,WIPRO,YESBANK,ZYDUSLIFE"
