Date,Open,High,Low,Close
2004-01-01,,,,1000.0000
2004-01-02,,,,1007.1300
2004-01-03,,,,1057.6100
2004-01-04,,,,1030.5500
2004-01-05,,,,998.1300
2004-01-06,,,,984.5200
2004-01-07,,,,974.5400
2004-01-08,,,,1002.7100
2004-01-09,,,,1037.9600
2004-01-10,,,,947.1200
2004-01-11,,,,952.3800
2004-01-12,,,,1021.3100
2004-01-13,,,,1039.7500
2004-01-14,,,,1060.8900
2004-01-15,,,,1032.2500
2004-01-16,,,,1007.2200
2004-01-19,,,,1038.8000
2004-01-20,,,,1018.0500
2004-01-21,,,,959.6700
2004-01-22,,,,908.9000
2004-01-23,,,,970.1100
2004-01-27,,,,1011.7400
2004-01-28,,,,999.5400
2004-01-29,,,,1008.3300
2004-01-30,,,,995.4900
2004-02-01,,,,1007.1300
2004-02-03,,,,968.2500
2004-02-04,,,,1022.3900
2004-02-05,,,,1006.4700
2004-02-06,,,,1023.3400
2004-02-07,,,,904.8900
2004-02-08,,,,906.8900
2004-02-09,,,,1049.4400
2004-02-10,,,,1041.2600
2004-02-11,,,,960.5200
2004-02-12,,,,1069.0600
2004-02-13,,,,1075.3500
2004-02-16,,,,1095.5400
2004-02-17,,,,1087.8700
2004-02-18,,,,1096.0600
2004-02-19,,,,1064.5800
2004-02-20,,,,1074.6300
2004-02-23,,,,1035.4700
2004-02-24,,,,1050.9700
2004-02-25,,,,1023.6700
2004-02-26,,,,1016.0800
2004-02-27,,,,1031.1300
2004-03-01,,,,1057.6100
2004-03-02,,,,968.2500
2004-03-03,,,,1088.5400
2004-03-04,,,,1067.7800
2004-03-05,,,,1014.5500
2004-03-06,,,,867.0400
2004-03-08,,,,906.0100
2004-03-09,,,,901.1200
2004-03-10,,,,1042.9400
2004-03-11,,,,963.0100
2004-03-12,,,,1072.9200
2004-03-15,,,,977.8700
2004-03-16,,,,967.6800
2004-03-17,,,,977.6000
2004-03-18,,,,956.5800
2004-03-19,,,,957.3500
2004-03-22,,,,920.7600
2004-03-23,,,,922.6600
2004-03-24,,,,934.0700
2004-03-25,,,,955.0900
2004-03-26,,,,976.7400
2004-03-29,,,,989.8400
2004-03-30,,,,978.2000
2004-03-31,,,,1005.9200
2004-04-01,,,,1030.5500
2004-04-02,,,,1022.3900
2004-04-03,,,,1067.7800
2004-04-05,,,,1047.4500
2004-04-06,,,,878.3000
2004-04-07,,,,1032.0700
2004-04-08,,,,1042.7700
2004-04-10,,,,959.4600
2004-04-11,,,,960.5100
2004-04-12,,,,1035.6300
2004-04-13,,,,1046.5100
2004-04-15,,,,1059.1900
2004-04-16,,,,1060.8300
2004-04-17,,,,1057.6400
2004-04-19,,,,1045.2600
2004-04-20,,,,1042.9600
2004-04-21,,,,1071.2400
2004-04-22,,,,1093.1900
2004-04-23,,,,1090.1900
2004-04-27,,,,1044.2500
2004-04-28,,,,1049.0100
2004-04-29,,,,1054.0300
2004-04-30,,,,1034.4700
2004-05-01,,,,998.1300
2004-05-02,,,,1006.4700
2004-05-03,,,,1014.5500
2004-05-04,,,,1047.4500
2004-05-05,,,,1041.7600
2004-05-06,,,,1055.2300
2004-05-07,,,,1036.0800
2004-05-08,,,,918.0200
2004-05-10,,,,1014.2200
2004-05-11,,,,965.6700
2004-05-12,,,,980.6000
2004-05-13,,,,978.6300
2004-05-14,,,,912.2300
2004-05-17,,,,835.6700
2004-05-18,,,,892.5600
2004-05-19,,,,922.2300
2004-05-20,,,,931.9400
2004-05-21,,,,927.1600
2004-05-24,,,,962.1900
2004-05-25,,,,946.8500
2004-05-26,,,,935.1200
2004-05-27,,,,929.9300
2004-05-28,,,,883.3600
2004-05-31,,,,854.5400
2004-06-01,,,,984.5200
2004-06-02,,,,888.4500
2004-06-03,,,,867.0400
2004-06-04,,,,878.3000
2004-06-05,,,,1055.2300
2004-06-07,,,,883.5800
2004-06-08,,,,910.7200
2004-06-09,,,,917.3500
2004-06-10,,,,901.5200
2004-06-11,,,,884.5300
2004-06-12,,,,1075.9000
2004-06-14,,,,875.3800
2004-06-15,,,,884.5600
2004-06-16,,,,874.5800
2004-06-17,,,,888.7400
2004-06-18,,,,879.8000
2004-06-21,,,,869.8300
2004-06-22,,,,862.4800
2004-06-23,,,,842.2900
2004-06-24,,,,857.9200
2004-06-25,,,,869.7200
2004-06-28,,,,881.0900
2004-06-29,,,,887.9500
2004-06-30,,,,890.4700
2004-07-01,,,,900.8200
2004-07-02,,,,904.8900
2004-07-04,,,,1032.0700
2004-07-05,,,,1036.0800
2004-07-06,,,,883.5800
2004-07-07,,,,921.3400
2004-07-08,,,,903.6200
2004-07-09,,,,935.1700
2004-07-10,,,,960.8700
2004-07-12,,,,1078.6100
2004-07-13,,,,912.5000
2004-07-14,,,,897.7300
2004-07-15,,,,903.0500
2004-07-16,,,,914.5100
2004-07-19,,,,907.4400
2004-07-20,,,,892.9300
2004-07-21,,,,898.3300
2004-07-22,,,,892.1700
2004-07-23,,,,897.7700
2004-07-26,,,,906.9900
2004-07-27,,,,894.4400
2004-07-28,,,,888.4000
2004-07-29,,,,879.2100
2004-07-30,,,,900.3100
2004-08-01,,,,1002.7100
2004-08-02,,,,906.8900
2004-08-03,,,,1081.4600
2004-08-04,,,,1042.7700
2004-08-05,,,,918.0200
2004-08-06,,,,910.7200
2004-08-07,,,,903.6200
2004-08-09,,,,918.4600
2004-08-10,,,,955.2100
2004-08-11,,,,968.5800
2004-08-12,,,,896.9600
2004-08-13,,,,884.8400
2004-08-16,,,,876.9700
2004-08-17,,,,882.3700
2004-08-18,,,,872.5700
2004-08-19,,,,888.0300
2004-08-20,,,,870.3700
2004-08-23,,,,858.0400
2004-08-24,,,,871.0900
2004-08-25,,,,870.1700
2004-08-26,,,,876.4800
2004-08-27,,,,870.7000
2004-08-30,,,,899.8900
2004-08-31,,,,900.7400
2004-09-01,,,,1037.9600
2004-09-02,,,,1049.4400
2004-09-03,,,,1064.7800
2004-09-06,,,,908.4400
2004-09-07,,,,935.1700
2004-09-08,,,,918.4600
2004-09-09,,,,905.9700
2004-09-10,,,,954.6600
2004-09-11,,,,960.7000
2004-09-12,,,,1077.6300
2004-09-13,,,,909.9000
2004-09-14,,,,900.8500
2004-09-15,,,,898.4000
2004-09-16,,,,907.0000
2004-09-17,,,,918.4500
2004-09-20,,,,917.1400
2004-09-21,,,,928.9500
2004-09-22,,,,940.8900
2004-09-23,,,,930.4200
2004-09-24,,,,939.6600
2004-09-27,,,,936.5700
2004-09-28,,,,918.7200
2004-09-29,,,,922.3500
2004-09-30,,,,932.9300
2004-10-01,,,,947.1200
2004-10-02,,,,1041.2600
2004-10-03,,,,1042.9400
2004-10-04,,,,959.4600
2004-10-05,,,,968.1600
2004-10-06,,,,956.6400
2004-10-07,,,,960.8700
2004-10-08,,,,955.2100
2004-10-09,,,,954.6600
2004-10-11,,,,969.6600
2004-10-12,,,,1068.9000
2004-10-14,,,,929.2900
2004-10-15,,,,919.9100
2004-10-18,,,,920.7600
2004-10-19,,,,934.7800
2004-10-20,,,,927.3200
2004-10-21,,,,922.0400
2004-10-25,,,,900.9300
2004-10-26,,,,911.8400
2004-10-27,,,,926.7200
2004-10-28,,,,937.5900
2004-10-29,,,,945.0700
2004-11-01,,,,952.3800
2004-11-02,,,,1052.2500
2004-11-03,,,,1009.7600
2004-11-04,,,,960.5100
2004-11-05,,,,961.6400
2004-11-06,,,,884.5300
2004-11-08,,,,912.1200
2004-11-09,,,,960.7000
2004-11-10,,,,942.2600
2004-11-11,,,,968.5600
2004-11-12,,,,974.5000
2004-11-16,,,,991.8400
2004-11-17,,,,999.6600
2004-11-18,,,,994.4000
2004-11-19,,,,983.0400
2004-11-22,,,,985.8300
2004-11-23,,,,1004.3700
2004-11-24,,,,1021.6800
2004-11-25,,,,1035.1300
2004-11-29,,,,1063.0000
2004-11-30,,,,1060.0400
2004-12-01,,,,1048.7400
2004-12-02,,,,1062.6600
2004-12-03,,,,1013.6500
2004-12-04,,,,1035.6300
2004-12-05,,,,980.6000
2004-12-06,,,,1075.9000
2004-12-07,,,,941.3600
2004-12-08,,,,1065.9800
2004-12-09,,,,1077.6300
2004-12-10,,,,929.2200
2004-12-11,,,,974.5000
2004-12-13,,,,1075.2700
2004-12-14,,,,1085.8600
2004-12-15,,,,1108.5400
2004-12-16,,,,1114.7900
2004-12-17,,,,1104.8000
2004-12-20,,,,1108.9500
2004-12-21,,,,1137.9500
2004-12-22,,,,1142.1100
2004-12-23,,,,1145.2400
2004-12-24,,,,1148.6300
2004-12-27,,,,1150.2200
2004-12-28,,,,1153.3800
2004-12-29,,,,1148.4400
2004-12-30,,,,1143.0800
2004-12-31,,,,1157.6600
2005-01-02,,,,1127.0700
2005-01-03,,,,1185.1200
2005-01-04,,,,1099.4000
2005-01-05,,,,1137.0700
2005-01-06,,,,1156.6700
2005-01-07,,,,1125.2600
2005-01-08,,,,1328.2600
2005-01-09,,,,1338.1400
2005-01-10,,,,1112.1300
2005-01-11,,,,1429.1100
2005-01-12,,,,1078.2600
2005-01-13,,,,1107.1000
2005-01-14,,,,1084.0200
2005-01-17,,,,1072.4900
2005-01-18,,,,1079.7700
2005-01-19,,,,1069.1000
2005-01-20,,,,1064.8700
2005-01-24,,,,1057.2800
2005-01-25,,,,1078.1600
2005-01-27,,,,1095.0600
2005-01-28,,,,1118.5000
2005-01-31,,,,1134.2800
2005-02-01,,,,1127.0700
2005-02-02,,,,1125.2300
2005-02-03,,,,1142.8700
2005-02-04,,,,1147.6900
2005-02-05,,,,1064.1000
2005-02-06,,,,1150.4700
2005-02-07,,,,1141.8300
2005-02-08,,,,1346.5500
2005-02-09,,,,1160.3200
2005-02-10,,,,1161.3400
2005-02-11,,,,1432.5800
2005-02-12,,,,1654.1400
2005-02-14,,,,1182.4600
2005-02-15,,,,1173.2800
2005-02-16,,,,1150.7000
2005-02-17,,,,1141.7000
2005-02-18,,,,1133.5100
2005-02-21,,,,1132.3700
2005-02-22,,,,1144.8500
2005-02-23,,,,1141.1500
2005-02-24,,,,1134.9200
2005-02-25,,,,1123.9700
2005-02-28,,,,1139.3800
2005-03-01,,,,1185.1200
2005-03-02,,,,1142.8700
2005-03-03,,,,1163.4300
2005-03-04,,,,1179.9000
2005-03-05,,,,1065.3100
2005-03-06,,,,1155.9500
2005-03-07,,,,1174.2800
2005-03-08,,,,1346.9300
2005-03-09,,,,1153.6200
2005-03-10,,,,1152.4000
2005-03-11,,,,1151.0100
2005-03-14,,,,1148.7400
2005-03-15,,,,1142.5200
2005-03-16,,,,1137.5900
2005-03-17,,,,1122.3000
2005-03-18,,,,1129.0400
2005-03-21,,,,1109.9100
2005-03-22,,,,1085.6800
2005-03-23,,,,1072.5300
2005-03-24,,,,1060.1300
2005-03-28,,,,1063.6600
2005-03-29,,,,1039.2300
2005-03-30,,,,1060.6300
2005-03-31,,,,1078.0000
2005-04-01,,,,1181.0300
2005-04-02,,,,1147.6900
2005-04-03,,,,1179.9000
2005-04-04,,,,1086.6600
2005-04-05,,,,1070.1400
2005-04-06,,,,1070.2300
2005-04-07,,,,1072.7800
2005-04-08,,,,1073.8700
2005-04-10,,,,1564.8000
2005-04-11,,,,1065.4100
2005-04-12,,,,1072.7000
2005-04-13,,,,1072.4000
2005-04-15,,,,1052.6300
2005-04-18,,,,1054.0500
2005-04-19,,,,1043.5600
2005-04-20,,,,1069.3600
2005-04-21,,,,1078.6200
2005-04-22,,,,1082.8100
2005-04-25,,,,1090.6200
2005-04-26,,,,1082.7100
2005-04-27,,,,1070.0700
2005-04-28,,,,1074.0100
2005-04-29,,,,1055.5100
2005-05-01,,,,1137.0700
2005-05-02,,,,1064.1000
2005-05-03,,,,1065.3100
2005-05-04,,,,1070.1400
2005-05-05,,,,1081.6600
2005-05-06,,,,1092.1900
2005-05-07,,,,1200.2000
2005-05-08,,,,1330.3600
2005-05-09,,,,1110.9400
2005-05-10,,,,1104.4700
2005-05-11,,,,1102.8100
2005-05-12,,,,1639.5400
2005-05-13,,,,1110.6500
2005-05-16,,,,1138.5700
2005-05-17,,,,1129.5400
2005-05-18,,,,1125.8800
2005-05-19,,,,1132.5200
2005-05-20,,,,1131.1700
2005-05-23,,,,1138.8700
2005-05-24,,,,1145.1200
2005-05-25,,,,1149.7200
2005-05-26,,,,1161.8200
2005-05-27,,,,1156.2600
2005-05-30,,,,1147.7400
2005-05-31,,,,1148.9000
2005-06-01,,,,1156.6700
2005-06-02,,,,1150.4700
2005-06-03,,,,1155.9500
2005-06-04,,,,1155.2200
2005-06-05,,,,1092.1900
2005-06-06,,,,1160.2100
2005-06-07,,,,1162.9100
2005-06-08,,,,1165.6400
2005-06-09,,,,1168.4000
2005-06-10,,,,1150.4100
2005-06-12,,,,1639.3200
2005-06-13,,,,1148.0600
2005-06-14,,,,1142.8000
2005-06-15,,,,1146.3700
2005-06-16,,,,1150.2000
2005-06-17,,,,1146.9100
2005-06-20,,,,1142.3700
2005-06-21,,,,1149.7100
2005-06-22,,,,1167.1600
2005-06-23,,,,1183.6700
2005-06-24,,,,1197.9700
2005-06-27,,,,1199.9000
2005-06-28,,,,1179.8000
2005-06-29,,,,1182.6000
2005-06-30,,,,1182.1900
2005-07-01,,,,1125.2600
2005-07-02,,,,1141.8300
2005-07-03,,,,1174.2800
2005-07-04,,,,1072.7800
2005-07-05,,,,1200.2000
2005-07-06,,,,1162.9100
2005-07-07,,,,1187.9600
2005-07-08,,,,1190.1700
2005-07-10,,,,1525.2200
2005-07-11,,,,1475.9400
2005-07-12,,,,1654.3600
2005-07-13,,,,1231.0000
2005-07-14,,,,1227.1200
2005-07-15,,,,1241.9200
2005-07-18,,,,1270.6400
2005-07-19,,,,1287.4000
2005-07-20,,,,1281.6600
2005-07-21,,,,1270.2200
2005-07-22,,,,1279.5600
2005-07-25,,,,1284.9700
2005-07-26,,,,1292.7800
2005-07-27,,,,1300.2100
2005-07-29,,,,1306.0000
2005-08-01,,,,1328.2600
2005-08-02,,,,1140.7400
2005-08-03,,,,1346.9300
2005-08-04,,,,1073.8700
2005-08-05,,,,1330.3600
2005-08-06,,,,1165.6400
2005-08-07,,,,1190.1700
2005-08-08,,,,1298.6000
2005-08-09,,,,1392.2200
2005-08-10,,,,1301.9600
2005-08-11,,,,1338.9600
2005-08-12,,,,1338.2600
2005-08-16,,,,1326.4700
2005-08-17,,,,1337.4600
2005-08-18,,,,1330.9600
2005-08-19,,,,1333.6300
2005-08-22,,,,1319.4600
2005-08-23,,,,1299.0300
2005-08-24,,,,1282.9400
2005-08-25,,,,1289.6000
2005-08-26,,,,1305.5800
2005-08-29,,,,1289.6600
2005-08-30,,,,1300.0800
2005-08-31,,,,1310.2200
2005-09-01,,,,1338.1400
2005-09-02,,,,1160.3200
2005-09-03,,,,1153.6200
2005-09-05,,,,1110.9400
2005-09-06,,,,1168.4000
2005-09-08,,,,1290.5200
2005-09-09,,,,1398.1400
2005-09-11,,,,1505.9000
2005-09-12,,,,1413.1300
2005-09-13,,,,1426.1200
2005-09-14,,,,1429.6700
2005-09-15,,,,1437.9900
2005-09-16,,,,1452.4900
2005-09-19,,,,1486.1900
2005-09-20,,,,1471.3900
2005-09-21,,,,1453.0300
2005-09-22,,,,1404.4700
2005-09-23,,,,1419.7800
2005-09-26,,,,1453.5100
2005-09-27,,,,1476.6300
2005-09-28,,,,1479.3900
2005-09-29,,,,1484.6100
2005-09-30,,,,1484.4400
2005-10-01,,,,1112.1300
2005-10-02,,,,1161.3400
2005-10-03,,,,1534.1500
2005-10-04,,,,1564.8000
2005-10-05,,,,1574.0300
2005-10-06,,,,1536.7200
2005-10-07,,,,1525.2200
2005-10-08,,,,1301.9600
2005-10-10,,,,1517.8100
2005-10-11,,,,1496.8600
2005-10-13,,,,1499.9600
2005-10-14,,,,1464.5100
2005-10-17,,,,1471.0300
2005-10-18,,,,1478.6700
2005-10-19,,,,1437.4200
2005-10-20,,,,1427.6600
2005-10-21,,,,1463.3700
2005-10-24,,,,1474.1500
2005-10-25,,,,1468.3500
2005-10-26,,,,1446.1400
2005-10-27,,,,1416.5800
2005-10-28,,,,1375.0200
2005-10-31,,,,1413.5800
2005-11-01,,,,1107.7500
2005-11-02,,,,1432.5800
2005-11-03,,,,1151.0100
2005-11-04,,,,1065.4100
2005-11-05,,,,1102.8100
2005-11-07,,,,1475.9400
2005-11-08,,,,1507.7200
2005-11-09,,,,1505.9000
2005-11-10,,,,1530.4100
2005-11-11,,,,1531.8000
2005-11-14,,,,1531.0500
2005-11-16,,,,1542.2500
2005-11-17,,,,1564.0000
2005-11-18,,,,1595.1700
2005-11-21,,,,1606.9200
2005-11-22,,,,1593.5300
2005-11-23,,,,1624.1700
2005-11-24,,,,1634.0500
2005-11-25,,,,1657.0400
2005-11-26,,,,1667.7100
2005-11-28,,,,1697.3200
2005-11-29,,,,1666.6900
2005-11-30,,,,1638.9400
2005-12-01,,,,1662.4100
2005-12-02,,,,1654.1400
2005-12-04,,,,1072.7000
2005-12-05,,,,1111.0700
2005-12-06,,,,1639.3200
2005-12-07,,,,1229.0000
2005-12-08,,,,1338.2600
2005-12-09,,,,1413.1300
2005-12-12,,,,1715.5500
2005-12-13,,,,1739.8100
2005-12-14,,,,1738.2000
2005-12-15,,,,1713.3600
2005-12-16,,,,1732.0300
2005-12-19,,,,1753.0400
2005-12-20,,,,1741.1700
2005-12-21,,,,1744.9200
2005-12-22,,,,1748.9400
2005-12-23,,,,1732.9400
2005-12-26,,,,1695.9700
2005-12-27,,,,1735.9200
2005-12-28,,,,1719.1300
2005-12-29,,,,1731.2500
2005-12-30,,,,1746.2800
2006-01-02,,,,1735.8900
2006-01-03,,,,2120.8400
2006-01-04,,,,1776.2700
2006-01-05,,,,1777.7300
2006-01-06,,,,1852.6800
2006-01-08,,,,1823.6900
2006-01-09,,,,2071.6900
2006-01-10,,,,1750.0800
2006-01-11,,,,2185.6400
2006-01-12,,,,2217.5400
2006-01-13,,,,1747.8500
2006-01-16,,,,1746.2500
2006-01-17,,,,1730.4200
2006-01-18,,,,1717.7100
2006-01-19,,,,1746.5500
2006-01-20,,,,1787.0700
2006-01-23,,,,1771.3500
2006-01-24,,,,1793.5800
2006-01-25,,,,1811.0200
2006-01-27,,,,1845.0000
2006-01-30,,,,1823.6100
2006-01-31,,,,1846.8400
2006-02-01,,,,1735.8900
2006-02-02,,,,1837.0200
2006-02-03,,,,2143.0800
2006-02-05,,,,2298.9100
2006-02-06,,,,1940.8300
2006-02-07,,,,1911.8500
2006-02-08,,,,1914.6300
2006-02-10,,,,1930.8200
2006-02-11,,,,2203.4400
2006-02-13,,,,1953.5800
2006-02-14,,,,1959.4700
2006-02-15,,,,1956.9900
2006-02-16,,,,1987.2000
2006-02-17,,,,1957.7400
2006-02-20,,,,1970.4000
2006-02-21,,,,2007.4900
2006-02-22,,,,1995.0900
2006-02-23,,,,2004.2100
2006-02-24,,,,1995.0600
2006-02-27,,,,2005.2700
2006-02-28,,,,2043.5300
2006-03-01,,,,2120.8400
2006-03-02,,,,2143.0800
2006-03-03,,,,2160.3700
2006-03-04,,,,2231.7900
2006-03-05,,,,2318.7100
2006-03-06,,,,2191.2800
2006-03-07,,,,2185.2600
2006-03-08,,,,2146.8200
2006-03-09,,,,2127.5700
2006-03-10,,,,2219.3500
2006-03-11,,,,2196.5400
2006-03-13,,,,2161.3700
2006-03-14,,,,2147.2400
2006-03-16,,,,2169.2300
2006-03-17,,,,2176.2300
2006-03-20,,,,2179.5100
2006-03-21,,,,2144.9100
2006-03-22,,,,2127.2100
2006-03-23,,,,2130.0400
2006-03-24,,,,2135.8100
2006-03-27,,,,2131.5100
2006-03-28,,,,2132.2100
2006-03-29,,,,2134.6700
2006-03-30,,,,2130.6300
2006-03-31,,,,2167.2100
2006-04-01,,,,1776.2700
2006-04-03,,,,2231.7900
2006-04-04,,,,2232.9400
2006-04-05,,,,2255.8900
2006-04-07,,,,1952.7600
2006-04-08,,,,1868.8600
2006-04-09,,,,2110.6300
2006-04-10,,,,2210.2700
2006-04-12,,,,2237.9800
2006-04-13,,,,2131.1300
2006-04-17,,,,2176.8200
2006-04-18,,,,2224.2200
2006-04-19,,,,2201.5600
2006-04-20,,,,2225.0100
2006-04-21,,,,2248.9100
2006-04-24,,,,2235.0000
2006-04-25,,,,2172.7300
2006-04-26,,,,2245.7800
2006-04-27,,,,2215.4900
2006-04-28,,,,2227.8800
2006-04-29,,,,2272.5500
2006-05-01,,,,1777.7300
2006-05-02,,,,2298.9100
2006-05-03,,,,2318.7100
2006-05-04,,,,2255.8900
2006-05-05,,,,2323.5700
2006-05-06,,,,1915.6700
2006-05-07,,,,1974.7800
2006-05-08,,,,2322.7300
2006-05-09,,,,2365.0800
2006-05-10,,,,2237.3300
2006-05-11,,,,2321.1500
2006-05-12,,,,2315.8600
2006-05-15,,,,2222.5500
2006-05-16,,,,2245.8100
2006-05-17,,,,2319.4800
2006-05-18,,,,2151.4000
2006-05-19,,,,2062.5800
2006-05-22,,,,1965.7800
2006-05-23,,,,2023.8500
2006-05-24,,,,1973.1900
2006-05-25,,,,1994.4500
2006-05-26,,,,2023.0100
2006-05-29,,,,2033.0700
2006-05-30,,,,1995.3200
2006-05-31,,,,1949.0400
2006-06-01,,,,1852.6800
2006-06-02,,,,1869.6200
2006-06-03,,,,2191.2800
2006-06-05,,,,1915.6700
2006-06-06,,,,1868.7200
2006-06-07,,,,1803.6200
2006-06-08,,,,1735.8800
2006-06-09,,,,1829.1900
2006-06-10,,,,2239.4200
2006-06-11,,,,2190.9500
2006-06-12,,,,2216.5900
2006-06-13,,,,1669.0900
2006-06-14,,,,1645.7500
2006-06-15,,,,1758.7100
2006-06-16,,,,1819.7900
2006-06-19,,,,1868.6600
2006-06-20,,,,1842.0100
2006-06-21,,,,1855.4400
2006-06-22,,,,1906.8300
2006-06-23,,,,1911.9900
2006-06-25,,,,1918.9900
2006-06-26,,,,1836.4800
2006-06-27,,,,1830.1300
2006-06-28,,,,1845.2500
2006-06-29,,,,1868.9500
2006-06-30,,,,1952.1900
2006-07-02,,,,1911.8500
2006-07-03,,,,2185.2600
2006-07-04,,,,1952.7600
2006-07-05,,,,1974.7800
2006-07-06,,,,1803.6200
2006-07-07,,,,1909.6800
2006-07-08,,,,1850.1500
2006-07-09,,,,2119.0100
2006-07-10,,,,1944.1700
2006-07-11,,,,2178.1600
2006-07-12,,,,2221.9200
2006-07-13,,,,1898.3500
2006-07-14,,,,1861.9100
2006-07-17,,,,1784.5300
2006-07-18,,,,1765.9700
2006-07-19,,,,1706.0300
2006-07-20,,,,1753.9800
2006-07-21,,,,1721.8500
2006-07-24,,,,1730.7000
2006-07-25,,,,1758.5100
2006-07-26,,,,1791.9500
2006-07-27,,,,1821.9500
2006-07-28,,,,1810.5500
2006-07-31,,,,1833.1800
2006-08-01,,,,1823.6900
2006-08-02,,,,1914.6300
2006-08-03,,,,2146.8200
2006-08-04,,,,1868.8600
2006-08-05,,,,2322.7300
2006-08-06,,,,1735.8800
2006-08-07,,,,1850.1500
2006-08-08,,,,1880.1600
2006-08-09,,,,1914.9300
2006-08-10,,,,1905.4800
2006-08-11,,,,1923.9400
2006-08-12,,,,2185.1100
2006-08-14,,,,1954.1900
2006-08-16,,,,1977.2700
2006-08-17,,,,1990.6000
2006-08-18,,,,2011.9600
2006-08-21,,,,2031.4300
2006-08-22,,,,2022.5100
2006-08-23,,,,1994.1600
2006-08-24,,,,2018.8000
2006-08-25,,,,2026.8500
2006-08-28,,,,2028.1000
2006-08-29,,,,2034.6400
2006-08-30,,,,2039.8500
2006-08-31,,,,2029.7900
2006-09-01,,,,1774.0200
2006-09-03,,,,2127.5700
2006-09-04,,,,2110.6300
2006-09-05,,,,2107.8700
2006-09-06,,,,2108.3400
2006-09-07,,,,2119.0100
2006-09-08,,,,2157.4900
2006-09-10,,,,2250.5000
2006-09-11,,,,2151.1200
2006-09-12,,,,2108.3800
2006-09-13,,,,2155.1000
2006-09-14,,,,2158.1700
2006-09-15,,,,2155.1900
2006-09-18,,,,2153.9900
2006-09-19,,,,2111.8600
2006-09-20,,,,2137.5400
2006-09-21,,,,2160.1200
2006-09-22,,,,2153.4100
2006-09-25,,,,2144.3500
2006-09-26,,,,2174.0400
2006-09-27,,,,2178.9600
2006-09-28,,,,2172.2500
2006-09-29,,,,2214.0800
2006-10-01,,,,1750.0800
2006-10-02,,,,1930.8200
2006-10-03,,,,2166.9700
2006-10-04,,,,2214.8600
2006-10-05,,,,2237.3300
2006-10-06,,,,2239.4200
2006-10-07,,,,1944.1700
2006-10-08,,,,1905.4800
2006-10-09,,,,2250.5000
2006-10-10,,,,2254.5500
2006-10-11,,,,2217.4500
2006-10-12,,,,2254.9100
2006-10-13,,,,2256.9000
2006-10-16,,,,2246.4100
2006-10-17,,,,2244.1200
2006-10-18,,,,2200.3400
2006-10-19,,,,2178.2900
2006-10-20,,,,2178.7600
2006-10-21,,,,2187.3200
2006-10-23,,,,2181.2700
2006-10-26,,,,2178.6000
2006-10-27,,,,2204.7000
2006-10-30,,,,2194.9000
2006-10-31,,,,2184.0300
2006-11-01,,,,2185.6400
2006-11-02,,,,2203.4400
2006-11-03,,,,2196.5400
2006-11-05,,,,2321.1500
2006-11-06,,,,2190.9500
2006-11-07,,,,1896.4000
2006-11-08,,,,1923.9400
2006-11-09,,,,2151.1200
2006-11-10,,,,2161.6100
2006-11-12,,,,2128.7400
2006-11-13,,,,2176.5300
2006-11-14,,,,2160.4900
2006-11-15,,,,2163.6700
2006-11-16,,,,2139.3700
2006-11-17,,,,2115.2900
2006-11-20,,,,2103.2600
2006-11-21,,,,2129.6800
2006-11-22,,,,2156.6000
2006-11-23,,,,2163.6100
2006-11-24,,,,2167.0900
2006-11-27,,,,2170.4700
2006-11-28,,,,2154.3200
2006-11-29,,,,2165.4100
2006-11-30,,,,2158.8400
2006-12-01,,,,1747.1900
2006-12-04,,,,2237.9800
2006-12-05,,,,2315.8600
2006-12-06,,,,2216.5900
2006-12-07,,,,1917.2800
2006-12-08,,,,2185.1100
2006-12-09,,,,2108.3800
2006-12-10,,,,2254.9100
2006-12-11,,,,2128.7400
2006-12-12,,,,2066.1800
2006-12-13,,,,2096.3000
2006-12-14,,,,2122.5500
2006-12-15,,,,2150.2800
2006-12-18,,,,2171.8200
2006-12-19,,,,2135.0700
2006-12-20,,,,2121.4000
2006-12-21,,,,2156.7000
2006-12-22,,,,2176.0000
2006-12-26,,,,2207.8700
2006-12-27,,,,2226.8100
2006-12-28,,,,2228.8200
2006-12-29,,,,2239.6700
2007-01-02,,,,2266.6400
2007-01-03,,,,2050.6100
2007-01-04,,,,2304.5800
2007-01-05,,,,2272.2500
2007-01-06,,,,2044.7900
2007-01-08,,,,2238.0600
2007-01-09,,,,2221.5200
2007-01-10,,,,2211.5500
2007-01-11,,,,2249.3600
2007-01-12,,,,2283.2900
2007-01-15,,,,2287.1000
2007-01-16,,,,2298.8900
2007-01-17,,,,2296.1200
2007-01-18,,,,2300.8000
2007-01-19,,,,2279.3800
2007-01-22,,,,2290.5000
2007-01-23,,,,2272.0000
2007-01-24,,,,2251.2000
2007-01-25,,,,2271.1300
2007-01-29,,,,2255.4700
2007-01-31,,,,2234.8100
2007-02-01,,,,2266.6400
2007-02-02,,,,2270.4300
2007-02-03,,,,2029.4600
2007-02-04,,,,1849.1500
2007-02-05,,,,2310.6300
2007-02-06,,,,2315.1600
2007-02-07,,,,2339.6300
2007-02-08,,,,2327.1100
2007-02-09,,,,2313.6800
2007-02-11,,,,2211.2600
2007-02-12,,,,2242.6300
2007-02-13,,,,2227.0600
2007-02-14,,,,2195.4800
2007-02-15,,,,2256.3900
2007-02-19,,,,2259.6100
2007-02-20,,,,2227.7500
2007-02-21,,,,2238.5200
2007-02-22,,,,2191.7300
2007-02-23,,,,2150.7200
2007-02-26,,,,2164.3400
2007-02-27,,,,2146.0300
2007-02-28,,,,2067.7000
2007-03-01,,,,2050.6100
2007-03-02,,,,2029.4600
2007-03-04,,,,1865.6400
2007-03-05,,,,1926.1400
2007-03-06,,,,1930.7500
2007-03-07,,,,1938.4400
2007-03-08,,,,1951.5200
2007-03-09,,,,1998.8200
2007-03-10,,,,2198.7700
2007-03-12,,,,2269.1200
2007-03-13,,,,2000.5000
2007-03-14,,,,1961.7900
2007-03-15,,,,1948.4000
2007-03-16,,,,1933.9400
2007-03-19,,,,1956.5500
2007-03-20,,,,1961.8100
2007-03-21,,,,1976.7600
2007-03-22,,,,2041.0200
2007-03-23,,,,2036.8600
2007-03-26,,,,1998.1400
2007-03-28,,,,1947.2400
2007-03-29,,,,1946.1100
2007-03-30,,,,1970.9200
2007-04-01,,,,2304.5800
2007-04-02,,,,1849.1500
2007-04-03,,,,1865.6400
2007-04-04,,,,1853.6400
2007-04-05,,,,2037.0300
2007-04-06,,,,2016.8700
2007-04-07,,,,1969.5700
2007-04-09,,,,1892.8500
2007-04-10,,,,1896.9300
2007-04-11,,,,1899.7400
2007-04-12,,,,1886.2300
2007-04-13,,,,1935.2200
2007-04-16,,,,1966.9300
2007-04-17,,,,1955.9100
2007-04-18,,,,1946.1100
2007-04-19,,,,1938.9900
2007-04-20,,,,1947.7200
2007-04-23,,,,1934.1400
2007-04-24,,,,1968.5500
2007-04-25,,,,1993.0800
2007-04-26,,,,2006.4400
2007-04-27,,,,1996.3000
2007-04-30,,,,2019.4400
2007-05-01,,,,2272.2500
2007-05-02,,,,2310.6300
2007-05-03,,,,2038.3100
2007-05-04,,,,2037.0300
2007-05-06,,,,2015.3800
2007-05-07,,,,1984.5700
2007-05-08,,,,2007.1400
2007-05-09,,,,1986.9100
2007-05-10,,,,2187.3400
2007-05-11,,,,2022.2800
2007-05-12,,,,2345.6400
2007-05-14,,,,2018.4300
2007-05-15,,,,2014.1300
2007-05-16,,,,2030.5100
2007-05-17,,,,2019.2800
2007-05-18,,,,1984.0500
2007-05-21,,,,1977.0300
2007-05-22,,,,1989.1100
2007-05-23,,,,1965.0400
2007-05-24,,,,1970.4900
2007-05-25,,,,1980.1100
2007-05-28,,,,2003.8400
2007-05-29,,,,2015.8600
2007-05-30,,,,2011.4200
2007-05-31,,,,2035.6400
2007-06-01,,,,2044.7900
2007-06-02,,,,2315.1600
2007-06-03,,,,1930.7500
2007-06-04,,,,2016.8700
2007-06-05,,,,2015.3800
2007-06-06,,,,1974.8700
2007-06-07,,,,1947.7200
2007-06-08,,,,1897.2000
2007-06-09,,,,2010.7900
2007-06-11,,,,1902.5000
2007-06-12,,,,2346.1400
2007-06-13,,,,1877.6400
2007-06-14,,,,1895.0000
2007-06-15,,,,1899.4900
2007-06-18,,,,1883.5500
2007-06-19,,,,1911.8300
2007-06-20,,,,1938.1300
2007-06-21,,,,1945.1600
2007-06-22,,,,1952.9800
2007-06-25,,,,1935.5100
2007-06-26,,,,1944.6400
2007-06-27,,,,1923.8600
2007-06-28,,,,1910.4800
2007-06-29,,,,1927.0300
2007-07-02,,,,1943.7600
2007-07-03,,,,1938.4400
2007-07-04,,,,1969.5700
2007-07-05,,,,2030.1400
2007-07-06,,,,1947.7200
2007-07-08,,,,1931.6100
2007-07-09,,,,1984.2200
2007-07-10,,,,2005.5600
2007-07-11,,,,1996.6600
2007-07-12,,,,2029.7900
2007-07-13,,,,2053.0400
2007-07-16,,,,2057.2600
2007-07-17,,,,2035.4500
2007-07-18,,,,2045.8500
2007-07-19,,,,2075.9200
2007-07-20,,,,2071.0900
2007-07-23,,,,2092.6800
2007-07-24,,,,2067.1700
2007-07-25,,,,2030.8100
2007-07-26,,,,2065.6700
2007-07-27,,,,2001.5900
2007-07-30,,,,1999.2500
2007-07-31,,,,1999.9000
2007-08-01,,,,1940.2300
2007-08-02,,,,2327.1100
2007-08-03,,,,1980.2500
2007-08-05,,,,2007.1400
2007-08-06,,,,1927.1000
2007-08-07,,,,1931.6100
2007-08-08,,,,1955.3700
2007-08-09,,,,1940.6800
2007-08-10,,,,1927.7900
2007-08-11,,,,2146.6300
2007-08-13,,,,1962.1600
2007-08-14,,,,1954.8500
2007-08-16,,,,1894.5000
2007-08-17,,,,1856.8700
2007-08-20,,,,1876.5100
2007-08-21,,,,1828.8100
2007-08-22,,,,1825.7300
2007-08-23,,,,1818.5700
2007-08-24,,,,1862.1400
2007-08-27,,,,1911.4400
2007-08-28,,,,1907.9100
2007-08-29,,,,1920.2200
2007-08-30,,,,1952.9100
2007-08-31,,,,1987.6800
2007-09-01,,,,2221.5200
2007-09-02,,,,2313.6800
2007-09-03,,,,1998.8200
2007-09-04,,,,1987.9200
2007-09-05,,,,1986.9100
2007-09-06,,,,2010.7900
2007-09-07,,,,1993.5900
2007-09-08,,,,1940.6800
2007-09-10,,,,1998.5800
2007-09-11,,,,2135.4300
2007-09-12,,,,1983.5400
2007-09-13,,,,2010.8400
2007-09-14,,,,1989.7400
2007-09-17,,,,1995.8600
2007-09-18,,,,2009.7700
2007-09-19,,,,2075.1900
2007-09-20,,,,2089.2600
2007-09-21,,,,2113.7700
2007-09-24,,,,2157.2300
2007-09-25,,,,2142.3300
2007-09-26,,,,2128.4700
2007-09-27,,,,2149.8500
2007-09-28,,,,2175.0100
2007-10-01,,,,2171.8600
2007-10-03,,,,2198.7700
2007-10-04,,,,2209.7900
2007-10-05,,,,2012.7800
2007-10-07,,,,2005.5600
2007-10-08,,,,2149.4400
2007-10-09,,,,1998.5800
2007-10-10,,,,2224.4100
2007-10-11,,,,2278.1300
2007-10-12,,,,2339.9800
2007-10-15,,,,2285.7500
2007-10-16,,,,2276.8800
2007-10-17,,,,2238.1700
2007-10-18,,,,2209.0100
2007-10-19,,,,2170.4000
2007-10-22,,,,2165.7800
2007-10-23,,,,2222.0900
2007-10-24,,,,2206.4300
2007-10-25,,,,2252.2500
2007-10-26,,,,2296.2200
2007-10-29,,,,2316.3200
2007-10-30,,,,2239.9100
2007-10-31,,,,2249.3500
2007-11-01,,,,2249.3600
2007-11-02,,,,2211.2600
2007-11-04,,,,1899.7400
2007-11-05,,,,2022.2800
2007-11-06,,,,1902.5000
2007-11-07,,,,1996.6600
2007-11-08,,,,2146.6300
2007-11-09,,,,1981.7900
2007-11-10,,,,2278.1300
2007-11-12,,,,2379.8100
2007-11-13,,,,2117.8800
2007-11-14,,,,2175.3600
2007-11-15,,,,2175.4200
2007-11-16,,,,2181.3100
2007-11-19,,,,2233.2700
2007-11-20,,,,2198.3600
2007-11-21,,,,2132.0100
2007-11-22,,,,2126.6800
2007-11-23,,,,2158.9800
2007-11-26,,,,2176.8100
2007-11-27,,,,2196.5600
2007-11-28,,,,2220.0100
2007-11-29,,,,2225.2700
2007-11-30,,,,2240.1700
2007-12-01,,,,2283.2900
2007-12-02,,,,2242.6300
2007-12-03,,,,1985.1900
2007-12-04,,,,1886.2300
2007-12-05,,,,2345.6400
2007-12-06,,,,1882.6600
2007-12-07,,,,2029.7900
2007-12-09,,,,1983.5400
2007-12-10,,,,2241.9000
2007-12-11,,,,2379.8100
2007-12-12,,,,2382.6300
2007-12-13,,,,2376.1500
2007-12-14,,,,2373.2900
2007-12-17,,,,2292.5700
2007-12-18,,,,2295.2600
2007-12-19,,,,2282.3600
2007-12-20,,,,2281.7800
2007-12-24,,,,2299.7000
2007-12-26,,,,2325.4700
2007-12-27,,,,2317.6200
2007-12-28,,,,2316.8900
2007-12-31,,,,2351.1600
2008-01-01,,,,2370.4600
2008-01-02,,,,2060.9200
2008-01-03,,,,2383.5400
2008-01-04,,,,2376.5800
2008-01-07,,,,1443.5900
2008-01-08,,,,1540.5200
2008-01-09,,,,1674.2100
2008-01-10,,,,1566.5800
2008-01-11,,,,2257.0300
2008-01-12,,,,962.7700
2008-01-14,,,,2248.5900
2008-01-15,,,,2233.4000
2008-01-16,,,,2201.8700
2008-01-17,,,,2219.0000
2008-01-18,,,,2157.7700
2008-01-21,,,,1959.5600
2008-01-22,,,,1875.8000
2008-01-23,,,,1946.5400
2008-01-24,,,,1903.6600
2008-01-25,,,,2012.1000
2008-01-28,,,,2044.1200
2008-01-29,,,,2035.1400
2008-01-30,,,,1987.4900
2008-01-31,,,,1988.4200
2008-02-01,,,,2392.4100
2008-02-04,,,,1880.3300
2008-02-05,,,,2019.1800
2008-02-06,,,,1822.9400
2008-02-07,,,,1470.7000
2008-02-08,,,,1962.5200
2008-02-09,,,,1695.3400
2008-02-11,,,,1909.0500
2008-02-12,,,,933.0700
2008-02-13,,,,1894.9400
2008-02-14,,,,1944.9000
2008-02-15,,,,1975.0900
2008-02-18,,,,1984.3700
2008-02-19,,,,2017.6700
2008-02-20,,,,1971.8500
2008-02-21,,,,1982.1800
2008-02-22,,,,1950.9100
2008-02-25,,,,1962.3400
2008-02-26,,,,1979.6500
2008-02-27,,,,1991.2700
2008-02-28,,,,2005.9600
2008-02-29,,,,2031.7700
2008-03-01,,,,2383.5400
2008-03-03,,,,2016.7900
2008-03-04,,,,1863.2200
2008-03-05,,,,2017.7100
2008-03-06,,,,1825.9900
2008-03-07,,,,1415.5200
2008-03-10,,,,1548.3800
2008-03-11,,,,1942.2200
2008-03-12,,,,1935.3800
2008-03-13,,,,1890.6200
2008-03-14,,,,1888.0800
2008-03-17,,,,1803.4200
2008-03-18,,,,1798.3300
2008-03-19,,,,1823.1200
2008-03-24,,,,1816.6600
2008-03-25,,,,1886.5000
2008-03-26,,,,1894.5100
2008-03-27,,,,1874.8300
2008-03-28,,,,1901.3700
2008-03-31,,,,1878.4300
2008-04-01,,,,2376.5800
2008-04-02,,,,2103.9900
2008-04-03,,,,1863.2200
2008-04-04,,,,1821.9500
2008-04-06,,,,1765.2000
2008-04-07,,,,1842.9400
2008-04-08,,,,1836.1000
2008-04-09,,,,1834.3400
2008-04-10,,,,1830.0500
2008-04-11,,,,1833.5500
2008-04-12,,,,972.9000
2008-04-15,,,,1852.1800
2008-04-16,,,,1855.4200
2008-04-17,,,,1876.7500
2008-04-21,,,,1893.2100
2008-04-22,,,,1897.8900
2008-04-23,,,,1909.8500
2008-04-24,,,,1906.5200
2008-04-25,,,,1917.4100
2008-04-28,,,,1909.2300
2008-04-29,,,,1938.4400
2008-04-30,,,,1971.0000
2008-05-02,,,,2070.9100
2008-05-03,,,,2017.7100
2008-05-05,,,,2000.4000
2008-05-06,,,,1766.0300
2008-05-07,,,,1992.1800
2008-05-08,,,,1983.0400
2008-05-09,,,,1672.5900
2008-05-11,,,,1175.8200
2008-05-12,,,,1946.1900
2008-05-13,,,,1943.5500
2008-05-14,,,,1965.9700
2008-05-15,,,,1974.2100
2008-05-16,,,,1988.7100
2008-05-20,,,,1988.7900
2008-05-21,,,,1995.0100
2008-05-22,,,,1958.8000
2008-05-23,,,,1931.8200
2008-05-26,,,,1892.7300
2008-05-27,,,,1896.0100
2008-05-28,,,,1905.6800
2008-05-29,,,,1848.9600
2008-05-30,,,,1816.7900
2008-06-02,,,,2026.4100
2008-06-03,,,,1825.9900
2008-06-04,,,,1765.2000
2008-06-05,,,,1984.5900
2008-06-06,,,,1765.8400
2008-06-08,,,,1647.2000
2008-06-09,,,,1731.1400
2008-06-10,,,,1493.7300
2008-06-11,,,,1736.5300
2008-06-12,,,,1735.3000
2008-06-13,,,,1723.3700
2008-06-16,,,,1718.5600
2008-06-17,,,,1742.0400
2008-06-18,,,,1738.9600
2008-06-19,,,,1735.2200
2008-06-20,,,,1690.0600
2008-06-23,,,,1643.7100
2008-06-24,,,,1606.4900
2008-06-25,,,,1614.2800
2008-06-26,,,,1628.0600
2008-06-27,,,,1544.5100
2008-06-30,,,,1511.5200
2008-07-01,,,,1443.5900
2008-07-02,,,,1470.7000
2008-07-03,,,,1415.5200
2008-07-04,,,,1842.9400
2008-07-05,,,,1992.1800
2008-07-07,,,,1468.6600
2008-07-08,,,,1668.5300
2008-07-09,,,,1512.3300
2008-07-10,,,,1489.3300
2008-07-11,,,,1146.1800
2008-07-14,,,,1500.5000
2008-07-15,,,,1464.8600
2008-07-16,,,,1427.0800
2008-07-17,,,,1483.9800
2008-07-18,,,,1507.3400
2008-07-21,,,,1536.6000
2008-07-22,,,,1520.2500
2008-07-23,,,,1577.0100
2008-07-24,,,,1583.1500
2008-07-25,,,,1568.3600
2008-07-28,,,,1567.6500
2008-07-29,,,,1506.4200
2008-07-30,,,,1549.1000
2008-07-31,,,,1551.4200
2008-08-01,,,,2339.4800
2008-08-02,,,,1962.5200
2008-08-04,,,,1546.6300
2008-08-05,,,,1983.0400
2008-08-06,,,,1647.2000
2008-08-07,,,,1668.5300
2008-08-08,,,,1667.4200
2008-08-09,,,,1700.7300
2008-08-10,,,,1452.9200
2008-08-11,,,,1706.4200
2008-08-12,,,,988.3500
2008-08-13,,,,1669.7300
2008-08-14,,,,1645.8400
2008-08-18,,,,1623.1800
2008-08-19,,,,1605.8800
2008-08-20,,,,1617.8500
2008-08-21,,,,1590.6600
2008-08-22,,,,1609.4200
2008-08-25,,,,1614.7800
2008-08-26,,,,1642.5900
2008-08-27,,,,1646.7800
2008-08-28,,,,1642.1700
2008-08-29,,,,1676.7800
2008-09-01,,,,1674.2100
2008-09-02,,,,1695.3400
2008-09-04,,,,1834.3400
2008-09-05,,,,1964.4000
2008-09-06,,,,1731.1400
2008-09-07,,,,1512.3300
2008-09-08,,,,1700.7300
2008-09-09,,,,1685.5300
2008-09-10,,,,1682.5100
2008-09-11,,,,1668.8100
2008-09-12,,,,1668.0200
2008-09-15,,,,1640.9300
2008-09-16,,,,1637.7100
2008-09-17,,,,1637.5200
2008-09-18,,,,1649.4100
2008-09-19,,,,1664.0200
2008-09-22,,,,1649.9400
2008-09-23,,,,1620.1500
2008-09-24,,,,1619.2700
2008-09-25,,,,1624.2600
2008-09-26,,,,1580.8200
2008-09-29,,,,1534.4100
2008-09-30,,,,1554.7700
2008-10-01,,,,2268.7800
2008-10-03,,,,1548.3800
2008-10-04,,,,1830.0500
2008-10-06,,,,1724.6200
2008-10-07,,,,1502.0000
2008-10-08,,,,1452.9200
2008-10-09,,,,1682.5100
2008-10-10,,,,1378.5700
2008-10-11,,,,1166.9200
2008-10-12,,,,1026.4300
2008-10-13,,,,1432.4900
2008-10-14,,,,1448.5600
2008-10-15,,,,1399.8000
2008-10-16,,,,1355.2900
2008-10-17,,,,1315.6600
2008-10-20,,,,1314.0900
2008-10-21,,,,1335.6900
2008-10-22,,,,1282.5500
2008-10-23,,,,1198.5800
2008-10-24,,,,1081.1100
2008-10-27,,,,1018.0500
2008-10-28,,,,1078.4700
2008-10-29,,,,1101.0500
2008-10-31,,,,1160.1300
2008-11-01,,,,2257.0300
2008-11-02,,,,1909.0500
2008-11-03,,,,1183.1600
2008-11-04,,,,1198.6600
2008-11-05,,,,1175.8200
2008-11-06,,,,1736.5300
2008-11-07,,,,1146.1800
2008-11-08,,,,1706.4200
2008-11-09,,,,1668.8100
2008-11-10,,,,1166.9200
2008-11-11,,,,1122.0100
2008-11-12,,,,1036.6500
2008-11-14,,,,1049.8400
2008-11-17,,,,1036.1200
2008-11-18,,,,1009.8500
2008-11-19,,,,1011.9400
2008-11-20,,,,971.7400
2008-11-21,,,,986.5800
2008-11-24,,,,996.1300
2008-11-25,,,,990.5000
2008-11-26,,,,998.0200
2008-11-28,,,,1006.0500
2008-12-01,,,,962.7700
2008-12-02,,,,933.0700
2008-12-03,,,,1935.3800
2008-12-04,,,,972.9000
2008-12-05,,,,976.1400
2008-12-06,,,,1735.3000
2008-12-08,,,,1674.4600
2008-12-09,,,,1668.0200
2008-12-10,,,,1026.4300
2008-12-11,,,,1095.3800
2008-12-12,,,,1034.8800
2008-12-15,,,,1058.5200
2008-12-16,,,,1073.8200
2008-12-17,,,,1066.2600
2008-12-18,,,,1094.0900
2008-12-19,,,,1116.9700
2008-12-22,,,,1098.5500
2008-12-23,,,,1072.5600
2008-12-24,,,,1050.6100
2008-12-26,,,,1033.4300
2008-12-29,,,,1024.1200
2008-12-30,,,,1055.0600
2008-12-31,,,,1060.0200
2009-01-01,,,,1090.2500
2009-01-02,,,,1092.1900
2009-01-04,,,,1346.0200
2009-01-05,,,,1105.8600
2009-01-06,,,,1118.8900
2009-01-07,,,,1085.4800
2009-01-09,,,,2547.4900
2009-01-10,,,,2809.7100
2009-01-12,,,,1081.9800
2009-01-13,,,,1084.6300
2009-01-14,,,,1104.8700
2009-01-15,,,,1094.6700
2009-01-16,,,,1102.4500
2009-01-19,,,,1100.0400
2009-01-20,,,,1075.8500
2009-01-21,,,,1065.5700
2009-01-22,,,,1047.5700
2009-01-23,,,,1037.9100
2009-01-27,,,,1053.5800
2009-01-28,,,,1062.3900
2009-01-29,,,,1083.8500
2009-01-30,,,,1094.6300
2009-02-01,,,,1092.1900
2009-02-02,,,,1082.1400
2009-02-03,,,,1081.8300
2009-02-04,,,,1084.3600
2009-02-05,,,,1063.5100
2009-02-06,,,,2036.8100
2009-02-07,,,,1947.8500
2009-02-09,,,,1096.9200
2009-02-10,,,,1108.5000
2009-02-11,,,,1118.0000
2009-02-12,,,,1127.5900
2009-02-13,,,,1154.9500
2009-02-16,,,,1140.9000
2009-02-17,,,,1125.0600
2009-02-18,,,,1128.9900
2009-02-19,,,,1138.4700
2009-02-20,,,,1128.2900
2009-02-24,,,,1125.1400
2009-02-25,,,,1154.1000
2009-02-26,,,,1183.9900
2009-02-27,,,,1183.6000
2009-03-02,,,,1170.1500
2009-03-03,,,,1152.5900
2009-03-04,,,,1164.2700
2009-03-05,,,,1150.3900
2009-03-06,,,,2049.0700
2009-03-07,,,,1962.6600
2009-03-08,,,,2535.9600
2009-03-09,,,,1142.6800
2009-03-11,,,,2630.7200
2009-03-12,,,,3077.3200
2009-03-13,,,,1216.3800
2009-03-16,,,,1232.9800
2009-03-17,,,,1241.8900
2009-03-18,,,,1265.8300
2009-03-19,,,,1253.3600
2009-03-20,,,,1239.5200
2009-03-23,,,,1267.4000
2009-03-24,,,,1268.9600
2009-03-25,,,,1272.0500
2009-03-26,,,,1313.4700
2009-03-27,,,,1344.5100
2009-03-30,,,,1309.3900
2009-03-31,,,,1341.8900
2009-04-01,,,,1346.0200
2009-04-02,,,,1376.9300
2009-04-03,,,,1164.2700
2009-04-05,,,,1577.1200
2009-04-06,,,,1419.7000
2009-04-08,,,,1441.5800
2009-04-09,,,,1430.4400
2009-04-11,,,,2691.8600
2009-04-12,,,,3026.5500
2009-04-13,,,,1476.4200
2009-04-15,,,,1525.5200
2009-04-16,,,,1491.5600
2009-04-17,,,,1487.1400
2009-04-20,,,,1498.8200
2009-04-21,,,,1456.3200
2009-04-22,,,,1431.3400
2009-04-23,,,,1484.6500
2009-04-24,,,,1502.8700
2009-04-27,,,,1491.8500
2009-04-28,,,,1469.7900
2009-04-29,,,,1511.8100
2009-05-01,,,,1105.8600
2009-05-02,,,,1063.5100
2009-05-03,,,,1150.3900
2009-05-04,,,,1577.1200
2009-05-05,,,,1578.9100
2009-05-06,,,,1564.3800
2009-05-07,,,,1583.9700
2009-05-08,,,,1576.9100
2009-05-10,,,,2754.9800
2009-05-11,,,,2743.0700
2009-05-12,,,,1589.4100
2009-05-13,,,,1587.5300
2009-05-14,,,,1595.1400
2009-05-15,,,,1612.6200
2009-05-18,,,,1855.0400
2009-05-19,,,,1846.9100
2009-05-20,,,,1920.2200
2009-05-21,,,,1882.2700
2009-05-22,,,,1874.3600
2009-05-25,,,,1900.9200
2009-05-26,,,,1857.0500
2009-05-27,,,,1904.4100
2009-05-28,,,,1918.0700
2009-05-29,,,,1974.1500
2009-06-01,,,,1118.8900
2009-06-02,,,,1082.9500
2009-06-03,,,,2049.0700
2009-06-04,,,,2062.9900
2009-06-05,,,,2117.9800
2009-06-07,,,,1900.0800
2009-06-08,,,,2407.4800
2009-06-09,,,,2088.5700
2009-06-10,,,,2766.0700
2009-06-11,,,,2743.3200
2009-06-12,,,,2076.2700
2009-06-15,,,,2032.8800
2009-06-16,,,,2046.5400
2009-06-17,,,,1997.9800
2009-06-18,,,,1976.8200
2009-06-19,,,,2004.1000
2009-06-22,,,,1988.1400
2009-06-23,,,,1975.6600
2009-06-24,,,,2005.9700
2009-06-25,,,,1961.7000
2009-06-26,,,,1984.4200
2009-06-29,,,,1978.3900
2009-06-30,,,,1944.8700
2009-07-01,,,,1085.4800
2009-07-02,,,,1947.8500
2009-07-03,,,,1962.6600
2009-07-05,,,,1583.9700
2009-07-06,,,,1900.0800
2009-07-07,,,,1967.2300
2009-07-08,,,,1967.4900
2009-07-09,,,,1972.4500
2009-07-10,,,,2739.0300
2009-07-12,,,,3002.9800
2009-07-13,,,,1905.2800
2009-07-14,,,,1947.7800
2009-07-15,,,,2019.1600
2009-07-16,,,,2065.0000
2009-07-17,,,,2164.5600
2009-07-20,,,,2202.1000
2009-07-21,,,,2207.0200
2009-07-22,,,,2173.4400
2009-07-23,,,,2254.6600
2009-07-24,,,,2367.5700
2009-07-27,,,,2353.4400
2009-07-28,,,,2403.4600
2009-07-29,,,,2389.6000
2009-07-30,,,,2408.3100
2009-07-31,,,,2436.4300
2009-08-03,,,,2535.9600
2009-08-04,,,,2549.2100
2009-08-05,,,,1576.9100
2009-08-06,,,,2407.4800
2009-08-07,,,,2316.9000
2009-08-09,,,,2616.7400
2009-08-10,,,,2775.6700
2009-08-11,,,,2277.2500
2009-08-12,,,,2280.7600
2009-08-13,,,,2385.2000
2009-08-14,,,,2361.3800
2009-08-17,,,,2249.5000
2009-08-18,,,,2286.0300
2009-08-19,,,,2242.5900
2009-08-20,,,,2301.8900
2009-08-21,,,,2353.8200
2009-08-24,,,,2420.4700
2009-08-25,,,,2429.7800
2009-08-26,,,,2435.1200
2009-08-27,,,,2437.8100
2009-08-28,,,,2467.4600
2009-08-31,,,,2487.9700
2009-09-01,,,,2547.4900
2009-09-02,,,,1096.9200
2009-09-03,,,,2512.0200
2009-09-04,,,,2580.0600
2009-09-06,,,,2088.5700
2009-09-07,,,,1972.4500
2009-09-08,,,,2616.7400
2009-09-09,,,,2591.9500
2009-09-10,,,,2730.6300
2009-09-11,,,,2782.0200
2009-09-12,,,,3051.0400
2009-09-14,,,,2588.0000
2009-09-15,,,,2640.2400
2009-09-16,,,,2705.0000
2009-09-17,,,,2731.3100
2009-09-18,,,,2796.3400
2009-09-22,,,,2826.5500
2009-09-23,,,,2802.6200
2009-09-24,,,,2784.9100
2009-09-25,,,,2777.9100
2009-09-29,,,,2781.9000
2009-09-30,,,,2840.5200
2009-10-01,,,,2809.7100
2009-10-02,,,,1108.5000
2009-10-05,,,,2754.9800
2009-10-06,,,,2766.0700
2009-10-07,,,,2739.0300
2009-10-08,,,,2775.6700
2009-10-09,,,,2730.6300
2009-10-11,,,,2779.3800
2009-10-12,,,,2764.3400
2009-10-14,,,,2813.7000
2009-10-15,,,,2815.6300
2009-10-16,,,,2786.8900
2009-10-17,,,,2796.6400
2009-10-20,,,,2812.2600
2009-10-21,,,,2743.4300
2009-10-22,,,,2714.6000
2009-10-23,,,,2731.8700
2009-10-26,,,,2728.6700
2009-10-27,,,,2685.4800
2009-10-28,,,,2657.0600
2009-10-29,,,,2627.1400
2009-10-30,,,,2656.3800
2009-11-02,,,,1118.0000
2009-11-03,,,,2630.7200
2009-11-04,,,,2691.8600
2009-11-05,,,,1568.7900
2009-11-06,,,,2743.3200
2009-11-08,,,,2277.2500
2009-11-09,,,,2568.1100
2009-11-10,,,,2779.3800
2009-11-11,,,,2835.5500
2009-11-12,,,,2803.9500
2009-11-13,,,,2857.9500
2009-11-16,,,,2946.4100
2009-11-17,,,,2945.5700
2009-11-18,,,,2943.3100
2009-11-19,,,,2904.5200
2009-11-20,,,,2920.6500
2009-11-23,,,,2936.7000
2009-11-24,,,,2975.5400
2009-11-25,,,,2985.8300
2009-11-26,,,,2945.6900
2009-11-27,,,,2936.1500
2009-11-30,,,,2961.8000
2009-12-01,,,,3041.7700
2009-12-02,,,,1127.5900
2009-12-03,,,,1181.9300
2009-12-04,,,,3026.5500
2009-12-05,,,,1589.4100
2009-12-06,,,,2076.2700
2009-12-07,,,,3002.9800
2009-12-08,,,,3023.6100
2009-12-09,,,,3051.0400
2009-12-10,,,,3027.1600
2009-12-11,,,,3037.4600
2009-12-14,,,,3060.6400
2009-12-15,,,,2999.5700
2009-12-16,,,,3019.7800
2009-12-17,,,,3028.5300
2009-12-18,,,,3032.7800
2009-12-21,,,,2986.3400
2009-12-22,,,,3006.2300
2009-12-23,,,,3051.6100
2009-12-24,,,,3096.2200
2009-12-29,,,,3095.1400
2009-12-30,,,,3094.1700
2009-12-31,,,,3118.7800
2010-01-02,,,,2978.1700
2010-01-04,,,,3176.3000
2010-01-05,,,,3169.0000
2010-01-06,,,,3175.4800
2010-01-07,,,,3095.7000
2010-01-08,,,,3096.5900
2010-01-09,,,,3683.9300
2010-01-10,,,,4035.9100
2010-01-11,,,,3134.3600
2010-01-12,,,,3131.3600
2010-01-13,,,,3107.8900
2010-01-14,,,,3116.2200
2010-01-15,,,,3127.6700
2010-01-18,,,,3179.9800
2010-01-19,,,,3165.6000
2010-01-20,,,,3184.4900
2010-01-21,,,,3134.4600
2010-01-22,,,,3121.5300
2010-01-25,,,,3062.6500
2010-01-27,,,,2909.0100
2010-01-28,,,,2912.8500
2010-01-29,,,,2932.8700
2010-02-01,,,,2978.1700
2010-02-02,,,,2941.0500
2010-02-03,,,,3144.4700
2010-02-04,,,,2920.6600
2010-02-05,,,,2864.0700
2010-02-06,,,,2894.2800
2010-02-07,,,,3436.5400
2010-02-08,,,,2881.4000
2010-02-09,,,,3696.1800
2010-02-10,,,,2895.8800
2010-02-11,,,,4096.6700
2010-02-12,,,,4229.5300
2010-02-15,,,,2942.2700
2010-02-16,,,,2974.5700
2010-02-17,,,,3002.0200
2010-02-18,,,,2976.9300
2010-02-19,,,,2951.0400
2010-02-22,,,,2955.6600
2010-02-23,,,,2899.6900
2010-02-24,,,,2887.6100
2010-02-25,,,,2888.2900
2010-02-26,,,,3021.3900
2010-03-02,,,,2979.7500
2010-03-03,,,,3172.1500
2010-03-04,,,,3174.8300
2010-03-05,,,,3180.2200
2010-03-06,,,,3275.2100
2010-03-08,,,,3535.3600
2010-03-09,,,,3750.9000
2010-03-10,,,,3210.4500
2010-03-11,,,,3173.4900
2010-03-12,,,,3173.8200
2010-03-15,,,,3154.8700
2010-03-16,,,,3194.5900
2010-03-17,,,,3186.1500
2010-03-18,,,,3187.5600
2010-03-19,,,,3202.4300
2010-03-22,,,,3145.6800
2010-03-23,,,,3127.8500
2010-03-25,,,,3142.8100
2010-03-26,,,,3195.9200
2010-03-29,,,,3209.5300
2010-03-30,,,,3201.3100
2010-03-31,,,,3206.7900
2010-04-01,,,,3176.3000
2010-04-02,,,,2920.6600
2010-04-03,,,,3174.8300
2010-04-05,,,,3271.2100
2010-04-06,,,,3298.8100
2010-04-07,,,,3280.9200
2010-04-08,,,,3550.4500
2010-04-09,,,,3282.6000
2010-04-10,,,,4052.8600
2010-04-11,,,,4210.9200
2010-04-12,,,,3263.5200
2010-04-13,,,,3222.1000
2010-04-15,,,,3212.8600
2010-04-16,,,,3190.2100
2010-04-19,,,,3152.9900
2010-04-20,,,,3187.4900
2010-04-21,,,,3222.6600
2010-04-22,,,,3252.2100
2010-04-23,,,,3252.6300
2010-04-26,,,,3244.2500
2010-04-27,,,,3217.0100
2010-04-28,,,,3182.1900
2010-04-29,,,,3199.9700
2010-04-30,,,,3255.6400
2010-05-01,,,,3169.0000
2010-05-02,,,,2864.0700
2010-05-03,,,,3180.2200
2010-05-04,,,,3271.2100
2010-05-05,,,,3211.1700
2010-05-06,,,,3199.9700
2010-05-07,,,,3147.2000
2010-05-08,,,,3571.7900
2010-05-10,,,,3242.3800
2010-05-11,,,,4237.8000
2010-05-12,,,,3225.4600
2010-05-13,,,,3285.2000
2010-05-14,,,,3241.1900
2010-05-17,,,,3202.1300
2010-05-18,,,,3200.0600
2010-05-19,,,,3104.9800
2010-05-20,,,,3085.7600
2010-05-21,,,,3087.0300
2010-05-24,,,,3068.0700
2010-05-25,,,,2997.5100
2010-05-26,,,,3057.0200
2010-05-27,,,,3122.2400
2010-05-28,,,,3160.6500
2010-05-31,,,,3214.7400
2010-06-01,,,,3175.4800
2010-06-02,,,,2894.2800
2010-06-03,,,,3275.2100
2010-06-04,,,,3298.8100
2010-06-05,,,,3199.9700
2010-06-07,,,,3465.2200
2010-06-08,,,,3573.3100
2010-06-09,,,,3223.2500
2010-06-10,,,,4118.4200
2010-06-11,,,,3343.3300
2010-06-12,,,,4252.3300
2010-06-14,,,,3346.6800
2010-06-15,,,,3348.3400
2010-06-16,,,,3398.0400
2010-06-17,,,,3423.3900
2010-06-18,,,,3394.2700
2010-06-21,,,,3436.2400
2010-06-22,,,,3430.6900
2010-06-23,,,,3456.9700
2010-06-24,,,,3462.6300
2010-06-25,,,,3435.5800
2010-06-28,,,,3474.6600
2010-06-29,,,,3451.8300
2010-06-30,,,,3484.3500
2010-07-01,,,,3095.7000
2010-07-02,,,,3436.5400
2010-07-04,,,,3280.9200
2010-07-05,,,,3147.2000
2010-07-06,,,,3248.3400
2010-07-07,,,,3441.4600
2010-07-08,,,,3475.4500
2010-07-09,,,,3807.3600
2010-07-10,,,,4074.3000
2010-07-12,,,,3507.0200
2010-07-13,,,,3513.5800
2010-07-14,,,,3512.4000
2010-07-15,,,,3500.1500
2010-07-16,,,,3503.9700
2010-07-19,,,,3495.5500
2010-07-20,,,,3475.0100
2010-07-21,,,,3503.3800
2010-07-22,,,,3546.5900
2010-07-23,,,,3537.0100
2010-07-26,,,,3424.1000
2010-07-27,,,,3495.3100
2010-07-28,,,,3515.9600
2010-07-29,,,,3526.8200
2010-07-30,,,,3515.0200
2010-08-01,,,,3096.5900
2010-08-02,,,,3531.9000
2010-08-03,,,,3535.3600
2010-08-04,,,,3244.0000
2010-08-05,,,,3571.7900
2010-08-06,,,,3573.3100
2010-08-07,,,,3475.4500
2010-08-09,,,,3615.7200
2010-08-10,,,,3606.3800
2010-08-11,,,,4225.3600
2010-08-12,,,,3634.4500
2010-08-13,,,,3653.1400
2010-08-16,,,,3648.4200
2010-08-17,,,,3645.4300
2010-08-18,,,,3691.4600
2010-08-19,,,,3697.8900
2010-08-20,,,,3702.5500
2010-08-23,,,,3719.1900
2010-08-24,,,,3712.2300
2010-08-25,,,,3654.4000
2010-08-26,,,,3655.3700
2010-08-27,,,,3632.6800
2010-08-30,,,,3645.8500
2010-08-31,,,,3664.1300
2010-09-01,,,,3683.9300
2010-09-02,,,,2903.8200
2010-09-03,,,,3205.6500
2010-09-04,,,,3282.6000
2010-09-06,,,,3813.9100
2010-09-07,,,,3513.5500
2010-09-08,,,,3615.7200
2010-09-09,,,,3792.3000
2010-09-11,,,,4228.7200
2010-09-12,,,,4068.3100
2010-09-13,,,,3816.5200
2010-09-14,,,,3856.4400
2010-09-15,,,,3850.1800
2010-09-16,,,,3831.0300
2010-09-17,,,,3850.6200
2010-09-20,,,,3899.8600
2010-09-21,,,,3906.4500
2010-09-22,,,,3902.4700
2010-09-23,,,,3904.0800
2010-09-24,,,,3944.3400
2010-09-27,,,,3952.8600
2010-09-28,,,,3954.0800
2010-09-29,,,,3961.0100
2010-09-30,,,,3944.8700
2010-10-01,,,,4035.9100
2010-10-02,,,,2895.8800
2010-10-03,,,,3210.4500
2010-10-04,,,,4052.8600
2010-10-05,,,,3242.3800
2010-10-06,,,,3312.7800
2010-10-07,,,,4074.3000
2010-10-08,,,,3606.3800
2010-10-11,,,,4094.9100
2010-10-12,,,,4082.9100
2010-10-13,,,,4139.5200
2010-10-14,,,,4111.2000
2010-10-15,,,,4031.5000
2010-10-18,,,,4022.2400
2010-10-19,,,,4039.6200
2010-10-20,,,,4019.4000
2010-10-21,,,,4055.1600
2010-10-22,,,,4022.1200
2010-10-25,,,,4064.3500
2010-10-26,,,,4104.9500
2010-10-27,,,,4087.1500
2010-10-28,,,,4097.9800
2010-10-29,,,,4080.0000
2010-11-01,,,,3134.3600
2010-11-02,,,,4096.6700
2010-11-03,,,,3173.4900
2010-11-04,,,,4210.9200
2010-11-05,,,,3231.1900
2010-11-06,,,,3343.3300
2010-11-08,,,,3604.7400
2010-11-09,,,,4228.7200
2010-11-10,,,,4094.9100
2010-11-11,,,,4231.1600
2010-11-12,,,,4157.0000
2010-11-15,,,,4181.6000
2010-11-16,,,,4104.4300
2010-11-18,,,,4162.4400
2010-11-19,,,,4097.3100
2010-11-22,,,,4165.0100
2010-11-23,,,,4167.6000
2010-11-24,,,,4173.9100
2010-11-25,,,,4141.7000
2010-11-26,,,,4070.4100
2010-11-29,,,,4105.8000
2010-11-30,,,,4156.5800
2010-12-01,,,,4242.5800
2010-12-02,,,,4229.5300
2010-12-03,,,,4242.9200
2010-12-04,,,,3263.5200
2010-12-05,,,,3225.4600
2010-12-06,,,,4252.3300
2010-12-07,,,,4256.7200
2010-12-08,,,,4215.9600
2010-12-09,,,,4068.3100
2010-12-10,,,,4082.9100
2010-12-11,,,,4157.0000
2010-12-13,,,,4109.7800
2010-12-14,,,,4102.4700
2010-12-15,,,,4067.2500
2010-12-16,,,,4069.6800
2010-12-20,,,,4165.7400
2010-12-21,,,,4183.1400
2010-12-22,,,,4176.0100
2010-12-23,,,,4150.2600
2010-12-24,,,,4123.5000
2010-12-27,,,,4123.1600
2010-12-28,,,,4105.3400
2010-12-29,,,,4137.5300
2010-12-30,,,,4175.6200
2010-12-31,,,,4206.0800
2011-01-02,,,,3559.9700
2011-01-03,,,,3610.3300
2011-01-04,,,,3882.1500
2011-01-05,,,,4104.4800
2011-01-06,,,,4046.6500
2011-01-07,,,,3666.2000
2011-01-08,,,,3698.1000
2011-01-10,,,,3823.0900
2011-01-11,3916.2000,3950.1500,3848.8000,3868.1500
2011-01-12,3614.3500,3658.4000,3594.5500,3604.9000
2011-01-13,,,,3907.8300
2011-01-14,,,,3819.8900
2011-01-17,,,,3809.2400
2011-01-18,,,,3824.0600
2011-01-19,,,,3825.6400
2011-01-20,,,,3827.5000
2011-01-21,,,,3829.5400
2011-01-24,,,,3868.6500
2011-01-25,,,,3825.0500
2011-01-27,,,,3776.9700
2011-01-28,,,,3644.1500
2011-01-31,,,,3657.9800
2011-02-01,,,,3559.9700
2011-02-02,,,,3555.6000
2011-02-03,,,,3613.5900
2011-02-04,,,,3550.6900
2011-02-05,,,,3926.5500
2011-02-06,,,,3696.5200
2011-02-07,,,,3555.5900
2011-02-08,,,,3451.4100
2011-02-09,,,,3575.9400
2011-02-10,,,,3421.2600
2011-02-11,3839.5000,3898.0500,3832.6500,3859.7500
2011-02-12,3603.7500,3691.4000,3594.9500,3686.8000
2011-02-14,,,,3649.8500
2011-02-15,,,,3669.4800
2011-02-16,,,,3650.6300
2011-02-17,,,,3684.4500
2011-02-18,,,,3602.3800
2011-02-21,,,,3558.0000
2011-02-22,,,,3495.1500
2011-02-23,,,,3514.1000
2011-02-24,,,,3385.9500
2011-02-25,,,,3416.2200
2011-02-28,,,,3423.4100
2011-03-01,,,,3610.3300
2011-03-02,,,,3613.5900
2011-03-03,,,,3675.9600
2011-03-04,,,,3693.1700
2011-03-05,,,,3784.8400
2011-03-06,,,,3685.9300
2011-03-07,,,,3600.2300
2011-03-08,,,,3641.3800
2011-03-09,,,,3664.4500
2011-03-10,,,,3661.1800
2011-03-11,3853.0000,3861.4500,3809.0500,3848.5000
2011-03-14,,,,3655.7100
2011-03-15,,,,3581.4400
2011-03-16,,,,3637.7500
2011-03-17,,,,3587.0900
2011-03-18,,,,3519.9100
2011-03-21,,,,3514.3000
2011-03-22,,,,3571.7000
2011-03-23,,,,3570.2000
2011-03-24,,,,3625.7000
2011-03-25,,,,3677.6000
2011-03-28,,,,3739.0800
2011-03-29,,,,3786.9100
2011-03-30,,,,3842.7000
2011-03-31,,,,3862.4100
2011-04-01,,,,4187.3400
2011-04-02,,,,3550.6900
2011-04-03,,,,3693.1700
2011-04-04,,,,3951.9900
2011-04-05,,,,3963.8600
2011-04-06,,,,3976.8400
2011-04-07,,,,3974.0900
2011-04-08,,,,3899.8700
2011-04-10,3515.6000,3537.8000,3440.3000,3460.7000
2011-04-11,,,,3819.7200
2011-04-13,,,,3912.1200
2011-04-15,,,,3914.6500
2011-04-18,,,,3893.4300
2011-04-19,,,,3873.0500
2011-04-20,,,,3977.4600
2011-04-21,,,,4001.5900
2011-04-25,,,,4015.3800
2011-04-26,,,,4020.1100
2011-04-27,,,,4024.3700
2011-04-28,,,,3994.4100
2011-04-29,,,,3982.1500
2011-05-01,,,,4104.4800
2011-05-02,,,,3926.5500
2011-05-03,,,,3784.8400
2011-05-04,,,,3730.1000
2011-05-05,,,,3715.9300
2011-05-06,,,,3835.0100
2011-05-07,,,,3731.8800
2011-05-08,,,,3485.3800
2011-05-09,,,,3628.1100
2011-05-10,3473.2000,3509.9000,3452.8500,3459.3500
2011-05-11,,,,3822.3100
2011-05-12,,,,3774.5700
2011-05-13,,,,3827.2500
2011-05-16,,,,3803.5100
2011-05-17,,,,3760.4700
2011-05-18,,,,3729.3900
2011-05-19,,,,3732.5200
2011-05-20,,,,3788.4400
2011-05-23,,,,3723.8700
2011-05-24,,,,3720.6800
2011-05-25,,,,3716.9500
2011-05-26,,,,3773.8600
2011-05-27,,,,3740.8800
2011-05-30,,,,3685.0100
2011-05-31,,,,3733.4700
2011-06-01,,,,3739.9200
2011-06-02,,,,3696.5200
2011-06-03,,,,3685.9300
2011-06-04,,,,3976.8400
2011-06-05,,,,3835.0100
2011-06-06,,,,3665.7400
2011-06-07,,,,3669.3100
2011-06-08,,,,3643.9000
2011-06-09,,,,3622.7200
2011-06-10,,,,3608.7800
2011-06-13,,,,3615.1000
2011-06-14,,,,3611.7500
2011-06-15,,,,3604.6900
2011-06-16,,,,3570.4600
2011-06-17,,,,3531.2300
2011-06-20,,,,3448.1200
2011-06-21,,,,3455.6900
2011-06-22,,,,3459.5100
2011-06-23,,,,3470.9800
2011-06-24,,,,3577.9400
2011-06-27,,,,3628.0100
2011-06-28,,,,3661.0900
2011-06-29,,,,3661.5200
2011-06-30,,,,3671.8600
2011-07-01,,,,3914.1600
2011-07-02,,,,3555.5900
2011-07-03,,,,3600.2300
2011-07-04,,,,3974.0900
2011-07-05,,,,3731.8800
2011-07-06,,,,3750.9700
2011-07-07,,,,3804.9300
2011-07-08,,,,3798.8600
2011-07-09,,,,3685.2000
2011-07-10,3521.7500,3564.2000,3513.1000,3535.7500
2011-07-11,,,,3800.5100
2011-07-12,,,,3719.5300
2011-07-13,,,,3774.2800
2011-07-14,,,,3783.6500
2011-07-15,,,,3759.1900
2011-07-18,,,,3720.5400
2011-07-19,,,,3709.4700
2011-07-20,,,,3662.6500
2011-07-21,,,,3649.7800
2011-07-22,,,,3710.9700
2011-07-25,,,,3758.6600
2011-07-26,,,,3679.1600
2011-07-27,,,,3674.0400
2011-07-28,,,,3659.8900
2011-07-29,,,,3671.1600
2011-08-01,,,,3698.1000
2011-08-02,,,,3680.2800
2011-08-03,,,,3625.6400
2011-08-04,,,,3899.8700
2011-08-05,,,,3485.3800
2011-08-06,,,,3643.9000
2011-08-07,,,,3798.8600
2011-08-08,,,,3462.5500
2011-08-09,,,,3694.5700
2011-08-10,,,,3623.4900
2011-08-11,3877.0500,3883.4500,3836.0500,3859.1000
2011-08-12,,,,3582.8500
2011-08-16,,,,3553.9200
2011-08-17,,,,3506.0900
2011-08-18,,,,3455.3400
2011-08-19,,,,3423.9900
2011-08-22,,,,3469.6600
2011-08-23,,,,3479.9600
2011-08-24,,,,3403.3300
2011-08-25,,,,3394.6400
2011-08-26,,,,3366.5200
2011-08-29,,,,3469.3000
2011-08-30,,,,3513.1800
2011-09-02,,,,3575.9400
2011-09-03,,,,3664.4500
2011-09-05,,,,3628.1100
2011-09-06,,,,3678.6300
2011-09-07,,,,3685.2000
2011-09-08,,,,3694.5700
2011-09-09,,,,3662.4300
2011-09-11,3874.2500,3884.0000,3783.3000,3791.3000
2011-09-12,3596.0500,3596.0500,3534.0000,3561.3000
2011-09-13,,,,3550.8800
2011-09-14,,,,3592.4500
2011-09-15,,,,3653.3700
2011-09-16,,,,3685.9400
2011-09-19,,,,3696.6000
2011-09-20,,,,3746.2500
2011-09-21,,,,3711.3200
2011-09-22,,,,3574.5200
2011-09-23,,,,3515.2700
2011-09-26,,,,3477.7900
2011-09-27,,,,3575.4500
2011-09-28,,,,3535.7600
2011-09-29,,,,3605.2000
2011-09-30,,,,3549.6200
2011-10-01,,,,3823.0900
2011-10-02,,,,3421.2600
2011-10-03,,,,3661.1800
2011-10-04,3515.6000,3537.8000,3440.3000,3460.7000
2011-10-05,,,,3780.8300
2011-10-06,,,,3608.7800
2011-10-07,3521.7500,3564.2000,3513.1000,3535.7500
2011-10-08,,,,3623.4900
2011-10-10,3514.8000,3622.6500,3514.8000,3615.9500
2011-10-11,3637.9500,3675.1500,3637.9500,3652.4500
2011-10-12,3650.9500,3749.1500,3613.5000,3705.9000
2011-10-13,3724.1000,3738.2000,3647.4500,3659.3000
2011-10-14,3639.6500,3700.0500,3638.6000,3693.4000
2011-10-17,3720.6500,3763.2500,3711.0000,3752.3000
2011-10-18,3715.4000,3720.0000,3662.7500,3689.3000
2011-10-19,3730.4500,3763.4500,3730.4500,3754.3500
2011-10-20,3726.9000,3730.4500,3653.0500,3699.1000
2011-10-21,3724.1500,3739.9000,3683.6500,3692.1500
2011-10-24,3740.3500,3777.5500,3736.2000,3759.9000
2011-10-25,3779.6000,3870.4500,3744.4500,3864.0500
2011-10-26,3880.9000,3892.8500,3865.6000,3873.5000
2011-10-28,3951.3500,4014.1500,3951.3500,3983.8500
2011-10-31,3966.3500,3966.3500,3930.9500,3944.0500
2011-11-01,,,,3835.4300
2011-11-02,,,,3511.8700
2011-11-03,3853.0000,3861.4500,3809.0500,3848.5000
2011-11-04,3897.4000,3912.5500,3837.7000,3861.6000
2011-11-05,,,,3822.3100
2011-11-07,,,,3800.5100
2011-11-08,,,,3608.0700
2011-11-09,3874.2500,3884.0000,3783.3000,3791.3000
2011-11-10,3637.9500,3675.1500,3637.9500,3652.4500
2011-11-11,3786.0500,3845.3500,3777.0500,3819.0000
2011-11-14,3842.6500,3864.0000,3724.9000,3738.8500
2011-11-15,3720.7000,3766.2000,3667.2000,3678.2500
2011-11-16,3687.6500,3691.3500,3634.0000,3675.3500
2011-11-17,3667.8000,3674.1000,3595.5000,3608.8500
2011-11-18,3581.6500,3590.7500,3520.9500,3563.3000
2011-11-21,3544.1500,3544.8500,3464.0000,3476.1000
2011-11-22,3495.6500,3542.0000,3456.3500,3515.5000
2011-11-23,3498.6000,3506.3000,3424.8500,3465.3500
2011-11-24,3455.3500,3551.1000,3423.2500,3539.9000
2011-11-25,3514.7000,3561.3500,3479.6500,3493.0000
2011-11-28,3528.5000,3565.4500,3524.0500,3547.4000
2011-11-29,3548.9500,3585.2000,3519.8500,3555.4000
2011-11-30,3536.5000,3558.4500,3499.7000,3527.8000
2011-12-01,,,,3918.4000
2011-12-02,3603.7500,3691.4000,3594.9500,3686.8000
2011-12-05,,,,3774.5700
2011-12-07,,,,3719.5300
2011-12-08,,,,3582.8500
2011-12-09,3596.0500,3596.0500,3534.0000,3561.3000
2011-12-10,3650.9500,3749.1500,3613.5000,3705.9000
2011-12-12,3592.8500,3602.6000,3457.7000,3466.3000
2011-12-13,3440.8000,3516.8500,3440.8000,3503.7500
2011-12-14,3488.3000,3530.1000,3443.4500,3455.3500
2011-12-15,3422.8000,3433.7000,3363.2000,3404.6500
2011-12-16,3416.2000,3489.4500,3348.3000,3379.0500
2011-12-19,3368.6500,3388.0500,3332.5000,3382.0000
2011-12-20,3390.1000,3400.3000,3292.7000,3304.8000
2011-12-21,3362.5500,3398.8000,3326.6000,3387.1000
2011-12-22,3336.6500,3444.5000,3336.6500,3434.6000
2011-12-23,3464.8000,3475.7000,3428.2000,3446.6500
2011-12-26,3454.7000,3493.3000,3447.8500,3480.7000
2011-12-27,3480.3500,3494.1000,3442.3000,3456.3000
2011-12-28,3453.8500,3465.4000,3401.3000,3413.1000
2011-12-29,3394.2500,3431.6500,3383.5000,3400.5000
2011-12-30,3411.8500,3444.8000,3376.3000,3390.5500
2012-01-02,3413.3500,3424.4500,3310.7000,3356.1000
2012-01-03,4154.8500,4178.0500,4081.5500,4115.7000
2012-01-04,3416.9000,3427.0500,3363.6000,3386.1000
2012-01-05,3385.8500,3444.5000,3383.1500,3426.7500
2012-01-06,3742.2000,3751.3000,3663.2500,3670.8000
2012-01-07,3423.3000,3426.3500,3406.8000,3411.3000
2012-01-08,3823.2000,3844.3500,3809.0500,3823.5000
2012-01-09,3401.0000,3403.3000,3365.2000,3395.8500
2012-01-10,4378.9000,4415.3500,4372.5500,4399.9500
2012-01-11,3504.9500,3512.5500,3477.4500,3503.9500
2012-01-12,3490.9000,3547.5500,3486.4500,3529.8500
2012-01-13,3556.9500,3572.7500,3506.9500,3531.7000
2012-01-16,3510.0500,3563.7500,3487.9500,3557.8000
2012-01-17,3589.7000,3657.1500,3587.3500,3643.1500
2012-01-18,3653.0500,3653.3500,3592.0500,3600.1500
2012-01-19,3634.2500,3660.3000,3631.8500,3637.5000
2012-01-20,3646.9000,3682.1500,3629.2000,3664.2000
2012-01-23,3664.5500,3686.7500,3637.6000,3677.9500
2012-01-24,3693.0500,3739.0500,3647.6000,3730.4500
2012-01-25,3743.3500,3795.0000,3734.7500,3775.4000
2012-01-27,3800.9000,3825.6500,3785.5000,3818.5500
2012-01-30,3800.8500,3803.6000,3741.6000,3749.7500
2012-01-31,3777.2000,3849.2500,3763.2000,3836.5000
2012-02-01,3413.3500,3424.4500,3310.7000,3356.1000
2012-02-02,3950.2500,3956.5500,3899.4000,3922.5000
2012-02-03,4149.1500,4160.0000,4093.5000,4114.6000
2012-02-04,4244.5000,4247.9000,4193.6000,4216.3000
2012-02-05,4432.2000,4432.2000,4346.7000,4356.9000
2012-02-06,3981.7500,4011.7500,3954.8000,3985.3000
2012-02-07,3960.5000,3967.6000,3930.6500,3943.9500
2012-02-08,3809.1000,3809.8000,3784.8000,3804.1000
2012-02-09,3960.0000,4053.2000,3955.9500,4040.8000
2012-02-10,4034.8500,4078.2500,4000.5000,4031.2000
2012-02-11,4465.4000,4496.3000,4448.2500,4488.7000
2012-02-13,4034.9000,4088.1500,4034.4500,4068.6500
2012-02-14,4073.3000,4181.5500,4073.3000,4154.2000
2012-02-15,4217.3000,4331.5000,4214.7500,4293.9500
2012-02-16,4263.9000,4312.7000,4221.2500,4296.4500
2012-02-17,4336.5500,4350.1500,4268.7500,4277.9500
2012-02-21,4280.8500,4311.7500,4267.4500,4290.4500
2012-02-22,4289.1500,4327.7000,4210.1500,4229.3000
2012-02-23,4218.9000,4244.4500,4169.9500,4189.2500
2012-02-24,4209.6000,4240.2000,4152.8500,4169.8500
2012-02-27,4185.9500,4185.9500,4004.9500,4034.1000
2012-02-28,4057.5000,4172.5500,4057.5000,4160.0500
2012-02-29,4186.5500,4234.5000,4120.3000,4159.4000
2012-03-01,3379.1000,3419.1000,3367.8000,3414.0500
2012-03-02,3932.4000,3961.6500,3903.9000,3944.4000
2012-03-03,4116.6500,4119.6000,4103.1000,4105.8000
2012-03-04,4234.1000,4243.7000,4200.3500,4209.9500
2012-03-05,4331.8500,4331.8500,4243.6500,4250.4000
2012-03-06,4081.8500,4177.2000,4049.2000,4066.9000
2012-03-07,4062.9000,4091.3000,4042.9000,4071.9500
2012-03-08,3784.8500,3785.9000,3745.3500,3778.7000
2012-03-09,4123.3500,4171.6000,4118.8000,4165.0000
2012-03-10,4392.9500,4422.2500,4377.3500,4390.6500
2012-03-12,4191.7000,4205.7500,4144.1000,4193.9000
2012-03-13,4209.2500,4235.7000,4189.4000,4194.3500
2012-03-14,4229.2000,4281.9000,4225.3000,4237.2500
2012-03-15,4234.8000,4234.8000,4173.5500,4209.0000
2012-03-16,4196.7500,4310.3000,4152.0500,4215.4000
2012-03-19,4225.1500,4249.6500,4187.7000,4197.0500
2012-03-20,4198.1000,4218.5000,4105.3500,4132.1000
2012-03-21,4134.7500,4198.9000,4104.4500,4192.2000
2012-03-22,4179.2000,4231.1500,4104.3000,4118.7500
2012-03-23,4121.2000,4177.7500,4074.5500,4147.7500
2012-03-26,4151.3000,4151.3000,4079.8000,4093.0000
2012-03-27,4134.7500,4139.9000,4061.1000,4106.9500
2012-03-28,4100.2500,4103.3500,4066.5000,4083.9500
2012-03-29,4062.4000,4116.8500,4043.5500,4105.9500
2012-03-30,4126.1000,4222.7500,4115.8500,4207.0000
2012-04-01,3416.9000,3427.0500,3363.6000,3386.1000
2012-04-02,4244.5000,4247.9000,4193.6000,4216.3000
2012-04-03,4234.1000,4243.7000,4200.3500,4209.9500
2012-04-04,4194.3500,4206.9500,4175.9500,4188.8000
2012-04-05,4227.0500,4229.8500,4138.4000,4174.6500
2012-04-06,3636.9500,3702.9000,3612.9500,3695.2500
2012-04-07,3959.5000,3992.4000,3959.5000,3969.8500
2012-04-09,4168.1500,4175.6500,4130.4500,4139.3500
2012-04-10,4151.2000,4190.2500,4127.9000,4184.1000
2012-04-11,4162.5000,4204.3500,4150.6000,4168.3000
2012-04-12,4187.9500,4226.0500,4180.2000,4214.9000
2012-04-13,4227.2000,4314.2500,4222.6000,4229.7500
2012-04-16,4228.6500,4294.6000,4215.6000,4284.9500
2012-04-17,4311.7500,4331.6000,4265.7000,4325.9500
2012-04-18,4345.3500,4405.2000,4345.3500,4389.6000
2012-04-19,4411.6000,4486.2000,4395.0500,4471.3000
2012-04-20,4457.2500,4505.1500,4433.8500,4472.4000
2012-04-23,4466.5000,4501.5000,4380.5000,4396.3000
2012-04-24,4388.9500,4404.3000,4359.5000,4395.6500
2012-04-25,4388.5500,4432.0000,4374.7000,4416.4500
2012-04-26,4429.4500,4438.8500,4368.0000,4377.0500
2012-04-27,4385.9500,4417.7000,4360.1500,4384.4000
2012-04-28,4394.7500,4411.1500,4380.8000,4401.9500
2012-04-30,4395.1000,4440.4000,4371.9500,4433.1500
2012-05-01,3385.8500,3444.5000,3383.1500,3426.7500
2012-05-02,4432.2000,4432.2000,4346.7000,4356.9000
2012-05-03,4331.8500,4331.8500,4243.6500,4250.4000
2012-05-04,4227.0500,4229.8500,4138.4000,4174.6500
2012-05-06,3696.8500,3715.2000,3676.4500,3685.5000
2012-05-07,4134.0000,4254.1000,4086.3000,4228.9000
2012-05-08,4241.2000,4268.9000,4130.9000,4142.2500
2012-05-09,4103.3500,4139.7500,4082.6000,4105.4000
2012-05-10,4112.0000,4172.4500,4060.2500,4072.7500
2012-05-11,4051.4000,4114.3000,4032.6000,4094.1000
2012-05-12,4560.5500,4590.0500,4550.3500,4554.4000
2012-05-14,4103.8500,4130.7500,4043.1500,4073.5000
2012-05-15,4046.2500,4089.9000,4030.9500,4076.0500
2012-05-16,3988.3500,3990.3000,3931.8500,3973.8000
2012-05-17,3989.2500,4011.6500,3940.0000,3952.5500
2012-05-18,3889.2500,3904.4500,3827.8000,3875.8500
2012-05-21,3873.0500,3923.6500,3873.0500,3903.1000
2012-05-22,3936.0000,3958.0500,3869.3500,3878.0500
2012-05-23,3855.7500,3865.1500,3818.2000,3853.7000
2012-05-24,3846.5000,3897.6500,3813.7500,3893.3000
2012-05-25,3881.1000,3900.3000,3852.9500,3884.1500
2012-05-28,3895.4500,3951.5500,3891.1000,3946.9000
2012-05-29,3973.5500,3986.3000,3944.8000,3958.8500
2012-05-30,3879.0500,3879.0500,3808.0500,3814.1500
2012-05-31,3770.7000,3772.9500,3729.8000,3739.7500
2012-06-01,3742.2000,3751.3000,3663.2500,3670.8000
2012-06-02,3981.7500,4011.7500,3954.8000,3985.3000
2012-06-03,4081.8500,4177.2000,4049.2000,4066.9000
2012-06-04,3636.9500,3702.9000,3612.9500,3695.2500
2012-06-05,3696.8500,3715.2000,3676.4500,3685.5000
2012-06-06,3704.8000,3830.8000,3704.8000,3821.5500
2012-06-07,3836.2000,3880.0500,3814.9500,3871.4500
2012-06-08,3858.1000,3881.7000,3823.3500,3872.7500
2012-06-09,3879.7500,3930.1000,3867.7000,3915.8000
2012-06-11,4449.3000,4458.9000,4424.7000,4445.0000
2012-06-12,4575.3000,4605.4000,4540.1500,4592.1000
2012-06-13,3910.4000,3916.9500,3838.6000,3851.7000
2012-06-14,3854.4500,3871.6000,3768.7000,3778.9500
2012-06-15,3795.7500,3882.1500,3795.7500,3876.7000
2012-06-18,3902.4500,3942.9000,3828.3000,3850.0000
2012-06-19,3848.0000,3878.7500,3830.1000,3850.4000
2012-06-20,3867.0000,3903.2500,3862.8000,3889.5000
2012-06-21,3878.0000,3923.2000,3859.0500,3917.8500
2012-06-22,3884.8000,3957.4000,3880.9500,3920.8000
2012-06-25,3929.2000,3969.3000,3885.0000,3895.3500
2012-06-26,3889.7500,3913.4500,3879.2000,3907.0500
2012-06-27,3923.0500,3932.5500,3871.2500,3880.9000
2012-06-28,3888.9000,3897.5500,3831.3500,3886.9000
2012-06-29,3922.5000,3976.0000,3922.5000,3966.4000
2012-07-01,3423.3000,3426.3500,3406.8000,3411.3000
2012-07-02,4013.1500,4013.1500,3925.1500,3940.9500
2012-07-03,4062.9000,4091.3000,4042.9000,4071.9500
2012-07-04,3959.5000,3992.4000,3959.5000,3969.8500
2012-07-05,4134.0000,4254.1000,4086.3000,4228.9000
2012-07-06,3836.2000,3880.0500,3814.9500,3871.4500
2012-07-08,3857.8000,3915.5500,3853.2000,3910.5500
2012-07-09,3963.6000,3984.5500,3938.0500,3945.0500
2012-07-10,3954.9500,4017.7500,3954.9500,4006.5000
2012-07-11,4442.9500,4508.9500,4442.9500,4478.0000
2012-07-12,4598.0500,4665.4500,4598.0500,4618.1500
2012-07-13,3921.6000,3945.3000,3909.3000,3919.3500
2012-07-16,3932.5000,3948.1000,3884.5000,3888.8000
2012-07-17,3910.7000,3915.6500,3828.9500,3836.7000
2012-07-18,3828.5000,3865.9000,3787.9000,3861.5500
2012-07-19,3872.1500,3876.3000,3839.6500,3845.9000
2012-07-20,3818.1500,3861.5000,3818.1500,3856.6500
2012-07-23,3818.4500,3818.4500,3755.0000,3763.2000
2012-07-24,3765.8000,3783.9000,3743.5500,3758.5500
2012-07-25,3741.4500,3746.0000,3703.4500,3735.8500
2012-07-26,3742.2500,3752.8000,3689.1000,3701.1500
2012-07-27,3751.9500,3766.7500,3711.4500,3735.1500
2012-07-30,3747.6000,3822.5000,3746.5500,3818.2000
2012-07-31,3818.2000,3833.4500,3771.5000,3829.7500
2012-08-01,3823.2000,3844.3500,3809.0500,3823.5000
2012-08-02,3940.0000,3991.6000,3912.0000,3969.1500
2012-08-03,3784.8500,3785.9000,3745.3500,3778.7000
2012-08-05,4241.2000,4268.9000,4130.9000,4142.2500
2012-08-06,3858.1000,3881.7000,3823.3500,3872.7500
2012-08-07,3857.8000,3915.5500,3853.2000,3910.5500
2012-08-08,3919.8000,3978.5000,3919.8000,3951.2000
2012-08-09,3964.0500,4016.7500,3942.4500,3969.2500
2012-08-10,3953.9500,3957.4000,3917.7500,3930.2000
2012-08-11,4446.6000,4531.0500,4431.2500,4515.0000
2012-08-13,3928.7000,3933.8000,3892.7000,3924.6500
2012-08-14,3918.2500,3959.6000,3915.8000,3954.9500
2012-08-16,3963.7000,4006.2500,3958.1500,3988.4500
2012-08-17,3999.3500,4041.2000,3999.3500,4014.3500
2012-08-21,4022.6000,4074.4500,4022.6000,4067.7000
2012-08-22,4052.7000,4099.3500,4052.5000,4077.7000
2012-08-23,4079.6000,4088.4000,4030.2000,4042.2500
2012-08-24,4023.5000,4047.6500,3998.9000,4040.1000
2012-08-27,4045.0500,4057.3500,4020.2000,4024.6000
2012-08-28,4018.9500,4026.1500,3969.3500,3984.5000
2012-08-29,3982.7500,3984.2000,3911.8000,3927.2000
2012-08-30,3910.1000,3962.7000,3880.5500,3931.2000
2012-08-31,3924.7000,3929.4500,3869.6000,3889.2500
2012-09-01,3401.0000,3403.3000,3365.2000,3395.8500
2012-09-02,3960.0000,4053.2000,3955.9500,4040.8000
2012-09-03,3897.0500,3940.5000,3887.3000,3905.3000
2012-09-04,4168.1500,4175.6500,4130.4500,4139.3500
2012-09-05,4103.3500,4139.7500,4082.6000,4105.4000
2012-09-06,3879.7500,3930.1000,3867.7000,3915.8000
2012-09-07,3963.6000,3984.5500,3938.0500,3945.0500
2012-09-08,3964.0500,4016.7500,3942.4500,3969.2500
2012-09-10,4008.2000,4045.3500,3997.5000,4036.2500
2012-09-11,4011.4000,4032.9000,3997.1000,4030.0000
2012-09-12,4042.2500,4094.1000,4042.2500,4089.6000
2012-09-13,4092.9000,4108.0500,4069.3000,4078.8000
2012-09-14,4120.7500,4196.4000,4120.7500,4191.2000
2012-09-17,4241.6500,4319.2500,4241.6500,4264.2500
2012-09-18,4257.8000,4275.6000,4247.8500,4267.4000
2012-09-20,4222.8500,4279.2500,4213.5000,4248.5500
2012-09-21,4269.1500,4339.2500,4265.3500,4318.0500
2012-09-24,4319.1500,4382.0500,4319.1500,4352.2500
2012-09-25,4360.0500,4387.6000,4302.1500,4318.0000
2012-09-26,4293.5000,4327.3500,4276.9000,4302.6500
2012-09-27,4312.7500,4357.6500,4284.0500,4297.6000
2012-09-28,4328.5000,4407.9500,4328.5000,4369.5500
2012-10-01,3409.7500,3498.0500,3409.7500,3493.5500
2012-10-02,4034.8500,4078.2500,4000.5000,4031.2000
2012-10-03,4392.9500,4422.2500,4377.3500,4390.6500
2012-10-04,4408.2500,4430.9000,4379.9500,4383.2000
2012-10-05,4112.0000,4172.4500,4060.2500,4072.7500
2012-10-07,3954.9500,4017.7500,3954.9500,4006.5000
2012-10-08,4409.9500,4415.4500,4349.4000,4355.9000
2012-10-09,4363.5500,4395.6500,4323.7500,4347.6500
2012-10-10,4321.1500,4351.3500,4309.9000,4314.4000
2012-10-11,4321.1000,4349.9000,4279.8000,4337.8500
2012-10-12,4621.1000,4639.4500,4591.7000,4604.3000
2012-10-15,4309.1000,4317.5000,4290.0500,4303.1500
2012-10-16,4289.3500,4309.7500,4248.9500,4258.3500
2012-10-17,4288.2000,4298.1000,4250.3500,4278.4000
2012-10-18,4291.8500,4341.0500,4287.8000,4334.4500
2012-10-19,4331.6000,4344.0000,4278.8500,4297.4000
2012-10-22,4287.8000,4314.4500,4259.9500,4295.4000
2012-10-23,4288.6500,4288.7500,4252.4000,4263.4500
2012-10-25,4258.0000,4294.7500,4253.7500,4286.6000
2012-10-26,4280.1000,4333.2000,4280.1000,4323.5000
2012-10-29,4330.3500,4358.7500,4304.4500,4324.1500
2012-10-30,4325.5500,4332.3000,4235.5000,4263.7000
2012-10-31,4265.2500,4333.9500,4265.2000,4329.4000
2012-11-01,4342.6500,4436.0500,4340.5500,4427.6500
2012-11-02,4465.4000,4496.3000,4448.2500,4488.7000
2012-11-04,4162.5000,4204.3500,4150.6000,4168.3000
2012-11-05,4485.0000,4500.3000,4436.8000,4463.8500
2012-11-06,3889.4000,3924.9000,3832.9000,3846.7000
2012-11-07,4442.9500,4508.9500,4442.9500,4478.0000
2012-11-08,4446.6000,4531.0500,4431.2500,4515.0000
2012-11-09,4011.4000,4032.9000,3997.1000,4030.0000
2012-11-10,4321.1000,4349.9000,4279.8000,4337.8500
2012-11-12,4504.4500,4508.3000,4472.5500,4490.8500
2012-11-13,4491.4500,4504.2000,4474.3000,4478.5500
2012-11-15,4441.7000,4446.8500,4415.8500,4441.0500
2012-11-16,4440.7500,4457.2000,4359.9000,4374.1000
2012-11-19,4380.6000,4423.8500,4380.5500,4413.7000
2012-11-20,4443.4000,4464.0500,4404.1000,4439.8000
2012-11-21,4448.1500,4456.9000,4421.6000,4437.4500
2012-11-22,4439.7500,4478.0000,4423.4000,4428.9500
2012-11-23,4420.8000,4449.2000,4415.3000,4443.5000
2012-11-26,4457.1000,4470.4500,4429.9500,4434.5000
2012-11-27,4451.3000,4488.3000,4448.1000,4480.6500
2012-11-29,4492.0000,4575.0500,4491.5500,4566.9500
2012-11-30,4569.1000,4602.1000,4532.1500,4556.0000
2012-12-01,3490.9000,3547.5500,3486.4500,3529.8500
2012-12-03,4559.3000,4595.9000,4554.9500,4568.4500
2012-12-04,4569.4500,4578.9000,4535.8500,4550.6500
2012-12-05,4560.5500,4590.0500,4550.3500,4554.4000
2012-12-06,4575.3000,4605.4000,4540.1500,4592.1000
2012-12-07,4598.0500,4665.4500,4598.0500,4618.1500
2012-12-09,4042.2500,4094.1000,4042.2500,4089.6000
2012-12-10,4326.3500,4360.6000,4308.2500,4314.6500
2012-12-11,4504.4500,4508.3000,4472.5500,4490.8500
2012-12-12,4617.3500,4660.1000,4617.3500,4647.4000
2012-12-13,4676.8500,4731.1500,4669.9500,4685.5500
2012-12-14,4683.8000,4720.3500,4676.4500,4714.3000
2012-12-17,4705.4000,4765.4000,4705.4000,4744.6000
2012-12-18,4766.2000,4788.0000,4749.3500,4769.4000
2012-12-19,4793.9500,4853.4000,4793.6500,4847.3000
2012-12-20,4849.6000,4856.8000,4802.2500,4814.2000
2012-12-21,4784.5500,4802.3500,4740.5000,4752.9000
2012-12-24,4767.6000,4802.8000,4752.0500,4773.9500
2012-12-26,4767.3000,4812.9500,4763.2500,4792.6000
2012-12-27,4804.2000,4841.5000,4774.9500,4783.5500
2012-12-28,4798.3500,4821.6500,4779.6500,4801.5000
2012-12-31,4802.2500,4835.3000,4802.2500,4830.5500
2013-01-01,4859.1000,4880.7000,4851.3000,4869.5000
2013-01-02,4649.4500,4679.9500,4539.9500,4591.0500
2013-01-03,4441.7000,4502.0500,4417.2500,4481.6000
2013-01-04,4901.6000,4902.7500,4871.8000,4892.9000
2013-01-07,4523.1000,4639.8000,4493.1000,4630.1500
2013-01-08,4486.0500,4512.1500,4397.3500,4411.5500
2013-01-09,4937.7000,5002.8500,4937.7000,4951.7500
2013-01-10,4978.5500,5007.6500,4959.0000,4970.9000
2013-01-11,4980.5000,4988.5000,4893.2500,4908.3500
2013-01-14,4908.9000,4925.7500,4870.9000,4882.1000
2013-01-15,4896.9500,4940.5000,4889.7500,4903.2500
2013-01-16,4892.9000,4900.0000,4774.8500,4784.0500
2013-01-17,4796.5000,4834.7000,4793.9000,4806.6000
2013-01-18,4807.7000,4807.7000,4757.0500,4778.2500
2013-01-21,4786.6500,4790.6000,4746.1500,4765.1000
2013-01-22,4764.0000,4778.8000,4726.5000,4739.3000
2013-01-23,4738.5000,4754.6500,4674.8500,4699.6000
2013-01-24,4587.1000,4605.2000,4524.5000,4579.9000
2013-01-25,4585.5500,4686.7500,4585.5500,4679.0500
2013-01-28,4688.3000,4737.2500,4687.0000,4723.2500
2013-01-29,4710.9500,4762.0000,4676.2500,4680.8000
2013-01-30,4691.8500,4699.1500,4651.4000,4658.5500
2013-01-31,4650.6000,4684.6000,4635.4500,4649.9000
2013-02-01,4893.2500,4919.8000,4891.2500,4911.3000
2013-02-04,4179.4500,4215.5500,4146.5000,4210.8500
2013-02-05,4591.8000,4686.8500,4591.2000,4647.7000
2013-02-06,4634.1000,4638.7500,4597.2500,4605.5000
2013-02-07,4602.8500,4620.6500,4572.6500,4589.3500
2013-02-08,4421.5000,4421.5000,4356.2500,4390.3500
2013-02-09,4320.5000,4367.3000,4293.0000,4354.5500
2013-02-11,4592.7000,4597.4500,4563.0500,4571.2000
2013-02-12,4584.1500,4617.3000,4569.7500,4611.7500
2013-02-13,4656.7000,4677.0500,4617.6500,4628.0000
2013-02-14,4630.0500,4632.6000,4549.0500,4567.1500
2013-02-15,4518.2500,4595.4500,4509.9500,4585.3500
2013-02-18,4581.2000,4594.7500,4566.6500,4586.2000
2013-02-19,4583.8000,4635.2000,4571.0500,4627.9000
2013-02-20,4634.0500,4647.8000,4607.4000,4619.6500
2013-02-21,4593.8500,4595.8500,4543.9000,4550.8000
2013-02-22,4534.9000,4553.6000,4491.1000,4526.8000
2013-02-25,4550.2000,4572.9500,4525.9500,4563.6500
2013-02-26,4528.5000,4528.5000,4417.8000,4436.0500
2013-02-27,4444.9000,4489.7000,4384.5500,4469.5500
2013-02-28,4511.0000,4521.7000,4409.5000,4424.8000
2013-03-01,4934.5000,4937.5500,4898.2500,4905.3500
2013-03-04,4198.8500,4206.8000,4098.9500,4111.5000
2013-03-05,4449.8000,4544.7500,4449.8000,4531.0500
2013-03-06,4734.4500,4744.3000,4683.3000,4726.7000
2013-03-07,4544.2000,4580.7500,4515.3500,4556.7500
2013-03-08,4589.3000,4613.4000,4569.4000,4601.2500
2013-03-09,4367.3500,4395.1000,4283.9500,4291.4000
2013-03-10,4750.8000,4856.3500,4742.8000,4843.5500
2013-03-11,4609.8000,4625.5000,4569.5500,4578.8500
2013-03-12,5301.0000,5319.4500,5268.8500,5287.3000
2013-03-13,4578.5500,4578.5500,4514.1500,4520.8500
2013-03-14,4509.2000,4541.5000,4459.1500,4534.7500
2013-03-15,4540.7000,4554.0500,4490.0500,4498.6000
2013-03-18,4473.4500,4478.8500,4428.8000,4438.5500
2013-03-19,4456.7500,4474.7500,4351.6000,4375.4500
2013-03-20,4365.7500,4389.7000,4330.6000,4373.2000
2013-03-21,4370.5500,4370.5500,4262.7500,4283.1000
2013-03-22,4304.5500,4338.0000,4255.5500,4284.9500
2013-03-25,4313.7500,4324.0000,4233.4500,4247.9000
2013-03-26,4237.2500,4278.7500,4209.8000,4258.6500
2013-03-28,4241.7500,4241.7500,4179.4500,4224.6000
2013-04-01,4215.1000,4216.3000,4174.8500,4195.0000
2013-04-02,4179.4500,4215.5500,4146.5000,4210.8500
2013-04-03,4198.8500,4206.8000,4098.9500,4111.5000
2013-04-04,4089.1000,4146.2000,4078.8000,4092.9000
2013-04-05,4091.2000,4131.4500,4076.7000,4116.4500
2013-04-06,4715.7500,4770.8000,4692.5500,4706.7500
2013-04-07,4568.3000,4599.3500,4540.8000,4588.2500
2013-04-08,4131.9000,4157.2000,4096.3000,4134.1000
2013-04-09,4328.6500,4412.0000,4314.9500,4398.9500
2013-04-10,4840.7000,4957.4500,4840.7000,4887.6000
2013-04-11,4221.4000,4234.3500,4174.6500,4206.9000
2013-04-12,5273.9000,5295.6500,5220.5500,5230.0000
2013-04-15,4145.1500,4165.0000,4122.2000,4143.1000
2013-04-16,4118.6000,4254.2500,4108.8000,4245.0500
2013-04-17,4267.6500,4309.9000,4248.8000,4298.2000
2013-04-18,4279.3000,4417.4000,4279.3000,4397.7500
2013-04-22,4409.6500,4438.3500,4391.9000,4423.6000
2013-04-23,4423.3500,4428.6500,4379.6500,4424.3000
2013-04-25,4455.9000,4552.0500,4454.1500,4542.1000
2013-04-26,4533.2000,4602.2000,4501.7500,4574.7500
2013-04-29,4591.3500,4627.3500,4587.6500,4605.1500
2013-04-30,4607.1000,4642.9000,4536.3000,4632.4500
2013-05-02,4598.6000,4620.8500,4590.6000,4611.9500
2013-05-03,4449.8000,4544.7500,4449.8000,4531.0500
2013-05-04,4091.2000,4131.4500,4076.7000,4116.4500
2013-05-06,4584.9500,4665.4000,4584.0000,4658.2000
2013-05-07,4625.0000,4632.0500,4582.3500,4593.2000
2013-05-08,4399.2000,4446.1000,4349.6500,4369.4500
2013-05-09,4452.2500,4502.3500,4427.4500,4443.0000
2013-05-10,4680.8000,4782.4000,4680.8000,4776.7500
2013-05-11,5237.3000,5288.6500,5204.9000,5248.0500
2013-05-12,5314.5500,5314.5500,5238.1000,5245.9000
2013-05-13,4760.3500,4772.6500,4663.4000,4675.0000
2013-05-14,4678.1000,4701.4500,4645.9500,4675.9000
2013-05-15,4700.3500,4809.1000,4698.8000,4788.3000
2013-05-16,4774.8000,4815.1000,4756.3500,4765.1000
2013-05-17,4751.7000,4788.5500,4740.7500,4761.0000
2013-05-20,4769.6500,4893.3500,4769.6500,4802.8500
2013-05-21,4804.7500,4809.4500,4716.5000,4729.8000
2013-05-22,4749.3000,4762.8500,4692.2500,4711.8500
2013-05-23,4671.5000,4705.0500,4588.9000,4637.6000
2013-05-24,4664.2500,4684.7500,4580.0500,4645.0000
2013-05-27,4629.8500,4678.1500,4601.7500,4669.3500
2013-05-28,4673.2500,4742.5500,4634.1000,4736.1500
2013-05-29,4753.9500,4763.3000,4722.0500,4752.2500
2013-05-30,4785.3500,4869.3000,4784.4500,4855.4000
2013-05-31,4843.5000,4853.4500,4761.1500,4769.0500
2013-06-02,4634.1000,4638.7500,4597.2500,4605.5000
2013-06-03,4734.4500,4744.3000,4683.3000,4726.7000
2013-06-04,4715.7500,4770.8000,4692.5500,4706.7500
2013-06-05,4584.9500,4665.4000,4584.0000,4658.2000
2013-06-06,4684.8500,4729.4000,4671.4000,4713.1500
2013-06-07,4702.6500,4733.0000,4630.0500,4646.1000
2013-06-08,4350.6500,4366.3000,4315.8500,4329.7500
2013-06-09,4454.3500,4454.3500,4378.8500,4432.8500
2013-06-10,4670.3000,4684.3500,4596.4000,4619.6000
2013-06-11,5260.0000,5278.9000,5209.6500,5216.7500
2013-06-12,4552.2500,4556.3500,4485.9000,4535.4500
2013-06-13,4504.9000,4504.9000,4399.1000,4419.3500
2013-06-14,4468.8500,4556.4500,4458.2500,4543.2000
2013-06-17,4569.1500,4636.3500,4527.7000,4625.9500
2013-06-18,4616.9500,4639.7000,4601.5000,4617.9000
2013-06-19,4601.6000,4607.3500,4573.8000,4591.0500
2013-06-20,4532.5000,4557.2000,4486.7500,4512.7000
2013-06-21,4481.3000,4538.4000,4448.3500,4505.6500
2013-06-24,4487.1500,4499.0500,4423.2500,4439.7500
2013-06-25,4446.6500,4474.7500,4375.0000,4457.0500
2013-06-26,4447.4000,4455.3000,4353.3000,4379.9000
2013-06-27,4416.6000,4443.1500,4384.3000,4404.5500
2013-06-28,4447.6000,4551.7000,4447.6000,4539.4500
2013-07-01,4913.2000,4949.2500,4906.5000,4913.2000
2013-07-02,4602.8500,4620.6500,4572.6500,4589.3500
2013-07-03,4544.2000,4580.7500,4515.3500,4556.7500
2013-07-04,4568.3000,4599.3500,4540.8000,4588.2500
2013-07-05,4625.0000,4632.0500,4582.3500,4593.2000
2013-07-06,4702.6500,4733.0000,4630.0500,4646.1000
2013-07-08,4539.3500,4542.5500,4493.0000,4524.6000
2013-07-09,4534.3500,4551.7000,4509.3000,4535.1000
2013-07-10,4528.4000,4536.9000,4463.4500,4470.6500
2013-07-11,5219.5000,5253.7000,5159.1500,5167.8500
2013-07-12,4496.3500,4504.2000,4452.8500,4492.9500
2013-07-15,4480.0000,4522.9500,4472.6500,4515.0000
2013-07-16,4456.1500,4495.7500,4445.2000,4485.5500
2013-07-17,4505.9000,4510.3500,4415.8000,4449.7500
2013-07-18,4444.9500,4476.7000,4403.0000,4462.3000
2013-07-19,4466.4000,4575.6000,4466.4000,4536.5000
2013-07-22,4515.8500,4596.0000,4515.8500,4584.6000
2013-07-23,4595.5000,4628.0000,4577.4500,4600.1000
2013-07-24,4579.5000,4590.4500,4509.6500,4536.3500
2013-07-25,4531.3500,4588.4000,4529.4500,4547.5500
2013-07-26,4572.8000,4578.7500,4498.4500,4527.7500
2013-07-29,4508.6000,4554.9500,4508.6000,4535.4000
2013-07-30,4538.3000,4544.5000,4427.8000,4441.4000
2013-07-31,4419.7500,4485.7000,4378.0500,4474.0000
2013-08-01,4486.0500,4512.1500,4397.3500,4411.5500
2013-08-02,4421.5000,4421.5000,4356.2500,4390.3500
2013-08-03,4589.3000,4613.4000,4569.4000,4601.2500
2013-08-04,4131.9000,4157.2000,4096.3000,4134.1000
2013-08-05,4399.2000,4446.1000,4349.6500,4369.4500
2013-08-06,4350.6500,4366.3000,4315.8500,4329.7500
2013-08-07,4318.0500,4320.4500,4242.6500,4268.7500
2013-08-08,4299.1000,4358.8500,4299.1000,4344.7500
2013-08-10,4923.6000,4961.8500,4879.6000,4889.7000
2013-08-11,5159.2500,5201.7000,5121.6500,5137.4000
2013-08-12,4377.3500,4408.8500,4359.6500,4384.3500
2013-08-13,4390.2500,4495.2500,4384.5000,4480.6000
2013-08-14,4522.3500,4642.0500,4522.3500,4622.4500
2013-08-16,4611.2500,4630.1500,4502.0000,4512.6000
2013-08-19,4475.7000,4475.7000,4323.9000,4368.5500
2013-08-20,4321.0500,4321.0500,4259.9500,4274.2000
2013-08-21,4322.0000,4348.3500,4187.1000,4210.2000
2013-08-22,4191.8000,4300.0000,4168.7000,4281.7500
2013-08-23,4302.2000,4388.3000,4285.9500,4355.4500
2013-08-26,4378.9000,4398.2000,4322.0000,4357.7500
2013-08-27,4322.4000,4322.4000,4230.0500,4244.3500
2013-08-28,4217.0500,4272.3500,4127.9000,4249.4000
2013-08-29,4262.1000,4365.7000,4232.7000,4347.0000
2013-08-30,4363.6500,4363.6500,4292.6000,4345.6000
2013-09-01,4937.7000,5002.8500,4937.7000,4951.7500
2013-09-02,4320.5000,4367.3000,4293.0000,4354.5500
2013-09-03,4367.3500,4395.1000,4283.9500,4291.4000
2013-09-04,4328.6500,4412.0000,4314.9500,4398.9500
2013-09-05,4688.7000,4709.0500,4658.7500,4675.6500
2013-09-06,4454.3500,4454.3500,4378.8500,4432.8500
2013-09-07,4534.3500,4551.7000,4509.3000,4535.1000
2013-09-10,4873.9500,4924.6500,4868.1000,4917.0000
2013-09-11,4687.5500,4737.5500,4658.8000,4706.1000
2013-09-12,5385.9000,5385.9000,5310.8000,5351.7000
2013-09-13,4623.9500,4677.1000,4614.6500,4662.0500
2013-09-16,4716.1000,4755.4000,4652.1500,4683.1000
2013-09-17,4661.6500,4721.0500,4659.3000,4713.4500
2013-09-18,4745.2000,4754.7500,4689.5500,4716.7500
2013-09-19,4812.8500,4865.0000,4811.5500,4847.2500
2013-09-20,4832.6000,4871.1500,4702.7500,4773.4500
2013-09-23,4747.7500,4782.8000,4699.9000,4714.4000
2013-09-24,4706.5000,4789.4000,4706.5000,4769.7500
2013-09-25,4787.6500,4809.9500,4733.0000,4769.1500
2013-09-26,4766.6500,4798.7000,4759.0500,4766.6500
2013-09-27,4773.8000,4796.4000,4738.9000,4748.7500
2013-09-30,4726.7500,4740.8500,4651.0500,4681.9500
2013-10-01,4978.5500,5007.6500,4959.0000,4970.9000
2013-10-03,4750.8000,4856.3500,4742.8000,4843.5500
2013-10-04,4152.9000,4177.7500,4098.0500,4174.5000
2013-10-05,4680.8000,4782.4000,4680.8000,4776.7500
2013-10-06,4670.3000,4684.3500,4596.4000,4619.6000
2013-10-07,4528.4000,4536.9000,4463.4500,4470.6500
2013-10-08,4923.6000,4961.8500,4879.6000,4889.7000
2013-10-09,4465.4500,4719.8000,4465.4500,4697.9500
2013-10-10,4922.4500,5017.9000,4918.5500,5006.3000
2013-10-11,5041.8000,5114.8500,5010.4000,5099.4500
2013-10-12,5360.7500,5366.2500,5326.6500,5347.5000
2013-10-14,5104.4500,5146.5000,5100.3500,5116.0500
2013-10-15,5124.7500,5156.8000,5066.8000,5085.9000
2013-10-17,5091.2000,5091.2000,5015.3500,5024.9500
2013-10-18,5045.1500,5109.8500,5037.4000,5091.9500
2013-10-21,5098.5500,5174.7000,5097.6500,5122.8500
2013-10-22,5132.2000,5152.1500,5088.4000,5099.9000
2013-10-23,5109.7000,5123.5500,5002.3500,5059.7500
2013-10-24,5059.8500,5138.4000,5059.8500,5094.7500
2013-10-25,5073.7000,5073.7000,5025.5500,5039.3500
2013-10-28,5050.4500,5082.8500,5023.8500,5034.8500
2013-10-29,5067.0000,5162.9000,5045.8500,5153.5500
2013-10-30,5173.1000,5189.1000,5129.8500,5155.8500
2013-10-31,5149.0000,5184.0500,5137.6000,5163.9000
2013-11-01,5172.5500,5238.6000,5172.5500,5228.8500
2013-11-02,4592.7000,4597.4500,4563.0500,4571.2000
2013-11-03,4609.8000,4625.5000,4569.5500,4578.8500
2013-11-04,4221.4000,4234.3500,4174.6500,4206.9000
2013-11-05,5237.3000,5288.6500,5204.9000,5248.0500
2013-11-06,5260.0000,5278.9000,5209.6500,5216.7500
2013-11-07,4511.9000,4549.2500,4475.5000,4489.8000
2013-11-08,5159.2500,5201.7000,5121.6500,5137.4000
2013-11-09,4687.5500,4737.5500,4658.8000,4706.1000
2013-11-10,5041.8000,5114.8500,5010.4000,5099.4500
2013-11-11,5112.1000,5125.6500,5054.6000,5083.5000
2013-11-12,5318.0000,5330.1000,5282.3500,5293.8500
2013-11-13,4998.9000,5051.3000,4998.9000,5027.3000
2013-11-14,5079.8500,5184.1500,5079.8500,5177.9000
2013-11-18,5210.9000,5239.7000,5175.9500,5233.8000
2013-11-19,5246.8500,5262.0000,5225.8000,5250.4000
2013-11-20,5245.2500,5262.4000,5167.4500,5179.6000
2013-11-21,5163.8000,5181.7500,5118.7000,5132.1500
2013-11-22,5155.0000,5158.5500,5055.9500,5071.6000
2013-11-25,5115.0500,5186.2000,5101.1500,5175.5000
2013-11-26,5180.3000,5210.8500,5143.4500,5201.1000
2013-11-27,5216.5500,5259.1500,5211.2000,5253.3500
2013-11-28,5284.5500,5321.0500,5253.6000,5275.9500
2013-11-29,5283.5000,5320.5000,5272.9000,5283.1500
2013-12-02,5269.7000,5323.8500,5269.7000,5310.9500
2013-12-03,5301.0000,5319.4500,5268.8500,5287.3000
2013-12-04,5273.9000,5295.6500,5220.5500,5230.0000
2013-12-05,5314.5500,5314.5500,5238.1000,5245.9000
2013-12-06,4552.2500,4556.3500,4485.9000,4535.4500
2013-12-07,4496.3500,4504.2000,4452.8500,4492.9500
2013-12-08,4377.3500,4408.8500,4359.6500,4384.3500
2013-12-09,5385.9000,5385.9000,5310.8000,5351.7000
2013-12-10,5360.7500,5366.2500,5326.6500,5347.5000
2013-12-11,5318.0000,5330.1000,5282.3500,5293.8500
2013-12-12,5264.2500,5264.8500,5174.9000,5180.9000
2013-12-13,5177.2500,5216.2500,5170.1500,5180.2000
2013-12-16,5177.1500,5184.8000,5142.3000,5150.7000
2013-12-17,5180.5500,5214.0000,5132.3500,5140.8500
2013-12-18,5150.2000,5243.5500,5141.1000,5228.9000
2013-12-19,5251.6000,5264.5000,5179.8000,5216.3500
2013-12-20,5203.7000,5327.8500,5194.4500,5320.5500
2013-12-23,5326.1500,5368.3000,5326.1500,5333.3500
2013-12-24,5330.7000,5351.3500,5322.3000,5331.9000
2013-12-26,5349.9500,5376.0000,5293.9000,5311.9500
2013-12-27,5319.2500,5341.1000,5299.4500,5309.0500
2013-12-30,5336.0000,5342.7000,5266.4500,5278.8500
2013-12-31,5297.8000,5313.4000,5277.6000,5285.0000
2014-01-01,5304.5500,5317.9500,5281.0500,5292.6500
2014-01-02,5289.5500,5326.3500,5241.5500,5253.5500
2014-01-03,5220.7000,5220.7000,5170.6500,5194.9000
2014-01-04,5838.5500,5841.0500,5775.7500,5813.1500
2014-01-06,5224.7000,5225.7000,5188.6000,5204.8000
2014-01-07,6793.6000,7004.2000,6793.6000,6989.2000
2014-01-08,6859.2000,6955.7000,6834.5500,6847.1500
2014-01-09,7711.3000,7806.9500,7711.3000,7789.3500
2014-01-10,5223.1000,5223.1000,5155.2500,5165.6500
2014-01-12,8579.2500,8604.0500,8533.0000,8556.1000
2014-01-13,5185.1000,5239.5500,5185.1000,5210.6500
2014-01-14,5196.7000,5203.3500,5169.2500,5184.0000
2014-01-15,5204.0000,5247.4000,5204.0000,5239.9500
2014-01-16,5252.8000,5256.1000,5189.4500,5200.4000
2014-01-17,5188.5500,5245.9000,5186.3500,5197.8500
2014-01-20,5196.0500,5257.4500,5195.8000,5239.4500
2014-01-21,5243.8000,5324.8500,5238.7000,5288.7000
2014-01-22,5268.4500,5315.2500,5264.9500,5310.9000
2014-01-23,5302.2000,5306.5000,5248.1000,5256.0500
2014-01-24,5222.2000,5236.6500,5162.9000,5168.2500
2014-01-27,5093.1500,5093.1500,4981.5000,4998.7000
2014-01-28,4986.3500,5068.4000,4986.3500,5010.2000
2014-01-29,5050.3500,5097.5500,5003.0500,5010.9000
2014-01-30,4994.5000,5046.2500,4963.6000,5021.2500
2014-01-31,5014.0500,5040.2500,4982.9000,5009.8500
2014-02-01,5289.5500,5326.3500,5241.5500,5253.5500
2014-02-03,4983.6000,5015.3000,4901.8000,4912.4000
2014-02-04,4864.7500,4951.7000,4858.1000,4938.6000
2014-02-05,4938.4000,5036.1500,4918.2500,5021.8500
2014-02-06,5018.8500,5067.8500,4977.8000,5061.9500
2014-02-07,5090.8500,5103.9500,5062.9000,5092.0500
2014-02-09,7801.1500,7838.5000,7788.4000,7797.5000
2014-02-10,5113.4000,5136.2000,5100.1500,5115.4000
2014-02-11,5197.1500,5198.1500,5143.3000,5166.2000
2014-02-12,5184.5500,5215.9500,5156.8000,5173.6500
2014-02-13,5197.1000,5216.2000,5159.0000,5171.7000
2014-02-14,5193.0000,5211.9000,5129.3500,5198.9000
2014-02-17,5222.8000,5257.6500,5168.6500,5236.2000
2014-02-18,5257.4000,5304.0000,5228.6500,5275.4000
2014-02-19,5290.9000,5291.3500,5259.2000,5275.3500
2014-02-20,5263.5000,5293.6000,5251.1000,5259.6500
2014-02-21,5276.4500,5311.0500,5265.4000,5285.7500
2014-02-24,5288.7500,5333.5000,5285.3000,5314.0000
2014-02-25,5330.7000,5351.6500,5294.9000,5346.0000
2014-02-26,5335.7000,5405.5500,5330.8000,5396.3500
2014-02-28,5428.1500,5477.0500,5390.9000,5467.2500
2014-03-01,5220.7000,5220.7000,5170.6500,5194.9000
2014-03-02,4983.6000,5015.3000,4901.8000,4912.4000
2014-03-03,5450.8500,5459.0000,5395.3500,5404.5000
2014-03-04,5399.3500,5473.4000,5366.1000,5437.8500
2014-03-05,5461.0500,5464.1000,5409.0000,5434.6500
2014-03-06,6475.8000,6525.9000,6454.8000,6509.3000
2014-03-07,7089.6500,7179.0500,7069.3000,7149.3000
2014-03-09,7855.4000,7883.9500,7813.9000,7850.8500
2014-03-10,5503.8500,5564.3000,5469.4000,5552.8500
2014-03-11,8193.7000,8201.9500,8124.4500,8172.8500
2014-03-12,8540.7500,8604.7000,8540.7500,8594.9000
2014-03-13,5520.3000,5568.5500,5488.6000,5509.3500
2014-03-14,5475.3500,5569.1500,5468.8000,5555.6000
2014-03-18,5620.1000,5660.9500,5531.5000,5549.4500
2014-03-19,5581.7000,5584.8000,5531.8000,5540.8500
2014-03-20,5535.0500,5551.2500,5482.6500,5493.6500
2014-03-21,5516.0500,5551.5500,5512.0000,5542.4000
2014-03-22,5553.6000,5563.2000,5546.0500,5557.2000
2014-03-24,5576.0500,5632.7000,5576.0500,5616.3000
2014-03-25,5612.7000,5654.8000,5599.8500,5644.6000
2014-03-26,5682.8000,5725.2500,5682.0000,5694.3500
2014-03-27,5705.3000,5763.6000,5695.4000,5719.5500
2014-03-28,5757.1000,5763.5500,5720.2500,5738.8000
2014-03-31,5771.4000,5828.6500,5742.9000,5803.2000
2014-04-01,5838.5500,5841.0500,5775.7500,5813.1500
2014-04-02,4864.7500,4951.7000,4858.1000,4938.6000
2014-04-03,5399.3500,5473.4000,5366.1000,5437.8500
2014-04-04,5883.1000,5883.1000,5804.1500,5811.0500
2014-04-06,6534.3500,6611.3000,6526.5000,6558.3500
2014-04-07,5804.0000,5853.7500,5788.8500,5824.2000
2014-04-08,6860.4000,6947.1000,6854.9500,6936.6500
2014-04-09,7849.8000,7873.5500,7803.7500,7856.1500
2014-04-10,5936.7500,5977.9500,5936.7500,5956.0500
2014-04-11,5929.8500,5956.8500,5875.9500,5887.6000
2014-04-12,8647.3500,8673.2000,8558.3500,8587.7000
2014-04-15,5886.1500,5901.7500,5763.6000,5822.7000
2014-04-16,5813.4500,5863.5000,5771.3500,5784.5000
2014-04-17,5809.9500,5920.7500,5809.3000,5915.3000
2014-04-21,5899.2000,6011.2500,5899.2000,5998.0000
2014-04-22,6001.1500,6032.5000,5951.7000,5965.2000
2014-04-23,5975.2500,6007.2000,5955.2500,5979.2000
2014-04-25,5990.8000,6017.3000,5946.4500,5961.4000
2014-04-28,5954.4000,5960.5500,5900.6500,5907.5500
2014-04-29,5914.6000,5931.3500,5838.6000,5844.2500
2014-04-30,5868.9500,5909.0000,5797.6500,5866.5000
2014-05-02,5866.5500,5876.1500,5833.8500,5849.0500
2014-05-03,5461.0500,5464.1000,5409.0000,5434.6500
2014-05-05,5817.8000,5882.4000,5816.7500,5862.4000
2014-05-06,5867.5000,5890.1500,5866.1500,5876.8000
2014-05-07,5874.5500,5890.6000,5829.3500,5838.3500
2014-05-08,6971.9500,7080.8000,6942.2500,7072.3500
2014-05-09,7849.3500,7889.5000,7779.4500,7805.6000
2014-05-11,8190.9000,8220.0500,8161.1000,8183.9500
2014-05-12,6012.5000,6192.7500,6012.5000,6180.0500
2014-05-13,6226.6500,6314.3500,6195.9000,6218.2500
2014-05-14,6206.2000,6234.9000,6164.8000,6213.2000
2014-05-15,6222.2500,6260.3500,6179.3500,6192.5500
2014-05-16,6305.0500,6579.6500,6229.0000,6246.2000
2014-05-19,6338.8500,6367.1000,6235.2000,6251.2000
2014-05-20,6264.6000,6315.2000,6215.8500,6265.4000
2014-05-21,6278.0000,6337.4000,6257.2000,6323.9000
2014-05-22,6377.2500,6444.1500,6311.3000,6333.4500
2014-05-23,6349.1500,6448.0000,6343.1000,6433.6500
2014-05-26,6505.7500,6626.2500,6441.2500,6502.0000
2014-05-27,6530.4500,6530.4500,6394.4000,6435.6500
2014-05-28,6438.0500,6442.3500,6354.3500,6374.7500
2014-05-29,6361.8500,6419.9500,6343.3000,6375.2500
2014-05-30,6340.2000,6424.3500,6303.6000,6385.1000
2014-06-01,5224.7000,5225.7000,5188.6000,5204.8000
2014-06-02,5018.8500,5067.8500,4977.8000,5061.9500
2014-06-03,6475.8000,6525.9000,6454.8000,6509.3000
2014-06-04,6534.3500,6611.3000,6526.5000,6558.3500
2014-06-05,6576.8000,6638.3500,6515.2500,6618.2500
2014-06-06,6651.1000,6735.7000,6615.7500,6724.9000
2014-06-08,7058.4500,7073.3500,7011.6500,7022.7000
2014-06-09,6754.7500,6856.7000,6746.2000,6832.6500
2014-06-10,6864.2000,6868.1000,6743.6500,6835.8000
2014-06-11,6820.6500,6856.2500,6738.5000,6807.3500
2014-06-12,6778.6000,6865.7000,6763.5500,6858.8000
2014-06-13,6869.6000,6907.1500,6725.7500,6738.6000
2014-06-16,6719.9000,6723.8500,6645.4000,6668.7000
2014-06-17,6678.2000,6715.5500,6611.1000,6703.8500
2014-06-18,6741.3000,6742.2000,6606.3000,6643.2000
2014-06-19,6680.4000,6704.1500,6633.4500,6658.9000
2014-06-20,6668.5000,6682.1000,6577.6000,6604.1500
2014-06-23,6615.6500,6671.7500,6601.1500,6651.9000
2014-06-24,6657.9000,6755.7500,6657.9000,6727.2000
2014-06-25,6726.9500,6839.5000,6725.8000,6791.7000
2014-06-26,6836.7500,6849.2500,6774.5500,6796.3000
2014-06-27,6796.0500,6798.1000,6739.2500,6750.4000
2014-06-30,6759.1000,6791.2000,6752.2000,6775.1500
2014-07-01,5215.6000,5248.0500,5191.0000,5209.7000
2014-07-02,5090.8500,5103.9500,5062.9000,5092.0500
2014-07-03,5491.8500,5561.9500,5480.0500,5530.3000
2014-07-04,5804.0000,5853.7500,5788.8500,5824.2000
2014-07-05,5874.5500,5890.6000,5829.3500,5838.3500
2014-07-07,7194.7000,7215.8000,7166.1500,7201.8500
2014-07-08,7016.2000,7045.5000,6982.6500,7015.9000
2014-07-09,7036.8500,7036.8500,6792.2500,6852.0000
2014-07-10,6854.6500,7022.3000,6754.9500,6796.5000
2014-07-11,8169.3500,8207.9500,8111.4000,8118.4000
2014-07-14,6701.6000,6799.2500,6701.6000,6782.2500
2014-07-15,6817.4000,6890.4000,6817.4000,6885.2500
2014-07-16,6919.6500,7002.3000,6899.0500,6989.5000
2014-07-17,6935.0500,6992.9000,6923.9500,6981.6000
2014-07-18,6948.4000,7003.4500,6896.9000,6986.7000
2014-07-21,7009.9500,7035.5500,6965.7500,6987.7000
2014-07-22,7006.3500,7048.9000,6992.3000,7019.4000
2014-07-23,7032.2500,7050.4500,6960.5000,7033.0000
2014-07-24,7032.8500,7046.5500,6987.0500,7031.8000
2014-07-25,7042.2000,7042.8000,6919.4500,6945.1000
2014-07-28,6934.2000,7015.7000,6880.7500,6907.8500
2014-07-30,6921.6500,6968.1000,6874.5000,6957.7000
2014-07-31,6964.2500,6977.1500,6895.0500,6907.1500
2014-08-01,5220.0500,5264.5500,5215.1500,5251.6000
2014-08-04,6860.4000,6947.1000,6854.9500,6936.6500
2014-08-05,6971.9500,7080.8000,6942.2500,7072.3500
2014-08-06,7058.4500,7073.3500,7011.6500,7022.7000
2014-08-07,7016.2000,7045.5000,6982.6500,7015.9000
2014-08-08,6944.3000,6944.5500,6867.6500,6918.6500
2014-08-09,7857.6000,7871.9000,7806.7000,7864.6000
2014-08-10,7846.3500,7893.7000,7826.4500,7870.7500
2014-08-11,6983.4000,7102.1500,6978.2500,7093.3000
2014-08-12,8612.0500,8617.4500,8436.4000,8450.3500
2014-08-13,7217.6000,7252.4500,7168.7500,7230.9000
2014-08-14,7239.1500,7279.6000,7210.7000,7270.6500
2014-08-18,7274.6500,7396.8000,7274.6500,7387.8000
2014-08-19,7412.0500,7583.1500,7409.8500,7569.8000
2014-08-20,7577.8000,7591.4000,7513.2500,7524.4000
2014-08-21,7546.2500,7592.1500,7513.5500,7573.5000
2014-08-22,7598.6500,7624.4500,7564.8000,7582.1500
2014-08-25,7614.9500,7627.9500,7579.9000,7597.5000
2014-08-26,7532.3000,7613.1000,7519.3000,7595.6500
2014-08-27,7632.1000,7686.1500,7626.1500,7665.0000
2014-08-28,7676.3500,7722.1500,7673.8000,7683.6000
2014-09-01,5268.3500,5269.4000,5203.7500,5219.1000
2014-09-02,7801.1500,7838.5000,7788.4000,7797.5000
2014-09-03,7855.4000,7883.9500,7813.9000,7850.8500
2014-09-04,7849.8000,7873.5500,7803.7500,7856.1500
2014-09-05,7849.3500,7889.5000,7779.4500,7805.6000
2014-09-06,6754.7500,6856.7000,6746.2000,6832.6500
2014-09-07,7036.8500,7036.8500,6792.2500,6852.0000
2014-09-08,7857.6000,7871.9000,7806.7000,7864.6000
2014-09-09,7897.4500,7916.1000,7879.5000,7899.0000
2014-09-10,7879.8500,7924.7000,7858.2000,7882.6500
2014-09-11,7897.3500,7947.9500,7826.9500,7932.2500
2014-09-12,8446.9000,8484.2000,8326.5000,8351.8500
2014-09-15,7972.3500,8006.3500,7934.3000,7984.6500
2014-09-16,7968.6500,7978.6000,7806.2500,7830.7000
2014-09-17,7872.1500,7919.8500,7774.5500,7901.1500
2014-09-18,7886.7500,8136.1500,7858.2500,8120.3500
2014-09-19,8139.6000,8169.7000,8037.2000,8059.3000
2014-09-22,8026.2500,8175.7000,8011.3500,8153.5000
2014-09-23,8153.9500,8165.6500,7980.4000,7991.1000
2014-09-24,7985.1500,8007.9000,7865.8500,7946.6000
2014-09-25,7949.4500,7962.8500,7833.5500,7867.1000
2014-09-26,7837.4500,7947.0000,7755.1000,7933.9500
2014-09-29,7942.9000,7953.4500,7895.7000,7904.3000
2014-09-30,7920.7500,8017.6000,7878.4000,7899.3500
2014-10-01,5223.1000,5223.1000,5155.2500,5165.6500
2014-10-02,5113.4000,5136.2000,5100.1500,5115.4000
2014-10-03,5503.8500,5564.3000,5469.4000,5552.8500
2014-10-04,5936.7500,5977.9500,5936.7500,5956.0500
2014-10-06,6864.2000,6868.1000,6743.6500,6835.8000
2014-10-07,7897.7500,7952.3000,7816.9000,7828.2500
2014-10-08,7846.3500,7893.7000,7826.4500,7870.7500
2014-10-09,7879.8500,7924.7000,7858.2000,7882.6500
2014-10-10,7907.2000,7907.2000,7710.9000,7732.3500
2014-10-11,8128.4500,8179.9000,8057.6500,8106.3000
2014-10-12,8304.6500,8414.5500,8302.9500,8389.5500
2014-10-13,7694.4000,7743.9000,7609.9500,7720.7000
2014-10-14,7770.1000,7770.7500,7678.5000,7690.5500
2014-10-16,7664.9000,7758.9500,7479.6500,7524.3500
2014-10-17,7558.7500,7638.3500,7472.7000,7568.8000
2014-10-20,7699.8500,7752.4000,7653.6000,7725.7500
2014-10-21,7751.3500,7792.5500,7708.0000,7765.4000
2014-10-22,7844.9500,7998.4500,7844.1000,7991.1000
2014-10-23,8024.2500,8030.9000,7988.4500,8000.9000
2014-10-27,8035.5000,8036.4000,7916.8000,7939.6000
2014-10-28,7949.8500,7982.1500,7929.4000,7972.8500
2014-10-29,8046.2000,8115.5500,8033.9500,8103.7000
2014-10-30,8091.0000,8162.9500,8059.1000,8128.9000
2014-10-31,8156.2000,8264.8500,8121.8000,8246.9000
2014-11-02,5197.1500,5198.1500,5143.3000,5166.2000
2014-11-03,5540.6500,5595.5500,5505.8000,5516.9500
2014-11-04,5929.8500,5956.8500,5875.9500,5887.6000
2014-11-05,8190.9000,8220.0500,8161.1000,8183.9500
2014-11-06,6820.6500,6856.2500,6738.5000,6807.3500
2014-11-07,8169.3500,8207.9500,8111.4000,8118.4000
2014-11-08,6983.4000,7102.1500,6978.2500,7093.3000
2014-11-09,7897.3500,7947.9500,7826.9500,7932.2500
2014-11-10,8128.4500,8179.9000,8057.6500,8106.3000
2014-11-11,8133.8000,8186.0500,8126.5500,8172.8000
2014-11-12,8200.1000,8315.7000,8200.0000,8285.2500
2014-11-13,8320.5000,8337.3000,8221.8000,8251.2500
2014-11-14,8272.9500,8328.2500,8267.7000,8285.0500
2014-11-17,8271.0500,8414.3500,8271.0500,8401.2000
2014-11-18,8426.9500,8455.8000,8416.0500,8441.7000
2014-11-19,8470.0500,8495.4500,8334.4500,8378.7000
2014-11-20,8425.9000,8430.0000,8278.0500,8334.2000
2014-11-21,8359.2000,8426.5000,8341.0000,8378.8000
2014-11-24,8386.6000,8439.1000,8364.6000,8393.7000
2014-11-25,8412.8500,8420.1000,8239.8500,8301.8500
2014-11-26,8287.8000,8344.0500,8244.2500,8333.7500
2014-11-27,8326.4500,8390.3000,8312.4000,8378.7500
2014-11-28,8411.6500,8564.7000,8411.6500,8540.2500
2014-12-01,8579.2500,8604.0500,8533.0000,8556.1000
2014-12-02,8530.5000,8530.5000,8447.2000,8481.6500
2014-12-03,8540.7500,8604.7000,8540.7500,8594.9000
2014-12-04,8647.3500,8673.2000,8558.3500,8587.7000
2014-12-05,8600.9500,8630.7000,8574.2500,8585.9500
2014-12-06,6778.6000,6865.7000,6763.5500,6858.8000
2014-12-08,8612.0500,8617.4500,8436.4000,8450.3500
2014-12-09,8446.9000,8484.2000,8326.5000,8351.8500
2014-12-10,8304.6500,8414.5500,8302.9500,8389.5500
2014-12-11,8200.1000,8315.7000,8200.0000,8285.2500
2014-12-12,8304.6000,8357.9000,8269.7000,8284.3500
2014-12-15,8237.1500,8302.7000,8210.9500,8260.7500
2014-12-16,8205.9000,8246.6500,8085.8500,8109.5000
2014-12-17,8048.9500,8112.8500,7923.0000,7977.5500
2014-12-18,8075.3500,8171.0000,8042.4500,8156.1000
2014-12-19,8231.9000,8326.7000,8148.1000,8168.4000
2014-12-22,8194.7000,8302.8000,8161.5000,8286.7000
2014-12-23,8307.7000,8358.0000,8219.5500,8259.5000
2014-12-24,8273.8500,8303.3000,8169.3000,8184.3500
2014-12-26,8193.3000,8244.6500,8139.7500,8203.2500
2014-12-29,8231.9500,8344.5000,8231.9500,8323.1000
2014-12-30,8347.2000,8352.1000,8290.5500,8302.3500
2014-12-31,8232.1500,8306.4000,8211.3000,8281.2000
2015-01-01,8271.2500,8326.7500,8262.7000,8318.8000
2015-01-02,8322.6000,8414.3000,8322.6000,8365.4000
2015-01-04,8622.1000,8723.4000,8598.5500,8710.7500
2015-01-05,8366.4000,8510.6000,8366.4000,8467.9500
2015-01-06,8400.0000,8400.0000,8228.0500,8248.2000
2015-01-07,8226.7500,8282.6500,8189.2000,8254.7000
2015-01-08,8330.5000,8406.3000,8330.5000,8397.3000
2015-01-09,7877.5000,7937.1000,7678.2000,7745.4000
2015-01-10,7816.7500,7816.7500,7699.7500,7731.5500
2015-01-12,8527.2000,8527.2000,8403.0000,8419.0000
2015-01-13,8415.4500,8462.1500,8363.9500,8398.8000
2015-01-14,8408.5000,8483.0000,8381.3000,8427.7000
2015-01-15,8541.0000,8655.9500,8508.8000,8614.7000
2015-01-16,8604.6000,8640.0500,8567.1500,8623.6000
2015-01-19,8629.4000,8704.6000,8624.9000,8694.9000
2015-01-20,8704.9000,8769.2000,8675.1500,8760.9000
2015-01-21,8783.5000,8809.9500,8720.2000,8779.9500
2015-01-22,8797.2000,8857.0500,8784.4500,8842.0000
2015-01-23,8932.7500,9001.5500,8894.1500,8983.1000
2015-01-27,9026.7000,9110.5000,9004.4500,9099.6000
2015-01-28,9062.2500,9093.4500,8995.3500,9043.1500
2015-01-29,9043.0000,9062.8000,8987.4000,9049.7000
2015-01-30,9085.6500,9100.5500,8909.7500,8930.8500
2015-02-01,8322.6000,8414.3000,8322.6000,8365.4000
2015-02-02,8951.8000,9004.7500,8904.6500,8976.1000
2015-02-03,9000.8000,9028.2000,8820.3500,8919.5500
2015-02-04,8946.8500,8946.8500,8795.9000,8812.5000
2015-02-05,8818.4500,8890.7500,8725.9000,8749.6500
2015-02-06,8661.8500,8669.9500,8483.0500,8496.3000
2015-02-07,8508.8000,8582.1500,8481.7000,8528.6000
2015-02-09,7780.4500,7795.5500,7622.6500,7638.7000
2015-02-10,8271.5000,8478.7000,8263.4000,8436.0500
2015-02-11,8478.6500,8532.2000,8411.8000,8514.1500
2015-02-12,8585.1500,8677.1000,8579.0500,8654.3000
2015-02-13,8688.3500,8770.7000,8632.0500,8759.0000
2015-02-16,8797.9500,8880.9500,8760.4000,8792.5500
2015-02-18,8783.9000,8899.5000,8735.5000,8884.8500
2015-02-19,8929.9000,8967.4000,8809.6000,8871.6500
2015-02-20,8910.5000,8927.3500,8856.5500,8874.6500
2015-02-23,8907.3500,8916.5000,8793.2500,8804.1500
2015-02-24,8830.8500,8831.1500,8727.7000,8777.7000
2015-02-25,8811.2000,8838.0000,8768.7500,8781.3000
2015-02-26,8791.9500,8796.3500,8630.8000,8640.7000
2015-02-27,8696.4500,8866.8500,8690.0500,8841.8000
2015-02-28,8857.6000,8978.5000,8706.6000,8935.3500
2015-03-02,9000.8000,9028.2000,8820.3500,8919.5500
2015-03-03,8890.8000,8890.8000,8792.0000,8838.8000
2015-03-04,8911.0500,8952.9000,8755.4500,8777.8500
2015-03-05,8807.9500,8839.6500,8755.3500,8825.6500
2015-03-06,8314.8000,8321.7500,8108.6000,8191.6000
2015-03-07,8552.9000,8586.0000,8475.2500,8493.5000
2015-03-08,8572.0000,8647.0500,8541.8000,8609.6500
2015-03-09,7698.3500,7787.6500,7676.3000,7738.6000
2015-03-10,8756.9000,8841.6000,8725.5500,8756.4000
2015-03-11,8763.1000,8805.5000,8710.2000,8761.5000
2015-03-12,8798.0000,8870.0500,8790.1000,8851.6500
2015-03-13,8906.6500,8906.6500,8700.0000,8721.7500
2015-03-16,8732.4500,8743.3500,8676.0000,8697.8500
2015-03-17,8765.7000,8857.9500,8736.5500,8807.4000
2015-03-18,8810.2500,8812.3000,8718.9000,8748.7500
2015-03-19,8813.7000,8846.6000,8700.3000,8719.5500
2015-03-20,8698.1500,8698.3000,8572.7000,8585.9500
2015-03-23,8604.3000,8656.4000,8560.1000,8597.8000
2015-03-24,8599.6500,8604.6500,8463.3500,8480.8000
2015-03-25,8511.7000,8548.2000,8485.0500,8515.6500
2015-03-26,8451.7000,8493.3500,8364.0000,8385.3500
2015-03-27,8415.1000,8453.8500,8312.4000,8435.0000
2015-03-30,8487.4000,8584.5500,8456.4000,8574.4500
2015-03-31,8605.8000,8703.7000,8573.8500,8621.7500
2015-04-01,8622.1000,8723.4000,8598.5500,8710.7500
2015-04-02,8946.8500,8946.8500,8795.9000,8812.5000
2015-04-03,8911.0500,8952.9000,8755.4500,8777.8500
2015-04-05,8260.4000,8350.3000,8244.0000,8330.2000
2015-04-06,8193.0500,8195.9000,8064.4000,8130.4500
2015-04-07,8813.6500,8823.0500,8715.0000,8794.5000
2015-04-08,8655.1000,8720.3000,8576.5000,8703.6000
2015-04-09,7710.6000,7712.1000,7503.0000,7559.4500
2015-04-10,8852.2500,8893.4000,8832.0000,8879.0000
2015-04-11,8160.5000,8269.5000,8160.5000,8235.7500
2015-04-12,8286.1000,8309.3500,8228.8500,8240.7000
2015-04-13,8885.6000,8888.1500,8801.1000,8817.8500
2015-04-15,8803.9500,8803.9500,8660.3000,8682.0000
2015-04-16,8704.1000,8730.1500,8584.9500,8666.4000
2015-04-17,8654.1000,8658.7000,8547.3500,8558.2000
2015-04-20,8587.9000,8589.5000,8344.6000,8398.6000
2015-04-21,8406.3000,8444.3000,8247.1000,8284.9000
2015-04-22,8316.2000,8317.7000,8133.6500,8280.3000
2015-04-23,8337.6500,8360.0500,8194.9000,8228.8000
2015-04-24,8242.5000,8250.3000,8132.9000,8164.4500
2015-04-27,8193.0000,8205.5500,8016.6000,8118.6500
2015-04-28,8133.3500,8334.7000,8117.5000,8315.4000
2015-04-29,8335.3000,8341.4000,8254.0000,8278.5000
2015-04-30,8264.4500,8265.4000,8171.8000,8188.2000
2015-05-01,8366.4000,8510.6000,8366.4000,8467.9500
2015-05-02,8818.4500,8890.7500,8725.9000,8749.6500
2015-05-03,8807.9500,8839.6500,8755.3500,8825.6500
2015-05-04,8260.4000,8350.3000,8244.0000,8330.2000
2015-05-05,8350.0500,8381.7500,8295.4000,8327.2000
2015-05-06,8304.9000,8314.6000,8064.9000,8089.8500
2015-05-07,8065.4500,8102.7500,7917.7500,7986.2500
2015-05-08,8060.5000,8212.2500,8058.1000,8199.2500
2015-05-10,7787.1500,7911.1500,7784.9000,7890.4500
2015-05-11,8273.1000,8439.0500,8273.1000,8427.5500
2015-05-12,8422.7000,8422.7000,8256.0500,8277.5000
2015-05-13,8348.9500,8448.6000,8269.2000,8413.4000
2015-05-14,8404.4500,8495.6500,8307.2000,8485.5000
2015-05-15,8508.0000,8570.8000,8498.5000,8539.5500
2015-05-18,8537.7500,8614.0500,8494.6500,8600.0500
2015-05-19,8579.2500,8637.5000,8513.9500,8531.3000
2015-05-20,8554.0500,8582.4000,8465.8500,8484.8000
2015-05-21,8498.1500,8554.6500,8462.7000,8549.6000
2015-05-22,8560.2500,8589.0000,8531.1500,8581.6500
2015-05-25,8557.7000,8622.9000,8533.0000,8565.1000
2015-05-26,8575.0000,8578.9000,8520.0000,8548.1500
2015-05-27,8410.7000,8447.4500,8347.1500,8369.9000
2015-05-28,8392.8000,8427.4000,8329.0500,8379.3000
2015-05-29,8398.6000,8556.1500,8351.2000,8536.7500
2015-06-01,8400.0000,8400.0000,8228.0500,8248.2000
2015-06-02,8661.8500,8669.9500,8483.0500,8496.3000
2015-06-03,8314.8000,8321.7500,8108.6000,8191.6000
2015-06-04,8749.5000,8810.4500,8706.9500,8792.0000
2015-06-05,8304.9000,8314.6000,8064.9000,8089.8500
2015-06-07,8380.0500,8536.2000,8375.5500,8517.9500
2015-06-08,8799.8500,8813.1500,8727.6000,8796.9500
2015-06-09,7968.0500,8014.6500,7934.6000,7953.6500
2015-06-10,7957.6500,7965.0000,7908.9000,7947.6500
2015-06-11,8173.9500,8215.5500,8087.5500,8144.4500
2015-06-12,7889.7000,7925.2500,7843.4500,7905.2500
2015-06-15,7939.9500,8026.6500,7919.4000,7996.2000
2015-06-16,8015.5500,8116.0000,7947.5000,8090.8500
2015-06-17,8130.1500,8204.7000,8066.6500,8160.9500
2015-06-18,8175.6500,8269.2000,8157.7000,8258.6500
2015-06-19,8277.7500,8356.5000,8253.3500,8305.3500
2015-06-22,8337.8000,8412.9500,8337.8000,8400.7000
2015-06-23,8414.4500,8444.2500,8375.6500,8405.8000
2015-06-24,8429.1500,8429.1500,8301.9000,8326.9500
2015-06-25,8304.8000,8420.9500,8295.5500,8395.9500
2015-06-26,8397.9000,8459.1000,8359.9000,8447.2000
2015-06-29,8285.7500,8340.8500,8220.5500,8325.0500
2015-06-30,8328.4500,8391.7000,8301.1500,8383.2500
2015-07-01,8401.3000,8519.4500,8375.1500,8482.4500
2015-07-02,8508.8000,8582.1500,8481.7000,8528.6000
2015-07-03,8552.9000,8586.0000,8475.2500,8493.5000
2015-07-04,8813.6500,8823.0500,8715.0000,8794.5000
2015-07-05,8065.4500,8102.7500,7917.7500,7986.2500
2015-07-06,8380.0500,8536.2000,8375.5500,8517.9500
2015-07-07,8540.5500,8566.6500,8457.3500,8488.9000
2015-07-08,8789.1000,8862.4000,8772.9500,8803.0000
2015-07-09,8276.6500,8313.9500,8240.9000,8248.5500
2015-07-10,7949.0500,8081.5500,7923.5500,8064.0500
2015-07-12,8276.6000,8288.7500,8197.8000,8221.5000
2015-07-13,8292.7500,8377.7000,8233.9500,8370.7500
2015-07-14,8393.5000,8393.5000,8268.1500,8305.7000
2015-07-15,8321.7500,8415.8500,8320.3500,8403.2000
2015-07-16,8410.1500,8446.2500,8406.7500,8434.5500
2015-07-17,8461.0500,8496.8000,8407.6500,8473.9000
2015-07-20,8509.1000,8512.1000,8461.9000,8476.3500
2015-07-21,8484.3000,8516.4500,8420.1500,8440.4500
2015-07-22,8431.2000,8562.3000,8406.8500,8538.8000
2015-07-23,8561.1500,8610.1500,8522.8500,8581.3500
2015-07-24,8567.9500,8576.8000,8457.6000,8472.0500
2015-07-27,8433.0000,8433.0000,8294.2000,8305.6500
2015-07-28,8316.7500,8329.6000,8236.8000,8259.5000
2015-07-29,8307.4500,8381.9000,8286.3000,8368.9000
2015-07-30,8434.6000,8476.7000,8370.9500,8387.5000
2015-07-31,8433.1000,8566.2000,8425.2000,8544.8500
2015-08-01,8330.5000,8406.3000,8330.5000,8397.3000
2015-08-03,8572.0000,8647.0500,8541.8000,8609.6500
2015-08-04,8843.4500,8876.3500,8823.6500,8838.7500
2015-08-05,8060.5000,8212.2500,8058.1000,8199.2500
2015-08-06,8085.5000,8085.5000,7988.7500,8006.1500
2015-08-07,8789.1000,8862.4000,8772.9500,8803.0000
2015-08-09,7491.5000,7626.9000,7413.2000,7589.0000
2015-08-10,8098.0000,8098.0000,8007.0000,8021.7500
2015-08-11,8765.3000,8765.3000,8574.9500,8619.2500
2015-08-12,8191.9500,8271.5000,8181.5500,8210.3500
2015-08-13,8446.7000,8519.1500,8413.3000,8441.5500
2015-08-14,8495.4500,8650.9000,8466.3500,8642.1000
2015-08-17,8654.8500,8683.2500,8538.5500,8615.4500
2015-08-18,8639.6000,8684.5000,8605.0000,8662.5500
2015-08-19,8657.2500,8727.9000,8603.3000,8703.3000
2015-08-20,8660.6000,8695.4500,8533.2500,8553.5500
2015-08-21,8482.5500,8482.5500,8310.9500,8381.7000
2015-08-24,8080.9000,8083.2000,7710.1500,7773.4500
2015-08-25,7836.6500,7956.4500,7597.3500,7920.3500
2015-08-26,7888.2000,7996.0000,7784.4000,7882.1000
2015-08-27,8015.8000,8022.1000,7898.9500,7952.3500
2015-08-28,8051.4000,8069.2000,7971.3500,8023.3000
2015-08-31,8005.3500,8033.0000,7930.7000,7948.5500
2015-09-01,8467.9500,8476.7500,8320.4500,8397.0000
2015-09-02,8408.2500,8408.2500,8276.2500,8294.4500
2015-09-03,8789.1000,8804.5500,8706.4000,8727.0500
2015-09-04,8867.4500,8873.0000,8781.7000,8848.1500
2015-09-06,7968.0500,8014.6500,7934.6000,7953.6500
2015-09-07,7592.5500,7617.6500,7449.4500,7464.3000
2015-09-08,7491.5000,7626.9000,7413.2000,7589.0000
2015-09-09,7698.4500,7855.3000,7693.2000,7814.8500
2015-09-10,7717.8500,7914.9500,7616.7000,7875.8500
2015-09-11,7932.3500,7968.1000,7832.1500,7857.4500
2015-09-12,8199.2500,8212.8000,8059.9500,8067.9000
2015-09-14,7902.1000,7915.7000,7817.4500,7890.7500
2015-09-15,7889.0000,7893.6000,7753.0000,7766.2000
2015-09-16,7820.2500,7835.4500,7764.5500,7799.1000
2015-09-18,7814.4000,7939.7500,7809.6000,7842.5500
2015-09-21,7772.4500,7868.5000,7772.4500,7848.7500
2015-09-22,7892.3000,7901.9500,7681.7500,7709.8500
2015-09-23,7620.5000,7743.8000,7611.5000,7705.5500
2015-09-24,7710.9000,7778.6500,7689.3500,7721.2500
2015-09-28,7749.5500,7749.5500,7569.8000,7584.2500
2015-09-29,7491.9500,7761.1500,7475.1000,7648.2000
2015-09-30,7691.6000,7772.1000,7672.4500,7759.6000
2015-10-01,7816.7500,7816.7500,7699.7500,7731.5500
2015-10-02,8271.5000,8478.7000,8263.4000,8436.0500
2015-10-03,8756.9000,8841.6000,8725.5500,8756.4000
2015-10-04,8852.2500,8893.4000,8832.0000,8879.0000
2015-10-05,7787.1500,7911.1500,7784.9000,7890.4500
2015-10-06,7963.3500,8120.6000,7948.4000,8104.0500
2015-10-07,7949.0500,8081.5500,7923.5500,8064.0500
2015-10-08,8098.0000,8098.0000,8007.0000,8021.7500
2015-10-09,8074.0000,8108.8000,8013.8500,8051.2000
2015-10-11,8230.5500,8305.0000,8217.9500,8257.7000
2015-10-12,8123.8000,8123.8000,8006.5500,8085.0000
2015-10-13,8059.9000,8093.3500,8027.3000,8078.2000
2015-10-14,8052.2000,8065.0000,8000.2500,8010.5500
2015-10-15,8049.6500,8200.2500,8049.6500,8193.4000
2015-10-16,8245.8000,8280.4500,8206.1000,8266.6500
2015-10-19,8269.0000,8269.0000,8205.0000,8245.5500
2015-10-20,8260.0000,8338.0000,8228.1500,8265.4000
2015-10-21,8262.0500,8303.6000,8209.2500,8285.1500
2015-10-23,8337.5000,8369.9000,8222.8500,8228.3000
2015-10-26,8265.8500,8294.9000,8222.5000,8232.2500
2015-10-27,8218.4000,8280.3000,8215.9500,8272.3500
2015-10-28,8266.4500,8281.3500,8184.3500,8206.1500
2015-10-29,8220.3500,8240.0000,8179.1000,8195.9000
2015-10-30,8188.2500,8192.1000,8078.4000,8091.9500
2015-11-02,8478.6500,8532.2000,8411.8000,8514.1500
2015-11-03,8763.1000,8805.5000,8710.2000,8761.5000
2015-11-04,8160.5000,8269.5000,8160.5000,8235.7500
2015-11-05,8273.1000,8439.0500,8273.1000,8427.5500
2015-11-06,8137.6000,8137.6000,7892.5000,7909.0000
2015-11-08,8765.3000,8765.3000,8574.9500,8619.2500
2015-11-09,7932.3500,7968.1000,7832.1500,7857.4500
2015-11-10,8230.5500,8305.0000,8217.9500,8257.7000
2015-11-11,8299.5000,8330.2000,8290.2500,8303.9500
2015-11-12,8106.0000,8113.8000,7892.9500,7943.2500
2015-11-13,8263.8000,8278.0000,8164.8500,8178.3000
2015-11-16,8155.6000,8236.5500,8110.0500,8190.3500
2015-11-17,8221.3000,8287.5500,8199.5000,8252.1000
2015-11-18,8253.9500,8289.0500,8172.8500,8181.0000
2015-11-19,8252.2500,8315.3000,8233.7000,8295.0500
2015-11-20,8308.0500,8392.2000,8287.6500,8339.4000
2015-11-23,8335.1000,8410.5500,8329.6500,8395.3500
2015-11-24,8368.9000,8396.7500,8323.2500,8332.9000
2015-11-26,8360.8000,8460.8500,8339.9500,8444.6000
2015-11-27,8493.5000,8530.1500,8436.7500,8443.6500
2015-11-30,8468.4000,8563.6500,8443.9500,8481.8500
2015-12-01,8387.0500,8422.7500,8323.9000,8409.5500
2015-12-02,8429.8000,8437.4500,8387.9000,8416.4000
2015-12-03,8798.0000,8870.0500,8790.1000,8851.6500
2015-12-04,8286.1000,8309.3500,8228.8500,8240.7000
2015-12-05,8422.7000,8422.7000,8256.0500,8277.5000
2015-12-06,7889.7000,7925.2500,7843.4500,7905.2500
2015-12-07,8276.6000,8288.7500,8197.8000,8221.5000
2015-12-08,8576.8500,8576.8500,8391.5500,8407.1500
2015-12-09,8199.2500,8212.8000,8059.9500,8067.9000
2015-12-10,8070.0500,8120.9000,8043.0000,8062.6000
2015-12-11,8106.0000,8113.8000,7892.9500,7943.2500
2015-12-14,7858.7500,7988.9500,7797.6500,7964.0500
2015-12-15,7991.0000,8089.8000,7930.5500,8082.3500
2015-12-16,8059.8000,8098.0500,7997.4500,8035.6000
2015-12-17,8080.0500,8165.3000,7999.4000,8149.0000
2015-12-18,8123.0000,8140.6500,8067.6500,8079.2000
2015-12-21,8092.6500,8162.5500,8092.6500,8154.9000
2015-12-22,8159.7000,8164.5500,8091.9000,8099.6500
2015-12-23,8136.1500,8148.4000,8104.9000,8111.0000
2015-12-24,8134.1000,8156.8000,8113.9500,8136.6000
2015-12-28,8157.6000,8234.8500,8156.8000,8228.4000
2015-12-29,8232.7500,8285.1500,8232.7500,8268.8000
2015-12-30,8276.8000,8284.6000,8235.9000,8240.2000
2015-12-31,8246.6500,8266.4000,8220.1000,8254.7500
2016-01-01,8260.5500,8342.6500,8250.5000,8328.3000
2016-01-02,7629.2500,7631.8000,7549.2500,7569.9000
2016-01-03,7096.9500,7403.9000,7096.9500,7396.0500
2016-01-04,8073.6500,8073.6500,8002.6000,8030.0500
2016-01-05,8181.9000,8205.8500,8110.6000,8124.3500
2016-01-06,8118.3500,8133.0000,8009.0000,8025.4000
2016-01-07,7943.1500,7946.2000,7693.7500,7725.1500
2016-01-08,9531.9500,9622.9000,9498.6500,9530.0500
2016-01-09,9932.1500,9989.7000,9925.6500,9939.9500
2016-01-11,10092.2500,10154.1000,10041.5000,10105.5500
2016-01-12,7788.0000,7800.0500,7682.9000,7721.0500
2016-01-13,7784.1000,7832.2500,7653.3000,7795.5000
2016-01-14,7688.4500,7736.4500,7582.8500,7684.6500
2016-01-15,7701.7500,7715.2000,7527.5000,7544.2000
2016-01-18,7531.9000,7555.9000,7372.8000,7431.4500
2016-01-19,7461.4500,7564.4000,7400.3500,7526.0000
2016-01-20,7453.8000,7453.8000,7340.3000,7401.5500
2016-01-21,7430.8000,7455.7500,7231.1500,7259.4500
2016-01-22,7345.4000,7555.7000,7331.1500,7544.0000
2016-01-25,7611.2000,7633.1000,7477.2500,7487.3000
2016-01-27,7540.3500,7559.5000,7474.6500,7491.3000
2016-01-28,7481.7000,7523.7000,7442.8500,7458.0000
2016-01-29,7411.3500,7625.2500,7411.3500,7605.0500
2016-02-01,7629.2500,7631.8000,7549.2500,7569.9000
2016-02-02,7595.4000,7614.8500,7445.2500,7470.4000
2016-02-03,7494.8000,7547.4000,7416.8500,7435.1500
2016-02-04,7411.2500,7457.7000,7315.6000,7377.5500
2016-02-05,8263.5000,8318.0500,8218.1000,8299.0500
2016-02-06,8638.9500,8730.5500,8638.9500,8713.7000
2016-02-08,9567.4500,9631.4500,9454.5000,9469.6000
2016-02-09,10012.1500,10069.0000,9986.1500,10052.9500
2016-02-10,7277.4000,7277.4000,7163.2000,7202.5000
2016-02-11,7218.4500,7219.6500,6908.0000,6949.4500
2016-02-12,8984.1500,9058.1000,8867.5000,8888.7000
2016-02-15,7127.5500,7403.6500,7127.5500,7391.1500
2016-02-16,7435.7500,7446.2500,7238.4000,7248.7000
2016-02-17,7254.9500,7338.2500,7147.3000,7320.9000
2016-02-18,7398.4500,7438.0000,7266.6000,7373.4000
2016-02-19,7346.7500,7464.0000,7316.7000,7441.5000
2016-02-22,7447.9500,7499.0000,7433.6000,7464.8000
2016-02-23,7500.9500,7500.9500,7337.1000,7351.6000
2016-02-24,7318.9500,7328.8500,7241.9500,7261.1500
2016-02-25,7286.1000,7291.8000,7159.3500,7175.7500
2016-02-26,7248.8000,7271.4000,7124.7500,7164.8500
2016-02-29,7174.5000,7204.9000,6983.7500,7092.3000
2016-03-01,7096.9500,7403.9000,7096.9500,7396.0500
2016-03-02,7494.8000,7547.4000,7416.8500,7435.1500
2016-03-03,7510.5500,7587.5500,7485.4000,7580.3000
2016-03-04,7604.0500,7616.2000,7551.2000,7591.7500
2016-03-05,8346.5000,8440.5000,8246.1000,8263.0500
2016-03-06,8752.1000,8814.3000,8720.8000,8749.2500
2016-03-08,9494.7000,9523.9500,9283.4000,9301.7500
2016-03-09,7556.3000,7704.6000,7540.2500,7689.8000
2016-03-10,10146.8000,10290.1500,10126.4500,10275.5000
2016-03-11,9944.3500,10056.8500,9925.9000,9948.2500
2016-03-14,7791.7000,7831.5500,7758.4500,7777.1500
2016-03-15,7790.4500,7803.3000,7703.2000,7711.1000
2016-03-16,7696.7000,7702.3500,7596.3000,7671.7000
2016-03-17,7742.5000,7770.9000,7639.1500,7662.6000
2016-03-18,7681.6000,7774.4500,7663.4000,7767.1000
2016-03-21,7785.3500,7876.5000,7767.4000,7867.6000
2016-03-22,7882.6000,7964.5000,7854.7500,7947.1500
2016-03-23,7964.6000,8004.0500,7932.3000,7990.7500
2016-03-28,8010.5500,8010.5500,7846.4500,7876.7000
2016-03-29,7880.9500,8011.6000,7876.9000,7955.0000
2016-03-30,8031.7000,8096.8500,8014.2500,8084.0000
2016-03-31,8086.4000,8125.5000,8037.7000,8087.6000
2016-04-01,8306.3000,8340.3500,8131.1000,8142.8500
2016-04-02,7411.2500,7457.7000,7315.6000,7377.5500
2016-04-03,7604.0500,7616.2000,7551.2000,7591.7500
2016-04-04,8093.1000,8137.8500,8069.2500,8124.5500
2016-04-05,8229.4000,8238.6500,8072.3500,8087.3000
2016-04-06,7902.3500,7954.6000,7891.6500,7919.9500
2016-04-07,8959.5000,8989.1000,8944.3000,8956.9000
2016-04-08,7830.8000,7859.9500,7799.7000,7821.3000
2016-04-10,10364.3000,10367.3500,10238.6000,10289.7000
2016-04-11,9939.5500,9944.8500,9827.4500,9870.7500
2016-04-12,8011.0000,8136.4000,8009.2000,8116.5000
2016-04-13,8191.6500,8439.0000,8183.4500,8399.3500
2016-04-18,8396.1500,8425.9000,8326.5500,8386.1500
2016-04-20,8401.4500,8401.4500,8307.2000,8341.4000
2016-04-21,8395.7000,8436.2500,8277.2500,8320.3000
2016-04-22,8310.6000,8434.7500,8284.7000,8401.4000
2016-04-25,8392.0500,8409.5000,8304.4500,8322.4000
2016-04-26,8299.2000,8485.9500,8275.3000,8457.0500
2016-04-27,8453.7500,8522.5500,8442.0500,8479.6500
2016-04-28,8480.1000,8496.3000,8302.0500,8317.6500
2016-04-29,8296.8500,8360.1000,8216.0000,8288.9500
2016-05-01,8181.9000,8205.8500,8110.6000,8124.3500
2016-05-02,8263.5000,8318.0500,8218.1000,8299.0500
2016-05-03,8346.5000,8440.5000,8246.1000,8263.0500
2016-05-04,8229.4000,8238.6500,8072.3500,8087.3000
2016-05-05,8117.1500,8184.5000,8089.8000,8133.9000
2016-05-06,8111.0000,8203.9000,8055.3000,8196.8000
2016-05-07,8951.6500,8951.6500,8833.3000,8852.4000
2016-05-08,9512.9000,9757.7000,9497.1500,9738.6500
2016-05-09,8222.3000,8323.8500,8220.8500,8315.9500
2016-05-10,8309.5000,8309.5500,8192.0500,8234.3500
2016-05-11,8150.3500,8265.0000,8076.0500,8192.2500
2016-05-12,8199.1000,8260.9500,8198.6000,8234.2500
2016-05-13,8215.2000,8235.2500,8127.3500,8160.4000
2016-05-16,8196.0000,8220.9500,8126.4000,8200.2000
2016-05-17,8223.4500,8304.5500,8191.1500,8245.0500
2016-05-18,8175.7000,8175.7000,8082.3000,8145.3500
2016-05-19,8154.4500,8186.7000,8070.9500,8104.7500
2016-05-20,8100.1000,8150.9000,8070.1500,8080.7500
2016-05-23,8128.9500,8131.2500,8016.9500,8026.6000
2016-05-24,8021.8500,8065.7000,8005.0000,8051.7500
2016-05-25,8117.6500,8240.1000,8117.3500,8211.9500
2016-05-26,8256.0500,8323.4500,8221.9000,8312.6500
2016-05-27,8327.7000,8409.8000,8327.7000,8393.9500
2016-05-30,8404.9000,8515.2000,8393.3000,8497.0000
2016-05-31,8669.7500,8741.4000,8616.6500,8720.4000
2016-06-01,8733.4500,8764.1500,8646.5500,8670.8000
2016-06-02,8638.9500,8730.5500,8638.9500,8713.7000
2016-06-03,8752.1000,8814.3000,8720.8000,8749.2500
2016-06-04,7902.3500,7954.6000,7891.6500,7919.9500
2016-06-05,8111.0000,8203.9000,8055.3000,8196.8000
2016-06-06,8763.0000,8792.7500,8698.7500,8763.5500
2016-06-07,8819.9000,8833.9500,8768.7500,8799.0000
2016-06-08,8816.0000,8862.5000,8806.3000,8841.8500
2016-06-09,10113.8500,10368.3000,10113.8500,10348.5500
2016-06-10,10389.4500,10402.5500,10236.4500,10269.8500
2016-06-12,9083.3500,9107.9000,8997.7000,9014.0000
2016-06-13,8600.9000,8612.2000,8536.9000,8599.1000
2016-06-14,8622.1000,8641.5500,8560.2500,8613.1500
2016-06-15,8646.0500,8703.7000,8634.9500,8689.6500
2016-06-16,8649.0500,8655.6000,8555.5500,8612.8000
2016-06-17,8670.7000,8695.0500,8647.2000,8675.2000
2016-06-20,8635.1500,8809.4000,8607.3500,8799.0500
2016-06-21,8827.6500,8865.6000,8803.3500,8858.4500
2016-06-22,8847.7500,8850.2500,8733.3500,8778.2000
2016-06-23,8790.9500,8879.5500,8775.9500,8870.2000
2016-06-24,8461.4500,8651.5500,8306.3000,8631.6500
2016-06-27,8629.8000,8661.1000,8569.5500,8605.4000
2016-06-28,8618.5000,8639.7000,8567.2500,8618.8500
2016-06-29,8697.8500,8757.5500,8697.6500,8744.7000
2016-06-30,8832.0000,8879.5500,8814.3500,8863.7500
2016-07-01,8901.5500,8932.4500,8862.2500,8894.8500
2016-07-04,8959.5000,8989.1000,8944.3000,8956.9000
2016-07-05,8951.6500,8951.6500,8833.3000,8852.4000
2016-07-06,8819.9000,8833.9500,8768.7500,8799.0000
2016-07-07,8850.4000,8862.8000,8793.3000,8801.4500
2016-07-08,8851.5500,8882.4500,8818.1500,8870.5000
2016-07-09,10381.8000,10407.1000,10326.5500,10359.8500
2016-07-10,10303.1000,10358.3500,10256.1500,10344.3000
2016-07-11,8954.6500,9064.9000,8952.4000,9058.8000
2016-07-12,9040.0500,9128.3500,8996.0000,9053.2500
2016-07-13,9132.6500,9139.8500,9041.5500,9069.9500
2016-07-14,9044.5000,9121.1500,9039.3500,9115.1500
2016-07-15,9109.3500,9254.2500,9106.1500,9204.4500
2016-07-18,9237.4500,9331.2000,9209.5000,9226.0000
2016-07-19,9236.9500,9290.8000,9189.0000,9260.0500
2016-07-20,9258.3500,9312.8500,9258.3500,9279.8000
2016-07-21,9306.7000,9313.0500,9198.8500,9208.6500
2016-07-22,9236.8000,9301.5000,9222.9000,9290.5000
2016-07-25,9293.2000,9391.1000,9285.9500,9378.8000
2016-07-26,9383.7500,9403.3000,9229.0000,9255.4000
2016-07-27,9297.1500,9375.5000,9262.1000,9330.7500
2016-07-28,9354.5500,9426.5000,9333.4500,9404.3500
2016-07-29,9418.2000,9512.0500,9418.2000,9470.8500
2016-08-01,7759.7000,7827.0500,7704.1500,7744.2500
2016-08-02,9567.4500,9631.4500,9454.5000,9469.6000
2016-08-03,7614.4500,7670.4000,7552.7500,7596.6500
2016-08-04,7830.8000,7859.9500,7799.7000,7821.3000
2016-08-05,9512.9000,9757.7000,9497.1500,9738.6500
2016-08-06,8816.0000,8862.5000,8806.3000,8841.8500
2016-08-07,8851.5500,8882.4500,8818.1500,8870.5000
2016-08-08,9798.2000,9851.1000,9769.3500,9797.5500
2016-08-09,9840.2500,9841.9000,9682.0500,9747.6000
2016-08-10,9782.0000,9782.0000,9543.2000,9559.3500
2016-08-11,9981.7500,10098.3500,9965.4500,10079.7000
2016-08-12,9541.9000,9668.3500,9536.9000,9618.5000
2016-08-16,9622.5500,9622.5500,9496.7500,9558.6000
2016-08-17,9581.2000,9669.3500,9566.9000,9647.0000
2016-08-18,9675.2000,9730.4000,9667.7000,9678.6000
2016-08-19,9695.5500,9705.9000,9623.3500,9638.5500
2016-08-22,9643.2000,9646.3500,9529.6500,9539.0000
2016-08-23,9542.5000,9557.9000,9470.4500,9526.3000
2016-08-24,9552.8500,9583.5500,9501.3000,9529.0000
2016-08-25,9565.4500,9580.6000,9455.8000,9470.8500
2016-08-26,9524.1500,9597.1000,9452.7000,9538.4000
2016-08-29,9641.4500,9707.0000,9589.6000,9697.0000
2016-08-30,9742.7500,9873.3500,9742.7500,9866.0500
2016-08-31,9878.9000,10000.3000,9875.6000,9897.3000
2016-09-01,9932.1500,9989.7000,9925.6500,9939.9500
2016-09-02,7351.5000,7393.3000,7272.2000,7295.7500
2016-09-03,7556.3000,7704.6000,7540.2500,7689.8000
2016-09-05,8222.3000,8323.8500,8220.8500,8315.9500
2016-09-06,10113.8500,10368.3000,10113.8500,10348.5500
2016-09-07,10381.8000,10407.1000,10326.5500,10359.8500
2016-09-08,10383.0500,10466.9000,10374.7500,10458.6500
2016-09-09,10441.7500,10441.7500,10288.2000,10299.2000
2016-09-11,9466.0500,9903.6000,9330.8500,9819.8000
2016-09-12,9360.7500,9364.9000,9218.0500,9252.3000
2016-09-14,10055.0500,10112.9500,9983.1000,10086.2500
2016-09-15,10097.4500,10130.2500,10022.4500,10064.0500
2016-09-16,10123.8500,10276.0000,10065.3000,10117.9500
2016-09-19,10162.8500,10167.0500,10108.8500,10146.3500
2016-09-20,10168.1500,10175.6000,10045.0000,10075.0000
2016-09-21,10084.7000,10169.9000,10034.6000,10095.9500
2016-09-22,10237.8000,10271.4000,10195.2000,10250.3500
2016-09-23,10276.0000,10281.6500,10206.7000,10224.9500
2016-09-26,10196.6500,10197.0500,10034.5500,10048.6500
2016-09-27,10095.2500,10123.3500,9978.5500,9992.5000
2016-09-28,10007.8000,10142.3000,9998.7500,10115.9500
2016-09-29,10203.2000,10224.2500,9859.4500,9893.8500
2016-09-30,9901.9000,10051.0500,9842.2500,10029.3000
2016-10-02,7277.4000,7277.4000,7163.2000,7202.5000
2016-10-03,7719.0500,7748.5500,7653.1000,7688.3000
2016-10-04,10364.3000,10367.3500,10238.6000,10289.7000
2016-10-05,8309.5000,8309.5500,8192.0500,8234.3500
2016-10-06,8765.6500,8834.4000,8677.6000,8688.3000
2016-10-07,10303.1000,10358.3500,10256.1500,10344.3000
2016-10-08,9782.0000,9782.0000,9543.2000,9559.3500
2016-10-10,10406.8000,10421.1500,10327.3000,10335.8000
2016-10-11,9970.2500,10052.8500,9725.2500,9758.1500
2016-10-13,10278.1500,10289.5000,10116.0000,10203.0000
2016-10-14,10241.7500,10249.4000,10177.2500,10223.4500
2016-10-17,10241.4500,10252.9000,9986.5000,10008.4000
2016-10-18,10047.1000,10154.2000,10046.8000,10150.0500
2016-10-19,10159.7500,10164.5500,10052.6500,10092.5500
2016-10-20,10133.3500,10179.4000,10077.2000,10088.7000
2016-10-21,10117.5500,10120.2000,10053.6500,10101.6000
2016-10-24,10121.5000,10220.0500,10105.8500,10188.2000
2016-10-25,10150.5500,10202.6500,10119.0000,10143.7000
2016-10-26,10122.7500,10157.3500,10018.4500,10056.5500
2016-10-27,10005.0500,10022.4000,9873.6000,9912.8500
2016-10-28,9968.6500,10070.3500,9952.5500,10056.7000
2016-10-30,10095.0500,10100.7500,10035.0500,10048.5000
2016-11-01,10092.2500,10154.1000,10041.5000,10105.5500
2016-11-02,7218.4500,7219.6500,6908.0000,6949.4500
2016-11-03,9944.3500,10056.8500,9925.9000,9948.2500
2016-11-04,7848.7000,8000.9500,7817.9500,7992.5500
2016-11-05,8150.3500,8265.0000,8076.0500,8192.2500
2016-11-07,8954.6500,9064.9000,8952.4000,9058.8000
2016-11-08,9550.0500,9565.5500,9432.9500,9513.2500
2016-11-09,9466.0500,9903.6000,9330.8500,9819.8000
2016-11-10,9970.2500,10052.8500,9725.2500,9758.1500
2016-11-11,9652.0000,9666.9000,9277.8000,9308.3000
2016-11-15,9199.0000,9203.9000,8771.3500,8828.6000
2016-11-16,8977.3500,9113.0500,8830.3500,8918.6500
2016-11-17,8926.4500,8990.5000,8866.4000,8915.6000
2016-11-18,8929.6500,9006.0000,8864.8000,8983.8500
2016-11-21,9003.8500,9003.9000,8659.4000,8681.6000
2016-11-22,8764.9500,8878.4500,8708.9500,8852.9000
2016-11-23,8914.6500,8921.9000,8807.9500,8891.1500
2016-11-24,8838.8000,8842.8500,8718.5500,8754.5000
2016-11-25,8780.5000,8801.1500,8718.7000,8780.4000
2016-11-28,8780.9500,8883.2000,8771.6000,8826.6500
2016-11-29,8841.2500,9057.7000,8821.6000,9017.9500
2016-11-30,9050.9500,9125.6500,9009.7000,9113.8000
2016-12-01,7788.0000,7800.0500,7682.9000,7721.0500
2016-12-02,8984.1500,9058.1000,8867.5000,8888.7000
2016-12-04,8011.0000,8136.4000,8009.2000,8116.5000
2016-12-05,8199.1000,8260.9500,8198.6000,8234.2500
2016-12-06,9083.3500,9107.9000,8997.7000,9014.0000
2016-12-07,9040.0500,9128.3500,8996.0000,9053.2500
2016-12-08,9135.9000,9305.2500,9133.9500,9299.0500
2016-12-09,9360.7500,9364.9000,9218.0500,9252.3000
2016-12-12,9228.5000,9228.5000,9061.9500,9092.0000
2016-12-13,9201.7000,9241.4000,9139.0500,9196.0000
2016-12-14,9219.4000,9222.0000,9131.3000,9146.0500
2016-12-15,9071.1000,9214.0500,9042.7500,9118.2500
2016-12-16,9148.9500,9183.2000,9116.1500,9153.5000
2016-12-19,9140.7000,9146.9500,9070.8500,9098.0500
2016-12-20,9117.4000,9124.7000,8999.2000,9023.0500
2016-12-21,9050.9500,9085.6500,8980.0000,9013.0000
2016-12-22,9002.7000,9028.3000,8921.0500,8961.3000
2016-12-23,8917.7000,9013.0000,8875.2000,8987.2500
2016-12-26,8973.0500,8974.6500,8844.2000,8854.7500
2016-12-27,8864.7000,9009.6000,8808.9500,8991.8000
2016-12-28,9009.7500,9046.4000,8970.1500,8981.1500
2016-12-29,8969.1500,9134.4000,8951.6000,9109.0500
2016-12-30,9136.8500,9171.7000,9112.5500,9141.7500
2017-01-02,9169.9500,9334.1000,9098.9000,9326.9000
2017-01-03,9331.4000,9340.5000,9289.9500,9300.3000
2017-01-04,9336.6000,9400.2500,9304.8000,9330.9000
2017-01-05,9410.6500,9537.3500,9403.4000,9522.3000
2017-01-06,9551.6500,9589.8000,9487.2000,9506.6500
2017-01-08,11049.0500,11182.7500,11032.7500,11170.9000
2017-01-09,9541.4000,9550.0000,9472.8500,9495.9500
2017-01-10,9542.6000,9626.3000,9540.9000,9616.6000
2017-01-11,9661.6000,9712.0500,9635.4500,9703.6500
2017-01-12,9732.3500,9740.6000,9644.9500,9676.9500
2017-01-13,9725.9500,9726.6500,9558.7000,9600.7000
2017-01-16,9605.7000,9664.1000,9580.3500,9650.7000
2017-01-17,9661.2500,9689.1000,9620.6000,9641.8500
2017-01-18,9655.4500,9696.9000,9627.9000,9644.8000
2017-01-19,9647.5000,9716.9500,9639.9000,9709.0000
2017-01-20,9684.3000,9716.1500,9590.5000,9601.0000
2017-01-23,9601.3000,9681.7000,9586.4000,9665.0000
2017-01-24,9688.3500,9837.2500,9674.1000,9828.2000
2017-01-25,9873.3000,9987.7500,9819.4500,9967.7000
2017-01-27,9989.7000,10051.5000,9971.7500,10014.8500
2017-01-30,10012.1500,10012.3000,9917.9500,9928.6500
2017-01-31,9907.3000,9922.5000,9822.0000,9837.7500
2017-02-01,9871.4000,10210.2000,9834.3500,10191.9500
2017-02-02,10171.0500,10173.0500,10031.7500,10058.8000
2017-02-03,10058.5000,10065.0500,9952.2500,9975.1000
2017-02-05,10301.6000,10314.9000,10218.3500,10294.7500
2017-02-06,10935.6500,10992.7000,10922.9500,10942.2000
2017-02-07,10039.8500,10041.4000,9875.7000,9931.7000
2017-02-08,11197.1000,11201.0000,11101.6500,11134.2500
2017-02-09,10036.2500,10061.1000,9903.8000,10028.0500
2017-02-10,10054.8500,10056.7000,9971.6000,9987.3000
2017-02-11,11351.7000,11351.7000,11272.8000,11282.8500
2017-02-13,10016.8500,10030.0000,9917.6000,9973.3000
2017-02-14,9984.7500,9986.7500,9746.3000,9820.6000
2017-02-15,9665.8000,9692.8000,9507.9500,9523.3500
2017-02-16,9559.1000,9698.2500,9518.3000,9686.3500
2017-02-17,9708.4500,9727.8500,9643.0000,9683.6000
2017-02-20,9691.9500,9780.6500,9628.6500,9743.9500
2017-02-21,9757.6500,9777.7500,9722.3500,9758.9000
2017-02-22,9770.9500,9807.9500,9727.5500,9768.4500
2017-02-23,9798.9500,9805.9000,9727.3500,9761.7500
2017-02-27,9763.2500,9763.6500,9659.5000,9666.8500
2017-02-28,9683.4000,9698.8500,9638.6500,9654.6500
2017-03-01,9682.8500,9702.0000,9616.6000,9670.6000
2017-03-02,9756.1000,9820.5500,9679.2500,9705.5000
2017-03-03,9705.1000,9713.7000,9637.0500,9680.5000
2017-03-04,9934.6500,9959.5000,9902.8500,9921.1000
2017-03-05,10314.8000,10352.4500,10255.0000,10273.0000
2017-03-06,9723.1000,9809.7000,9721.0500,9800.0000
2017-03-07,9798.3000,9813.5500,9738.5000,9753.5500
2017-03-08,9770.8500,9776.7000,9644.5000,9701.2500
2017-03-09,9701.0000,9774.8000,9685.7000,9754.3500
2017-03-10,9797.8500,9820.4000,9741.0000,9779.2500
2017-03-11,11305.1500,11327.9000,11250.0000,11313.6500
2017-03-14,9970.2000,9992.3000,9873.4000,9910.4000
2017-03-15,9923.3000,10020.2500,9901.6500,9987.6500
2017-03-16,10032.6500,10064.2500,10025.3000,10056.5000
2017-03-17,10078.4500,10088.4500,9969.5500,10009.4000
2017-03-20,10039.8500,10042.9500,9981.9000,10009.3000
2017-03-21,10025.7000,10027.8500,9913.3000,9963.7500
2017-03-22,9900.3500,9902.8000,9789.4000,9803.9500
2017-03-23,9830.0000,9915.0000,9818.1500,9897.9500
2017-03-24,9904.0000,9913.3000,9865.6500,9878.3500
2017-03-27,9873.5500,9881.3000,9801.6500,9808.2000
2017-03-28,9830.2500,9911.0000,9830.2500,9887.8000
2017-03-29,9929.9500,9929.9500,9795.3500,9845.7500
2017-03-30,9821.5500,9878.3000,9815.8500,9860.3000
2017-03-31,9845.9000,9905.6000,9835.0500,9880.2000
2017-04-01,9336.6000,9400.2500,9304.8000,9330.9000
2017-04-03,9934.6500,9959.5000,9902.8500,9921.1000
2017-04-05,10282.3500,10313.7000,10199.5500,10211.8000
2017-04-06,10032.9000,10054.4500,9977.4500,10035.3000
2017-04-07,9981.4500,10072.8000,9964.1000,9993.7500
2017-04-08,11061.9500,11170.5000,11040.8500,11137.5500
2017-04-09,10866.9000,10872.3000,10676.4000,10738.4000
2017-04-10,10037.3500,10053.8000,9987.6500,10030.5000
2017-04-11,10036.8500,10060.5000,10012.8000,10040.0500
2017-04-12,10046.5000,10055.7000,9916.1500,9987.1500
2017-04-13,9971.0000,9985.3500,9898.0500,9907.4000
2017-04-17,9881.8000,9927.6000,9853.4500,9889.4500
2017-04-18,9908.7000,9971.9000,9790.5000,9813.7000
2017-04-19,9815.5000,9853.6000,9784.0000,9831.3500
2017-04-20,9852.5000,9923.9500,9841.6500,9909.9000
2017-04-21,9935.8000,9958.6000,9834.8000,9858.8000
2017-04-24,9887.9500,9988.0000,9870.7000,9978.2000
2017-04-25,10041.0500,10098.8000,9993.2500,10090.3500
2017-04-26,10112.0000,10212.6000,10103.5000,10189.7000
2017-04-27,10219.1000,10262.3000,10155.5000,10173.1000
2017-04-28,10195.9000,10292.3500,10177.2500,10255.1500
2017-05-01,9410.6500,9537.3500,9403.4000,9522.3000
2017-05-02,10301.6000,10314.9000,10218.3500,10294.7500
2017-05-03,10314.8000,10352.4500,10255.0000,10273.0000
2017-05-04,9952.7000,10048.6500,9923.0000,10033.5500
2017-05-05,10204.0500,10207.7000,10091.0500,10107.9500
2017-05-06,10954.3000,11004.9000,10946.7000,10967.9500
2017-05-07,10640.8500,10714.1000,10627.3500,10704.8000
2017-05-08,10166.8500,10204.3500,10122.1000,10167.0500
2017-05-09,10204.8000,10205.9000,10150.0500,10157.8000
2017-05-10,10964.4500,11019.2000,10920.1000,10931.7000
2017-05-11,10348.2500,10428.3500,10313.6000,10410.7500
2017-05-12,10453.3000,10461.1500,10359.6500,10429.2000
2017-05-15,10469.0500,10486.4500,10438.3500,10481.3000
2017-05-16,10498.3000,10606.6500,10489.0000,10597.4500
2017-05-17,10572.3500,10679.5500,10559.2000,10669.7000
2017-05-18,10573.4000,10626.2000,10416.8500,10436.3500
2017-05-19,10473.4000,10529.2000,10287.9500,10409.8000
2017-05-22,10460.0500,10517.0500,10328.4500,10339.9500
2017-05-23,10387.0000,10448.2500,10296.3500,10380.6500
2017-05-24,10477.9500,10500.4000,10343.2000,10386.3000
2017-05-25,10413.3500,10605.8500,10377.1500,10588.1000
2017-05-26,10593.7500,10759.4000,10580.9000,10711.5500
2017-05-29,10719.9000,10789.6500,10611.9000,10753.5000
2017-05-30,10767.7000,10843.9500,10725.9500,10802.0500
2017-05-31,10839.5000,10920.8000,10826.4000,10870.8000
2017-06-01,10894.0000,10954.5000,10865.9500,10891.5500
2017-06-02,10051.2000,10065.8500,10001.9500,10031.1000
2017-06-03,9723.1000,9809.7000,9721.0500,9800.0000
2017-06-04,10032.9000,10054.4500,9977.4500,10035.3000
2017-06-05,10954.3000,11004.9000,10946.7000,10967.9500
2017-06-06,10986.4000,11000.6500,10792.7000,10849.2000
2017-06-07,10734.4500,10784.6500,10726.4000,10746.5500
2017-06-08,10946.5500,10980.7000,10905.2000,10939.6500
2017-06-09,10725.3500,10774.2500,10687.0000,10746.1000
2017-06-10,10958.1000,11020.1500,10939.7000,11007.0000
2017-06-11,11313.3500,11518.7500,11297.3000,11463.2000
2017-06-12,11070.8000,11088.2000,11003.9500,11020.7500
2017-06-13,10997.9500,11026.9000,10886.9000,10910.2000
2017-06-14,10917.8000,10934.9500,10877.2000,10905.2500
2017-06-15,10899.6500,10937.3500,10820.5500,10839.4000
2017-06-16,10899.3000,10927.1500,10848.4000,10869.2000
2017-06-19,10917.4500,10943.8000,10881.9500,10893.3000
2017-06-20,10932.8000,10962.4000,10884.9000,10900.7000
2017-06-21,10906.5500,10907.2500,10816.7000,10835.5000
2017-06-22,10853.1500,10929.7000,10808.3500,10820.7500
2017-06-23,10838.0000,10844.4000,10623.5500,10637.4500
2017-06-27,10679.3500,10679.9500,10501.9000,10576.2000
2017-06-28,10586.3500,10643.4500,10551.6500,10582.6500
2017-06-29,10623.5000,10676.5500,10555.7000,10568.1500
2017-06-30,10527.3000,10557.7000,10468.7500,10540.2500
2017-07-02,10039.8500,10041.4000,9875.7000,9931.7000
2017-07-03,10555.4500,10688.7000,10508.2500,10680.9500
2017-07-04,9981.4500,10072.8000,9964.1000,9993.7500
2017-07-05,10640.8500,10714.1000,10627.3500,10704.8000
2017-07-06,10871.7500,10942.4500,10853.3000,10932.4000
2017-07-07,10734.4500,10774.4000,10710.9000,10729.0000
2017-07-08,11133.2000,11238.6500,11126.5500,11158.8500
2017-07-09,10804.9500,10853.0500,10782.7500,10837.8000
2017-07-10,10797.4000,10870.9000,10573.4500,10795.2000
2017-07-11,11493.8000,11503.2500,11313.4500,11331.7500
2017-07-12,11059.4500,11277.5000,11049.5500,11235.6500
2017-07-13,10931.4000,10949.5000,10908.6500,10936.6500
2017-07-14,10958.6500,10958.6500,10870.7000,10892.2500
2017-07-17,10923.0500,10964.9500,10921.3000,10936.4500
2017-07-18,10927.9500,11030.1500,10921.2500,10954.4000
2017-07-19,10965.9500,11020.1500,10964.9500,11012.1500
2017-07-20,11043.3000,11055.2500,10945.2000,10960.7000
2017-07-21,10964.9000,10978.7000,10867.7000,10955.4000
2017-07-24,10965.9500,10995.0500,10925.5500,10968.8000
2017-07-25,10993.3000,11003.7000,10922.0000,10932.5000
2017-07-26,10951.6000,11018.0500,10935.4500,11003.5500
2017-07-27,11043.1000,11109.2000,10885.0000,10919.0000
2017-07-28,10886.8000,10950.1500,10866.8000,10934.8500
2017-07-31,10956.4500,11018.5500,10943.0500,11002.6500
2017-08-01,11049.0500,11182.7500,11032.7500,11170.9000
2017-08-02,11197.1000,11201.0000,11101.6500,11134.2500
2017-08-03,11142.6500,11160.8500,11021.8000,11058.8000
2017-08-04,11061.9500,11170.5000,11040.8500,11137.5500
2017-08-05,10166.8500,10204.3500,10122.1000,10167.0500
2017-08-06,10946.5500,10980.7000,10905.2000,10939.6500
2017-08-07,11133.2000,11238.6500,11126.5500,11158.8500
2017-08-08,11182.8500,11247.1000,11070.0000,11117.8000
2017-08-09,10891.1500,10892.4500,10742.5500,10779.0000
2017-08-10,10820.0500,10834.8500,10526.2000,10606.5000
2017-08-11,11337.2000,11400.6000,11200.7000,11254.1000
2017-08-12,11296.7000,11391.7500,11281.7500,11357.1500
2017-08-14,10538.5500,10640.1000,10538.5500,10600.1500
2017-08-16,10673.6000,10788.1500,10601.5500,10778.7500
2017-08-17,10804.2500,10810.1500,10682.4000,10694.6500
2017-08-18,10651.9500,10691.6500,10594.4000,10676.3500
2017-08-21,10699.1500,10752.0000,10551.7000,10572.7500
2017-08-22,10629.6500,10647.2500,10468.1000,10482.9000
2017-08-23,10548.8000,10566.5500,10490.1000,10552.8000
2017-08-24,10567.5000,10583.4500,10534.5000,10571.4500
2017-08-28,10614.6500,10634.0000,10570.7000,10592.3500
2017-08-29,10570.9500,10570.9500,10486.4000,10503.5000
2017-08-30,10584.9500,10632.8000,10552.0500,10572.3500
2017-08-31,10588.9500,10620.6500,10539.9000,10612.5500
2017-09-01,10657.7000,10839.3000,10649.6500,10823.6000
2017-09-02,10036.2500,10061.1000,9903.8000,10028.0500
2017-09-03,9701.0000,9774.8000,9685.7000,9754.3500
2017-09-04,10866.9000,10872.3000,10676.4000,10738.4000
2017-09-05,10204.8000,10205.9000,10150.0500,10157.8000
2017-09-06,10725.3500,10774.2500,10687.0000,10746.1000
2017-09-07,10804.9500,10853.0500,10782.7500,10837.8000
2017-09-08,11113.6000,11116.2000,10904.2000,10925.6500
2017-09-10,11012.8500,11061.7000,10970.5500,11005.8000
2017-09-11,10842.7000,10881.2500,10829.4000,10839.7500
2017-09-12,10899.0500,10972.9000,10848.7000,10965.9000
2017-09-13,10989.1000,11025.7500,10882.0000,10916.0000
2017-09-14,10947.4000,10975.5000,10883.8500,10949.0000
2017-09-15,10931.2500,11004.1000,10893.1500,10971.4500
2017-09-18,11059.6500,11132.9000,11050.8000,11104.8500
2017-09-19,11176.8000,11218.4000,11152.3000,11170.7500
2017-09-20,11202.4500,11204.7000,11093.9000,11103.4500
2017-09-21,11107.3500,11139.0500,10977.4500,11051.9000
2017-09-22,11034.5000,11036.4500,10909.0000,10927.0500
2017-09-25,10949.3000,10949.3000,10724.2000,10808.4500
2017-09-26,10826.6500,10853.5500,10748.9000,10816.0000
2017-09-27,10879.0500,10889.3000,10618.9000,10646.0500
2017-09-28,10679.1000,10724.3000,10560.3000,10683.6500
2017-09-29,10722.9500,10857.6500,10712.8500,10811.2500
2017-10-01,9542.6000,9626.3000,9540.9000,9616.6000
2017-10-02,10054.8500,10056.7000,9971.6000,9987.3000
2017-10-03,9797.8500,9820.4000,9741.0000,9779.2500
2017-10-04,10037.3500,10053.8000,9987.6500,10030.5000
2017-10-05,10964.4500,11019.2000,10920.1000,10931.7000
2017-10-06,10958.1000,11020.1500,10939.7000,11007.0000
2017-10-07,10797.4000,10870.9000,10573.4500,10795.2000
2017-10-08,10820.0500,10834.8500,10526.2000,10606.5000
2017-10-09,11012.8500,11061.7000,10970.5500,11005.8000
2017-10-10,11033.7000,11065.6000,11013.7500,11029.8500
2017-10-11,11241.8500,11241.8500,11093.7000,11185.5000
2017-10-12,10989.0500,11080.0500,10938.0000,11072.2500
2017-10-13,11095.9500,11117.1500,11066.4000,11078.3000
2017-10-16,11135.8000,11225.6500,11126.9000,11216.8500
2017-10-17,11223.7500,11245.9500,11164.2000,11221.9000
2017-10-18,11230.5000,11230.5000,11125.1000,11167.8500
2017-10-19,11177.0000,11179.2500,11062.8500,11107.7000
2017-10-23,11130.5000,11180.1000,11033.8000,11109.9500
2017-10-24,11123.1000,11141.1500,11070.2500,11080.0000
2017-10-25,11160.6500,11167.1000,11081.2000,11150.3000
2017-10-26,11165.1000,11228.5500,11122.6000,11212.6000
2017-10-27,11257.5000,11364.8500,11254.0000,11317.9000
2017-10-30,11365.7500,11459.2000,11348.4000,11426.5000
2017-10-31,11451.2000,11453.4000,11346.7500,11370.0000
2017-11-01,9661.6000,9712.0500,9635.4500,9703.6500
2017-11-02,11351.7000,11351.7000,11272.8000,11282.8500
2017-11-03,11305.1500,11327.9000,11250.0000,11313.6500
2017-11-04,10036.8500,10060.5000,10012.8000,10040.0500
2017-11-05,10348.2500,10428.3500,10313.6000,10410.7500
2017-11-06,11313.3500,11518.7500,11297.3000,11463.2000
2017-11-07,11493.8000,11503.2500,11313.4500,11331.7500
2017-11-08,11337.2000,11400.6000,11200.7000,11254.1000
2017-11-09,11322.3500,11357.2000,11134.4000,11242.5000
2017-11-10,11241.8500,11241.8500,11093.7000,11185.5000
2017-11-12,11426.5500,11459.3000,11401.9000,11424.6000
2017-11-13,11212.1000,11251.5000,11118.0500,11134.0500
2017-11-14,11163.0500,11205.1000,11122.7000,11156.7000
2017-11-15,11151.7500,11211.7500,11072.3000,11103.6000
2017-11-16,11136.8000,11192.6500,11118.9500,11156.4000
2017-11-17,11255.9000,11281.2000,11219.3500,11252.1000
2017-11-20,11267.4500,11316.5500,11248.5500,11284.9500
2017-11-21,11321.1000,11365.7500,11290.3500,11325.9000
2017-11-22,11367.0500,11395.6500,11329.9500,11354.5500
2017-11-23,11378.6000,11379.4500,11278.4000,11326.7500
2017-11-24,11362.9500,11410.6000,11360.3500,11371.9500
2017-11-27,11363.4000,11412.9500,11336.4500,11402.7000
2017-11-28,11404.0500,11452.3000,11375.6500,11406.4000
2017-11-29,11432.4500,11457.3000,11404.7500,11427.9500
2017-11-30,11392.8500,11399.0000,11272.0500,11292.9000
2017-12-01,9732.3500,9740.6000,9644.9500,9676.9500
2017-12-04,10046.5000,10055.7000,9916.1500,9987.1500
2017-12-05,10453.3000,10461.1500,10359.6500,10429.2000
2017-12-06,11019.4500,11056.4500,10938.1500,10963.8500
2017-12-07,11059.4500,11277.5000,11049.5500,11235.6500
2017-12-08,11296.7000,11391.7500,11281.7500,11357.1500
2017-12-09,10899.0500,10972.9000,10848.7000,10965.9000
2017-12-10,10989.0500,11080.0500,10938.0000,11072.2500
2017-12-11,11426.5500,11459.3000,11401.9000,11424.6000
2017-12-12,11449.5000,11460.1500,11320.6000,11331.1000
2017-12-13,11321.3500,11374.6500,11231.7000,11264.6500
2017-12-14,11302.2000,11315.7500,11215.5000,11296.2000
2017-12-15,11383.6000,11474.1000,11383.4500,11448.4000
2017-12-18,11383.8500,11630.2000,11196.2000,11589.0500
2017-12-19,11633.9000,12007.9500,11630.7000,11991.9000
2017-12-20,12068.8000,12108.8000,11938.3500,11954.1000
2017-12-21,11985.8500,11991.6500,11854.2000,11876.8500
2017-12-22,11917.9000,11984.5000,11884.4000,11931.2000
2017-12-26,11958.8000,11973.8500,11894.3000,11959.1500
2017-12-27,11972.9500,11983.8000,11876.8500,11905.5000
2017-12-28,11921.1000,11933.4500,11831.8000,11857.6500
2017-12-29,11890.7000,12030.1000,11883.5500,12009.7000
2018-01-01,12029.4500,12052.3500,11870.6000,11890.5000
2018-01-02,11970.2000,11975.2000,11819.2000,11927.1500
2018-01-03,11972.6000,11978.1000,11843.2000,11866.8000
2018-01-04,11881.2500,11881.2500,11803.5000,11843.2500
2018-01-05,11894.3500,11953.0000,11874.6000,11929.6000
2018-01-06,11032.9000,11150.0000,11011.8000,11076.5500
2018-01-08,11973.7000,11989.6000,11938.4500,11974.5000
2018-01-09,11999.8000,12024.6500,11917.3500,11942.2500
2018-01-10,9589.6500,9679.8500,9400.8500,9659.5500
2018-01-11,11868.1500,11885.0000,11839.4000,11871.7500
2018-01-12,11912.8000,11946.4500,11809.0500,11908.4000
2018-01-15,11942.7000,11944.8500,11779.8000,11794.1000
2018-01-16,11806.3000,11825.9500,11621.0000,11646.2500
2018-01-17,11643.6500,11702.8500,11514.9500,11692.6000
2018-01-18,11736.1000,11797.7000,11625.0000,11662.1000
2018-01-19,11624.0000,11696.6500,11581.3500,11677.5500
2018-01-22,11683.1500,11726.0500,11659.8500,11690.8500
2018-01-23,11725.2000,11766.2000,11678.7500,11725.8000
2018-01-24,11716.9500,11755.3500,11640.5000,11654.6500
2018-01-25,11682.9500,11699.0500,11497.5500,11507.7500
2018-01-29,11593.5500,11724.5500,11590.4000,11678.4000
2018-01-30,11680.2500,11720.7000,11611.2500,11627.9000
2018-01-31,11627.0500,11665.6500,11571.7000,11611.9000
2018-02-01,11647.0500,11741.3500,11444.0000,11693.6000
2018-02-02,11649.3000,11665.2000,11278.8500,11301.9500
2018-02-04,10939.9000,11071.3000,10905.0500,11058.4500
2018-02-05,11740.5000,11760.8500,11493.5500,11508.2000
2018-02-06,10871.0500,11286.1500,10797.6500,11181.7000
2018-02-07,10793.2500,10826.0500,10646.2000,10665.8000
2018-02-08,10859.3500,10859.3500,10698.2500,10733.6500
2018-02-09,11188.3000,11289.4000,11157.1000,11234.7500
2018-02-11,8907.4000,9225.3500,8904.2000,9180.2000
2018-02-12,11338.9000,11404.1500,11304.3000,11364.7500
2018-02-14,11407.4000,11409.3500,11298.1000,11335.6500
2018-02-15,11377.2000,11387.4500,11274.1000,11306.8000
2018-02-16,11354.4000,11357.9500,11093.1500,11114.5500
2018-02-19,11148.7000,11155.0500,10903.0000,10976.6500
2018-02-20,10999.7000,11034.1000,10934.1000,10962.9000
2018-02-21,11040.5500,11040.5500,10901.0000,10942.2000
2018-02-22,10903.3500,10912.7500,10823.0500,10847.9500
2018-02-23,10889.5500,10941.5500,10857.1500,10927.0000
2018-02-26,10993.9000,11194.8500,10985.9000,11171.6500
2018-02-27,11254.3000,11263.0000,11136.4500,11165.2500
2018-02-28,11095.3000,11203.3000,11030.8500,11157.2000
2018-03-01,11168.9500,11231.9000,11134.5000,11146.7000
2018-03-04,11071.2500,11167.1500,11052.3000,11153.4500
2018-03-05,11121.2500,11121.2500,10955.3000,10971.6000
2018-03-06,11040.4500,11049.8500,10795.4500,10821.3500
2018-03-07,10693.4500,10803.4500,10652.9000,10779.1500
2018-03-08,10772.5500,10834.8000,10764.5500,10775.3000
2018-03-09,11083.7000,11103.5000,10911.9000,10935.6500
2018-03-10,9640.8500,9640.8500,9346.9000,9375.3000
2018-03-12,9311.6500,9311.6500,9214.1000,9260.6000
2018-03-13,11035.2000,11109.8500,11006.4000,11064.3000
2018-03-14,11022.8000,11075.3500,10993.5500,11060.6000
2018-03-15,11060.9500,11114.4000,11025.5000,11051.7500
2018-03-16,11059.3500,11064.4000,10837.6000,10861.4000
2018-03-19,10887.8000,10910.5000,10766.1000,10787.0000
2018-03-20,10760.5000,10864.6000,10744.3500,10848.6000
2018-03-21,10890.7500,10938.0500,10817.0000,10833.6000
2018-03-22,10864.6500,10887.8000,10727.7000,10737.1500
2018-03-23,10591.6000,10658.0500,10560.1500,10637.7000
2018-03-26,10630.6500,10815.6000,10569.2500,10801.0000
2018-03-27,10852.8500,10874.2000,10801.0000,10843.7500
2018-03-28,10803.5500,10911.7000,10787.0500,10821.3500
2018-04-01,11881.2500,11881.2500,11803.5000,11843.2500
2018-04-02,10939.9000,11071.3000,10905.0500,11058.4500
2018-04-03,11071.2500,11167.1500,11052.3000,11153.4500
2018-04-04,11230.5500,11372.5000,11164.9000,11198.0500
2018-04-05,11332.7000,11435.3000,11326.1000,11406.1500
2018-04-06,11428.0500,11462.2000,11320.7000,11444.1500
2018-04-07,10805.0500,10926.7000,10733.9500,10914.3500
2018-04-09,11446.1500,11508.7500,11435.4500,11472.3500
2018-04-10,11485.7000,11510.7000,11374.2500,11386.6500
2018-04-11,11425.9500,11461.3500,11322.6000,11453.6000
2018-04-12,9274.2500,9276.8500,9199.0000,9212.2000
2018-04-13,11506.7000,11536.4500,11431.0500,11465.3000
2018-04-16,11399.0500,11515.9500,11384.2500,11504.9500
2018-04-17,11567.5000,11568.6500,11456.4500,11472.3500
2018-04-18,11505.6500,11521.3500,11394.1000,11411.8000
2018-04-19,11460.9500,11468.3000,11411.5500,11431.6500
2018-04-20,11406.1500,11449.9500,11398.0500,11440.1000
2018-04-23,11461.4500,11530.2500,11426.8000,11497.2000
2018-04-24,11513.8500,11563.0000,11479.1500,11522.6000
2018-04-25,11529.7500,11551.6500,11472.2000,11503.5000
2018-04-26,11535.9000,11560.0500,11494.7500,11534.8000
2018-04-27,11588.3000,11699.0000,11557.3500,11581.8000
2018-04-30,11624.5500,11675.1500,11602.0000,11625.7500
2018-05-01,11894.3500,11953.0000,11874.6000,11929.6000
2018-05-02,11740.5000,11760.8500,11493.5500,11508.2000
2018-05-03,11121.2500,11121.2500,10955.3000,10971.6000
2018-05-04,11472.0500,11473.5000,11314.8500,11323.7000
2018-05-06,11019.7000,11032.3000,10950.3500,10986.9500
2018-05-07,11382.5500,11504.2000,11366.0500,11489.6000
2018-05-08,11516.3000,11517.5000,11404.8000,11437.2000
2018-05-09,10732.7000,10826.2000,10636.6500,10788.4000
2018-05-10,11466.2000,11488.4500,11330.1000,11346.4000
2018-05-11,11385.3000,11395.1000,11307.9500,11373.2000
2018-05-12,9164.5000,9164.5000,8977.7500,8992.9000
2018-05-14,11402.6000,11404.3500,11258.6000,11273.7500
2018-05-15,11275.6500,11346.8000,11131.2000,11186.8000
2018-05-16,11149.4000,11231.2500,11085.1500,11164.7000
2018-05-17,11195.7000,11214.9500,11135.9000,11154.8000
2018-05-18,11167.3000,11177.3000,10937.2000,10962.7500
2018-05-21,10950.8000,10955.5000,10713.8500,10732.9000
2018-05-22,10715.5000,10945.6500,10690.5500,10913.4500
2018-05-23,10922.6000,10940.5500,10831.8000,10860.6000
2018-05-24,10831.4500,10881.8500,10652.6500,10681.6000
2018-05-25,10704.7500,10903.2500,10683.0000,10883.0000
2018-05-28,10913.6000,11036.5000,10902.1500,11007.1500
2018-05-29,11030.1500,11107.0000,10975.9000,11051.1500
2018-05-30,11002.7500,11049.3500,10946.3000,11024.1500
2018-05-31,11072.1000,11075.5500,10950.1500,10994.4500
2018-06-01,11032.9000,11150.0000,11011.8000,11076.5500
2018-06-02,10871.0500,11286.1500,10797.6500,11181.7000
2018-06-03,11040.4500,11049.8500,10795.4500,10821.3500
2018-06-04,11428.0500,11462.2000,11320.7000,11444.1500
2018-06-05,11019.7000,11032.3000,10950.3500,10986.9500
2018-06-06,11031.4500,11170.8500,10972.3000,11155.8500
2018-06-07,10928.4000,11123.3500,10911.9000,11067.8500
2018-06-08,10811.9000,10857.8500,10769.4500,10822.8000
2018-06-09,10864.6500,10864.6500,10721.3000,10798.5500
2018-06-11,9198.8500,9255.1000,9093.7000,9130.4500
2018-06-12,8928.4500,8933.4500,8771.9500,8791.4000
2018-06-13,11282.5000,11310.8500,11225.8000,11236.2000
2018-06-14,11215.5500,11257.3500,11172.8500,11243.0000
2018-06-15,11254.5000,11255.3000,11128.3500,11173.0500
2018-06-18,11184.0000,11262.4000,11171.6000,11203.4500
2018-06-19,11197.6000,11197.6000,11056.8500,11080.3500
2018-06-20,11104.4500,11163.8000,11077.8500,11137.3500
2018-06-21,11177.3500,11184.2500,11020.3000,11033.2000
2018-06-22,11031.9500,11101.1500,10986.6500,11088.5000
2018-06-25,11087.1500,11087.1500,10894.8000,10910.4500
2018-06-26,10892.7500,10921.2500,10831.4000,10852.1000
2018-06-27,10875.7000,10885.9500,10691.9000,10716.2000
2018-06-28,10713.2000,10761.3500,10610.5500,10632.6000
2018-06-29,10660.9500,10725.6000,10648.7500,10709.0500
2018-07-02,10793.2500,10826.0500,10646.2000,10665.8000
2018-07-03,10810.9500,10860.5500,10762.2500,10788.5500
2018-07-04,10805.0500,10926.7000,10733.9500,10914.3500
2018-07-05,10905.5000,10946.9500,10852.8500,10925.7500
2018-07-06,10928.4000,11123.3500,10911.9000,11067.8500
2018-07-08,10873.0000,10890.2000,10812.4500,10855.6500
2018-07-09,11166.4500,11190.5000,11124.4000,11135.6500
2018-07-10,11185.3000,11250.2000,11157.6500,11239.2000
2018-07-11,11223.0500,11253.2500,11115.3500,11127.4000
2018-07-12,11196.3000,11206.9500,11021.9500,11038.0000
2018-07-13,11091.5500,11100.5500,10967.0500,11003.0500
2018-07-16,10995.9500,10996.2500,10819.2000,10835.1500
2018-07-17,10832.9000,10981.4500,10802.7500,10965.6500
2018-07-18,11010.8500,11026.2500,10790.9000,10808.6000
2018-07-19,10852.0000,10900.9000,10778.8500,10799.0000
2018-07-20,10803.1000,10845.1000,10700.1500,10752.7000
2018-07-23,10788.9500,10788.9500,10600.0000,10770.6000
2018-07-24,10798.1000,10917.3500,10738.7000,10861.3000
2018-07-25,10895.9000,10929.7000,10780.3000,10809.9500
2018-07-26,10853.9000,10912.0500,10756.5500,10770.0000
2018-07-27,10804.1500,10882.4500,10784.3000,10874.8000
2018-07-30,10906.2500,10945.3000,10840.2500,10925.0500
2018-07-31,10946.5000,10988.4500,10888.4500,10973.7500
2018-08-01,11973.7000,11989.6000,11938.4500,11974.5000
2018-08-02,11280.9500,11384.1000,11240.9500,11344.2000
2018-08-03,10772.5500,10834.8000,10764.5500,10775.3000
2018-08-05,11516.3000,11517.5000,11404.8000,11437.2000
2018-08-06,11217.9500,11240.0500,11169.5000,11226.1000
2018-08-07,10873.0000,10890.2000,10812.4500,10855.6500
2018-08-08,10901.0500,10901.5500,10797.7000,10821.2000
2018-08-09,10853.5000,10854.4500,10794.4500,10813.8000
2018-08-10,8907.0000,9011.5000,8747.2500,8969.1000
2018-08-13,10802.3000,10834.4500,10707.5000,10756.7000
2018-08-14,10772.1000,10829.1500,10751.7500,10803.1500
2018-08-16,10767.5000,10891.4000,10744.6500,10830.9500
2018-08-17,10891.7500,10936.5000,10865.0000,10878.7000
2018-08-20,10934.9500,11016.9500,10915.7000,10997.9000
2018-08-21,11038.6500,11074.0000,10967.6000,10979.2500
2018-08-23,10995.8500,11003.5500,10896.2500,10959.6000
2018-08-24,10958.9000,10997.4500,10895.1500,10903.0000
2018-08-27,10966.6500,11009.9500,10956.1000,10993.5500
2018-08-28,11038.4500,11071.2500,10980.9000,11044.1500
2018-08-29,11058.3500,11105.5000,11039.2000,11057.1500
2018-08-30,11073.2000,11077.7000,10995.1500,11007.6000
2018-08-31,11012.1500,11080.5500,10959.7000,11009.2500
2018-09-01,11999.8000,12024.6500,11917.3500,11942.2500
2018-09-02,11188.3000,11289.4000,11157.1000,11234.7500
2018-09-03,11083.7000,11103.5000,10911.9000,10935.6500
2018-09-04,11446.1500,11508.7500,11435.4500,11472.3500
2018-09-05,11431.3500,11483.7500,11402.7000,11419.7500
2018-09-06,10864.6500,10864.6500,10721.3000,10798.5500
2018-09-07,11166.4500,11190.5000,11124.4000,11135.6500
2018-09-08,10853.5000,10854.4500,10794.4500,10813.8000
2018-09-10,8935.1000,8960.7500,8672.2000,8732.9000
2018-09-11,9234.2000,9345.3500,9185.6500,9277.7500
2018-09-12,10719.3000,10727.8000,10529.6500,10692.7500
2018-09-14,10772.0000,10857.2000,10759.9000,10826.7000
2018-09-17,10772.2500,10791.1500,10695.1500,10730.8000
2018-09-18,10717.1000,10757.5500,10554.1000,10565.6500
2018-09-19,10609.0000,10655.1500,10484.8000,10527.9000
2018-09-21,10616.7500,10635.6500,9934.8500,10407.4000
2018-09-24,10413.4500,10419.8500,9973.1500,10001.0000
2018-09-25,9987.7000,10136.1000,9852.2500,10100.4500
2018-09-26,10186.6500,10199.7500,9971.6000,10002.2000
2018-09-27,10022.8000,10056.2500,9791.6500,9815.4000
2018-09-28,9863.1000,9896.9000,9456.6000,9590.2500
2018-10-01,9589.6500,9679.8500,9400.8500,9659.5500
2018-10-03,9640.8500,9640.8500,9346.9000,9375.3000
2018-10-04,11485.7000,11510.7000,11374.2500,11386.6500
2018-10-05,9130.2500,9200.5000,8837.3500,8915.1000
2018-10-07,11185.3000,11250.2000,11157.6500,11239.2000
2018-10-08,10825.4500,10889.6000,10792.7500,10839.4500
2018-10-09,11019.2500,11023.2500,10825.8000,10843.9000
2018-10-10,8784.3500,8981.2500,8777.1000,8961.9500
2018-10-11,8699.5000,8871.3500,8599.4500,8739.5000
2018-10-12,8847.4500,9123.5500,8835.4500,9084.4500
2018-10-15,9148.1000,9151.5000,8953.0500,9034.6000
2018-10-16,9072.7000,9181.1500,9055.4500,9102.9000
2018-10-17,9206.5500,9216.5500,8820.4000,8834.7000
2018-10-19,8772.9500,8819.9500,8614.5000,8690.2500
2018-10-22,8774.3000,8791.0500,8652.6000,8700.4500
2018-10-23,8648.0500,8719.0500,8577.7500,8649.1500
2018-10-24,8758.2000,8787.1500,8569.8500,8663.9000
2018-10-25,8573.0000,8640.2500,8507.7000,8580.9500
2018-10-26,8590.6500,8686.4500,8497.7000,8578.0500
2018-10-29,8615.2500,8739.2000,8574.1500,8723.9000
2018-10-30,8745.8000,8840.0000,8709.0500,8744.6000
2018-10-31,8785.3000,8833.8500,8600.5500,8820.5500
2018-11-01,8874.7500,8922.0000,8784.6000,8814.2000
2018-11-02,8907.4000,9225.3500,8904.2000,9180.2000
2018-11-04,11425.9500,11461.3500,11322.6000,11453.6000
2018-11-05,9199.9000,9223.2000,9106.9500,9153.6500
2018-11-06,11259.0500,11278.1500,11220.9500,11239.7000
2018-11-07,11223.0500,11253.2500,11115.3500,11127.4000
2018-11-09,10885.3000,10905.8500,10656.7500,10681.4000
2018-11-10,8699.5000,8871.3500,8599.4500,8739.5000
2018-11-12,8671.8500,8880.6000,8650.9500,8846.8000
2018-11-13,8979.5000,9142.0500,8961.6000,9126.9000
2018-11-14,9150.8000,9225.7500,9029.6500,9051.4000
2018-11-15,9086.9000,9144.1000,9030.3500,9108.2500
2018-11-16,9128.5000,9183.4000,9068.4500,9112.3500
2018-11-19,9159.2000,9225.9000,9140.9500,9207.6500
2018-11-20,9200.8000,9238.3500,9114.4000,9133.6500
2018-11-21,9154.7500,9178.7500,9084.7500,9119.3000
2018-11-22,9126.1000,9137.6500,9043.4000,9062.6500
2018-11-26,9089.4000,9174.5000,9006.0500,9158.8000
2018-11-27,9154.1500,9173.7500,9098.6000,9165.0000
2018-11-28,9189.5500,9227.6000,9081.9500,9096.4500
2018-11-29,9166.6000,9236.0500,9128.0500,9202.1000
2018-11-30,9205.5500,9292.5000,9196.3500,9270.2000
2018-12-01,11912.8000,11946.4500,11809.0500,11908.4000
2018-12-02,11338.9000,11404.1500,11304.3000,11364.7500
2018-12-03,9311.6500,9311.6500,9214.1000,9260.6000
2018-12-04,11466.0000,11487.6500,11429.9000,11459.5500
2018-12-05,9164.5000,9164.5000,8977.7500,8992.9000
2018-12-06,11264.6500,11286.4500,11231.1000,11243.4000
2018-12-07,11196.3000,11206.9500,11021.9500,11038.0000
2018-12-09,10719.3000,10727.8000,10529.6500,10692.7500
2018-12-10,8847.4500,9123.5500,8835.4500,9084.4500
2018-12-11,8671.8500,8880.6000,8650.9500,8846.8000
2018-12-12,8889.4000,9175.7000,8866.6500,9166.1500
2018-12-13,9200.0000,9307.7000,9188.7000,9254.2000
2018-12-14,9250.8000,9314.4000,9202.9000,9271.5000
2018-12-17,9304.6500,9364.5000,9278.3000,9335.8000
2018-12-18,9306.6500,9416.8500,9283.7000,9403.8000
2018-12-19,9443.0500,9516.0500,9418.4500,9507.7000
2018-12-20,9454.1500,9537.4000,9418.8500,9524.5500
2018-12-21,9545.3000,9579.6000,9317.0000,9337.2500
2018-12-24,9345.3500,9345.8500,9194.5000,9206.7500
2018-12-26,9163.6500,9270.3000,9058.7000,9227.0000
2018-12-27,9308.6000,9315.6500,9166.2500,9184.1000
2018-12-28,9227.2000,9282.8000,9214.2000,9223.8000
2018-12-31,9285.8000,9304.2000,9224.2500,9235.5500
2019-01-01,9244.0000,9244.0000,9139.4500,9182.4500
2019-01-02,8265.5000,8657.8000,8254.1500,8441.2500
2019-01-03,8408.3000,8440.2500,8362.8000,8413.6500
2019-01-04,8407.5000,8492.3500,8394.7000,8414.3500
2019-01-07,7981.8500,8047.0500,7965.2000,8029.1500
2019-01-08,8813.9000,8882.3000,8781.8000,8859.6500
2019-01-09,8893.9000,8925.6000,8827.9000,8907.1000
2019-01-10,7513.0500,7593.7000,7353.8000,7464.1000
2019-01-11,8461.6500,8499.1000,8367.3000,8392.9000
2019-01-14,8859.1000,8863.5500,8752.1000,8849.7000
2019-01-15,8877.3500,8902.3000,8845.5000,8888.4000
2019-01-16,8894.1000,8916.4000,8856.7500,8866.7500
2019-01-17,8893.2000,8920.8000,8850.2500,8878.2000
2019-01-18,8898.9500,8907.6500,8806.0500,8844.8000
2019-01-21,8859.6500,8867.2000,8725.2500,8746.8500
2019-01-22,8726.0500,8726.0500,8580.0000,8675.1500
2019-01-23,8679.8500,8693.7000,8594.2000,8612.2500
2019-01-24,8623.2000,8632.1000,8510.4000,8537.2500
2019-01-25,8538.7000,8587.7000,8241.1000,8259.8000
2019-01-28,8259.5500,8264.6000,8092.8500,8143.0000
2019-01-29,8127.6500,8178.7500,8059.4500,8120.4500
2019-01-30,8149.2500,8176.4500,8080.2000,8118.4000
2019-01-31,8145.1500,8236.5500,8083.9000,8218.4000
2019-02-01,9121.9500,9121.9500,8885.3000,8902.6500
2019-02-04,8444.7500,8446.0000,8325.7500,8395.5500
2019-02-05,8410.6000,8489.7000,8408.2500,8468.3000
2019-02-06,8490.2000,8593.5500,8441.5000,8567.4000
2019-02-07,8584.6000,8756.2500,8581.0000,8736.7000
2019-02-08,8639.9500,8643.8500,8399.9000,8420.3500
2019-02-11,8364.5500,8365.9000,8257.9000,8320.3000
2019-02-12,8312.5000,8344.8500,8259.2000,8278.1000
2019-02-13,8300.3000,8310.6000,8161.3000,8177.5500
2019-02-14,8178.1000,8268.3500,8166.7000,8223.3500
2019-02-15,8228.2000,8236.7000,8057.1500,8132.5500
2019-02-18,8156.9000,8156.9000,8035.5500,8067.7000
2019-02-19,8089.3000,8162.2000,8061.8500,8073.4000
2019-02-20,8111.7000,8132.4500,8072.9000,8121.5000
2019-02-21,8136.6500,8175.5500,8056.4500,8156.7500
2019-02-22,8178.2000,8289.2500,8156.5000,8278.9500
2019-02-25,8309.9000,8381.4000,8307.5500,8371.4500
2019-02-26,8315.9500,8442.0000,8234.5500,8399.1000
2019-02-27,8443.3000,8533.1500,8343.6500,8420.0500
2019-02-28,8486.2000,8486.2000,8343.8000,8355.1500
2019-03-01,8900.0500,8959.3500,8755.7500,8767.3500
2019-03-04,8523.2000,8572.6500,8462.9000,8480.6500
2019-03-05,8417.3500,8698.2000,8376.7000,8676.6000
2019-03-06,8702.5500,8706.8000,8599.4000,8651.7500
2019-03-07,8063.2500,8090.0000,8024.6500,8039.5000
2019-03-08,8609.1500,8632.9000,8565.7500,8582.6000
2019-03-09,6921.7500,6962.7500,6884.7500,6897.7500
2019-03-10,7458.4000,7521.9500,7431.7500,7493.7500
2019-03-11,8610.0000,8793.5500,8607.8500,8782.7000
2019-03-12,8834.8500,8872.1500,8775.4500,8802.9000
2019-03-13,8819.9500,8836.2500,8748.3000,8767.5500
2019-03-14,8775.9000,8787.3500,8670.8000,8725.5000
2019-03-15,8750.3500,8796.5000,8723.4500,8748.0500
2019-03-18,8764.5000,8766.5000,8589.1000,8627.0500
2019-03-19,8624.0500,8624.1000,8520.3000,8567.0500
2019-03-20,8572.9000,8573.1000,8428.6500,8445.1000
2019-03-22,8432.1500,8508.0500,8319.4500,8336.6000
2019-03-25,8281.5000,8297.5000,8218.6000,8238.5500
2019-03-26,8269.0500,8297.9500,8219.0500,8287.2500
2019-03-27,8325.6500,8334.6000,8205.3000,8215.3500
2019-03-28,8222.4000,8260.7500,8194.6000,8234.2500
2019-03-29,8257.3000,8381.0500,8236.3500,8335.3500
2019-04-01,8407.5000,8492.3500,8394.7000,8414.3500
2019-04-02,8441.1500,8515.9000,8429.0500,8504.3000
2019-04-03,8523.2000,8572.6500,8462.9000,8480.6500
2019-04-04,8520.5500,8546.1500,8484.9500,8536.3500
2019-04-05,8566.6500,8604.1500,8526.2500,8564.6000
2019-04-06,8320.4000,8358.0000,8283.4500,8300.2000
2019-04-07,8053.6500,8099.0500,8031.4000,8077.2000
2019-04-08,8590.2500,8597.2500,8483.9500,8526.3000
2019-04-09,6902.9500,6932.6500,6744.7500,6782.0500
2019-04-10,8625.3500,8667.7000,8583.2000,8644.5000
2019-04-11,8644.6000,8702.9500,8639.1000,8690.0500
2019-04-12,8698.8000,8785.7500,8665.0000,8777.4500
2019-04-15,8805.4000,8922.1000,8804.0000,8911.6000
2019-04-16,8956.0000,9002.7500,8928.3000,8983.5500
2019-04-18,9034.9500,9059.3500,8952.5500,8972.6500
2019-04-22,8937.9000,8944.0500,8802.5000,8813.9000
2019-04-23,8823.5500,8853.8000,8666.8000,8682.9000
2019-04-24,8701.4500,8726.5000,8557.1000,8646.0500
2019-04-25,8657.8500,8670.1000,8573.8000,8587.9000
2019-04-26,8562.7000,8578.9500,8458.5000,8493.8000
2019-04-30,8441.6000,8458.1000,8293.9500,8350.6000
2019-05-02,8410.6000,8489.7000,8408.2500,8468.3000
2019-05-03,8417.3500,8698.2000,8376.7000,8676.6000
2019-05-04,8566.6500,8604.1500,8526.2500,8564.6000
2019-05-06,8303.6500,8319.3000,8260.2000,8268.4500
2019-05-07,8091.4500,8097.1000,7810.5000,7849.1000
2019-05-08,6859.8500,6900.8500,6751.0000,6844.6000
2019-05-09,8077.7500,8131.1000,8049.8000,8103.5000
2019-05-10,8111.1500,8147.9500,8070.7500,8093.2000
2019-05-11,8288.7500,8381.2000,8227.8500,8256.1500
2019-05-12,8015.3000,8045.5000,7928.1500,7941.8000
2019-05-13,8081.8500,8098.7000,7911.4500,7938.6500
2019-05-14,7890.5500,7988.5000,7855.9000,7955.5000
2019-05-15,7983.9000,8021.0500,7840.1000,7856.8500
2019-05-16,7900.5500,7917.5000,7821.7500,7891.9000
2019-05-17,7900.2000,8115.8000,7884.1500,8085.7500
2019-05-20,8282.3000,8438.5500,8221.3000,8422.1000
2019-05-21,8430.3000,8436.4000,8172.6500,8209.4500
2019-05-22,8230.4500,8271.7500,8154.0000,8246.5500
2019-05-23,8366.6500,8415.1500,8182.4000,8216.9000
2019-05-24,8269.9500,8475.7000,8217.2500,8460.2500
2019-05-27,8466.3500,8517.6000,8382.0500,8462.2000
2019-05-28,8478.2000,8515.0500,8382.2000,8398.2000
2019-05-29,8385.0500,8385.2500,8251.5500,8281.9000
2019-05-30,8271.0000,8284.2500,8220.5000,8235.7000
2019-05-31,8270.0500,8314.4000,8151.7500,8175.5000
2019-06-02,8490.2000,8593.5500,8441.5000,8567.4000
2019-06-03,8145.4500,8345.2500,8107.3000,8328.2000
2019-06-04,8320.4000,8358.0000,8283.4500,8300.2000
2019-06-05,8303.6500,8319.3000,8260.2000,8268.4500
2019-06-06,8329.6000,8350.5500,8174.6000,8226.4500
2019-06-07,8245.8000,8252.6500,8129.8500,8192.0000
2019-06-08,6802.0500,6956.5000,6801.9000,6942.4500
2019-06-09,6947.9500,7119.1500,6920.3500,7102.4500
2019-06-10,8239.2500,8261.1000,8163.6500,8216.6500
2019-06-11,8273.3000,8304.1000,8195.6000,8258.8500
2019-06-12,7964.2000,7971.8000,7781.0500,7806.6000
2019-06-13,8133.4500,8150.6000,8060.5000,8116.9500
2019-06-14,8102.0500,8126.3500,8013.7500,8031.6000
2019-06-17,8037.8000,8043.8000,7878.9500,7896.1000
2019-06-18,7901.3000,7953.1500,7815.5500,7859.3500
2019-06-19,7904.0000,7931.1500,7727.8500,7772.2000
2019-06-20,7758.8000,7981.4500,7722.6500,7965.4500
2019-06-21,7921.8000,7937.5000,7840.3500,7868.2500
2019-06-24,7855.6500,7868.8500,7761.7500,7832.3000
2019-06-25,7811.6500,7890.5500,7793.9000,7878.2500
2019-06-26,7863.8500,7922.8500,7847.8000,7883.5500
2019-06-27,7903.3500,8021.2500,7901.0500,7971.4500
2019-06-28,7984.0500,8004.1000,7918.6500,7928.0500
2019-07-01,8891.9000,8901.6000,8809.9000,8820.0000
2019-07-02,8017.0000,8057.8500,7959.9500,8045.6500
2019-07-03,8063.2500,8090.0000,8024.6500,8039.5000
2019-07-04,8053.6500,8099.0500,8031.4000,8077.2000
2019-07-05,8091.4500,8097.1000,7810.5000,7849.1000
2019-07-06,8245.8000,8252.6500,8129.8500,8192.0000
2019-07-08,7794.2500,7794.2500,7564.4000,7593.3000
2019-07-09,7591.5000,7630.7000,7538.6500,7593.3000
2019-07-10,7593.1500,7609.7000,7484.3500,7511.1500
2019-07-11,7552.0500,7665.9000,7504.4500,7650.9500
2019-07-12,7641.8000,7719.0000,7603.7500,7653.6500
2019-07-15,7659.6500,7709.7000,7628.7000,7674.2500
2019-07-16,7633.3000,7739.1500,7602.6000,7727.1000
2019-07-17,7719.1000,7738.8000,7638.3500,7648.1500
2019-07-18,7632.1000,7638.0500,7427.2000,7438.7000
2019-07-19,7462.6000,7475.2000,7180.0500,7192.7500
2019-07-22,7203.7500,7291.8500,7146.8000,7220.2500
2019-07-23,7234.3500,7235.5000,7157.3000,7176.6500
2019-07-24,7162.8500,7174.9000,7017.0000,7036.7000
2019-07-25,7040.4000,7086.4500,6996.3000,7010.5500
2019-07-26,6979.8500,7227.6500,6968.0500,7161.5000
2019-07-29,7123.5500,7127.1500,6896.2500,6905.7000
2019-07-30,6907.9500,6954.2000,6747.4000,6763.7500
2019-07-31,6762.1500,6883.4000,6727.5500,6851.6500
2019-08-01,6806.7000,6883.3500,6764.2000,6856.1000
2019-08-02,6791.7500,6971.0500,6732.6500,6933.7500
2019-08-03,8609.1500,8632.9000,8565.7500,8582.6000
2019-08-04,8590.2500,8597.2500,8483.9500,8526.3000
2019-08-05,8183.9000,8193.9500,8086.0000,8095.9000
2019-08-06,6802.0500,6956.5000,6801.9000,6942.4500
2019-08-07,6951.1500,6964.1500,6768.9000,6792.6000
2019-08-08,6792.4000,7019.2500,6784.8000,6998.4500
2019-08-09,7032.6500,7175.1000,7005.7500,7137.4000
2019-08-11,8220.2000,8337.3000,8157.4000,8169.6500
2019-08-13,7137.2500,7137.2500,6840.3000,6855.7500
2019-08-14,6876.9500,6985.8500,6811.0000,6919.0500
2019-08-16,6883.7000,7013.7500,6772.1000,6998.4500
2019-08-19,7019.1500,7042.9500,6938.5000,6959.1500
2019-08-20,6979.4000,7067.8500,6940.6000,7040.5000
2019-08-21,7053.0500,7094.2500,6967.6000,7001.8500
2019-08-22,6990.0500,6991.5500,6864.9500,6882.1000
2019-08-23,6864.0000,7003.8000,6801.0000,6988.3500
2019-08-26,7202.7000,7202.7000,6871.0500,7022.7500
2019-08-27,7069.7000,7185.0000,7055.9000,7152.9500
2019-08-28,7148.2000,7186.1000,6985.3000,7018.5500
2019-08-29,7000.6000,7043.9000,6944.1000,6970.1500
2019-08-30,7004.5000,7029.1500,6901.6500,7009.3000
2019-09-01,8893.9000,8925.6000,8827.9000,8907.1000
2019-09-03,6921.7500,6962.7500,6884.7500,6897.7500
2019-09-04,6902.9500,6932.6500,6744.7500,6782.0500
2019-09-05,8077.7500,8131.1000,8049.8000,8103.5000
2019-09-06,6947.9500,7119.1500,6920.3500,7102.4500
2019-09-07,7591.5000,7630.7000,7538.6500,7593.3000
2019-09-08,7032.6500,7175.1000,7005.7500,7137.4000
2019-09-09,7023.9000,7178.6000,6992.8500,7165.3500
2019-09-10,7363.9000,7473.3000,7331.6500,7460.7500
2019-09-11,7193.1500,7443.9000,7177.9000,7423.6000
2019-09-12,7420.5500,7459.1500,7270.6500,7284.0000
2019-09-13,7307.7500,7372.7500,7249.7500,7360.6000
2019-09-16,7286.7500,7384.6500,7263.4000,7300.6500
2019-09-17,7308.6500,7324.7000,7004.3500,7020.7500
2019-09-18,7068.1500,7111.5500,6924.2000,7012.1000
2019-09-19,7033.7000,7051.7500,6886.8500,6920.6000
2019-09-20,6955.5500,7778.1500,6936.2000,7605.8500
2019-09-23,7714.0000,7939.2500,7654.4000,7802.6500
2019-09-24,7854.1000,7921.4000,7700.6500,7773.2500
2019-09-25,7747.7000,7747.7000,7437.6500,7470.4500
2019-09-26,7501.4500,7680.1000,7491.0500,7659.7500
2019-09-27,7628.5500,7648.8500,7528.3000,7554.2500
2019-09-30,7568.2500,7572.1000,7395.5000,7493.1500
2019-10-01,8924.6500,8964.1500,8908.0500,8933.3500
2019-10-03,7458.4000,7521.9500,7431.7500,7493.7500
2019-10-04,8625.3500,8667.7000,8583.2000,8644.5000
2019-10-05,8111.1500,8147.9500,8070.7500,8093.2000
2019-10-06,8239.2500,8261.1000,8163.6500,8216.6500
2019-10-07,7385.8500,7397.0000,7296.5000,7355.4500
2019-10-09,7363.9000,7473.3000,7331.6500,7460.7500
2019-10-10,7440.8000,7445.8000,7332.9500,7359.6500
2019-10-11,7386.6500,7457.8500,7322.3000,7397.0500
2019-10-12,7888.7000,7902.8000,7778.5000,7801.3500
2019-10-14,7401.5000,7559.6000,7397.8000,7520.3500
2019-10-15,7522.0000,7701.9500,7510.1000,7688.2500
2019-10-16,7709.8000,7720.4000,7642.8000,7673.8000
2019-10-17,7676.5500,7954.2000,7655.5000,7914.0000
2019-10-18,7900.1500,8007.1500,7848.9500,7964.7500
2019-10-22,7961.1500,8027.8000,7920.0000,7936.6500
2019-10-23,7915.6000,8071.1500,7879.4000,8036.6000
2019-10-24,8060.3500,8103.1000,7965.5500,8012.4000
2019-10-25,8032.4500,8034.3500,7927.7500,7986.3500
2019-10-27,8086.4000,8135.1500,8071.2500,8102.0000
2019-10-29,8133.2500,8479.0500,8128.5000,8449.7500
2019-10-30,8501.1500,8501.1500,8360.7500,8428.9000
2019-10-31,8457.4500,8499.7000,8427.7500,8449.5000
2019-11-01,8461.6500,8499.1000,8367.3000,8392.9000
2019-11-02,8364.5500,8365.9000,8257.9000,8320.3000
2019-11-03,8610.0000,8793.5500,8607.8500,8782.7000
2019-11-04,8377.1000,8417.8000,8266.6500,8280.3500
2019-11-05,8288.7500,8381.2000,8227.8500,8256.1500
2019-11-06,8273.3000,8304.1000,8195.6000,8258.8500
2019-11-07,8273.7500,8276.2500,8164.9000,8239.9000
2019-11-08,8220.2000,8337.3000,8157.4000,8169.6500
2019-11-09,7193.1500,7443.9000,7177.9000,7423.6000
2019-11-10,7386.6500,7457.8500,7322.3000,7397.0500
2019-11-11,8134.1000,8209.3000,8115.9500,8159.0000
2019-11-12,7823.3000,7846.6500,7773.6000,7838.4000
2019-11-13,8146.5500,8211.6500,8135.1000,8150.2000
2019-11-14,8155.9500,8205.0500,8125.0000,8190.9000
2019-11-15,8259.7500,8297.1500,8130.2000,8153.9000
2019-11-18,8179.1500,8188.8500,8105.7500,8119.0000
2019-11-19,8150.9000,8152.8000,8052.0500,8063.9500
2019-11-20,8088.0500,8132.6000,8039.8000,8083.8000
2019-11-21,8082.4000,8121.0500,7998.7500,8004.6500
2019-11-22,8015.5000,8047.1500,7973.3500,8034.9500
2019-11-25,8045.0000,8189.6000,8024.1000,8174.7500
2019-11-26,8197.3500,8227.0000,8085.5000,8099.9000
2019-11-27,8160.6000,8247.6500,8157.1000,8202.8500
2019-11-28,8213.9500,8223.1500,8150.2000,8179.7500
2019-11-29,8172.8000,8182.4500,8066.9500,8086.0000
2019-12-02,8070.7000,8087.3500,7995.1500,8012.7500
2019-12-03,8834.8500,8872.1500,8775.4500,8802.9000
2019-12-04,8698.8000,8785.7500,8665.0000,8777.4500
2019-12-05,8015.3000,8045.5000,7928.1500,7941.8000
2019-12-06,8229.9000,8238.7500,8131.2000,8146.9500
2019-12-07,7641.8000,7719.0000,7603.7500,7653.6500
2019-12-09,7420.5500,7459.1500,7270.6500,7284.0000
2019-12-10,7888.7000,7902.8000,7778.5000,7801.3500
2019-12-11,7823.3000,7846.6500,7773.6000,7838.4000
2019-12-12,7878.4000,7967.2500,7866.0500,7941.7000
2019-12-13,7989.5500,8090.7500,7986.6500,8069.7000
2019-12-16,8087.7500,8109.0500,7981.9500,7990.8000
2019-12-17,8028.1000,8068.1000,8013.8500,8039.9000
2019-12-18,8061.0000,8111.9500,8039.2500,8082.3500
2019-12-19,8082.2000,8183.5500,8058.4000,8165.5000
2019-12-20,8169.9000,8219.6000,8121.2000,8133.5500
2019-12-23,8137.8500,8212.4500,8120.7500,8180.5000
2019-12-24,8206.1000,8228.4500,8142.6000,8152.6000
2019-12-26,8166.3500,8176.3000,8120.4500,8129.6500
2019-12-27,8155.4000,8226.2500,8145.4000,8205.9000
2019-12-30,8232.0500,8337.9000,8218.8000,8325.4000
2019-12-31,8326.4500,8327.6000,8236.8500,8248.3000
2020-01-01,8262.5000,8276.8000,8200.2500,8210.1000
2020-01-02,8069.7500,8200.2500,7833.1000,7880.3000
2020-01-03,8261.5000,8261.6500,8136.8000,8168.1500
2020-01-04,4708.9500,4803.5500,4612.7000,4657.5500
2020-01-06,6299.0500,6485.8500,6294.0500,6419.5000
2020-01-07,6743.3500,6785.3000,6702.5000,6718.6000
2020-01-08,7921.6500,8002.9000,7900.8000,7942.7500
2020-01-09,7872.2000,7972.5500,7824.1500,7885.9500
2020-01-10,7985.3500,8089.0500,7953.9000,7966.1000
2020-01-12,8999.7500,8999.7500,8855.0500,8987.1500
2020-01-13,8244.2500,8262.3000,8192.0500,8235.8500
2020-01-14,8234.2000,8297.7000,8216.5500,8289.3000
2020-01-15,8287.6000,8395.7000,8246.4000,8385.3500
2020-01-16,8385.3000,8414.3500,8373.6500,8395.9000
2020-01-17,8401.9500,8463.2500,8369.7000,8427.6000
2020-01-20,8436.9000,8459.4500,8343.4000,8352.7000
2020-01-21,8321.2500,8325.8000,8229.3000,8245.9000
2020-01-22,8278.5500,8294.0500,8147.1500,8169.1500
2020-01-23,8176.7500,8251.8500,8145.8000,8241.7500
2020-01-24,8246.4500,8324.4000,8234.9500,8274.8500
2020-01-27,8243.3500,8347.9000,8189.0000,8258.1500
2020-01-28,8290.1000,8340.4500,8125.9000,8156.0500
2020-01-29,8200.7000,8264.6000,8179.2500,8220.4000
2020-01-30,8239.6500,8267.5500,8148.2000,8181.4500
2020-01-31,8211.6000,8238.7500,8072.9500,8086.5500
2020-02-01,8226.6000,8275.0500,8206.8500,8267.4500
2020-02-03,6993.2000,7047.6000,6813.2000,6856.9000
2020-02-04,8026.6000,8142.1000,7997.8500,8100.8000
2020-02-05,8138.3000,8212.2000,8064.7000,8131.7000
2020-02-06,6455.8000,6542.6500,6395.5000,6471.3000
2020-02-07,6761.0000,6923.9000,6751.9500,6907.1000
2020-02-09,7895.1500,8004.2500,7799.4500,7976.9500
2020-02-10,8065.4000,8067.3500,7820.3000,7860.5500
2020-02-11,7821.8000,7840.1000,7686.8500,7732.2500
2020-02-12,7932.3000,7961.1000,7905.7500,7933.8000
2020-02-13,7930.2500,7933.4000,7873.7500,7914.9000
2020-02-14,7933.6000,7977.1500,7807.3000,7822.2000
2020-02-17,7833.1500,7833.6000,7742.4500,7770.5000
2020-02-18,7758.0000,7758.0000,7620.5000,7692.3000
2020-02-19,7754.3500,7769.4000,7606.2500,7687.3500
2020-02-20,7687.5000,7756.3500,7667.8500,7697.9000
2020-02-24,7644.0500,7644.0500,7414.0000,7429.1000
2020-02-25,7452.7500,7485.1500,7339.9000,7366.0000
2020-02-26,7306.3000,7328.2000,7178.5000,7207.9500
2020-02-27,7200.1500,7202.0500,7090.4500,7178.8500
2020-02-28,7008.1000,7017.6000,6883.3500,6903.9500
2020-03-01,8261.5000,8261.6500,8136.8000,8168.1500
2020-03-02,6993.2000,7047.6000,6813.2000,6856.9000
2020-03-03,6889.4500,7022.2500,6846.7000,6986.6500
2020-03-04,4652.7500,4659.8000,4511.1000,4517.7500
2020-03-05,6966.3000,7013.6500,6892.7500,6953.7500
2020-03-06,6567.9500,6622.1000,6475.3000,6498.6500
2020-03-07,6921.7000,6992.3000,6903.1000,6971.0500
2020-03-08,7323.6500,7469.1000,7224.8000,7240.2500
2020-03-09,6703.4500,6758.7000,6498.8000,6632.1500
2020-03-11,7789.5500,7885.8500,7756.1500,7848.8500
2020-03-12,6299.9000,6299.9000,5953.2000,6033.4000
2020-03-13,5641.5500,6292.8500,5265.8000,6182.0000
2020-03-16,5970.1500,6041.3500,5826.1000,5843.7000
2020-03-17,5858.3000,6020.7000,5767.5000,5803.8500
2020-03-18,5873.1000,5896.8500,5491.0000,5516.5000
2020-03-19,5217.9500,5429.5000,5042.9000,5180.5000
2020-03-20,5230.2000,5423.2000,5154.1000,5370.1500
2020-03-23,4908.1500,5013.8500,4593.0500,4626.5000
2020-03-24,4726.4000,4850.8500,4452.2000,4693.3500
2020-03-25,4600.0500,5001.9000,4577.1500,4936.1500
2020-03-26,4981.9000,5163.7000,4847.1500,5061.3000
2020-03-27,5245.6000,5284.7500,4866.0500,4938.7000
2020-03-30,4834.1500,4848.0000,4625.5000,4669.1500
2020-03-31,4787.8000,4794.3000,4630.2000,4731.3000
2020-04-01,4708.9500,4803.5500,4612.7000,4657.5500
2020-04-02,8026.6000,8142.1000,7997.8500,8100.8000
2020-04-03,4652.7500,4659.8000,4511.1000,4517.7500
2020-04-05,5647.8500,5652.8000,5436.0500,5476.2000
2020-04-06,6501.6500,6564.9500,6411.2500,6511.3500
2020-04-07,4665.1000,4970.8500,4656.5000,4951.5500
2020-04-08,4833.0000,5257.0000,4830.4000,5043.6000
2020-04-09,5160.8500,5607.3500,5146.4000,5568.4500
2020-04-11,7852.4500,7946.4500,7827.2500,7901.7500
2020-04-12,9290.6500,9408.7500,9207.5000,9302.2000
2020-04-13,5554.4000,5554.4000,5308.8500,5432.1000
2020-04-15,5495.5500,5592.8000,5314.2500,5333.0000
2020-04-16,5271.2500,5420.4000,5235.6500,5394.1500
2020-04-17,5586.4000,5702.6500,5507.7500,5668.9000
2020-04-20,5724.9000,5728.4500,5565.9500,5591.0000
2020-04-21,5447.9000,5447.9000,5268.1500,5294.0500
2020-04-22,5267.8000,5468.2500,5243.6000,5426.8500
2020-04-23,5439.1000,5518.7000,5390.9500,5464.7500
2020-04-24,5405.9000,5462.5000,5362.8500,5377.2500
2020-04-27,5458.6500,5528.8000,5405.7000,5433.2000
2020-04-28,5476.8500,5524.0500,5399.3000,5447.1000
2020-04-29,5492.0000,5568.0000,5461.0500,5543.7500
2020-04-30,5667.3500,5926.5000,5660.5500,5901.4000
2020-05-02,8138.3000,8212.2000,8064.7000,8131.7000
2020-05-03,6966.3000,7013.6500,6892.7500,6953.7500
2020-05-04,5647.8500,5652.8000,5436.0500,5476.2000
2020-05-05,5582.1500,5602.1000,5442.7500,5451.9000
2020-05-06,6563.8000,6645.1500,6527.0000,6628.7500
2020-05-07,5549.9500,5616.4000,5505.4500,5519.0000
2020-05-08,7397.0000,7511.8000,7392.2000,7489.1000
2020-05-10,8055.7500,8061.6500,7878.3000,7957.9500
2020-05-11,5517.6000,5789.7000,5514.4000,5679.7000
2020-05-12,5653.6000,5735.6500,5502.8000,5708.9500
2020-05-13,6014.2000,6033.9500,5815.5000,5844.6000
2020-05-14,5698.5500,5865.9500,5668.4000,5804.0500
2020-05-15,5823.3000,5827.1500,5680.2500,5745.7000
2020-05-18,5747.5000,5752.1500,5411.9500,5430.0500
2020-05-19,5538.6500,5575.6000,5456.1000,5486.1500
2020-05-20,5464.8500,5632.4500,5436.3500,5603.8000
2020-05-21,5616.9500,5784.3000,5588.3500,5749.9000
2020-05-22,5707.2500,5789.2500,5639.6500,5767.0000
2020-05-26,5817.2000,5872.7500,5775.4000,5854.3000
2020-05-27,5872.4500,5910.7500,5791.2500,5896.9500
2020-05-28,5922.1500,6131.3500,5876.4000,6112.3000
2020-05-29,6036.4500,6246.9500,6016.0000,6218.8000
2020-06-01,6299.0500,6485.8500,6294.0500,6419.5000
2020-06-02,8158.8000,8189.2000,8092.5500,8142.1500
2020-06-03,6712.2000,6918.8500,6661.9500,6895.0000
2020-06-04,6501.6500,6564.9500,6411.2500,6511.3500
2020-06-05,6563.8000,6645.1500,6527.0000,6628.7500
2020-06-07,7029.5000,7193.5500,6993.8000,7171.7500
2020-06-08,6707.9500,6743.1500,6588.5000,6610.5500
2020-06-09,6648.9500,6665.7500,6525.2500,6577.7000
2020-06-10,6568.8000,6598.5000,6470.5000,6502.6500
2020-06-11,6491.9500,6549.9000,6345.8000,6373.6000
2020-06-12,6075.3000,6578.4000,6074.1500,6559.4000
2020-06-15,6530.7500,6573.2000,6417.7500,6443.0000
2020-06-16,6561.2000,6582.6500,6355.7500,6451.0500
2020-06-17,6418.8500,6545.5000,6394.4500,6503.5000
2020-06-18,6487.1000,6557.0500,6454.6500,6535.9000
2020-06-19,6567.8000,6664.7500,6500.1500,6634.5000
2020-06-22,6656.3000,6753.0500,6636.5000,6729.1000
2020-06-23,6763.0500,6817.6500,6744.1000,6789.2000
2020-06-24,6854.2500,6935.7500,6727.4000,6742.8000
2020-06-25,6681.7500,6791.7500,6645.1500,6737.8500
2020-06-26,6807.4000,6808.8000,6705.0000,6731.4500
2020-06-29,6685.8500,6728.6500,6605.5000,6645.8500
2020-06-30,6718.4000,6753.5000,6670.9000,6719.1500
2020-07-01,6743.3500,6785.3000,6702.5000,6718.6000
2020-07-02,6761.0000,6923.9000,6751.9500,6907.1000
2020-07-03,6921.7000,6992.3000,6903.1000,6971.0500
2020-07-04,4665.1000,4970.8500,4656.5000,4951.5500
2020-07-05,5549.9500,5616.4000,5505.4500,5519.0000
2020-07-06,7029.5000,7193.5500,6993.8000,7171.7500
2020-07-07,7172.3500,7217.7000,7099.5000,7199.5500
2020-07-08,7225.1500,7252.1000,7037.9000,7059.3500
2020-07-09,7101.9000,7112.0500,7022.2000,7085.6000
2020-07-10,7066.0000,7158.2000,7020.3000,7041.1000
2020-07-12,9313.0500,9339.9000,9260.6000,9311.1000
2020-07-13,7094.1500,7139.8500,7035.9000,7084.4500
2020-07-14,7047.6500,7050.1000,6883.7000,6916.0000
2020-07-15,6960.4000,7003.5500,6910.2000,6931.0500
2020-07-16,6940.7500,7027.2500,6853.7500,7015.9000
2020-07-17,7039.5500,7154.7500,7016.8500,7137.3000
2020-07-20,7161.7000,7183.2000,7105.5500,7175.8500
2020-07-21,7209.0000,7317.5500,7198.2500,7295.7500
2020-07-22,7301.0000,7306.7500,7154.1500,7203.9500
2020-07-23,7205.8000,7313.0000,7172.4000,7301.0500
2020-07-24,7228.4000,7271.0000,7178.8500,7218.6500
2020-07-27,7233.9000,7238.6000,7121.9500,7186.4500
2020-07-28,7193.1500,7438.0500,7185.2500,7416.9000
2020-07-29,7425.7500,7464.1500,7299.7000,7330.2500
2020-07-30,7340.8000,7398.9000,7270.5500,7287.8500
2020-07-31,7311.4500,7328.5000,7225.7500,7279.7500
2020-08-01,7921.6500,8002.9000,7900.8000,7942.7500
2020-08-03,7323.6500,7469.1000,7224.8000,7240.2500
2020-08-04,4833.0000,5257.0000,4830.4000,5043.6000
2020-08-05,7397.0000,7511.8000,7392.2000,7489.1000
2020-08-06,6707.9500,6743.1500,6588.5000,6610.5500
2020-08-07,7484.9500,7598.3000,7468.2000,7554.4500
2020-08-09,7975.2000,7995.6500,7867.8500,7888.0000
2020-08-10,7593.7000,7688.7000,7577.5000,7621.3000
2020-08-11,7675.4000,7699.0500,7618.3000,7630.3500
2020-08-12,7613.7500,7808.1000,7586.7500,7785.0500
2020-08-13,7801.1000,7896.1000,7757.0500,7879.7500
2020-08-14,7888.6500,7898.9000,7657.9500,7677.6500
2020-08-17,7757.6000,7879.5500,7667.7500,7865.5500
2020-08-18,7879.5000,7979.3000,7878.3000,7941.8500
2020-08-19,7987.1500,8029.7500,7927.6000,7941.3500
2020-08-20,7878.7000,7948.5000,7844.6500,7911.6000
2020-08-21,7994.9000,7995.3500,7910.5500,7934.7000
2020-08-24,7972.7000,8062.9500,7932.5000,7948.4000
2020-08-25,7997.0000,8034.4000,7933.2000,7983.6000
2020-08-26,8096.6000,8143.2500,8074.2500,8100.5000
2020-08-27,8141.0500,8198.5000,8080.7000,8183.0000
2020-08-28,8209.1000,8223.6000,8101.0500,8111.8500
2020-08-31,8161.7500,8177.0000,7814.0000,7840.3500
2020-09-01,7872.2000,7972.5500,7824.1500,7885.9500
2020-09-02,7895.1500,8004.2500,7799.4500,7976.9500
2020-09-03,8012.7500,8097.9000,8008.0000,8049.5500
2020-09-04,5160.8500,5607.3500,5146.4000,5568.4500
2020-09-06,6648.9500,6665.7500,6525.2500,6577.7000
2020-09-07,7101.9000,7112.0500,7022.2000,7085.6000
2020-09-08,7975.2000,7995.6500,7867.8500,7888.0000
2020-09-09,7836.8000,7926.8000,7780.3000,7903.1000
2020-09-10,7962.5500,7980.1000,7873.0000,7945.0000
2020-09-11,7953.2500,7995.2500,7930.8000,7956.8000
2020-09-12,9331.7000,9345.0500,9283.1500,9293.3000
2020-09-14,7998.4500,8094.4000,7955.1000,8035.3500
2020-09-15,8067.8000,8074.1000,7997.8000,8033.5000
2020-09-16,8055.0000,8220.4000,8041.0000,8156.2000
2020-09-17,8106.1000,8145.6000,8041.8500,8128.6500
2020-09-18,8180.2500,8221.3000,8125.4500,8161.7000
2020-09-21,8170.1000,8176.3000,7791.6500,7832.2000
2020-09-22,7837.9000,7846.2000,7600.3000,7695.2500
2020-09-23,7748.2500,7793.0000,7609.5500,7690.9000
2020-09-24,7598.1000,7614.0500,7398.3500,7418.8500
2020-09-25,7505.5000,7686.4000,7477.5000,7669.5000
2020-09-28,7750.3000,7918.2000,7734.1500,7902.5500
2020-09-29,7950.9000,8024.0000,7861.1000,7925.2000
2020-09-30,7935.1000,7974.9000,7887.8500,7908.1000
2020-10-01,8177.5500,8246.7000,8147.6500,8225.5000
2020-10-02,8065.4000,8067.3500,7820.3000,7860.5500
2020-10-05,8055.7500,8061.6500,7878.3000,7957.9500
2020-10-06,6568.8000,6598.5000,6470.5000,6502.6500
2020-10-07,7066.0000,7158.2000,7020.3000,7041.1000
2020-10-08,7593.7000,7688.7000,7577.5000,7621.3000
2020-10-09,7962.5500,7980.1000,7873.0000,7945.0000
2020-10-11,8153.6000,8153.9500,8045.9000,8127.2500
2020-10-12,9286.5500,9332.7000,9173.2500,9200.8500
2020-10-13,8099.3000,8135.2000,8038.2500,8052.8500
2020-10-14,8043.3500,8065.9000,7968.4000,8031.0500
2020-10-15,8043.0500,8120.2500,7909.0000,7935.3500
2020-10-16,7955.6500,8036.5000,7932.5500,7959.4500
2020-10-19,8025.2500,8027.0000,7844.6000,7870.3500
2020-10-20,7858.3000,7946.5000,7824.7500,7896.7000
2020-10-21,7955.2500,7991.9500,7784.3500,7878.0500
2020-10-22,7857.0000,7888.6000,7810.9000,7864.1500
2020-10-23,7917.4500,8119.1000,7883.7500,8094.6000
2020-10-26,8111.9000,8135.3500,7801.3000,7833.6500
2020-10-27,7868.1000,7963.8500,7765.7500,7930.6500
2020-10-28,7979.1500,8069.2500,7884.4000,7922.7500
2020-10-29,7843.7500,7894.7500,7790.8500,7846.7500
2020-10-30,7848.7500,7895.4500,7707.9000,7758.4000
2020-11-02,7923.0000,7969.3000,7881.3500,7892.4000
2020-11-03,7789.5500,7885.8500,7756.1500,7848.8500
2020-11-04,7852.4500,7946.4500,7827.2500,7901.7500
2020-11-05,7974.4000,8005.9000,7918.6000,7995.5000
2020-11-06,8009.5000,8096.7000,7973.6000,8006.1000
2020-11-08,7675.4000,7699.0500,7618.3000,7630.3500
2020-11-09,7953.2500,7995.2500,7930.8000,7956.8000
2020-11-10,8153.6000,8153.9500,8045.9000,8127.2500
2020-11-11,8171.9500,8300.6500,8143.0000,8255.2000
2020-11-12,9234.8500,9274.5500,9133.6500,9188.9500
2020-11-13,8282.7500,8347.6000,8251.8000,8308.9000
2020-11-14,8375.1500,8376.6000,8314.1500,8344.7500
2020-11-17,8389.3000,8437.4500,8339.3500,8425.5500
2020-11-18,8426.6000,8716.2500,8421.3000,8686.6000
2020-11-19,8646.8500,8807.6000,8594.7500,8628.3000
2020-11-20,8661.8000,8712.1500,8572.1000,8684.7500
2020-11-23,8744.3500,8767.8000,8651.1000,8738.6000
2020-11-24,8776.6500,8942.1500,8767.6500,8887.9500
2020-11-25,8951.5500,8961.1000,8708.7500,8738.4500
2020-11-26,8757.6000,8823.7000,8682.0000,8767.7500
2020-11-27,8829.0500,8972.5500,8808.3500,8891.6000
2020-12-01,8999.7500,8999.7500,8855.0500,8987.1500
2020-12-02,7932.3000,7961.1000,7905.7500,7933.8000
2020-12-03,9150.7000,9256.9000,9123.2500,9245.3000
2020-12-04,9290.6500,9408.7500,9207.5000,9302.2000
2020-12-05,5653.6000,5735.6500,5502.8000,5708.9500
2020-12-06,6075.3000,6578.4000,6074.1500,6559.4000
2020-12-07,9313.0500,9339.9000,9260.6000,9311.1000
2020-12-08,7613.7500,7808.1000,7586.7500,7785.0500
2020-12-09,9331.7000,9345.0500,9283.1500,9293.3000
2020-12-10,8208.9000,8211.8500,8068.2500,8102.5000
2020-12-11,9234.8500,9274.5500,9133.6500,9188.9500
2020-12-14,9248.6500,9251.3000,9074.9000,9093.1000
2020-12-15,9078.2500,9168.7000,9052.0500,9149.7500
2020-12-16,9239.4500,9290.9500,9207.4000,9239.1000
2020-12-17,9265.7000,9288.0000,9146.4000,9185.2000
2020-12-18,9180.2500,9200.8500,9091.8000,9168.6500
2020-12-21,9128.3500,9132.6500,8560.2000,8745.0000
2020-12-22,8754.4000,8854.4000,8540.9500,8818.6000
2020-12-23,8825.7000,8955.7500,8786.4500,8935.9500
2020-12-24,8966.4500,9052.7000,8937.4500,8978.0500
2020-12-28,9035.8500,9102.7000,9029.3500,9066.8500
2020-12-29,9109.9500,9128.8500,8997.3000,9043.9000
2020-12-30,9077.1500,9189.9500,9001.4000,9164.8000
2020-12-31,9174.4500,9216.6500,9155.6000,9193.5000
2021-01-01,9214.9000,9300.4000,9214.2000,9272.5000
2021-01-02,9919.1000,10262.1000,9726.5500,10227.9500
2021-01-03,10304.2500,10472.7000,10292.7500,10411.8000
2021-01-04,9967.8500,10044.6000,9889.7000,10022.6000
2021-01-05,9356.9000,9431.0000,9293.4500,9416.0500
2021-01-06,9424.5000,9484.0500,9279.0500,9379.5500
2021-01-07,10620.1500,10744.1000,10619.5500,10687.7000
2021-01-08,9491.4500,9767.1000,9478.3000,9741.2500
2021-01-09,10049.1000,10088.6500,10010.6000,10043.9000
2021-01-10,10544.8500,10617.8500,10437.1000,10596.9500
2021-01-11,9789.8000,10028.7500,9693.7000,9995.6000
2021-01-12,9991.4500,10259.1000,9975.0500,10119.8500
2021-01-13,10166.1500,10269.9000,10120.2500,10208.5500
2021-01-14,10237.3000,10285.2500,10148.9500,10238.3000
2021-01-15,10241.7000,10287.4500,10092.0500,10178.3000
2021-01-18,10162.9000,10173.8000,9863.9000,9961.1000
2021-01-19,10033.3500,10166.2000,10008.7500,10136.8000
2021-01-20,10140.8000,10387.8000,10118.4500,10369.2500
2021-01-21,10432.5500,10596.9000,10282.2500,10367.7500
2021-01-22,10414.4000,10780.8000,10398.2000,10515.8500
2021-01-25,10649.8000,10692.1500,10337.4000,10433.5000
2021-01-27,10410.2500,10457.9000,10161.3000,10210.2500
2021-01-28,10065.9500,10312.1500,10056.9500,10105.6000
2021-01-29,10221.8500,10308.9000,9776.9000,9813.1500
2021-02-01,9919.1000,10262.1000,9726.5500,10227.9500
2021-02-02,10427.0500,10689.9500,10383.5500,10638.6000
2021-02-03,10491.8000,10766.7000,10419.7500,10744.0500
2021-02-04,10763.6000,10988.3500,10732.2000,10867.1000
2021-02-05,10958.9000,10987.0500,10649.0000,10723.9500
2021-02-06,10431.5500,10671.6000,10413.3000,10647.7500
2021-02-07,10741.4500,10743.8000,10646.2000,10685.5000
2021-02-08,10162.7500,10190.3000,10114.1000,10183.4500
2021-02-09,10082.9500,10083.5000,9981.3000,10022.4500
2021-02-10,10922.9000,11049.7000,10822.5000,11010.8500
2021-02-11,11534.4000,11610.3500,11487.5000,11521.2500
2021-02-12,10787.1500,10891.6000,10752.8000,10873.1500
2021-02-15,10978.7000,11002.8000,10909.9500,10956.0500
2021-02-16,11005.5000,11034.0500,10881.4000,10944.9000
2021-02-17,10914.2000,11008.4000,10880.5000,10975.4500
2021-02-18,11027.8000,11027.8000,10787.7000,10827.0000
2021-02-19,10785.0500,10786.4500,10450.5500,10540.3500
2021-02-22,10559.8000,10559.9500,10241.2500,10300.0000
2021-02-23,10343.5500,10423.2500,10205.8500,10379.5500
2021-02-24,10410.2000,10513.3500,10325.5500,10405.5000
2021-02-25,10488.6000,10537.5500,10411.1500,10497.9500
2021-02-26,10368.7500,10450.9500,10110.5000,10169.9000
2021-03-01,10304.2500,10472.7000,10292.7500,10411.8000
2021-03-02,10754.0000,10860.0500,10626.4500,10749.1500
2021-03-03,10819.0500,10820.4000,10640.1500,10673.1000
2021-03-04,10559.4000,10710.1000,10514.3000,10625.7500
2021-03-05,9539.5500,9715.9000,9485.5000,9662.9500
2021-03-06,10683.2500,10690.4500,10600.6500,10647.6500
2021-03-08,10220.1000,10355.6500,10206.4500,10342.6000
2021-03-09,10054.0500,10195.9000,10042.5500,10124.7500
2021-03-10,10525.7500,10613.6000,10511.1500,10559.3000
2021-03-11,11515.1000,11560.9500,11366.9500,11401.2000
2021-03-12,10880.1000,10929.0000,10757.3000,10788.7500
2021-03-15,10446.7500,10450.2000,10178.2500,10335.1000
2021-03-16,10378.3000,10401.2500,10301.7000,10350.8000
2021-03-17,10369.7500,10378.8000,10133.9000,10159.1000
2021-03-18,10251.9500,10345.2000,10039.5500,10143.9500
2021-03-19,10067.1500,10207.1500,9841.6500,10186.5000
2021-03-22,10176.3000,10226.8000,10069.4500,10140.4500
2021-03-23,10183.6500,10265.0000,10167.2000,10187.6500
2021-03-24,10116.7000,10164.3500,9897.8500,9925.2500
2021-03-25,9916.6000,9924.3500,9605.0500,9651.3500
2021-03-26,9766.4000,9853.8500,9749.4000,9771.5000
2021-03-30,9835.8500,9885.9500,9749.3500,9865.0000
2021-03-31,9866.0000,9946.9500,9812.2500,9862.4500
2021-04-01,9346.1500,9434.3500,9267.5000,9417.9500
2021-04-02,10763.6000,10988.3500,10732.2000,10867.1000
2021-04-03,10559.4000,10710.1000,10514.3000,10625.7500
2021-04-05,9728.4500,9758.7000,9541.2000,9577.7000
2021-04-06,10672.8500,10749.1500,10634.9000,10735.7500
2021-04-07,9790.0000,9950.5500,9761.1500,9937.0000
2021-04-08,10378.9000,10408.0000,10203.2000,10246.8000
2021-04-09,9961.5500,10032.8500,9885.6000,9922.9500
2021-04-10,10649.4000,10695.4500,10616.4000,10641.1500
2021-04-11,11480.8000,11590.2000,11471.0000,11569.8000
2021-04-12,9738.3500,9738.3500,9345.2000,9415.6500
2021-04-13,9438.2000,9845.5000,9406.4000,9818.3000
2021-04-15,9787.8500,9817.0000,9558.7000,9691.4500
2021-04-16,9691.3000,9926.4500,9679.5000,9808.9500
2021-04-19,9476.6500,9562.9500,9395.2500,9532.1500
2021-04-20,9683.9500,9738.1000,9539.7000,9630.7000
2021-04-22,9529.3000,9665.9500,9503.8000,9644.5500
2021-04-23,9569.2500,9695.9000,9534.9000,9596.9500
2021-04-26,9630.2000,9713.1000,9612.7000,9641.4500
2021-04-27,9662.3000,9733.8000,9653.9000,9708.2000
2021-04-28,9781.5000,9968.4000,9758.1500,9871.5000
2021-04-29,9959.2000,9985.0000,9754.0000,9773.7000
2021-04-30,9701.3000,9780.3500,9619.0000,9640.8500
2021-05-01,9356.9000,9431.0000,9293.4500,9416.0500
2021-05-02,10958.9000,10987.0500,10649.0000,10723.9500
2021-05-03,10558.1500,10663.7500,10488.8500,10524.4000
2021-05-04,9988.1000,9991.3000,9688.4000,9768.0500
2021-05-05,9631.0500,9662.1000,9547.7500,9643.0500
2021-05-06,9669.2000,9826.5500,9664.3000,9815.1000
2021-05-07,9858.3500,9907.4500,9767.0000,9819.4500
2021-05-08,10237.6500,10240.0000,10157.7000,10224.9000
2021-05-10,10624.4500,10728.1000,10599.9500,10692.0000
2021-05-11,9874.9000,10029.8500,9852.2000,9995.1000
2021-05-12,9992.0000,10066.8000,9913.5000,10013.6500
2021-05-14,10059.2000,10061.5000,9777.5000,9810.4500
2021-05-17,9844.1500,10037.8000,9785.9000,10001.7000
2021-05-18,10102.4000,10344.5000,10070.2500,10324.0000
2021-05-19,10231.8500,10303.0000,10179.4500,10249.1000
2021-05-20,10253.6000,10297.1500,10158.9000,10226.4000
2021-05-21,10276.1000,10332.0000,10215.1000,10312.4000
2021-05-24,10347.9500,10390.3000,10299.2500,10315.7500
2021-05-25,10398.6500,10424.2500,10363.5500,10384.3000
2021-05-26,10423.4500,10473.4500,10399.1000,10437.8000
2021-05-27,10467.2500,10561.3000,10441.3500,10486.0000
2021-05-28,10537.6000,10573.9500,10429.4000,10510.2500
2021-05-31,10467.0000,10513.1000,10344.9500,10491.8500
2021-06-01,10507.3000,10619.0000,10443.7500,10457.8500
2021-06-02,10431.5500,10671.6000,10413.3000,10647.7500
2021-06-03,10683.2500,10690.4500,10600.6500,10647.6500
2021-06-04,9836.8500,9881.2000,9755.1000,9781.3500
2021-06-05,9669.2000,9826.5500,9664.3000,9815.1000
2021-06-07,10814.2500,10888.2500,10791.2000,10806.5500
2021-06-08,10836.0500,10889.6500,10762.1500,10873.9000
2021-06-09,10889.1500,10913.9500,10670.5500,10734.4000
2021-06-10,10773.8500,10781.5000,10681.9000,10722.7000
2021-06-11,10772.3500,10807.1500,10717.2500,10765.5000
2021-06-12,10788.5000,10793.3500,10570.3500,10589.8000
2021-06-14,10755.3500,10767.8000,10570.8500,10753.1000
2021-06-15,10768.2000,10803.2500,10739.4000,10754.4000
2021-06-16,10742.5000,10772.2500,10644.5500,10669.4500
2021-06-17,10618.7000,10664.9500,10484.9500,10523.0000
2021-06-18,10540.7500,10552.0500,10229.1000,10443.7500
2021-06-21,10319.1000,10420.6500,10276.1000,10401.1500
2021-06-22,10456.0000,10614.3000,10451.5000,10540.4500
2021-06-23,10599.5000,10684.9500,10551.1500,10588.5000
2021-06-24,10604.5500,10638.2500,10550.8500,10618.4500
2021-06-25,10644.6500,10754.9000,10643.9000,10706.8000
2021-06-28,10746.1000,10746.1000,10676.9000,10709.9000
2021-06-29,10712.1500,10754.9500,10588.2500,10612.2500
2021-06-30,10637.7500,10699.5000,10583.0000,10600.3500
2021-07-01,9453.6500,9530.6000,9406.0500,9429.6500
2021-07-02,10741.4500,10743.8000,10646.2000,10685.5000
2021-07-04,9790.0000,9950.5500,9761.1500,9937.0000
2021-07-05,10731.5500,10810.2500,10710.8000,10746.4500
2021-07-06,10755.1500,10816.8500,10527.5000,10559.7000
2021-07-07,10565.3000,10598.0000,10493.6500,10552.5000
2021-07-08,10510.3500,10558.2500,10425.9500,10456.0000
2021-07-09,10444.0000,10456.0500,10386.0500,10420.3000
2021-07-10,10659.7000,11091.4500,10639.4500,11031.8000
2021-07-12,10698.6000,10812.5500,10653.6500,10759.0000
2021-07-13,10505.7000,10531.2500,10463.6000,10497.8000
2021-07-14,10503.7500,10510.6500,10455.7500,10467.9000
2021-07-15,10480.9500,10488.2500,10404.2500,10426.0000
2021-07-16,10458.9500,10459.6000,10400.3500,10428.4500
2021-07-19,10372.3000,10379.7000,10268.4000,10310.9000
2021-07-20,10318.4000,10341.3000,10175.6000,10222.2000
2021-07-22,10296.4000,10303.2500,10189.1500,10235.8000
2021-07-23,10249.3000,10297.6000,10190.8000,10201.3500
2021-07-26,10204.6500,10212.6500,10127.1500,10137.9500
2021-07-27,10153.1500,10217.1000,10047.6500,10094.3500
2021-07-28,10119.1000,10122.5500,9947.9500,10000.4000
2021-07-29,10021.0000,10027.9500,9945.8000,9956.6500
2021-07-30,9990.7000,10179.6000,9976.9000,10048.5000
2021-08-01,9491.4500,9767.1000,9478.3000,9741.2500
2021-08-02,10830.1000,11077.8500,10818.4000,11061.1500
2021-08-03,10220.1000,10355.6500,10206.4500,10342.6000
2021-08-04,10378.9000,10408.0000,10203.2000,10246.8000
2021-08-05,10237.6500,10240.0000,10157.7000,10224.9000
2021-08-06,10836.0500,10889.6500,10762.1500,10873.9000
2021-08-07,10510.3500,10558.2500,10425.9500,10456.0000
2021-08-09,10152.1000,10154.4500,10047.1500,10100.4000
2021-08-10,10247.1000,10271.8000,10095.1000,10158.7500
2021-08-11,11645.8500,11684.2500,11602.5000,11645.7500
2021-08-12,10822.8500,11018.4000,10807.3000,11007.7000
2021-08-13,10218.6500,10240.8500,10151.6000,10178.3000
2021-08-16,10182.3000,10209.2000,10071.1000,10088.8000
2021-08-17,10073.4000,10100.4500,9963.2500,10088.3000
2021-08-18,10123.7500,10134.1500,10045.6000,10067.9500
2021-08-20,9972.5500,10032.5500,9876.6000,9904.7000
2021-08-23,9982.5500,10007.6500,9744.5000,9759.1500
2021-08-24,9779.0000,9851.5500,9704.6000,9832.8000
2021-08-25,9874.4500,9899.2500,9799.1000,9808.6500
2021-08-26,9801.6500,9812.9500,9745.9500,9763.1000
2021-08-27,9768.3500,9812.0000,9718.2500,9793.8500
2021-08-30,9867.7000,9968.7500,9863.4500,9957.9000
2021-08-31,9972.7000,10044.3500,9893.8500,10034.4500
2021-09-01,10049.1000,10088.6500,10010.6000,10043.9000
2021-09-02,10082.9500,10083.5000,9981.3000,10022.4500
2021-09-03,10572.6500,10621.4500,10381.6000,10464.2500
2021-09-04,9961.5500,10032.8500,9885.6000,9922.9500
2021-09-06,10185.2000,10214.4000,10156.1000,10167.2500
2021-09-07,10189.3500,10204.0500,10115.5500,10152.7000
2021-09-08,10274.7500,10348.8000,10200.4500,10239.0000
2021-09-09,10070.9500,10144.3000,10054.3500,10112.6000
2021-09-11,11701.2500,11824.9000,11691.3500,11766.2500
2021-09-12,11095.4500,11095.8500,10942.1000,11058.7500
2021-09-13,10119.9500,10125.8000,10045.0000,10120.1500
2021-09-14,10151.2500,10246.7500,10149.3500,10209.6000
2021-09-15,10239.9500,10309.6000,10222.9500,10297.0000
2021-09-16,10343.2000,10358.7000,10300.4500,10351.4500
2021-09-17,10392.1000,10469.8500,10284.4500,10351.4500
2021-09-20,10286.9500,10348.0500,10176.4000,10202.6500
2021-09-21,10196.9500,10226.4000,10021.3500,10155.9500
2021-09-22,10179.5000,10314.0000,10174.1500,10284.6000
2021-09-23,10337.7500,10404.4500,10333.2500,10372.9500
2021-09-24,10403.4000,10473.9000,10341.7500,10429.0500
2021-09-27,10513.0500,10801.0000,10501.0500,10765.1500
2021-09-28,10824.4500,10842.3500,10608.7500,10695.9500
2021-09-29,10640.1000,10715.6500,10559.4000,10655.5000
2021-09-30,10652.1500,10676.1500,10561.7500,10598.4500
2021-10-01,10544.8500,10617.8500,10437.1000,10596.9500
2021-10-02,10922.9000,11049.7000,10822.5000,11010.8500
2021-10-03,10525.7500,10613.6000,10511.1500,10559.3000
2021-10-04,10649.4000,10695.4500,10616.4000,10641.1500
2021-10-05,10624.4500,10728.1000,10599.9500,10692.0000
2021-10-06,10722.6500,10766.9000,10535.1000,10567.5500
2021-10-07,10659.7000,11091.4500,10639.4500,11031.8000
2021-10-08,11147.7500,11206.9500,11054.6500,11079.3500
2021-10-11,11776.2500,11855.8000,11718.7000,11829.1500
2021-10-12,11002.8000,11127.5000,10997.4500,11080.0500
2021-10-13,11687.5500,12001.9000,11603.1000,11870.0000
2021-10-14,12005.9500,12014.5000,11775.5000,11800.3000
2021-10-18,11862.8000,11964.5500,11796.8500,11814.8000
2021-10-19,11859.2000,11892.0500,11580.7500,11626.8500
2021-10-20,11598.6500,11648.9000,11388.8500,11493.3000
2021-10-21,11588.0500,11602.0500,11392.5000,11557.4000
2021-10-22,11634.6500,11641.3500,11380.8000,11433.9500
2021-10-25,11417.8500,11445.6500,11177.7500,11228.2000
2021-10-26,11269.7000,11466.8000,11258.8500,11452.2500
2021-10-27,11466.9500,11491.1500,11364.4500,11395.1500
2021-10-28,11380.8000,11449.1000,11223.4500,11260.9000
2021-10-29,11262.9500,11413.1500,11070.6500,11297.4500
2021-11-01,11306.4500,11460.1500,11205.2500,11421.0000
2021-11-02,10947.5000,11057.1000,10878.3500,10965.2500
2021-11-03,11515.1000,11560.9500,11366.9500,11401.2000
2021-11-04,11480.8000,11590.2000,11471.0000,11569.8000
2021-11-05,9874.9000,10029.8500,9852.2000,9995.1000
2021-11-06,10772.3500,10807.1500,10717.2500,10765.5000
2021-11-08,10173.8000,10225.3500,10000.9500,10140.4000
2021-11-09,11701.2500,11824.9000,11691.3500,11766.2500
2021-11-10,11136.5500,11444.7000,11125.0500,11375.5500
2021-11-11,11818.7500,11848.7500,11645.0000,11690.1500
2021-11-12,11791.3500,11795.2500,11635.7000,11706.5000
2021-11-15,11716.1000,11840.9500,11645.3000,11687.6500
2021-11-16,11717.9500,12078.8000,11692.0500,11977.3000
2021-11-17,11982.7500,12139.7500,11958.5000,12061.8000
2021-11-18,12061.9000,12067.2500,11690.9000,11747.4500
2021-11-22,11788.8000,11788.8000,11270.3500,11379.7500
2021-11-23,11339.2000,11497.0000,11275.2500,11455.7000
2021-11-24,11521.0500,11532.6500,11266.9500,11308.8500
2021-11-25,11312.9500,11366.2000,11193.0000,11247.7500
2021-11-26,11159.6000,11159.6000,10721.3500,10759.6000
2021-11-29,10705.6500,10807.6500,10448.1500,10704.1500
2021-11-30,10725.9500,10868.7500,10554.2500,10603.5500
2021-12-01,9991.4500,10259.1000,9975.0500,10119.8500
2021-12-02,10787.1500,10891.6000,10752.8000,10873.1500
2021-12-03,10880.1000,10929.0000,10757.3000,10788.7500
2021-12-04,9738.3500,9738.3500,9345.2000,9415.6500
2021-12-05,9992.0000,10066.8000,9913.5000,10013.6500
2021-12-06,10788.5000,10793.3500,10570.3500,10589.8000
2021-12-07,10698.6000,10812.5500,10653.6500,10759.0000
2021-12-08,10822.8500,11018.4000,10807.3000,11007.7000
2021-12-09,11095.4500,11095.8500,10942.1000,11058.7500
2021-12-10,11400.1500,11525.5000,11374.1000,11476.1000
2021-12-11,11791.3500,11795.2500,11635.7000,11706.5000
2021-12-13,11176.5500,11212.2000,11032.0500,11047.1500
2021-12-14,11010.5000,11012.4500,10888.3500,10972.1500
2021-12-15,10973.6000,11102.1500,10961.2000,11026.0000
2021-12-16,11091.7000,11094.7500,10905.2000,10945.7500
2021-12-17,10927.0000,10931.6000,10661.4000,10678.6500
2021-12-20,10536.1000,10543.5000,10197.2000,10405.3000
2021-12-21,10466.9500,10589.5000,10412.9000,10483.9000
2021-12-22,10534.2500,10686.3500,10534.0500,10652.5500
2021-12-23,10737.5500,10769.5500,10700.3500,10731.0500
2021-12-24,10787.4000,10792.7000,10561.2000,10620.7500
2021-12-27,10582.1500,10656.8500,10505.7500,10641.6500
2021-12-28,10698.0000,10796.6500,10671.3500,10783.8500
2021-12-29,10799.9500,10850.6500,10740.7500,10829.5500
2021-12-30,10844.1500,10850.5500,10741.7500,10755.6500
2021-12-31,10788.4000,10950.4500,10774.7000,10936.9000
2022-01-02,11741.2000,11771.1000,11427.3000,11616.1000
2022-01-03,11001.3000,11145.9500,10998.3500,11114.5500
2022-01-04,10522.2000,10692.8000,10471.7500,10676.8500
2022-01-05,11133.1000,11277.8000,11103.2000,11256.8500
2022-01-06,11186.6000,11334.9000,11122.0500,11316.6000
2022-01-07,11649.9500,11737.0000,11530.3500,11711.9500
2022-01-08,12645.6500,12974.3500,12627.9500,12953.6500
2022-01-09,13025.5500,13381.6500,13025.5500,13266.1500
2022-01-10,11341.3500,11524.3000,11327.2000,11501.7000
2022-01-11,11476.9500,11542.3500,11439.5000,11479.7000
2022-01-12,13295.9500,13295.9500,13162.2500,13191.7500
2022-01-13,11642.7000,11697.1000,11507.5000,11686.1500
2022-01-14,11618.3500,11728.6500,11592.1500,11643.0500
2022-01-17,11692.6000,11914.9500,11676.4000,11881.2500
2022-01-18,11907.2000,11907.2000,11555.6000,11598.7500
2022-01-19,11628.6500,11704.7500,11492.4500,11681.4000
2022-01-20,11665.2500,11750.5500,11525.1500,11583.2000
2022-01-21,11509.9000,11682.8000,11421.2500,11561.7500
2022-01-24,11535.0500,11627.6000,11152.6500,11261.2000
2022-01-25,11172.2500,11539.9500,11075.1500,11522.7500
2022-01-27,11432.7500,11654.3000,11296.9000,11561.6000
2022-01-28,11615.5500,11761.1500,11470.0000,11493.4000
2022-01-31,11619.5500,11737.5000,11578.1000,11703.5000
2022-02-01,11741.2000,11771.1000,11427.3000,11616.1000
2022-02-02,11664.0500,11765.0500,11594.5000,11632.4000
2022-02-03,11648.7000,11840.4500,11633.6000,11683.4000
2022-02-04,11706.2500,11720.2500,11521.5500,11560.6000
2022-02-05,11015.6000,11038.0500,10897.0500,10938.3000
2022-02-06,11543.5000,11557.4000,11416.2500,11491.4000
2022-02-07,11572.4500,11600.7500,11334.7000,11407.2500
2022-02-08,11491.1000,11561.5000,11300.2000,11429.8000
2022-02-09,11485.7000,11699.1000,11478.4000,11680.1500
2022-02-10,11761.3000,11761.3000,11603.5000,11674.0500
2022-02-11,11585.5000,11651.2500,11505.3500,11552.9000
2022-02-12,13137.0000,13166.1000,13024.8500,13046.3500
2022-02-14,11306.9000,11335.2000,11056.6500,11107.1500
2022-02-15,11150.1500,11568.2000,11060.1000,11552.3000
2022-02-16,11598.8500,11663.2500,11470.2500,11509.7000
2022-02-17,11571.3000,11671.4500,11469.6000,11492.8500
2022-02-18,11449.5000,11539.2500,11396.8500,11420.4500
2022-02-21,11361.2500,11456.3500,11260.4000,11361.6000
2022-02-22,11128.0000,11378.7500,11113.9000,11343.0500
2022-02-23,11406.3000,11474.2000,11286.6500,11318.7000
2022-02-24,10946.1500,11056.1500,10542.1000,10609.8000
2022-02-25,10806.7000,11002.3000,10790.0500,10895.3000
2022-02-28,10778.8000,10851.7000,10618.5500,10820.5500
2022-03-01,11001.3000,11145.9500,10998.3500,11114.5500
2022-03-02,10723.6500,10723.6500,10449.5500,10500.4500
2022-03-03,10648.6000,10648.6000,10222.2500,10261.1000
2022-03-04,10143.7500,10161.1500,9854.3500,9896.6500
2022-03-06,11562.5000,11592.9000,11258.1000,11282.1500
2022-03-07,9648.8000,9655.0000,9374.0000,9480.4500
2022-03-08,9432.6500,9581.6500,9226.9500,9560.0000
2022-03-09,9628.2500,9872.4500,9560.1000,9832.3500
2022-03-10,12790.1000,12790.1000,12388.0500,12441.0500
2022-03-11,13265.4500,13410.3000,13223.4000,13262.6500
2022-03-14,9963.4500,10092.1500,9817.9500,10074.3000
2022-03-15,10075.4000,10302.4500,10060.7000,10131.3000
2022-03-16,10300.6000,10372.4500,10233.5000,10350.1000
2022-03-17,10469.5500,10590.5000,10443.0000,10576.0000
2022-03-21,10639.2500,10673.4000,10423.8000,10448.4000
2022-03-22,10453.0500,10586.2500,10302.6500,10572.9000
2022-03-23,10625.8000,10659.1500,10435.7000,10463.4500
2022-03-24,10397.2500,10502.9500,10353.2000,10412.4000
2022-03-25,10453.2000,10461.5000,10300.6000,10354.1500
2022-03-28,10360.2500,10437.4000,10300.1500,10421.6000
2022-03-29,10468.5500,10523.0000,10387.2000,10416.2500
2022-03-30,10519.0000,10604.9500,10491.4500,10542.1500
2022-03-31,10566.3000,10618.4000,10528.6500,10552.1000
2022-04-01,10522.2000,10692.8000,10471.7500,10676.8500
2022-04-02,11706.2500,11720.2500,11521.5500,11560.6000
2022-04-03,10143.7500,10161.1500,9854.3500,9896.6500
2022-04-04,10688.7500,10812.9000,10641.8000,10803.8500
2022-04-05,10850.6500,10988.4500,10837.9000,10936.5000
2022-04-06,10915.4000,10942.3500,10830.1000,10906.8000
2022-04-07,11690.8000,11733.4000,11591.4500,11692.1000
2022-04-08,13006.7000,13024.3000,12754.2500,12945.7000
2022-04-10,12643.0000,12724.3000,12586.6000,12690.5500
2022-04-11,13283.7500,13336.8000,13228.7500,13271.7000
2022-04-12,10837.8000,10850.3000,10694.3500,10788.8000
2022-04-13,10819.1000,10874.2000,10676.9000,10698.3000
2022-04-18,10637.8500,10761.9500,10566.4500,10745.7500
2022-04-19,10795.9500,10877.0500,10519.0500,10615.1500
2022-04-20,10686.1000,10885.6500,10668.5000,10848.7000
2022-04-21,10892.9000,11104.6000,10890.7500,11090.5500
2022-04-22,10990.3500,11118.2500,10899.7500,11028.1500
2022-04-25,10918.1500,11063.8500,10864.4000,10916.5000
2022-04-26,11027.5500,11229.2500,11018.4000,11221.7500
2022-04-27,11118.7000,11200.7000,11063.1000,11158.8500
2022-04-28,11290.5500,11290.5500,11128.8500,11192.0500
2022-04-29,11236.1500,11275.6500,11034.7500,11078.1000
2022-05-01,11133.1000,11277.8000,11103.2000,11256.8500
2022-05-02,11015.6000,11038.0500,10897.0500,10938.3000
2022-05-04,10850.6500,10988.4500,10837.9000,10936.5000
2022-05-05,10765.9500,10885.8500,10684.3500,10705.7000
2022-05-06,10554.7500,10604.0500,10473.1500,10518.4500
2022-05-07,11750.2500,11791.4000,11632.0500,11649.8000
2022-05-08,12977.8000,12981.1000,12782.8000,12804.3500
2022-05-09,13244.4000,13260.7500,13162.8500,13246.1000
2022-05-10,10459.8000,10635.2000,10436.2000,10472.4500
2022-05-11,10486.7000,10541.5000,10233.4000,10377.4000
2022-05-12,13071.6000,13075.3000,12972.3000,13007.5500
2022-05-13,10300.2500,10610.8500,10280.3500,10412.3500
2022-05-16,10506.6000,10672.6500,10475.7500,10649.1000
2022-05-17,10677.5000,10928.0000,10677.0000,10911.1500
2022-05-18,10917.2000,11015.2000,10878.7000,10909.4500
2022-05-19,10680.2500,10800.8500,10597.5500,10618.0000
2022-05-20,10816.7500,10970.2500,10780.4500,10914.6000
2022-05-23,11057.7000,11229.9000,11057.5500,11115.2000
2022-05-24,11166.6500,11197.5000,11062.8000,11116.3000
2022-05-25,11174.9000,11196.4000,10975.8000,11011.5000
2022-05-26,11057.8000,11122.5500,10852.4500,11097.1500
2022-05-27,11205.7000,11300.7000,11141.1000,11270.2500
2022-05-30,11386.3000,11543.1500,11380.2500,11491.4000
2022-05-31,11512.4000,11682.3000,11494.7000,11586.6000
2022-06-01,11608.7000,11675.5000,11490.5500,11563.0000
2022-06-02,11543.5000,11557.4000,11416.2500,11491.4000
2022-06-03,11562.5000,11592.9000,11258.1000,11282.1500
2022-06-04,10915.4000,10942.3500,10830.1000,10906.8000
2022-06-05,10554.7500,10604.0500,10473.1500,10518.4500
2022-06-06,11245.4000,11352.9500,11175.2500,11303.1500
2022-06-07,11228.8500,11383.3000,11153.4000,11362.2000
2022-06-08,11421.6000,11450.0000,11270.6500,11382.3500
2022-06-09,13299.7500,13332.2000,13198.1500,13225.3000
2022-06-10,11324.6500,11421.8000,11318.5000,11394.0000
2022-06-12,12963.3000,12985.0500,12912.7000,12973.8000
2022-06-13,11215.4000,11261.2000,11132.0500,11165.6500
2022-06-14,11093.4500,11258.8500,11049.0500,11104.1500
2022-06-15,11158.8000,11250.4500,11153.9500,11206.7500
2022-06-16,11322.3000,11338.8500,10939.7000,10956.6000
2022-06-17,10902.4500,10947.2500,10762.4500,10830.9000
2022-06-20,10845.7500,10882.1500,10684.6500,10754.7000
2022-06-21,10818.4500,10994.0000,10786.8000,10974.2000
2022-06-22,10948.7000,10987.8000,10825.7500,10881.4000
2022-06-23,10940.3500,11386.9000,10933.9500,11359.5000
2022-06-24,11441.2000,11596.7000,11407.7500,11583.2500
2022-06-27,11747.9500,11780.1500,11659.7000,11686.0500
2022-06-28,11644.4000,11852.0500,11608.4500,11832.5500
2022-06-29,11736.3000,11865.2500,11715.9500,11850.5000
2022-06-30,11812.0500,11911.3500,11671.8000,11701.1500
2022-07-01,11649.9500,11737.0000,11530.3500,11711.9500
2022-07-02,11572.4500,11600.7500,11334.7000,11407.2500
2022-07-03,9648.8000,9655.0000,9374.0000,9480.4500
2022-07-04,10869.3000,10926.4000,10804.5000,10820.7000
2022-07-05,11750.2500,11791.4000,11632.0500,11649.8000
2022-07-06,11228.8500,11383.3000,11153.4000,11362.2000
2022-07-07,12056.6000,12132.4000,12039.2000,12114.1000
2022-07-08,12274.3500,12303.8000,12069.5000,12124.6000
2022-07-09,13129.7500,13205.5000,13025.5000,13072.6500
2022-07-10,12811.4000,12831.6500,12711.3500,12761.9500
2022-07-11,12074.6500,12266.3000,12040.5000,12252.5000
2022-07-12,12218.5000,12220.2000,12082.9000,12107.3500
2022-07-13,12154.0500,12189.3500,12080.1500,12099.3500
2022-07-14,12098.5500,12184.0500,12025.2500,12115.3000
2022-07-15,12139.9500,12377.6500,12135.6500,12361.6500
2022-07-18,12435.5000,12455.8500,12391.0000,12408.7000
2022-07-19,12373.5500,12553.6000,12364.6500,12538.9000
2022-07-20,12621.7000,12660.7000,12484.6000,12511.3000
2022-07-21,12528.7000,12612.4000,12501.9000,12581.3500
2022-07-22,12623.3500,12690.0000,12596.4500,12634.2000
2022-07-25,12639.3500,12648.4500,12369.1000,12423.7000
2022-07-26,12418.3000,12429.3500,12262.0500,12276.5000
2022-07-27,12289.0000,12342.5500,12204.6500,12326.3500
2022-07-28,12357.5500,12417.6000,12238.7000,12383.7000
2022-07-29,12482.5500,12687.6000,12474.1500,12543.2000
2022-08-01,12645.6500,12974.3500,12627.9500,12953.6500
2022-08-02,11491.1000,11561.5000,11300.2000,11429.8000
2022-08-03,13036.8000,13036.8000,12767.7500,12919.4000
2022-08-04,13006.7000,13024.3000,12754.2500,12945.7000
2022-08-05,12977.8000,12981.1000,12782.8000,12804.3500
2022-08-06,11421.6000,11450.0000,11270.6500,11382.3500
2022-08-07,12274.3500,12303.8000,12069.5000,12124.6000
2022-08-08,12821.5500,12977.8000,12816.4000,12927.9500
2022-08-09,13179.1500,13233.3000,13117.4000,13151.4000
2022-08-10,12959.0500,12992.7000,12868.5000,12951.6500
2022-08-11,13080.2000,13097.3500,12859.9000,12923.5500
2022-08-12,12938.0000,12953.1500,12847.4500,12923.7500
2022-08-16,13021.1500,13261.8500,13013.1000,13250.0000
2022-08-17,13281.0000,13336.0500,13172.8500,13194.2500
2022-08-18,13180.1500,13206.3000,13093.7500,13131.9000
2022-08-19,13177.3500,13222.6000,12910.3500,12946.4500
2022-08-22,12899.4000,12906.7500,12675.7500,12695.7500
2022-08-23,12630.9000,12945.8500,12607.6000,12925.7500
2022-08-24,12898.1000,12957.0000,12820.5000,12913.3500
2022-08-25,12956.7000,13001.1000,12856.7000,12877.9000
2022-08-26,12984.2500,13037.3500,12912.8500,12929.1500
2022-08-29,12675.2000,12909.9500,12651.7500,12886.4000
2022-08-30,12975.6500,13256.5000,12968.2000,13217.3500
2022-09-01,13025.5500,13381.6500,13025.5500,13266.1500
2022-09-02,11485.7000,11699.1000,11478.4000,11680.1500
2022-09-03,9628.2500,9872.4500,9560.1000,9832.3500
2022-09-05,10426.5500,10551.0000,10312.6500,10483.5000
2022-09-06,11320.9000,11438.7500,11294.3000,11419.2500
2022-09-07,13129.7500,13205.5000,13025.5000,13072.6500
2022-09-08,13179.1500,13233.3000,13117.4000,13151.4000
2022-09-09,13255.2500,13257.4500,13133.9500,13219.6000
2022-09-11,13544.7500,13544.9000,13308.2000,13341.4000
2022-09-12,13259.1500,13316.4500,13243.6500,13256.1000
2022-09-13,13320.1000,13340.6500,13242.3000,13264.1500
2022-09-14,13090.9500,13294.1000,13085.7000,13222.2500
2022-09-15,13288.0000,13421.6000,13263.8500,13315.5000
2022-09-16,13312.6000,13324.3500,12849.5500,12954.4500
2022-09-19,12982.6500,13145.1500,12872.5500,13074.0000
2022-09-20,13179.1500,13379.7500,13174.7000,13291.3500
2022-09-21,13303.3000,13412.9000,13186.3500,13223.4500
2022-09-22,13165.1000,13361.1000,13146.5500,13320.7500
2022-09-23,13326.5000,13392.0500,13023.5000,13093.5000
2022-09-26,12964.5500,12988.5000,12539.5500,12594.3500
2022-09-27,12687.8000,12687.8000,12407.4000,12529.8000
2022-09-28,12451.7000,12683.0500,12371.0000,12537.3500
2022-09-29,12655.1500,12706.8500,12468.3500,12497.3500
2022-09-30,12501.1500,12753.4000,12365.7000,12699.3000
2022-10-01,11341.3500,11524.3000,11327.2000,11501.7000
2022-10-02,11761.3000,11761.3000,11603.5000,11674.0500
2022-10-03,12790.1000,12790.1000,12388.0500,12441.0500
2022-10-04,12643.0000,12724.3000,12586.6000,12690.5500
2022-10-05,10459.8000,10635.2000,10436.2000,10472.4500
2022-10-06,11324.6500,11421.8000,11318.5000,11394.0000
2022-10-07,12811.4000,12831.6500,12711.3500,12761.9500
2022-10-08,12959.0500,12992.7000,12868.5000,12951.6500
2022-10-10,12622.7500,12711.5000,12514.6500,12693.6000
2022-10-11,12714.3000,12725.2000,12463.2500,12488.3500
2022-10-12,12526.9000,12612.7000,12459.1500,12598.3000
2022-10-13,12609.5500,12722.6000,12501.6000,12562.7500
2022-10-14,12758.1000,12773.5000,12464.3000,12478.2500
2022-10-17,12445.5500,12589.3500,12386.3000,12562.5500
2022-10-18,12623.5500,12769.5000,12620.6000,12732.6500
2022-10-19,12790.5000,12839.9000,12698.6500,12721.0500
2022-10-20,12657.1500,12755.0000,12544.6000,12729.6000
2022-10-21,12753.8500,12822.9500,12600.9500,12695.6500
2022-10-24,12827.4500,12856.3000,12775.8000,12794.6500
2022-10-25,12842.0000,12971.1500,12803.0500,12952.8000
2022-10-27,13024.8000,13026.0000,12908.6000,12979.4000
2022-10-28,13024.9500,13218.9500,12991.1000,13190.9000
2022-10-31,13302.3000,13453.7500,13270.3000,13381.6500
2022-11-01,13470.7500,13486.8000,13303.0500,13416.9000
2022-11-02,13438.0500,13449.9500,13264.2500,13318.2500
2022-11-03,13265.4500,13410.3000,13223.4000,13262.6500
2022-11-04,13283.7500,13336.8000,13228.7500,13271.7000
2022-11-05,10486.7000,10541.5000,10233.4000,10377.4000
2022-11-07,13336.0000,13460.9000,13316.4500,13443.9000
2022-11-08,13080.2000,13097.3500,12859.9000,12923.5500
2022-11-09,13544.7500,13544.9000,13308.2000,13341.4000
2022-11-10,12714.3000,12725.2000,12463.2500,12488.3500
2022-11-11,13254.4500,13280.8000,13003.2000,13040.9000
2022-11-14,13108.1000,13147.0000,13035.9000,13071.4000
2022-11-15,13086.8000,13190.5500,13074.5000,13155.5500
2022-11-16,13148.5500,13220.9000,13043.2500,13105.9500
2022-11-17,13046.2000,13066.5500,12904.0500,12927.4000
2022-11-18,12929.2500,12957.8000,12717.4000,12774.9000
2022-11-21,12738.0000,12777.7000,12668.3000,12696.1000
2022-11-22,12712.0000,12765.8500,12694.6000,12745.5000
2022-11-23,12809.2500,12835.2000,12762.8500,12774.7500
2022-11-24,12827.5500,12864.9000,12781.1500,12845.6000
2022-11-25,12884.5000,12996.8500,12828.4500,12958.0000
2022-11-28,12963.6000,13101.4500,12950.6000,13036.4000
2022-11-29,13048.7000,13088.6000,12979.4000,13007.6500
2022-11-30,13037.5000,13280.1000,13021.9000,13231.8500
2022-12-01,11526.2500,11660.6500,11484.7500,11645.9000
2022-12-02,13137.0000,13166.1000,13024.8500,13046.3500
2022-12-04,10837.8000,10850.3000,10694.3500,10788.8000
2022-12-05,13071.6000,13075.3000,12972.3000,13007.5500
2022-12-06,12963.3000,12985.0500,12912.7000,12973.8000
2022-12-07,12981.5000,12990.7500,12855.0000,12870.6500
2022-12-08,12899.1000,12934.0000,12846.4500,12908.1500
2022-12-09,13259.1500,13316.4500,13243.6500,13256.1000
2022-12-10,12526.9000,12612.7000,12459.1500,12598.3000
2022-12-12,12865.7500,12931.3000,12767.7500,12874.3500
2022-12-13,12921.5000,12967.3500,12905.0000,12931.0000
2022-12-14,12977.4000,13010.0500,12949.5000,13004.1000
2022-12-15,13000.3500,13037.7500,12890.7000,12912.9000
2022-12-16,12860.7000,12908.2000,12702.7000,12775.2500
2022-12-19,12783.6000,12995.1000,12715.3500,12978.8000
2022-12-20,12948.4500,12948.4500,12768.1000,12879.4000
2022-12-21,12909.6500,12951.4000,12633.1000,12695.4500
2022-12-22,12721.1500,12765.2000,12511.9000,12554.7000
2022-12-23,12452.6000,12474.5000,12213.5500,12236.0000
2022-12-26,12244.4000,12488.7000,12140.7000,12415.4000
2022-12-27,12483.0000,12567.5000,12409.4000,12522.7500
2022-12-28,12500.7500,12639.2500,12470.2000,12605.4500
2022-12-29,12537.7500,12705.7500,12456.4500,12634.6000
2022-12-30,12700.0000,12700.0500,12593.2000,12611.7000
2023-01-02,13397.7500,13539.8000,12972.3500,13206.8500
2023-01-03,12664.1500,12687.4500,12583.7500,12614.7500
2023-01-04,12622.8000,12631.2000,12467.8000,12512.0500
2023-01-05,12555.5500,12668.3500,12507.4500,12656.6500
2023-01-06,14202.4000,14303.3000,14168.7500,14257.0000
2023-01-08,15720.9500,15813.9000,15638.7000,15688.7000
2023-01-09,12706.6500,12810.4500,12694.3500,12783.0000
2023-01-10,12844.4000,12906.6000,12769.4500,12819.1000
2023-01-11,15952.0000,16007.5000,15807.9500,15835.6500
2023-01-12,12786.9500,12807.7000,12703.2500,12769.4000
2023-01-13,12797.5000,12883.9000,12724.0500,12832.4000
2023-01-16,12861.2500,12892.2500,12694.8500,12748.8000
2023-01-17,12769.0000,12835.2500,12705.7000,12821.8500
2023-01-18,12827.3500,12835.5500,12759.9500,12817.6000
2023-01-19,12775.6000,12803.5000,12743.5500,12763.0000
2023-01-20,12775.7500,12794.1500,12673.8000,12691.7000
2023-01-23,12748.1500,12845.2500,12700.4000,12797.0500
2023-01-24,12840.4000,12976.5000,12818.8000,12960.8500
2023-01-25,12986.5000,13030.3000,12895.3500,12957.1500
2023-01-27,13105.8500,13278.8500,12912.2000,13089.7000
2023-01-30,13096.4500,13164.2500,12959.6500,13076.8500
2023-01-31,13160.8000,13355.9500,13099.4000,13323.9000
2023-02-01,13397.7500,13539.8000,12972.3500,13206.8500
2023-02-02,13178.1500,13275.5500,13091.1500,13213.2500
2023-02-03,12874.3000,12875.2000,12712.3500,12738.8000
2023-02-05,13212.3000,13307.4500,13147.9000,13283.1500
2023-02-06,14325.3500,14402.2500,14263.4500,14388.6000
2023-02-07,13379.3500,13391.0000,13182.6000,13226.0500
2023-02-08,15688.7500,15694.8000,15300.1000,15428.9000
2023-02-09,13244.7500,13246.0500,13133.5500,13187.8500
2023-02-10,13198.4500,13264.9000,13153.8000,13235.0500
2023-02-11,15948.0500,15977.9000,15836.0000,15948.6500
2023-02-13,13224.6000,13287.7000,13074.1500,13154.3500
2023-02-14,13184.9500,13220.1500,13093.5500,13106.5500
2023-02-15,13099.2500,13246.2000,13087.4000,13235.2000
2023-02-16,13274.3000,13316.2500,13187.0000,13206.0500
2023-02-17,13153.0500,13233.0000,13107.8500,13140.0000
2023-02-20,13165.3000,13228.6000,13105.3500,13177.4000
2023-02-21,13222.4500,13227.9000,13129.3000,13148.7500
2023-02-22,13114.2500,13149.5000,12973.3000,12989.9500
2023-02-23,13018.1500,13026.4000,12896.2500,12982.2500
2023-02-24,13024.5000,13037.6500,12853.9500,12869.1000
2023-02-27,12822.8500,12840.9000,12566.0500,12675.3000
2023-02-28,12714.8000,12855.2500,12689.4000,12731.8000
2023-03-01,12664.1500,12687.4500,12583.7500,12614.7500
2023-03-02,13273.7500,13396.9500,13167.6500,13377.9500
2023-03-03,12799.9000,12834.9000,12750.9500,12787.0500
2023-03-04,12361.0500,12456.7000,12328.4000,12425.8500
2023-03-05,13273.2000,13289.2500,13215.9500,13278.6000
2023-03-06,12828.3500,12937.1500,12821.7500,12909.5000
2023-03-07,15198.0500,15291.5500,15089.8000,15106.8500
2023-03-08,12882.9500,13030.0500,12859.2500,13019.5000
2023-03-09,13039.9000,13059.4500,12766.7500,12781.2000
2023-03-10,12762.3000,12766.2000,12692.0500,12741.6000
2023-03-11,16108.7000,16130.1000,16015.1000,16045.4000
2023-03-13,12714.5500,12738.4000,12410.1000,12456.0000
2023-03-14,12475.2000,12486.0500,12310.0500,12345.5500
2023-03-15,12461.8000,12489.7000,12266.6000,12282.0000
2023-03-16,12267.0000,12349.1500,12159.9000,12304.9000
2023-03-17,12387.3500,12424.9500,12177.5500,12245.9500
2023-03-20,12225.3000,12255.4500,12025.4000,12131.7000
2023-03-21,12165.0500,12188.1000,12114.4500,12141.9500
2023-03-22,12190.1000,12266.3000,12165.2000,12201.3500
2023-03-23,12191.9000,12270.9000,12153.4000,12205.7000
2023-03-24,12196.5000,12235.9500,12089.1000,12113.4000
2023-03-27,12093.7500,12131.3500,12015.8500,12035.1000
2023-03-28,12066.9000,12090.5000,11901.8500,11917.9500
2023-03-29,11944.3000,12142.5500,11935.1000,12121.3000
2023-03-31,12157.8000,12257.6500,12154.0000,12243.8000
2023-04-01,12622.8000,12631.2000,12467.8000,12512.0500
2023-04-03,12361.0500,12456.7000,12328.4000,12425.8500
2023-04-05,13291.7500,13320.2000,13260.5500,13292.5500
2023-04-06,12366.6000,12479.8500,12312.7500,12469.3500
2023-04-07,15180.9000,15185.8500,15010.1000,15035.0500
2023-04-08,15469.6000,15513.5500,15218.6000,15328.4000
2023-04-09,16039.6000,16040.4000,15855.9000,15943.6000
2023-04-10,15952.2500,15952.6000,15715.9000,15782.6000
2023-04-11,12679.1500,12756.0000,12640.4000,12742.0500
2023-04-12,17756.1500,17756.9500,17530.9500,17687.2500
2023-04-13,12884.4500,12938.8000,12861.1500,12918.6500
2023-04-17,13012.9000,13012.9000,12910.9500,12996.1500
2023-04-18,13021.4500,13065.1500,12954.3500,13005.1000
2023-04-19,12992.1000,13056.1000,12981.1500,13002.5500
2023-04-20,13028.5000,13049.2000,12995.1000,13032.3500
2023-04-21,13031.9000,13031.9000,12881.1500,12898.7500
2023-04-24,12901.0500,12928.7500,12838.2000,12893.3500
2023-04-25,12916.9500,12942.8500,12869.1000,12904.5500
2023-04-26,12928.3000,12992.6500,12900.6500,12972.7500
2023-04-27,12984.6500,13084.9500,12961.4000,13071.8000
2023-04-28,13103.5500,13208.6500,13071.0000,13189.2500
2023-05-01,12555.5500,12668.3500,12507.4500,12656.6500
2023-05-02,13212.3000,13307.4500,13147.9000,13283.1500
2023-05-03,13273.2000,13289.2500,13215.9500,13278.6000
2023-05-04,13291.7500,13320.2000,13260.5500,13292.5500
2023-05-05,13314.3000,13453.6500,13287.6500,13345.8000
2023-05-06,14469.7000,14598.4000,14449.7500,14570.2500
2023-05-07,15108.4000,15304.2000,15048.2000,15281.9000
2023-05-08,13422.0500,13603.0500,13396.5500,13584.2500
2023-05-09,13631.1500,13712.4000,13600.0500,13648.5000
2023-05-10,13705.3500,13763.1000,13626.6500,13750.8500
2023-05-11,13810.8500,13826.9000,13736.0500,13803.7500
2023-05-12,13871.6500,13957.2000,13854.8000,13910.5000
2023-05-15,13952.7500,14082.4500,13931.4000,14007.8500
2023-05-16,14046.4000,14067.0500,13851.2000,13877.7000
2023-05-17,13892.7000,13936.5000,13839.2000,13889.9000
2023-05-18,13948.0000,13960.8500,13756.8500,13767.7000
2023-05-19,13799.0000,13876.5500,13647.6000,13863.5500
2023-05-22,13856.3000,13925.1500,13823.4000,13890.5000
2023-05-23,13907.5500,13994.6000,13884.7000,13982.6000
2023-05-24,13959.9000,14035.4000,13916.2500,13989.6000
2023-05-25,13963.0500,14050.8500,13920.7500,14029.5000
2023-05-26,14063.4000,14150.0000,14017.6500,14130.4500
2023-05-29,14254.8500,14315.3500,14158.0000,14219.6000
2023-05-30,14241.1500,14273.3000,14164.7500,14177.8500
2023-05-31,14180.6500,14236.8000,14107.7000,14199.0000
2023-06-01,12656.9000,12689.0000,12597.7500,12627.8000
2023-06-02,13372.1000,13398.2000,13221.8000,13360.1500
2023-06-03,12828.3500,12937.1500,12821.7500,12909.5000
2023-06-04,12366.6000,12479.8500,12312.7500,12469.3500
2023-06-05,14469.7000,14598.4000,14449.7500,14570.2500
2023-06-06,14609.0000,14743.4500,14594.3000,14729.5000
2023-06-07,15290.3000,15471.0000,15239.1000,15453.7000
2023-06-08,14866.2500,14903.1000,14669.8000,14692.0000
2023-06-09,14730.0500,14759.5500,14610.2000,14626.0000
2023-06-10,16025.2000,16039.8000,15966.4000,15990.6500
2023-06-11,16156.9500,16185.6500,16102.8500,16172.7500
2023-06-12,14691.9500,14729.2000,14601.0000,14673.8500
2023-06-13,14714.2500,14744.0000,14643.5500,14658.3000
2023-06-14,14692.7500,14718.1500,14635.9000,14682.7000
2023-06-15,14714.9000,14815.8000,14660.5500,14707.8500
2023-06-16,14747.8500,14788.1500,14701.5500,14768.4500
2023-06-19,14807.6500,14842.3000,14658.0500,14676.7000
2023-06-20,14683.9000,14810.7500,14573.9000,14785.6500
2023-06-21,14813.0000,14885.2000,14738.3000,14777.7000
2023-06-22,14819.9000,14871.8000,14683.0000,14702.1000
2023-06-23,14706.6000,14715.8500,14536.3500,14550.2000
2023-06-26,14563.0500,14745.6500,14527.6000,14717.8500
2023-06-27,14764.6000,14802.5500,14694.9000,14729.9000
2023-06-28,14798.9500,14859.5500,14767.4000,14840.5500
2023-06-30,14892.4500,15182.4500,14884.3500,15147.6500
2023-07-02,13379.3500,13391.0000,13182.6000,13226.0500
2023-07-03,15198.0500,15291.5500,15089.8000,15106.8500
2023-07-04,15180.9000,15185.8500,15010.1000,15035.0500
2023-07-05,15108.4000,15304.2000,15048.2000,15281.9000
2023-07-06,14798.4500,14842.5000,14716.3500,14819.4500
2023-07-07,15423.2000,15565.7500,15374.5000,15498.8500
2023-07-08,15404.6000,15441.6000,15333.8500,15390.9000
2023-07-09,15918.6000,16014.7500,15898.2000,15995.8500
2023-07-10,15556.2500,15630.2000,15387.2000,15403.2000
2023-07-11,15486.5500,15630.4500,15456.4500,15617.4500
2023-07-12,17865.7500,18005.6000,17757.4000,17867.3500
2023-07-13,15685.1000,15761.2000,15460.8000,15519.7000
2023-07-14,15574.4500,15605.9000,15513.3000,15576.1000
2023-07-17,15641.4500,15643.8000,15477.7000,15526.8000
2023-07-18,15558.3500,15595.7500,15443.0500,15513.8000
2023-07-19,15526.3000,15559.3000,15454.8500,15513.1500
2023-07-20,15544.4500,15589.9000,15434.4000,15577.0000
2023-07-21,15547.4000,15645.3000,15509.5500,15590.3500
2023-07-24,15614.3000,15715.6500,15581.6000,15617.5500
2023-07-25,15689.1500,15786.7000,15664.3500,15765.6000
2023-07-26,15820.8500,15912.1500,15734.8500,15763.2500
2023-07-27,15713.6500,15713.9000,15492.5500,15572.0000
2023-07-28,15628.4500,15631.3500,15466.9000,15537.9000
2023-07-31,15574.5500,15738.1500,15512.9000,15708.0500
2023-08-01,15720.9500,15813.9000,15638.7000,15688.7000
2023-08-02,15688.7500,15694.8000,15300.1000,15428.9000
2023-08-03,12882.9500,13030.0500,12859.2500,13019.5000
2023-08-04,15469.6000,15513.5500,15218.6000,15328.4000
2023-08-05,13422.0500,13603.0500,13396.5500,13584.2500
2023-08-06,14866.2500,14903.1000,14669.8000,14692.0000
2023-08-07,15404.6000,15441.6000,15333.8500,15390.9000
2023-08-08,15430.8500,15452.6000,15280.6000,15343.6500
2023-08-09,16056.9500,16130.4500,16012.7500,16102.9000
2023-08-10,15492.5500,15522.8000,15400.6000,15444.8000
2023-08-11,16220.2000,16235.9500,16166.0000,16220.8000
2023-08-12,17914.9500,17948.2500,17663.3000,17769.1000
2023-08-14,15369.7500,15371.9000,15122.9500,15327.4500
2023-08-16,15330.7000,15450.0000,15218.9000,15425.0000
2023-08-17,15466.5500,15479.4000,15339.7500,15399.2500
2023-08-18,15379.9500,15436.1500,15329.9500,15391.7500
2023-08-21,15395.0000,15456.1500,15338.6500,15427.6000
2023-08-22,15445.8500,15533.0000,15422.6500,15507.9000
2023-08-23,15539.8000,15553.3500,15471.5000,15498.1000
2023-08-24,15579.8500,15581.8500,15439.4500,15459.3000
2023-08-25,15427.5000,15493.3500,15293.9000,15363.6000
2023-08-28,15402.0500,15521.8000,15392.3500,15475.2500
2023-08-29,15515.3000,15594.6500,15472.6500,15578.9000
2023-08-30,15654.2000,15732.3000,15623.7000,15678.1000
2023-08-31,15712.2000,15783.1500,15643.5500,15670.2500
2023-09-01,12706.6500,12810.4500,12694.3500,12783.0000
2023-09-02,13244.7500,13246.0500,13133.5500,13187.8500
2023-09-03,13039.9000,13059.4500,12766.7500,12781.2000
2023-09-04,16039.6000,16040.4000,15855.9000,15943.6000
2023-09-05,15966.4500,16030.3500,15919.0500,15942.7500
2023-09-06,15973.5000,15974.8500,15842.8000,15921.2500
2023-09-07,15918.6000,16014.7500,15898.2000,15995.8500
2023-09-08,16056.9500,16130.4500,16012.7500,16102.9000
2023-09-10,15891.1000,15958.8000,15801.8500,15832.8500
2023-09-11,16253.5500,16401.5000,16229.6500,16355.3000
2023-09-12,16417.6500,16428.3500,15940.0500,16070.0500
2023-09-13,16081.2500,16112.9500,15926.2000,15995.9500
2023-09-14,16065.4500,16193.4000,16056.9000,16169.6500
2023-09-15,16249.0000,16456.8000,16241.5500,16425.8000
2023-09-18,16451.8000,16647.0500,16397.4000,16563.9000
2023-09-20,16495.2000,16628.9500,16411.6000,16479.7000
2023-09-21,16468.9500,16516.5500,16160.6000,16200.4000
2023-09-22,16214.0000,16301.3000,16129.0500,16234.3500
2023-09-25,16267.0000,16320.0500,16170.5000,16221.5500
2023-09-26,16241.5500,16325.2500,16231.2500,16278.2500
2023-09-27,16281.9500,16315.8000,16195.8500,16283.4000
2023-09-28,16308.2500,16327.0000,16041.5000,16092.2000
2023-09-29,16146.8500,16261.9000,16045.1000,16184.4000
2023-10-01,12844.4000,12906.6000,12769.4500,12819.1000
2023-10-02,13198.4500,13264.9000,13153.8000,13235.0500
2023-10-03,16315.3500,16316.0000,15955.9000,15990.6000
2023-10-04,15952.2500,15952.6000,15715.9000,15782.6000
2023-10-05,15878.9500,15960.7000,15785.9000,15916.1000
2023-10-06,16025.2000,16039.8000,15966.4000,15990.6500
2023-10-07,15556.2500,15630.2000,15387.2000,15403.2000
2023-10-08,15492.5500,15522.8000,15400.6000,15444.8000
2023-10-09,15891.1000,15958.8000,15801.8500,15832.8500
2023-10-10,15892.2500,16059.3000,15877.0500,16028.7000
2023-10-11,16088.9500,16204.2500,16085.2000,16175.8000
2023-10-12,16232.9000,16327.4000,16216.8500,16301.7000
2023-10-13,16231.2500,16468.0000,16229.3500,16444.9500
2023-10-16,16460.0500,16551.9000,16446.1500,16519.3500
2023-10-17,16585.7000,16618.4500,16490.5500,16522.7500
2023-10-18,16544.0500,16592.9500,16482.6500,16535.4000
2023-10-19,16458.0000,16645.7000,16445.2500,16618.0000
2023-10-20,16579.4500,16664.8500,16470.2500,16497.8500
2023-10-23,16450.8500,16538.1000,16253.7500,16277.8500
2023-10-25,16297.5500,16343.6500,16082.4500,16210.4500
2023-10-26,16129.7500,16155.7000,15928.6000,15953.0500
2023-10-27,16002.2500,16279.8000,16002.1500,16169.1500
2023-10-30,16215.6500,16242.3500,15831.8000,16023.4500
2023-10-31,16139.2500,16139.2500,15899.2500,15916.2000
2023-11-01,12856.0500,12865.9000,12714.7000,12753.0500
2023-11-02,15948.0500,15977.9000,15836.0000,15948.6500
2023-11-03,16108.7000,16130.1000,16015.1000,16045.4000
2023-11-04,12679.1500,12756.0000,12640.4000,12742.0500
2023-11-05,13810.8500,13826.9000,13736.0500,13803.7500
2023-11-06,16156.9500,16185.6500,16102.8500,16172.7500
2023-11-07,15486.5500,15630.4500,15456.4500,15617.4500
2023-11-08,15484.0000,15488.4000,15355.7500,15378.1000
2023-11-09,16173.9000,16386.5000,16163.4500,16374.9500
2023-11-10,16088.9500,16204.2500,16085.2000,16175.8000
2023-11-12,17811.1500,17885.8500,17711.6500,17852.3000
2023-11-13,16370.1500,16387.2000,16307.8000,16365.3000
2023-11-15,16522.6500,16666.8000,16421.7500,16648.5000
2023-11-16,16667.3000,16863.8500,16632.3000,16788.9000
2023-11-17,16819.3500,16951.6000,16798.9000,16905.5000
2023-11-20,16912.4500,16951.3000,16730.1000,16777.3000
2023-11-21,16824.6500,16871.4000,16758.3000,16860.1000
2023-11-22,16880.1000,16992.5500,16767.6500,16972.2000
2023-11-23,17018.7500,17067.9500,16993.7500,17033.5500
2023-11-24,17067.1500,17080.8500,17014.1000,17040.3500
2023-11-28,17092.0000,17230.5500,17047.1000,17202.7500
2023-11-29,17286.5000,17503.7500,17244.2500,17482.4500
2023-11-30,17514.6500,17588.5500,17436.7000,17551.8500
2023-12-01,12786.9500,12807.7000,12703.2500,12769.4000
2023-12-04,12759.0000,12897.6500,12751.7500,12862.2000
2023-12-05,17728.8500,17868.5000,17681.6000,17792.1000
2023-12-06,17775.3500,17827.7000,17672.9500,17788.4000
2023-12-07,17865.7500,18005.6000,17757.4000,17867.3500
2023-12-08,17914.9500,17948.2500,17663.3000,17769.1000
2023-12-09,16417.6500,16428.3500,15940.0500,16070.0500
2023-12-10,16232.9000,16327.4000,16216.8500,16301.7000
2023-12-11,16440.8500,16440.8500,16364.5500,16377.0500
2023-12-12,17927.4000,17935.0000,17630.6500,17726.5000
2023-12-13,17753.8000,17937.1500,17699.6500,17917.9000
2023-12-14,17998.5500,18077.0000,17926.6000,18045.0500
2023-12-15,18179.2000,18182.1000,17843.2500,18038.2500
2023-12-18,18048.4500,18156.1000,17969.7500,18068.2500
2023-12-19,18112.2500,18116.5500,17905.1000,17932.7000
2023-12-20,18019.1000,18038.5000,17479.9000,17523.5500
2023-12-21,17405.0000,17603.5500,17294.3500,17537.8500
2023-12-22,17627.7500,17840.6000,17566.8500,17778.9000
2023-12-26,17841.9000,17977.0500,17806.9000,17953.5500
2023-12-27,18040.3500,18242.8500,18009.7500,18224.8500
2023-12-28,18244.3500,18446.5500,18234.7500,18408.6000
2023-12-29,18440.8000,18719.5000,18417.8500,18618.2000
2024-01-01,18666.3500,18707.8000,18565.0500,18594.3500
2024-01-02,18651.3500,18664.3500,18241.0000,18339.3500
2024-01-03,18361.3000,18395.4500,18175.5000,18317.5000
2024-01-04,18428.9500,18428.9500,18296.7500,18326.7500
2024-01-05,18378.4500,18514.7500,18345.2000,18406.9500
2024-01-07,25173.6500,25417.9000,25172.4000,25323.8500
2024-01-08,26900.9500,26934.0500,26357.4500,26487.4500
2024-01-09,18542.4500,18606.1500,18402.4000,18519.8000
2024-01-10,18565.6000,18575.1000,18384.4500,18559.1000
2024-01-11,18648.5000,18826.9000,18631.4500,18755.1000
2024-01-12,18771.0000,18798.7500,18588.1500,18715.2000
2024-01-15,18796.6500,18799.4000,18623.6000,18765.2500
2024-01-16,18749.1000,18865.8500,18642.3000,18712.7000
2024-01-17,18537.0000,18620.0000,18413.6500,18447.2500
2024-01-18,18402.5000,18528.4500,18142.5000,18496.2500
2024-01-19,18585.0500,18708.3500,18572.7500,18694.6000
2024-01-20,18752.2500,18786.7500,18592.1500,18651.1000
2024-01-23,18649.6000,18763.0000,18314.1500,18361.0000
2024-01-24,18384.6000,18632.1500,18143.7500,18593.7000
2024-01-25,18707.7500,18709.1000,18434.4500,18614.9000
2024-01-29,18631.0000,18949.6000,18570.7500,18927.2500
2024-01-30,18993.6500,19123.7000,18859.1000,18878.3500
2024-01-31,18887.1500,19257.1000,18861.5500,19227.1500
2024-02-01,18651.3500,18664.3500,18241.0000,18339.3500
2024-02-02,19364.0000,19563.0500,19304.7500,19380.5000
2024-02-03,20980.2500,21006.7500,20902.9000,20941.9500
2024-02-04,21494.2000,21641.2000,21373.2000,21614.2500
2024-02-05,22613.9500,22776.9000,22478.1500,22733.5000
2024-02-06,19731.2000,19912.4500,19683.9000,19903.8500
2024-02-07,25397.3000,25397.3000,25039.1500,25130.8500
2024-02-08,19963.2500,19974.5500,19607.5000,19649.5000
2024-02-09,19709.7500,19713.3500,19365.2000,19576.0000
2024-02-12,19644.0000,19653.1500,19364.5000,19419.6000
2024-02-13,19504.9500,19554.0000,19235.9000,19433.0500
2024-02-14,19300.5000,19770.8000,19257.1000,19716.0000
2024-02-15,19842.6500,20029.1000,19811.9500,19981.7000
2024-02-16,20093.6500,20515.0500,20074.1000,20423.4500
2024-02-19,20514.2000,20548.8000,20380.9000,20481.6000
2024-02-20,20459.3500,20480.4000,20239.5000,20354.2500
2024-02-21,20372.0000,20494.1000,20192.4500,20252.5500
2024-02-22,20341.1500,20621.9500,20181.0000,20584.8500
2024-02-23,20692.8000,20711.0000,20540.7500,20621.3500
2024-02-26,20633.4500,20714.4500,20537.5000,20642.4000
2024-02-27,20633.4000,20825.8500,20593.0000,20788.5500
2024-02-28,20808.4000,20830.4000,20325.7000,20372.3500
2024-02-29,20317.8000,20481.7500,20230.2000,20412.4000
2024-03-01,18361.3000,18395.4500,18175.5000,18317.5000
2024-03-02,20980.2500,21006.7500,20902.9000,20941.9500
2024-03-04,21555.6500,21629.5500,21446.7500,21555.3500
2024-03-05,22870.5500,22870.5500,22342.6000,22541.3500
2024-03-06,24159.7000,24159.7000,23874.9000,23992.7000
2024-03-07,21141.4000,21247.5500,21004.5000,21126.8000
2024-03-09,26140.8500,26141.7500,26004.1500,26034.6500
2024-03-10,26479.5000,26806.2000,26261.5500,26302.1000
2024-03-11,21213.4000,21219.8500,20962.0000,21001.1500
2024-03-12,20999.3000,21077.0500,20853.8500,20931.8500
2024-03-13,20942.2500,20988.5500,20211.2000,20338.2500
2024-03-14,20235.0500,20569.2500,20169.8500,20514.2500
2024-03-15,20475.6000,20523.3500,20066.8000,20192.3000
2024-03-18,20189.8500,20462.7000,20102.9000,20446.6000
2024-03-19,20398.4500,20449.8000,20258.1000,20354.1000
2024-03-20,20438.4500,20618.1000,20263.9000,20406.4500
2024-03-21,20541.7500,20750.4000,20472.6000,20700.2500
2024-03-22,20706.4000,21177.4000,20622.8000,21046.4000
2024-03-26,21018.5000,21177.9500,20974.7500,21038.3000
2024-03-27,21118.4000,21324.7500,21088.7000,21146.2000
2024-03-28,21222.5000,21607.8000,21085.8500,21419.1000
2024-04-01,18428.9500,18428.9500,18296.7500,18326.7500
2024-04-02,21494.2000,21641.2000,21373.2000,21614.2500
2024-04-03,20998.8500,21040.3500,20824.9500,20840.2000
2024-04-04,21672.7000,21719.0000,21404.8500,21651.8500
2024-04-05,21597.8500,21651.3500,21539.2500,21600.9000
2024-04-06,24000.9500,24001.1000,22026.3000,23193.3000
2024-04-07,25270.7500,25415.2500,25242.5500,25366.4500
2024-04-08,21662.1500,22102.0500,21642.9000,22067.9500
2024-04-09,25869.4000,25988.5500,25764.2000,25934.2500
2024-04-10,22081.4500,22148.8500,21920.8000,21985.1500
2024-04-11,23883.7500,24068.9000,23258.1500,23573.2000
2024-04-12,21985.8000,22076.2000,21834.4500,21851.3000
2024-04-15,21623.6000,21818.8500,21445.0000,21680.3000
2024-04-16,21536.9000,21845.1000,21480.7500,21703.0500
2024-04-18,21790.7500,21948.5000,21459.0500,21520.7500
2024-04-19,21483.3000,21637.1000,21144.7500,21609.7000
2024-04-22,21846.0500,21854.2000,21653.7500,21812.7000
2024-04-23,21897.9500,22006.2500,21806.1500,21914.3000
2024-04-24,21963.8000,22023.4000,21869.2500,21896.9000
2024-04-25,21938.4000,22221.6000,21852.9500,22174.0500
2024-04-26,22219.3000,22286.5500,22081.1000,22111.5500
2024-04-29,22192.4000,22259.6500,21990.9000,22078.7500
2024-04-30,22184.8000,22634.0500,22181.1000,22479.9000
2024-05-01,18378.4500,18514.7500,18345.2000,18406.9500
2024-05-02,22613.9500,22776.9000,22478.1500,22733.5000
2024-05-03,22870.5500,22870.5500,22342.6000,22541.3500
2024-05-04,21597.8500,21651.3500,21539.2500,21600.9000
2024-05-06,22622.6000,22654.9000,22394.3500,22526.6000
2024-05-07,22582.3500,22595.9000,21996.6500,22114.0000
2024-05-08,22102.9500,22512.5500,21959.3000,22458.6500
2024-05-09,25987.7000,26016.9500,25800.2500,25835.3000
2024-05-10,22725.3500,22898.3000,22672.3000,22846.9000
2024-05-11,23553.1500,23891.1500,23462.4500,23839.6000
2024-05-12,23691.1000,23853.7500,23438.5500,23736.2500
2024-05-13,22725.0000,22731.0000,22127.9000,22462.6500
2024-05-14,22476.8000,22894.7000,22435.7000,22874.8000
2024-05-15,22930.6000,22946.0500,22681.0000,22759.8500
2024-05-16,22892.1000,22943.8000,22448.5500,22886.8500
2024-05-17,23045.6500,23386.9500,23039.4000,23285.6500
2024-05-18,23389.6500,23400.0500,23305.3500,23339.3000
2024-05-21,23322.9500,23422.0500,23215.4500,23353.7500
2024-05-22,23380.9000,23400.2500,23201.9500,23324.1000
2024-05-23,23368.5500,23874.7500,23252.2000,23849.2500
2024-05-24,23774.1500,24038.6000,23692.1500,23891.4500
2024-05-27,23972.4000,23996.7000,23696.3500,23877.1500
2024-05-28,23894.6500,23978.4500,23763.4000,23814.2500
2024-05-29,23670.5500,23805.4500,23566.0500,23757.9500
2024-05-30,23690.5000,23767.2500,23392.1500,23471.0000
2024-05-31,23613.4000,23733.6500,23314.0500,23419.6000
2024-06-02,19731.2000,19912.4500,19683.9000,19903.8500
2024-06-03,24159.7000,24159.7000,23874.9000,23992.7000
2024-06-04,24000.9500,24001.1000,22026.3000,23193.3000
2024-06-05,23374.1500,24347.9000,23120.6500,24283.7500
2024-06-06,24367.8000,24463.3000,24200.9500,24396.7000
2024-06-07,24317.7500,25043.3500,24282.4000,25020.2000
2024-06-08,24909.0500,25309.2000,24464.5000,24520.0500
2024-06-09,25817.6500,25893.1500,25435.9000,25527.1500
2024-06-10,25100.5000,25260.0500,24912.6000,25022.6500
2024-06-11,25075.2500,25342.2000,25008.2000,25230.8000
2024-06-12,25296.6500,25407.1500,25198.0500,25217.6000
2024-06-13,25482.3000,25482.3000,25162.5000,25393.2000
2024-06-14,25437.8000,25774.7000,25347.3500,25722.1000
2024-06-18,25844.7000,25991.4500,25690.3500,25715.3000
2024-06-19,25809.8500,25824.3500,25344.4000,25381.7000
2024-06-20,25432.1000,25498.4000,25201.2500,25267.8500
2024-06-21,25344.8000,25437.3500,25016.9000,25092.3000
2024-06-24,25033.9500,25350.8500,24861.3000,25309.8000
2024-06-25,25363.6500,25505.7500,25205.5000,25250.2500
2024-06-26,25260.5000,25293.8000,24999.6000,25018.9000
2024-06-27,25025.6500,25249.5500,24841.8500,25191.4000
2024-06-28,25160.5500,25339.1500,25119.6500,25200.6000
2024-07-01,25173.6500,25417.9000,25172.4000,25323.8500
2024-07-02,19977.7500,20033.6000,19762.2000,19903.8000
2024-07-03,25252.0000,25273.3000,25123.2000,25182.8000
2024-07-04,25270.7500,25415.2500,25242.5500,25366.4500
2024-07-05,22582.3500,22595.9000,21996.6500,22114.0000
2024-07-06,24317.7500,25043.3500,24282.4000,25020.2000
2024-07-08,25480.5500,25581.9500,25230.8000,25260.5000
2024-07-09,25389.7000,25845.7500,25338.3500,25823.5500
2024-07-10,26042.6000,26079.9500,25544.8000,25807.1500
2024-07-11,24236.9500,24243.8000,23696.0500,23812.5000
2024-07-12,25246.4000,25301.4000,25102.4000,25145.4500
2024-07-15,25235.7000,25451.1000,25191.1500,25419.8000
2024-07-16,25510.2500,25587.8500,25430.9500,25482.9000
2024-07-18,25457.4000,25605.5000,25162.7000,25576.7000
2024-07-19,25573.9000,25573.9000,24931.2500,24963.3500
2024-07-22,24889.3000,25292.9000,24689.8000,25250.7500
2024-07-23,25361.7500,25458.2000,24473.8000,25321.7000
2024-07-24,25305.8000,25370.1000,25193.0500,25309.0500
2024-07-25,25210.7000,25640.4000,25147.3500,25627.3500
2024-07-26,25759.2500,26289.3500,25601.7000,26250.7000
2024-07-29,26382.3000,26460.6500,26261.8000,26426.5500
2024-07-30,26468.8500,26757.9000,26386.1000,26580.9500
2024-07-31,26675.6000,26800.7000,26516.3500,26685.2500
2024-08-01,26900.9500,26934.0500,26357.4500,26487.4500
2024-08-02,26192.8000,26192.8000,25678.3500,25714.4500
2024-08-04,21662.1500,22102.0500,21642.9000,22067.9500
2024-08-05,22102.9500,22512.5500,21959.3000,22458.6500
2024-08-06,24909.0500,25309.2000,24464.5000,24520.0500
2024-08-07,25001.5000,25028.2000,24789.8500,24937.6000
2024-08-08,24947.8000,25111.1500,24785.0500,24917.3500
2024-08-09,25272.9000,25445.0000,25202.7500,25346.6500
2024-08-10,25731.8500,26293.6000,25612.4500,26236.1000
2024-08-11,23855.5500,23900.6000,23536.0500,23805.2000
2024-08-12,25267.1500,25345.1000,25089.7500,25278.9500
2024-08-13,25330.4500,25362.3500,25041.9500,25081.8500
2024-08-14,25169.8000,25235.8500,25021.1000,25093.5000
2024-08-16,25344.8000,25635.4500,25261.7500,25597.3500
2024-08-19,25732.1000,25732.1000,25355.7000,25368.7500
2024-08-20,25480.7500,25538.4500,25377.6000,25500.0000
2024-08-21,25520.5500,25597.6500,25448.0500,25586.7500
2024-08-22,25658.4500,25681.5000,25518.0500,25563.6500
2024-08-23,25630.8000,25929.0500,25621.2500,25850.7000
2024-08-26,25913.5000,25995.7500,25802.1500,25941.4500
2024-08-27,25960.7000,26026.8000,25857.0500,25911.9000
2024-08-28,25963.2500,26055.6000,25817.2500,25879.4000
2024-08-29,25858.4000,26117.9500,25671.2500,26020.4000
2024-08-30,26083.3000,26245.6000,25976.4500,26172.8000
2024-09-01,18542.4500,18606.1500,18402.4000,18519.8000
2024-09-02,19709.7500,19713.3500,19365.2000,19576.0000
2024-09-03,26140.8500,26141.7500,26004.1500,26034.6500
2024-09-04,25869.4000,25988.5500,25764.2000,25934.2500
2024-09-05,25987.7000,26016.9500,25800.2500,25835.3000
2024-09-06,25817.6500,25893.1500,25435.9000,25527.1500
2024-09-07,25389.7000,25845.7500,25338.3500,25823.5500
2024-09-08,25272.9000,25445.0000,25202.7500,25346.6500
2024-09-09,25499.6000,25523.6000,25259.2500,25495.2500
2024-09-10,25539.5000,25627.1500,25398.3000,25556.4500
2024-09-11,25406.4000,25456.8000,25191.0000,25240.6000
2024-09-12,25342.5500,25818.4500,25191.1000,25779.8000
2024-09-13,25832.4000,25870.7000,25718.1500,25820.8500
2024-09-16,25865.8000,25915.5500,25801.1000,25829.6500
2024-09-17,25903.3500,25942.9000,25602.2000,25896.4000
2024-09-18,25885.5000,26117.2500,25746.3500,25804.4500
2024-09-19,25934.8500,26105.0000,25806.0000,25907.6500
2024-09-20,25960.5000,26452.0500,25926.7500,26394.5500
2024-09-23,26491.2500,26825.5500,26485.9000,26805.4000
2024-09-24,26700.8000,26966.9500,26696.6000,26920.4500
2024-09-25,26872.5000,27108.4500,26714.8000,26888.3500
2024-09-26,26885.4500,27526.3500,26839.3000,27496.2500
2024-09-27,27477.7000,27696.1000,27382.6500,27610.7500
2024-09-30,27474.3000,27534.9000,26971.0500,27027.2000
2024-10-01,18565.6000,18575.1000,18384.4500,18559.1000
2024-10-03,26479.5000,26806.2000,26261.5500,26302.1000
2024-10-04,22081.4500,22148.8500,21920.8000,21985.1500
2024-10-05,22725.3500,22898.3000,22672.3000,22846.9000
2024-10-06,25100.5000,25260.0500,24912.6000,25022.6500
2024-10-07,25904.4500,25906.1000,25094.1000,25302.8000
2024-10-08,25731.8500,26293.6000,25612.4500,26236.1000
2024-10-09,25539.5000,25627.1500,25398.3000,25556.4500
2024-10-10,26492.0000,26764.1500,26392.1500,26528.5000
2024-10-11,26583.2500,26610.9000,26381.0000,26436.6000
2024-10-12,23806.8000,23838.0000,23635.4000,23767.0500
2024-10-14,26501.1500,26569.4000,26428.0500,26463.5500
2024-10-15,26619.0000,26626.1000,26028.8000,26242.6000
2024-10-16,26178.2500,26197.2500,25783.2500,25909.0000
2024-10-17,25792.1500,25820.5000,24959.8500,24991.2000
2024-10-18,24907.9500,25247.8000,24699.3500,25146.9000
2024-10-21,25161.5500,25359.5500,24777.6000,25251.8500
2024-10-22,25297.4500,25316.4500,24583.9500,24627.2500
2024-10-23,24593.5000,24873.8000,24388.0000,24451.3000
2024-10-24,24432.9000,24555.4500,24257.4500,24324.8500
2024-10-25,24360.9500,24378.1500,23519.8000,23799.3000
2024-10-28,23807.0500,24224.0500,23664.5000,23964.4500
2024-10-29,23941.6500,24048.6500,23264.3000,23588.6000
2024-10-30,23430.6000,23855.1500,23423.9000,23594.0000
2024-10-31,23606.6500,23625.3000,23401.8500,23514.7000
2024-11-01,18648.5000,18826.9000,18631.4500,18755.1000
2024-11-03,21213.4000,21219.8500,20962.0000,21001.1500
2024-11-04,23883.7500,24068.9000,23258.1500,23573.2000
2024-11-05,23553.1500,23891.1500,23462.4500,23839.6000
2024-11-06,25075.2500,25342.2000,25008.2000,25230.8000
2024-11-07,24236.9500,24243.8000,23696.0500,23812.5000
2024-11-08,23855.5500,23900.6000,23536.0500,23805.2000
2024-11-09,25406.4000,25456.8000,25191.0000,25240.6000
2024-11-10,26583.2500,26610.9000,26381.0000,26436.6000
2024-11-11,23740.2000,24077.1000,23618.3000,23729.4500
2024-11-12,23744.7000,23865.6000,23183.7500,23269.1000
2024-11-13,23207.7000,23220.0000,22691.5000,22765.2000
2024-11-14,22831.5500,23036.1500,22659.0500,22914.5000
2024-11-18,23044.7500,23261.8500,22854.5500,23043.8500
2024-11-19,23052.5500,23713.2000,23051.6000,23359.5000
2024-11-21,23321.3500,23328.5000,23072.6500,23145.9000
2024-11-22,23208.8000,23686.3500,23089.0500,23554.1000
2024-11-25,23914.5500,24111.9500,23648.6500,23716.4500
2024-11-26,23762.5500,23800.1500,23326.8000,23413.0000
2024-11-27,23515.8000,23639.0000,23419.4000,23517.3500
2024-11-28,23509.2500,23549.7000,23091.8000,23134.7000
2024-11-29,23169.2000,23446.5000,23128.9000,23368.5500
2024-12-01,18771.0000,18798.7500,18588.1500,18715.2000
2024-12-02,23433.0000,23615.4500,23353.7500,23599.6000
2024-12-03,20999.3000,21077.0500,20853.8500,20931.8500
2024-12-04,23746.2000,23850.7500,23466.7500,23584.0000
2024-12-05,23691.1000,23853.7500,23438.5500,23736.2500
2024-12-06,23799.7500,23982.5000,23722.8500,23960.2500
2024-12-07,25246.4000,25301.4000,25102.4000,25145.4500
2024-12-08,25267.1500,25345.1000,25089.7500,25278.9500
2024-12-09,23948.5000,23986.0500,23750.6000,23775.0500
2024-12-10,23806.8000,23838.0000,23635.4000,23767.0500
2024-12-11,23744.7000,23865.6000,23183.7500,23269.1000
2024-12-12,23891.8000,23908.1000,23615.3000,23660.3000
2024-12-13,23617.7500,23803.7500,23292.1000,23773.1000
2024-12-16,23805.0500,23823.3500,23628.2500,23790.5000
2024-12-17,23705.1000,23834.0000,23361.6500,23417.8000
2024-12-18,23319.6000,23423.5500,23208.6000,23241.2500
2024-12-19,22911.7500,23166.6500,22862.4000,23070.9000
2024-12-20,23070.4500,23236.6000,22531.6500,22580.0000
2024-12-23,22699.9500,22765.5500,22488.3000,22557.7500
2024-12-24,22565.4500,22810.2000,22510.6000,22685.5500
2024-12-26,22709.8500,22947.8000,22709.8500,22876.1000
2024-12-27,22960.6000,23461.9500,22952.6000,23099.0500
2024-12-30,23072.2500,23100.8000,22695.7500,22768.2500
2024-12-31,22713.6000,22899.8000,22641.0000,22834.0000
2025-01-01,22834.2000,23167.4000,22689.2000,23139.5500
2025-01-02,22926.2000,23519.7000,22727.6500,23305.4500
2025-01-03,24058.9500,24173.2500,23899.7500,24005.0000
2025-01-04,21177.0000,21543.8000,21100.2000,21235.2500
2025-01-06,24087.4500,24169.7000,23365.6000,23482.2000
2025-01-07,23927.2000,23994.2500,23745.8000,23824.0000
2025-01-08,23543.9000,23549.6500,23191.6000,23370.1500
2025-01-09,23457.4500,23552.7500,23240.0000,23305.2000
2025-01-10,23262.3000,23345.8500,22896.0500,23017.7500
2025-01-12,27929.3000,28075.6500,27853.8500,27993.0000
2025-01-13,22789.7000,22842.4500,22351.0000,22382.2500
2025-01-14,22416.5000,22935.8500,22415.9500,22833.0500
2025-01-15,22929.5500,23063.7000,22602.6500,22712.7500
2025-01-16,22866.8000,22934.7500,22758.1500,22861.2500
2025-01-17,22835.2500,22941.7000,22651.6000,22791.1000
2025-01-20,22805.7500,22853.0000,22511.7500,22671.8000
2025-01-21,22727.7000,22881.9500,22261.9000,22303.2000
2025-01-22,22409.7500,22428.7000,22121.4000,22274.3500
2025-01-23,22245.8000,22587.4000,22166.1500,22518.9500
2025-01-24,22463.9500,22589.0500,22120.0500,22171.0500
2025-01-27,22055.1500,22081.2500,21835.6000,21970.4500
2025-01-28,22061.2000,22506.6000,21867.8000,22264.1500
2025-01-29,22299.0000,22707.5500,22269.9500,22586.3500
2025-01-30,22420.3000,22683.8500,22259.1000,22495.7000
2025-01-31,22552.1000,22951.4000,22490.3000,22867.6000
2025-02-01,22926.2000,23519.7000,22727.6500,23305.4500
2025-02-03,23299.7500,23370.9000,23096.1000,23327.0000
2025-02-04,23607.5000,23800.9000,23366.9000,23535.0500
2025-02-05,22323.2500,22687.9500,22198.3500,22286.5000
2025-02-06,23274.1000,23373.4000,23147.2000,23327.0500
2025-02-07,23799.5000,23962.6000,23786.0500,23899.8500
2025-02-09,25710.8000,25807.8500,25529.9000,25584.9500
2025-02-10,23525.8500,23636.3000,23082.2000,23112.6500
2025-02-11,23053.8000,23068.1500,22531.1000,22573.9000
2025-02-12,27959.6500,28099.6500,27908.1500,27979.5000
2025-02-13,22483.2500,22594.6500,22285.1000,22344.3000
2025-02-14,22428.2500,22487.5000,21874.5500,22069.3000
2025-02-17,22012.8000,22012.9500,21610.1500,21951.8500
2025-02-18,21973.7000,21997.0500,21638.5500,21818.9000
2025-02-19,21683.6500,21898.0500,21597.1000,21809.1500
2025-02-20,21751.3500,22092.8000,21562.8000,22074.9000
2025-02-21,21973.9500,22010.8500,21435.5000,21505.9000
2025-02-24,21409.9500,21597.3500,21291.3000,21552.5000
2025-02-25,21616.0500,21757.1000,21585.9000,21662.6500
2025-02-27,21766.9500,21786.3000,21243.5000,21335.3500
2025-02-28,21180.8000,21188.2000,20460.1000,20498.6000
2025-03-01,24058.9500,24173.2500,23899.7500,24005.0000
2025-03-02,23299.7500,23370.9000,23096.1000,23327.0000
2025-03-03,20591.5000,20865.8500,20368.8500,20538.1500
2025-03-04,20295.8000,20462.8000,20174.8500,20269.2000
2025-03-05,20354.8000,20848.4000,20327.0500,20796.7500
2025-03-06,21030.7000,21068.7500,20733.4000,20959.7000
2025-03-07,20925.7500,21197.0000,20846.0000,21009.7000
2025-03-09,25701.6500,25796.0000,25535.1500,25775.4500
2025-03-10,26771.2500,26869.6500,26488.3000,26753.1000
2025-03-11,26849.8500,26991.4000,26710.3000,26841.8000
2025-03-12,28014.5000,28021.1500,27581.2000,27643.8000
2025-03-13,20862.9000,20883.1500,20530.4000,20554.0500
2025-03-17,20539.0000,20926.3500,20538.0500,20741.1500
2025-03-18,20859.2000,21251.3000,20836.0500,21234.9500
2025-03-19,21305.5500,21398.2500,21194.1500,21319.5000
2025-03-20,21444.3000,21672.3000,21368.2500,21623.0500
2025-03-21,21720.9500,21993.9500,21667.3500,21756.0000
2025-03-24,21891.1000,21987.1000,21665.2000,21938.7000
2025-03-25,22050.9000,22092.4000,21683.1000,21737.6000
2025-03-26,21776.1000,21924.6000,21704.8000,21742.8000
2025-03-27,21445.6500,21611.9500,21216.4000,21516.7500
2025-03-28,21570.2000,21577.2000,21200.7500,21295.5000
2025-04-01,21177.0000,21543.8000,21100.2000,21235.2500
2025-04-02,23607.5000,23800.9000,23366.9000,23535.0500
2025-04-03,20295.8000,20462.8000,20174.8500,20269.2000
2025-04-04,21081.0500,21081.0500,20507.5500,20593.1500
2025-04-06,23264.5000,23455.0500,23250.0000,23332.6000
2025-04-07,19336.1500,19893.7000,19316.6500,19815.5500
2025-04-08,23457.2500,23800.2500,23416.0500,23787.5000
2025-04-09,20188.3000,20326.9500,20034.6500,20140.4000
2025-04-11,26822.9500,26826.8000,26583.6000,26610.0500
2025-04-12,27703.4000,27866.2000,27581.1000,27732.7000
2025-04-15,21023.9500,21276.3000,20929.7500,21246.2000
2025-04-16,21280.3500,21283.1000,21058.6000,21155.8000
2025-04-17,21152.0000,21414.6000,20953.1000,21373.1000
2025-04-21,21463.4500,21848.1500,21272.1500,21826.0000
2025-04-22,21837.0500,21957.7000,21729.8000,21903.7000
2025-04-23,21999.9500,22456.9000,21947.0500,22424.4500
2025-04-24,22426.9000,22492.8000,22286.8500,22367.5500
2025-04-25,22385.3000,22541.9000,21885.2000,21994.5000
2025-04-28,22003.4500,22427.1500,21919.9500,22352.9500
2025-04-29,22442.6500,22584.1000,22216.5500,22299.0500
2025-04-30,22306.1500,22389.2500,22091.1500,22308.4000
2025-05-02,23551.2500,23646.3000,23410.5000,23517.1000
2025-05-03,20354.8000,20848.4000,20327.0500,20796.7500
2025-05-05,22443.2000,22732.4500,22366.3000,22699.2000
2025-05-06,23461.5500,23461.5500,23169.7000,23306.2000
2025-05-07,22436.7500,23135.5000,22435.3000,23114.1000
2025-05-08,23806.3000,23903.9000,23669.7000,23876.3000
2025-05-09,26147.6500,26382.3000,26080.1000,26320.6000
2025-05-12,27706.2000,27957.0000,27663.3000,27939.1000
2025-05-13,23293.0500,23500.1500,23046.9500,23167.2500
2025-05-14,23088.6000,23390.8000,22947.6500,23356.8500
2025-05-15,23356.6500,23880.5000,23261.8500,23804.8500
2025-05-16,23833.8000,24009.7500,23777.5500,23953.1500
2025-05-19,23943.4500,24174.1500,23933.1500,24052.6000
2025-05-20,24111.5000,24138.7000,23495.5500,23531.2000
2025-05-21,23580.4000,23914.7500,23503.9500,23700.1000
2025-05-22,23629.8500,23643.7500,23291.4000,23459.9000
2025-05-23,23528.0500,23595.2000,23423.4500,23515.2500
2025-05-26,23574.4000,23839.8500,23551.2500,23763.1500
2025-05-27,23785.5000,23795.2500,23477.4000,23596.9000
2025-05-28,23639.3000,23639.3000,23411.9000,23437.0500
2025-05-29,23529.1000,23607.9000,23417.2500,23555.7500
2025-05-30,23547.5500,23590.2000,23291.0500,23325.6000
2025-06-01,24087.4500,24169.7000,23365.6000,23482.2000
2025-06-02,23274.1000,23373.4000,23147.2000,23327.0500
2025-06-03,23399.8000,23475.7500,23204.9000,23268.7000
2025-06-04,23264.5000,23455.0500,23250.0000,23332.6000
2025-06-05,22964.9500,23092.6500,22668.6500,22737.6000
2025-06-06,23343.0500,23677.7000,23208.1000,23661.3000
2025-06-08,23902.4000,23927.8500,23662.5000,23748.8500
2025-06-09,23789.8000,23882.8000,23698.6000,23777.1500
2025-06-10,26778.2000,26886.7500,26559.7500,26857.2000
2025-06-11,26754.6000,26897.1000,26555.6000,26626.5000
2025-06-12,23838.1500,23857.5500,23341.4500,23411.8000
2025-06-13,22941.8000,23365.1500,22915.6500,23327.4000
2025-06-16,23302.7000,23425.2500,23074.2500,23368.2500
2025-06-17,23407.5500,23416.8000,23176.7000,23227.3000
2025-06-18,23208.9500,23564.9500,23130.0500,23312.3500
2025-06-19,23305.5000,23496.2500,23299.6000,23434.6500
2025-06-20,23462.9500,23720.2500,23403.7000,23679.3500
2025-06-23,23526.0000,23615.2000,23360.8500,23461.1500
2025-06-24,23670.9500,23885.3000,23572.3500,23598.2500
2025-06-25,23725.0500,23848.8000,23668.1000,23827.8000
2025-06-26,23883.1000,23979.2500,23768.9000,23961.7000
2025-06-27,23994.2500,24142.7000,23937.9000,24007.9500
2025-06-30,24074.8000,24101.9500,23824.2000,23872.5500
2025-07-01,23927.2000,23994.2500,23745.8000,23824.0000
2025-07-02,23799.5000,23962.6000,23786.0500,23899.8500
2025-07-03,23946.8500,24202.3000,23933.6000,24004.9500
2025-07-04,19336.1500,19893.7000,19316.6500,19815.5500
2025-07-05,22436.7500,23135.5000,22435.3000,23114.1000
2025-07-07,23969.5000,24012.6500,23896.9000,23943.9000
2025-07-08,23620.0000,23839.5500,23453.5500,23808.1000
2025-07-09,23807.0000,23988.7500,23790.4000,23944.4000
2025-07-10,23966.3000,24002.3000,23807.2500,23916.8500
2025-07-11,23866.8000,23894.4000,23433.3000,23493.8000
2025-07-14,23518.5000,23598.2500,23447.8000,23552.0000
2025-07-15,23588.8500,23951.8500,23576.0500,23905.2500
2025-07-16,23910.1000,24041.2000,23654.0500,24011.1500
2025-07-17,24003.2500,24157.0000,23954.0000,24002.5000
2025-07-18,24050.4500,24182.2500,23874.2000,23894.3500
2025-07-21,23866.8000,24075.9500,23725.1000,24055.0000
2025-07-22,24067.6500,24090.2500,23826.9000,23875.8500
2025-07-23,23935.5500,24157.2000,23928.2000,24079.4000
2025-07-24,24070.6000,24226.4000,24051.1500,24087.3000
2025-07-25,24064.7000,24078.0000,23675.9000,23781.5500
2025-07-28,23777.7000,23981.6000,23670.9000,23693.0000
2025-07-29,23663.0000,23936.9000,23620.9000,23888.3500
2025-07-30,23855.8500,23867.0000,23580.3500,23745.8000
2025-07-31,23593.2000,23794.1000,23397.9500,23655.8500
2025-08-01,23543.9000,23549.6500,23191.6000,23370.1500
2025-08-04,20141.6500,20307.3000,19805.2500,20138.1500
2025-08-05,23213.8500,23242.1000,22560.2000,22674.1500
2025-08-06,23902.4000,23927.8500,23662.5000,23748.8500
2025-08-07,23958.7000,23994.5000,23681.3000,23852.9000
2025-08-08,23810.3000,23890.8000,23439.0500,23474.6500
2025-08-09,26440.0000,27266.4500,26440.0000,27189.2000
2025-08-10,26950.7000,27046.9500,26487.5000,26522.4000
2025-08-11,23526.6000,23792.7500,23440.2000,23723.7500
2025-08-12,27914.0000,27960.0500,27503.8000,27596.8000
2025-08-13,23946.2500,24190.0500,23913.3500,24122.6500
2025-08-14,24136.3000,24233.3500,24034.1000,24118.8000
2025-08-18,24804.6500,25281.9500,24782.3000,25127.2000
2025-08-19,25172.5000,25486.3000,25031.2000,25456.7000
2025-08-20,25516.4000,25518.9000,25412.5500,25469.2500
2025-08-21,25559.7000,25562.5000,25322.3000,25377.5000
2025-08-22,25409.0500,25464.8000,25291.5500,25329.4500
2025-08-25,25458.6500,25469.7000,25244.6500,25423.4000
2025-08-26,25396.7000,25521.7000,25226.4500,25320.3000
2025-08-28,25589.5000,25589.5000,25163.4500,25183.5000
2025-08-29,25142.6000,25197.5000,24891.7500,24960.8500
2025-09-01,24998.6500,25685.4000,24998.6500,25660.0000
2025-09-02,25710.8000,25807.8500,25529.9000,25584.9500
2025-09-03,25701.6500,25796.0000,25535.1500,25775.4500
2025-09-04,26700.2500,26729.6500,25964.1500,25994.8500
2025-09-05,26147.6500,26382.3000,26080.1000,26320.6000
2025-09-06,23789.8000,23882.8000,23698.6000,23777.1500
2025-09-07,23807.0000,23988.7500,23790.4000,23944.4000
2025-09-08,26440.0000,27266.4500,26440.0000,27189.2000
2025-09-09,27199.4500,27300.7500,27073.4500,27182.5000
2025-09-10,27269.8000,27330.5000,26756.7500,26833.9500
2025-09-11,26869.7500,26926.1000,26676.8500,26744.4500
2025-09-12,26796.0000,27083.2500,26784.6000,26866.6500
2025-09-15,26915.0500,27011.3000,26737.2000,26760.6500
2025-09-16,26849.3500,27191.2000,26818.1500,27146.4000
2025-09-17,27185.2000,27343.2000,27138.4000,27294.6500
2025-09-18,27388.7000,27418.0000,27179.4500,27329.3500
2025-09-19,27319.4500,27367.8000,27195.0500,27219.5500
2025-09-22,27256.0500,27386.0500,27105.3500,27154.3000
2025-09-23,27355.4000,27725.7500,27284.7500,27321.9500
2025-09-24,27319.5000,27326.9000,26990.7500,27007.6000
2025-09-25,26951.6500,26975.1500,26718.3500,26758.5000
2025-09-26,26694.7000,26861.4500,26463.7000,26484.5500
2025-09-29,26612.4000,26677.2000,26393.0500,26436.5500
2025-09-30,26451.6500,26591.6500,26328.0500,26542.3500
2025-10-01,26556.8500,26810.1500,26538.7500,26768.6500
2025-10-02,23525.8500,23636.3000,23082.2000,23112.6500
2025-10-03,20946.4000,21023.9500,20706.3000,20752.8000
2025-10-06,23869.7500,23872.2000,23743.2000,23759.0000
2025-10-07,23966.3000,24002.3000,23807.2500,23916.8500
2025-10-08,26950.7000,27046.9500,26487.5000,26522.4000
2025-10-09,27269.8000,27330.5000,26756.7500,26833.9500
2025-10-10,26574.6000,26801.3500,26468.0500,26721.2000
2025-10-11,26772.3000,26954.0500,26722.0000,26859.8500
2025-10-12,27506.8500,27632.6500,27313.1500,27358.2500
2025-10-13,26662.0500,26824.6000,26592.0500,26698.1500
2025-10-14,26749.9000,26760.3500,26495.9500,26640.5500
2025-10-15,26706.1500,26809.2000,26618.4500,26708.6500
2025-10-16,26782.1500,27109.6000,26756.7500,27048.7500
2025-10-17,27045.3000,27300.7000,27033.5500,27228.6000
2025-10-20,27375.8000,27403.9000,27165.0500,27185.4500
2025-10-21,27285.4000,27325.7000,27156.0500,27229.8500
2025-10-23,27479.2000,27480.7500,27170.0500,27218.7500
2025-10-24,27262.0500,27309.6000,27018.6500,27108.7000
2025-10-27,27179.7000,27279.6500,27128.3000,27263.6500
2025-10-28,27277.3500,27412.6500,27065.3500,27148.3500
2025-10-29,27195.7000,27196.5000,26890.1500,26948.9000
2025-10-30,27010.4000,27036.5500,26795.7000,26829.5500
2025-10-31,26885.1000,27115.5000,26774.4000,26809.8500
2025-11-02,23053.8000,23068.1500,22531.1000,22573.9000
2025-11-03,20616.9000,20733.4500,20480.7500,20682.6500
2025-11-04,20493.0500,20637.9500,20432.3000,20548.6500
2025-11-06,23797.5000,23984.7000,23774.0000,23805.2000
2025-11-07,23866.8000,23894.4000,23433.3000,23493.8000
2025-11-08,23526.6000,23792.7500,23440.2000,23723.7500
2025-11-09,26869.7500,26926.1000,26676.8500,26744.4500
2025-11-10,26772.3000,26954.0500,26722.0000,26859.8500
2025-11-11,26990.6000,27174.4000,26735.8000,27148.2500
2025-11-12,27357.7000,27683.9500,27307.8000,27661.0000
2025-11-13,27443.2500,27526.6000,27327.2000,27382.8000
2025-11-14,27321.3500,27444.5000,27078.4000,27239.8000
2025-11-17,27258.2000,27519.0500,27116.0500,27472.6500
2025-11-18,27483.1500,27502.1000,27292.5000,27368.2500
2025-11-19,27386.0000,27521.0500,27270.5500,27434.4500
2025-11-20,27564.8500,27625.0000,27441.1500,27554.0000
2025-11-21,27552.8000,27720.1000,27488.9000,27537.8500
2025-11-24,27547.9000,27594.7500,27391.6000,27442.2000
2025-11-25,27444.9500,27520.9500,27335.5500,27378.7000
2025-11-26,27458.3500,27742.4000,27418.0500,27696.4000
2025-11-27,27782.9000,27832.6000,27527.4500,27603.6500
2025-11-28,27627.9500,27830.1500,27562.6500,27774.6000
2025-12-01,27929.3000,28075.6500,27853.8500,27993.0000
2025-12-02,22544.2000,22573.1500,22099.0500,22407.4500
2025-12-03,28014.5000,28021.1500,27581.2000,27643.8000
2025-12-04,27703.4000,27866.2000,27581.1000,27732.7000
2025-12-05,27706.2000,27957.0000,27663.3000,27939.1000
2025-12-06,23838.1500,23857.5500,23341.4500,23411.8000
2025-12-08,27914.0000,27960.0500,27503.8000,27596.8000
2025-12-09,27472.2000,27546.8500,27116.5000,27399.2500
2025-12-10,27506.8500,27632.6500,27313.1500,27358.2500
2025-12-11,27226.8000,27554.2000,27137.8000,27485.1500
2025-12-12,27687.8500,27852.4500,27683.9500,27820.8500
2025-12-15,27706.0500,27771.8000,27477.8500,27568.1000
2025-12-16,27500.3000,27605.3000,27447.8000,27542.2000
2025-12-17,27620.0000,27689.4000,27438.3000,27489.2500
2025-12-18,27459.2000,27475.7500,27013.7500,27321.9000
2025-12-19,27280.4000,27691.8000,27280.4000,27657.2500
2025-12-22,27722.9000,27896.4000,27661.9000,27885.3000
2025-12-23,27962.6000,27962.6000,27778.2500,27892.0500
2025-12-24,27915.0000,27992.0500,27814.4000,27885.6500
2025-12-26,27881.0000,27959.2500,27683.3000,27739.8500
2025-12-29,27738.9000,27833.6500,27561.6500,27592.5000
2025-12-30,27595.0500,27991.8000,27516.8500,27889.6500
2025-12-31,27901.9500,28226.7500,27858.6500,28189.6000
2026-01-01,28257.6500,28503.4500,28248.5000,28480.5500
2026-01-02,26855.8000,27144.8500,25928.5000,26190.6500
2026-01-04,24557.4000,24646.5000,24132.4000,24238.8500
2026-01-06,26439.2000,26548.1000,25830.2000,25891.9000
2026-01-07,26585.1500,26965.4500,26585.1500,26783.2000
2026-01-09,29090.3000,29090.3000,28244.0000,28491.0500
2026-01-10,26117.7500,26125.2500,25087.6500,25384.9500
2026-02-01,28548.2500,28867.0500,28486.5500,28803.6500
2026-02-02,26177.7000,26784.7000,26006.7000,26749.1500
2026-02-03,27196.4000,27951.8500,27133.5500,27540.1000
2026-02-04,23929.0500,24171.2000,23560.1000,24089.6500
2026-02-06,25595.0500,26135.3000,25581.1500,26079.4500
2026-02-07,26965.5500,27141.4000,26777.1000,27108.2000
2026-02-09,28183.2000,28225.5500,27541.6500,27981.9500
2026-03-02,28088.1000,28095.8500,27271.8000,27500.3000
2026-03-06,26069.2000,26215.3000,25881.6000,26092.8000
2026-03-07,27303.2500,27308.8000,26949.3500,26988.1000
2026-03-08,29058.8500,29169.2000,28813.7500,29168.9500
2026-03-09,28046.1000,28080.3000,27780.5000,27837.4000
2026-04-02,27565.6000,27932.4000,27427.4000,27825.4000
2026-04-03,26979.4000,27012.5500,26607.2000,26867.1500
2026-04-05,26133.5000,26496.6500,25810.1000,26027.7000
2026-04-06,25981.2500,26447.3500,25897.3500,26144.3500
2026-04-08,29082.4500,29107.2000,28893.1500,29041.3000
2026-04-09,27873.9500,27884.7000,27673.7000,27710.9000
2026-05-01,28869.6500,29179.1000,28806.9500,28894.1500
2026-05-02,27880.2500,27882.9500,27463.7500,27664.5000
2026-05-03,27053.5000,27471.4500,26909.8000,27366.8000
2026-05-05,26033.1500,26253.2000,25805.8000,26192.1000
2026-05-06,26279.9500,26349.9000,25997.7500,26165.9500
2026-05-08,29231.3000,29489.2000,29113.1000,29411.5500
2026-05-10,25412.2000,25483.7000,25175.6000,25421.9000
2026-06-01,28923.4500,28997.3000,28812.5500,28922.3500
2026-06-02,27602.5500,27643.4500,27307.5500,27519.5500
2026-06-03,27247.2000,27321.0500,27042.4000,27076.4000
2026-06-04,24151.9500,24379.7500,23896.4500,24350.4000
2026-06-05,26502.1500,26871.9000,26278.9500,26823.0000
2026-06-07,27047.5000,27388.5000,26936.1500,27353.9500
2026-06-08,29375.4000,29383.9500,29050.7500,29113.4000
2026-06-10,25416.8500,25559.3000,25308.7000,25541.9500
2026-07-01,28919.9500,28938.6500,28501.1000,28692.4000
2026-07-04,24227.7500,24430.1000,23839.1000,24373.3000
2026-07-05,26983.1500,27533.2000,26878.1500,27339.9500
2026-07-07,27414.2500,27452.8000,27244.6000,27343.5000
2026-07-08,29012.4500,29647.9000,29011.3000,29647.9000
2026-07-09,27649.7000,27785.5500,27552.0500,27698.7500
2026-07-10,25409.4500,25470.5500,25067.1500,25138.9000
2026-08-01,28639.2500,28662.0000,28357.6000,28414.9500
2026-08-04,25396.8500,26113.7000,25295.9500,26002.9500
2026-08-05,27244.8000,27392.1500,27082.6000,27259.8500
2026-08-06,25798.6000,25926.1500,25615.0000,25681.8000
2026-08-07,27168.0000,27367.1500,26620.8500,26733.4000
2026-08-09,27675.9000,27775.8000,27457.1500,27775.3500
2026-08-10,25101.6500,25115.2500,24512.7000,24512.7000
2026-09-01,28380.0000,28516.0000,28034.8500,28087.6500
2026-09-02,27673.9500,27819.7500,27479.0500,27791.4500
2026-09-03,26478.4500,26478.4500,25733.5000,25965.9500
2026-09-04,25971.5000,26133.6500,25643.3500,25901.9000
2026-09-06,25937.2000,26115.4500,25807.9500,26025.6500
2026-09-07,26775.9500,26946.2000,26613.9000,26676.3500
2026-09-09,27619.3000,27752.0000,27496.4000,27653.3500
2026-09-10,24608.9500,24975.9500,24456.5000,24859.9000
2026-10-02,27866.2500,28279.8500,27771.1000,28173.2000
2026-10-03,26462.7500,26840.7000,26200.4000,26770.5500
2026-10-04,26018.3000,26678.5500,26002.4500,26640.9000
2026-10-06,26015.0000,26087.1500,25759.3000,25833.5500
2026-10-07,26847.4500,26976.4500,26774.1500,26860.7500
2026-10-08,29696.1500,29865.5000,29576.1000,29620.0500
2026-10-09,27638.4000,27670.1000,27384.8000,27540.9500
2026-11-02,28351.9000,28811.2500,28296.2000,28538.7000
2026-11-03,26761.7500,26851.6500,25875.2000,25926.0000
2026-11-05,26874.2000,26978.0000,26600.7000,26753.4000
2026-11-06,25678.3500,25957.5000,25516.6000,25790.3500
2026-11-08,29618.6500,29713.0000,29422.3000,29458.5500
2026-11-09,27326.8500,27405.5000,27094.9500,27304.5000
2026-12-01,28055.4500,28165.5500,27492.6500,28011.7500
2026-12-02,28607.1500,28615.0500,28360.1000,28504.0500
2026-12-03,25688.3000,25721.3000,25046.0000,25098.0000
2026-12-05,26700.0000,26794.1000,26091.4500,26142.6000
2026-12-06,26089.6500,26322.0000,25877.5000,26293.8500
2026-12-08,29476.2500,29603.4000,29306.1000,29363.0500
