Date,Open,High,Low,Close
2000-01-01,,,,1000.0000
2000-01-02,,,,1175.1500
2000-01-03,,,,1054.8100
2000-01-04,,,,1092.0800
2000-01-05,,,,1055.9900
2000-01-06,,,,1086.6700
2000-01-07,,,,1126.9900
2000-01-08,,,,979.7300
2000-01-10,,,,1088.9700
2000-01-11,,,,1033.5500
2000-01-12,,,,946.4700
2000-01-13,,,,1034.1900
2000-01-14,,,,1023.4100
2000-01-17,,,,1035.9900
2000-01-18,,,,1021.6900
2000-01-19,,,,1057.8900
2000-01-20,,,,1046.3100
2000-01-21,,,,1058.9100
2000-01-24,,,,1049.8200
2000-01-25,,,,1061.6000
2000-01-27,,,,1096.4500
2000-01-28,,,,1153.3500
2000-01-31,,,,1148.8900
2000-02-01,,,,1175.1500
2000-02-02,,,,1186.9700
2000-02-03,,,,1185.1100
2000-02-04,,,,1172.2100
2000-02-05,,,,1021.9800
2000-02-06,,,,1007.9500
2000-02-07,,,,1158.0800
2000-02-08,,,,986.5300
2000-02-09,,,,1154.2500
2000-02-10,,,,1181.4800
2000-02-11,,,,898.8000
2000-02-14,,,,1212.6600
2000-02-15,,,,1148.1000
2000-02-16,,,,1167.6400
2000-02-17,,,,1178.5100
2000-02-18,,,,1151.5600
2000-02-21,,,,1142.8000
2000-02-22,,,,1091.4800
2000-02-23,,,,1092.8500
2000-02-24,,,,1103.9000
2000-02-25,,,,1109.3800
2000-02-28,,,,1141.1800
2000-02-29,,,,1075.1500
2000-03-01,,,,1139.8800
2000-03-02,,,,1185.1100
2000-03-03,,,,1124.7000
2000-03-04,,,,1110.1400
2000-03-05,,,,1020.9000
2000-03-06,,,,1126.5900
2000-03-07,,,,1104.4200
2000-03-08,,,,1006.1000
2000-03-09,,,,1004.3100
2000-03-10,,,,987.8800
2000-03-11,,,,908.4300
2000-03-13,,,,978.6400
2000-03-14,,,,996.3600
2000-03-15,,,,1027.6200
2000-03-16,,,,1055.3600
2000-03-21,,,,1074.7500
2000-03-22,,,,1088.2100
2000-03-23,,,,1086.0200
2000-03-24,,,,1086.3200
2000-03-27,,,,1071.0900
2000-03-28,,,,1071.1700
2000-03-29,,,,1070.1300
2000-03-30,,,,1101.0600
2000-03-31,,,,1106.8300
2000-04-01,,,,1092.0800
2000-04-02,,,,1172.2100
2000-04-03,,,,1110.1400
2000-04-04,,,,1026.6500
2000-04-05,,,,1000.8400
2000-04-06,,,,989.2000
2000-04-07,,,,1048.7500
2000-04-08,,,,1009.5100
2000-04-09,,,,1015.6100
2000-04-10,,,,1087.7100
2000-04-11,,,,1105.1900
2000-04-12,,,,961.9200
2000-04-13,,,,1056.8900
2000-04-17,,,,1003.8900
2000-04-18,,,,1031.2800
2000-04-19,,,,1029.4600
2000-04-20,,,,1026.0900
2000-04-24,,,,1009.2900
2000-04-25,,,,1015.7000
2000-04-26,,,,1067.5700
2000-04-27,,,,1050.7200
2000-04-28,,,,1056.2000
2000-05-01,,,,1055.9900
2000-05-02,,,,1021.9800
2000-05-03,,,,1020.9000
2000-05-04,,,,1000.8400
2000-05-05,,,,1040.9100
2000-05-06,,,,1034.9800
2000-05-07,,,,1133.6100
2000-05-08,,,,1031.0900
2000-05-09,,,,1032.5000
2000-05-10,,,,1027.9900
2000-05-11,,,,1012.4500
2000-05-12,,,,963.8000
2000-05-15,,,,993.3500
2000-05-16,,,,989.6100
2000-05-17,,,,999.4000
2000-05-18,,,,984.6200
2000-05-19,,,,988.2600
2000-05-22,,,,966.0100
2000-05-23,,,,948.4800
2000-05-24,,,,950.9600
2000-05-25,,,,950.9700
2000-05-26,,,,953.8600
2000-05-29,,,,966.8300
2000-05-30,,,,986.6400
2000-05-31,,,,1001.2400
2000-06-01,,,,1086.6700
2000-06-02,,,,1007.9500
2000-06-03,,,,1126.5900
2000-06-04,,,,989.2000
2000-06-05,,,,1034.9800
2000-06-06,,,,1034.2900
2000-06-07,,,,1123.2000
2000-06-08,,,,1064.5800
2000-06-09,,,,1036.5700
2000-06-10,,,,866.0400
2000-06-11,,,,910.5100
2000-06-12,,,,963.5800
2000-06-13,,,,1059.5600
2000-06-14,,,,1066.2800
2000-06-15,,,,1071.6100
2000-06-16,,,,1098.0000
2000-06-19,,,,1087.0500
2000-06-20,,,,1110.2200
2000-06-21,,,,1090.3200
2000-06-22,,,,1106.1200
2000-06-23,,,,1120.4800
2000-06-26,,,,1084.3800
2000-06-27,,,,1083.3400
2000-06-28,,,,1085.7300
2000-06-29,,,,1093.5500
2000-06-30,,,,1087.1800
2000-07-01,,,,1126.9900
2000-07-02,,,,1158.0800
2000-07-03,,,,1119.2900
2000-07-04,,,,1048.7500
2000-07-05,,,,1133.6100
2000-07-06,,,,1123.2000
2000-07-07,,,,1130.0600
2000-07-08,,,,986.8900
2000-07-09,,,,1035.0500
2000-07-10,,,,1110.6700
2000-07-11,,,,1116.8300
2000-07-12,,,,967.8700
2000-07-13,,,,1101.8800
2000-07-14,,,,1095.1100
2000-07-17,,,,1081.5300
2000-07-18,,,,1090.7100
2000-07-19,,,,1074.8800
2000-07-20,,,,1053.8900
2000-07-21,,,,1046.9200
2000-07-24,,,,983.9900
2000-07-25,,,,1010.9900
2000-07-26,,,,994.1300
2000-07-27,,,,999.7600
2000-07-28,,,,1002.7100
2000-07-31,,,,993.5800
2000-08-01,,,,979.7300
2000-08-02,,,,1150.2000
2000-08-03,,,,1006.1000
2000-08-04,,,,1009.5100
2000-08-05,,,,1031.0900
2000-08-06,,,,1064.5800
2000-08-07,,,,986.8900
2000-08-08,,,,1017.4300
2000-08-09,,,,1009.9000
2000-08-10,,,,1001.3400
2000-08-11,,,,915.4200
2000-08-12,,,,992.8200
2000-08-14,,,,991.8300
2000-08-16,,,,1008.4100
2000-08-17,,,,999.3600
2000-08-18,,,,987.1000
2000-08-21,,,,981.2900
2000-08-22,,,,975.5200
2000-08-23,,,,985.4000
2000-08-24,,,,981.2000
2000-08-25,,,,994.7000
2000-08-28,,,,995.5500
2000-08-29,,,,989.3700
2000-08-30,,,,1006.1300
2000-08-31,,,,1003.0700
2000-09-02,,,,1154.2500
2000-09-03,,,,1004.3100
2000-09-04,,,,1015.6100
2000-09-05,,,,1027.1600
2000-09-06,,,,1036.5700
2000-09-07,,,,1035.0500
2000-09-08,,,,1009.9000
2000-09-10,,,,870.4200
2000-09-11,,,,908.7000
2000-09-12,,,,1029.9700
2000-09-13,,,,997.7400
2000-09-14,,,,987.6600
2000-09-15,,,,959.4900
2000-09-18,,,,920.6400
2000-09-19,,,,938.9100
2000-09-20,,,,945.1500
2000-09-21,,,,937.4400
2000-09-22,,,,908.2800
2000-09-25,,,,925.0600
2000-09-26,,,,917.4100
2000-09-27,,,,915.5100
2000-09-28,,,,901.5100
2000-09-29,,,,907.5300
2000-10-01,,,,1088.9700
2000-10-02,,,,1181.4800
2000-10-03,,,,987.8800
2000-10-04,,,,890.2200
2000-10-05,,,,870.7700
2000-10-06,,,,866.0400
2000-10-07,,,,1110.6700
2000-10-08,,,,1001.3400
2000-10-09,,,,870.4200
2000-10-10,,,,852.4600
2000-10-11,,,,897.5800
2000-10-12,,,,859.3400
2000-10-13,,,,856.5400
2000-10-16,,,,860.2100
2000-10-17,,,,851.1500
2000-10-18,,,,844.7400
2000-10-19,,,,857.2100
2000-10-20,,,,857.0900
2000-10-23,,,,831.7700
2000-10-24,,,,829.9600
2000-10-25,,,,841.2800
2000-10-26,,,,850.2900
2000-10-27,,,,845.3900
2000-10-30,,,,846.0900
2000-10-31,,,,861.2700
2000-11-01,,,,1033.5500
2000-11-02,,,,1156.6700
2000-11-03,,,,908.4300
2000-11-04,,,,1105.1900
2000-11-05,,,,1012.4500
2000-11-06,,,,910.5100
2000-11-07,,,,908.0100
2000-11-08,,,,915.4200
2000-11-09,,,,1039.2600
2000-11-10,,,,850.2700
2000-11-12,,,,998.6700
2000-11-13,,,,878.0600
2000-11-14,,,,897.3100
2000-11-15,,,,930.3400
2000-11-16,,,,949.6000
2000-11-17,,,,919.3900
2000-11-20,,,,919.1200
2000-11-21,,,,910.3500
2000-11-22,,,,912.8700
2000-11-23,,,,900.4500
2000-11-24,,,,909.5500
2000-11-27,,,,937.8300
2000-11-28,,,,958.1600
2000-11-29,,,,944.2300
2000-11-30,,,,941.0800
2000-12-01,,,,946.4700
2000-12-04,,,,961.9200
2000-12-05,,,,963.8000
2000-12-06,,,,1052.4400
2000-12-07,,,,967.8700
2000-12-08,,,,992.8200
2000-12-09,,,,1029.9700
2000-12-10,,,,859.3400
2000-12-11,,,,998.6700
2000-12-12,,,,994.7400
2000-12-13,,,,1018.0100
2000-12-14,,,,1002.5100
2000-12-15,,,,973.5500
2000-12-18,,,,970.5000
2000-12-19,,,,979.0600
2000-12-20,,,,984.6400
2000-12-21,,,,969.7300
2000-12-22,,,,947.6800
2000-12-26,,,,925.8400
2000-12-27,,,,936.9700
2000-12-28,,,,961.8100
2000-12-29,,,,971.7300
2001-01-01,,,,977.9400
2001-01-02,,,,1015.7900
2001-01-03,,,,1246.4800
2001-01-04,,,,1034.6600
2001-01-05,,,,1046.9900
2001-01-06,,,,1021.0400
2001-01-08,,,,971.5200
2001-01-09,,,,1027.9400
2001-01-10,,,,810.2600
2001-01-11,,,,1031.7800
2001-01-12,,,,1049.5100
2001-01-15,,,,1057.5200
2001-01-16,,,,1068.0000
2001-01-17,,,,1057.4900
2001-01-18,,,,1054.7200
2001-01-19,,,,1068.6900
2001-01-22,,,,1073.2900
2001-01-23,,,,1092.0500
2001-01-24,,,,1093.6700
2001-01-25,,,,1121.0200
2001-01-29,,,,1085.8800
2001-01-30,,,,1093.3000
2001-01-31,,,,1094.0800
2001-02-01,,,,1015.7900
2001-02-02,,,,1102.8100
2001-02-03,,,,1238.1500
2001-02-04,,,,960.2700
2001-02-05,,,,1012.2000
2001-02-06,,,,1133.6700
2001-02-07,,,,1134.0100
2001-02-08,,,,972.0900
2001-02-09,,,,1244.6400
2001-02-11,,,,901.9300
2001-02-12,,,,1233.3700
2001-02-13,,,,1199.8100
2001-02-14,,,,1202.8600
2001-02-15,,,,1197.6400
2001-02-16,,,,1139.7500
2001-02-19,,,,1149.5600
2001-02-20,,,,1143.8200
2001-02-21,,,,1153.5600
2001-02-22,,,,1127.7500
2001-02-23,,,,1089.8100
2001-02-26,,,,1090.4600
2001-02-27,,,,1086.5500
2001-02-28,,,,1171.6500
2001-03-01,,,,1246.4800
2001-03-02,,,,1238.1500
2001-03-04,,,,970.4500
2001-03-05,,,,1226.4300
2001-03-07,,,,984.9400
2001-03-08,,,,1215.2200
2001-03-09,,,,1184.8600
2001-03-10,,,,800.1900
2001-03-12,,,,917.0200
2001-03-13,,,,1057.1200
2001-03-14,,,,1098.6900
2001-03-15,,,,1117.1100
2001-03-16,,,,1080.1900
2001-03-19,,,,1081.6500
2001-03-20,,,,1070.3500
2001-03-21,,,,1084.6900
2001-03-22,,,,1055.6500
2001-03-23,,,,1037.4600
2001-03-26,,,,1031.9000
2001-03-27,,,,1027.0100
2001-03-28,,,,1039.0500
2001-03-29,,,,1040.9000
2001-03-30,,,,991.5100
2001-04-01,,,,1034.6600
2001-04-02,,,,960.2700
2001-04-03,,,,970.4500
2001-04-04,,,,970.0600
2001-04-05,,,,1024.4200
2001-04-06,,,,968.4300
2001-04-07,,,,991.9600
2001-04-09,,,,974.9500
2001-04-10,,,,964.0200
2001-04-11,,,,977.6400
2001-04-12,,,,963.3500
2001-04-16,,,,985.9700
2001-04-17,,,,1017.8800
2001-04-18,,,,1043.6900
2001-04-19,,,,1051.7200
2001-04-20,,,,1039.5200
2001-04-23,,,,1040.8800
2001-04-24,,,,1037.4800
2001-04-25,,,,1037.1300
2001-04-26,,,,1040.2300
2001-04-27,,,,996.9500
2001-04-30,,,,992.7600
2001-05-01,,,,1046.9900
2001-05-02,,,,1012.2000
2001-05-03,,,,1226.4300
2001-05-04,,,,1024.4200
2001-05-06,,,,998.0100
2001-05-07,,,,1048.2100
2001-05-08,,,,1052.5100
2001-05-09,,,,927.4500
2001-05-10,,,,1075.8100
2001-05-11,,,,1059.3500
2001-05-12,,,,914.6200
2001-05-14,,,,1070.8600
2001-05-15,,,,1063.3800
2001-05-16,,,,1060.4100
2001-05-17,,,,1072.4600
2001-05-18,,,,1061.1800
2001-05-21,,,,1049.7600
2001-05-22,,,,1040.0200
2001-05-23,,,,1046.1500
2001-05-24,,,,1045.1900
2001-05-25,,,,1030.8300
2001-05-28,,,,1041.8700
2001-05-29,,,,1058.3900
2001-05-30,,,,1040.4600
2001-05-31,,,,1034.5400
2001-06-01,,,,1021.0400
2001-06-02,,,,1133.6700
2001-06-04,,,,1012.1400
2001-06-05,,,,998.0100
2001-06-06,,,,1010.4400
2001-06-07,,,,1033.6300
2001-06-08,,,,1036.9000
2001-06-09,,,,917.3400
2001-06-11,,,,1041.1800
2001-06-12,,,,1018.6900
2001-06-13,,,,1031.1000
2001-06-14,,,,1012.3900
2001-06-15,,,,994.4100
2001-06-18,,,,978.3100
2001-06-19,,,,1008.6700
2001-06-20,,,,1022.4500
2001-06-21,,,,1028.4200
2001-06-22,,,,1015.9900
2001-06-25,,,,977.2100
2001-06-26,,,,990.7700
2001-06-27,,,,991.5100
2001-06-28,,,,992.6600
2001-06-29,,,,986.9500
2001-07-02,,,,1134.0100
2001-07-03,,,,1214.7800
2001-07-04,,,,991.9600
2001-07-05,,,,1048.2100
2001-07-06,,,,982.1600
2001-07-08,,,,963.6400
2001-07-09,,,,978.6100
2001-07-10,,,,971.2500
2001-07-11,,,,981.9500
2001-07-12,,,,1005.3600
2001-07-13,,,,1004.6200
2001-07-16,,,,1006.0900
2001-07-17,,,,999.3200
2001-07-18,,,,1002.9400
2001-07-19,,,,1000.2700
2001-07-20,,,,984.9200
2001-07-23,,,,981.8900
2001-07-24,,,,969.2700
2001-07-25,,,,963.7500
2001-07-26,,,,951.5500
2001-07-27,,,,972.8500
2001-07-30,,,,966.3200
2001-07-31,,,,960.8300
2001-08-01,,,,1033.9800
2001-08-02,,,,1177.7400
2001-08-03,,,,1215.2200
2001-08-05,,,,1052.5100
2001-08-06,,,,966.4300
2001-08-07,,,,963.6400
2001-08-08,,,,949.7600
2001-08-09,,,,942.7200
2001-08-10,,,,806.7000
2001-08-11,,,,909.1100
2001-08-13,,,,963.5100
2001-08-14,,,,975.1200
2001-08-16,,,,967.2600
2001-08-17,,,,970.0800
2001-08-20,,,,964.3600
2001-08-21,,,,954.9300
2001-08-23,,,,953.0600
2001-08-24,,,,954.1700
2001-08-27,,,,954.0800
2001-08-28,,,,944.5700
2001-08-29,,,,946.2900
2001-08-30,,,,938.3000
2001-08-31,,,,939.5700
2001-09-01,,,,1027.9400
2001-09-02,,,,1244.6400
2001-09-03,,,,1184.8600
2001-09-04,,,,927.5900
2001-09-05,,,,1041.1900
2001-09-06,,,,917.3400
2001-09-07,,,,911.9800
2001-09-08,,,,942.7200
2001-09-10,,,,907.0400
2001-09-11,,,,899.9800
2001-09-12,,,,864.4100
2001-09-13,,,,860.6800
2001-09-14,,,,819.2100
2001-09-17,,,,755.8600
2001-09-18,,,,791.3000
2001-09-19,,,,803.5100
2001-09-20,,,,786.3000
2001-09-21,,,,743.7000
2001-09-24,,,,749.8300
2001-09-25,,,,753.4300
2001-09-26,,,,762.5000
2001-09-27,,,,778.3000
2001-09-28,,,,797.9700
2001-10-01,,,,1031.2700
2001-10-03,,,,800.1900
2001-10-04,,,,964.0200
2001-10-05,,,,1075.8100
2001-10-07,,,,971.2500
2001-10-08,,,,806.7000
2001-10-09,,,,907.0400
2001-10-10,,,,824.1900
2001-10-11,,,,837.9000
2001-10-12,,,,920.2900
2001-10-15,,,,855.4200
2001-10-16,,,,855.4700
2001-10-17,,,,863.4500
2001-10-18,,,,852.8100
2001-10-19,,,,857.2700
2001-10-22,,,,868.7300
2001-10-23,,,,878.3000
2001-10-24,,,,884.6200
2001-10-25,,,,884.7400
2001-10-29,,,,893.4200
2001-10-30,,,,878.0000
2001-10-31,,,,875.1500
2001-11-01,,,,1031.7800
2001-11-02,,,,901.9300
2001-11-04,,,,977.6400
2001-11-05,,,,1059.3500
2001-11-06,,,,920.3700
2001-11-07,,,,912.1000
2001-11-08,,,,909.1100
2001-11-09,,,,899.9800
2001-11-10,,,,837.9000
2001-11-12,,,,896.3200
2001-11-13,,,,908.9200
2001-11-14,,,,911.9100
2001-11-15,,,,914.8900
2001-11-19,,,,916.2400
2001-11-20,,,,928.5000
2001-11-21,,,,919.0100
2001-11-22,,,,926.3000
2001-11-23,,,,925.1300
2001-11-26,,,,937.9500
2001-11-27,,,,955.9300
2001-11-28,,,,948.2800
2001-11-29,,,,928.1000
2001-12-01,,,,1049.5100
2001-12-02,,,,1233.3700
2001-12-03,,,,1129.3700
2001-12-04,,,,913.9000
2001-12-05,,,,914.6200
2001-12-06,,,,927.1700
2001-12-07,,,,1005.3600
2001-12-09,,,,864.4100
2001-12-10,,,,920.2900
2001-12-11,,,,896.3200
2001-12-12,,,,891.5500
2001-12-13,,,,879.6500
2001-12-14,,,,860.1700
2001-12-18,,,,861.5800
2001-12-19,,,,849.8700
2001-12-20,,,,862.4600
2001-12-21,,,,853.3400
2001-12-24,,,,844.8200
2001-12-26,,,,842.0700
2001-12-27,,,,821.0200
2001-12-28,,,,842.9700
2001-12-31,,,,868.6100
2002-01-01,,,,870.2500
2002-01-02,,,,878.0200
2002-01-03,,,,903.0300
2002-01-04,,,,1075.5300
2002-01-07,,,,886.5900
2002-01-08,,,,877.9300
2002-01-09,,,,900.1700
2002-01-10,,,,898.3800
2002-01-11,,,,892.8500
2002-01-14,,,,936.2700
2002-01-15,,,,931.9000
2002-01-16,,,,938.1000
2002-01-17,,,,939.6500
2002-01-18,,,,948.4800
2002-01-21,,,,938.4700
2002-01-22,,,,945.7500
2002-01-23,,,,937.3900
2002-01-24,,,,920.0900
2002-01-25,,,,920.6400
2002-01-28,,,,939.2400
2002-01-29,,,,922.2300
2002-01-30,,,,926.8000
2002-01-31,,,,917.7900
2002-02-01,,,,923.3800
2002-02-04,,,,946.6300
2002-02-05,,,,941.3700
2002-02-06,,,,1010.0000
2002-02-07,,,,1024.3300
2002-02-08,,,,1051.8700
2002-02-09,,,,1064.3400
2002-02-11,,,,1044.5200
2002-02-12,,,,1038.7700
2002-02-13,,,,1057.1700
2002-02-14,,,,1084.2700
2002-02-15,,,,1098.9600
2002-02-18,,,,1110.3300
2002-02-19,,,,1071.2900
2002-02-20,,,,1071.0400
2002-02-21,,,,1086.9400
2002-02-22,,,,1105.0200
2002-02-25,,,,1103.6300
2002-02-26,,,,1128.1900
2002-02-27,,,,1109.1700
2002-02-28,,,,1028.4800
2002-03-01,,,,903.0300
2002-03-04,,,,1071.6100
2002-03-05,,,,1063.6200
2002-03-06,,,,1045.7000
2002-03-07,,,,1130.5500
2002-03-08,,,,1061.8800
2002-03-09,,,,1054.1600
2002-03-10,,,,1040.4500
2002-03-11,,,,1052.0400
2002-03-12,,,,1095.6000
2002-03-13,,,,1042.3100
2002-03-14,,,,1044.2000
2002-03-15,,,,1060.6200
2002-03-18,,,,1063.6600
2002-03-19,,,,1058.0600
2002-03-20,,,,1049.0900
2002-03-21,,,,1040.7200
2002-03-22,,,,1035.4200
2002-03-26,,,,1034.7100
2002-03-27,,,,1038.8000
2002-03-28,,,,1033.5800
2002-04-01,,,,903.9000
2002-04-02,,,,946.6300
2002-04-03,,,,1071.6100
2002-04-04,,,,1057.0700
2002-04-05,,,,1055.9300
2002-04-06,,,,1042.6100
2002-04-07,,,,1128.2200
2002-04-08,,,,1069.5900
2002-04-09,,,,1055.1700
2002-04-10,,,,1063.4500
2002-04-11,,,,1033.4700
2002-04-12,,,,1077.5300
2002-04-15,,,,1075.0100
2002-04-16,,,,1073.3900
2002-04-17,,,,1079.7000
2002-04-18,,,,1085.8400
2002-04-19,,,,1072.5900
2002-04-22,,,,1064.2800
2002-04-23,,,,1066.4300
2002-04-24,,,,1069.7300
2002-04-25,,,,1071.8500
2002-04-26,,,,1070.1900
2002-04-29,,,,1041.2500
2002-04-30,,,,1044.1300
2002-05-02,,,,941.3700
2002-05-03,,,,1063.6200
2002-05-04,,,,1055.9300
2002-05-06,,,,1075.2600
2002-05-07,,,,1127.4400
2002-05-08,,,,1052.9800
2002-05-09,,,,1071.6000
2002-05-10,,,,1069.2200
2002-05-11,,,,1035.0200
2002-05-12,,,,1105.5400
2002-05-13,,,,1069.6800
2002-05-14,,,,1075.1300
2002-05-15,,,,1062.0000
2002-05-16,,,,1044.1200
2002-05-17,,,,1040.5300
2002-05-20,,,,1023.4800
2002-05-21,,,,1022.6900
2002-05-22,,,,1016.4400
2002-05-23,,,,1005.4400
2002-05-24,,,,1026.4700
2002-05-27,,,,1022.5600
2002-05-28,,,,1016.6900
2002-05-29,,,,1020.8600
2002-05-30,,,,1020.2300
2002-05-31,,,,1039.4600
2002-06-02,,,,1010.0000
2002-06-03,,,,1062.8300
2002-06-04,,,,1042.6100
2002-06-05,,,,1075.2600
2002-06-06,,,,1103.2500
2002-06-07,,,,1084.9900
2002-06-08,,,,1050.0400
2002-06-09,,,,1058.4000
2002-06-10,,,,1114.6400
2002-06-11,,,,1147.4600
2002-06-12,,,,1134.2000
2002-06-13,,,,1139.2700
2002-06-14,,,,1127.5200
2002-06-17,,,,1141.4700
2002-06-18,,,,1143.1800
2002-06-19,,,,1122.2600
2002-06-20,,,,1133.2500
2002-06-21,,,,1117.0000
2002-06-24,,,,1109.2600
2002-06-25,,,,1099.1900
2002-06-26,,,,1086.9100
2002-06-27,,,,1079.1700
2002-06-28,,,,1094.7000
2002-07-01,,,,1112.5600
2002-07-02,,,,1024.3300
2002-07-03,,,,1130.5500
2002-07-04,,,,1128.2200
2002-07-05,,,,1127.4400
2002-07-06,,,,1084.9900
2002-07-08,,,,1125.2800
2002-07-09,,,,1124.8500
2002-07-10,,,,1045.2300
2002-07-11,,,,1023.0200
2002-07-12,,,,1103.5400
2002-07-15,,,,1093.1900
2002-07-16,,,,1081.3200
2002-07-17,,,,1081.8100
2002-07-18,,,,1090.3900
2002-07-19,,,,1085.8600
2002-07-22,,,,1073.2600
2002-07-23,,,,1079.1600
2002-07-24,,,,1063.8800
2002-07-25,,,,1058.8500
2002-07-26,,,,1042.3100
2002-07-29,,,,1055.6500
2002-07-30,,,,1040.3200
2002-07-31,,,,1055.8700
2002-08-01,,,,877.9300
2002-08-02,,,,1051.8700
2002-08-03,,,,1061.8800
2002-08-04,,,,1069.5900
2002-08-05,,,,1052.9800
2002-08-06,,,,1050.0400
2002-08-07,,,,1051.9000
2002-08-08,,,,1042.8900
2002-08-09,,,,1047.8000
2002-08-10,,,,1041.4100
2002-08-11,,,,1009.9500
2002-08-12,,,,1045.4500
2002-08-13,,,,1045.8800
2002-08-14,,,,1035.9700
2002-08-16,,,,1041.4900
2002-08-19,,,,1044.7600
2002-08-20,,,,1044.3500
2002-08-21,,,,1042.2000
2002-08-22,,,,1041.2100
2002-08-23,,,,1052.6900
2002-08-26,,,,1055.4900
2002-08-27,,,,1052.3300
2002-08-28,,,,1052.1400
2002-08-29,,,,1051.5100
2002-08-30,,,,1073.6300
2002-09-01,,,,900.1700
2002-09-02,,,,1064.3400
2002-09-03,,,,1054.1600
2002-09-04,,,,1055.1700
2002-09-05,,,,1071.6000
2002-09-06,,,,1058.4000
2002-09-07,,,,1124.8500
2002-09-08,,,,1047.8000
2002-09-09,,,,1051.6100
2002-09-10,,,,1035.3400
2002-09-11,,,,1059.0900
2002-09-12,,,,1068.6600
2002-09-13,,,,1062.2000
2002-09-16,,,,1054.2300
2002-09-17,,,,1063.3100
2002-09-18,,,,1063.1200
2002-09-19,,,,1060.1100
2002-09-20,,,,1049.0000
2002-09-23,,,,1042.6200
2002-09-24,,,,1043.7500
2002-09-25,,,,1033.4900
2002-09-26,,,,1028.6800
2002-09-27,,,,1044.9100
2002-09-30,,,,1045.2300
2002-10-01,,,,1046.6700
2002-10-03,,,,1040.4500
2002-10-04,,,,1063.4500
2002-10-05,,,,1069.2200
2002-10-06,,,,1114.6400
2002-10-07,,,,1045.2300
2002-10-08,,,,1041.4100
2002-10-09,,,,1035.3400
2002-10-10,,,,1027.9000
2002-10-11,,,,1032.3800
2002-10-12,,,,1124.9700
2002-10-14,,,,1035.7700
2002-10-16,,,,1030.5700
2002-10-17,,,,1026.1000
2002-10-18,,,,1010.4500
2002-10-21,,,,1018.1100
2002-10-22,,,,1008.4700
2002-10-23,,,,1012.3700
2002-10-24,,,,995.1500
2002-10-25,,,,996.5500
2002-10-28,,,,1014.4300
2002-10-29,,,,1023.8200
2002-10-30,,,,1010.0300
2002-10-31,,,,1011.8600
2002-11-01,,,,892.8500
2002-11-02,,,,1044.5200
2002-11-03,,,,1052.0400
2002-11-04,,,,1074.6000
2002-11-05,,,,1035.0200
2002-11-06,,,,1147.4600
2002-11-07,,,,1104.9200
2002-11-08,,,,1009.9500
2002-11-09,,,,1059.0900
2002-11-10,,,,1032.3800
2002-11-11,,,,1003.6300
2002-11-12,,,,1156.3700
2002-11-13,,,,982.7800
2002-11-14,,,,995.0900
2002-11-15,,,,1002.4100
2002-11-18,,,,1017.2300
2002-11-20,,,,1015.3700
2002-11-21,,,,1013.0800
2002-11-22,,,,1051.4600
2002-11-25,,,,1073.7700
2002-11-26,,,,1076.6300
2002-11-27,,,,1088.1600
2002-11-28,,,,1090.5200
2002-11-29,,,,1094.9500
2002-12-02,,,,1038.7700
2002-12-03,,,,1095.6000
2002-12-04,,,,1090.5600
2002-12-05,,,,1105.5400
2002-12-06,,,,1163.0800
2002-12-07,,,,1103.5400
2002-12-08,,,,1045.4500
2002-12-09,,,,1137.0400
2002-12-10,,,,1124.9700
2002-12-11,,,,1156.3700
2002-12-12,,,,1171.1400
2002-12-13,,,,1205.9200
2002-12-16,,,,1201.6600
2002-12-17,,,,1213.9400
2002-12-18,,,,1235.9900
2002-12-19,,,,1209.2200
2002-12-20,,,,1212.6900
2002-12-23,,,,1215.7000
2002-12-24,,,,1227.2000
2002-12-26,,,,1227.6200
2002-12-27,,,,1237.8600
2002-12-30,,,,1223.4500
2002-12-31,,,,1226.5000
2003-01-01,,,,1221.3800
2003-01-02,,,,1225.3300
2003-01-03,,,,1208.2700
2003-01-04,,,,1276.4100
2003-01-06,,,,1181.4900
2003-01-07,,,,1191.9500
2003-01-08,,,,1201.0600
2003-01-09,,,,1943.3600
2003-01-10,,,,2020.8800
2003-01-12,,,,2214.8500
2003-01-13,,,,1254.5200
2003-01-14,,,,1252.2000
2003-01-15,,,,1263.3800
2003-01-16,,,,1272.5900
2003-01-17,,,,1287.9800
2003-01-20,,,,1298.1800
2003-01-21,,,,1346.5900
2003-01-22,,,,1345.8600
2003-01-23,,,,1335.4500
2003-01-24,,,,1305.2800
2003-01-27,,,,1284.4100
2003-01-28,,,,1298.9500
2003-01-29,,,,1291.4100
2003-01-30,,,,1274.9600
2003-01-31,,,,1273.6200
2003-02-01,,,,1225.3300
2003-02-03,,,,1295.9900
2003-02-04,,,,1310.2400
2003-02-05,,,,1300.5600
2003-02-06,,,,1335.4600
2003-02-07,,,,1654.0000
2003-02-09,,,,1977.2700
2003-02-10,,,,1291.1400
2003-02-11,,,,1289.7300
2003-02-12,,,,1306.8000
2003-02-14,,,,1296.7600
2003-02-17,,,,1327.6800
2003-02-18,,,,1336.1900
2003-02-19,,,,1371.2700
2003-02-20,,,,1362.6000
2003-02-21,,,,1366.7100
2003-02-24,,,,1374.0000
2003-02-25,,,,1343.7300
2003-02-26,,,,1322.9900
2003-02-27,,,,1341.3800
2003-02-28,,,,1306.0200
2003-03-01,,,,1208.2700
2003-03-02,,,,1295.9900
2003-03-03,,,,1323.4100
2003-03-04,,,,1312.1400
2003-03-05,,,,1307.2900
2003-03-06,,,,1293.2000
2003-03-07,,,,1738.8200
2003-03-09,,,,1930.0400
2003-03-10,,,,2068.2200
2003-03-11,,,,1262.2000
2003-03-12,,,,2302.0500
2003-03-13,,,,1261.8900
2003-03-17,,,,1253.5000
2003-03-19,,,,1265.8200
2003-03-20,,,,1292.3300
2003-03-21,,,,1301.2300
2003-03-22,,,,1303.1000
2003-03-24,,,,1278.3300
2003-03-25,,,,1272.5500
2003-03-26,,,,1280.0600
2003-03-27,,,,1265.9000
2003-03-28,,,,1289.0400
2003-03-31,,,,1265.1900
2003-04-01,,,,1276.4100
2003-04-02,,,,1291.9400
2003-04-03,,,,1312.1400
2003-04-04,,,,1341.3800
2003-04-06,,,,1617.5000
2003-04-07,,,,1361.6500
2003-04-08,,,,1357.9600
2003-04-09,,,,1330.5000
2003-04-10,,,,1338.7600
2003-04-11,,,,2297.6400
2003-04-12,,,,2268.7300
2003-04-15,,,,1333.6900
2003-04-16,,,,1350.6200
2003-04-17,,,,1343.1100
2003-04-21,,,,1341.8700
2003-04-22,,,,1335.3500
2003-04-23,,,,1307.9900
2003-04-24,,,,1312.4400
2003-04-25,,,,1311.5200
2003-04-28,,,,1338.5100
2003-04-29,,,,1315.7200
2003-04-30,,,,1314.7100
2003-05-02,,,,1342.6100
2003-05-03,,,,1307.2900
2003-05-05,,,,1368.0500
2003-05-06,,,,1600.4000
2003-05-07,,,,1354.4000
2003-05-08,,,,1358.4500
2003-05-09,,,,1372.6900
2003-05-11,,,,2255.0900
2003-05-12,,,,1427.4800
2003-05-13,,,,1433.1200
2003-05-14,,,,1470.8900
2003-05-15,,,,1495.9800
2003-05-16,,,,1494.0900
2003-05-19,,,,1484.2300
2003-05-20,,,,1512.4200
2003-05-21,,,,1528.2800
2003-05-22,,,,1527.1200
2003-05-23,,,,1552.7700
2003-05-26,,,,1605.3900
2003-05-27,,,,1583.4200
2003-05-28,,,,1641.9800
2003-05-29,,,,1665.1900
2003-05-30,,,,1630.9400
2003-06-01,,,,1181.4900
2003-06-02,,,,1538.8300
2003-06-03,,,,1293.2000
2003-06-04,,,,1617.5000
2003-06-05,,,,1371.4000
2003-06-06,,,,1610.9100
2003-06-08,,,,1717.4900
2003-06-09,,,,1607.9900
2003-06-10,,,,2120.8500
2003-06-11,,,,2245.8900
2003-06-12,,,,1553.2800
2003-06-13,,,,1543.2200
2003-06-16,,,,1534.3500
2003-06-17,,,,1568.1900
2003-06-18,,,,1542.4700
2003-06-19,,,,1562.8900
2003-06-20,,,,1577.1300
2003-06-23,,,,1560.8800
2003-06-24,,,,1565.3200
2003-06-25,,,,1605.8900
2003-06-26,,,,1607.2800
2003-06-27,,,,1626.3000
2003-06-30,,,,1657.5600
2003-07-01,,,,1647.2000
2003-07-02,,,,1319.5200
2003-07-03,,,,1267.9000
2003-07-04,,,,1709.9500
2003-07-05,,,,1354.4000
2003-07-07,,,,1723.7600
2003-07-08,,,,1705.0600
2003-07-09,,,,1703.4000
2003-07-10,,,,1702.2900
2003-07-11,,,,1740.1200
2003-07-14,,,,1795.1200
2003-07-15,,,,1802.7900
2003-07-16,,,,1854.2100
2003-07-17,,,,1808.8800
2003-07-18,,,,1803.5100
2003-07-21,,,,1774.1700
2003-07-22,,,,1719.4900
2003-07-23,,,,1724.8700
2003-07-24,,,,1749.6900
2003-07-25,,,,1819.6000
2003-07-28,,,,1815.1000
2003-07-29,,,,1811.6600
2003-07-30,,,,1857.2700
2003-07-31,,,,1807.9400
2003-08-01,,,,1201.0600
2003-08-04,,,,1357.9600
2003-08-05,,,,1752.0700
2003-08-06,,,,1717.4900
2003-08-07,,,,1705.0600
2003-08-08,,,,1790.2100
2003-08-09,,,,1940.5700
2003-08-10,,,,2168.5100
2003-08-11,,,,1800.5300
2003-08-12,,,,2206.7100
2003-08-13,,,,1810.9700
2003-08-14,,,,1804.6200
2003-08-18,,,,1806.5000
2003-08-19,,,,1801.6200
2003-08-20,,,,1841.4200
2003-08-21,,,,1892.1500
2003-08-22,,,,1896.5600
2003-08-25,,,,1839.4200
2003-08-26,,,,1914.0200
2003-08-27,,,,1996.0600
2003-08-28,,,,1972.2900
2003-08-29,,,,1940.7500
2003-09-01,,,,1229.6600
2003-09-02,,,,1977.2700
2003-09-03,,,,1930.0400
2003-09-04,,,,1901.9400
2003-09-05,,,,1372.6900
2003-09-06,,,,1607.9900
2003-09-07,,,,1703.4000
2003-09-08,,,,1940.5700
2003-09-09,,,,1922.3700
2003-09-10,,,,2207.4700
2003-09-11,,,,1990.1300
2003-09-12,,,,2242.4300
2003-09-15,,,,1875.7900
2003-09-16,,,,1928.2000
2003-09-17,,,,1901.9200
2003-09-18,,,,1818.3400
2003-09-19,,,,1829.3400
2003-09-22,,,,1802.8700
2003-09-23,,,,1847.6100
2003-09-24,,,,1894.5100
2003-09-25,,,,1865.7900
2003-09-26,,,,1942.7200
2003-09-29,,,,1980.4100
2003-09-30,,,,2029.2800
2003-10-01,,,,1244.5600
2003-10-02,,,,1291.1400
2003-10-03,,,,2068.2200
2003-10-04,,,,1338.7600
2003-10-06,,,,2120.8500
2003-10-07,,,,1702.2900
2003-10-08,,,,2168.5100
2003-10-09,,,,1961.0500
2003-10-10,,,,2182.4500
2003-10-11,,,,2221.0500
2003-10-12,,,,2251.7900
2003-10-13,,,,2231.9200
2003-10-14,,,,2191.8600
2003-10-15,,,,2238.3600
2003-10-16,,,,2323.5100
2003-10-17,,,,2301.0700
2003-10-20,,,,2261.9700
2003-10-21,,,,2206.6000
2003-10-22,,,,2202.4600
2003-10-23,,,,2187.3500
2003-10-24,,,,2248.0700
2003-10-25,,,,2273.8500
2003-10-27,,,,2216.6400
2003-10-28,,,,2191.1100
2003-10-29,,,,2222.9200
2003-10-30,,,,2245.4700
2003-10-31,,,,2294.5500
2003-11-02,,,,1289.7300
2003-11-03,,,,1262.2000
2003-11-04,,,,1337.4000
2003-11-05,,,,2255.0900
2003-11-06,,,,1567.4500
2003-11-07,,,,2236.7400
2003-11-08,,,,1800.5300
2003-11-09,,,,1990.1300
2003-11-10,,,,2221.0500
2003-11-11,,,,2243.3000
2003-11-12,,,,2255.4100
2003-11-13,,,,2218.5300
2003-11-14,,,,2172.6000
2003-11-15,,,,2182.8900
2003-11-17,,,,2204.5600
2003-11-18,,,,2170.5000
2003-11-19,,,,2125.9500
2003-11-20,,,,2088.7300
2003-11-21,,,,2091.3800
2003-11-24,,,,2107.1800
2003-11-25,,,,2136.8700
2003-11-27,,,,2182.1300
2003-11-28,,,,2202.4600
2003-12-01,,,,2214.8500
2003-12-02,,,,1306.8000
2003-12-03,,,,1265.6500
2003-12-04,,,,2268.7300
2003-12-05,,,,1427.4800
2003-12-06,,,,1553.2800
2003-12-08,,,,2206.7100
2003-12-09,,,,1947.5800
2003-12-10,,,,2251.7900
2003-12-11,,,,2306.6000
2003-12-12,,,,2323.2900
2003-12-15,,,,2324.9900
2003-12-16,,,,2321.2700
2003-12-17,,,,2303.2500
2003-12-18,,,,2309.5600
2003-12-19,,,,2342.6000
2003-12-22,,,,2427.5400
2003-12-23,,,,2426.0300
2003-12-24,,,,2455.8000
2003-12-26,,,,2508.3900
2003-12-29,,,,2594.0900
2003-12-30,,,,2567.2200
2003-12-31,,,,2588.7800
2004-01-01,,,,2665.1300
2004-01-02,,,,2683.1000
2004-01-03,,,,2676.6300
2004-01-04,,,,2871.0000
2004-01-05,,,,2746.5000
2004-01-06,,,,2728.5700
2004-01-07,,,,2687.7000
2004-01-08,,,,2772.2200
2004-01-09,,,,2840.6600
2004-01-10,,,,2544.8200
2004-01-11,,,,2506.4800
2004-01-12,,,,2872.2900
2004-01-13,,,,2905.6200
2004-01-14,,,,2973.0400
2004-01-15,,,,2931.8600
2004-01-16,,,,2810.7700
2004-01-19,,,,2882.1700
2004-01-20,,,,2783.7800
2004-01-21,,,,2641.1500
2004-01-22,,,,2609.2000
2004-01-23,,,,2741.8600
2004-01-27,,,,2848.4200
2004-01-28,,,,2777.7200
2004-01-29,,,,2732.4100
2004-01-30,,,,2639.8800
2004-02-01,,,,2683.1000
2004-02-03,,,,2515.5500
2004-02-04,,,,2909.3200
2004-02-05,,,,2616.3800
2004-02-06,,,,2700.5500
2004-02-07,,,,2285.9300
2004-02-08,,,,2348.3100
2004-02-09,,,,2821.9900
2004-02-10,,,,2831.4000
2004-02-11,,,,2526.5000
2004-02-12,,,,3204.2500
2004-02-13,,,,2816.8400
2004-02-16,,,,2808.2100
2004-02-17,,,,2839.9700
2004-02-18,,,,2821.9900
2004-02-19,,,,2736.6500
2004-02-20,,,,2694.1900
2004-02-23,,,,2613.3400
2004-02-24,,,,2647.9400
2004-02-25,,,,2607.7700
2004-02-26,,,,2561.0000
2004-02-27,,,,2603.9700
2004-03-01,,,,2676.6300
2004-03-02,,,,2515.5500
2004-03-03,,,,2680.0900
2004-03-04,,,,2698.1200
2004-03-05,,,,2730.1300
2004-03-06,,,,2372.6000
2004-03-08,,,,2808.1000
2004-03-09,,,,2808.3900
2004-03-10,,,,2730.5000
2004-03-11,,,,2671.3800
2004-03-12,,,,2669.2300
2004-03-15,,,,2598.4300
2004-03-16,,,,2583.4200
2004-03-17,,,,2634.6700
2004-03-18,,,,2583.0700
2004-03-19,,,,2599.7300
2004-03-22,,,,2532.3900
2004-03-23,,,,2520.8500
2004-03-24,,,,2529.1900
2004-03-25,,,,2584.3700
2004-03-26,,,,2725.6200
2004-03-29,,,,2799.1600
2004-03-30,,,,2781.9800
2004-03-31,,,,2813.7000
2004-04-01,,,,2871.0000
2004-04-02,,,,2607.4800
2004-04-03,,,,2698.1200
2004-04-05,,,,2882.8000
2004-04-06,,,,2426.5900
2004-04-07,,,,2894.4200
2004-04-08,,,,2909.7300
2004-04-10,,,,2562.0600
2004-04-11,,,,2613.2400
2004-04-12,,,,2894.1700
2004-04-13,,,,2968.0200
2004-04-15,,,,2989.4700
2004-04-16,,,,3024.1000
2004-04-17,,,,3044.7500
2004-04-19,,,,3026.4900
2004-04-20,,,,3025.5600
2004-04-21,,,,3059.1500
2004-04-22,,,,3122.0400
2004-04-23,,,,3184.4800
2004-04-27,,,,3041.4800
2004-04-28,,,,3083.5500
2004-04-29,,,,3085.6300
2004-04-30,,,,3059.7900
2004-05-01,,,,2746.5000
2004-05-02,,,,2616.3800
2004-05-03,,,,2730.1300
2004-05-04,,,,2882.8000
2004-05-05,,,,3039.9900
2004-05-06,,,,3113.5200
2004-05-07,,,,3084.6000
2004-05-08,,,,2382.3000
2004-05-10,,,,2623.6600
2004-05-11,,,,2881.8400
2004-05-12,,,,2879.6900
2004-05-13,,,,2820.1400
2004-05-14,,,,2455.5200
2004-05-17,,,,2110.5700
2004-05-18,,,,2365.4600
2004-05-19,,,,2542.9400
2004-05-20,,,,2522.6600
2004-05-21,,,,2519.4300
2004-05-24,,,,2551.2500
2004-05-25,,,,2540.6100
2004-05-26,,,,2540.1500
2004-05-27,,,,2529.5800
2004-05-28,,,,2356.9500
2004-05-31,,,,2243.9000
2004-06-01,,,,2728.5700
2004-06-02,,,,2700.5500
2004-06-03,,,,2372.6000
2004-06-04,,,,2894.1600
2004-06-05,,,,3113.5200
2004-06-07,,,,2253.3800
2004-06-08,,,,2346.8200
2004-06-09,,,,2453.0700
2004-06-10,,,,2420.7400
2004-06-11,,,,2335.8100
2004-06-12,,,,3208.1300
2004-06-14,,,,2245.7000
2004-06-15,,,,2289.4900
2004-06-16,,,,2290.2700
2004-06-17,,,,2338.4600
2004-06-18,,,,2308.4300
2004-06-21,,,,2256.2400
2004-06-22,,,,2240.8100
2004-06-23,,,,2200.9500
2004-06-24,,,,2251.5800
2004-06-25,,,,2225.3700
2004-06-28,,,,2278.1600
2004-06-29,,,,2266.1000
2004-06-30,,,,2256.1200
2004-07-01,,,,2687.7000
2004-07-02,,,,2285.9300
2004-07-04,,,,2894.4200
2004-07-05,,,,2214.0800
2004-07-06,,,,2448.7800
2004-07-07,,,,2255.9100
2004-07-08,,,,2162.1700
2004-07-09,,,,2202.2000
2004-07-10,,,,2592.8200
2004-07-12,,,,3192.9500
2004-07-13,,,,2203.7300
2004-07-14,,,,2207.4300
2004-07-15,,,,2218.9200
2004-07-16,,,,2267.6500
2004-07-19,,,,2292.8300
2004-07-20,,,,2301.5500
2004-07-21,,,,2326.2000
2004-07-22,,,,2393.8800
2004-07-23,,,,2399.1500
2004-07-26,,,,2410.2800
2004-07-27,,,,2329.9400
2004-07-28,,,,2290.4200
2004-07-29,,,,2341.7600
2004-07-30,,,,2332.2900
2004-08-01,,,,2772.2200
2004-08-02,,,,2348.3100
2004-08-03,,,,2808.1000
2004-08-04,,,,2909.7300
2004-08-05,,,,2382.3000
2004-08-06,,,,2346.8200
2004-08-07,,,,2162.1700
2004-08-09,,,,2443.9200
2004-08-10,,,,2387.6500
2004-08-11,,,,2668.0600
2004-08-12,,,,3205.2900
2004-08-13,,,,2322.8000
2004-08-16,,,,2308.3200
2004-08-17,,,,2314.7000
2004-08-18,,,,2292.3200
2004-08-19,,,,2290.1900
2004-08-20,,,,2263.2200
2004-08-23,,,,2228.2500
2004-08-24,,,,2235.7500
2004-08-25,,,,2269.9900
2004-08-26,,,,2316.3300
2004-08-27,,,,2306.3400
2004-08-30,,,,2348.5000
2004-08-31,,,,2345.1600
2004-09-01,,,,2840.6600
2004-09-02,,,,2821.9900
2004-09-03,,,,2405.8200
2004-09-06,,,,2415.5300
2004-09-07,,,,2434.0800
2004-09-08,,,,2443.9200
2004-09-09,,,,2413.8100
2004-09-10,,,,2580.4100
2004-09-11,,,,2650.7900
2004-09-12,,,,3247.0300
2004-09-13,,,,2401.6900
2004-09-14,,,,2411.6600
2004-09-15,,,,2404.3300
2004-09-16,,,,2436.8000
2004-09-17,,,,2500.6600
2004-09-20,,,,2501.6200
2004-09-21,,,,2540.1100
2004-09-22,,,,2612.0700
2004-09-23,,,,2555.9400
2004-09-24,,,,2547.6900
2004-09-27,,,,2524.4300
2004-09-28,,,,2502.0000
2004-09-29,,,,2511.3500
2004-09-30,,,,2505.7000
2004-10-01,,,,2544.8200
2004-10-02,,,,2831.4000
2004-10-03,,,,2730.5000
2004-10-04,,,,2562.0600
2004-10-05,,,,3020.8700
2004-10-06,,,,2420.7400
2004-10-07,,,,2592.8200
2004-10-08,,,,2387.6500
2004-10-09,,,,2434.9100
2004-10-11,,,,2555.8400
2004-10-12,,,,2515.2800
2004-10-14,,,,2499.0500
2004-10-15,,,,2493.5900
2004-10-18,,,,2495.5200
2004-10-19,,,,2511.7500
2004-10-20,,,,2487.4300
2004-10-21,,,,2484.8900
2004-10-25,,,,2416.4500
2004-10-26,,,,2455.2600
2004-10-27,,,,2454.0100
2004-10-28,,,,2451.5400
2004-10-29,,,,2466.9600
2004-11-01,,,,2506.4800
2004-11-02,,,,2831.3100
2004-11-03,,,,2671.3800
2004-11-04,,,,2613.2400
2004-11-05,,,,2672.3400
2004-11-06,,,,2335.8100
2004-11-08,,,,2668.0600
2004-11-09,,,,2650.7900
2004-11-10,,,,2672.7400
2004-11-11,,,,2659.8100
2004-11-12,,,,2660.4200
2004-11-16,,,,2738.5900
2004-11-17,,,,2828.0600
2004-11-18,,,,2871.9300
2004-11-19,,,,2848.7900
2004-11-22,,,,2845.6000
2004-11-23,,,,2867.7200
2004-11-24,,,,2879.5700
2004-11-25,,,,2887.5700
2004-11-29,,,,2960.0600
2004-11-30,,,,2997.6600
2004-12-01,,,,2872.2900
2004-12-02,,,,2797.0400
2004-12-03,,,,2669.2300
2004-12-04,,,,2894.1700
2004-12-05,,,,2879.6900
2004-12-06,,,,3208.1300
2004-12-07,,,,2221.1800
2004-12-08,,,,3205.2900
2004-12-09,,,,3247.0300
2004-12-10,,,,3199.1800
2004-12-11,,,,2660.4200
2004-12-13,,,,3201.5200
2004-12-14,,,,3239.4000
2004-12-15,,,,3233.7000
2004-12-16,,,,3225.2200
2004-12-17,,,,3186.2500
2004-12-20,,,,3225.9100
2004-12-21,,,,3289.4800
2004-12-22,,,,3270.8600
2004-12-23,,,,3365.4000
2004-12-24,,,,3362.6700
2004-12-27,,,,3382.8200
2004-12-28,,,,3407.3600
2004-12-29,,,,3407.5700
2004-12-30,,,,3406.0900
2004-12-31,,,,3497.3600
2005-01-02,,,,3410.7500
2005-01-03,,,,3531.5600
2005-01-04,,,,3560.4000
2005-01-05,,,,3400.0600
2005-01-06,,,,3456.8400
2005-01-07,3626.6500,3704.3500,3607.7000,3678.9000
2005-01-08,4349.6000,4364.1000,4272.6500,4336.0000
2005-01-09,4063.8500,4111.1500,4054.5500,4064.6500
2005-01-10,,,,3263.6300
2005-01-11,4049.8000,4069.7500,4003.7000,4025.2500
2005-01-12,,,,3084.6000
2005-01-13,,,,3238.1100
2005-01-14,,,,3199.1900
2005-01-17,,,,3262.3600
2005-01-18,,,,3244.0600
2005-01-19,,,,3221.1400
2005-01-20,,,,3184.7700
2005-01-24,,,,3115.1800
2005-01-25,,,,3197.1300
2005-01-27,,,,3199.4800
2005-01-28,,,,3325.3700
2005-01-31,,,,3429.6000
2005-02-01,,,,3410.7500
2005-02-02,,,,3445.2400
2005-02-03,,,,3497.9800
2005-02-04,,,,3458.2100
2005-02-05,,,,3178.5700
2005-02-06,,,,3427.4400
2005-02-07,,,,3419.4100
2005-02-08,,,,3417.9000
2005-02-09,,,,3490.9300
2005-02-10,,,,3502.8700
2005-02-11,4024.0000,4040.1000,3959.7000,4014.6500
2005-02-12,4351.4500,4411.2000,4330.7000,4343.4500
2005-02-14,,,,3526.9400
2005-02-15,,,,3511.7300
2005-02-16,,,,3488.8000
2005-02-17,,,,3478.7200
2005-02-18,,,,3484.8800
2005-02-21,,,,3463.1500
2005-02-22,,,,3536.5000
2005-02-23,,,,3523.8500
2005-02-24,,,,3543.6100
2005-02-25,,,,3529.7200
2005-02-28,,,,3676.5000
2005-03-01,,,,3531.5600
2005-03-02,,,,3709.1200
2005-03-03,,,,3742.0400
2005-03-04,,,,3769.6000
2005-03-05,,,,3204.7300
2005-03-06,,,,3468.8600
2005-03-07,,,,3897.6400
2005-03-08,,,,3916.5000
2005-03-09,,,,3881.8400
2005-03-10,,,,3931.5400
2005-03-11,,,,3910.1100
2005-03-14,,,,3874.4200
2005-03-15,,,,3834.7300
2005-03-16,,,,3861.9400
2005-03-17,,,,3795.0200
2005-03-18,,,,3799.7800
2005-03-21,,,,3783.7600
2005-03-22,,,,3642.5600
2005-03-23,,,,3505.2200
2005-03-24,,,,3501.1200
2005-03-28,,,,3549.6900
2005-03-29,,,,3449.9800
2005-03-30,,,,3491.8600
2005-03-31,,,,3536.6400
2005-04-01,,,,3560.4000
2005-04-02,,,,3458.2100
2005-04-03,,,,3769.6000
2005-04-04,,,,3625.2200
2005-04-05,,,,3561.6900
2005-04-06,,,,3471.4600
2005-04-07,3684.0500,3725.6000,3684.0500,3721.5000
2005-04-08,,,,3520.5500
2005-04-10,4624.9000,4704.4500,4623.2000,4692.8500
2005-04-11,,,,3487.5700
2005-04-12,,,,3532.7500
2005-04-13,,,,3536.4100
2005-04-15,,,,3426.8700
2005-04-18,,,,3369.7900
2005-04-19,,,,3335.4800
2005-04-20,,,,3339.8100
2005-04-21,,,,3387.9000
2005-04-22,,,,3388.5200
2005-04-25,,,,3418.7000
2005-04-26,,,,3413.4500
2005-04-27,,,,3356.2500
2005-04-28,,,,3275.0000
2005-04-29,,,,3162.2100
2005-05-01,,,,3400.0600
2005-05-02,,,,3178.5700
2005-05-03,,,,3204.7300
2005-05-04,,,,3260.6500
2005-05-05,,,,3354.1300
2005-05-06,,,,3339.3100
2005-05-07,3722.0000,3749.5500,3646.9500,3702.0500
2005-05-08,4270.2500,4349.0500,4262.8500,4277.1500
2005-05-09,4096.3500,4147.4500,4096.3500,4129.3500
2005-05-10,4678.8500,4703.8500,4588.5500,4601.4500
2005-05-11,,,,3364.9600
2005-05-12,,,,3367.8500
2005-05-13,,,,3371.0100
2005-05-16,,,,3422.7800
2005-05-17,,,,3390.2500
2005-05-18,,,,3393.7400
2005-05-19,,,,3416.6700
2005-05-20,,,,3425.5000
2005-05-23,,,,3456.9700
2005-05-24,,,,3475.2500
2005-05-25,,,,3489.4900
2005-05-26,,,,3493.1200
2005-05-27,,,,3481.2000
2005-05-30,,,,3440.0600
2005-05-31,,,,3467.7200
2005-06-01,,,,3310.9400
2005-06-02,,,,3427.4400
2005-06-03,,,,3468.8600
2005-06-04,,,,3471.4600
2005-06-05,,,,3339.3100
2005-06-06,,,,3522.8400
2005-06-07,3701.8000,3768.4500,3701.8000,3759.3000
2005-06-08,,,,3659.5200
2005-06-09,4212.9500,4212.9500,4131.8000,4169.1000
2005-06-10,3640.0500,3665.8000,3585.8000,3593.5500
2005-06-12,4263.9000,4280.3500,4218.4500,4229.7000
2005-06-13,3593.9000,3648.4000,3556.7000,3642.9000
2005-06-14,3649.0500,3696.3500,3637.7000,3689.8000
2005-06-15,3700.8000,3703.7500,3662.8500,3683.8500
2005-06-16,3684.4000,3685.7500,3607.2000,3618.8000
2005-06-17,3625.1000,3627.4500,3581.8000,3595.8000
2005-06-20,3600.9000,3627.3500,3518.9500,3531.7500
2005-06-21,3529.0500,3587.1000,3529.0500,3577.5000
2005-06-22,3578.6500,3614.9500,3546.9500,3560.9000
2005-06-23,3561.2500,3614.9000,3537.8000,3610.1000
2005-06-24,3612.0000,3627.8500,3571.9000,3599.1000
2005-06-27,3599.0000,3620.3500,3579.3500,3596.5000
2005-06-28,3616.7500,3616.7500,3547.8500,3557.8000
2005-06-29,3561.5500,3590.7500,3542.4000,3586.6500
2005-06-30,3585.5500,3657.8000,3585.5500,3638.4000
2005-07-01,3626.6500,3704.3500,3607.7000,3678.9000
2005-07-02,,,,3419.4100
2005-07-03,,,,3897.6400
2005-07-04,,,,3561.8200
2005-07-05,3722.0000,3749.5500,3646.9500,3702.0500
2005-07-06,,,,3618.5400
2005-07-07,3768.9000,3796.9000,3700.8000,3721.1500
2005-07-08,3726.5500,3781.1500,3726.5500,3772.2000
2005-07-10,4459.3000,4487.4000,4354.0500,4414.2500
2005-07-11,4013.8500,4065.0500,3990.9000,4032.8000
2005-07-12,4242.0000,4283.5500,4230.2500,4276.6500
2005-07-13,3907.8000,3927.5500,3875.2000,3897.5500
2005-07-14,3900.5000,3907.9000,3832.5500,3841.9000
2005-07-15,3823.5000,3845.7000,3808.6000,3834.8500
2005-07-18,3837.4500,3869.4500,3835.9500,3849.5000
2005-07-19,3850.8000,3885.8000,3839.8000,3877.7500
2005-07-20,3888.8000,3930.9500,3883.2500,3891.1500
2005-07-21,3893.9500,3926.9000,3830.6000,3847.8500
2005-07-22,3854.9500,3955.3000,3823.8500,3949.4500
2005-07-25,3954.2500,4124.6500,3954.2500,4105.2500
2005-07-26,4087.1000,4209.1000,4049.9500,4189.5000
2005-07-27,4155.3000,4329.9500,4133.6500,4298.0000
2005-07-29,4267.9500,4431.9500,4224.3500,4361.1500
2005-08-01,4349.6000,4364.1000,4272.6500,4336.0000
2005-08-02,,,,3417.9000
2005-08-03,,,,3916.5000
2005-08-04,,,,3520.5500
2005-08-05,4270.2500,4349.0500,4262.8500,4277.1500
2005-08-06,,,,3659.5200
2005-08-07,3726.5500,3781.1500,3726.5500,3772.2000
2005-08-08,4359.0500,4359.0500,4101.8000,4117.2500
2005-08-09,4126.3500,4173.5500,4071.9500,4110.8500
2005-08-10,4119.8500,4223.0500,4119.8500,4213.1000
2005-08-11,4219.5000,4317.1000,4200.4500,4265.2500
2005-08-12,4269.9000,4303.1500,4249.6500,4263.2500
2005-08-16,4264.5500,4277.5500,4201.4500,4213.0000
2005-08-17,4219.5000,4224.9000,4181.5500,4224.5500
2005-08-18,4228.6500,4317.7100,4201.2000,4222.7500
2005-08-19,4228.5000,4234.9000,4167.5500,4174.9000
2005-08-22,4196.7500,4212.2000,4097.9000,4113.1500
2005-08-23,4118.8500,4142.3000,4024.8500,4036.0500
2005-08-24,4037.9000,4053.4500,3952.5000,4014.2000
2005-08-25,4020.5500,4048.4500,3985.3500,4038.0500
2005-08-26,4038.5000,4076.7500,4015.9500,4042.2500
2005-08-29,4042.8500,4043.5000,3958.3000,3981.2000
2005-08-30,3983.6500,4065.0000,3983.6500,4046.4000
2005-08-31,4048.6500,4067.5500,4034.1500,4062.6000
2005-09-01,4063.8500,4111.1500,4054.5500,4064.6500
2005-09-02,,,,3490.9300
2005-09-03,,,,3881.8400
2005-09-05,,,,3374.3600
2005-09-06,3659.8000,3664.4500,3609.7500,3636.5000
2005-09-08,4173.8500,4224.1500,4172.3000,4222.0500
2005-09-09,4225.1500,4334.2000,4189.4000,4314.1500
2005-09-11,4088.5000,4139.6500,4059.5500,4094.7000
2005-09-12,4318.8000,4369.2000,4311.4500,4363.1500
2005-09-13,4361.0500,4417.5500,4330.2000,4408.0500
2005-09-14,4401.7500,4473.6000,4373.0500,4424.8000
2005-09-15,4437.0500,4458.4000,4421.7500,4452.3000
2005-09-16,4488.7000,4497.5000,4426.7000,4485.1500
2005-09-19,4487.2500,4550.4500,4474.6000,4538.0000
2005-09-20,4531.7000,4630.9000,4474.2500,4612.0000
2005-09-21,4599.7500,4641.2500,4477.6500,4568.1500
2005-09-22,4562.8000,4571.9000,4391.4000,4420.2500
2005-09-23,4409.1000,4451.6500,4295.6000,4397.9500
2005-09-26,4407.5500,4495.8000,4406.5000,4486.4500
2005-09-27,4446.2500,4572.4500,4446.2500,4549.5000
2005-09-28,4550.8000,4611.2000,4544.4000,4604.0500
2005-09-29,4485.0000,4619.8000,4485.0000,4600.0500
2005-09-30,4598.3000,4667.9500,4538.1500,4622.1000
2005-10-01,,,,3263.6300
2005-10-02,,,,3502.8700
2005-10-03,4639.1500,4673.4000,4608.7000,4622.4000
2005-10-04,4624.9000,4704.4500,4623.2000,4692.8500
2005-10-05,,,,3396.1400
2005-10-06,3640.0500,3665.8000,3585.8000,3593.5500
2005-10-07,4459.3000,4487.4000,4354.0500,4414.2500
2005-10-08,4119.8500,4223.0500,4119.8500,4213.1000
2005-10-10,4415.9000,4473.3000,4357.8500,4370.8000
2005-10-11,4095.9500,4131.7500,4069.7000,4081.4000
2005-10-13,4490.1500,4530.0500,4370.4000,4390.7000
2005-10-14,4399.2500,4415.5000,4259.8000,4274.8500
2005-10-17,4293.4500,4306.9500,4208.1000,4271.6000
2005-10-18,4280.9000,4331.2000,4200.0000,4233.4500
2005-10-19,4208.3000,4208.3000,4112.8000,4152.9000
2005-10-20,4179.0500,4248.2500,4027.0500,4077.9500
2005-10-21,4107.1000,4139.7500,4026.7500,4132.1500
2005-10-24,4136.8000,4165.5000,4033.4000,4049.1500
2005-10-25,4056.1000,4143.7000,4041.0500,4120.9000
2005-10-26,4120.2000,4147.2500,4099.3000,4128.5500
2005-10-27,4129.2500,4141.2500,3919.3500,3944.2000
2005-10-28,3945.2000,3945.2000,3858.0500,3876.5500
2005-10-31,3907.3000,4015.7000,3888.9000,4003.8500
2005-11-01,4049.8000,4069.7500,4003.7000,4025.2500
2005-11-02,,,,3506.9000
2005-11-03,,,,3910.1100
2005-11-04,,,,3487.5700
2005-11-05,,,,3364.9600
2005-11-07,4013.8500,4065.0500,3990.9000,4032.8000
2005-11-08,4042.3000,4106.1000,4042.3000,4076.9500
2005-11-09,4088.5000,4139.6500,4059.5500,4094.7000
2005-11-10,4378.0500,4497.1000,4303.6500,4489.4000
2005-11-11,4082.8000,4174.0000,4082.8000,4165.3000
2005-11-14,4170.6000,4274.1000,4170.6000,4259.7000
2005-11-16,4269.2000,4333.2000,4269.2000,4318.8500
2005-11-17,4330.5500,4387.4000,4293.8500,4380.3500
2005-11-18,4353.1000,4416.8500,4327.9500,4346.1000
2005-11-21,4350.8000,4355.5500,4241.2500,4251.9500
2005-11-22,4248.1000,4281.7500,4177.2000,4190.9500
2005-11-23,4191.1000,4268.8000,4185.5500,4260.7500
2005-11-24,4258.2500,4349.8000,4258.2500,4318.3500
2005-11-25,4333.9500,4374.0000,4327.9500,4367.6500
2005-11-26,4372.6000,4394.3000,4371.9000,4375.2500
2005-11-28,4379.6500,4426.9500,4379.1500,4407.5500
2005-11-29,4282.6000,4412.6500,4282.6000,4348.2500
2005-11-30,4353.4000,4415.9500,4286.2000,4298.2000
2005-12-01,4321.6500,4343.8000,4269.8500,4336.4000
2005-12-02,4351.4500,4411.2000,4330.7000,4343.4500
2005-12-04,,,,3532.7500
2005-12-05,,,,3367.8500
2005-12-06,4263.9000,4280.3500,4218.4500,4229.7000
2005-12-07,3854.4000,3907.7500,3835.0500,3892.2500
2005-12-08,4269.9000,4303.1500,4249.6500,4263.2500
2005-12-09,4318.8000,4369.2000,4311.4500,4363.1500
2005-12-12,4314.5500,4382.3500,4314.5500,4366.7500
2005-12-13,4368.7000,4439.0500,4364.7000,4429.8000
2005-12-14,4427.8500,4536.2500,4427.8500,4519.5500
2005-12-15,4523.3500,4541.6000,4377.3500,4406.1000
2005-12-16,4414.7500,4532.6500,4364.2500,4520.1500
2005-12-19,4492.4000,4606.7500,4492.4000,4595.8500
2005-12-20,4605.4000,4608.0500,4536.5500,4578.3500
2005-12-21,4576.8500,4611.7000,4487.1000,4511.0500
2005-12-22,4510.4500,4542.7500,4487.4500,4522.4500
2005-12-23,4537.4000,4571.8500,4459.0500,4469.8000
2005-12-26,4463.6500,4481.6000,4319.0500,4335.1500
2005-12-27,4325.1500,4459.1000,4299.3000,4451.9500
2005-12-28,4454.7500,4505.1000,4420.9500,4453.6000
2005-12-29,4463.1000,4495.8000,4435.1000,4441.5500
2005-12-30,4445.6000,4551.6500,4445.6000,4534.2000
2006-01-02,4566.9500,4601.3500,4542.0000,4556.2500
2006-01-03,4531.4500,4605.4500,4531.4500,4600.2500
2006-01-04,4619.5500,4707.6000,4616.0500,4694.1500
2006-01-05,4714.2000,4782.6500,4670.5500,4760.4500
2006-01-06,4130.8500,4206.3500,4056.7500,4075.5000
2006-01-08,4074.1500,4074.1500,3996.0500,4050.7500
2006-01-09,4593.2000,4655.5000,4568.2500,4650.8500
2006-01-10,4698.8000,4724.8500,4617.6000,4629.1000
2006-01-11,5792.8000,5795.8500,5570.9000,5623.6500
2006-01-12,4629.6500,4659.0000,4592.0000,4635.3500
2006-01-13,4634.2500,4672.1500,4589.4500,4602.5500
2006-01-16,4602.9500,4615.9500,4533.8000,4558.1500
2006-01-17,4556.3500,4604.6000,4491.9000,4504.0500
2006-01-18,4442.8000,4493.5500,4385.6500,4441.7500
2006-01-19,4447.6500,4513.6000,4447.6500,4489.0000
2006-01-20,4550.8000,4553.8000,4490.9000,4509.4000
2006-01-23,4510.8500,4529.3500,4462.1500,4491.7000
2006-01-24,4494.8500,4546.3500,4484.2000,4492.3000
2006-01-25,4493.2000,4577.0500,4477.3000,4494.9500
2006-01-27,4564.0500,4676.6000,4564.0000,4666.9000
2006-01-30,4574.0500,4668.4000,4566.3000,4601.8000
2006-01-31,4629.0500,4632.0500,4595.4500,4617.6000
2006-02-01,4622.3000,4645.4000,4469.5500,4483.8000
2006-02-02,4542.1500,4542.1500,4426.8500,4441.0500
2006-02-03,4444.6000,4444.6000,4382.2000,4397.9000
2006-02-05,4558.2500,4752.8500,4558.2500,4729.3000
2006-02-06,4076.3000,4187.9000,4032.9500,4176.5000
2006-02-07,4483.6000,4597.4000,4482.5500,4578.1000
2006-02-08,4580.0000,4580.0000,4501.7500,4563.8500
2006-02-10,4564.3000,4597.5000,4557.1500,4581.8500
2006-02-11,5586.0000,5677.2500,5586.0000,5658.7500
2006-02-13,4584.0500,4629.4500,4584.0500,4611.0000
2006-02-14,4611.0000,4619.9000,4526.7500,4540.0000
2006-02-15,4360.3000,4578.2000,4360.3000,4515.8000
2006-02-16,4542.0500,4569.9000,4479.3500,4548.1000
2006-02-17,4545.7500,4576.1500,4442.0500,4452.3000
2006-02-20,4460.6500,4471.6000,4392.7500,4449.3000
2006-02-21,4450.0500,4486.8000,4450.0500,4466.6000
2006-02-22,4467.3000,4487.6500,4436.0000,4452.1000
2006-02-23,4462.5000,4478.3500,4378.1000,4394.9000
2006-02-24,4406.6000,4508.1000,4398.0000,4497.7500
2006-02-27,4502.9000,4566.9500,4502.9000,4560.0500
2006-02-28,4565.0500,4613.4000,4515.0500,4579.0500
2006-03-01,4531.4500,4605.4500,4531.4500,4600.2500
2006-03-02,4444.6000,4444.6000,4382.2000,4397.9000
2006-03-03,4660.8000,4682.7500,4612.7000,4624.0000
2006-03-04,4661.5000,4731.9500,4661.5000,4724.0500
2006-03-05,4733.3500,4898.4000,4720.9000,4880.7000
2006-03-06,4624.8500,4661.0500,4624.8500,4634.4500
2006-03-07,3717.7500,3784.0000,3682.3500,3719.2500
2006-03-08,4097.9500,4192.9500,4097.9500,4152.6000
2006-03-09,4555.6500,4595.2500,4491.1000,4587.3500
2006-03-10,5277.0500,5312.2500,5241.4500,5264.9000
2006-03-11,5664.0500,5667.0000,5600.5500,5613.1500
2006-03-13,4660.9500,4699.6500,4648.9000,4666.3000
2006-03-14,4740.7000,4785.0500,4650.4500,4688.0000
2006-03-16,4697.8000,4738.3500,4688.9000,4710.5000
2006-03-17,4717.7000,4744.4000,4686.1500,4701.1500
2006-03-20,4707.0000,4730.7000,4697.2000,4707.9500
2006-03-21,4711.4000,4744.2500,4644.6000,4661.8500
2006-03-22,4666.7000,4666.7000,4592.7000,4607.4500
2006-03-23,4621.9500,4664.0000,4594.8500,4626.0000
2006-03-24,4627.1500,4680.3000,4627.1500,4662.9000
2006-03-27,4709.2500,4731.8000,4689.7500,4702.3500
2006-03-28,4703.6000,4732.3000,4654.1500,4660.6500
2006-03-29,4646.1000,4687.5500,4644.9000,4680.5000
2006-03-30,4678.6500,4709.1000,4628.3500,4638.4500
2006-03-31,4643.0500,4706.1500,4629.9000,4661.5000
2006-04-01,4619.5500,4707.6000,4616.0500,4694.1500
2006-04-03,4661.5000,4731.9500,4661.5000,4724.0500
2006-04-04,4742.6500,4836.9500,4742.6500,4824.6500
2006-04-05,4829.4500,4895.9000,4829.4500,4873.0000
2006-04-07,3719.4000,3788.8500,3719.4000,3776.8500
2006-04-08,4129.8000,4144.9500,4041.7000,4067.7500
2006-04-09,4662.5000,4708.9000,4661.5000,4696.9000
2006-04-10,4721.4000,4754.8000,4649.6500,4689.4500
2006-04-12,6301.6500,6374.5500,6280.6000,6294.1000
2006-04-13,4574.3000,4584.8000,4408.6500,4467.1000
2006-04-17,4477.5000,4575.9500,4477.5000,4561.7000
2006-04-18,4566.4500,4687.3000,4566.4500,4633.7500
2006-04-19,4639.4500,4694.0000,4605.2500,4620.9000
2006-04-20,4626.5500,4644.3500,4592.2000,4624.3000
2006-04-21,4627.3500,4662.4000,4567.1000,4596.1000
2006-04-24,4593.2500,4606.0500,4503.9500,4520.5000
2006-04-25,4523.9000,4543.0500,4446.9000,4455.5500
2006-04-26,4450.0000,4517.9000,4450.0000,4499.3000
2006-04-27,4514.1500,4562.1500,4415.6000,4435.8000
2006-04-28,4427.8500,4452.1500,4179.8500,4437.0500
2006-04-29,4442.6500,4622.2000,4442.6500,4549.8000
2006-05-01,4714.2000,4782.6500,4670.5500,4760.4500
2006-05-02,4558.2500,4752.8500,4558.2500,4729.3000
2006-05-03,4733.3500,4898.4000,4720.9000,4880.7000
2006-05-04,4829.4500,4895.9000,4829.4500,4873.0000
2006-05-05,4937.2000,4955.2500,4865.5000,4876.5500
2006-05-06,4177.3000,4200.8000,4047.5500,4068.3500
2006-05-07,3964.8000,3964.8000,3771.7000,3824.4000
2006-05-08,4892.2500,4935.8500,4859.8000,4875.0500
2006-05-09,4703.2500,4743.8500,4682.4000,4706.8000
2006-05-10,4916.0000,5068.2000,4916.0000,5047.1500
2006-05-11,5047.1500,5074.4000,4966.3500,4991.3500
2006-05-12,4971.2000,4987.0000,4863.3500,4871.6000
2006-05-15,4873.3000,4880.0000,4686.5500,4713.0500
2006-05-16,4714.6000,4724.2500,4550.6500,4685.4500
2006-05-17,4712.2000,4914.9000,4712.2000,4853.3500
2006-05-18,4853.6500,4853.6500,4483.4500,4539.5000
2006-05-19,4593.7500,4677.8500,4291.1500,4330.4000
2006-05-22,4380.4000,4463.4500,3972.2500,4216.3000
2006-05-23,4283.9500,4378.5000,4101.2500,4326.6500
2006-05-24,4327.8000,4466.8000,4248.0000,4295.5000
2006-05-25,4274.9000,4316.8000,4187.4000,4271.9500
2006-05-26,4274.2000,4411.8000,4274.2000,4324.0500
2006-05-29,4324.7000,4391.3500,4297.9500,4337.6500
2006-05-30,4351.6000,4353.2000,4269.2500,4274.5500
2006-05-31,4254.0500,4254.0500,4043.0000,4123.5500
2006-06-01,4767.2500,4802.8000,4703.1000,4755.6000
2006-06-02,4421.6000,4506.9500,4421.6000,4481.6500
2006-06-03,4624.8500,4661.0500,4624.8500,4634.4500
2006-06-05,4177.3000,4200.8000,4047.5500,4068.3500
2006-06-06,4061.8000,4155.7500,3950.9000,4079.5500
2006-06-07,4056.3500,4082.0500,3901.2500,3962.0000
2006-06-08,3966.3000,3966.3000,3666.9500,3704.3500
2006-06-09,4709.2000,4724.1500,4671.8500,4690.4000
2006-06-10,5326.3500,5357.2000,5300.2000,5311.2500
2006-06-11,5604.2500,5626.9000,5556.0500,5561.9000
2006-06-12,3832.8000,3850.0500,3637.3500,3673.3000
2006-06-13,3639.1000,3639.1000,3466.1000,3541.2500
2006-06-14,3583.4000,3656.5000,3408.9500,3475.4500
2006-06-15,3551.1000,3676.8500,3534.9000,3661.8500
2006-06-16,3679.0000,3853.6000,3679.0000,3770.4500
2006-06-19,3762.5000,3765.1000,3689.9000,3751.5500
2006-06-20,3751.5000,3751.5000,3633.1000,3660.4000
2006-06-21,3661.7500,3726.7000,3640.6000,3685.0000
2006-06-22,3686.4000,3850.1500,3686.4000,3829.4500
2006-06-23,3824.8000,3824.8000,3745.6500,3802.5000
2006-06-25,3813.6000,3848.1000,3777.7000,3790.3500
2006-06-26,3794.3500,3794.3500,3669.9500,3683.3500
2006-06-27,3695.5000,3713.9000,3611.2000,3679.3000
2006-06-28,3673.7500,3682.3500,3596.7500,3609.3500
2006-06-29,3610.6500,3668.1500,3571.2500,3596.2000
2006-06-30,3638.0000,3743.8000,3638.0000,3708.9000
2006-07-02,4483.6000,4597.4000,4482.5500,4578.1000
2006-07-03,3717.7500,3784.0000,3682.3500,3719.2500
2006-07-04,3719.4000,3788.8500,3719.4000,3776.8500
2006-07-05,3964.8000,3964.8000,3771.7000,3824.4000
2006-07-06,4056.3500,4082.0500,3901.2500,3962.0000
2006-07-07,3765.0000,3803.7000,3657.3000,3704.9500
2006-07-08,4059.4500,4153.1000,4032.5000,4134.4500
2006-07-09,4683.5500,4683.5500,4627.9500,4647.3000
2006-07-10,3695.7000,3713.8500,3655.2000,3709.4000
2006-07-11,3705.0500,3711.7000,3664.7500,3683.7000
2006-07-12,3591.0500,3689.3500,3529.1500,3684.8000
2006-07-13,3688.8500,3706.8000,3659.4000,3676.4000
2006-07-14,3623.4000,3658.3500,3584.9500,3630.1000
2006-07-17,3659.3500,3659.3500,3504.3000,3519.2000
2006-07-18,3512.8500,3530.6000,3445.7000,3472.6500
2006-07-19,3485.8000,3526.6000,3413.5000,3428.1500
2006-07-20,3472.0000,3626.9500,3472.0000,3602.4500
2006-07-21,3601.6000,3601.6000,3509.4000,3543.5500
2006-07-24,3537.0000,3722.2500,3495.6000,3715.7500
2006-07-25,3768.4500,3886.6500,3768.4500,3871.2000
2006-07-26,3882.6500,3910.8500,3816.9500,3898.3500
2006-07-27,3920.1500,3960.6000,3844.0000,3945.7000
2006-07-28,3967.0500,4042.7500,3911.7000,4022.9500
2006-07-31,4032.4500,4140.5500,4032.4500,4078.8000
2006-08-01,4074.1500,4074.1500,3996.0500,4050.7500
2006-08-02,4580.0000,4580.0000,4501.7500,4563.8500
2006-08-03,4097.9500,4192.9500,4097.9500,4152.6000
2006-08-04,4129.8000,4144.9500,4041.7000,4067.7500
2006-08-05,4892.2500,4935.8500,4859.8000,4875.0500
2006-08-06,3966.3000,3966.3000,3666.9500,3704.3500
2006-08-07,4059.4500,4153.1000,4032.5000,4134.4500
2006-08-08,4141.0000,4275.5000,4141.0000,4265.9500
2006-08-09,4268.6500,4346.2500,4235.7000,4329.0500
2006-08-10,4336.3500,4378.8500,4302.3500,4370.5500
2006-08-11,5529.8500,5613.7000,5460.5000,5591.0000
2006-08-12,6595.8500,6595.8500,6187.7000,6234.5500
2006-08-14,4314.7000,4358.0500,4308.2500,4328.8500
2006-08-16,4342.2000,4456.1000,4342.2000,4433.1000
2006-08-17,4453.1000,4471.4000,4394.3000,4410.3000
2006-08-18,4399.0000,4414.3500,4351.5000,4369.3000
2006-08-21,4342.9000,4456.5500,4325.4500,4446.2000
2006-08-22,4462.3500,4495.9000,4433.5500,4449.7000
2006-08-23,4448.8000,4465.3000,4378.1500,4395.1000
2006-08-24,4377.7000,4442.1000,4332.8000,4428.3500
2006-08-25,4575.7500,4596.7000,4472.1500,4495.4500
2006-08-28,4501.8500,4533.0000,4485.9500,4528.4000
2006-08-29,4529.4000,4579.6500,4529.4000,4562.7000
2006-08-30,4566.8000,4605.9000,4534.1500,4596.3000
2006-08-31,4612.0000,4633.0500,4580.4500,4594.8500
2006-09-01,4593.2000,4655.5000,4568.2500,4650.8500
2006-09-03,4555.6500,4595.2500,4491.1000,4587.3500
2006-09-04,4662.5000,4708.9000,4661.5000,4696.9000
2006-09-05,4703.2500,4743.8500,4682.4000,4706.8000
2006-09-06,3704.5000,3860.2500,3596.7000,3829.4000
2006-09-07,4683.5500,4683.5500,4627.9500,4647.3000
2006-09-08,4652.9000,4680.9000,4616.1500,4658.4500
2006-09-10,5290.7500,5327.2000,5261.7500,5292.7500
2006-09-11,5615.5000,5670.3500,5599.3000,5656.3500
2006-09-12,4526.2500,4645.7500,4480.2000,4631.6000
2006-09-13,4637.7500,4837.6000,4637.7500,4823.9000
2006-09-14,4853.2000,4913.0500,4835.1000,4896.3500
2006-09-15,4883.2500,4915.2000,4849.9500,4908.1000
2006-09-18,4905.0000,4954.5500,4898.5500,4924.9500
2006-09-19,4927.6000,4949.0000,4861.2500,4890.4500
2006-09-20,4878.2500,4915.8000,4800.6500,4899.7500
2006-09-21,4925.0000,4990.9000,4925.0000,4972.9500
2006-09-22,4956.4500,4982.2000,4903.9500,4934.7000
2006-09-25,5078.4000,5084.2500,4910.8500,4949.9000
2006-09-26,4957.2500,5066.3500,4947.8000,5061.7000
2006-09-27,5035.8500,5143.5000,5035.8500,5124.5000
2006-09-28,5123.6500,5350.6500,5118.7500,5327.6000
2006-09-29,5519.5500,5519.5500,5255.9500,5276.2500
2006-10-01,4698.8000,4724.8500,4617.6000,4629.1000
2006-10-02,4564.3000,4597.5000,4557.1500,4581.8500
2006-10-03,5277.0500,5312.2500,5241.4500,5264.9000
2006-10-04,4721.4000,4754.8000,4649.6500,4689.4500
2006-10-05,5215.8500,5350.6500,5215.8500,5334.7000
2006-10-06,5326.3500,5357.2000,5300.2000,5311.2500
2006-10-07,3695.7000,3713.8500,3655.2000,3709.4000
2006-10-08,4336.3500,4378.8500,4302.3500,4370.5500
2006-10-09,5290.7500,5327.2000,5261.7500,5292.7500
2006-10-10,5292.4500,5326.9000,5253.5000,5270.3000
2006-10-11,5666.2500,5797.8000,5648.0000,5757.9500
2006-10-12,5208.8500,5285.3000,5142.0000,5270.4000
2006-10-13,5290.8500,5361.2500,5290.8500,5302.4500
2006-10-16,5250.6000,5433.1000,5250.6000,5399.5500
2006-10-17,5393.4000,5433.7000,5353.9000,5390.1000
2006-10-18,5406.5000,5425.6000,5374.6500,5405.8500
2006-10-19,5410.1500,5430.6500,5300.0000,5334.8500
2006-10-20,5341.5500,5373.8000,5314.4000,5333.6500
2006-10-21,5380.6500,5380.6500,5307.5000,5325.5500
2006-10-23,5304.6000,5341.0500,5240.5000,5247.2500
2006-10-26,5282.8000,5482.4000,5265.2000,5460.1000
2006-10-27,5473.4000,5551.9000,5464.1000,5545.2500
2006-10-30,5539.9000,5641.9500,5479.6000,5626.4500
2006-10-31,5633.7000,5686.9000,5543.8000,5588.7000
2006-11-01,5792.8000,5795.8500,5570.9000,5623.6500
2006-11-02,5586.0000,5677.2500,5586.0000,5658.7500
2006-11-03,5664.0500,5667.0000,5600.5500,5613.1500
2006-11-05,5047.1500,5074.4000,4966.3500,4991.3500
2006-11-06,5604.2500,5626.9000,5556.0500,5561.9000
2006-11-07,5575.8500,5610.6000,5510.9500,5535.7500
2006-11-08,5529.8500,5613.7000,5460.5000,5591.0000
2006-11-09,5615.5000,5670.3500,5599.3000,5656.3500
2006-11-10,5271.5000,5313.8500,5182.1000,5206.4000
2006-11-12,6177.9000,6177.9000,5729.3500,5790.6000
2006-11-13,5773.2500,5823.9500,5730.8500,5801.3500
2006-11-14,5793.6000,5849.8500,5782.1000,5838.8000
2006-11-15,5835.2000,6047.4500,5835.2000,6023.5500
2006-11-16,6039.2000,6268.2500,6039.2000,6175.0500
2006-11-17,6166.4500,6228.2500,6066.1500,6119.6500
2006-11-20,6115.9500,6115.9500,5907.4500,6006.6000
2006-11-21,6045.0500,6101.8000,6009.1000,6085.5000
2006-11-22,6094.4000,6177.2000,6094.4000,6118.9000
2006-11-23,6153.0000,6177.5500,6082.8000,6157.1000
2006-11-24,6144.9500,6190.9500,6132.6000,6153.6000
2006-11-27,6128.5000,6217.6500,6107.3500,6198.3500
2006-11-28,6179.3500,6179.3500,6080.3500,6122.9000
2006-11-29,6158.4000,6202.1000,6109.0500,6127.6500
2006-11-30,6144.2000,6227.3000,6143.5500,6198.3000
2006-12-01,4629.6500,4659.0000,4592.0000,4635.3500
2006-12-04,4644.4000,4698.6000,4567.0000,4575.2500
2006-12-05,4971.2000,4987.0000,4863.3500,4871.6000
2006-12-06,6264.5500,6305.5000,6188.8000,6213.8500
2006-12-07,3591.0500,3689.3500,3529.1500,3684.8000
2006-12-08,6595.8500,6595.8500,6187.7000,6234.5500
2006-12-09,4526.2500,4645.7500,4480.2000,4631.6000
2006-12-10,5208.8500,5285.3000,5142.0000,5270.4000
2006-12-11,6177.9000,6177.9000,5729.3500,5790.6000
2006-12-12,5758.3000,5812.0500,5408.9500,5536.3000
2006-12-13,5556.3500,5741.6500,5502.7500,5720.3500
2006-12-14,5754.8000,5877.4000,5754.8000,5849.7500
2006-12-15,5844.3500,5966.3000,5844.3500,5958.2000
2006-12-18,5971.1000,6022.2000,5814.9000,6012.0500
2006-12-19,6010.8000,6010.8000,5801.9500,5867.4500
2006-12-20,5865.8000,5947.6500,5764.1000,5797.2000
2006-12-21,5787.6000,5810.9500,5712.0000,5777.9000
2006-12-22,5796.4000,5829.4500,5760.1000,5790.4000
2006-12-26,5799.2000,5914.4000,5785.2500,5904.1500
2006-12-27,5933.4500,6057.5500,5930.9500,6009.6000
2006-12-28,6036.3500,6060.8500,5994.5500,6027.8000
2006-12-29,6098.5500,6098.5500,5993.9000,6008.7500
2007-01-02,6015.1500,6067.0500,6004.6500,6039.5500
2007-01-03,6044.3000,6084.5000,6009.6500,6070.2500
2007-01-04,6077.1500,6122.4000,5982.4500,6008.4500
2007-01-05,6004.3000,6101.8000,5996.4500,6049.0000
2007-01-06,6340.9000,6431.5000,6340.9000,6404.8000
2007-01-08,6069.9000,6069.9000,5951.6000,5968.3500
2007-01-09,5971.8000,6000.7500,5864.3000,5875.3000
2007-01-10,8008.5500,8085.1500,7913.3000,7987.5000
2007-01-11,5720.5500,5816.5000,5684.7000,5748.7500
2007-01-12,5826.6500,6184.6000,5826.6500,6157.9500
2007-01-15,6191.0000,6221.4000,6144.8500,6164.8000
2007-01-16,6188.1000,6212.1000,6103.1000,6157.4000
2007-01-17,6168.6000,6247.0500,6143.7500,6215.2000
2007-01-18,6239.2000,6292.9000,6154.9000,6189.5000
2007-01-19,6254.5000,6254.7500,6104.2000,6184.9000
2007-01-22,6209.7500,6224.1000,6135.4000,6175.4500
2007-01-23,6167.8500,6172.2500,5989.8500,6010.8000
2007-01-24,6082.8500,6098.0500,5989.6000,6055.5000
2007-01-25,6094.0500,6126.4000,6051.2500,6107.6000
2007-01-29,6139.7500,6148.5500,5953.3000,5978.9000
2007-01-31,5980.0500,6100.5000,5901.6500,5953.9500
2007-02-01,5976.2500,6152.2500,5951.0500,6115.2000
2007-02-02,6132.4500,6176.0000,6059.7000,6075.3500
2007-02-03,5395.4000,5401.1500,5196.1500,5218.9500
2007-02-04,5267.7000,5267.7000,4946.5500,4959.6500
2007-02-05,6120.1000,6144.6500,6047.5500,6089.2000
2007-02-06,6095.8000,6170.6000,6075.2500,6092.2000
2007-02-07,6104.7000,6173.9500,6095.0500,6157.1500
2007-02-08,6148.6500,6231.4500,6146.7500,6208.7000
2007-02-09,6211.4500,6248.6000,6107.5000,6184.4500
2007-02-11,8953.4000,9610.7000,8898.2000,9560.7000
2007-02-12,6085.8000,6124.2000,5957.3000,6031.6500
2007-02-13,6026.3500,6100.4500,5890.3000,5946.4500
2007-02-14,5841.2000,5841.2000,5561.0000,5672.5500
2007-02-15,5702.3500,5852.5000,5702.3500,5841.6500
2007-02-19,5858.1500,5948.1500,5836.8500,5917.4500
2007-02-20,5927.5000,5945.8500,5825.4500,5841.2500
2007-02-21,5855.2000,5868.9000,5787.6000,5816.9500
2007-02-22,5825.4500,5854.4000,5627.5500,5647.6500
2007-02-23,5721.4000,5738.0000,5427.3500,5473.6000
2007-02-26,5493.6000,5579.1000,5376.6500,5533.7500
2007-02-27,5552.3000,5616.2500,5407.3000,5464.6500
2007-02-28,5294.7000,5381.5500,5112.1500,5240.3000
2007-03-01,5262.3500,5406.3500,5213.3500,5388.9500
2007-03-02,5395.4000,5401.1500,5196.1500,5218.9500
2007-03-04,4961.3000,5048.6000,4921.8000,4995.1500
2007-03-05,5656.2500,5721.9000,5651.0500,5693.4000
2007-03-06,5061.4000,5182.4500,5005.9500,5110.1500
2007-03-07,6719.6500,6882.6000,6719.6500,6857.1000
2007-03-08,6803.0000,6903.4000,6797.3000,6854.6000
2007-03-09,6712.6000,6788.0500,6707.4500,6774.0500
2007-03-10,8029.8000,8235.8000,7820.2500,8097.9000
2007-03-12,9391.2000,9466.2000,9384.3500,9397.5500
2007-03-13,5188.1000,5259.9000,5169.3000,5251.5500
2007-03-14,5245.9000,5245.9000,5022.4500,5039.0500
2007-03-15,5048.0500,5141.8000,4949.6500,4965.0000
2007-03-16,4978.3500,4993.5500,4837.2500,4893.4500
2007-03-19,4900.1500,4992.3000,4871.4500,4979.4500
2007-03-20,5014.3500,5125.8000,5014.3500,5084.1000
2007-03-21,5104.0000,5299.1000,5083.4500,5288.4000
2007-03-22,5349.4500,5568.3000,5349.4500,5554.7500
2007-03-23,5549.4000,5594.7500,5448.8500,5518.8500
2007-03-26,5522.0500,5593.3500,5407.8500,5424.3000
2007-03-28,5375.5000,5375.5000,5270.9500,5290.1500
2007-03-29,5298.9000,5309.9000,5164.0500,5273.2000
2007-03-30,5281.4000,5339.7500,5281.4000,5308.5000
2007-04-01,6077.1500,6122.4000,5982.4500,6008.4500
2007-04-02,5267.7000,5267.7000,4946.5500,4959.6500
2007-04-03,4961.3000,5048.6000,4921.8000,4995.1500
2007-04-04,4997.0500,5108.1500,4997.0500,5031.7500
2007-04-05,5713.7000,5765.6000,5641.7500,5656.5500
2007-04-06,6431.2500,6491.4500,6400.6500,6448.8500
2007-04-07,6917.3500,6917.3500,6777.5000,6836.4500
2007-04-09,6852.2500,6863.3500,6759.1000,6801.6500
2007-04-10,8083.3000,8086.7000,7828.6500,8035.9000
2007-04-11,5325.3000,5374.2500,5261.3000,5276.6500
2007-04-12,5241.1500,5241.1500,5176.4500,5215.1500
2007-04-13,5234.5000,5404.1000,5230.9000,5362.1000
2007-04-16,5400.3000,5465.5000,5400.3000,5435.1000
2007-04-17,5457.2000,5522.1500,5387.5000,5455.4500
2007-04-18,5474.1000,5548.0000,5460.1500,5513.0000
2007-04-19,5485.2000,5587.3000,5382.2000,5540.3000
2007-04-20,5552.1000,5626.8500,5514.8000,5597.5500
2007-04-23,5622.0000,5637.1000,5536.0500,5550.1500
2007-04-24,5524.2000,5833.0500,5511.7000,5807.5000
2007-04-25,5724.0000,5905.1000,5724.0000,5876.4500
2007-04-26,5886.9500,5975.0000,5862.8500,5880.9500
2007-04-27,5833.6500,5874.7500,5731.4000,5752.9000
2007-04-30,5627.9000,5638.6500,5490.8500,5621.0000
2007-05-01,6004.3000,6101.8000,5996.4500,6049.0000
2007-05-02,6120.1000,6144.6500,6047.5500,6089.2000
2007-05-03,5135.7500,5135.7500,4980.2500,5040.1000
2007-05-04,5713.7000,5765.6000,5641.7500,5656.5500
2007-05-06,6441.5000,6554.9000,6411.2500,6533.3500
2007-05-07,6845.2500,6902.8000,6739.5000,6818.3500
2007-05-08,5584.1000,5672.5000,5523.7500,5537.0000
2007-05-09,6784.5000,6850.4500,6754.4000,6777.6500
2007-05-10,8038.1000,8066.5500,7789.7000,7845.2500
2007-05-11,5556.2500,5708.3000,5529.6500,5682.4500
2007-05-12,9373.4500,9605.2500,9373.4500,9581.3000
2007-05-14,5733.3000,5859.3500,5733.3000,5847.8000
2007-05-15,5850.0500,5968.2000,5844.2000,5950.6500
2007-05-16,5960.6500,6154.6500,5960.6500,6137.8500
2007-05-17,6179.0000,6292.0500,6179.0000,6270.9000
2007-05-18,6241.9500,6313.5500,6219.4000,6290.8000
2007-05-21,6315.8000,6445.4000,6315.8000,6391.1500
2007-05-22,6384.5500,6418.0000,6335.0000,6356.4000
2007-05-23,6371.3000,6383.8500,6252.9500,6309.1500
2007-05-24,6285.4500,6313.7500,6183.7000,6208.7000
2007-05-25,6162.5500,6218.8500,6091.9000,6200.3500
2007-05-28,6199.1500,6332.6500,6199.1500,6283.9500
2007-05-29,6288.3500,6316.9500,6257.5000,6302.1000
2007-05-30,6297.7000,6335.4500,6223.8500,6245.4500
2007-05-31,6255.5000,6345.3000,6255.5000,6324.5000
2007-06-01,6340.9000,6431.5000,6340.9000,6404.8000
2007-06-02,6095.8000,6170.6000,6075.2500,6092.2000
2007-06-03,5061.4000,5182.4500,5005.9500,5110.1500
2007-06-04,6431.2500,6491.4500,6400.6500,6448.8500
2007-06-05,6441.5000,6554.9000,6411.2500,6533.3500
2007-06-06,6561.6000,6562.5000,6312.3000,6324.3000
2007-06-07,6301.9500,6352.3000,6204.7000,6236.4500
2007-06-08,6826.9500,6853.8500,6627.6000,6821.8500
2007-06-09,6718.9000,6878.3000,6673.7500,6868.8500
2007-06-11,9383.5500,9550.6500,9129.8500,9216.3000
2007-06-12,9644.8000,9759.7000,9559.7500,9620.1500
2007-06-13,6150.6500,6168.5000,6048.8000,6063.8000
2007-06-14,6106.9000,6157.2000,6085.2000,6122.0500
2007-06-15,6134.8500,6239.8000,6134.8500,6176.2000
2007-06-18,6210.5000,6245.8000,6157.6500,6174.4000
2007-06-19,6165.5000,6382.4000,6165.5000,6366.9500
2007-06-20,6376.5000,6508.0000,6376.5000,6496.8500
2007-06-21,6486.4000,6562.2500,6438.7500,6536.2500
2007-06-22,6544.3000,6621.1500,6521.9500,6542.0500
2007-06-25,6548.9500,6555.9000,6490.3500,6544.5500
2007-06-26,6501.5000,6547.6500,6490.7500,6515.6000
2007-06-27,6522.5000,6534.1000,6457.3000,6482.4500
2007-06-28,6509.1000,6538.1500,6487.8500,6521.3500
2007-06-29,6521.8500,6749.9500,6521.8500,6740.1000
2007-07-02,6104.7000,6173.9500,6095.0500,6157.1500
2007-07-03,6719.6500,6882.6000,6719.6500,6857.1000
2007-07-04,6917.3500,6917.3500,6777.5000,6836.4500
2007-07-05,6845.2500,6902.8000,6739.5000,6818.3500
2007-07-06,6301.9500,6352.3000,6204.7000,6236.4500
2007-07-08,6846.7000,6954.6500,6796.9000,6823.4500
2007-07-09,6839.9000,6922.6000,6820.6500,6842.9500
2007-07-10,6891.8000,6906.0500,6798.8000,6814.7000
2007-07-11,6779.2500,6845.2000,6752.6500,6794.7000
2007-07-12,9677.8500,9804.5500,9605.4500,9796.1000
2007-07-13,6935.0000,7032.6500,6935.0000,6980.3500
2007-07-16,6985.0500,7112.9000,6938.0500,7101.3000
2007-07-17,7064.2500,7154.4000,7020.0000,7041.7500
2007-07-18,7050.9000,7093.9000,6978.0000,7068.8000
2007-07-19,7099.1500,7157.7000,7082.1000,7137.9000
2007-07-20,7146.7000,7209.2000,7064.6500,7086.5500
2007-07-23,7073.7000,7088.8000,7024.6000,7076.3000
2007-07-24,7092.3500,7142.1500,7057.6500,7075.6000
2007-07-25,7061.3500,7068.5500,6959.2500,7003.4500
2007-07-26,7024.9000,7032.9500,6904.7000,6933.3000
2007-07-27,6864.5500,6864.5500,6608.1000,6698.6500
2007-07-30,6726.6000,6937.1000,6650.7000,6829.8000
2007-07-31,6864.1000,6943.9000,6712.8500,6928.4500
2007-08-01,6903.8500,6903.8500,6609.7500,6637.3500
2007-08-02,6148.6500,6231.4500,6146.7500,6208.7000
2007-08-03,6803.0000,6903.4000,6797.3000,6854.6000
2007-08-05,5584.1000,5672.5000,5523.7500,5537.0000
2007-08-06,6826.9500,6853.8500,6627.6000,6821.8500
2007-08-07,6846.7000,6954.6500,6796.9000,6823.4500
2007-08-08,6849.8500,6998.6000,6849.8500,6966.8000
2007-08-09,7001.5000,7110.5500,6805.6000,6837.2000
2007-08-10,7853.1500,7935.4500,7516.4500,7626.4000
2007-08-11,9090.8000,9090.8000,8816.9500,8876.2500
2007-08-13,6650.3000,6732.3000,6622.8000,6679.7500
2007-08-14,6735.4500,6735.4500,6668.9000,6702.3500
2007-08-16,6456.2000,6509.3000,6293.6500,6305.7500
2007-08-17,6273.7000,6375.4500,6083.8500,6245.6000
2007-08-20,6358.0500,6567.6000,6358.0500,6491.5000
2007-08-21,6490.7500,6521.5000,6173.7000,6210.4500
2007-08-22,6242.4000,6312.6000,6058.3500,6228.8500
2007-08-23,6303.4500,6397.1500,6061.5500,6090.2500
2007-08-24,6128.8500,6196.6500,6071.4500,6176.5500
2007-08-27,6278.5000,6492.2500,6278.5000,6471.8500
2007-08-28,6470.4000,6522.0500,6425.3500,6485.5000
2007-08-29,6409.4000,6535.9000,6326.5000,6509.3000
2007-08-30,6581.4000,6609.4500,6532.9000,6572.4500
2007-08-31,6582.1000,6714.4000,6568.2000,6675.8500
2007-09-01,5971.8000,6000.7500,5864.3000,5875.3000
2007-09-02,6211.4500,6248.6000,6107.5000,6184.4500
2007-09-03,6712.6000,6788.0500,6707.4500,6774.0500
2007-09-04,6852.2500,6863.3500,6759.1000,6801.6500
2007-09-05,5571.1500,5649.2500,5480.5000,5638.5500
2007-09-06,6718.9000,6878.3000,6673.7500,6868.8500
2007-09-07,6787.7500,6895.7000,6752.4000,6867.9000
2007-09-08,7001.5000,7110.5500,6805.6000,6837.2000
2007-09-10,6787.6500,6883.0000,6740.7000,6870.3500
2007-09-11,8887.4500,9029.4000,8671.4000,8760.7500
2007-09-12,6837.4500,6875.9500,6773.6500,6784.4000
2007-09-13,6789.3000,6912.0500,6789.3000,6904.2000
2007-09-14,6941.9000,7062.9000,6898.7000,6912.1500
2007-09-17,6898.0000,6977.2000,6843.0000,6897.1000
2007-09-18,6921.1500,7078.9500,6883.6000,7059.6500
2007-09-19,7111.0000,7419.3500,7111.0000,7401.8500
2007-09-20,7404.9500,7462.9000,7343.6000,7390.1500
2007-09-21,7378.3000,7506.3500,7367.1500,7464.5000
2007-09-24,7514.4000,7661.0500,7514.4000,7650.9000
2007-09-25,7658.5000,7694.2500,7490.2000,7629.1500
2007-09-26,7647.1000,7829.8500,7591.8000,7755.9000
2007-09-27,7804.5500,7866.5000,7747.1000,7833.6500
2007-09-28,7838.2500,8082.8500,7836.0500,8042.2000
2007-10-01,8008.5500,8085.1500,7913.3000,7987.5000
2007-10-03,8029.8000,8235.8000,7820.2500,8097.9000
2007-10-04,5335.4000,5349.7500,5229.7500,5325.5000
2007-10-05,5664.2000,5742.6500,5628.1000,5644.9500
2007-10-07,6891.8000,6906.0500,6798.8000,6814.7000
2007-10-08,6665.3000,6665.3000,6542.4000,6646.0500
2007-10-09,7580.9000,7916.4500,7535.0500,7895.8500
2007-10-10,7960.6500,8081.0500,7907.3500,8030.6500
2007-10-11,8054.3000,8177.7500,8005.5000,8158.8000
2007-10-12,9800.2000,9889.3000,9723.6000,9864.6000
2007-10-15,7962.5500,8306.3500,7962.5500,8286.3000
2007-10-16,8361.4000,8491.6500,8240.3000,8452.2000
2007-10-17,8071.5500,8218.1000,7641.5000,8099.9000
2007-10-18,8055.1500,8192.4500,7519.7000,7608.7500
2007-10-19,7637.4000,7718.9000,7279.3000,7423.8000
2007-10-22,7374.3500,7621.6500,7289.2000,7568.0000
2007-10-23,7621.0500,8118.7500,7621.0500,8101.1000
2007-10-24,8167.9500,8276.6500,8058.5500,8228.6500
2007-10-25,8228.2000,8528.2500,8185.5500,8428.6500
2007-10-26,8426.4000,8804.9000,8257.0500,8749.9000
2007-10-29,8918.0500,9122.3500,8865.6500,9000.7500
2007-10-30,9024.5500,9237.8000,8832.5000,8934.1500
2007-10-31,8906.3000,9116.8000,8839.4000,9013.1500
2007-11-01,5720.5500,5816.5000,5684.7000,5748.7500
2007-11-02,8953.4000,9610.7000,8898.2000,9560.7000
2007-11-04,5325.3000,5374.2500,5261.3000,5276.6500
2007-11-05,5556.2500,5708.3000,5529.6500,5682.4500
2007-11-06,6210.2500,6278.9000,6151.8500,6161.2500
2007-11-07,6779.2500,6845.2000,6752.6500,6794.7000
2007-11-08,9090.8000,9090.8000,8816.9500,8876.2500
2007-11-09,6903.1500,6915.3500,6805.0000,6815.6000
2007-11-10,8054.3000,8177.7500,8005.5000,8158.8000
2007-11-12,8596.1500,8819.9000,8429.3500,8758.2000
2007-11-13,8761.3500,9149.0000,8642.8500,9060.0000
2007-11-14,9230.6500,9651.8500,9230.6500,9613.0500
2007-11-15,9560.2000,9601.4500,9422.3500,9454.7000
2007-11-16,9476.8500,9538.6500,9272.3500,9474.1500
2007-11-19,9541.1000,9595.4500,9367.8500,9396.2500
2007-11-20,9356.4000,9574.8500,9210.1000,9277.8500
2007-11-21,9272.2000,9291.6500,8766.3500,8829.8000
2007-11-22,8835.2500,9084.2000,8650.0000,8998.8000
2007-11-23,9051.7500,9127.6000,8821.1500,8977.9000
2007-11-26,9136.0500,9255.0500,9093.4000,9122.4500
2007-11-27,9087.6000,9098.9500,8977.9500,9070.7500
2007-11-28,9043.6000,9216.1500,8938.1000,8970.8500
2007-11-29,9124.8000,9273.2500,9063.2500,9124.4000
2007-11-30,9230.8000,9437.9500,9185.0000,9375.7500
2007-12-01,5826.6500,6184.6000,5826.6500,6157.9500
2007-12-02,6085.8000,6124.2000,5957.3000,6031.6500
2007-12-03,9391.2000,9466.2000,9384.3500,9397.5500
2007-12-04,9404.1500,9452.7000,9341.0500,9367.1000
2007-12-05,9373.4500,9605.2500,9373.4500,9581.3000
2007-12-06,6177.4500,6191.9500,6059.7500,6149.9500
2007-12-07,6812.0500,6931.5000,6812.0500,6916.0500
2007-12-09,6837.4500,6875.9500,6773.6500,6784.4000
2007-12-10,8093.6500,8132.1000,7889.8000,7934.0000
2007-12-11,9961.6500,10124.7500,9899.9500,10090.7000
2007-12-12,9951.2500,10086.6000,9891.2500,10056.7000
2007-12-13,10088.4000,10123.2000,9891.9000,9920.4500
2007-12-14,9886.8500,9948.9500,9776.8000,9803.1500
2007-12-17,9790.5500,9792.1500,9362.4000,9426.7000
2007-12-18,9507.9000,9507.9000,9225.4500,9279.2000
2007-12-19,9363.9500,9446.0000,9125.4500,9240.3500
2007-12-20,9275.6500,9332.8500,9205.3500,9245.4500
2007-12-24,9316.4500,9581.1000,9316.4500,9563.5500
2007-12-26,9545.7000,9772.0000,9545.7000,9755.2000
2007-12-27,9810.0000,9842.6500,9746.8000,9785.0500
2007-12-28,9742.0500,9840.3500,9625.3000,9828.3500
2007-12-31,9861.7000,9914.5500,9790.4000,9863.4500
2008-01-01,9819.5000,9927.4000,9813.9500,9905.2500
2008-01-02,10103.3500,10333.3000,9862.1500,10250.8500
2008-01-03,10164.0000,10265.6000,10070.8000,10100.7000
2008-01-04,10288.0500,10326.2500,10120.9000,10233.2000
2008-01-07,9983.1000,10482.4000,9948.3500,10391.1000
2008-01-08,5655.3500,5989.4500,5546.9000,5961.9000
2008-01-09,10355.0500,10495.3000,10232.5500,10306.4500
2008-01-10,5875.5500,6040.1500,5671.7000,5982.4000
2008-01-11,10295.7000,10634.2000,10295.7000,10561.5500
2008-01-12,4317.8000,4441.2000,4107.7000,4124.3000
2008-01-14,10614.8500,10774.1500,10525.7000,10698.3500
2008-01-15,10680.0000,10755.7000,10433.9500,10465.7000
2008-01-16,10390.4500,10397.3000,10038.9500,10346.9500
2008-01-17,10404.7000,10420.2500,10123.7000,10261.5000
2008-01-18,10168.2500,10215.3000,9648.4500,9739.9000
2008-01-21,9671.4000,9701.1000,8504.6500,9038.9500
2008-01-22,8663.7000,9015.8000,7958.9500,8682.4500
2008-01-23,9021.5000,9501.5500,8889.6000,9259.2000
2008-01-24,9369.1000,9630.5500,8960.2000,9133.8500
2008-01-25,9170.3500,9827.3000,9170.3500,9752.2500
2008-01-28,9748.3500,9937.9000,9313.6000,9901.9000
2008-01-29,9933.2000,10113.3500,9420.7500,9569.6000
2008-01-30,9635.3500,9635.3500,9309.8000,9404.1500
2008-01-31,9442.2000,9505.3500,9147.2500,9226.2500
2008-02-01,10103.3500,10333.3000,9862.1500,10250.8500
2008-02-04,6690.8000,6949.4500,6690.8000,6772.7000
2008-02-05,7774.1000,7900.8500,7774.1000,7871.9000
2008-02-06,6577.3000,6677.1500,6306.2500,6347.1500
2008-02-07,9225.3000,9283.3500,8925.9000,8960.4500
2008-02-08,8976.6000,8999.9500,8624.7500,8817.0000
2008-02-09,6139.4500,6624.0000,6139.4500,6508.9000
2008-02-11,8841.2000,8879.3000,8216.9000,8419.2500
2008-02-12,3989.0000,4123.2500,3919.0000,4099.3000
2008-02-13,8598.2500,8805.5500,8564.6500,8748.7500
2008-02-14,8911.6000,9163.2000,8911.6000,9125.2000
2008-02-15,9059.2000,9403.7000,8951.1000,9380.0500
2008-02-18,9411.2500,9518.3500,9320.4000,9404.2000
2008-02-19,9438.2000,9538.7000,9384.9500,9423.4500
2008-02-20,9215.4500,9346.0500,9056.1000,9129.1000
2008-02-21,9143.8000,9260.1000,8768.1500,8946.2000
2008-02-22,8922.1500,8922.1500,8642.0000,8685.1000
2008-02-25,8715.8000,8756.0000,8399.2000,8666.5000
2008-02-26,8704.3500,8810.1500,8691.1000,8742.2500
2008-02-27,8808.6500,8903.4500,8676.0000,8719.6000
2008-02-28,8683.8500,8757.1500,8496.8000,8608.2500
2008-02-29,8535.8500,8758.5500,8248.7500,8688.3500
2008-03-01,10164.0000,10265.6000,10070.8000,10100.7000
2008-03-03,8460.6000,8460.6000,8004.7000,8047.4500
2008-03-04,8032.9500,8101.0000,7587.6000,7736.6000
2008-03-05,7696.8000,7734.9000,7519.1000,7588.3500
2008-03-06,6265.6500,6338.5000,6190.6000,6301.2000
2008-03-07,7474.3000,7474.3000,7064.5000,7268.1500
2008-03-10,7163.5000,7375.2000,6945.5000,7272.5000
2008-03-11,7186.1000,7481.7500,7124.6000,7356.4000
2008-03-12,7533.5000,7705.6500,7289.0500,7341.5500
2008-03-13,7226.8000,7226.8000,6840.6500,6914.6500
2008-03-14,6914.1500,7124.9500,6880.0000,7106.0000
2008-03-17,6956.0000,6956.0000,6493.0500,6556.2000
2008-03-18,6493.3500,6611.1500,6335.0000,6472.8000
2008-03-19,6718.3000,6849.9000,6379.2000,6456.5500
2008-03-24,6461.6500,6691.0500,6456.8000,6634.6000
2008-03-25,6804.2500,7188.5000,6804.2500,7147.1500
2008-03-26,7151.6500,7230.8000,7078.0500,7120.9000
2008-03-27,7075.9000,7105.7000,6941.0500,6969.3000
2008-03-28,7022.0500,7079.1500,6751.9000,7037.8500
2008-03-31,6970.5500,6970.5500,6606.0500,6655.0000
2008-04-01,10288.0500,10326.2500,10120.9000,10233.2000
2008-04-02,6690.8000,6949.4500,6690.8000,6772.7000
2008-04-03,6769.9000,6836.1000,6697.0000,6746.1000
2008-04-04,6754.0500,6766.3000,6502.0000,6545.1500
2008-04-06,6311.2500,6350.9500,6075.0500,6113.6500
2008-04-07,4834.0000,5037.1000,4796.3000,4990.9000
2008-04-08,6843.0000,6959.7500,6750.4000,6862.7000
2008-04-09,6439.8500,6528.5000,6324.2500,6494.6500
2008-04-10,7090.6000,7090.6000,6853.5000,6872.8500
2008-04-11,6935.8000,6960.2000,6817.5500,6838.4500
2008-04-12,4224.9500,4460.7500,4224.9500,4446.6500
2008-04-15,6773.3000,6970.8500,6687.9000,6916.7500
2008-04-16,6979.8500,7052.6000,6927.9000,6951.9000
2008-04-17,7045.4000,7213.8000,7030.4500,7165.0500
2008-04-21,7174.4500,7451.9000,7117.6500,7425.4500
2008-04-22,7402.8000,7542.2500,7383.7000,7520.9000
2008-04-23,7518.8000,7532.4500,7298.9500,7378.0500
2008-04-24,7408.3500,7446.7500,7362.6000,7391.9000
2008-04-25,7409.5000,7651.4000,7409.5000,7616.3000
2008-04-28,7643.3500,7706.6000,7567.8500,7590.0500
2008-04-29,7580.0500,7815.9000,7570.4500,7737.4500
2008-04-30,7765.2500,7804.2000,7575.4500,7629.0000
2008-05-02,9577.3000,9577.3000,9363.3500,9397.8000
2008-05-03,7696.8000,7734.9000,7519.1000,7588.3500
2008-05-05,7879.6500,7990.4500,7819.9000,7851.5000
2008-05-06,6151.3500,6238.8000,5974.1000,6211.8000
2008-05-07,7787.8500,7802.2500,7661.3500,7743.6000
2008-05-08,7671.8500,7671.8500,7502.1000,7518.8000
2008-05-09,7530.9000,7540.6000,7267.9000,7299.0000
2008-05-11,5355.4500,5431.9000,5078.1500,5121.3000
2008-05-12,7274.7000,7359.6000,7140.1000,7330.5500
2008-05-13,7384.8000,7471.4500,7295.8000,7340.9500
2008-05-14,7288.2500,7358.7500,7276.5000,7324.8500
2008-05-15,7325.1500,7524.7000,7325.1500,7508.1500
2008-05-16,7559.1500,7666.9000,7559.1500,7644.6000
2008-05-20,7616.8500,7616.8500,7405.5000,7459.2000
2008-05-21,7425.3500,7425.3500,7299.0500,7374.2500
2008-05-22,7283.6000,7288.6500,7132.3000,7147.3000
2008-05-23,7170.4000,7220.6000,6994.9000,7009.0500
2008-05-26,6899.9000,6925.4000,6745.5000,6767.4500
2008-05-27,6832.4500,6850.3500,6573.8000,6593.9500
2008-05-28,6595.0500,6837.4000,6557.6500,6780.9000
2008-05-29,6826.5000,6847.9000,6526.5000,6576.7500
2008-05-30,6608.6000,6651.5000,6502.4500,6584.3500
2008-06-02,6577.3000,6677.1500,6306.2500,6347.1500
2008-06-03,6265.6500,6338.5000,6190.6000,6301.2000
2008-06-04,6311.2500,6350.9500,6075.0500,6113.6500
2008-06-05,6151.3500,6238.8000,5974.1000,6211.8000
2008-06-06,6205.5500,6308.7000,6113.8500,6140.0500
2008-06-08,6544.7500,6725.7000,6300.5000,6328.2000
2008-06-09,5960.9000,5987.7500,5803.0000,5949.2000
2008-06-10,5910.3000,5949.6000,5702.5000,5814.3500
2008-06-11,4949.7500,5137.4000,4873.4500,4940.0000
2008-06-12,5796.6500,6024.1000,5703.1000,5999.3500
2008-06-13,5976.5000,6092.3000,5962.4500,5993.1500
2008-06-16,6030.6000,6171.8000,6030.6000,6127.7500
2008-06-17,6127.2500,6437.0000,6119.3000,6425.6500
2008-06-18,6441.5000,6455.2000,6182.3500,6200.5500
2008-06-19,6159.3500,6159.3500,5933.9000,5957.2500
2008-06-20,6003.3000,6009.4000,5731.2500,5758.6000
2008-06-23,5686.5500,5737.0500,5555.4500,5593.7500
2008-06-24,5644.1500,5693.6500,5441.6500,5489.8500
2008-06-25,5382.3000,5521.1500,5282.8500,5480.7000
2008-06-26,5536.1500,5600.3000,5425.7500,5512.1500
2008-06-27,5343.9000,5343.9000,5183.2000,5210.9000
2008-06-30,5214.1000,5214.1000,4996.8500,5027.0500
2008-07-01,9983.1000,10482.4000,9948.3500,10391.1000
2008-07-02,9225.3000,9283.3500,8925.9000,8960.4500
2008-07-03,7474.3000,7474.3000,7064.5000,7268.1500
2008-07-04,6485.4000,6857.5500,6485.4000,6832.4000
2008-07-05,7787.8500,7802.2500,7661.3500,7743.6000
2008-07-07,5009.1000,5241.4000,5009.1000,5075.6000
2008-07-08,6281.5000,6442.5500,6281.5000,6363.1500
2008-07-09,5214.6000,5387.0000,5214.6000,5341.4500
2008-07-10,5713.2500,5798.9000,5376.1000,5457.5500
2008-07-11,4894.2500,5097.4000,4804.5000,5043.5500
2008-07-14,5179.9500,5322.2000,5123.1500,5207.7500
2008-07-15,5124.8500,5124.8500,4790.0000,4838.9500
2008-07-16,4837.6000,4928.3500,4676.4500,4726.4500
2008-07-17,4906.3500,5066.4500,4872.4500,5034.7500
2008-07-18,5109.3000,5418.4000,5103.2000,5389.1500
2008-07-21,5448.2000,5614.8500,5406.3000,5601.5000
2008-07-22,5594.8000,5859.0000,5573.0500,5793.7000
2008-07-23,6033.0500,6369.6000,6033.0500,6343.1500
2008-07-24,6445.3000,6468.4000,6103.1000,6213.6000
2008-07-25,6044.6000,6046.9000,5881.7500,5917.2500
2008-07-28,5900.3000,5987.2000,5842.7000,5919.1500
2008-07-29,5767.0000,5817.0000,5394.9500,5422.1500
2008-07-30,5522.7500,5737.9500,5522.7500,5719.4500
2008-07-31,5762.4000,5762.4000,5573.6000,5730.0500
2008-08-01,5655.3500,5989.4500,5546.9000,5961.9000
2008-08-02,8976.6000,8999.9500,8624.7500,8817.0000
2008-08-04,5932.4500,6089.6000,5905.7000,5992.4000
2008-08-05,7671.8500,7671.8500,7502.1000,7518.8000
2008-08-06,6544.7500,6725.7000,6300.5000,6328.2000
2008-08-07,6281.5000,6442.5500,6281.5000,6363.1500
2008-08-08,6295.7000,6488.2500,6179.0500,6447.5000
2008-08-09,6608.0000,6631.9500,6522.0500,6538.8500
2008-08-10,5336.0000,5336.0000,4918.3000,5222.6000
2008-08-11,6574.5000,6743.6500,6574.5000,6723.2000
2008-08-12,6650.2000,6754.4500,6433.8000,6490.8000
2008-08-13,6403.8500,6483.2000,6318.0500,6370.7500
2008-08-14,6305.1000,6305.1000,6010.0500,6030.0500
2008-08-18,5999.1500,6114.1500,5940.8000,6015.0500
2008-08-19,5928.9500,6027.9000,5874.1000,5992.4000
2008-08-20,6039.9000,6090.6500,5985.5500,6026.3000
2008-08-21,6001.6500,6002.2000,5692.6500,5711.5500
2008-08-22,5671.6000,5803.6000,5649.9000,5776.0500
2008-08-25,5897.2000,5995.6000,5842.3000,5860.8000
2008-08-26,5801.1000,5957.1500,5770.9000,5943.2000
2008-08-27,5978.9000,5987.3500,5809.3000,5823.5500
2008-08-28,5817.8000,5848.5000,5686.6000,5721.1500
2008-08-29,5828.0000,6112.2500,5828.0000,6102.0500
2008-09-01,10355.0500,10495.3000,10232.5500,10306.4500
2008-09-02,6139.4500,6624.0000,6139.4500,6508.9000
2008-09-04,6839.2500,7094.8500,6805.4000,7059.5500
2008-09-05,6318.2500,6388.7000,6259.1500,6288.6000
2008-09-06,5960.9000,5987.7500,5803.0000,5949.2000
2008-09-07,5214.6000,5387.0000,5214.6000,5341.4500
2008-09-08,6608.0000,6631.9500,6522.0500,6538.8500
2008-09-09,6469.9500,6506.3500,6400.1500,6441.3500
2008-09-10,6401.4000,6485.3000,6328.6500,6427.5500
2008-09-11,6342.8000,6431.9500,6246.5500,6332.2500
2008-09-12,6405.6500,6414.3500,6168.8000,6194.1500
2008-09-15,6006.7000,6031.4000,5758.4500,5997.6500
2008-09-16,5783.7000,6168.9000,5754.3500,6132.9500
2008-09-17,6169.9500,6169.9500,5785.9000,5912.5000
2008-09-18,5692.6500,6101.8000,5551.7000,6077.2000
2008-09-19,6281.5500,6357.2000,6141.4500,6312.0500
2008-09-22,6396.2000,6396.2000,6256.9500,6303.9000
2008-09-23,6147.5000,6258.8500,6009.1500,6033.3500
2008-09-24,6091.6500,6203.2000,6059.2000,6109.6500
2008-09-25,6131.5500,6146.4500,5969.7000,6080.2000
2008-09-26,6070.6000,6070.6000,5797.5000,5828.6000
2008-09-29,5863.0500,5863.0500,5432.2000,5538.7500
2008-09-30,5447.6500,5875.2500,5296.6000,5803.5500
2008-10-01,10442.3000,10624.2000,10239.3500,10266.8500
2008-10-03,5920.7000,6017.3000,5761.5000,5793.3500
2008-10-04,7090.6000,7090.6000,6853.5000,6872.8500
2008-10-06,5910.3000,5949.6000,5702.5000,5814.3500
2008-10-07,5713.2500,5798.9000,5376.1000,5457.5500
2008-10-08,5336.0000,5336.0000,4918.3000,5222.6000
2008-10-09,6401.4000,6485.3000,6328.6500,6427.5500
2008-10-10,4890.0000,5112.2500,4662.2000,4938.0000
2008-10-11,5097.8500,5274.8500,5086.0500,5261.1500
2008-10-12,4517.6500,4573.0000,4423.4500,4550.7500
2008-10-13,5034.6500,5557.0500,5034.6500,5496.7500
2008-10-14,5694.1500,5799.0000,5521.3000,5578.4000
2008-10-15,5452.4500,5551.2000,5348.8000,5425.2500
2008-10-16,5222.0000,5565.3500,5145.8000,5481.6500
2008-10-17,5557.9500,5591.4000,5113.4500,5183.5500
2008-10-20,5237.6000,5477.4500,5113.1500,5284.2000
2008-10-21,5373.6500,5478.4000,5296.8000,5414.5000
2008-10-22,5339.2500,5364.1000,5075.8000,5095.7500
2008-10-23,4904.5500,5189.9000,4880.6000,4932.4000
2008-10-24,4769.7000,4796.6500,4229.6500,4310.0500
2008-10-27,4280.5500,4286.4000,3799.3500,4092.9000
2008-10-28,4346.7500,4382.0000,4269.4000,4315.7500
2008-10-29,4451.7000,4459.4000,4236.0000,4280.4500
2008-10-31,4364.3500,4621.6500,4364.3500,4521.7000
2008-11-01,10295.7000,10634.2000,10295.7000,10561.5500
2008-11-02,8841.2000,8879.3000,8216.9000,8419.2500
2008-11-03,7186.1000,7481.7500,7124.6000,7356.4000
2008-11-04,6935.8000,6960.2000,6817.5500,6838.4500
2008-11-05,5355.4500,5431.9000,5078.1500,5121.3000
2008-11-06,5857.5500,5988.6000,5853.7500,5971.2500
2008-11-07,5361.4000,5404.6500,5175.0500,5240.7000
2008-11-08,6574.5000,6743.6500,6574.5000,6723.2000
2008-11-09,6342.8000,6431.9500,6246.5500,6332.2500
2008-11-10,5097.8500,5274.8500,5086.0500,5261.1500
2008-11-11,5207.8000,5207.8000,4921.9500,4945.7000
2008-11-12,4557.0500,4681.1000,4485.2000,4597.1500
2008-11-14,4866.5000,4926.4000,4668.0500,4719.4000
2008-11-17,4736.2500,4736.2500,4364.3500,4545.3000
2008-11-18,4474.5000,4474.5000,4285.0000,4346.7500
2008-11-19,4366.0000,4520.6500,4213.5000,4233.7000
2008-11-20,4078.1000,4181.7000,3972.1500,4086.9000
2008-11-21,4083.5000,4376.9000,4052.1000,4300.7000
2008-11-24,4274.3000,4355.6000,4095.9500,4164.7500
2008-11-25,4289.4000,4328.7000,4032.5500,4053.2000
2008-11-26,4086.5000,4298.3500,4005.3500,4267.9000
2008-11-28,4148.7500,4313.2500,4148.7500,4291.1500
2008-12-01,4317.8000,4441.2000,4107.7000,4124.3000
2008-12-02,8586.0000,8637.9000,8406.2500,8512.3500
2008-12-03,7533.5000,7705.6500,7289.0500,7341.5500
2008-12-04,4224.9500,4460.7500,4224.9500,4446.6500
2008-12-05,4442.9500,4611.4500,4308.5500,4357.0000
2008-12-06,5796.6500,6024.1000,5703.1000,5999.3500
2008-12-08,4502.0500,4599.5000,4407.2000,4429.8500
2008-12-09,6405.6500,6414.3500,6168.8000,6194.1500
2008-12-10,4517.6500,4573.0000,4423.4500,4550.7500
2008-12-11,4875.1000,4970.3500,4685.8500,4748.1500
2008-12-12,4502.5500,4687.5000,4411.6000,4655.3000
2008-12-15,4714.9500,4832.6500,4685.4000,4707.5000
2008-12-16,4698.5000,4836.5000,4677.3000,4820.6500
2008-12-17,4868.5000,4929.5500,4769.8000,4789.6500
2008-12-18,4785.2000,5142.9000,4782.6000,5122.9500
2008-12-19,5091.1500,5226.8500,5069.5500,5144.1500
2008-12-22,5119.2500,5213.3000,5010.2500,5036.5000
2008-12-23,4986.5500,5019.0000,4817.5000,4858.3500
2008-12-24,4824.9500,4962.1000,4793.7000,4930.2500
2008-12-26,4964.3500,5041.0000,4770.2000,4789.4500
2008-12-29,4774.7000,4969.1000,4684.8000,4953.9500
2008-12-30,4988.4000,5112.9500,4928.4500,5062.2000
2008-12-31,5094.3500,5119.3500,4981.2500,5001.5500
2009-01-01,5019.2000,5135.1500,5019.2000,5116.5500
2009-01-02,5154.2000,5258.6500,5103.6000,5195.1000
2009-01-04,4153.5500,4225.8500,4023.4500,4211.4500
2009-01-05,5273.4500,5371.1000,5273.4500,5359.4000
2009-01-06,5333.5000,5448.8000,5276.4000,5395.3000
2009-01-07,5416.3500,5440.5500,4954.0000,4984.5500
2009-01-09,7459.6000,7577.4000,7343.0000,7377.2000
2009-01-10,8835.3000,8911.7500,8787.0000,8861.0500
2009-01-12,4862.0000,4881.5000,4612.7500,4698.0000
2009-01-13,4700.2500,4764.1500,4605.6500,4661.7000
2009-01-14,4684.3000,4819.5000,4682.1000,4751.1000
2009-01-15,4598.4000,4598.4000,4442.7000,4484.6500
2009-01-16,4528.9000,4596.8500,4520.9000,4581.2500
2009-01-19,4585.7000,4622.0000,4519.8500,4542.2500
2009-01-20,4495.0000,4495.0000,4363.9500,4402.3500
2009-01-21,4347.6000,4365.0500,4230.7500,4252.3000
2009-01-22,4326.2500,4339.5500,4216.9500,4289.8000
2009-01-23,4270.7000,4338.5500,4049.9000,4082.1500
2009-01-27,4167.6500,4212.3500,4111.3000,4199.5500
2009-01-28,4220.5000,4355.7000,4206.3500,4340.1000
2009-01-29,4345.4500,4487.8500,4336.9500,4362.0500
2009-01-30,4289.6500,4472.8000,4285.2000,4456.5500
2009-02-01,5154.2000,5258.6500,5103.6000,5195.1000
2009-02-02,4403.9000,4405.3500,4223.7500,4238.1500
2009-02-03,4266.0500,4332.7500,4191.1000,4253.8000
2009-02-04,4296.3000,4352.0500,4238.6000,4251.2000
2009-02-05,4278.5000,4284.6500,4202.4000,4235.3500
2009-02-06,7399.9000,7452.6500,7134.5000,7343.2000
2009-02-07,7466.6000,7468.7000,7285.8500,7397.9500
2009-02-09,4365.5500,4469.6500,4365.5500,4459.5000
2009-02-10,4475.1500,4596.6000,4455.5000,4515.8000
2009-02-11,4425.3000,4522.8000,4403.3000,4504.3000
2009-02-12,4476.0500,4530.0000,4456.8500,4468.3500
2009-02-13,4511.3500,4602.1500,4511.3500,4565.8500
2009-02-16,4538.6000,4551.7500,4333.9000,4351.4500
2009-02-17,4303.4000,4303.4000,4145.0500,4164.3000
2009-02-18,4101.3500,4180.5500,4039.4000,4077.3000
2009-02-19,4075.8500,4157.5000,4036.8000,4059.1500
2009-02-20,4013.8500,4013.8500,3912.3500,3934.4000
2009-02-24,3923.8500,3923.8500,3794.9000,3878.6000
2009-02-25,3929.8500,3976.0500,3899.5500,3911.7000
2009-02-26,3896.0500,3907.9500,3781.9000,3834.9000
2009-02-27,3823.2500,3905.4500,3758.4000,3892.4000
2009-03-02,4266.0500,4332.7500,4191.1000,4253.8000
2009-03-03,3682.1000,3750.5000,3621.9000,3636.8500
2009-03-04,3671.2000,3689.4500,3576.5500,3586.9000
2009-03-05,3635.5500,3667.3500,3413.5000,3446.3500
2009-03-06,3385.4000,3541.0000,3338.8000,3455.3500
2009-03-07,7344.5500,7586.7000,7318.4500,7566.0500
2009-03-08,7564.0500,7674.8000,7514.7000,7650.1000
2009-03-09,3424.3500,3446.7500,3314.5500,3339.7000
2009-03-11,8372.1000,8506.8000,8207.7500,8255.4500
2009-03-12,3422.8500,3467.7500,3380.7000,3442.5500
2009-03-13,3498.1000,3646.6500,3498.1000,3632.7500
2009-03-16,3651.3000,3747.7500,3645.1500,3736.6500
2009-03-17,3752.2000,3783.2500,3615.6000,3644.6500
2009-03-18,3704.0000,3777.4000,3704.0000,3727.6500
2009-03-19,3759.2500,3802.1000,3668.1500,3763.5000
2009-03-20,3753.1000,3753.1000,3665.1000,3691.7000
2009-03-23,3763.7500,3963.6500,3743.0000,3944.7500
2009-03-24,4016.2500,4184.6500,3982.8000,4008.0500
2009-03-25,4013.7000,4145.3000,3993.1000,4126.4500
2009-03-26,4179.2500,4311.7000,4167.2000,4285.1500
2009-03-27,4282.3500,4423.6500,4262.9500,4406.8000
2009-03-30,4368.0500,4368.0500,4009.3500,4035.7000
2009-03-31,4071.6000,4213.1500,3871.4500,4133.2000
2009-04-01,4153.5500,4225.8500,4023.4500,4211.4500
2009-04-02,4322.2000,4489.8500,4322.2000,4426.0500
2009-04-03,3671.2000,3689.4500,3576.5500,3586.9000
2009-04-05,5291.2500,5514.2000,5291.2500,5504.0500
2009-04-06,7176.8000,7362.5500,7111.9500,7349.9000
2009-04-08,7656.6500,7720.3500,7571.9000,7617.8000
2009-04-09,7382.3500,7468.4500,7346.3000,7444.1500
2009-04-11,8330.5000,8521.1000,8267.9500,8506.7500
2009-04-12,9263.2000,9338.7000,9195.5500,9245.0500
2009-04-13,4661.9500,4869.3000,4661.9500,4818.0000
2009-04-15,4717.3500,5104.1500,4691.8000,5049.4500
2009-04-16,5079.2000,5169.2000,4892.0500,4915.7500
2009-04-17,4939.6500,5193.3000,4939.6500,5056.9000
2009-04-20,5107.0000,5201.9000,4950.5500,5009.2000
2009-04-21,4959.1500,4960.6500,4824.3000,4853.9000
2009-04-22,4865.0000,4964.7500,4777.1000,4813.3000
2009-04-23,4825.2000,5013.9000,4725.7000,4968.4000
2009-04-24,4968.3500,5151.2000,4963.2000,5125.3500
2009-04-27,5042.0000,5288.7000,5025.7500,5182.7500
2009-04-28,5169.5000,5231.9000,4909.4000,4931.3000
2009-04-29,4958.0000,4958.0000,5158.0500,5130.9500
2009-05-01,5273.4500,5371.1000,5273.4500,5359.4000
2009-05-02,4278.5000,4284.6500,4202.4000,4235.3500
2009-05-03,3635.5500,3667.3500,3413.5000,3446.3500
2009-05-04,5291.2500,5514.2000,5291.2500,5504.0500
2009-05-05,5540.6000,5626.3000,5488.9000,5596.2000
2009-05-06,5607.0000,5649.4000,5403.4000,5446.4500
2009-05-07,5551.8000,5591.1500,5481.3500,5577.3000
2009-05-08,7642.0000,7656.2000,7516.0000,7607.5000
2009-05-10,8765.9000,8789.2000,8631.9500,8661.7000
2009-05-11,8521.5500,8564.2500,8319.5000,8537.2000
2009-05-12,5336.0000,5611.9500,5315.6000,5585.5500
2009-05-13,5597.8500,5628.2500,5475.2000,5523.7500
2009-05-14,5415.5500,5515.9500,5330.5000,5495.1000
2009-05-15,5519.3500,5719.4500,5519.3500,5695.0500
2009-05-18,6304.2500,6822.9000,6304.2500,6766.5500
2009-05-19,7129.6500,7567.9000,6603.0500,7268.2000
2009-05-20,7168.7500,7314.0000,7093.1500,7144.7500
2009-05-21,7124.4000,7215.7000,6904.6000,6934.5500
2009-05-22,6856.8000,7065.7000,6819.8500,7036.3000
2009-05-25,7033.7000,7100.5500,6964.5500,7064.7000
2009-05-26,7072.7000,7142.0500,6813.1000,6851.1000
2009-05-27,7013.8000,7234.0500,7013.8000,7215.2000
2009-05-28,7202.3500,7376.0500,7143.4000,7338.6000
2009-05-29,7373.9000,7496.7500,7362.9000,7416.0000
2009-06-01,7559.3000,7559.3000,7287.1500,7364.0500
2009-06-02,7399.9000,7452.6500,7134.5000,7343.2000
2009-06-03,7361.3500,7425.6500,7187.4500,7262.3000
2009-06-04,7176.8000,7362.5500,7111.9500,7349.9000
2009-06-05,7418.8000,7448.7000,7308.8500,7343.3000
2009-06-07,7566.0500,7711.4000,6859.9000,6946.4500
2009-06-08,7596.4000,7690.9500,7445.3500,7471.8000
2009-06-09,6909.5000,7207.0500,6909.5000,7185.7500
2009-06-10,7230.2000,7402.0000,7230.2000,7338.9500
2009-06-11,7368.8500,7368.8500,7176.4000,7251.6500
2009-06-12,7334.5500,7338.0500,7063.8500,7083.1000
2009-06-15,7013.5500,7192.8500,6986.0500,7081.2000
2009-06-16,7037.3500,7295.0500,6970.6000,7274.1500
2009-06-17,7275.1000,7339.2500,7032.6000,7081.7500
2009-06-18,7082.7500,7251.9500,6967.0000,7081.1500
2009-06-19,7147.9500,7262.0000,7017.0000,7223.5500
2009-06-22,7261.5000,7402.8500,7196.9500,7229.5500
2009-06-23,7108.0000,7129.4500,6989.1000,7091.3000
2009-06-24,7147.1000,7147.1000,7015.4000,7107.9000
2009-06-25,7158.9500,7239.9500,7100.2500,7123.0000
2009-06-26,7182.2000,7417.5000,7160.0000,7398.4500
2009-06-29,7446.4500,7626.9500,7381.8000,7508.6000
2009-06-30,7538.6500,7577.6000,7303.3500,7338.8500
2009-07-01,5416.3500,5440.5500,4954.0000,4984.5500
2009-07-02,7466.6000,7468.7000,7285.8500,7397.9500
2009-07-03,7344.5500,7586.7000,7318.4500,7566.0500
2009-07-05,5551.8000,5591.1500,5481.3500,5577.3000
2009-07-06,7566.0500,7711.4000,6859.9000,6946.4500
2009-07-07,7007.2000,7087.4500,6873.7500,6952.6000
2009-07-08,6870.2500,6870.2500,6619.3000,6661.7500
2009-07-09,6654.7000,6747.8000,6542.4000,6672.7500
2009-07-10,6673.9500,6761.3000,6469.0000,6520.6000
2009-07-12,9257.6000,9309.7500,9150.2500,9175.6000
2009-07-13,6456.9000,6565.4000,6393.5000,6531.3000
2009-07-14,6649.5000,6787.1500,6649.5000,6756.4000
2009-07-15,6827.7500,6979.3000,6736.5500,6938.7000
2009-07-16,7028.5000,7066.1000,6859.3000,6912.4000
2009-07-17,6897.2000,7253.3000,6897.2000,7231.0500
2009-07-20,7273.9500,7546.3500,7239.4000,7530.2000
2009-07-21,7547.5000,7547.5000,7385.5500,7430.4000
2009-07-22,7464.9000,7614.7500,7289.8500,7329.5500
2009-07-23,7421.3500,7513.7500,7369.3000,7473.5000
2009-07-24,7536.8500,7552.6000,7351.3000,7385.5500
2009-07-27,7441.6000,7485.7500,7343.4000,7398.6500
2009-07-28,7419.3000,7430.2000,7261.3000,7312.5500
2009-07-29,7225.0500,7288.3000,7092.0500,7224.2000
2009-07-30,7208.0000,7428.5500,7178.2500,7389.7000
2009-07-31,7472.0500,7611.7000,7472.0500,7544.5000
2009-08-03,7564.0500,7674.8000,7514.7000,7650.1000
2009-08-04,4325.1000,4504.4000,4259.6500,4479.3500
2009-08-05,7642.0000,7656.2000,7516.0000,7607.5000
2009-08-06,7596.4000,7690.9500,7445.3500,7471.8000
2009-08-07,6870.2500,6870.2500,6619.3000,6661.7500
2009-08-09,7692.2000,7775.1000,7655.4000,7717.9000
2009-08-10,7363.6000,7387.6500,7126.8500,7160.0000
2009-08-11,7161.2500,7290.3500,7129.0000,7218.2500
2009-08-12,7144.0500,7198.8000,6988.5500,7172.0500
2009-08-13,7293.4000,7489.2500,7293.4000,7472.4000
2009-08-14,7502.9500,7502.9500,7373.3500,7418.9500
2009-08-17,7311.9000,7311.9000,7085.2500,7104.8500
2009-08-18,7111.2000,7291.9000,7098.6500,7207.2500
2009-08-19,7214.8000,7241.4000,6998.8000,7106.7000
2009-08-20,7168.5500,7308.6500,7168.5500,7261.2000
2009-08-21,7249.8000,7404.7000,7145.8500,7377.1000
2009-08-24,7472.6000,7536.1000,7472.6000,7507.4000
2009-08-25,7506.9500,7506.9500,7366.0000,7424.5000
2009-08-26,7466.2500,7489.4500,7385.5000,7418.3500
2009-08-27,7395.5000,7438.0500,7366.8500,7385.6500
2009-08-28,7407.5500,7520.3500,7377.9000,7482.4000
2009-08-31,7382.0000,7470.6000,7377.3000,7431.6500
2009-09-01,4891.8000,5056.9500,4840.0000,4906.7000
2009-09-02,7326.9000,7395.6500,7292.7000,7339.5500
2009-09-03,7358.0000,7423.4000,7324.7000,7351.0000
2009-09-04,7382.3500,7468.4500,7346.3000,7444.1500
2009-09-06,6909.5000,7207.0500,6909.5000,7185.7500
2009-09-07,6654.7000,6747.8000,6542.4000,6672.7500
2009-09-08,7692.2000,7775.1000,7655.4000,7717.9000
2009-09-09,7694.6500,7790.5500,7688.7500,7776.2000
2009-09-10,8827.8500,8861.2000,8658.1500,8696.8000
2009-09-11,8750.7000,9150.7500,8750.7000,9137.5000
2009-09-12,9224.3000,9266.0500,9119.5000,9146.3500
2009-09-14,7879.4500,8005.0500,7877.9500,7985.6000
2009-09-15,8000.4000,8225.3000,8000.4000,8210.7000
2009-09-16,8290.4500,8374.8500,8273.7500,8362.8000
2009-09-17,8446.1000,8495.9500,8398.7000,8433.3500
2009-09-18,8434.7000,8434.7000,8292.1500,8379.2500
2009-09-22,8377.8000,8465.3500,8369.1500,8452.0000
2009-09-23,8478.2500,8534.6500,8406.1500,8423.7000
2009-09-24,8355.7000,8584.2000,8341.1000,8545.0000
2009-09-25,8485.1500,8548.8500,8436.9500,8456.2500
2009-09-29,8490.4000,8567.0500,8465.9000,8487.7000
2009-09-30,8513.0500,8832.2500,8487.6000,8812.3500
2009-10-01,8835.3000,8911.7500,8787.0000,8861.0500
2009-10-02,4475.1500,4596.6000,4455.5000,4515.8000
2009-10-05,8765.9000,8789.2000,8631.9500,8661.7000
2009-10-06,8709.6500,8820.0000,8555.0000,8808.4000
2009-10-07,6673.9500,6761.3000,6469.0000,6520.6000
2009-10-08,7363.6000,7387.6500,7126.8500,7160.0000
2009-10-09,8827.8500,8861.2000,8658.1500,8696.8000
2009-10-11,9182.0000,9267.4500,9124.0000,9179.5000
2009-10-12,8720.7000,8981.3000,8698.5500,8963.8000
2009-10-14,8984.1000,9166.7500,8984.1000,9150.0000
2009-10-15,9157.1000,9313.9000,9155.2500,9296.7500
2009-10-16,9312.8000,9555.9000,9259.9000,9526.7000
2009-10-17,9533.1500,9575.8500,9462.9500,9513.4000
2009-10-20,9548.0500,9630.3500,9429.8000,9476.4000
2009-10-21,9395.0000,9453.7500,9259.7000,9273.0500
2009-10-22,9244.5000,9250.0000,9057.1000,9090.1000
2009-10-23,9189.1000,9261.6000,9131.0500,9188.4000
2009-10-26,9193.2000,9225.2000,9014.1000,9033.8500
2009-10-27,8948.3000,9100.3500,8661.6000,8698.8000
2009-10-28,8652.1000,8680.9000,8410.9500,8609.1000
2009-10-29,8541.6500,8552.7500,8370.1500,8417.8500
2009-10-30,8476.9500,8728.0500,8411.1500,8438.6000
2009-11-02,4425.3000,4522.8000,4403.3000,4504.3000
2009-11-03,8372.1000,8506.8000,8207.7500,8255.4500
2009-11-04,8330.5000,8521.1000,8267.9500,8506.7500
2009-11-05,8521.5500,8564.2500,8319.5000,8537.2000
2009-11-06,8612.3000,8780.0000,8612.3000,8723.7500
2009-11-08,7161.2500,7290.3500,7129.0000,7218.2500
2009-11-09,8750.7000,9150.7500,8750.7000,9137.5000
2009-11-10,9182.0000,9267.4500,9124.0000,9179.5000
2009-11-11,9147.6500,9355.4000,9095.6500,9337.6000
2009-11-12,9265.3500,9293.0500,9054.7500,9097.2000
2009-11-13,9055.8500,9215.7500,9055.8500,9155.6500
2009-11-16,9201.8500,9339.1000,9201.8500,9266.4000
2009-11-17,9259.2000,9315.2000,9118.0000,9299.6000
2009-11-18,9236.4000,9308.4500,9206.0500,9223.8500
2009-11-19,9210.2000,9210.2000,8992.5000,9041.6500
2009-11-20,8993.3000,9241.3000,8890.1000,9219.0500
2009-11-23,9256.7500,9325.0000,9223.1500,9274.1000
2009-11-24,9266.1000,9295.9000,9163.7000,9247.6500
2009-11-25,9215.5000,9340.7500,9214.2500,9303.1500
2009-11-26,9291.5500,9291.5500,9045.3500,9067.6500
2009-11-27,8994.2000,8994.2000,8591.7500,8945.0500
2009-11-30,9121.7000,9137.7500,8989.0000,9046.9500
2009-12-01,9056.0500,9260.7000,9056.0500,9250.9500
2009-12-02,4476.0500,4530.0000,4456.8500,4468.3500
2009-12-03,3422.8500,3467.7500,3380.7000,3442.5500
2009-12-04,9263.2000,9338.7000,9195.5500,9245.0500
2009-12-05,5336.0000,5611.9500,5315.6000,5585.5500
2009-12-06,7334.5500,7338.0500,7063.8500,7083.1000
2009-12-07,9257.6000,9309.7500,9150.2500,9175.6000
2009-12-08,7144.0500,7198.8000,6988.5500,7172.0500
2009-12-09,9224.3000,9266.0500,9119.5000,9146.3500
2009-12-10,8720.7000,8981.3000,8698.5500,8963.8000
2009-12-11,9323.7500,9332.6500,9024.9000,9084.8000
2009-12-14,9072.8500,9131.5500,8977.5000,8996.7500
2009-12-15,8994.8500,9027.4000,8715.3000,8734.4500
2009-12-16,8701.7000,8748.0000,8640.9000,8667.4000
2009-12-17,8659.3500,8757.5000,8586.9500,8697.2000
2009-12-18,8644.2500,8708.0000,8577.7000,8599.9500
2009-12-21,8601.0000,8662.9000,8560.1500,8609.5500
2009-12-22,8647.0500,8737.1500,8647.0500,8712.5000
2009-12-23,8721.5000,8927.2500,8721.5000,8919.0500
2009-12-24,8957.4000,9012.4500,8895.6000,8968.1000
2009-12-29,8990.3500,9042.5500,8965.7000,8991.9000
2009-12-30,8989.0000,9021.2000,8937.3000,8994.6000
2009-12-31,9014.7500,9093.6500,9002.4500,9029.5000
2010-01-02,8597.4500,8712.2500,8495.2500,8649.2500
2010-01-04,9031.9000,9129.4500,9031.9000,9112.3500
2010-01-05,9191.2500,9214.0000,9157.3500,9192.1500
2010-01-06,9243.9000,9265.5500,9183.6500,9223.0000
2010-01-07,9240.2500,9261.8500,9153.2500,9192.9500
2010-01-08,9185.0500,9214.3500,9141.4500,9160.7000
2010-01-09,10761.6500,10895.5500,10761.6500,10879.7500
2010-01-10,12390.9000,12579.9500,12376.2500,12556.7500
2010-01-11,9209.1500,9248.0000,9161.0500,9173.5500
2010-01-12,9173.8500,9173.8500,8973.0500,8985.1000
2010-01-13,8912.6000,8937.8500,8836.7000,8926.1000
2010-01-14,8952.0000,9040.0000,8883.1000,8910.8000
2010-01-15,8961.6500,8982.5500,8874.8000,8911.1000
2010-01-18,8887.1500,9120.3500,8863.2000,9093.2500
2010-01-19,9125.9000,9202.5000,9093.9500,9135.9000
2010-01-20,9177.7500,9196.4000,9104.1000,9126.3500
2010-01-21,9093.0000,9098.1000,8889.0500,8919.3000
2010-01-22,8891.8000,8891.8000,8659.9000,8772.6500
2010-01-25,8724.8000,8751.2000,8669.5500,8696.6000
2010-01-27,8564.6000,8602.6500,8294.6000,8329.8000
2010-01-28,8396.5000,8496.1000,8354.2500,8423.8500
2010-01-29,8346.5500,8687.0000,8306.1000,8651.5500
2010-02-01,8597.4500,8712.2500,8495.2500,8649.2500
2010-02-02,8666.7000,8718.6500,8453.9000,8468.1500
2010-02-03,8489.8000,8662.9500,8489.8000,8631.8500
2010-02-04,8591.8000,8623.2500,8455.5000,8471.1000
2010-02-05,8319.1500,8319.1500,8150.4500,8223.2500
2010-02-06,9164.0500,9220.2000,9083.6500,9192.4500
2010-02-07,9363.6000,9410.3000,9330.3000,9357.1500
2010-02-08,8279.7500,8412.3000,8160.9500,8342.2000
2010-02-09,8322.0000,8420.4000,8271.5500,8392.4500
2010-02-10,8410.5500,8444.2000,8259.4000,8290.0000
2010-02-11,12749.9500,12844.5000,12685.2500,12770.9000
2010-02-12,12411.0000,12535.8500,12389.6500,12472.6000
2010-02-15,8441.6000,8441.6000,8282.0500,8312.7000
2010-02-16,8324.3000,8432.1500,8289.1500,8397.8000
2010-02-17,8446.5500,8569.2500,8446.5500,8551.5000
2010-02-18,8574.7500,8602.0000,8523.3500,8573.9000
2010-02-19,8490.2500,8530.2500,8407.9500,8487.1000
2010-02-22,8565.3000,8598.2500,8473.1500,8493.3500
2010-02-23,8491.4000,8577.9000,8453.4000,8512.9500
2010-02-24,8463.4500,8527.3500,8458.4500,8504.5500
2010-02-25,8520.6000,8554.9500,8469.6500,8537.8000
2010-02-26,8535.4500,8851.3500,8527.0500,8722.7500
2010-03-02,8826.9000,8945.6000,8826.9000,8922.1000
2010-03-03,8922.1500,9046.9000,8922.1500,9039.4500
2010-03-04,9055.9500,9068.9500,8965.2500,9013.8000
2010-03-05,9809.4000,9863.4500,9741.5000,9775.5000
2010-03-06,9290.3500,9404.1000,9288.5000,9387.7000
2010-03-08,9102.1500,9178.5500,9093.4500,9145.9500
2010-03-09,10992.1500,11017.1500,10938.9000,10991.2000
2010-03-10,9136.2500,9156.0000,9074.0000,9119.2500
2010-03-11,12843.9500,12958.1000,12843.9500,12891.8000
2010-03-12,12453.2500,12464.1000,12232.7000,12349.2000
2010-03-15,9118.2000,9146.2000,9056.1500,9085.5000
2010-03-16,9071.0000,9121.9500,8986.7500,9102.9500
2010-03-17,9162.4500,9221.0500,9142.0000,9188.4000
2010-03-18,9214.1000,9287.6000,9172.0500,9252.3000
2010-03-19,9293.7000,9294.1000,9231.9000,9270.8000
2010-03-22,9171.2000,9240.8500,9066.7000,9186.9500
2010-03-23,9192.4500,9257.9000,9166.4000,9222.9000
2010-03-25,9191.4000,9342.0000,9165.5000,9318.2500
2010-03-26,9331.6500,9473.2000,9321.5000,9456.2000
2010-03-29,9452.1000,9578.5000,9452.1000,9517.6000
2010-03-30,9558.9500,9587.6500,9461.2500,9470.3000
2010-03-31,9509.8500,9537.4500,9440.3500,9459.6000
2010-04-01,9031.9000,9129.4500,9031.9000,9112.3500
2010-04-02,8591.8000,8623.2500,8455.5000,8471.1000
2010-04-03,9055.9500,9068.9500,8965.2500,9013.8000
2010-04-05,9816.6000,9837.7000,9607.4500,9623.7000
2010-04-06,9402.8000,9490.9500,9363.3000,9455.9500
2010-04-07,9778.5000,9793.2000,9639.8500,9681.0500
2010-04-08,10511.0500,10525.8500,10412.6500,10489.3000
2010-04-09,9538.0000,9686.2500,9538.0000,9656.5000
2010-04-10,12605.4500,12738.5000,12605.4500,12651.3000
2010-04-11,12987.3000,13204.5500,12952.1500,13182.9000
2010-04-12,9661.2000,9667.4000,9547.6000,9575.4500
2010-04-13,9565.0500,9565.3500,9453.5500,9483.0000
2010-04-15,9501.6000,9575.2500,9330.8000,9344.6000
2010-04-16,9345.5000,9410.1500,9266.1500,9353.7500
2010-04-19,9273.8500,9357.0500,9206.0000,9302.9000
2010-04-20,9314.5500,9501.8500,9314.5500,9446.1000
2010-04-21,9477.1000,9574.5500,9477.1000,9555.3000
2010-04-22,9534.0500,9739.1000,9500.1500,9623.2500
2010-04-23,9653.1500,9824.9500,9653.1500,9813.3000
2010-04-26,9890.8000,9920.4500,9824.7500,9839.1500
2010-04-27,9827.0000,9827.0000,9744.7000,9756.4500
2010-04-28,9630.3500,9723.3500,9603.5000,9634.9000
2010-04-29,9652.6000,9822.0500,9652.6000,9803.8000
2010-04-30,9809.4000,9923.1500,9809.4000,9870.3500
2010-05-01,9191.2500,9214.0000,9157.3500,9192.1500
2010-05-02,8319.1500,8319.1500,8150.4500,8223.2500
2010-05-03,9012.8500,9095.3000,8967.8000,9038.4500
2010-05-04,9816.6000,9837.7000,9607.4500,9623.7000
2010-05-05,9461.3500,9609.4500,9454.7500,9581.8500
2010-05-06,9588.8500,9627.4500,9449.7500,9582.0000
2010-05-07,9426.6500,9444.0500,9239.8000,9276.1000
2010-05-08,10444.6000,10539.6500,10441.5000,10454.9000
2010-05-10,9419.5000,9684.4000,9402.0500,9656.2500
2010-05-11,13246.0500,13303.6000,13243.2500,13268.7000
2010-05-12,9640.8000,9740.8500,9587.1000,9722.2000
2010-05-13,9788.3500,9849.0500,9748.8500,9773.3500
2010-05-14,9738.1500,9762.1500,9548.2000,9589.0500
2010-05-17,9485.3500,9551.0500,9303.7500,9526.5000
2010-05-18,9522.1500,9572.0500,9430.7000,9492.2500
2010-05-19,9408.7000,9408.7000,9075.0000,9108.3500
2010-05-20,9208.3000,9251.9500,9108.2000,9174.6000
2010-05-21,9151.3000,9174.9000,8969.2000,9135.7000
2010-05-24,9524.5000,9524.5000,9044.5500,9087.2500
2010-05-25,9023.6000,9023.6000,8806.6500,8851.7500
2010-05-26,8911.4000,9037.6500,8911.4000,9027.6000
2010-05-27,9007.3000,9292.1500,8954.3500,9258.4500
2010-05-28,9285.9500,9383.9500,9215.6000,9312.6000
2010-05-31,9305.5500,9385.3000,9257.6500,9363.7000
2010-06-01,9331.8500,9334.3000,9093.1500,9119.0500
2010-06-02,9164.0500,9220.2000,9083.6500,9192.4500
2010-06-03,9290.3500,9404.1000,9288.5000,9387.7000
2010-06-04,9732.6000,9772.4000,9674.1000,9728.2000
2010-06-05,9588.8500,9627.4500,9449.7500,9582.0000
2010-06-07,9388.7000,9564.8000,9383.2500,9550.9000
2010-06-08,9291.2500,9387.1000,9143.5000,9185.3000
2010-06-09,9195.9000,9341.3000,9182.4500,9238.2000
2010-06-10,12647.2500,12728.9500,12588.9500,12629.2000
2010-06-11,9428.8500,9463.0500,9386.7000,9451.7500
2010-06-12,12427.9500,12429.4500,12011.5000,12051.2000
2010-06-14,9496.3500,9549.9000,9468.7500,9534.1000
2010-06-15,9524.9000,9566.3000,9422.9500,9554.4000
2010-06-16,9629.6500,9629.6500,9527.4000,9588.9000
2010-06-17,9582.9500,9636.8000,9446.3000,9613.4000
2010-06-18,9600.7000,9611.5500,9544.3000,9576.2500
2010-06-21,9626.4000,9793.1500,9626.4000,9758.0500
2010-06-22,9739.0500,9762.6000,9665.3000,9675.5000
2010-06-23,9622.7500,9744.1500,9622.1000,9718.9500
2010-06-24,9706.9000,9731.5000,9617.7000,9673.6000
2010-06-25,9627.6000,9627.6000,9429.7000,9451.1000
2010-06-28,9456.1000,9551.9000,9436.7500,9542.2000
2010-06-29,9513.0500,9513.0500,9348.4000,9381.4000
2010-06-30,9344.0000,9486.7500,9301.4000,9464.6000
2010-07-01,9240.2500,9261.8500,9153.2500,9192.9500
2010-07-02,9363.6000,9410.3000,9330.3000,9357.1500
2010-07-04,9778.5000,9793.2000,9639.8500,9681.0500
2010-07-05,9335.4500,9415.8500,9312.1000,9385.3500
2010-07-06,9221.8000,9328.1500,9192.7000,9292.6000
2010-07-07,9534.9500,9534.9500,9430.5000,9449.2500
2010-07-08,9516.7000,9615.1500,9516.7000,9566.6000
2010-07-09,11236.6500,11247.1500,11156.8500,11192.9500
2010-07-10,12638.4000,12650.2500,12512.8500,12536.6000
2010-07-12,12040.4000,12040.4000,11629.5000,11695.3000
2010-07-13,9737.6500,9940.7500,9737.6500,9931.6000
2010-07-14,10009.0000,10061.9500,9928.4000,9956.6500
2010-07-15,9967.2500,9995.7500,9885.5500,9932.1000
2010-07-16,9951.3000,10026.2500,9941.7000,10013.4500
2010-07-19,10001.9000,10078.4000,9956.6500,10032.5000
2010-07-20,10081.7500,10106.8500,9949.0500,9976.0000
2010-07-21,10003.5000,10037.5000,9940.9500,9992.1500
2010-07-22,9954.9000,10069.2000,9914.8500,10060.2500
2010-07-23,10088.2500,10120.6000,10034.4500,10093.9000
2010-07-26,10108.9000,10152.5000,9998.9500,10024.0000
2010-07-27,10035.6500,10128.6000,9951.5500,10090.6500
2010-07-28,10093.9000,10117.0000,10024.4000,10068.1500
2010-07-29,10038.6000,10207.2000,10032.0500,10179.7000
2010-07-30,10152.5000,10243.9000,10116.7000,10161.0000
2010-08-01,9185.0500,9214.3500,9141.4500,9160.7000
2010-08-02,10258.3500,10436.4000,10255.4000,10411.5000
2010-08-03,10452.1500,10542.9000,10448.1500,10502.6500
2010-08-04,10511.0500,10525.8500,10412.6500,10489.3000
2010-08-05,10444.6000,10539.6500,10441.5000,10454.9000
2010-08-06,10442.2500,10476.7000,10364.9500,10383.6500
2010-08-07,9516.7000,9615.1500,9516.7000,9566.6000
2010-08-09,11110.3500,11256.2000,11099.3000,11190.0500
2010-08-10,10507.4500,10578.8500,10473.5500,10519.9500
2010-08-11,13288.0500,13301.4500,13078.9000,13105.1000
2010-08-12,11646.0000,11646.0000,11403.8500,11460.2000
2010-08-13,10603.9000,10782.2000,10603.9000,10737.3500
2010-08-16,10732.0500,10778.2500,10645.4500,10680.5500
2010-08-17,10709.1500,10810.3000,10705.6500,10770.2500
2010-08-18,10790.8500,10931.6500,10756.5500,10894.0500
2010-08-19,10920.4000,11126.9500,10895.8500,11110.5000
2010-08-20,11058.5500,11105.0000,11005.5000,11033.7500
2010-08-23,11024.5000,11115.5500,10971.7000,11095.5000
2010-08-24,11082.9500,11125.8000,10979.5000,11043.0000
2010-08-25,10993.0000,11029.2500,10917.1000,10937.8500
2010-08-26,10941.8000,11042.1500,10941.8000,10981.7000
2010-08-27,11003.2500,11003.2500,10681.6000,10727.4500
2010-08-30,10834.4000,10873.3000,10671.4500,10747.2500
2010-08-31,10699.0500,10771.0000,10653.3000,10746.3500
2010-09-01,10761.6500,10895.5500,10761.6500,10879.7500
2010-09-02,8322.0000,8420.4000,8271.5500,8392.4500
2010-09-03,10992.1500,11017.1500,10938.9000,10991.2000
2010-09-04,9538.0000,9686.2500,9538.0000,9656.5000
2010-09-06,11033.6000,11261.1500,11033.6000,11218.8000
2010-09-07,11236.6500,11247.1500,11156.8500,11192.9500
2010-09-08,10407.5500,10534.0000,10393.5000,10524.1000
2010-09-09,11223.6500,11468.7500,11223.6500,11446.7000
2010-09-11,13023.8500,13171.1000,12950.7000,13121.3500
2010-09-12,11470.6500,11534.0000,11043.9500,11116.0500
2010-09-13,11489.5000,11905.2000,11489.5000,11872.8500
2010-09-14,11902.8000,12042.6000,11893.3500,11928.3500
2010-09-15,11917.4500,12022.3500,11917.4500,11987.6000
2010-09-16,11960.6500,12236.8500,11960.6000,12032.0500
2010-09-17,12071.7000,12175.8000,12037.3500,12104.1000
2010-09-20,12109.0500,12291.0000,12067.4000,12251.2000
2010-09-21,12288.1000,12335.1000,12173.2000,12244.9500
2010-09-22,12248.1000,12340.0000,12177.8000,12305.7000
2010-09-23,12312.5500,12327.8000,12111.4000,12146.3000
2010-09-24,12083.3000,12287.9500,12068.4000,12263.5500
2010-09-27,12323.4500,12363.3500,12227.7500,12253.2000
2010-09-28,12242.7500,12295.8500,12163.3500,12272.4000
2010-09-29,12324.5000,12342.5500,12220.9000,12237.5500
2010-09-30,12210.7500,12410.6000,12178.9000,12366.3500
2010-10-01,12390.9000,12579.9500,12376.2500,12556.7500
2010-10-02,8410.5500,8444.2000,8259.4000,8290.0000
2010-10-03,9136.2500,9156.0000,9074.0000,9119.2500
2010-10-04,12605.4500,12738.5000,12605.4500,12651.3000
2010-10-05,12638.8500,12679.2500,12572.2500,12596.5000
2010-10-06,9233.5500,9367.4500,9215.3500,9346.4500
2010-10-07,12638.4000,12650.2500,12512.8500,12536.6000
2010-10-08,10507.4500,10578.8500,10473.5500,10519.9500
2010-10-11,13092.9000,13098.7500,12980.8500,13007.1000
2010-10-12,11087.7500,11482.7000,10977.9000,11447.0000
2010-10-13,12494.7000,12763.7000,12459.2000,12745.0000
2010-10-14,12785.9500,12827.3500,12532.4000,12598.8500
2010-10-15,12615.5000,12629.4500,12324.4000,12346.4500
2010-10-18,12451.5500,12451.5500,12149.5500,12331.3000
2010-10-19,12415.0000,12535.8500,12212.3500,12245.6500
2010-10-20,12214.7500,12302.7000,12139.9000,12176.5000
2010-10-21,12219.0000,12458.1500,12190.5000,12435.8000
2010-10-22,12480.2000,12486.5500,12298.1500,12384.8000
2010-10-25,12423.3500,12580.5000,12397.4000,12424.7000
2010-10-26,12427.5500,12435.7000,12314.6500,12332.6500
2010-10-27,12324.8500,12331.1000,12097.8500,12182.6500
2010-10-28,12226.7000,12291.1500,12052.0500,12105.3000
2010-10-29,12145.7000,12396.7000,11955.5500,12330.7500
2010-11-01,9209.1500,9248.0000,9161.0500,9173.5500
2010-11-02,8327.7000,8451.9500,8327.7000,8381.4000
2010-11-03,9114.6500,9219.2000,9087.3500,9186.8500
2010-11-04,12987.3000,13204.5500,12952.1500,13182.9000
2010-11-05,13246.0500,13303.6000,13243.2500,13268.7000
2010-11-06,9428.8500,9463.0500,9386.7000,9451.7500
2010-11-08,10506.0500,10545.5000,10391.9000,10428.6500
2010-11-09,13023.8500,13171.1000,12950.7000,13121.3500
2010-11-10,12514.9000,12592.0000,12457.5500,12513.0000
2010-11-11,13014.2000,13068.5500,12782.0000,12823.6000
2010-11-12,12788.5500,12826.6500,12428.8000,12457.3000
2010-11-15,12467.5000,12789.4500,12445.5500,12762.1500
2010-11-16,12826.9000,12826.9000,12436.5000,12524.4500
2010-11-18,12630.9000,12630.9000,12050.3500,12315.1500
2010-11-19,12325.7500,12325.7500,12013.6500,12062.9500
2010-11-22,12120.8000,12414.5500,12054.5500,12390.1000
2010-11-23,12318.8000,12318.8000,11891.3500,12206.4500
2010-11-24,12206.0000,12292.8500,11746.7500,11842.5500
2010-11-25,11897.9000,11962.1000,11608.3000,11652.4000
2010-11-26,11703.2500,11874.5500,11362.9000,11668.8500
2010-11-29,11731.3500,11855.7000,11707.8500,11828.3500
2010-11-30,11811.1000,12031.2500,11725.5000,11952.6000
2010-12-01,9173.8500,9173.8500,8973.0500,8985.1000
2010-12-02,12411.0000,12535.8500,12389.6500,12472.6000
2010-12-03,12453.2500,12464.1000,12232.7000,12349.2000
2010-12-04,9661.2000,9667.4000,9547.6000,9575.4500
2010-12-05,9640.8000,9740.8500,9587.1000,9722.2000
2010-12-06,12427.9500,12429.4500,12011.5000,12051.2000
2010-12-07,9745.9000,9864.4000,9745.9000,9850.6000
2010-12-08,11646.0000,11646.0000,11403.8500,11460.2000
2010-12-09,11470.6500,11534.0000,11043.9500,11116.0500
2010-12-10,12517.2000,12521.8000,12371.4000,12461.8000
2010-12-11,12788.5500,12826.6500,12428.8000,12457.3000
2010-12-13,11527.3500,11565.3500,11270.1000,11518.1000
2010-12-14,11558.4000,11623.7000,11441.4000,11560.5000
2010-12-15,11478.8500,11490.3500,11150.9500,11196.3000
2010-12-16,11231.1500,11484.9500,11147.4500,11424.1500
2010-12-20,11401.0500,11404.6500,11237.2000,11267.1000
2010-12-21,11294.3500,11571.0000,11294.3500,11537.2500
2010-12-22,11597.5500,11634.6500,11408.1500,11467.7000
2010-12-23,11510.5000,11541.0500,11432.1500,11469.0500
2010-12-24,11412.6500,11510.5500,11390.1000,11477.0500
2010-12-27,11491.4000,11543.9000,11441.5500,11470.9500
2010-12-28,11497.3500,11497.3500,11392.9000,11427.3000
2010-12-29,11448.6500,11627.1000,11433.3000,11612.9000
2010-12-30,11605.0500,11662.1000,11573.7000,11629.3000
2010-12-31,11633.6500,11828.4000,11631.2000,11791.4500
2011-01-02,10683.4500,10683.4500,10457.8000,10481.2000
2011-01-03,11882.1000,11912.1500,11826.9500,11855.7500
2011-01-04,11868.4000,11872.8000,11545.5500,11564.0500
2011-01-05,11545.7500,11545.7500,11265.5500,11305.4500
2011-01-06,11350.7000,11377.1000,11164.7500,11186.8000
2011-01-07,11359.9500,11359.9500,11190.0000,11255.0000
2011-01-08,11014.1500,11064.9000,10882.0500,10939.0000
2011-01-10,11024.5000,11072.7000,10671.6000,10700.6500
2011-01-11,9898.4000,9984.3500,9782.7000,9822.2500
2011-01-12,8872.8000,9033.8500,8821.5000,8895.3000
2011-01-13,11125.9500,11127.9500,10676.5000,10716.6500
2011-01-14,10746.8000,10907.3000,10387.9000,10432.9000
2011-01-17,10459.6000,10571.8000,10373.8000,10471.1000
2011-01-18,10534.3000,10677.9500,10520.3000,10618.5000
2011-01-19,10646.0000,10715.0500,10562.2500,10615.1500
2011-01-20,10579.2500,10878.8000,10493.2500,10798.3500
2011-01-21,10750.4000,10923.7000,10740.0000,10889.4000
2011-01-24,10923.7500,11177.8500,10913.4500,11151.1500
2011-01-25,11183.5500,11256.9500,10849.4000,10872.9500
2011-01-27,10946.4000,10970.8500,10639.8500,10676.1500
2011-01-28,10690.0500,10736.4000,10481.1000,10578.2500
2011-01-31,10444.3500,10696.3000,10400.2500,10641.8500
2011-02-01,10683.4500,10683.4500,10457.8000,10481.2000
2011-02-02,10599.0000,10614.9500,10418.2000,10470.1500
2011-02-03,10460.9500,10704.3000,10429.5000,10670.6000
2011-02-04,10632.9000,10772.4500,10385.9000,10433.8500
2011-02-05,11509.3000,11543.3500,11204.6500,11243.8000
2011-02-06,10872.2500,10881.4000,10802.3500,10839.2500
2011-02-07,10457.8000,10509.8000,10354.6000,10384.0500
2011-02-08,10431.0500,10431.0500,10119.4500,10147.7500
2011-02-09,10131.3500,10294.8000,10038.1500,10116.6500
2011-02-10,10106.2500,10227.7500,10017.8500,10074.1000
2011-02-11,9739.1000,9888.7000,9726.7500,9781.0500
2011-02-12,8924.1500,9200.6500,8859.6500,9172.7500
2011-02-14,10477.8500,10815.7000,10477.8500,10802.5500
2011-02-15,10821.5000,11035.1500,10722.7000,10959.7000
2011-02-16,10929.2500,11024.2500,10908.6500,10960.7000
2011-02-17,10996.2500,11190.2000,10918.1000,11134.7000
2011-02-18,11153.8000,11300.4500,10915.3500,10949.7000
2011-02-21,10935.3000,11070.3500,10806.3000,11050.1000
2011-02-22,10957.5000,10957.5000,10777.6500,10836.8000
2011-02-23,10776.8000,10857.8500,10628.6500,10646.4500
2011-02-24,10603.2500,10643.2500,10169.0000,10210.7500
2011-02-25,10329.6500,10510.5000,10263.1500,10435.8500
2011-02-28,10512.2000,10744.8500,10364.3500,10435.3500
2011-03-01,11882.1000,11912.1500,11826.9500,11855.7500
2011-03-02,10460.9500,10704.3000,10429.5000,10670.6000
2011-03-03,10805.0000,11066.4000,10759.7000,10914.5000
2011-03-04,11008.9000,11134.1000,10924.1000,10963.4000
2011-03-05,11222.0500,11349.5000,10849.1500,10898.3000
2011-03-06,10860.2500,10946.7500,10751.1000,10782.0000
2011-03-07,10886.1000,10886.1000,10658.3000,10782.2500
2011-03-08,10782.6000,10962.7000,10779.1500,10931.5500
2011-03-09,10987.4000,11054.0000,10904.6000,10974.8000
2011-03-10,10920.6500,10920.6500,10783.3000,10850.2500
2011-03-11,10772.9000,10904.2000,10697.1000,10740.9500
2011-03-14,10730.4000,10916.6500,10730.4000,10893.2500
2011-03-15,10673.9000,10784.2000,10591.3000,10725.8000
2011-03-16,10777.1000,11001.2500,10777.1000,10957.6000
2011-03-17,10881.8500,11018.3000,10824.4000,10851.9500
2011-03-18,10882.0000,10927.2500,10699.4000,10715.9000
2011-03-21,10795.6500,10814.7500,10661.1500,10723.6000
2011-03-22,10759.9500,10822.2500,10726.2500,10771.3000
2011-03-23,10755.8500,10972.3000,10744.7000,10958.1000
2011-03-24,11001.7500,11112.6000,11001.7500,11070.3500
2011-03-25,11179.2000,11420.4000,11136.4500,11387.3000
2011-03-28,11348.8500,11599.0000,11348.1500,11523.4000
2011-03-29,11522.7500,11657.6000,11507.4500,11582.5000
2011-03-30,11625.5000,11801.6500,11625.5000,11765.2000
2011-03-31,11804.9500,11898.4000,11569.2500,11705.4500
2011-04-01,11868.4000,11872.8000,11545.5500,11564.0500
2011-04-02,10632.9000,10772.4500,10385.9000,10433.8500
2011-04-03,11008.9000,11134.1000,10924.1000,10963.4000
2011-04-04,11614.4500,11840.7000,11614.4500,11804.3000
2011-04-05,10888.4500,11013.4000,10797.6000,10913.3500
2011-04-06,11784.5500,11838.0500,11686.5500,11730.0500
2011-04-07,11379.0500,11401.0000,11322.0500,11379.8000
2011-04-08,11751.8000,11853.3500,11632.5500,11673.2500
2011-04-10,9135.0500,9240.1500,8818.0500,8913.3500
2011-04-11,9887.9000,9914.1000,9808.1000,9836.3500
2011-04-13,11531.4500,11856.3500,11490.5500,11839.5000
2011-04-15,11810.1000,11950.7000,11707.6000,11735.6500
2011-04-18,11754.2000,11887.1000,11525.0500,11539.7500
2011-04-19,11562.9500,11631.1500,11482.1500,11586.7500
2011-04-20,11678.7000,11813.7000,11614.6000,11794.5500
2011-04-21,11857.4500,11926.0500,11836.9500,11894.7500
2011-04-25,11860.3500,11978.0500,11860.3500,11879.0000
2011-04-26,11903.8000,11912.4500,11709.8000,11867.7000
2011-04-27,11922.3000,11936.3500,11732.2500,11779.8500
2011-04-28,11851.7500,11855.2000,11659.5000,11684.8000
2011-04-29,11671.0500,11723.2500,11406.8500,11483.7500
2011-05-01,11545.7500,11545.7500,11265.5500,11305.4500
2011-05-02,11509.3000,11543.3500,11204.6500,11243.8000
2011-05-03,11222.0500,11349.5000,10849.1500,10898.3000
2011-05-04,11853.6000,11861.1500,11678.1000,11798.9000
2011-05-05,10909.0500,10987.6000,10677.3000,10730.1000
2011-05-06,10751.3000,11167.4000,10751.3000,11145.1000
2011-05-07,11385.0500,11431.7000,11302.6000,11406.1000
2011-05-08,10306.1000,10392.2500,10150.3000,10354.5000
2011-05-09,9509.0000,9630.0500,9448.7500,9614.0500
2011-05-10,11068.6000,11096.9000,10945.7000,11009.4000
2011-05-11,11036.1500,11097.2500,10904.1000,11059.0500
2011-05-12,11009.3000,11076.0000,10865.1500,10887.4500
2011-05-13,10896.5500,11180.4000,10838.1500,11020.9500
2011-05-16,10975.1500,10975.1500,10878.6500,10912.3500
2011-05-17,10920.9500,10972.4500,10617.1500,10668.8500
2011-05-18,10669.6000,10695.7000,10550.9500,10599.0500
2011-05-19,10661.4500,10674.7000,10524.3500,10558.3500
2011-05-20,10582.4500,10727.2500,10540.9500,10664.1000
2011-05-23,10612.5500,10612.5500,10339.9500,10368.2500
2011-05-24,10360.9500,10524.8000,10360.7500,10425.5500
2011-05-25,10427.1500,10428.2500,10340.6500,10355.8000
2011-05-26,10404.0500,10501.9000,10379.2500,10468.3000
2011-05-27,10491.4500,10735.2000,10491.4500,10722.6500
2011-05-30,10742.0000,10823.2500,10715.1000,10781.4500
2011-05-31,10828.9500,11036.7500,10819.4500,11020.8500
2011-06-01,11011.2000,11056.4000,10959.1000,11033.4000
2011-06-02,10872.2500,10881.4000,10802.3500,10839.2500
2011-06-03,10860.2500,10946.7500,10751.1000,10782.0000
2011-06-04,11784.5500,11838.0500,11686.5500,11730.0500
2011-06-05,10751.3000,11167.4000,10751.3000,11145.1000
2011-06-06,10734.2500,10873.9000,10682.3000,10854.6500
2011-06-07,11379.2000,11404.7000,11255.0500,11283.0500
2011-06-08,10816.4000,10882.3000,10764.7000,10791.4500
2011-06-09,10775.4500,10850.3500,10734.7500,10785.4000
2011-06-10,10800.4500,10814.8500,10627.6000,10714.2500
2011-06-13,10675.3000,10757.4000,10616.0500,10717.5000
2011-06-14,10737.3000,10830.4000,10737.3000,10803.9500
2011-06-15,10789.9000,10795.8500,10608.8000,10626.6500
2011-06-16,10550.6500,10706.0000,10502.4000,10572.1500
2011-06-17,10652.8500,10652.8500,10548.2000,10598.2500
2011-06-20,10592.6500,10618.4000,10340.4000,10484.3000
2011-06-21,10503.7500,10645.1000,10426.8500,10459.1500
2011-06-22,10526.4000,10551.8000,10435.0500,10475.2000
2011-06-23,10453.1000,10553.3500,10421.6500,10526.4500
2011-06-24,10576.5000,10875.2500,10576.5000,10854.5000
2011-06-27,10808.9000,11068.6000,10774.1000,11032.5000
2011-06-28,11059.1500,11114.2000,10986.7000,11054.0500
2011-06-29,11110.3500,11170.3500,11090.5500,11153.3500
2011-06-30,11183.2500,11271.3500,11149.2000,11244.6500
2011-07-01,11146.4500,11258.5000,11007.9000,11053.3500
2011-07-02,10457.8000,10509.8000,10354.6000,10384.0500
2011-07-03,10886.1000,10886.1000,10658.3000,10782.2500
2011-07-04,11379.0500,11401.0000,11322.0500,11379.8000
2011-07-05,11385.0500,11431.7000,11302.6000,11406.1000
2011-07-06,10799.3500,10918.2500,10796.1500,10873.4500
2011-07-07,11298.0000,11446.5500,11232.1500,11426.1000
2011-07-08,11431.9500,11451.2500,11270.0000,11285.1500
2011-07-09,9698.4000,9906.8000,9683.9500,9858.9000
2011-07-10,8970.5500,9120.0500,8970.5500,9038.2500
2011-07-11,11275.0000,11275.0000,11106.8500,11135.5000
2011-07-12,11040.7000,11131.7500,10941.3000,11022.5500
2011-07-13,11065.2000,11164.2500,11060.9000,11142.2500
2011-07-14,11121.4000,11385.3500,11072.5000,11263.8000
2011-07-15,11249.4000,11334.6000,11195.5000,11234.5500
2011-07-18,11234.7000,11277.4500,11176.8500,11228.8500
2011-07-19,11230.0500,11353.7500,11204.7500,11313.8500
2011-07-20,11372.1500,11388.5000,11142.4000,11164.7000
2011-07-21,11159.1000,11193.0500,11021.7000,11049.8000
2011-07-22,11110.7500,11309.4500,11105.7000,11291.9500
2011-07-25,11286.2500,11433.1000,11233.3500,11391.8000
2011-07-26,11397.9500,11430.7500,11068.2000,11114.5500
2011-07-27,11126.7000,11139.6500,10961.9500,11000.1500
2011-07-28,10902.6000,10954.2500,10799.8500,10828.5000
2011-07-29,10820.6500,10968.8000,10758.4000,10893.6500
2011-08-01,11014.1500,11064.9000,10882.0500,10939.0000
2011-08-02,10431.0500,10431.0500,10119.4500,10147.7500
2011-08-03,10647.9000,10686.4000,10545.1500,10639.5500
2011-08-04,10682.4500,10765.9500,10515.0500,10537.0500
2011-08-05,10306.1000,10392.2500,10150.3000,10354.5000
2011-08-06,10816.4000,10882.3000,10764.7000,10791.4500
2011-08-07,11431.9500,11451.2500,11270.0000,11285.1500
2011-08-08,10121.4000,10481.5000,10072.4500,10232.3000
2011-08-09,9888.5500,9940.2500,9749.2000,9920.0500
2011-08-10,10516.4500,10516.4500,10393.7000,10463.2000
2011-08-11,9855.9500,9893.9500,9732.8500,9852.5500
2011-08-12,10469.1500,10469.1500,10131.6500,10182.7000
2011-08-16,10315.1000,10315.1000,10023.0000,10056.4000
2011-08-17,10050.0000,10173.1000,9869.7500,9953.2000
2011-08-18,9987.6000,10002.3000,9564.9500,9601.5000
2011-08-19,9452.7000,9587.7000,9280.2500,9404.8500
2011-08-22,9422.6500,9466.1000,9224.9500,9407.3500
2011-08-23,9474.0500,9523.0000,9303.3500,9488.7000
2011-08-24,9453.0500,9561.9000,9275.1500,9331.8500
2011-08-25,9393.3500,9401.1500,9134.9500,9177.2500
2011-08-26,9186.4000,9217.7000,8917.9500,8974.5500
2011-08-29,9099.8500,9378.1000,9099.8500,9342.4500
2011-08-30,9466.3000,9565.3000,9355.1500,9533.4000
2011-09-02,10131.3500,10294.8000,10038.1500,10116.6500
2011-09-03,10987.4000,11054.0000,10904.6000,10974.8000
2011-09-05,11194.4500,11213.5000,10956.3500,11076.5000
2011-09-06,9556.9500,9695.4500,9364.6000,9657.6000
2011-09-07,9698.4000,9906.8000,9683.9500,9858.9000
2011-09-08,9888.5500,9940.2500,9749.2000,9920.0500
2011-09-09,9947.1000,9972.0000,9647.6000,9678.7000
2011-09-11,9896.1500,9896.1500,9565.1000,9592.6500
2011-09-12,8786.3500,8932.0000,8689.8500,8811.1000
2011-09-13,9454.4500,9567.5000,9260.9000,9339.7000
2011-09-14,9365.0500,9507.3500,9267.5500,9472.4500
2011-09-15,9569.3500,9708.8000,9390.1000,9660.3500
2011-09-16,9744.6500,9798.7500,9590.1500,9720.2500
2011-09-19,9664.3500,9664.3500,9545.8500,9583.5500
2011-09-20,9589.3500,9848.6500,9578.6000,9812.7000
2011-09-21,9838.6000,9962.9500,9809.3000,9929.0000
2011-09-22,9756.2000,9756.2000,9489.7000,9520.6000
2011-09-23,9418.7000,9540.8000,9284.6500,9375.7000
2011-09-26,9373.9500,9467.7500,9165.8000,9384.5000
2011-09-27,9528.3000,9661.5000,9528.3000,9619.9500
2011-09-28,9670.4500,9675.6500,9449.0000,9512.1500
2011-09-29,9467.5500,9688.6500,9406.3500,9653.4000
2011-09-30,9600.3500,9635.6500,9420.6500,9468.3000
2011-10-01,11024.5000,11072.7000,10671.6000,10700.6500
2011-10-02,10106.2500,10227.7500,10017.8500,10074.1000
2011-10-03,9332.6000,9332.6000,9156.4500,9185.9000
2011-10-04,9135.0500,9240.1500,8818.0500,8913.3500
2011-10-05,8930.7500,8991.8000,8626.4500,8701.3000
2011-10-06,10800.4500,10814.8500,10627.6000,10714.2500
2011-10-07,8970.5500,9120.0500,8970.5500,9038.2500
2011-10-08,10516.4500,10516.4500,10393.7000,10463.2000
2011-10-10,9051.0000,9190.8500,8982.9000,9168.9000
2011-10-11,9262.1000,9363.2000,9148.1000,9178.6500
2011-10-12,9240.4000,9514.2000,9193.7500,9482.3000
2011-10-13,9594.0000,9685.0500,9547.1000,9591.2500
2011-10-14,9548.2500,9691.8500,9526.9500,9660.4000
2011-10-17,9717.3500,9788.2000,9666.3500,9721.3000
2011-10-18,9625.5500,9634.5500,9492.9500,9583.9000
2011-10-19,9673.0000,9865.8500,9673.0000,9841.3500
2011-10-20,9722.8500,9763.8000,9618.3500,9746.4000
2011-10-21,9767.4000,9811.3500,9678.4000,9695.3500
2011-10-24,9819.5000,9916.6000,9606.7500,9647.8500
2011-10-25,9709.8500,9817.1000,9323.0000,9511.6000
2011-10-26,9574.5500,9607.3000,9523.7000,9546.6000
2011-10-28,9837.9500,9932.4000,9837.3500,9917.0500
2011-10-31,9932.0000,10080.0500,9826.8000,9989.6500
2011-11-01,9898.4000,9984.3500,9782.7000,9822.2500
2011-11-02,10061.4000,10473.4500,10061.4000,10447.7500
2011-11-03,10772.9000,10904.2000,10697.1000,10740.9500
2011-11-04,11591.0000,11637.0000,11551.7500,11597.8000
2011-11-05,11036.1500,11097.2500,10904.1000,11059.0500
2011-11-07,11275.0000,11275.0000,11106.8500,11135.5000
2011-11-08,10419.4000,10516.9000,10323.5000,10338.8000
2011-11-09,9896.1500,9896.1500,9565.1000,9592.6500
2011-11-10,9262.1000,9363.2000,9148.1000,9178.6500
2011-11-11,9553.0000,9571.8500,9270.3500,9292.5500
2011-11-14,9416.3500,9458.3500,9254.3000,9275.0000
2011-11-15,9254.7500,9308.5000,9062.4000,9085.7000
2011-11-16,9055.6000,9145.6500,8957.0500,9061.5500
2011-11-17,9049.3000,9124.9000,8899.6500,8930.9000
2011-11-18,8867.8000,8872.6500,8706.0000,8850.2500
2011-11-21,8806.7000,8806.7000,8522.3000,8554.1500
2011-11-22,8603.8500,8698.2000,8544.0500,8611.7000
2011-11-23,8556.4000,8556.4000,8240.4500,8399.3000
2011-11-24,8412.5500,8504.4000,8276.7500,8472.5000
2011-11-25,8438.2000,8558.6000,8360.5500,8488.6000
2011-11-28,8598.7000,8809.9500,8598.7000,8793.1500
2011-11-29,8824.5500,8843.9000,8587.4500,8623.9000
2011-11-30,8529.0500,8704.1000,8490.3500,8564.1000
2011-12-01,8872.8000,9033.8500,8821.5000,8895.3000
2011-12-02,8924.1500,9200.6500,8859.6500,9172.7500
2011-12-05,11009.3000,11076.0000,10865.1500,10887.4500
2011-12-07,9235.3500,9273.1000,9133.5500,9176.2500
2011-12-08,9126.4500,9153.4000,8871.2500,8915.7000
2011-12-09,8786.3500,8932.0000,8689.8500,8811.1000
2011-12-10,9240.4000,9514.2000,9193.7500,9482.3000
2011-12-12,8900.9000,8920.2500,8504.4500,8543.4000
2011-12-13,8475.8500,8642.3500,8393.3000,8571.9500
2011-12-14,8549.5500,8696.9000,8482.9500,8533.0000
2011-12-15,8449.4500,8509.5000,8375.6500,8445.1000
2011-12-16,8482.2500,8602.8000,8127.2000,8171.9000
2011-12-19,8122.2500,8122.2500,7801.5500,7920.7500
2011-12-20,7948.4500,7961.7000,7766.3500,7798.5500
2011-12-21,7999.0000,8235.6500,7936.0000,8189.1500
2011-12-22,8106.2000,8415.7000,8064.1500,8384.6500
2011-12-23,8406.2000,8451.9500,8253.4500,8296.4500
2011-12-26,8301.3500,8420.2000,8292.6500,8374.5500
2011-12-27,8348.5500,8365.7500,8223.8500,8275.5000
2011-12-28,8256.1000,8256.1000,8053.1500,8111.4000
2011-12-29,8050.3000,8137.4000,7986.7500,8027.4000
2011-12-30,8073.2000,8120.1500,7925.1500,7968.6500
2012-01-02,8009.8500,8028.4500,7888.2500,7995.0500
2012-01-03,8072.8000,8356.3500,8072.8000,8340.3000
2012-01-04,8388.9500,8453.4000,8294.3500,8408.4000
2012-01-05,8421.5000,8516.1500,8394.2500,8454.9000
2012-01-06,8397.3500,8586.6500,8297.5500,8488.2500
2012-01-07,8471.1500,8480.4000,8436.4500,8452.8000
2012-01-08,10347.8000,10445.2000,10324.6000,10419.9000
2012-01-09,8450.4000,8517.8000,8329.9000,8481.3500
2012-01-10,11462.1000,11466.0500,11366.4000,11420.4500
2012-01-11,11266.5000,11349.4000,11230.2000,11315.0500
2012-01-12,8831.4500,9015.2500,8830.2500,8930.2500
2012-01-13,8989.9000,9073.0000,8913.9500,8975.0500
2012-01-16,8913.2500,8967.9500,8813.8500,8940.2500
2012-01-17,9013.6500,9114.4500,9011.8000,9056.7000
2012-01-18,9067.3500,9067.3500,8922.7000,9023.4000
2012-01-19,9106.8000,9212.8500,9106.8000,9199.4000
2012-01-20,9291.1500,9560.1500,9268.5000,9516.8500
2012-01-23,9503.1000,9659.0000,9503.1000,9520.3000
2012-01-24,9536.0500,9885.1500,9456.2500,9834.0000
2012-01-25,9871.9500,9905.5000,9762.5000,9856.6000
2012-01-27,9969.2500,9969.2500,9701.5000,9813.6500
2012-01-30,9741.2500,9741.2500,9509.1500,9537.1000
2012-01-31,9625.7000,9946.5000,9625.7000,9919.4500
2012-02-01,8009.8500,8028.4500,7888.2500,7995.0500
2012-02-02,10012.9500,10090.2000,9776.5500,9992.0500
2012-02-03,10337.7000,10584.2500,10192.8000,10434.3000
2012-02-04,10186.8000,10321.7500,10180.9500,10305.3500
2012-02-05,10282.7000,10382.3500,10278.4500,10306.6000
2012-02-06,10219.6000,10331.2500,10183.4500,10269.2500
2012-02-07,10368.5000,10429.7000,10260.1500,10324.6000
2012-02-08,10308.2000,10401.6500,10208.4500,10320.1000
2012-02-09,10267.2500,10546.4000,10267.2500,10507.6000
2012-02-10,10482.1500,10555.0000,10344.2000,10442.6500
2012-02-11,11450.6500,11477.5500,11394.1500,11460.4500
2012-02-13,10451.1000,10532.8500,10335.7000,10473.6000
2012-02-14,10449.4500,10606.8500,10449.1000,10556.6500
2012-02-15,10633.6500,10959.5000,10633.1500,10930.7000
2012-02-16,10896.0500,10940.8000,10780.0500,10921.9000
2012-02-17,11042.8500,11203.3500,11013.0000,11074.9000
2012-02-21,11042.6000,11207.0500,11042.6000,11170.4000
2012-02-22,11160.4000,11226.7500,10714.0500,10747.1500
2012-02-23,10693.7500,10852.6500,10621.8000,10713.3500
2012-02-24,10691.7500,10759.0500,10435.5500,10506.8000
2012-02-27,10527.6500,10527.6500,10073.9000,10103.9500
2012-02-28,10179.9500,10561.7000,10178.8500,10484.0000
2012-02-29,10561.7500,10667.3000,10340.7500,10414.2000
2012-03-01,10385.1500,10385.1500,10160.2500,10288.9000
2012-03-02,9992.0000,10158.9500,9928.4500,10133.6500
2012-03-03,10435.4500,10486.2500,10435.4500,10450.2500
2012-03-04,10381.0000,10502.7000,10376.0000,10432.6000
2012-03-05,10231.7000,10255.8500,10100.2500,10126.5500
2012-03-06,10149.8000,10438.0000,10020.4500,10058.1500
2012-03-07,10030.2500,10169.4500,9939.9500,10132.8500
2012-03-08,10312.8000,10336.2500,10209.1500,10315.6000
2012-03-09,10286.8000,10526.5500,10286.8000,10505.6500
2012-03-10,11440.2000,11471.8500,11361.6500,11414.9500
2012-03-12,10765.9500,10786.4500,10543.2500,10625.6500
2012-03-13,10707.9000,10765.7000,10671.4500,10686.2000
2012-03-14,10820.4000,10912.0500,10768.6500,10889.7000
2012-03-15,10894.4500,10894.4500,10556.4000,10595.0000
2012-03-16,10607.7500,10832.3000,10348.0500,10391.3500
2012-03-19,10440.8500,10440.8500,10135.2500,10188.8500
2012-03-20,10183.0000,10369.2000,10137.8000,10281.6000
2012-03-21,10238.6500,10562.0500,10217.4500,10524.4500
2012-03-22,10525.0000,10583.7500,10135.8500,10173.5500
2012-03-23,10249.7500,10404.2500,10125.7500,10294.5500
2012-03-26,10260.2000,10263.1000,10013.0500,10043.5000
2012-03-27,10171.9000,10247.0500,9967.5500,10148.8500
2012-03-28,10122.0500,10122.0500,9901.2000,9960.4000
2012-03-29,9859.2500,9988.5500,9845.4000,9927.6500
2012-03-30,9984.8000,10248.0500,9981.9000,10212.7500
2012-04-01,8388.9500,8453.4000,8294.3500,8408.4000
2012-04-02,10186.8000,10321.7500,10180.9500,10305.3500
2012-04-03,10381.0000,10502.7000,10376.0000,10432.6000
2012-04-04,10345.1500,10371.8500,10267.9500,10340.1000
2012-04-05,10063.5000,10068.6500,9757.7500,9802.3500
2012-04-06,9174.5500,9406.2500,9110.4500,9362.3000
2012-04-07,10522.4000,10548.9000,10482.8500,10529.4500
2012-04-09,10256.6500,10256.6500,10113.7500,10131.6000
2012-04-10,10169.2000,10209.9000,10077.0500,10196.0500
2012-04-11,10117.2500,10309.7500,10060.7000,10214.2500
2012-04-12,10250.7000,10432.8000,10250.7000,10400.7000
2012-04-13,10478.2500,10587.9500,10235.7000,10306.2500
2012-04-16,10274.1500,10447.9500,10274.1500,10432.7000
2012-04-17,10502.6500,10621.9000,10248.5500,10519.5500
2012-04-18,10585.5500,10645.8500,10479.5000,10512.4500
2012-04-19,10536.9500,10594.9000,10438.6500,10567.9000
2012-04-20,10538.3000,10577.4500,10387.0500,10456.5000
2012-04-23,10432.6000,10521.4500,10206.9000,10243.1500
2012-04-24,10275.5500,10287.9000,10151.8000,10215.1500
2012-04-25,10215.8500,10277.8500,10043.6500,10159.8500
2012-04-26,10171.8500,10193.9000,10083.5000,10128.0000
2012-04-27,10146.1000,10249.1500,10029.4500,10148.7000
2012-04-28,10199.0500,10232.1000,10175.3000,10212.6500
2012-04-30,10210.1000,10360.5500,10210.1000,10276.8000
2012-05-01,8421.5000,8516.1500,8394.2500,8454.9000
2012-05-02,10282.7000,10382.3500,10278.4500,10306.6000
2012-05-03,10406.8500,10406.8500,10152.1000,10178.8500
2012-05-04,10063.5000,10068.6500,9757.7500,9802.3500
2012-05-06,9433.2500,9545.5000,9400.3500,9460.1500
2012-05-07,9664.8500,9910.7000,9480.5000,9876.3500
2012-05-08,9909.4000,9924.1500,9526.6500,9588.7500
2012-05-09,9965.0000,9976.4000,9814.0500,9827.9000
2012-05-10,11745.2000,11745.2000,10043.6000,11511.4000
2012-05-11,9353.4500,9532.6500,9296.6500,9398.1000
2012-05-12,12240.8500,12314.8000,12219.3000,12281.6000
2012-05-14,9412.6000,9498.8000,9190.3000,9257.6500
2012-05-15,9186.4500,9361.4500,9166.1000,9319.7000
2012-05-16,9184.4500,9208.1500,9047.0500,9164.2500
2012-05-17,9199.5000,9328.5000,9113.6500,9154.2000
2012-05-18,9013.1000,9364.7000,8995.2500,9310.2500
2012-05-21,9299.9000,9478.9500,9299.9000,9412.0000
2012-05-22,9510.4500,9522.3000,9253.0500,9268.8000
2012-05-23,9237.3500,9295.6500,9157.2000,9209.9000
2012-05-24,9277.2500,9463.7000,9198.7500,9437.6000
2012-05-25,9422.4500,9497.0000,9371.5500,9456.3000
2012-05-28,9483.1000,9716.5000,9483.1000,9698.3000
2012-05-29,9734.8500,9783.4500,9687.6500,9708.1000
2012-05-30,9642.2000,9642.2000,9514.2500,9534.0500
2012-05-31,9414.3500,9479.3500,9360.0500,9441.0000
2012-06-01,8397.3500,8586.6500,8297.5500,8488.2500
2012-06-02,10219.6000,10331.2500,10183.4500,10269.2500
2012-06-03,10149.8000,10438.0000,10020.4500,10058.1500
2012-06-04,9174.5500,9406.2500,9110.4500,9362.3000
2012-06-05,9433.2500,9545.5000,9400.3500,9460.1500
2012-06-06,9519.0000,9770.6500,9519.0000,9742.8000
2012-06-07,10637.9500,10687.9000,10547.3500,10655.3500
2012-06-08,10426.7500,10501.4500,10426.7500,10462.4000
2012-06-09,9846.5500,9947.4500,9831.3500,9893.1500
2012-06-11,10070.1500,10157.7500,9934.0500,9969.2000
2012-06-12,12358.3500,12480.6000,12142.6000,12427.5500
2012-06-13,10150.0000,10224.5500,10075.2000,10128.1500
2012-06-14,10073.5000,10096.7500,9813.6500,9836.9500
2012-06-15,9881.4000,10098.9000,9881.4000,10064.8000
2012-06-18,10178.8500,10197.8000,9695.6000,9749.9000
2012-06-19,9730.0000,9808.0000,9619.1500,9786.4500
2012-06-20,9812.8500,9875.6500,9764.4500,9831.8000
2012-06-21,9795.9500,10046.9000,9769.3000,10033.6500
2012-06-22,9907.3500,10073.4500,9873.8500,10038.3500
2012-06-25,10068.9000,10193.4500,9892.8000,9925.7500
2012-06-26,9914.8000,10024.6500,9901.8500,9970.1000
2012-06-27,10025.4500,10109.6500,9988.5000,10017.8000
2012-06-28,10023.9000,10052.2000,9950.1000,10003.8500
2012-06-29,10105.4500,10360.0000,10105.4500,10340.6500
2012-07-01,8471.1500,8480.4000,8436.4500,8452.8000
2012-07-02,10368.5000,10429.7000,10260.1500,10324.6000
2012-07-03,10030.2500,10169.4500,9939.9500,10132.8500
2012-07-04,10522.4000,10548.9000,10482.8500,10529.4500
2012-07-05,9664.8500,9910.7000,9480.5000,9876.3500
2012-07-06,9830.5000,9974.7000,9787.9500,9950.9000
2012-07-08,10499.7000,10616.9000,10463.5500,10591.9500
2012-07-09,10594.9500,10635.9000,10524.7500,10588.0500
2012-07-10,10617.0500,10767.2500,10615.3000,10751.5500
2012-07-11,10701.6000,10782.5500,10692.9500,10713.3000
2012-07-12,12462.4000,12477.8500,12305.6500,12363.7000
2012-07-13,10654.9000,10715.1500,10568.7500,10594.4500
2012-07-16,10614.1000,10692.8000,10552.7000,10568.2000
2012-07-17,10648.7000,10673.5000,10518.9500,10558.0500
2012-07-18,10569.0500,10629.1500,10498.6000,10607.1000
2012-07-19,10684.4000,10708.6000,10606.6000,10622.0500
2012-07-20,10622.8500,10622.8500,10463.4000,10481.6000
2012-07-23,10401.7000,10402.2500,10254.0000,10274.6000
2012-07-24,10282.6500,10349.4500,10237.2500,10299.0000
2012-07-25,10286.5500,10315.4000,10224.7500,10267.8500
2012-07-26,10306.5000,10314.0500,10056.1500,10083.8000
2012-07-27,10256.2500,10401.6500,10102.7500,10140.5500
2012-07-30,10222.5500,10427.0500,10222.5500,10412.1500
2012-07-31,10462.8000,10467.9500,10239.7000,10384.1000
2012-08-01,10347.8000,10445.2000,10324.6000,10419.9000
2012-08-02,10408.9500,10417.5000,10310.8500,10379.6000
2012-08-03,10312.8000,10336.2500,10209.1500,10315.6000
2012-08-05,9909.4000,9924.1500,9526.6500,9588.7500
2012-08-06,9969.5500,10031.2000,9809.9500,9998.8500
2012-08-07,10499.7000,10616.9000,10463.5500,10591.9500
2012-08-08,10621.0000,10640.7500,10511.3500,10529.2500
2012-08-09,10572.4000,10614.2000,10425.1500,10445.9000
2012-08-10,10427.3500,10449.2500,10272.0500,10358.9500
2012-08-11,11561.3500,11637.9500,11533.3000,11613.5500
2012-08-13,10339.2000,10415.2000,10284.0500,10401.3000
2012-08-14,10411.5500,10547.1000,10387.9500,10519.1500
2012-08-16,10537.9500,10551.0500,10405.7000,10426.7500
2012-08-17,10425.8500,10505.8500,10354.7000,10417.9000
2012-08-21,10436.8500,10484.5500,10353.8500,10469.5000
2012-08-22,10413.9500,10533.7000,10401.7500,10472.2000
2012-08-23,10508.7500,10560.8500,10413.3000,10457.7000
2012-08-24,10404.5000,10412.2500,10318.5500,10332.8500
2012-08-27,10338.2500,10338.2500,10134.4000,10150.4000
2012-08-28,10149.9500,10151.3500,10022.8500,10059.4000
2012-08-29,10077.4000,10127.0000,9998.1000,10011.9000
2012-08-30,9978.2000,10130.9000,9959.0500,10085.2000
2012-08-31,10037.0000,10130.9500,9948.7000,9990.5000
2012-09-01,8450.4000,8517.8000,8329.9000,8481.3500
2012-09-02,10267.2500,10546.4000,10267.2500,10507.6000
2012-09-03,10286.8000,10526.5500,10286.8000,10505.6500
2012-09-04,10256.6500,10256.6500,10113.7500,10131.6000
2012-09-05,9965.0000,9976.4000,9814.0500,9827.9000
2012-09-06,9846.5500,9947.4500,9831.3500,9893.1500
2012-09-07,10594.9500,10635.9000,10524.7500,10588.0500
2012-09-08,10572.4000,10614.2000,10425.1500,10445.9000
2012-09-10,11442.7500,11528.3500,11373.7000,11446.1000
2012-09-11,11608.8000,11663.9000,11427.2000,11475.6000
2012-09-12,10176.4500,10223.9500,10109.6000,10183.4500
2012-09-13,10213.8500,10259.4000,10171.2500,10207.8000
2012-09-14,10408.2500,10664.5500,10408.2500,10642.9000
2012-09-17,10797.1000,11045.4500,10797.1000,10981.6500
2012-09-18,10949.9500,11065.0000,10922.7000,11043.5000
2012-09-20,10907.7000,11031.8000,10887.0000,10920.8000
2012-09-21,10973.1500,11433.1000,10973.1500,11358.5000
2012-09-24,11359.3000,11533.7500,11359.3000,11423.5000
2012-09-25,11450.4500,11517.6500,11321.2000,11420.7500
2012-09-26,11385.7000,11441.0500,11322.2500,11427.2500
2012-09-27,11466.2500,11490.2500,11378.3500,11419.4500
2012-09-28,11486.5500,11536.8500,11437.9000,11456.8000
2012-10-01,11462.1000,11466.0500,11366.4000,11420.4500
2012-10-02,10482.1500,10555.0000,10344.2000,10442.6500
2012-10-03,11440.2000,11471.8500,11361.6500,11414.9500
2012-10-04,11460.1500,11685.5500,11460.1500,11636.0500
2012-10-05,9411.7500,9580.4000,9362.1000,9410.9000
2012-10-07,10617.0500,10767.2500,10615.3000,10751.5500
2012-10-08,11530.6500,11530.6500,11342.8500,11362.2000
2012-10-09,10153.8000,10181.8500,10041.2500,10069.8500
2012-10-10,11380.2500,11380.2500,11271.1500,11291.5000
2012-10-11,11334.9000,11476.9500,11244.7000,11431.3000
2012-10-12,11469.2000,11527.1500,11372.1000,11388.4500
2012-10-15,11397.7000,11454.8000,11288.4000,11441.8000
2012-10-16,11495.5000,11508.5000,11328.2500,11348.0000
2012-10-17,11417.1000,11425.4500,11302.9000,11358.2500
2012-10-18,11406.4500,11594.6000,11364.2000,11586.3500
2012-10-19,11539.0500,11605.6500,11424.2500,11491.2000
2012-10-22,11422.1000,11619.2500,11419.4000,11607.4000
2012-10-23,11605.8000,11656.8000,11534.5500,11578.1500
2012-10-25,11542.3000,11643.4000,11542.3000,11614.5000
2012-10-26,11580.8500,11631.2500,11468.2500,11509.1500
2012-10-29,11506.5000,11585.8000,11431.9500,11472.1500
2012-10-30,11467.2000,11600.0500,11173.8000,11203.0000
2012-10-31,11204.9500,11290.0000,11125.2000,11268.8000
2012-11-01,8758.2500,8858.9500,8736.2500,8839.7000
2012-11-02,11450.6500,11477.5500,11394.1500,11460.4500
2012-11-04,10117.2500,10309.7500,10060.7000,10214.2500
2012-11-05,9353.4500,9532.6500,9296.6500,9398.1000
2012-11-06,11427.9500,11568.4500,11427.9500,11539.0500
2012-11-07,10701.6000,10782.5500,10692.9500,10713.3000
2012-11-08,11561.3500,11637.9500,11533.3000,11613.5500
2012-11-09,10020.7500,10154.2000,10006.5000,10135.9000
2012-11-10,11334.9000,11476.9500,11244.7000,11431.3000
2012-11-12,11488.1000,11608.8000,11462.3000,11583.8500
2012-11-13,11585.3000,11598.2500,11513.4000,11533.9000
2012-11-15,11493.1000,11530.2500,11419.0500,11521.4000
2012-11-16,11487.5500,11537.1500,11306.0500,11335.5000
2012-11-19,11342.6500,11378.2500,11256.4000,11306.9500
2012-11-20,11373.9500,11409.8000,11269.7000,11318.3000
2012-11-21,11352.2000,11477.3500,11303.7500,11465.3500
2012-11-22,11497.3500,11570.8500,11495.0500,11508.3500
2012-11-23,11540.6000,11549.0000,11392.0000,11475.8000
2012-11-26,11534.2000,11534.2000,11411.1000,11432.4500
2012-11-27,11502.2000,11663.5000,11502.2000,11657.4000
2012-11-29,11706.9000,12035.4000,11703.2500,11992.8000
2012-11-30,12082.5500,12175.3000,12001.1500,12158.9000
2012-12-01,8831.4500,9015.2500,8830.2500,8930.2500
2012-12-03,10765.9500,10786.4500,10543.2500,10625.6500
2012-12-04,12092.7500,12215.5000,12075.9000,12197.1500
2012-12-05,12240.8500,12314.8000,12219.3000,12281.6000
2012-12-06,12358.3500,12480.6000,12142.6000,12427.5500
2012-12-07,12462.4000,12477.8500,12305.6500,12363.7000
2012-12-09,10176.4500,10223.9500,10109.6000,10183.4500
2012-12-10,12380.0000,12409.7500,12341.1500,12381.6500
2012-12-11,11488.1000,11608.8000,11462.3000,11583.8500
2012-12-12,12374.7000,12385.5500,12271.3500,12301.7000
2012-12-13,12337.3500,12438.8500,12251.0500,12269.1500
2012-12-14,12247.2500,12447.3500,12242.8000,12424.7000
2012-12-17,12403.6500,12462.2500,12402.7000,12427.4500
2012-12-18,12455.7000,12522.6500,12197.2000,12477.1500
2012-12-19,12514.0000,12571.6000,12455.5500,12510.2500
2012-12-20,12514.6000,12514.6000,12385.1000,12486.5000
2012-12-21,12423.6000,12432.2000,12288.9000,12315.0500
2012-12-24,12363.8500,12366.2500,12265.7500,12317.7000
2012-12-26,12350.2500,12519.0000,12304.7000,12479.4500
2012-12-27,12516.0500,12523.5000,12436.6500,12459.7000
2012-12-28,12494.1500,12494.1500,12394.1500,12458.1500
2012-12-31,12442.8500,12512.7000,12427.7000,12474.2500
2013-01-01,12549.9500,12663.5000,12547.1500,12654.1500
2013-01-02,12748.8500,12811.4500,12748.8500,12786.8500
2013-01-03,11533.0500,11592.5500,11458.7000,11540.0500
2013-01-04,11414.9500,11460.6000,11330.8500,11425.5500
2013-01-07,12837.4500,12837.4500,12682.8000,12708.7000
2013-01-08,12693.6000,12743.9500,12632.3500,12725.5000
2013-01-09,12724.4000,12791.7000,12687.9500,12718.0000
2013-01-10,12775.2500,12822.8000,12697.7500,12802.2500
2013-01-11,11472.2000,11694.4500,11443.6000,11628.6500
2013-01-14,12622.0500,12773.3500,12609.9000,12758.7500
2013-01-15,12766.5500,12908.2000,12718.4000,12855.4000
2013-01-16,12836.2000,12836.2000,12616.2000,12638.5000
2013-01-17,12608.8500,12714.6000,12583.3500,12649.6000
2013-01-18,12688.1500,12778.3500,12624.4000,12680.0000
2013-01-21,12678.0000,12690.4000,12608.5000,12651.3500
2013-01-22,12640.4000,12748.9500,12544.4000,12574.3500
2013-01-23,12635.2500,12695.9500,12509.4500,12635.2000
2013-01-24,12624.4500,12662.8500,12534.2500,12561.4000
2013-01-25,12575.8500,12717.9000,12535.7500,12693.2500
2013-01-28,12705.8000,12822.0500,12698.8500,12781.3500
2013-01-29,12804.4000,12960.6500,12685.9000,12722.8000
2013-01-30,12754.8500,12825.6500,12726.6500,12767.5000
2013-01-31,12741.3000,12852.5000,12688.7500,12708.6000
2013-02-01,12718.5500,12743.2000,12580.8500,12606.2500
2013-02-04,11430.8500,11548.0500,11361.1500,11523.4000
2013-02-05,12554.7000,12783.3000,12552.8500,12709.9500
2013-02-06,12525.4000,12525.4000,12396.8000,12417.7000
2013-02-07,11703.9500,11752.9000,11590.5000,11614.2500
2013-02-08,10162.1500,10219.6000,9958.4000,9997.8000
2013-02-09,9112.8000,9233.6000,9086.7500,9139.5000
2013-02-11,12298.1000,12361.1000,12273.6500,12333.0000
2013-02-12,12331.4000,12415.8000,12301.6500,12405.2500
2013-02-13,12424.9500,12485.9500,12361.9000,12385.1000
2013-02-14,12400.6500,12434.0000,12284.5000,12311.3000
2013-02-15,12284.4500,12373.1500,12256.8000,12336.5500
2013-02-18,12353.0000,12399.8500,12329.3500,12347.2000
2013-02-19,12347.5500,12426.9000,12303.7000,12413.6500
2013-02-20,12460.4000,12470.7000,12351.7000,12363.7000
2013-02-21,12295.1500,12301.2500,12036.4500,12055.5000
2013-02-22,12024.4000,12139.6500,12024.4000,12068.9500
2013-02-25,12119.9500,12137.8500,11961.5000,12037.3000
2013-02-26,11995.0000,11995.0000,11808.8000,11844.8500
2013-02-27,11882.7000,11971.3500,11838.3500,11930.5000
2013-02-28,12007.0000,12041.4500,11401.2000,11487.3500
2013-03-01,12828.3000,12837.8000,12722.4500,12778.1500
2013-03-04,11515.4000,11602.5000,11453.1000,11575.6000
2013-03-05,12678.9000,12678.9000,12364.7000,12393.6000
2013-03-06,11871.5500,11904.1500,11822.3500,11876.2000
2013-03-07,11500.3000,11505.7500,11322.8000,11357.8000
2013-03-08,12008.8000,12219.4500,12008.8000,12197.2500
2013-03-09,9220.9500,9220.9500,8625.4000,8664.2000
2013-03-10,9946.3000,10241.4500,9888.7000,10222.9500
2013-03-11,12221.5000,12241.3000,12130.2500,12165.4000
2013-03-12,11250.7000,11310.7000,11174.5000,11211.3000
2013-03-13,11989.5500,11989.5500,11754.3000,11777.5000
2013-03-14,11772.4500,12058.5500,11555.4500,12020.7500
2013-03-15,11972.7500,12034.9500,11749.8500,11816.5500
2013-03-18,11679.3500,11810.4000,11625.6000,11735.5000
2013-03-19,11796.2000,11814.7500,11416.7500,11508.0500
2013-03-20,11491.8000,11491.8000,11231.7500,11254.8500
2013-03-21,11285.6500,11512.1000,11209.6500,11238.3500
2013-03-22,11275.4500,11331.2000,11173.3500,11204.0500
2013-03-25,11327.4000,11372.8000,11097.9500,11125.6500
2013-03-26,11067.3500,11198.4500,11048.4000,11163.4500
2013-03-28,11188.9500,11413.2500,11080.0500,11361.8500
2013-04-01,12774.8000,12801.7000,12684.6500,12787.3500
2013-04-02,12656.8500,12723.3000,12515.3500,12548.3500
2013-04-03,11515.4000,11602.5000,11453.1000,11575.6000
2013-04-04,11243.2000,11254.2500,11105.1000,11126.2500
2013-04-05,11120.1500,11168.2500,11021.4000,11098.9500
2013-04-06,12401.7000,12520.5500,12252.4000,12275.1000
2013-04-07,11389.6500,11454.3000,11273.6000,11381.2000
2013-04-08,11075.8500,11133.8500,11002.1000,11012.6500
2013-04-09,11085.8000,11210.3500,10897.1500,10929.1500
2013-04-10,11009.4500,11143.6000,10888.7500,11122.2500
2013-04-11,11220.5000,11341.8500,11154.0500,11306.5000
2013-04-12,11158.7000,11216.0500,11107.7500,11156.7500
2013-04-15,11357.9500,11643.3000,11334.7500,11526.2500
2013-04-16,11517.9000,11906.2500,11515.3000,11871.6000
2013-04-17,11924.7000,12112.2500,11913.9500,11981.0500
2013-04-18,11902.5500,12313.0000,11891.9500,12288.2500
2013-04-22,12317.4000,12637.9500,12317.4000,12576.2000
2013-04-23,12601.0500,12605.7000,12333.0000,12543.4000
2013-04-25,12632.2500,12755.8000,12611.5000,12726.8500
2013-04-26,12679.3000,12679.9000,12470.0000,12533.1500
2013-04-29,12560.3500,12661.2500,12508.4000,12609.1500
2013-04-30,12638.0000,12658.6000,12402.1500,12561.5500
2013-05-02,12554.7000,12783.3000,12552.8500,12709.9500
2013-05-03,11642.8000,11814.0500,11623.6500,11792.0500
2013-05-04,11120.1500,11168.2500,11021.4000,11098.9500
2013-05-06,12252.0500,12347.3000,12196.7500,12289.3500
2013-05-07,12404.5500,12649.4500,12404.5500,12631.5000
2013-05-08,12662.1000,12694.4000,12514.7000,12643.0500
2013-05-09,9253.4500,9704.6000,9253.4500,9682.4000
2013-05-10,12580.4000,12783.0500,12580.4000,12752.3000
2013-05-11,11539.7500,11736.2000,11462.1000,11498.9000
2013-05-12,11469.3500,11685.5500,11469.3500,11665.1000
2013-05-13,12760.4500,12865.3500,12546.2500,12568.8500
2013-05-14,12567.5500,12698.3500,12516.1000,12583.6000
2013-05-15,12646.3500,13099.3500,12646.3500,13077.9000
2013-05-16,13022.2500,13281.8000,13022.2500,13239.4500
2013-05-17,13227.8000,13355.1000,13116.8500,13317.1000
2013-05-20,13332.7000,13414.3000,13150.3000,13181.5000
2013-05-21,13182.2000,13268.2500,13038.0000,13066.5000
2013-05-22,13105.1000,13175.6500,12932.2000,13008.2500
2013-05-23,12907.9000,12944.0000,12594.9000,12636.5000
2013-05-24,12756.3500,12828.6000,12582.5000,12769.3500
2013-05-27,12751.5000,13014.7500,12735.0500,12961.5500
2013-05-28,12951.4000,13016.4500,12872.9000,12950.0000
2013-05-29,12931.3500,12931.3500,12773.4000,12853.2000
2013-05-30,12738.1500,12829.5500,12721.4500,12805.9000
2013-05-31,12734.3000,12760.4500,12453.1500,12475.6500
2013-06-02,12525.4000,12525.4000,12396.8000,12417.7000
2013-06-03,12453.4000,12499.8500,12323.6000,12402.1000
2013-06-04,12401.7000,12520.5500,12252.4000,12275.1000
2013-06-05,12358.3500,12436.0000,12188.3000,12396.4000
2013-06-06,12225.3500,12475.0500,12184.0500,12398.4000
2013-06-07,12347.5500,12488.6000,12209.2500,12231.5000
2013-06-08,10013.6000,10013.6000,9660.3000,9703.1000
2013-06-09,9746.6500,9989.8500,9568.5000,9961.4000
2013-06-10,12292.6500,12363.8000,12017.9000,12087.0500
2013-06-11,12007.7500,12031.9000,11795.4500,11820.5000
2013-06-12,11791.1000,11899.0500,11732.3500,11814.8500
2013-06-13,11693.9000,11793.3000,11656.9000,11686.7500
2013-06-14,11827.3500,11947.3500,11803.8000,11922.8500
2013-06-17,11928.3000,11992.9500,11735.2500,11971.0500
2013-06-18,11946.2000,11950.9500,11795.2000,11820.9500
2013-06-19,11798.6500,11867.2000,11738.7000,11852.6500
2013-06-20,11677.3500,11677.3500,11347.5500,11375.4000
2013-06-21,11323.3500,11420.2500,11210.7500,11340.1500
2013-06-24,11272.2000,11275.4000,11134.2000,11178.3000
2013-06-25,11213.1000,11325.5000,11107.8000,11181.0500
2013-06-26,11211.0000,11261.6500,11033.7500,11066.5500
2013-06-27,11225.5000,11277.0500,11164.7500,11235.7500
2013-06-28,11367.2000,11654.7000,11367.2000,11617.2500
2013-07-01,12837.4500,12837.4500,12682.8000,12708.7000
2013-07-02,12372.5000,12474.5000,12305.4500,12349.3000
2013-07-03,11829.2000,11989.8500,11819.6000,11970.2500
2013-07-04,11389.6500,11454.3000,11273.6000,11381.2000
2013-07-05,12404.5500,12649.4500,12404.5500,12631.5000
2013-07-06,12347.5500,12488.6000,12209.2500,12231.5000
2013-07-08,9713.4500,9848.3500,9667.5500,9757.2500
2013-07-09,11365.2000,11458.3000,11353.0500,11442.4500
2013-07-10,10124.1500,10124.1500,9877.4500,10082.1000
2013-07-11,11320.8500,11398.6000,11024.7500,11054.9000
2013-07-12,11733.0500,11743.2500,11589.4500,11722.8000
2013-07-15,11678.9000,11811.9000,11621.7500,11790.2500
2013-07-16,11459.4000,11459.4000,11209.7500,11226.1500
2013-07-17,11264.0000,11264.0000,10829.7500,10971.6000
2013-07-18,11033.5000,11236.8500,10837.7500,11187.7000
2013-07-19,11223.8000,11237.9000,10934.2500,10973.9000
2013-07-22,10948.4000,11132.2000,10948.4000,11086.9500
2013-07-23,11218.8000,11285.8000,11195.0000,11239.7000
2013-07-24,11018.0500,11018.0500,10661.3000,10720.1500
2013-07-25,10667.0500,10772.7000,10594.6000,10614.0000
2013-07-26,10701.2500,10723.3000,10352.9500,10465.2500
2013-07-29,10451.8500,10451.8500,10310.6500,10331.0000
2013-07-30,10339.1000,10449.7000,10195.5000,10209.5500
2013-07-31,10164.6500,10164.6500,9863.0500,10015.7500
2013-08-01,10130.1000,10219.4000,9867.6000,10142.9500
2013-08-02,10162.1500,10219.6000,9958.4000,9997.8000
2013-08-03,12008.8000,12219.4500,12008.8000,12197.2500
2013-08-04,11075.8500,11133.8500,11002.1000,11012.6500
2013-08-05,10031.3000,10117.6500,9818.5000,10094.9000
2013-08-06,10013.6000,10013.6000,9660.3000,9703.1000
2013-08-07,9713.4500,9848.3500,9667.5500,9757.2500
2013-08-08,9780.5500,9909.7500,9724.8000,9816.4000
2013-08-10,10418.8500,10451.1500,10090.6000,10141.4500
2013-08-11,11011.0500,11067.0000,10841.6000,10913.1500
2013-08-12,9849.8500,9853.9500,9669.1000,9711.4000
2013-08-13,9666.5500,10007.6000,9582.5500,9985.6500
2013-08-14,10010.1500,10071.2500,9912.3500,10026.4000
2013-08-16,9887.9000,9891.4000,9420.1500,9450.8500
2013-08-19,9425.5000,9425.5000,9087.0000,9145.0000
2013-08-20,8939.2000,9277.0500,8860.1500,9218.9500
2013-08-21,9652.0000,9766.1000,9129.2500,9264.4000
2013-08-22,9194.8500,9373.8000,9005.2500,9268.9000
2013-08-23,9322.8000,9493.8500,9215.8500,9470.1000
2013-08-26,9529.7000,9586.6500,9294.0500,9373.5500
2013-08-27,9208.1500,9208.1500,8842.5000,8870.5000
2013-08-28,8729.2500,8869.7000,8366.7500,8760.8500
2013-08-29,8897.0000,8958.3500,8759.8500,8904.6000
2013-08-30,8891.9000,9135.5500,8846.5500,9049.2000
2013-09-01,12724.4000,12791.7000,12687.9500,12718.0000
2013-09-02,9112.8000,9233.6000,9086.7500,9139.5000
2013-09-03,9220.9500,9220.9500,8625.4000,8664.2000
2013-09-04,8688.6500,8916.7500,8605.6500,8845.7500
2013-09-05,9253.4500,9704.6000,9253.4500,9682.4000
2013-09-06,9746.6500,9989.8500,9568.5000,9961.4000
2013-09-07,11365.2000,11458.3000,11353.0500,11442.4500
2013-09-10,10004.4000,10360.3500,9947.2500,10334.9500
2013-09-11,10112.6500,10409.1500,9980.5000,10369.1000
2013-09-12,10338.3000,10358.2500,10070.9500,10158.5500
2013-09-13,10067.1500,10272.4000,10037.3000,10180.4500
2013-09-16,10418.5000,10536.7000,10175.0500,10368.4000
2013-09-17,10320.8500,10334.3000,10223.9500,10279.6000
2013-09-18,10327.1500,10481.5000,10241.9500,10447.8500
2013-09-19,10984.5000,11219.4500,10984.5000,11148.6500
2013-09-20,11163.9500,11188.1000,10409.8000,10686.8000
2013-09-23,10466.3000,10509.5500,10177.9000,10211.7000
2013-09-24,10063.0500,10289.7500,10046.7000,10175.9000
2013-09-25,10191.8500,10232.4500,9919.7000,10081.7000
2013-09-26,10091.4000,10189.4000,10051.2000,10098.2500
2013-09-27,10131.6500,10131.6500,9883.9500,9899.7500
2013-09-30,9783.9000,9815.0000,9587.7500,9617.8000
2013-10-01,12775.2500,12822.8000,12697.7500,12802.2500
2013-10-03,9946.3000,10241.4500,9888.7000,10222.9500
2013-10-04,11009.4500,11143.6000,10888.7500,11122.2500
2013-10-05,12580.4000,12783.0500,12580.4000,12752.3000
2013-10-06,12292.6500,12363.8000,12017.9000,12087.0500
2013-10-07,11477.5500,11540.9000,11317.2000,11364.4500
2013-10-08,10418.8500,10451.1500,10090.6000,10141.4500
2013-10-09,10084.0000,10304.9000,10084.0000,10188.2500
2013-10-10,10309.2000,10372.0500,10199.5500,10288.9500
2013-10-11,10423.6000,10649.3000,10307.9000,10622.1500
2013-10-12,12041.0000,12067.4500,11774.9500,11843.4500
2013-10-14,10588.9500,10706.8000,10550.0000,10665.2500
2013-10-15,10738.2000,10738.2000,10339.1000,10389.2500
2013-10-17,10406.0500,10416.2000,10274.3500,10336.5500
2013-10-18,10387.3000,10784.0000,10387.3000,10744.9000
2013-10-21,10751.7000,10871.7500,10700.5500,10797.5500
2013-10-22,10743.8000,10907.5500,10707.8500,10809.1000
2013-10-23,10837.0500,10912.8000,10732.3500,10880.6500
2013-10-24,10839.4500,11091.6000,10839.4500,10902.4500
2013-10-25,10880.8500,10951.7500,10797.6000,10896.5000
2013-10-28,10924.4500,11002.4000,10752.3500,10773.2000
2013-10-29,10779.6500,11268.2000,10669.0000,11241.6500
2013-10-30,11284.8500,11366.4500,11211.5000,11249.3500
2013-10-31,11211.3000,11512.5000,11170.0500,11473.1500
2013-11-01,12832.4500,12834.5500,12582.6500,12617.8500
2013-11-02,12298.1000,12361.1000,12273.6500,12333.0000
2013-11-03,11678.7000,11691.2000,11582.6500,11614.0500
2013-11-04,11220.5000,11341.8500,11154.0500,11306.5000
2013-11-05,12730.3500,12811.2500,12730.3500,12780.1500
2013-11-06,11510.4000,11510.4000,11269.9500,11292.5500
2013-11-07,11541.9500,11710.4500,11541.9500,11655.3000
2013-11-08,11011.0500,11067.0000,10841.6000,10913.1500
2013-11-09,10112.6500,10409.1500,9980.5000,10369.1000
2013-11-10,10423.6000,10649.3000,10307.9000,10622.1500
2013-11-11,10786.2500,10940.5000,10674.5000,10758.4500
2013-11-12,11747.4500,11877.7500,11687.6000,11784.3500
2013-11-13,10469.1000,10652.3000,10412.0500,10523.3500
2013-11-14,10660.6500,10891.9000,10660.6500,10811.2000
2013-11-18,10962.2500,11156.6000,10962.2500,11142.3000
2013-11-19,11159.0500,11207.7000,11107.3500,11187.8500
2013-11-20,11127.3500,11156.5000,10905.5500,10967.1500
2013-11-21,10866.3000,10866.3000,10657.8500,10706.9000
2013-11-22,10796.4500,10820.0000,10630.5500,10677.3500
2013-11-25,10780.6000,11097.9500,10780.6000,11083.4000
2013-11-26,11040.6500,11133.4000,10893.3000,10909.3500
2013-11-27,10941.6000,10961.3500,10827.7500,10899.3000
2013-11-28,10994.2500,11062.1500,10843.0000,10906.7500
2013-11-29,10941.6000,11186.1500,10941.6000,11153.9500
2013-12-02,12331.4000,12415.8000,12301.6500,12405.2500
2013-12-03,12150.7000,12183.5000,11970.9000,12054.5000
2013-12-04,11239.1500,11442.9000,11236.0500,11410.1000
2013-12-05,11469.3500,11685.5500,11469.3500,11665.1000
2013-12-06,11791.1000,11899.0500,11732.3500,11814.8500
2013-12-07,11733.0500,11743.2500,11589.4500,11722.8000
2013-12-08,9849.8500,9853.9500,9669.1000,9711.4000
2013-12-09,10338.3000,10358.2500,10070.9500,10158.5500
2013-12-10,12041.0000,12067.4500,11774.9500,11843.4500
2013-12-11,10755.6500,10860.3500,10543.1500,10583.0500
2013-12-12,11736.2500,11781.7000,11622.7000,11635.5000
2013-12-13,11483.8500,11534.3500,11349.8500,11366.9000
2013-12-16,11347.2000,11440.8500,11309.7000,11372.9500
2013-12-17,11412.7000,11418.1000,11178.0000,11208.6500
2013-12-18,11129.6500,11572.3000,11117.4500,11357.9000
2013-12-19,11505.5500,11505.5500,11040.1500,11087.4500
2013-12-20,11117.7000,11318.5500,11074.5500,11292.3500
2013-12-23,11258.6500,11453.4500,11258.6500,11378.5000
2013-12-24,11399.1500,11405.0000,11287.3000,11330.6500
2013-12-26,11335.8000,11426.4500,11317.4500,11385.7500
2013-12-27,11409.2500,11514.4500,11409.2500,11459.7000
2013-12-30,11532.6000,11552.4000,11355.0500,11376.0000
2013-12-31,11410.2500,11427.8500,11316.5500,11385.2500
2014-01-01,11418.9000,11432.5500,11361.0000,11385.6000
2014-01-02,11383.8000,11578.9000,11150.2000,11183.2000
2014-01-03,11098.2500,11208.0000,11052.6000,11181.6500
2014-01-04,12806.1500,12806.1500,12509.9500,12588.5000
2014-01-06,11174.3500,11174.3500,10996.9500,11049.0500
2014-01-07,15288.8000,15365.6500,15261.1500,15321.3500
2014-01-08,11071.7500,11122.7500,10988.8000,11053.7000
2014-01-09,11068.9000,11090.2500,10925.1500,10970.4500
2014-01-10,15370.7000,15377.6000,15270.9500,15316.2000
2014-01-12,18586.9500,18676.1000,18497.0000,18525.3000
2014-01-13,10814.6500,11070.2000,10814.6500,11021.6000
2014-01-14,10989.1500,11065.6500,10922.6000,10948.9000
2014-01-15,11000.2000,11164.1000,10986.1000,11125.4000
2014-01-16,11187.3500,11192.8000,11070.0000,11092.5500
2014-01-17,11080.1000,11081.9500,10893.7500,10911.3500
2014-01-20,10909.9000,11022.4500,10876.2500,11007.5000
2014-01-21,11067.0500,11190.1000,11036.4000,11171.5000
2014-01-22,11164.2500,11248.3500,11094.8000,11207.3500
2014-01-23,11183.7500,11221.1000,11122.3500,11199.0000
2014-01-24,11063.2000,11132.7000,10972.1000,10982.4000
2014-01-27,10802.3000,10802.3000,10520.9000,10540.4000
2014-01-28,10541.5000,10708.0000,10333.4000,10507.6000
2014-01-29,10609.9000,10644.2000,10406.9500,10437.7500
2014-01-30,10287.8500,10314.2500,10101.2000,10153.1500
2014-01-31,10193.5500,10266.4500,10130.3000,10237.7500
2014-02-01,11383.8000,11578.9000,11150.2000,11183.2000
2014-02-03,10205.4500,10222.6500,10089.2500,10102.1000
2014-02-04,12674.3500,12740.1500,12542.3500,12715.3000
2014-02-05,12920.3500,12995.6000,12818.8500,12842.0000
2014-02-06,10257.1000,10321.5000,10107.8000,10205.2000
2014-02-07,10311.9500,10321.1000,10180.8500,10263.2000
2014-02-09,16049.7500,16170.8500,16047.3000,16130.5500
2014-02-10,10287.3500,10310.3000,10187.8000,10213.9000
2014-02-11,10242.1000,10296.8000,10200.6000,10245.4500
2014-02-12,10307.6000,10395.1500,10307.6000,10348.8000
2014-02-13,10360.7000,10386.6500,10113.8000,10135.7000
2014-02-14,10169.0000,10229.4500,10064.7500,10203.7500
2014-02-17,10217.1500,10358.0000,10205.8000,10326.5500
2014-02-18,10324.3500,10618.8500,10296.2500,10575.2000
2014-02-19,10548.3500,10630.1500,10520.3000,10609.6000
2014-02-20,10515.3000,10525.7000,10419.1000,10428.3000
2014-02-21,10429.3000,10584.7500,10429.3000,10554.3500
2014-02-24,10508.9500,10711.6500,10471.4500,10683.5000
2014-02-25,10742.1500,10768.9500,10611.7500,10666.7500
2014-02-26,10659.2000,10758.6500,10659.2000,10730.4000
2014-02-28,10793.6000,10793.6000,10688.9500,10764.7000
2014-03-01,11098.2500,11208.0000,11052.6000,11181.6500
2014-03-02,10205.4500,10222.6500,10089.2500,10102.1000
2014-03-03,10705.4500,10836.2000,10613.0000,10651.9500
2014-03-04,10661.4000,10936.7500,10661.4000,10929.0500
2014-03-05,10987.6000,11122.5500,10899.4000,11098.8000
2014-03-06,11147.6000,11303.2000,11117.2500,11278.3500
2014-03-07,11357.9000,11947.5000,11332.6000,11884.7500
2014-03-09,16208.5500,16208.5500,16048.1000,16110.0000
2014-03-10,11784.5500,12157.9000,11784.5500,12108.1000
2014-03-11,17087.0000,17168.4000,16934.8500,17134.1000
2014-03-12,11997.8500,12142.9000,11887.7500,12024.1000
2014-03-13,12062.3500,12308.7000,12062.3500,12141.4500
2014-03-14,11984.5000,12090.0500,11867.1500,12055.8500
2014-03-18,12093.2000,12268.7500,12052.3500,12114.8500
2014-03-19,12190.8500,12256.4500,12132.4000,12186.5500
2014-03-20,12160.6500,12160.6500,11989.9500,12017.2500
2014-03-21,12083.4500,12123.1500,12043.4000,12092.3500
2014-03-22,12111.8500,12111.8500,12061.6500,12075.8000
2014-03-24,12134.6500,12423.0000,12134.6500,12408.1500
2014-03-25,12403.6500,12523.7000,12394.3000,12450.0000
2014-03-26,12529.4500,12570.6000,12469.1500,12518.3500
2014-03-27,12560.9000,12767.5000,12513.1000,12604.9500
2014-03-28,12693.2500,12787.5000,12633.3000,12754.7000
2014-03-31,12855.5000,12869.3500,12660.0500,12742.0500
2014-04-01,12806.1500,12806.1500,12509.9500,12588.5000
2014-04-02,12674.3500,12740.1500,12542.3500,12715.3000
2014-04-03,12749.8500,12754.7500,12518.0000,12563.8500
2014-04-04,12523.3000,12656.5000,12430.8500,12551.7000
2014-04-06,15221.3000,15396.9000,15171.1500,15333.4000
2014-04-07,12562.3500,12615.3500,12439.5500,12506.4500
2014-04-08,15242.2500,15326.1500,15128.1000,15242.3500
2014-04-09,16102.9000,16114.7500,15926.6500,16033.5500
2014-04-10,12937.4000,13055.6000,12881.2000,12949.4000
2014-04-11,12822.2500,12934.9000,12777.9500,12840.2000
2014-04-12,18758.8000,18793.1500,18575.3500,18782.8500
2014-04-15,12830.5000,12831.6000,12537.7000,12579.9000
2014-04-16,12557.4000,12727.0500,12514.7500,12563.1500
2014-04-17,12564.5500,12819.1000,12514.8000,12787.2500
2014-04-21,12845.3000,13002.7500,12838.8500,12958.5000
2014-04-22,12989.5500,13040.1500,12913.9000,12987.1000
2014-04-23,12961.3500,13176.0500,12957.9000,13122.1000
2014-04-25,13134.5000,13268.6000,12968.8000,13034.5000
2014-04-28,13038.9500,13116.0000,12927.7500,13081.5500
2014-04-29,13107.5500,13124.3000,12897.3500,12910.5500
2014-04-30,12946.1000,13100.7500,12738.6000,12855.8500
2014-05-02,10215.6500,10254.0500,10112.5000,10231.6500
2014-05-03,10987.6000,11122.5500,10899.4000,11098.8000
2014-05-05,12841.4000,12981.6000,12773.0500,12880.6500
2014-05-06,12961.5000,13012.5500,12917.1500,12966.0500
2014-05-07,12944.9000,13017.0000,12877.7500,12938.2000
2014-05-08,15283.6000,15343.5000,15105.9000,15293.2500
2014-05-09,16030.4500,16111.0000,15891.7500,15982.5000
2014-05-11,17201.4500,17425.2000,17157.8000,17352.9500
2014-05-12,18827.6000,18875.4500,18706.2500,18756.7500
2014-05-13,14269.2500,14367.7500,14105.6500,14165.5500
2014-05-14,14124.5500,14320.7500,14063.6000,14207.1000
2014-05-15,14186.1000,14301.3000,14159.1000,14236.5500
2014-05-16,14675.6000,15742.0500,14468.1000,14853.0000
2014-05-19,15032.0000,15305.6500,15032.0000,15222.1500
2014-05-20,15351.6500,15362.5500,15087.7000,15111.2000
2014-05-21,15126.6000,15126.6000,14857.5000,14952.1000
2014-05-22,15009.9000,15204.4500,14938.2500,15055.5500
2014-05-23,15091.7000,15321.2500,14972.6000,15285.5000
2014-05-26,15431.9500,15568.0500,14969.2500,15175.9000
2014-05-27,15141.5000,15158.4000,14934.9500,15084.0000
2014-05-28,15075.6000,15198.3500,15032.4500,15173.3500
2014-05-29,15169.2500,15254.5000,15007.5000,15030.3000
2014-05-30,15093.1000,15108.8000,14709.3000,14793.4000
2014-06-01,11174.3500,11174.3500,10996.9500,11049.0500
2014-06-02,10257.1000,10321.5000,10107.8000,10205.2000
2014-06-03,11147.6000,11303.2000,11117.2500,11278.3500
2014-06-04,15221.3000,15396.9000,15171.1500,15333.4000
2014-06-05,12961.5000,13012.5500,12917.1500,12966.0500
2014-06-06,15405.7500,15576.0500,15320.7500,15543.1500
2014-06-08,15209.0500,15239.3500,14983.5000,15008.6500
2014-06-09,15625.4000,15725.8000,15522.8500,15567.4000
2014-06-10,15585.4000,15585.4000,15337.8500,15427.8000
2014-06-11,15436.0500,15660.0500,15367.6000,15450.5500
2014-06-12,15456.2500,15518.7500,15293.4000,15464.8500
2014-06-13,15506.7500,15599.7500,15083.9000,15106.9000
2014-06-16,15055.2000,15091.3000,14858.9000,15030.0000
2014-06-17,14982.3500,15393.7500,14933.2500,15373.2000
2014-06-18,15369.5000,15461.5500,15128.4500,15220.4000
2014-06-19,15282.0500,15332.7500,14976.1500,15067.4000
2014-06-20,15064.4500,15195.5500,14978.5000,14997.6500
2014-06-23,15014.2000,15148.0000,14940.3500,15076.3500
2014-06-24,15142.3500,15341.9500,15142.3500,15309.5000
2014-06-25,15320.9500,15320.9500,15221.1500,15237.8500
2014-06-26,15247.1000,15333.2500,15020.6500,15050.0000
2014-06-27,15092.2500,15117.1500,14946.8500,14992.3500
2014-06-30,15059.1000,15329.9500,15059.1000,15241.9000
2014-07-01,11097.8000,11154.1000,10892.1500,11036.7500
2014-07-02,15464.5500,15519.3000,15414.8500,15490.3500
2014-07-03,15512.7500,15554.7000,15431.5000,15451.6500
2014-07-04,15458.7500,15582.6500,15305.0000,15556.1500
2014-07-05,12944.9000,13017.0000,12877.7500,12938.2000
2014-07-07,15589.5000,15592.8000,15349.2000,15367.6000
2014-07-08,15004.8500,15135.1000,14956.8500,14986.8500
2014-07-09,15008.2500,15093.4500,14827.1000,14931.1000
2014-07-10,14940.0000,15371.0500,14621.9500,14821.7000
2014-07-11,14796.9000,14918.8500,14406.6500,14447.2000
2014-07-14,14508.1000,14561.7500,14338.6500,14489.7500
2014-07-15,14601.8500,14919.5500,14601.8500,14891.9000
2014-07-16,15033.9500,15299.8000,15006.4500,15265.4500
2014-07-17,15258.9500,15301.9500,15156.0000,15269.0500
2014-07-18,15169.0000,15463.1500,15089.3000,15389.3500
2014-07-21,15510.0000,15554.9000,15355.3500,15385.9500
2014-07-22,15440.3500,15473.3500,15306.3500,15427.3500
2014-07-23,15513.4500,15626.9000,15398.7000,15463.0000
2014-07-24,15471.3500,15559.1000,15410.2000,15534.3500
2014-07-25,15494.8500,15571.9000,15272.4500,15322.2500
2014-07-28,15399.5000,15403.9000,15162.0500,15212.1500
2014-07-30,15256.2000,15470.6000,15184.6500,15452.4000
2014-07-31,15447.9000,15499.5000,15233.0000,15267.6000
2014-08-01,15137.6000,15417.2500,15096.1000,15127.8000
2014-08-04,15242.2500,15326.1500,15128.1000,15242.3500
2014-08-05,12982.7500,13095.5000,12952.5000,13037.4000
2014-08-06,15209.0500,15239.3500,14983.5000,15008.6500
2014-08-07,15004.8500,15135.1000,14956.8500,14986.8500
2014-08-08,14831.7500,14858.9500,14709.1000,14765.7500
2014-08-09,16084.2000,16222.5500,16049.2500,16206.7000
2014-08-10,15130.3500,15371.8000,15130.3500,15344.0000
2014-08-11,14858.7500,14896.9000,14807.0000,14846.8000
2014-08-12,14943.8000,15078.1000,14850.1500,15056.7000
2014-08-13,15007.2500,15078.3500,14843.8000,14910.9000
2014-08-14,14954.2000,15144.7500,14940.3000,15089.6500
2014-08-18,15099.7000,15465.0500,15068.3500,15439.7500
2014-08-19,15507.0500,15624.3500,15469.8500,15524.6500
2014-08-20,15566.7500,15566.7500,15448.9000,15481.7000
2014-08-21,15475.5000,15721.9500,15462.5000,15662.2000
2014-08-22,15699.0500,15865.3000,15696.3000,15819.1500
2014-08-25,15817.5500,15973.3500,15625.4500,15669.0000
2014-08-26,15530.6500,15674.5500,15503.4000,15624.1000
2014-08-27,15745.6000,15758.8500,15669.0500,15717.6500
2014-08-28,15758.0500,15794.6000,15688.1500,15740.4000
2014-09-01,15790.2500,16060.2000,15790.2500,16012.8000
2014-09-02,16049.7500,16170.8500,16047.3000,16130.5500
2014-09-03,16208.5500,16208.5500,16048.1000,16110.0000
2014-09-04,16102.9000,16114.7500,15926.6500,16033.5500
2014-09-05,13023.4000,13814.2500,13017.9000,13750.5000
2014-09-06,15625.4000,15725.8000,15522.8500,15567.4000
2014-09-07,15008.2500,15093.4500,14827.1000,14931.1000
2014-09-08,16084.2000,16222.5500,16049.2500,16206.7000
2014-09-09,16171.8000,16199.1000,16085.7000,16156.7500
2014-09-10,15434.3500,15795.6500,15434.3500,15741.2000
2014-09-11,16197.3000,16309.7000,16166.8500,16204.1500
2014-09-12,16208.0000,16278.6500,16145.7000,16254.1500
2014-09-15,16158.6500,16239.7000,16106.0500,16167.5500
2014-09-16,16160.7000,16169.6000,15814.6500,15844.1000
2014-09-17,15926.8500,15937.3000,15799.7000,15838.6000
2014-09-18,15778.7500,16173.8000,15770.8000,16156.8500
2014-09-19,16197.5000,16197.5000,16064.6000,16152.1500
2014-09-22,16052.5500,16272.3500,16021.1500,16194.5500
2014-09-23,16194.4000,16240.5500,15894.5500,15902.8500
2014-09-24,15883.4500,15954.4500,15625.8500,15740.3000
2014-09-25,15690.5000,15734.1000,15213.3500,15299.0500
2014-09-26,15262.9000,15666.4000,15168.4000,15607.2500
2014-09-29,15636.4500,15636.4500,15420.8000,15473.5500
2014-09-30,15441.3500,15596.1000,15336.7000,15392.2500
2014-10-01,15370.7000,15377.6000,15270.9500,15316.2000
2014-10-02,10287.3500,10310.3000,10187.8000,10213.9000
2014-10-03,11784.5500,12157.9000,11784.5500,12108.1000
2014-10-04,12937.4000,13055.6000,12881.2000,12949.4000
2014-10-06,15585.4000,15585.4000,15337.8500,15427.8000
2014-10-07,15214.2500,15344.6000,15157.7000,15180.2500
2014-10-08,15130.3500,15371.8000,15130.3500,15344.0000
2014-10-09,15434.3500,15795.6500,15434.3500,15741.2000
2014-10-10,15603.4500,15628.7500,15439.3500,15453.8000
2014-10-11,17364.6500,17412.0000,17203.0000,17262.4000
2014-10-12,18183.1000,18532.9000,18183.1000,18462.9500
2014-10-13,15360.7000,15705.7000,15301.6500,15677.5000
2014-10-14,15790.9500,15843.7000,15560.2500,15751.5500
2014-10-16,15690.3500,15836.1500,15477.0500,15541.6000
2014-10-17,15617.3500,15973.5000,15603.4500,15929.8000
2014-10-20,16259.7000,16297.2500,16157.0500,16216.6000
2014-10-21,16281.9500,16452.8500,16269.0000,16427.2500
2014-10-22,16570.4000,16572.5000,16365.6000,16444.7000
2014-10-23,16508.4000,16524.9000,16444.0500,16470.0500
2014-10-27,16538.9000,16664.3000,16470.8500,16556.6000
2014-10-28,16607.5000,16702.3000,16607.5000,16667.0000
2014-10-29,16770.2000,16770.2000,16596.2500,16634.0500
2014-10-30,16606.5000,16776.3500,16561.3500,16760.0500
2014-10-31,16812.4500,17060.1500,16783.6500,17045.0500
2014-11-02,10242.1000,10296.8000,10200.6000,10245.4500
2014-11-03,12132.0000,12285.4500,11994.8500,12043.1500
2014-11-04,12822.2500,12934.9000,12777.9500,12840.2000
2014-11-05,17201.4500,17425.2000,17157.8000,17352.9500
2014-11-06,15436.0500,15660.0500,15367.6000,15450.5500
2014-11-07,14796.9000,14918.8500,14406.6500,14447.2000
2014-11-08,14858.7500,14896.9000,14807.0000,14846.8000
2014-11-09,16197.3000,16309.7000,16166.8500,16204.1500
2014-11-10,17364.6500,17412.0000,17203.0000,17262.4000
2014-11-11,17266.2500,17434.1500,17220.4500,17390.2000
2014-11-12,18427.5000,18529.6500,18218.4000,18405.0000
2014-11-13,17645.3000,17651.0000,17389.6500,17453.0000
2014-11-14,17460.5500,17601.1500,17410.5000,17576.8000
2014-11-17,17571.7000,17676.6000,17469.2500,17640.4000
2014-11-18,17672.8500,17750.2500,17601.1500,17702.5500
2014-11-19,17739.2000,17745.7000,17557.1000,17585.6500
2014-11-20,17649.3500,17681.8000,17546.7000,17645.0500
2014-11-21,17767.7500,18139.9500,17716.6500,18056.3000
2014-11-24,18128.6000,18313.1000,18119.6500,18281.9500
2014-11-25,18261.9500,18261.9500,17992.5000,18037.0500
2014-11-26,17914.3500,18128.1500,17890.8500,17975.9500
2014-11-27,17988.7000,18054.6500,17898.4000,18022.5000
2014-11-28,18082.4000,18615.4000,18082.4000,18513.1500
2014-12-01,18586.9500,18676.1000,18497.0000,18525.3000
2014-12-02,18434.7500,18601.8500,18301.0000,18555.8500
2014-12-03,11997.8500,12142.9000,11887.7500,12024.1000
2014-12-04,18758.8000,18793.1500,18575.3500,18782.8500
2014-12-05,13801.0000,14152.4500,13801.0000,14085.0500
2014-12-06,15456.2500,15518.7500,15293.4000,15464.8500
2014-12-08,18804.9500,18804.9500,18486.5500,18510.0500
2014-12-09,18499.9500,18585.3500,18248.1000,18290.6500
2014-12-10,18183.1000,18532.9000,18183.1000,18462.9500
2014-12-11,17461.4500,17635.9000,17453.4500,17587.0500
2014-12-12,18413.7000,18501.7500,18236.5500,18299.7500
2014-12-15,18176.7000,18470.0500,18157.2500,18372.6500
2014-12-16,18249.0000,18308.9500,17776.3500,17830.5500
2014-12-17,17762.2500,18051.8500,17502.4500,17865.7500
2014-12-18,18238.0000,18356.3000,18109.3500,18326.6000
2014-12-19,18545.7000,18563.6000,18413.7500,18478.9000
2014-12-22,18562.3500,18801.1500,18424.0000,18747.3500
2014-12-23,18746.8000,18923.6000,18558.5000,18603.7500
2014-12-24,18582.7500,18709.1500,18493.3000,18535.3500
2014-12-26,18602.5500,18681.7500,18448.6000,18557.2000
2014-12-29,18589.6000,18700.7000,18501.0500,18528.3500
2014-12-30,18573.2500,18671.9500,18428.1000,18647.5500
2014-12-31,18659.6000,18774.2000,18659.6000,18736.6500
2015-01-01,18728.2000,18781.5500,18638.8500,18750.4500
2015-01-02,18752.2000,19118.8500,18752.2000,19057.8000
2015-01-04,18204.5500,18668.8500,18131.4000,18617.8500
2015-01-05,19155.2000,19166.0000,18987.7000,19017.4000
2015-01-06,18874.6000,18874.6000,18388.3500,18430.7500
2015-01-07,18275.6000,18629.1500,18261.9000,18581.6000
2015-01-08,18587.1000,18752.3000,18486.2000,18701.4000
2015-01-09,16983.8000,16983.8000,16436.8500,16530.3000
2015-01-10,17362.9500,17390.6000,17111.6500,17150.2000
2015-01-12,18632.0000,18822.0500,18530.1000,18795.8500
2015-01-13,18889.0000,18920.6500,18642.8000,18707.2000
2015-01-14,18670.4000,18769.6500,18517.9000,18603.8000
2015-01-15,19340.4500,19410.4000,19061.3500,19235.6500
2015-01-16,19274.1500,19275.8000,19108.3500,19223.1500
2015-01-19,19345.6500,19434.2000,19299.1000,19406.0500
2015-01-20,19446.8000,19808.2500,19446.8000,19767.0500
2015-01-21,19811.8500,19964.9500,19803.1500,19843.2500
2015-01-22,19898.5000,19964.2500,19788.7000,19917.6500
2015-01-23,20133.8500,20167.6500,19967.3500,20072.7000
2015-01-27,20179.8000,20609.2500,20098.2500,20555.2500
2015-01-28,20507.5000,20907.5500,20435.0000,20491.7500
2015-01-29,20475.7000,20579.0000,20338.9500,20528.6000
2015-01-30,20600.6500,20600.6500,19732.4500,19843.7500
2015-02-01,18752.2000,19118.8500,18752.2000,19057.8000
2015-02-02,19778.9500,19991.4000,19564.5000,19865.9000
2015-02-03,19941.7000,19963.7000,19303.5000,19382.9500
2015-02-04,19423.2500,19423.2500,19113.3500,19174.0000
2015-02-05,19170.1500,19444.6500,18977.9000,19051.9000
2015-02-06,19066.2500,19119.7000,18740.3500,18786.7000
2015-02-07,18605.1000,18642.8500,18513.3000,18585.5500
2015-02-09,18650.0000,18667.0500,18379.6000,18403.8500
2015-02-10,18242.9500,18933.7000,18226.9000,18752.5000
2015-02-11,18890.7500,19051.8000,18890.7500,18940.8000
2015-02-12,19073.4500,19176.8000,18739.8500,19128.6000
2015-02-13,19284.3000,19441.0000,19164.2500,19369.7000
2015-02-16,19518.8500,19532.7000,19127.1500,19189.9500
2015-02-18,19226.4000,19389.8000,19171.9000,19296.5000
2015-02-19,19296.1500,19377.4500,18876.2500,19188.3000
2015-02-20,19157.3000,19307.8000,18882.2500,19073.5500
2015-02-23,19199.1500,19219.7500,18835.3500,18913.4000
2015-02-24,18940.4500,19022.1500,18737.7500,18883.8000
2015-02-25,18969.2000,19069.1500,18700.2000,18733.0500
2015-02-26,18781.4000,18795.1000,18489.6000,18538.1000
2015-02-27,18659.6500,19114.4500,18654.8500,19074.5500
2015-02-28,19306.5000,19776.9000,19023.5500,19691.2000
2015-03-02,19941.7000,19963.7000,19303.5000,19382.9500
2015-03-03,20043.4000,20043.4000,19821.5500,19961.2000
2015-03-04,20541.6500,20541.6500,19555.1000,19643.9000
2015-03-05,19605.6000,19830.3500,19398.7500,19748.0000
2015-03-06,17978.1500,17978.1500,17567.2000,17721.4000
2015-03-07,18535.7000,18756.6500,18535.7000,18729.6500
2015-03-08,18782.6500,19016.4000,18782.6500,18914.7000
2015-03-09,16404.9500,16607.4000,16320.5500,16555.4000
2015-03-10,19170.3000,19271.8000,18915.1000,19054.4000
2015-03-11,19050.3000,19181.8000,18917.9000,19044.0000
2015-03-12,17137.8000,17219.0000,17080.2500,17110.1000
2015-03-13,19359.7500,19376.8500,18737.3500,18779.8000
2015-03-16,18786.6500,18912.8500,18688.0000,18837.3500
2015-03-17,18961.3000,19121.8500,18781.5000,19058.2500
2015-03-18,19080.2500,19234.4000,18937.2500,19147.2500
2015-03-19,19345.7000,19373.4500,18739.8500,18811.1500
2015-03-20,18778.8000,18782.9500,18541.5000,18606.3500
2015-03-23,18695.0500,18696.7000,18409.9000,18449.0000
2015-03-24,18348.3500,18546.2500,18289.7500,18331.4500
2015-03-25,18364.3000,18433.0000,18271.6000,18310.1000
2015-03-26,18138.8000,18224.1000,17729.1000,17831.6500
2015-03-27,18013.6500,18092.4000,17719.3500,18044.8000
2015-03-30,18160.2000,18393.2500,18089.4500,18361.8000
2015-03-31,18424.1000,18494.3500,18158.5500,18206.6500
2015-04-01,18204.5500,18668.8500,18131.4000,18617.8500
2015-04-02,19423.2500,19423.2500,19113.3500,19174.0000
2015-04-03,20541.6500,20541.6500,19555.1000,19643.9000
2015-04-05,18417.5000,18586.3000,18350.9500,18501.3000
2015-04-06,18702.6000,18702.6000,18455.2000,18605.4500
2015-04-07,18666.6000,18669.6000,18351.8000,18469.3000
2015-04-08,18559.5500,18595.6000,18381.5500,18416.6000
2015-04-09,16444.2000,16444.2000,15933.1500,16129.1000
2015-04-10,18869.8500,18896.5000,18724.9500,18800.8500
2015-04-11,17449.0000,17449.0000,17175.6500,17221.0500
2015-04-12,17009.4500,17009.4500,16880.3500,16897.3000
2015-04-13,18842.2500,18890.6500,18708.3000,18798.2500
2015-04-15,18848.6500,19038.5000,18615.8500,18716.3000
2015-04-16,18731.6500,18731.6500,18504.7000,18637.0500
2015-04-17,18618.5000,18625.7500,18321.7500,18345.5500
2015-04-20,18386.2500,18500.3000,17984.6500,18112.7500
2015-04-21,18102.3000,18328.3500,18036.9000,18105.7500
2015-04-22,18196.8500,18297.2000,17798.6500,18243.7000
2015-04-23,18350.3500,18433.8000,18143.7500,18245.6000
2015-04-24,18290.7500,18290.7500,17916.8000,18001.9000
2015-04-27,18063.6000,18075.7000,17738.9000,17767.6000
2015-04-28,17766.5500,18320.1000,17766.5500,18246.2500
2015-04-29,18255.8000,18431.9000,18202.4000,18302.6500
2015-04-30,18318.8500,18430.0500,18163.9000,18338.1000
2015-05-01,19155.2000,19166.0000,18987.7000,19017.4000
2015-05-02,19170.1500,19444.6500,18977.9000,19051.9000
2015-05-03,19605.6000,19830.3500,19398.7500,19748.0000
2015-05-04,18417.5000,18586.3000,18350.9500,18501.3000
2015-05-05,18500.0000,18563.0500,18396.8000,18471.4500
2015-05-06,18436.9000,18580.1000,17757.7000,17799.5500
2015-05-07,17751.4000,17751.4000,17246.5500,17376.9000
2015-05-08,17600.2500,17907.5000,17600.2500,17796.6000
2015-05-10,17373.5500,17699.7500,17362.7000,17674.0500
2015-05-11,17166.4500,17166.4500,16957.3500,16995.1000
2015-05-12,18193.5500,18193.5500,17597.7500,17628.6500
2015-05-13,17779.2500,18127.8000,17650.3500,18097.4500
2015-05-14,18071.0000,18156.9500,17806.1000,18116.2000
2015-05-15,18178.4000,18260.3000,18108.5500,18183.1500
2015-05-18,18274.6000,18439.7000,18213.7500,18422.9500
2015-05-19,18364.9000,18556.0500,18296.7500,18380.4000
2015-05-20,18432.6000,18619.6000,18432.6000,18555.1500
2015-05-21,18593.8500,18603.8000,18398.6500,18513.1500
2015-05-22,18560.8500,18755.4500,18354.5500,18433.3000
2015-05-25,18405.0500,18475.5500,18302.5000,18324.8500
2015-05-26,18339.1000,18378.2000,18226.0000,18329.3000
2015-05-27,18299.6500,18561.5000,18236.2500,18538.8500
2015-05-28,18562.7500,18639.6500,18381.7500,18449.2000
2015-05-29,18486.4000,18751.2000,18461.4500,18721.3500
2015-06-01,18721.1500,18832.5000,18598.7000,18617.0000
2015-06-02,19066.2500,19119.7000,18740.3500,18786.7000
2015-06-03,17978.1500,17978.1500,17567.2000,17721.4000
2015-06-04,18702.6000,18702.6000,18455.2000,18605.4500
2015-06-05,17679.9000,17786.5000,17506.2500,17549.2500
2015-06-07,18488.3500,18855.9000,18417.3500,18825.1500
2015-06-08,18946.3000,19100.5500,18830.4000,19029.3500
2015-06-09,17413.4500,17560.5000,17392.9500,17489.9000
2015-06-10,17485.9000,17782.0000,17485.9000,17707.2500
2015-06-11,17003.0000,17143.6000,16911.6000,17086.5000
2015-06-12,17298.4500,17551.3500,17174.7000,17523.5500
2015-06-15,17499.3500,17579.0000,17366.1500,17458.7000
2015-06-16,17368.4500,17651.9000,17293.4500,17602.4500
2015-06-17,17681.2000,17692.5500,17533.4500,17584.0500
2015-06-18,17661.9000,17797.3500,17630.6500,17733.5500
2015-06-19,17758.9500,17935.3000,17730.7000,17880.8500
2015-06-22,17956.5500,18420.9500,17950.6000,18334.5000
2015-06-23,18414.5500,18499.6000,18287.2500,18391.3500
2015-06-24,18403.9000,18499.7500,18304.9500,18365.5500
2015-06-25,18312.8500,18539.1500,18278.7000,18492.9000
2015-06-26,18461.6000,18461.6000,18199.2500,18371.5000
2015-06-29,17962.5000,18291.7500,17821.9000,18241.2500
2015-06-30,18204.8500,18342.5000,18086.8000,18296.1000
2015-07-01,18382.5500,18482.0500,18211.5000,18304.2500
2015-07-02,18605.1000,18642.8500,18513.3000,18585.5500
2015-07-03,18535.7000,18756.6500,18535.7000,18729.6500
2015-07-04,18666.6000,18669.6000,18351.8000,18469.3000
2015-07-05,17751.4000,17751.4000,17246.5500,17376.9000
2015-07-06,18488.3500,18855.9000,18417.3500,18825.1500
2015-07-07,18794.1000,18980.6500,18713.1500,18798.5000
2015-07-08,18992.8000,19019.6500,18849.1500,18893.5500
2015-07-09,16222.2000,16273.3500,15762.2000,15790.1000
2015-07-10,17577.5000,17674.5500,17500.3500,17616.8000
2015-07-12,17018.0000,17031.8500,16921.7500,16947.0000
2015-07-13,18753.8000,18929.2000,18657.6000,18893.5500
2015-07-14,18913.7500,18940.8500,18734.4000,18780.2000
2015-07-15,18801.5000,18894.9000,18773.9000,18816.2500
2015-07-16,18870.5000,19195.4000,18867.5000,19168.0500
2015-07-17,19175.3000,19229.0500,19069.3000,19094.7000
2015-07-20,19126.1000,19149.0500,18852.7000,19032.7000
2015-07-21,19042.9500,19101.5000,18702.4500,18723.4000
2015-07-22,18683.3000,19038.1500,18613.6000,18997.0000
2015-07-23,18990.8500,19091.4500,18819.2500,18865.0000
2015-07-24,18832.4500,18860.7500,18613.5500,18635.8500
2015-07-27,18566.5500,18566.5500,18187.4500,18213.0500
2015-07-28,18250.6500,18379.1000,18174.2000,18282.8000
2015-07-29,18331.5500,18383.6500,18264.3000,18323.4000
2015-07-30,18383.0000,18521.7500,18367.2000,18440.4000
2015-07-31,18489.8500,18828.8500,18474.8000,18729.8500
2015-08-01,18587.1000,18752.3000,18486.2000,18701.4000
2015-08-03,18782.6500,19016.4000,18782.6500,18914.7000
2015-08-04,18968.2500,19067.3500,18758.9000,18972.6000
2015-08-05,19047.3000,19103.7000,18868.6500,18928.5500
2015-08-06,18946.3000,19100.5500,18830.4000,19029.3500
2015-08-07,18579.6500,18669.4500,18402.8500,18463.1500
2015-08-09,15888.5000,16419.0000,15819.5500,16350.9500
2015-08-10,17622.8500,17622.8500,17401.2000,17474.3000
2015-08-11,18918.5500,18918.5500,18555.5000,18616.9000
2015-08-12,18515.2000,18515.2000,18034.7500,18059.7500
2015-08-13,18211.5000,18359.2500,18080.5000,18175.4000
2015-08-14,18275.5000,18766.0000,18193.1000,18723.6000
2015-08-17,18763.0500,18896.4500,18580.6500,18822.0500
2015-08-18,18862.1500,18874.1000,18595.5000,18780.8500
2015-08-19,18753.4500,18803.5000,18636.1000,18703.2500
2015-08-20,18533.2500,18711.3500,18219.9000,18283.1000
2015-08-21,17978.2500,18118.8000,17842.1000,18057.2000
2015-08-24,17446.3500,17446.3500,16740.7000,16811.8000
2015-08-25,17084.1500,17269.1500,16670.5500,17192.7500
2015-08-26,17113.1000,17172.2000,16875.5000,16917.6500
2015-08-27,17175.6500,17249.5000,17061.8500,17214.4000
2015-08-28,17425.3000,17569.8000,17099.8000,17211.9500
2015-08-31,17137.2500,17353.3000,17028.9000,17146.5500
2015-09-01,16983.8000,16983.8000,16436.8500,16530.3000
2015-09-02,18650.0000,18667.0500,18379.6000,18403.8500
2015-09-03,16404.9500,16607.4000,16320.5500,16555.4000
2015-09-04,16444.2000,16444.2000,15933.1500,16129.1000
2015-09-06,17413.4500,17560.5000,17392.9500,17489.9000
2015-09-07,18442.1500,18584.0000,18409.2000,18508.7000
2015-09-08,15888.5000,16419.0000,15819.5500,16350.9500
2015-09-09,16658.3500,16781.5500,16462.4500,16631.5000
2015-09-10,16351.7500,16711.5500,16192.2500,16597.6500
2015-09-11,16667.9000,17069.0000,16587.2500,17003.0000
2015-09-12,16762.1500,16868.6000,16626.5500,16660.7500
2015-09-14,16596.5000,16937.9000,16525.1500,16911.8000
2015-09-15,16905.8000,16919.4500,16681.5500,16739.5500
2015-09-16,16885.2000,17015.7500,16780.1500,16964.8500
2015-09-18,17184.2500,17602.0000,17156.2000,17409.1500
2015-09-21,17186.0500,17571.3000,17178.8500,17542.9000
2015-09-22,17574.6000,17652.3500,16946.2500,17031.1500
2015-09-23,16783.8000,17309.7000,16759.0000,17255.3000
2015-09-24,17206.1000,17283.1000,17070.5500,17196.6500
2015-09-28,17286.2500,17384.7500,17073.9500,17100.3000
2015-09-29,16859.7500,17461.3500,16648.3000,17281.2000
2015-09-30,17404.7500,17449.8500,17100.2000,17216.3000
2015-10-01,17362.9500,17390.6000,17111.6500,17150.2000
2015-10-02,18242.9500,18933.7000,18226.9000,18752.5000
2015-10-03,19170.3000,19271.8000,18915.1000,19054.4000
2015-10-04,18869.8500,18896.5000,18724.9500,18800.8500
2015-10-05,17373.5500,17699.7500,17362.7000,17674.0500
2015-10-06,17822.7000,17827.1500,17493.7500,17605.3500
2015-10-07,17577.5000,17674.5500,17500.3500,17616.8000
2015-10-08,17622.8500,17622.8500,17401.2000,17474.3000
2015-10-09,17640.4000,17749.5500,17498.4500,17590.2500
2015-10-11,16895.2000,17047.3000,16805.0500,16836.0000
2015-10-12,16697.2000,16745.2500,16573.1500,16711.0500
2015-10-13,17530.5500,17632.2500,17473.7000,17554.8500
2015-10-14,17453.0000,17598.1000,17434.0500,17543.2500
2015-10-15,17604.4500,17752.7000,17582.8500,17686.1000
2015-10-16,17701.5000,17947.7500,17583.5500,17912.8500
2015-10-19,17911.6500,17954.9000,17817.9500,17855.0500
2015-10-20,17843.6500,17940.4000,17755.6500,17830.2500
2015-10-21,17814.5500,17891.7500,17565.3500,17710.5500
2015-10-23,17859.7500,17980.5000,17852.5500,17934.0500
2015-10-26,18027.1000,18029.0500,17798.6500,17815.0500
2015-10-27,17738.4500,17855.3500,17738.4500,17806.3000
2015-10-28,17589.3500,17682.4500,17281.4000,17373.1500
2015-10-29,17388.4000,17400.2000,17178.8500,17212.2000
2015-10-30,17249.9000,17399.1000,17170.3500,17354.5000
2015-11-02,17351.4500,17372.2500,17208.9500,17340.6000
2015-11-03,17436.5000,17466.2000,17265.0500,17325.6000
2015-11-04,17449.0000,17449.0000,17175.6500,17221.0500
2015-11-05,17166.4500,17166.4500,16957.3500,16995.1000
2015-11-06,17003.0000,17143.6000,16911.6000,17086.5000
2015-11-08,18918.5500,18918.5500,18555.5000,18616.9000
2015-11-09,16682.2500,16781.1500,16518.8000,16612.6000
2015-11-10,16895.2000,17047.3000,16805.0500,16836.0000
2015-11-11,16944.7000,17016.8000,16935.9000,16956.0000
2015-11-12,16751.3500,16758.7000,16260.1000,16342.5000
2015-11-13,16829.3000,16962.5500,16741.8000,16932.8500
2015-11-16,16881.6500,17230.5000,16855.5000,17184.9000
2015-11-17,17302.5500,17302.5500,17028.2000,17140.4500
2015-11-18,17108.9000,17186.7000,16787.5500,16812.1000
2015-11-19,16944.3500,17110.3500,16874.7000,17071.9000
2015-11-20,17022.7000,17262.8500,16931.3000,17055.6000
2015-11-23,17120.2500,17126.3500,16969.3500,17060.2500
2015-11-24,17012.8500,17108.4000,16964.9000,16988.6500
2015-11-26,16988.2000,17111.4500,16972.6000,17036.5500
2015-11-27,17095.2000,17403.6500,17049.5500,17370.9500
2015-11-30,17336.2500,17498.3500,17336.2500,17430.4000
2015-12-01,17456.7500,17495.4500,17353.8500,17398.5500
2015-12-02,19073.4500,19176.8000,18739.8500,19128.6000
2015-12-03,17137.8000,17219.0000,17080.2500,17110.1000
2015-12-04,17009.4500,17009.4500,16880.3500,16897.3000
2015-12-05,18193.5500,18193.5500,17597.7500,17628.6500
2015-12-06,17298.4500,17551.3500,17174.7000,17523.5500
2015-12-07,17018.0000,17031.8500,16921.7500,16947.0000
2015-12-08,18515.2000,18515.2000,18034.7500,18059.7500
2015-12-09,16762.1500,16868.6000,16626.5500,16660.7500
2015-12-10,17642.6000,17759.8000,17546.9500,17583.1500
2015-12-11,16751.3500,16758.7000,16260.1000,16342.5000
2015-12-14,16212.4000,16440.8500,16205.8000,16350.6500
2015-12-15,16342.3500,16425.1500,16188.0500,16398.6500
2015-12-16,16464.5000,16640.4000,16363.9000,16579.4000
2015-12-17,16704.0500,16771.8000,16544.6500,16741.5000
2015-12-18,16719.4500,16737.7000,16572.7500,16594.3000
2015-12-21,16593.4000,16848.6000,16580.6500,16825.1500
2015-12-22,16810.7000,16946.1000,16704.1500,16749.2000
2015-12-23,16828.3500,16913.1500,16812.5000,16882.5000
2015-12-24,16926.9500,16939.6000,16756.9000,16811.0000
2015-12-28,16843.4000,17019.0000,16843.4000,16979.1500
2015-12-29,16988.3000,17045.5500,16921.1500,16991.4500
2015-12-30,16997.5000,17011.3000,16889.0500,16917.9000
2015-12-31,16916.0500,16972.2500,16896.6500,16922.2000
2016-01-01,16932.5000,17067.4500,16824.0500,17039.2500
2016-01-02,15547.7500,15565.5000,15281.3500,15314.4500
2016-01-03,14064.8000,14445.7000,14064.8000,14412.9000
2016-01-04,16966.3500,16966.3500,16575.4500,16599.1500
2016-01-05,16652.0500,16670.2000,16474.8500,16542.5000
2016-01-06,16505.4500,16614.9500,16377.6500,16433.1500
2016-01-07,16256.5500,16256.5500,16049.7500,16073.8500
2016-01-08,16135.4000,16229.0000,16104.1000,16142.6500
2016-01-09,19805.8000,19928.2000,19738.3000,19788.8500
2016-01-11,15979.0500,16156.8000,15840.6000,16016.2500
2016-01-12,18676.7500,18713.1000,18389.6500,18428.4500
2016-01-13,15835.0500,15956.2500,15532.2500,15871.8500
2016-01-14,15612.1000,15803.2000,15453.4000,15609.8000
2016-01-15,15621.8500,15650.7000,15154.3500,15206.3000
2016-01-18,15165.2000,15270.4000,14956.9500,15020.8000
2016-01-19,15086.7500,15338.2000,15086.7500,15269.6500
2016-01-20,15059.5000,15533.4500,14754.6500,14935.5000
2016-01-21,15132.2000,15364.6000,14918.1500,15101.2000
2016-01-22,15343.1500,15575.6500,15274.9000,15497.5500
2016-01-25,15667.0000,15682.6500,15495.1000,15561.1500
2016-01-27,15648.4000,15673.9500,15442.2000,15534.6000
2016-01-28,15569.5500,15572.2000,15349.7500,15381.4500
2016-01-29,15140.1500,15554.9000,15136.8500,15522.4000
2016-02-01,15547.7500,15565.5000,15281.3500,15314.4500
2016-02-02,15353.6000,15463.4500,15018.8500,15068.0000
2016-02-03,14897.4000,14947.8000,14777.7500,14834.0500
2016-02-04,14969.2000,14978.3500,14761.4000,14869.1500
2016-02-05,14928.2500,15211.9000,14890.9000,15162.0500
2016-02-06,17405.1500,17596.4000,17350.4500,17567.8000
2016-02-08,18783.6000,18866.5500,18671.8500,18708.2500
2016-02-09,14830.4000,14964.9000,14760.8000,14875.1000
2016-02-10,14740.2000,14779.1500,14490.2000,14588.4500
2016-02-11,14518.6500,14530.8000,13969.8500,14028.5500
2016-02-12,14088.6000,14154.5500,13810.6000,13971.5000
2016-02-15,14120.9000,14548.1500,14120.5000,14445.0000
2016-02-16,14602.2500,14602.2500,14136.8000,14166.4500
2016-02-17,14165.2500,14186.1000,13892.1000,14119.8500
2016-02-18,14301.7500,14385.6500,14180.9000,14298.1500
2016-02-19,14243.4500,14395.8500,14207.3500,14344.2000
2016-02-22,14331.2000,14467.1500,14322.6500,14384.8000
2016-02-23,14373.3000,14373.3000,13961.7500,14008.3500
2016-02-24,13873.7000,13974.5000,13760.2500,13794.0500
2016-02-25,13844.4500,13844.4500,13519.9000,13555.7000
2016-02-26,13715.1000,13889.2500,13595.2000,13791.4500
2016-02-29,13818.9000,14222.3000,13407.2500,13946.4000
2016-03-01,14064.8000,14445.7000,14064.8000,14412.9000
2016-03-02,14770.3500,15138.7000,14767.3000,15092.4500
2016-03-03,15150.0500,15206.2500,15000.0500,15177.7500
2016-03-04,15243.7500,15451.7500,15005.5000,15339.2000
2016-03-05,16570.7500,16719.4000,16358.4000,16388.7000
2016-03-06,17657.2000,17762.0500,17649.0500,17680.8000
2016-03-08,15323.4500,15326.6500,15066.5000,15146.5000
2016-03-09,15022.3500,15331.2500,14989.4000,15279.0500
2016-03-10,19395.5500,19611.2500,19363.9500,19589.0500
2016-03-11,19201.9500,19319.6500,19119.3000,19178.7000
2016-03-14,15309.0500,15416.1500,15220.1500,15277.8000
2016-03-15,15310.4500,15386.8500,15268.1000,15326.8000
2016-03-16,15304.3500,15489.5000,15178.3000,15461.7000
2016-03-17,15622.3000,15704.7500,15312.5000,15444.0000
2016-03-18,15485.8000,15678.5500,15456.2000,15654.8500
2016-03-21,15735.5500,15945.8000,15735.5500,15926.1000
2016-03-22,15930.4500,15967.8500,15779.1500,15936.0000
2016-03-23,15884.2500,15919.6000,15799.9500,15887.7500
2016-03-28,15867.7500,15890.7000,15522.2000,15604.9000
2016-03-29,15583.1000,15774.1000,15580.8000,15666.2500
2016-03-30,15829.6000,16167.5000,15762.2000,16134.8500
2016-03-31,16134.4000,16282.7500,16062.0500,16141.6500
2016-04-01,16966.3500,16966.3500,16575.4500,16599.1500
2016-04-02,14969.2000,14978.3500,14761.4000,14869.1500
2016-04-03,15243.7500,15451.7500,15005.5000,15339.2000
2016-04-04,16236.9000,16278.5000,16046.5000,16190.6000
2016-04-05,16127.4500,16147.1500,15659.7500,15695.0000
2016-04-06,15750.1500,15768.5500,15578.5500,15636.9500
2016-04-07,18091.7500,18146.3500,18054.8000,18097.6500
2016-04-08,18724.9000,18724.9000,18443.6500,18571.7000
2016-04-10,19641.7500,19747.4500,19527.3500,19672.7000
2016-04-11,15623.3500,15853.8500,15440.2500,15818.5000
2016-04-12,15809.1000,15958.8000,15794.1500,15880.2000
2016-04-13,16087.9500,16349.7000,16080.5500,16278.5500
2016-04-18,16328.7000,16330.5500,16011.9000,16222.7000
2016-04-20,16299.5000,16386.3500,16160.5500,16349.7000
2016-04-21,16526.5500,16769.5500,16526.5500,16637.1500
2016-04-22,16641.0500,16755.8500,16549.1000,16703.4000
2016-04-25,16746.9500,16767.9000,16605.0000,16678.6500
2016-04-26,16647.7500,17029.8500,16572.0000,17002.5500
2016-04-27,16869.3500,16995.0000,16827.3500,16872.9500
2016-04-28,16885.8000,17023.3500,16692.7000,16716.9000
2016-04-29,16712.9500,16841.3000,16527.5500,16795.0000
2016-05-01,16652.0500,16670.2000,16474.8500,16542.5000
2016-05-02,16614.0000,16674.1500,16519.5500,16543.0000
2016-05-03,16570.7500,16719.4000,16358.4000,16388.7000
2016-05-04,16320.1000,16465.6000,16250.5000,16274.2500
2016-05-05,16292.4000,16398.2500,16193.7000,16281.0000
2016-05-06,16264.4500,16346.2500,16186.2500,16296.6000
2016-05-07,18122.4000,18124.1000,17989.6000,18004.2500
2016-05-08,18725.2000,18943.1500,18708.2500,18925.9500
2016-05-09,16357.0000,16712.9000,16357.0000,16686.1000
2016-05-10,19801.3000,19816.5000,19492.8000,19536.8500
2016-05-11,16544.2500,16861.9500,16518.7500,16754.4500
2016-05-12,18245.0000,18434.2500,18189.5000,18408.9000
2016-05-13,16891.7000,16891.7000,16594.5500,16716.9000
2016-05-16,16744.1500,16780.0500,16431.6500,16737.5500
2016-05-17,16818.4000,16903.3500,16738.7000,16762.7500
2016-05-18,16671.7000,16759.0500,16556.6000,16728.9500
2016-05-19,16725.4500,16726.1500,16535.7500,16565.2500
2016-05-20,16600.8000,16623.2000,16455.4000,16481.4500
2016-05-23,16560.1500,16604.1500,16368.0000,16407.5500
2016-05-24,16422.3500,16501.0500,16368.6000,16456.6500
2016-05-25,16600.6500,17025.8500,16599.0500,16997.4500
2016-05-26,17037.6000,17424.0500,16971.3500,17359.3000
2016-05-27,17348.3500,17543.3000,17327.6500,17511.8000
2016-05-30,17580.8500,17666.0500,17484.8000,17520.6500
2016-05-31,17615.1000,17648.2500,17462.2000,17620.9000
2016-06-01,17670.8500,17670.8500,17392.8500,17423.4500
2016-06-02,17405.1500,17596.4000,17350.4500,17567.8000
2016-06-03,17657.2000,17762.0500,17649.0500,17680.8000
2016-06-04,15750.1500,15768.5500,15578.5500,15636.9500
2016-06-05,16264.4500,16346.2500,16186.2500,16296.6000
2016-06-06,17710.4500,17754.1500,17636.9000,17671.4000
2016-06-07,17796.5500,18000.9500,17713.3500,17948.1500
2016-06-08,17976.2500,17995.8000,17855.2000,17946.8000
2016-06-09,19990.9500,20459.4500,19990.9500,20426.2000
2016-06-10,19518.5500,19570.7000,19325.8000,19395.0500
2016-06-12,18459.7000,18499.7500,18365.9500,18420.9000
2016-06-13,17620.5500,17666.5500,17527.5500,17593.9500
2016-06-14,17698.9500,17719.8500,17575.9500,17672.4000
2016-06-15,17746.0500,17943.6500,17659.6000,17917.9000
2016-06-16,17827.6000,17827.6000,17545.8000,17671.3000
2016-06-17,17772.3000,17843.1500,17590.7500,17696.0500
2016-06-20,17425.8000,17779.0000,17425.8000,17718.6000
2016-06-21,17761.6500,17763.3000,17585.6500,17619.1000
2016-06-22,17610.1000,17755.2500,17518.1500,17626.0500
2016-06-23,17630.8000,17907.5000,17611.0000,17892.4500
2016-06-24,17213.8500,17459.2000,16946.3500,17426.0500
2016-06-27,17346.3000,17611.2000,17346.3000,17514.9500
2016-06-28,17497.0000,17626.7000,17481.5000,17561.5500
2016-06-29,17643.6500,17728.9500,17580.5000,17689.9000
2016-06-30,17825.3000,17975.0500,17795.9000,17935.4000
2016-07-01,16256.5500,16256.5500,16049.7500,16073.8500
2016-07-04,18091.7500,18146.3500,18054.8000,18097.6500
2016-07-05,18122.4000,18124.1000,17989.6000,18004.2500
2016-07-06,17796.5500,18000.9500,17713.3500,17948.1500
2016-07-07,18036.3000,18146.5500,17997.1000,18084.9000
2016-07-08,18078.0500,18079.2000,17910.9000,18016.2500
2016-07-09,20505.8000,20575.8000,20376.7500,20406.9000
2016-07-10,19398.0500,19456.0000,19318.0000,19400.1000
2016-07-11,19317.8500,19378.0000,19233.0000,19356.0000
2016-07-12,18515.5000,18588.7500,17952.6000,18234.1500
2016-07-13,18704.9000,18711.6000,18546.2500,18618.9500
2016-07-14,18633.5000,18880.9000,18580.2000,18863.7500
2016-07-15,18887.9000,19016.1000,18772.4500,18953.6500
2016-07-18,18998.3000,19158.0000,18885.0000,18923.4000
2016-07-19,18970.1500,19030.0500,18833.6000,18905.1500
2016-07-20,18896.8000,19016.2500,18886.3000,18968.2000
2016-07-21,18967.4000,19000.3000,18644.5500,18674.3000
2016-07-22,18697.8000,18735.4000,18551.3000,18690.4000
2016-07-25,18594.9500,19035.3500,18572.1000,18989.6000
2016-07-26,18979.1000,19044.4500,18814.2500,18860.8500
2016-07-27,18908.4500,19125.0000,18882.4000,19021.9500
2016-07-28,19050.4000,19126.7500,18998.8000,19076.5500
2016-07-29,19047.0500,19070.1500,18912.6000,18953.1500
2016-08-01,18896.5000,19078.5000,18634.4000,18740.6000
2016-08-02,18783.6000,18866.5500,18671.8500,18708.2500
2016-08-03,18680.9500,18775.4000,18542.6000,18602.0000
2016-08-04,15519.3000,15642.7000,15483.0500,15568.3500
2016-08-05,18725.2000,18943.1500,18708.2500,18925.9500
2016-08-06,17976.2500,17995.8000,17855.2000,17946.8000
2016-08-07,18078.0500,18079.2000,17910.9000,18016.2500
2016-08-08,18986.7500,19028.7000,18896.0000,18939.4500
2016-08-09,20439.2000,20477.4000,20335.2000,20417.2500
2016-08-10,18966.8500,18985.2500,18611.2500,18647.8000
2016-08-11,19490.7500,19549.4500,19322.1500,19500.8000
2016-08-12,18698.3000,18986.8000,18695.5000,18963.7000
2016-08-16,19029.1000,19062.2000,18839.4000,19002.1500
2016-08-17,19044.5500,19138.3500,18966.3500,19041.2500
2016-08-18,19087.2000,19367.4500,19083.0000,19352.8000
2016-08-19,19419.0000,19457.4000,19327.2000,19414.7000
2016-08-22,19432.6000,19493.2000,19252.7500,19330.2500
2016-08-23,19311.9000,19372.6500,19246.9000,19341.6500
2016-08-24,19358.7000,19392.2000,19284.3500,19355.6000
2016-08-25,19383.7000,19432.7500,19282.8000,19304.2500
2016-08-26,19336.4500,19358.0000,19133.9000,19195.7500
2016-08-29,19174.4500,19247.8500,19096.7000,19217.0000
2016-08-30,19306.5000,19546.3500,19306.5000,19531.5500
2016-08-31,19595.9000,19823.4000,19595.9000,19787.6000
2016-09-01,19805.8000,19928.2000,19738.3000,19788.8500
2016-09-02,19830.3500,19911.2500,19787.6000,19883.2000
2016-09-03,15022.3500,15331.2500,14989.4000,15279.0500
2016-09-05,16357.0000,16712.9000,16357.0000,16686.1000
2016-09-06,17955.8000,17986.1500,17801.5500,17887.7000
2016-09-07,20505.8000,20575.8000,20376.7500,20406.9000
2016-09-08,20439.2000,20477.4000,20335.2000,20417.2500
2016-09-09,20274.7500,20349.7000,20139.1500,20245.3000
2016-09-11,18270.9000,19587.8000,18143.7000,19518.2500
2016-09-12,19861.4500,19861.4500,19735.5500,19790.6000
2016-09-14,19757.0500,19953.1500,19732.1500,19909.1500
2016-09-15,19927.6000,19955.4000,19730.2500,19837.5500
2016-09-16,19935.8500,20227.2000,19783.6000,19855.4500
2016-09-19,19892.2000,20014.4000,19849.6500,19906.8500
2016-09-20,19957.3500,19964.3000,19797.5000,19852.3000
2016-09-21,19902.7000,19937.8500,19749.9500,19828.4500
2016-09-22,20153.1000,20264.8000,19996.9000,20109.6000
2016-09-23,20136.7500,20137.5500,19861.4500,19901.8000
2016-09-26,19792.2000,19794.1500,19568.3500,19591.7500
2016-09-27,19652.9500,19696.4500,19479.1500,19518.7000
2016-09-28,19542.0000,19700.0000,19509.6500,19653.5500
2016-09-29,19762.3000,19793.2000,19059.0500,19183.6500
2016-09-30,19116.0000,19330.8500,19085.2000,19285.7000
2016-10-02,14740.2000,14779.1500,14490.2000,14588.4500
2016-10-03,19395.5500,19611.2500,19363.9500,19589.0500
2016-10-04,19641.7500,19747.4500,19527.3500,19672.7000
2016-10-05,16710.0500,16812.2000,16613.9000,16784.9500
2016-10-06,19518.5500,19570.7000,19325.8000,19395.0500
2016-10-07,19398.0500,19456.0000,19318.0000,19400.1000
2016-10-08,18966.8500,18985.2500,18611.2500,18647.8000
2016-10-10,19489.5000,19501.4500,19351.3500,19378.5500
2016-10-11,19827.5000,20283.1500,19787.4500,20200.2500
2016-10-13,19295.5500,19295.5500,18824.4000,18954.2500
2016-10-14,19016.7000,19053.5000,18926.1500,19020.1500
2016-10-17,19136.3000,19241.7500,19002.4500,19070.4000
2016-10-18,19174.7000,19511.8000,19162.8500,19495.0500
2016-10-19,19570.0500,19576.3000,19322.7500,19412.1000
2016-10-20,19493.9000,19722.8500,19479.2500,19658.7000
2016-10-21,19636.4000,19744.0000,19516.4000,19710.9000
2016-10-24,19763.8500,19897.8500,19751.6500,19807.9000
2016-10-25,19907.7000,19922.7000,19711.9500,19834.9000
2016-10-26,19581.7000,19725.9000,19434.5000,19483.6000
2016-10-27,19452.0000,19544.2000,19252.1000,19514.6000
2016-10-28,19507.8500,19589.7000,19362.0000,19555.9500
2016-10-30,19657.8000,19666.8000,19484.6500,19523.5500
2016-11-01,15979.0500,16156.8000,15840.6000,16016.2500
2016-11-02,19223.5000,19296.5500,19158.7500,19227.9000
2016-11-03,15133.7500,15343.5500,15024.8000,15168.2000
2016-11-04,15623.3500,15853.8500,15440.2500,15818.5000
2016-11-05,16544.2500,16861.9500,16518.7500,16754.4500
2016-11-07,19317.8500,19378.0000,19233.0000,19356.0000
2016-11-08,19490.7500,19549.4500,19322.1500,19500.8000
2016-11-09,18270.9000,19587.8000,18143.7000,19518.2500
2016-11-10,19827.5000,20283.1500,19787.4500,20200.2500
2016-11-11,20033.8500,20309.6500,19704.3500,19738.8000
2016-11-15,19808.3500,19861.7500,19240.4500,19289.7500
2016-11-16,19591.2500,19611.9000,19088.4000,19108.1000
2016-11-17,19115.9000,19328.7500,19009.8500,19087.8500
2016-11-18,19180.3000,19216.3500,18897.1000,18959.0500
2016-11-21,19063.8000,19075.9500,18351.2500,18446.4000
2016-11-22,18626.7000,18650.5000,18322.7000,18548.6500
2016-11-23,18660.5500,18669.0500,18449.7000,18540.9000
2016-11-24,18476.0000,18476.3500,18215.8000,18256.1000
2016-11-25,18377.5500,18546.3500,18266.6000,18507.3000
2016-11-28,18237.2000,18471.6500,18187.4000,18301.4500
2016-11-29,18308.8000,18427.4000,18188.7000,18223.7500
2016-11-30,18306.1000,18667.8500,18262.5000,18627.8000
2016-12-01,16080.4000,16080.4000,15699.4000,15734.8000
2016-12-02,14088.6000,14154.5500,13810.6000,13971.5000
2016-12-04,15809.1000,15958.8000,15794.1500,15880.2000
2016-12-05,16881.2500,16962.0000,16779.5000,16923.7000
2016-12-06,18459.7000,18499.7500,18365.9500,18420.9000
2016-12-07,18527.8500,18684.4500,18464.1500,18667.6000
2016-12-08,18698.3000,18986.8000,18695.5000,18963.7000
2016-12-09,18567.9500,18739.6500,18432.3000,18695.8000
2016-12-12,18616.0500,18616.0500,18364.0500,18392.9500
2016-12-13,18354.1000,18492.8500,18291.3500,18466.0500
2016-12-14,18480.3500,18485.4500,18322.9000,18341.5000
2016-12-15,18143.5000,18532.0000,18122.1000,18401.1500
2016-12-16,18417.9000,18428.4500,18268.3000,18312.8000
2016-12-19,18258.1000,18316.8000,18215.5000,18257.0500
2016-12-20,18264.1000,18274.9000,18009.8000,18069.4000
2016-12-21,18124.6000,18167.1500,18043.9500,18084.5000
2016-12-22,18027.0000,18029.6000,17839.7500,17891.4500
2016-12-23,17849.2500,17962.3000,17819.7500,17884.0000
2016-12-26,17825.5000,17860.8500,17606.9000,17655.5500
2016-12-27,17677.7000,17907.3500,17616.1000,17879.5500
2016-12-28,17929.2000,18059.6500,17829.1500,17876.7000
2016-12-29,17861.4500,18053.3000,17829.4000,18033.1500
2016-12-30,18026.3500,18245.7500,18016.8000,18177.2000
2017-01-02,19522.4000,20047.8500,19470.9500,20020.6000
2017-01-03,20698.9000,20833.7500,20678.7500,20783.7500
2017-01-04,18037.4500,18092.8500,17868.9000,17891.0000
2017-01-05,18000.7500,18164.0500,17977.8000,18115.9500
2017-01-06,23394.1000,23396.1500,23224.0500,23310.1500
2017-01-08,25152.8500,25179.5000,25000.9000,25122.8000
2017-01-09,24389.2000,24494.3500,24319.2000,24434.0000
2017-01-10,18351.4500,18441.1500,18275.7500,18409.6000
2017-01-11,25197.3000,25549.3500,25171.7500,25490.4500
2017-01-12,25409.5500,25441.3500,25152.6500,25191.9500
2017-01-13,18949.7000,18952.2500,18781.2500,18912.1000
2017-01-16,18899.7000,19134.5000,18865.2500,19096.4500
2017-01-17,19128.1500,19202.2500,18981.8500,19067.0500
2017-01-18,19074.8500,19276.5000,19072.1000,19164.5000
2017-01-19,19165.3500,19185.3000,19046.1000,19124.2500
2017-01-20,18996.6000,19071.6500,18793.0500,18820.8000
2017-01-23,18762.0000,18909.6500,18722.8500,18842.7000
2017-01-24,18931.0000,19054.3000,18906.9500,19023.5000
2017-01-25,19120.0500,19518.4500,19114.1500,19473.2000
2017-01-27,19588.4000,19794.9500,19534.9000,19708.3000
2017-01-30,19718.8000,19767.0500,19561.1000,19585.2500
2017-01-31,19533.2000,19624.1000,19435.4500,19515.1500
2017-02-01,18242.3000,18249.0000,17844.9000,17969.6000
2017-02-02,20053.9500,20146.9000,19915.2000,20070.3000
2017-02-03,20061.9000,20229.6500,20009.9500,20196.8000
2017-02-05,22412.5500,22492.1500,22266.1500,22341.3500
2017-02-06,20307.1500,20462.4500,20298.0500,20371.6000
2017-02-07,20367.3000,20426.9500,20281.5000,20327.2500
2017-02-08,20335.2500,20362.8000,20070.1500,20245.4000
2017-02-09,20312.6500,20406.6000,20000.3500,20151.1500
2017-02-10,20225.7500,20310.0000,20167.1000,20213.9000
2017-02-11,25508.4000,25598.7500,25405.5000,25427.3000
2017-02-13,20273.6500,20308.7000,20116.9000,20251.8000
2017-02-14,20304.5000,20314.0500,20158.8500,20258.1000
2017-02-15,20282.1000,20368.2000,20115.8500,20163.7000
2017-02-16,20243.2500,20295.5500,20088.2000,20243.7000
2017-02-17,20918.4500,21042.3500,20449.6500,20551.3500
2017-02-20,20494.8500,20702.6000,20472.4000,20677.1000
2017-02-21,20695.9000,20903.3500,20619.2500,20860.9500
2017-02-22,20937.6000,20958.2500,20829.6500,20868.4500
2017-02-23,20887.6500,21011.9000,20828.4000,20876.6500
2017-02-27,20853.4500,20853.4500,20584.7500,20613.0500
2017-02-28,20632.8500,20681.3000,20560.6000,20607.2500
2017-03-01,18002.7500,18115.0500,17830.9500,18035.6000
2017-03-02,20885.0000,20905.0000,20516.9000,20560.0500
2017-03-03,20572.8500,20580.4500,20423.3500,20495.6000
2017-03-04,21539.2000,21565.4500,21408.6000,21547.7500
2017-03-05,22445.8500,22449.0000,22240.0500,22307.3000
2017-03-06,20548.9500,20727.5000,20532.2000,20663.6500
2017-03-07,20685.9500,20701.2500,20585.9500,20627.5000
2017-03-08,25002.8500,25005.1500,24619.6000,24675.0500
2017-03-09,20620.5500,20780.2500,20603.9000,20721.3500
2017-03-10,24200.6000,24226.8000,24007.2500,24103.4000
2017-03-11,25531.4000,25695.5000,25394.9500,25650.7000
2017-03-14,21189.8500,21274.4500,21059.7000,21102.7000
2017-03-15,21089.4000,21216.9000,21063.9500,21157.9000
2017-03-16,21237.5000,21289.8000,21194.2500,21249.9000
2017-03-17,21308.4500,21336.0500,21127.9500,21175.0500
2017-03-20,21202.5500,21202.5500,21084.8000,21110.2500
2017-03-21,21110.6500,21146.5000,20967.0000,21019.0000
2017-03-22,20815.3500,20899.0000,20753.9000,20781.3500
2017-03-23,20848.7500,20934.7500,20775.3500,20895.5000
2017-03-24,20987.6000,21174.1000,20929.1500,21122.5500
2017-03-27,21178.1000,21179.2000,20979.5500,21056.9000
2017-03-28,21229.0000,21264.9500,21145.0000,21225.4000
2017-03-29,21291.4500,21418.6000,21255.7500,21391.1500
2017-03-30,21374.3500,21696.0000,21331.9000,21620.7000
2017-03-31,21551.8500,21574.1500,21414.0000,21444.1500
2017-04-01,18037.4500,18092.8500,17868.9000,17891.0000
2017-04-03,21539.2000,21565.4500,21408.6000,21547.7500
2017-04-05,22618.3000,22743.7000,22449.9000,22720.1000
2017-04-06,21572.7000,21674.0000,21488.9000,21622.9500
2017-04-07,21536.5000,21616.8500,21397.0000,21431.1500
2017-04-08,24629.5000,24879.7000,24591.8000,24827.4500
2017-04-09,24456.3000,24459.3500,24156.4000,24236.8500
2017-04-10,21492.0500,21552.1000,21396.0500,21520.1500
2017-04-11,21521.4500,21753.3500,21483.5500,21736.1500
2017-04-12,25295.0500,25297.2000,24993.3500,25075.1000
2017-04-13,21651.2500,21758.8500,21627.0000,21686.6000
2017-04-17,21700.5000,21743.3000,21576.7500,21647.6000
2017-04-18,21706.0500,21947.0000,21634.1500,21671.8500
2017-04-19,21674.1000,21706.3000,21470.2000,21556.3500
2017-04-20,21419.4500,21558.8500,21396.0000,21491.4000
2017-04-21,21567.5000,21614.5500,21386.2000,21551.4500
2017-04-24,21591.9000,21884.8500,21578.6500,21857.4000
2017-04-25,21960.6500,22093.2500,21900.3000,22054.7000
2017-04-26,22158.6500,22276.0500,21814.9000,22242.8500
2017-04-27,22274.0500,22380.8500,22169.8000,22326.3000
2017-04-28,22296.8000,22383.0000,22182.5500,22358.2500
2017-05-01,18000.7500,18164.0500,17977.8000,18115.9500
2017-05-02,22412.5500,22492.1500,22266.1500,22341.3500
2017-05-03,22445.8500,22449.0000,22240.0500,22307.3000
2017-05-04,22618.3000,22743.7000,22449.9000,22720.1000
2017-05-05,22844.8500,22853.5500,22514.0000,22604.9500
2017-05-06,23397.4000,23494.7000,23349.9500,23459.6500
2017-05-07,23241.9000,23380.3500,23205.5500,23352.6000
2017-05-08,22678.4500,22835.1500,22632.5000,22767.3500
2017-05-09,24272.6000,24388.0500,24256.3000,24328.3000
2017-05-10,24114.7500,24188.3000,24033.3500,24058.0500
2017-05-11,22916.0500,22977.8500,22764.6500,22818.4500
2017-05-12,25030.7500,25217.7000,24921.3000,25124.8500
2017-05-15,22735.8500,22891.7000,22730.3500,22821.5000
2017-05-16,22857.6000,22944.1000,22727.6500,22928.6000
2017-05-17,22972.3500,22978.1500,22830.1000,22935.9500
2017-05-18,22750.4500,22834.5500,22660.2000,22698.6000
2017-05-19,22761.9500,22902.2500,22628.4500,22769.8000
2017-05-22,22874.8000,22918.3500,22637.7500,22652.8500
2017-05-23,22674.9000,22740.4000,22492.2000,22582.8000
2017-05-24,22624.5000,22673.4000,22469.8000,22536.3000
2017-05-25,22573.6500,23267.8000,22570.3500,23190.8000
2017-05-26,23151.4000,23408.3500,23092.3500,23362.2000
2017-05-29,23310.6000,23464.0000,23141.1500,23182.7500
2017-05-30,23142.1000,23337.1500,23093.9500,23307.2500
2017-05-31,23321.2000,23469.4500,23248.5000,23424.8000
2017-06-01,23394.1000,23396.1500,23224.0500,23310.1500
2017-06-02,23435.2000,23453.3000,23308.4000,23375.9000
2017-06-03,20548.9500,20727.5000,20532.2000,20663.6500
2017-06-04,21572.7000,21674.0000,21488.9000,21622.9500
2017-06-05,23397.4000,23494.7000,23349.9500,23459.6500
2017-06-06,23523.0500,23536.1000,23381.7000,23416.3000
2017-06-07,23399.5000,23540.1500,23369.5000,23466.6500
2017-06-08,23630.3500,23659.1000,23514.2000,23536.1000
2017-06-09,23483.9500,23708.6500,23476.8500,23690.9000
2017-06-10,24083.5500,24242.0500,24074.3500,24190.0000
2017-06-11,25569.0000,25694.6000,25529.5000,25571.1500
2017-06-12,23610.1500,23630.1000,23441.8000,23470.4500
2017-06-13,23447.0000,23615.2000,23446.9000,23477.8500
2017-06-14,23555.3000,23562.8000,23399.4000,23498.7000
2017-06-15,23444.7000,23473.3000,23311.8500,23391.7500
2017-06-16,23448.6000,23527.6500,23391.0000,23502.7500
2017-06-19,23571.3500,23806.6500,23535.7000,23742.1500
2017-06-20,23720.6000,23760.3500,23651.2000,23697.9500
2017-06-21,23638.1500,23760.7500,23610.2000,23708.7500
2017-06-22,23716.8500,23897.8500,23694.1500,23736.1000
2017-06-23,23772.3000,23786.5000,23507.5000,23542.7500
2017-06-27,23636.9500,23640.1000,23055.7500,23216.2500
2017-06-28,23209.5500,23322.5500,23113.6500,23235.8500
2017-06-29,23312.4000,23476.0000,23124.3500,23227.3000
2017-06-30,23137.2500,23254.1000,22996.4000,23211.2000
2017-07-02,20367.3000,20426.9500,20281.5000,20327.2500
2017-07-03,20685.9500,20701.2500,20585.9500,20627.5000
2017-07-04,21536.5000,21616.8500,21397.0000,21431.1500
2017-07-05,23241.9000,23380.3500,23205.5500,23352.6000
2017-07-06,23399.5000,23540.1500,23369.5000,23466.6500
2017-07-07,23463.7500,23492.6000,23400.6000,23449.1500
2017-07-08,24854.1500,24979.3500,24844.4500,24906.3500
2017-07-09,24324.8500,24413.1000,24246.9000,24304.9000
2017-07-10,23583.2500,23964.8000,23289.9000,23675.0500
2017-07-11,25669.1000,25695.7500,25248.9500,25300.8000
2017-07-12,23623.7500,23736.5500,23523.6500,23695.4500
2017-07-13,23817.2500,23938.0000,23811.0000,23888.6500
2017-07-14,23949.5000,23963.6500,23755.9500,23937.7000
2017-07-17,24011.4000,24066.1000,23913.6500,24015.0500
2017-07-18,23958.1500,24147.4500,23942.1000,24022.0500
2017-07-19,24069.2000,24180.7500,24053.7000,24152.6500
2017-07-20,24170.6500,24299.6000,24170.6500,24213.3500
2017-07-21,24231.4000,24289.3000,24066.9000,24257.0500
2017-07-24,24307.7000,24460.5500,24234.6500,24420.8500
2017-07-25,24622.9000,24624.6500,24450.2000,24520.7000
2017-07-26,24578.1500,24720.9000,24484.9000,24670.7000
2017-07-27,24857.5000,25032.2500,24799.4000,24922.4000
2017-07-28,24744.5500,24859.7500,24651.0500,24811.3000
2017-07-31,24880.6000,25168.1000,24828.5000,25103.6500
2017-08-01,25152.8500,25179.5000,25000.9000,25122.8000
2017-08-02,25190.4000,25198.8000,24926.2500,25055.2000
2017-08-03,20630.1500,20715.2000,20534.2500,20676.5500
2017-08-04,24629.5000,24879.7000,24591.8000,24827.4500
2017-08-05,22678.4500,22835.1500,22632.5000,22767.3500
2017-08-06,23630.3500,23659.1000,23514.2000,23536.1000
2017-08-07,24854.1500,24979.3500,24844.4500,24906.3500
2017-08-08,24942.2000,24966.0500,24534.3500,24599.5000
2017-08-09,24409.5000,24419.2500,24273.0000,24370.8000
2017-08-10,24300.4500,24326.9000,23822.2000,24217.3500
2017-08-11,23958.2500,24191.2000,23868.3000,23985.7500
2017-08-12,25145.5000,25367.7000,25145.5000,25321.1500
2017-08-14,24051.0500,24212.1500,24038.1500,24115.7500
2017-08-16,24188.7500,24461.2000,23947.4500,24437.7000
2017-08-17,24495.2000,24496.2000,24121.5500,24237.2500
2017-08-18,24125.3000,24130.1500,23925.9500,24074.4500
2017-08-21,24140.5500,24258.9500,23882.2500,23936.5000
2017-08-22,24080.6000,24127.4500,23852.6500,23974.4500
2017-08-23,24084.9500,24350.0000,24074.1500,24316.8000
2017-08-24,24374.7500,24411.0500,24224.8500,24274.2000
2017-08-28,24351.2500,24422.4500,24301.3500,24377.1000
2017-08-29,24302.0000,24320.9500,24103.3000,24128.9500
2017-08-30,24253.0500,24384.1000,24241.3000,24308.7000
2017-08-31,24354.3500,24354.3500,24207.7000,24318.4000
2017-09-01,24389.2000,24494.3500,24319.2000,24434.0000
2017-09-02,20312.6500,20406.6000,20000.3500,20151.1500
2017-09-03,20620.5500,20780.2500,20603.9000,20721.3500
2017-09-04,24456.3000,24459.3500,24156.4000,24236.8500
2017-09-05,24272.6000,24388.0500,24256.3000,24328.3000
2017-09-06,24192.4000,24331.3000,24151.1000,24279.1500
2017-09-07,24324.8500,24413.1000,24246.9000,24304.9000
2017-09-08,24519.2500,24532.4000,24328.1000,24374.6000
2017-09-10,24209.5500,24311.1000,24156.0500,24251.9000
2017-09-11,25281.0000,25385.2000,25166.1500,25291.3500
2017-09-12,24779.1500,24821.3500,24653.6000,24784.7000
2017-09-13,24818.3500,24948.8000,24737.8000,24831.8000
2017-09-14,24857.2500,24994.3000,24815.5000,24912.2500
2017-09-15,24840.3000,24916.8500,24791.5500,24844.3000
2017-09-18,24948.1500,25105.3500,24941.7500,25046.9000
2017-09-19,25059.7500,25103.4500,24993.0000,25041.5500
2017-09-20,24984.6500,25052.6000,24938.3000,24965.0500
2017-09-21,24934.1000,24992.5000,24706.4500,24799.2500
2017-09-22,24704.5500,24709.7000,24340.0000,24368.8500
2017-09-25,24361.5500,24363.8000,24015.4500,24165.0500
2017-09-26,24105.6000,24236.9500,24017.4000,24199.1500
2017-09-27,24308.7000,24331.8500,23766.6000,23812.9500
2017-09-28,23804.0500,24074.2000,23611.1000,24008.1500
2017-09-29,24114.0000,24227.4500,24004.8000,24053.0000
2017-10-01,18351.4500,18441.1500,18275.7500,18409.6000
2017-10-02,20225.7500,20310.0000,20167.1000,20213.9000
2017-10-03,20825.9000,20876.9500,20648.8000,20727.5500
2017-10-04,24124.1500,24230.4500,24058.6500,24113.3000
2017-10-05,24114.7500,24188.3000,24033.3500,24058.0500
2017-10-06,24083.5500,24242.0500,24074.3500,24190.0000
2017-10-07,23583.2500,23964.8000,23289.9000,23675.0500
2017-10-08,24300.4500,24326.9000,23822.2000,24217.3500
2017-10-09,24209.5500,24311.1000,24156.0500,24251.9000
2017-10-10,24304.8000,24379.7500,24273.6500,24347.4500
2017-10-11,25250.9000,25598.5500,25237.2000,25498.9500
2017-10-12,24151.4500,24393.4000,23978.4000,24361.2500
2017-10-13,24411.1000,24779.7500,24387.8000,24689.1500
2017-10-16,24815.4000,24878.6500,24516.5500,24703.0500
2017-10-17,24697.2500,24809.1500,24571.8500,24645.6000
2017-10-18,24354.7500,24454.6500,24270.0500,24313.7500
2017-10-19,24238.4000,24255.3000,23923.7000,24009.7500
2017-10-23,24085.4500,24151.0000,23912.5500,24088.9000
2017-10-24,24141.9500,24293.2500,24032.6500,24222.1500
2017-10-25,24980.6500,25157.8000,24560.7500,25035.9000
2017-10-26,24953.9500,25186.0500,24864.6000,25022.2000
2017-10-27,24887.6000,24995.7000,24798.6500,24839.5500
2017-10-30,24873.6500,25064.8500,24808.5500,24988.5500
2017-10-31,25042.1000,25078.6500,24948.1000,25019.3500
2017-11-01,25197.3000,25549.3500,25171.7500,25490.4500
2017-11-02,25508.4000,25598.7500,25405.5000,25427.3000
2017-11-03,25531.4000,25695.5000,25394.9500,25650.7000
2017-11-04,21521.4500,21753.3500,21483.5500,21736.1500
2017-11-05,22916.0500,22977.8500,22764.6500,22818.4500
2017-11-06,25569.0000,25694.6000,25529.5000,25571.1500
2017-11-07,25669.1000,25695.7500,25248.9500,25300.8000
2017-11-08,23958.2500,24191.2000,23868.3000,23985.7500
2017-11-09,24468.5000,24735.3500,24458.2500,24672.2500
2017-11-10,24411.4500,24460.2500,24054.2500,24107.4500
2017-11-12,25434.7500,25448.8500,25318.7000,25404.8500
2017-11-13,25570.2500,25611.5500,25337.2500,25358.3000
2017-11-14,25352.5500,25404.8000,25223.1000,25284.6000
2017-11-15,25241.6500,25318.0500,25166.3500,25218.9000
2017-11-16,25292.9000,25496.0500,25273.7000,25446.6000
2017-11-17,25875.7000,25924.9000,25679.5500,25728.4000
2017-11-20,25733.7000,25803.1500,25681.7000,25768.6000
2017-11-21,25829.3000,25871.1000,25726.5000,25757.5000
2017-11-22,25805.6500,25831.9500,25665.8500,25766.6500
2017-11-23,25826.3000,25838.5500,25620.9500,25736.2500
2017-11-24,25776.6000,25849.0000,25749.1000,25779.6500
2017-11-27,25693.0500,25931.8500,25673.5000,25891.9500
2017-11-28,25830.4500,25953.5000,25795.5000,25846.4000
2017-11-29,25829.6500,25877.7500,25746.8000,25795.7000
2017-11-30,25693.8000,25700.8500,25246.8500,25332.4000
2017-12-01,18885.4500,18966.3000,18805.8500,18873.9500
2017-12-04,21735.6500,21787.1000,21551.7500,21666.8000
2017-12-05,22840.4000,22859.1500,22578.0000,22671.7000
2017-12-06,23610.1500,23630.1000,23441.8000,23470.4500
2017-12-07,23623.7500,23736.5500,23523.6500,23695.4500
2017-12-08,25145.5000,25367.7000,25145.5000,25321.1500
2017-12-09,24779.1500,24821.3500,24653.6000,24784.7000
2017-12-10,24151.4500,24393.4000,23978.4000,24361.2500
2017-12-11,25434.7500,25448.8500,25318.7000,25404.8500
2017-12-12,25413.4000,25416.2000,25108.6000,25125.4500
2017-12-13,25118.2000,25270.7500,24938.5500,25000.3500
2017-12-14,25062.4000,25205.9000,24888.6500,25168.2000
2017-12-15,25487.1500,25559.0500,25411.2500,25440.3000
2017-12-18,25181.7500,25759.9000,24617.1500,25594.5500
2017-12-19,25640.9000,25757.9500,25619.6000,25716.2000
2017-12-20,25779.0500,25780.0500,25566.0500,25591.7000
2017-12-21,25608.2500,25629.9500,25508.9000,25554.3000
2017-12-22,25615.6000,25694.5000,25560.5000,25648.5500
2017-12-26,25659.7500,25712.9500,25545.6000,25675.2500
2017-12-27,25652.8500,25733.2000,25429.5500,25496.0500
2017-12-28,25463.6000,25561.9500,25417.4000,25490.0000
2017-12-29,25484.8500,25566.4000,25450.2500,25539.4500
2018-01-01,25565.7500,25588.0000,25271.5500,25318.1000
2018-01-02,25382.2000,25425.5000,25232.8000,25338.2500
2018-01-03,25425.7500,25454.9000,25300.9000,25318.6000
2018-01-04,25367.6500,25490.3500,25310.3000,25462.6000
2018-01-05,25524.4500,25643.3500,25499.5500,25601.8500
2018-01-06,26913.4000,26996.8000,26658.5500,26692.8000
2018-01-08,27684.8000,27820.1500,27477.9000,27596.6000
2018-01-09,25727.9500,25803.8000,25617.2500,25703.8000
2018-01-10,25709.9000,25717.6000,25527.5000,25617.3000
2018-01-11,25628.2000,25694.6500,25532.2500,25660.9000
2018-01-12,25732.4000,25775.1500,25557.6000,25749.0500
2018-01-15,25858.1500,26091.8000,25842.9500,26069.2000
2018-01-16,26129.1500,26136.4000,25931.7000,25974.9000
2018-01-17,25946.1500,26335.8500,25922.3000,26289.1000
2018-01-18,26762.2500,26887.6500,26423.7500,26537.4000
2018-01-19,26615.6500,26957.8500,26433.5500,26909.5000
2018-01-22,26940.5000,27074.9000,26841.2000,27041.2000
2018-01-23,27089.9500,27422.0500,27066.1500,27390.6000
2018-01-24,27310.1500,27479.2500,27219.4500,27398.5500
2018-01-25,27414.1000,27522.8500,27151.7500,27445.6500
2018-01-29,27446.1000,27652.0500,27407.4000,27498.4500
2018-01-30,27466.8500,27470.2500,27242.0500,27269.0500
2018-01-31,27136.2500,27455.7500,27116.9500,27379.4500
2018-02-01,25382.2000,25425.5000,25232.8000,25338.2500
2018-02-02,27017.4000,27017.5500,26364.0500,26451.1500
2018-02-04,24235.6500,24373.4000,24062.9500,24328.5000
2018-02-05,25968.1500,26215.1000,25917.5500,26098.7500
2018-02-06,25140.1000,26140.6000,25023.8500,25811.3000
2018-02-07,26065.4000,26078.4000,25558.0500,25670.0000
2018-02-08,25759.8500,26126.4000,25637.4000,25920.6500
2018-02-09,25466.3000,25598.3000,25371.0000,25463.6500
2018-02-11,25545.3500,25856.2500,25499.1500,25701.6500
2018-02-12,25530.1000,25757.8500,25485.4000,25701.6000
2018-02-14,25810.2500,25810.2500,25212.3500,25341.2500
2018-02-15,25360.9000,25615.1500,25295.1500,25424.3500
2018-02-16,25511.9500,25601.0000,25100.9000,25163.9000
2018-02-19,25324.6000,25326.0500,24824.5500,25058.5500
2018-02-20,25105.5500,25158.1000,24829.0000,24874.4000
2018-02-21,24996.6000,24999.7000,24796.3500,24936.7000
2018-02-22,24812.7000,24987.0500,24781.7000,24955.2000
2018-02-23,25002.2500,25345.1500,24962.8500,25302.5000
2018-02-26,25452.0000,25722.1500,25381.2000,25687.9000
2018-02-27,25684.6000,25723.5500,25356.4000,25383.6000
2018-02-28,25116.2500,25192.9500,24942.0000,25107.4000
2018-03-01,25425.7500,25454.9000,25300.9000,25318.6000
2018-03-04,24285.9500,24538.0000,24254.3500,24510.6000
2018-03-05,25547.9000,25653.4500,25469.0500,25605.2500
2018-03-06,24964.1000,25040.2500,24362.0500,24448.4500
2018-03-07,26210.1000,26316.1000,26142.0000,26204.1000
2018-03-08,27471.9500,27723.0000,27448.1500,27695.5000
2018-03-09,28199.4500,28203.2000,27777.4000,27819.5000
2018-03-10,25290.5500,25470.0500,25026.3500,25069.9000
2018-03-12,27032.9000,27037.1000,26791.6500,26857.5500
2018-03-13,24624.6000,25009.6500,24597.5500,24738.6500
2018-03-14,24629.6500,24894.3000,24487.0000,24851.6500
2018-03-15,24854.3000,24939.8500,24732.0000,24791.8500
2018-03-16,24753.6500,24785.3500,24439.1500,24489.5500
2018-03-19,24530.1500,24588.0500,24186.9500,24245.1000
2018-03-20,24133.9500,24355.6500,24082.9500,24168.2000
2018-03-21,24331.3000,24459.7500,24208.6500,24255.6000
2018-03-22,24252.9500,24314.4000,24094.8500,24141.5000
2018-03-23,23785.6500,23796.3000,23605.6000,23670.4000
2018-03-26,23674.9000,24290.6500,23657.0500,24244.3500
2018-03-27,24396.4000,24496.9500,24266.4000,24434.1500
2018-03-28,24299.5000,24361.0000,24203.4000,24263.3500
2018-04-01,25367.6500,25490.3500,25310.3000,25462.6000
2018-04-02,24235.6500,24373.4000,24062.9500,24328.5000
2018-04-03,24285.9500,24538.0000,24254.3500,24510.6000
2018-04-04,24502.5000,24666.3000,24087.8000,24129.5000
2018-04-05,25632.3000,25680.4000,25537.7000,25645.4000
2018-04-06,27023.7000,27047.5500,26205.9000,26257.5500
2018-04-07,26249.2500,26480.5000,26132.9000,26433.9500
2018-04-09,27845.5500,27875.1500,27385.8500,27430.7500
2018-04-10,24735.1500,24893.4000,24501.0500,24819.3000
2018-04-11,25198.3500,25207.0500,24950.3000,25098.2500
2018-04-12,25076.9000,25244.8000,24969.4000,25195.1000
2018-04-13,25239.6500,25411.3000,25076.8500,25200.6000
2018-04-16,25082.1000,25348.5500,25067.3500,25320.8500
2018-04-17,25383.7500,25402.5500,25224.0000,25334.4500
2018-04-18,25426.7500,25426.7500,25058.7500,25102.3000
2018-04-19,25206.4500,25207.3000,25049.7000,25126.1500
2018-04-20,25126.8000,25126.8000,24839.3000,24943.8500
2018-04-23,25065.5000,25084.1500,24466.1000,24960.6500
2018-04-24,24972.2000,25123.4500,24955.0000,25042.1000
2018-04-25,24993.4000,24993.4000,24734.6000,24814.4000
2018-04-26,24833.2000,25064.0000,24753.4000,25010.9000
2018-04-27,25030.1500,25441.5000,25029.6500,25394.6000
2018-04-30,25490.1500,25617.5000,25464.8000,25531.6000
2018-05-01,25524.4500,25643.3500,25499.5500,25601.8500
2018-05-02,25607.0500,25716.7500,25499.3500,25568.3000
2018-05-03,25547.9000,25653.4500,25469.0500,25605.2500
2018-05-04,24394.4500,24824.9000,24380.8500,24759.8000
2018-05-06,26263.0000,26342.4000,26069.5500,26251.0000
2018-05-07,26481.5500,26598.4500,26415.2000,26503.3000
2018-05-08,26074.1500,26116.2500,25954.6000,26090.5000
2018-05-09,27409.3000,27506.3000,27136.0500,27376.0500
2018-05-10,24741.6500,25080.2000,24250.6500,24443.4500
2018-05-11,26173.7000,26437.2500,26099.8500,26413.1500
2018-05-12,26572.1000,26627.3500,26443.6500,26519.6000
2018-05-14,26404.4500,26565.4000,26338.0500,26475.1500
2018-05-15,26494.9000,26972.0500,26407.3000,26474.0000
2018-05-16,26269.3500,26428.3500,26102.1500,26182.1500
2018-05-17,26233.2000,26283.5500,26012.0000,26073.8000
2018-05-18,26025.6000,26032.0000,25839.0000,25875.6000
2018-05-21,26017.5000,26066.7500,25685.3500,25750.8000
2018-05-22,25780.2500,25945.6500,25701.3500,25777.7000
2018-05-23,25726.9500,25903.9000,25622.1500,25684.9500
2018-05-24,25722.9000,26073.1000,25658.4000,26016.8000
2018-05-25,26066.7500,26325.5500,26031.4500,26273.5500
2018-05-28,26291.6500,26713.6500,26273.9000,26614.2500
2018-05-29,26567.2500,26570.9500,26221.1000,26254.8000
2018-05-30,26039.9000,26405.4500,25980.8500,26327.8000
2018-05-31,26587.0000,27164.5500,26354.5500,26956.2000
2018-06-01,26913.4000,26996.8000,26658.5500,26692.8000
2018-06-02,25140.1000,26140.6000,25023.8500,25811.3000
2018-06-03,24964.1000,25040.2500,24362.0500,24448.4500
2018-06-04,27023.7000,27047.5500,26205.9000,26257.5500
2018-06-05,26263.0000,26342.4000,26069.5500,26251.0000
2018-06-06,26266.9000,26425.2000,26147.8000,26367.6000
2018-06-07,26577.9500,26766.9500,26483.9000,26517.8000
2018-06-08,26457.2500,26481.0000,26284.2000,26451.3500
2018-06-09,27464.2500,27552.8000,27246.2500,27468.7000
2018-06-11,26473.2000,26653.0000,26421.9500,26453.5500
2018-06-12,26339.1000,26359.9000,26149.4500,26198.3000
2018-06-13,26721.9500,26765.4500,26598.2000,26642.8000
2018-06-14,26612.3000,26623.2500,26503.1000,26562.2500
2018-06-15,26513.7000,26586.4000,26344.9500,26417.4000
2018-06-18,26444.3000,26477.5000,26322.4500,26409.3000
2018-06-19,26448.1000,26448.1000,26224.7500,26265.7500
2018-06-20,26320.4500,26574.7500,26309.9500,26557.7000
2018-06-21,26645.3000,26682.9500,26454.9500,26496.9500
2018-06-22,26518.4000,26806.5500,26364.2500,26766.8500
2018-06-25,26718.1500,26804.9000,26573.0000,26609.7000
2018-06-26,26495.6500,26712.6000,26479.6500,26601.7000
2018-06-27,26616.3000,26634.3000,26336.5000,26423.4000
2018-06-28,26398.1000,26487.8500,26161.0000,26324.6000
2018-06-29,26312.7000,26465.0000,26291.3500,26364.2000
2018-07-02,26065.4000,26078.4000,25558.0500,25670.0000
2018-07-03,26210.1000,26316.1000,26142.0000,26204.1000
2018-07-04,26249.2500,26480.5000,26132.9000,26433.9500
2018-07-05,26481.5500,26598.4500,26415.2000,26503.3000
2018-07-06,26427.5500,26609.8500,26410.0000,26493.8500
2018-07-08,27972.9500,27988.2000,27827.3000,27875.9000
2018-07-09,27439.2500,27512.5000,27232.8000,27481.4500
2018-07-10,26844.5500,26939.5500,26778.5000,26894.5500
2018-07-11,25818.1000,25824.4000,25698.1000,25737.5000
2018-07-12,26937.5000,27164.8000,26936.0500,27026.5500
2018-07-13,27046.8500,27102.3500,26902.3000,26935.9500
2018-07-16,26914.5000,26939.0500,26643.9500,26679.8000
2018-07-17,26662.8500,27041.3500,26653.6500,27008.1000
2018-07-18,27107.3500,27187.1500,26834.4500,26880.9000
2018-07-19,26960.2000,27025.4500,26730.1000,26789.6500
2018-07-20,26764.4000,26946.5500,26718.6000,26873.2000
2018-07-23,26701.3000,27040.1000,26671.3500,27008.1500
2018-07-24,26984.1500,27128.0000,26868.1500,26974.4000
2018-07-25,26992.5500,27074.0000,26939.3500,27031.3000
2018-07-26,27054.7000,27455.1000,27045.0500,27406.4000
2018-07-27,27497.8000,27661.0500,27455.0000,27634.4000
2018-07-30,27767.6500,27873.7000,27607.9500,27842.6000
2018-07-31,27797.2000,27839.2000,27651.3000,27764.1500
2018-08-01,27684.8000,27820.1500,27477.9000,27596.6000
2018-08-02,27469.5000,27487.9000,27327.9500,27355.9500
2018-08-03,27471.9500,27723.0000,27448.1500,27695.5000
2018-08-05,26074.1500,26116.2500,25954.6000,26090.5000
2018-08-06,26457.2500,26481.0000,26284.2000,26451.3500
2018-08-07,27972.9500,27988.2000,27827.3000,27875.9000
2018-08-08,27930.5500,28128.6500,27858.7500,28062.4500
2018-08-09,28173.6500,28363.4000,28132.0000,28320.0000
2018-08-10,24470.7500,24745.3500,24240.0500,24618.3500
2018-08-13,27760.8000,27911.8500,27739.5000,27794.4000
2018-08-14,27864.4000,28053.0500,27854.9000,28021.7000
2018-08-16,27836.1500,28013.1000,27779.5000,27826.5500
2018-08-17,27991.7500,28178.1500,27953.8000,28128.5500
2018-08-20,28171.6500,28322.3000,28171.6500,28274.2500
2018-08-21,28295.8500,28305.9500,28151.9000,28257.9000
2018-08-23,28321.9500,28325.4500,27965.3500,28027.9000
2018-08-24,27954.2500,28122.7500,27782.8000,27834.7000
2018-08-27,27971.2500,28317.7500,27958.2000,28264.2000
2018-08-28,28379.9000,28388.6500,28152.7000,28269.6500
2018-08-29,28233.4000,28344.1000,28167.8000,28224.1000
2018-08-30,28233.7000,28233.7000,27961.7500,28103.2500
2018-08-31,27998.0000,28157.3500,27940.9500,28061.7500
2018-09-01,25727.9500,25803.8000,25617.2500,25703.8000
2018-09-02,25466.3000,25598.3000,25371.0000,25463.6500
2018-09-03,24556.9500,24564.7500,24259.7000,24296.4500
2018-09-04,27845.5500,27875.1500,27385.8500,27430.7500
2018-09-05,27409.3000,27506.3000,27136.0500,27376.0500
2018-09-06,27464.2500,27552.8000,27246.2500,27468.7000
2018-09-07,26642.3500,26781.2000,26611.5500,26753.3000
2018-09-08,28173.6500,28363.4000,28132.0000,28320.0000
2018-09-10,27395.2000,27404.8500,27142.5500,27201.7500
2018-09-11,25742.5500,25822.7500,25598.7500,25771.0000
2018-09-12,26895.1500,26895.1500,26555.1500,26819.2000
2018-09-14,27059.8500,27205.7500,26989.8000,27163.8500
2018-09-17,27002.6000,27002.6000,26743.4000,26820.3000
2018-09-18,26757.0000,26901.0500,26407.4500,26441.4500
2018-09-19,26532.0000,26611.6000,26235.7000,26277.3500
2018-09-21,26331.0500,26490.4000,25053.3500,25596.9000
2018-09-24,25645.0500,25649.7000,24904.5000,24970.3500
2018-09-25,24947.7000,25406.9500,24678.2500,25330.3500
2018-09-26,25525.1000,25525.1000,25197.3500,25376.3000
2018-09-27,25442.1000,25452.5000,25007.0500,25042.1500
2018-09-28,25135.8000,25354.7000,24919.2500,25119.8500
2018-10-01,24943.9000,25412.1500,24707.6500,25367.0000
2018-10-03,25290.5500,25470.0500,25026.3500,25069.9000
2018-10-04,24735.1500,24893.4000,24501.0500,24819.3000
2018-10-05,24741.6500,25080.2000,24250.6500,24443.4500
2018-10-07,26844.5500,26939.5500,26778.5000,26894.5500
2018-10-08,28348.9500,28377.9000,28087.6500,28124.2500
2018-10-09,24703.6500,24759.9000,24464.9000,24527.6500
2018-10-10,24596.6000,25371.1500,24559.9000,25321.7000
2018-10-11,24541.7500,24940.1000,24493.7000,24783.9500
2018-10-12,26073.6500,26336.2000,26072.0000,26102.6500
2018-10-15,25444.0000,25466.2000,25147.8000,25388.0500
2018-10-16,25414.2000,25707.0500,25351.8000,25589.6500
2018-10-17,25839.1000,25915.3500,25101.9500,25188.6000
2018-10-19,24966.5000,25277.9000,24922.6500,25085.8000
2018-10-22,25484.2500,25504.7500,25021.3500,25078.6000
2018-10-23,24786.9000,25124.6000,24784.9000,24972.4500
2018-10-24,25312.7000,25356.9000,24839.6500,25064.2000
2018-10-25,24841.5000,24977.3500,24696.8500,24817.4500
2018-10-26,24771.8500,24771.9500,24353.1000,24421.0500
2018-10-29,24647.9500,25023.7500,24404.5500,24959.7000
2018-10-30,24924.7500,25121.5000,24686.8500,24807.7500
2018-10-31,24823.8000,25201.3000,24528.3500,25153.2500
2018-11-01,25628.2000,25694.6500,25532.2500,25660.9000
2018-11-02,25545.3500,25856.2500,25499.1500,25701.6500
2018-11-04,25198.3500,25207.0500,24950.3000,25098.2500
2018-11-05,25731.5500,25788.2000,25534.4000,25732.2000
2018-11-06,25747.4000,25860.7500,25558.3500,25598.0000
2018-11-07,25818.1000,25824.4000,25698.1000,25737.5000
2018-11-09,27295.2000,27318.4500,26772.2500,26807.5000
2018-11-10,24541.7500,24940.1000,24493.7000,24783.9500
2018-11-12,25816.1500,25907.2000,25495.1000,25539.7500
2018-11-13,25422.0000,25796.5000,25384.5500,25768.6000
2018-11-14,25952.4000,26045.0500,25806.7000,25930.1500
2018-11-15,25946.2000,26197.6000,25728.0000,26154.7500
2018-11-16,26205.3500,26332.7500,26122.5500,26245.5500
2018-11-19,26364.6000,26379.1000,26204.3500,26300.7000
2018-11-20,26211.5000,26259.4000,26041.8000,26113.3500
2018-11-21,26105.4500,26342.0500,26060.5500,26262.0500
2018-11-22,26233.6500,26323.9500,25947.8500,25999.4500
2018-11-26,26096.0000,26396.6000,26025.0500,26365.6000
2018-11-27,26286.1000,26491.2500,26268.6500,26443.1000
2018-11-28,26489.6500,26584.9500,26419.6500,26457.9500
2018-11-29,26641.6000,27003.7500,26577.1500,26939.6000
2018-11-30,27009.3000,27012.7000,26764.9000,26862.9500
2018-12-01,25732.4000,25775.1500,25557.6000,25749.0500
2018-12-02,25530.1000,25757.8500,25485.4000,25701.6000
2018-12-03,27032.9000,27037.1000,26791.6500,26857.5500
2018-12-04,26809.5000,26843.8000,26644.7500,26693.8000
2018-12-05,26572.1000,26627.3500,26443.6500,26519.6000
2018-12-06,26566.6000,26656.4500,26449.8500,26607.1000
2018-12-07,26307.4000,26659.7000,26252.1000,26594.3000
2018-12-09,26895.1500,26895.1500,26555.1500,26819.2000
2018-12-10,26073.6500,26336.2000,26072.0000,26102.6500
2018-12-11,25602.2500,26227.9000,25598.9500,26163.4000
2018-12-12,26286.2500,26672.7000,26214.7500,26643.8500
2018-12-13,26844.1500,26951.4500,26723.6500,26816.3500
2018-12-14,26810.8500,26909.0000,26732.7000,26826.0000
2018-12-17,26915.4500,27051.4000,26908.6000,27015.8000
2018-12-18,26917.3000,27210.0500,26840.8000,27174.7000
2018-12-19,27229.0500,27364.3500,27214.3000,27298.4000
2018-12-20,27128.6500,27309.1000,27084.5000,27275.1000
2018-12-21,27261.2500,27369.1000,26823.1000,26869.6500
2018-12-24,26877.0500,26934.8500,26676.9500,26714.7500
2018-12-26,26634.0000,27029.1500,26408.1500,26986.8000
2018-12-27,27200.6500,27239.9500,26845.1000,26878.5500
2018-12-28,27048.4000,27213.4500,27039.6000,27125.2500
2018-12-31,27267.8000,27286.5000,27105.0000,27160.2000
2019-01-01,27231.4000,27430.5500,27019.0500,27392.4000
2019-01-02,27297.0000,27397.5500,27077.6000,27174.7000
2019-01-03,27181.6000,27206.2000,26923.7500,26959.8500
2019-01-04,30537.6000,30648.1000,30218.3500,30326.5000
2019-01-07,31271.0000,31450.3500,31246.4500,31372.2000
2019-01-08,28660.5000,28819.7000,28047.3500,28367.2500
2019-01-09,27651.2500,27754.4500,27409.5000,27720.4000
2019-01-10,29226.1500,29526.4000,28077.3500,28725.5000
2019-01-11,27602.8000,27612.4500,27382.4500,27453.9000
2019-01-14,27389.2000,27389.8000,27182.2000,27248.2500
2019-01-15,27317.5500,27447.5500,27317.1000,27400.7500
2019-01-16,27405.6500,27554.7500,27403.0500,27483.7000
2019-01-17,27568.6000,27611.5500,27335.1500,27528.7500
2019-01-18,27550.0500,27576.4500,27410.6500,27456.7000
2019-01-21,27514.5500,27622.2000,27388.5000,27533.6000
2019-01-22,27526.5500,27533.3500,27385.4000,27482.2500
2019-01-23,27493.1000,27564.7000,27189.6000,27250.7500
2019-01-24,27273.5000,27342.3500,27142.8000,27266.4000
2019-01-25,27261.4500,27433.5500,27045.2000,27115.3000
2019-01-28,27041.4500,27134.2000,26587.9500,26653.0500
2019-01-29,26616.2500,26743.8500,26441.5500,26573.4000
2019-01-30,26789.7500,26916.2500,26693.7000,26825.5000
2019-01-31,26969.1500,27325.0500,26891.0500,27295.4500
2019-02-01,27334.5500,27533.0500,26930.4500,27085.9500
2019-02-04,30450.1000,30452.9000,30155.8500,30354.2500
2019-02-05,29699.8000,29919.3500,29638.8000,29708.6000
2019-02-06,27326.2000,27428.6500,27294.1000,27402.3500
2019-02-07,31414.6500,31431.3500,31105.1000,31283.3000
2019-02-08,28224.2500,28544.5500,27936.3500,28204.9500
2019-02-11,27240.5000,27305.9000,27151.5500,27227.8000
2019-02-12,27166.9000,27286.6500,26988.9000,27010.7500
2019-02-13,27068.8500,27108.0000,26839.0500,26885.4000
2019-02-14,26978.0000,27030.0000,26818.0500,26970.6000
2019-02-15,27017.2000,27029.9500,26635.2500,26794.2500
2019-02-18,26754.6000,26829.9500,26617.7000,26654.2500
2019-02-19,26666.5500,26996.4500,26625.6000,26684.8500
2019-02-20,26786.0000,26985.5000,26732.6500,26955.5000
2019-02-21,26994.7500,27100.9000,26973.0000,27052.4000
2019-02-22,26960.0500,26997.3500,26847.8000,26867.5500
2019-02-25,26934.2000,27197.1000,26932.6500,27159.2500
2019-02-26,26853.8000,27127.2500,26736.6000,26952.9500
2019-02-27,27078.1000,27189.4500,26719.4000,26799.3000
2019-02-28,26878.0000,26920.5000,26762.5500,26789.9000
2019-03-01,27181.6000,27206.2000,26923.7500,26959.8500
2019-03-04,30440.8500,30602.5500,30036.2500,30093.3000
2019-03-05,27068.1500,27580.7500,26958.1000,27554.0500
2019-03-06,27618.1000,27681.6500,27492.0500,27625.6500
2019-03-07,31347.7000,31467.1500,31238.5000,31382.3000
2019-03-08,27686.1500,27811.3500,27645.4000,27761.8000
2019-03-09,27239.2000,27247.0500,26742.6000,26824.1500
2019-03-10,28606.7000,28769.1000,28240.8000,28414.1000
2019-03-11,27840.1000,28035.6000,27791.2500,27966.6500
2019-03-12,28168.2000,28488.1000,28142.2500,28443.7000
2019-03-13,28480.3000,28927.7000,28353.6500,28884.3000
2019-03-14,29028.9000,29070.3500,28819.7500,28923.1000
2019-03-15,29007.0000,29520.7000,28990.8500,29381.4500
2019-03-18,29521.6000,29812.0000,29361.6500,29596.1000
2019-03-19,29702.6000,29799.7500,29547.7000,29767.8500
2019-03-20,29769.6500,29885.2000,29633.5000,29832.2000
2019-03-22,29920.7500,30008.1000,29508.7000,29582.5000
2019-03-25,29329.4000,29329.4000,29156.2500,29281.2000
2019-03-26,29300.4000,29950.1500,29278.5000,29882.1500
2019-03-27,30034.1500,30262.5500,29790.2500,30019.8000
2019-03-28,30064.8000,30496.0500,29969.1000,30420.5500
2019-03-29,30480.3500,30499.1500,30235.9000,30426.8000
2019-04-01,30537.6000,30648.1000,30218.3500,30326.5000
2019-04-02,30450.1000,30452.9000,30155.8500,30354.2500
2019-04-03,30440.8500,30602.5500,30036.2500,30093.3000
2019-04-04,30147.3000,30245.7000,29809.9000,29904.9000
2019-04-05,30002.8500,30174.0000,29850.0000,30084.6500
2019-04-06,31532.9000,31752.7000,31512.9500,31589.0500
2019-04-07,31471.0000,31608.3500,31428.0500,31471.8500
2019-04-08,30201.5000,30232.0500,29716.6000,29845.3000
2019-04-09,26785.9500,27278.7000,26641.3500,27123.8500
2019-04-10,29916.6000,30155.7500,29768.1000,29803.5000
2019-04-11,29841.8500,29852.2500,29640.2500,29786.1000
2019-04-12,31549.3000,32017.7500,31444.0000,31979.3000
2019-04-15,29983.5000,30163.1000,29919.1000,30104.2500
2019-04-16,30236.2500,30590.9500,30228.2000,30531.3500
2019-04-18,30656.5000,30669.8000,30142.2000,30223.4000
2019-04-22,30282.5000,30289.9000,29647.5500,29687.9500
2019-04-23,29761.9500,29906.5000,29455.4500,29479.7000
2019-04-24,29550.5000,29914.8500,29435.0500,29860.8000
2019-04-25,29927.0500,30057.7000,29511.9500,29561.3500
2019-04-26,29764.8500,30048.2000,29563.1500,30013.5000
2019-04-30,29920.4000,29920.4000,29550.0500,29764.8000
2019-05-02,27226.0500,27348.2500,27153.2000,27271.7000
2019-05-03,27068.1500,27580.7500,26958.1000,27554.0500
2019-05-04,30002.8500,30174.0000,29850.0000,30084.6500
2019-05-06,29626.5000,29757.4000,29528.6000,29618.4500
2019-05-07,31523.0500,31660.7500,31323.2500,31475.8000
2019-05-08,29261.3000,29261.3000,28951.3500,28994.4000
2019-05-09,28893.9500,29040.3000,28784.6500,28884.6000
2019-05-10,28927.6000,29202.8500,28900.1000,29040.5000
2019-05-11,30403.2500,30452.7000,30091.3500,30219.8500
2019-05-12,32083.8000,32126.9500,31628.3000,31712.9500
2019-05-13,29026.6500,29049.0500,28621.1000,28659.9500
2019-05-14,28718.7500,29058.3000,28582.6000,28829.2000
2019-05-15,28925.4500,28983.1500,28555.1500,28616.4500
2019-05-16,28625.9000,28947.6000,28525.4500,28855.3000
2019-05-17,28881.4000,29559.4500,28856.0000,29450.1500
2019-05-20,30230.4000,30827.8500,30111.2000,30759.7000
2019-05-21,30862.1000,30926.7000,30265.1000,30308.4000
2019-05-22,30410.6500,30675.1000,30268.6000,30526.8000
2019-05-23,30962.8000,31705.0000,30292.3500,30409.1000
2019-05-24,30685.5000,31275.4000,30564.4000,31212.5500
2019-05-27,31234.9000,31700.7500,31142.5000,31647.6500
2019-05-28,31711.3000,31712.4000,31328.6000,31597.9000
2019-05-29,31459.2500,31546.7500,31257.9000,31295.5500
2019-05-30,31256.8500,31619.2500,31236.1000,31537.1000
2019-05-31,31678.9000,31783.6000,30623.0500,31375.4000
2019-06-02,27326.2000,27428.6500,27294.1000,27402.3500
2019-06-03,27618.1000,27681.6500,27492.0500,27625.6500
2019-06-04,31532.9000,31752.7000,31512.9500,31589.0500
2019-06-05,29626.5000,29757.4000,29528.6000,29618.4500
2019-06-06,31523.9500,31541.5000,30800.8000,30857.4000
2019-06-07,30943.1500,31139.6000,30627.0500,31066.5500
2019-06-08,27518.5000,28148.4000,27503.9000,28022.1000
2019-06-09,26986.5000,27311.0500,26950.5500,27247.9000
2019-06-10,31259.2000,31367.4000,30861.3000,31034.0000
2019-06-11,31172.2500,31399.3500,30973.3500,31265.4500
2019-06-12,31797.1500,31883.7000,31250.6500,31341.5500
2019-06-13,30876.7500,31036.9000,30638.2500,30976.1000
2019-06-14,30983.4500,31032.6500,30508.9500,30614.3500
2019-06-17,30652.0000,30684.0500,30249.4000,30273.2500
2019-06-18,30299.4500,30550.6500,30222.8500,30351.0000
2019-06-19,30526.5000,30699.1500,30242.0000,30362.1000
2019-06-20,30390.2000,30824.5500,30220.7000,30781.1000
2019-06-21,30804.9500,30804.9500,30541.5000,30628.3500
2019-06-24,30680.9500,30783.6500,30528.0000,30602.0500
2019-06-25,30567.6500,30913.2500,30451.4000,30847.0500
2019-06-26,30809.2000,31202.7000,30766.6500,31162.3500
2019-06-27,31192.1000,31490.6000,31158.8000,31269.5000
2019-06-28,31281.0000,31308.9000,31060.6000,31105.2000
2019-07-01,31271.0000,31450.3500,31246.4500,31372.2000
2019-07-02,31414.6500,31431.3500,31105.1000,31283.3000
2019-07-03,31347.7000,31467.1500,31238.5000,31382.3000
2019-07-04,31471.0000,31608.3500,31428.0500,31471.8500
2019-07-05,31523.0500,31660.7500,31323.2500,31475.8000
2019-07-06,30943.1500,31139.6000,30627.0500,31066.5500
2019-07-08,31346.8500,31370.4000,30536.7500,30603.8500
2019-07-09,30533.4000,30702.1000,30346.7000,30569.1500
2019-07-10,30618.0500,30728.3500,30428.6000,30522.1000
2019-07-11,30722.6000,30821.3500,30462.5500,30633.1500
2019-07-12,30789.7500,30870.9500,30548.3000,30601.4500
2019-07-15,30688.8500,30695.7000,30334.2000,30445.9500
2019-07-16,30532.6500,30635.0000,30429.9000,30570.8000
2019-07-17,30622.2500,30799.7000,30568.3000,30735.5000
2019-07-18,30705.8000,30769.3500,30378.6000,30430.6000
2019-07-19,30515.1000,30543.7500,29705.7500,29770.3500
2019-07-22,29617.0500,29635.1500,29194.1000,29284.9500
2019-07-23,29342.4500,29365.8000,29078.1500,29128.1000
2019-07-24,29085.4500,29252.4000,28871.0000,28952.2500
2019-07-25,28981.0500,29240.8000,28931.0500,29043.0500
2019-07-26,29062.5000,29379.1000,28994.5000,29325.3000
2019-07-29,29583.4500,29592.9500,29104.8500,29295.9000
2019-07-30,29434.8500,29530.3000,28737.8000,28791.6000
2019-07-31,28575.4500,28979.7500,28529.7500,28876.0000
2019-08-01,27301.9000,27542.4000,27161.9500,27509.5000
2019-08-02,27302.6500,27482.1000,27221.2500,27294.4000
2019-08-03,27686.1500,27811.3500,27645.4000,27761.8000
2019-08-04,30201.5000,30232.0500,29716.6000,29845.3000
2019-08-05,27841.2000,27866.5500,27389.5000,27648.0500
2019-08-06,27518.5000,28148.4000,27503.9000,28022.1000
2019-08-07,31346.8500,31370.4000,30536.7500,30603.8500
2019-08-08,27840.1000,28227.5500,27531.0500,28110.4500
2019-08-09,28293.6500,28602.7500,28251.7500,28431.9000
2019-08-11,30571.3000,31108.4000,30504.0500,30749.4000
2019-08-13,28356.8000,28358.8500,27683.5000,27729.1000
2019-08-14,27885.5000,28107.0500,27726.6500,28019.2000
2019-08-16,27920.3000,28251.0500,27720.9500,28217.0000
2019-08-19,28331.2500,28468.9000,28146.5000,28186.1000
2019-08-20,28163.5500,28215.4000,27839.6500,27982.4500
2019-08-21,28021.0000,28098.9000,27666.2000,27719.0500
2019-08-22,27690.0500,27690.0500,26975.5500,27034.2000
2019-08-23,26835.3500,27207.3000,26560.6000,26958.6500
2019-08-26,27663.9500,27995.2500,26859.3500,27951.3500
2019-08-27,28106.3000,28277.7000,27960.8000,28126.1500
2019-08-28,28080.2500,28095.5500,27634.6500,27804.3000
2019-08-29,27694.9500,27719.0500,27239.9500,27305.2000
2019-08-30,27407.9000,27586.5000,27121.9500,27427.8500
2019-09-01,27651.2500,27754.4500,27409.5000,27720.4000
2019-09-03,27239.2000,27247.0500,26742.6000,26824.1500
2019-09-04,29901.5000,30165.0500,29703.5500,30113.8500
2019-09-05,28893.9500,29040.3000,28784.6500,28884.6000
2019-09-06,26986.5000,27311.0500,26950.5500,27247.9000
2019-09-07,30533.4000,30702.1000,30346.7000,30569.1500
2019-09-08,28293.6500,28602.7500,28251.7500,28431.9000
2019-09-09,27240.3500,27565.5500,26993.9000,27504.6500
2019-09-10,27901.6500,28857.7000,27702.0500,28785.8500
2019-09-11,27639.0500,27829.6500,27551.6500,27776.2000
2019-09-12,31321.4000,31537.6500,31122.0500,31316.6500
2019-09-13,27772.0000,28126.8500,27573.4500,28098.7500
2019-09-16,27868.0000,28066.7000,27798.8500,27855.0000
2019-09-17,27765.1000,27851.4000,27047.9500,27131.7500
2019-09-18,27304.7000,27414.4500,27088.8000,27172.6500
2019-09-19,27175.4500,27175.4500,26643.0000,26757.6500
2019-09-20,26878.6500,29418.9500,26727.5500,28981.5500
2019-09-23,30039.4000,30801.3000,29776.3000,30566.2000
2019-09-24,30432.0000,30668.1000,29889.5500,30183.1000
2019-09-25,30029.0500,30067.6000,29470.1000,29586.0500
2019-09-26,29640.5500,30718.3500,29627.0000,30002.6000
2019-09-27,29974.9500,30112.6500,29711.3500,29876.6500
2019-09-30,29674.8000,29754.4000,28943.4500,29103.1500
2019-10-01,27713.5500,27713.5500,27488.2000,27528.5500
2019-10-03,28606.7000,28769.1000,28240.8000,28414.1000
2019-10-04,29916.6000,30155.7500,29768.1000,29803.5000
2019-10-05,28927.6000,29202.8500,28900.1000,29040.5000
2019-10-06,31259.2000,31367.4000,30861.3000,31034.0000
2019-10-07,27909.9000,28185.1500,27568.3500,27767.5500
2019-10-09,27901.6500,28857.7000,27702.0500,28785.8500
2019-10-10,28542.9500,28552.7500,27914.1500,28013.4500
2019-10-11,28245.5500,28604.0500,27736.8000,28042.5000
2019-10-12,31386.4000,31412.8000,31126.0000,31160.3500
2019-10-14,28238.5000,28553.4000,28043.2500,28181.9500
2019-10-15,28257.8500,28694.8500,28186.2500,28555.1000
2019-10-16,28689.4500,28759.3500,28305.4000,28538.8000
2019-10-17,28596.3500,29049.0500,28487.9500,28989.4500
2019-10-18,28954.8000,29249.5000,28864.1000,29120.2500
2019-10-22,29416.2500,29690.0000,29231.2000,29411.1500
2019-10-23,29478.8500,29643.8000,29214.0500,29459.6000
2019-10-24,29604.3500,29693.2500,28994.2000,29107.9500
2019-10-25,29228.6500,29452.1000,28923.8000,29395.9500
2019-10-27,29605.4000,29644.4500,29446.8000,29516.3000
2019-10-29,29527.6000,29997.6500,29385.4500,29873.0500
2019-10-30,30005.7000,30151.1000,29753.0000,29987.5000
2019-10-31,30168.6500,30415.6500,29987.1500,30066.2500
2019-11-01,27602.8000,27612.4500,27382.4500,27453.9000
2019-11-02,27240.5000,27305.9000,27151.5500,27227.8000
2019-11-03,27840.1000,28035.6000,27791.2500,27966.6500
2019-11-04,29841.8500,29852.2500,29640.2500,29786.1000
2019-11-05,30403.2500,30452.7000,30091.3500,30219.8500
2019-11-06,31172.2500,31399.3500,30973.3500,31265.4500
2019-11-07,30722.6000,30821.3500,30462.5500,30633.1500
2019-11-08,30571.3000,31108.4000,30504.0500,30749.4000
2019-11-09,27639.0500,27829.6500,27551.6500,27776.2000
2019-11-10,28245.5500,28604.0500,27736.8000,28042.5000
2019-11-11,30664.6500,31205.2000,30625.8000,31115.5500
2019-11-12,31151.6500,31337.8500,30996.4000,31256.7500
2019-11-13,31084.7500,31198.5000,30488.1000,30541.5500
2019-11-14,30615.8000,30789.2000,30338.3500,30749.9500
2019-11-15,30912.4000,31165.4500,30860.7000,31008.4000
2019-11-18,31036.8000,31203.5500,30901.8500,30992.1000
2019-11-19,31045.1500,31298.0500,30974.3000,31236.2500
2019-11-20,31292.3500,31471.6500,31205.5500,31353.8500
2019-11-21,31413.2500,31463.1500,31243.0000,31349.9500
2019-11-22,31389.6000,31394.2000,31055.2000,31111.6000
2019-11-25,31065.1000,31591.6000,31049.7500,31555.9000
2019-11-26,31692.8500,31850.3500,31465.8500,31718.3500
2019-11-27,31832.7500,31916.8000,31734.5000,31875.9500
2019-11-28,31981.7000,32157.0500,31905.9000,32122.9500
2019-11-29,32074.1500,32086.9500,31770.8000,31946.1000
2019-12-02,32008.3000,32024.1000,31720.6000,31871.4500
2019-12-03,28168.2000,28488.1000,28142.2500,28443.7000
2019-12-04,31549.3000,32017.7500,31444.0000,31979.3000
2019-12-05,32083.8000,32126.9500,31628.3000,31712.9500
2019-12-06,31219.3000,31222.3000,30911.4500,30965.7000
2019-12-07,30789.7500,30870.9500,30548.3000,30601.4500
2019-12-09,31321.4000,31537.6500,31122.0500,31316.6500
2019-12-10,31386.4000,31412.8000,31126.0000,31160.3500
2019-12-11,31151.6500,31337.8500,30996.4000,31256.7500
2019-12-12,31356.8000,31711.4500,31352.1000,31665.4500
2019-12-13,31775.5500,32105.0500,31770.5000,32014.2500
2019-12-16,32159.0000,32186.9500,31897.7500,31974.2000
2019-12-17,32082.4000,32213.3500,31987.3500,32140.2500
2019-12-18,32292.2500,32293.6500,32017.3000,32244.2500
2019-12-19,32281.6500,32328.3500,32085.0500,32241.4500
2019-12-20,32266.8500,32443.3500,32199.4500,32384.9500
2019-12-23,32381.0000,32502.8000,32196.8500,32339.4500
2019-12-24,32337.8000,32390.3500,32246.0500,32280.7500
2019-12-26,32276.1500,32314.6000,31963.2500,31997.7000
2019-12-27,32142.5000,32444.8500,32056.2500,32412.3500
2019-12-30,32486.6000,32613.1000,32248.5000,32354.9000
2019-12-31,32345.9500,32345.9500,32108.7500,32161.6500
2020-01-01,32237.9000,32348.0000,32057.2000,32102.9000
2020-01-02,32133.1500,32465.4500,32121.4000,32443.8500
2020-01-03,32326.9500,32329.8000,31960.4000,32069.2500
2020-01-04,19122.4000,19154.7500,18042.2500,18208.3500
2020-01-06,31910.4500,31914.4500,31170.5500,31237.1500
2020-01-07,21354.1000,22061.6000,21281.8500,21977.6000
2020-01-08,30995.5000,31451.8500,30899.5500,31373.6500
2020-01-09,23893.8000,24199.6500,23473.1500,23812.0000
2020-01-10,32215.7000,32347.2000,31953.4000,32097.4000
2020-01-12,29844.8000,29919.7500,29511.0000,29817.8500
2020-01-13,32139.1000,32322.6500,32074.0500,32177.6500
2020-01-14,32196.4500,32196.4500,31989.2000,32071.6500
2020-01-15,31994.7500,32000.9000,31670.3500,31824.9000
2020-01-16,31810.5500,31988.9000,31692.4000,31853.9000
2020-01-17,31571.6500,31773.5500,31445.5000,31590.6500
2020-01-20,31923.9500,31923.9500,31050.9500,31080.6500
2020-01-21,30978.8500,31171.2500,30858.6000,30947.5500
2020-01-22,31061.6000,31149.0500,30614.0000,30701.4500
2020-01-23,30742.2000,31087.2500,30621.3500,31004.0500
2020-01-24,31040.1000,31375.4500,30879.0500,31241.7500
2020-01-27,31110.5500,31227.0500,30808.5500,30837.4000
2020-01-28,30922.0000,31048.4500,30656.3500,30761.4000
2020-01-29,30915.1000,31082.8500,30835.8000,30877.0000
2020-01-30,30889.2500,30909.5000,30521.3000,30647.4000
2020-01-31,30950.5000,31033.4500,30691.8000,30833.6000
2020-02-01,32133.1500,32465.4500,32121.4000,32443.8500
2020-02-03,29811.7500,30105.8000,29612.5500,30023.2500
2020-02-04,30235.3000,30776.9500,30182.4500,30686.7000
2020-02-05,30761.9500,31065.8500,30630.8500,31001.9500
2020-02-06,20120.6000,20615.7500,19852.5500,20530.2000
2020-02-07,31367.0500,31368.2000,31111.0500,31201.9500
2020-02-09,23769.0000,23926.1500,23482.5500,23874.5500
2020-02-10,31248.6500,31248.8000,30957.2000,31058.1500
2020-02-11,24367.6000,25139.0000,24120.6000,24892.5000
2020-02-12,31441.1500,31588.6000,31398.1500,31492.9000
2020-02-13,31586.5500,31649.4500,31180.6000,31230.2500
2020-02-14,31281.8500,31436.6500,30776.1000,30834.8000
2020-02-17,30873.8500,30998.1500,30630.5000,30680.7000
2020-02-18,30661.5000,30692.7500,30252.4500,30562.5000
2020-02-19,30905.0000,30947.1500,30606.1500,30838.2000
2020-02-20,30862.3000,31085.3000,30702.4500,30942.8500
2020-02-24,30666.3500,30702.1500,30428.0000,30455.1000
2020-02-25,30517.0000,30610.7000,30329.9500,30432.7000
2020-02-26,30279.9500,30515.3500,30131.7500,30306.8500
2020-02-27,30270.0000,30271.9500,29914.1500,30187.0000
2020-02-28,29501.5500,29564.1000,29051.5000,29147.1500
2020-03-01,32326.9500,32329.8000,31960.4000,32069.2500
2020-03-02,29811.7500,30105.8000,29612.5500,30023.2500
2020-03-03,29012.5500,29285.3500,28749.5500,29177.0500
2020-03-04,18325.0500,18326.1000,17143.2000,17249.3000
2020-03-05,28830.3000,29134.3000,28535.6000,28815.3500
2020-03-06,20966.6000,21619.5500,20822.0000,20940.7000
2020-03-07,22101.7500,22130.3000,21768.0000,21852.4000
2020-03-08,21543.8000,21543.8000,21031.4500,21072.1000
2020-03-09,23986.1500,24051.6000,23451.6500,23530.8500
2020-03-11,26272.7500,26791.4500,26234.1000,26487.8000
2020-03-12,25175.9000,25223.1000,23536.3500,23971.1500
2020-03-13,22720.7500,25670.7500,21351.7000,25166.4500
2020-03-16,24061.6000,24074.1500,23008.2500,23101.1500
2020-03-17,23348.0500,23449.5000,22002.0000,22155.1500
2020-03-18,22411.8500,22544.0500,20267.9500,20580.2000
2020-03-19,19428.9500,21035.0500,18675.6500,20083.5000
2020-03-20,19898.3000,20924.5500,19265.0000,20317.6000
2020-03-23,18311.3000,18895.6500,16791.0500,16917.6500
2020-03-24,17705.8500,17841.4000,16116.2500,17107.3000
2020-03-25,16759.9500,18740.2000,16635.5000,18481.0500
2020-03-26,18781.8500,20409.3500,18364.5000,19613.9000
2020-03-27,20801.6000,21462.4000,19580.1000,19969.0000
2020-03-30,19254.4500,19716.2500,18668.7000,18782.4000
2020-03-31,19307.6500,19466.3000,18792.4000,19144.0000
2020-04-01,19122.4000,19154.7500,18042.2500,18208.3500
2020-04-02,30235.3000,30776.9500,30182.4500,30686.7000
2020-04-03,18325.0500,18326.1000,17143.2000,17249.3000
2020-04-05,20514.7500,20530.4500,19643.6000,19743.7500
2020-04-06,20932.3500,21141.8000,20316.2000,20390.4500
2020-04-07,18454.5500,19190.5500,17953.7500,19062.5000
2020-04-08,18799.4000,20324.1000,18482.9000,18946.4500
2020-04-09,19553.1500,19988.3000,19166.9000,19913.6000
2020-04-11,25539.5500,25891.0000,25142.0000,25771.6000
2020-04-12,29573.4000,30162.3000,29473.5000,30052.4000
2020-04-13,19854.9000,19887.0500,19294.0000,19488.0000
2020-04-15,20096.3500,20184.1000,18776.7500,19057.0500
2020-04-16,18957.1500,19520.3000,18703.4500,19400.0000
2020-04-17,20394.7500,20866.5500,19729.3000,20681.4500
2020-04-20,21104.7000,21122.1000,20444.2500,20522.6500
2020-04-21,19812.0500,19891.4500,19247.9500,19409.3500
2020-04-22,19306.9500,19806.3500,19051.9500,19701.8500
2020-04-23,19871.3500,20356.5000,19584.4000,20267.9500
2020-04-24,19697.6500,19950.1500,19515.4000,19586.6500
2020-04-27,19870.8000,20224.7500,19847.6500,20081.1500
2020-04-28,20436.6000,20751.3000,20260.8000,20671.1000
2020-04-29,20440.4000,21348.1500,20393.6500,21090.2000
2020-04-30,21589.2000,21967.0000,21353.6500,21534.5000
2020-05-02,30761.9500,31065.8500,30630.8500,31001.9500
2020-05-03,28830.3000,29134.3000,28535.6000,28815.3500
2020-05-04,20514.7500,20530.4500,19643.6000,19743.7500
2020-05-05,20147.3000,20223.1500,19212.3500,19271.7500
2020-05-06,20516.4000,21198.7000,20425.0500,21034.5000
2020-05-07,19536.0500,19757.2500,19332.1500,19491.8000
2020-05-08,19844.0000,19969.6000,19285.0500,19352.9000
2020-05-10,22352.1000,22768.5500,22247.2500,22370.9500
2020-05-11,19610.4500,19733.4000,18900.9000,18950.5000
2020-05-12,18751.4000,18993.4000,18287.0000,18862.8500
2020-05-13,20017.7500,20122.2500,19429.9000,19634.9500
2020-05-14,19197.7000,19380.1000,19024.7500,19068.5000
2020-05-15,19098.8000,19119.1000,18683.6500,18833.9500
2020-05-18,18795.1000,18795.1000,17514.2000,17573.2000
2020-05-19,18037.1500,18175.3000,17390.6500,17486.2500
2020-05-20,17486.5000,18002.6500,17407.7000,17840.2000
2020-05-21,17901.9500,18200.7000,17658.5500,17735.1000
2020-05-22,17554.2500,17952.2500,17105.0000,17278.9000
2020-05-26,17537.6500,17681.7000,17311.2500,17440.3500
2020-05-27,17603.4000,18874.2500,17560.3500,18710.5500
2020-05-28,18924.4500,19455.5500,18818.9500,19169.8000
2020-05-29,18962.0000,19358.0500,18729.9000,19297.2500
2020-06-01,19728.9000,20225.3500,19632.9000,19959.9000
2020-06-02,20120.6000,20615.7500,19852.5500,20530.2000
2020-06-03,20966.6000,21619.5500,20822.0000,20940.7000
2020-06-04,20932.3500,21141.8000,20316.2000,20390.4500
2020-06-05,19302.4500,19806.6000,18941.0000,19694.5500
2020-06-07,22270.9500,22399.2500,22171.0500,22198.9500
2020-06-08,21636.1000,21807.4000,20911.2500,21187.3500
2020-06-09,21295.5000,21568.8500,20629.7000,20724.9000
2020-06-10,20760.9500,21251.4500,20671.5500,21100.1000
2020-06-11,21084.7000,21244.4500,20458.3000,20525.1500
2020-06-12,19529.3000,20747.7000,19526.1000,20654.5500
2020-06-15,20457.1500,20470.8500,19740.2000,19912.9000
2020-06-16,20500.6500,20638.8500,19507.0500,20296.7000
2020-06-17,20137.4500,20627.9000,19978.1500,20201.7500
2020-06-18,20137.6000,21028.3500,20030.3500,20956.3000
2020-06-19,20970.1000,21467.6500,20878.2500,21338.1000
2020-06-22,21491.5500,22078.2500,21425.5500,21708.3500
2020-06-23,21859.2500,22322.3000,21647.8000,22264.9000
2020-06-24,22479.3500,22479.5500,21336.3500,21426.8000
2020-06-25,21218.0500,21703.5000,20926.4500,21506.1500
2020-06-26,21735.0500,21784.6500,21320.1000,21592.0500
2020-06-29,21291.5500,21440.0500,21026.4500,21359.0000
2020-06-30,21524.3000,21650.5000,21212.0000,21370.1500
2020-07-01,31598.0500,31851.4500,31200.9000,31399.4000
2020-07-02,22133.8000,22344.8500,21890.5000,21953.2000
2020-07-03,22101.7500,22130.3000,21768.0000,21852.4000
2020-07-04,18454.5500,19190.5500,17953.7500,19062.5000
2020-07-05,19536.0500,19757.2500,19332.1500,19491.8000
2020-07-06,22270.9500,22399.2500,22171.0500,22198.9500
2020-07-07,22254.3000,22674.5000,22040.3500,22628.0000
2020-07-08,22700.9000,23080.6000,22499.5000,22584.6500
2020-07-09,23036.2500,23109.1000,22716.2500,22945.0500
2020-07-10,22720.9500,22835.2000,22320.0500,22398.4500
2020-07-12,30062.6000,30354.2000,29950.6000,30211.5500
2020-07-13,22613.2500,22657.4000,21981.6500,22089.2500
2020-07-14,21877.6000,21909.7000,21222.4500,21392.2000
2020-07-15,21634.2500,21935.5000,21230.5500,21340.7500
2020-07-16,21453.2500,21671.2500,21027.8500,21597.1500
2020-07-17,21608.0500,22065.0000,21550.8000,21966.8000
2020-07-20,22307.3000,22520.4500,22187.8000,22321.8500
2020-07-21,22639.8500,22861.9000,22597.9500,22782.0000
2020-07-22,23159.0000,23211.3500,22658.2000,22882.6000
2020-07-23,22854.8500,23122.3500,22734.9000,23083.9000
2020-07-24,22853.2000,22854.0500,22417.2000,22662.0500
2020-07-27,22664.6000,22668.0500,21801.3500,21848.7500
2020-07-28,21940.1500,22233.0000,21611.4000,22105.2000
2020-07-29,22075.0000,22346.4000,21906.3500,22076.6000
2020-07-30,22195.0500,22252.6000,21580.1500,21646.8500
2020-07-31,21730.5500,21806.9500,21375.0000,21640.0500
2020-08-01,30995.5000,31451.8500,30899.5500,31373.6500
2020-08-03,21543.8000,21543.8000,21031.4500,21072.1000
2020-08-04,21248.2500,21576.3500,21057.7500,21490.5000
2020-08-05,19844.0000,19969.6000,19285.0500,19352.9000
2020-08-06,21636.1000,21807.4000,20911.2500,21187.3500
2020-08-07,22700.9000,23080.6000,22499.5000,22584.6500
2020-08-09,22971.2000,23064.1500,22641.4000,22744.4000
2020-08-10,23150.2500,23450.9000,23063.6000,23191.3500
2020-08-11,22050.2000,22277.6000,22039.8500,22227.2000
2020-08-12,30300.3000,30363.8000,30025.2000,30261.9000
2020-08-13,22395.2000,22439.9500,22139.6000,22196.3500
2020-08-14,22334.9500,22334.9500,21459.1000,21679.4000
2020-08-17,21906.9500,21909.4000,21403.1500,21700.8500
2020-08-18,21702.0000,22227.7500,21629.4000,22170.6000
2020-08-19,22315.4000,22419.3500,22234.2500,22285.9000
2020-08-20,21989.9000,22079.9000,21886.7000,21999.4500
2020-08-21,22190.7000,22344.0500,22165.0500,22299.6000
2020-08-24,22436.8500,22897.5000,22410.0500,22833.0000
2020-08-25,22973.4000,23180.3000,22857.9000,23092.1500
2020-08-26,23175.5500,23453.4000,23093.1500,23414.2000
2020-08-27,23511.4500,23704.0500,23464.1500,23600.3500
2020-08-28,23635.3000,24611.8000,23599.2000,24523.8000
2020-08-31,25038.8000,25232.6000,23385.3000,23754.3500
2020-09-01,23893.8000,24199.6500,23473.1500,23812.0000
2020-09-02,23769.0000,23926.1500,23482.5500,23874.5500
2020-09-03,23986.1500,24051.6000,23451.6500,23530.8500
2020-09-04,23119.1500,23394.8000,22876.9000,23011.5000
2020-09-06,21295.5000,21568.8500,20629.7000,20724.9000
2020-09-07,22753.1500,22998.3000,22673.4000,22907.2000
2020-09-08,22971.2000,23064.1500,22641.4000,22744.4000
2020-09-09,22486.7000,22554.6000,22080.4000,22267.0000
2020-09-10,22466.5500,22678.6500,22225.2500,22466.2000
2020-09-11,27088.9500,27595.0000,27068.9500,27534.1000
2020-09-12,30335.0500,30807.2500,30326.7000,30709.4000
2020-09-14,22683.3500,22757.3000,22028.1500,22101.2500
2020-09-15,22202.8000,22514.1500,22062.3500,22465.6500
2020-09-16,22476.3000,22659.4000,22216.5000,22573.5500
2020-09-17,22352.0000,22504.4500,22267.0500,22320.3500
2020-09-18,22439.3500,22469.4000,21784.9000,22031.0500
2020-09-21,21983.4000,22098.8500,21274.3000,21366.8000
2020-09-22,21445.2500,21473.3500,20958.4500,21139.1000
2020-09-23,21350.8000,21365.0500,20821.0000,21178.5000
2020-09-24,20898.8000,20955.6000,20404.9000,20456.8500
2020-09-25,20740.8000,21064.3000,20430.7000,20982.3500
2020-09-28,21152.0500,21708.8500,21055.1000,21665.5000
2020-09-29,21770.9000,21811.5000,21280.6000,21411.3000
2020-09-30,21405.2500,21549.3500,21128.5000,21451.8000
2020-10-01,32215.7000,32347.2000,31953.4000,32097.4000
2020-10-02,31248.6500,31248.8000,30957.2000,31058.1500
2020-10-05,22352.1000,22768.5500,22247.2500,22370.9500
2020-10-06,20760.9500,21251.4500,20671.5500,21100.1000
2020-10-07,22720.9500,22835.2000,22320.0500,22398.4500
2020-10-08,23150.2500,23450.9000,23063.6000,23191.3500
2020-10-09,22466.5500,22678.6500,22225.2500,22466.2000
2020-10-11,28039.4500,28802.5000,27916.9000,28606.0000
2020-10-12,23955.6000,24190.3500,23552.6000,23712.8000
2020-10-13,23663.0500,23775.1500,23431.5000,23492.2000
2020-10-14,23353.1500,23962.7000,23149.4500,23874.6500
2020-10-15,23920.3500,24087.8500,22970.9500,23072.4000
2020-10-16,23219.8500,23646.2000,23148.9500,23533.2500
2020-10-19,23902.9000,24320.9500,23754.8500,24266.7500
2020-10-20,24117.3500,24410.9000,24039.8500,24311.8000
2020-10-21,24444.2000,24823.6000,24099.8500,24635.0500
2020-10-22,24447.3500,24691.1500,24250.2000,24484.1500
2020-10-23,24669.2000,24764.1500,24360.8500,24478.3000
2020-10-26,24525.8000,24577.3000,23867.7500,24075.4500
2020-10-27,24288.0500,24809.6500,23924.2000,24769.5000
2020-10-28,24737.8500,24780.7000,24057.9500,24232.5000
2020-10-29,24063.5000,24339.1000,23822.0500,24092.0000
2020-10-30,24090.1500,24277.3500,23612.7000,23900.9000
2020-11-02,24367.6000,25139.0000,24120.6000,24892.5000
2020-11-03,26272.7500,26791.4500,26234.1000,26487.8000
2020-11-04,25539.5500,25891.0000,25142.0000,25771.6000
2020-11-05,19610.4500,19733.4000,18900.9000,18950.5000
2020-11-06,26274.1000,26853.4500,26135.3000,26798.9500
2020-11-08,22050.2000,22277.6000,22039.8500,22227.2000
2020-11-09,27088.9500,27595.0000,27068.9500,27534.1000
2020-11-10,28039.4500,28802.5000,27916.9000,28606.0000
2020-11-11,28713.1500,29030.9000,28211.1000,28845.0000
2020-11-12,28633.7500,28672.9000,28066.0500,28278.8000
2020-11-13,28108.7000,28520.5500,27703.3000,28465.7000
2020-11-14,28685.7000,28752.4500,28431.8500,28594.3000
2020-11-17,28792.2500,29239.2500,28722.9000,29181.3000
2020-11-18,29107.9000,29784.7500,29056.7500,29749.8500
2020-11-19,29302.6000,29627.2000,28819.5500,28903.0500
2020-11-20,28935.7500,29406.7000,28580.9000,29236.0000
2020-11-23,29432.8000,29492.3000,28852.9000,29024.2000
2020-11-24,29265.6000,29827.8000,29206.7500,29737.2500
2020-11-25,30021.9000,30197.8500,29132.3000,29196.4000
2020-11-26,29370.4000,29623.0000,28923.1000,29549.7500
2020-11-27,29622.0000,29716.8500,29368.7000,29609.0500
2020-12-01,29844.8000,29919.7500,29511.0000,29817.8500
2020-12-02,29876.7000,29886.2500,29149.9000,29463.1500
2020-12-03,29728.9000,29813.0000,29379.4000,29448.7500
2020-12-04,29573.4000,30162.3000,29473.5000,30052.4000
2020-12-05,18751.4000,18993.4000,18287.0000,18862.8500
2020-12-06,19529.3000,20747.7000,19526.1000,20654.5500
2020-12-07,30062.6000,30354.2000,29950.6000,30211.5500
2020-12-08,30300.3000,30363.8000,30025.2000,30261.9000
2020-12-09,30335.0500,30807.2500,30326.7000,30709.4000
2020-12-10,23955.6000,24190.3500,23552.6000,23712.8000
2020-12-11,28633.7500,28672.9000,28066.0500,28278.8000
2020-12-14,30735.1500,30845.8000,30624.2500,30745.9000
2020-12-15,30805.4000,30805.8500,30345.7500,30691.0500
2020-12-16,30920.3500,30932.2500,30587.1000,30698.4000
2020-12-17,30791.2000,30945.2000,30643.9000,30847.0500
2020-12-18,30841.8500,30854.0500,30374.5000,30714.6500
2020-12-21,30595.8000,30607.5000,29201.2000,29456.4500
2020-12-22,29607.5000,29711.1500,28976.7500,29625.9500
2020-12-23,29560.7500,29941.4000,29446.0000,29883.3000
2020-12-24,30071.6500,30545.8500,30007.8000,30402.2000
2020-12-28,30558.8500,30929.0500,30538.1500,30880.9500
2020-12-29,31006.9000,31359.3500,31002.6000,31322.5000
2020-12-30,31479.8000,31510.2500,31007.1500,31303.0500
2020-12-31,31295.9000,31409.5000,31088.1000,31264.0500
2021-01-01,31297.3000,31384.3500,31188.2500,31225.8500
2021-01-02,30976.3500,33305.3000,30906.4500,33089.0500
2021-01-03,35374.2500,35581.1000,34983.7500,35296.0000
2021-01-04,31485.1500,31489.6000,30893.6500,31212.4500
2021-01-05,31041.1000,31767.6500,30935.5500,31722.2500
2021-01-06,31839.9500,31982.3000,31548.1500,31797.9000
2021-01-07,32129.8000,32177.4000,31911.5000,31956.0000
2021-01-08,32298.0500,32298.0500,32002.9500,32084.2000
2021-01-09,36591.4500,36997.7000,36487.1500,36574.3000
2021-01-10,37140.4000,37299.4000,36876.3500,37225.9000
2021-01-11,32280.3000,32288.4500,31836.9500,31998.9000
2021-01-12,31835.0500,32397.9500,31725.8500,32339.0000
2021-01-13,32546.6000,32683.5000,32148.2500,32574.6500
2021-01-14,32526.7000,32718.9500,32442.3500,32519.7500
2021-01-15,32508.9000,32544.8000,32044.3500,32246.8000
2021-01-18,32275.1500,32441.5000,31650.9000,31811.7500
2021-01-19,32082.9000,32464.9500,31863.9500,32424.8500
2021-01-20,32388.9500,32607.4500,32322.9000,32543.7000
2021-01-21,32732.8000,32842.3000,31985.5500,32186.9000
2021-01-22,32088.0000,32131.4000,31119.9000,31167.2500
2021-01-25,31507.1500,31697.5500,31013.6500,31198.4000
2021-01-27,31236.2500,31287.0500,30165.6500,30284.5500
2021-01-28,29812.3000,30464.4000,29687.7000,30358.3000
2021-01-29,30700.6500,31111.9500,30254.5500,30565.5000
2021-02-01,30976.3500,33305.3000,30906.4500,33089.0500
2021-02-02,33589.0500,34652.5000,33583.1500,34267.9000
2021-02-03,35458.1500,35747.0500,35002.4500,35419.7000
2021-02-04,34548.9000,35413.1500,34238.9000,35344.8000
2021-02-05,35634.9500,36615.2000,35545.0000,35654.5000
2021-02-06,35271.6000,35415.8500,35070.3000,35373.7500
2021-02-07,34728.1000,34894.4500,34632.6000,34809.9000
2021-02-08,34760.9000,34861.7500,34588.2500,34710.0000
2021-02-09,36588.4000,36895.5500,36469.0000,36831.3000
2021-02-10,36042.3500,36227.2000,35428.1500,35783.1000
2021-02-11,39796.9000,40107.6000,39590.7000,39938.4500
2021-02-12,35736.6000,36322.8000,35700.2500,36108.9000
2021-02-15,36501.4000,37449.9000,36405.1000,37306.2500
2021-02-16,37492.6000,37708.7500,36762.7500,37098.4000
2021-02-17,37041.9500,37331.4500,36764.2500,36910.9500
2021-02-18,37088.7500,37108.7500,36367.4500,36587.0000
2021-02-19,36371.5500,36656.2000,35584.6000,35841.6000
2021-02-22,35874.3000,36128.9000,35097.5500,35257.2000
2021-02-23,35540.5500,35680.8500,34976.0000,35116.9500
2021-02-24,35205.4000,36567.6500,35060.6500,36452.3000
2021-02-25,36763.1500,37232.2000,36494.0000,36549.0000
2021-02-26,35806.6500,35902.9000,34658.7000,34803.6000
2021-03-01,35374.2500,35581.1000,34983.7500,35296.0000
2021-03-02,35458.1500,35747.0500,35002.4500,35419.7000
2021-03-03,35754.4500,36455.1500,35570.5500,36368.0500
2021-03-04,35575.6500,36316.4000,35519.2500,35802.5000
2021-03-05,35458.5000,35616.0500,34893.2500,35228.1500
2021-03-06,35536.4500,35723.7000,35413.0000,35649.0000
2021-03-08,34660.7500,35238.4500,34649.2000,35207.4500
2021-03-09,35705.9000,36077.8000,35544.9500,35865.6500
2021-03-10,36112.2500,36176.9000,35764.3500,35938.3000
2021-03-11,40040.6500,40160.2000,39304.8500,39402.0500
2021-03-12,36497.3500,36497.3500,35188.0500,35496.6500
2021-03-15,35544.2500,35544.2500,34430.6500,35182.5500
2021-03-16,35352.0000,35405.0500,34744.6000,34804.6000
2021-03-17,34905.0500,35100.5000,34126.8500,34229.2500
2021-03-18,34577.5000,34759.8500,33597.5500,33856.8000
2021-03-19,33590.4000,34355.4000,33361.0000,34161.6000
2021-03-22,34088.4000,34148.9000,33389.1500,33603.4500
2021-03-23,33747.9500,34360.0500,33622.0000,34184.4000
2021-03-24,33894.7000,33970.6500,33203.4000,33293.2500
2021-03-25,33420.7500,33550.1500,32415.2500,33006.4500
2021-03-26,33605.0500,33610.6500,33166.1000,33318.2000
2021-03-30,33615.9000,33990.8000,33564.5500,33875.1000
2021-03-31,33764.8000,33773.1000,33151.8000,33303.9000
2021-04-01,33588.0000,33949.1500,33208.7500,33858.0000
2021-04-02,34548.9000,35413.1500,34238.9000,35344.8000
2021-04-03,35575.6500,36316.4000,35519.2500,35802.5000
2021-04-05,33649.1500,33697.7500,32330.1500,32678.8500
2021-04-06,35657.8500,35810.9000,35176.1500,35291.6500
2021-04-07,32529.7000,33191.7000,32141.5500,32991.2000
2021-04-08,35388.1500,36219.8000,35313.0000,36028.0500
2021-04-09,32636.9000,32972.1500,32329.9500,32448.0500
2021-04-10,37392.1500,37670.7000,37355.6000,37579.6500
2021-04-11,39669.1000,39734.7000,39514.1500,39573.7000
2021-04-12,31637.9000,31698.0500,30520.3000,30792.0000
2021-04-13,30901.8000,31885.4500,30722.8500,31771.6000
2021-04-15,31929.1000,32187.0500,31406.4000,32112.8500
2021-04-16,32161.4500,32325.1500,31911.9000,31977.4500
2021-04-19,30993.4500,31304.3000,30405.6500,31208.4000
2021-04-20,31568.9500,31731.6500,30891.0000,31112.7000
2021-04-22,30763.5000,31834.5000,30555.2500,31782.6000
2021-04-23,31490.6000,32148.4000,31377.1500,31722.3000
2021-04-26,32316.6500,32603.7000,32144.8000,32275.1500
2021-04-27,32228.9500,32807.1000,32152.9500,32735.3500
2021-04-28,32865.5000,33777.7000,32840.3000,33722.8000
2021-04-29,33901.6000,34287.0000,33304.6000,33714.5000
2021-04-30,33112.4000,33455.2500,32663.4000,32781.8000
2021-05-01,31041.1000,31767.6500,30935.5500,31722.2500
2021-05-02,35634.9500,36615.2000,35545.0000,35654.5000
2021-05-03,35458.5000,35616.0500,34893.2500,35228.1500
2021-05-04,33649.1500,33697.7500,32330.1500,32678.8500
2021-05-05,32577.1000,32862.1500,32068.5500,32783.7000
2021-05-06,32900.7500,32956.3500,32564.0000,32827.8000
2021-05-07,35010.9500,35234.3000,34926.4000,35212.0000
2021-05-08,36093.9500,36115.4500,35661.3000,35834.7500
2021-05-10,33175.3000,33297.6000,33028.1500,33142.4000
2021-05-11,32640.9500,33154.3000,32611.7000,32872.2000
2021-05-12,32717.6500,32747.7000,32352.3000,32452.3000
2021-05-14,32495.1500,32622.6500,32115.5000,32169.5500
2021-05-17,32437.8500,33506.9000,32318.7000,33459.2500
2021-05-18,33893.1000,34142.8500,33730.4500,33922.4000
2021-05-19,33717.1000,33959.3000,33608.2500,33685.2000
2021-05-20,33692.5500,33833.7000,33273.9500,33334.5500
2021-05-21,33559.8000,34694.4500,33559.7500,34606.9000
2021-05-24,34869.3000,35216.1000,34528.3000,34943.6000
2021-05-25,35095.0000,35125.8500,34410.4000,34662.0000
2021-05-26,34757.1500,34897.9500,34462.5000,34684.2000
2021-05-27,34664.2000,35220.8000,34529.7000,35095.0500
2021-05-28,35345.6500,35436.6500,34977.2000,35141.4500
2021-05-31,35097.4500,35584.3000,34930.1000,35526.6500
2021-06-01,35639.7500,35713.9000,35241.2000,35337.2000
2021-06-02,35271.6000,35415.8500,35070.3000,35373.7500
2021-06-03,35536.4500,35723.7000,35413.0000,35649.0000
2021-06-04,32915.6500,33007.6500,32338.4000,32501.3500
2021-06-05,32900.7500,32956.3500,32564.0000,32827.8000
2021-06-07,35460.8000,35545.8500,35338.5500,35443.6500
2021-06-08,35433.8000,35449.5000,34962.6500,35085.3000
2021-06-09,35114.2500,35402.4500,34641.2000,34800.5000
2021-06-10,34903.6000,35165.6500,34734.4000,35131.2000
2021-06-11,35324.6500,35344.0000,34891.3000,35047.4000
2021-06-12,36252.7500,36344.5500,35696.7500,35735.9000
2021-06-14,34936.5500,34995.1500,34374.3500,34950.6000
2021-06-15,35038.0500,35317.4000,34917.9000,35247.7500
2021-06-16,35196.2500,35380.0000,34916.2000,35003.5000
2021-06-17,34619.8000,34882.4000,34458.1000,34605.4000
2021-06-18,34735.1500,34787.4000,33908.9500,34558.0000
2021-06-21,34109.4500,34927.6500,33937.5000,34871.3000
2021-06-22,35084.9000,35281.9000,34664.3500,34745.0000
2021-06-23,34911.8500,34937.6500,34525.4500,34574.0000
2021-06-24,34687.7000,34935.3000,34592.3500,34827.0000
2021-06-25,34916.6500,35491.9500,34915.8500,35364.6500
2021-06-28,35488.2000,35576.9500,35236.4500,35359.4500
2021-06-29,35320.4500,35337.4500,34913.7000,35010.3000
2021-06-30,35001.9000,35214.9000,34730.4500,34772.2000
2021-07-01,34866.0000,34917.6500,34650.9500,34684.0000
2021-07-02,34728.1000,34894.4500,34632.6000,34809.9000
2021-07-04,32529.7000,33191.7000,32141.5500,32991.2000
2021-07-05,35010.9500,35234.3000,34926.4000,35212.0000
2021-07-06,35173.6000,35807.4500,35165.5500,35579.1500
2021-07-07,35550.6000,35795.7500,35427.6500,35771.3000
2021-07-08,35603.2500,35811.0000,35134.6500,35274.1000
2021-07-09,35163.7500,35225.2000,34859.9000,35071.9500
2021-07-10,37894.0000,37923.6500,37650.2500,37753.2000
2021-07-12,36086.9500,36820.7000,36013.9500,36618.4000
2021-07-13,35480.0500,35727.8500,35340.7000,35673.4000
2021-07-14,35585.8500,35804.0500,35434.7500,35668.2500
2021-07-15,35757.4500,35985.2500,35625.7000,35907.6500
2021-07-16,35977.9500,35977.9500,35674.7500,35751.8000
2021-07-19,35070.5000,35347.0500,34899.2000,35079.2000
2021-07-20,34791.1500,34894.1500,34357.3500,34415.4500
2021-07-22,34774.5500,34989.1000,34557.8500,34677.3000
2021-07-23,34748.3500,35088.0000,34404.7500,35034.4000
2021-07-26,34947.8500,35138.2000,34669.5500,34949.7000
2021-07-27,35029.3000,35186.1000,34713.5500,34797.4500
2021-07-28,34839.4500,34841.5500,34115.2000,34532.9000
2021-07-29,34740.3000,34778.1500,34495.2000,34691.5000
2021-07-30,34698.7500,34738.7500,34445.4000,34584.3500
2021-08-01,32298.0500,32298.0500,32002.9500,32084.2000
2021-08-02,34760.9000,34861.7500,34588.2500,34710.0000
2021-08-03,35462.4500,35827.3000,35090.7500,35275.7500
2021-08-04,33154.2000,33306.8000,32704.7500,32782.8500
2021-08-05,36093.9500,36115.4500,35661.3000,35834.7500
2021-08-06,35433.8000,35449.5000,34962.6500,35085.3000
2021-08-07,35603.2500,35811.0000,35134.6500,35274.1000
2021-08-09,35824.2000,36159.8500,35612.3000,36028.9500
2021-08-10,37906.4000,38105.2000,37674.3500,37775.2500
2021-08-11,39674.0500,39674.0500,38932.1500,39438.2500
2021-08-12,37052.7500,37384.8000,36905.1500,37284.7000
2021-08-13,36000.7500,36233.3000,35937.1000,36169.3500
2021-08-16,36100.6500,36261.5500,36032.4000,36094.5000
2021-08-17,35935.0500,35993.7000,35611.8500,35867.4500
2021-08-18,36222.5000,36248.9000,35432.0000,35554.5000
2021-08-20,35146.5000,35306.5000,34926.5000,35033.8500
2021-08-23,35424.2000,35427.4000,34817.5000,35124.4000
2021-08-24,35200.7500,35795.3000,35070.0000,35712.1000
2021-08-25,35768.8500,35910.3000,35499.6500,35586.2500
2021-08-26,35485.9500,35785.8000,35411.8000,35617.5500
2021-08-27,35559.7500,35727.9000,35359.2500,35627.8000
2021-08-30,35781.0500,36398.4500,35721.9000,36347.6500
2021-08-31,36367.4000,36552.8000,36216.2000,36424.6000
2021-09-01,36591.4500,36997.7000,36487.1500,36574.3000
2021-09-02,36588.4000,36895.5500,36469.0000,36831.3000
2021-09-03,36883.6500,37140.0000,36563.2000,36761.1500
2021-09-04,32636.9000,32972.1500,32329.9500,32448.0500
2021-09-06,36878.2500,36923.6500,36554.4500,36592.3500
2021-09-07,36558.8500,36685.8500,36151.9500,36468.8000
2021-09-08,35824.2000,36159.8500,35612.3000,36028.9500
2021-09-09,36725.5000,36857.2000,36566.7000,36683.2000
2021-09-11,39517.8500,39560.6000,39223.4000,39368.8000
2021-09-12,37331.7500,37397.5500,36884.4500,37082.4500
2021-09-13,36608.4500,36724.8500,36327.0500,36471.8000
2021-09-14,36639.9500,36756.0000,36529.6500,36613.0500
2021-09-15,36543.5500,36949.7000,36496.0500,36852.2500
2021-09-16,36946.0000,37720.1500,36907.7500,37668.6000
2021-09-17,37929.5000,38112.7500,37396.0500,37811.9500
2021-09-20,37388.2000,37802.7500,37068.4500,37145.7000
2021-09-21,37238.4000,37340.7000,36525.9500,37235.8500
2021-09-22,37277.1000,37328.6000,36885.6000,36944.6500
2021-09-23,37241.2500,37830.7500,37216.1500,37771.7000
2021-09-24,37954.0000,38112.6000,37680.0000,37830.3000
2021-09-27,38054.7500,38355.2000,37968.2000,38171.2500
2021-09-28,38360.0000,38377.2500,37315.2000,37945.0000
2021-09-29,37601.1000,37923.4500,37371.0500,37743.0000
2021-09-30,37677.8000,37884.8500,37354.2500,37425.1000
2021-10-01,37140.4000,37299.4000,36876.3500,37225.9000
2021-10-02,36042.3500,36227.2000,35428.1500,35783.1000
2021-10-03,36112.2500,36176.9000,35764.3500,35938.3000
2021-10-04,37392.1500,37670.7000,37355.6000,37579.6500
2021-10-05,37499.8000,37786.6000,37364.7500,37741.0000
2021-10-06,37768.8000,38106.8500,37452.0000,37521.5500
2021-10-07,37894.0000,37923.6500,37650.2500,37753.2000
2021-10-08,35954.5500,36317.0000,35890.5000,36034.1000
2021-10-11,39206.2000,39220.3000,38873.8000,39023.2500
2021-10-12,37083.1500,37153.2500,36824.4000,37105.6500
2021-10-13,38735.3000,38779.0500,38502.7000,38635.7500
2021-10-14,38684.6500,39375.0500,38673.0000,39340.9000
2021-10-18,39794.2500,39947.6000,39569.5500,39684.8000
2021-10-19,39927.3000,40011.1500,39394.2500,39540.5000
2021-10-20,39545.4500,39774.5500,39292.8000,39518.2000
2021-10-21,39676.5500,40200.4500,39428.1000,40030.2000
2021-10-22,40192.6500,40587.3500,40149.5500,40323.6500
2021-10-25,40961.2500,41829.6000,40508.1000,41192.4000
2021-10-26,41057.7500,41367.2500,40829.1500,41238.3000
2021-10-27,41234.5500,41347.0000,40750.0000,40874.3500
2021-10-28,40915.1500,40931.0500,39350.2000,39508.9500
2021-10-29,39424.5500,39775.2500,38426.6500,39115.6000
2021-11-01,39432.1500,39862.6000,39120.6500,39763.7500
2021-11-02,39796.9000,40107.6000,39590.7000,39938.4500
2021-11-03,40040.6500,40160.2000,39304.8500,39402.0500
2021-11-04,39669.1000,39734.7000,39514.1500,39573.7000
2021-11-05,32640.9500,33154.3000,32611.7000,32872.2000
2021-11-06,35324.6500,35344.0000,34891.3000,35047.4000
2021-11-08,39674.0500,39674.0500,38932.1500,39438.2500
2021-11-09,39517.8500,39560.6000,39223.4000,39368.8000
2021-11-10,39206.2000,39220.3000,38873.8000,39023.2500
2021-11-11,38913.0500,38929.9500,38346.0500,38560.2000
2021-11-12,38707.1500,38822.8500,38467.8000,38733.3500
2021-11-15,38849.4500,39117.1500,38606.6000,38702.3500
2021-11-16,38710.9000,38724.7000,38211.1000,38307.1000
2021-11-17,38113.4000,38456.3000,37981.2000,38041.5500
2021-11-18,38071.9000,38233.9500,37748.4500,37976.2500
2021-11-22,38232.1500,38241.0000,36655.4000,37128.8000
2021-11-23,36787.0000,37448.7500,36647.5500,37272.8000
2021-11-24,37384.7500,37891.9000,37238.0500,37441.9500
2021-11-25,37362.0500,37507.9500,37118.4000,37364.7500
2021-11-26,36830.9000,36868.9000,35904.1000,36025.5000
2021-11-29,36224.4500,36347.8500,35327.9000,35976.4500
2021-11-30,35958.8000,36774.2000,35526.3500,35695.3000
2021-12-01,35902.9000,36445.3500,35805.0000,36364.9000
2021-12-02,35736.6000,36322.8000,35700.2500,36108.9000
2021-12-03,36497.3500,36497.3500,35188.0500,35496.6500
2021-12-04,31637.9000,31698.0500,30520.3000,30792.0000
2021-12-05,32717.6500,32747.7000,32352.3000,32452.3000
2021-12-06,36252.7500,36344.5500,35696.7500,35735.9000
2021-12-07,35285.0500,35394.3000,35060.3500,35198.9000
2021-12-08,35825.4000,35998.1500,35702.9000,35937.0500
2021-12-09,37331.7500,37397.5500,36884.4500,37082.4500
2021-12-10,38178.3500,38609.6000,38144.6000,38521.5000
2021-12-11,38707.1500,38822.8500,38467.8000,38733.3500
2021-12-13,37358.2000,37581.0500,36861.9000,36925.2500
2021-12-14,36778.9500,37039.0500,36545.4000,36893.9500
2021-12-15,36929.5000,37083.5000,36743.2000,36789.5500
2021-12-16,37092.9500,37159.3000,36385.7500,36548.6500
2021-12-17,36491.8000,36550.7500,35535.0500,35618.6500
2021-12-20,35124.3500,35231.1000,34018.4500,34439.8500
2021-12-21,34863.3500,35050.0000,34389.9500,34607.8500
2021-12-22,34865.2500,35112.1000,34687.6000,35029.5000
2021-12-23,35350.5000,35477.3000,35046.2500,35191.1500
2021-12-24,35282.2000,35327.9500,34583.4000,34857.0500
2021-12-27,34573.6500,35143.7000,34233.0000,35057.9000
2021-12-28,35308.3000,35352.4000,35037.9000,35183.8000
2021-12-29,35168.8500,35378.3000,34890.8000,35045.4000
2021-12-30,34977.6500,35179.0500,34751.2500,35063.6000
2021-12-31,35114.4000,35596.9500,35113.7500,35481.7000
2022-01-02,38460.4500,38802.7000,37690.6000,38505.5000
2022-01-03,35585.2000,36492.1000,35526.6000,36421.9000
2022-01-04,36298.3500,37209.8000,36242.3500,37148.5000
2022-01-05,36943.5500,37862.4000,36756.3500,37695.9000
2022-01-06,35358.9500,35768.7000,35285.4500,35620.8000
2022-01-07,33264.7500,33666.5000,33080.4500,33539.4500
2022-01-08,37594.1500,37939.6000,37407.2000,37903.2000
2022-01-09,38806.7000,39667.6500,38803.3000,39301.2500
2022-01-10,37930.5500,38400.3500,37929.3500,38347.9000
2022-01-11,38370.0000,38504.6000,38031.7500,38442.2000
2022-01-12,38719.6000,38851.4500,38604.6000,38727.5500
2022-01-13,38717.5500,38717.5500,38376.1500,38469.9500
2022-01-14,38302.3500,38448.0500,38007.7500,38370.4000
2022-01-17,38212.5500,38617.5000,38138.2500,38216.1500
2022-01-18,38337.4000,38855.5500,38095.4000,38210.3000
2022-01-19,38145.7500,38330.5000,37769.2500,38041.3500
2022-01-20,38106.1000,38167.9500,37591.8500,37850.8500
2022-01-21,37522.3500,37741.0000,37224.2500,37574.3000
2022-01-24,37601.9500,37694.7000,36375.3500,36947.5500
2022-01-25,36598.0500,37788.8000,36415.6000,37706.7500
2022-01-27,37058.2000,38147.6500,37012.2500,37982.1000
2022-01-28,38246.6000,38421.7000,37581.5000,37689.4000
2022-01-31,38091.8000,38217.2500,37647.8500,37975.3500
2022-02-01,38460.4500,38802.7000,37690.6000,38505.5000
2022-02-02,38841.5500,39386.6000,38752.6500,39330.5000
2022-02-03,39255.7000,39424.8500,38861.1500,39010.0000
2022-02-04,39128.0000,39278.6000,38562.6000,38789.3500
2022-02-05,35627.6000,36235.2500,35618.2000,36163.7500
2022-02-06,35470.9500,35676.2000,35385.0000,35613.6500
2022-02-07,38592.0500,38837.5500,37802.7000,37995.4500
2022-02-08,37767.7000,38179.8500,37632.3000,38024.0000
2022-02-09,38283.6000,38648.1500,38192.0000,38610.2500
2022-02-10,38801.4500,39197.2000,38520.0000,39010.9500
2022-02-11,41472.6000,41474.3000,41060.4500,41146.6500
2022-02-12,42976.7000,43131.9000,42937.8000,43103.7500
2022-02-14,37664.0000,37796.5500,36828.0500,36908.5500
2022-02-15,36989.8000,38231.6000,36651.8500,38170.1000
2022-02-16,38296.5000,38461.7000,37762.8000,37953.8000
2022-02-17,38042.1000,38124.5000,37425.6000,37531.6500
2022-02-18,37344.4500,37817.5500,37304.4500,37599.1500
2022-02-21,37400.0000,38054.4000,37156.8000,37685.6000
2022-02-22,36833.0000,37659.4000,36818.1000,37371.6500
2022-02-23,37628.5500,37774.6000,37318.0000,37392.0500
2022-02-24,36085.2000,36709.1500,34991.3500,35228.1000
2022-02-25,35901.7000,36684.6500,35768.2000,36430.7500
2022-02-28,35938.9500,36270.2500,35611.9000,36205.3000
2022-03-01,35585.2000,36492.1000,35526.6000,36421.9000
2022-03-02,35381.9000,35553.7000,34897.4500,35372.8000
2022-03-03,35621.1500,35804.1500,34721.1500,34944.3000
2022-03-04,34526.1000,35097.7500,34094.1000,34407.8000
2022-03-06,35929.5500,35958.4500,35175.1000,35275.0500
2022-03-07,33278.1500,33543.3000,32376.5000,32871.2500
2022-03-08,37954.5500,38068.6000,37692.9500,37989.2500
2022-03-09,33278.9000,33969.5000,32948.9000,33815.4500
2022-03-10,35153.9500,35374.1500,34218.0500,34475.6000
2022-03-11,34331.0000,34880.0500,34094.3000,34546.2500
2022-03-14,34660.2500,35435.1000,34625.0500,35312.1500
2022-03-15,35467.9500,35643.8000,34706.0500,35022.6500
2022-03-16,35555.7500,35806.3500,35461.5500,35748.2500
2022-03-17,36302.0000,36611.9500,36261.6500,36428.5500
2022-03-21,36545.8500,36600.2000,35900.2000,36018.5000
2022-03-22,35975.6000,36468.8000,35384.7500,36348.5500
2022-03-23,36627.7000,36827.6000,36064.7500,36147.3500
2022-03-24,35633.7000,35957.7000,35421.7000,35527.1000
2022-03-25,35700.4000,35717.4000,35203.8500,35410.1000
2022-03-28,35488.7000,35770.8000,35016.3000,35710.5000
2022-03-29,35931.7500,35977.2000,35506.5500,35847.4000
2022-03-30,36241.5500,36421.1000,36070.5500,36334.3000
2022-03-31,36457.2000,36590.8500,36278.1500,36373.6000
2022-04-01,36551.2500,36887.8000,36374.4000,36840.1500
2022-04-02,39128.0000,39278.6000,38562.6000,38789.3500
2022-04-03,34526.1000,35097.7500,34094.1000,34407.8000
2022-04-04,37824.9500,38765.8500,37665.5500,38635.2000
2022-04-05,38731.3000,38759.2500,37935.9500,38067.9000
2022-04-06,37711.3000,37868.5000,37513.8500,37632.8000
2022-04-07,37421.7500,37975.9000,37346.8000,37557.3500
2022-04-08,38111.0500,38231.8500,37249.5000,37755.5500
2022-04-10,38700.4000,39177.5000,38596.9000,39110.0500
2022-04-11,37591.7500,37941.7500,37524.4500,37613.8000
2022-04-12,37407.4000,37920.6000,37264.4500,37747.4000
2022-04-13,37887.3000,37988.6000,37408.2000,37463.4000
2022-04-18,36833.1500,36965.8500,36441.3500,36729.0000
2022-04-19,36806.8000,37123.5500,35926.3000,36341.6000
2022-04-20,36482.6000,36513.8500,36114.0500,36314.9000
2022-04-21,36513.1000,36913.3500,36395.7000,36816.1000
2022-04-22,36514.1500,36578.9500,35991.5000,36044.7500
2022-04-25,35792.3500,36270.1500,35511.4000,36082.3500
2022-04-26,36515.3500,36604.5500,36265.9000,36404.8000
2022-04-27,36067.5500,36175.9000,35747.1500,36028.8500
2022-04-28,36189.9500,36501.1000,35951.1000,36422.2000
2022-04-29,36474.0500,36718.8000,35978.9500,36088.1500
2022-05-01,36943.5500,37862.4000,36756.3500,37695.9000
2022-05-02,35627.6000,36235.2500,35618.2000,36163.7500
2022-05-04,36266.1500,36309.3000,35127.8500,35264.5500
2022-05-05,35705.3500,35934.8500,35133.8000,35232.8500
2022-05-06,34569.1000,34797.9500,34353.2000,34591.2000
2022-05-07,34084.7000,34361.0500,33757.0000,33815.9000
2022-05-08,37868.2500,38150.4500,37779.9000,37920.6000
2022-05-09,34091.7500,34554.3500,33927.2000,34275.4000
2022-05-10,34181.2000,34781.8000,34176.8000,34482.6500
2022-05-11,34686.3000,34793.2000,34143.2000,34693.1500
2022-05-12,43269.3500,43372.1500,42985.0000,43332.9500
2022-05-13,33925.9500,34002.2000,33007.9000,33121.3500
2022-05-16,33256.0000,33821.6500,33001.7500,33597.6000
2022-05-17,33796.2000,34366.0500,33680.6000,34301.9000
2022-05-18,34448.2000,34655.8000,34134.7000,34163.7000
2022-05-19,33461.0000,33633.9500,33180.6000,33315.6500
2022-05-20,33765.1500,34358.0500,33658.0500,34276.4000
2022-05-23,34321.4000,34819.9500,34117.3500,34247.6000
2022-05-24,34223.2000,34586.4500,34115.8000,34290.1500
2022-05-25,34491.8000,34722.6000,34285.8000,34339.5000
2022-05-26,34670.6000,35222.0500,34424.7500,35094.9000
2022-05-27,35326.6000,35694.8500,35291.9500,35613.3000
2022-05-30,35958.8000,36083.7000,35748.4500,35826.9500
2022-05-31,35615.3000,35881.9500,35288.9500,35487.4000
2022-06-01,35358.9500,35768.7000,35285.4500,35620.8000
2022-06-02,35470.9500,35676.2000,35385.0000,35613.6500
2022-06-03,35929.5500,35958.4500,35175.1000,35275.0500
2022-06-04,37711.3000,37868.5000,37513.8500,37632.8000
2022-06-05,34569.1000,34797.9500,34353.2000,34591.2000
2022-06-06,35159.1500,35424.5000,35072.3000,35310.2000
2022-06-07,33929.4000,34388.5000,33876.1500,34324.2500
2022-06-08,35165.6500,35449.9000,34831.7500,34946.1500
2022-06-09,34802.2500,35149.1000,34659.1000,35085.4500
2022-06-10,34686.9500,34752.4500,34346.6500,34483.8000
2022-06-12,43093.9000,43306.8500,43076.4000,43138.5500
2022-06-13,33728.6500,33774.0500,33210.3500,33405.8500
2022-06-14,33180.6000,33618.1500,33123.9000,33311.3500
2022-06-15,33317.8000,33554.5500,33249.5500,33339.0000
2022-06-16,33648.8000,33756.5000,32537.9500,32617.1000
2022-06-17,32393.4500,32889.8000,32290.5500,32743.0500
2022-06-20,32873.4000,32926.1000,32426.4000,32684.8000
2022-06-21,32978.0500,33593.8000,32797.5500,33191.7500
2022-06-22,33051.6500,33106.9500,32758.1500,32845.3000
2022-06-23,32927.4000,33431.7500,32652.1500,33135.0000
2022-06-24,33434.8000,33721.9000,33390.8500,33627.4500
2022-06-27,34126.2000,34147.5000,33735.5000,33811.2500
2022-06-28,33578.2000,33745.3000,33503.3000,33642.4500
2022-06-29,33273.5500,33422.8000,33185.2500,33269.9000
2022-06-30,33180.7000,33659.3000,33179.6000,33425.1000
2022-07-01,33264.7500,33666.5000,33080.4500,33539.4500
2022-07-02,38592.0500,38837.5500,37802.7000,37995.4500
2022-07-03,33278.1500,33543.3000,32376.5000,32871.2500
2022-07-04,37421.7500,37975.9000,37346.8000,37557.3500
2022-07-05,34084.7000,34361.0500,33757.0000,33815.9000
2022-07-06,33929.4000,34388.5000,33876.1500,34324.2500
2022-07-07,34627.4000,34965.7500,34553.1000,34920.3000
2022-07-08,35258.9000,35262.1000,34977.7500,35124.0500
2022-07-09,39337.7500,39572.0500,39258.2500,39455.9000
2022-07-10,39093.5000,39235.0500,38807.5000,39178.0500
2022-07-11,41740.6500,41779.4000,41337.0500,41686.7000
2022-07-12,35298.7000,35419.6500,35047.5000,35132.2500
2022-07-13,35259.8000,35308.1500,34757.6000,34827.8000
2022-07-14,34817.9500,35027.6000,34558.4500,34651.2000
2022-07-15,34734.4500,34899.9500,34463.9000,34682.6500
2022-07-18,34841.8500,35382.5000,34804.4000,35358.7000
2022-07-19,35113.2500,35761.6500,35110.5000,35720.3500
2022-07-20,36061.3000,36182.7000,35876.5500,35972.1000
2022-07-21,36026.5500,36331.7000,35887.3500,36201.0000
2022-07-22,36322.9000,36823.4500,36286.3500,36738.9500
2022-07-25,36766.7000,37011.2000,36464.6500,36726.4000
2022-07-26,36688.5500,36695.7500,36334.1000,36408.5000
2022-07-27,36370.5500,36808.3000,36248.6000,36783.7500
2022-07-28,37102.4500,37414.4000,37028.5000,37378.1500
2022-07-29,37717.3000,37754.6500,37221.1500,37491.4000
2022-08-01,37594.1500,37939.6000,37407.2000,37903.2000
2022-08-02,38176.1000,38222.1000,37319.0500,38028.4500
2022-08-03,37954.5500,38068.6000,37692.9500,37989.2500
2022-08-04,38111.0500,38231.8500,37249.5000,37755.5500
2022-08-05,37868.2500,38150.4500,37779.9000,37920.6000
2022-08-06,35165.6500,35449.9000,34831.7500,34946.1500
2022-08-07,35258.9000,35262.1000,34977.7500,35124.0500
2022-08-08,37847.3500,38302.3500,37681.4500,38237.4000
2022-08-09,39763.9000,40265.7500,39706.4000,40208.9500
2022-08-10,38298.8500,38402.9500,38155.3000,38287.8500
2022-08-11,38712.9500,38932.1000,38648.9000,38879.8500
2022-08-12,43142.2500,43640.9000,43095.3000,43596.8500
2022-08-16,39284.1000,39444.6000,39119.9000,39239.6500
2022-08-17,39351.3000,39504.5000,39202.8000,39461.7000
2022-08-18,39324.4000,39703.7000,39291.1500,39656.1500
2022-08-19,39732.6500,39759.1500,38848.4000,38985.9500
2022-08-22,38693.6500,38732.8500,38247.2500,38297.7500
2022-08-23,37955.4500,38869.9000,37950.8500,38697.6500
2022-08-24,38552.7000,39120.8000,38552.2000,39038.5000
2022-08-25,39190.0500,39471.7500,38803.7000,38950.7500
2022-08-26,39129.6500,39337.1000,38846.8000,38987.1500
2022-08-29,38111.6000,38397.1000,37943.8500,38276.7000
2022-08-30,38516.9500,39606.5500,38472.7000,39536.7500
2022-09-01,38806.7000,39667.6500,38803.3000,39301.2500
2022-09-02,38283.6000,38648.1500,38192.0000,38610.2500
2022-09-03,33278.9000,33969.5000,32948.9000,33815.4500
2022-09-05,39412.0500,39865.2000,39407.4000,39805.7500
2022-09-06,39892.9500,40073.7500,39564.3000,39666.5000
2022-09-07,39337.7500,39572.0500,39258.2500,39455.9000
2022-09-08,39763.9000,40265.7500,39706.4000,40208.9500
2022-09-09,40520.7500,40685.9500,40280.3000,40415.7000
2022-09-11,41914.8500,41948.9000,41667.9000,41783.2000
2022-09-12,40540.4500,40684.9000,40377.9000,40574.0000
2022-09-13,40802.1000,40904.3000,40693.9500,40873.1000
2022-09-14,40308.8000,41626.9000,40288.9000,41405.4000
2022-09-15,41533.7000,41840.1500,41153.5000,41209.2000
2022-09-16,40977.2000,41162.5000,40502.0500,40776.8000
2022-09-19,40685.6000,41184.2500,40509.9000,40904.4000
2022-09-20,41304.1500,41677.6500,41207.3000,41468.3000
2022-09-21,41282.6000,41501.7000,40889.1500,41203.4500
2022-09-22,40889.0500,41159.2000,40360.2000,40630.6000
2022-09-23,40429.3500,40528.4000,39412.7000,39546.2500
2022-09-26,39027.8500,39229.4000,38492.2000,38616.2500
2022-09-27,38811.7000,39050.5000,38184.9000,38359.1500
2022-09-28,38081.2500,38368.8000,37626.2000,37759.8500
2022-09-29,38092.8500,38283.4000,37536.6500,37647.7500
2022-09-30,37660.0000,38811.0000,37386.3500,38631.9500
2022-10-01,37930.5500,38400.3500,37929.3500,38347.9000
2022-10-02,38801.4500,39197.2000,38520.0000,39010.9500
2022-10-03,35153.9500,35374.1500,34218.0500,34475.6000
2022-10-04,38700.4000,39177.5000,38596.9000,39110.0500
2022-10-05,34181.2000,34781.8000,34176.8000,34482.6500
2022-10-06,34686.9500,34752.4500,34346.6500,34483.8000
2022-10-07,39093.5000,39235.0500,38807.5000,39178.0500
2022-10-08,38298.8500,38402.9500,38155.3000,38287.8500
2022-10-10,38641.5500,39315.7000,38518.3000,39093.1000
2022-10-11,41462.8500,41643.9000,41318.6000,41603.7500
2022-10-12,38784.2000,39164.1000,38606.4000,39118.5500
2022-10-13,38957.6500,39061.3000,38437.9500,38624.0000
2022-10-14,39446.0500,39570.8500,39196.3000,39305.6000
2022-10-17,39295.6000,39974.7000,39146.7000,39920.4500
2022-10-18,40252.0500,40435.3500,40139.8500,40318.7500
2022-10-19,40556.6500,40643.6000,40195.2000,40373.2000
2022-10-20,40149.5000,40208.3500,39848.8500,40099.5500
2022-10-21,40370.7500,41032.2500,40355.4500,40784.0500
2022-10-24,41348.3500,41427.2500,41201.1500,41304.9000
2022-10-25,41513.6500,41530.6500,41021.4500,41122.7500
2022-10-27,41440.7000,41511.8000,41178.6500,41299.3000
2022-10-28,41236.8000,41482.4000,40839.3000,40990.8500
2022-10-31,41265.7000,41353.7000,41106.1000,41307.9000
2022-11-01,38370.0000,38504.6000,38031.7500,38442.2000
2022-11-02,41472.6000,41474.3000,41060.4500,41146.6500
2022-11-03,34331.0000,34880.0500,34094.3000,34546.2500
2022-11-04,37591.7500,37941.7500,37524.4500,37613.8000
2022-11-05,34686.3000,34793.2000,34143.2000,34693.1500
2022-11-07,35017.6000,35543.1000,35006.5500,35469.6500
2022-11-08,38712.9500,38932.1000,38648.9000,38879.8500
2022-11-09,41914.8500,41948.9000,41667.9000,41783.2000
2022-11-10,39058.8500,39174.9500,38622.7500,38712.4500
2022-11-11,42163.4000,42345.5000,41918.1000,42137.0500
2022-11-14,42177.5500,42231.4500,41965.4500,42076.7500
2022-11-15,42234.8500,42450.0500,42079.5500,42372.7000
2022-11-16,42371.8000,42611.7500,42296.3000,42535.3000
2022-11-17,42399.6500,42622.7500,42366.5500,42458.0500
2022-11-18,42545.7500,42590.7500,42223.7000,42437.4500
2022-11-21,42286.9500,42386.8000,42202.5500,42346.5500
2022-11-22,42467.4000,42508.7500,42347.1500,42457.0500
2022-11-23,42668.5500,42860.5500,42556.4000,42729.1000
2022-11-24,42838.3500,43163.4000,42769.6500,43075.4000
2022-11-25,43192.4500,43339.1500,42864.9500,42983.9500
2022-11-28,42757.2000,43159.8000,42740.0000,43020.4500
2022-11-29,42959.4000,43279.6000,42959.4000,43053.4500
2022-11-30,43122.7500,43332.3000,42880.0500,43231.0000
2022-12-01,43512.1000,43515.0500,43101.8500,43260.6500
2022-12-02,42976.7000,43131.9000,42937.8000,43103.7500
2022-12-04,37407.4000,37920.6000,37264.4500,37747.4000
2022-12-05,34289.1000,34341.2000,33297.6500,33532.1500
2022-12-06,43093.9000,43306.8500,43076.4000,43138.5500
2022-12-07,35298.7000,35419.6500,35047.5000,35132.2500
2022-12-08,38942.4500,39088.9000,38739.9500,39042.3000
2022-12-09,40540.4500,40684.9000,40377.9000,40574.0000
2022-12-10,38784.2000,39164.1000,38606.4000,39118.5500
2022-12-12,43455.8500,43767.0500,43378.8000,43708.7500
2022-12-13,43793.7000,43983.8000,43767.7500,43946.5500
2022-12-14,44078.6000,44151.8000,43987.9500,44049.1000
2022-12-15,43940.1000,44120.6000,43379.1000,43498.2000
2022-12-16,43261.7500,43598.2000,43080.5500,43219.5000
2022-12-19,43346.3500,43451.4500,43110.3000,43413.7500
2022-12-20,43152.6500,43426.2000,42955.4000,43359.5000
2022-12-21,43525.7500,43614.6500,42363.8000,42617.9500
2022-12-22,42864.0000,42933.5000,42231.3500,42408.8000
2022-12-23,41951.3500,42226.6500,41597.6500,41668.0500
2022-12-26,41716.3500,42846.1500,41569.4500,42630.1500
2022-12-27,42827.7500,42927.2000,42394.1500,42859.5000
2022-12-28,42733.6000,43034.9500,42694.8500,42827.7000
2022-12-29,42684.9000,43498.0500,42489.8000,43252.3500
2022-12-30,43401.7000,43422.9500,42833.1000,42986.4500
2023-01-02,41115.0000,42015.6500,39490.5000,40513.0000
2023-01-03,40473.8500,40725.3500,40341.9500,40698.1500
2023-01-04,43417.5000,43578.4000,42858.6500,42958.8000
2023-01-05,43073.0500,43137.5500,42298.6000,42608.7000
2023-01-06,44172.0500,44179.9500,43706.1500,43790.2000
2023-01-08,45740.0000,45782.7500,45471.0500,45592.5000
2023-01-09,43996.1000,44568.5500,43830.7500,44436.1000
2023-01-10,42642.0000,42674.2500,41835.7500,42014.7500
2023-01-11,42071.8500,42318.0000,41729.0000,42232.7000
2023-01-12,42238.5000,42343.5000,41742.9500,42082.2500
2023-01-13,42171.2500,42453.9500,41885.6000,42371.2500
2023-01-16,42622.5000,42715.6500,42066.5500,42167.5500
2023-01-17,42241.2000,42383.8000,41861.1000,42235.0500
2023-01-18,42271.8000,42555.9000,42119.6500,42458.0000
2023-01-19,42416.3000,42506.2500,42234.9000,42328.8500
2023-01-20,42516.0500,42709.2000,42366.1500,42506.8000
2023-01-23,42891.4500,43005.8500,42727.7000,42821.2500
2023-01-24,42994.4500,43078.9000,42615.6500,42733.4500
2023-01-25,42703.6000,42733.0500,41540.3000,41647.6500
2023-01-27,41382.3500,41417.9000,40148.8000,40345.3000
2023-01-30,39856.1500,40789.5500,39419.8000,40387.4500
2023-01-31,40563.8500,40811.6500,40167.7000,40655.0500
2023-02-01,43038.2500,43382.7500,42961.7500,43203.1000
2023-02-02,39943.3500,40757.6000,39761.4500,40669.3000
2023-02-03,40604.5500,40773.2500,40312.9000,40389.8000
2023-02-05,43395.0500,43483.8500,43269.4000,43352.1000
2023-02-06,43997.3000,44088.9000,43812.5500,43937.8500
2023-02-07,41513.1000,41630.7500,41095.1000,41490.9500
2023-02-08,41542.0500,41791.9500,41403.0500,41537.6500
2023-02-09,41634.0000,41634.0000,41252.9500,41554.3000
2023-02-10,41452.4000,41678.9000,41424.9000,41559.4000
2023-02-11,43018.7000,43271.5000,42796.4500,43017.2000
2023-02-13,41563.5000,41662.5500,41157.9000,41282.2000
2023-02-14,41410.4500,41718.0000,41195.7500,41648.3500
2023-02-15,41674.6000,41795.4500,41455.6000,41731.0500
2023-02-16,41925.7000,41979.1000,41521.9500,41631.3500
2023-02-17,41514.0000,41516.3000,40882.7000,41131.7500
2023-02-20,41221.5500,41292.6000,40580.1000,40701.7000
2023-02-21,40784.9000,40946.2000,40508.2500,40673.6000
2023-02-22,40494.1500,40529.2500,39899.0000,39995.9000
2023-02-23,39983.7000,40147.8000,39600.2500,40001.5500
2023-02-24,40259.1000,40348.1000,39818.9000,39909.4000
2023-02-27,39820.4000,40371.4500,39745.4000,40307.1000
2023-02-28,40302.7000,40391.4500,40073.0000,40269.0500
2023-03-01,43151.4500,43482.8000,43148.4500,43425.2500
2023-03-02,40604.5500,40773.2500,40312.9000,40389.8000
2023-03-03,40671.4000,41390.1500,40605.3500,41251.3500
2023-03-04,40695.8000,40857.6000,40535.9000,40813.0500
2023-03-05,43154.8500,43354.9500,43078.1500,43312.7000
2023-03-06,41418.4000,41671.2000,41259.1500,41350.4000
2023-03-07,44957.9500,45353.2000,44882.1000,45158.1000
2023-03-08,41178.3500,41625.3500,41100.3500,41577.1000
2023-03-09,41532.6500,41659.0000,41208.1000,41256.7500
2023-03-10,44561.5000,44566.3000,44243.1000,44399.0500
2023-03-11,43318.3000,43416.1000,43221.0000,43318.2500
2023-03-13,40356.1000,40690.0500,39454.6000,39564.7000
2023-03-14,39522.4000,39768.5000,39132.6000,39411.4000
2023-03-15,39777.9000,39914.1000,38934.6500,39051.5000
2023-03-16,39061.7000,39381.4000,38613.1500,39132.6000
2023-03-17,39442.4000,39705.1500,38926.8000,39598.1000
2023-03-20,39512.1000,39512.1000,38941.9000,39361.9500
2023-03-21,39599.6500,39970.9000,39366.3000,39894.7000
2023-03-22,40036.0000,40085.6000,39837.8000,39999.0500
2023-03-23,39836.1500,40201.6000,39552.5000,39616.9000
2023-03-24,39555.2500,39767.9000,39294.9000,39395.3500
2023-03-27,39484.7000,39695.2000,39273.7500,39431.3000
2023-03-28,39545.0500,39645.2000,39326.1000,39567.9000
2023-03-29,39611.5500,40055.0000,39609.5500,39910.1500
2023-03-31,40231.2500,40690.4000,40180.2000,40608.6500
2023-04-01,43417.5000,43578.4000,42858.6500,42958.8000
2023-04-03,40695.8000,40857.6000,40535.9000,40813.0500
2023-04-05,43236.1000,43739.8000,43213.9500,43685.4500
2023-04-06,40940.7000,41274.7000,40820.5500,41041.0000
2023-04-07,45310.5500,45655.5000,45000.2500,45301.4500
2023-04-08,44754.7500,45118.0500,44520.5500,44879.5000
2023-04-09,44647.6500,44656.0500,44310.9500,44578.3000
2023-04-10,41116.1500,41139.8500,40727.2500,40834.6500
2023-04-11,41232.0000,41403.2500,40990.2000,41366.5000
2023-04-12,41426.0000,41610.1500,41332.0000,41557.9500
2023-04-13,41680.1000,42196.2000,41502.6500,42132.5500
2023-04-17,42603.5500,42603.5500,41799.0000,42262.5500
2023-04-18,42406.9500,42500.7000,42114.3500,42265.2000
2023-04-19,42280.1000,42339.9000,42022.1500,42154.0000
2023-04-20,42218.5000,42378.1500,42108.8500,42269.5000
2023-04-21,42252.5500,42382.1500,41962.3500,42118.0000
2023-04-24,42469.9500,42714.1500,42269.1000,42635.7500
2023-04-25,42731.6000,42865.5500,42601.5000,42678.5000
2023-04-26,42559.0500,42875.6000,42432.2500,42829.9000
2023-04-27,42753.9000,43043.4000,42736.6000,43000.8500
2023-04-28,43045.5000,43302.0500,42810.3500,43233.9000
2023-05-01,43073.0500,43137.5500,42298.6000,42608.7000
2023-05-02,43395.0500,43483.8500,43269.4000,43352.1000
2023-05-03,43154.8500,43354.9500,43078.1500,43312.7000
2023-05-04,40972.3000,41071.1500,40802.6500,40999.1500
2023-05-05,43110.6500,43588.0000,42582.2000,42661.2000
2023-05-06,44103.2500,44266.1500,44074.2000,44101.6500
2023-05-07,45169.7000,45418.9000,45073.4000,45151.8000
2023-05-08,42796.8500,43418.5500,42780.3000,43284.0000
2023-05-09,44625.0500,44668.7000,44401.7000,44532.1500
2023-05-10,43275.2500,43383.6500,42822.1500,43331.0500
2023-05-11,43535.1000,43774.2500,43367.2500,43475.3000
2023-05-12,43447.1500,43905.9500,43347.7500,43793.5500
2023-05-15,43821.0500,44151.7000,43666.6000,44072.1000
2023-05-16,44144.1500,44144.1500,43815.7000,43903.7000
2023-05-17,43948.5000,43992.7500,43446.4000,43698.7000
2023-05-18,44006.9000,44079.2000,43673.7000,43752.3000
2023-05-19,43930.0000,44020.9000,43531.9000,43969.4000
2023-05-22,43935.3000,44026.7500,43684.9000,43885.1000
2023-05-23,43978.9000,44095.2500,43852.2000,43954.4500
2023-05-24,43751.9500,44010.4500,43639.8000,43677.8500
2023-05-25,43630.2500,43719.8500,43390.3000,43681.4000
2023-05-26,43765.3500,44067.6000,43588.8000,44018.0000
2023-05-29,44276.8000,44483.3500,44193.9500,44311.9000
2023-05-30,44277.3500,44498.6000,44207.5000,44436.3500
2023-05-31,44318.0000,44339.0500,43822.7000,44128.1500
2023-06-01,44172.0500,44179.9500,43706.1500,43790.2000
2023-06-02,43997.3000,44088.9000,43812.5500,43937.8500
2023-06-03,41418.4000,41671.2000,41259.1500,41350.4000
2023-06-04,40940.7000,41274.7000,40820.5500,41041.0000
2023-06-05,44103.2500,44266.1500,44074.2000,44101.6500
2023-06-06,44156.7000,44236.2000,44009.7000,44164.5500
2023-06-07,44318.7000,44346.3000,44143.5000,44275.3000
2023-06-08,44208.3000,44459.2500,43917.9000,43995.2500
2023-06-09,44494.6500,44577.0000,44207.2500,44409.1000
2023-06-10,44395.4000,44500.7000,44242.9500,44360.6000
2023-06-11,43627.7500,43648.7000,43415.2000,43619.4000
2023-06-12,47256.7500,47259.8500,46750.2000,46834.5500
2023-06-13,43889.7000,44138.1500,43889.7000,44079.8500
2023-06-14,44181.6500,44212.3500,43956.1500,43988.0000
2023-06-15,44054.3500,44077.4500,43397.5000,43443.6000
2023-06-16,43583.3500,44083.2500,43536.9500,43938.1500
2023-06-19,44015.3000,44040.3500,43501.4000,43633.7500
2023-06-20,43597.5500,43823.9500,43345.9500,43766.5000
2023-06-21,43894.4000,43946.7000,43698.9500,43859.2000
2023-06-22,43874.8000,44042.1500,43663.3500,43724.8500
2023-06-23,43641.6000,43824.1000,43519.5500,43622.9000
2023-06-26,43714.7500,43773.1000,43541.7500,43641.0500
2023-06-27,43804.5500,44194.6500,43693.1500,44121.5000
2023-06-28,44419.5000,44508.4000,44163.2000,44327.8000
2023-06-30,44666.0000,44787.1000,44447.2000,44747.3500
2023-07-02,41513.1000,41630.7500,41095.1000,41490.9500
2023-07-03,44957.9500,45353.2000,44882.1000,45158.1000
2023-07-04,45310.5500,45655.5000,45000.2500,45301.4500
2023-07-05,45169.7000,45418.9000,45073.4000,45151.8000
2023-07-06,44318.7000,44346.3000,44143.5000,44275.3000
2023-07-07,45118.0500,45227.2500,44844.8000,44925.0000
2023-07-08,44993.7000,45011.3500,44773.8500,44837.5000
2023-07-09,44418.0500,44915.5500,44341.2000,44878.3500
2023-07-10,44958.6500,45184.3000,44721.9000,44860.8500
2023-07-11,44998.0000,45139.5500,44663.0500,44745.0500
2023-07-12,44872.6000,44937.2500,44562.4000,44639.4500
2023-07-13,45009.3000,45085.1500,44612.2000,44665.0500
2023-07-14,44860.6500,44923.8500,44547.8000,44819.3000
2023-07-17,44951.2000,45556.4500,44695.0500,45449.7500
2023-07-18,45754.8000,45905.8500,45281.3000,45410.8500
2023-07-19,45622.5000,45707.4000,45433.0000,45669.3000
2023-07-20,45689.0500,46256.2000,45640.9500,46186.9000
2023-07-21,46063.9500,46369.5000,45925.9000,46075.2000
2023-07-24,46131.9000,46191.5000,45858.7500,45923.0500
2023-07-25,46154.7000,46156.1000,45622.8500,45845.0000
2023-07-26,45935.1500,46096.6000,45804.7000,46062.3500
2023-07-27,46285.8500,46310.1000,45570.6500,45679.3000
2023-07-28,45560.9000,45727.7500,45238.8000,45468.1000
2023-07-31,45546.3500,45694.9000,45359.7500,45651.1000
2023-08-01,45740.0000,45782.7500,45471.0500,45592.5000
2023-08-02,41542.0500,41791.9500,41403.0500,41537.6500
2023-08-03,41178.3500,41625.3500,41100.3500,41577.1000
2023-08-04,44754.7500,45118.0500,44520.5500,44879.5000
2023-08-05,42796.8500,43418.5500,42780.3000,43284.0000
2023-08-06,44208.3000,44459.2500,43917.9000,43995.2500
2023-08-07,44993.7000,45011.3500,44773.8500,44837.5000
2023-08-08,44888.9500,45096.8500,44817.8500,44964.4500
2023-08-09,44953.6500,45383.3500,44812.1500,45156.4000
2023-08-10,44797.6500,44980.3500,44418.4000,44541.8000
2023-08-11,44568.1500,44571.2500,44120.9000,44199.1000
2023-08-12,46797.2000,47303.6500,46793.9000,47262.0000
2023-08-14,44066.6000,44212.7500,43776.9000,44090.9500
2023-08-16,43726.2500,44002.8000,43600.3500,43946.4000
2023-08-17,43897.2500,44071.8500,43745.1000,43891.3500
2023-08-18,43724.7500,43957.6500,43672.4500,43851.0500
2023-08-21,43952.8500,44113.8000,43862.0000,44002.0000
2023-08-22,44125.0000,44151.3000,43938.7000,43993.2500
2023-08-23,44064.5000,44521.6500,43952.0500,44479.0500
2023-08-24,44704.2000,44949.9000,44433.7500,44496.2000
2023-08-25,44276.2000,44359.1000,43983.7500,44231.4500
2023-08-28,44253.6500,44610.4000,44201.4500,44494.6500
2023-08-29,44655.7500,44673.0000,44429.8000,44495.2500
2023-08-30,44706.5500,44779.6500,44149.8000,44232.6000
2023-08-31,44265.8500,44399.6500,43895.0500,43989.1500
2023-09-01,43996.1000,44568.5500,43830.7500,44436.1000
2023-09-02,41634.0000,41634.0000,41252.9500,41554.3000
2023-09-03,41532.6500,41659.0000,41208.1000,41256.7500
2023-09-04,44647.6500,44656.0500,44310.9500,44578.3000
2023-09-05,44625.0500,44668.7000,44401.7000,44532.1500
2023-09-06,44494.6500,44577.0000,44207.2500,44409.1000
2023-09-07,44418.0500,44915.5500,44341.2000,44878.3500
2023-09-08,44953.6500,45383.3500,44812.1500,45156.4000
2023-09-10,44057.8000,44113.2000,43796.7500,43886.5000
2023-09-11,45340.8000,45636.2000,45231.3000,45570.7000
2023-09-12,45893.8000,45893.8000,45322.5500,45511.3500
2023-09-13,45449.3500,45990.5000,45299.4000,45909.4500
2023-09-14,46013.3000,46153.9000,45801.5000,46000.8500
2023-09-15,46122.1500,46310.4000,46028.7500,46231.5000
2023-09-18,46100.9500,46252.9500,45906.9000,45979.8500
2023-09-20,45493.7000,45745.1500,45276.4000,45384.6000
2023-09-21,45179.6000,45276.8000,44592.4500,44623.8500
2023-09-22,44707.3500,44996.7500,44548.9000,44612.0500
2023-09-25,44615.0000,44936.5500,44400.9000,44766.1000
2023-09-26,44722.5000,44773.8000,44532.4500,44624.2000
2023-09-27,44465.9000,44668.0000,44182.5000,44588.3000
2023-09-28,44700.3500,44756.8000,44248.2000,44300.9500
2023-09-29,44445.3500,44755.0500,44344.9000,44584.5500
2023-10-01,42642.0000,42674.2500,41835.7500,42014.7500
2023-10-02,41452.4000,41678.9000,41424.9000,41559.4000
2023-10-03,44561.5000,44566.3000,44243.1000,44399.0500
2023-10-04,44108.1500,44161.3500,43857.5000,43964.0500
2023-10-05,43275.2500,43383.6500,42822.1500,43331.0500
2023-10-06,44395.4000,44500.7000,44242.9500,44360.6000
2023-10-07,44958.6500,45184.3000,44721.9000,44860.8500
2023-10-08,44797.6500,44980.3500,44418.4000,44541.8000
2023-10-09,44057.8000,44113.2000,43796.7500,43886.5000
2023-10-10,44027.5500,44487.2500,44004.5500,44360.1500
2023-10-11,44554.9000,44710.5500,44411.4000,44516.9000
2023-10-12,44571.5500,44693.0500,44530.0500,44599.2000
2023-10-13,44322.0500,44563.0500,44203.7000,44287.9500
2023-10-16,44204.7500,44356.9500,44044.4000,44225.9000
2023-10-17,44589.8000,44589.8500,44336.9500,44409.5000
2023-10-18,44404.2000,44412.5000,43861.4500,43888.7000
2023-10-19,43616.7500,44058.8000,43558.1000,43754.5000
2023-10-20,43584.2500,43877.5000,43567.4500,43723.0500
2023-10-23,43822.7000,43831.3000,43029.4500,43151.2000
2023-10-25,43308.3000,43397.4500,42758.4000,42832.0000
2023-10-26,42708.4000,42716.2000,42105.4000,42280.1500
2023-10-27,42555.6000,42840.1500,42482.7500,42782.0000
2023-10-30,42721.4000,43112.5000,42390.5000,43039.1500
2023-10-31,43356.8500,43356.8500,42797.1500,42845.9500
2023-11-01,42694.2500,42815.1500,42589.6500,42700.9500
2023-11-02,43018.7000,43271.5000,42796.4500,43017.2000
2023-11-03,43318.3000,43416.1000,43221.0000,43318.2500
2023-11-04,41232.0000,41403.2500,40990.2000,41366.5000
2023-11-05,43535.1000,43774.2500,43367.2500,43475.3000
2023-11-06,43627.7500,43648.7000,43415.2000,43619.4000
2023-11-07,43598.8500,43799.3500,43283.8500,43737.9000
2023-11-08,43791.8000,43797.5500,43547.7500,43658.6500
2023-11-09,43626.1000,43876.7500,43542.6500,43683.6000
2023-11-10,44554.9000,44710.5500,44411.4000,44516.9000
2023-11-12,44054.5000,44056.0000,43916.6000,43996.6500
2023-11-13,43915.1000,43970.7500,43681.4000,43891.2500
2023-11-15,44398.4500,44408.5500,44164.5500,44201.7000
2023-11-16,44251.7000,44420.9500,44064.1500,44161.5500
2023-11-17,43656.2500,43872.8500,43513.8500,43583.9500
2023-11-20,43591.5000,43724.0000,43450.0500,43584.9500
2023-11-21,43790.9500,43790.9500,43586.4500,43689.1500
2023-11-22,43663.6000,43692.5000,43230.9500,43449.6000
2023-11-23,43452.7500,43649.6500,43451.3500,43577.5000
2023-11-24,43607.3500,43806.5000,43566.1500,43769.1000
2023-11-28,43851.5500,43960.3000,43739.8000,43880.9500
2023-11-29,44081.7500,44630.3500,44003.4500,44566.4500
2023-11-30,44711.2000,44764.8000,44254.6000,44481.7500
2023-12-01,42238.5000,42343.5000,41742.9500,42082.2500
2023-12-04,45671.5000,46484.4500,45484.2000,46431.4000
2023-12-05,46895.9000,47230.5500,46653.6500,47012.2500
2023-12-06,44035.2000,44124.9500,43874.0500,43944.2000
2023-12-07,46735.4000,46927.7000,46507.1500,46841.4000
2023-12-08,46797.2000,47303.6500,46793.9000,47262.0000
2023-12-09,45893.8000,45893.8000,45322.5500,45511.3500
2023-12-10,44571.5500,44693.0500,44530.0500,44599.2000
2023-12-11,47233.3000,47588.0000,47186.6000,47314.2500
2023-12-12,47421.7000,47454.0000,47004.0500,47097.5500
2023-12-13,47190.7500,47201.9500,46886.9000,47092.2500
2023-12-14,47567.6500,47943.6000,47510.8500,47732.3000
2023-12-15,47939.9000,48219.9500,47632.8500,48143.5500
2023-12-18,48068.5000,48076.6000,47806.7000,47867.7000
2023-12-19,47940.4000,48017.0000,47646.0500,47870.9000
2023-12-20,48085.3500,48166.1500,47202.6500,47445.3000
2023-12-21,47172.4500,47932.4000,46919.7000,47840.1500
2023-12-22,47837.7500,48071.4000,47415.8500,47491.8500
2023-12-26,47576.4000,47838.4500,47411.6500,47724.8500
2023-12-27,47818.5000,48347.6500,47806.7000,48282.2000
2023-12-28,48479.0500,48636.4500,48343.1500,48508.5500
2023-12-29,48374.8500,48477.7000,48091.8500,48292.2500
2024-01-01,48203.4500,48450.0000,48044.1500,48234.3000
2024-01-02,48194.8000,48223.5500,47689.8000,47761.6500
2024-01-03,46218.0000,47342.2500,46218.0000,47286.9000
2024-01-04,47391.0500,47646.8000,47373.1000,47578.2500
2024-01-05,48245.5500,48381.9500,47822.8500,48159.0000
2024-01-07,52351.1500,52656.1500,52166.0500,52574.7500
2024-01-08,48096.6500,48154.5000,47387.3500,47450.2500
2024-01-09,47705.4000,47939.3000,47156.0500,47242.6500
2024-01-10,47073.8500,47423.4500,47010.8000,47360.8500
2024-01-11,47538.6000,47662.1000,47237.0000,47438.3500
2024-01-12,47572.7000,47873.7000,47408.5000,47709.8000
2024-01-15,47891.0500,48248.0500,47825.4000,48158.3000
2024-01-16,48109.9500,48305.4000,48002.8500,48125.1000
2024-01-17,46573.9500,47212.7500,45979.6000,46064.4500
2024-01-18,45492.7500,46184.0500,45430.7000,45713.5500
2024-01-19,46103.5000,46249.8500,45558.0500,45701.1500
2024-01-20,45989.2500,46183.7000,45640.9000,46058.2000
2024-01-23,46495.4500,46580.3000,44886.1000,45015.0500
2024-01-24,44489.4000,45485.5000,44489.4000,45082.4000
2024-01-25,45057.9500,45139.0500,44429.0000,44866.1500
2024-01-29,45171.5000,45660.3500,45110.9000,45442.3500
2024-01-30,45481.5000,45678.7000,45206.0500,45367.7500
2024-01-31,45295.6500,46179.7500,45071.2000,45996.8000
2024-02-01,46164.9000,46306.9000,45668.3500,46188.6500
2024-02-02,46568.2000,46892.3500,45901.2500,45970.9500
2024-02-03,47377.4500,47433.8500,47237.0000,47297.5000
2024-02-04,47490.7500,47707.3500,47408.5500,47545.4500
2024-02-05,45962.2500,46048.6000,45615.1000,45825.5500
2024-02-06,45891.2000,45932.1500,45527.0000,45690.8000
2024-02-07,52793.7500,52828.4500,51996.6500,52168.1000
2024-02-08,51172.2500,51608.7000,51087.8500,51350.1500
2024-02-09,44986.7500,45718.1500,44859.1500,45634.5500
2024-02-12,45664.3000,45748.5000,44633.8500,44882.2500
2024-02-13,45056.8000,45750.4000,44819.5500,45502.4000
2024-02-14,45014.6500,46170.4500,44860.7500,45908.3000
2024-02-15,46027.1000,46297.7000,45590.2000,46218.9000
2024-02-16,46454.3000,46693.4000,46264.4000,46384.8500
2024-02-19,46554.9000,46717.4000,46317.7000,46535.5000
2024-02-20,46444.9000,47136.7500,46367.8000,47094.2000
2024-02-21,47363.4000,47363.4000,46886.9500,47019.7000
2024-02-22,46934.5500,47024.0500,46426.8500,46919.8000
2024-02-23,47060.7000,47245.3500,46723.1500,46811.7500
2024-02-26,46615.8500,46893.1500,46513.5500,46576.5000
2024-02-27,46480.2000,46722.2500,46324.9000,46588.0500
2024-02-28,46640.9000,46754.5500,45852.5500,45963.1500
2024-02-29,45881.4500,46329.6500,45661.7500,46120.9000
2024-03-01,47796.3000,47798.7500,47481.3500,47704.9500
2024-03-02,47377.4500,47433.8500,47237.0000,47297.5000
2024-03-04,47350.2500,47676.9500,47279.8000,47624.2500
2024-03-05,49375.0500,49607.7500,48659.7000,48923.5500
2024-03-06,50889.8500,51133.2000,50092.6500,50979.9500
2024-03-07,48035.8000,48071.7000,47747.2000,47835.8000
2024-03-09,51479.7500,51750.1000,51240.0500,51689.1000
2024-03-10,52314.4500,52582.9500,51683.4000,51845.2000
2024-03-11,47792.2000,47853.8000,47230.6500,47327.8500
2024-03-12,52357.9500,52780.9000,52216.8500,52695.7500
2024-03-13,47341.1500,47468.7000,46842.1500,46981.3000
2024-03-14,46825.7500,47231.5000,46565.5500,46789.9500
2024-03-15,46572.1000,46802.5500,46310.5000,46594.1000
2024-03-18,46458.7500,46739.2500,46022.1500,46575.9000
2024-03-19,46421.9000,46602.3500,46258.7500,46384.8000
2024-03-20,46392.9000,46655.5500,45828.8000,46310.9000
2024-03-21,46674.8500,46990.2500,46570.1500,46684.9000
2024-03-22,46634.9000,46974.1500,46566.8000,46863.7500
2024-03-26,46552.9500,46788.3500,46529.0500,46600.2000
2024-03-27,46643.4500,46956.1000,46643.4500,46785.9500
2024-03-28,46827.8500,47440.4500,46827.8500,47124.6000
2024-04-01,47805.4000,48281.2000,47738.1500,48195.8500
2024-04-02,47490.7500,47707.3500,47408.5500,47545.4500
2024-04-03,47318.5000,47529.6000,47191.6500,47456.1000
2024-04-04,48086.2000,48254.6500,47712.7000,48060.8000
2024-04-05,48104.6500,48557.4000,47894.5000,48493.0500
2024-04-06,50667.0500,50667.0500,46077.8500,46928.6000
2024-04-07,53357.7000,53357.7000,52815.9000,53103.7000
2024-04-08,48586.7500,48716.9500,48424.6500,48581.7000
2024-04-09,48810.8000,48960.7500,48568.2500,48730.5500
2024-04-10,48879.5500,49057.4000,48669.2500,48986.6000
2024-04-11,51764.5000,51764.5000,51066.8000,51215.2500
2024-04-12,48671.2000,48882.6500,48477.5500,48564.5500
2024-04-15,48057.5000,48255.5000,47725.8000,47773.2500
2024-04-16,47436.7000,47609.0000,47316.5500,47484.8000
2024-04-18,47592.7000,47829.7500,46982.1500,47069.4500
2024-04-19,46744.9500,47668.7000,46579.0500,47574.1500
2024-04-22,48145.7000,48146.3000,47628.4500,47924.9000
2024-04-23,48299.6000,48302.7000,47899.3000,47970.4500
2024-04-24,48120.9000,48246.2000,48028.7000,48189.0000
2024-04-25,47772.6500,48625.4500,47737.2000,48494.9500
2024-04-26,48660.0000,48679.6500,48088.2500,48201.0500
2024-04-29,48359.9000,49473.6000,48342.7000,49424.0500
2024-04-30,49477.1000,49974.7500,49249.9000,49396.7500
2024-05-01,48245.5500,48381.9500,47822.8500,48159.0000
2024-05-02,45962.2500,46048.6000,45615.1000,45825.5500
2024-05-03,47265.7000,47737.8500,47196.7500,47581.0000
2024-05-04,48104.6500,48557.4000,47894.5000,48493.0500
2024-05-06,47486.6000,49362.9000,46446.8000,49054.6000
2024-05-07,48965.0500,49023.5000,48213.7500,48285.3500
2024-05-08,48124.2000,48223.0500,47851.1500,48021.1000
2024-05-09,47976.3500,48258.6500,47440.6500,47487.9000
2024-05-10,47555.5000,47868.7000,47313.3500,47421.1000
2024-05-11,51052.6000,52289.5500,50865.4500,52207.2500
2024-05-12,53354.4500,53888.3000,52850.3500,53603.5500
2024-05-13,47389.8000,47841.6000,46983.2500,47754.1000
2024-05-14,47748.8500,47937.2500,47607.8500,47859.4500
2024-05-15,47923.1000,47957.2000,47534.5000,47687.4500
2024-05-16,47945.8500,48052.9000,47340.3500,47977.0500
2024-05-17,47842.9500,48188.6500,47758.8000,48115.6500
2024-05-18,48197.3000,48222.3500,48108.1500,48199.5000
2024-05-21,47927.1000,48259.7500,47927.1000,48048.2000
2024-05-22,48113.9000,48114.0500,47435.2500,47781.9500
2024-05-23,47899.3500,48829.7000,47873.1500,48768.6000
2024-05-24,48668.0000,49052.9500,48644.8000,48971.6500
2024-05-27,49105.9000,49688.8500,49051.2500,49281.8000
2024-05-28,49390.9000,49511.1500,49043.6500,49142.1500
2024-05-29,48786.7000,49022.6000,48401.5500,48501.3500
2024-05-30,48313.6000,49044.6000,48313.6000,48682.3500
2024-05-31,48895.1500,49122.5500,48569.0500,48983.9500
2024-06-02,45891.2000,45932.1500,45527.0000,45690.8000
2024-06-03,50889.8500,51133.2000,50092.6500,50979.9500
2024-06-04,50667.0500,50667.0500,46077.8500,46928.6000
2024-06-05,47486.6000,49362.9000,46446.8000,49054.6000
2024-06-06,49426.4000,49672.7500,48906.7500,49291.9000
2024-06-07,49316.9500,49943.2000,49080.4500,49803.2000
2024-06-08,50436.9000,50688.8000,49659.0500,49748.3000
2024-06-09,51200.4000,51380.0500,50447.3000,50576.8500
2024-06-10,49808.1500,50252.9500,49622.7500,49780.9000
2024-06-11,52440.4000,52493.9500,52185.4000,52317.4000
2024-06-12,49857.4500,50233.4000,49697.3500,49895.1000
2024-06-13,50179.0000,50186.4500,49799.6500,49846.7000
2024-06-14,49993.9500,50102.6000,49693.3500,50002.0000
2024-06-18,50194.3500,50562.1500,49900.2000,50440.9000
2024-06-19,50607.9000,51957.0000,50441.7500,51398.0500
2024-06-20,51712.9000,51842.2000,51281.5000,51783.2500
2024-06-21,51927.3000,51934.3500,51224.9500,51661.4500
2024-06-24,51280.2500,51783.9500,51138.9000,51703.9500
2024-06-25,51759.4500,52746.5000,51747.6500,52606.0000
2024-06-26,52653.2000,52988.3000,52373.7000,52870.5000
2024-06-27,52980.3000,53180.7500,52639.0000,52811.3000
2024-06-28,52874.9500,53030.3000,52242.3000,52342.2500
2024-07-01,52351.1500,52656.1500,52166.0500,52574.7500
2024-07-02,52793.7500,52828.4500,51996.6500,52168.1000
2024-07-03,52872.3000,53256.7000,52482.6500,53089.2500
2024-07-04,53357.7000,53357.7000,52815.9000,53103.7000
2024-07-05,52560.1000,52817.8500,52290.0500,52660.3500
2024-07-06,49316.9500,49943.2000,49080.4500,49803.2000
2024-07-08,52533.1000,52710.8000,52246.7000,52425.8000
2024-07-09,52390.5000,52626.6000,52292.9500,52568.8000
2024-07-10,51543.2000,51784.8000,50194.3000,50478.9000
2024-07-11,52258.9500,52377.2500,51752.2500,51916.5000
2024-07-12,52272.6500,52794.5500,52171.1500,52278.9000
2024-07-15,52330.0500,52662.2500,52154.0000,52455.9000
2024-07-16,52466.7000,52619.0500,52331.6000,52396.8000
2024-07-18,52215.0500,52782.7500,52168.6500,52620.7000
2024-07-19,52531.5500,52586.7500,52146.3000,52265.6000
2024-07-22,52145.6000,52427.0000,51874.5500,52280.4000
2024-07-23,52511.0000,52547.5500,51342.6500,51778.3000
2024-07-24,51657.6500,51944.6500,50784.2500,51317.0000
2024-07-25,50762.3000,51006.1000,50559.9000,50888.7500
2024-07-26,50456.1000,51398.6000,50438.3000,51295.9500
2024-07-29,51546.6500,52340.2500,51186.9500,51406.2500
2024-07-30,51383.9000,51957.7500,51260.0500,51499.3000
2024-07-31,51583.4500,51663.1000,51335.7000,51553.4000
2024-08-01,48096.6500,48154.5000,47387.3500,47450.2500
2024-08-02,45973.8500,46181.2000,44893.7500,45012.0000
2024-08-04,48586.7500,48716.9500,48424.6500,48581.7000
2024-08-05,50586.2500,50747.5500,49719.1000,50092.1000
2024-08-06,50436.9000,50688.8000,49659.0500,49748.3000
2024-08-07,50286.2000,50292.4500,49782.2000,50119.0000
2024-08-08,50051.9000,50440.7500,49829.6000,50156.7000
2024-08-09,50612.1000,50707.7500,50386.4500,50484.5000
2024-08-10,50736.1000,51176.0500,50466.0000,51021.0000
2024-08-11,51869.1500,52007.1500,51494.0000,51561.2000
2024-08-12,50412.6000,50830.7000,50149.2500,50577.9500
2024-08-13,50395.3500,50559.2500,49785.1000,49831.8500
2024-08-14,49887.1500,49959.2500,49654.6500,49727.3000
2024-08-16,50133.0000,50603.4000,49806.0500,50516.9000
2024-08-19,50683.5500,50728.2500,50283.5500,50368.3500
2024-08-20,50417.2500,51025.6000,50398.6000,50803.1500
2024-08-21,50666.6500,50772.4500,50333.3500,50685.5500
2024-08-22,50894.8000,51080.0000,50794.4500,50985.7000
2024-08-23,51040.0500,51117.8500,50856.7000,50933.4500
2024-08-26,51100.6500,51317.8500,51061.5500,51148.1000
2024-08-27,51214.0500,51404.7000,50938.1000,51278.7500
2024-08-28,51208.9500,51260.7500,51033.7000,51143.8500
2024-08-29,51103.7500,51368.9500,50984.4000,51152.7500
2024-08-30,51437.4500,51466.5500,51256.0000,51351.0000
2024-09-01,47705.4000,47939.3000,47156.0500,47242.6500
2024-09-02,44986.7500,45718.1500,44859.1500,45634.5500
2024-09-03,51479.7500,51750.1000,51240.0500,51689.1000
2024-09-04,51364.6500,51503.5500,51259.9000,51400.2500
2024-09-05,51544.2500,51636.7500,51389.1500,51473.0500
2024-09-06,51200.4000,51380.0500,50447.3000,50576.8500
2024-09-07,52390.5000,52626.6000,52292.9500,52568.8000
2024-09-08,50612.1000,50707.7500,50386.4500,50484.5000
2024-09-09,50549.2500,51192.7500,50369.4000,51117.8000
2024-09-10,51328.3000,51366.0000,50958.2500,51272.3000
2024-09-11,51218.5500,51420.1500,50947.7000,51010.0000
2024-09-12,53380.7500,53775.1000,53326.4000,53407.7500
2024-09-13,51952.5500,51994.1000,51643.9500,51938.0500
2024-09-16,52038.7000,52208.7000,51921.4500,52153.1500
2024-09-17,52249.0500,52284.6000,52085.5000,52188.6500
2024-09-18,52177.1000,52954.2000,52154.5500,52750.4000
2024-09-19,52929.2500,53353.3000,52847.9000,53037.6000
2024-09-20,53235.8000,54066.1000,53037.6000,53793.2000
2024-09-23,53917.9000,54197.9500,53741.4000,54105.8000
2024-09-24,54110.6500,54247.7000,53904.6500,53968.6000
2024-09-25,53794.0000,54141.3000,53792.8500,54101.6500
2024-09-26,54045.8500,54467.3500,54010.9000,54375.3500
2024-09-27,54338.7000,54338.7000,53763.2000,53834.3000
2024-09-30,53556.9500,53726.4000,52926.5500,52978.1000
2024-10-01,52844.0000,53235.2500,52817.8000,52922.6000
2024-10-03,52314.4500,52582.9500,51683.4000,51845.2000
2024-10-04,51643.7500,52358.3500,51347.2500,51462.0500
2024-10-05,47555.5000,47868.7000,47313.3500,47421.1000
2024-10-06,49808.1500,50252.9500,49622.7500,49780.9000
2024-10-07,51543.2000,51784.8000,50194.3000,50478.9000
2024-10-08,50736.1000,51176.0500,50466.0000,51021.0000
2024-10-09,51328.3000,51366.0000,50958.2500,51272.3000
2024-10-10,51195.7000,51659.4500,51047.0000,51530.9000
2024-10-11,51491.9000,51560.0000,51005.8500,51172.3000
2024-10-12,53450.0500,53624.0500,53302.6500,53577.7000
2024-10-14,51263.2500,51893.0000,51220.8500,51816.9000
2024-10-15,51975.9500,52022.0500,51698.7500,51906.0000
2024-10-16,51711.2000,52031.6000,51711.2000,51801.0500
2024-10-17,51849.3000,51930.2000,51150.2500,51288.8000
2024-10-18,51261.0000,52199.4500,51000.9000,52094.2000
2024-10-21,52361.1000,52577.5000,51855.1500,51962.7000
2024-10-22,52071.3500,52257.3000,51179.6000,51257.1500
2024-10-23,51117.8000,51551.5500,51107.9000,51239.0000
2024-10-24,51272.3000,51781.5500,51201.8500,51531.1500
2024-10-25,51369.7500,51501.0500,50382.1000,50787.4500
2024-10-28,51061.3500,51589.1500,51012.5500,51259.3000
2024-10-29,51404.1000,52354.8500,51278.9000,52320.7000
2024-10-30,51988.7000,52220.0000,51733.0000,51807.5000
2024-10-31,51649.4500,52005.6000,51318.1000,51475.3500
2024-11-01,47538.6000,47662.1000,47237.0000,47438.3500
2024-11-03,47792.2000,47853.8000,47230.6500,47327.8500
2024-11-04,51764.5000,51764.5000,51066.8000,51215.2500
2024-11-05,51052.6000,52289.5500,50865.4500,52207.2500
2024-11-06,52440.4000,52493.9500,52185.4000,52317.4000
2024-11-07,52316.9000,52400.3000,51749.4500,52270.6500
2024-11-08,51869.1500,52007.1500,51494.0000,51561.2000
2024-11-09,51218.5500,51420.1500,50947.7000,51010.0000
2024-11-10,51491.9000,51560.0000,51005.8500,51172.3000
2024-11-11,51562.7000,52177.7000,51294.2000,51876.7500
2024-11-12,53459.3000,53648.0500,53302.1500,53391.3500
2024-11-13,51030.9500,51353.5000,49904.4000,50088.3500
2024-11-14,50053.4500,50561.8000,49939.3500,50179.5500
2024-11-18,50312.4500,50445.8000,50074.0000,50363.8000
2024-11-19,50580.5500,50983.5000,50440.8500,50626.5000
2024-11-21,50625.0000,50652.1500,49787.1000,50372.9000
2024-11-22,50512.8000,51271.5000,50508.2500,51135.4000
2024-11-25,52046.3500,52331.1000,51774.0500,52207.5000
2024-11-26,52554.9000,52555.5000,51999.7500,52191.5000
2024-11-27,52154.3000,52444.3500,52019.6500,52301.8000
2024-11-28,52389.9500,52760.2000,51782.9000,51906.8500
2024-11-29,51984.1500,52170.9000,51759.4500,52055.6000
2024-12-01,47572.7000,47873.7000,47408.5000,47709.8000
2024-12-02,45664.3000,45748.5000,44633.8500,44882.2500
2024-12-03,47351.3500,47812.7500,46884.4500,47282.4000
2024-12-04,48671.2000,48882.6500,48477.5500,48564.5500
2024-12-05,53354.4500,53888.3000,52850.3500,53603.5500
2024-12-06,53634.2000,53868.5000,53160.6500,53509.5000
2024-12-07,52272.6500,52794.5500,52171.1500,52278.9000
2024-12-08,50412.6000,50830.7000,50149.2500,50577.9500
2024-12-09,53380.7500,53775.1000,53326.4000,53407.7500
2024-12-10,53450.0500,53624.0500,53302.6500,53577.7000
2024-12-11,53459.3000,53648.0500,53302.1500,53391.3500
2024-12-12,53201.0000,53537.4500,53174.4000,53216.4500
2024-12-13,53109.8000,53654.0000,52264.5500,53583.8000
2024-12-16,53502.5000,53738.9000,53335.0000,53581.3500
2024-12-17,53394.1000,53515.7000,52709.4000,52834.8000
2024-12-18,52696.9500,52827.6000,52010.6500,52139.5500
2024-12-19,51428.4500,51789.8500,51263.7500,51575.7000
2024-12-20,51401.3500,51629.0000,50609.3500,50759.2000
2024-12-23,51044.4000,51417.3500,51030.4000,51317.6000
2024-12-24,51314.9500,51382.1000,51137.5000,51233.0000
2024-12-26,51395.8000,51740.0000,50951.8000,51170.7000
2024-12-27,51268.2000,51628.4500,51240.1000,51311.3000
2024-12-30,51255.3500,51979.7500,50718.3500,50952.7500
2024-12-31,50648.2000,50945.5500,50599.8000,50860.2000
2025-01-01,50841.9000,51321.9500,50485.0500,51060.6000
2025-01-02,49592.5500,50009.5000,48925.4500,49506.9500
2025-01-03,51567.1500,51671.6000,50904.3500,50988.8000
2025-01-04,51178.1500,51683.8500,50742.0000,50827.5000
2025-01-06,50990.6500,51026.1000,49751.0000,49922.0000
2025-01-07,57375.8000,57533.8500,57150.3500,57459.4500
2025-01-08,50201.7500,50246.9000,49389.7500,49835.0500
2025-01-09,49712.5500,49798.1000,49230.1500,49503.5000
2025-01-10,54653.9000,55406.7500,54582.5500,55347.9500
2025-01-12,60102.0500,60114.3000,59527.6000,59681.3500
2025-01-13,48264.2500,48606.3500,47898.3500,48041.2500
2025-01-14,48266.9000,49007.3500,48235.2000,48729.1500
2025-01-15,48832.7500,49083.6500,48522.4000,48751.7000
2025-01-16,49082.9000,49459.0000,49038.4500,49278.7000
2025-01-17,48959.5000,49047.2000,48309.5000,48540.6000
2025-01-20,48834.1500,49650.6000,48683.6000,49350.8000
2025-01-21,49532.0000,49543.1500,48430.9500,48570.9000
2025-01-22,48689.5500,48781.7500,48074.0500,48724.4000
2025-01-23,48770.1500,48892.7000,48493.0000,48589.0000
2025-01-24,48546.0500,48858.6500,48203.0000,48367.8000
2025-01-27,47881.6500,48319.2000,47844.1500,48064.6500
2025-01-28,48642.5000,49247.1500,48449.0500,48866.8500
2025-01-29,48997.2000,49199.6500,48849.8000,49165.9500
2025-01-30,49206.2000,49426.2000,49031.8000,49311.9500
2025-01-31,49259.6500,49674.8000,49031.8000,49587.2000
2025-02-01,51084.9500,51672.7500,50992.8000,51605.5500
2025-02-03,49074.8000,49373.4500,48906.0500,49210.5500
2025-02-04,50966.9000,51404.2000,50908.3500,51348.0500
2025-02-05,55100.9500,55691.9500,54994.4000,55115.3500
2025-02-06,50468.3500,50553.3500,50149.8000,50382.1000
2025-02-07,50484.4500,50641.7500,49871.1500,50158.8500
2025-02-09,54038.2500,54160.9500,53578.0000,53661.0000
2025-02-10,50052.5000,50155.6500,49703.1000,49981.0000
2025-02-11,49812.1500,49906.7500,49177.4000,49403.4000
2025-02-12,49402.2500,49702.3500,48734.3500,49479.4500
2025-02-13,49469.3500,49836.1000,49276.1000,49359.8500
2025-02-14,49485.6500,49592.9500,48719.7500,49099.4500
2025-02-17,48880.4000,49319.0000,48525.6000,49258.9000
2025-02-18,49211.8500,49328.5500,48814.9500,49087.3000
2025-02-19,48895.3500,49628.2500,48804.0000,49570.1000
2025-02-20,49314.1000,49455.8000,49150.9500,49334.5500
2025-02-21,49127.9500,49306.5500,48764.0000,48981.2000
2025-02-24,48619.8000,48748.4000,48281.9000,48651.9500
2025-02-25,48691.2000,48862.1500,48534.1500,48608.3500
2025-02-27,48732.2000,48972.5500,48627.1000,48743.8000
2025-02-28,48437.5500,48574.5000,48078.7000,48344.7000
2025-03-01,51567.1500,51671.6000,50904.3500,50988.8000
2025-03-02,49074.8000,49373.4500,48906.0500,49210.5500
2025-03-03,48478.6000,48574.7000,47841.3000,48114.3000
2025-03-04,50910.0000,51661.6000,50906.6500,51597.3500
2025-03-05,48241.3000,48657.6500,48190.2500,48489.9500
2025-03-06,56104.8000,56161.4000,55455.8000,55599.9500
2025-03-07,57050.4000,57193.2500,56764.1000,56791.9500
2025-03-09,53630.7500,54136.1500,53561.7500,54067.5500
2025-03-10,55182.6000,55616.4500,55177.0000,55589.2500
2025-03-11,57726.8500,58247.5500,57718.4000,58101.4500
2025-03-12,47894.4000,48222.1500,47844.9500,48056.6500
2025-03-13,48219.1500,48352.4500,48006.1000,48060.4000
2025-03-17,48219.5500,48481.3500,48196.1000,48354.1500
2025-03-18,48792.9000,49400.3000,48629.4500,49314.5000
2025-03-19,49375.4000,49807.5500,49324.8000,49702.6000
2025-03-20,49947.6000,50155.3000,49771.6500,50062.8500
2025-03-21,49927.1000,50672.1500,49891.9500,50593.5500
2025-03-24,50982.7000,51801.1500,50795.9000,51704.9500
2025-03-25,51874.2000,52063.9500,51429.6000,51607.9500
2025-03-26,51640.0500,51875.8000,51069.1500,51209.0000
2025-03-27,51084.7000,51714.3500,51050.8500,51575.8500
2025-03-28,51608.4000,51839.1000,51335.3500,51564.8500
2025-04-01,51178.1500,51683.8500,50742.0000,50827.5000
2025-04-02,49538.8000,50206.6000,49482.5000,50157.9500
2025-04-03,47942.5000,48374.9000,47924.7500,48245.2000
2025-04-04,51711.6000,51893.6000,51360.4000,51502.7000
2025-04-06,55650.3500,55791.0000,55408.3500,55676.8500
2025-04-07,56825.2500,57075.1000,56623.6000,57031.9000
2025-04-08,50388.5500,50793.7000,50030.8000,50511.0000
2025-04-09,50487.1000,50496.9000,49910.8500,50240.1500
2025-04-11,50634.1000,51244.7000,50634.1000,51002.3500
2025-04-12,59287.1000,59548.7000,59062.1500,59288.7000
2025-04-15,52299.0000,52486.3500,51863.3000,52379.5000
2025-04-16,52690.9000,53164.4500,52471.3500,53117.7500
2025-04-17,53153.7500,54407.2000,53084.9000,54290.2000
2025-04-21,54891.2500,55461.6500,54674.9500,55304.5000
2025-04-22,55414.3000,55961.2000,55243.5500,55647.2000
2025-04-23,56097.1000,56098.7000,55162.5000,55370.0500
2025-04-24,55103.9000,55550.4500,55088.4000,55201.4000
2025-04-25,55233.5500,55350.5500,54176.4500,54664.0500
2025-04-28,54610.3000,55577.4000,54582.3500,55432.8000
2025-04-29,55524.3500,55957.7500,55262.4000,55391.2500
2025-04-30,55382.4000,55478.2500,54723.7000,55087.1500
2025-05-02,50402.3000,50522.1500,50215.4500,50343.0500
2025-05-03,48241.3000,48657.6500,48190.2500,48489.9500
2025-05-05,55065.8000,55345.5000,54786.5000,54919.5000
2025-05-06,55806.7500,56010.1500,55580.4500,55760.8500
2025-05-07,54013.4000,54684.3000,53919.9000,54610.9000
2025-05-08,55545.0500,55648.1500,55202.8500,55360.2500
2025-05-09,54308.0500,54308.0500,53719.5500,54114.5500
2025-05-12,59133.2000,59806.6000,59106.5500,59777.2000
2025-05-13,55233.5000,55499.6500,54888.5000,54940.8500
2025-05-14,55008.5500,55208.6000,54491.0000,54801.3000
2025-05-15,54853.7000,55490.5500,54442.3000,55355.6000
2025-05-16,55276.0000,55418.9000,55170.2500,55354.9000
2025-05-19,55326.0500,55695.5500,55296.5500,55420.7000
2025-05-20,55445.3000,55568.3500,54829.4500,54877.3500
2025-05-21,55060.2000,55336.8500,54690.8000,55075.1000
2025-05-22,54875.9000,54996.1000,54576.6000,54941.3000
2025-05-23,54959.3000,55441.3000,54854.5000,55398.2500
2025-05-26,55534.9000,55875.7500,55307.5000,55572.0000
2025-05-27,55458.9500,55831.3500,55037.8500,55352.8000
2025-05-28,55328.6000,55521.8000,55235.5500,55417.0000
2025-05-29,55571.4000,55782.7500,55096.4500,55546.0500
2025-05-30,55615.5500,55813.3000,55356.6000,55749.7000
2025-06-01,50990.6500,51026.1000,49751.0000,49922.0000
2025-06-02,50468.3500,50553.3500,50149.8000,50382.1000
2025-06-03,48760.0000,48839.1000,48299.4000,48627.7000
2025-06-04,55650.3500,55791.0000,55408.3500,55676.8500
2025-06-05,54918.2500,55036.9500,54172.9500,54271.4000
2025-06-06,55699.4500,56695.0000,55534.7500,56578.4000
2025-06-08,55329.8000,55559.4000,55227.7000,55411.1500
2025-06-09,57049.5000,57049.5000,56792.7000,56839.6000
2025-06-10,56993.9000,57015.4000,56564.1500,56629.1000
2025-06-11,56639.8500,56782.5000,56399.4000,56459.7500
2025-06-12,56480.9000,56611.0500,55968.5000,56082.5500
2025-06-13,55149.3000,55688.0000,55149.3000,55527.3500
2025-06-16,55554.1000,55999.8500,55381.4500,55944.9000
2025-06-17,55975.0000,56067.3000,55643.9500,55714.1500
2025-06-18,55544.9500,55933.6000,55511.8000,55828.7500
2025-06-19,55784.8500,55942.4500,55475.4500,55577.4500
2025-06-20,55566.7000,56328.2000,55566.4000,56252.8500
2025-06-23,55832.3500,56233.5500,55779.2500,56059.3500
2025-06-24,56529.4500,56862.0000,56276.1500,56461.9000
2025-06-25,56564.5000,56681.4000,56420.6500,56621.1500
2025-06-26,56693.5500,57263.4500,56558.3500,57206.7000
2025-06-27,57234.7000,57475.4000,56993.8500,57443.9000
2025-06-30,57529.9500,57614.5000,57193.8000,57312.7500
2025-07-01,57375.8000,57533.8500,57150.3500,57459.4500
2025-07-02,50484.4500,50641.7500,49871.1500,50158.8500
2025-07-03,48463.8000,48709.0500,48359.3500,48497.5000
2025-07-04,49336.1000,50426.2500,49156.9500,49860.1000
2025-07-05,54013.4000,54684.3000,53919.9000,54610.9000
2025-07-07,56938.7000,57152.2000,56838.5500,56949.2000
2025-07-08,56942.5500,57303.3000,56923.0500,57256.3000
2025-07-09,57199.7500,57290.6500,57037.9000,57213.5500
2025-07-10,56126.4000,56502.4500,56025.0500,56239.3500
2025-07-11,57391.4000,58001.3500,57157.8500,57876.8000
2025-07-14,56780.7500,56896.3000,56594.2500,56765.3500
2025-07-15,56709.2000,57134.9500,56707.8000,57006.6500
2025-07-16,57111.2500,57276.5500,56937.6000,57168.9500
2025-07-17,57231.9500,57262.8500,56780.1500,56828.8000
2025-07-18,56524.2500,56705.1500,56204.8500,56283.0000
2025-07-21,56558.9000,56983.4500,56255.7000,56952.7500
2025-07-22,57253.3500,57286.1500,56692.0000,56756.0000
2025-07-23,56918.1500,57249.0000,56715.8000,57210.4500
2025-07-24,57316.6000,57316.6000,56850.9000,57066.0500
2025-07-25,57170.7000,57170.7000,56439.4000,56528.9000
2025-07-28,56215.1000,56578.4000,55997.4500,56084.9000
2025-07-29,55881.8000,56296.4000,55843.2500,56222.0000
2025-07-30,56310.1000,56321.1500,56064.5500,56150.7000
2025-07-31,55728.1500,56406.2000,55547.3500,55961.9500
2025-08-01,55897.1500,56097.6000,55562.1000,55617.6000
2025-08-04,55557.5000,55752.4500,55437.3000,55619.3500
2025-08-05,55545.0500,55648.1500,55202.8500,55360.2500
2025-08-06,55329.8000,55559.4000,55227.7000,55411.1500
2025-08-07,55215.6500,55614.8000,54973.5500,55521.1500
2025-08-08,55609.3500,55652.6000,54905.6000,55004.9000
2025-08-09,54215.4000,54518.7000,54067.1500,54186.9000
2025-08-10,56098.5000,56303.6000,55821.0000,56018.2500
2025-08-11,54999.3500,55582.1500,54927.5500,55510.7500
2025-08-12,59672.0500,59713.1500,59030.6000,59238.5500
2025-08-13,55340.0500,55340.0500,55026.9500,55181.4500
2025-08-14,55102.5500,55472.8000,55074.3000,55341.8500
2025-08-18,55940.6000,56156.3000,55647.6500,55734.9000
2025-08-19,55622.3000,55965.5500,55608.1500,55865.1500
2025-08-20,55751.5000,55812.6000,55577.3500,55698.5000
2025-08-21,55972.0500,55993.6500,55708.2000,55755.4500
2025-08-22,55669.2500,55745.0000,55102.6000,55149.4000
2025-08-25,55147.7500,55306.0000,55048.4000,55139.3000
2025-08-26,54999.0500,55068.9000,54396.1000,54450.4500
2025-08-28,54256.0000,54382.2500,53768.4500,53820.3500
2025-08-29,53660.3500,54086.0000,53606.4500,53655.6500
2025-09-01,49712.5500,49798.1000,49230.1500,49503.5000
2025-09-02,54038.2500,54160.9500,53578.0000,53661.0000
2025-09-03,53630.7500,54136.1500,53561.7500,54067.5500
2025-09-04,54379.6000,54450.5500,53971.8500,54075.4500
2025-09-05,54308.0500,54308.0500,53719.5500,54114.5500
2025-09-06,57049.5000,57049.5000,56792.7000,56839.6000
2025-09-07,57199.7500,57290.6500,57037.9000,57213.5500
2025-09-08,54215.4000,54518.7000,54067.1500,54186.9000
2025-09-09,54330.5500,54350.6500,54079.4500,54216.1000
2025-09-10,55979.0000,56286.2500,55843.9000,56192.0500
2025-09-11,54413.0500,54757.4500,54402.4000,54669.6000
2025-09-12,58918.8500,59358.2500,58878.4500,59222.3500
2025-09-15,54884.0500,55018.7000,54807.5000,54887.8500
2025-09-16,54778.4000,55185.4500,54777.7500,55147.6000
2025-09-17,55158.3500,55540.7500,55146.5500,55493.3000
2025-09-18,55797.1000,55835.2500,55490.9000,55727.4500
2025-09-19,55647.9500,55688.7500,55355.3000,55458.8500
2025-09-22,55429.3000,55666.3500,55215.6000,55284.7500
2025-09-23,55248.7000,55662.0000,55159.0000,55509.7500
2025-09-24,55387.1000,55511.1000,55040.4500,55121.5000
2025-09-25,55061.6500,55276.6500,54903.3000,54976.2000
2025-09-26,54797.9000,54897.0000,54310.9500,54389.3500
2025-09-29,54460.4000,54686.0500,54226.6000,54461.0000
2025-09-30,54705.5000,54793.0500,54502.9500,54635.8500
2025-10-01,49426.5000,49483.1500,48631.2000,48734.1500
2025-10-02,50052.5000,50155.6500,49703.1000,49981.0000
2025-10-03,55182.6000,55616.4500,55177.0000,55589.2500
2025-10-06,55834.7000,56164.2000,55727.2500,56104.8500
2025-10-07,57339.7500,57363.7000,56886.6000,56956.0000
2025-10-08,56098.5000,56303.6000,55821.0000,56018.2500
2025-10-09,54554.7500,54705.2000,54400.0000,54536.0000
2025-10-10,56168.6000,56760.2500,56152.4500,56609.7500
2025-10-11,57846.2000,58097.2000,57846.2000,57937.5500
2025-10-12,59281.5500,59440.9000,58853.9000,58960.4000
2025-10-13,56337.0500,56770.9000,56327.4000,56625.0000
2025-10-14,56598.6500,56721.3000,56230.1500,56496.4500
2025-10-15,56528.9500,56922.7000,56491.8500,56799.9000
2025-10-16,57139.9500,57525.8000,56994.7000,57422.5500
2025-10-17,57362.9000,57830.2000,57238.6500,57713.3500
2025-10-20,57872.8500,58261.5500,57872.8500,58033.2000
2025-10-21,58063.4000,58155.5500,57887.2000,58007.2000
2025-10-23,58314.5500,58577.5000,57951.4500,58078.0500
2025-10-24,58172.7500,58232.9000,57482.0500,57699.6000
2025-10-27,57796.4500,58224.5500,57652.7500,58114.2500
2025-10-28,58006.5500,58313.8000,57770.3500,58214.1000
2025-10-29,58316.2500,58469.9000,58087.0500,58385.2500
2025-10-30,58152.0500,58331.2000,57999.2000,58031.1000
2025-10-31,57942.4500,58254.9500,57656.9500,57776.3500
2025-11-02,49812.1500,49906.7500,49177.4000,49403.4000
2025-11-03,57726.8500,58247.5500,57718.4000,58101.4500
2025-11-04,50634.1000,51244.7000,50634.1000,51002.3500
2025-11-06,56639.8500,56782.5000,56399.4000,56459.7500
2025-11-07,56843.4500,57091.0500,56607.7500,56754.7000
2025-11-08,54999.3500,55582.1500,54927.5500,55510.7500
2025-11-09,54413.0500,54757.4500,54402.4000,54669.6000
2025-11-10,57846.2000,58097.2000,57846.2000,57937.5500
2025-11-11,57962.3000,58187.3500,57594.2500,58138.1500
2025-11-12,58505.3500,58507.7000,58171.8500,58274.6500
2025-11-13,58158.7500,58615.9500,58127.1000,58381.9500
2025-11-14,58050.0000,58590.1500,58050.0000,58517.5500
2025-11-17,58696.3000,59001.5500,58605.3000,58962.7000
2025-11-18,58990.5000,59103.6500,58798.9000,58899.2500
2025-11-19,58908.1500,59264.2500,58688.5500,59216.0500
2025-11-20,59308.2000,59440.1000,59125.2500,59347.7000
2025-11-21,59116.7000,59232.1500,58823.6500,58867.7000
2025-11-24,58996.9000,59309.9000,58649.5000,58835.3500
2025-11-25,58925.6500,59166.1500,58746.2000,58820.3000
2025-11-26,58783.0500,59554.9500,58783.0500,59528.0500
2025-11-27,59605.3000,59866.6000,59523.0000,59737.3000
2025-11-28,59758.7000,59897.5000,59598.9500,59752.7000
2025-12-01,60102.0500,60114.3000,59527.6000,59681.3500
2025-12-02,49402.2500,49702.3500,48734.3500,49479.4500
2025-12-03,47894.4000,48222.1500,47844.9500,48056.6500
2025-12-04,59287.1000,59548.7000,59062.1500,59288.7000
2025-12-05,54658.7500,55466.3000,54558.0500,55382.8500
2025-12-06,56480.9000,56611.0500,55968.5000,56082.5500
2025-12-08,59672.0500,59713.1500,59030.6000,59238.5500
2025-12-09,58918.8500,59358.2500,58878.4500,59222.3500
2025-12-10,59281.5500,59440.9000,58853.9000,58960.4000
2025-12-11,58966.2000,59423.3500,58799.9000,59209.8500
2025-12-12,59401.5000,59545.7000,59224.8500,59389.9500
2025-12-15,59053.7000,59533.0000,59044.6500,59461.8000
2025-12-16,59288.7500,59335.2500,58966.3500,59034.6000
2025-12-17,59072.8000,59127.2000,58801.4000,58926.7500
2025-12-18,58712.7000,59211.0000,58712.7000,58912.8500
2025-12-19,59047.4000,59140.5500,58897.5000,59069.2000
2025-12-22,59224.7500,59371.2000,59155.5000,59304.0000
2025-12-23,59334.3500,59402.3500,59216.7500,59299.5500
2025-12-24,59322.9500,59478.1500,59118.2500,59183.6000
2025-12-26,59092.8500,59180.6500,58947.0500,59011.3500
2025-12-29,59007.0500,59140.4000,58809.5500,58932.3500
2025-12-30,58885.9500,59272.7000,58737.6000,59171.2500
2025-12-31,59194.6000,59766.2000,59187.1000,59581.8500
2026-01-01,59674.8000,59743.2000,59569.6500,59711.5500
2026-01-02,59607.6500,59865.7000,57783.2000,58417.2000
2026-01-04,51433.9000,52025.8500,51133.5500,51448.6500
2026-01-06,54403.8500,54582.7500,53470.0000,53643.1000
2026-01-07,57573.3500,58134.1500,57487.8500,58033.0500
2026-01-09,57560.3000,57766.2500,57150.7000,57409.6000
2026-01-10,54583.0500,55091.4500,54066.6000,54450.7500
2026-02-01,59757.4000,60203.7500,59738.2500,60150.9500
2026-02-02,58239.3000,58687.0500,57829.8500,58619.0000
2026-02-03,59204.3000,60177.5000,59148.0000,59839.6500
2026-02-04,50625.6500,51731.9500,49954.8500,51548.7500
2026-02-06,53265.1000,53933.5500,53121.8500,53714.6500
2026-02-07,58134.5000,58396.1000,57884.6000,58031.6500
2026-02-09,57006.4500,57221.1000,56823.2000,57172.0000
2026-03-02,61411.2000,61764.8500,59793.2000,60041.3000
2026-03-06,53541.1000,54299.3500,53027.1500,54185.9500
2026-03-07,58343.2500,58343.2500,57799.0500,57938.5000
2026-03-08,57569.6000,58247.9500,57465.9500,58247.9500
2026-03-09,57497.8500,57753.6000,57380.6000,57380.6000
2026-04-02,60163.3500,60389.4000,59891.7500,60238.1500
2026-04-03,58447.1500,59058.4000,58393.5500,58755.2500
2026-04-05,54937.9000,55602.3000,54723.5000,54878.5000
2026-04-06,53918.8500,54461.0000,53829.4000,54307.8500
2026-04-08,58068.9500,58068.9500,57352.6500,57907.2000
2026-04-09,57492.6500,57677.1500,57324.5500,57369.6500
2026-05-01,60360.4000,60437.3500,59859.8000,60044.2000
2026-05-02,60315.3500,60328.3000,59881.0500,60063.6500
2026-05-03,59008.2500,59274.3500,58506.4000,59055.8500
2026-05-05,54691.3000,54888.5500,54221.6500,54547.0500
2026-05-06,54405.2000,54865.5000,54140.6000,54496.2500
2026-05-08,57810.0500,57931.8500,57456.3500,57739.9500
2026-05-10,54840.6500,55192.6500,54370.6000,54714.1000
2026-06-01,59957.8000,60305.0000,59844.8000,60118.4000
2026-06-02,59967.1000,60149.9000,59644.5500,60120.5500
2026-06-03,58629.6000,58807.1500,57696.4000,57783.2500
2026-06-04,51747.6000,52704.5500,51111.1000,52609.1000
2026-06-05,55113.4000,56078.8000,54587.2000,55981.0500
2026-06-07,57983.9000,58477.3000,57938.6500,58291.5000
2026-06-08,57815.0000,58076.8500,57714.7000,58063.6500
2026-06-10,54901.3000,55201.0000,54834.7500,55128.4000
2026-07-01,60039.7000,60065.4000,59760.6500,59990.8500
2026-07-04,52258.7000,52778.2000,51868.4500,52716.2500
2026-07-05,56114.0000,56334.1500,55783.2000,56047.4000
2026-07-07,58567.8500,58581.1000,58110.1000,58200.7000
2026-07-08,57882.0000,57994.4500,57686.5500,57746.4500
2026-07-09,57343.3000,57426.8500,57002.9500,57088.3000
2026-07-10,54968.7000,55340.7000,54636.2000,55055.5500
2026-08-01,59893.1500,60112.8500,59564.8000,59686.5000
2026-08-04,54904.4500,55778.2500,54797.5000,55703.9000
2026-08-05,55783.9500,55797.7000,55062.5000,55310.5500
2026-08-06,53853.4500,54455.2000,53843.3000,54063.7500
2026-08-07,57918.2500,58075.6000,56549.4000,56742.6000
2026-08-09,56990.4000,57044.0000,56720.4500,56777.5500
2026-08-10,55042.9000,55043.0000,54383.1500,54515.0500
2026-09-01,59558.1500,59739.6500,59154.2000,59251.5500
2026-09-02,60805.2000,60876.2000,60495.7000,60669.3500
2026-09-03,56121.4000,56274.1500,55270.6000,56019.8000
2026-09-04,55505.9500,55583.1000,54626.8500,54821.7000
2026-09-06,54265.0000,55318.3500,54242.3000,55194.5000
2026-09-07,56871.0000,57464.2000,56867.3000,57252.4500
2026-09-09,56498.8500,56743.0500,56295.5500,56295.5500
2026-09-10,54746.2500,55419.3000,54617.2000,55256.6500
2026-10-02,60740.8000,60797.5500,60531.5500,60626.4000
2026-10-03,56583.8500,57097.0500,56387.2000,56950.8000
2026-10-04,55182.2500,55978.5000,55145.2500,55912.7500
2026-10-06,55110.5000,55555.8500,55026.1500,55100.3000
2026-10-07,57592.5000,58251.9500,57576.7000,58045.9000
2026-10-08,57812.3000,58015.8500,57527.7500,57686.9500
2026-10-09,56262.7500,56575.1500,56231.8500,56471.9500
2026-11-02,60670.2500,60779.9500,60444.6500,60745.3500
2026-11-03,56790.4000,56938.4000,55631.9500,55735.7500
2026-11-05,54832.4500,55002.4500,54360.7000,54439.9000
2026-11-06,54779.6500,55600.1500,54753.1500,55176.7500
2026-11-08,57604.3500,57607.2500,57158.1000,57446.2500
2026-11-09,55970.1500,56645.8500,55699.4500,56606.5500
2026-12-01,59217.2500,59541.1000,58864.2000,59450.5000
2026-12-02,60786.1500,60864.4000,60597.6500,60739.7500
2026-12-03,55008.2000,55636.9500,54760.5500,55100.9500
2026-12-05,54178.4000,54365.4500,53457.5000,53555.2000
2026-12-06,55934.1000,56867.1000,55726.5500,56814.8000
2026-12-08,57391.8000,57885.8500,57254.0000,57885.8500
