Date,Open,High,Low,Close
1996-01-01,,,,1000.0000
1996-01-02,,,,997.8200
1996-01-03,,,,991.4200
1996-01-04,,,,991.4800
1996-01-05,,,,986.1700
1996-01-07,,,,1232.2000
1996-01-08,,,,1242.0600
1996-01-09,,,,972.7300
1996-01-10,,,,1181.6300
1996-01-11,,,,1152.0100
1996-01-12,,,,983.2200
1996-01-15,,,,979.0900
1996-01-16,,,,977.1400
1996-01-17,,,,978.4900
1996-01-18,,,,970.9000
1996-01-19,,,,964.2000
1996-01-22,,,,958.8100
1996-01-23,,,,940.0000
1996-01-24,,,,928.3500
1996-01-25,,,,920.8200
1996-01-29,,,,936.3600
1996-01-30,,,,953.6800
1996-01-31,,,,950.5100
1996-02-01,,,,968.4000
1996-02-02,,,,1012.0300
1996-02-04,,,,1070.4400
1996-02-05,,,,1211.5000
1996-02-06,,,,1025.7300
1996-02-07,,,,1221.4500
1996-02-08,,,,1062.1900
1996-02-09,,,,1085.5600
1996-02-12,,,,1109.5600
1996-02-13,,,,1114.4400
1996-02-14,,,,1138.9200
1996-02-15,,,,1146.7700
1996-02-16,,,,1123.2600
1996-02-19,,,,1119.0800
1996-02-20,,,,1093.0100
1996-02-22,,,,1114.7000
1996-02-23,,,,1115.1100
1996-02-26,,,,1113.3300
1996-02-27,,,,1109.7200
1996-02-28,,,,1107.3700
1996-02-29,,,,1076.3500
1996-03-01,,,,991.4200
1996-03-04,,,,1075.0400
1996-03-05,,,,1201.8500
1996-03-06,,,,1187.9400
1996-03-07,,,,1059.7100
1996-03-08,,,,1046.5400
1996-03-09,,,,1204.4800
1996-03-10,,,,1183.3900
1996-03-11,,,,1037.0400
1996-03-12,,,,1091.8000
1996-03-13,,,,1062.0800
1996-03-14,,,,1065.9900
1996-03-15,,,,1062.8000
1996-03-18,,,,1049.3100
1996-03-19,,,,1043.1800
1996-03-21,,,,1047.3600
1996-03-22,,,,1030.9900
1996-03-25,,,,1018.4000
1996-03-26,,,,1029.8600
1996-03-27,,,,1035.7000
1996-03-28,,,,1053.5700
1996-03-29,,,,1047.1500
1996-04-01,,,,991.4800
1996-04-02,,,,1070.4400
1996-04-03,,,,1075.0400
1996-04-04,,,,1088.1800
1996-04-06,,,,1189.1300
1996-04-07,,,,1238.7200
1996-04-08,,,,1109.3000
1996-04-09,,,,1106.3200
1996-04-10,,,,1104.9700
1996-04-11,,,,1095.8100
1996-04-12,,,,1063.0200
1996-04-15,,,,1105.4400
1996-04-16,,,,1140.7600
1996-04-17,,,,1186.1300
1996-04-18,,,,1202.0100
1996-04-19,,,,1208.6500
1996-04-22,,,,1184.6400
1996-04-23,,,,1185.1800
1996-04-24,,,,1215.7800
1996-04-25,,,,1214.9800
1996-04-26,,,,1209.8700
1996-04-29,,,,1204.8500
1996-04-30,,,,1200.3000
1996-05-01,,,,1217.8000
1996-05-02,,,,1040.4000
1996-05-03,,,,1201.8500
1996-05-06,,,,1177.1700
1996-05-07,,,,1248.7500
1996-05-08,,,,1245.3700
1996-05-09,,,,1221.7000
1996-05-10,,,,1167.1400
1996-05-11,,,,1119.8800
1996-05-12,,,,1074.6800
1996-05-13,,,,1179.0400
1996-05-14,,,,1195.0900
1996-05-15,,,,1199.3800
1996-05-16,,,,1205.9100
1996-05-17,,,,1194.0400
1996-05-20,,,,1157.6400
1996-05-21,,,,1144.3800
1996-05-22,,,,1153.2000
1996-05-23,,,,1152.2300
1996-05-24,,,,1164.1400
1996-05-27,,,,1141.8600
1996-05-28,,,,1139.6300
1996-05-29,,,,1170.3800
1996-05-30,,,,1160.5600
1996-05-31,,,,1170.5000
1996-06-02,,,,1025.7300
1996-06-03,,,,1076.7800
1996-06-04,,,,1189.1300
1996-06-05,,,,1177.1700
1996-06-06,,,,1215.6300
1996-06-07,,,,1226.1500
1996-06-08,,,,1240.7800
1996-06-09,,,,1220.6900
1996-06-10,,,,1237.8900
1996-06-11,,,,1248.7500
1996-06-12,,,,1265.1900
1996-06-13,,,,1269.2100
1996-06-14,,,,1309.2100
1996-06-17,,,,1293.9700
1996-06-18,,,,1300.6400
1996-06-19,,,,1291.4100
1996-06-20,,,,1291.3800
1996-06-21,,,,1285.7700
1996-06-24,,,,1283.5900
1996-06-25,,,,1248.5900
1996-06-26,,,,1251.1900
1996-06-27,,,,1258.5900
1996-06-28,,,,1247.8900
1996-07-01,,,,1232.2000
1996-07-02,,,,1023.6800
1996-07-03,,,,1216.9100
1996-07-04,,,,1238.7200
1996-07-05,,,,1248.7500
1996-07-06,,,,1226.1500
1996-07-08,,,,1251.4800
1996-07-09,,,,1244.4900
1996-07-10,,,,1242.4700
1996-07-11,,,,1098.3900
1996-07-12,,,,1243.8500
1996-07-15,,,,1244.0500
1996-07-16,,,,1223.3300
1996-07-17,,,,1251.8800
1996-07-18,,,,1265.7900
1996-07-19,,,,1269.1100
1996-07-22,,,,1280.9900
1996-07-23,,,,1267.2400
1996-07-24,,,,1256.3300
1996-07-25,,,,1252.4100
1996-07-26,,,,1248.6400
1996-07-29,,,,1224.5400
1996-07-30,,,,1199.6700
1996-07-31,,,,1236.4200
1996-08-01,,,,1242.0600
1996-08-02,,,,1062.1900
1996-08-03,,,,1046.5400
1996-08-04,,,,1109.3000
1996-08-05,,,,1245.3700
1996-08-06,,,,1240.7800
1996-08-07,,,,1263.3400
1996-08-08,,,,1239.3200
1996-08-09,,,,1240.5800
1996-08-10,,,,1151.8700
1996-08-11,,,,1109.5300
1996-08-12,,,,1240.8400
1996-08-13,,,,1233.2800
1996-08-14,,,,1227.4000
1996-08-16,,,,1215.2100
1996-08-19,,,,1180.9600
1996-08-20,,,,1183.0100
1996-08-21,,,,1204.1200
1996-08-22,,,,1200.6100
1996-08-23,,,,1209.3000
1996-08-26,,,,1203.9600
1996-08-27,,,,1208.1700
1996-08-28,,,,1224.3700
1996-08-29,,,,1225.8800
1996-08-30,,,,1223.4200
1996-09-01,,,,972.7300
1996-09-02,,,,1085.5600
1996-09-03,,,,1204.4800
1996-09-04,,,,1106.3200
1996-09-05,,,,1176.9100
1996-09-06,,,,1220.6900
1996-09-07,,,,1244.4900
1996-09-08,,,,1240.5800
1996-09-09,,,,1206.0000
1996-09-10,,,,1199.1100
1996-09-11,,,,1190.2800
1996-09-12,,,,1190.2500
1996-09-13,,,,1185.2900
1996-09-16,,,,1177.0800
1996-09-17,,,,1193.3900
1996-09-18,,,,1209.5700
1996-09-19,,,,1202.0500
1996-09-20,,,,1205.6600
1996-09-23,,,,1198.7600
1996-09-24,,,,1199.3700
1996-09-25,,,,1200.9300
1996-09-26,,,,1187.1500
1996-09-27,,,,1184.7400
1996-09-30,,,,1183.4500
1996-10-01,,,,1181.6300
1996-10-03,,,,1183.3900
1996-10-04,,,,1161.3800
1996-10-05,,,,1167.1400
1996-10-06,,,,1237.8900
1996-10-07,,,,1242.4700
1996-10-08,,,,1151.8700
1996-10-09,,,,1141.3400
1996-10-10,,,,1174.6200
1996-10-11,,,,1178.7900
1996-10-12,,,,1096.3300
1996-10-14,,,,1162.2800
1996-10-15,,,,1176.1100
1996-10-16,,,,1161.6500
1996-10-17,,,,1156.6400
1996-10-18,,,,1158.6600
1996-10-22,,,,1176.0400
1996-10-23,,,,1206.0900
1996-10-24,,,,1191.7200
1996-10-25,,,,1190.2300
1996-10-28,,,,1188.6700
1996-10-29,,,,1186.9900
1996-10-31,,,,1156.5500
1996-11-01,,,,1152.0100
1996-11-03,,,,1037.0400
1996-11-04,,,,1133.7600
1996-11-05,,,,1119.8800
1996-11-06,,,,1248.7500
1996-11-07,,,,1250.0000
1996-11-08,,,,1109.5300
1996-11-09,,,,1190.2800
1996-11-10,,,,1109.4300
1996-11-11,,,,1114.1100
1996-11-12,,,,1125.9800
1996-11-13,,,,1128.7900
1996-11-14,,,,1128.2500
1996-11-15,,,,1128.7000
1996-11-18,,,,1146.8300
1996-11-19,,,,1148.4600
1996-11-20,,,,1128.7200
1996-11-21,,,,1126.1200
1996-11-22,,,,1119.4700
1996-11-25,,,,1111.6900
1996-11-26,,,,1122.0900
1996-11-27,,,,1093.3300
1996-11-28,,,,1097.3500
1996-11-29,,,,1106.7500
1996-12-01,,,,983.2200
1996-12-02,,,,1109.5600
1996-12-03,,,,1035.1900
1996-12-04,,,,1096.9000
1996-12-05,,,,1074.6800
1996-12-06,,,,1265.1900
1996-12-07,,,,1243.8500
1996-12-08,,,,1240.8400
1996-12-09,,,,1104.2600
1996-12-10,,,,1096.3300
1996-12-11,,,,1125.9800
1996-12-12,,,,1112.6700
1996-12-13,,,,1106.3600
1996-12-16,,,,1116.9400
1996-12-17,,,,1125.3900
1996-12-18,,,,1133.0300
1996-12-19,,,,1135.5300
1996-12-20,,,,1158.0300
1996-12-23,,,,1162.1500
1996-12-24,,,,1171.2900
1996-12-26,,,,1203.0400
1996-12-31,,,,1189.0600
1997-01-01,,,,1230.4200
1997-01-02,,,,1220.6100
1997-01-03,,,,1217.8900
1997-01-04,,,,1332.6400
1997-01-06,,,,1201.9000
1997-01-07,,,,1895.0600
1997-01-08,,,,1958.0200
1997-01-09,,,,1817.0700
1997-01-10,,,,1884.9000
1997-01-12,,,,1878.4500
1997-01-13,,,,1307.6000
1997-01-14,,,,1325.7300
1997-01-15,,,,1385.2800
1997-01-16,,,,1342.7700
1997-01-17,,,,1341.3200
1997-01-20,,,,1323.4500
1997-01-21,,,,1312.5700
1997-01-22,,,,1342.1600
1997-01-24,,,,1327.7800
1997-01-27,,,,1349.9300
1997-01-28,,,,1350.5900
1997-01-29,,,,1368.1200
1997-01-30,,,,1353.4700
1997-01-31,,,,1330.8500
1997-02-01,,,,1220.6100
1997-02-03,,,,1313.5900
1997-02-04,,,,1324.5000
1997-02-05,,,,1325.9600
1997-02-06,,,,1324.6000
1997-02-07,,,,1908.8600
1997-02-09,,,,1862.4400
1997-02-10,,,,1352.9000
1997-02-11,,,,1365.2800
1997-02-12,,,,1389.2500
1997-02-13,,,,1388.7600
1997-02-14,,,,1391.2000
1997-02-17,,,,1397.6700
1997-02-18,,,,1371.2500
1997-02-19,,,,1387.7900
1997-02-20,,,,1373.8000
1997-02-21,,,,1348.2300
1997-02-24,,,,1310.5600
1997-02-25,,,,1318.7500
1997-02-26,,,,1314.1800
1997-02-27,,,,1348.9900
1997-02-28,,,,1431.2400
1997-03-01,,,,1495.0300
1997-03-02,,,,1313.5900
1997-03-03,,,,1512.5900
1997-03-04,,,,1539.3700
1997-03-05,,,,1556.3600
1997-03-06,,,,1630.1900
1997-03-07,,,,1881.2200
1997-03-09,,,,1895.2000
1997-03-10,,,,1470.3900
1997-03-11,,,,1453.5700
1997-03-12,,,,1482.0800
1997-03-13,,,,1471.3900
1997-03-14,,,,1476.1200
1997-03-17,,,,1467.0600
1997-03-18,,,,1447.2700
1997-03-19,,,,1442.6400
1997-03-20,,,,1452.0600
1997-03-21,,,,1461.9400
1997-03-25,,,,1453.9900
1997-03-26,,,,1452.8000
1997-03-27,,,,1449.1100
1997-03-31,,,,1336.8600
1997-04-01,,,,1332.6400
1997-04-02,,,,1385.4900
1997-04-03,,,,1539.3700
1997-04-04,,,,1390.9600
1997-04-06,,,,1677.0200
1997-04-07,,,,1384.0900
1997-04-08,,,,2005.5200
1997-04-09,,,,1434.7000
1997-04-10,,,,1414.6400
1997-04-11,,,,1426.6600
1997-04-12,,,,1877.6700
1997-04-15,,,,1442.4600
1997-04-17,,,,1454.6300
1997-04-21,,,,1476.7400
1997-04-22,,,,1470.9100
1997-04-23,,,,1482.2200
1997-04-24,,,,1484.7000
1997-04-25,,,,1493.6800
1997-04-28,,,,1491.4300
1997-04-29,,,,1482.1700
1997-04-30,,,,1506.7400
1997-05-02,,,,1325.9600
1997-05-03,,,,1556.3600
1997-05-05,,,,1469.2000
1997-05-06,,,,1671.8900
1997-05-07,,,,1472.4600
1997-05-08,,,,1487.7900
1997-05-09,,,,1499.8500
1997-05-11,,,,1838.1600
1997-05-12,,,,1502.6500
1997-05-13,,,,1467.3300
1997-05-14,,,,1482.4400
1997-05-15,,,,1496.3500
1997-05-16,,,,1513.7600
1997-05-19,,,,1517.7500
1997-05-20,,,,1514.7900
1997-05-21,,,,1497.5600
1997-05-22,,,,1493.9100
1997-05-23,,,,1490.8800
1997-05-26,,,,1479.4500
1997-05-27,,,,1475.4100
1997-05-28,,,,1484.3000
1997-05-29,,,,1512.2300
1997-05-30,,,,1539.5600
1997-06-01,,,,1201.9000
1997-06-02,,,,1324.6000
1997-06-03,,,,1630.1900
1997-06-04,,,,1677.0200
1997-06-05,,,,1480.3500
1997-06-06,,,,1677.3100
1997-06-08,,,,2106.5400
1997-06-09,,,,1645.4800
1997-06-10,,,,1648.0800
1997-06-11,,,,1688.1200
1997-06-12,,,,1739.4600
1997-06-13,,,,1780.5800
1997-06-16,,,,1774.8500
1997-06-17,,,,1789.8200
1997-06-18,,,,1810.6900
1997-06-19,,,,1808.3800
1997-06-20,,,,1786.0100
1997-06-23,,,,1745.7400
1997-06-24,,,,1738.6200
1997-06-25,,,,1783.6200
1997-06-26,,,,1817.9800
1997-06-27,,,,1836.5200
1997-06-30,,,,1894.8300
1997-07-01,,,,1895.0600
1997-07-02,,,,1908.8600
1997-07-03,,,,1881.2200
1997-07-04,,,,1384.0900
1997-07-05,,,,1472.4600
1997-07-07,,,,1871.8100
1997-07-08,,,,2086.5700
1997-07-09,,,,1930.7700
1997-07-10,,,,1927.3200
1997-07-11,,,,1899.8300
1997-07-14,,,,1828.6100
1997-07-15,,,,1820.3900
1997-07-16,,,,1825.4300
1997-07-17,,,,1824.5300
1997-07-21,,,,1791.7700
1997-07-22,,,,1811.6400
1997-07-23,,,,1867.1000
1997-07-24,,,,1884.5200
1997-07-25,,,,1852.6700
1997-07-28,,,,1834.4300
1997-07-29,,,,1853.7300
1997-07-30,,,,1872.0400
1997-07-31,,,,1910.1800
1997-08-01,,,,1222.8300
1997-08-04,,,,2005.5200
1997-08-05,,,,2071.5500
1997-08-06,,,,2106.5400
1997-08-07,,,,2086.5700
1997-08-08,,,,2078.2200
1997-08-09,,,,1911.5200
1997-08-11,,,,2072.9600
1997-08-12,,,,2064.8900
1997-08-13,,,,2048.5600
1997-08-14,,,,2003.5800
1997-08-18,,,,1924.0800
1997-08-19,,,,1878.3800
1997-08-20,,,,1939.4200
1997-08-21,,,,1913.5400
1997-08-22,,,,1889.7100
1997-08-25,,,,1875.9600
1997-08-26,,,,1875.5800
1997-08-27,,,,1910.5200
1997-08-28,,,,1840.9600
1997-08-29,,,,1810.4600
1997-09-01,,,,1817.0700
1997-09-02,,,,1862.4400
1997-09-03,,,,1895.2000
1997-09-04,,,,1897.8000
1997-09-05,,,,1499.8500
1997-09-06,,,,1645.4800
1997-09-07,,,,1930.7700
1997-09-08,,,,1911.5200
1997-09-09,,,,1918.1600
1997-09-10,,,,1950.6600
1997-09-11,,,,1937.7600
1997-09-12,,,,1781.0900
1997-09-15,,,,1927.0200
1997-09-16,,,,1918.3200
1997-09-17,,,,1917.8400
1997-09-18,,,,1869.7300
1997-09-19,,,,1856.5400
1997-09-22,,,,1815.8300
1997-09-23,,,,1823.3400
1997-09-24,,,,1841.0000
1997-09-25,,,,1861.1100
1997-09-26,,,,1865.3700
1997-09-29,,,,1888.6000
1997-09-30,,,,1887.8600
1997-10-01,,,,1297.2000
1997-10-02,,,,1352.9000
1997-10-03,,,,1470.3900
1997-10-04,,,,1414.6400
1997-10-06,,,,1648.0800
1997-10-07,,,,1927.3200
1997-10-09,,,,1884.2400
1997-10-10,,,,1923.2700
1997-10-11,,,,1843.0300
1997-10-12,,,,1751.2200
1997-10-13,,,,1903.4400
1997-10-14,,,,1900.0000
1997-10-15,,,,1911.0800
1997-10-16,,,,1949.3800
1997-10-17,,,,1974.9600
1997-10-20,,,,2025.2200
1997-10-21,,,,1994.2100
1997-10-22,,,,1995.7500
1997-10-23,,,,1958.5000
1997-10-24,,,,1914.5900
1997-10-27,,,,1894.6300
1997-10-28,,,,1742.4700
1997-10-29,,,,1876.2600
1997-10-30,,,,1809.8200
1997-11-02,,,,1365.2800
1997-11-03,,,,1828.5400
1997-11-04,,,,1848.9900
1997-11-05,,,,1838.1600
1997-11-06,,,,1688.1200
1997-11-07,,,,1840.9800
1997-11-08,,,,2072.9600
1997-11-09,,,,1937.7600
1997-11-10,,,,1843.0300
1997-11-11,,,,1856.8600
1997-11-12,,,,1756.1000
1997-11-13,,,,1782.8600
1997-11-17,,,,1784.4700
1997-11-18,,,,1752.6400
1997-11-19,,,,1698.0100
1997-11-20,,,,1731.5300
1997-11-21,,,,1777.1000
1997-11-24,,,,1755.7100
1997-11-25,,,,1822.8500
1997-11-26,,,,1848.3500
1997-11-27,,,,1905.1900
1997-11-28,,,,1863.3100
1997-12-01,,,,1878.4500
1997-12-02,,,,1891.4500
1997-12-03,,,,1911.5300
1997-12-04,,,,1877.6700
1997-12-05,,,,1502.6500
1997-12-06,,,,1739.4600
1997-12-08,,,,1863.1000
1997-12-09,,,,1781.0900
1997-12-10,,,,1751.2200
1997-12-11,,,,1756.1000
1997-12-12,,,,1737.1900
1997-12-15,,,,1765.5400
1997-12-16,,,,1820.7900
1997-12-17,,,,1852.8700
1997-12-18,,,,1842.1700
1997-12-19,,,,1901.2200
1997-12-22,,,,1941.1400
1997-12-23,,,,1935.0200
1997-12-24,,,,1924.1500
1997-12-26,,,,1930.5400
1997-12-29,,,,1941.1300
1997-12-30,,,,1902.5100
1997-12-31,,,,1945.5300
1998-01-01,,,,1952.1400
1998-01-02,,,,1956.7500
1998-01-04,,,,2322.2800
1998-01-05,,,,1970.8600
1998-01-06,,,,1952.3000
1998-01-07,,,,2133.7500
1998-01-08,,,,1917.6400
1998-01-09,,,,2144.3700
1998-01-12,,,,2196.6700
1998-01-13,,,,1831.8400
1998-01-14,,,,1841.4200
1998-01-15,,,,1849.6200
1998-01-16,,,,1855.9400
1998-01-19,,,,1889.8500
1998-01-20,,,,1887.3400
1998-01-21,,,,1886.8300
1998-01-22,,,,1863.8700
1998-01-23,,,,1859.4200
1998-01-27,,,,1833.9500
1998-01-28,,,,1797.2900
1998-01-29,,,,1790.4100
1998-01-30,,,,1848.3800
1998-02-01,,,,1956.7500
1998-02-02,,,,1873.2300
1998-02-03,,,,2202.4600
1998-02-04,,,,2303.1300
1998-02-05,,,,1931.3900
1998-02-06,,,,1930.4900
1998-02-07,,,,2055.5100
1998-02-09,,,,2154.6900
1998-02-10,,,,1895.6500
1998-02-11,,,,2220.3400
1998-02-12,,,,1892.0900
1998-02-13,,,,1981.3300
1998-02-17,,,,2054.0800
1998-02-18,,,,2031.0400
1998-02-19,,,,2052.8300
1998-02-20,,,,2045.9900
1998-02-23,,,,2071.9800
1998-02-24,,,,2065.5300
1998-02-25,,,,2092.7800
1998-02-26,,,,2089.0300
1998-02-27,,,,2117.8200
1998-03-02,,,,1886.3500
1998-03-03,,,,2135.3600
1998-03-04,,,,2317.8100
1998-03-05,,,,2165.1000
1998-03-06,,,,2165.9900
1998-03-07,,,,2040.4300
1998-03-08,,,,2186.7800
1998-03-09,,,,2175.4300
1998-03-10,,,,2178.9000
1998-03-11,,,,2200.4400
1998-03-12,,,,2200.0200
1998-03-16,,,,2202.4700
1998-03-17,,,,2191.0200
1998-03-18,,,,2227.1200
1998-03-19,,,,2256.8800
1998-03-20,,,,2268.2300
1998-03-23,,,,2300.6400
1998-03-24,,,,2280.7800
1998-03-25,,,,2302.5300
1998-03-26,,,,2268.7600
1998-03-27,,,,2280.3000
1998-03-30,,,,2244.2300
1998-03-31,,,,2251.8000
1998-04-01,,,,2322.2800
1998-04-02,,,,1899.7200
1998-04-03,,,,2187.2900
1998-04-05,,,,2420.1600
1998-04-06,,,,2156.3400
1998-04-07,,,,2356.0200
1998-04-08,,,,2181.1300
1998-04-09,,,,2370.2500
1998-04-10,,,,2344.2000
1998-04-12,,,,2239.3200
1998-04-13,,,,2287.0700
1998-04-15,,,,2356.6700
1998-04-16,,,,2341.0500
1998-04-17,,,,2360.1000
1998-04-20,,,,2361.2900
1998-04-21,,,,2406.9700
1998-04-22,,,,2403.7800
1998-04-23,,,,2362.1800
1998-04-24,,,,2351.0600
1998-04-27,,,,2341.6700
1998-04-28,,,,2310.8800
1998-04-29,,,,2312.0900
1998-04-30,,,,2339.7500
1998-05-01,,,,1970.8600
1998-05-02,,,,1931.3900
1998-05-03,,,,2165.1000
1998-05-04,,,,2420.1600
1998-05-05,,,,2409.4100
1998-05-06,,,,2386.7500
1998-05-08,,,,2198.8500
1998-05-10,,,,2133.0100
1998-05-11,,,,2239.0900
1998-05-12,,,,2314.6300
1998-05-13,,,,2259.8500
1998-05-14,,,,2327.3400
1998-05-15,,,,2332.0500
1998-05-18,,,,2340.3400
1998-05-19,,,,2359.7700
1998-05-20,,,,2404.6100
1998-05-21,,,,2398.3600
1998-05-22,,,,2399.5200
1998-05-25,,,,2378.0400
1998-05-26,,,,2330.5900
1998-05-27,,,,2273.1700
1998-05-28,,,,2254.7400
1998-05-29,,,,2222.6500
1998-06-01,,,,1952.3000
1998-06-02,,,,2123.3200
1998-06-03,,,,2165.9900
1998-06-04,,,,2156.3400
1998-06-05,,,,2386.7500
1998-06-07,,,,2087.8900
1998-06-08,,,,2180.3300
1998-06-09,,,,2136.6200
1998-06-10,,,,2062.3900
1998-06-11,,,,2069.3700
1998-06-12,,,,2103.1800
1998-06-15,,,,1992.9400
1998-06-16,,,,2023.0800
1998-06-17,,,,2174.5200
1998-06-18,,,,2114.8400
1998-06-19,,,,2023.2200
1998-06-22,,,,1968.8100
1998-06-23,,,,1944.0700
1998-06-24,,,,2012.2200
1998-06-25,,,,2046.2800
1998-06-26,,,,2038.3600
1998-06-29,,,,2080.6900
1998-06-30,,,,2075.8600
1998-07-01,,,,2133.7500
1998-07-02,,,,2055.5100
1998-07-03,,,,2040.4300
1998-07-04,,,,2356.0200
1998-07-06,,,,2087.8900
1998-07-07,,,,2102.7900
1998-07-08,,,,2159.5100
1998-07-09,,,,2221.7300
1998-07-10,,,,2300.4100
1998-07-12,,,,2281.4700
1998-07-13,,,,2187.7100
1998-07-14,,,,2205.1300
1998-07-15,,,,2231.6700
1998-07-16,,,,2334.4400
1998-07-17,,,,2322.9700
1998-07-20,,,,2287.5400
1998-07-21,,,,2283.6700
1998-07-22,,,,2280.6800
1998-07-23,,,,2220.6700
1998-07-24,,,,2200.4600
1998-07-27,,,,2185.0400
1998-07-28,,,,2218.6500
1998-07-29,,,,2288.4300
1998-07-30,,,,2270.5600
1998-07-31,,,,2263.6400
1998-08-01,,,,1917.6400
1998-08-03,,,,2186.7800
1998-08-04,,,,2181.1300
1998-08-05,,,,2367.2800
1998-08-06,,,,2180.3300
1998-08-07,,,,2159.5100
1998-08-09,,,,2260.9700
1998-08-10,,,,2274.1400
1998-08-11,,,,2168.2600
1998-08-12,,,,2280.0000
1998-08-13,,,,2153.3700
1998-08-14,,,,2149.0700
1998-08-17,,,,2115.8700
1998-08-18,,,,2081.5100
1998-08-19,,,,2109.9800
1998-08-20,,,,2170.4700
1998-08-21,,,,2155.4100
1998-08-24,,,,2175.9700
1998-08-25,,,,2201.4300
1998-08-27,,,,2176.6300
1998-08-28,,,,2159.3000
1998-08-31,,,,2175.0400
1998-09-01,,,,1901.6000
1998-09-02,,,,2154.6900
1998-09-03,,,,2203.7200
1998-09-04,,,,2370.2500
1998-09-06,,,,2136.6200
1998-09-07,,,,2221.7300
1998-09-08,,,,2260.9700
1998-09-09,,,,2257.7000
1998-09-10,,,,2273.5800
1998-09-11,,,,2267.1100
1998-09-12,,,,2321.0500
1998-09-14,,,,2296.2200
1998-09-15,,,,2286.1100
1998-09-16,,,,2279.4500
1998-09-17,,,,2265.4700
1998-09-18,,,,2228.4000
1998-09-21,,,,2227.4000
1998-09-22,,,,2253.6200
1998-09-23,,,,2262.1200
1998-09-24,,,,2332.1500
1998-09-25,,,,2317.9800
1998-09-28,,,,2310.6400
1998-09-29,,,,2268.1900
1998-09-30,,,,2284.3300
1998-10-02,,,,1895.6500
1998-10-03,,,,2178.9000
1998-10-04,,,,2344.2000
1998-10-05,,,,2133.0100
1998-10-06,,,,2062.3900
1998-10-07,,,,2300.4100
1998-10-08,,,,2161.4500
1998-10-09,,,,2273.5800
1998-10-11,,,,2269.6300
1998-10-12,,,,2279.7700
1998-10-13,,,,2243.6500
1998-10-14,,,,2267.9200
1998-10-15,,,,2263.2200
1998-10-16,,,,2278.0600
1998-10-19,,,,2273.4500
1998-10-20,,,,2216.8300
1998-10-22,,,,2195.0500
1998-10-23,,,,2210.2100
1998-10-26,,,,2234.3400
1998-10-27,,,,2254.3900
1998-10-28,,,,2230.7400
1998-10-29,,,,2243.1400
1998-10-30,,,,2217.7900
1998-10-31,,,,2214.5400
1998-11-02,,,,1889.0300
1998-11-03,,,,2200.4400
1998-11-05,,,,2239.0900
1998-11-06,,,,2069.3700
1998-11-08,,,,2168.2600
1998-11-09,,,,2267.1100
1998-11-10,,,,2269.6300
1998-11-11,,,,2275.1600
1998-11-12,,,,2391.9000
1998-11-13,,,,2263.4000
1998-11-16,,,,2243.3700
1998-11-17,,,,2242.3600
1998-11-18,,,,2264.0200
1998-11-19,,,,2246.4300
1998-11-20,,,,2231.9700
1998-11-21,,,,2230.2800
1998-11-23,,,,2224.2900
1998-11-24,,,,2208.0500
1998-11-26,,,,2196.4600
1998-11-27,,,,2179.7400
1998-11-28,,,,2174.5300
1998-11-30,,,,2201.0600
1998-12-01,,,,2196.6700
1998-12-02,,,,2195.3000
1998-12-03,,,,2200.0200
1998-12-04,,,,2239.3200
1998-12-05,,,,2314.6300
1998-12-06,,,,2103.1800
1998-12-07,,,,2281.4700
1998-12-08,,,,2280.0000
1998-12-09,,,,2321.0500
1998-12-10,,,,2368.3500
1998-12-11,,,,2276.3700
1998-12-14,,,,2380.4000
1998-12-15,,,,2320.5000
1998-12-16,,,,2336.5700
1998-12-17,,,,2290.8200
1998-12-18,,,,2300.1000
1998-12-21,,,,2354.9400
1998-12-22,,,,2333.2600
1998-12-23,,,,2328.5900
1998-12-24,,,,2327.4500
1998-12-28,,,,2367.6000
1998-12-29,,,,2323.4300
1998-12-30,,,,2422.3600
1998-12-31,,,,2384.9800
1999-01-01,,,,2393.7400
1999-01-02,,,,2662.2000
1999-01-03,,,,2919.3500
1999-01-04,,,,2425.6100
1999-01-05,,,,2443.0500
1999-01-06,,,,3266.9400
1999-01-07,,,,3332.3700
1999-01-08,,,,2611.4000
1999-01-09,,,,3657.9700
1999-01-10,,,,3398.9800
1999-01-11,,,,2951.3800
1999-01-12,,,,3010.1300
1999-01-13,,,,2508.7000
1999-01-14,,,,2503.7200
1999-01-15,,,,2475.6000
1999-01-18,,,,2524.3700
1999-01-19,,,,2480.5900
1999-01-21,,,,2585.8000
1999-01-22,,,,2553.8400
1999-01-25,,,,2556.7400
1999-01-27,,,,2626.4100
1999-01-28,,,,2619.4100
1999-01-29,,,,2712.2400
1999-02-01,,,,2662.2000
1999-02-02,,,,2657.8100
1999-02-03,,,,2710.1600
1999-02-04,,,,2688.4100
1999-02-05,,,,2681.9500
1999-02-06,,,,3227.3000
1999-02-07,,,,3350.3400
1999-02-08,,,,2662.6700
1999-02-09,,,,2677.6700
1999-02-10,,,,2821.3900
1999-02-11,,,,2828.1100
1999-02-12,,,,2847.4200
1999-02-15,,,,2789.3200
1999-02-16,,,,2778.2000
1999-02-17,,,,2785.6000
1999-02-18,,,,2755.0300
1999-02-19,,,,2752.5200
1999-02-22,,,,2712.7200
1999-02-23,,,,2691.0600
1999-02-24,,,,2689.6500
1999-02-25,,,,2661.2400
1999-02-26,,,,2593.1400
1999-02-27,,,,2766.8900
1999-03-01,,,,2919.3500
1999-03-02,,,,2710.1600
1999-03-03,,,,3003.4900
1999-03-04,,,,3004.6300
1999-03-05,,,,2933.8000
1999-03-06,,,,3230.0100
1999-03-08,,,,3046.3300
1999-03-09,,,,3582.6200
1999-03-10,,,,3100.3300
1999-03-11,,,,3023.2700
1999-03-12,,,,3107.0000
1999-03-15,,,,3128.8700
1999-03-16,,,,3112.5000
1999-03-17,,,,3150.0700
1999-03-18,,,,3168.9500
1999-03-19,,,,3133.7300
1999-03-20,,,,3132.1100
1999-03-22,,,,3118.0800
1999-03-23,,,,3141.7100
1999-03-24,,,,3130.7800
1999-03-25,,,,3111.0100
1999-03-26,,,,3085.7400
1999-03-30,,,,3160.4900
1999-03-31,,,,3190.3900
1999-04-01,,,,2425.6100
1999-04-02,,,,2688.4100
1999-04-03,,,,3004.6300
1999-04-05,,,,3019.0800
1999-04-06,,,,3261.3700
1999-04-07,,,,3113.1100
1999-04-08,,,,3084.2300
1999-04-09,,,,3050.5900
1999-04-10,,,,3342.4700
1999-04-11,,,,3034.5200
1999-04-12,,,,3078.0300
1999-04-13,,,,3055.7800
1999-04-15,,,,2973.0500
1999-04-16,,,,3210.8600
1999-04-17,,,,2962.9400
1999-04-19,,,,3060.5400
1999-04-20,,,,3042.3300
1999-04-21,,,,3061.0500
1999-04-22,,,,3031.7200
1999-04-23,,,,3042.3800
1999-04-26,,,,2911.4600
1999-04-28,,,,2933.5300
1999-04-29,,,,2967.5400
1999-04-30,,,,2983.0700
1999-05-01,,,,2443.0500
1999-05-02,,,,2681.9500
1999-05-03,,,,3028.1600
1999-05-04,,,,3016.0100
1999-05-05,,,,3022.7800
1999-05-06,,,,3082.3900
1999-05-07,,,,3396.0800
1999-05-08,,,,3597.3800
1999-05-10,,,,3133.2200
1999-05-11,,,,3115.7500
1999-05-12,,,,3209.3800
1999-05-13,,,,3292.8800
1999-05-14,,,,3290.0900
1999-05-17,,,,3223.6800
1999-05-18,,,,3200.0200
1999-05-19,,,,3204.6000
1999-05-20,,,,3207.1400
1999-05-21,,,,3243.6900
1999-05-24,,,,3280.0700
1999-05-25,,,,3304.3200
1999-05-26,,,,3286.2200
1999-05-27,,,,3188.6800
1999-05-28,,,,3162.4100
1999-05-31,,,,3264.3100
1999-06-01,,,,2524.2600
1999-06-02,,,,3227.3000
1999-06-03,,,,3230.0100
1999-06-04,,,,3103.0600
1999-06-05,,,,3082.3900
1999-06-07,,,,3295.2400
1999-06-08,,,,3571.3600
1999-06-09,,,,3240.1400
1999-06-10,,,,3240.8200
1999-06-11,,,,3192.0000
1999-06-12,,,,3171.0600
1999-06-14,,,,3161.7500
1999-06-15,,,,3144.2000
1999-06-16,,,,3227.9600
1999-06-17,,,,3319.9200
1999-06-18,,,,3324.7600
1999-06-21,,,,3362.6800
1999-06-22,,,,3385.8900
1999-06-23,,,,3300.2900
1999-06-24,,,,3252.9200
1999-06-25,,,,3249.4500
1999-06-28,,,,3315.8800
1999-06-29,,,,3340.1600
1999-06-30,,,,3324.9900
1999-07-01,,,,2553.0700
1999-07-02,,,,3350.3400
1999-07-04,,,,3113.1100
1999-07-05,,,,3064.9800
1999-07-06,,,,3295.2400
1999-07-07,,,,3384.8900
1999-07-08,,,,3366.8000
1999-07-09,,,,3334.4200
1999-07-10,,,,3518.8800
1999-07-11,,,,3104.8900
1999-07-12,,,,3161.4200
1999-07-13,,,,3412.9100
1999-07-14,,,,3451.3300
1999-07-15,,,,3381.8300
1999-07-16,,,,3372.4400
1999-07-19,,,,3436.9500
1999-07-20,,,,3456.5000
1999-07-21,,,,3507.9900
1999-07-22,,,,3597.0200
1999-07-23,,,,3618.1400
1999-07-26,,,,3593.1300
1999-07-27,,,,3590.9800
1999-07-28,,,,3593.4200
1999-07-29,,,,3586.8200
1999-07-30,,,,3586.3000
1999-08-01,,,,2611.4000
1999-08-02,,,,3556.8800
1999-08-03,,,,3046.3300
1999-08-04,,,,3590.6900
1999-08-05,,,,3597.3800
1999-08-06,,,,3571.3600
1999-08-07,,,,3366.8000
1999-08-09,,,,3582.3700
1999-08-10,,,,3521.0700
1999-08-11,,,,3535.1500
1999-08-12,,,,3503.2700
1999-08-13,,,,3435.5900
1999-08-16,,,,3429.1200
1999-08-17,,,,3482.4400
1999-08-18,,,,3581.0700
1999-08-19,,,,3537.7000
1999-08-20,,,,3521.6000
1999-08-23,,,,3521.9300
1999-08-24,,,,3546.7500
1999-08-25,,,,3572.4900
1999-08-26,,,,3679.3900
1999-08-27,,,,3679.2800
1999-08-30,,,,3675.3200
1999-08-31,,,,3648.5700
1999-09-01,,,,3657.9700
1999-09-02,,,,2677.6700
1999-09-03,,,,3582.6200
1999-09-04,,,,3050.5900
1999-09-06,,,,3596.1600
1999-09-07,,,,3334.4200
1999-09-08,,,,3582.3700
1999-09-09,,,,3578.1100
1999-09-10,,,,3571.6000
1999-09-11,,,,3089.6200
1999-09-12,,,,3180.7000
1999-09-14,,,,3493.7700
1999-09-15,,,,3505.9800
1999-09-16,,,,3454.9100
1999-09-17,,,,3425.1400
1999-09-20,,,,3406.7100
1999-09-21,,,,3362.1100
1999-09-22,,,,3449.0500
1999-09-23,,,,3451.1400
1999-09-24,,,,3504.6700
1999-09-27,,,,3474.6800
1999-09-28,,,,3426.2000
1999-09-29,,,,3465.7200
1999-09-30,,,,3439.8700
1999-10-01,,,,3398.9800
1999-10-02,,,,2821.3900
1999-10-03,,,,3100.3300
1999-10-04,,,,3342.4700
1999-10-05,,,,3133.2200
1999-10-06,,,,3240.8200
1999-10-07,,,,3518.8800
1999-10-08,,,,3521.0700
1999-10-09,,,,3571.6000
1999-10-11,,,,3377.9400
1999-10-12,,,,3353.9200
1999-10-13,,,,3387.5000
1999-10-14,,,,3419.5300
1999-10-15,,,,3310.7400
1999-10-18,,,,3245.1500
1999-10-20,,,,3215.8500
1999-10-21,,,,3192.5000
1999-10-22,,,,3138.7200
1999-10-23,,,,3170.7000
1999-10-25,,,,3139.0000
1999-10-26,,,,3102.0800
1999-10-27,,,,3239.8100
1999-10-28,,,,3128.6300
1999-10-29,,,,3042.6000
1999-11-01,,,,2573.2900
1999-11-02,,,,2828.1100
1999-11-03,,,,3087.1600
1999-11-04,,,,3034.5200
1999-11-05,,,,3169.7100
1999-11-06,,,,3192.0000
1999-11-07,,,,3104.8900
1999-11-08,,,,3535.1500
1999-11-09,,,,3089.6200
1999-11-10,,,,3377.9400
1999-11-11,,,,3131.1900
1999-11-12,,,,3110.8500
1999-11-15,,,,3055.5500
1999-11-16,,,,3043.2400
1999-11-17,,,,3056.0500
1999-11-18,,,,3083.2500
1999-11-19,,,,3057.0900
1999-11-22,,,,3022.2700
1999-11-24,,,,3073.3100
1999-11-25,,,,3069.0000
1999-11-26,,,,3010.4000
1999-11-29,,,,2980.2300
1999-11-30,,,,2960.9200
1999-12-01,,,,2512.9600
1999-12-02,,,,2847.4200
1999-12-03,,,,3107.0000
1999-12-04,,,,3078.0300
1999-12-05,,,,3209.3800
1999-12-06,,,,3171.0600
1999-12-07,,,,3161.4200
1999-12-08,,,,3503.2700
1999-12-09,,,,3180.7000
1999-12-10,,,,3353.9200
1999-12-11,,,,3110.8500
1999-12-13,,,,3123.1400
1999-12-14,,,,2996.3300
1999-12-15,,,,3034.4200
1999-12-16,,,,3014.8500
1999-12-17,,,,2997.4300
1999-12-20,,,,2978.0600
1999-12-21,,,,2951.5800
1999-12-22,,,,3043.0700
1999-12-23,,,,3037.4900
1999-12-24,,,,2963.8200
1999-12-27,,,,2900.0200
1999-12-28,,,,2901.7100
1999-12-29,,,,2900.4300
1999-12-30,,,,2837.1400
2000-01-02,,,,3013.2200
2000-01-03,,,,3042.5500
2000-01-04,,,,3024.5200
2000-01-05,,,,2970.1000
2000-01-06,,,,3126.5700
2000-01-07,,,,3268.8100
2000-01-08,,,,2963.2300
2000-01-10,,,,3363.9900
2000-01-11,,,,2497.7100
2000-01-12,,,,2657.6700
2000-01-13,,,,3576.0500
2000-01-14,,,,3523.1900
2000-01-17,,,,3389.0500
2000-01-18,,,,3372.2500
2000-01-19,,,,3342.1900
2000-01-20,,,,3302.1900
2000-01-21,,,,3358.5700
2000-01-24,,,,3334.0000
2000-01-25,,,,3250.3500
2000-01-27,,,,3280.3100
2000-01-28,,,,3189.8300
2000-01-31,,,,3087.3700
2000-02-01,,,,3013.2200
2000-02-02,,,,3096.9500
2000-02-03,,,,3220.3200
2000-02-04,,,,3006.5700
2000-02-05,,,,2500.8800
2000-02-06,,,,2946.9100
2000-02-07,,,,3005.1600
2000-02-08,,,,2954.3500
2000-02-09,,,,3149.9500
2000-02-10,,,,3142.7100
2000-02-11,,,,3235.8600
2000-02-14,,,,3125.9300
2000-02-15,,,,3170.5000
2000-02-16,,,,3186.5700
2000-02-17,,,,3241.9100
2000-02-18,,,,3320.5700
2000-02-21,,,,3457.6600
2000-02-22,,,,3563.7700
2000-02-23,,,,3475.8800
2000-02-24,,,,3607.5300
2000-02-25,,,,3572.2200
2000-02-28,,,,3510.7600
2000-02-29,,,,3303.5900
2000-03-01,,,,3042.5500
2000-03-02,,,,3220.3200
2000-03-03,,,,3011.2200
2000-03-04,,,,3116.4800
2000-03-05,,,,2508.0500
2000-03-06,,,,2925.6900
2000-03-07,,,,2953.9200
2000-03-08,,,,2986.2800
2000-03-09,,,,2933.1000
2000-03-10,,,,2973.3100
2000-03-11,,,,2558.8000
2000-03-13,,,,3051.0600
2000-03-14,,,,3241.5200
2000-03-15,,,,3370.8400
2000-03-16,,,,3329.4200
2000-03-21,,,,3198.8900
2000-03-22,,,,3133.4300
2000-03-23,,,,3070.8100
2000-03-24,,,,3061.8700
2000-03-27,,,,2971.4500
2000-03-28,,,,2970.6000
2000-03-29,,,,2960.3100
2000-03-30,,,,2982.5200
2000-03-31,,,,2934.8000
2000-04-01,,,,3024.5200
2000-04-02,,,,3006.5700
2000-04-03,,,,3116.4800
2000-04-04,,,,2905.4500
2000-04-05,,,,2702.3500
2000-04-06,,,,2954.2200
2000-04-07,,,,3195.1600
2000-04-08,,,,3038.0300
2000-04-09,,,,2956.8500
2000-04-10,,,,2683.3100
2000-04-11,,,,3116.3800
2000-04-12,,,,3050.4500
2000-04-13,,,,2981.3700
2000-04-17,,,,2846.9500
2000-04-18,,,,2799.5000
2000-04-19,,,,2816.1200
2000-04-20,,,,2814.6600
2000-04-24,,,,2775.2800
2000-04-25,,,,2683.7900
2000-04-26,,,,2773.9200
2000-04-27,,,,2758.0300
2000-04-28,,,,2692.5500
2000-05-01,,,,2970.1000
2000-05-02,,,,2500.8800
2000-05-03,,,,2508.0500
2000-05-04,,,,2962.4500
2000-05-05,,,,2796.3300
2000-05-06,,,,2946.4000
2000-05-07,,,,3253.8600
2000-05-08,,,,2669.1300
2000-05-09,,,,2951.3000
2000-05-10,,,,2686.0500
2000-05-11,,,,2620.9100
2000-05-12,,,,2634.3700
2000-05-15,,,,2653.3500
2000-05-16,,,,2703.7900
2000-05-17,,,,2699.4800
2000-05-18,,,,2699.8300
2000-05-19,,,,2630.2000
2000-05-22,,,,2605.7900
2000-05-23,,,,2602.8300
2000-05-24,,,,2593.7500
2000-05-25,,,,2656.9400
2000-05-26,,,,2889.4700
2000-05-29,,,,2949.2500
2000-05-30,,,,3015.1700
2000-05-31,,,,3007.0700
2000-06-01,,,,3126.5700
2000-06-02,,,,2946.9100
2000-06-03,,,,2925.6900
2000-06-04,,,,2954.2200
2000-06-05,,,,2946.4000
2000-06-06,,,,2961.8300
2000-06-07,,,,3215.8600
2000-06-08,,,,3004.1900
2000-06-09,,,,2991.7300
2000-06-10,,,,2696.9900
2000-06-11,,,,2511.9500
2000-06-12,,,,2932.4100
2000-06-13,,,,2905.5000
2000-06-14,,,,2945.7900
2000-06-15,,,,2917.4900
2000-06-16,,,,2926.2000
2000-06-19,,,,2970.1400
2000-06-20,,,,2966.3700
2000-06-21,,,,2992.5500
2000-06-22,,,,3051.5500
2000-06-23,,,,3159.4800
2000-06-26,,,,3100.1500
2000-06-27,,,,3141.3800
2000-06-28,,,,3228.7900
2000-06-29,,,,3262.0400
2000-06-30,,,,3227.1600
2000-07-01,,,,3268.8100
2000-07-02,,,,3005.1600
2000-07-03,,,,3161.6600
2000-07-04,,,,3195.1600
2000-07-05,,,,3253.8600
2000-07-06,,,,3215.8600
2000-07-07,,,,3219.2200
2000-07-08,,,,3041.2900
2000-07-09,,,,3023.5600
2000-07-10,,,,3230.4900
2000-07-11,,,,3241.5400
2000-07-12,,,,2677.1500
2000-07-13,,,,3345.4700
2000-07-14,,,,3386.6400
2000-07-17,,,,3232.0500
2000-07-18,,,,3260.6400
2000-07-19,,,,3168.5700
2000-07-20,,,,3084.6000
2000-07-21,,,,3053.7200
2000-07-24,,,,2900.9200
2000-07-25,,,,2938.4300
2000-07-26,,,,2934.4100
2000-07-27,,,,2936.9400
2000-07-28,,,,2928.6400
2000-07-31,,,,2961.3400
2000-08-01,,,,2963.2300
2000-08-02,,,,2999.0500
2000-08-03,,,,2916.6300
2000-08-04,,,,3038.0300
2000-08-05,,,,2669.1300
2000-08-06,,,,3004.1900
2000-08-07,,,,3041.2900
2000-08-08,,,,3005.6600
2000-08-09,,,,2996.8900
2000-08-10,,,,2935.5200
2000-08-11,,,,2574.0300
2000-08-12,,,,2673.7000
2000-08-14,,,,2921.7300
2000-08-16,,,,2980.3200
2000-08-17,,,,2964.3800
2000-08-18,,,,2974.9600
2000-08-21,,,,2967.5200
2000-08-22,,,,2929.1000
2000-08-23,,,,2971.7100
2000-08-24,,,,2943.9700
2000-08-25,,,,2916.7700
2000-08-28,,,,2920.9600
2000-08-29,,,,2898.3500
2000-08-30,,,,2898.0800
2000-08-31,,,,2910.8700
2000-09-02,,,,3149.9500
2000-09-03,,,,2933.1000
2000-09-04,,,,2956.8500
2000-09-05,,,,2951.3000
2000-09-06,,,,3021.2900
2000-09-07,,,,3023.5600
2000-09-08,,,,2996.8900
2000-09-10,,,,2614.8600
2000-09-11,,,,3006.4500
2000-09-12,,,,3075.6100
2000-09-13,,,,3055.9200
2000-09-14,,,,2999.7200
2000-09-15,,,,2975.8100
2000-09-18,,,,2920.7600
2000-09-19,,,,2843.7200
2000-09-20,,,,2869.9200
2000-09-21,,,,2876.9300
2000-09-22,,,,2743.9900
2000-09-25,,,,2711.4000
2000-09-26,,,,2686.3000
2000-09-27,,,,2711.5900
2000-09-28,,,,2578.2900
2000-09-29,,,,2634.8400
2000-10-01,,,,3363.9900
2000-10-02,,,,3142.7100
2000-10-03,,,,2973.3100
2000-10-04,,,,3140.0600
2000-10-05,,,,2707.6200
2000-10-06,,,,2696.9900
2000-10-07,,,,3230.4900
2000-10-08,,,,2935.5200
2000-10-09,,,,2614.8600
2000-10-10,,,,2496.9700
2000-10-11,,,,2497.4800
2000-10-12,,,,2540.5500
2000-10-13,,,,2509.6200
2000-10-16,,,,2452.2500
2000-10-17,,,,2401.3700
2000-10-18,,,,2401.3700
2000-10-19,,,,2456.2900
2000-10-20,,,,2415.3300
2000-10-23,,,,2387.8600
2000-10-24,,,,2393.0600
2000-10-25,,,,2435.8200
2000-10-26,,,,2439.6000
2000-10-27,,,,2397.6000
2000-10-30,,,,2418.4100
2000-10-31,,,,2460.2400
2000-11-01,,,,2497.7100
2000-11-02,,,,2548.4400
2000-11-03,,,,2558.8000
2000-11-04,,,,3116.3800
2000-11-05,,,,2620.9100
2000-11-06,,,,2511.9500
2000-11-07,,,,3241.5400
2000-11-08,,,,2863.1600
2000-11-09,,,,3006.4500
2000-11-10,,,,2530.5600
2000-11-12,,,,2696.3200
2000-11-13,,,,2495.3500
2000-11-14,,,,2526.0200
2000-11-15,,,,2540.3700
2000-11-16,,,,2491.5500
2000-11-17,,,,2506.9500
2000-11-20,,,,2518.6600
2000-11-21,,,,2523.9100
2000-11-22,,,,2511.2000
2000-11-23,,,,2455.2900
2000-11-24,,,,2449.4800
2000-11-27,,,,2482.2000
2000-11-28,,,,2547.4200
2000-11-29,,,,2588.4100
2000-11-30,,,,2646.4400
2000-12-01,,,,2657.6700
2000-12-04,,,,2628.3000
2000-12-05,,,,2595.4600
2000-12-06,,,,2932.4100
2000-12-07,,,,2677.1500
2000-12-08,,,,2673.7000
2000-12-09,,,,3075.6100
2000-12-10,,,,2540.5500
2000-12-11,,,,2696.3200
2000-12-12,,,,2696.9200
2000-12-13,,,,2734.1900
2000-12-14,,,,2732.0300
2000-12-15,,,,2717.3000
2000-12-18,,,,2749.4200
2000-12-19,,,,2766.0600
2000-12-20,,,,2720.7500
2000-12-21,,,,2748.5200
2000-12-22,,,,2735.3500
2000-12-26,,,,2724.0500
2000-12-27,,,,2791.2800
2000-12-28,,,,2782.8800
2000-12-29,,,,2787.4300
2001-01-01,,,,2746.5400
2001-01-02,,,,2754.2200
2001-01-03,,,,2823.7500
2001-01-04,,,,2836.7400
2001-01-05,,,,2823.3300
2001-01-06,,,,2467.3000
2001-01-08,,,,2557.8500
2001-01-09,,,,2859.8100
2001-01-10,,,,2341.8200
2001-01-11,,,,2457.2700
2001-01-12,,,,2725.9000
2001-01-15,,,,2678.7300
2001-01-16,,,,2708.5400
2001-01-17,,,,2744.3600
2001-01-18,,,,2720.7600
2001-01-19,,,,2748.5900
2001-01-22,,,,2740.6700
2001-01-23,,,,2742.0800
2001-01-24,,,,2756.8900
2001-01-25,,,,2775.6400
2001-01-29,,,,2736.5200
2001-01-30,,,,2802.9000
2001-01-31,,,,2782.9900
2001-02-01,,,,2736.3100
2001-02-02,,,,2720.5900
2001-02-03,,,,2800.0900
2001-02-04,,,,2649.2200
2001-02-05,,,,2635.0400
2001-02-06,,,,2721.2700
2001-02-07,,,,2469.1900
2001-02-08,,,,2747.0100
2001-02-09,,,,2778.6500
2001-02-11,,,,2437.8000
2001-02-12,,,,2807.6700
2001-02-13,,,,2738.1900
2001-02-14,,,,2739.6100
2001-02-15,,,,2852.3600
2001-02-16,,,,2810.8500
2001-02-19,,,,2792.7100
2001-02-20,,,,2783.1100
2001-02-21,,,,2816.6300
2001-02-22,,,,2801.3900
2001-02-23,,,,2753.3300
2001-02-26,,,,2695.8600
2001-02-27,,,,2683.3800
2001-02-28,,,,2823.8700
2001-03-01,,,,2823.7500
2001-03-02,,,,2800.0900
2001-03-04,,,,2659.4000
2001-03-05,,,,2632.4100
2001-03-07,,,,2738.3600
2001-03-08,,,,2536.7200
2001-03-09,,,,2735.0900
2001-03-10,,,,2354.1400
2001-03-12,,,,2435.7800
2001-03-13,,,,2538.1300
2001-03-14,,,,2618.3900
2001-03-15,,,,2659.7900
2001-03-16,,,,2646.2400
2001-03-19,,,,2632.4900
2001-03-20,,,,2601.0200
2001-03-21,,,,2680.3600
2001-03-22,,,,2648.8500
2001-03-23,,,,2626.4900
2001-03-26,,,,2599.5500
2001-03-27,,,,2600.1100
2001-03-28,,,,2688.8500
2001-03-29,,,,2698.7400
2001-03-30,,,,2653.7300
2001-04-01,,,,2836.7400
2001-04-02,,,,2649.2200
2001-04-03,,,,2659.4000
2001-04-04,,,,2645.0800
2001-04-05,,,,2624.3200
2001-04-06,,,,2412.5600
2001-04-07,,,,2456.1300
2001-04-09,,,,2531.0600
2001-04-10,,,,2632.0800
2001-04-11,,,,2592.1600
2001-04-12,,,,2558.1500
2001-04-16,,,,2537.4900
2001-04-17,,,,2566.6200
2001-04-18,,,,2583.7300
2001-04-19,,,,2629.3000
2001-04-20,,,,2693.2900
2001-04-23,,,,2698.2400
2001-04-24,,,,2674.2800
2001-04-25,,,,2666.0600
2001-04-26,,,,2633.0700
2001-04-27,,,,2623.4400
2001-04-30,,,,2630.6100
2001-05-01,,,,2823.3300
2001-05-02,,,,2718.5300
2001-05-03,,,,2731.2600
2001-05-04,,,,2624.3200
2001-05-06,,,,2374.4600
2001-05-07,,,,2443.9600
2001-05-08,,,,2644.1200
2001-05-09,,,,2648.4200
2001-05-10,,,,2346.4500
2001-05-11,,,,2401.4700
2001-05-12,,,,2525.5100
2001-05-14,,,,2593.8400
2001-05-15,,,,2580.4300
2001-05-16,,,,2594.4300
2001-05-17,,,,2591.5400
2001-05-18,,,,2570.2500
2001-05-21,,,,2530.5600
2001-05-22,,,,2527.0700
2001-05-23,,,,2531.7400
2001-05-24,,,,2529.3500
2001-05-25,,,,2513.9900
2001-05-28,,,,2514.9900
2001-05-29,,,,2514.5600
2001-05-30,,,,2526.6700
2001-05-31,,,,2517.7900
2001-06-01,,,,2467.3000
2001-06-02,,,,2721.2700
2001-06-04,,,,2641.7100
2001-06-05,,,,2374.4600
2001-06-06,,,,2374.2800
2001-06-07,,,,2373.4100
2001-06-08,,,,2373.3900
2001-06-09,,,,2505.0200
2001-06-11,,,,2435.1400
2001-06-12,,,,2423.2600
2001-06-13,,,,2431.0200
2001-06-14,,,,2432.7700
2001-06-15,,,,2437.7200
2001-06-18,,,,2450.7000
2001-06-19,,,,2510.9200
2001-06-20,,,,2524.3100
2001-06-21,,,,2524.5000
2001-06-22,,,,2511.7200
2001-06-25,,,,2467.4200
2001-06-26,,,,2481.5500
2001-06-27,,,,2456.2500
2001-06-28,,,,2449.9600
2001-06-29,2492.0100,2492.0100,2492.0100,2492.0100
2001-07-02,,,,2469.1900
2001-07-03,,,,2738.3600
2001-07-04,,,,2456.1300
2001-07-05,,,,2625.2800
2001-07-06,,,,2373.4100
2001-07-08,,,,2512.6600
2001-07-09,,,,2449.1900
2001-07-10,,,,2466.5100
2001-07-11,,,,2484.2200
2001-07-12,,,,2561.8000
2001-07-13,,,,2629.1000
2001-07-16,,,,2648.3800
2001-07-17,,,,2647.8500
2001-07-18,,,,2610.3900
2001-07-19,,,,2568.1300
2001-07-20,,,,2585.8600
2001-07-23,,,,2584.6600
2001-07-24,,,,2589.5600
2001-07-25,,,,2610.4800
2001-07-26,,,,2582.3200
2001-07-27,,,,2563.3700
2001-07-30,,,,2568.7700
2001-07-31,,,,2628.0700
2001-08-01,,,,2814.4100
2001-08-02,,,,2747.0100
2001-08-03,,,,2770.9400
2001-08-05,,,,2644.1200
2001-08-06,,,,2373.3900
2001-08-07,,,,2512.6600
2001-08-08,,,,2516.8400
2001-08-09,,,,2552.5700
2001-08-10,,,,2305.0900
2001-08-11,,,,2435.3200
2001-08-13,,,,2508.0700
2001-08-14,,,,2549.0100
2001-08-16,,,,2562.8700
2001-08-17,,,,2538.0300
2001-08-20,,,,2546.2600
2001-08-21,,,,2568.9900
2001-08-23,,,,2569.8700
2001-08-24,,,,2539.0800
2001-08-27,,,,2551.9500
2001-08-28,,,,2537.2400
2001-08-29,,,,2535.7400
2001-08-30,,,,2525.1700
2001-08-31,,,,2533.5900
2001-09-01,,,,2859.8100
2001-09-02,,,,2778.6500
2001-09-03,,,,2531.9300
2001-09-04,,,,2531.0600
2001-09-05,,,,2533.8600
2001-09-06,,,,2505.0200
2001-09-07,,,,2489.2200
2001-09-08,,,,2552.5700
2001-09-10,,,,2342.1800
2001-09-11,,,,2430.7000
2001-09-12,,,,2397.2600
2001-09-13,,,,2379.8700
2001-09-14,,,,2328.0900
2001-09-17,,,,2214.6300
2001-09-18,,,,2327.8000
2001-09-19,,,,2370.5700
2001-09-20,,,,2358.3000
2001-09-21,,,,2215.8400
2001-09-24,,,,2248.2800
2001-09-25,,,,2207.6100
2001-09-26,,,,2210.7000
2001-09-27,,,,2268.8400
2001-09-28,,,,2308.4800
2001-10-01,,,,2341.8200
2001-10-03,,,,2354.1400
2001-10-04,,,,2349.4900
2001-10-05,,,,2346.4500
2001-10-07,,,,2466.5100
2001-10-08,,,,2514.9300
2001-10-09,,,,2478.1500
2001-10-10,,,,2492.6900
2001-10-11,,,,2474.9300
2001-10-12,,,,2508.9000
2001-10-15,,,,2447.1300
2001-10-16,,,,2466.8800
2001-10-17,,,,2501.0200
2001-10-18,,,,2451.1100
2001-10-19,,,,2446.4600
2001-10-22,,,,2402.9600
2001-10-23,,,,2453.3600
2001-10-24,,,,2428.5300
2001-10-25,,,,2391.0600
2001-10-29,,,,2385.5600
2001-10-30,,,,2375.6000
2001-10-31,,,,2420.6800
2001-11-01,,,,2769.1000
2001-11-02,,,,2437.8000
2001-11-04,,,,2592.1600
2001-11-05,,,,2604.5800
2001-11-06,,,,2435.1400
2001-11-07,,,,2484.2200
2001-11-08,,,,2435.3200
2001-11-09,,,,2445.3300
2001-11-10,,,,2474.9300
2001-11-12,,,,2511.5700
2001-11-13,,,,2436.2900
2001-11-14,,,,2450.8600
2001-11-15,,,,2488.7100
2001-11-19,,,,2519.0100
2001-11-20,,,,2461.1200
2001-11-21,,,,2481.6300
2001-11-22,,,,2484.3800
2001-11-23,,,,2479.1300
2001-11-26,,,,2476.4800
2001-11-27,,,,2457.5300
2001-11-28,,,,2440.3900
2001-11-29,,,,2426.1000
2001-12-01,,,,2725.9000
2001-12-02,,,,2807.6700
2001-12-03,,,,2661.7300
2001-12-04,,,,2493.5200
2001-12-05,,,,2525.5100
2001-12-06,,,,2519.4300
2001-12-07,,,,2561.8000
2001-12-09,,,,2397.2600
2001-12-10,,,,2449.9900
2001-12-11,,,,2446.8900
2001-12-12,,,,2490.4500
2001-12-13,,,,2499.5100
2001-12-14,,,,2489.6300
2001-12-18,,,,2485.6800
2001-12-19,,,,2469.8200
2001-12-20,,,,2473.7400
2001-12-21,,,,2475.4000
2001-12-24,,,,2455.8900
2001-12-26,,,,2446.2100
2001-12-27,,,,2460.8300
2001-12-28,,,,2461.5400
2001-12-31,2500.6500,2500.6500,2500.6500,2500.6500
2002-01-01,,,,2502.6900
2002-01-02,,,,2532.5300
2002-01-03,,,,2781.1100
2002-01-04,,,,2556.2000
2002-01-07,,,,2314.4700
2002-01-08,,,,2097.1400
2002-01-09,,,,2496.2100
2002-01-10,,,,2102.4100
2002-01-11,,,,2005.2300
2002-01-14,,,,2515.0000
2002-01-15,,,,2474.6000
2002-01-16,,,,2460.2500
2002-01-17,,,,2485.2300
2002-01-18,,,,2483.2500
2002-01-21,,,,2489.8300
2002-01-22,,,,2484.8300
2002-01-23,,,,2514.6100
2002-01-24,,,,2532.4400
2002-01-25,,,,2516.2000
2002-01-28,,,,2503.2000
2002-01-29,,,,2516.6700
2002-01-30,,,,2501.5200
2002-01-31,,,,2500.1400
2002-02-01,,,,2532.5300
2002-02-04,,,,2523.9100
2002-02-05,,,,2493.2900
2002-02-06,,,,2522.9700
2002-02-07,,,,2528.4100
2002-02-08,,,,2139.0900
2002-02-09,,,,2277.5200
2002-02-11,,,,2642.6400
2002-02-12,,,,2595.6800
2002-02-13,,,,2595.7300
2002-02-14,,,,2593.8400
2002-02-15,,,,2632.9400
2002-02-18,,,,2696.3000
2002-02-19,,,,2679.9400
2002-02-20,,,,2660.3800
2002-02-21,,,,2673.9100
2002-02-22,,,,2678.8200
2002-02-25,,,,2652.8000
2002-02-26,,,,2675.2100
2002-02-27,,,,2703.6700
2002-02-28,,,,2718.0800
2002-03-01,,,,2535.6600
2002-03-04,,,,2495.2300
2002-03-05,,,,2345.0400
2002-03-06,,,,2228.2200
2002-03-07,,,,2311.8700
2002-03-08,,,,2691.2000
2002-03-09,,,,2261.5100
2002-03-10,,,,2087.8800
2002-03-11,,,,2644.1500
2002-03-12,,,,2594.4700
2002-03-13,,,,2641.5600
2002-03-14,,,,2639.7900
2002-03-15,2628.9600,2628.9600,2628.9600,2628.9600
2002-03-18,,,,2635.1300
2002-03-19,,,,2598.0200
2002-03-20,,,,2622.2800
2002-03-21,,,,2592.8600
2002-03-22,,,,2579.2400
2002-03-26,,,,2563.8000
2002-03-27,,,,2540.6600
2002-03-28,,,,2530.2900
2002-04-01,,,,2556.2000
2002-04-02,,,,2523.9100
2002-04-03,,,,2733.9300
2002-04-04,,,,2549.8800
2002-04-05,,,,2545.3200
2002-04-06,,,,2284.8100
2002-04-07,,,,2326.3400
2002-04-08,,,,2512.8000
2002-04-09,,,,2264.0100
2002-04-10,,,,2099.5800
2002-04-11,,,,2487.8400
2002-04-12,,,,2120.4000
2002-04-15,,,,2503.3500
2002-04-16,,,,2416.4800
2002-04-17,,,,2394.5600
2002-04-18,,,,2379.4400
2002-04-19,,,,2358.1500
2002-04-22,,,,2393.3300
2002-04-23,,,,2400.6900
2002-04-24,,,,2394.6400
2002-04-25,,,,2366.8700
2002-04-26,,,,2362.6800
2002-04-29,,,,2323.8000
2002-04-30,,,,2335.2700
2002-05-02,,,,2344.9700
2002-05-03,,,,2706.3000
2002-05-04,,,,2545.3200
2002-05-06,,,,2318.0300
2002-05-07,,,,2345.2300
2002-05-08,,,,2406.1300
2002-05-09,,,,2424.2400
2002-05-10,,,,2400.9200
2002-05-11,,,,2015.5400
2002-05-12,,,,2125.9600
2002-05-13,,,,2399.0300
2002-05-14,,,,2373.6400
2002-05-15,,,,2369.5600
2002-05-16,,,,2345.5600
2002-05-17,,,,2339.0200
2002-05-20,,,,2309.5200
2002-05-21,2278.1100,2278.1100,2278.1100,2278.1100
2002-05-22,,,,2273.1900
2002-05-23,,,,2202.9600
2002-05-24,,,,2301.9000
2002-05-27,,,,2311.6900
2002-05-28,,,,2280.8000
2002-05-29,,,,2240.6700
2002-05-30,,,,2214.7000
2002-05-31,,,,2196.0200
2002-06-02,,,,2522.9700
2002-06-03,,,,2692.7200
2002-06-04,,,,2284.8100
2002-06-05,,,,2349.6400
2002-06-06,,,,2322.6000
2002-06-07,,,,2299.2100
2002-06-08,,,,2160.7700
2002-06-09,,,,2199.8900
2002-06-10,,,,2284.8400
2002-06-11,,,,2324.6900
2002-06-12,,,,2165.3100
2002-06-13,,,,2273.0600
2002-06-14,,,,2282.0500
2002-06-17,,,,2289.2800
2002-06-18,,,,2274.2000
2002-06-19,,,,2243.2200
2002-06-20,,,,2262.5400
2002-06-21,,,,2268.3200
2002-06-24,,,,2255.4000
2002-06-25,,,,2262.0300
2002-06-26,,,,2271.9900
2002-06-27,,,,2263.4200
2002-06-28,,,,2286.7100
2002-07-01,,,,2314.4700
2002-07-02,,,,2311.6500
2002-07-03,,,,2734.3500
2002-07-04,,,,2326.3400
2002-07-05,,,,2345.2300
2002-07-06,,,,2299.2100
2002-07-08,,,,2139.0700
2002-07-09,,,,2348.5600
2002-07-10,,,,2105.2000
2002-07-11,,,,2336.8400
2002-07-12,,,,2337.2700
2002-07-15,,,,2322.5200
2002-07-16,,,,2292.3300
2002-07-17,,,,2275.1100
2002-07-18,,,,2277.9000
2002-07-19,,,,2266.9500
2002-07-22,,,,2235.7500
2002-07-23,,,,2228.5200
2002-07-24,,,,2197.1200
2002-07-25,,,,2191.3900
2002-07-26,,,,2147.9700
2002-07-29,,,,2143.3200
2002-07-30,,,,2128.0100
2002-07-31,,,,2105.8700
2002-08-01,,,,2097.1400
2002-08-02,,,,2139.0900
2002-08-03,,,,2691.2000
2002-08-04,,,,2512.8000
2002-08-05,,,,2406.1300
2002-08-06,,,,2160.7700
2002-08-07,,,,2139.0700
2002-08-08,,,,2105.7300
2002-08-09,,,,2110.4000
2002-08-10,,,,2115.8500
2002-08-11,,,,1997.5000
2002-08-12,,,,2112.1900
2002-08-13,,,,2158.6600
2002-08-14,,,,2174.2800
2002-08-16,,,,2229.4300
2002-08-19,,,,2206.7600
2002-08-20,,,,2209.6100
2002-08-21,,,,2200.4600
2002-08-22,,,,2186.2500
2002-08-23,,,,2211.7500
2002-08-26,,,,2212.4100
2002-08-27,,,,2215.6300
2002-08-28,,,,2207.7000
2002-08-29,2216.3700,2216.3700,2215.5300,2215.5300
2002-08-30,,,,2267.2100
2002-09-01,,,,2496.2100
2002-09-02,,,,2277.5200
2002-09-03,,,,2261.5100
2002-09-04,,,,2264.0100
2002-09-05,,,,2267.9000
2002-09-06,,,,2199.8900
2002-09-07,,,,2348.5600
2002-09-08,,,,2110.4000
2002-09-09,,,,2196.8300
2002-09-10,,,,2111.9700
2002-09-11,,,,2236.1500
2002-09-12,,,,2133.1700
2002-09-13,,,,2212.3600
2002-09-16,,,,2199.3400
2002-09-17,,,,2202.9600
2002-09-18,,,,2196.4400
2002-09-19,,,,2177.0900
2002-09-20,,,,2154.7900
2002-09-23,,,,2151.3100
2002-09-24,,,,2163.0200
2002-09-25,,,,2157.7900
2002-09-26,,,,2147.3100
2002-09-27,,,,2157.5100
2002-09-30,,,,2131.2700
2002-10-01,,,,2102.4100
2002-10-03,,,,2087.8800
2002-10-04,,,,2488.0500
2002-10-05,,,,2400.9200
2002-10-06,,,,2284.8400
2002-10-07,,,,2105.2000
2002-10-08,,,,2115.8500
2002-10-09,,,,2111.9700
2002-10-10,,,,2111.5800
2002-10-11,,,,2113.9700
2002-10-12,,,,2169.4200
2002-10-14,,,,2125.7500
2002-10-16,,,,2145.4400
2002-10-17,,,,2150.8200
2002-10-18,,,,2154.7900
2002-10-21,,,,2144.6300
2002-10-22,,,,2141.1600
2002-10-23,,,,2114.7800
2002-10-24,,,,2084.7400
2002-10-25,,,,2037.6200
2002-10-28,,,,1980.9200
2002-10-29,,,,2004.1100
2002-10-30,,,,2032.4900
2002-10-31,,,,2009.1100
2002-11-01,,,,2515.6900
2002-11-02,,,,2642.6400
2002-11-03,,,,2644.1500
2002-11-04,,,,2022.8700
2002-11-05,,,,2015.5400
2002-11-06,,,,2324.6900
2002-11-07,,,,2336.8400
2002-11-08,,,,1997.5000
2002-11-09,,,,2236.1500
2002-11-10,,,,2113.9700
2002-11-11,,,,2004.4000
2002-11-12,,,,2005.3500
2002-11-13,,,,1996.5000
2002-11-14,,,,1985.3100
2002-11-15,,,,1998.4500
2002-11-18,,,,2042.8400
2002-11-20,,,,2034.7000
2002-11-21,,,,2039.0500
2002-11-22,,,,2044.2500
2002-11-25,,,,2054.3100
2002-11-26,,,,2077.4200
2002-11-27,,,,2072.3600
2002-11-28,,,,2116.9500
2002-11-29,,,,2106.9800
2002-12-02,,,,2595.6800
2002-12-03,,,,2594.4700
2002-12-04,,,,2120.4000
2002-12-05,,,,2125.9600
2002-12-06,,,,2165.3100
2002-12-07,,,,2337.2700
2002-12-08,,,,2112.1900
2002-12-09,,,,2232.8900
2002-12-10,,,,2169.4200
2002-12-11,,,,2005.3500
2002-12-12,,,,2170.2100
2002-12-13,,,,2184.8100
2002-12-16,,,,2183.4700
2002-12-17,,,,2168.8400
2002-12-18,,,,2186.8200
2002-12-19,,,,2188.3500
2002-12-20,,,,2199.2100
2002-12-23,,,,2177.5000
2002-12-24,,,,2194.6200
2002-12-26,,,,2203.2800
2002-12-27,,,,2196.1200
2002-12-30,,,,2188.1400
2002-12-31,,,,2185.1800
2003-01-01,,,,2186.5400
2003-01-02,,,,2172.6300
2003-01-03,,,,2185.7300
2003-01-04,,,,1923.4400
2003-01-06,,,,2180.5200
2003-01-07,,,,2291.1200
2003-01-08,,,,2226.6400
2003-01-09,,,,2193.1800
2003-01-10,,,,2199.8800
2003-01-12,,,,2487.3200
2003-01-13,,,,2200.6300
2003-01-14,,,,2190.6600
2003-01-15,,,,2193.3700
2003-01-16,,,,2191.7500
2003-01-17,,,,2186.7300
2003-01-20,,,,2180.0300
2003-01-21,,,,2172.2200
2003-01-22,,,,2175.6200
2003-01-23,,,,2179.4100
2003-01-24,,,,2173.3900
2003-01-27,,,,2159.1500
2003-01-28,,,,2149.4100
2003-01-29,,,,2106.3500
2003-01-30,,,,2091.1900
2003-01-31,,,,2101.1100
2003-02-01,,,,2172.6300
2003-02-03,,,,2092.6100
2003-02-04,,,,2068.3900
2003-02-05,,,,2044.3700
2003-02-06,,,,2076.0900
2003-02-07,,,,2065.8200
2003-02-09,,,,2555.4200
2003-02-10,,,,2058.3000
2003-02-11,,,,2072.0200
2003-02-12,,,,2492.0300
2003-02-14,,,,2025.3400
2003-02-17,,,,2049.4800
2003-02-18,,,,2071.1300
2003-02-19,,,,2093.1400
2003-02-20,,,,2103.3700
2003-02-21,,,,2105.1200
2003-02-24,,,,2107.3900
2003-02-25,,,,2086.3000
2003-02-26,,,,2086.4800
2003-02-27,,,,2092.3800
2003-02-28,,,,2097.0400
2003-03-01,,,,2185.7300
2003-03-02,,,,2092.6100
2003-03-03,,,,2087.2300
2003-03-04,,,,2081.8300
2003-03-05,,,,2061.6500
2003-03-06,,,,2066.5200
2003-03-07,,,,2309.4700
2003-03-09,,,,2486.0500
2003-03-10,,,,2027.2100
2003-03-11,,,,2495.5000
2003-03-12,,,,2501.4400
2003-03-13,,,,2008.2500
2003-03-17,,,,1976.3500
2003-03-19,,,,1988.2600
2003-03-20,,,,2006.7000
2003-03-21,,,,2006.8600
2003-03-22,,,,2015.8600
2003-03-24,,,,1957.8100
2003-03-25,,,,1961.6600
2003-03-26,,,,1979.0600
2003-03-27,,,,1951.3700
2003-03-28,,,,1948.3100
2003-03-31,,,,1917.6400
2003-04-01,,,,1923.4400
2003-04-02,,,,2068.3900
2003-04-03,,,,1971.3100
2003-04-04,,,,1948.5900
2003-04-06,,,,2070.3300
2003-04-07,,,,1979.0400
2003-04-08,,,,2229.4600
2003-04-09,,,,2472.4000
2003-04-10,,,,1937.4700
2003-04-11,,,,2528.8800
2003-04-12,,,,2540.8200
2003-04-15,,,,1933.5500
2003-04-16,,,,1977.2300
2003-04-17,,,,1940.0200
2003-04-21,,,,1948.5600
2003-04-22,,,,1941.2400
2003-04-23,,,,1919.7700
2003-04-24,,,,1883.1600
2003-04-25,,,,1887.5000
2003-04-28,,,,1920.8500
2003-04-29,,,,1931.6800
2003-04-30,,,,1952.0800
2003-05-02,,,,1916.0500
2003-05-03,,,,2061.6500
2003-05-05,,,,1918.0400
2003-05-06,,,,1916.1100
2003-05-07,,,,1920.9100
2003-05-08,,,,1908.5200
2003-05-09,,,,2545.0500
2003-05-11,,,,2503.0500
2003-05-12,,,,2604.7800
2003-05-13,,,,1938.7400
2003-05-14,,,,1983.9300
2003-05-15,,,,1985.9100
2003-05-16,,,,2009.8800
2003-05-19,,,,2019.1100
2003-05-20,,,,2021.1800
2003-05-21,,,,2026.9800
2003-05-22,,,,2010.8000
2003-05-23,,,,2025.4700
2003-05-26,,,,2053.7000
2003-05-27,,,,2054.8700
2003-05-28,,,,2069.5600
2003-05-29,,,,2082.0700
2003-05-30,,,,2083.4300
2003-06-01,,,,2180.5200
2003-06-02,,,,2076.0900
2003-06-03,,,,2055.8600
2003-06-04,,,,2070.3300
2003-06-05,,,,1916.1100
2003-06-06,,,,2134.5400
2003-06-08,,,,2177.4100
2003-06-09,,,,2198.2100
2003-06-10,,,,2530.9200
2003-06-11,,,,2177.7100
2003-06-12,,,,2192.7100
2003-06-13,,,,2189.1500
2003-06-16,,,,2161.1600
2003-06-17,,,,2191.7200
2003-06-18,,,,2208.2700
2003-06-19,,,,2222.8500
2003-06-20,,,,2234.9300
2003-06-23,,,,2229.5300
2003-06-24,,,,2238.6400
2003-06-25,,,,2271.1700
2003-06-26,,,,2303.9300
2003-06-27,,,,2279.5900
2003-06-30,,,,2303.2800
2003-07-01,,,,2174.1300
2003-07-02,,,,2303.9100
2003-07-03,,,,2309.4700
2003-07-04,,,,2265.9700
2003-07-05,,,,1920.9100
2003-07-07,,,,2246.5900
2003-07-08,,,,2255.8600
2003-07-09,,,,2256.3000
2003-07-10,,,,2245.1500
2003-07-11,,,,2478.2000
2003-07-14,,,,2241.2500
2003-07-15,,,,2214.1400
2003-07-16,,,,2211.7000
2003-07-17,,,,2169.2800
2003-07-18,,,,2125.5100
2003-07-21,,,,2065.6700
2003-07-22,,,,2087.1500
2003-07-23,,,,2141.0400
2003-07-24,,,,2194.3400
2003-07-25,,,,2231.2000
2003-07-28,,,,2223.2200
2003-07-29,,,,2239.1600
2003-07-30,,,,2229.5400
2003-07-31,,,,2243.2500
2003-08-01,,,,2226.6400
2003-08-04,,,,1949.5600
2003-08-05,,,,2197.3700
2003-08-06,,,,2177.4100
2003-08-07,,,,2255.8600
2003-08-08,,,,2266.7700
2003-08-09,,,,2574.6300
2003-08-10,,,,2499.8700
2003-08-11,,,,2292.4000
2003-08-12,,,,2622.3400
2003-08-13,,,,2336.6600
2003-08-14,,,,2347.5900
2003-08-18,,,,2392.9800
2003-08-19,,,,2425.2500
2003-08-20,,,,2456.7900
2003-08-21,,,,2450.2600
2003-08-22,,,,2446.1000
2003-08-25,,,,2366.3600
2003-08-26,,,,2452.5300
2003-08-27,,,,2493.0200
2003-08-28,,,,2487.9000
2003-08-29,,,,2490.6100
2003-09-01,,,,2539.0300
2003-09-02,,,,2555.4200
2003-09-03,,,,2486.0500
2003-09-04,,,,1918.6800
2003-09-05,,,,1908.4000
2003-09-06,,,,2198.2100
2003-09-07,,,,2256.3000
2003-09-08,,,,2574.6300
2003-09-09,,,,2520.1800
2003-09-10,,,,2548.5000
2003-09-11,,,,2497.3500
2003-09-12,,,,2652.9800
2003-09-15,,,,2419.4800
2003-09-16,,,,2456.0700
2003-09-17,,,,2424.6400
2003-09-18,,,,2364.3700
2003-09-19,,,,2400.3600
2003-09-22,,,,2337.8300
2003-09-23,,,,2395.6000
2003-09-24,,,,2457.3500
2003-09-25,,,,2402.0700
2003-09-26,,,,2435.9100
2003-09-29,,,,2411.2600
2003-09-30,,,,2432.1300
2003-10-01,,,,2199.8800
2003-10-02,,,,2058.3000
2003-10-03,,,,2498.0700
2003-10-04,,,,1937.4700
2003-10-06,,,,2179.5700
2003-10-07,,,,2523.1300
2003-10-08,,,,2499.8700
2003-10-09,,,,2548.3900
2003-10-10,,,,2559.7300
2003-10-11,,,,2493.2700
2003-10-12,,,,2682.8700
2003-10-13,,,,2586.2100
2003-10-14,,,,2540.1600
2003-10-15,,,,2562.3400
2003-10-16,,,,2582.8800
2003-10-17,,,,2598.8600
2003-10-20,,,,2580.2600
2003-10-21,,,,2525.5700
2003-10-22,,,,2507.2100
2003-10-23,,,,2460.1500
2003-10-24,,,,2499.5800
2003-10-25,,,,2522.8800
2003-10-27,,,,2458.2900
2003-10-28,,,,2419.4200
2003-10-29,,,,2430.4200
2003-10-30,,,,2418.2400
2003-10-31,,,,2417.3900
2003-11-02,,,,2072.0200
2003-11-03,,,,2495.5000
2003-11-04,,,,2528.8800
2003-11-05,,,,2503.0500
2003-11-06,,,,2501.1600
2003-11-07,,,,2478.2000
2003-11-08,,,,2292.4000
2003-11-09,,,,2497.3500
2003-11-10,,,,2493.2700
2003-11-11,,,,2488.1000
2003-11-12,,,,2474.7300
2003-11-13,,,,2471.2500
2003-11-14,,,,2468.9800
2003-11-15,,,,2490.6500
2003-11-17,,,,2487.7800
2003-11-18,,,,2501.9700
2003-11-19,,,,2472.0600
2003-11-20,,,,2447.3100
2003-11-21,,,,2475.3900
2003-11-24,,,,2446.9500
2003-11-25,,,,2462.0600
2003-11-27,,,,2464.1400
2003-11-28,,,,2457.2700
2003-12-01,,,,2487.3200
2003-12-02,,,,2492.0300
2003-12-03,,,,2501.4400
2003-12-04,,,,2540.8200
2003-12-05,,,,2604.7800
2003-12-06,,,,2192.7100
2003-12-08,,,,2622.3400
2003-12-09,,,,2652.9800
2003-12-10,,,,2682.8700
2003-12-11,,,,2474.7300
2003-12-12,,,,2660.9600
2003-12-15,,,,2733.7100
2003-12-16,,,,2821.8300
2003-12-17,,,,2817.9200
2003-12-18,,,,2792.4400
2003-12-19,,,,2813.2900
2003-12-22,,,,2814.8400
2003-12-23,,,,2816.1800
2003-12-24,,,,2824.5700
2003-12-26,,,,2851.9500
2003-12-29,,,,2902.5900
2003-12-30,,,,2885.4700
2003-12-31,,,,2863.3800
2004-01-01,,,,2943.4300
2004-01-02,,,,3000.2900
2004-01-03,,,,2723.5000
2004-01-04,,,,2506.6700
2004-01-05,,,,3020.7300
2004-01-06,,,,2981.6600
2004-01-07,,,,2937.9300
2004-01-08,,,,2996.3100
2004-01-09,,,,3010.0300
2004-01-10,,,,2387.1600
2004-01-11,,,,2351.3500
2004-01-12,,,,2698.8500
2004-01-13,,,,2992.3800
2004-01-14,,,,3014.0100
2004-01-15,,,,3023.8600
2004-01-16,,,,2989.5600
2004-01-19,,,,3010.3000
2004-01-20,,,,2968.5000
2004-01-21,,,,2895.2500
2004-01-22,,,,2816.7800
2004-01-23,,,,2806.5300
2004-01-27,,,,2884.9900
2004-01-28,,,,2788.7000
2004-01-29,,,,2756.9000
2004-01-30,,,,2751.3800
2004-02-01,,,,3000.2900
2004-02-03,,,,2743.1800
2004-02-04,,,,2524.5900
2004-02-05,,,,2747.7100
2004-02-06,,,,2732.5400
2004-02-07,,,,2150.8700
2004-02-08,,,,2220.8900
2004-02-09,,,,2770.7900
2004-02-10,,,,2784.1100
2004-02-11,,,,2797.3000
2004-02-12,,,,2722.6300
2004-02-13,,,,2899.2500
2004-02-16,,,,2885.2100
2004-02-17,,,,2843.9000
2004-02-18,,,,2806.3400
2004-02-19,,,,2761.7000
2004-02-20,,,,2741.8400
2004-02-23,,,,2696.7900
2004-02-24,,,,2724.1600
2004-02-25,,,,2679.5500
2004-02-26,,,,2681.8700
2004-02-27,,,,2694.8300
2004-03-01,,,,2723.5000
2004-03-02,,,,2743.1800
2004-03-03,,,,2687.3500
2004-03-04,,,,2626.7300
2004-03-05,,,,2420.7900
2004-03-06,,,,2171.7600
2004-03-08,,,,2200.6200
2004-03-09,,,,2604.3700
2004-03-10,,,,2565.0700
2004-03-11,,,,2430.9300
2004-03-12,,,,2718.8400
2004-03-15,,,,2517.8200
2004-03-16,,,,2460.4800
2004-03-17,,,,2422.9400
2004-03-18,,,,2418.4300
2004-03-19,,,,2428.9400
2004-03-22,,,,2424.1800
2004-03-23,,,,2436.5700
2004-03-24,,,,2412.5400
2004-03-25,,,,2385.8900
2004-03-26,,,,2424.2400
2004-03-29,,,,2434.6300
2004-03-30,,,,2430.8200
2004-03-31,,,,2464.1100
2004-04-01,,,,2506.6700
2004-04-02,,,,2524.5900
2004-04-03,,,,2626.7300
2004-04-05,,,,2538.4900
2004-04-06,,,,2510.0100
2004-04-07,,,,2454.2200
2004-04-08,,,,2175.9400
2004-04-10,,,,2405.9600
2004-04-11,,,,2424.0200
2004-04-12,,,,2461.9800
2004-04-13,,,,2498.3300
2004-04-15,,,,2486.6400
2004-04-16,,,,2497.2000
2004-04-17,,,,2498.2700
2004-04-19,,,,2501.8400
2004-04-20,,,,2484.9900
2004-04-21,,,,2504.2800
2004-04-22,,,,2500.0400
2004-04-23,,,,2498.6800
2004-04-27,,,,2430.9300
2004-04-28,,,,2413.7700
2004-04-29,,,,2422.1500
2004-04-30,,,,2415.3200
2004-05-01,,,,3020.7300
2004-05-02,,,,2747.7100
2004-05-03,,,,2635.0200
2004-05-04,,,,2424.5000
2004-05-05,,,,2421.1600
2004-05-06,,,,2438.3900
2004-05-07,,,,2157.1100
2004-05-08,,,,2211.8400
2004-05-10,,,,2392.7100
2004-05-11,,,,2462.1500
2004-05-12,,,,2293.1600
2004-05-13,,,,2305.8200
2004-05-14,,,,2256.8200
2004-05-17,,,,1993.9800
2004-05-18,,,,2150.2600
2004-05-19,,,,2191.9200
2004-05-20,,,,2198.3400
2004-05-21,,,,2215.5000
2004-05-24,,,,2246.2400
2004-05-25,,,,2269.9200
2004-05-26,,,,2225.7900
2004-05-27,,,,2248.2600
2004-05-28,,,,2183.4700
2004-05-31,,,,2180.0700
2004-06-01,,,,2206.5400
2004-06-02,,,,2210.7400
2004-06-03,,,,2171.7600
2004-06-04,,,,2510.0100
2004-06-05,,,,2438.3900
2004-06-07,,,,2179.6300
2004-06-08,,,,2191.5200
2004-06-09,,,,2192.3500
2004-06-10,,,,2388.9400
2004-06-11,,,,2153.8400
2004-06-12,,,,2752.9800
2004-06-14,,,,2126.9400
2004-06-15,,,,2129.2200
2004-06-16,,,,2128.0300
2004-06-17,,,,2140.4600
2004-06-18,,,,2106.1800
2004-06-21,,,,2105.4000
2004-06-22,,,,2103.1300
2004-06-23,,,,2084.0100
2004-06-24,,,,2112.9300
2004-06-25,,,,2107.1000
2004-06-28,,,,2115.1300
2004-06-29,,,,2139.5200
2004-06-30,,,,2131.4800
2004-07-01,,,,2937.9300
2004-07-02,,,,2150.8700
2004-07-04,,,,2454.2200
2004-07-05,,,,2411.8000
2004-07-06,,,,2179.6300
2004-07-07,,,,2216.2300
2004-07-08,,,,2186.1800
2004-07-09,,,,2239.7700
2004-07-10,,,,2393.4600
2004-07-12,,,,2783.6800
2004-07-13,,,,2245.3800
2004-07-14,,,,2197.9300
2004-07-15,,,,2200.7100
2004-07-16,,,,2229.8900
2004-07-19,,,,2225.2500
2004-07-20,,,,2199.4400
2004-07-21,,,,2199.2700
2004-07-22,,,,2183.3200
2004-07-23,,,,2205.5100
2004-07-26,,,,2250.4300
2004-07-27,,,,2249.1500
2004-07-28,,,,2241.1400
2004-07-29,,,,2232.0000
2004-07-30,,,,2208.2800
2004-08-01,,,,2996.3100
2004-08-02,,,,2220.8900
2004-08-03,,,,2628.6000
2004-08-04,,,,2457.9300
2004-08-05,,,,2211.8400
2004-08-06,,,,2206.2500
2004-08-07,,,,2186.1800
2004-08-09,,,,2229.2600
2004-08-10,,,,2194.7400
2004-08-11,,,,2193.0900
2004-08-12,,,,2761.2400
2004-08-13,,,,2138.6500
2004-08-16,,,,2124.9800
2004-08-17,,,,2123.1200
2004-08-18,,,,2097.0200
2004-08-19,,,,2131.9400
2004-08-20,,,,2114.6900
2004-08-23,,,,2129.8700
2004-08-24,,,,2143.7900
2004-08-25,,,,2158.3900
2004-08-26,,,,2180.0700
2004-08-27,,,,2163.6900
2004-08-30,,,,2190.7600
2004-08-31,,,,2194.8500
2004-09-01,,,,3010.0300
2004-09-02,,,,2194.7800
2004-09-03,,,,2604.3700
2004-09-06,,,,2184.6300
2004-09-07,,,,2239.7700
2004-09-08,,,,2208.9700
2004-09-09,,,,2277.4600
2004-09-10,,,,2325.7200
2004-09-11,,,,2494.5000
2004-09-12,,,,2734.0700
2004-09-13,,,,2334.8800
2004-09-14,,,,2309.8900
2004-09-15,,,,2339.8500
2004-09-16,,,,2385.2500
2004-09-17,,,,2426.8500
2004-09-20,,,,2428.0200
2004-09-21,,,,2414.2800
2004-09-22,,,,2402.9000
2004-09-23,,,,2373.5700
2004-09-24,,,,2362.4900
2004-09-27,,,,2348.4600
2004-09-28,,,,2335.7700
2004-09-29,,,,2377.0400
2004-09-30,,,,2387.5400
2004-10-01,,,,2387.1600
2004-10-02,,,,2784.1100
2004-10-03,,,,2565.0700
2004-10-04,,,,2405.9600
2004-10-05,,,,2392.7100
2004-10-06,,,,2388.9400
2004-10-07,,,,2393.4600
2004-10-08,,,,2393.2100
2004-10-09,,,,2325.7200
2004-10-11,,,,2498.3800
2004-10-12,,,,2722.0300
2004-10-14,,,,2382.2600
2004-10-15,,,,2371.9800
2004-10-18,,,,2357.9100
2004-10-19,,,,2358.2600
2004-10-20,,,,2337.2500
2004-10-21,,,,2332.4000
2004-10-25,,,,2315.0100
2004-10-26,,,,2320.8400
2004-10-27,,,,2308.2700
2004-10-28,,,,2343.1000
2004-10-29,,,,2344.7800
2004-11-01,,,,2351.3500
2004-11-02,,,,2797.3000
2004-11-03,,,,2572.7300
2004-11-04,,,,2424.0200
2004-11-05,,,,2285.6800
2004-11-06,,,,2153.8400
2004-11-08,,,,2483.3000
2004-11-09,,,,2494.5000
2004-11-10,,,,2498.3800
2004-11-11,,,,2493.4800
2004-11-12,,,,2494.0700
2004-11-16,,,,2505.8600
2004-11-17,,,,2500.5300
2004-11-18,,,,2487.9800
2004-11-19,,,,2487.2100
2004-11-22,,,,2490.8100
2004-11-23,,,,2521.0000
2004-11-24,,,,2599.0200
2004-11-25,,,,2641.2700
2004-11-29,,,,2692.5500
2004-11-30,,,,2711.5700
2004-12-01,,,,2993.0600
2004-12-02,,,,2809.0900
2004-12-03,,,,2574.3900
2004-12-04,,,,2461.9800
2004-12-05,,,,2293.1600
2004-12-06,,,,2752.9800
2004-12-07,,,,2256.4900
2004-12-08,,,,2761.2400
2004-12-09,,,,2734.0700
2004-12-10,,,,2365.2600
2004-12-11,,,,2494.0700
2004-12-13,,,,2717.6600
2004-12-14,,,,2737.5200
2004-12-15,,,,2761.7800
2004-12-16,,,,2768.1600
2004-12-17,,,,2748.5900
2004-12-20,,,,2758.4000
2004-12-21,,,,2775.6400
2004-12-22,,,,2764.3200
2004-12-23,,,,2773.3900
2004-12-24,,,,2773.6700
2004-12-27,,,,2798.9400
2004-12-28,,,,2801.6200
2004-12-29,,,,2801.4800
2004-12-30,,,,2771.0200
2004-12-31,,,,2786.3400
2005-01-02,,,,3017.0400
2005-01-03,,,,2889.3900
2005-01-04,,,,2817.3900
2005-01-05,,,,2778.0800
2005-01-06,,,,3233.5700
2005-01-07,,,,2755.4200
2005-01-08,,,,3576.2300
2005-01-09,,,,3711.2300
2005-01-10,,,,2750.0000
2005-01-11,,,,3735.8100
2005-01-12,,,,4167.5600
2005-01-13,,,,2686.2000
2005-01-14,,,,2688.2200
2005-01-17,,,,2679.4500
2005-01-18,,,,2705.6800
2005-01-19,,,,2695.1300
2005-01-20,,,,2803.0400
2005-01-24,,,,2824.2200
2005-01-25,,,,2859.5400
2005-01-27,,,,2892.9400
2005-01-28,,,,2925.1400
2005-01-31,,,,2954.3300
2005-02-01,,,,3017.0400
2005-02-02,,,,2978.3700
2005-02-03,,,,2996.7900
2005-02-04,,,,3007.5600
2005-02-05,,,,2887.9600
2005-02-06,,,,3201.5300
2005-02-07,,,,2973.0800
2005-02-08,,,,3581.6800
2005-02-09,,,,3729.4900
2005-02-10,,,,2923.3000
2005-02-11,,,,3802.7000
2005-02-12,,,,4193.6600
2005-02-14,,,,2909.9000
2005-02-15,,,,2903.3900
2005-02-16,,,,2838.3300
2005-02-17,,,,2835.8700
2005-02-18,,,,2821.1100
2005-02-21,,,,2790.2500
2005-02-22,,,,2831.0500
2005-02-23,,,,2823.6600
2005-02-24,,,,2825.5100
2005-02-25,,,,2802.2100
2005-02-28,,,,2834.9500
2005-03-01,,,,2889.3900
2005-03-02,,,,2901.5400
2005-03-03,,,,2934.5500
2005-03-04,,,,2951.8200
2005-03-05,,,,2886.0200
2005-03-06,,,,3230.6500
2005-03-07,,,,2910.4600
2005-03-08,,,,3596.6300
2005-03-09,,,,2904.7600
2005-03-10,,,,4163.4400
2005-03-11,,,,2890.7100
2005-03-14,,,,2840.7000
2005-03-15,,,,2825.5600
2005-03-16,,,,2824.8500
2005-03-17,,,,2807.8700
2005-03-18,,,,2791.5200
2005-03-21,,,,2749.1000
2005-03-22,,,,2728.3500
2005-03-23,,,,2744.6000
2005-03-24,,,,2776.0100
2005-03-28,,,,2770.8200
2005-03-29,,,,2711.2600
2005-03-30,,,,2725.6600
2005-03-31,,,,2787.5900
2005-04-01,,,,2817.3900
2005-04-02,,,,3007.5600
2005-04-03,,,,2951.8200
2005-04-04,,,,2810.3000
2005-04-05,,,,2921.4100
2005-04-06,,,,2841.2400
2005-04-07,,,,3472.0900
2005-04-08,,,,2865.6500
2005-04-10,,,,4161.1200
2005-04-11,,,,2843.4100
2005-04-12,,,,2870.7500
2005-04-13,,,,2909.3300
2005-04-15,,,,2841.6000
2005-04-18,,,,2826.7000
2005-04-19,,,,2793.4800
2005-04-20,,,,2829.4700
2005-04-21,,,,2862.2500
2005-04-22,,,,2874.5000
2005-04-25,,,,2877.5800
2005-04-26,,,,2904.5000
2005-04-27,,,,2954.9300
2005-04-28,,,,3003.9900
2005-04-29,,,,2938.8800
2005-05-01,,,,2778.0800
2005-05-02,,,,2887.9600
2005-05-03,,,,2886.0200
2005-05-04,,,,2921.4100
2005-05-05,,,,2912.4700
2005-05-06,,,,2930.7400
2005-05-07,,,,3444.1400
2005-05-08,,,,3611.6100
2005-05-09,,,,3758.1300
2005-05-10,,,,2956.4200
2005-05-11,,,,2956.4700
2005-05-12,,,,4167.2400
2005-05-13,,,,2962.6500
2005-05-16,,,,2979.2800
2005-05-17,,,,2959.9100
2005-05-18,,,,2965.1800
2005-05-19,,,,2975.6700
2005-05-20,,,,2973.5900
2005-05-23,,,,2960.9200
2005-05-24,,,,2984.3100
2005-05-25,,,,3002.1800
2005-05-26,,,,3049.1600
2005-05-27,,,,3121.6200
2005-05-30,,,,3163.2900
2005-05-31,,,,3193.0600
2005-06-01,,,,2735.7400
2005-06-02,,,,3201.5300
2005-06-03,,,,3230.6500
2005-06-04,,,,3259.1000
2005-06-05,,,,2930.7400
2005-06-06,,,,3240.2500
2005-06-07,,,,3190.8300
2005-06-08,,,,3204.8100
2005-06-09,,,,3783.7900
2005-06-10,,,,3957.1400
2005-06-12,,,,4151.8100
2005-06-13,,,,3250.4400
2005-06-14,,,,3237.2700
2005-06-15,,,,3235.9200
2005-06-16,,,,3214.4900
2005-06-17,,,,3206.3100
2005-06-20,,,,3181.3100
2005-06-21,,,,3226.3100
2005-06-22,,,,3272.9100
2005-06-23,,,,3276.4400
2005-06-24,,,,3368.1000
2005-06-27,,,,3400.3000
2005-06-28,,,,3349.1900
2005-06-29,,,,3380.8500
2005-06-30,,,,3433.8900
2005-07-01,,,,3451.7800
2005-07-02,,,,2973.0800
2005-07-03,,,,2910.4600
2005-07-04,,,,3472.0900
2005-07-05,,,,3444.1400
2005-07-06,,,,3190.8300
2005-07-07,,,,3414.1300
2005-07-08,,,,3437.7600
2005-07-10,,,,3974.6000
2005-07-11,,,,3454.6400
2005-07-12,,,,3491.4800
2005-07-13,,,,3470.6900
2005-07-14,,,,3483.9400
2005-07-15,,,,3495.9500
2005-07-18,,,,3520.3900
2005-07-19,,,,3484.3400
2005-07-20,,,,3470.2800
2005-07-21,,,,3434.5300
2005-07-22,,,,3471.3100
2005-07-25,,,,3522.3800
2005-07-26,,,,3536.1700
2005-07-27,,,,3536.9200
2005-07-29,,,,3525.3900
2005-08-01,,,,3576.2300
2005-08-02,,,,2948.0300
2005-08-03,,,,2925.5400
2005-08-04,,,,2865.6500
2005-08-05,,,,3611.6100
2005-08-06,,,,3204.8100
2005-08-07,,,,3437.7600
2005-08-08,,,,3566.9200
2005-08-09,,,,3536.1600
2005-08-10,,,,3599.3100
2005-08-11,,,,3890.1800
2005-08-12,,,,4216.4300
2005-08-16,,,,3686.6500
2005-08-17,,,,3715.0300
2005-08-18,,,,3675.0600
2005-08-19,,,,3656.4500
2005-08-22,,,,3656.5100
2005-08-23,,,,3628.8100
2005-08-24,,,,3597.3600
2005-08-25,,,,3621.6300
2005-08-26,,,,3648.3800
2005-08-29,,,,3625.4100
2005-08-30,,,,3671.6900
2005-08-31,,,,3681.6400
2005-09-01,,,,3711.2300
2005-09-02,,,,2963.4300
2005-09-03,,,,2904.7600
2005-09-05,,,,2960.0600
2005-09-06,,,,3241.4500
2005-09-08,,,,3798.7500
2005-09-09,,,,3805.3100
2005-09-11,,,,3939.9400
2005-09-12,,,,4249.2400
2005-09-13,,,,3902.2000
2005-09-14,,,,3878.9000
2005-09-15,,,,3944.5600
2005-09-16,,,,3957.0100
2005-09-19,,,,4001.3600
2005-09-20,,,,3972.2000
2005-09-21,,,,4070.3800
2005-09-22,,,,3947.3600
2005-09-23,,,,3993.0600
2005-09-26,,,,4148.6500
2005-09-27,,,,4165.8800
2005-09-28,,,,4187.9400
2005-09-29,,,,4172.6100
2005-09-30,,,,4119.5100
2005-10-01,,,,2750.0000
2005-10-02,,,,2923.3000
2005-10-03,,,,2923.5800
2005-10-04,,,,4161.1200
2005-10-05,,,,2956.4200
2005-10-06,,,,3957.1400
2005-10-07,,,,3974.6000
2005-10-08,,,,3599.3100
2005-10-10,,,,3999.9500
2005-10-11,,,,3965.6900
2005-10-13,,,,3948.0400
2005-10-14,,,,3874.6600
2005-10-17,,,,3889.5300
2005-10-18,,,,3891.3400
2005-10-19,,,,3756.5900
2005-10-20,,,,3686.1600
2005-10-21,,,,3787.7400
2005-10-24,,,,3713.5400
2005-10-25,,,,3731.2000
2005-10-26,,,,3691.7300
2005-10-27,,,,3636.6000
2005-10-28,,,,3590.0200
2005-10-31,,,,3702.8700
2005-11-01,,,,3735.8100
2005-11-02,,,,2938.7300
2005-11-03,,,,2890.7100
2005-11-04,,,,2843.4100
2005-11-05,,,,2956.4700
2005-11-07,,,,3848.5100
2005-11-08,,,,3890.1800
2005-11-09,,,,3939.9400
2005-11-10,,,,3896.9800
2005-11-11,,,,3968.4400
2005-11-14,,,,3931.5700
2005-11-16,,,,3939.8900
2005-11-17,,,,3955.3000
2005-11-18,,,,3982.9900
2005-11-21,,,,3914.1800
2005-11-22,,,,3885.0000
2005-11-23,,,,3960.4200
2005-11-24,,,,4070.1700
2005-11-25,,,,4175.2000
2005-11-26,,,,4169.2100
2005-11-28,,,,4262.0800
2005-11-29,,,,4196.0300
2005-11-30,,,,4120.7900
2005-12-01,,,,2697.6100
2005-12-02,,,,4193.6600
2005-12-04,,,,2870.7500
2005-12-05,,,,4167.2400
2005-12-06,,,,4151.8100
2005-12-07,,,,4209.5600
2005-12-08,,,,4216.4300
2005-12-09,,,,4249.2400
2005-12-12,,,,4251.0100
2005-12-13,,,,4317.0900
2005-12-14,,,,4341.3600
2005-12-15,,,,4272.8400
2005-12-16,,,,4302.6200
2005-12-19,,,,4407.7700
2005-12-20,,,,4377.8000
2005-12-21,,,,4371.9000
2005-12-22,,,,4375.2500
2005-12-23,,,,4323.0000
2005-12-26,,,,4252.3400
2005-12-27,,,,4343.7500
2005-12-28,,,,4316.3000
2005-12-29,,,,4355.0000
2005-12-30,,,,4421.4300
2006-01-02,,,,4392.2700
2006-01-03,,,,4445.5600
2006-01-04,,,,4484.3800
2006-01-05,,,,4460.6300
2006-01-06,,,,4901.8700
2006-01-08,,,,4976.6700
2006-01-09,,,,5386.7000
2006-01-10,,,,4423.1700
2006-01-11,,,,5507.2600
2006-01-12,,,,4430.9200
2006-01-13,,,,4432.1300
2006-01-16,,,,4408.4100
2006-01-17,,,,4374.1200
2006-01-18,,,,4351.8900
2006-01-19,,,,4399.6000
2006-01-20,,,,4442.3300
2006-01-23,,,,4518.1200
2006-01-24,,,,4559.9000
2006-01-25,,,,4676.0800
2006-01-27,,,,4667.3700
2006-01-30,,,,4654.1200
2006-01-31,,,,4669.8300
2006-02-01,,,,4392.2700
2006-02-02,,,,4658.7400
2006-02-03,,,,5347.6900
2006-02-05,,,,6253.1200
2006-02-06,,,,5076.4700
2006-02-07,,,,4770.1200
2006-02-08,,,,5035.7100
2006-02-10,,,,4891.6100
2006-02-11,,,,5474.2700
2006-02-13,,,,4928.0800
2006-02-14,,,,5036.2300
2006-02-15,,,,5214.7700
2006-02-16,,,,5170.7400
2006-02-17,,,,5039.8800
2006-02-20,,,,5094.8300
2006-02-21,,,,5102.7300
2006-02-22,,,,5122.1500
2006-02-23,,,,5190.5600
2006-02-24,,,,5140.5800
2006-02-27,,,,5146.3800
2006-02-28,,,,5262.6600
2006-03-01,,,,4445.5600
2006-03-02,,,,5347.6900
2006-03-03,,,,5319.6900
2006-03-04,,,,6036.8100
2006-03-05,,,,6275.2800
2006-03-06,,,,5383.1300
2006-03-07,,,,5250.5600
2006-03-08,,,,4987.8000
2006-03-09,,,,5316.0800
2006-03-10,,,,5476.3100
2006-03-11,,,,5445.8300
2006-03-13,,,,5445.6000
2006-03-14,,,,5495.0600
2006-03-16,,,,5484.0200
2006-03-17,,,,5460.5700
2006-03-20,,,,5483.1600
2006-03-21,,,,5486.3000
2006-03-22,,,,5464.5000
2006-03-23,,,,5501.9300
2006-03-24,,,,5604.5500
2006-03-27,,,,5789.2900
2006-03-28,,,,5784.4900
2006-03-29,,,,5776.1200
2006-03-30,,,,5931.7400
2006-03-31,,,,5897.4800
2006-04-01,,,,4484.3800
2006-04-03,,,,6036.8100
2006-04-04,,,,6121.8300
2006-04-05,,,,6215.7200
2006-04-07,,,,5149.1100
2006-04-08,,,,4914.3500
2006-04-09,,,,5445.2800
2006-04-10,,,,6050.4100
2006-04-12,,,,5890.6900
2006-04-13,,,,5794.4400
2006-04-17,,,,5870.1400
2006-04-18,,,,5984.1900
2006-04-19,,,,5968.4400
2006-04-20,,,,5995.1900
2006-04-21,,,,6050.4100
2006-04-24,,,,6098.0400
2006-04-25,,,,5943.3400
2006-04-26,,,,6076.2700
2006-04-27,,,,6099.3400
2006-04-28,,,,6124.2700
2006-04-29,,,,6172.2800
2006-05-01,,,,4460.6300
2006-05-02,,,,6253.1200
2006-05-03,,,,6275.2800
2006-05-04,,,,6263.7100
2006-05-05,,,,6192.4700
2006-05-06,,,,4959.5900
2006-05-07,,,,5298.6500
2006-05-08,,,,6180.5000
2006-05-09,,,,6132.2400
2006-05-10,,,,6128.1200
2006-05-11,,,,6091.4200
2006-05-12,,,,6030.8400
2006-05-15,,,,5758.3000
2006-05-16,,,,5866.6900
2006-05-17,,,,6041.4500
2006-05-18,,,,5665.9400
2006-05-19,,,,5360.6300
2006-05-22,,,,5154.2600
2006-05-23,,,,5260.0800
2006-05-24,,,,5140.1000
2006-05-25,,,,5291.7300
2006-05-26,,,,5397.8000
2006-05-29,,,,5327.6600
2006-05-30,,,,5289.9300
2006-05-31,,,,5067.7100
2006-06-01,,,,4901.8700
2006-06-02,,,,5076.4700
2006-06-03,,,,5383.1300
2006-06-05,,,,4959.5900
2006-06-06,,,,4748.3200
2006-06-07,,,,5253.7000
2006-06-08,,,,4410.5000
2006-06-09,,,,5405.6800
2006-06-10,,,,5422.4600
2006-06-11,,,,5578.6600
2006-06-12,,,,5508.2500
2006-06-13,,,,4293.9900
2006-06-14,,,,4251.1600
2006-06-15,,,,4523.9100
2006-06-16,,,,4757.4300
2006-06-19,,,,4858.7800
2006-06-20,,,,4773.4300
2006-06-21,,,,4888.8700
2006-06-22,,,,4935.0900
2006-06-23,,,,4971.2800
2006-06-25,,,,4980.3400
2006-06-26,,,,4823.7500
2006-06-27,,,,4982.7200
2006-06-28,,,,4978.3600
2006-06-29,,,,4924.8500
2006-06-30,,,,5159.1400
2006-07-02,,,,4770.1200
2006-07-03,,,,5453.1400
2006-07-04,,,,6057.6900
2006-07-05,,,,5298.6500
2006-07-06,,,,4660.2000
2006-07-07,,,,5121.1700
2006-07-08,,,,4909.6600
2006-07-09,,,,5356.3400
2006-07-10,,,,5149.1400
2006-07-11,,,,5134.5200
2006-07-12,,,,5504.4200
2006-07-13,,,,5268.7200
2006-07-14,,,,5190.9700
2006-07-17,,,,5029.7600
2006-07-18,,,,5004.2300
2006-07-19,,,,4891.0400
2006-07-20,,,,5063.7500
2006-07-21,,,,4872.2700
2006-07-24,,,,4863.4200
2006-07-25,,,,4915.6100
2006-07-26,,,,5036.4700
2006-07-27,,,,5063.1800
2006-07-28,,,,5016.4400
2006-07-31,,,,4983.2200
2006-08-01,,,,4976.6700
2006-08-02,,,,5035.7100
2006-08-03,,,,5307.6600
2006-08-04,,,,4914.3500
2006-08-05,,,,6180.5000
2006-08-06,,,,4410.5000
2006-08-07,,,,4909.6600
2006-08-08,,,,5001.0100
2006-08-09,,,,5102.2900
2006-08-10,,,,5077.0000
2006-08-11,,,,5516.5400
2006-08-12,,,,5424.2300
2006-08-14,,,,5167.2200
2006-08-16,,,,5240.8300
2006-08-17,,,,5271.9400
2006-08-18,,,,5276.9700
2006-08-21,,,,5278.0700
2006-08-22,,,,5262.6200
2006-08-23,,,,5195.5100
2006-08-24,,,,5225.2500
2006-08-25,,,,5269.8100
2006-08-28,,,,5301.3400
2006-08-29,,,,5314.8800
2006-08-30,,,,5352.2100
2006-08-31,,,,5368.9700
2006-09-01,,,,4482.3700
2006-09-03,,,,5316.0800
2006-09-04,,,,5445.2800
2006-09-05,,,,6132.2400
2006-09-06,,,,5405.6800
2006-09-07,,,,5356.3400
2006-09-08,,,,5102.2900
2006-09-10,,,,5413.9800
2006-09-11,,,,5567.8500
2006-09-12,,,,5216.1300
2006-09-13,,,,5294.7300
2006-09-14,,,,5327.5100
2006-09-15,,,,5357.6600
2006-09-18,,,,5461.5900
2006-09-19,,,,5381.3000
2006-09-20,,,,5445.7500
2006-09-21,,,,5559.4200
2006-09-22,,,,5523.5600
2006-09-25,,,,5454.2100
2006-09-26,,,,5482.3700
2006-09-27,,,,5493.0100
2006-09-28,,,,5448.2200
2006-09-29,,,,5530.2700
2006-10-01,,,,4423.1700
2006-10-02,,,,4891.6100
2006-10-03,,,,5476.3100
2006-10-04,,,,5427.8300
2006-10-05,,,,6128.1200
2006-10-06,,,,5422.4600
2006-10-07,,,,5149.1400
2006-10-08,,,,5077.0000
2006-10-09,,,,5413.9800
2006-10-10,,,,5397.2900
2006-10-11,,,,5568.6500
2006-10-12,,,,5350.2900
2006-10-13,,,,5407.9200
2006-10-16,,,,5487.5000
2006-10-17,,,,5432.6600
2006-10-18,,,,5451.1100
2006-10-19,,,,5399.5500
2006-10-20,,,,5359.4500
2006-10-21,,,,5397.4900
2006-10-23,,,,5321.9000
2006-10-26,,,,5282.5500
2006-10-27,,,,5348.1100
2006-10-30,,,,5378.6100
2006-10-31,,,,5456.6800
2006-11-01,,,,5507.2600
2006-11-02,,,,5474.2700
2006-11-03,,,,5445.8300
2006-11-05,,,,6091.4200
2006-11-06,,,,5578.6600
2006-11-07,,,,5579.7400
2006-11-08,,,,5072.3700
2006-11-09,,,,5567.8500
2006-11-10,,,,5356.9400
2006-11-12,,,,5290.5500
2006-11-13,,,,5576.5200
2006-11-14,,,,5512.6200
2006-11-15,,,,5486.6100
2006-11-16,,,,5465.9700
2006-11-17,,,,5385.9300
2006-11-20,,,,5358.0800
2006-11-21,,,,5465.9900
2006-11-22,,,,5411.0100
2006-11-23,,,,5367.1600
2006-11-24,,,,5399.4000
2006-11-27,,,,5385.7200
2006-11-28,,,,5341.3700
2006-11-29,,,,5407.7400
2006-11-30,,,,5415.2500
2006-12-01,,,,4430.9200
2006-12-04,,,,5890.6900
2006-12-05,,,,6030.8400
2006-12-06,,,,5508.2500
2006-12-07,,,,5504.4200
2006-12-08,,,,5424.2300
2006-12-09,,,,5216.1300
2006-12-10,,,,5350.2900
2006-12-11,,,,5290.5500
2006-12-12,,,,5143.5100
2006-12-13,,,,5133.2000
2006-12-14,,,,5262.8200
2006-12-15,,,,5276.3100
2006-12-18,,,,5268.4500
2006-12-19,,,,5147.2600
2006-12-20,,,,5113.2600
2006-12-21,,,,5128.5000
2006-12-22,,,,5116.1300
2006-12-26,,,,5190.5000
2006-12-27,,,,5213.6500
2006-12-28,,,,5223.8500
2006-12-29,,,,5176.7300
2007-01-02,,,,5196.5200
2007-01-03,,,,4769.7400
2007-01-04,,,,5097.9400
2007-01-05,,,,5078.9900
2007-01-06,,,,5083.8900
2007-01-08,,,,5006.9700
2007-01-09,,,,4988.1300
2007-01-10,,,,5763.5700
2007-01-11,,,,5406.9300
2007-01-12,,,,5178.5600
2007-01-15,,,,5203.8800
2007-01-16,,,,5188.3500
2007-01-17,,,,5169.4200
2007-01-18,,,,5261.5300
2007-01-19,,,,5281.2700
2007-01-22,,,,5326.0900
2007-01-23,,,,5269.3100
2007-01-24,,,,5250.8500
2007-01-25,,,,5250.3900
2007-01-29,,,,5167.3400
2007-01-31,,,,5145.3700
2007-02-01,,,,5196.5200
2007-02-02,,,,5200.4100
2007-02-03,,,,4716.7500
2007-02-04,,,,4572.8500
2007-02-05,,,,5195.5100
2007-02-06,,,,5179.1800
2007-02-07,,,,4936.0000
2007-02-08,,,,5151.7400
2007-02-09,,,,5109.7200
2007-02-11,,,,5467.3800
2007-02-12,,,,5058.4400
2007-02-13,,,,4992.5200
2007-02-14,,,,5018.0400
2007-02-15,,,,5095.9400
2007-02-19,,,,5088.5600
2007-02-20,,,,5047.3800
2007-02-21,,,,5020.7000
2007-02-22,,,,4958.7600
2007-02-23,,,,4819.1800
2007-02-26,,,,4881.0700
2007-02-27,,,,4792.0200
2007-02-28,,,,4774.9500
2007-03-01,,,,4769.7400
2007-03-02,,,,4716.7500
2007-03-04,,,,4637.9500
2007-03-05,,,,4560.6400
2007-03-06,,,,4555.3400
2007-03-07,,,,4454.7900
2007-03-08,,,,5275.5900
2007-03-09,,,,4547.1900
2007-03-10,,,,5767.4700
2007-03-12,,,,5867.0000
2007-03-13,,,,4498.0300
2007-03-14,,,,4376.8400
2007-03-15,,,,4433.5900
2007-03-16,,,,4401.2500
2007-03-19,,,,4397.7300
2007-03-20,,,,4425.3100
2007-03-21,,,,4525.5800
2007-03-22,,,,4641.3200
2007-03-23,,,,4603.5700
2007-03-26,,,,4575.2900
2007-03-28,,,,4555.9600
2007-03-29,,,,4653.2500
2007-03-30,,,,4724.7700
2007-04-01,,,,5097.9400
2007-04-02,,,,4572.8500
2007-04-03,,,,4637.9500
2007-04-04,,,,4618.5800
2007-04-05,,,,4842.3900
2007-04-06,,,,5069.1400
2007-04-07,,,,5053.9200
2007-04-09,,,,5359.7700
2007-04-10,,,,5780.0800
2007-04-11,,,,4861.3600
2007-04-12,,,,5905.0400
2007-04-13,,,,4783.2700
2007-04-16,,,,4911.6500
2007-04-17,,,,4862.7900
2007-04-18,,,,4863.7000
2007-04-19,,,,4886.7000
2007-04-20,,,,4873.3300
2007-04-23,,,,4818.5700
2007-04-24,,,,4861.7300
2007-04-25,,,,4956.2000
2007-04-26,,,,4974.8000
2007-04-27,,,,4905.6700
2007-04-30,,,,4825.7700
2007-05-01,,,,5078.9900
2007-05-02,,,,5195.5100
2007-05-03,,,,4838.9800
2007-05-04,,,,4646.9300
2007-05-06,,,,5021.2000
2007-05-07,,,,4841.4200
2007-05-08,,,,4818.8500
2007-05-09,,,,4813.7700
2007-05-10,,,,4853.7200
2007-05-11,,,,4794.5200
2007-05-12,,,,5927.4800
2007-05-14,,,,4833.9700
2007-05-15,,,,4852.4000
2007-05-16,,,,4920.4500
2007-05-17,,,,4959.2300
2007-05-18,,,,4998.8100
2007-05-21,,,,5101.1100
2007-05-22,,,,5131.8800
2007-05-23,,,,5068.3900
2007-05-24,,,,5084.5600
2007-05-25,,,,5106.5400
2007-05-28,,,,5150.9700
2007-05-29,,,,5159.6700
2007-05-30,,,,5055.7500
2007-05-31,,,,5135.3500
2007-06-01,,,,5083.8900
2007-06-02,,,,5179.1800
2007-06-03,,,,4555.3400
2007-06-04,,,,5069.1400
2007-06-05,,,,5021.2000
2007-06-06,,,,4953.1500
2007-06-07,,,,4882.3300
2007-06-08,,,,5267.1000
2007-06-09,,,,5443.3500
2007-06-11,,,,5439.9900
2007-06-12,,,,5941.7000
2007-06-13,,,,4781.1700
2007-06-14,,,,4797.7500
2007-06-15,,,,4821.6900
2007-06-18,,,,4820.0800
2007-06-19,,,,4855.6000
2007-06-20,,,,4873.8400
2007-06-21,,,,4885.4800
2007-06-22,,,,4898.3700
2007-06-25,,,,4897.2000
2007-06-26,,,,4930.9200
2007-06-27,,,,4925.6100
2007-06-28,,,,4942.2400
2007-06-29,,,,4960.3200
2007-07-02,,,,5166.7300
2007-07-03,,,,5023.4500
2007-07-04,,,,5053.9200
2007-07-05,,,,4841.4200
2007-07-06,,,,4882.3300
2007-07-08,,,,5206.4500
2007-07-09,,,,5468.6100
2007-07-10,,,,5008.9500
2007-07-11,,,,5398.2200
2007-07-12,,,,5889.8300
2007-07-13,,,,5060.1400
2007-07-16,,,,5017.8100
2007-07-17,,,,5024.4100
2007-07-18,,,,5004.7300
2007-07-19,,,,5030.9500
2007-07-20,,,,5000.2700
2007-07-23,,,,5119.5000
2007-07-24,,,,5012.7500
2007-07-25,,,,5189.5500
2007-07-26,,,,5251.5200
2007-07-27,,,,5200.7000
2007-07-30,,,,5263.9400
2007-07-31,,,,5337.7400
2007-08-01,,,,5179.8800
2007-08-02,,,,5194.6700
2007-08-03,,,,5275.5900
2007-08-05,,,,4818.8500
2007-08-06,,,,4808.2900
2007-08-07,,,,5206.4500
2007-08-08,,,,5252.9500
2007-08-09,,,,5163.2400
2007-08-10,,,,5126.2400
2007-08-11,,,,5393.0900
2007-08-13,,,,5205.3600
2007-08-14,,,,5178.8800
2007-08-16,,,,5000.6800
2007-08-17,,,,4912.2900
2007-08-20,,,,4994.6800
2007-08-21,,,,4866.5200
2007-08-22,,,,4973.9300
2007-08-23,,,,5011.4800
2007-08-24,,,,5047.1800
2007-08-27,,,,5144.4300
2007-08-28,,,,5196.5300
2007-08-29,,,,5205.3500
2007-08-30,,,,5252.8600
2007-08-31,,,,5291.8100
2007-09-01,,,,4988.1300
2007-09-02,,,,5109.7200
2007-09-03,,,,5365.6300
2007-09-04,,,,4772.4400
2007-09-05,,,,4813.7700
2007-09-06,,,,5443.3500
2007-09-07,,,,5011.8200
2007-09-08,,,,5163.2400
2007-09-10,,,,5554.6300
2007-09-11,,,,5606.5900
2007-09-12,,,,5576.1900
2007-09-13,,,,5549.1300
2007-09-14,,,,5568.0400
2007-09-17,,,,5633.8500
2007-09-18,,,,5639.7300
2007-09-19,,,,5747.2200
2007-09-20,,,,5774.2900
2007-09-21,,,,5754.8100
2007-09-24,,,,5749.9100
2007-09-25,,,,5761.9700
2007-09-26,,,,5715.6000
2007-09-27,,,,5649.1600
2007-09-28,,,,5756.7200
2007-10-01,,,,4972.8600
2007-10-03,,,,5767.4700
2007-10-04,,,,5780.0800
2007-10-05,,,,5670.7500
2007-10-07,,,,5008.9500
2007-10-08,,,,5126.2400
2007-10-09,,,,5554.6300
2007-10-10,,,,5754.2100
2007-10-11,,,,5858.7700
2007-10-12,,,,5735.7800
2007-10-15,,,,5774.1500
2007-10-16,,,,5729.1500
2007-10-17,,,,5614.0700
2007-10-18,,,,5571.0300
2007-10-19,,,,5415.1100
2007-10-22,,,,5454.4200
2007-10-23,,,,5677.0300
2007-10-24,,,,5689.1500
2007-10-25,,,,5708.5600
2007-10-26,,,,5697.3000
2007-10-29,,,,5798.5300
2007-10-30,,,,5754.1800
2007-10-31,,,,5636.7500
2007-11-01,,,,5124.1900
2007-11-02,,,,5467.3800
2007-11-04,,,,4861.3600
2007-11-05,,,,4794.5200
2007-11-06,,,,4824.2400
2007-11-07,,,,5020.8900
2007-11-08,,,,5393.0900
2007-11-09,,,,5606.5900
2007-11-10,,,,5858.7700
2007-11-12,,,,5494.4700
2007-11-13,,,,5512.0600
2007-11-14,,,,5620.1200
2007-11-15,,,,5719.8700
2007-11-16,,,,5931.4200
2007-11-19,,,,5972.4400
2007-11-20,,,,5910.8800
2007-11-21,,,,5654.3200
2007-11-22,,,,5625.0200
2007-11-23,,,,5691.8200
2007-11-26,,,,5777.6200
2007-11-27,,,,5766.5500
2007-11-28,,,,5754.8400
2007-11-29,,,,5723.2300
2007-11-30,,,,5830.2300
2007-12-01,,,,5178.5600
2007-12-02,,,,5058.4400
2007-12-03,,,,4493.6700
2007-12-04,,,,4818.9200
2007-12-05,,,,5927.4800
2007-12-06,,,,4831.8500
2007-12-07,,,,5889.8300
2007-12-09,,,,5576.1900
2007-12-10,,,,5844.4500
2007-12-11,,,,5494.4700
2007-12-12,,,,5931.7100
2007-12-13,,,,6023.4100
2007-12-14,,,,6175.0400
2007-12-17,,,,6025.0800
2007-12-18,,,,5993.6600
2007-12-19,,,,6038.6600
2007-12-20,,,,5996.9800
2007-12-24,,,,6086.6600
2007-12-26,,,,6153.0900
2007-12-27,,,,6194.3200
2007-12-28,,,,6269.4700
2007-12-31,,,,6329.6000
2008-01-01,,,,6477.5900
2008-01-02,,,,6513.6700
2008-01-03,,,,6482.0900
2008-01-04,,,,5933.7200
2008-01-07,,,,6778.9200
2008-01-08,,,,5408.6200
2008-01-09,,,,5568.3800
2008-01-10,,,,5517.9200
2008-01-11,,,,6413.0600
2008-01-12,,,,4785.5300
2008-01-14,,,,6448.4300
2008-01-15,,,,6321.2100
2008-01-16,,,,6180.5400
2008-01-17,,,,6284.0500
2008-01-18,,,,6140.2300
2008-01-21,,,,5716.4700
2008-01-22,,,,5249.9600
2008-01-23,,,,5589.3300
2008-01-24,,,,5426.9800
2008-01-25,,,,5715.1500
2008-01-28,,,,5687.9700
2008-01-29,,,,5830.4200
2008-01-30,,,,5668.0200
2008-01-31,,,,5674.0000
2008-02-01,,,,6513.6700
2008-02-04,,,,5885.4700
2008-02-05,,,,5842.2100
2008-02-06,,,,5711.0000
2008-02-07,,,,5545.4200
2008-02-08,,,,5683.8700
2008-02-09,,,,5650.5200
2008-02-11,,,,5334.4900
2008-02-12,,,,5315.0100
2008-02-13,,,,5441.9100
2008-02-14,,,,5614.5400
2008-02-15,,,,5722.6500
2008-02-18,,,,5833.5500
2008-02-19,,,,5897.4800
2008-02-20,,,,5778.0800
2008-02-21,,,,5801.8100
2008-02-22,,,,5772.0100
2008-02-25,,,,5772.3400
2008-02-26,,,,5804.5400
2008-02-27,,,,5829.5800
2008-02-28,,,,5809.1900
2008-02-29,,,,5881.5300
2008-03-01,,,,6482.0900
2008-03-03,,,,5742.5100
2008-03-04,,,,5611.8500
2008-03-05,,,,5726.4200
2008-03-06,,,,6024.8400
2008-03-07,,,,4828.8200
2008-03-10,,,,5499.8400
2008-03-11,,,,4807.6200
2008-03-12,,,,5663.5300
2008-03-13,,,,5532.4300
2008-03-14,,,,5635.5500
2008-03-17,,,,5445.5400
2008-03-18,,,,5475.5500
2008-03-19,,,,5503.0700
2008-03-24,,,,5603.9400
2008-03-25,,,,5729.3700
2008-03-26,,,,5735.3200
2008-03-27,,,,5824.9200
2008-03-28,,,,5918.8300
2008-03-31,,,,5817.7200
2008-04-01,,,,5933.7200
2008-04-02,,,,5876.9300
2008-04-03,,,,5611.8500
2008-04-04,,,,5863.9200
2008-04-06,,,,5920.2700
2008-04-07,,,,4903.7800
2008-04-08,,,,6082.0500
2008-04-09,,,,5544.8900
2008-04-10,,,,5999.7300
2008-04-11,,,,5027.0500
2008-04-12,,,,4981.3000
2008-04-15,,,,6069.5400
2008-04-16,,,,6092.3800
2008-04-17,,,,6054.6200
2008-04-21,,,,6047.6100
2008-04-22,,,,6087.2700
2008-04-23,,,,6064.8300
2008-04-24,,,,6112.8000
2008-04-25,,,,6161.3500
2008-04-28,,,,6136.9400
2008-04-29,,,,6159.2400
2008-04-30,,,,6228.0300
2008-05-02,,,,5842.2100
2008-05-03,,,,5726.4200
2008-05-05,,,,6266.1700
2008-05-06,,,,6310.6700
2008-05-07,,,,6346.8900
2008-05-08,,,,6194.9000
2008-05-09,,,,5564.7000
2008-05-11,,,,4935.4200
2008-05-12,,,,6218.7700
2008-05-13,,,,6244.5900
2008-05-14,,,,6224.5400
2008-05-15,,,,6196.1300
2008-05-16,,,,6273.9600
2008-05-20,,,,6240.2600
2008-05-21,,,,6242.6700
2008-05-22,,,,6149.4000
2008-05-23,,,,6038.7300
2008-05-26,,,,5877.1800
2008-05-27,,,,5896.9000
2008-05-28,,,,6119.1100
2008-05-29,,,,6044.6400
2008-05-30,,,,6091.7900
2008-06-02,,,,5711.0000
2008-06-03,,,,6024.8400
2008-06-04,,,,5920.2700
2008-06-05,,,,6310.6700
2008-06-06,,,,5942.5000
2008-06-08,,,,5554.0300
2008-06-09,,,,5805.7800
2008-06-10,,,,5280.5300
2008-06-11,,,,4921.0800
2008-06-12,,,,5704.6100
2008-06-13,,,,5648.5500
2008-06-16,,,,5709.5500
2008-06-17,,,,5786.5700
2008-06-18,,,,5799.8700
2008-06-19,,,,5758.9800
2008-06-20,,,,5604.2400
2008-06-23,,,,5528.1100
2008-06-24,,,,5390.9700
2008-06-25,,,,5351.3700
2008-06-26,,,,5388.0200
2008-06-27,,,,5199.2900
2008-06-30,,,,5202.7400
2008-07-01,,,,6778.9200
2008-07-02,,,,5545.4200
2008-07-03,,,,5662.2700
2008-07-04,,,,6105.8200
2008-07-05,,,,6346.8900
2008-07-07,,,,5062.2900
2008-07-08,,,,5575.0100
2008-07-09,,,,5206.4200
2008-07-10,,,,5188.4800
2008-07-11,,,,5026.9000
2008-07-14,,,,5034.8900
2008-07-15,,,,4855.3200
2008-07-16,,,,4880.1800
2008-07-17,,,,4968.1100
2008-07-18,,,,5089.4000
2008-07-21,,,,5174.8600
2008-07-22,,,,5395.0700
2008-07-23,,,,5463.1400
2008-07-24,,,,5394.1700
2008-07-25,,,,5416.2100
2008-07-28,,,,5433.1100
2008-07-29,,,,5440.2000
2008-07-30,,,,5453.4800
2008-07-31,,,,5444.0400
2008-08-01,,,,6747.7600
2008-08-02,,,,5683.8700
2008-08-04,,,,5414.7800
2008-08-05,,,,5499.7000
2008-08-06,,,,5554.0300
2008-08-07,,,,4977.6700
2008-08-08,,,,5561.4500
2008-08-09,,,,5702.7400
2008-08-10,,,,4924.1000
2008-08-11,,,,5627.6300
2008-08-12,,,,5656.6800
2008-08-13,,,,5666.4200
2008-08-14,,,,5577.3200
2008-08-18,,,,5524.9400
2008-08-19,,,,5471.8600
2008-08-20,,,,5463.7900
2008-08-21,,,,5386.8900
2008-08-22,,,,5455.7600
2008-08-25,,,,5477.1000
2008-08-26,,,,5516.5100
2008-08-27,,,,5495.0100
2008-08-28,,,,5438.2700
2008-08-29,,,,5553.6400
2008-09-01,,,,6703.2200
2008-09-02,,,,5650.5200
2008-09-04,,,,6040.4100
2008-09-05,,,,6201.9900
2008-09-06,,,,5805.7800
2008-09-07,,,,5206.4200
2008-09-08,,,,5702.7400
2008-09-09,,,,5650.3300
2008-09-10,,,,5639.6900
2008-09-11,,,,5573.7300
2008-09-12,,,,5559.1500
2008-09-15,,,,5476.7800
2008-09-16,,,,5483.9900
2008-09-17,,,,5347.6000
2008-09-18,,,,5367.7200
2008-09-19,,,,5498.4700
2008-09-22,,,,5571.1900
2008-09-23,,,,5506.9000
2008-09-24,,,,5529.6000
2008-09-25,,,,5460.3800
2008-09-26,,,,5517.8600
2008-09-29,,,,5489.4300
2008-09-30,,,,5450.7900
2008-10-01,,,,5517.9200
2008-10-03,,,,5645.6800
2008-10-04,,,,5999.7300
2008-10-06,,,,5729.9600
2008-10-07,,,,5186.6500
2008-10-08,,,,4924.1000
2008-10-09,,,,5639.6900
2008-10-10,,,,4673.0400
2008-10-11,,,,5063.0300
2008-10-12,,,,4974.3500
2008-10-13,,,,4855.4600
2008-10-14,,,,4904.8400
2008-10-15,,,,4725.9000
2008-10-16,,,,4808.1300
2008-10-17,,,,4713.5900
2008-10-20,,,,4807.2900
2008-10-21,,,,4953.0200
2008-10-22,,,,4982.3800
2008-10-23,,,,4898.6800
2008-10-24,,,,4602.2700
2008-10-27,,,,4362.9600
2008-10-28,,,,4519.0100
2008-10-29,,,,4401.4200
2008-10-31,,,,4606.1200
2008-11-01,,,,6413.0600
2008-11-02,,,,5334.4900
2008-11-03,,,,4807.6200
2008-11-04,,,,5027.0500
2008-11-05,,,,4935.4200
2008-11-06,,,,4921.0800
2008-11-07,,,,5026.9000
2008-11-08,,,,5627.6300
2008-11-09,,,,5573.7300
2008-11-10,,,,5063.0300
2008-11-11,,,,4993.8800
2008-11-12,,,,4874.2200
2008-11-14,,,,4860.8100
2008-11-17,,,,4796.9200
2008-11-18,,,,4714.8300
2008-11-19,,,,4760.8500
2008-11-20,,,,4726.6500
2008-11-21,,,,4778.0400
2008-11-24,,,,4853.7200
2008-11-25,,,,4845.8100
2008-11-26,,,,4879.2000
2008-11-28,,,,4916.8400
2008-12-01,,,,4785.5300
2008-12-02,,,,5315.0100
2008-12-03,,,,4831.8500
2008-12-04,,,,4981.3000
2008-12-05,,,,6218.7700
2008-12-06,,,,5704.6100
2008-12-08,,,,4926.8300
2008-12-09,,,,5559.1500
2008-12-10,,,,4974.3500
2008-12-11,,,,4981.6800
2008-12-12,,,,4977.5700
2008-12-15,,,,5024.0000
2008-12-16,,,,5094.6800
2008-12-17,,,,5063.9700
2008-12-18,,,,5184.6600
2008-12-19,,,,5288.2300
2008-12-22,,,,5273.1300
2008-12-23,,,,5185.0300
2008-12-24,,,,5122.7200
2008-12-26,,,,5065.8900
2008-12-29,,,,5089.7600
2008-12-30,,,,5106.2100
2008-12-31,,,,5090.1300
2009-01-01,,,,5111.5000
2009-01-02,,,,5146.9000
2009-01-04,,,,5117.6000
2009-01-05,,,,5109.6100
2009-01-06,,,,5172.0000
2009-01-07,,,,5052.5700
2009-01-09,,,,5095.2300
2009-01-10,,,,6653.4600
2009-01-12,,,,5054.8900
2009-01-13,,,,5038.8800
2009-01-14,,,,5069.1800
2009-01-15,,,,4977.2800
2009-01-16,,,,5026.7000
2009-01-19,,,,5039.0400
2009-01-20,,,,4993.7700
2009-01-21,,,,5056.8600
2009-01-22,,,,4990.6400
2009-01-23,,,,4917.3500
2009-01-27,,,,4977.7200
2009-01-28,,,,5087.8500
2009-01-29,,,,5055.2300
2009-01-30,,,,5164.2400
2009-02-01,,,,5146.9000
2009-02-02,,,,5122.4800
2009-02-03,,,,5015.3400
2009-02-04,,,,5103.7000
2009-02-05,,,,5161.6800
2009-02-06,,,,5567.0700
2009-02-07,,,,5895.8100
2009-02-09,,,,5214.6300
2009-02-10,,,,5184.7500
2009-02-11,,,,5191.2100
2009-02-12,,,,5156.1100
2009-02-13,,,,5188.5000
2009-02-16,,,,5167.1100
2009-02-17,,,,5112.3500
2009-02-18,,,,5109.8200
2009-02-19,,,,5083.2300
2009-02-20,,,,5066.7600
2009-02-24,,,,5068.5300
2009-02-25,,,,5077.3900
2009-02-26,,,,5129.9200
2009-02-27,,,,5136.7000
2009-03-02,,,,5015.3400
2009-03-03,,,,4892.3500
2009-03-04,,,,4897.4600
2009-03-05,,,,4738.1500
2009-03-06,,,,5771.9100
2009-03-07,,,,5919.7600
2009-03-08,,,,6905.9000
2009-03-09,,,,4550.7700
2009-03-11,,,,6982.2400
2009-03-12,,,,7365.1800
2009-03-13,,,,4747.3600
2009-03-16,,,,4876.7800
2009-03-17,,,,4902.8200
2009-03-18,,,,4856.1200
2009-03-19,,,,4835.1100
2009-03-20,,,,4845.8200
2009-03-23,,,,4952.7600
2009-03-24,,,,4961.3000
2009-03-25,,,,4971.0600
2009-03-26,,,,5102.4500
2009-03-27,,,,5124.2300
2009-03-30,,,,5055.3700
2009-03-31,,,,5134.6600
2009-04-01,,,,5117.6000
2009-04-02,,,,5182.9300
2009-04-03,,,,4897.4600
2009-04-05,,,,5558.5500
2009-04-06,,,,5872.8200
2009-04-08,,,,5229.2500
2009-04-09,,,,5151.4600
2009-04-11,,,,7117.4300
2009-04-12,,,,7386.9700
2009-04-13,,,,5161.0700
2009-04-15,,,,5217.6400
2009-04-16,,,,5285.9800
2009-04-17,,,,5267.8500
2009-04-20,,,,5233.7500
2009-04-21,,,,5319.3100
2009-04-22,,,,5317.7600
2009-04-23,,,,5328.6600
2009-04-24,,,,5342.9100
2009-04-27,,,,5321.3400
2009-04-28,,,,5199.5700
2009-04-29,,,,5299.8100
2009-05-01,,,,5109.6100
2009-05-02,,,,5161.6800
2009-05-03,,,,4738.1500
2009-05-04,,,,5558.5500
2009-05-05,,,,5457.7800
2009-05-06,,,,5352.4800
2009-05-07,,,,5332.1200
2009-05-08,,,,5310.7800
2009-05-10,,,,6711.1300
2009-05-11,,,,5241.8300
2009-05-12,,,,5263.7400
2009-05-13,,,,5202.8400
2009-05-14,,,,5205.8300
2009-05-15,,,,5200.5700
2009-05-18,,,,5650.8500
2009-05-19,,,,5393.7000
2009-05-20,,,,5415.1600
2009-05-21,,,,5345.5300
2009-05-22,,,,5368.8400
2009-05-25,,,,5498.8300
2009-05-26,,,,5380.6300
2009-05-27,,,,5404.1500
2009-05-28,,,,5394.8400
2009-05-29,,,,5410.1600
2009-06-01,,,,5544.8500
2009-06-02,,,,5186.4200
2009-06-03,,,,4673.4800
2009-06-04,,,,5872.8200
2009-06-05,,,,5352.4800
2009-06-07,,,,5947.0000
2009-06-08,,,,6634.6800
2009-06-09,,,,5747.1000
2009-06-10,,,,6912.6300
2009-06-11,,,,7098.9000
2009-06-12,,,,5805.3300
2009-06-15,,,,5833.5100
2009-06-16,,,,5896.7100
2009-06-17,,,,5773.3300
2009-06-18,,,,5738.5300
2009-06-19,,,,5839.0900
2009-06-22,,,,5857.1300
2009-06-23,,,,5803.9700
2009-06-24,,,,5860.4400
2009-06-25,,,,5791.6000
2009-06-26,,,,5904.0300
2009-06-29,,,,5879.3900
2009-06-30,,,,5838.7900
2009-07-01,,,,5892.2700
2009-07-02,,,,5895.8100
2009-07-03,,,,5919.7600
2009-07-05,,,,5332.1200
2009-07-06,,,,5947.0000
2009-07-07,,,,6153.6100
2009-07-08,,,,6464.6900
2009-07-09,,,,6628.6600
2009-07-10,,,,6889.3800
2009-07-12,,,,7358.2400
2009-07-13,,,,6047.1400
2009-07-14,,,,6118.6100
2009-07-15,,,,6195.5000
2009-07-16,,,,6195.3600
2009-07-17,,,,6344.9000
2009-07-20,,,,6354.9500
2009-07-21,,,,6301.5200
2009-07-22,,,,6282.2700
2009-07-23,,,,6492.3400
2009-07-24,,,,6571.8400
2009-07-27,,,,6799.2900
2009-07-28,,,,6694.0800
2009-07-29,,,,6591.3000
2009-07-30,,,,6746.9100
2009-07-31,,,,6936.4500
2009-08-03,,,,6905.9000
2009-08-04,,,,6946.0700
2009-08-05,,,,6886.2700
2009-08-06,,,,5591.8900
2009-08-07,,,,6089.4600
2009-08-09,,,,6535.1600
2009-08-10,,,,6283.7100
2009-08-11,,,,6304.8300
2009-08-12,,,,6293.0300
2009-08-13,,,,6523.8700
2009-08-14,,,,6437.3400
2009-08-17,,,,6180.1700
2009-08-18,,,,6292.1700
2009-08-19,,,,6241.2900
2009-08-20,,,,6271.2900
2009-08-21,,,,6369.5600
2009-08-24,,,,6590.4200
2009-08-25,,,,6604.5300
2009-08-26,,,,6551.7700
2009-08-27,,,,6535.9400
2009-08-28,,,,6541.1700
2009-08-31,,,,6474.8700
2009-09-01,,,,5095.2300
2009-09-02,,,,5214.6300
2009-09-03,,,,4550.7700
2009-09-04,,,,6625.5200
2009-09-06,,,,5747.1000
2009-09-07,,,,6134.8800
2009-09-08,,,,6535.1600
2009-09-09,,,,6496.3600
2009-09-10,,,,6994.7200
2009-09-11,,,,7245.1100
2009-09-12,,,,7434.2200
2009-09-14,,,,6393.6800
2009-09-15,,,,6467.4300
2009-09-16,,,,6489.8700
2009-09-17,,,,6522.0200
2009-09-18,,,,6512.3000
2009-09-22,,,,6638.4300
2009-09-23,,,,6547.3200
2009-09-24,,,,6592.7300
2009-09-25,,,,6633.4200
2009-09-29,,,,6670.2500
2009-09-30,,,,6633.7300
2009-10-01,,,,6653.4600
2009-10-02,,,,5184.7500
2009-10-05,,,,6711.1300
2009-10-06,,,,5877.3400
2009-10-07,,,,6103.7300
2009-10-08,,,,7024.2600
2009-10-09,,,,6994.7200
2009-10-11,,,,7214.1300
2009-10-12,,,,7154.0000
2009-10-14,,,,7204.6100
2009-10-15,,,,7177.5000
2009-10-16,,,,7115.8900
2009-10-17,,,,7100.9800
2009-10-20,,,,7094.3200
2009-10-21,,,,6950.8500
2009-10-22,,,,7015.9700
2009-10-23,,,,7205.6400
2009-10-26,,,,7258.0200
2009-10-27,,,,7179.2500
2009-10-28,,,,7160.8200
2009-10-29,,,,7201.8200
2009-10-30,,,,7163.9700
2009-11-02,,,,5191.2100
2009-11-03,,,,6982.2400
2009-11-04,,,,7117.4300
2009-11-05,,,,7144.9600
2009-11-06,,,,7098.9000
2009-11-08,,,,6304.8300
2009-11-09,,,,6408.7500
2009-11-10,,,,7214.1300
2009-11-11,,,,7265.2000
2009-11-12,,,,7351.1500
2009-11-13,,,,7213.1700
2009-11-16,,,,7276.2700
2009-11-17,,,,7258.9100
2009-11-18,,,,7317.5700
2009-11-19,,,,7282.2500
2009-11-20,,,,7337.1600
2009-11-23,,,,7486.7800
2009-11-24,,,,7438.8200
2009-11-25,,,,7526.7200
2009-11-26,,,,7443.1000
2009-11-27,,,,7355.4500
2009-11-30,,,,7399.7100
2009-12-01,,,,5054.8900
2009-12-02,,,,5156.1100
2009-12-03,,,,7365.1800
2009-12-04,,,,7386.9700
2009-12-05,,,,5263.7400
2009-12-06,,,,5805.3300
2009-12-07,,,,7358.2400
2009-12-08,,,,6293.0300
2009-12-09,,,,7434.2200
2009-12-10,,,,7373.7600
2009-12-11,,,,7165.3600
2009-12-14,,,,7261.6300
2009-12-15,,,,7202.0100
2009-12-16,,,,7183.6100
2009-12-17,,,,7208.1300
2009-12-18,,,,7114.3500
2009-12-21,,,,7091.5500
2009-12-22,,,,7103.2200
2009-12-23,,,,7235.6600
2009-12-24,,,,7283.3000
2009-12-29,,,,7288.2000
2009-12-30,,,,7234.5100
2009-12-31,,,,7207.3900
2010-01-02,,,,7015.8300
2010-01-04,,,,7293.5900
2010-01-05,,,,7354.5200
2010-01-06,,,,7398.4400
2010-01-07,,,,8398.4700
2010-01-08,,,,7382.4300
2010-01-09,,,,8828.7700
2010-01-10,,,,9625.3800
2010-01-11,,,,9296.6200
2010-01-12,,,,9201.0700
2010-01-13,,,,7274.7200
2010-01-14,,,,7224.8800
2010-01-15,,,,7263.0800
2010-01-18,,,,7260.6000
2010-01-19,,,,7223.8000
2010-01-20,,,,7215.3000
2010-01-21,,,,7120.3100
2010-01-22,,,,7170.1000
2010-01-25,,,,7241.0500
2010-01-27,,,,7163.9900
2010-01-28,,,,7149.9500
2010-01-29,,,,7012.4200
2010-02-01,,,,7015.8300
2010-02-02,,,,6961.5500
2010-02-03,,,,7027.8400
2010-02-04,,,,7061.1200
2010-02-05,,,,6963.6100
2010-02-06,,,,7665.3600
2010-02-07,,,,8343.2600
2010-02-08,,,,7028.3900
2010-02-09,,,,8881.9700
2010-02-10,,,,7005.1300
2010-02-11,,,,7080.7900
2010-02-12,,,,9193.3400
2010-02-15,,,,7062.7800
2010-02-16,,,,7113.7600
2010-02-17,,,,7163.5400
2010-02-18,,,,7133.1300
2010-02-19,,,,7126.0200
2010-02-22,,,,7130.2800
2010-02-23,,,,7119.2500
2010-02-24,,,,7087.4100
2010-02-25,,,,7002.6200
2010-02-26,,,,6885.7100
2010-03-02,,,,7088.3900
2010-03-03,,,,7130.4500
2010-03-04,,,,7182.3800
2010-03-05,,,,7177.3900
2010-03-06,,,,7803.6000
2010-03-08,,,,7230.6200
2010-03-09,,,,7205.6500
2010-03-10,,,,7263.3700
2010-03-11,,,,9419.4500
2010-03-12,,,,7155.0900
2010-03-15,,,,7206.7400
2010-03-16,,,,7215.0400
2010-03-17,,,,7213.3300
2010-03-18,,,,7191.7500
2010-03-19,,,,7216.0500
2010-03-22,,,,7183.2500
2010-03-23,,,,7189.1800
2010-03-25,,,,7258.4800
2010-03-26,,,,7300.6300
2010-03-29,,,,7327.9600
2010-03-30,,,,7346.7800
2010-03-31,,,,7273.3000
2010-04-01,,,,7293.5900
2010-04-02,,,,7061.1200
2010-04-03,,,,7182.3800
2010-04-05,,,,7357.6100
2010-04-06,,,,7916.7600
2010-04-07,,,,7366.1100
2010-04-08,,,,8483.6800
2010-04-09,,,,7371.4700
2010-04-10,,,,9570.2400
2010-04-11,,,,9492.4800
2010-04-12,,,,7409.9800
2010-04-13,,,,7365.5300
2010-04-15,,,,7303.0500
2010-04-16,,,,7379.8700
2010-04-19,,,,7295.1700
2010-04-20,,,,7324.5100
2010-04-21,,,,7367.2700
2010-04-22,,,,7416.8300
2010-04-23,,,,7465.9300
2010-04-26,,,,7467.7300
2010-04-27,,,,7509.8600
2010-04-28,,,,7493.8600
2010-04-29,,,,7415.3400
2010-04-30,,,,7467.1300
2010-05-01,,,,7354.5200
2010-05-02,,,,6963.6100
2010-05-03,,,,7177.3900
2010-05-04,,,,7326.3200
2010-05-05,,,,7364.1600
2010-05-06,,,,7351.0900
2010-05-07,,,,7314.5000
2010-05-08,,,,8520.9400
2010-05-10,,,,9493.7500
2010-05-11,,,,9531.7400
2010-05-12,,,,7410.9000
2010-05-13,,,,7471.8700
2010-05-14,,,,7486.7400
2010-05-17,,,,7519.7200
2010-05-18,,,,7561.9600
2010-05-19,,,,7340.4600
2010-05-20,,,,7402.1100
2010-05-21,,,,7419.4000
2010-05-24,,,,7374.4100
2010-05-25,,,,7221.4300
2010-05-26,,,,7344.2500
2010-05-27,,,,7462.0700
2010-05-28,,,,7623.3700
2010-05-31,,,,7665.1800
2010-06-01,,,,7398.4400
2010-06-02,,,,7665.3600
2010-06-03,,,,7803.6000
2010-06-04,,,,7351.3500
2010-06-05,,,,7351.0900
2010-06-07,,,,7876.1300
2010-06-08,,,,8586.6300
2010-06-09,,,,8960.2100
2010-06-10,,,,7825.9600
2010-06-11,,,,7857.0800
2010-06-12,,,,9146.0200
2010-06-14,,,,7951.0600
2010-06-15,,,,8057.6900
2010-06-16,,,,8016.5700
2010-06-17,,,,8024.1900
2010-06-18,,,,8077.7200
2010-06-21,,,,8170.7900
2010-06-22,,,,8226.3600
2010-06-23,,,,8309.9000
2010-06-24,,,,8402.1400
2010-06-25,,,,8307.7300
2010-06-28,,,,8285.9500
2010-06-29,,,,8236.8100
2010-06-30,,,,8404.3800
2010-07-01,,,,8398.4700
2010-07-02,,,,8343.2600
2010-07-04,,,,7366.1100
2010-07-05,,,,7314.5000
2010-07-06,,,,7876.1300
2010-07-07,,,,8389.1800
2010-07-08,,,,8412.8200
2010-07-09,,,,8362.6900
2010-07-10,,,,9407.9400
2010-07-12,,,,9084.4200
2010-07-13,,,,8336.9400
2010-07-14,,,,8305.9900
2010-07-15,,,,8382.8600
2010-07-16,,,,8412.4300
2010-07-19,,,,8328.5000
2010-07-20,,,,8286.7700
2010-07-21,,,,8293.9000
2010-07-22,,,,8378.4000
2010-07-23,,,,8414.6100
2010-07-26,,,,8378.1500
2010-07-27,,,,8408.7000
2010-07-28,,,,8389.3400
2010-07-29,,,,8444.2500
2010-07-30,,,,8370.1700
2010-08-01,,,,7382.4300
2010-08-02,,,,7028.3900
2010-08-03,,,,7230.6200
2010-08-04,,,,7332.1000
2010-08-05,,,,8520.9400
2010-08-06,,,,8586.6300
2010-08-07,,,,8412.8200
2010-08-09,,,,8969.1400
2010-08-10,,,,9382.6200
2010-08-11,,,,9493.2500
2010-08-12,,,,9041.1800
2010-08-13,,,,8567.4700
2010-08-16,,,,8632.3400
2010-08-17,,,,8639.6400
2010-08-18,,,,8765.7700
2010-08-19,,,,8888.8200
2010-08-20,,,,8785.7000
2010-08-23,,,,8718.3200
2010-08-24,,,,8715.2200
2010-08-25,,,,8698.3400
2010-08-26,,,,8767.8200
2010-08-27,,,,8673.6200
2010-08-30,,,,8616.6100
2010-08-31,,,,8746.0700
2010-09-01,,,,8828.7700
2010-09-02,,,,6999.3900
2010-09-03,,,,7205.6500
2010-09-04,,,,7371.4700
2010-09-06,,,,7765.7100
2010-09-07,,,,8985.2700
2010-09-08,,,,8969.1400
2010-09-09,,,,8978.8700
2010-09-11,,,,9674.3700
2010-09-12,,,,8939.6000
2010-09-13,,,,9032.8100
2010-09-14,,,,9032.4800
2010-09-15,,,,9076.7400
2010-09-16,,,,9070.8500
2010-09-17,,,,9201.9600
2010-09-20,,,,9483.7600
2010-09-21,,,,9361.6200
2010-09-22,,,,9390.5000
2010-09-23,,,,9458.7500
2010-09-24,,,,9659.5600
2010-09-27,,,,9567.8500
2010-09-28,,,,9543.6800
2010-09-29,,,,9439.6700
2010-09-30,,,,9571.1900
2010-10-01,,,,9625.3800
2010-10-02,,,,7005.1300
2010-10-03,,,,7263.3700
2010-10-04,,,,9570.2400
2010-10-05,,,,7373.6300
2010-10-06,,,,9466.0600
2010-10-07,,,,9407.9400
2010-10-08,,,,8569.7000
2010-10-11,,,,9395.6800
2010-10-12,,,,9063.7700
2010-10-13,,,,9476.1300
2010-10-14,,,,9449.2000
2010-10-15,,,,9323.2000
2010-10-18,,,,9294.0100
2010-10-19,,,,9286.9200
2010-10-20,,,,9179.9200
2010-10-21,,,,9464.5300
2010-10-22,,,,9321.9400
2010-10-25,,,,9308.0300
2010-10-26,,,,9369.4600
2010-10-27,,,,9219.8600
2010-10-28,,,,9144.4700
2010-10-29,,,,9274.0200
2010-11-01,,,,9296.6200
2010-11-02,,,,9350.9300
2010-11-03,,,,7191.5200
2010-11-04,,,,9492.4800
2010-11-05,,,,7332.4800
2010-11-06,,,,7857.0800
2010-11-08,,,,9493.2500
2010-11-09,,,,9674.3700
2010-11-10,,,,9597.7400
2010-11-11,,,,9471.4400
2010-11-12,,,,9353.4100
2010-11-15,,,,9406.3500
2010-11-16,,,,9207.1800
2010-11-18,,,,9272.9300
2010-11-19,,,,9236.6600
2010-11-22,,,,9369.9000
2010-11-23,,,,9252.6900
2010-11-24,,,,9276.5400
2010-11-25,,,,9116.8600
2010-11-26,,,,8981.2500
2010-11-29,,,,9042.7300
2010-11-30,,,,9184.1900
2010-12-01,,,,9201.0700
2010-12-02,,,,9193.3400
2010-12-03,,,,9193.7100
2010-12-04,,,,7409.9800
2010-12-05,,,,7410.9000
2010-12-06,,,,9146.0200
2010-12-07,,,,9084.4200
2010-12-08,,,,8468.2600
2010-12-09,,,,8939.6000
2010-12-10,,,,9276.9400
2010-12-11,,,,9353.4100
2010-12-13,,,,9012.1100
2010-12-14,,,,9068.0500
2010-12-15,,,,9039.3100
2010-12-16,,,,9048.5600
2010-12-20,,,,9052.2800
2010-12-21,,,,9042.8200
2010-12-22,,,,9055.8400
2010-12-23,,,,9014.2600
2010-12-24,,,,9131.0500
2010-12-27,,,,9109.6800
2010-12-28,,,,9171.0100
2010-12-29,,,,9326.2100
2010-12-30,,,,9367.7900
2010-12-31,,,,9409.7200
2011-01-02,8625.6000,8665.5000,8352.7500,8449.5000
2011-01-03,8789.9500,8962.6000,8789.9500,8943.1000
2011-01-04,9180.9500,9289.7000,9174.3000,9209.4500
2011-01-05,,,,9625.2200
2011-01-06,,,,9546.2100
2011-01-07,10462.2000,10462.7500,10267.8500,10313.0500
2011-01-08,10490.3500,10552.0000,10420.6500,10445.4500
2011-01-10,,,,9131.7000
2011-01-11,10599.5000,10626.7500,10555.1500,10577.5000
2011-01-12,,,,9224.6000
2011-01-13,,,,9191.0700
2011-01-14,,,,9126.2500
2011-01-17,,,,9139.7700
2011-01-18,,,,9285.4800
2011-01-19,,,,9240.1700
2011-01-20,,,,9135.7100
2011-01-21,,,,9021.6500
2011-01-24,,,,9019.2100
2011-01-25,,,,8882.2900
2011-01-27,,,,8778.0600
2011-01-28,,,,8748.8200
2011-01-31,8707.9500,8709.9500,8500.6500,8595.7000
2011-02-01,8625.6000,8665.5000,8352.7500,8449.5000
2011-02-02,8491.2500,8555.2500,8411.9500,8440.0500
2011-02-03,8411.1000,8551.1500,8405.2500,8491.3000
2011-02-04,8495.8500,8524.0000,8188.7500,8230.0500
2011-02-05,9612.5000,9648.5500,9504.6000,9521.9500
2011-02-06,9848.2000,10061.6500,9822.8000,9960.0500
2011-02-07,8332.6000,8396.0000,8240.1500,8331.4500
2011-02-08,10416.5500,10432.9500,10238.9500,10306.3500
2011-02-09,8248.4000,8263.2000,8111.9000,8181.1000
2011-02-10,8167.6500,8284.2000,8162.9000,8194.7500
2011-02-11,10549.5000,10658.6000,10549.5000,10604.6000
2011-02-12,10348.2500,10482.6000,10324.7500,10458.1000
2011-02-14,8191.3500,8443.4000,8191.3500,8393.1500
2011-02-15,8430.1000,8440.4000,8328.7500,8376.3500
2011-02-16,8345.1500,8459.0000,8345.1500,8412.7500
2011-02-17,8427.6000,8486.4000,8342.5000,8474.3500
2011-02-18,8466.7500,8574.8000,8389.8500,8410.0000
2011-02-21,8413.3500,8494.9000,8348.5500,8473.5000
2011-02-22,8459.6000,8466.8500,8368.2500,8422.9000
2011-02-23,8421.3500,8443.7000,8366.0500,8384.8000
2011-02-24,8332.4000,8385.6000,8104.6500,8157.4500
2011-02-25,8202.5500,8375.0500,8176.6500,8357.8500
2011-02-28,8348.2500,8810.5000,8310.8000,8730.3500
2011-03-01,8789.9500,8962.6000,8789.9500,8943.1000
2011-03-02,8411.1000,8551.1500,8405.2500,8491.3000
2011-03-03,8895.0500,9047.5500,8895.0500,8976.5500
2011-03-04,9000.5000,9019.1000,8902.2500,8926.1500
2011-03-05,9506.6500,9518.3500,9300.6000,9335.9000
2011-03-06,9960.8500,10024.6500,9881.5500,9898.5000
2011-03-07,8882.8000,8917.7500,8738.0000,8883.2500
2011-03-08,10249.3500,10376.2500,10198.1500,10337.9500
2011-03-09,8903.8500,8942.1500,8823.8500,8855.6500
2011-03-10,8842.6500,8852.9500,8774.9000,8828.4500
2011-03-11,10562.7500,10601.3000,10517.9000,10580.1500
2011-03-14,8850.1500,8922.2000,8830.3500,8910.9500
2011-03-15,8828.4000,8891.6500,8684.9500,8775.4000
2011-03-16,8798.6000,8844.8000,8784.5500,8803.1000
2011-03-17,8749.1000,8801.8500,8654.7000,8674.8000
2011-03-18,8726.7500,8742.8000,8575.8000,8649.5500
2011-03-21,8672.3000,8705.5000,8611.5500,8623.4500
2011-03-22,8653.7000,8723.6500,8618.7500,8686.1500
2011-03-23,8683.0500,8778.9500,8664.6500,8756.0000
2011-03-24,8787.2000,8814.0500,8765.6000,8790.0500
2011-03-25,8851.1500,8948.8000,8821.0500,8930.0000
2011-03-28,8905.8000,9046.4000,8905.8000,9006.3000
2011-03-29,9029.3000,9064.1500,9008.2500,9030.0000
2011-03-30,9033.3500,9117.2000,8972.5500,9005.6500
2011-03-31,9026.3500,9254.6500,9026.3500,9188.4500
2011-04-01,,,,9560.3100
2011-04-02,8495.8500,8524.0000,8188.7500,8230.0500
2011-04-03,9000.5000,9019.1000,8902.2500,8926.1500
2011-04-04,9231.4000,9289.7000,9212.2500,9280.2000
2011-04-05,9362.0500,9397.3000,9242.6000,9345.8000
2011-04-06,9249.7500,9307.6500,9166.3000,9257.2000
2011-04-07,10379.7500,10416.5000,10246.2000,10266.8000
2011-04-08,10286.6000,10384.9000,10104.4500,10128.5000
2011-04-10,9751.2000,9820.3000,9573.3500,9640.2000
2011-04-11,10608.5000,10638.4500,10565.0000,10605.7000
2011-04-13,9280.7500,9539.3000,9264.1500,9501.0000
2011-04-15,9501.3000,9556.4500,9409.5500,9488.0500
2011-04-18,9497.5000,9624.5000,9377.4500,9450.4500
2011-04-19,9413.4000,9447.0000,9319.1000,9334.6500
2011-04-20,9380.2500,9523.2500,9375.0000,9504.1500
2011-04-21,9579.8500,9583.0500,9496.8500,9520.2500
2011-04-25,9521.7500,9613.3500,9508.9000,9525.3000
2011-04-26,9535.4000,9566.4000,9329.9500,9528.2000
2011-04-27,9540.2500,9618.6000,9513.0500,9583.6000
2011-04-28,9604.6500,9634.3500,9479.9000,9500.1500
2011-04-29,9465.9000,9654.2500,9465.9000,9585.4500
2011-05-01,,,,9625.2200
2011-05-02,9612.5000,9648.5500,9504.6000,9521.9500
2011-05-03,9506.6500,9518.3500,9300.6000,9335.9000
2011-05-04,9362.0500,9397.3000,9242.6000,9345.8000
2011-05-05,9350.9000,9359.5500,9120.3000,9151.6000
2011-05-06,9178.5500,9279.0000,9046.7000,9262.0000
2011-05-07,10295.6000,10297.0000,10146.1500,10157.5000
2011-05-08,9966.3500,10002.2500,9733.5000,9967.8500
2011-05-09,9267.7500,9388.0500,9200.7000,9360.1000
2011-05-10,9646.6500,9824.7500,9646.6500,9679.4500
2011-05-11,9457.5000,9544.4500,9426.9500,9526.2500
2011-05-12,10446.4000,10496.2000,10345.4500,10401.6000
2011-05-13,9411.0500,9733.0500,9372.7000,9619.1500
2011-05-16,9643.8000,9674.1000,9487.3000,9507.4500
2011-05-17,9516.8000,9638.8000,9516.8000,9578.4500
2011-05-18,9577.3500,9670.4000,9572.8000,9611.0000
2011-05-19,9642.8500,9710.6500,9592.4000,9617.3000
2011-05-20,9653.4500,9710.0000,9490.8500,9564.2500
2011-05-23,9574.1500,9642.6000,9532.3500,9612.1500
2011-05-24,9625.1000,9632.1000,9476.4500,9520.2500
2011-05-25,9508.0000,9577.0500,9446.8000,9556.8500
2011-05-26,9554.3000,9574.5500,9492.4000,9552.4500
2011-05-27,9553.0000,9619.4000,9553.0000,9606.7500
2011-05-30,9607.5500,9652.6000,9542.6500,9603.0000
2011-05-31,9610.4500,9838.9500,9610.4500,9827.6500
2011-06-01,9875.7500,9894.3000,9813.5500,9874.0500
2011-06-02,9848.2000,10061.6500,9822.8000,9960.0500
2011-06-03,9960.8500,10024.6500,9881.5500,9898.5000
2011-06-04,9249.7500,9307.6500,9166.3000,9257.2000
2011-06-05,9178.5500,9279.0000,9046.7000,9262.0000
2011-06-06,9900.4500,9938.2000,9823.4500,9862.4000
2011-06-07,9823.6000,9900.8500,9814.2000,9855.5000
2011-06-08,9843.5500,9956.7000,9828.3500,9935.2500
2011-06-09,10116.6500,10164.8500,10048.4000,10142.7000
2011-06-10,9830.0000,9886.0500,9780.7500,9828.4000
2011-06-13,9802.0000,9864.3000,9753.4500,9815.4000
2011-06-14,9813.5000,9937.2000,9813.5000,9923.3000
2011-06-15,9923.9500,10005.5500,9916.5500,9942.1500
2011-06-16,9958.7500,9992.7500,9916.3500,9926.2000
2011-06-17,9909.2500,10021.4500,9858.0000,9874.4000
2011-06-20,9901.9000,9906.5000,9587.0500,9686.6000
2011-06-21,9713.2000,9790.0500,9610.6000,9623.3500
2011-06-22,9642.3500,9667.7500,9510.4500,9553.5000
2011-06-23,9560.7000,9778.8000,9537.0000,9762.0000
2011-06-24,9772.9000,9973.0000,9756.2000,9939.0000
2011-06-27,9864.5000,9968.1500,9864.5000,9898.1000
2011-06-28,9909.3000,9938.3000,9808.2000,9925.8000
2011-06-29,9943.0000,10211.5000,9943.0000,10187.8000
2011-06-30,10197.1500,10394.4000,10197.1500,10369.0000
2011-07-01,10462.2000,10462.7500,10267.8500,10313.0500
2011-07-02,8332.6000,8396.0000,8240.1500,8331.4500
2011-07-03,8882.8000,8917.7500,8738.0000,8883.2500
2011-07-04,10379.7500,10416.5000,10246.2000,10266.8000
2011-07-05,10295.6000,10297.0000,10146.1500,10157.5000
2011-07-06,10141.6000,10203.8000,10104.5500,10168.6500
2011-07-07,10186.4000,10462.1000,10186.4000,10446.6000
2011-07-08,10446.9500,10499.2500,10292.4500,10319.5000
2011-07-09,10148.3500,10162.3000,10093.1000,10108.2500
2011-07-10,9815.4500,9917.5500,9781.0000,9896.6500
2011-07-11,10320.1000,10411.0500,10299.8000,10361.6500
2011-07-12,10328.2500,10456.6500,10249.0000,10328.7500
2011-07-13,10333.0500,10419.1500,10333.0500,10393.7000
2011-07-14,10390.4000,10445.9000,10283.2500,10361.9000
2011-07-15,10343.3000,10403.4000,10282.7500,10298.2500
2011-07-18,10320.7500,10351.0500,10265.8500,10313.1500
2011-07-19,10329.7500,10416.4000,10297.1000,10382.8500
2011-07-20,10384.3500,10493.0500,10384.3500,10411.6000
2011-07-21,10381.2500,10485.0500,10381.2500,10428.1500
2011-07-22,10475.4000,10534.2500,10440.8000,10473.0500
2011-07-25,10459.3500,10459.3500,10340.9000,10405.8500
2011-07-26,10397.3000,10443.4000,10178.2000,10232.7000
2011-07-27,10280.7500,10292.3500,10142.0000,10239.9500
2011-07-28,10167.3500,10384.4000,10148.8000,10350.9500
2011-07-29,10345.3000,10518.2000,10339.7500,10435.7500
2011-08-01,10490.3500,10552.0000,10420.6500,10445.4500
2011-08-02,10416.5500,10432.9500,10238.9500,10306.3500
2011-08-03,10249.3500,10376.2500,10198.1500,10337.9500
2011-08-04,9262.5500,9347.6000,9228.4500,9283.0500
2011-08-05,9966.3500,10002.2500,9733.5000,9967.8500
2011-08-06,9843.5500,9956.7000,9828.3500,9935.2500
2011-08-07,10446.9500,10499.2500,10292.4500,10319.5000
2011-08-08,9856.2000,9997.0500,9704.6000,9892.0500
2011-08-09,10115.9000,10150.6500,10034.3000,10083.1500
2011-08-10,10067.3000,10128.1500,9937.4500,9975.1500
2011-08-11,10587.5500,10684.4000,10579.2000,10643.0000
2011-08-12,10447.6000,10502.8000,10227.4500,10274.9500
2011-08-16,10066.1500,10070.1000,9977.8000,10017.9000
2011-08-17,10006.8000,10184.6000,10006.8000,10156.8000
2011-08-18,10171.7000,10210.6000,10091.0000,10109.5000
2011-08-19,10039.7500,10099.6000,9920.6000,9950.3000
2011-08-22,9926.3000,10099.8500,9875.9000,10072.4000
2011-08-23,10077.0500,10149.9000,9979.9500,10120.8000
2011-08-24,10111.7500,10162.4500,10031.2000,10079.7500
2011-08-25,10090.0000,10151.7500,10068.8500,10089.7000
2011-08-26,10103.5500,10122.5500,9822.1500,9892.0000
2011-08-29,9926.3500,10098.4000,9876.0500,10063.4000
2011-08-30,10124.4500,10129.3000,10001.9000,10050.2000
2011-09-02,8248.4000,8263.2000,8111.9000,8181.1000
2011-09-03,8903.8500,8942.1500,8823.8500,8855.6500
2011-09-05,9267.7500,9388.0500,9200.7000,9360.1000
2011-09-06,9935.0500,9964.9000,9888.0500,9926.1500
2011-09-07,10148.3500,10162.3000,10093.1000,10108.2500
2011-09-08,10115.9000,10150.6500,10034.3000,10083.1500
2011-09-09,10100.8000,10169.2500,10033.6000,10059.2000
2011-09-11,10643.1000,10862.3500,10637.9500,10762.3500
2011-09-12,10207.4500,10226.4500,10118.6500,10143.9000
2011-09-13,10065.2500,10168.3000,10021.0000,10047.0500
2011-09-14,10065.0500,10200.5500,9941.7500,10178.8500
2011-09-15,10256.8500,10256.8500,10051.6500,10152.2000
2011-09-16,10158.3000,10197.1500,9999.7500,10023.1000
2011-09-19,10025.3000,10025.3000,9912.7500,9924.8000
2011-09-20,9942.6000,10067.8000,9926.9000,10034.0500
2011-09-21,10042.7000,10089.6000,9961.0500,10012.0500
2011-09-22,9961.9000,9961.9000,9694.9500,9726.6500
2011-09-23,9692.9000,9813.8000,9648.5500,9743.1500
2011-09-26,9782.4500,9782.4500,9470.2500,9594.6500
2011-09-27,9645.9000,9836.3500,9645.9000,9817.3000
2011-09-28,9835.9500,9906.0500,9789.5000,9893.8500
2011-09-29,9851.7000,10100.6500,9849.1000,10069.4500
2011-09-30,10039.4000,10058.9000,9901.6500,9947.6500
2011-10-01,,,,9131.7000
2011-10-02,8167.6500,8284.2000,8162.9000,8194.7500
2011-10-03,9857.4000,9860.3000,9738.1500,9774.3500
2011-10-04,9751.2000,9820.3000,9573.3500,9640.2000
2011-10-05,9386.2500,9559.0000,9380.3500,9458.8500
2011-10-06,9830.0000,9886.0500,9780.7500,9828.4000
2011-10-07,9815.4500,9917.5500,9781.0000,9896.6500
2011-10-08,10067.3000,10128.1500,9937.4500,9975.1500
2011-10-10,9864.1000,10001.2000,9842.5000,9945.7500
2011-10-11,10000.8000,10049.4000,9922.0000,9934.1500
2011-10-12,9949.9000,10144.8500,9925.7500,10124.2000
2011-10-13,10080.4500,10188.1500,10024.5000,10062.6000
2011-10-14,10047.0500,10193.9000,10039.3500,10164.4000
2011-10-17,10161.6000,10222.9000,10114.0000,10208.2500
2011-10-18,10153.7500,10198.0500,10073.6500,10118.7000
2011-10-19,10149.4000,10262.1500,10116.1500,10237.2000
2011-10-20,10196.6000,10213.6000,10114.5000,10143.1000
2011-10-21,10170.7500,10199.5000,10055.7500,10077.2500
2011-10-24,10098.4000,10267.2000,10098.4000,10215.9000
2011-10-25,10256.0500,10439.0000,10192.0500,10369.5000
2011-10-26,10406.4000,10464.3500,10390.8000,10427.8500
2011-10-28,10520.2500,10608.1500,10500.3000,10592.1000
2011-10-31,10587.6000,10684.4000,10522.5000,10670.0500
2011-11-01,10599.5000,10626.7500,10555.1500,10577.5000
2011-11-02,10549.5000,10658.6000,10549.5000,10604.6000
2011-11-03,10562.7500,10601.3000,10517.9000,10580.1500
2011-11-04,10608.5000,10638.4500,10565.0000,10605.7000
2011-11-05,9457.5000,9544.4500,9426.9500,9526.2500
2011-11-07,10320.1000,10411.0500,10299.8000,10361.6500
2011-11-08,9950.1000,10044.4500,9925.8500,9993.6500
2011-11-09,10643.1000,10862.3500,10637.9500,10762.3500
2011-11-10,10000.8000,10049.4000,9922.0000,9934.1500
2011-11-11,10736.6500,10834.0000,10685.8000,10744.5500
2011-11-14,10768.9500,10861.9000,10718.9500,10736.5000
2011-11-15,10713.7000,10724.8000,10577.9500,10599.4000
2011-11-16,10580.7500,10692.8500,10524.9500,10646.1000
2011-11-17,10640.8500,10640.8500,10443.5500,10492.7500
2011-11-18,10440.8500,10478.7500,10228.1500,10306.3500
2011-11-21,10269.2500,10336.5500,10195.1500,10236.6000
2011-11-22,10322.6500,10341.4500,10080.8500,10104.9500
2011-11-23,10098.7000,10098.7000,9841.6500,9977.5000
2011-11-24,9982.0000,10050.9000,9856.3500,9966.6000
2011-11-25,9950.0500,9988.6000,9879.9500,9909.4000
2011-11-28,9990.9000,10153.3000,9968.6000,10079.5500
2011-11-29,10114.9000,10161.0500,10072.9500,10149.2000
2011-11-30,10123.0000,10311.7500,10107.1000,10271.4000
2011-12-01,10396.3500,10469.4500,10321.9500,10335.9500
2011-12-02,10348.2500,10482.6000,10324.7500,10458.1000
2011-12-05,9486.0500,9571.4000,9404.5000,9423.9500
2011-12-07,10425.6500,10558.5500,10409.6500,10459.5000
2011-12-08,10039.1000,10074.8500,9897.8500,9969.4500
2011-12-09,9999.1000,10094.4500,9992.9500,10048.5000
2011-12-10,9949.9000,10144.8500,9925.7500,10124.2000
2011-12-12,10194.4500,10205.8500,10042.8000,10063.6500
2011-12-13,10058.7000,10161.6000,10033.9500,10132.9500
2011-12-14,10127.5500,10262.2500,10124.5500,10162.1500
2011-12-15,10135.6500,10250.3500,10079.1500,10211.0000
2011-12-16,10197.0500,10376.1500,9988.3000,10043.2000
2011-12-19,10015.9000,10114.3500,9912.9500,10094.9000
2011-12-20,10139.5000,10202.9500,10099.8000,10126.5500
2011-12-21,10208.9500,10286.3500,10165.9000,10262.9500
2011-12-22,10222.0500,10380.3500,10217.0000,10358.2500
2011-12-23,10385.3000,10437.6500,10336.0000,10370.5500
2011-12-26,10354.9500,10471.3500,10337.1000,10447.1500
2011-12-27,10444.6500,10460.4500,10355.5000,10429.7000
2011-12-28,10446.3500,10450.2000,10285.2000,10304.2500
2011-12-29,10282.2000,10330.7500,10206.9000,10244.9500
2011-12-30,10246.7500,10321.3000,10167.1500,10217.1500
2012-01-02,10236.7500,10249.9000,10085.6000,10103.9500
2012-01-03,10153.3000,10260.7000,10153.3000,10215.7000
2012-01-04,10246.3500,10246.3500,10115.6000,10151.5000
2012-01-05,10134.3500,10175.7500,10069.8000,10130.8000
2012-01-06,10111.7500,10239.2500,10056.1000,10206.7500
2012-01-07,10218.3500,10223.8000,10183.3000,10190.5000
2012-01-08,12880.1500,12959.4500,12840.2500,12945.2500
2012-01-09,10183.2000,10201.9500,10115.0000,10183.2000
2012-01-10,14095.3500,14206.0500,14095.3500,14167.5500
2012-01-11,10305.5500,10338.5000,10218.7000,10241.1500
2012-01-12,10239.4000,10322.2500,10235.2000,10314.0000
2012-01-13,10311.7500,10400.9500,10295.5000,10354.7500
2012-01-16,10345.5500,10437.4000,10327.0000,10415.6000
2012-01-17,10419.5000,10505.5500,10412.4000,10483.0500
2012-01-18,10463.6000,10502.4500,10386.3000,10465.4000
2012-01-19,10490.4500,10528.5500,10422.6500,10451.1500
2012-01-20,10475.6000,10516.3000,10164.8500,10211.6500
2012-01-23,10221.5500,10354.4500,10133.0500,10315.8000
2012-01-24,10350.2000,10371.6000,10306.1500,10331.3500
2012-01-25,10349.1000,10409.4500,10322.5500,10389.4500
2012-01-27,10465.0500,10471.9000,10182.7000,10257.8500
2012-01-30,10253.0000,10318.1500,10163.5000,10188.7500
2012-01-31,10255.7000,10345.0500,10224.5000,10327.7000
2012-02-01,10315.0500,10343.3500,10251.1000,10326.1000
2012-02-02,10345.6000,10363.8000,10283.2500,10309.1500
2012-02-03,10316.1000,10490.5000,10272.9500,10466.1000
2012-02-04,11430.2500,11458.2000,11391.2500,11438.7000
2012-02-05,12207.7500,12307.1000,12129.9000,12168.5500
2012-02-06,10528.6000,10576.9000,10421.9500,10451.8000
2012-02-07,10513.5500,10518.3500,10424.6000,10484.1000
2012-02-08,12973.1000,13050.7500,12967.3000,13036.7500
2012-02-09,10455.5500,10554.2500,10453.6500,10528.5500
2012-02-10,10525.2000,10564.2000,10456.3000,10496.1500
2012-02-11,14497.6000,14615.7000,14468.8500,14502.2500
2012-02-13,10501.5500,10537.1500,10456.0500,10479.5500
2012-02-14,10470.9500,10534.1000,10467.4000,10485.4500
2012-02-15,10511.2500,10545.7500,10471.9500,10505.3000
2012-02-16,10517.9000,10530.2000,10463.7500,10499.5000
2012-02-17,10513.2500,10562.7000,10495.2000,10545.5500
2012-02-21,10554.7000,10656.6000,10554.7000,10589.1000
2012-02-22,10572.6500,10623.4000,10454.1000,10528.0500
2012-02-23,10529.3000,10652.0500,10529.3000,10604.4500
2012-02-24,10612.8000,10700.9500,10581.5500,10629.5000
2012-02-27,10662.4000,10747.1500,10614.4500,10654.9000
2012-02-28,10653.9000,10725.5000,10626.9000,10642.7500
2012-02-29,10656.1000,10753.2500,10537.3000,10560.3000
2012-03-01,10555.1000,10597.0000,10467.6500,10517.5500
2012-03-02,10316.1000,10490.5000,10272.9500,10466.1000
2012-03-03,10466.8000,10504.9000,10447.3000,10463.5000
2012-03-04,11484.2500,11514.8500,11448.0000,11461.0000
2012-03-05,12177.7000,12205.3000,12083.9000,12115.5500
2012-03-06,10471.4500,10673.4000,10424.1000,10574.9000
2012-03-07,12454.0000,12497.9000,12315.5500,12347.0500
2012-03-08,12980.1500,13025.4500,12938.4500,12987.2500
2012-03-09,13694.9500,13730.4000,13615.9500,13670.4000
2012-03-10,14171.4000,14238.8000,14113.0500,14197.6500
2012-03-12,15537.9500,15578.6500,15454.2000,15514.7500
2012-03-13,10578.8000,10705.9500,10578.8000,10692.6000
2012-03-14,10735.7000,10810.2500,10735.7000,10784.0000
2012-03-15,10781.4500,10798.3500,10622.9500,10692.1000
2012-03-16,10683.4000,11149.4500,10683.4000,10894.6000
2012-03-19,10923.0000,11106.8000,10877.9500,11020.4000
2012-03-20,11025.7500,11169.1000,10999.3500,11136.8500
2012-03-21,11135.7500,11279.2000,11105.0500,11241.6000
2012-03-22,11241.7000,11363.6000,11009.3500,11053.4000
2012-03-23,11105.0500,11244.3000,11071.4500,11165.9000
2012-03-26,11180.9000,11228.1500,11102.0000,11165.3500
2012-03-27,11205.7000,11396.3000,11174.8000,11359.8000
2012-03-28,11355.7000,11423.4000,11315.0000,11371.1500
2012-03-29,11283.8000,11368.8000,11198.6500,11292.0000
2012-03-30,11298.0000,11448.3000,11298.0000,11426.0500
2012-04-01,10246.3500,10246.3500,10115.6000,10151.5000
2012-04-02,11430.2500,11458.2000,11391.2500,11438.7000
2012-04-03,11484.2500,11514.8500,11448.0000,11461.0000
2012-04-04,11445.3500,11463.4000,11386.0500,11431.3500
2012-04-05,12095.0500,12204.7000,11965.8000,11990.6500
2012-04-06,11635.2500,11635.2500,11477.6000,11502.6000
2012-04-07,12403.8000,12425.0500,12257.7000,12316.1500
2012-04-09,13650.6500,13771.9500,13650.6500,13703.4500
2012-04-10,14204.4000,14385.3000,14204.4000,14343.4500
2012-04-11,11556.3500,11642.9500,11481.9000,11590.2000
2012-04-12,15472.7500,15557.4000,15434.8500,15530.5500
2012-04-13,11779.6500,11976.3500,11719.2000,11822.4000
2012-04-16,11806.1000,11996.7500,11774.3500,11955.5500
2012-04-17,12083.1000,12161.1500,11921.3500,12125.8500
2012-04-18,12133.0000,12201.3000,12009.9000,12041.7000
2012-04-19,12072.1000,12194.1500,11962.5000,12155.8500
2012-04-20,12145.8000,12242.6000,12067.0500,12175.0500
2012-04-23,12180.0500,12239.4500,12046.0500,12057.8500
2012-04-24,12073.5000,12122.5500,11861.7000,12098.3000
2012-04-25,12102.0500,12178.4000,12012.9000,12152.7000
2012-04-26,12160.0500,12247.3500,12107.4000,12215.1500
2012-04-27,12201.5500,12329.3000,12088.5500,12115.6500
2012-04-28,12156.3500,12188.6000,12146.9000,12177.4500
2012-04-30,12208.7500,12255.5500,12120.3000,12139.8500
2012-05-01,10134.3500,10175.7500,10069.8000,10130.8000
2012-05-02,12207.7500,12307.1000,12129.9000,12168.5500
2012-05-03,10459.0500,10522.9500,10389.3500,10494.5500
2012-05-04,12095.0500,12204.7000,11965.8000,11990.6500
2012-05-06,11532.1500,11594.0500,11340.4000,11377.9500
2012-05-07,11873.2000,11912.3000,11753.9000,11879.4000
2012-05-08,11897.9500,12074.3500,11499.7000,11580.5000
2012-05-09,11666.0000,11989.5000,11584.6000,11944.9500
2012-05-10,11979.4500,12058.6000,11858.2000,11940.1000
2012-05-11,11905.8000,11905.8000,11674.7500,11769.4000
2012-05-12,15517.9000,15634.8000,15515.0000,15550.0500
2012-05-14,11772.5000,11831.4500,11721.6000,11795.5500
2012-05-15,11729.2500,11829.8000,11663.2000,11701.1000
2012-05-16,11635.8500,11695.1000,11528.1500,11564.8500
2012-05-17,11617.8500,11910.8500,11617.8500,11794.6000
2012-05-18,11703.7500,11976.1000,11623.2000,11935.6500
2012-05-21,11933.9000,11999.3000,11731.4000,11764.6000
2012-05-22,11845.4500,11882.0000,11617.6500,11677.0500
2012-05-23,11624.0500,11691.3000,11573.7000,11666.5000
2012-05-24,11671.8500,11748.4500,11632.1500,11714.0500
2012-05-25,11695.1000,11795.2000,11638.8500,11668.7000
2012-05-28,11699.2500,11811.7500,11691.1000,11783.3500
2012-05-29,11806.0500,11812.7000,11636.0000,11661.1500
2012-05-30,11659.8000,11748.3500,11625.6000,11668.2500
2012-05-31,11572.3000,11698.6000,11572.3000,11646.1500
2012-06-01,11635.6000,11734.8500,11606.0000,11687.4000
2012-06-02,10528.6000,10576.9000,10421.9500,10451.8000
2012-06-03,10471.4500,10673.4000,10424.1000,10574.9000
2012-06-04,11635.2500,11635.2500,11477.6000,11502.6000
2012-06-05,11532.1500,11594.0500,11340.4000,11377.9500
2012-06-06,11387.8500,11813.1000,11387.8500,11720.6500
2012-06-07,11768.7000,11885.8500,11702.5000,11813.0000
2012-06-08,11817.8500,11957.8000,11751.3000,11909.9500
2012-06-09,13774.4000,13783.1500,13535.6500,13557.1000
2012-06-11,14663.8500,14764.1000,14613.6000,14687.8500
2012-06-12,11864.5500,12062.6000,11806.6000,12030.6000
2012-06-13,12009.3000,12204.8500,12009.3000,12177.4500
2012-06-14,12141.0000,12301.4000,12120.0000,12137.0000
2012-06-15,12155.8000,12320.3000,12139.3000,12289.8000
2012-06-18,12278.6500,12369.1500,12070.2500,12094.6000
2012-06-19,12072.7500,12315.4000,12072.7500,12274.2000
2012-06-20,12273.1000,12318.7500,12219.4500,12245.9500
2012-06-21,12219.6500,12474.9500,12218.4000,12435.9500
2012-06-22,12388.2000,12466.2500,12277.5000,12395.8000
2012-06-25,12380.1000,12503.5000,12358.6000,12383.2500
2012-06-26,12353.9500,12377.2000,12239.2500,12282.9500
2012-06-27,12324.0500,12370.6000,12305.1000,12346.6000
2012-06-28,12352.5000,12487.7000,12333.5500,12462.9500
2012-06-29,12510.5000,12770.3500,12510.5000,12729.1000
2012-07-01,10218.3500,10223.8000,10183.3000,10190.5000
2012-07-02,12729.4500,12784.9000,12393.6000,12455.9500
2012-07-03,10569.2500,10621.0000,10510.7000,10580.5000
2012-07-04,12403.8000,12425.0500,12257.7000,12316.1500
2012-07-05,11873.2000,11912.3000,11753.9000,11879.4000
2012-07-06,11768.7000,11885.8500,11702.5000,11813.0000
2012-07-08,12968.0500,13054.9000,12935.8500,13036.4000
2012-07-09,12491.4000,12592.2000,12432.5000,12465.1000
2012-07-10,12476.7000,12694.8500,12409.7000,12673.8000
2012-07-11,12628.0000,12636.9500,12485.7000,12499.1500
2012-07-12,15608.2500,15689.8500,15546.5500,15610.3000
2012-07-13,12473.0000,12546.2500,12445.9500,12523.3500
2012-07-16,12504.2000,12583.7000,12449.7000,12476.1000
2012-07-17,12516.0500,12625.6500,12513.8000,12605.8000
2012-07-18,12640.2500,12646.6000,12548.7000,12614.7500
2012-07-19,12618.3000,12674.0000,12566.3000,12603.8000
2012-07-20,12570.2500,12639.6000,12568.1000,12589.3500
2012-07-23,12545.6000,12554.6500,12425.8000,12450.5500
2012-07-24,12537.0000,12693.3500,12493.0000,12682.7500
2012-07-25,12674.7500,12772.9500,12587.6000,12754.1500
2012-07-26,12786.6500,12820.1000,12512.8500,12555.9000
2012-07-27,12713.9000,12761.7500,12656.7000,12724.6500
2012-07-30,12767.6500,12889.7000,12700.4500,12854.5000
2012-07-31,12859.7000,12970.4500,12829.4000,12893.3000
2012-08-01,12880.1500,12959.4500,12840.2500,12945.2500
2012-08-02,12973.1000,13050.7500,12967.3000,13036.7500
2012-08-03,12980.1500,13025.4500,12938.4500,12987.2500
2012-08-05,11897.9500,12074.3500,11499.7000,11580.5000
2012-08-06,11817.8500,11957.8000,11751.3000,11909.9500
2012-08-07,12968.0500,13054.9000,12935.8500,13036.4000
2012-08-08,13028.5000,13138.1000,13004.9500,13076.4000
2012-08-09,13072.7000,13298.2500,13072.7000,13269.4500
2012-08-10,14408.1000,14501.4000,14362.7500,14418.2500
2012-08-11,14685.7000,14853.7000,14680.6500,14782.2000
2012-08-13,13332.3500,13440.5000,13306.4000,13376.8000
2012-08-14,13385.9000,13444.7500,13285.5500,13406.1500
2012-08-16,13384.6000,13422.5500,13112.5500,13136.0000
2012-08-17,13130.0000,13365.0000,13130.0000,13306.2000
2012-08-21,13303.5000,13369.1500,13236.3500,13350.9500
2012-08-22,13325.4500,13407.5500,13303.6000,13357.8500
2012-08-23,13370.1500,13488.3000,13370.1500,13466.8000
2012-08-24,13448.9000,13543.0500,13390.5000,13490.7500
2012-08-27,13498.8500,13560.5500,13488.9500,13530.0000
2012-08-28,13529.7500,13649.3500,13527.2500,13629.7000
2012-08-29,13641.5000,13718.2000,13591.4500,13698.6500
2012-08-30,13667.2500,13905.9000,13622.8000,13793.6000
2012-08-31,13772.4000,13775.7000,13589.6500,13641.6000
2012-09-01,10183.2000,10201.9500,10115.0000,10183.2000
2012-09-02,10455.5500,10554.2500,10453.6500,10528.5500
2012-09-03,10629.8500,10692.0500,10540.7500,10561.6000
2012-09-04,11391.7500,11447.5500,11360.3000,11377.3500
2012-09-05,11666.0000,11989.5000,11584.6000,11944.9500
2012-09-06,13774.4000,13783.1500,13535.6500,13557.1000
2012-09-07,13653.3500,13681.6000,13585.9000,13660.7500
2012-09-08,13072.7000,13298.2500,13072.7000,13269.4500
2012-09-10,14445.8500,14590.9000,14445.8500,14575.4500
2012-09-11,13688.1000,13769.3500,13658.7000,13738.7000
2012-09-12,13762.9000,13847.5500,13746.1500,13827.7000
2012-09-13,13818.1000,13931.8500,13805.9500,13918.8500
2012-09-14,14000.3500,14042.5500,13814.9500,13857.2000
2012-09-17,13897.4500,13921.7500,13267.2500,13329.4000
2012-09-18,13337.5500,13453.7000,13219.2500,13350.2500
2012-09-20,13327.5000,13472.9000,13312.3000,13368.4000
2012-09-21,13431.9500,13672.0000,13425.1000,13575.1500
2012-09-24,13573.9500,13625.9500,13297.0000,13370.9000
2012-09-25,13372.0500,13671.6000,13338.1500,13620.2500
2012-09-26,13671.2000,13787.7500,13631.0000,13720.9000
2012-09-27,13745.6500,13983.2000,13725.4500,13940.3500
2012-09-28,13930.3500,14162.9500,13930.3500,14136.0000
2012-10-01,10189.1500,10318.0500,10189.1500,10298.0000
2012-10-02,10525.2000,10564.2000,10456.3000,10496.1500
2012-10-03,14171.4000,14238.8000,14113.0500,14197.6500
2012-10-04,14204.4000,14385.3000,14204.4000,14343.4500
2012-10-05,14396.0500,14541.9000,13980.0500,14419.2500
2012-10-07,12476.7000,12694.8500,12409.7000,12673.8000
2012-10-08,14408.1000,14501.4000,14362.7500,14418.2500
2012-10-09,14445.8500,14590.9000,14445.8500,14575.4500
2012-10-10,14550.0000,14614.0500,14495.2000,14572.7500
2012-10-11,14532.9500,14730.1500,14440.9000,14694.2000
2012-10-12,15587.2500,15700.7500,15562.0500,15679.2500
2012-10-15,14698.9500,14833.0500,14605.4500,14807.6500
2012-10-16,14757.9500,14881.6500,14687.0500,14793.1000
2012-10-17,14791.7000,14877.7500,14750.2000,14844.7000
2012-10-18,14853.1000,14960.7000,14773.8500,14945.5000
2012-10-19,14931.3500,15106.8000,14865.4000,15063.3500
2012-10-22,15078.0000,15078.0000,14880.8500,15006.1500
2012-10-23,15032.5500,15032.5500,14846.5000,14890.3500
2012-10-25,14930.3000,14984.5000,14809.2000,14913.2500
2012-10-26,14890.4000,14929.6500,14603.9000,14643.0000
2012-10-29,14635.5000,14741.2000,14491.8000,14613.1000
2012-10-30,14580.1500,14680.6000,14523.4500,14550.5000
2012-10-31,14572.3500,14595.8500,14459.6000,14523.5000
2012-11-01,10305.5500,10338.5000,10218.7000,10241.1500
2012-11-02,14497.6000,14615.7000,14468.8500,14502.2500
2012-11-04,11556.3500,11642.9500,11481.9000,11590.2000
2012-11-05,14544.4000,14683.4000,14512.4500,14670.1500
2012-11-06,11875.6000,11998.3500,11861.9000,11944.2500
2012-11-07,14703.6000,14776.2500,14624.5000,14753.0500
2012-11-08,14685.7000,14853.7000,14680.6500,14782.2000
2012-11-09,14750.0000,14864.1500,14693.0500,14744.6500
2012-11-10,14532.9500,14730.1500,14440.9000,14694.2000
2012-11-12,15675.2500,15890.6000,15663.5500,15795.7000
2012-11-13,14896.5500,14906.3500,14824.7500,14893.4500
2012-11-15,14877.0500,14877.0500,14684.6000,14713.9500
2012-11-16,14736.4500,14831.8000,14463.7000,14510.3500
2012-11-19,14493.4000,14662.6500,14423.8500,14644.8500
2012-11-20,14702.1500,14775.9500,14558.9000,14620.3000
2012-11-21,14611.8000,14848.1000,14570.6000,14821.6500
2012-11-22,14857.1500,14917.4500,14765.5500,14905.9000
2012-11-23,14915.9500,14941.0000,14771.5500,14915.4500
2012-11-26,14946.9000,15115.8000,14946.9000,15091.7000
2012-11-27,15092.2500,15445.2000,15092.2500,15417.6500
2012-11-29,15404.2500,15622.0000,15404.2500,15586.2500
2012-11-30,15533.1500,15611.9000,15415.7500,15551.8500
2012-12-01,10239.4000,10322.2500,10235.2000,10314.0000
2012-12-03,10629.2000,10630.0500,10520.6500,10570.7000
2012-12-04,11557.1500,11776.6000,11557.1500,11764.5500
2012-12-05,15517.9000,15634.8000,15515.0000,15550.0500
2012-12-06,15572.3000,15669.6500,15419.7500,15635.3500
2012-12-07,15608.2500,15689.8500,15546.5500,15610.3000
2012-12-09,13762.9000,13847.5500,13746.1500,13827.7000
2012-12-10,14743.4000,14782.4500,14650.0500,14710.5000
2012-12-11,14731.7500,14927.8500,14731.7500,14838.9500
2012-12-12,15802.2500,15875.0500,15721.8500,15778.1000
2012-12-13,15744.7500,15744.7500,15333.5500,15355.1500
2012-12-14,15282.9000,15414.1500,15201.4500,15368.8500
2012-12-17,15308.1500,15374.4000,15245.1500,15283.6000
2012-12-18,15304.2000,15414.5500,15181.6000,15334.3500
2012-12-19,15316.8500,15396.7500,15220.3000,15264.9000
2012-12-20,15255.8500,15321.8000,15183.4500,15282.8500
2012-12-21,15231.1500,15276.3500,15088.0500,15193.9000
2012-12-24,15264.9500,15309.7500,15208.4500,15222.3500
2012-12-26,15221.8000,15325.6000,15165.5000,15305.0500
2012-12-27,15370.1500,15381.2500,15142.9000,15178.0000
2012-12-28,15152.5500,15258.7000,15152.5500,15237.6500
2012-12-31,15200.8500,15252.1000,15149.5000,15175.2500
2013-01-01,15194.5500,15302.9000,15194.5500,15259.2000
2013-01-02,15283.1000,15357.2500,15197.1500,15225.4500
2013-01-03,15253.2500,15294.5000,15140.5500,15172.2500
2013-01-04,15310.3000,15354.6500,15254.9000,15323.7500
2013-01-07,15182.5500,15192.6000,14938.0500,14966.9000
2013-01-08,17502.2500,17868.6500,17351.2500,17435.1500
2013-01-09,15124.3500,15166.7500,14891.2500,14918.8500
2013-01-10,14938.1500,14993.3000,14874.8500,14947.6000
2013-01-11,17529.6000,17618.7000,17353.2000,17385.8000
2013-01-14,14597.1000,14762.6000,14583.5000,14737.5500
2013-01-15,14745.6000,14917.7500,14627.3500,14852.3500
2013-01-16,14880.4000,14887.6500,14755.8000,14815.3000
2013-01-17,14778.6500,14870.3000,14755.0000,14806.0000
2013-01-18,14853.3500,14900.5500,14763.5000,14818.8500
2013-01-21,14860.8500,15009.6500,14785.5500,14992.1500
2013-01-22,14989.0500,14992.0500,14698.5000,14802.9500
2013-01-23,14654.7500,14822.7500,14635.1000,14785.1500
2013-01-24,14785.5500,14968.4500,14785.5500,14910.1500
2013-01-25,14952.4000,15070.6000,14916.1000,15056.6000
2013-01-28,15061.0500,15092.4500,15008.2000,15082.7500
2013-01-29,15023.5000,15201.2500,15013.3500,15166.1000
2013-01-30,15161.8000,15256.3000,15037.8500,15176.4500
2013-01-31,15194.3500,15311.5000,15110.8000,15265.3500
2013-02-01,15262.3500,15316.2500,15168.0000,15302.6000
2013-02-04,15297.1500,15363.4500,15210.2500,15321.9000
2013-02-05,16769.4000,17037.3000,16718.1500,16988.4000
2013-02-06,15100.8000,15168.4500,15009.7000,15133.2500
2013-02-07,16949.4500,16969.8000,16842.7500,16938.7500
2013-02-08,15056.0500,15168.5000,14940.6500,14989.5500
2013-02-09,16343.4500,16944.5500,16343.4500,16828.3500
2013-02-11,15037.4000,15059.3000,14842.5500,14950.1500
2013-02-12,17036.3500,17098.7500,16949.1500,17013.5000
2013-02-13,15024.7000,15088.9500,14900.6000,14916.0500
2013-02-14,14907.5500,15000.3500,14872.8500,14977.0500
2013-02-15,14936.6000,15028.9500,14933.6500,14978.8000
2013-02-18,14975.6000,15055.7500,14959.2000,15036.0000
2013-02-19,15037.0500,15173.8500,15010.9000,15150.9000
2013-02-20,15189.8500,15254.5500,15055.8000,15089.1500
2013-02-21,15068.9000,15086.5000,14848.2500,14882.9000
2013-02-22,14859.2500,14908.2500,14635.6500,14665.2500
2013-02-25,14694.1500,14724.2500,14555.9000,14634.8500
2013-02-26,14643.6500,14806.2000,14481.8000,14545.6000
2013-02-27,14590.9000,14759.4000,14590.9000,14669.8500
2013-02-28,14711.0000,14953.3000,14546.7000,14594.2500
2013-03-01,14620.9000,14759.9500,14520.4000,14631.4500
2013-03-04,15282.0500,15335.9500,15201.8000,15289.7500
2013-03-05,14624.1500,14773.2000,14573.0000,14703.1000
2013-03-06,17512.4000,17528.4000,17302.5000,17412.7500
2013-03-07,16870.6500,17032.7500,16765.0500,16998.9500
2013-03-08,14712.8000,14930.5500,14671.7500,14891.2500
2013-03-09,16883.4500,16964.0500,15900.5000,16048.7500
2013-03-10,17790.7500,17790.7500,17474.2500,17533.7000
2013-03-11,14900.8000,14995.9500,14881.9000,14915.6000
2013-03-12,14902.2000,15023.2500,14869.3500,14981.2000
2013-03-13,14954.7500,15112.4000,14954.7500,15052.1500
2013-03-14,15048.7000,15176.1500,14980.7000,15117.1000
2013-03-15,15131.4500,15196.3500,15101.8000,15127.3000
2013-03-18,15077.0000,15270.7000,15077.0000,15245.8000
2013-03-19,15342.7500,15342.7500,15139.2000,15200.6500
2013-03-20,15163.8500,15292.5500,15163.8500,15257.2500
2013-03-21,15259.7500,15304.6000,15120.9500,15145.3500
2013-03-22,15188.7000,15202.5000,15097.4000,15128.0500
2013-03-25,15165.1500,15241.8000,15028.4500,15054.1500
2013-03-26,15078.0500,15264.2500,15052.7000,15240.2000
2013-03-28,15269.3500,15355.4000,15147.7500,15321.9000
2013-04-01,15216.4000,15218.6500,15047.4500,15134.3500
2013-04-02,15309.2500,15363.9500,15210.4000,15257.7000
2013-04-03,14618.4000,14625.3500,14374.6500,14580.6000
2013-04-04,15239.2000,15281.9000,15018.4500,15051.3000
2013-04-05,15042.1000,15042.1000,14781.1000,14826.6000
2013-04-06,17405.8500,17542.9000,17405.8500,17485.2500
2013-04-07,17022.2500,17512.4500,17022.2500,17489.9500
2013-04-08,14852.3500,14977.9500,14704.5500,14945.6000
2013-04-09,14980.8000,15060.1000,14662.5000,14717.5000
2013-04-10,14839.3500,14839.3500,14481.6500,14634.2500
2013-04-11,14752.2000,14785.2000,14611.9000,14697.3500
2013-04-12,16874.9500,16891.8500,16614.8000,16643.3000
2013-04-15,14968.5000,15186.1000,14868.0000,15162.0500
2013-04-16,15140.3000,15473.7000,15099.4000,15455.7000
2013-04-17,15435.0500,15707.2500,15435.0500,15649.6000
2013-04-18,15593.4500,15777.5500,15571.4500,15710.3500
2013-04-22,15680.2000,15805.5500,15673.5500,15788.6500
2013-04-23,15799.8500,15799.8500,15682.4000,15769.1000
2013-04-25,15731.5500,15926.3000,15686.9500,15861.6500
2013-04-26,15779.8500,15846.3000,15693.7000,15751.1000
2013-04-29,15724.7000,16141.1000,15721.2500,16115.3000
2013-04-30,16458.4500,17050.2000,16458.4500,16815.9500
2013-05-02,15181.2500,15193.9500,15053.9500,15069.7500
2013-05-03,14624.1500,14773.2000,14573.0000,14703.1000
2013-05-04,15042.1000,15042.1000,14781.1000,14826.6000
2013-05-06,17419.2000,17449.6500,17277.0500,17394.7000
2013-05-07,17737.5500,17840.8000,17603.9500,17636.3500
2013-05-08,17191.6500,17459.3500,17127.5500,17262.4500
2013-05-09,16410.5000,16748.1500,16410.5000,16606.3000
2013-05-10,17322.4000,17653.8500,17281.6500,17625.8500
2013-05-11,17402.6500,17429.0000,17016.4500,17040.2500
2013-05-12,16799.2000,16857.4000,16445.5000,16469.4500
2013-05-13,17659.2000,17659.2000,17099.2000,17133.7500
2013-05-14,17216.3500,17263.9500,17064.4500,17124.5000
2013-05-15,17201.6000,17429.5500,17147.2000,17380.3000
2013-05-16,17316.0500,17424.3500,17079.6000,17233.1000
2013-05-17,17275.1000,17404.4500,17166.4500,17236.9000
2013-05-20,17240.4000,17450.8500,17128.0000,17152.8500
2013-05-21,17136.8000,17194.3500,16990.6000,17057.7500
2013-05-22,17015.7000,17265.3500,17015.7000,17220.3500
2013-05-23,17137.7000,17214.7000,16998.4000,17070.1500
2013-05-24,17138.0500,17171.5500,17000.8500,17093.8000
2013-05-27,17126.6000,17298.7000,17116.2000,17293.2500
2013-05-28,17265.9500,17498.6500,17214.4000,17424.3000
2013-05-29,17460.2500,17559.7500,17359.0500,17547.4500
2013-05-30,17524.4500,17925.4500,17515.6500,17884.5500
2013-05-31,17792.4000,17792.4000,17468.2000,17509.0500
2013-06-02,15100.8000,15168.4500,15009.7000,15133.2500
2013-06-03,14796.9500,14796.9500,14493.4000,14516.2000
2013-06-04,17405.8500,17542.9000,17405.8500,17485.2500
2013-06-05,16868.1500,16943.6000,16741.5500,16779.5500
2013-06-06,17366.3500,17452.7500,17255.6500,17378.0000
2013-06-07,17340.0500,17494.6500,17280.3500,17315.1000
2013-06-08,17235.8500,17251.8000,16911.1000,16950.4000
2013-06-09,16646.8000,16773.8000,16455.4500,16678.4500
2013-06-10,17341.0500,17421.1000,17314.5500,17373.3500
2013-06-11,17294.2000,17361.4500,17213.6500,17251.9500
2013-06-12,17214.0000,17230.5000,16967.5000,17066.9000
2013-06-13,16948.7000,16994.0000,16783.7000,16872.2000
2013-06-14,16965.2000,17056.8000,16902.5000,17037.7500
2013-06-17,17081.9000,17143.7000,16887.3500,17123.0500
2013-06-18,17091.4000,17139.7500,17017.3500,17063.2500
2013-06-19,17044.8500,17086.4500,16971.2500,17061.2000
2013-06-20,16963.4000,16963.7000,16638.8000,16747.2000
2013-06-21,16716.2000,16821.5500,16594.6000,16696.3500
2013-06-24,16628.5500,16703.8000,16242.5500,16341.8000
2013-06-25,16392.2500,16509.8000,16180.1000,16425.2500
2013-06-26,16497.4000,16671.7000,16410.0500,16567.1000
2013-06-27,16689.8500,16727.4000,16412.2000,16564.4500
2013-06-28,16613.5000,16821.1000,16586.3500,16688.2000
2013-07-01,16715.9500,16988.0500,16662.7500,16965.1500
2013-07-02,15070.3500,15158.5500,15048.6500,15119.1500
2013-07-03,14481.4500,14707.6000,14447.7000,14645.1500
2013-07-04,17022.2500,17512.4500,17022.2500,17489.9500
2013-07-05,16792.3000,17146.2000,16792.3000,17119.6000
2013-07-06,17340.0500,17494.6500,17280.3500,17315.1000
2013-07-08,16979.9000,16995.5000,16510.7000,16687.1000
2013-07-09,17729.3500,17833.7500,17729.1000,17782.5000
2013-07-10,17806.7000,17806.7000,17565.6500,17666.2500
2013-07-11,16968.0500,17141.7000,16839.3000,16904.2500
2013-07-12,17964.1000,17964.1000,17764.7500,17874.7500
2013-07-15,17918.4500,18087.1000,17824.8000,18067.3500
2013-07-16,17894.7500,18427.5500,17894.7500,18362.1000
2013-07-17,18396.1000,19111.7500,18396.1000,19001.1500
2013-07-18,19008.8000,19290.2000,18950.3000,19133.5500
2013-07-19,19179.8500,19306.0500,19035.2500,19100.8500
2013-07-22,19032.5000,19178.6000,19032.5000,19105.1000
2013-07-23,19174.0500,19432.9500,19162.3000,19407.8500
2013-07-24,19381.2500,19539.4000,19106.1500,19344.2000
2013-07-25,19277.9000,19322.6000,18562.7500,18685.8000
2013-07-26,18717.6500,18868.1500,18276.9500,18743.3500
2013-07-29,18621.2500,18657.7500,18136.7500,18258.8500
2013-07-30,18173.7000,18247.4500,17846.7500,17898.0000
2013-07-31,17848.5000,17923.6500,17334.4500,17480.9500
2013-08-01,17502.2500,17868.6500,17351.2500,17435.1500
2013-08-02,15056.0500,15168.5000,14940.6500,14989.5500
2013-08-03,14712.8000,14930.5500,14671.7500,14891.2500
2013-08-04,14852.3500,14977.9500,14704.5500,14945.6000
2013-08-05,17191.6500,17459.3500,17127.5500,17262.4500
2013-08-06,17235.8500,17251.8000,16911.1000,16950.4000
2013-08-07,17573.1000,17821.7000,17476.3000,17748.3000
2013-08-08,16688.8000,16846.3000,16626.0500,16797.4000
2013-08-10,17685.6500,17850.3500,17625.6000,17793.7500
2013-08-11,16913.2500,16978.4000,16779.4500,16835.5000
2013-08-12,16953.0000,17258.2500,16825.6500,17198.9500
2013-08-13,17229.4000,17351.0000,17174.5000,17325.3500
2013-08-14,17294.9500,17424.1500,17173.7500,17353.7000
2013-08-16,17305.2000,17444.4000,16588.4500,16684.6500
2013-08-19,16675.4000,16675.4000,16137.3500,16313.3500
2013-08-20,16206.1000,16569.4000,15884.0500,16336.9500
2013-08-21,16533.7000,16562.5500,15648.9500,15805.0000
2013-08-22,15779.1000,16124.6000,15463.5500,16050.8000
2013-08-23,16115.4000,16225.1000,15870.6000,16176.4500
2013-08-26,16262.6000,16375.0000,16138.2000,16210.3500
2013-08-27,16140.5000,16140.5000,15557.9500,15766.0000
2013-08-28,15660.8500,15887.4500,15196.9000,15703.5000
2013-08-29,15767.3000,16159.7000,15633.9500,16059.2500
2013-08-30,16072.1000,16391.6500,15896.7000,16283.0500
2013-09-01,15124.3500,15166.7500,14891.2500,14918.8500
2013-09-02,16343.4500,16944.5500,16343.4500,16828.3500
2013-09-03,16883.4500,16964.0500,15900.5000,16048.7500
2013-09-04,16185.1500,16187.3000,15879.0500,16126.4000
2013-09-05,17384.2500,17436.5000,17307.2000,17347.2000
2013-09-06,16646.8000,16773.8000,16455.4500,16678.4500
2013-09-07,17729.3500,17833.7500,17729.1000,17782.5000
2013-09-10,17763.5000,17908.2500,17671.0000,17839.1500
2013-09-11,17566.6000,17595.0000,17257.3000,17376.9000
2013-09-12,16763.4500,16784.8500,16506.9000,16571.0000
2013-09-13,17544.0500,17622.6500,17255.3500,17306.4000
2013-09-16,17478.5500,17635.4000,17249.2000,17382.3500
2013-09-17,17292.7500,17537.7500,17246.7000,17499.5000
2013-09-18,17556.8000,17799.1000,17547.1000,17748.9000
2013-09-19,18013.1500,18378.3000,18013.1500,18316.4000
2013-09-20,18274.1500,18319.8000,17899.4500,18149.7000
2013-09-23,17966.7000,18253.6500,17771.1500,17907.9500
2013-09-24,17803.6000,18103.8000,17803.6000,17905.9500
2013-09-25,17928.9000,17951.3500,17494.6500,17726.1000
2013-09-26,17695.2500,17870.8000,17600.0000,17833.8000
2013-09-27,17898.1500,18008.7500,17733.8000,17872.8000
2013-09-30,17788.9000,17834.2500,17564.6000,17637.4000
2013-10-01,14938.1500,14993.3000,14874.8500,14947.6000
2013-10-03,17790.7500,17790.7500,17474.2500,17533.7000
2013-10-04,14839.3500,14839.3500,14481.6500,14634.2500
2013-10-05,17322.4000,17653.8500,17281.6500,17625.8500
2013-10-06,17341.0500,17421.1000,17314.5500,17373.3500
2013-10-07,17806.7000,17806.7000,17565.6500,17666.2500
2013-10-08,17685.6500,17850.3500,17625.6000,17793.7500
2013-10-09,17763.5000,17908.2500,17671.0000,17839.1500
2013-10-10,17804.5000,17973.8000,17776.5500,17833.6000
2013-10-11,17897.7000,17952.4500,17606.6500,17673.9500
2013-10-12,16568.7500,16752.8000,16568.7500,16724.1500
2013-10-14,17723.8500,17723.8500,17529.1000,17558.5000
2013-10-15,17549.4500,17648.3000,17293.3500,17545.7000
2013-10-17,17582.6000,17806.6500,17566.1000,17722.4500
2013-10-18,17828.3000,18139.3000,17785.6500,18091.4000
2013-10-21,18099.6000,18108.1500,17767.5000,17839.5000
2013-10-22,17749.2500,17880.4500,17738.8000,17795.0000
2013-10-23,17819.4000,17886.4500,17620.6000,17842.8000
2013-10-24,17881.3500,18109.1500,17814.9000,17889.4000
2013-10-25,17942.6500,17998.2000,17593.4500,17723.9500
2013-10-28,17695.2000,17705.0000,17219.1500,17268.9000
2013-10-29,17244.8000,17485.3500,17120.5000,17363.9500
2013-10-30,17435.1500,17583.0000,17321.0500,17568.2000
2013-10-31,17498.5000,17663.9500,17456.1000,17617.0000
2013-11-01,14914.3500,14935.1500,14527.1000,14582.7500
2013-11-02,15037.4000,15059.3000,14842.5500,14950.1500
2013-11-03,14900.8000,14995.9500,14881.9000,14915.6000
2013-11-04,14752.2000,14785.2000,14611.9000,14697.3500
2013-11-05,17596.4000,17684.8500,17596.4000,17668.5500
2013-11-06,17294.2000,17361.4500,17213.6500,17251.9500
2013-11-07,17888.0000,17978.0000,17716.2500,17953.7000
2013-11-08,16913.2500,16978.4000,16779.4500,16835.5000
2013-11-09,17566.6000,17595.0000,17257.3000,17376.9000
2013-11-10,17897.7000,17952.4500,17606.6500,17673.9500
2013-11-11,16803.6500,16852.3000,16591.3500,16614.3500
2013-11-12,16685.9500,16797.6500,16648.8500,16727.1000
2013-11-13,16727.7000,16735.5000,16510.0500,16543.4000
2013-11-14,16507.6000,16726.0000,16507.6000,16596.5500
2013-11-18,16668.7000,17093.2000,16668.7000,17059.6500
2013-11-19,17074.6500,17088.9500,16934.7000,16976.9000
2013-11-20,16976.9000,17055.5000,16793.9000,16823.1500
2013-11-21,16764.3000,16780.5500,16471.9500,16509.7500
2013-11-22,16590.9000,16653.9500,16366.9000,16414.8000
2013-11-25,16541.9000,16794.6500,16522.8000,16763.5500
2013-11-26,16745.4500,16770.3000,16558.0500,16606.4000
2013-11-27,16577.4000,16773.6500,16577.4000,16732.4500
2013-11-28,16808.2500,16857.1000,16698.7500,16765.8500
2013-11-29,16766.0500,17044.5000,16766.0500,17004.0000
2013-12-02,17036.3500,17098.7500,16949.1500,17013.5000
2013-12-03,17029.9500,17029.9500,16862.1500,16886.8000
2013-12-04,16874.9500,16891.8500,16614.8000,16643.3000
2013-12-05,16799.2000,16857.4000,16445.5000,16469.4500
2013-12-06,17214.0000,17230.5000,16967.5000,17066.9000
2013-12-07,17964.1000,17964.1000,17764.7500,17874.7500
2013-12-08,16953.0000,17258.2500,16825.6500,17198.9500
2013-12-09,17452.0000,17582.9500,17276.3000,17506.0000
2013-12-10,16568.7500,16752.8000,16568.7500,16724.1500
2013-12-11,16685.9500,16797.6500,16648.8500,16727.1000
2013-12-12,16818.9000,16880.0000,16685.1500,16714.1500
2013-12-13,16656.0500,16706.4500,16558.4500,16622.9500
2013-12-16,16600.7500,16636.0000,16413.1000,16501.8500
2013-12-17,16582.2000,16631.6500,16490.7000,16612.2000
2013-12-18,16611.9000,16704.4500,16547.4000,16675.2000
2013-12-19,16740.4500,16763.2000,16510.9000,16617.0000
2013-12-20,16638.3000,16775.8500,16500.7000,16750.7000
2013-12-23,16677.4000,16861.7000,16677.4000,16811.3500
2013-12-24,16841.6000,16867.9500,16779.5500,16811.9500
2013-12-26,16829.9000,16937.1500,16802.5000,16853.6500
2013-12-27,16894.3500,17021.8000,16874.8500,16975.7500
2013-12-30,16977.2500,17067.2000,16908.9000,17020.1500
2013-12-31,17066.9500,17080.1000,16966.4500,17024.1000
2014-01-01,17054.6000,17109.1000,17031.6000,17050.4500
2014-01-02,17036.6000,17159.1500,16703.0000,16719.6000
2014-01-03,16712.5000,16807.4000,16571.6000,16768.4000
2014-01-04,18119.2000,18131.2500,17856.4500,18102.3000
2014-01-06,16805.7500,16851.2500,16730.8500,16816.5000
2014-01-07,16847.4500,16892.2500,16691.9000,16801.2000
2014-01-08,16835.3000,16871.5500,16734.7500,16837.0000
2014-01-09,19399.2500,19411.7000,19150.2500,19172.9000
2014-01-10,16818.8500,17072.9000,16685.3000,16969.7000
2014-01-12,19993.1000,20302.6500,19993.1000,20216.6000
2014-01-13,17003.8500,17088.2000,16928.3500,16990.7500
2014-01-14,17005.3500,17147.7500,16923.7000,16942.7500
2014-01-15,16969.3000,17108.3000,16836.0500,17087.1000
2014-01-16,17086.5500,17158.6000,16864.6000,16942.0500
2014-01-17,16958.0500,17022.2000,16855.6000,16923.8500
2014-01-20,16923.3000,17137.4500,16850.1000,17122.0000
2014-01-21,17135.5500,17192.7000,17061.1000,17088.5000
2014-01-22,17078.0000,17088.8500,16872.4000,17074.0500
2014-01-23,17036.5000,17158.2000,16984.8500,17113.8500
2014-01-24,17056.1500,17143.2500,16837.9000,16886.4500
2014-01-27,16731.0500,16880.6500,16654.7500,16826.7000
2014-01-28,16841.8500,16942.3000,16622.1000,16899.8500
2014-01-29,16936.9500,16996.7000,16877.9000,16904.9000
2014-01-30,16740.0000,16797.7500,16509.3000,16763.3500
2014-01-31,16784.6000,16876.9500,16719.8000,16861.2000
2014-02-01,17036.6000,17159.1500,16703.0000,16719.6000
2014-02-03,16793.2000,16879.2500,16696.9500,16709.9000
2014-02-04,16633.2500,16871.0000,16541.2500,16849.7500
2014-02-05,17611.0500,17647.1000,17517.9500,17538.1000
2014-02-06,17872.0000,17882.8000,17617.6000,17689.2000
2014-02-07,17569.6000,17748.6500,17529.7500,17719.8000
2014-02-09,19177.8000,19341.0000,19113.8500,19301.3000
2014-02-10,16824.1000,16907.0500,16735.3000,16827.5500
2014-02-11,16803.0500,16873.4000,16744.6500,16803.9000
2014-02-12,16839.5000,16867.4500,16631.8500,16663.2000
2014-02-13,16685.8000,16768.1000,16418.2500,16479.5000
2014-02-14,16525.0500,16599.9500,16387.6000,16575.3500
2014-02-17,16603.2000,16650.4500,16500.0500,16569.5000
2014-02-18,16561.0000,16648.4000,16478.7500,16505.6500
2014-02-19,16543.0500,16586.0000,16482.7500,16500.7000
2014-02-20,16448.4500,16495.6000,16320.0000,16336.1000
2014-02-21,16414.4000,16567.6000,16388.6500,16556.3500
2014-02-24,16510.6000,16648.3000,16500.9500,16630.2000
2014-02-25,16609.5000,16732.7000,16609.5000,16688.6000
2014-02-26,16714.4500,16904.8000,16705.8000,16867.8000
2014-02-28,16780.1000,16996.6000,16780.1000,16845.7000
2014-03-01,16712.5000,16807.4000,16571.6000,16768.4000
2014-03-02,16793.2000,16879.2500,16696.9500,16709.9000
2014-03-03,16859.8000,16932.1000,16786.8000,16837.0500
2014-03-04,17816.9500,17949.3000,17693.5500,17889.9000
2014-03-05,17009.4000,17065.4500,16919.4000,17038.9000
2014-03-06,17600.9500,17686.0000,17502.5000,17600.8000
2014-03-07,17026.2000,17232.7500,16964.1500,17190.5500
2014-03-09,19327.6000,19347.7000,19154.2000,19171.0500
2014-03-10,17130.3500,17188.7500,17053.7500,17116.0500
2014-03-11,17120.8000,17158.4500,16892.3000,17074.5500
2014-03-12,20327.6000,20360.5500,20043.7000,20305.9000
2014-03-13,17321.5500,17508.7000,17304.3000,17352.0500
2014-03-14,17305.5000,17448.9500,17185.7500,17416.0000
2014-03-18,17520.7000,17797.2500,17449.9000,17752.9000
2014-03-19,17780.3500,17957.0000,17776.8500,17945.7000
2014-03-20,17913.8000,17935.1500,17775.3500,17888.4000
2014-03-21,17958.5000,18033.3000,17845.7500,17993.3000
2014-03-22,17984.3500,18028.5500,17950.9000,17996.7000
2014-03-24,18000.4000,18179.3000,17978.8000,18088.6000
2014-03-25,18041.1500,18244.8500,18041.1500,18209.8000
2014-03-26,18224.6000,18235.1000,17924.5500,18085.0500
2014-03-27,18093.1500,18257.3000,18010.5000,18175.3000
2014-03-28,18250.2500,18250.2500,17979.7000,18191.1000
2014-03-31,18230.3500,18290.6000,17939.3500,18085.2500
2014-04-01,18119.2000,18131.2500,17856.4500,18102.3000
2014-04-02,16633.2500,16871.0000,16541.2500,16849.7500
2014-04-03,16880.2500,17047.9000,16819.4500,16969.8000
2014-04-04,17940.3500,17982.7500,17780.5500,17824.5000
2014-04-06,17580.3000,17634.2500,17451.9500,17547.1000
2014-04-07,17806.0000,17928.0000,17716.8500,17846.4500
2014-04-08,18721.0500,18802.8000,18619.1000,18779.4500
2014-04-09,17848.1500,18005.8500,17751.9500,17951.8000
2014-04-10,17969.9500,17989.5000,17816.8500,17868.9500
2014-04-11,17809.2500,17861.0000,17735.0000,17817.6000
2014-04-12,20618.4000,21014.9000,20618.4000,20987.1500
2014-04-15,17898.2500,17976.4000,17664.1500,17858.4500
2014-04-16,17874.4000,18065.1500,17874.4000,17983.3500
2014-04-17,18023.2500,18257.1000,17906.8500,18241.4000
2014-04-21,18214.2500,18315.5500,18058.3500,18186.8000
2014-04-22,18180.5000,18199.4500,18041.3500,18104.2000
2014-04-23,18151.0000,18194.4000,18036.2500,18161.3500
2014-04-25,18186.9500,18186.9500,17752.5000,17783.5500
2014-04-28,17842.5000,17842.5000,17615.5000,17715.5000
2014-04-29,17678.2000,17681.3500,17529.6500,17557.1000
2014-04-30,17565.1500,17726.4500,17465.6000,17573.2500
2014-05-02,16770.3000,16829.2000,16600.5000,16679.4000
2014-05-03,17009.4000,17065.4500,16919.4000,17038.9000
2014-05-05,17538.5000,17702.4000,17538.5000,17637.9500
2014-05-06,17553.9500,17866.2000,17437.9000,17799.6000
2014-05-07,17705.5000,17799.6000,17606.4000,17645.1000
2014-05-08,18816.2000,18864.9500,18577.4000,18843.1000
2014-05-09,17511.3000,17751.8000,17469.8000,17633.3000
2014-05-11,19406.8000,19580.6000,19406.8000,19536.1500
2014-05-12,17626.8500,18132.4500,17626.8500,18106.3500
2014-05-13,18158.7500,18369.5000,18126.6000,18261.2000
2014-05-14,18288.9000,18545.0000,18272.5000,18427.0000
2014-05-15,18433.5000,18570.0500,18393.0000,18510.8000
2014-05-16,18629.5000,19215.1000,17976.3000,18140.5500
2014-05-19,18306.0000,18306.0000,17389.4500,17436.5500
2014-05-20,17577.6500,17700.9500,17356.4000,17549.8000
2014-05-21,17533.5000,17668.6500,17516.9500,17632.1500
2014-05-22,17723.1500,17882.3500,17622.7000,17816.7500
2014-05-23,17941.6500,17974.0000,17672.3000,17760.6000
2014-05-26,17879.9500,17905.8000,17639.3000,17736.9000
2014-05-27,17748.3000,17808.7000,17661.7000,17713.9000
2014-05-28,17750.3000,17759.4000,17633.6500,17698.5500
2014-05-29,17759.9000,17759.9000,17554.6000,17621.7000
2014-05-30,17699.1000,17903.5000,17628.1500,17831.6000
2014-06-01,16805.7500,16851.2500,16730.8500,16816.5000
2014-06-02,16727.6000,16952.2500,16614.2000,16925.7500
2014-06-03,17039.5000,17102.6500,16958.4000,17084.4500
2014-06-04,17580.3000,17634.2500,17451.9500,17547.1000
2014-06-05,17685.8500,17857.3000,17683.0000,17709.9500
2014-06-06,17887.4000,18076.2500,17849.3500,18034.2500
2014-06-08,18773.4000,18913.1500,18507.2000,18563.1500
2014-06-09,18098.2500,18139.3000,17955.4500,18010.1000
2014-06-10,18050.2000,18077.7000,17870.9500,18048.6500
2014-06-11,18110.0500,18110.0500,17759.1000,17873.3500
2014-06-12,17913.5000,17972.4000,17817.2000,17952.5000
2014-06-13,18053.5000,18053.5000,17812.1000,17857.7500
2014-06-16,17929.0500,17979.9000,17862.8000,17957.7000
2014-06-17,17931.2000,17985.7000,17859.1000,17906.2000
2014-06-18,17900.2000,17920.3000,17718.0500,17766.2000
2014-06-19,17833.3500,17870.1000,17763.7500,17833.4000
2014-06-20,17811.5000,17860.5000,17751.1000,17815.4000
2014-06-23,17824.8000,17824.8000,17029.1500,17114.1000
2014-06-24,17103.4500,17398.7500,17103.4500,17302.9000
2014-06-25,17254.6500,17292.0500,17178.0000,17259.2500
2014-06-26,17232.6500,17311.4500,17118.3000,17197.7000
2014-06-27,17204.7000,17321.9000,17161.2500,17270.1500
2014-06-30,17305.1500,17464.5500,17305.1500,17434.0000
2014-07-01,17517.5500,17517.5500,17407.2000,17494.9000
2014-07-02,17569.6000,17748.6500,17529.7500,17719.8000
2014-07-03,17740.8000,17823.3000,17720.0000,17765.5500
2014-07-04,17824.5500,17876.4500,17611.5500,17828.4000
2014-07-05,17705.5000,17799.6000,17606.4000,17645.1000
2014-07-07,17869.3000,17931.7000,17724.6000,17894.9000
2014-07-08,18576.7500,18696.1500,18460.4500,18522.1000
2014-07-09,17849.3500,18043.7500,17808.6000,17961.0500
2014-07-10,19577.5500,19688.8500,19385.8500,19542.2500
2014-07-11,18082.3500,18306.0500,18029.1500,18100.2500
2014-07-14,18160.5000,18204.3000,17941.2500,18012.3000
2014-07-15,18051.8000,18154.5000,17958.6500,17987.8500
2014-07-16,17980.1000,18101.6000,17939.1000,18071.7500
2014-07-17,18046.8000,18176.4500,18039.4500,18142.1000
2014-07-18,18085.7500,18207.4500,18040.0000,18109.4500
2014-07-21,18151.8500,18329.8000,18133.8000,18313.1000
2014-07-22,18344.7500,18484.2500,18333.8500,18450.9000
2014-07-23,18493.4000,18547.3000,18357.0500,18483.1500
2014-07-24,18498.3500,18633.1000,18451.0000,18609.5000
2014-07-25,18625.9000,18768.9000,18520.8500,18741.8000
2014-07-28,18652.0500,18847.0000,18549.1000,18805.6000
2014-07-30,18896.2500,19014.6500,18812.0000,18879.8500
2014-07-31,18828.5000,18923.9500,18707.7500,18778.7500
2014-08-01,18724.5000,18860.3000,18521.2000,18565.3000
2014-08-04,18721.0500,18802.8000,18619.1000,18779.4500
2014-08-05,18816.2000,18864.9500,18577.4000,18843.1000
2014-08-06,18773.4000,18913.1500,18507.2000,18563.1500
2014-08-07,17883.6000,17996.4500,17712.5500,17818.3500
2014-08-08,18450.7000,18568.2500,18386.6000,18534.6000
2014-08-09,19250.3500,19382.8500,19191.2500,19366.8500
2014-08-10,19531.2500,19712.0500,19530.4000,19586.9500
2014-08-11,18620.5500,18683.6500,18457.8000,18500.9500
2014-08-12,18604.4500,18604.4500,18361.2500,18516.3500
2014-08-13,18598.2000,18951.2500,18563.5500,18922.4500
2014-08-14,18934.5000,19136.9500,18891.1000,18972.7000
2014-08-18,18934.3500,18968.1000,18712.7000,18886.5500
2014-08-19,18889.2000,19038.1000,18866.4500,18904.5500
2014-08-20,18999.0500,18999.0500,18734.0500,18767.4000
2014-08-21,18748.6500,18919.6000,18748.6500,18821.2500
2014-08-22,18835.1000,18873.4000,18627.5500,18689.5000
2014-08-25,18801.3000,18932.6000,18686.2000,18895.2500
2014-08-26,18932.1500,19136.5500,18926.2500,19110.7000
2014-08-27,19170.4000,19291.4500,19124.6500,19192.8000
2014-08-28,19192.5500,19353.6500,19158.6000,19308.6000
2014-09-01,19399.2500,19411.7000,19150.2500,19172.9000
2014-09-02,19177.8000,19341.0000,19113.8500,19301.3000
2014-09-03,19327.6000,19347.7000,19154.2000,19171.0500
2014-09-04,19166.7500,19313.4500,19133.0500,19205.9500
2014-09-05,19207.1000,19254.8000,19104.7500,19161.2000
2014-09-06,18098.2500,18139.3000,17955.4500,18010.1000
2014-09-07,17849.3500,18043.7500,17808.6000,17961.0500
2014-09-08,19250.3500,19382.8500,19191.2500,19366.8500
2014-09-09,19269.8500,19606.4000,19269.8500,19541.7000
2014-09-10,19587.0000,19710.4000,19540.7500,19621.7500
2014-09-11,19244.5000,19388.0000,19244.5000,19330.5000
2014-09-12,21389.4000,21437.3500,21086.9500,21181.1500
2014-09-15,19450.7500,19452.1000,19286.4000,19362.2000
2014-09-16,19348.1500,19468.5500,19308.1500,19365.7000
2014-09-17,19416.8500,19533.7000,19367.6000,19436.7500
2014-09-18,19429.3000,19586.6500,19387.6500,19565.0500
2014-09-19,19554.7500,19567.9500,19369.2500,19505.9000
2014-09-22,19477.0500,19938.6000,19400.2000,19904.8500
2014-09-23,19892.2500,20046.8000,19779.0500,19830.0500
2014-09-24,19839.8500,20231.4500,19839.8500,20188.5500
2014-09-25,20217.5500,20277.5000,19978.6500,20083.7500
2014-09-26,19974.6500,20056.6000,19800.9000,19906.5500
2014-09-29,19850.1500,19901.5500,19636.7500,19699.7000
2014-09-30,19626.6500,19961.6500,19591.7000,19876.0500
2014-10-01,19853.0000,19858.4000,19604.5000,19630.3000
2014-10-02,16824.1000,16907.0500,16735.3000,16827.5500
2014-10-03,17130.3500,17188.7500,17053.7500,17116.0500
2014-10-04,17969.9500,17989.5000,17816.8500,17868.9500
2014-10-06,18050.2000,18077.7000,17870.9500,18048.6500
2014-10-07,17921.3500,18212.5500,17773.8500,18000.2000
2014-10-08,19531.2500,19712.0500,19530.4000,19586.9500
2014-10-09,19587.0000,19710.4000,19540.7500,19621.7500
2014-10-10,19544.7500,19574.0000,19058.6000,19083.7000
2014-10-11,19527.5000,20141.3500,19527.4000,20113.5000
2014-10-12,21226.9500,21226.9500,20943.2000,21136.5500
2014-10-13,19046.5500,19046.7500,18829.5500,18942.4000
2014-10-14,18947.8000,19010.1000,18745.3500,18869.6000
2014-10-16,18760.6000,19127.0500,18720.9500,18941.1000
2014-10-17,18934.1500,19227.7500,18926.5500,19008.7000
2014-10-20,19109.4000,19224.0500,18996.1000,19034.1000
2014-10-21,19047.8500,19159.6000,18934.2500,19114.9000
2014-10-22,19184.7000,19221.4500,19080.2500,19120.9000
2014-10-23,19183.4500,19245.6000,19172.4500,19225.0500
2014-10-27,19290.4500,19290.4500,18927.1000,18968.6000
2014-10-28,18984.0500,18997.7000,18893.9000,18967.4000
2014-10-29,19089.5000,19218.2000,19004.0000,19199.6000
2014-10-30,19152.2500,19396.2500,19109.6500,19305.1500
2014-10-31,19372.7000,19517.6500,19274.7500,19393.9000
2014-11-02,16803.0500,16873.4000,16744.6500,16803.9000
2014-11-03,19450.7000,19476.3000,19308.6500,19413.6500
2014-11-04,17809.2500,17861.0000,17735.0000,17817.6000
2014-11-05,19406.8000,19580.6000,19406.8000,19536.1500
2014-11-06,18110.0500,18110.0500,17759.1000,17873.3500
2014-11-07,18082.3500,18306.0500,18029.1500,18100.2500
2014-11-08,18620.5500,18683.6500,18457.8000,18500.9500
2014-11-09,19244.5000,19388.0000,19244.5000,19330.5000
2014-11-10,19527.5000,20141.3500,19527.4000,20113.5000
2014-11-11,20085.5000,20148.8000,19841.1000,19918.2500
2014-11-12,19931.0000,20157.6000,19931.0000,20133.5500
2014-11-13,20190.5000,20190.5000,20031.9000,20119.8500
2014-11-14,20121.4000,20214.6000,20070.6500,20136.4000
2014-11-17,20145.6000,20220.8500,19978.8500,20179.4500
2014-11-18,20141.9500,20246.4000,20068.7500,20155.4000
2014-11-19,20155.5500,20469.0000,20061.0000,20106.9500
2014-11-20,20140.9500,20212.5500,20087.4000,20173.4500
2014-11-21,20171.5000,20319.1000,20139.4000,20304.8500
2014-11-24,20181.1000,20303.7000,20181.1000,20289.4500
2014-11-25,20268.2500,20398.3000,19424.9500,19701.9000
2014-11-26,19786.2500,20044.9000,19767.3500,19957.2000
2014-11-27,19917.4500,20070.2000,19742.1000,19993.1000
2014-11-28,20029.0500,20205.9500,19962.7500,20027.4500
2014-12-01,19993.1000,20302.6500,19993.1000,20216.6000
2014-12-02,20226.0000,20325.8000,20209.0500,20301.0000
2014-12-03,20327.6000,20360.5500,20043.7000,20305.9000
2014-12-04,20618.4000,21014.9000,20618.4000,20987.1500
2014-12-05,17626.8500,18132.4500,17626.8500,18106.3500
2014-12-06,17913.5000,17972.4000,17817.2000,17952.5000
2014-12-08,18604.4500,18604.4500,18361.2500,18516.3500
2014-12-09,19316.2500,19557.1500,19314.7000,19472.5000
2014-12-10,21226.9500,21226.9500,20943.2000,21136.5500
2014-12-11,21128.2000,21210.9500,20978.9500,21088.8000
2014-12-12,21092.3500,21292.9000,21009.7000,21063.8000
2014-12-15,21000.4000,21172.1500,20829.1000,20865.3000
2014-12-16,20723.6000,20730.8000,20158.1500,20225.3500
2014-12-17,20077.9500,20339.6000,19817.4500,19953.5000
2014-12-18,20236.3000,20251.9500,19767.6000,20184.4000
2014-12-19,20271.2500,20279.2000,19896.8000,19958.2000
2014-12-22,19994.1500,20399.0000,19990.8500,20262.1500
2014-12-23,20272.5000,20415.8500,20222.5000,20303.8500
2014-12-24,20301.2500,20401.7500,19981.2500,20090.7000
2014-12-26,20129.7500,20145.3000,19873.1500,19953.4500
2014-12-29,19943.7500,20145.3500,19943.7500,20087.0000
2014-12-30,20107.6500,20170.6500,20007.0500,20053.5500
2014-12-31,20083.6500,20142.8000,20066.7000,20126.2000
2015-01-01,20085.9500,20131.5000,20018.1000,20057.6000
2015-01-02,20065.8000,20213.2000,20065.8000,20142.6500
2015-01-04,19887.5000,20162.1000,19839.2500,20145.1000
2015-01-05,20176.2500,20286.7500,20138.7500,20184.8500
2015-01-06,20033.8000,20414.6000,20033.8000,20387.4000
2015-01-07,20170.7000,20228.0000,20034.2500,20093.9000
2015-01-08,19947.8500,20284.7000,19947.8500,20244.1500
2015-01-09,19961.2500,20047.5500,19721.6500,19762.1000
2015-01-10,19970.5000,20184.8500,19953.4500,19998.3500
2015-01-12,20404.2000,20578.6500,20328.5000,20560.4500
2015-01-13,20563.4500,20702.7500,20464.8000,20603.0000
2015-01-14,20628.4500,20628.4500,20202.5000,20455.8000
2015-01-15,20733.1000,20837.6500,20545.7500,20770.0000
2015-01-16,20837.1500,21000.0000,20709.2000,20969.6000
2015-01-19,21009.6000,21009.6000,20678.8000,20728.4000
2015-01-20,20749.1000,21128.4500,20644.5500,21091.1500
2015-01-21,21176.3000,21176.3000,20524.4500,20673.9000
2015-01-22,20696.5000,20980.7000,20574.1500,20670.8000
2015-01-23,20801.1000,20896.6500,20686.6500,20744.2000
2015-01-27,20767.3500,21019.7500,20750.8000,20985.6000
2015-01-28,20963.0000,21053.8000,20888.1500,21027.8500
2015-01-29,21035.9000,21355.1500,20939.9000,21293.1000
2015-01-30,21303.1000,21354.2000,21018.0500,21165.7500
2015-02-01,20065.8000,20213.2000,20065.8000,20142.6500
2015-02-02,21095.3500,21185.7000,20797.6000,20840.2000
2015-02-03,20886.0000,21117.4000,20886.0000,21052.8000
2015-02-04,21132.3500,21253.4500,20910.3500,20991.4500
2015-02-05,20976.8000,21248.0000,20909.2500,21093.9500
2015-02-06,20304.0000,20304.0000,19676.3500,19709.1500
2015-02-07,20147.4500,20262.2000,20099.8000,20143.1500
2015-02-09,19924.6000,20164.2000,19803.6500,19855.7500
2015-02-10,20975.9000,21247.3000,20956.6500,21069.5000
2015-02-11,20085.2500,20238.7500,19946.3000,20214.5000
2015-02-12,21331.7500,21351.4500,21023.0500,21224.2000
2015-02-13,21284.4000,21660.0000,21278.0000,21616.4500
2015-02-16,21606.7000,22067.8500,21606.7000,22009.0000
2015-02-18,21846.4500,22460.2000,21846.4500,22195.7500
2015-02-19,22220.2000,22255.4500,21759.4000,21989.3500
2015-02-20,21937.8500,22211.7500,21816.2500,22149.9500
2015-02-23,22150.8500,22294.9500,21870.1500,21902.9500
2015-02-24,21982.8000,22278.0500,21885.1000,22231.8500
2015-02-25,22333.8000,22333.8000,22132.6500,22295.1500
2015-02-26,22260.7500,22329.5500,21946.8000,22070.9000
2015-02-27,22057.8000,22141.6000,21691.9000,22063.9500
2015-02-28,22102.0000,22716.7000,20702.6000,21102.3500
2015-03-02,20886.0000,21117.4000,20886.0000,21052.8000
2015-03-03,20689.1000,20732.1000,20540.3500,20661.4000
2015-03-04,20814.3000,21039.4500,20702.9500,20743.4000
2015-03-05,20819.7000,21108.8500,20795.1500,21005.8500
2015-03-06,19584.3000,19595.1000,18975.4000,19132.0000
2015-03-07,20132.2500,20353.1000,20069.6000,20245.1000
2015-03-08,20942.8000,21124.3000,20881.4000,20991.5000
2015-03-09,20893.7000,20993.1000,20809.5500,20878.0500
2015-03-10,20968.2500,20968.2500,20722.0000,20773.2500
2015-03-11,20848.3000,20913.2500,20717.7000,20778.5000
2015-03-12,20817.8000,21148.2000,20805.0000,21107.8500
2015-03-13,21190.0500,21197.1000,20624.7000,20676.7000
2015-03-16,20733.6500,20752.6500,20417.4500,20436.8000
2015-03-17,20611.7000,20756.2000,20538.2500,20718.6000
2015-03-18,20777.4000,20777.4000,20540.3500,20572.0500
2015-03-19,20719.3500,20804.1500,20341.5500,20430.6500
2015-03-20,20453.7500,20453.7500,19966.6000,19999.8000
2015-03-23,20007.6500,20100.4500,19948.0000,19999.2000
2015-03-24,19973.5500,20083.7500,19917.4500,19945.0000
2015-03-25,20016.2500,20027.9000,19926.5000,19957.5000
2015-03-26,19908.2000,20011.9000,19637.5500,19691.1500
2015-03-27,19839.4500,19839.4500,19362.2000,19511.0000
2015-03-30,19642.6500,19933.3000,19641.9000,19880.9500
2015-03-31,19937.1000,19992.2500,19766.0000,19879.6000
2015-04-01,19887.5000,20162.1000,19839.2500,20145.1000
2015-04-02,21132.3500,21253.4500,20910.3500,20991.4500
2015-04-03,20814.3000,21039.4500,20702.9500,20743.4000
2015-04-05,19606.6500,19946.9000,19498.5500,19911.3000
2015-04-06,19177.6500,19177.6500,18925.4000,19069.1500
2015-04-07,20647.5000,20851.3000,20518.0000,20747.9500
2015-04-08,21014.4500,21051.4000,20744.8500,20922.0000
2015-04-09,19886.8500,19896.3500,19608.6000,19671.8500
2015-04-10,21137.9500,21233.6500,21008.0000,21214.7500
2015-04-11,20314.5000,20357.1000,20211.7500,20273.8000
2015-04-12,20235.5500,20249.2500,20053.6500,20087.8500
2015-04-13,21238.6500,21491.5500,21147.6000,21456.4000
2015-04-15,21533.8500,21659.5000,21419.9000,21463.0500
2015-04-16,21406.9500,21457.3500,21105.0500,21287.8000
2015-04-17,21330.4500,21373.3000,21249.0500,21277.8500
2015-04-20,21298.6500,21298.6500,20624.2500,20666.3500
2015-04-21,20665.6000,20864.2500,20399.1000,20429.3000
2015-04-22,20441.8500,20614.7500,20253.4000,20538.6000
2015-04-23,20575.4000,20755.9500,20340.9500,20525.7000
2015-04-24,20544.8000,20690.8000,20474.4500,20606.0500
2015-04-27,20617.2000,20678.7500,20183.7000,20242.5500
2015-04-28,20212.6500,20229.3000,19840.9000,20053.3000
2015-04-29,19979.7000,19980.7500,19694.1500,19729.9500
2015-04-30,19729.8000,19729.8000,19429.7500,19510.7000
2015-05-01,20176.2500,20286.7500,20138.7500,20184.8500
2015-05-02,20976.8000,21248.0000,20909.2500,21093.9500
2015-05-03,20819.7000,21108.8500,20795.1500,21005.8500
2015-05-04,19606.6500,19946.9000,19498.5500,19911.3000
2015-05-05,19861.7000,19995.4500,19770.5000,19963.8000
2015-05-06,19960.2000,20010.1500,19405.5500,19490.8500
2015-05-07,19492.0000,19593.8500,19341.2500,19541.9500
2015-05-08,20987.7000,21154.5500,20884.2500,21117.8000
2015-05-10,20105.0000,20248.1500,20043.0500,20144.6500
2015-05-11,19967.5000,19987.7000,19712.6500,19795.9500
2015-05-12,19845.1000,19845.6500,19537.0500,19598.7500
2015-05-13,19737.8500,19906.1000,19483.7000,19818.9000
2015-05-14,19806.7500,19887.9000,19622.2500,19846.0500
2015-05-15,19890.1500,20021.5500,19871.8000,19997.6000
2015-05-18,20044.0000,20324.1500,20001.8500,20292.1000
2015-05-19,20262.6000,20352.6000,20190.3000,20231.1000
2015-05-20,20265.5500,20323.8000,20195.3500,20232.5000
2015-05-21,20302.0000,20302.0000,20025.9500,20070.9500
2015-05-22,20193.1500,20273.8500,20083.2500,20167.7500
2015-05-25,19964.8000,19998.2500,19747.3500,19766.9500
2015-05-26,19826.9500,19826.9500,19615.7000,19682.2000
2015-05-27,19660.2500,19836.4500,19623.0000,19794.7500
2015-05-28,19831.3500,19900.7500,19722.0000,19856.5000
2015-05-29,19901.7500,20192.6000,19801.9000,20107.3000
2015-06-01,20033.8000,20414.6000,20033.8000,20387.4000
2015-06-02,21011.3000,21327.1500,21010.7000,21286.2000
2015-06-03,19584.3000,19595.1000,18975.4000,19132.0000
2015-06-04,20062.9500,20632.0000,20062.9500,20607.9000
2015-06-05,19960.2000,20010.1500,19405.5500,19490.8500
2015-06-07,20085.0500,20399.6500,20085.0500,20376.7000
2015-06-08,19364.8500,19391.4000,19011.4000,19084.0000
2015-06-09,18979.6500,19092.4500,18921.4500,18978.9000
2015-06-10,18994.5000,19107.9500,18930.5500,19014.1000
2015-06-11,20193.4500,20323.2500,20185.0000,20251.0000
2015-06-12,18813.1500,18966.1500,18740.5000,18846.4500
2015-06-15,18833.0500,19104.9000,18731.6000,18935.7500
2015-06-16,18932.8500,18991.8000,18759.3500,18954.8500
2015-06-17,18978.6500,19342.5500,18971.1000,19249.1000
2015-06-18,19262.3500,19363.7000,19206.4500,19248.0500
2015-06-19,19258.3000,19408.5000,19240.4500,19345.3500
2015-06-22,19423.7000,19684.8000,19380.7000,19653.6500
2015-06-23,19686.5500,19761.2000,19570.3000,19737.1000
2015-06-24,19777.3000,20034.0000,19716.6500,19843.0500
2015-06-25,19726.8000,19892.5500,19690.0000,19759.6000
2015-06-26,19765.3500,19781.5000,19638.9500,19695.6500
2015-06-29,19470.1500,19786.3500,19445.0500,19755.5500
2015-06-30,19806.5500,20182.4000,19806.5500,20155.7500
2015-07-01,19784.0500,20069.2500,19748.8000,19841.1000
2015-07-02,20147.4500,20262.2000,20099.8000,20143.1500
2015-07-03,20132.2500,20353.1000,20069.6000,20245.1000
2015-07-04,20647.5000,20851.3000,20518.0000,20747.9500
2015-07-05,19492.0000,19593.8500,19341.2500,19541.9500
2015-07-06,20085.0500,20399.6500,20085.0500,20376.7000
2015-07-07,20381.6000,20439.4000,20300.6500,20384.4000
2015-07-08,20880.8500,20944.8500,20823.6500,20900.9500
2015-07-09,19665.4500,19713.7500,19292.1000,19356.2000
2015-07-10,20661.0500,20767.4500,20612.8500,20733.4500
2015-07-12,20080.0500,20088.2000,19415.3000,19534.2000
2015-07-13,19985.6500,20189.1500,19842.0500,20133.4000
2015-07-14,20134.3000,20229.7000,20080.7500,20184.4500
2015-07-15,20180.6000,20306.7500,20163.3500,20251.4500
2015-07-16,20298.0500,20511.1000,20235.7000,20445.8000
2015-07-17,20491.8500,20631.3000,20403.9000,20575.8500
2015-07-20,20584.6500,20635.4500,20476.4500,20511.4000
2015-07-21,20528.9000,20578.0000,20095.2500,20143.0500
2015-07-22,20108.1500,20379.2000,20071.3000,20310.2000
2015-07-23,20340.1000,20343.3500,20178.0500,20272.8000
2015-07-24,20296.7000,20338.0000,20187.4000,20303.7500
2015-07-27,20208.7000,20250.5000,20107.3000,20151.3000
2015-07-28,20152.2500,20275.4000,20090.0000,20153.5000
2015-07-29,20187.0500,20201.9000,19933.9500,19975.9500
2015-07-30,20045.0500,20605.1000,19936.7500,20544.0500
2015-07-31,20620.9500,20968.9000,20576.6500,20920.4500
2015-08-01,19947.8500,20284.7000,19947.8500,20244.1500
2015-08-03,20942.8000,21124.3000,20881.4000,20991.5000
2015-08-04,21014.4500,21051.4000,20744.8500,20922.0000
2015-08-05,20987.7000,21154.5500,20884.2500,21117.8000
2015-08-06,21128.5500,21133.5000,20847.6000,20941.2000
2015-08-07,20880.8500,20944.8500,20823.6500,20900.9500
2015-08-09,19385.7500,19385.7500,19019.5500,19174.3000
2015-08-10,20936.5500,21038.8000,20731.7500,20789.5500
2015-08-11,20809.1500,20809.1500,20583.1000,20663.1000
2015-08-12,19430.6000,19718.8500,19423.3000,19518.6000
2015-08-13,20392.7500,20492.4000,20231.2500,20271.2500
2015-08-14,20336.7000,20450.5000,20180.6000,20345.3000
2015-08-17,20411.2000,20430.9500,20238.9000,20321.2000
2015-08-18,20374.0500,20449.0000,20186.6500,20283.7500
2015-08-19,20261.7500,20435.9500,20079.0000,20325.7500
2015-08-20,20350.9000,20878.8000,20304.9500,20640.2500
2015-08-21,20565.0500,20758.4500,20360.2500,20704.5500
2015-08-24,20199.6000,20393.0000,19629.0500,19742.1500
2015-08-25,19902.6500,20147.1000,19354.5500,19869.0500
2015-08-26,19807.1000,19960.5500,19634.2000,19688.0000
2015-08-27,19999.3000,20167.4000,19774.8000,20097.6500
2015-08-28,20311.6000,20311.6000,20089.3000,20173.9000
2015-08-31,20141.4000,20277.1000,20038.4000,20111.5000
2015-09-01,19961.2500,20047.5500,19721.6500,19762.1000
2015-09-02,21187.5500,21262.7500,20957.7500,20995.1000
2015-09-03,19882.2000,20051.7000,19858.7500,19906.4000
2015-09-04,19886.8500,19896.3500,19608.6000,19671.8500
2015-09-06,18979.6500,19092.4500,18921.4500,18978.9000
2015-09-07,19665.4500,19713.7500,19292.1000,19356.2000
2015-09-08,19385.7500,19385.7500,19019.5500,19174.3000
2015-09-09,19359.1500,19419.8500,19264.4000,19306.3000
2015-09-10,19166.9500,19359.1500,19048.2500,19306.7500
2015-09-11,19937.0500,20552.1000,19895.1000,20496.1500
2015-09-12,19672.6500,19672.6500,19426.1500,19448.4500
2015-09-14,19454.8000,19523.9500,19349.5500,19496.8000
2015-09-15,19501.5000,19710.3000,19491.1000,19681.9500
2015-09-16,19786.2000,19812.8000,19663.6500,19727.1000
2015-09-18,19881.4500,19968.5000,19407.6000,19497.5000
2015-09-21,19416.2500,19422.4500,19327.4500,19353.8500
2015-09-22,19440.2000,19492.3500,19107.0000,19180.1000
2015-09-23,18995.7500,19384.5500,18991.9500,19259.6000
2015-09-24,19248.3500,19517.7500,19225.5500,19485.0000
2015-09-28,19555.2000,19628.7000,19387.5000,19421.9500
2015-09-29,19343.9500,19685.9000,19298.3500,19474.0000
2015-09-30,19636.9000,20004.7500,19539.7000,19956.6500
2015-10-01,19970.5000,20184.8500,19953.4500,19998.3500
2015-10-02,20975.9000,21247.3000,20956.6500,21069.5000
2015-10-03,20968.2500,20968.2500,20722.0000,20773.2500
2015-10-04,21137.9500,21233.6500,21008.0000,21214.7500
2015-10-05,20105.0000,20248.1500,20043.0500,20144.6500
2015-10-06,20280.1000,20697.2000,20180.2500,20663.8500
2015-10-07,20012.5000,20046.6000,19761.9000,19887.9500
2015-10-08,20751.4000,20751.4000,20354.8000,20452.8000
2015-10-09,19166.9500,19359.1500,19048.2500,19306.7500
2015-10-11,20409.6000,20532.1500,20149.8000,20215.8000
2015-10-12,19487.9000,19650.4000,19466.3500,19624.3000
2015-10-13,20358.9000,20482.2000,20297.3000,20376.4000
2015-10-14,20401.5000,20435.3000,20292.6500,20344.2500
2015-10-15,20302.6000,20533.6000,20302.6000,20468.1500
2015-10-16,20433.7000,20472.2500,20234.8000,20434.9000
2015-10-19,20436.0000,20650.7000,20324.8500,20623.8500
2015-10-20,20634.1000,20634.2500,20497.9500,20545.9000
2015-10-21,20566.8500,20608.5500,20494.9000,20533.7000
2015-10-23,20623.5000,20859.2500,20623.5000,20828.1500
2015-10-26,20875.4000,20906.6000,20776.7000,20818.2000
2015-10-27,20762.7500,20868.3000,20710.1500,20846.2500
2015-10-28,20796.7000,20951.5000,20773.9500,20867.8000
2015-10-29,20854.4500,20872.8000,20531.3500,20642.3000
2015-10-30,20696.3500,20696.3500,20056.3000,20118.3000
2015-11-02,20085.2500,20238.7500,19946.3000,20214.5000
2015-11-03,20282.2000,20326.6000,20153.1500,20218.5000
2015-11-04,20314.5000,20357.1000,20211.7500,20273.8000
2015-11-05,19967.5000,19987.7000,19712.6500,19795.9500
2015-11-06,19073.3000,19111.9000,18769.7500,18828.4500
2015-11-08,20809.1500,20809.1500,20583.1000,20663.1000
2015-11-09,19410.4500,19505.8000,19345.5000,19412.0500
2015-11-10,20409.6000,20532.1500,20149.8000,20215.8000
2015-11-11,20335.5500,20355.2500,20194.0000,20212.5500
2015-11-12,19635.5000,19669.5000,19456.0000,19624.1500
2015-11-13,20015.0000,20088.8500,19828.4500,19896.2000
2015-11-16,19879.6500,20063.5000,19872.3500,19986.5500
2015-11-17,20152.1500,20501.8500,20080.8500,20469.1000
2015-11-18,20537.5500,20537.5500,20322.6000,20411.8000
2015-11-19,20523.8500,20673.3000,20481.6500,20642.6000
2015-11-20,20690.8500,20690.8500,20409.0000,20449.8000
2015-11-23,20415.4500,20467.4500,20151.3500,20166.5000
2015-11-24,20244.4500,20295.5500,20032.1000,20184.0000
2015-11-26,20229.9500,20441.6500,20210.4000,20380.4500
2015-11-27,20461.2000,20465.9500,20227.4000,20436.1000
2015-11-30,20399.4500,20458.0000,20233.3500,20278.5500
2015-12-01,20404.2000,20578.6500,20328.5000,20560.4500
2015-12-02,21331.7500,21351.4500,21023.0500,21224.2000
2015-12-03,20540.9000,20578.0500,20311.6000,20346.6000
2015-12-04,20235.5500,20249.2500,20053.6500,20087.8500
2015-12-05,19845.1000,19845.6500,19537.0500,19598.7500
2015-12-06,18813.1500,18966.1500,18740.5000,18846.4500
2015-12-07,20080.0500,20088.2000,19415.3000,19534.2000
2015-12-08,20662.5000,20662.5000,20267.3500,20329.8000
2015-12-09,19672.6500,19672.6500,19426.1500,19448.4500
2015-12-10,20525.4500,20666.1500,20257.2500,20349.5000
2015-12-11,19635.5000,19669.5000,19456.0000,19624.1500
2015-12-14,19589.0000,19753.0500,19494.7000,19698.7000
2015-12-15,19714.0000,19966.2500,19666.4500,19941.6500
2015-12-16,19991.6500,20050.6500,19752.6000,19790.7000
2015-12-17,19775.8500,19962.9500,19688.3000,19940.6000
2015-12-18,19972.5000,20064.4000,19777.8500,19813.4500
2015-12-21,19944.1500,20167.2500,19781.5000,20134.8500
2015-12-22,20088.1000,20088.1000,19840.2000,19904.1500
2015-12-23,20008.3000,20090.3500,19939.9000,19983.2500
2015-12-24,20077.5000,20081.0500,19967.1500,20057.8000
2015-12-28,20037.8500,20184.6000,20037.8500,20152.7500
2015-12-29,20175.7500,20232.8500,20018.1500,20053.8000
2015-12-30,20114.4000,20126.1000,20017.1000,20068.5500
2015-12-31,20064.4000,20245.4000,19993.5000,20192.6500
2016-01-01,20181.5000,20258.0500,20118.1500,20184.9500
2016-01-02,19133.1000,19300.4500,19005.7000,19283.3500
2016-01-03,18630.5500,19378.9000,18630.5500,19317.0000
2016-01-04,20112.0000,20145.7500,19981.5000,20087.8000
2016-01-05,20087.3500,20141.6000,19994.5000,20047.4500
2016-01-06,20120.5000,20120.5000,19665.6000,19689.4500
2016-01-07,19600.4500,19600.4500,19235.9500,19261.5500
2016-01-08,19337.7500,19497.1500,19312.5500,19359.2500
2016-01-09,22666.8500,22833.4500,22594.6500,22715.5500
2016-01-11,21529.7500,21543.1500,21324.8000,21370.4000
2016-01-12,19320.8500,19386.1000,19236.1000,19340.5500
2016-01-13,19433.8000,19547.0500,19214.5000,19414.7000
2016-01-14,19290.6500,19530.4500,19199.2000,19438.1500
2016-01-15,19397.4500,19427.0000,19044.5000,19095.4500
2016-01-18,19040.3500,19156.1500,18967.7000,19006.8000
2016-01-19,19019.2000,19172.1500,18976.6500,19041.2000
2016-01-20,18877.7000,18928.0000,18560.5000,18758.3500
2016-01-21,18880.5000,18880.5000,18433.5000,18468.3500
2016-01-22,18621.1500,18707.5000,18416.6000,18555.4500
2016-01-25,18489.1000,18707.5500,18452.7000,18567.9500
2016-01-27,18591.1500,18664.7000,18472.0500,18584.8000
2016-01-28,18574.6000,19021.3500,18553.0500,18899.5000
2016-01-29,19044.6000,19198.3000,19027.0500,19132.6500
2016-02-01,19133.1000,19300.4500,19005.7000,19283.3500
2016-02-02,19301.3000,19370.6000,19146.7500,19194.2500
2016-02-03,19069.0500,19326.7500,19032.7000,19204.7000
2016-02-04,19299.0500,19379.2000,19201.7500,19275.4000
2016-02-05,19687.5500,19752.4000,19557.8500,19728.4000
2016-02-06,20847.6000,20963.7500,20631.2000,20919.4500
2016-02-08,22193.9500,22692.1000,22189.7500,22638.8500
2016-02-09,22760.1500,22830.3000,22678.1500,22789.3000
2016-02-10,19019.0000,19037.3000,18719.5500,18791.6500
2016-02-11,18834.4500,18834.4500,18183.5500,18227.2500
2016-02-12,18259.2500,18433.7500,18205.9000,18328.3500
2016-02-15,18515.3500,18615.0500,18337.9500,18510.0000
2016-02-16,18509.6000,18542.8000,18051.7500,18123.3000
2016-02-17,18158.2000,18360.0000,17770.9000,18300.5000
2016-02-18,18413.4500,18620.9500,18408.2000,18579.3500
2016-02-19,18613.2500,18613.2500,18402.9500,18574.1500
2016-02-22,18526.4000,18672.4500,18287.4000,18657.3000
2016-02-23,18594.4500,18594.4500,18285.3000,18329.6000
2016-02-24,18300.6500,18355.4000,18008.3000,18099.2500
2016-02-25,18020.3500,18210.7000,18012.5000,18094.7500
2016-02-26,18258.7500,18369.9000,18087.0500,18306.6000
2016-02-29,18295.4000,18580.3000,17406.9000,18331.6000
2016-03-01,18630.5500,19378.9000,18630.5500,19317.0000
2016-03-02,19455.0000,19666.3000,19233.5500,19260.4000
2016-03-03,19412.2000,19453.0500,19166.5000,19208.7000
2016-03-04,19277.4500,19348.7000,19097.7000,19144.9500
2016-03-05,19755.7500,19810.2000,19403.6000,19478.3500
2016-03-06,21008.1000,21036.2000,20844.7000,20912.5000
2016-03-08,19147.9000,19409.4500,19126.8000,19214.0000
2016-03-09,19085.6500,19279.7000,18960.5000,19248.5500
2016-03-10,21733.7500,21767.7500,21586.3000,21729.4500
2016-03-11,19082.2000,19384.9500,19060.5500,19354.4000
2016-03-14,19451.2500,19583.7500,19428.6500,19535.1500
2016-03-15,19551.7500,19551.7500,19083.3500,19136.4500
2016-03-16,19149.2000,19378.3500,19132.9500,19336.8000
2016-03-17,19434.0500,19503.5500,19366.3500,19445.2000
2016-03-18,19513.7500,19602.3000,19368.4500,19555.3000
2016-03-21,19593.5500,19960.2500,19593.5500,19928.4500
2016-03-22,19827.2000,19889.8500,19533.9000,19609.0000
2016-03-23,19662.4500,19662.6500,19463.0500,19629.6500
2016-03-28,19720.6000,19785.3000,19425.4500,19462.8000
2016-03-29,19392.0500,19634.1500,19352.0000,19375.4500
2016-03-30,19431.4500,19744.2000,19431.4500,19690.9500
2016-03-31,19626.0000,19891.6000,19609.3500,19764.1500
2016-04-01,19672.2500,20026.3500,19672.2500,19992.1000
2016-04-02,19299.0500,19379.2000,19201.7500,19275.4000
2016-04-03,19277.4500,19348.7000,19097.7000,19144.9500
2016-04-04,19727.4000,19948.5000,19727.4000,19890.6000
2016-04-05,19426.0500,19548.5500,19221.6500,19295.8500
2016-04-06,19662.8000,19725.9000,19605.3500,19657.5500
2016-04-07,22140.7500,22141.4000,21655.4500,21699.3500
2016-04-08,22225.3500,22272.9000,21987.0500,22072.3500
2016-04-10,21802.9000,21851.1500,21669.5000,21709.8500
2016-04-11,21844.7000,22113.5500,21549.1500,21658.9500
2016-04-12,19604.7500,19650.4500,19499.2500,19606.6000
2016-04-13,19722.9000,20082.6000,19712.1000,20045.2000
2016-04-18,20172.5500,20306.6500,20047.9000,20253.9500
2016-04-20,20252.8500,20349.0500,20123.4000,20246.6000
2016-04-21,20268.5500,20300.2000,19965.7500,20071.1000
2016-04-22,19930.8500,20111.4500,19834.9500,19876.5000
2016-04-25,19711.8500,19860.7000,19652.5500,19715.6500
2016-04-26,19464.3000,19933.7000,19464.3000,19890.5500
2016-04-27,19852.5000,20165.3000,19852.5000,20141.5500
2016-04-28,20058.9500,20088.3000,19629.6000,19667.6000
2016-04-29,19693.8500,19800.7000,19549.1000,19737.7000
2016-05-01,20087.3500,20141.6000,19994.5000,20047.4500
2016-05-02,19687.5500,19752.4000,19557.8500,19728.4000
2016-05-03,19755.7500,19810.2000,19403.6000,19478.3500
2016-05-04,19426.0500,19548.5500,19221.6500,19295.8500
2016-05-05,19317.2500,19577.5000,19298.2000,19466.3000
2016-05-06,19323.5000,19588.9500,19124.6000,19521.9500
2016-05-07,21755.5000,21791.0000,21592.1500,21697.6500
2016-05-08,22106.3000,22293.4500,22050.7000,22151.9000
2016-05-09,19610.5000,19885.4000,19608.7000,19752.6500
2016-05-10,19770.6000,19879.2000,19736.7500,19836.7000
2016-05-11,19637.0500,19789.5500,19580.7500,19726.9000
2016-05-12,20224.7000,20519.5000,20181.3000,20478.8000
2016-05-13,19722.6000,19752.8000,19564.3500,19667.7000
2016-05-16,19650.3500,19995.4000,19520.3000,19977.1000
2016-05-17,20032.6000,20085.5000,19892.1500,19960.9000
2016-05-18,19846.1000,20011.1500,19729.9500,19963.9000
2016-05-19,20023.9000,20023.9000,19565.4000,19612.8500
2016-05-20,19710.7000,19909.1500,19538.7500,19705.0000
2016-05-23,20312.0500,20414.0000,19947.5500,20179.0500
2016-05-24,20214.6000,20297.7500,20138.7000,20225.4000
2016-05-25,20344.5000,20678.9000,20331.3000,20639.8000
2016-05-26,20650.8000,20971.9500,20559.9500,20920.6500
2016-05-27,20934.3500,21022.4000,20764.5000,20907.5500
2016-05-30,20745.3500,20874.5500,20726.3000,20807.0500
2016-05-31,20810.4500,20884.5500,20458.4500,20521.6500
2016-06-01,20618.1500,20907.4500,20618.1500,20886.6000
2016-06-02,20847.6000,20963.7500,20631.2000,20919.4500
2016-06-03,21008.1000,21036.2000,20844.7000,20912.5000
2016-06-04,19662.8000,19725.9000,19605.3500,19657.5500
2016-06-05,19323.5000,19588.9500,19124.6000,19521.9500
2016-06-06,20922.3000,20970.8000,20851.9500,20888.0000
2016-06-07,20971.7500,21261.5000,20961.7500,21214.6000
2016-06-08,21250.8500,21310.7500,21133.5000,21225.6000
2016-06-09,22817.9500,23015.9500,22782.6000,22972.8000
2016-06-10,20812.1000,21029.8000,20688.8000,20704.5000
2016-06-12,20507.8000,20509.1500,20243.0000,20293.2000
2016-06-13,20575.5500,20777.5500,20489.8000,20649.0000
2016-06-14,20674.3000,20738.3500,20599.1000,20717.9500
2016-06-15,20772.3000,20974.7000,20749.0000,20956.1000
2016-06-16,20949.6000,20949.6000,20658.0000,20868.1000
2016-06-17,20921.9000,21079.2500,20900.3000,21044.6000
2016-06-20,21004.0000,21110.6000,20816.0500,21010.5500
2016-06-21,20975.5500,21052.0500,20910.3000,20996.7500
2016-06-22,20887.8500,21011.0500,20776.7000,20877.6000
2016-06-23,20895.5500,21112.4000,20880.4500,21065.4500
2016-06-24,20682.7000,20822.5000,20546.6500,20789.9500
2016-06-27,20803.9000,21107.4500,20803.9000,20999.2500
2016-06-28,21065.0000,21445.4500,21041.7500,21433.5000
2016-06-29,21515.4000,21534.2500,21298.7500,21400.6500
2016-06-30,21519.9000,21703.5500,21484.3000,21608.4500
2016-07-01,19600.4500,19600.4500,19235.9500,19261.5500
2016-07-04,19695.8000,19695.8000,19345.5500,19384.0500
2016-07-05,21755.5000,21791.0000,21592.1500,21697.6500
2016-07-06,20971.7500,21261.5000,20961.7500,21214.6000
2016-07-07,21750.1500,22000.7500,21704.3500,21924.1500
2016-07-08,21963.4500,21963.4500,21717.9000,21856.6000
2016-07-09,23021.2500,23090.2500,22965.1500,23008.2000
2016-07-10,21713.2500,21811.9000,21553.9500,21638.6500
2016-07-11,21924.8500,22100.7000,21600.2000,21916.5000
2016-07-12,22174.7500,22213.3000,21926.5500,21996.8500
2016-07-13,22005.9000,22021.1000,21844.0500,21932.8000
2016-07-14,21959.4000,22083.3000,21845.6500,22020.8500
2016-07-15,22050.1500,22289.2000,21980.6500,22031.3500
2016-07-18,22065.0000,22109.2000,21910.6500,21973.5000
2016-07-19,21919.0000,21943.6500,21696.1000,21838.4500
2016-07-20,21868.3500,22021.9500,21815.5000,21957.3500
2016-07-21,22103.0000,22115.6000,21821.2500,21999.3000
2016-07-22,22129.9500,22278.1500,21812.7000,22000.4500
2016-07-25,21994.1500,22164.8500,21952.8000,22139.0000
2016-07-26,22141.4000,22183.9500,22000.7500,22059.6500
2016-07-27,22043.0000,22158.3500,21833.0500,21904.1500
2016-07-28,22008.6000,22359.4500,21949.3000,22290.8500
2016-07-29,22279.6000,22377.5000,22174.0000,22228.8500
2016-08-01,22267.1500,22409.0500,22052.2000,22136.9000
2016-08-02,22193.9500,22692.1000,22189.7500,22638.8500
2016-08-03,22639.9500,22639.9500,22022.4500,22084.5500
2016-08-04,22225.3500,22272.9000,21987.0500,22072.3500
2016-08-05,22106.3000,22293.4500,22050.7000,22151.9000
2016-08-06,21250.8500,21310.7500,21133.5000,21225.6000
2016-08-07,21963.4500,21963.4500,21717.9000,21856.6000
2016-08-08,22195.4500,22296.4500,22132.0000,22200.4000
2016-08-09,23036.7000,23219.3000,23027.9000,23186.1500
2016-08-10,22038.5000,22048.2000,21789.0000,21829.8000
2016-08-11,21944.6000,21986.9000,21691.8000,21902.8500
2016-08-12,20274.3500,20602.5500,20249.9500,20510.2500
2016-08-16,22426.0000,22587.4000,22338.4500,22396.0000
2016-08-17,22378.9000,22502.6000,22275.2000,22342.8500
2016-08-18,22370.7500,22424.8500,22223.2000,22262.1000
2016-08-19,22289.0500,22318.5500,22174.3500,22234.7500
2016-08-22,22277.0000,22435.5500,22277.0000,22388.2000
2016-08-23,22400.1000,22415.5000,22128.6500,22176.1000
2016-08-24,22173.7000,22217.6000,22076.6500,22193.8500
2016-08-25,22304.4500,22425.0500,22212.8000,22283.2000
2016-08-26,22316.4500,22359.8500,22159.8500,22252.6500
2016-08-29,22221.3500,22257.7000,22085.7500,22192.8000
2016-08-30,22254.1000,22580.4500,22254.1000,22546.9500
2016-08-31,22589.7000,22667.2000,22505.8000,22609.3000
2016-09-01,22666.8500,22833.4500,22594.6500,22715.5500
2016-09-02,22760.1500,22830.3000,22678.1500,22789.3000
2016-09-03,19085.6500,19279.7000,18960.5000,19248.5500
2016-09-05,19610.5000,19885.4000,19608.7000,19752.6500
2016-09-06,21245.0000,21245.0000,20806.9000,20833.7000
2016-09-07,23021.2500,23090.2500,22965.1500,23008.2000
2016-09-08,23036.7000,23219.3000,23027.9000,23186.1500
2016-09-09,23105.2000,23165.3000,22687.4500,22703.7000
2016-09-11,20734.8000,21608.8000,20661.2000,21414.3500
2016-09-12,22467.9000,22522.4000,22267.0500,22291.2500
2016-09-14,22233.4000,22396.9500,22217.5000,22326.7000
2016-09-15,22366.2000,22630.9500,22364.2000,22526.6000
2016-09-16,22559.1500,22883.2500,22533.5000,22762.5000
2016-09-19,22841.7000,22904.3000,22619.5000,22668.3500
2016-09-20,22687.5000,22693.3500,22419.4500,22487.2000
2016-09-21,22487.5000,22591.9500,22307.1500,22343.0500
2016-09-22,22473.0000,22571.2000,22310.3500,22401.7500
2016-09-23,22392.1000,22462.1500,22219.5000,22315.7500
2016-09-26,22303.6000,22316.4000,21953.4500,21977.1000
2016-09-27,22027.6500,22074.4500,21843.2500,21913.1500
2016-09-28,21980.8500,22049.7500,21854.9000,21917.1000
2016-09-29,22024.9000,22067.4000,21445.5000,21661.2000
2016-09-30,21668.3500,21730.5000,21465.3000,21542.0500
2016-10-02,19019.0000,19037.3000,18719.5500,18791.6500
2016-10-03,19236.7000,19300.7500,18919.7500,19066.0500
2016-10-04,21802.9000,21851.1500,21669.5000,21709.8500
2016-10-05,19770.6000,19879.2000,19736.7500,19836.7000
2016-10-06,21869.6000,21878.5500,21553.2000,21659.5000
2016-10-07,21713.2500,21811.9000,21553.9500,21638.6500
2016-10-08,22038.5000,22048.2000,21789.0000,21829.8000
2016-10-10,21797.9000,21847.1000,21649.6000,21672.5500
2016-10-11,21774.8500,21785.5000,21405.4000,21561.1000
2016-10-13,21638.0000,21695.3500,21340.1000,21454.9000
2016-10-14,21441.4500,21485.5000,21348.1500,21423.0000
2016-10-17,21447.7000,21486.6000,21341.7000,21415.5000
2016-10-18,21451.3000,21781.8500,21427.9500,21749.1000
2016-10-19,21751.4500,21752.5000,21402.2500,21449.6500
2016-10-20,21534.3500,21589.3500,21387.4000,21424.5500
2016-10-21,21426.0000,21564.8000,21388.3500,21546.8000
2016-10-24,21589.1000,21611.6000,21499.8500,21569.9500
2016-10-25,21632.0500,21632.0500,21356.6000,21387.5500
2016-10-26,21422.2000,21484.6000,21086.6000,21338.4000
2016-10-27,21441.8000,21542.9000,21300.3000,21450.0000
2016-10-28,21540.4000,21573.9000,21313.6500,21547.9500
2016-10-30,21620.3500,21630.7500,21446.3000,21481.9500
2016-11-01,19203.9000,19373.5500,19119.7000,19329.6500
2016-11-02,18834.4500,18834.4500,18183.5500,18227.2500
2016-11-03,21159.1000,21370.2000,21097.4000,21261.7500
2016-11-04,19477.6000,19683.1500,19219.9000,19651.2500
2016-11-05,19637.0500,19789.5500,19580.7500,19726.9000
2016-11-07,22018.7500,22199.4000,21971.2500,22078.3500
2016-11-08,21866.3000,22311.8000,21860.5500,22235.1500
2016-11-09,20734.8000,21608.8000,20661.2000,21414.3500
2016-11-10,21774.8500,21785.5000,21405.4000,21561.1000
2016-11-11,21351.5000,21351.5000,20753.9000,20825.9000
2016-11-15,20814.3000,20814.3000,20217.6000,20307.9500
2016-11-16,20402.3500,20494.4500,19995.4000,20126.1000
2016-11-17,20010.5000,20292.2500,19990.6500,20154.0000
2016-11-18,20098.8000,20145.6000,19917.6500,19959.9000
2016-11-21,19983.8000,20005.6000,19659.4000,19701.2500
2016-11-22,19797.4500,20051.5500,19699.4500,19934.3000
2016-11-23,20023.3000,20056.5500,19803.7000,19976.1000
2016-11-24,19973.1000,19980.6500,19770.4000,19851.7000
2016-11-25,19940.6000,20229.0000,19844.1000,20157.1500
2016-11-28,20131.3000,20461.2500,20078.7000,20426.0500
2016-11-29,20411.6500,20539.8000,20275.3000,20306.6000
2016-11-30,20386.9500,20622.3000,20253.2000,20487.9000
2016-12-01,19320.8500,19386.1000,19236.1000,19340.5500
2016-12-02,20487.1500,20487.1500,20145.1000,20179.8500
2016-12-04,19604.7500,19650.4500,19499.2500,19606.6000
2016-12-05,20224.7000,20519.5000,20181.3000,20478.8000
2016-12-06,20507.8000,20509.1500,20243.0000,20293.2000
2016-12-07,22174.7500,22213.3000,21926.5500,21996.8500
2016-12-08,22204.2000,22493.3500,22204.2000,22397.4000
2016-12-09,22467.9000,22522.4000,22267.0500,22291.2500
2016-12-12,20538.9000,20547.4500,20292.1000,20319.7000
2016-12-13,20453.5500,20546.5000,20295.8500,20491.6500
2016-12-14,20520.8500,20547.0000,20260.7500,20313.5500
2016-12-15,20219.0000,20391.0000,20057.1000,20136.0500
2016-12-16,20196.2500,20196.2500,19955.0500,19982.6000
2016-12-19,19950.4000,20039.9500,19920.7500,19957.2000
2016-12-20,20014.8000,20083.3500,19967.7500,20039.0500
2016-12-21,20023.0500,20065.5500,19786.6500,19809.7000
2016-12-22,19755.0500,19813.9500,19664.1500,19750.2500
2016-12-23,19736.6000,19750.4500,19512.0000,19592.8500
2016-12-26,19591.3000,19667.6500,19457.2500,19624.4500
2016-12-27,19671.9000,20193.7000,19579.4500,20150.2500
2016-12-28,20109.9000,20404.9000,20109.9000,20279.0000
2016-12-29,20270.4000,20452.5500,20120.6500,20400.7500
2016-12-30,20492.2500,20805.9000,20444.8000,20754.1000
2017-01-02,20793.3500,20793.3500,20574.7000,20710.3500
2017-01-03,20719.6000,20962.5500,20620.0500,20864.1500
2017-01-04,20862.1500,21014.6000,20676.7500,20935.2500
2017-01-05,20927.5500,21108.7500,20912.6000,21070.5000
2017-01-06,21085.6500,21230.4500,20839.8000,20867.1000
2017-01-08,25705.7500,25822.3500,25651.3500,25781.5000
2017-01-09,20906.5000,21021.1000,20842.8000,20987.2500
2017-01-10,21019.6500,21207.2000,21010.3500,21157.7500
2017-01-11,21210.6500,21290.2500,21119.2000,21194.5500
2017-01-12,21227.2000,21227.2000,20953.5500,20988.0500
2017-01-13,21081.8000,21297.4000,20910.3500,21232.9500
2017-01-16,21214.7000,21280.6000,21098.5500,21197.7000
2017-01-17,21203.4500,21466.0500,21199.7500,21442.9500
2017-01-18,21446.4500,21685.0000,21439.7000,21529.5500
2017-01-19,21490.4500,21698.8000,21471.3000,21634.1500
2017-01-20,21623.9000,21723.3500,21596.6000,21641.0500
2017-01-23,21613.8500,21898.5000,21612.4500,21873.8000
2017-01-24,21871.3000,21934.9000,21716.5000,21908.4000
2017-01-25,21903.4000,22260.8000,21888.8000,22206.2500
2017-01-27,22135.3500,22312.2000,21744.7000,21798.2000
2017-01-30,21851.2000,21997.1000,21747.6500,21786.3000
2017-01-31,21812.4500,21949.6500,21725.9500,21832.6500
2017-02-01,20793.3500,20793.3500,20574.7000,20710.3500
2017-02-02,22582.8000,22980.2500,22436.3500,22696.2000
2017-02-03,22686.9500,22765.6500,22494.7500,22645.1500
2017-02-05,23764.2500,23807.6000,23574.9000,23755.1000
2017-02-06,26306.6500,26429.2000,26105.0000,26401.7000
2017-02-07,23015.5000,23602.0000,22817.4000,22877.7500
2017-02-08,22832.0500,22945.5000,22605.7000,22766.2500
2017-02-09,22834.0000,22924.2000,22589.6000,22874.9500
2017-02-10,22921.5000,22961.0500,22608.2000,22709.3000
2017-02-11,26090.8000,26112.4000,25795.1500,25823.9000
2017-02-13,22839.7000,22880.6500,22479.9000,22649.0000
2017-02-14,22633.1000,22776.4000,22512.2000,22596.0500
2017-02-15,22616.7000,22821.3500,22573.3500,22674.4000
2017-02-16,22547.7500,22602.3500,22334.7500,22379.7000
2017-02-17,22434.5000,22482.8500,22236.2000,22445.8000
2017-02-20,22388.4500,22477.5000,22386.0500,22439.6500
2017-02-21,22443.0500,22487.5000,22232.6000,22450.5500
2017-02-22,22537.8500,22593.7500,22338.5500,22426.4000
2017-02-23,22479.8500,22557.4000,22327.6500,22434.7500
2017-02-27,22435.7000,22471.3000,22081.2000,22419.6000
2017-02-28,22358.2500,22430.8000,22278.2500,22338.2000
2017-03-01,20719.6000,20962.5500,20620.0500,20864.1500
2017-03-02,22688.5500,22777.4000,22350.5000,22417.3000
2017-03-03,22294.1500,22361.7500,22097.9500,22280.7000
2017-03-04,23641.2500,23717.5000,23426.2500,23639.6000
2017-03-05,23825.8500,23826.1500,23566.6500,23683.8000
2017-03-06,22354.7500,22435.2500,22280.1000,22392.3000
2017-03-07,22417.4500,22450.9500,22251.4000,22393.1000
2017-03-08,25485.7500,25618.3500,25336.1000,25483.5500
2017-03-09,22440.7000,22449.8000,22259.3000,22392.0000
2017-03-10,22405.0500,22441.4500,22287.9500,22341.7500
2017-03-11,25939.0000,25939.0500,25738.8000,25790.5000
2017-03-14,22567.3500,22825.2000,22566.1500,22743.7500
2017-03-15,22662.1000,22910.0500,22662.1000,22793.1500
2017-03-16,22930.8500,22986.0500,22806.7500,22905.4500
2017-03-17,23293.6000,23843.9000,23293.6000,23491.2500
2017-03-20,23577.6000,23605.6500,23336.7000,23500.2500
2017-03-21,23567.2000,23848.9500,23513.3000,23796.6500
2017-03-22,23573.8500,23756.0000,23332.9500,23390.7500
2017-03-23,23288.3000,23554.7000,23212.3000,23335.3000
2017-03-24,23393.7000,23552.5000,23390.8000,23455.1000
2017-03-27,23435.9000,23540.0500,23251.7000,23444.0500
2017-03-28,23467.0000,23516.2500,23406.6500,23467.7000
2017-03-29,23474.3500,23698.8500,23467.8500,23672.5000
2017-03-30,23711.8000,23776.6500,23536.7000,23671.0000
2017-03-31,23596.4000,23676.0000,23460.3000,23542.3000
2017-04-01,20862.1500,21014.6000,20676.7500,20935.2500
2017-04-03,23641.2500,23717.5000,23426.2500,23639.6000
2017-04-05,23714.6500,23728.3500,23483.8000,23583.7000
2017-04-06,23530.3500,23561.4500,23278.9500,23349.0000
2017-04-07,27859.9500,27896.9500,27505.9000,27547.5000
2017-04-08,25389.1500,25635.9000,25370.9500,25551.1000
2017-04-09,25888.8000,25888.8000,25692.1000,25761.4000
2017-04-10,24910.4000,25184.3000,24840.4500,25105.4500
2017-04-11,23224.0000,23682.4000,23154.9000,23651.7500
2017-04-12,25750.9500,25794.1000,25526.5500,25758.0000
2017-04-13,23678.0000,23682.1000,23423.6000,23507.9000
2017-04-17,23399.7000,23644.8000,23345.9500,23459.9000
2017-04-18,23521.2000,23723.0500,23322.5500,23382.9500
2017-04-19,23486.6000,23509.8500,23354.7000,23387.1500
2017-04-20,23457.2500,23552.7500,23389.2500,23495.1500
2017-04-21,23637.0000,23637.0000,23145.6000,23229.8000
2017-04-24,23346.9000,23390.5500,23084.8000,23344.6500
2017-04-25,23427.4500,23806.4000,23242.9500,23764.8500
2017-04-26,23882.6500,24388.6000,23824.0500,24304.3000
2017-04-27,24329.7000,24366.8500,23996.4000,24067.0000
2017-04-28,24056.3000,24094.0500,23622.8500,23675.4000
2017-05-01,20927.5500,21108.7500,20912.6000,21070.5000
2017-05-02,23764.2500,23807.6000,23574.9000,23755.1000
2017-05-03,23825.8500,23826.1500,23566.6500,23683.8000
2017-05-04,23703.5500,23990.8500,23668.5000,23951.8000
2017-05-05,23923.3500,23933.3500,23609.2500,23630.4500
2017-05-06,26233.6500,26482.9500,26164.0000,26430.6500
2017-05-07,27569.5000,27590.5500,27315.1500,27349.4000
2017-05-08,23685.2500,23728.9500,23422.6500,23442.2000
2017-05-09,23495.4500,23625.7000,23386.5000,23527.8500
2017-05-10,23585.2500,23995.1500,23572.6500,23954.3500
2017-05-11,24035.9000,24169.8500,23956.5500,24025.8500
2017-05-12,25788.2000,25789.1000,25580.2500,25695.6500
2017-05-15,24028.4500,24189.4500,24015.3000,24119.4500
2017-05-16,24137.5500,24412.9000,24065.3500,24370.5500
2017-05-17,24399.3000,24410.2000,24132.6500,24266.7500
2017-05-18,24082.1500,24204.2000,23812.1500,23864.0000
2017-05-19,24202.6000,24922.5000,24184.7500,24352.9000
2017-05-22,24707.5000,25279.9000,24654.3000,25230.0000
2017-05-23,25188.3500,25232.7500,24961.2000,25002.3500
2017-05-24,25024.4500,25103.5000,24881.3500,24986.5000
2017-05-25,25030.4000,25223.8500,24818.4000,25056.6500
2017-05-26,25150.9000,25711.1500,25071.4500,25507.5500
2017-05-29,25288.1500,26080.8000,25264.0000,25948.0500
2017-05-30,25786.5500,25879.2500,25608.1500,25783.4000
2017-05-31,25801.6500,25945.6500,25602.7500,25841.8000
2017-06-01,25857.3500,26269.5000,25790.6000,26165.7500
2017-06-02,22758.6500,22993.7000,22726.1500,22904.4000
2017-06-03,22354.7500,22435.2500,22280.1000,22392.3000
2017-06-04,23530.3500,23561.4500,23278.9500,23349.0000
2017-06-05,26233.6500,26482.9500,26164.0000,26430.6500
2017-06-06,26436.0000,26514.5500,25968.5000,26058.9000
2017-06-07,26137.3000,26366.3500,26067.8500,26230.2000
2017-06-08,26285.1500,26317.7000,26128.2000,26183.3500
2017-06-09,26151.4500,26252.2500,25858.5500,25941.4500
2017-06-10,25066.5500,25160.8000,25007.0000,25130.6000
2017-06-11,25829.0000,25994.5500,25801.1000,25821.9000
2017-06-12,25986.4500,26009.9000,25725.6500,25864.8500
2017-06-13,25907.2500,25978.1000,25791.6500,25942.2500
2017-06-14,25963.7500,26007.0000,25672.0500,25744.6000
2017-06-15,25902.6500,25903.8000,25675.3500,25753.3500
2017-06-16,25789.3000,26040.7500,25779.1500,25914.3000
2017-06-19,26056.8000,26196.2500,26018.0500,26126.1500
2017-06-20,26207.0500,26220.0500,26018.4000,26055.5500
2017-06-21,26097.1500,26318.3500,26005.3500,26256.7500
2017-06-22,26236.4000,26349.8000,26096.6500,26187.7000
2017-06-23,26136.0500,26276.0500,25975.7000,26163.8500
2017-06-27,26209.7500,26491.1000,26117.6000,26188.3000
2017-06-28,26172.7500,26172.7500,25906.4500,25981.9000
2017-06-29,26069.0500,26249.6500,26048.5500,26143.6500
2017-06-30,26070.7000,26818.4500,26056.4000,26752.0500
2017-07-02,23015.5000,23602.0000,22817.4000,22877.7500
2017-07-03,22417.4500,22450.9500,22251.4000,22393.1000
2017-07-04,23257.2500,23333.3500,23171.2500,23235.5500
2017-07-05,27569.5000,27590.5500,27315.1500,27349.4000
2017-07-06,27510.0000,27669.4000,27309.2000,27581.7000
2017-07-07,27614.8000,27626.4000,27370.8500,27465.8500
2017-07-08,25549.2500,25713.0500,25470.0000,25608.5500
2017-07-09,25567.3000,25639.7000,25276.5500,25309.2500
2017-07-10,27422.1500,29037.8500,27048.7000,27474.5000
2017-07-11,25872.2000,25946.4500,25687.8000,25760.9500
2017-07-12,27297.6500,27613.6500,27293.3500,27425.8500
2017-07-13,27614.4000,27977.9500,27568.8500,27918.6500
2017-07-14,27995.9000,27996.3000,27734.3500,27864.4500
2017-07-17,27768.7000,27772.3500,27190.5500,27391.6500
2017-07-18,25885.7000,25885.7000,25161.1500,25547.6000
2017-07-19,25839.7000,25953.0500,25641.6500,25915.7500
2017-07-20,26048.6000,26093.9000,25666.1000,25762.9500
2017-07-21,25898.6500,25899.5000,25638.4000,25795.6000
2017-07-24,25865.3000,26109.0500,25763.8500,26033.4500
2017-07-25,26117.8500,26128.8000,25897.6000,25925.0000
2017-07-26,25983.7000,26121.8500,25912.9000,26099.5000
2017-07-27,26173.4000,26276.1000,25877.1000,25970.4500
2017-07-28,26211.2500,26223.2500,25764.6500,26033.9500
2017-07-31,26009.0500,26022.8000,25680.3000,25744.3500
2017-08-01,25705.7500,25822.3500,25651.3500,25781.5000
2017-08-02,22832.0500,22945.5000,22605.7000,22766.2500
2017-08-03,22400.2000,22430.2500,22296.9000,22365.2000
2017-08-04,25389.1500,25635.9000,25370.9500,25551.1000
2017-08-05,23685.2500,23728.9500,23422.6500,23442.2000
2017-08-06,26285.1500,26317.7000,26128.2000,26183.3500
2017-08-07,25549.2500,25713.0500,25470.0000,25608.5500
2017-08-08,25619.3000,25710.5000,25220.4000,25306.0500
2017-08-09,25360.4000,25495.1500,25303.8000,25408.8500
2017-08-10,25015.4000,25117.4500,24875.7500,24969.2500
2017-08-11,24739.9500,24959.6000,24665.4500,24762.5500
2017-08-12,25939.6500,26491.2500,25914.5500,26459.5500
2017-08-14,24940.8500,24986.8000,24810.0000,24908.4000
2017-08-16,24984.9000,25615.5500,24951.6000,25534.8000
2017-08-17,25680.8500,25680.8500,25427.7000,25511.3500
2017-08-18,25397.9500,25751.2500,25387.3000,25718.7000
2017-08-21,25758.7500,25877.2500,25567.5500,25598.7500
2017-08-22,25708.1000,25769.4000,25541.4000,25604.7500
2017-08-23,25652.1500,25717.5500,25538.9500,25595.9500
2017-08-24,25607.9000,25676.3000,25544.3500,25555.0000
2017-08-28,25614.2000,25789.6000,25488.5500,25761.9000
2017-08-29,25728.8500,25728.8500,25445.5500,25529.5000
2017-08-30,25634.7000,25800.6000,25609.7500,25757.8500
2017-08-31,25818.5000,25884.4500,25619.9500,25834.9000
2017-09-01,20906.5000,21021.1000,20842.8000,20987.2500
2017-09-02,22834.0000,22924.2000,22589.6000,22874.9500
2017-09-03,22440.7000,22449.8000,22259.3000,22392.0000
2017-09-04,25888.8000,25888.8000,25692.1000,25761.4000
2017-09-05,23495.4500,23625.7000,23386.5000,23527.8500
2017-09-06,25664.1000,25721.0000,25439.3000,25473.1000
2017-09-07,25567.3000,25639.7000,25276.5500,25309.2500
2017-09-08,25360.4000,25495.1500,25303.8000,25408.8500
2017-09-10,25271.4000,25315.2500,25151.4500,25286.3500
2017-09-11,25905.1000,26030.4000,25558.0000,25726.1500
2017-09-12,25692.3500,25934.8500,25662.9000,25913.2000
2017-09-13,25904.9000,25918.2000,25595.3500,25632.3500
2017-09-14,25729.9500,25742.8500,25561.7500,25628.2500
2017-09-15,25590.1500,25647.3000,25453.0500,25505.9500
2017-09-18,25622.2000,25709.0000,25550.1500,25578.3500
2017-09-19,25648.9000,25783.4500,25485.4000,25648.4000
2017-09-20,25744.6500,25751.0000,25615.3500,25698.5500
2017-09-21,25725.0000,25743.4000,25369.1000,25489.7000
2017-09-22,25447.3000,25447.3000,25155.7000,25220.3500
2017-09-25,25255.5000,25289.4500,24867.9500,24980.7000
2017-09-26,25093.4000,25095.2500,24707.3000,24872.1000
2017-09-27,25046.6000,25063.4500,24458.6500,24556.1000
2017-09-28,24664.0000,24811.3500,24590.5500,24724.6500
2017-09-29,24834.0500,24838.6000,24427.3000,24480.8000
2017-10-01,21019.6500,21207.2000,21010.3500,21157.7500
2017-10-02,22921.5000,22961.0500,22608.2000,22709.3000
2017-10-03,24764.9000,24806.4500,24547.3500,24747.5500
2017-10-04,23338.0000,23341.5500,23206.6500,23264.7500
2017-10-05,23585.2500,23995.1500,23572.6500,23954.3500
2017-10-06,25066.5500,25160.8000,25007.0000,25130.6000
2017-10-07,27422.1500,29037.8500,27048.7000,27474.5000
2017-10-08,25015.4000,25117.4500,24875.7500,24969.2500
2017-10-09,25271.4000,25315.2500,25151.4500,25286.3500
2017-10-10,25294.5000,25339.1500,25141.1000,25204.8500
2017-10-11,25269.9500,25315.1000,25078.5000,25187.5000
2017-10-12,25215.9000,25575.9500,25146.2500,25473.6000
2017-10-13,25443.8000,25483.9500,25331.0500,25434.8500
2017-10-16,25481.0000,25734.9500,25458.2000,25607.6000
2017-10-17,25643.0500,25651.2500,25517.4500,25620.9500
2017-10-18,25654.7500,25709.4000,25512.4500,25684.0500
2017-10-19,25745.3000,25747.6500,25515.4500,25580.0000
2017-10-23,25636.8500,25810.6000,25331.1000,25419.2000
2017-10-24,25542.0500,25567.3000,25418.0500,25503.0000
2017-10-25,25632.2500,25711.5500,25570.7500,25638.2000
2017-10-26,25758.0000,25758.0000,25504.0000,25644.2000
2017-10-27,25817.3500,26128.2000,25721.2000,25814.7000
2017-10-30,25837.1500,25947.6000,25608.1000,25637.6000
2017-10-31,25746.9500,25750.7000,25570.7500,25687.7000
2017-11-01,25784.5000,26152.5000,25771.5500,26083.7500
2017-11-02,26090.8000,26112.4000,25795.1500,25823.9000
2017-11-03,25939.0000,25939.0500,25738.8000,25790.5000
2017-11-04,23224.0000,23682.4000,23154.9000,23651.7500
2017-11-05,24035.9000,24169.8500,23956.5500,24025.8500
2017-11-06,25829.0000,25994.5500,25801.1000,25821.9000
2017-11-07,25872.2000,25946.4500,25687.8000,25760.9500
2017-11-08,24739.9500,24959.6000,24665.4500,24762.5500
2017-11-09,25905.1000,26030.4000,25558.0000,25726.1500
2017-11-10,25775.6000,26010.2000,25706.3500,25920.5500
2017-11-12,26623.4500,26750.1000,26489.1500,26709.6500
2017-11-13,26015.6500,26069.5000,25611.2500,25664.4000
2017-11-14,25721.1500,25798.4500,25536.7500,25579.5000
2017-11-15,25564.4500,25597.2000,25166.2000,25273.7500
2017-11-16,25377.9000,25585.5500,25200.7000,25544.3000
2017-11-17,25682.0000,25845.8500,25682.0000,25749.0000
2017-11-20,25791.4500,25914.2500,25658.6500,25855.3500
2017-11-21,25894.9500,25955.7000,25657.2000,25703.0000
2017-11-22,25733.2500,25819.3500,25656.8000,25796.6500
2017-11-23,25847.0500,25936.8000,25705.6500,25785.6500
2017-11-24,25835.3500,26002.0000,25760.1000,25971.2000
2017-11-27,25923.1000,25952.3000,25744.9000,25906.8000
2017-11-28,25914.1000,26015.4000,25775.4000,25936.4500
2017-11-29,26019.3500,26048.6000,25912.8500,25972.8500
2017-11-30,25944.1500,25983.5000,25747.2000,25820.0500
2017-12-01,25886.7500,26027.8000,25618.8000,25666.8000
2017-12-04,25750.9500,25794.1000,25526.5500,25758.0000
2017-12-05,25788.2000,25789.1000,25580.2500,25695.6500
2017-12-06,25986.4500,26009.9000,25725.6500,25864.8500
2017-12-07,27297.6500,27613.6500,27293.3500,27425.8500
2017-12-08,25939.6500,26491.2500,25914.5500,26459.5500
2017-12-09,25692.3500,25934.8500,25662.9000,25913.2000
2017-12-10,25215.9000,25575.9500,25146.2500,25473.6000
2017-12-11,26623.4500,26750.1000,26489.1500,26709.6500
2017-12-12,26616.1000,26649.9000,26308.6000,26353.7500
2017-12-13,26286.5500,26485.0000,26059.8000,26159.7000
2017-12-14,26290.6500,26500.8500,26027.2500,26383.3000
2017-12-15,26539.5000,26617.8000,26357.6000,26430.8000
2017-12-18,26426.0000,26619.1500,25871.2000,26453.5500
2017-12-19,26483.6000,26712.1500,26479.2500,26694.0000
2017-12-20,26722.5500,26817.3500,26562.5500,26729.7500
2017-12-21,26878.7500,26878.7500,26604.2500,26667.9000
2017-12-22,26695.5000,26773.5500,26645.7500,26710.3000
2017-12-26,26724.8500,26794.2000,26662.1000,26725.0000
2017-12-27,26763.1000,26784.6000,26588.5000,26637.0000
2017-12-28,26755.5000,26829.7000,26567.3000,26613.9500
2017-12-29,26683.9500,26880.1000,26653.7000,26851.5000
2018-01-01,26885.6000,26960.5000,26636.4000,26686.3500
2018-01-02,27190.4500,28099.6000,26843.6000,27351.9000
2018-01-03,26606.9500,26762.8000,26572.3500,26648.4000
2018-01-04,26657.1000,26718.6500,26611.0500,26689.6000
2018-01-05,26730.4000,26946.6000,26728.5500,26914.3000
2018-01-06,28839.0000,28907.4000,28579.6500,28611.4000
2018-01-08,31085.8500,31244.7500,30886.4500,31175.1000
2018-01-09,27150.7500,27367.1000,27056.7500,27249.2000
2018-01-10,29908.9000,30029.4000,29488.8500,29923.6500
2018-01-11,28628.2500,28718.2500,28161.7000,28355.1000
2018-01-12,27370.3000,27424.0500,27035.7000,27196.6500
2018-01-15,27238.8500,27404.1500,27148.8000,27171.4000
2018-01-16,27229.6000,27327.5500,26796.8000,26874.5500
2018-01-17,26906.1500,27117.6000,26631.9500,27044.7500
2018-01-18,27304.3000,27567.1000,27140.3500,27347.8500
2018-01-19,27539.3000,27573.6500,27238.0000,27517.1000
2018-01-22,27555.8000,27680.1000,27452.2500,27607.7500
2018-01-23,27673.7000,27801.2000,27589.1000,27761.4500
2018-01-24,27691.5000,27924.2000,27562.9500,27889.0500
2018-01-25,27866.1500,27895.5000,27614.3500,27716.5000
2018-01-29,27735.4500,27858.7500,27464.6000,27557.3500
2018-01-30,27503.4000,27579.4000,27313.9000,27512.1000
2018-01-31,27457.1500,27479.8000,27012.9000,27127.3000
2018-02-01,26734.3500,26802.3500,26474.0500,26533.5000
2018-02-02,27164.9500,27735.8500,26871.1000,27180.1000
2018-02-04,26169.3500,26573.4500,26151.0000,26501.4500
2018-02-05,26898.1500,27281.1000,26802.2000,27191.7000
2018-02-06,26257.1500,26899.8000,26193.1500,26672.6000
2018-02-07,26984.8000,27023.1000,26691.6500,26733.5500
2018-02-08,26856.8500,26944.8500,26678.9500,26786.6000
2018-02-09,26460.1500,26724.6000,26342.5500,26664.3000
2018-02-11,28489.7500,29091.0500,28489.1000,28836.8000
2018-02-12,26849.4000,26945.1000,26707.8500,26782.2000
2018-02-14,26900.0000,26926.9500,26557.2000,26645.1000
2018-02-15,26701.7500,26877.2500,26597.9500,26733.5000
2018-02-16,26890.7500,26906.0000,26520.3500,26599.0500
2018-02-19,26635.5500,26659.3000,26262.5500,26411.4000
2018-02-20,26411.9000,26537.5500,26303.5000,26356.4000
2018-02-21,26468.4000,26603.9500,26388.5000,26572.0000
2018-02-22,26530.3000,26574.3500,26400.6500,26460.7500
2018-02-23,26538.0500,26699.6000,26448.3000,26669.9000
2018-02-26,26677.8500,26779.7500,26610.0000,26645.8500
2018-02-27,26767.5500,26807.2000,26681.9500,26728.2000
2018-02-28,26592.5500,26640.5500,26440.4000,26513.7000
2018-03-01,26606.9500,26762.8000,26572.3500,26648.4000
2018-03-04,26462.9500,26588.6500,26357.0500,26506.4500
2018-03-05,28797.1500,28865.9000,28392.6000,28486.3000
2018-03-06,26232.6500,26353.0500,25793.7000,25891.8000
2018-03-07,28826.5500,29040.1000,28691.7500,28973.6000
2018-03-08,26165.0000,26262.5500,25883.8500,25953.2000
2018-03-09,25993.0000,26140.0000,25951.4000,26020.0500
2018-03-10,29916.3500,29945.7500,29444.1500,29498.0500
2018-03-12,26322.1500,26743.1500,26271.0500,26703.0000
2018-03-13,26694.9500,26817.4500,26482.2500,26644.8000
2018-03-14,26549.1000,26584.4000,26371.8500,26532.1500
2018-03-15,26479.0000,26638.3000,26341.7500,26381.3000
2018-03-16,26438.5000,26438.5000,25911.0500,26052.1500
2018-03-19,26127.8500,26152.5500,25885.9500,25935.8000
2018-03-20,25864.4000,26084.8000,25860.9000,26044.0000
2018-03-21,26117.8000,26245.7500,26059.8000,26093.0000
2018-03-22,26126.5500,26228.4500,26009.0000,26036.1500
2018-03-23,25749.2000,26025.6000,25695.9500,25910.0500
2018-03-26,25795.0500,26218.4000,25777.9500,26168.9500
2018-03-27,26300.4500,26362.6000,26132.8500,26300.1500
2018-03-28,26210.2000,26316.5000,26055.0000,26127.4000
2018-04-01,26657.1000,26718.6500,26611.0500,26689.6000
2018-04-02,26169.3500,26573.4500,26151.0000,26501.4500
2018-04-03,26462.9500,26588.6500,26357.0500,26506.4500
2018-04-04,26551.3500,26586.2500,26375.6000,26448.0500
2018-04-05,28615.5000,28657.1000,28104.8500,28177.9500
2018-04-06,26747.0500,26835.0000,26667.9000,26805.9000
2018-04-07,29014.3000,29138.1000,28822.0500,29108.1500
2018-04-09,26811.8500,27140.0500,26803.6000,27107.7000
2018-04-10,29274.2000,29335.2000,28506.9000,28630.1000
2018-04-11,27140.4000,27223.0000,26950.7500,27159.4000
2018-04-12,27168.5000,27174.0000,26971.2500,27041.4500
2018-04-13,27133.8000,27156.5500,26898.2500,26982.9000
2018-04-16,26932.4000,27295.6500,26924.2000,27267.2000
2018-04-17,27354.6000,27571.0500,27228.0000,27536.7000
2018-04-18,27650.4500,28184.2500,27589.6500,28016.8500
2018-04-19,28158.7500,28290.7000,28036.5000,28173.2000
2018-04-20,28055.1000,28246.9500,27926.8000,28110.9500
2018-04-23,28136.6000,28180.6500,28003.9000,28022.0500
2018-04-24,28130.0000,28282.3000,28009.7500,28078.7000
2018-04-25,28070.7500,28138.2500,27873.7500,28013.1000
2018-04-26,28102.6500,28399.4500,28010.0000,28342.3500
2018-04-27,28445.5000,28557.9500,28371.5000,28433.5000
2018-04-30,28483.1500,28832.0000,28479.5500,28772.7500
2018-05-01,26730.4000,26946.6000,26728.5500,26914.3000
2018-05-02,26898.1500,27281.1000,26802.2000,27191.7000
2018-05-03,26434.8000,26434.8500,26093.3500,26164.7500
2018-05-04,28615.5000,28657.1000,28104.8500,28177.9500
2018-05-06,28417.2000,28482.8500,28287.3500,28346.4500
2018-05-07,29146.4000,29519.9000,29063.9000,29399.1500
2018-05-08,28642.4000,28692.9000,28523.2000,28555.1500
2018-05-09,31395.1500,31456.6500,30931.8000,31168.8500
2018-05-10,28460.7500,28580.7500,28135.3000,28231.3500
2018-05-11,28342.1500,28496.7500,28213.5000,28476.0000
2018-05-12,30056.9500,30101.8000,29745.0000,29936.2000
2018-05-14,28519.9000,28620.4000,28338.7000,28437.1000
2018-05-15,28546.3000,28669.1000,28292.2500,28352.6500
2018-05-16,28219.6000,28987.5000,28200.6500,28866.0000
2018-05-17,29002.2500,29037.1000,28441.6000,28496.0000
2018-05-18,28469.0000,28985.6000,28320.3500,28852.7000
2018-05-21,28911.6000,28961.6000,28602.2500,28673.7000
2018-05-22,28623.0000,28757.9000,28528.2000,28593.3500
2018-05-23,28589.1500,28669.3000,28381.2000,28415.4000
2018-05-24,28486.6000,28628.1500,28327.4500,28500.2500
2018-05-25,28453.3500,28728.0500,28303.1000,28595.8000
2018-05-28,28746.6000,28889.2500,28640.4000,28791.8500
2018-05-29,28726.5500,28952.5500,28621.7000,28706.1000
2018-05-30,28591.8500,28705.9000,28506.0000,28658.0500
2018-05-31,28756.6500,28861.7000,28577.6000,28814.3000
2018-06-01,28839.0000,28907.4000,28579.6500,28611.4000
2018-06-02,26257.1500,26899.8000,26193.1500,26672.6000
2018-06-03,26232.6500,26353.0500,25793.7000,25891.8000
2018-06-04,26747.0500,26835.0000,26667.9000,26805.9000
2018-06-05,28417.2000,28482.8500,28287.3500,28346.4500
2018-06-06,28378.1000,28645.8500,28368.5000,28602.0000
2018-06-07,29385.7000,29555.1500,29262.2000,29344.6500
2018-06-08,31505.9500,31551.3500,31134.9500,31222.0000
2018-06-09,31299.3000,31377.6500,30952.7000,31157.2500
2018-06-11,28874.2500,28875.2500,28396.5000,28497.1000
2018-06-12,28844.9000,29122.6500,28794.6500,29060.6500
2018-06-13,29151.7000,29161.0500,28874.5500,28915.6500
2018-06-14,28863.5000,29016.1000,28773.5000,28885.0500
2018-06-15,28842.6500,28891.5500,28618.9000,28774.5500
2018-06-18,28807.4500,28904.8000,28673.1000,28711.8000
2018-06-19,28688.3500,28722.0500,28497.7500,28651.6000
2018-06-20,28684.2000,28721.9500,28456.3500,28519.6000
2018-06-21,28519.3500,28580.4000,28298.0000,28330.5000
2018-06-22,28295.0500,28687.8500,28200.2000,28630.7500
2018-06-25,28670.2000,28680.0500,28429.5000,28495.6500
2018-06-26,28494.0500,28868.2500,28471.7000,28792.1500
2018-06-27,28859.2000,28874.1000,28556.3000,28625.1500
2018-06-28,28590.9000,28676.9500,28318.2000,28411.8500
2018-06-29,28517.4500,29016.9000,28473.6000,28966.0000
2018-07-02,29025.3000,29029.7000,28601.2000,28777.5000
2018-07-03,25887.1000,26139.3000,25730.8000,26061.1000
2018-07-04,29014.3000,29138.1000,28822.0500,29108.1500
2018-07-05,28286.3500,28635.2500,28195.0000,28586.5000
2018-07-06,28659.8500,28897.8000,28657.0500,28864.2000
2018-07-08,31304.2000,31328.9500,31083.7000,31140.3500
2018-07-09,29504.6500,29663.6500,29352.1000,29587.5500
2018-07-10,29674.1000,29746.7500,29549.5000,29715.4000
2018-07-11,28759.0000,28795.6500,28652.5500,28757.8500
2018-07-12,29862.7500,30008.3000,29772.8000,29932.6500
2018-07-13,29976.2500,30036.3000,29546.4000,29629.5500
2018-07-16,29655.3000,29824.6500,29522.7000,29571.3500
2018-07-17,29636.3500,29740.2500,29231.3000,29273.0500
2018-07-18,29400.8000,29427.4500,28897.6500,28993.1500
2018-07-19,29035.4000,29254.2000,28838.2000,29212.5000
2018-07-20,29236.2500,29374.8500,29080.1000,29281.0000
2018-07-23,29643.5500,30031.7000,29529.9500,30000.9000
2018-07-24,30041.1500,30162.6000,29858.1000,30026.1500
2018-07-25,30000.2500,30098.1000,29918.6000,29965.2500
2018-07-26,30050.3500,30242.9500,29834.7500,30036.2500
2018-07-27,30641.6000,31014.8000,30410.9000,30749.3500
2018-07-30,30787.7500,30928.3500,30658.7000,30836.6000
2018-07-31,30863.2500,31038.2500,30638.5500,31007.2500
2018-08-01,26980.6500,27147.0000,26954.4000,27120.8500
2018-08-02,31137.8500,31364.4500,31003.5000,31075.2500
2018-08-03,31162.3000,31490.7000,31044.8000,31424.9500
2018-08-05,28642.4000,28692.9000,28523.2000,28555.1500
2018-08-06,31505.9500,31551.3500,31134.9500,31222.0000
2018-08-07,31304.2000,31328.9500,31083.7000,31140.3500
2018-08-08,31141.3000,31335.8000,31117.6000,31302.5000
2018-08-09,31376.0000,31505.9000,31221.8500,31378.5500
2018-08-10,27957.6500,28087.4000,27421.2500,27705.8000
2018-08-13,31354.7000,31652.0000,31317.6000,31479.7500
2018-08-14,31545.7000,31821.6000,31526.1500,31725.2500
2018-08-16,31701.6500,31848.5000,31532.0500,31731.2500
2018-08-17,31799.2000,32383.2000,31785.9500,32340.0500
2018-08-20,32422.0000,32466.9500,32291.5500,32379.4000
2018-08-21,32455.3000,32534.9000,32240.1000,32306.4000
2018-08-23,32457.6000,32660.6000,32251.9500,32600.2500
2018-08-24,32550.1500,32583.5000,32217.4000,32385.5500
2018-08-27,32508.0500,32730.9500,32449.5000,32604.1000
2018-08-28,32650.7500,32752.0000,32455.6000,32494.3500
2018-08-29,32519.2000,32577.2000,32354.7500,32429.6000
2018-08-30,32458.6500,32898.3500,32445.1500,32844.0000
2018-08-31,32984.3500,33067.1500,32773.8000,32911.5500
2018-09-01,27150.7500,27367.1000,27056.7500,27249.2000
2018-09-02,26460.1500,26724.6000,26342.5500,26664.3000
2018-09-03,33167.9000,33167.9000,31978.3500,32109.5500
2018-09-04,32033.8500,32042.3500,31223.5500,31442.6500
2018-09-05,28481.5000,28593.5500,28399.0500,28435.9000
2018-09-06,31299.3000,31377.6500,30952.7000,31157.2500
2018-09-07,31241.5500,31438.3500,31009.3000,31354.3000
2018-09-08,31376.0000,31505.9000,31221.8500,31378.5500
2018-09-10,31305.5000,31348.1500,30769.8000,30811.6000
2018-09-11,30845.2000,30874.2500,29988.8500,30067.5500
2018-09-12,30147.5000,30873.5500,30029.7500,30828.2000
2018-09-14,30957.2000,31095.5000,30834.5000,30987.6000
2018-09-17,30824.8000,30832.6500,30483.5000,30559.7500
2018-09-18,30647.2000,31049.8500,30568.0500,30893.2500
2018-09-19,31027.7500,31084.7000,30385.1500,30487.7000
2018-09-21,30555.8500,30787.0500,29728.6500,30406.9000
2018-09-24,30510.3500,30572.4500,29415.3000,29749.2000
2018-09-25,29763.1000,30209.7500,29384.3500,30124.3500
2018-09-26,30352.8500,30352.8500,29507.8000,29682.6500
2018-09-27,29726.3000,29753.7500,29431.0000,29660.2500
2018-09-28,29808.1000,29902.2500,29372.7000,29757.7000
2018-10-01,29908.9000,30029.4000,29488.8500,29923.6500
2018-10-03,29916.3500,29945.7500,29444.1500,29498.0500
2018-10-04,27188.5500,27208.5500,27049.4000,27103.4500
2018-10-05,28460.7500,28580.7500,28135.3000,28231.3500
2018-10-07,29674.1000,29746.7500,29549.5000,29715.4000
2018-10-08,27957.6500,28087.4000,27421.2500,27705.8000
2018-10-09,27882.9500,27893.7500,27013.9000,27149.6500
2018-10-10,27210.4500,27663.2500,27096.9000,27596.5000
2018-10-11,26954.7000,27519.3000,26889.6500,27375.0000
2018-10-12,27655.5500,28291.0000,27617.1000,28153.5500
2018-10-15,28329.3000,28385.5500,27931.7000,28330.7000
2018-10-16,28425.3000,28577.7500,28124.7500,28498.2500
2018-10-17,28680.4500,29059.4000,28412.3500,28623.3500
2018-10-19,28515.6500,28956.7500,28476.1000,28845.2500
2018-10-22,29062.3000,29116.7000,28729.2000,28797.5500
2018-10-23,28596.2500,28797.7000,28403.4500,28480.6000
2018-10-24,28680.7500,28784.3000,28449.1500,28631.0000
2018-10-25,28400.9500,28524.7000,28284.4000,28413.6000
2018-10-26,28485.7000,28502.8000,27832.9000,28013.5500
2018-10-29,28070.9000,28336.5000,27886.9000,28257.5000
2018-10-30,28247.4000,28359.3000,28112.0000,28271.3000
2018-10-31,28305.5000,28599.1500,27795.9500,28547.1000
2018-11-01,27186.8000,27338.7000,27143.7500,27307.7000
2018-11-02,28489.7500,29091.0500,28489.1000,28836.8000
2018-11-04,27140.4000,27223.0000,26950.7500,27159.4000
2018-11-05,28342.1500,28496.7500,28213.5000,28476.0000
2018-11-06,28779.3000,29007.0500,28722.2000,28806.3000
2018-11-07,29710.9000,29958.1000,29543.0500,29802.6000
2018-11-09,28769.4000,28866.5500,28586.0000,28731.0500
2018-11-10,26954.7000,27519.3000,26889.6500,27375.0000
2018-11-12,28783.0000,28839.6000,28479.6500,28536.3500
2018-11-13,28499.0500,28850.3500,28405.0000,28783.3500
2018-11-14,28892.6000,29196.1500,28803.6000,29047.9000
2018-11-15,29134.3000,29277.1500,28900.3500,29020.5000
2018-11-16,29099.9500,29266.4000,29041.5500,29153.3500
2018-11-19,29248.3000,29702.3500,29141.6000,29651.6000
2018-11-20,29660.2000,29721.1000,29307.9500,29407.6500
2018-11-21,29425.7500,29516.4500,29228.8000,29390.8500
2018-11-22,29385.6500,29581.0500,29179.7500,29244.1000
2018-11-26,29336.3000,29984.9500,29312.7500,29935.5000
2018-11-27,29938.1500,29951.8000,29711.9500,29913.4500
2018-11-28,29952.9500,30151.9000,29578.1000,29682.6000
2018-11-29,29863.0500,30176.3000,29798.5000,30097.9500
2018-11-30,30226.1500,30438.5500,29924.7000,30126.2500
2018-12-01,27370.3000,27424.0500,27035.7000,27196.6500
2018-12-02,26849.4000,26945.1000,26707.8500,26782.2000
2018-12-03,26322.1500,26743.1500,26271.0500,26703.0000
2018-12-04,27168.5000,27174.0000,26971.2500,27041.4500
2018-12-05,30056.9500,30101.8000,29745.0000,29936.2000
2018-12-06,29803.8500,29803.8500,29440.5000,29489.3000
2018-12-07,29606.1500,29745.6500,29530.9500,29673.6500
2018-12-09,30147.5000,30873.5500,30029.7500,30828.2000
2018-12-10,29315.9000,29382.5500,29161.8000,29211.5000
2018-12-11,28974.6500,29700.9000,28960.6500,29562.9500
2018-12-12,29656.3500,30169.4000,29573.6500,30085.4000
2018-12-13,30286.9500,30489.0500,30179.0500,30291.2500
2018-12-14,30166.9000,30406.7500,30119.5500,30371.5000
2018-12-17,30477.6000,30719.7000,30393.5000,30624.2000
2018-12-18,30566.6500,30652.6500,30426.1000,30589.4000
2018-12-19,30720.3000,31058.6500,30692.5000,30977.2500
2018-12-20,30791.6500,31064.3500,30642.1500,30759.9500
2018-12-21,30798.0000,30886.6000,30157.3500,30199.8000
2018-12-24,30371.7000,30420.0500,29876.4000,29950.9500
2018-12-26,29841.2000,30109.1000,29569.8000,29996.2500
2018-12-27,30218.2500,30431.3500,30148.9500,30377.5000
2018-12-28,30354.7500,30666.6000,30336.4500,30544.0000
2018-12-31,30633.8500,30729.0500,30486.5000,30516.6500
2019-01-01,30579.1000,30613.2000,30259.6500,30398.4500
2019-01-02,29936.1000,30536.6000,29872.2000,30199.9000
2019-01-03,30187.8000,30479.3000,30122.1000,30189.2000
2019-01-04,30256.1000,30350.3000,30085.5000,30190.2000
2019-01-07,29630.1000,29728.8000,29579.4000,29600.4000
2019-01-08,30341.8500,30385.1000,30159.7000,30272.0000
2019-01-09,30404.7000,30640.7000,30331.0500,30577.3500
2019-01-10,31130.2500,31341.7500,30717.3500,30801.3500
2019-01-11,32396.1000,32591.3000,32338.2500,32449.8500
2019-01-14,30735.1000,30753.0000,30456.8000,30716.4000
2019-01-15,30797.2000,31045.9000,30759.9000,31011.0500
2019-01-16,30995.2500,31040.8500,30691.0000,30783.8500
2019-01-17,30822.3000,30912.8000,30514.9500,30737.2500
2019-01-18,30727.8000,30855.9500,30461.3000,30540.3500
2019-01-21,30626.7000,30727.4000,30403.0000,30485.0000
2019-01-22,30486.3000,30592.4000,30205.3500,30507.6000
2019-01-23,30620.0000,30854.5500,29869.7500,29991.4000
2019-01-24,30118.7500,30264.5500,29983.4000,30036.7500
2019-01-25,30125.8000,30331.1000,29856.2500,29938.0500
2019-01-28,29951.8000,29991.3000,29533.5000,29565.5500
2019-01-29,29561.5500,29842.1000,29488.7000,29758.9000
2019-01-30,29853.9000,29857.5500,29337.3500,29463.8500
2019-01-31,29571.8000,29872.7500,29450.6000,29800.5500
2019-02-01,30347.6000,30455.1000,29985.8000,30195.2000
2019-02-04,30237.1500,30295.0000,30024.7000,30073.1500
2019-02-05,30023.9500,30053.6500,29695.3500,29759.8500
2019-02-06,29883.3500,30074.6500,29805.6000,30029.0000
2019-02-07,29663.3500,29750.9000,29568.7500,29710.9500
2019-02-08,30163.2000,30315.4500,29699.9000,29769.0500
2019-02-11,29744.5000,29842.9500,29320.8500,29728.5000
2019-02-12,29767.6000,29817.9000,29483.5000,29524.0000
2019-02-13,29779.2500,29970.1000,29365.6500,29438.5000
2019-02-14,29423.8000,29597.3000,29399.9500,29451.4500
2019-02-15,29542.7500,29568.3000,29003.2500,29309.1000
2019-02-18,29238.3500,29348.6500,28887.7000,28965.1500
2019-02-19,28913.2000,29267.7000,28913.2000,29009.7000
2019-02-20,29124.3500,29175.7000,28907.6000,29053.4000
2019-02-21,29092.5500,29229.3000,29024.7500,29166.3500
2019-02-22,29214.6000,29282.0000,29121.0000,29241.2000
2019-02-25,29294.4500,29362.7000,29165.6000,29327.0500
2019-02-26,29171.0000,29391.3000,29095.0500,29253.6500
2019-02-27,29340.8500,29547.8500,29055.6000,29171.9500
2019-02-28,29375.1500,29375.1500,29180.9500,29262.8500
2019-03-01,29335.2000,29494.7500,29334.4500,29464.9000
2019-03-04,30140.0000,30177.9500,29929.6000,29969.0000
2019-03-05,30026.0000,30063.4000,29688.1500,29750.5500
2019-03-06,29822.6500,29997.7000,29651.3000,29710.3000
2019-03-07,29812.0000,30012.9000,29754.2000,29904.0500
2019-03-08,29920.2000,30071.0500,29777.5000,29945.7500
2019-03-09,29116.4500,29142.3000,28712.7000,28766.9000
2019-03-10,30819.6000,30831.2000,30567.9500,30791.0000
2019-03-11,30069.2000,30290.8000,29977.3500,30256.4000
2019-03-12,30898.2000,30983.8500,30603.2000,30677.5000
2019-03-13,30578.8500,30628.9500,30391.4000,30451.6000
2019-03-14,30500.2500,30516.3000,30166.3500,30467.3000
2019-03-15,30538.2000,30553.3500,29854.7000,29953.4000
2019-03-18,30105.5000,30192.7000,29971.7500,30172.3000
2019-03-19,30244.6000,30468.8500,30119.8500,30433.1500
2019-03-20,30491.7500,30584.0500,30250.4000,30297.3500
2019-03-22,30363.6000,30424.7000,30095.7000,30198.8500
2019-03-25,30065.8000,30065.8000,29792.2500,29921.4500
2019-03-26,29959.6000,30013.9000,29787.9500,29957.8000
2019-03-27,30012.9500,30202.2000,29821.4000,29891.3500
2019-03-28,29952.6000,30316.1000,29882.2500,30243.2500
2019-03-29,30430.4500,30443.7500,30245.2500,30321.4000
2019-04-01,30256.1000,30350.3000,30085.5000,30190.2000
2019-04-02,30233.0000,30299.3500,29889.2000,30008.9000
2019-04-03,30140.0000,30177.9500,29929.6000,29969.0000
2019-04-04,29980.6000,30078.3500,29907.3500,29998.7000
2019-04-05,30057.6000,30100.0000,29801.1000,29869.1500
2019-04-06,30254.1000,30339.9500,30150.7500,30197.9500
2019-04-07,29830.4500,29924.7500,29754.1500,29889.4500
2019-04-08,29934.6500,29986.1500,29731.2500,29804.4500
2019-04-09,28812.9000,28989.6000,28503.0000,28725.6500
2019-04-10,30921.4500,30991.7500,30300.0000,30327.1500
2019-04-11,32541.1000,32644.9000,32228.3000,32255.7000
2019-04-12,30629.8500,30771.4500,30543.1000,30705.5500
2019-04-15,30670.3500,30751.7000,30455.0000,30547.4000
2019-04-16,30643.2000,30828.1000,30578.7500,30742.6000
2019-04-18,30785.6500,30811.3500,30532.4500,30558.9500
2019-04-22,30539.6500,30562.8000,30365.1000,30418.1000
2019-04-23,30459.8000,30565.1500,30407.6000,30495.0500
2019-04-24,30493.4500,30678.7500,30247.7500,30631.2500
2019-04-25,30686.9500,30786.1500,30312.2000,30371.3000
2019-04-26,30446.1000,30511.3500,30298.3500,30440.7500
2019-04-30,30442.4500,30628.7500,30255.1000,30336.9000
2019-05-02,30023.9500,30053.6500,29695.3500,29759.8500
2019-05-03,29559.3500,29726.1000,29371.8000,29649.2000
2019-05-04,30057.6000,30100.0000,29801.1000,29869.1500
2019-05-06,29677.0500,29677.0500,29371.1000,29575.8500
2019-05-07,29940.2000,30151.3000,29570.2500,29973.2500
2019-05-08,29480.7000,29587.4500,29310.4000,29395.7000
2019-05-09,29296.0500,29550.6000,29217.0500,29474.8000
2019-05-10,29505.3000,29533.3000,29257.2000,29359.0500
2019-05-11,32257.0000,32390.0500,32064.7500,32361.4500
2019-05-12,30739.6000,30833.8000,30665.0500,30795.1000
2019-05-13,29295.9500,29658.5500,28988.5500,29061.0000
2019-05-14,29105.3000,29406.6500,28996.2000,29235.1000
2019-05-15,29361.0000,29368.7500,29118.5500,29185.1000
2019-05-16,29258.8000,29344.2000,29032.1000,29228.7000
2019-05-17,29251.7000,30002.4500,29250.9000,29962.1500
2019-05-20,30447.0500,30592.8500,30055.5000,30547.6500
2019-05-21,30557.6500,30824.9500,30491.3000,30537.9000
2019-05-22,30459.6500,30459.6500,30064.2500,30247.6500
2019-05-23,30609.6500,30664.0000,29630.8000,29723.8000
2019-05-24,29889.8000,30038.3000,29606.8500,29965.4000
2019-05-27,29994.0500,30129.3000,29948.9000,30105.4000
2019-05-28,30194.4500,30223.5500,29997.1000,30068.9500
2019-05-29,30073.6000,30207.7500,29960.8000,30014.2000
2019-05-30,30055.7000,30124.8000,29974.9000,30002.4000
2019-05-31,30060.9500,30316.7500,29756.4000,29850.4000
2019-06-02,29883.3500,30074.6500,29805.6000,30029.0000
2019-06-03,30019.9500,30313.3500,29956.3000,30278.7500
2019-06-04,30254.1000,30339.9500,30150.7500,30197.9500
2019-06-05,29677.0500,29677.0500,29371.1000,29575.8500
2019-06-06,30313.1000,30375.0000,30010.1000,30057.4000
2019-06-07,30098.1000,30110.9000,29793.6000,29971.4500
2019-06-08,28687.7000,29045.1000,28671.7500,28847.3500
2019-06-09,28751.3000,28851.7000,28609.3000,28649.7500
2019-06-10,30161.4000,30437.2500,30117.6000,30360.9000
2019-06-11,32360.6000,32543.0500,32181.9000,32393.0000
2019-06-12,30351.0000,30433.0000,30156.9000,30379.2500
2019-06-13,30351.5000,30389.7000,30162.6000,30354.5500
2019-06-14,30313.9500,30356.0000,29897.5000,29966.1000
2019-06-17,30019.4000,30020.5500,29657.2500,29703.9000
2019-06-18,29706.3000,29733.5500,29409.8500,29580.7500
2019-06-19,29657.5000,29789.8000,29473.3500,29585.4000
2019-06-20,29467.1500,29702.8500,29357.1000,29651.4500
2019-06-21,29642.8000,29665.7000,29388.5000,29423.8500
2019-06-24,29440.7000,29625.5000,29406.8500,29464.2000
2019-06-25,29424.8500,29618.6000,29285.6500,29552.6000
2019-06-26,29508.0500,29634.5000,29440.8500,29524.1000
2019-06-27,29591.2500,29668.8000,29429.9500,29486.8000
2019-06-28,29544.2000,29575.2500,29446.6500,29546.0500
2019-07-01,30440.9000,30491.2000,30241.9000,30282.6000
2019-07-02,30091.6500,30319.5000,30034.4500,30266.3000
2019-07-03,29776.3500,29850.3500,29609.3500,29812.6500
2019-07-04,29830.4500,29924.7500,29754.1500,29889.4500
2019-07-05,29742.4500,29910.7500,29521.0000,29557.0500
2019-07-06,30098.1000,30110.9000,29793.6000,29971.4500
2019-07-08,28861.3500,29055.8000,28771.4000,28814.5500
2019-07-09,29539.9000,29550.5500,29259.4000,29321.3000
2019-07-10,29322.2500,29495.8000,29056.5500,29154.0500
2019-07-11,32587.8000,32608.0500,32340.7500,32535.9000
2019-07-12,29269.0500,29406.7000,29157.0000,29252.0000
2019-07-15,29288.9500,29329.0000,29023.8500,29079.9000
2019-07-16,29101.0000,29420.5000,29078.1000,29366.6000
2019-07-17,29367.9500,29631.7000,29285.7000,29614.2500
2019-07-18,29620.5000,29674.2500,29506.7500,29553.9000
2019-07-19,29665.2500,29685.9500,28936.9000,29027.5500
2019-07-22,29039.0500,29054.7500,28580.6000,28714.9500
2019-07-23,28783.0000,29043.0000,28625.1000,28990.9000
2019-07-24,28970.6000,29105.0500,28719.6500,28992.5000
2019-07-25,29012.4000,29225.2500,28931.1500,28983.5500
2019-07-26,28970.5500,29172.0500,28875.4500,29142.3000
2019-07-29,29126.6000,29248.7000,28881.4000,28974.9500
2019-07-30,28981.2000,29051.5500,28817.8500,28864.6000
2019-07-31,28828.3000,29157.2500,28514.3000,29065.9500
2019-08-01,30341.8500,30385.1000,30159.7000,30272.0000
2019-08-02,28846.8000,29066.7000,28623.8500,28930.7500
2019-08-03,29920.2000,30071.0500,29777.5000,29945.7500
2019-08-04,29934.6500,29986.1500,29731.2500,29804.4500
2019-08-05,28832.0500,28882.6000,28489.1500,28777.5500
2019-08-06,28687.7000,29045.1000,28671.7500,28847.3500
2019-08-07,28861.3500,29055.8000,28771.4000,28814.5500
2019-08-08,28914.9000,29165.9000,28834.9000,29131.8000
2019-08-09,29219.8500,29365.1000,29123.6500,29302.2000
2019-08-11,32489.5500,32551.4500,31907.4000,31947.5000
2019-08-13,29285.5500,29292.3000,28643.8000,28728.5000
2019-08-14,28771.6500,29021.7500,28620.7500,28839.6000
2019-08-16,28822.5000,28965.9500,28567.3500,28889.9500
2019-08-19,28950.1000,29204.1000,28795.8500,28837.5000
2019-08-20,28861.0500,28872.8500,28592.5500,28669.8500
2019-08-21,28704.3000,28720.7000,28337.5500,28399.1000
2019-08-22,28422.8000,28746.4000,28342.5000,28396.1500
2019-08-23,28349.5000,28422.0000,28099.1500,28257.1000
2019-08-26,28526.9500,28779.0000,28115.0500,28707.8000
2019-08-27,28813.0500,29079.7000,28735.2000,28927.2500
2019-08-28,28873.4000,28978.4500,28598.7500,28815.0000
2019-08-29,28707.8500,28930.3500,28626.8000,28751.8000
2019-08-30,28869.9500,29318.2000,28676.0000,29257.3500
2019-09-01,30404.7000,30640.7000,30331.0500,30577.3500
2019-09-03,29116.4500,29142.3000,28712.7000,28766.9000
2019-09-04,29834.0000,30038.4000,29787.3000,30019.2500
2019-09-05,28693.4500,28879.2500,28612.7500,28710.0000
2019-09-06,28751.3000,28851.7000,28609.3000,28649.7500
2019-09-07,29539.9000,29550.5500,29259.4000,29321.3000
2019-09-08,29219.8500,29365.1000,29123.6500,29302.2000
2019-09-09,28679.7500,28971.0000,28616.9500,28845.6500
2019-09-10,30249.5500,30370.9500,30022.8000,30269.1500
2019-09-11,28830.9000,28909.6500,28708.7500,28759.3500
2019-09-12,28824.4000,28881.9000,28534.1000,28575.2000
2019-09-13,28614.6500,28678.0000,28503.4500,28592.0500
2019-09-16,28496.4500,28796.4500,28449.3500,28751.7500
2019-09-17,28768.5000,28903.0000,28641.6000,28675.3000
2019-09-18,28764.9000,28821.2000,28514.4500,28752.1500
2019-09-19,28794.8000,28814.7000,28529.0500,28575.6000
2019-09-20,28660.3500,30003.6000,28500.8000,29835.3500
2019-09-23,30449.3000,31813.8000,30449.3000,31120.1000
2019-09-24,31197.6500,31401.0500,30939.6500,31312.4000
2019-09-25,31249.1500,31281.7500,30810.9500,30925.9500
2019-09-26,30914.7500,31185.5000,30760.8500,31027.7000
2019-09-27,30977.0000,31343.0000,30952.8500,31026.0000
2019-09-30,31089.2000,31193.3500,30745.8500,31134.5000
2019-10-01,30614.5500,30774.3000,30519.2500,30571.6500
2019-10-03,30819.6000,30831.2000,30567.9500,30791.0000
2019-10-04,30921.4500,30991.7500,30300.0000,30327.1500
2019-10-05,29505.3000,29533.3000,29257.2000,29359.0500
2019-10-06,30161.4000,30437.2500,30117.6000,30360.9000
2019-10-07,29322.2500,29495.8000,29056.5500,29154.0500
2019-10-09,30249.5500,30370.9500,30022.8000,30269.1500
2019-10-10,30245.8000,30323.2500,30071.4500,30147.2000
2019-10-11,30222.9000,30498.2500,30102.2500,30416.2000
2019-10-12,30424.0000,30431.7500,30024.2500,30059.0000
2019-10-14,30585.5000,30699.9000,30493.1000,30591.0000
2019-10-15,30783.5000,31059.6000,30687.8500,30927.9000
2019-10-16,30945.6000,30980.2500,30754.4000,30899.0000
2019-10-17,30928.5000,31358.5500,30889.3000,31331.9000
2019-10-18,31313.0500,31544.2000,31227.2500,31501.4500
2019-10-22,31462.4000,31842.8000,31453.0500,31659.4000
2019-10-23,31739.7000,31939.4500,31643.5500,31899.5500
2019-10-24,32026.2000,32089.7500,31649.0500,31752.8000
2019-10-25,32172.1500,32176.4000,31589.6000,31685.6000
2019-10-27,31879.8500,31918.3500,31758.4000,31803.4500
2019-10-29,31828.7000,31995.1000,31526.7000,31950.7500
2019-10-30,32229.8500,32385.9500,32039.8000,32274.1000
2019-10-31,32310.1000,32533.7500,32208.1000,32319.7500
2019-11-01,30704.4500,30849.2500,30611.9500,30759.0500
2019-11-02,29744.5000,29842.9500,29320.8500,29728.5000
2019-11-03,30069.2000,30290.8000,29977.3500,30256.4000
2019-11-04,30034.0000,30203.5000,29998.3000,30151.1500
2019-11-05,32257.0000,32390.0500,32064.7500,32361.4500
2019-11-06,30459.5500,30466.9000,30267.3000,30311.3000
2019-11-07,32587.8000,32608.0500,32340.7500,32535.9000
2019-11-08,32489.5500,32551.4500,31907.4000,31947.5000
2019-11-09,28830.9000,28909.6500,28708.7500,28759.3500
2019-11-10,30222.9000,30498.2500,30102.2500,30416.2000
2019-11-11,31928.4000,32061.3000,31751.6500,31802.5500
2019-11-12,30072.8000,30250.1500,29985.4000,30102.4500
2019-11-13,31913.9000,31999.9500,31525.1500,31582.4500
2019-11-14,31587.0000,31602.3500,31347.6500,31439.4500
2019-11-15,31447.1500,31624.2000,31235.3000,31289.7000
2019-11-18,31342.9500,31422.3500,31076.6500,31165.2500
2019-11-19,31241.1000,31248.6000,30924.7500,30972.9500
2019-11-20,31009.3000,31210.9000,30786.3000,31089.3500
2019-11-21,31128.7500,31128.7500,30839.4500,30893.5500
2019-11-22,30964.1500,31066.8500,30745.1500,30809.5500
2019-11-25,30798.9000,31127.8500,30783.1500,31085.6000
2019-11-26,31137.8000,31281.0000,30912.1000,31055.3500
2019-11-27,31120.4000,31256.1000,31096.3500,31221.9500
2019-11-28,31277.6000,31290.3000,31101.1000,31263.4000
2019-11-29,31243.2500,31260.6000,30892.1000,30975.5000
2019-12-02,30977.0000,31018.5500,30823.0500,30889.5000
2019-12-03,30898.2000,30983.8500,30603.2000,30677.5000
2019-12-04,30629.8500,30771.4500,30543.1000,30705.5500
2019-12-05,30739.6000,30833.8000,30665.0500,30795.1000
2019-12-06,30351.0000,30433.0000,30156.9000,30379.2500
2019-12-07,29269.0500,29406.7000,29157.0000,29252.0000
2019-12-09,28824.4000,28881.9000,28534.1000,28575.2000
2019-12-10,30424.0000,30431.7500,30024.2500,30059.0000
2019-12-11,30072.8000,30250.1500,29985.4000,30102.4500
2019-12-12,30155.6000,30351.8000,30135.1500,30227.9500
2019-12-13,30380.0000,30489.2500,30245.8500,30426.2500
2019-12-16,30459.8000,30523.3500,30008.2500,30043.1000
2019-12-17,30115.6500,30334.8000,30084.3500,30182.0500
2019-12-18,30186.8500,30331.9000,29964.8000,30291.0500
2019-12-19,30341.0500,30515.8000,30303.7000,30386.1000
2019-12-20,30372.1500,30443.9500,30152.8000,30356.3500
2019-12-23,30392.1500,30548.5000,30173.7500,30217.9500
2019-12-24,30241.9500,30302.2000,30132.6500,30197.5500
2019-12-26,30218.8500,30264.1000,30040.6500,30063.5500
2019-12-27,30147.4000,30172.4000,30063.6000,30145.4500
2019-12-30,30206.4000,30367.7500,30163.5000,30225.3500
2019-12-31,30254.7500,30309.3500,30098.1000,30121.5000
2020-01-01,30202.7500,30251.2000,30119.1000,30234.2500
2020-01-02,30271.3000,30357.3000,30220.0500,30266.2000
2020-01-03,30302.1500,30306.0500,30050.7500,30109.2500
2020-01-04,27346.9500,27683.9000,26197.0500,26358.8000
2020-01-06,30024.7500,30049.3000,29765.1500,29799.3000
2020-01-07,30093.9000,30286.1000,29983.6500,30232.5000
2020-01-08,29685.1500,29932.8000,29660.1000,29893.2000
2020-01-09,30727.5000,31130.8500,30525.3000,30988.1500
2020-01-10,30149.1500,30155.9500,29894.0500,30009.5500
2020-01-12,32090.8000,32090.8000,31655.6500,31705.2500
2020-01-13,30455.7500,30735.4500,30443.5000,30713.4500
2020-01-14,30798.5500,31179.3000,30690.7000,31145.4000
2020-01-15,31133.4000,31273.0500,31006.3000,31237.1000
2020-01-16,31255.9000,31507.7000,31210.9500,31338.2000
2020-01-17,31372.2500,31490.7500,31305.6500,31371.4500
2020-01-20,31369.6500,31546.8000,31368.1000,31426.7500
2020-01-21,31358.3500,31362.8500,31105.5000,31145.9500
2020-01-22,31270.7000,31275.6000,31024.4000,31153.1500
2020-01-23,31147.0000,31257.1500,30995.3000,31226.9000
2020-01-24,31223.0500,31526.9500,31173.8000,31474.9000
2020-01-27,31373.2500,31450.3500,31110.5500,31149.7000
2020-01-28,31210.5500,31234.1000,31007.2000,31027.0500
2020-01-29,31150.4500,31506.5500,31132.2000,31426.2500
2020-01-30,31419.2000,31438.3500,30849.8500,30936.4500
2020-01-31,31099.2500,31108.6000,30729.6000,30775.3000
2020-02-01,30271.3000,30357.3000,30220.0500,30266.2000
2020-02-03,29610.1500,29913.1000,28911.5000,29138.9000
2020-02-04,30614.0500,30857.0500,30467.0000,30744.0000
2020-02-05,30885.2000,30984.5000,30736.0500,30934.4000
2020-02-06,29751.5500,29752.0500,29326.2000,29359.8500
2020-02-07,30806.5000,30930.0000,30724.0500,30809.5000
2020-02-09,31099.4000,31248.3500,30942.2500,31084.3500
2020-02-10,30863.7000,30872.1500,30496.5500,30528.4500
2020-02-11,30856.2500,30871.1500,30375.3500,30414.5500
2020-02-12,30494.9500,31084.4500,30488.4500,30986.2500
2020-02-13,30968.3500,31066.6000,30817.5500,31039.3000
2020-02-14,31036.9000,31205.9000,30556.3000,30646.7500
2020-02-17,30660.3500,30788.6000,30451.1000,30481.0500
2020-02-18,30463.0000,30471.3500,30076.6500,30360.6000
2020-02-19,30529.4000,30888.9000,30440.3500,30835.0000
2020-02-20,30807.7500,30904.4500,30585.2000,30636.2500
2020-02-24,30545.5000,30590.0000,30108.4000,30147.6000
2020-02-25,30295.8000,30580.2500,30145.1000,30173.2000
2020-02-26,30155.1000,30231.7500,29851.2000,29965.5500
2020-02-27,29993.4000,30012.6000,29622.2500,29981.2000
2020-02-28,29468.4000,29578.5000,29151.8000,29310.2500
2020-03-01,30302.1500,30306.0500,30050.7500,30109.2500
2020-03-02,29610.1500,29913.1000,28911.5000,29138.9000
2020-03-03,29350.4500,29539.5000,29119.5000,29406.2000
2020-03-04,29563.1500,29604.7000,28873.3500,29223.7500
2020-03-05,29333.2500,29844.1000,29332.0500,29530.5000
2020-03-06,29704.1000,29887.8000,29431.5000,29527.0000
2020-03-07,30501.9500,30632.3000,30428.3500,30529.1000
2020-03-08,30892.8000,30985.0000,30674.4500,30759.8000
2020-03-09,28466.2500,28530.4500,27841.3000,28056.5000
2020-03-11,27697.9500,28256.9000,27639.3000,28078.7500
2020-03-12,27305.8500,27319.6000,25716.2000,26083.0000
2020-03-13,24896.8500,26935.0000,23420.4000,26208.0000
2020-03-16,25586.4000,25624.3500,24492.7000,24707.6500
2020-03-17,24850.5000,25677.5500,24598.2000,24929.8500
2020-03-18,25269.2500,25392.6500,24047.0000,24186.5000
2020-03-19,23695.9000,24382.0000,22699.0500,23970.7500
2020-03-20,24198.2000,26113.7000,24198.2000,25931.6000
2020-03-23,23950.5500,24373.5500,23082.2000,23184.0500
2020-03-24,24123.3000,24584.8500,23390.4500,23935.3000
2020-03-25,23804.8500,24695.2500,23646.7000,24471.7000
2020-03-26,24727.1500,26091.0500,24295.6000,25680.1000
2020-03-27,26382.2500,26557.7000,25301.8000,25740.4500
2020-03-30,25218.5000,26164.1000,25159.8500,25831.5500
2020-03-31,26472.7500,27406.2000,26038.8000,27319.2000
2020-04-01,27346.9500,27683.9000,26197.0500,26358.8000
2020-04-02,30614.0500,30857.0500,30467.0000,30744.0000
2020-04-03,29563.1500,29604.7000,28873.3500,29223.7500
2020-04-05,28197.4500,28235.4500,27544.7500,27599.0000
2020-04-06,29573.2500,29725.1500,29311.3000,29621.5500
2020-04-07,27491.6000,28823.5000,27272.9000,28745.3000
2020-04-08,30903.5000,31059.4500,30782.8500,30901.6500
2020-04-09,29500.7500,29501.2000,28764.2500,28953.2000
2020-04-11,29565.2500,29858.4000,29537.9500,29612.4000
2020-04-12,32044.0500,32404.8500,32016.5000,32356.7500
2020-04-13,28913.3000,28963.0500,28357.7500,28509.8500
2020-04-15,28979.6000,29865.3500,28880.6000,29686.9500
2020-04-16,29563.4500,30023.0000,29233.1000,29512.3000
2020-04-17,30202.7500,30202.7500,29092.3500,29202.3500
2020-04-20,29490.2500,29490.2500,28542.3000,28598.1000
2020-04-21,28134.3000,28791.2000,28063.3000,28480.6000
2020-04-22,28453.3500,29264.2500,28197.1000,29185.1500
2020-04-23,29278.4500,29698.3500,28689.6000,28786.2500
2020-04-24,28736.4500,29008.9000,28591.2000,28636.7000
2020-04-27,28805.2000,29101.6500,28771.6000,29052.5500
2020-04-28,29208.9000,29233.4000,28636.0000,28778.1500
2020-04-29,28887.5000,28932.3500,28608.2500,28665.0000
2020-04-30,29078.4500,29078.4500,28460.0500,28669.3000
2020-05-02,30885.2000,30984.5000,30736.0500,30934.4000
2020-05-03,29333.2500,29844.1000,29332.0500,29530.5000
2020-05-04,28197.4500,28235.4500,27544.7500,27599.0000
2020-05-05,27815.7000,28011.7500,27065.8500,27138.6000
2020-05-06,27061.5000,27062.1000,26373.9500,26630.2000
2020-05-07,26402.2500,26445.1000,25984.0000,26254.5500
2020-05-08,26809.4000,26809.4000,26598.0500,26759.8000
2020-05-10,30083.8000,30217.2500,29965.0000,30112.1500
2020-05-11,26895.6500,27149.0500,26608.2000,26667.8000
2020-05-12,26571.0500,26913.6500,26321.9000,26857.1500
2020-05-13,27761.9000,27765.9000,26680.7500,26746.5000
2020-05-14,26618.1000,27090.8000,26587.0000,26933.6500
2020-05-15,26969.4000,27028.9500,26795.8500,26958.6500
2020-05-18,27057.5000,27092.5000,26653.9500,26694.6500
2020-05-19,26895.2000,26987.6500,26731.4500,26895.7500
2020-05-20,26995.1000,27428.2500,26935.6500,27290.3500
2020-05-21,27366.5000,27967.0000,27207.4500,27887.1000
2020-05-22,27843.2500,28051.2500,27658.1000,27786.1000
2020-05-26,28071.7000,28403.7500,27957.6000,28122.3000
2020-05-27,28226.2500,28296.1000,27742.2500,28222.4000
2020-05-28,28223.1000,28524.2500,28096.7500,28451.6000
2020-05-29,28374.7500,29384.9000,28297.9000,29296.9500
2020-06-01,30024.7500,30049.3000,29765.1500,29799.3000
2020-06-02,29751.5500,29752.0500,29326.2000,29359.8500
2020-06-03,29704.1000,29887.8000,29431.5000,29527.0000
2020-06-04,29573.2500,29725.1500,29311.3000,29621.5500
2020-06-05,29789.3500,29802.7500,29428.2500,29542.0000
2020-06-07,30724.8000,30736.5000,30566.6000,30647.6500
2020-06-08,29891.3000,29891.3000,29447.5500,29502.1500
2020-06-09,29507.2500,30117.6500,29455.0500,29524.9000
2020-06-10,29645.2000,29770.7500,29379.9000,29503.2000
2020-06-11,30293.4000,30393.1000,30083.4000,30150.6500
2020-06-12,28356.6500,29227.2500,28319.1000,29145.6000
2020-06-15,29187.5000,29215.8500,28591.1500,28701.8000
2020-06-16,29081.2000,29103.3000,28349.0000,28575.3500
2020-06-17,28517.9000,28673.8500,28384.7000,28431.7500
2020-06-18,28402.3000,28730.2000,28393.8000,28648.7000
2020-06-19,28784.1000,28816.8500,28592.4500,28709.4500
2020-06-22,28961.0500,29058.2000,28718.9500,28865.4500
2020-06-23,28993.3500,29452.0500,28923.0500,29355.2000
2020-06-24,29568.2000,29942.7000,29433.6000,29487.4000
2020-06-25,29378.2500,30174.6000,29338.3500,30113.2500
2020-06-26,30369.7500,30505.1500,29655.5000,29757.0500
2020-06-29,30035.3000,30168.3500,29820.2000,29971.6500
2020-06-30,30170.4500,30219.8000,30019.7500,30063.2500
2020-07-01,29903.0500,30049.3500,29841.1500,29861.8000
2020-07-02,30352.5000,30399.7000,30136.5000,30316.2000
2020-07-03,30501.9500,30632.3000,30428.3500,30529.1000
2020-07-04,27491.6000,28823.5000,27272.9000,28745.3000
2020-07-05,26402.2500,26445.1000,25984.0000,26254.5500
2020-07-06,30724.8000,30736.5000,30566.6000,30647.6500
2020-07-07,30772.8500,30797.2500,30420.7500,30518.2000
2020-07-08,31329.6500,31597.0000,31209.0000,31490.6000
2020-07-09,30897.7000,31053.2500,30407.8500,31003.8500
2020-07-10,30618.2000,30860.5500,30575.7500,30821.1500
2020-07-12,32358.6000,32907.4500,32351.9500,32866.9000
2020-07-13,31011.9000,31283.1500,30977.1500,31214.9000
2020-07-14,31192.3500,31305.6500,30848.3000,30932.8500
2020-07-15,31038.1000,31236.4500,30978.3000,31140.4500
2020-07-16,31195.1500,31246.2000,30633.7000,31182.3500
2020-07-17,31217.3000,31528.4000,31191.5000,31439.3000
2020-07-20,31571.4000,31598.6000,31284.0500,31536.3500
2020-07-21,31626.8000,31708.0000,31240.9000,31280.2500
2020-07-22,31420.8500,31422.3000,30946.3500,31051.6000
2020-07-23,31177.9000,31326.4500,31052.4000,31101.9000
2020-07-24,31009.9500,31138.5500,30653.4000,31018.8500
2020-07-27,31129.4500,31183.1500,30708.2000,30819.7500
2020-07-28,30891.0000,31047.1000,30764.3000,30910.9000
2020-07-29,30818.1000,31139.7500,30816.4000,30948.5000
2020-07-30,31104.4500,31134.5500,30582.7500,30696.4000
2020-07-31,30734.8000,31032.5500,30677.6500,30872.4500
2020-08-01,29685.1500,29932.8000,29660.1000,29893.2000
2020-08-03,30892.8000,30985.0000,30674.4500,30759.8000
2020-08-04,28600.2500,29817.6000,28397.3500,28839.9000
2020-08-05,26809.4000,26809.4000,26598.0500,26759.8000
2020-08-06,31010.2500,31326.8500,30926.2500,31287.6000
2020-08-07,31329.6500,31597.0000,31209.0000,31490.6000
2020-08-09,31001.6500,31052.6500,30748.4000,30818.4500
2020-08-10,31597.0500,31791.7000,31584.6500,31621.7500
2020-08-11,31730.1000,32155.5000,31725.6000,31767.7500
2020-08-12,32969.4000,33086.0000,32572.2500,32849.8500
2020-08-13,31680.8000,31867.8000,31441.1000,31668.1500
2020-08-14,31763.3500,31828.8000,31115.5000,31237.9500
2020-08-17,31428.9500,31600.0000,31179.0500,31545.1500
2020-08-18,31626.7500,31762.6500,31559.7000,31726.1500
2020-08-19,31738.4500,31911.2500,31548.6000,31586.0500
2020-08-20,31445.6000,31556.3500,31307.1000,31439.9000
2020-08-21,31690.2500,31724.1500,31563.4000,31604.4000
2020-08-24,31692.2500,31799.4000,31606.8000,31642.0000
2020-08-25,31700.6500,31724.4000,31394.0000,31460.3000
2020-08-26,31528.0000,31536.2000,31313.6500,31408.4500
2020-08-27,31602.0500,31636.6000,31277.1000,31314.4500
2020-08-28,31410.8000,31451.3000,31203.7000,31253.4500
2020-08-31,31457.8500,31457.8500,30475.8500,30595.1500
2020-09-01,30727.5000,31130.8500,30525.3000,30988.1500
2020-09-02,31099.4000,31248.3500,30942.2500,31084.3500
2020-09-03,28466.2500,28530.4500,27841.3000,28056.5000
2020-09-04,30969.8000,31156.2500,30769.1000,30828.6500
2020-09-06,29507.2500,30117.6500,29455.0500,29524.9000
2020-09-07,30785.7000,30891.4000,30581.4500,30671.7500
2020-09-08,31001.6500,31052.6500,30748.4000,30818.4500
2020-09-09,30534.6000,30678.1000,30461.0000,30633.6000
2020-09-10,30757.1500,30824.0000,30578.9500,30778.7500
2020-09-11,30736.5000,31023.0000,30730.5500,30972.2500
2020-09-12,33019.6500,33182.3500,32954.4000,33125.5000
2020-09-14,31151.8500,31153.8000,30669.2500,30760.5000
2020-09-15,30846.2500,30866.6000,30617.9000,30712.2000
2020-09-16,30748.3000,30865.9000,30670.0500,30837.5500
2020-09-17,30822.7000,30894.4000,30613.4500,30651.7500
2020-09-18,30730.1000,30758.6500,30321.9000,30460.8500
2020-09-21,30491.7500,30526.6500,29381.3500,29541.7500
2020-09-22,29564.6000,29583.8500,29065.4500,29312.4000
2020-09-23,29426.0000,29652.2500,29149.1500,29322.3500
2020-09-24,29200.4000,29275.9500,28969.3500,29044.9500
2020-09-25,29371.9000,29763.7500,29221.1000,29633.5000
2020-09-28,29754.9500,30001.6000,29630.5500,29886.2000
2020-09-29,30026.1000,30056.4500,29396.8000,29434.8000
2020-09-30,29507.9000,30015.9500,29437.7500,29841.7500
2020-10-01,30149.1500,30155.9500,29894.0500,30009.5500
2020-10-02,30863.7000,30872.1500,30496.5500,30528.4500
2020-10-05,30083.8000,30217.2500,29965.0000,30112.1500
2020-10-06,30228.3500,30397.0000,29965.0500,30054.7000
2020-10-07,30138.4000,30310.4500,30072.6000,30168.8000
2020-10-08,30262.9500,30325.0000,30006.5500,30136.0500
2020-10-09,30130.0500,30258.7000,29862.3000,29923.9000
2020-10-11,30636.6000,30646.8000,30086.0500,30494.7500
2020-10-12,30107.3500,30297.5000,29890.0500,30024.2500
2020-10-13,30055.2000,30257.6000,29866.0000,29926.7000
2020-10-14,29918.1500,29987.8000,29754.1000,29959.6000
2020-10-15,30006.0000,30107.0000,29554.3500,29644.8000
2020-10-16,29802.2000,29834.0000,29546.0500,29671.0500
2020-10-19,29815.8500,30151.0000,29745.4500,30068.8500
2020-10-20,29997.1000,30117.2500,29744.6500,29964.6000
2020-10-21,30105.0500,30139.2500,29483.2000,29684.1000
2020-10-22,29671.8500,29776.0500,29526.3500,29715.3500
2020-10-23,29830.6500,29861.9000,29641.9500,29782.2000
2020-10-26,29927.7000,29940.4000,29635.3500,29774.6500
2020-10-27,29784.1500,30208.1000,29752.4500,30163.7000
2020-10-28,30240.3000,30240.3000,29882.5500,29948.1000
2020-10-29,29720.4000,29847.5000,29595.7500,29663.4500
2020-10-30,29682.8000,29829.1500,29329.8000,29428.4500
2020-11-02,30856.2500,30871.1500,30375.3500,30414.5500
2020-11-03,29622.7500,29655.8000,29434.0500,29526.3500
2020-11-04,29565.2500,29858.4000,29537.9500,29612.4000
2020-11-05,26895.6500,27149.0500,26608.2000,26667.8000
2020-11-06,29552.1000,29698.9500,29045.6500,29092.4500
2020-11-08,31730.1000,32155.5000,31725.6000,31767.7500
2020-11-09,30736.5000,31023.0000,30730.5500,30972.2500
2020-11-10,30636.6000,30646.8000,30086.0500,30494.7500
2020-11-11,30589.0500,30886.7500,30289.2000,30845.6000
2020-11-12,30840.0500,31318.6000,30776.5500,31240.2000
2020-11-13,31270.2000,31393.4500,31151.0000,31222.1000
2020-11-14,31430.1500,31451.7500,31282.8500,31336.1000
2020-11-17,31572.8500,31572.8500,31240.6500,31291.4500
2020-11-18,31229.5000,31252.2500,30886.2000,30952.8500
2020-11-19,30833.7000,31353.8000,30783.3500,31085.2000
2020-11-20,31234.8000,31531.7000,31116.0500,31454.3500
2020-11-23,31593.6000,31610.2000,31358.8000,31568.1000
2020-11-24,31600.4000,31878.1000,31576.9500,31832.2000
2020-11-25,31926.3500,32006.0000,31350.3500,31441.7000
2020-11-26,31548.4500,31765.5000,31305.6500,31701.3000
2020-11-27,31786.4000,31898.2000,31431.5000,31718.8000
2020-12-01,32090.8000,32090.8000,31655.6500,31705.2500
2020-12-02,30494.9500,31084.4500,30488.4500,30986.2500
2020-12-03,32022.2500,32027.6500,31754.0500,31908.6500
2020-12-04,32044.0500,32404.8500,32016.5000,32356.7500
2020-12-05,26571.0500,26913.6500,26321.9000,26857.1500
2020-12-06,28356.6500,29227.2500,28319.1000,29145.6000
2020-12-07,32358.6000,32907.4500,32351.9500,32866.9000
2020-12-08,32969.4000,33086.0000,32572.2500,32849.8500
2020-12-09,33019.6500,33182.3500,32954.4000,33125.5000
2020-12-10,33161.4000,34122.5000,33002.0000,34054.8000
2020-12-11,34245.2500,34427.7000,33987.2500,34364.8500
2020-12-14,34505.3500,34596.0500,34334.6000,34411.6500
2020-12-15,34329.5000,34360.8000,33906.1000,33967.9000
2020-12-16,34058.2500,34352.7500,34037.3000,34195.8500
2020-12-17,34221.4000,34234.8000,33955.3500,34013.5500
2020-12-18,34090.0500,34173.5000,33878.2000,34102.7000
2020-12-21,34121.7500,34121.7500,32570.7500,33151.1000
2020-12-22,33195.7000,33544.5500,32633.7500,33329.0500
2020-12-23,33392.5000,34040.9500,33284.7500,33966.0000
2020-12-24,34191.2000,34288.4500,33769.3500,34115.6500
2020-12-28,34262.0500,34369.4000,34079.4500,34181.1000
2020-12-29,34313.7000,34377.4000,33982.3500,34181.9500
2020-12-30,34323.9500,34362.7000,34039.2000,34313.7000
2020-12-31,34255.1000,34324.9500,34109.5000,34177.1000
2021-01-01,34236.7000,34435.2000,34212.2000,34391.8500
2021-01-02,33304.1500,33867.1500,32996.3000,33689.6500
2021-01-03,32610.4000,32886.1500,32429.6000,32797.6500
2021-01-04,34535.2500,34713.6000,34385.5000,34619.7000
2021-01-05,34473.5000,34788.3500,34420.1500,34720.2500
2021-01-06,34748.1000,34768.2000,34091.4500,34327.3500
2021-01-07,34521.6500,34543.0000,33988.2000,34032.3500
2021-01-08,34282.4500,34346.2000,33994.2000,34276.7500
2021-01-09,39701.4500,39821.1500,39464.9000,39644.7000
2021-01-10,40400.8500,40465.8500,40036.4500,40399.0000
2021-01-11,34597.3500,34919.6000,34446.3500,34681.2500
2021-01-12,34754.7000,34771.6500,34401.6500,34488.6500
2021-01-13,34617.6000,34945.3000,34377.2500,34617.6000
2021-01-14,34669.1000,34942.2000,34616.0000,34885.7000
2021-01-15,34898.8000,35000.3500,34350.1500,34630.0500
2021-01-18,34735.7000,34810.4000,34248.2000,34502.8500
2021-01-19,34648.2500,34808.1000,34454.8500,34659.8500
2021-01-20,34667.0000,34796.8500,34555.5500,34605.3500
2021-01-21,34822.7500,34974.0500,34376.4000,34494.4000
2021-01-22,34537.3000,34732.7000,34318.0000,34430.3000
2021-01-25,34613.4000,34647.5000,33958.4000,34178.6000
2021-01-27,34316.4500,34394.6500,34096.2000,34281.4000
2021-01-28,34033.3500,34146.6500,33543.2000,33625.8500
2021-01-29,33832.2000,33864.4500,32972.2500,33121.0500
2021-02-01,33304.1500,33867.1500,32996.3000,33689.6500
2021-02-02,34047.4500,34148.6000,33634.8500,33730.8500
2021-02-03,33954.9500,34009.7500,33630.6000,33682.3500
2021-02-04,33784.9500,34569.9500,33740.2000,34507.6500
2021-02-05,34676.5000,34818.2000,34368.5500,34644.5000
2021-02-06,34996.2500,35220.4500,34953.1500,35058.6000
2021-02-07,36298.5500,36328.2500,36053.3500,36216.7000
2021-02-08,36250.1500,36385.4500,36123.7000,36199.9500
2021-02-09,39713.5500,40323.6500,39648.8000,40296.4000
2021-02-10,34268.8500,34449.1000,33881.2000,34188.0000
2021-02-11,38758.6500,38875.4500,38499.6500,38616.2000
2021-02-12,37547.4500,37930.3000,37434.8000,37892.6000
2021-02-15,34076.5500,34215.8000,33921.2500,33959.9000
2021-02-16,34089.3000,34162.7500,33619.0500,33724.5000
2021-02-17,33681.1000,33726.9000,33418.0500,33519.5500
2021-02-18,33593.3000,33670.8500,33323.0500,33373.9000
2021-02-19,33396.8000,33584.5500,33115.1000,33336.8000
2021-02-22,33330.0500,33357.0000,32803.5000,32891.7000
2021-02-23,33056.7500,33175.4000,32845.2500,33025.9500
2021-02-24,33228.7000,33261.7000,32841.9500,33091.7000
2021-02-25,33159.0000,33262.3000,32969.4500,33001.8000
2021-02-26,32832.8500,33017.0500,32312.4500,32443.1500
2021-03-01,32610.4000,32886.1500,32429.6000,32797.6500
2021-03-02,33954.9500,34009.7500,33630.6000,33682.3500
2021-03-03,33538.3500,33538.3500,33306.2000,33454.4000
2021-03-04,33289.1500,33562.1000,33201.8500,33443.8000
2021-03-05,33515.6500,34072.7000,33505.2000,33994.2000
2021-03-06,35216.0500,35300.1500,35090.3500,35266.5000
2021-03-08,33493.1000,33578.1000,33142.2500,33190.3500
2021-03-09,33281.2500,33404.4000,32827.4000,33215.8500
2021-03-10,33393.0500,33424.5000,33220.0000,33402.7500
2021-03-11,38762.6500,38780.8000,38146.9500,38370.1000
2021-03-12,37843.2500,37896.9000,37473.7500,37498.1000
2021-03-15,33172.6000,33179.8000,32720.0000,33058.8500
2021-03-16,33166.1000,33409.2500,33107.0000,33351.7500
2021-03-17,33594.1500,33595.6000,33136.1000,33194.6000
2021-03-18,33391.4500,33480.5500,33017.9500,33222.6000
2021-03-19,33120.7500,34173.1000,32831.8000,34028.3500
2021-03-22,34049.4500,34647.2000,33934.5000,34608.0000
2021-03-23,34651.2500,34814.4000,34415.5000,34473.7500
2021-03-24,34357.2500,34542.8500,33943.5500,33987.1000
2021-03-25,34024.2500,34044.4000,33071.7000,33213.1500
2021-03-26,33495.7500,33887.3500,33444.1500,33818.4500
2021-03-30,34023.3500,34628.1500,33981.2500,34578.8500
2021-03-31,34538.5500,34980.1500,34448.3000,34931.7000
2021-04-01,35081.1000,35102.7000,34754.8500,34874.5500
2021-04-02,33784.9500,34569.9500,33740.2000,34507.6500
2021-04-03,33289.1500,33562.1000,33201.8500,33443.8000
2021-04-05,34800.5500,34892.6000,34024.1500,34304.5500
2021-04-06,35330.6500,35330.6500,35092.1000,35138.0000
2021-04-07,34682.1500,35050.4500,34613.2000,34835.3000
2021-04-08,36909.0500,36935.6500,36429.4000,36482.4500
2021-04-09,35064.7000,35442.8500,34999.4000,35253.1000
2021-04-10,40465.4500,40686.0000,40319.4000,40445.4500
2021-04-11,38695.6000,38769.1000,38627.7000,38710.1000
2021-04-12,34865.1000,34979.9000,34472.9000,34561.3500
2021-04-13,34698.9500,35045.4500,34591.1000,34720.3500
2021-04-15,34972.5000,35046.7500,34349.6500,34658.6000
2021-04-16,34816.9000,34957.1500,34699.0000,34853.1500
2021-04-19,34463.4500,34623.9500,34218.1000,34519.0000
2021-04-20,34772.0500,34772.0500,34087.1000,34296.5000
2021-04-22,34212.2000,34222.8000,33894.0500,34043.0500
2021-04-23,33938.1000,34002.8500,33631.7000,33726.1000
2021-04-26,33874.7500,33952.6000,33726.0500,33865.7000
2021-04-27,33949.9000,34037.2000,33888.3500,34009.3500
2021-04-28,34060.4500,34398.5000,33999.8500,34129.1500
2021-04-29,34400.7000,34455.0000,33944.9000,34009.0000
2021-04-30,33970.2500,34098.9000,33544.8500,33623.4500
2021-05-01,34473.5000,34788.3500,34420.1500,34720.2500
2021-05-02,34676.5000,34818.2000,34368.5500,34644.5000
2021-05-03,33515.6500,34072.7000,33505.2000,33994.2000
2021-05-04,34800.5500,34892.6000,34024.1500,34304.5500
2021-05-05,34073.9500,34073.9500,33663.4500,33898.0000
2021-05-06,34003.8500,34233.5500,33897.7000,34048.5000
2021-05-07,34153.5000,34221.6000,34049.8500,34123.5000
2021-05-08,36626.9000,36781.5500,36320.9000,36701.4500
2021-05-10,40440.5500,40606.4500,40373.6000,40427.5000
2021-05-11,34066.5000,34299.3500,34010.9500,34129.3000
2021-05-12,34197.2500,34258.6500,33988.4500,34057.4000
2021-05-14,34158.2000,34835.0000,34094.4000,34781.5000
2021-05-17,35050.6000,35097.5500,34755.2000,34807.4000
2021-05-18,35083.9000,35125.6000,34655.9500,34741.4500
2021-05-19,34704.2000,34844.5500,34635.1500,34729.7000
2021-05-20,34752.5500,34779.3500,34446.0500,34475.6000
2021-05-21,34556.6000,34727.0500,34522.7000,34690.5500
2021-05-24,34722.5000,34748.7000,34487.5500,34572.5000
2021-05-25,34794.3500,34992.3000,34704.1500,34780.8500
2021-05-26,34929.1000,34982.4500,34782.8000,34815.7000
2021-05-27,34878.6000,34957.7500,34741.8000,34812.3000
2021-05-28,34947.8500,35084.2000,34870.5500,34890.5000
2021-05-31,35022.5000,35296.8000,34983.6500,35243.1000
2021-06-01,34748.1000,34768.2000,34091.4500,34327.3500
2021-06-02,34996.2500,35220.4500,34953.1500,35058.6000
2021-06-03,35216.0500,35300.1500,35090.3500,35266.5000
2021-06-04,34439.5500,34697.1000,34221.1000,34619.8500
2021-06-05,34003.8500,34233.5500,33897.7000,34048.5000
2021-06-07,36364.4500,36413.6000,36198.8000,36238.5000
2021-06-08,35463.6500,35716.4000,35398.9500,35672.4500
2021-06-09,35721.3500,35785.1500,35454.1500,35588.9500
2021-06-10,40496.8500,40754.4500,40079.9000,40167.4500
2021-06-11,35858.2000,35869.6500,35589.0500,35646.9500
2021-06-12,37527.5500,37629.1500,36745.3000,36821.8500
2021-06-14,35620.3500,35707.6500,35258.0000,35659.9500
2021-06-15,35691.4000,35953.6500,35673.9000,35921.5000
2021-06-16,35953.9500,36244.1500,35937.9500,36131.2500
2021-06-17,35983.8000,36287.5000,35935.4500,36183.5500
2021-06-18,36251.3000,36360.6000,35796.6000,36287.1500
2021-06-21,36056.9000,36456.1500,36034.4000,36377.6000
2021-06-22,36534.0000,36565.2500,36244.4500,36299.6500
2021-06-23,36418.6500,36437.3500,36111.1500,36188.7500
2021-06-24,36278.3500,36302.5500,36130.5500,36242.5500
2021-06-25,36298.1000,36329.2500,35975.6500,36006.5500
2021-06-28,36104.2000,36159.7500,35955.9000,36054.4500
2021-06-29,36059.4500,36336.1500,36035.3500,36234.5500
2021-06-30,36355.4500,36425.4500,36033.6000,36093.2000
2021-07-01,34521.6500,34543.0000,33988.2000,34032.3500
2021-07-02,36298.5500,36328.2500,36053.3500,36216.7000
2021-07-04,34682.1500,35050.4500,34613.2000,34835.3000
2021-07-05,34153.5000,34221.6000,34049.8500,34123.5000
2021-07-06,35336.1000,35428.8000,35199.5000,35375.3500
2021-07-07,36163.1000,36503.9500,36105.4000,36447.0500
2021-07-08,36337.6500,36440.3500,36120.6000,36179.1000
2021-07-09,36135.6000,36316.5500,36083.2000,36184.4000
2021-07-10,40399.2500,40480.5500,40210.5500,40226.4000
2021-07-12,37078.3000,37347.0500,36907.1000,37175.8500
2021-07-13,36320.6500,36329.0500,36066.1000,36110.3000
2021-07-14,36124.7500,36153.2000,35912.2500,36073.2000
2021-07-15,36181.1500,36223.2000,35948.4000,36182.9500
2021-07-16,36300.3500,36418.7000,36139.6000,36253.5500
2021-07-19,36073.3500,36295.3500,36054.7500,36180.4000
2021-07-20,36189.8000,36403.1500,36110.6500,36230.2500
2021-07-22,36429.2000,36734.0000,36205.5500,36263.6000
2021-07-23,36327.8000,36683.6000,36210.5000,36558.6500
2021-07-26,36639.1500,36746.5000,36459.0500,36486.7500
2021-07-27,36551.4500,36620.3000,36307.3500,36360.8000
2021-07-28,36418.1500,36489.0500,36194.6500,36360.3500
2021-07-29,36372.6000,36469.2000,35955.8500,35990.0500
2021-07-30,36055.7000,36246.1000,35859.9000,36051.9000
2021-08-01,34282.4500,34346.2000,33994.2000,34276.7500
2021-08-02,34938.0500,34978.1500,34410.6000,34452.2500
2021-08-03,36264.1000,36885.5500,36196.3000,36826.0500
2021-08-04,34899.5000,35105.6500,34869.1500,34983.0500
2021-08-05,36626.9000,36781.5500,36320.9000,36701.4500
2021-08-06,36724.1500,36813.3500,36596.9500,36669.8000
2021-08-07,36337.6500,36440.3500,36120.6000,36179.1000
2021-08-09,40377.5500,40434.7000,39910.7000,40263.4500
2021-08-10,40363.3000,40399.5000,39915.0000,39993.3500
2021-08-11,36597.2500,36641.7000,36088.2500,36425.8500
2021-08-12,37200.8000,37695.8000,37200.8000,37659.9500
2021-08-13,36674.8500,36907.8500,36575.8000,36842.0500
2021-08-16,36844.1500,37063.3000,36703.3500,36954.2500
2021-08-17,37014.4500,37514.0000,36979.6000,37478.5500
2021-08-18,37571.6500,37878.8500,37538.9000,37738.3000
2021-08-20,37469.2500,38741.4500,37401.3000,38596.0500
2021-08-23,38780.3000,38913.7500,38311.7000,38489.5000
2021-08-24,38578.8500,38675.0500,38124.6000,38232.8000
2021-08-25,38271.7000,38663.3000,38264.3000,38448.1000
2021-08-26,38403.5000,38864.2000,38398.7500,38670.7000
2021-08-27,38743.2500,38884.5500,38549.1500,38819.5000
2021-08-30,38945.1500,39172.9500,38915.4000,39150.2000
2021-08-31,39168.5500,39615.0000,39105.7000,39529.7000
2021-09-01,39701.4500,39821.1500,39464.9000,39644.7000
2021-09-02,34598.4000,34786.2500,34160.6500,34231.3000
2021-09-03,33281.2500,33404.4000,32827.4000,33215.8500
2021-09-04,35064.7000,35442.8500,34999.4000,35253.1000
2021-09-06,35721.3500,35785.1500,35454.1500,35588.9500
2021-09-07,40296.3500,40642.6500,40237.8500,40289.8500
2021-09-08,36816.6500,37016.9500,36521.3000,36691.9000
2021-09-09,40122.0000,40610.4000,40120.3000,40577.9500
2021-09-11,39064.2000,39126.3500,38860.9500,38964.2500
2021-09-12,37632.7500,38264.3000,37511.5500,38201.6500
2021-09-13,40569.9000,40754.8000,40474.6500,40592.3500
2021-09-14,40718.8000,40750.6000,40444.0500,40469.5500
2021-09-15,40626.8500,40645.4000,40404.3000,40504.5000
2021-09-16,40494.2500,41402.3000,40453.7000,41007.6000
2021-09-17,41187.3500,41406.1000,40704.1000,40798.9000
2021-09-20,40716.3500,41535.0000,40631.9500,41169.7000
2021-09-21,41239.4000,41676.8000,41108.2000,41619.9500
2021-09-22,41801.8000,41821.9000,41429.8500,41507.2500
2021-09-23,41743.4500,41775.7500,41502.0500,41548.8000
2021-09-24,41614.4000,41649.0500,41034.6000,41090.9000
2021-09-27,41268.2000,41273.0000,40657.8500,40720.6000
2021-09-28,40872.1500,41085.9000,40537.8000,40682.9500
2021-09-29,40570.0500,40830.7000,40413.6500,40472.1500
2021-09-30,40558.6500,40646.5500,40338.4000,40426.5500
2021-10-01,40400.8500,40465.8500,40036.4500,40399.0000
2021-10-02,34268.8500,34449.1000,33881.2000,34188.0000
2021-10-03,33393.0500,33424.5000,33220.0000,33402.7500
2021-10-04,40465.4500,40686.0000,40319.4000,40445.4500
2021-10-05,34273.9500,34332.1000,34067.4500,34204.2500
2021-10-06,35564.4500,35901.7500,35448.6000,35731.3000
2021-10-07,40399.2500,40480.5500,40210.5500,40226.4000
2021-10-08,36784.3500,36790.4000,36286.1500,36537.2500
2021-10-11,40070.2500,40434.0500,40061.9000,40318.0500
2021-10-12,38287.1500,38337.4000,37986.8500,38189.5500
2021-10-13,41004.1500,41244.2500,40697.3000,41149.4000
2021-10-14,41446.2000,41789.3000,41277.3500,41377.2000
2021-10-18,42021.4500,42021.4500,41488.0000,41564.1500
2021-10-19,41653.3500,41704.5000,40171.3000,40237.3000
2021-10-20,40343.3500,40593.1000,39589.4000,39696.3500
2021-10-21,40008.3500,40035.6500,39163.8000,39354.4500
2021-10-22,39502.9000,39684.0500,38563.6500,38874.8000
2021-10-25,38774.5000,38849.4500,38028.5000,38491.0000
2021-10-26,38569.2500,38955.2000,38426.1500,38826.8500
2021-10-27,39090.5500,39177.5000,38845.5500,38946.1000
2021-10-28,38899.3000,38966.5500,38098.3000,38208.5500
2021-10-29,38253.8000,38451.8000,37878.8500,38222.1000
2021-11-01,38383.6000,38733.9500,38082.4500,38663.6500
2021-11-02,34299.2500,34512.5000,34162.9500,34463.7500
2021-11-03,38762.6500,38780.8000,38146.9500,38370.1000
2021-11-04,38695.6000,38769.1000,38627.7000,38710.1000
2021-11-05,34066.5000,34299.3500,34010.9500,34129.3000
2021-11-06,35858.2000,35869.6500,35589.0500,35646.9500
2021-11-08,39045.6000,39141.0500,38434.6500,39094.7500
2021-11-09,39064.2000,39126.3500,38860.9500,38964.2500
2021-11-10,38808.9500,39018.3000,38709.9000,38917.3500
2021-11-11,38922.8500,38922.8500,38419.3000,38542.5500
2021-11-12,38743.9000,38997.7500,38587.4500,38912.7500
2021-11-15,39014.7500,39353.7000,38937.8500,39278.3000
2021-11-16,39396.4000,39407.1500,38951.9000,39014.6500
2021-11-17,38992.5000,39346.6500,38953.4000,39013.4500
2021-11-18,39042.7500,39204.6000,38646.2500,38866.5000
2021-11-22,38998.7000,39026.2500,38147.0500,38351.6500
2021-11-23,38190.0500,38619.9500,38059.9000,38560.1000
2021-11-24,38677.9000,38683.9500,38066.6500,38178.2000
2021-11-25,38206.0500,38307.8500,37837.9500,38259.7500
2021-11-26,38050.5500,38097.2000,37457.8500,37547.1500
2021-11-29,37359.0500,37463.7000,36808.7000,37324.8500
2021-11-30,37276.1500,37769.4500,37275.0500,37386.9500
2021-12-01,37612.3500,37727.4500,37341.8500,37457.8500
2021-12-02,37547.4500,37930.3000,37434.8000,37892.6000
2021-12-03,33557.5000,33577.1000,33022.1000,33068.5000
2021-12-04,34865.1000,34979.9000,34472.9000,34561.3500
2021-12-05,34197.2500,34258.6500,33988.4500,34057.4000
2021-12-06,37527.5500,37629.1500,36745.3000,36821.8500
2021-12-07,36301.1000,36339.7000,36086.9000,36176.6500
2021-12-08,36537.0000,36696.0500,36457.0000,36521.8500
2021-12-09,37632.7500,38264.3000,37511.5500,38201.6500
2021-12-10,40262.6000,40892.6000,40239.2500,40808.7500
2021-12-11,38743.9000,38997.7500,38587.4500,38912.7500
2021-12-13,38408.8000,38450.9500,37772.9500,37823.5500
2021-12-14,37817.6000,37937.5500,37499.4500,37642.6000
2021-12-15,37692.7000,37766.6500,37318.4000,37424.6500
2021-12-16,37538.3000,37566.6000,37110.1000,37244.3500
2021-12-17,37164.8500,37199.5000,36378.2500,36438.0000
2021-12-20,36231.1500,36244.1500,35653.5500,36084.6500
2021-12-21,36295.7000,36674.0000,36174.4000,36336.8000
2021-12-22,36558.6500,36669.4500,36309.3000,36505.5500
2021-12-23,36756.7000,37041.8500,36623.0500,36995.1000
2021-12-24,37136.2500,37152.3000,36836.9500,36913.7500
2021-12-27,36871.3000,36965.0500,36558.0000,36883.4000
2021-12-28,37004.5000,37191.1000,36887.3000,37162.7000
2021-12-29,37180.3000,37236.3500,36991.1000,37028.7000
2021-12-30,37063.1500,37159.3500,36999.4000,37075.6500
2021-12-31,37206.8000,37630.4000,37149.3000,37579.9500
2022-01-02,36720.0500,37231.3500,36533.7000,37183.8000
2022-01-03,37673.2500,37725.5000,37559.7500,37606.0500
2022-01-04,36321.4500,36829.9000,36229.9000,36712.1500
2022-01-05,37798.7000,37941.4000,37690.7000,37910.9500
2022-01-06,38793.1000,39280.7500,38356.8500,38434.5500
2022-01-07,37649.2000,37909.1000,37644.7000,37864.4500
2022-01-08,42582.9500,42610.5000,42343.3500,42526.7500
2022-01-09,43549.6000,43638.1000,43281.4500,43497.3500
2022-01-10,38012.2000,38174.6000,37904.8500,37984.0500
2022-01-11,38039.9000,38111.3500,37781.6500,37849.9000
2022-01-12,45680.6000,45690.7000,45188.1000,45370.6500
2022-01-13,38092.3000,38141.0500,37922.3500,38087.2500
2022-01-14,38080.0000,38124.4000,37784.0000,37816.0000
2022-01-17,37850.1500,38092.1500,37633.1500,37988.9000
2022-01-18,38085.3500,38218.1500,37439.5500,37503.1500
2022-01-19,37491.7000,37508.9000,37036.6500,37106.4000
2022-01-20,37216.8000,37317.2500,36530.0000,36681.4000
2022-01-21,36633.6500,36993.9500,36502.9500,36812.9000
2022-01-24,36838.6500,36880.7000,35783.2500,35941.3500
2022-01-25,35849.2500,36443.2500,35366.5500,36382.8500
2022-01-27,36093.7000,36228.4500,35689.2000,35966.8000
2022-01-28,36033.7500,36552.3000,36033.0500,36188.3000
2022-01-31,36361.4500,36669.8000,36351.7500,36467.2500
2022-02-01,36720.0500,37231.3500,36533.7000,37183.8000
2022-02-02,37482.1500,37609.5000,37274.8500,37581.5000
2022-02-03,35187.6000,35427.3500,35035.5500,35364.4500
2022-02-04,37662.5000,37712.2500,37210.7000,37508.4000
2022-02-05,38008.7000,38341.6000,37886.4500,38285.3000
2022-02-06,38332.0500,38567.9500,37952.2000,38497.3000
2022-02-07,37468.4000,37591.0500,36595.2000,36764.9500
2022-02-08,36848.9500,36890.8000,36555.3500,36765.9500
2022-02-09,43647.6500,43832.4500,43449.9000,43666.5500
2022-02-10,36836.1500,37043.1000,36515.2000,36982.5500
2022-02-11,36874.0500,36877.1500,36407.6500,36671.6500
2022-02-12,45348.5500,45351.4000,45025.9000,45154.2000
2022-02-14,35988.0500,36027.3000,35556.1000,35661.2500
2022-02-15,35845.0000,36528.9500,35683.6000,36438.7000
2022-02-16,36510.4500,36698.7500,36274.6000,36460.7500
2022-02-17,36526.1500,36653.6500,36320.1500,36571.7000
2022-02-18,36439.2000,36662.9500,36370.1000,36498.7000
2022-02-21,36291.1000,36400.1500,36055.3500,36200.3000
2022-02-22,35713.4000,35946.2000,35561.8000,35879.8500
2022-02-23,36005.7000,36108.1500,35865.0000,35933.1000
2022-02-24,34984.9500,35452.7500,34608.6500,34735.1500
2022-02-25,35057.6500,35465.8000,34934.0500,35292.5500
2022-02-28,35150.5500,35593.8500,34623.5500,35515.4000
2022-03-01,37673.2500,37725.5000,37559.7500,37606.0500
2022-03-02,37570.2000,37699.7000,37338.7000,37467.2000
2022-03-03,35494.1000,35555.8500,34955.5500,35019.6000
2022-03-04,34788.8000,34854.1500,34136.5000,34627.8500
2022-03-06,38638.3000,38677.3000,38212.0000,38273.9000
2022-03-07,33960.1000,34072.6000,33407.5500,33657.4500
2022-03-08,33495.8000,34044.5000,33462.4000,34006.9000
2022-03-09,34192.1500,34615.5500,33963.2000,34486.9500
2022-03-10,35050.9500,35587.1000,34966.7500,35530.3000
2022-03-11,35519.9500,35655.4500,35255.6000,35613.6500
2022-03-14,35654.3000,35654.3000,35237.8500,35589.4000
2022-03-15,35534.3000,35985.4500,35438.3000,35649.9500
2022-03-16,35978.9500,36338.2000,35769.5500,36273.6000
2022-03-17,36605.8500,36822.4000,36513.8500,36782.7000
2022-03-21,36843.8500,36869.2500,36085.1500,36149.3500
2022-03-22,36118.6500,36148.8000,35382.8000,35887.0500
2022-03-23,36126.3500,36136.7500,35751.3000,35789.8500
2022-03-24,35714.2000,36029.3500,35634.2500,35797.1500
2022-03-25,35907.9500,35924.5500,35314.8500,35522.7500
2022-03-28,35632.5500,35723.5000,35264.9000,35659.4500
2022-03-29,35736.2500,35853.0500,35555.0500,35640.1500
2022-03-30,35831.7500,36029.3500,35754.7500,35858.2500
2022-03-31,35963.1500,36397.4000,35939.4000,36287.7500
2022-04-01,37687.6000,37842.6500,37477.7500,37800.3500
2022-04-02,37662.5000,37712.2500,37210.7000,37508.4000
2022-04-03,34788.8000,34854.1500,34136.5000,34627.8500
2022-04-04,36767.7000,37259.8500,36613.8500,37191.7500
2022-04-05,37358.7500,37866.6500,37220.9000,37656.8000
2022-04-06,37477.1500,37761.2000,37307.3500,37588.9000
2022-04-07,38761.3000,39792.8500,38761.3000,39755.6500
2022-04-08,37710.4000,38378.8000,37607.8000,38322.6500
2022-04-10,44034.0500,44319.0500,43871.3000,44287.0500
2022-04-11,38398.7000,38533.3500,38024.3500,38236.2500
2022-04-12,38088.5500,38181.7000,37797.1500,37931.4000
2022-04-13,38034.6000,38309.7500,37894.7000,38191.4000
2022-04-18,38028.6000,38527.1000,37952.4000,38422.1000
2022-04-19,38609.4500,38808.7000,37102.5500,37337.4000
2022-04-20,37517.4000,37867.6500,37270.7000,37722.8000
2022-04-21,37859.9500,38087.3500,37773.7000,38005.9000
2022-04-22,37838.3000,38093.6000,37661.0500,37775.4500
2022-04-25,37317.9000,37674.3000,36926.0500,37167.4000
2022-04-26,37528.6500,37985.6000,37505.2500,37866.7000
2022-04-27,37615.4500,37800.2000,37374.1500,37634.5000
2022-04-28,38106.1500,38608.2500,37854.7000,38460.2500
2022-04-29,38592.4500,38781.0500,38086.5500,38204.1500
2022-05-01,37798.7000,37941.4000,37690.7000,37910.9500
2022-05-02,38008.7000,38341.6000,37886.4500,38285.3000
2022-05-04,37358.7500,37866.6500,37220.9000,37656.8000
2022-05-05,37869.7500,37990.5500,37322.8000,37408.0500
2022-05-06,36915.9500,37419.3000,36762.6500,37279.3000
2022-05-07,39895.9000,39904.2000,39619.9500,39690.6000
2022-05-08,42891.8000,43117.1500,42845.9500,42930.9000
2022-05-09,37078.2500,37123.6000,36553.6000,36732.0000
2022-05-10,36789.4000,37311.3000,36712.4500,36911.9000
2022-05-11,36897.3000,37056.8000,36151.1000,36658.4000
2022-05-12,36582.8000,36612.8500,35826.7000,36221.7500
2022-05-13,36610.2000,37371.5500,36520.6500,36887.1500
2022-05-16,37067.3500,37095.2500,36653.9000,36759.5000
2022-05-17,36959.6000,37606.5500,36865.6500,37518.7500
2022-05-18,37579.3000,38033.1500,37531.3000,37989.0500
2022-05-19,37355.9000,38136.5000,37355.9000,37740.4500
2022-05-20,38055.0500,38699.1500,37989.2000,38546.3500
2022-05-23,38551.6000,38784.3000,38308.0000,38510.8000
2022-05-24,38625.5000,38625.9500,37922.5000,38010.8500
2022-05-25,38257.2500,38334.3000,37798.8500,37930.9500
2022-05-26,37796.2500,37924.2000,37346.3000,37849.2000
2022-05-27,38126.6000,38343.2500,37825.4000,38242.7000
2022-05-30,38444.3000,38731.7000,38314.2000,38610.4000
2022-05-31,38627.4000,38957.9500,38185.4000,38713.4500
2022-06-01,37704.2500,37786.2500,37427.9500,37622.5000
2022-06-02,38332.0500,38567.9500,37952.2000,38497.3000
2022-06-03,38638.3000,38677.3000,38212.0000,38273.9000
2022-06-04,37477.1500,37761.2000,37307.3500,37588.9000
2022-06-05,36915.9500,37419.3000,36762.6500,37279.3000
2022-06-06,38190.1500,38399.3000,37741.3500,38238.4500
2022-06-07,37940.6000,38013.1500,37494.8000,37648.8500
2022-06-08,37632.4000,37689.2000,37121.6500,37254.3500
2022-06-09,37229.4000,37545.0000,36862.5500,37440.6500
2022-06-10,44478.6000,44518.5000,44023.0000,44097.2000
2022-06-12,44977.1000,45341.2000,44961.0500,45287.8500
2022-06-13,36999.2500,37318.7000,36929.0000,37078.1000
2022-06-14,36979.0500,37297.2000,36820.2000,36999.1500
2022-06-15,37072.4000,37096.3500,36756.2000,36830.9000
2022-06-16,37098.2000,37178.3500,36440.1500,36621.1500
2022-06-17,36519.9500,36590.1500,36024.0500,36264.5500
2022-06-20,36300.1000,37046.6000,36179.0000,36915.7500
2022-06-21,36990.9500,37463.3000,36879.5000,37317.7500
2022-06-22,37092.7500,37386.9000,36883.1500,36963.3000
2022-06-23,36998.9500,37355.5500,36943.5500,37316.5000
2022-06-24,37449.2500,37872.1500,37449.2500,37778.8500
2022-06-27,38027.1000,38219.7000,37875.1500,38103.2000
2022-06-28,38035.1000,38252.1000,37712.2000,38173.1000
2022-06-29,37862.4500,37913.8500,37605.1000,37688.3500
2022-06-30,37637.3500,37794.5500,37415.8000,37664.5500
2022-07-01,37649.2000,37909.1000,37644.7000,37864.4500
2022-07-02,37468.4000,37591.0500,36595.2000,36764.9500
2022-07-03,33960.1000,34072.6000,33407.5500,33657.4500
2022-07-04,37518.8500,37846.2000,37507.9000,37561.7000
2022-07-05,39895.9000,39904.2000,39619.9500,39690.6000
2022-07-06,37940.6000,38013.1500,37494.8000,37648.8500
2022-07-07,40906.4500,41170.6500,40650.2500,40708.7000
2022-07-08,40844.2000,40961.1000,40675.7500,40925.2500
2022-07-09,43443.4000,43780.0500,43403.6000,43614.9500
2022-07-10,44056.1000,44105.6500,43534.3000,43813.3000
2022-07-11,44700.5500,44998.9000,44416.1500,44709.4500
2022-07-12,45423.9000,45878.4500,45313.9500,45724.6000
2022-07-13,40681.1500,41103.4500,40681.1500,40954.4000
2022-07-14,41014.4500,41329.3000,40651.8500,40897.3000
2022-07-15,41138.2000,41534.5500,40994.7500,41498.8000
2022-07-18,41710.3000,41902.2500,41335.0000,41460.3000
2022-07-19,41427.9000,41508.7000,41211.5000,41479.8500
2022-07-20,41636.4000,42004.7000,41465.6500,41950.1500
2022-07-21,42059.5500,42360.9500,42003.7500,42283.0000
2022-07-22,42404.6500,42555.1000,42205.6000,42502.7500
2022-07-25,42450.6000,42566.5000,42291.7500,42386.9500
2022-07-26,42397.1500,42400.1500,41718.9500,41799.0500
2022-07-27,41715.4500,42085.3000,41635.6500,42036.3000
2022-07-28,42301.0500,42348.6000,41916.2000,42271.6500
2022-07-29,42472.9500,42584.7500,42156.9000,42487.4000
2022-08-01,42582.9500,42610.5000,42343.3500,42526.7500
2022-08-02,36848.9500,36890.8000,36555.3500,36765.9500
2022-08-03,33495.8000,34044.5000,33462.4000,34006.9000
2022-08-04,37710.4000,38378.8000,37607.8000,38322.6500
2022-08-05,42891.8000,43117.1500,42845.9500,42930.9000
2022-08-06,37632.4000,37689.2000,37121.6500,37254.3500
2022-08-07,40844.2000,40961.1000,40675.7500,40925.2500
2022-08-08,42961.7500,43040.1000,42830.6000,42978.5000
2022-08-09,43883.9000,43963.6000,43600.6000,43786.4500
2022-08-10,43067.1500,43245.6000,42709.2000,42821.6000
2022-08-11,43047.0500,43143.9000,42382.7000,42478.5000
2022-08-12,42536.2000,42547.2500,42126.8500,42457.3000
2022-08-16,42603.6000,43132.3500,42566.2500,42964.1000
2022-08-17,43081.9500,43326.6500,43041.2000,43275.8500
2022-08-18,43307.3000,43653.2500,43264.0500,43522.3000
2022-08-19,43626.3500,43671.4000,42865.5000,42945.3500
2022-08-22,42947.9000,43222.1000,42751.7500,42890.6500
2022-08-23,42625.6000,43017.2500,42584.3500,42937.6500
2022-08-24,42847.5500,43205.9500,42768.0500,42999.7000
2022-08-25,43189.4000,43364.3500,42738.6500,42830.0500
2022-08-26,43103.9500,43159.7500,42698.9500,42768.9500
2022-08-29,42286.5500,43045.0000,42226.5500,42933.9000
2022-08-30,43106.5500,43870.0500,43100.4500,43821.1500
2022-09-01,43549.6000,43638.1000,43281.4500,43497.3500
2022-09-02,43647.6500,43832.4500,43449.9000,43666.5500
2022-09-03,34192.1500,34615.5500,33963.2000,34486.9500
2022-09-05,43736.0000,43836.6000,43563.3000,43755.8500
2022-09-06,43832.3000,43958.1500,43426.1500,43528.9000
2022-09-07,43443.4000,43780.0500,43403.6000,43614.9500
2022-09-08,43883.9000,43963.6000,43600.6000,43786.4500
2022-09-09,44072.8000,44305.2000,43772.4000,43837.7000
2022-09-11,44696.5500,45050.3500,44671.9500,44826.5500
2022-09-12,45964.9500,46235.1500,45821.9000,46159.5000
2022-09-13,44095.6500,44330.6000,43995.1000,44251.5500
2022-09-14,43800.5500,44529.9500,43786.7500,44182.6500
2022-09-15,44343.1000,44499.2500,43954.4000,44041.6000
2022-09-16,43929.3500,43991.4500,43101.6000,43192.6500
2022-09-19,43131.8000,43722.9000,42877.1000,43655.6500
2022-09-20,43980.0000,44259.3500,43866.3500,43981.2500
2022-09-21,43989.8000,44674.9500,43945.1000,44500.1500
2022-09-22,44484.7500,45228.1500,44460.7500,45080.4500
2022-09-23,45227.1500,45237.9500,44780.1500,44854.6500
2022-09-26,44638.3000,44825.0500,43845.3000,43937.4000
2022-09-27,44136.5500,44599.9000,44049.8000,44218.1500
2022-09-28,44000.3000,44310.3000,43704.7000,43964.6500
2022-09-29,44290.3500,44531.2000,44130.8000,44356.2500
2022-09-30,44393.6500,44590.6500,44037.9000,44405.6500
2022-10-01,38012.2000,38174.6000,37904.8500,37984.0500
2022-10-02,36836.1500,37043.1000,36515.2000,36982.5500
2022-10-03,35050.9500,35587.1000,34966.7500,35530.3000
2022-10-04,44034.0500,44319.0500,43871.3000,44287.0500
2022-10-05,36789.4000,37311.3000,36712.4500,36911.9000
2022-10-06,37083.4500,37496.2000,37059.9000,37428.7000
2022-10-07,44056.1000,44105.6500,43534.3000,43813.3000
2022-10-08,43067.1500,43245.6000,42709.2000,42821.6000
2022-10-10,43278.6000,43413.5000,42996.6000,43329.2000
2022-10-11,43466.9000,43473.7500,42461.8000,42564.6500
2022-10-12,42739.1500,43267.1500,42559.2000,43196.8500
2022-10-13,43180.8500,43319.8500,42995.6500,43036.6500
2022-10-14,43474.2000,43646.3500,43105.2000,43153.0500
2022-10-17,43073.8500,43406.9500,42924.5000,43182.9000
2022-10-18,43465.4000,43859.0500,43389.2500,43715.7500
2022-10-19,43923.1000,44055.9000,43665.9000,43890.5500
2022-10-20,43824.4000,44365.1000,43821.5500,44281.1500
2022-10-21,44467.7500,44670.8000,44080.7000,44269.2000
2022-10-24,44372.9000,44471.2500,44090.5000,44210.1000
2022-10-25,44332.6000,44342.3000,43659.4500,43752.8500
2022-10-27,43858.0000,44073.7000,43617.2000,43954.6000
2022-10-28,44118.1000,44202.8000,43834.2500,43944.1000
2022-10-31,44166.3500,44410.4000,44031.0000,44296.3000
2022-11-01,44460.1500,44604.8500,44400.8000,44564.9000
2022-11-02,36874.0500,36877.1500,36407.6500,36671.6500
2022-11-03,35519.9500,35655.4500,35255.6000,35613.6500
2022-11-04,38398.7000,38533.3500,38024.3500,38236.2500
2022-11-05,36897.3000,37056.8000,36151.1000,36658.4000
2022-11-07,44700.5500,44998.9000,44416.1500,44709.4500
2022-11-08,43047.0500,43143.9000,42382.7000,42478.5000
2022-11-09,44696.5500,45050.3500,44671.9500,44826.5500
2022-11-10,44719.6500,44927.2500,44386.1500,44586.9000
2022-11-11,44988.1500,45035.5000,44431.0500,44520.5000
2022-11-14,44570.4000,44692.5500,43878.3000,43919.1500
2022-11-15,44054.6500,44077.4000,43468.0500,43911.0500
2022-11-16,43960.1000,44012.6500,43594.8000,43910.3000
2022-11-17,43923.4000,44084.8000,43775.4500,43845.1000
2022-11-18,43915.6500,43958.8000,43447.9000,43747.0000
2022-11-21,43647.2500,43688.6000,43456.2000,43611.0000
2022-11-22,43619.0000,43881.8500,43526.0500,43854.1500
2022-11-23,44000.8000,44009.2000,43736.3500,43854.2000
2022-11-24,43991.4500,44388.4500,43932.6000,44241.7500
2022-11-25,44331.5500,44331.5500,43878.7500,44102.6000
2022-11-28,44042.3000,44313.4500,43974.0000,44251.0500
2022-11-29,44261.0500,45151.7000,44254.6500,45078.5500
2022-11-30,45085.8500,45788.0500,45079.0000,45536.5500
2022-12-01,45680.6000,45690.7000,45188.1000,45370.6500
2022-12-02,45348.5500,45351.4000,45025.9000,45154.2000
2022-12-04,38088.5500,38181.7000,37797.1500,37931.4000
2022-12-05,45123.0500,45232.7500,44781.4000,45151.1500
2022-12-06,44977.1000,45341.2000,44961.0500,45287.8500
2022-12-07,40815.2000,40975.3500,40513.4000,40574.8000
2022-12-08,42536.2000,42547.2500,42126.8500,42457.3000
2022-12-09,45964.9500,46235.1500,45821.9000,46159.5000
2022-12-10,42739.1500,43267.1500,42559.2000,43196.8500
2022-12-12,46093.2500,46244.2000,45973.0500,46215.2000
2022-12-13,46312.5500,46331.2000,46037.1500,46145.5500
2022-12-14,46243.9500,46285.6500,45840.3500,45949.3500
2022-12-15,45864.4000,45977.3000,45427.3500,45544.5500
2022-12-16,45472.8000,45541.6000,45096.2500,45320.7500
2022-12-19,45449.4000,46013.5500,45383.0000,45981.4500
2022-12-20,45866.3000,45888.7000,45402.0500,45694.7000
2022-12-21,45835.0000,45864.4500,45189.1500,45284.7000
2022-12-22,45383.1500,45569.5000,44923.5000,45085.5500
2022-12-23,44823.6000,44976.6500,44245.6500,44314.9000
2022-12-26,44279.3500,44864.3000,44057.8000,44744.0500
2022-12-27,44880.0500,44981.2500,44480.5000,44559.4000
2022-12-28,44566.9000,44634.7000,44408.4000,44589.1500
2022-12-29,44537.5500,44630.7500,44099.0000,44508.0000
2022-12-30,44640.6500,44740.3500,44086.0000,44171.4500
2023-01-02,44284.2000,44318.6500,44000.8000,44192.8500
2023-01-03,44121.6000,44231.7500,43900.9000,44013.6500
2023-01-04,44104.8500,44160.6500,43655.0000,43723.5500
2023-01-05,43832.1000,44533.6500,43812.9500,44401.5000
2023-01-06,51147.1000,51367.3000,50923.8000,50998.9500
2023-01-08,52759.2500,52836.1000,52454.1500,52501.1500
2023-01-09,44617.5000,44894.5500,44505.6000,44796.6500
2023-01-10,44800.0500,44809.4500,44503.8000,44626.0500
2023-01-11,51391.6000,51462.4500,50997.4000,51087.8000
2023-01-12,53199.2500,53917.5000,53131.6500,53851.4500
2023-01-13,44013.6000,44200.5500,43741.4500,43955.6000
2023-01-16,44065.5500,44099.8500,43866.1500,44006.7500
2023-01-17,44044.8000,44582.8000,44011.2500,44536.1000
2023-01-18,44621.8000,44808.9500,44505.3000,44711.4500
2023-01-19,44596.1000,44708.9500,44157.3500,44326.0500
2023-01-20,43887.4000,44138.7000,43752.0000,43899.6000
2023-01-23,44047.6500,44295.0500,43841.0500,44261.9000
2023-01-24,44324.8500,44449.6500,44214.9500,44324.3500
2023-01-25,44274.8000,44426.9000,44056.0000,44284.1500
2023-01-27,44483.5000,44617.8000,44111.1500,44486.6500
2023-01-30,44542.2500,44548.4000,43956.6000,44220.3500
2023-01-31,44291.6500,44626.4000,43721.9500,44456.9000
2023-02-01,44699.4500,45253.7500,43550.1000,44958.3000
2023-02-02,44989.4000,46090.5500,44915.8500,45981.5500
2023-02-03,46191.9000,46229.3500,45551.7000,46037.2000
2023-02-05,47956.8500,48083.7000,47675.2500,47750.2000
2023-02-06,51135.8500,51399.5500,51026.9500,51288.6500
2023-02-07,46396.2500,46398.7000,45538.5000,45758.1000
2023-02-08,52491.7000,52538.8500,52103.2500,52368.7000
2023-02-09,45776.3500,46012.1000,45614.2000,45671.2500
2023-02-10,45521.1000,45716.1000,45303.4000,45488.1000
2023-02-11,51408.4000,51633.9000,51164.2500,51589.0000
2023-02-13,45477.8000,45590.5000,45255.7000,45508.4000
2023-02-14,45595.4000,46078.7000,45503.1000,45976.9500
2023-02-15,45625.3500,45845.7000,45361.9500,45799.2000
2023-02-16,45914.1000,45979.0000,45657.8000,45758.2000
2023-02-17,45628.8000,45756.4500,45401.7500,45617.3000
2023-02-20,45726.0000,45900.4500,45389.3000,45501.2000
2023-02-21,45675.4000,45820.4000,45485.4000,45551.9500
2023-02-22,45538.4000,45577.7500,45329.1500,45412.8500
2023-02-23,45440.3000,45956.1000,45209.1000,45530.1000
2023-02-24,45656.1500,45672.3500,45154.5500,45372.5000
2023-02-27,45377.7500,45384.9000,44733.4500,45040.7500
2023-02-28,45082.0000,45261.7500,44667.1000,44940.4500
2023-03-01,44121.6000,44231.7500,43900.9000,44013.6500
2023-03-02,45128.6500,45149.8500,44729.3500,44831.6000
2023-03-03,44985.7000,45471.6500,44964.5500,45410.0000
2023-03-04,46053.6500,46053.6500,45530.3500,45738.4500
2023-03-05,47754.7000,48207.9000,47638.1500,48120.6500
2023-03-06,45529.2500,45772.0500,45427.0500,45552.1000
2023-03-07,52299.0000,52857.9000,52061.1000,52741.5000
2023-03-08,45469.6500,45812.9500,45282.2500,45722.0000
2023-03-09,45724.7000,45767.9000,45181.1500,45260.4500
2023-03-10,51603.6500,51708.0000,51255.7000,51320.8500
2023-03-11,51777.0500,51984.6000,51660.2500,51901.5000
2023-03-13,45351.5000,45555.7000,44861.3500,44953.6000
2023-03-14,45068.0500,45121.1500,44628.0500,44714.9500
2023-03-15,44873.1000,45047.6500,44396.9000,44464.3500
2023-03-16,44575.9000,45021.7000,44447.8000,44971.2000
2023-03-17,45232.3500,45242.4000,44573.0000,44858.3000
2023-03-20,44704.2000,45259.5000,44392.0500,45213.0500
2023-03-21,45282.0500,45306.3500,44806.7500,44913.4000
2023-03-22,45027.7000,45140.2000,44828.5000,45109.5000
2023-03-23,45056.9500,45434.3000,44876.1500,45267.4500
2023-03-24,45229.1500,45412.9500,44990.0500,45060.0000
2023-03-27,45093.2500,45434.1000,44918.3500,45188.0000
2023-03-28,45215.2000,45342.8500,44987.0000,45044.2500
2023-03-29,45051.1000,45523.4500,44989.2000,45421.6500
2023-03-31,45583.1000,45958.5000,45435.9000,45904.9000
2023-04-01,44104.8500,44160.6500,43655.0000,43723.5500
2023-04-03,46053.6500,46053.6500,45530.3500,45738.4500
2023-04-05,48061.5000,48169.8000,47938.8000,48057.3500
2023-04-06,46347.2500,46353.7000,46023.3000,46109.1500
2023-04-07,52870.1500,52882.4000,52390.5500,52814.8000
2023-04-08,52201.0000,52520.0000,52014.6500,52050.6500
2023-04-09,51415.1000,51419.2000,50932.5500,51171.7500
2023-04-10,46107.4000,46161.0500,45843.3500,45909.6500
2023-04-11,46001.4000,46330.0500,45950.4000,46269.7000
2023-04-12,54313.6000,54397.5500,53967.4000,54237.7000
2023-04-13,46179.5500,46449.4000,46118.9000,46211.9500
2023-04-17,46331.9000,46801.3500,46220.3500,46688.6000
2023-04-18,46756.3000,46765.5500,46437.4000,46536.3500
2023-04-19,46475.9500,46539.6500,46230.6000,46421.4500
2023-04-20,46404.5000,46616.0000,46156.1000,46256.0500
2023-04-21,46259.4000,46706.1000,46194.8000,46669.7000
2023-04-24,46812.0500,46978.4500,46509.7500,46943.0500
2023-04-25,46913.4500,47117.0500,46807.9500,47051.8500
2023-04-26,47038.1000,47459.9500,46933.0500,47387.5000
2023-04-27,47401.5000,47453.5500,47197.1500,47360.1500
2023-04-28,47267.0500,47955.3000,47074.0500,47814.1000
2023-05-01,43832.1000,44533.6500,43812.9500,44401.5000
2023-05-02,47956.8500,48083.7000,47675.2500,47750.2000
2023-05-03,47754.7000,48207.9000,47638.1500,48120.6500
2023-05-04,48061.5000,48169.8000,47938.8000,48057.3500
2023-05-05,48054.4000,48326.0500,48013.6500,48186.1500
2023-05-06,51373.2000,51502.2000,51026.9000,51058.4000
2023-05-07,52845.4500,53846.9000,52720.1000,53776.2000
2023-05-08,48376.7000,48686.1500,48312.4000,48538.4500
2023-05-09,51309.5000,51634.9500,51171.7500,51548.4500
2023-05-10,48453.0000,48698.7500,48333.8500,48643.3500
2023-05-11,48860.6500,48919.8500,48491.3000,48865.0000
2023-05-12,48905.0000,49223.6000,48661.7500,48950.7500
2023-05-15,49026.8000,49650.1500,48910.5000,49506.5500
2023-05-16,49668.1500,49688.4000,49363.9000,49406.1000
2023-05-17,49408.5000,49513.8000,49217.9000,49434.0000
2023-05-18,49628.3000,49756.1500,48818.0000,48889.3000
2023-05-19,48964.8000,48965.8000,48426.6000,48874.2500
2023-05-22,48934.1000,49126.2500,48701.4500,49052.2500
2023-05-23,49089.8500,49322.4000,49027.2500,49118.8000
2023-05-24,49054.9500,49439.2500,49031.3000,49355.2500
2023-05-25,49511.1000,49825.0500,49418.6500,49657.0000
2023-05-26,49802.7000,50425.1500,49654.6000,50388.0000
2023-05-29,50633.1500,50850.2500,50501.9000,50626.4000
2023-05-30,50717.8000,51029.4500,50669.5000,50927.2000
2023-05-31,50896.4500,51133.6000,50650.9500,51042.7500
2023-06-01,44453.7500,44717.3500,44287.6000,44412.8500
2023-06-02,51135.8500,51399.5500,51026.9500,51288.6500
2023-06-03,45529.2500,45772.0500,45427.0500,45552.1000
2023-06-04,46347.2500,46353.7000,46023.3000,46109.1500
2023-06-05,51373.2000,51502.2000,51026.9000,51058.4000
2023-06-06,51134.8500,51212.6500,50783.1500,51038.4000
2023-06-07,51143.3000,51673.4500,51066.9000,51609.4000
2023-06-08,51696.9500,51718.0000,51091.5000,51143.5000
2023-06-09,50930.9000,51381.9000,50605.7500,50674.8500
2023-06-10,51488.9500,51725.4000,51359.1500,51577.9000
2023-06-11,52035.4000,52166.3500,51966.6500,52075.7000
2023-06-12,54281.7500,54872.9000,54201.2000,54662.5500
2023-06-13,50897.0500,51607.3500,50794.1000,51462.7000
2023-06-14,51526.5000,51834.5000,51441.9000,51767.9000
2023-06-15,51901.2500,52236.6500,51840.8000,52046.4500
2023-06-16,52159.6500,52540.5000,52112.6000,52440.2000
2023-06-19,52486.2000,52526.0500,52063.7000,52123.8500
2023-06-20,52101.8000,52239.4000,51809.1500,52164.7000
2023-06-21,52209.6000,52421.9500,51763.5500,51934.2500
2023-06-22,51934.9500,51965.7500,51516.0000,51557.8000
2023-06-23,51527.8000,51556.9500,51124.5000,51283.7500
2023-06-26,51415.9500,51883.4000,51346.9000,51635.0000
2023-06-27,51702.3000,51821.7500,51477.5500,51598.6000
2023-06-28,51683.4500,51985.1000,51590.9000,51893.4000
2023-06-30,51943.7500,52239.0500,51759.4500,52194.7500
2023-07-02,46396.2500,46398.7000,45538.5000,45758.1000
2023-07-03,52299.0000,52857.9000,52061.1000,52741.5000
2023-07-04,52870.1500,52882.4000,52390.5500,52814.8000
2023-07-05,52845.4500,53846.9000,52720.1000,53776.2000
2023-07-06,51143.3000,51673.4500,51066.9000,51609.4000
2023-07-07,53758.6000,53820.8000,52847.8500,52942.4500
2023-07-08,51973.0500,52107.2000,51789.5000,52072.5000
2023-07-09,52040.3000,52110.6000,51807.8000,51853.1000
2023-07-10,53071.3500,53148.6000,52484.5000,52536.1500
2023-07-11,52089.9000,52216.4500,51934.2500,52130.0000
2023-07-12,53511.5500,53513.4000,52944.5000,53279.5000
2023-07-13,53453.4000,53567.6500,52946.4000,53029.9500
2023-07-14,53151.3000,53558.9500,53094.4500,53453.7000
2023-07-17,53536.3500,53799.6500,53351.6000,53471.6000
2023-07-18,53558.4500,53633.2000,53245.9000,53340.6500
2023-07-19,53366.4500,53607.2500,53078.5500,53517.3000
2023-07-20,53561.5500,54289.9500,53309.8000,54239.7000
2023-07-21,54015.5500,54349.8500,53511.0000,53697.4500
2023-07-24,53843.9500,53882.2500,52615.4000,52771.7000
2023-07-25,52761.5000,52761.5000,52002.7500,52315.9500
2023-07-26,52533.1500,52972.6500,52381.6000,52865.3000
2023-07-27,52934.3500,53067.5500,52270.9500,52499.9000
2023-07-28,52669.9500,53035.0000,52500.8000,52964.0500
2023-07-31,52953.1500,53021.5000,52517.0500,52636.8500
2023-08-01,52759.2500,52836.1000,52454.1500,52501.1500
2023-08-02,45795.6500,45976.0500,45604.6500,45771.6000
2023-08-03,52283.5500,52409.8000,51943.0500,52062.3500
2023-08-04,52201.0000,52520.0000,52014.6500,52050.6500
2023-08-05,48376.7000,48686.1500,48312.4000,48538.4500
2023-08-06,51696.9500,51718.0000,51091.5000,51143.5000
2023-08-07,51973.0500,52107.2000,51789.5000,52072.5000
2023-08-08,52163.1500,52257.6500,51752.7000,51924.4000
2023-08-09,51950.1500,52249.3000,51620.6500,52206.2000
2023-08-10,52209.1500,52242.5000,51609.1500,51728.6500
2023-08-11,51803.0500,51825.6000,51265.5000,51351.7000
2023-08-12,54309.6000,54491.3000,53568.6000,53636.3500
2023-08-14,51350.5500,51714.8000,50984.6000,51604.4000
2023-08-16,51676.7000,51869.7500,51459.4000,51815.4000
2023-08-17,51821.2500,51829.6000,51248.5500,51353.7500
2023-08-18,51288.5500,51586.3500,51167.7500,51464.7500
2023-08-21,51516.8500,51853.5500,51409.4000,51799.0000
2023-08-22,51912.1000,52234.5000,51769.3500,52141.6500
2023-08-23,52310.6000,52315.3000,51839.5000,51888.3000
2023-08-24,52028.5000,52150.0500,51929.4000,52036.7500
2023-08-25,51930.0000,51938.9000,51415.2000,51506.8000
2023-08-28,51594.1500,51650.6500,51283.4000,51390.8000
2023-08-29,51511.7000,51526.1000,51182.0500,51223.0500
2023-08-30,51333.7000,51560.4500,51257.8500,51513.5500
2023-08-31,51579.9500,51641.1000,50913.0000,51092.6500
2023-09-01,51156.8500,51326.5500,51079.9000,51240.5000
2023-09-02,45776.3500,46012.1000,45614.2000,45671.2500
2023-09-03,45724.7000,45767.9000,45181.1500,45260.4500
2023-09-04,51415.1000,51419.2000,50932.5500,51171.7500
2023-09-05,48685.4000,48708.3500,48228.6000,48369.1000
2023-09-06,50930.9000,51381.9000,50605.7500,50674.8500
2023-09-07,52040.3000,52110.6000,51807.8000,51853.1000
2023-09-08,51950.1500,52249.3000,51620.6500,52206.2000
2023-09-10,51333.7000,51635.1500,51188.3500,51502.8500
2023-09-11,51948.7000,52291.2500,51838.0000,52239.0500
2023-09-12,52449.0000,52454.7500,51768.9000,52065.9000
2023-09-13,52049.6000,52346.6500,52000.1500,52223.6500
2023-09-14,52397.5000,52401.6500,51926.2000,52143.2000
2023-09-15,52041.0500,52178.2500,51817.6500,51895.1500
2023-09-18,51983.5000,52243.1500,51804.1000,52198.6000
2023-09-20,51932.9000,52066.8000,51813.8000,51924.1500
2023-09-21,51893.0500,51921.8500,51332.1500,51672.6500
2023-09-22,51629.9500,51716.7000,51344.6500,51608.5000
2023-09-25,51646.3000,51762.4500,51346.0500,51642.4500
2023-09-26,51724.5000,51982.4500,51644.0500,51912.8500
2023-09-27,51951.3500,52377.8500,51653.8000,52329.5000
2023-09-28,52381.8000,52393.1500,51246.4500,51329.1000
2023-09-29,51504.5500,51742.7000,51273.7500,51602.6500
2023-10-01,44800.0500,44809.4500,44503.8000,44626.0500
2023-10-02,45521.1000,45716.1000,45303.4000,45488.1000
2023-10-03,51603.6500,51708.0000,51255.7000,51320.8500
2023-10-04,46107.4000,46161.0500,45843.3500,45909.6500
2023-10-05,51625.6000,51654.5500,51270.0000,51384.5500
2023-10-06,51488.9500,51725.4000,51359.1500,51577.9000
2023-10-07,53071.3500,53148.6000,52484.5000,52536.1500
2023-10-08,52209.1500,52242.5000,51609.1500,51728.6500
2023-10-09,51333.7000,51635.1500,51188.3500,51502.8500
2023-10-10,51587.0000,51845.0500,51567.9000,51803.9500
2023-10-11,51959.3000,52129.1500,51689.0500,52076.0500
2023-10-12,52377.2500,52491.4000,52041.1500,52363.9500
2023-10-13,52240.1000,52655.7500,52130.0500,52520.7000
2023-10-16,52468.9500,52588.3000,52305.6000,52401.9500
2023-10-17,52494.8500,52851.4500,52383.4500,52665.3000
2023-10-18,52770.3000,52772.8000,52381.2000,52442.0500
2023-10-19,52170.0000,52667.2000,52077.1000,52516.3500
2023-10-20,52164.6000,52400.6000,51762.4500,51823.3500
2023-10-23,51771.7000,51956.5000,51335.0500,51421.6500
2023-10-25,51385.2000,51619.6000,50954.3500,51216.8500
2023-10-26,50969.3500,51089.8500,50607.0000,50941.1000
2023-10-27,50967.8500,51502.4500,50948.1000,51395.0000
2023-10-30,51330.1500,51501.9500,50951.9500,51180.7000
2023-10-31,51213.5000,51418.4500,51125.2500,51262.6000
2023-11-01,44728.4500,44752.8000,44077.1000,44123.0000
2023-11-02,51408.4000,51633.9000,51164.2500,51589.0000
2023-11-03,51777.0500,51984.6000,51660.2500,51901.5000
2023-11-04,46001.4000,46330.0500,45950.4000,46269.7000
2023-11-05,48860.6500,48919.8500,48491.3000,48865.0000
2023-11-06,52035.4000,52166.3500,51966.6500,52075.7000
2023-11-07,52089.9000,52216.4500,51934.2500,52130.0000
2023-11-08,52262.5000,52498.6500,52153.8000,52455.2000
2023-11-09,52537.8500,52562.5000,51946.1500,51983.0000
2023-11-10,52016.0500,52342.4500,51913.2000,52254.4500
2023-11-12,52376.1000,52397.5500,52200.2500,52258.5000
2023-11-13,52170.9500,52182.5500,51917.6500,52025.6000
2023-11-15,52333.7000,52434.9000,52039.4000,52383.4500
2023-11-16,52390.8000,52680.4000,52225.5500,52305.7500
2023-11-17,52237.9500,52809.7500,52237.9500,52756.1000
2023-11-20,52842.1000,52887.9000,52431.1000,52550.1000
2023-11-21,52546.5500,52651.6000,52377.7000,52466.2000
2023-11-22,52551.4500,52711.5000,52312.3000,52691.2000
2023-11-23,52713.6500,52888.7000,52662.4500,52823.0500
2023-11-24,52889.5000,52958.1000,52548.6000,52576.9000
2023-11-28,52670.2000,52691.9000,52402.4000,52489.5000
2023-11-29,52592.7500,52775.7000,52533.0000,52725.4500
2023-11-30,52697.8500,53193.3500,52661.3000,53013.8000
2023-12-01,53199.2500,53917.5000,53131.6500,53851.4500
2023-12-04,54313.6000,54397.5500,53967.4000,54237.7000
2023-12-05,54476.5000,54557.7000,54039.6000,54110.9000
2023-12-06,54281.7500,54872.9000,54201.2000,54662.5500
2023-12-07,53511.5500,53513.4000,52944.5000,53279.5000
2023-12-08,54309.6000,54491.3000,53568.6000,53636.3500
2023-12-09,52449.0000,52454.7500,51768.9000,52065.9000
2023-12-10,52377.2500,52491.4000,52041.1500,52363.9500
2023-12-11,53790.4500,54021.2500,53558.8000,53976.9000
2023-12-12,54093.0000,54372.8000,53738.8000,53837.0000
2023-12-13,54047.7500,54275.6500,53776.6000,54215.3500
2023-12-14,54560.8500,54564.0000,53990.1000,54361.4500
2023-12-15,54542.0500,54585.7500,53963.2500,54186.2000
2023-12-18,54070.9000,54122.2500,53911.3500,54017.0500
2023-12-19,54201.9500,54855.8000,54145.0500,54776.5500
2023-12-20,55500.4000,55581.4000,54459.2000,54597.9000
2023-12-21,54350.2000,54940.3500,53970.6000,54803.3000
2023-12-22,54972.6000,55143.0500,54643.7500,55101.0500
2023-12-26,55271.7500,55556.7500,55189.8500,55484.4000
2023-12-27,55572.4500,55813.3000,55471.2000,55750.3500
2023-12-28,55866.7500,56580.7000,55789.0500,56504.5000
2023-12-29,56555.1500,57055.8000,56481.1000,56987.2000
2024-01-01,57127.5500,57503.1500,56899.4000,57292.3500
2024-01-02,57427.4000,57430.0000,56763.7000,57209.5000
2024-01-03,54272.8500,54559.6500,54062.6000,54225.1500
2024-01-04,57470.9000,57922.2000,57327.2500,57703.9000
2024-01-05,57945.1000,57966.7000,57455.8500,57667.3500
2024-01-07,56745.5000,57234.4000,56672.8000,57154.7000
2024-01-08,57718.8500,57748.3500,56636.4500,56672.8500
2024-01-09,56868.3000,56996.2500,56487.6500,56573.1000
2024-01-10,65546.8500,65685.0000,65029.5500,65470.9500
2024-01-11,59542.2500,59620.4000,59328.7000,59433.2000
2024-01-12,56279.1000,56559.9000,56008.0000,56485.7500
2024-01-15,56795.4000,56818.6000,56317.4500,56657.3000
2024-01-16,56705.2000,56872.5000,56425.0500,56755.8500
2024-01-17,56477.6500,56839.6000,56191.7000,56259.5000
2024-01-18,56175.6000,56228.2000,55206.7000,55953.6000
2024-01-19,56296.3000,56813.9500,56085.3000,56640.5000
2024-01-20,56632.8000,56650.3500,55933.6500,55976.6500
2024-01-23,56212.7000,56284.4000,54816.1000,54973.9000
2024-01-24,55130.3000,55918.6000,54859.9000,55858.7000
2024-01-25,55932.3000,55981.6000,54981.0500,55214.1000
2024-01-29,55058.1500,55470.5000,55047.7000,55139.1000
2024-01-30,55187.2000,55501.4000,54507.4000,54574.3500
2024-01-31,54634.2500,55124.9500,54501.3500,55071.4000
2024-02-01,57427.4000,57430.0000,56763.7000,57209.5000
2024-02-02,55347.4000,55557.5000,54992.9000,55118.4000
2024-02-03,54433.0500,54570.7500,54344.6000,54466.1000
2024-02-04,54141.6500,54141.6500,53823.5500,54096.9500
2024-02-05,54155.1500,54757.3500,54154.9000,54490.5500
2024-02-06,54860.1500,54956.7000,54372.6000,54608.8000
2024-02-07,57360.6500,57374.0000,56473.9500,56669.2000
2024-02-08,61659.0500,62639.5500,61632.8500,61745.1500
2024-02-09,63306.2000,63768.9000,63289.4500,63578.6000
2024-02-12,57839.3000,58090.8000,57543.5500,57917.0000
2024-02-13,53345.4000,53534.8000,53232.6500,53432.0500
2024-02-14,53224.3500,53951.7000,53138.4000,53839.0500
2024-02-15,53902.0000,53997.6500,53265.4000,53321.3500
2024-02-16,53465.0000,53643.9000,53186.7000,53518.6000
2024-02-19,53645.5500,54121.6000,53576.0000,53943.3000
2024-02-20,53981.4000,54027.1500,53552.5500,53882.5000
2024-02-21,53975.5500,54226.8500,53651.2500,53892.3500
2024-02-22,54189.3000,54479.8000,53581.8000,54419.2000
2024-02-23,54528.5000,54561.5500,54268.7500,54337.7500
2024-02-26,54312.6000,54433.2500,54074.5500,54317.3000
2024-02-27,54342.8000,54456.6500,54128.4000,54306.4500
2024-02-28,54406.3000,54439.1500,53742.6500,53824.9000
2024-02-29,53836.7500,54113.3000,53453.5000,54015.6000
2024-03-01,54272.8500,54559.6500,54062.6000,54225.1500
2024-03-02,54433.0500,54570.7500,54344.6000,54466.1000
2024-03-04,54492.8500,54588.5500,54102.5500,54221.7500
2024-03-05,54224.5500,54364.9500,53580.1000,53653.1000
2024-03-06,53657.3500,53946.9000,53171.7500,53879.6000
2024-03-07,53914.0000,54461.0500,53637.1000,54406.3000
2024-03-09,63605.5000,64058.0000,63391.3000,63485.7500
2024-03-10,64687.8000,65076.4000,64392.6000,64502.0500
2024-03-11,54570.8500,54628.6000,53970.2500,54087.4500
2024-03-12,53944.0500,53950.2500,53382.3500,53636.1000
2024-03-13,54844.5000,54962.5000,53470.2500,53664.1500
2024-03-14,53504.4000,54252.4500,53280.2000,54145.8000
2024-03-15,54013.9500,54464.9500,53886.7000,54155.4500
2024-03-18,54144.3000,54189.1000,53805.8500,53907.8500
2024-03-19,53859.5500,53915.1000,52626.9500,52740.9000
2024-03-20,52726.5000,53033.7000,52562.6000,52993.5000
2024-03-21,53210.6000,53423.6000,52967.5500,53338.3500
2024-03-22,53312.9000,53849.6000,53305.0500,53775.7000
2024-03-26,53325.4000,53784.0000,53325.1000,53687.7000
2024-03-27,53737.9500,53819.9500,53491.1000,53543.5500
2024-03-28,53683.2000,54251.0000,53534.4500,53949.2000
2024-04-01,57470.9000,57922.2000,57327.2500,57703.9000
2024-04-02,54141.6500,54141.6500,53823.5500,54096.9500
2024-04-03,54056.2000,54101.6000,53522.9000,53866.7000
2024-04-04,54072.9500,54116.0000,53502.9000,53634.4500
2024-04-05,53718.2000,54094.5000,53569.6500,53925.9500
2024-04-06,54633.8000,55446.3000,53057.6500,55172.5000
2024-04-07,57325.7000,57446.0500,57030.3500,57058.4000
2024-04-08,54100.2500,54228.9000,53902.4500,53966.0500
2024-04-09,54081.1000,54091.3500,53552.6500,53629.3500
2024-04-10,53869.6000,54370.5000,53601.3500,54290.9000
2024-04-11,59579.1000,59589.9000,58398.9500,58743.7000
2024-04-12,57813.7000,58005.9000,57170.3500,57270.3500
2024-04-15,53299.0500,53475.1500,52778.7500,53174.9500
2024-04-16,52996.5500,53526.7500,52937.2500,53402.2500
2024-04-18,53482.9000,53571.7500,52719.7000,52825.5000
2024-04-19,52530.0000,53229.7500,52398.7500,53055.4500
2024-04-22,53318.9000,53594.6000,53128.2000,53499.4500
2024-04-23,53622.0000,54037.9500,53523.4500,53905.3000
2024-04-24,53755.3500,54033.9500,53731.6000,53932.5000
2024-04-25,53998.4500,54358.2000,53642.0500,54291.6500
2024-04-26,54441.5000,54601.6000,54119.7500,54300.7500
2024-04-29,54527.1500,54557.2500,54125.5000,54332.1500
2024-04-30,54519.5000,54670.3000,54181.9500,54240.6000
2024-05-01,57945.1000,57966.7000,57455.8500,57667.3500
2024-05-02,54155.1500,54757.3500,54154.9000,54490.5500
2024-05-03,54224.5500,54364.9500,53580.1000,53653.1000
2024-05-04,53718.2000,54094.5000,53569.6500,53925.9500
2024-05-06,54544.1500,54697.7000,54149.5000,54660.1500
2024-05-07,54942.6000,56222.7500,54855.8000,55765.5500
2024-05-08,60877.2500,62156.5500,60818.8000,61550.4500
2024-05-09,63867.5000,64015.5000,63554.6000,63700.4000
2024-05-10,54739.2500,55407.1000,54601.7500,55276.5000
2024-05-11,58601.5000,58871.2500,58242.3500,58542.2000
2024-05-12,57358.6000,57922.9000,56861.2500,57605.2000
2024-05-13,55386.9500,55525.9000,54816.8500,55340.7000
2024-05-14,55320.3500,55504.4500,55011.7500,55054.3000
2024-05-15,55172.0000,55292.3500,54507.7000,54555.9500
2024-05-16,54757.3000,55066.2000,54159.3500,54997.0000
2024-05-17,55094.9500,55136.6000,54735.4500,55064.7000
2024-05-18,55212.1000,55278.5000,55114.0500,55217.8500
2024-05-21,54998.6500,55139.5500,54764.5500,54969.2500
2024-05-22,55154.9000,55898.4500,55067.8000,55753.9000
2024-05-23,55925.3000,56062.0000,55400.6000,55899.0000
2024-05-24,55847.2500,55894.5500,55369.5500,55449.1500
2024-05-27,55649.6000,55708.7000,55194.5500,55260.5000
2024-05-28,55328.7000,55461.3000,55136.5500,55271.9500
2024-05-29,54920.7000,55254.7000,54918.2500,54974.2500
2024-05-30,54776.5000,54933.0500,54095.2500,54280.1000
2024-05-31,54510.8000,54588.7000,53897.7000,54107.3500
2024-06-02,54860.1500,54956.7000,54372.6000,54608.8000
2024-06-03,55139.0000,55184.8500,54552.1500,54653.6000
2024-06-04,54633.8000,55446.3000,53057.6500,55172.5000
2024-06-05,54544.1500,54697.7000,54149.5000,54660.1500
2024-06-06,57851.6500,57862.0000,56736.8000,57373.6000
2024-06-07,57282.6000,58075.4500,57201.5500,57953.3500
2024-06-08,61654.8000,62291.3500,61516.5000,61604.1500
2024-06-09,63694.9000,63908.5000,62905.8000,63175.7000
2024-06-10,58038.1500,58266.0500,57769.2000,57991.7500
2024-06-11,58608.5500,58962.4000,58441.2000,58754.8000
2024-06-12,57886.2500,57945.4000,57446.7500,57495.5500
2024-06-13,57676.2500,57679.2500,57059.2500,57117.0000
2024-06-14,57162.0500,57401.2500,57051.4500,57225.8500
2024-06-18,57370.8500,57490.6500,57039.0000,57167.4000
2024-06-19,57373.3000,57409.8000,56555.8500,56646.5500
2024-06-20,56705.1000,56895.2000,56352.2000,56669.6500
2024-06-21,56737.5500,56761.3000,55906.6500,55990.1000
2024-06-24,55958.1000,56463.0000,55837.4000,56392.7000
2024-06-25,56457.6500,56544.0500,56084.5500,56246.3500
2024-06-26,56257.7000,56609.8000,56089.8000,56465.2000
2024-06-27,56427.7000,56787.6000,56230.7500,56670.6000
2024-06-28,56709.1000,57007.4500,56560.3500,56756.8500
2024-07-01,56745.5000,57234.4000,56672.8000,57154.7000
2024-07-02,57360.6500,57374.0000,56473.9500,56669.2000
2024-07-03,53914.0000,54461.0500,53637.1000,54406.3000
2024-07-04,57325.7000,57446.0500,57030.3500,57058.4000
2024-07-05,54942.6000,56222.7500,54855.8000,55765.5500
2024-07-06,57282.6000,58075.4500,57201.5500,57953.3500
2024-07-08,57888.4500,58673.9500,57748.9500,58611.2000
2024-07-09,59018.0000,59425.7500,58673.0000,59182.6500
2024-07-10,63522.6500,63688.1500,62894.2500,63028.3500
2024-07-11,59403.3000,59587.6000,58980.7500,59516.7000
2024-07-12,59576.7000,59885.4000,59414.8500,59725.7500
2024-07-15,59805.1500,60141.2500,59603.2000,60070.7000
2024-07-16,60144.2500,60875.1500,60004.0000,60645.1500
2024-07-18,60482.4500,61281.4000,60416.2500,61225.3500
2024-07-19,61286.4500,61491.4000,60840.4500,61087.9000
2024-07-22,60968.2500,61454.2000,60743.7000,60881.7500
2024-07-23,61028.0000,62755.0000,60850.6000,62511.2500
2024-07-24,62627.7000,62731.8000,61908.6000,62182.3500
2024-07-25,61912.5000,62342.2000,61599.1500,62139.5000
2024-07-26,62483.5000,62928.6000,61829.7500,62728.8000
2024-07-29,63016.4500,63084.3000,62311.8500,62513.8500
2024-07-30,62627.1500,62915.9500,61777.8000,61819.0000
2024-07-31,62143.3000,62264.6000,61841.5000,62082.2000
2024-08-01,57718.8500,57748.3500,56636.4500,56672.8500
2024-08-02,54774.6000,54775.6000,53317.2500,53646.2000
2024-08-04,54100.2500,54228.9000,53902.4500,53966.0500
2024-08-05,60877.2500,62156.5500,60818.8000,61550.4500
2024-08-06,61654.8000,62291.3500,61516.5000,61604.1500
2024-08-07,62112.2000,62545.6000,61997.4500,62322.6500
2024-08-08,62480.8000,62503.2500,61880.8000,62042.5500
2024-08-09,62479.5500,62488.4000,62029.8500,62157.3500
2024-08-10,63014.1500,63562.7500,62895.3500,63326.5500
2024-08-11,58241.4000,58431.6500,57854.8500,58359.4000
2024-08-12,61840.2500,62163.8000,61553.4000,61668.4500
2024-08-13,61768.1000,61978.6500,61326.8000,61495.7500
2024-08-14,61642.3000,61730.4000,61092.2500,61305.3000
2024-08-16,61450.0000,62303.4500,61315.6000,62213.0000
2024-08-19,62433.2500,62640.4000,62228.8000,62326.0500
2024-08-20,62381.2000,62473.0500,61996.6000,62240.6000
2024-08-21,62380.4000,63212.5500,62310.8000,63091.9000
2024-08-22,63424.8000,63620.9000,63155.1000,63483.6000
2024-08-23,63586.6500,63700.7500,63134.7500,63409.2500
2024-08-26,63480.0000,63782.5000,63173.3000,63657.9500
2024-08-27,63744.9000,63805.9500,62952.6000,62981.1500
2024-08-28,62994.3000,63069.9000,62563.5500,62713.6000
2024-08-29,62825.8000,63355.6000,62661.3000,63162.9500
2024-08-30,63144.7000,63585.9500,62891.5000,63059.7500
2024-09-01,56868.3000,56996.2500,56487.6500,56573.1000
2024-09-02,53536.8500,54007.8000,53452.7500,53867.1000
2024-09-03,63605.5000,64058.0000,63391.3000,63485.7500
2024-09-04,62906.4500,63821.3000,62906.4500,63742.9000
2024-09-05,63867.5000,64015.5000,63554.6000,63700.4000
2024-09-06,63694.9000,63908.5000,62905.8000,63175.7000
2024-09-07,59018.0000,59425.7500,58673.0000,59182.6500
2024-09-08,62479.5500,62488.4000,62029.8500,62157.3500
2024-09-09,63275.6500,64540.3000,63169.4500,64465.8500
2024-09-10,63515.1000,63517.5500,62190.7500,62334.3500
2024-09-11,64654.0000,65344.6000,64481.6000,64768.1500
2024-09-12,57481.9500,57562.8000,56305.9500,56460.6000
2024-09-13,65616.2500,65616.2500,64912.0500,65062.8000
2024-09-16,65026.1000,65026.1000,64322.4000,64597.0000
2024-09-17,64643.8000,65199.7500,64489.6500,64686.4500
2024-09-18,64722.5500,64988.7500,64261.9500,64615.0500
2024-09-19,64826.2000,65458.6500,64768.1000,64975.8000
2024-09-20,65272.3000,65974.6000,65043.2500,65870.8000
2024-09-23,66008.8000,66438.7000,65787.3500,66305.2000
2024-09-24,66276.3500,66324.8500,65697.3000,65796.6500
2024-09-25,65817.2000,65854.3000,64970.1500,65521.7000
2024-09-26,65604.4000,66218.8500,65496.3500,66156.9000
2024-09-27,65967.0000,66427.7000,65530.6500,65845.4500
2024-09-30,65744.4500,66122.1500,65413.7000,65540.3500
2024-10-01,65546.8500,65685.0000,65029.5500,65470.9500
2024-10-03,64687.8000,65076.4000,64392.6000,64502.0500
2024-10-04,64371.1500,64683.5000,63266.9500,63380.0500
2024-10-05,54739.2500,55407.1000,54601.7500,55276.5000
2024-10-06,58038.1500,58266.0500,57769.2000,57991.7500
2024-10-07,59219.4000,59545.7500,58687.1500,59349.6000
2024-10-08,63014.1500,63562.7500,62895.3500,63326.5500
2024-10-09,63515.1000,63517.5500,62190.7500,62334.3500
2024-10-10,62640.2000,62672.3500,61841.8500,62056.3000
2024-10-11,62257.6500,62312.4500,61849.6000,62080.2000
2024-10-12,56582.8000,56697.4000,56383.8000,56530.2500
2024-10-14,62368.4500,62439.0500,61881.2500,62372.3000
2024-10-15,62494.1500,62683.2000,62112.4500,62607.7000
2024-10-16,62560.1500,62572.0500,62081.2500,62373.2500
2024-10-17,62409.0000,62423.8000,61280.7500,61352.7500
2024-10-18,61372.5000,61409.4000,60453.2000,61042.1000
2024-10-21,60929.0000,60990.5000,59908.2000,60280.2500
2024-10-22,60293.2500,60562.6500,59892.8500,60000.9500
2024-10-23,59712.2000,60352.1500,59712.2000,60097.6500
2024-10-24,60171.8000,60186.4000,58253.2000,58396.9000
2024-10-25,58724.9000,59465.5500,58681.2000,58908.5000
2024-10-28,58984.1000,59518.9500,58571.3000,59252.6500
2024-10-29,59354.5000,59389.9000,58694.9500,59203.8500
2024-10-30,59269.9500,59837.0500,59195.6000,59748.9000
2024-10-31,59773.6000,59882.3500,58983.7500,59203.0000
2024-11-01,56476.4000,56688.0000,56123.8000,56228.5500
2024-11-03,54570.8500,54628.6000,53970.2500,54087.4500
2024-11-04,59579.1000,59589.9000,58398.9500,58743.7000
2024-11-05,58601.5000,58871.2500,58242.3500,58542.2000
2024-11-06,58081.1500,58233.6500,57725.1500,57792.8500
2024-11-07,59403.3000,59587.6000,58980.7500,59516.7000
2024-11-08,58241.4000,58431.6500,57854.8500,58359.4000
2024-11-09,64654.0000,65344.6000,64481.6000,64768.1500
2024-11-10,62257.6500,62312.4500,61849.6000,62080.2000
2024-11-11,58327.1500,58533.2500,57575.1500,57843.9500
2024-11-12,56716.3000,56898.7000,56514.4500,56766.8000
2024-11-13,56730.9500,56855.7000,56489.1000,56647.8500
2024-11-14,56634.7500,56774.0500,55689.2000,55782.7000
2024-11-18,56029.5000,56420.9500,55546.4500,56314.3500
2024-11-19,56554.7500,57012.9000,56268.5000,56378.5500
2024-11-21,56168.9000,56281.9500,55493.2500,55693.7000
2024-11-22,55700.2500,57088.4000,55542.9500,56956.4500
2024-11-25,57443.5000,57902.2000,57214.1000,57358.2000
2024-11-26,57688.1000,58038.2500,57410.2500,57838.2500
2024-11-27,57912.2500,58093.5500,57430.5500,58028.6000
2024-11-28,58068.5000,58788.8500,57444.8000,57706.0500
2024-11-29,57475.9500,58120.4500,57475.9500,57943.7000
2024-12-01,56279.1000,56559.9000,56008.0000,56485.7500
2024-12-02,54005.5500,54036.0000,53231.5000,53292.9500
2024-12-03,57278.2500,57767.6500,57056.8000,57689.2000
2024-12-04,57813.7000,58005.9000,57170.3500,57270.3500
2024-12-05,57358.6000,57922.9000,56861.2500,57605.2000
2024-12-06,57886.2500,57945.4000,57446.7500,57495.5500
2024-12-07,59576.7000,59885.4000,59414.8500,59725.7500
2024-12-08,61840.2500,62163.8000,61553.4000,61668.4500
2024-12-09,64958.6500,65597.8500,64697.7000,65513.2000
2024-12-10,56582.8000,56697.4000,56383.8000,56530.2500
2024-12-11,57925.1500,57960.0500,56796.4500,56902.5500
2024-12-12,56701.1500,56885.7500,56059.5500,56146.7000
2024-12-13,56088.7000,56997.4500,55455.1500,56869.4000
2024-12-16,56946.0000,57062.5500,56517.4500,56697.2000
2024-12-17,56625.4500,56842.1000,56205.0000,56467.4500
2024-12-18,56578.3500,56685.6000,56277.2500,56467.8000
2024-12-19,56145.9500,56570.6000,56042.6500,56157.9000
2024-12-20,56151.8500,56309.7000,55472.4500,55600.8000
2024-12-23,55970.1500,56304.4500,55701.0000,56135.0500
2024-12-24,56151.0500,56586.4500,56008.6500,56439.3000
2024-12-26,56517.4000,56603.6000,56139.0000,56258.0000
2024-12-27,56436.7500,56615.8000,56220.1500,56444.2500
2024-12-30,56545.2500,56827.6000,56278.7000,56618.4000
2024-12-31,56576.2500,56845.8000,56278.5000,56799.6500
2025-01-01,56884.0500,57129.9000,56767.3500,57017.6500
2025-01-02,56818.1000,59302.5500,56051.9500,58396.0500
2025-01-03,57903.0500,57923.5000,57410.0500,57817.0000
2025-01-04,53615.1500,54029.9000,52982.8000,53101.7500
2025-01-06,57837.3000,57853.2500,56547.7500,56714.4000
2025-01-07,54997.5000,55022.0500,54396.9500,54502.9500
2025-01-08,55982.0000,57032.9000,55974.8000,56197.0500
2025-01-09,56140.0000,56212.1500,55901.3000,56175.2000
2025-01-10,57449.9000,57607.5500,56936.6000,57117.7000
2025-01-12,55515.6500,55695.3500,55248.0000,55500.5000
2025-01-13,56334.5000,56925.5000,56332.8000,56420.1500
2025-01-14,56567.3000,56622.1500,55537.6000,55627.2000
2025-01-15,55746.8500,55832.1500,55190.2500,55549.8500
2025-01-16,55771.7500,55834.0000,54922.4500,55240.0000
2025-01-17,55332.2000,56005.1000,55142.5500,55800.8500
2025-01-20,55824.2500,55952.8500,55462.0000,55738.0500
2025-01-21,55914.5500,56372.1000,55516.6500,55622.6500
2025-01-22,55815.5500,56055.7000,55427.7500,55596.0500
2025-01-23,55308.1500,55951.2500,54770.1500,55781.8000
2025-01-24,55908.9500,56359.4500,55679.0000,56069.3500
2025-01-27,55832.0500,56227.3000,55463.0000,55654.5000
2025-01-28,55742.2500,55799.1500,55269.2500,55441.9500
2025-01-29,55444.8000,55673.9000,54757.0000,55163.0500
2025-01-30,55212.4500,55803.0000,55168.5500,55558.9500
2025-01-31,55572.4500,56791.3500,55551.8500,56691.9500
2025-02-01,56818.1000,59302.5500,56051.9500,58396.0500
2025-02-03,58276.3000,58475.1000,57110.3000,57419.5500
2025-02-04,53286.6000,53738.4500,52851.5000,53702.6000
2025-02-05,57339.1000,57392.2500,56311.5000,56383.7500
2025-02-06,55350.1500,55827.6000,55348.1500,55732.5500
2025-02-07,55904.0000,56140.6500,54822.0500,55113.3000
2025-02-09,56210.2000,56882.6000,56191.7000,56806.6000
2025-02-10,55081.1000,55513.2000,54657.2000,54856.6500
2025-02-11,55012.1000,55117.2000,53505.6000,53794.2500
2025-02-12,53741.8000,53962.2000,53114.1000,53739.0000
2025-02-13,53713.6500,53944.9000,53221.1000,53314.7500
2025-02-14,53444.7000,53912.6000,52993.3500,53138.5500
2025-02-17,53011.7500,53080.1000,52644.7500,52945.0000
2025-02-18,52897.5500,53104.0000,52383.8500,52480.5000
2025-02-19,52346.7000,52606.6000,52096.2000,52360.4500
2025-02-20,52035.2500,52379.1500,51905.3000,52337.3000
2025-02-21,52362.4000,52443.5000,51893.2500,52098.1500
2025-02-24,51753.7500,52340.2000,51729.5000,52285.8000
2025-02-25,52223.9000,52645.4000,52158.9000,52453.3500
2025-02-27,52453.3500,52579.1000,51875.3500,52055.1500
2025-02-28,51796.6500,51918.2000,50546.8500,50689.0000
2025-03-01,57903.0500,57923.5000,57410.0500,57817.0000
2025-03-02,58276.3000,58475.1000,57110.3000,57419.5500
2025-03-03,50739.7500,50856.8000,50287.9000,50786.6500
2025-03-04,50494.3000,50602.6000,50199.3500,50524.2500
2025-03-05,50397.3000,51613.9500,50397.3000,51279.1000
2025-03-06,51597.5500,51966.0000,51108.9500,51890.3000
2025-03-07,51804.9500,52005.2000,51533.7500,51891.8000
2025-03-09,56955.9000,57063.2500,56702.9000,56969.2000
2025-03-10,55062.9500,55213.0500,54679.0000,55170.6000
2025-03-11,51670.3000,52224.6000,51612.0000,51951.4500
2025-03-12,55415.5500,55447.3000,54732.3500,54949.1000
2025-03-13,52047.2500,52327.6000,51781.7500,51879.2500
2025-03-17,51777.1500,52280.6500,51545.3500,51773.1500
2025-03-18,52075.0000,52658.6000,51949.0500,52475.0000
2025-03-19,52612.3500,52677.2000,52151.9000,52184.1000
2025-03-20,52443.4500,53035.4000,52214.5500,52857.9000
2025-03-21,53066.2500,53096.1500,52670.6000,52986.0500
2025-03-24,53185.0500,53349.3000,53014.8500,53232.7500
2025-03-25,53307.1000,53601.6500,52990.1000,53131.3000
2025-03-26,53229.4500,53291.5500,52872.3000,52988.5000
2025-03-27,53002.5500,53475.0500,52649.2000,53276.6000
2025-03-28,53198.8000,54150.9000,53198.8000,53589.8000
2025-04-01,53615.1500,54029.9000,52982.8000,53101.7500
2025-04-02,57701.8500,57793.7000,56859.6500,57274.7000
2025-04-03,50494.3000,50602.6000,50199.3500,50524.2500
2025-04-04,53603.7000,54223.3500,53310.0000,53830.7000
2025-04-06,55542.9500,55678.6500,55279.5000,55530.5500
2025-04-07,54699.2000,54799.3500,54550.1000,54735.6000
2025-04-08,53800.0500,54531.4000,53557.3500,54300.2500
2025-04-09,54365.2500,55412.2000,54280.8500,55264.7500
2025-04-11,55939.5500,55960.5000,55234.1500,55741.1000
2025-04-12,54932.5000,55266.2500,54709.0500,55209.3000
2025-04-15,56620.0500,56620.5000,55537.1500,55896.9500
2025-04-16,55694.6500,56435.9500,55694.6500,56345.6000
2025-04-17,56303.1500,56728.3000,56008.6500,56674.2000
2025-04-21,56768.3500,56789.7500,56084.8000,56130.2000
2025-04-22,56471.0000,57282.2000,56263.5500,57193.8000
2025-04-23,57436.3500,57559.2500,57128.7500,57497.9000
2025-04-24,57582.6500,58048.2000,56784.4500,56887.5500
2025-04-25,56926.9000,57121.8000,55976.9500,56532.3500
2025-04-28,56432.9500,56767.1000,56313.3500,56620.3000
2025-04-29,56693.8000,56744.5000,56246.3000,56474.5000
2025-04-30,56492.0000,56826.2500,56150.3000,56445.3500
2025-05-02,57339.1000,57392.2500,56311.5000,56383.7500
2025-05-03,50397.3000,51613.9500,50397.3000,51279.1000
2025-05-05,56417.9500,57047.9500,56360.5500,56936.2000
2025-05-06,55660.3000,55854.9000,55323.2000,55632.4500
2025-05-07,56501.6500,56756.6000,56302.2500,56590.2500
2025-05-08,56202.4500,56231.4000,55584.8500,55733.7000
2025-05-09,57176.1500,57217.7500,56012.0000,56292.1000
2025-05-12,55147.2500,55254.2000,54476.6500,55202.8500
2025-05-13,57061.3000,57363.6000,56208.8000,56334.1500
2025-05-14,56340.4000,56596.9500,56040.7000,56351.7000
2025-05-15,56410.1500,56939.5500,56063.3000,56685.9500
2025-05-16,56909.8000,57090.4500,56590.9000,57061.8000
2025-05-19,57038.3500,57370.7500,56805.8500,56955.7000
2025-05-20,57209.6500,57229.0500,56142.6500,56206.2500
2025-05-21,56369.4000,56753.5000,56235.2000,56413.1500
2025-05-22,56326.9000,56334.0000,55305.2000,55598.0500
2025-05-23,56022.0000,56679.7500,55789.8500,56502.0500
2025-05-26,56678.5000,57084.9500,56614.7000,57049.7000
2025-05-27,57133.5500,57204.1000,56236.8500,56547.6000
2025-05-28,55890.7000,55970.8000,55618.3500,55703.8500
2025-05-29,55846.7000,55881.4000,55309.2000,55630.4500
2025-05-30,55608.4000,55736.8500,55201.8000,55283.0000
2025-06-01,57837.3000,57853.2500,56547.7500,56714.4000
2025-06-02,56592.9000,56607.3500,55646.5000,55841.8000
2025-06-03,51597.5500,51966.0000,51108.9500,51890.3000
2025-06-04,55542.9500,55678.6500,55279.5000,55530.5500
2025-06-05,56943.4500,57197.7000,56715.5500,56883.4000
2025-06-06,55737.8500,55842.0500,55564.1500,55802.7000
2025-06-08,55728.5500,55778.6000,55097.3500,55230.8000
2025-06-09,55974.1500,56079.2500,55686.2500,56026.1000
2025-06-10,56178.2000,56331.8000,55952.8500,56198.8000
2025-06-11,56128.8000,56208.4000,55749.2500,55820.6000
2025-06-12,56019.4000,56020.2500,55005.1500,55104.1000
2025-06-13,54373.6000,54688.6000,54349.1500,54527.1500
2025-06-16,54534.7000,54908.5500,54414.4500,54873.3000
2025-06-17,54842.0000,54932.0500,54540.0500,54708.7500
2025-06-18,54647.1500,54804.8000,54284.3000,54452.4000
2025-06-19,54418.7000,54603.7500,54158.3500,54283.5000
2025-06-20,54316.9000,54690.0500,54265.7000,54630.9500
2025-06-23,54395.3000,54459.1000,54066.0500,54226.8500
2025-06-24,54597.0000,54792.8500,54303.3000,54346.3000
2025-06-25,54575.2500,54892.3500,54518.4500,54747.2500
2025-06-26,54882.8000,55165.9000,54709.2000,55118.8000
2025-06-27,55246.5000,55298.3500,55044.7500,55109.0000
2025-06-30,55203.5000,55268.1500,54698.1500,54883.9000
2025-07-01,56852.2500,57126.6000,56667.8500,56719.5500
2025-07-02,55904.0000,56140.6500,54822.0500,55113.3000
2025-07-03,51804.9500,52005.2000,51533.7500,51891.8000
2025-07-04,51201.9000,53395.4500,51201.9000,53241.1500
2025-07-05,56501.6500,56756.6000,56302.2500,56590.2500
2025-07-07,54874.0000,55691.7500,54859.9500,55652.8500
2025-07-08,55624.3500,55753.0000,55283.0000,55504.0000
2025-07-09,55526.4000,56028.1500,55523.4500,55946.2000
2025-07-10,56026.6000,56074.8500,55576.7000,55628.2000
2025-07-11,55497.6500,55712.1000,55306.8500,55437.2000
2025-07-14,55903.7000,56080.5500,55743.0000,56025.6000
2025-07-15,56170.6000,56465.8000,56033.3500,56429.0500
2025-07-16,56452.9000,56791.5000,56286.0500,56685.5500
2025-07-17,56751.2000,57017.1500,56665.4000,56843.0500
2025-07-18,56943.3500,56943.3500,56388.2000,56506.9000
2025-07-21,56496.8500,56541.8000,56086.5500,56222.7000
2025-07-22,56286.8000,56288.5500,55939.3500,56003.9500
2025-07-23,56163.7500,56221.3000,55586.6500,55710.3500
2025-07-24,55859.6000,56015.5000,55020.9500,55085.8500
2025-07-25,55046.0000,55046.0000,54463.3000,54579.9500
2025-07-28,54593.7500,55050.2500,54510.6500,54732.9500
2025-07-29,54733.0000,54943.6000,54473.3000,54891.1500
2025-07-30,54906.7000,55105.2500,54730.6000,55020.4000
2025-07-31,54695.8000,56120.4000,54694.9000,55812.1500
2025-08-01,55982.0000,57032.9000,55974.8000,56197.0500
2025-08-04,56336.6500,56431.3000,55979.1000,56139.6500
2025-08-05,56202.4500,56231.4000,55584.8500,55733.7000
2025-08-06,55728.5500,55778.6000,55097.3500,55230.8000
2025-08-07,55156.3500,55430.2500,54950.9000,55298.5000
2025-08-08,55343.9500,55517.9000,54844.6500,54900.9500
2025-08-09,56332.7500,56617.7500,56133.1000,56171.3000
2025-08-10,54609.4500,54764.0000,54367.8500,54489.6500
2025-08-11,54855.3000,55352.6000,54630.9000,55309.9000
2025-08-12,55235.9500,55282.5500,54377.6000,54540.5000
2025-08-13,55135.0000,55229.5500,54771.5000,55010.1500
2025-08-14,55089.0500,55139.5500,54573.7500,54656.3000
2025-08-18,55379.8000,55775.4000,55223.9000,55304.2500
2025-08-19,55382.1000,55966.4000,55154.7000,55886.6500
2025-08-20,55854.4000,56786.6500,55675.7500,56664.0500
2025-08-21,56713.3000,56719.8000,56204.8500,56303.0500
2025-08-22,56303.6000,56429.0000,55694.4000,55737.4500
2025-08-25,55879.4000,55894.0500,55541.0000,55681.6500
2025-08-26,55580.3000,56425.1500,55578.1000,56187.0000
2025-08-28,56595.5000,56595.5000,55521.3000,55612.9500
2025-08-29,55687.2500,56565.0000,55594.4500,56141.8500
2025-09-01,56953.8000,58238.1000,56764.5000,57495.6000
2025-09-02,56210.2000,56882.6000,56191.7000,56806.6000
2025-09-03,56955.9000,57063.2500,56702.9000,56969.2000
2025-09-04,58485.0500,58485.0500,57019.5500,57104.0500
2025-09-05,55203.2000,55703.7000,55038.5000,55633.0000
2025-09-06,55974.1500,56079.2500,55686.2500,56026.1000
2025-09-07,55526.4000,56028.1500,55523.4500,55946.2000
2025-09-08,56332.7500,56617.7500,56133.1000,56171.3000
2025-09-09,56338.1500,56554.2000,56074.9000,56497.2500
2025-09-10,56611.4500,56906.9000,56384.3500,56856.8500
2025-09-11,56844.3500,57124.8500,56800.5000,56960.6000
2025-09-12,54448.2000,54723.3000,54134.5000,54521.2000
2025-09-15,56516.2000,56673.2000,56430.4500,56551.3500
2025-09-16,56634.3000,56700.8000,56292.6500,56398.6500
2025-09-17,56562.7000,56678.3500,56213.7500,56321.0000
2025-09-18,56448.8500,56643.4500,56293.1000,56522.3500
2025-09-19,56594.5500,56640.7000,56191.7500,56273.0500
2025-09-22,56357.0000,56425.5000,55859.5000,56006.7500
2025-09-23,56025.4500,56127.3500,55242.7500,55281.5500
2025-09-24,55290.1000,55703.9500,55110.2000,55378.9500
2025-09-25,55424.7500,55656.0000,55031.6500,55108.0000
2025-09-26,55031.5500,55199.5500,54776.9500,54847.5500
2025-09-29,54861.6000,55007.1000,54343.7500,54945.8000
2025-09-30,54974.5500,55069.2500,54522.2000,54710.7000
2025-10-01,57449.9000,57607.5500,56936.6000,57117.7000
2025-10-02,55081.1000,55513.2000,54657.2000,54856.6500
2025-10-03,55062.9500,55213.0500,54679.0000,55170.6000
2025-10-06,56178.2000,56331.8000,55952.8500,56198.8000
2025-10-07,55114.6500,55254.4500,54695.3000,54763.8500
2025-10-08,54609.4500,54764.0000,54367.8500,54489.6500
2025-10-09,56611.4500,56906.9000,56384.3500,56856.8500
2025-10-10,54696.6000,55023.2000,54595.9500,54966.4500
2025-10-11,55425.9500,55652.3500,55291.4500,55334.4500
2025-10-12,54545.1000,54903.9500,54447.2000,54506.0000
2025-10-13,54735.0500,54941.7500,54368.5000,54473.8500
2025-10-14,54530.9500,54610.6000,54142.3000,54213.7500
2025-10-15,54295.3000,54837.8000,54270.3500,54748.7000
2025-10-16,54799.5500,55902.3000,54733.0500,55853.9000
2025-10-17,55862.7000,56834.9500,55840.4000,56616.4000
2025-10-20,56737.6000,57025.6500,56533.9000,56597.1500
2025-10-21,56678.9000,56797.3000,56536.9500,56609.1500
2025-10-23,56826.9000,57445.2000,56689.9000,56772.4500
2025-10-24,56701.5500,56701.5500,55926.5000,56348.1000
2025-10-27,56385.4500,56631.3000,56265.6000,56428.9500
2025-10-28,56481.7000,56602.2000,55851.8500,56110.0500
2025-10-29,56250.3000,56663.8500,56127.4000,56615.3500
2025-10-30,56661.1500,56690.3500,56099.9500,56343.5000
2025-10-31,56533.2500,56756.1500,56168.2000,56208.5000
2025-11-02,55012.1000,55117.2000,53505.6000,53794.2500
2025-11-03,51670.3000,52224.6000,51612.0000,51951.4500
2025-11-04,56177.2500,56188.1500,55735.1000,55815.6000
2025-11-06,56123.7500,56273.7000,55617.3000,55711.7500
2025-11-07,56023.3500,56349.9000,55792.4000,55910.2500
2025-11-08,54855.3000,55352.6000,54630.9000,55309.9000
2025-11-09,56844.3500,57124.8500,56800.5000,56960.6000
2025-11-10,55425.9500,55652.3500,55291.4500,55334.4500
2025-11-11,55347.3000,55588.3500,55048.4500,55523.0500
2025-11-12,54485.4000,54712.3000,54246.9000,54619.6500
2025-11-13,55594.8000,55616.7000,55209.8000,55243.5000
2025-11-14,55153.6000,55621.2500,54914.6000,55560.8000
2025-11-17,55769.7500,55897.5500,55534.4000,55677.1500
2025-11-18,55652.4000,55739.6000,55185.1000,55363.4500
2025-11-19,55349.0000,55469.1500,55260.6500,55380.8000
2025-11-20,55460.5500,55863.2500,55362.4500,55426.7000
2025-11-21,55394.9500,55605.0500,55240.6500,55504.7000
2025-11-24,55630.9000,55636.8500,55080.3500,55138.1500
2025-11-25,55135.2500,55258.6500,54850.3500,55052.1000
2025-11-26,54952.9500,55477.9000,54952.9500,55442.6000
2025-11-27,55526.4000,55638.5000,55264.8500,55470.5500
2025-11-28,55475.5500,55638.7500,55443.8000,55595.8000
2025-12-01,55515.6500,55695.3500,55248.0000,55500.5000
2025-12-02,55463.5000,55678.9500,55269.1000,55390.9500
2025-12-03,51973.9000,52097.1000,51663.9500,51957.2500
2025-12-04,54932.5000,55266.2500,54709.0500,55209.3000
2025-12-05,56498.1500,57160.7000,56354.8000,57101.4000
2025-12-06,56019.4000,56020.2500,55005.1500,55104.1000
2025-12-08,55336.5000,55596.6500,54973.4000,55034.4500
2025-12-09,56991.8000,57065.5000,56430.5000,56557.1500
2025-12-10,54545.1000,54903.9500,54447.2000,54506.0000
2025-12-11,55629.9500,55639.7500,55327.2500,55529.2000
2025-12-12,54671.0500,54744.7000,54236.0500,54490.8000
2025-12-15,54473.4500,54930.8000,54264.7500,54868.4000
2025-12-16,54799.4500,55324.9000,54699.9500,54863.4500
2025-12-17,54772.2000,54938.9000,54515.7500,54603.4000
2025-12-18,54623.0000,54683.8000,54323.9000,54546.4500
2025-12-19,54507.0000,54854.8500,54507.0000,54781.3500
2025-12-22,54885.0500,55133.8000,54821.0000,55062.6500
2025-12-23,55103.6000,55431.0000,54912.5000,55348.6500
2025-12-24,55363.1500,55383.4000,55019.9500,55113.7500
2025-12-26,55083.8500,55233.3500,54957.2500,55132.0500
2025-12-29,55143.2500,55227.1500,54969.4000,55192.4500
2025-12-30,55231.3500,55246.9500,54918.5500,55033.1500
2025-12-31,55069.0000,55559.0500,55055.1000,55475.6500
2026-01-01,55538.4500,55552.9000,53478.7000,53718.5000
2026-01-02,51316.6000,51324.8000,49741.6500,50042.8000
2026-01-04,46499.4500,46513.0500,45886.2500,46135.9500
2026-01-06,49474.5500,49571.6500,48127.5000,48247.7000
2026-01-07,48981.9000,49880.5000,48881.6000,49806.8000
2026-01-09,46470.1000,46615.1000,46166.3500,46457.1500
2026-01-10,44386.0000,44441.6500,43442.3000,43789.8500
2026-02-01,53562.5000,53579.4000,52741.8500,53078.8000
2026-02-02,50103.9000,50696.4500,49336.5000,50623.2000
2026-02-03,49968.2500,50879.5000,49954.1500,50751.6500
2026-02-04,45882.7000,46315.2500,45334.1500,46232.1500
2026-02-06,47996.4000,48668.6500,47867.6500,48612.8000
2026-02-07,49930.3000,50176.5000,49677.2500,50084.7000
2026-02-09,46186.9000,46294.1000,45880.6500,46240.5500
2026-03-02,51534.7000,51840.2500,50505.5500,50806.6500
2026-03-06,48617.3000,48617.3000,47922.8000,48123.9500
2026-03-07,50378.8000,50550.1500,49985.5500,50096.4000
2026-03-08,49351.9000,50036.6500,49298.6000,49965.6000
2026-03-09,46247.7000,46287.4500,45858.4000,45955.6500
2026-04-02,50938.2000,51244.9000,50725.9000,50922.7500
2026-04-03,50052.3500,50315.8000,49742.2500,49797.5000
2026-04-05,51383.0000,51972.9000,51129.2000,51266.0000
2026-04-06,48067.9500,48538.1000,47851.2500,48216.0000
2026-04-08,49767.2000,49771.9000,48988.4000,49527.1000
2026-04-09,46035.2000,46134.5500,45803.1000,45892.7500
2026-05-01,53054.9500,53573.7500,52885.6000,53441.1000
2026-05-02,50915.0500,51403.1000,50615.9000,50731.6500
2026-05-03,49985.8500,50186.4500,49354.8000,50000.8000
2026-05-05,51249.8500,51642.7000,51036.2500,51593.5500
2026-05-06,48277.7000,48369.2500,48026.4000,48302.4500
2026-05-08,49474.7500,49544.1500,49172.6000,49383.5000
2026-05-10,44070.3000,44580.6000,43929.3500,44579.6500
2026-06-01,53538.8000,53637.7500,53152.7000,53561.9500
2026-06-02,50667.8500,51935.5500,50383.9000,51882.7500
2026-06-03,49847.6500,50173.6000,49679.5000,49970.6000
2026-06-04,46291.4500,46666.5000,45901.5000,46600.0500
2026-06-05,51898.8500,51947.3500,51194.7000,51460.5500
2026-06-07,50121.6000,50302.1500,49969.8000,50196.3500
2026-06-08,49375.3000,49448.9500,49241.6000,49369.8500
2026-06-10,44697.2500,45205.9000,44444.2000,45205.3500
2026-07-01,53636.2000,53782.6000,53319.6000,53493.8000
2026-07-04,46362.2500,47057.8000,46020.5000,46980.1000
2026-07-05,51485.4500,51504.9500,51000.1000,51068.4500
2026-07-07,50202.6500,50367.7500,49958.0500,50225.8500
2026-07-08,49325.2000,49628.8500,49217.5500,49435.2000
2026-07-09,45850.6500,45891.0000,45567.1500,45592.1500
2026-07-10,45012.7000,45051.5000,44641.4000,44800.8500
2026-08-01,53419.6500,53515.6500,52922.1000,53010.1500
2026-08-04,47851.6500,48076.8000,47648.3000,47704.2500
2026-08-05,51107.5500,51320.1500,50756.8500,51165.9000
2026-08-06,47935.1000,48458.5500,47674.7000,48098.6500
2026-08-07,49955.2500,50035.6500,48828.4000,48977.4000
2026-08-09,45612.4500,45963.6500,45448.1500,45749.8500
2026-08-10,44709.8000,44944.5500,43764.5500,43898.0500
2026-09-01,52918.2500,53083.5000,52332.6500,52438.1500
2026-09-02,52041.0000,52098.4500,51582.8000,52047.3000
2026-09-03,49299.4000,49321.6000,48740.9500,49192.4000
2026-09-04,47611.8000,47969.4500,47458.6000,47640.7000
2026-09-06,48316.8000,48506.6000,48056.1000,48447.4000
2026-09-07,49094.9500,49657.4000,49094.9500,49350.1500
2026-09-09,45635.7000,45707.7500,45197.1000,45309.2500
2026-09-10,43953.5500,45018.6000,43936.5500,44864.2500
2026-10-02,52105.1000,52183.5500,51889.0500,52130.4500
2026-10-03,49627.5000,49717.5500,49288.1000,49603.5500
2026-10-04,47727.3500,48285.0000,47632.1500,48194.0500
2026-10-06,48484.1500,49439.5500,48390.3500,48957.0000
2026-10-07,49515.9500,49644.3500,49202.9000,49310.6000
2026-10-08,49421.7500,49558.3000,49188.3000,49363.6000
2026-10-09,45335.3000,45477.7500,45066.4500,45185.6000
2026-11-02,52335.9500,52411.1000,51967.7000,52152.1000
2026-11-03,49649.5500,49685.5000,48964.9500,49059.7000
2026-11-05,51118.1500,51444.1500,50870.4000,51205.6500
2026-11-06,48852.2000,48964.4500,48464.8500,48521.8000
2026-11-08,49337.2500,49360.4500,48739.0500,48787.8500
2026-11-09,44909.3000,45276.7000,44825.6000,45053.7500
2026-12-01,52381.2500,52814.8500,52271.7500,52745.5000
2026-12-02,52212.7000,52221.7500,51571.5000,51885.7500
2026-12-03,48909.8000,48929.0000,48036.5000,48189.1500
2026-12-05,51019.8000,51237.2000,50396.5000,50453.9000
2026-12-06,48829.8500,49007.7500,48654.8000,48827.6000
2026-12-08,48635.0500,48655.1000,48195.4000,48429.3500
