Date,Open,High,Low,Close
2004-01-01,,,,1000.0000
2004-01-02,,,,1016.6400
2004-01-03,,,,869.8300
2004-01-04,,,,791.3900
2004-01-05,,,,989.9200
2004-01-06,,,,964.8400
2004-01-07,,,,961.9000
2004-01-08,,,,1004.2100
2004-01-09,,,,976.7200
2004-01-10,,,,909.4400
2004-01-11,,,,911.1400
2004-01-12,,,,959.6600
2004-01-13,,,,958.1000
2004-01-14,,,,961.2400
2004-01-15,,,,950.2900
2004-01-16,,,,918.3700
2004-01-19,,,,949.5600
2004-01-20,,,,924.6000
2004-01-21,,,,863.9700
2004-01-22,,,,818.3600
2004-01-23,,,,878.1900
2004-01-27,,,,908.2100
2004-01-28,,,,879.5400
2004-01-29,,,,877.1300
2004-01-30,,,,844.7700
2004-02-01,,,,1016.6400
2004-02-03,,,,799.1500
2004-02-04,,,,859.2000
2004-02-05,,,,838.0700
2004-02-06,,,,861.8600
2004-02-07,,,,625.8300
2004-02-08,,,,765.7600
2004-02-09,,,,883.9500
2004-02-10,,,,872.2200
2004-02-11,,,,910.0700
2004-02-12,,,,1021.7500
2004-02-13,,,,918.1700
2004-02-16,,,,920.6100
2004-02-17,,,,932.1000
2004-02-18,,,,918.8500
2004-02-19,,,,880.7200
2004-02-20,,,,881.9000
2004-02-23,,,,864.0200
2004-02-24,,,,881.0500
2004-02-25,,,,859.7600
2004-02-26,,,,848.3400
2004-02-27,,,,858.0200
2004-03-01,,,,869.8300
2004-03-02,,,,799.1500
2004-03-03,,,,871.7800
2004-03-04,,,,846.6300
2004-03-05,,,,719.5800
2004-03-06,,,,605.6700
2004-03-08,,,,767.8300
2004-03-09,,,,776.2700
2004-03-10,,,,868.8700
2004-03-11,,,,922.6300
2004-03-12,,,,1018.5400
2004-03-15,,,,801.0600
2004-03-16,,,,798.3900
2004-03-17,,,,799.5000
2004-03-18,,,,781.7700
2004-03-19,,,,786.8300
2004-03-22,,,,741.7000
2004-03-23,,,,729.4000
2004-03-24,,,,721.5900
2004-03-25,,,,739.5100
2004-03-26,,,,759.2000
2004-03-29,,,,772.3500
2004-03-30,,,,765.3100
2004-03-31,,,,760.8700
2004-04-01,,,,791.3900
2004-04-02,,,,859.2000
2004-04-03,,,,846.6300
2004-04-05,,,,828.8300
2004-04-06,,,,618.2600
2004-04-07,,,,797.8800
2004-04-08,,,,803.9400
2004-04-10,,,,925.6900
2004-04-11,,,,920.9000
2004-04-12,,,,801.8100
2004-04-13,,,,812.8300
2004-04-15,,,,801.5000
2004-04-16,,,,808.2500
2004-04-17,,,,809.2700
2004-04-19,,,,813.3100
2004-04-20,,,,826.5000
2004-04-21,,,,866.8800
2004-04-22,,,,866.6500
2004-04-23,,,,864.0400
2004-04-27,,,,801.1300
2004-04-28,,,,814.0100
2004-04-29,,,,787.3900
2004-04-30,,,,754.8700
2004-05-01,,,,989.9200
2004-05-02,,,,838.0700
2004-05-03,,,,719.5800
2004-05-04,,,,828.8300
2004-05-05,,,,749.8100
2004-05-06,,,,776.9500
2004-05-07,,,,751.1900
2004-05-08,,,,801.0500
2004-05-10,,,,742.0000
2004-05-11,,,,695.9300
2004-05-12,,,,697.9800
2004-05-13,,,,696.7800
2004-05-14,,,,616.5400
2004-05-17,,,,528.4300
2004-05-18,,,,581.0700
2004-05-19,,,,627.3600
2004-05-20,,,,644.1900
2004-05-21,,,,657.2100
2004-05-24,,,,670.4300
2004-05-25,,,,667.5100
2004-05-26,,,,662.1500
2004-05-27,,,,648.2600
2004-05-28,,,,617.8400
2004-05-31,,,,613.3200
2004-06-01,,,,964.8400
2004-06-02,,,,634.5200
2004-06-03,,,,605.6700
2004-06-04,,,,618.2600
2004-06-05,,,,776.9500
2004-06-07,,,,622.5100
2004-06-08,,,,796.3800
2004-06-09,,,,784.7300
2004-06-10,,,,623.4700
2004-06-11,,,,606.8300
2004-06-12,,,,1030.3900
2004-06-14,,,,572.8000
2004-06-15,,,,588.4600
2004-06-16,,,,577.2900
2004-06-17,,,,581.7500
2004-06-18,,,,570.5700
2004-06-21,,,,568.3100
2004-06-22,,,,571.2500
2004-06-23,,,,550.9300
2004-06-24,,,,557.4100
2004-06-25,,,,600.6200
2004-06-28,,,,618.1600
2004-06-29,,,,620.8300
2004-06-30,,,,615.8000
2004-07-01,,,,621.9000
2004-07-02,,,,625.8300
2004-07-04,,,,797.8800
2004-07-05,,,,751.1900
2004-07-06,,,,622.5100
2004-07-07,,,,664.3000
2004-07-08,,,,609.2300
2004-07-09,,,,639.5800
2004-07-10,,,,927.6800
2004-07-12,,,,1023.2300
2004-07-13,,,,633.3400
2004-07-14,,,,644.4200
2004-07-15,,,,682.4300
2004-07-16,,,,689.3100
2004-07-19,,,,694.6900
2004-07-20,,,,690.8400
2004-07-21,,,,709.1600
2004-07-22,,,,721.9600
2004-07-23,,,,733.5600
2004-07-26,,,,749.9300
2004-07-27,,,,743.2200
2004-07-28,,,,754.0200
2004-07-29,,,,770.4700
2004-07-30,,,,773.2200
2004-08-01,,,,1004.2100
2004-08-02,,,,765.7600
2004-08-03,,,,892.5300
2004-08-04,,,,803.9400
2004-08-05,,,,801.0500
2004-08-06,,,,796.3800
2004-08-07,,,,609.2300
2004-08-09,,,,796.9800
2004-08-10,,,,939.7700
2004-08-11,,,,933.5900
2004-08-12,,,,769.9300
2004-08-13,,,,768.3500
2004-08-16,,,,791.7700
2004-08-17,,,,806.3900
2004-08-18,,,,786.3300
2004-08-19,,,,801.2800
2004-08-20,,,,786.4700
2004-08-23,,,,754.2800
2004-08-24,,,,763.3000
2004-08-25,,,,760.2200
2004-08-26,,,,760.3600
2004-08-27,,,,753.5400
2004-08-30,,,,768.6500
2004-08-31,,,,781.8000
2004-09-01,,,,976.7200
2004-09-02,,,,883.9500
2004-09-03,,,,873.6600
2004-09-06,,,,622.9500
2004-09-07,,,,639.5800
2004-09-08,,,,796.9800
2004-09-09,,,,790.9900
2004-09-10,,,,951.4300
2004-09-11,,,,922.3100
2004-09-12,,,,994.4900
2004-09-13,,,,809.2600
2004-09-14,,,,796.4600
2004-09-15,,,,798.8000
2004-09-16,,,,822.9600
2004-09-17,,,,843.6400
2004-09-20,,,,852.8800
2004-09-21,,,,871.3900
2004-09-22,,,,865.0100
2004-09-23,,,,869.0600
2004-09-24,,,,872.1200
2004-09-27,,,,878.2200
2004-09-28,,,,856.2000
2004-09-29,,,,885.2500
2004-09-30,,,,895.3800
2004-10-01,,,,909.4400
2004-10-02,,,,872.2200
2004-10-03,,,,868.8700
2004-10-04,,,,925.6900
2004-10-05,,,,925.5200
2004-10-06,,,,912.3800
2004-10-07,,,,927.6800
2004-10-08,,,,939.7700
2004-10-09,,,,951.4300
2004-10-11,,,,939.2800
2004-10-12,,,,988.4400
2004-10-14,,,,896.5000
2004-10-15,,,,899.4000
2004-10-18,,,,899.0100
2004-10-19,,,,916.2000
2004-10-20,,,,902.2400
2004-10-21,,,,883.4100
2004-10-25,,,,855.8800
2004-10-26,,,,892.4700
2004-10-27,,,,903.5800
2004-10-28,,,,917.7200
2004-10-29,,,,901.8700
2004-11-01,,,,911.1400
2004-11-02,,,,892.2700
2004-11-03,,,,844.8000
2004-11-04,,,,920.9000
2004-11-05,,,,928.8400
2004-11-06,,,,606.8300
2004-11-08,,,,775.2900
2004-11-09,,,,922.3100
2004-11-10,,,,948.9300
2004-11-11,,,,933.3700
2004-11-12,,,,939.6900
2004-11-16,,,,944.5600
2004-11-17,,,,946.6900
2004-11-18,,,,957.1000
2004-11-19,,,,945.1700
2004-11-22,,,,945.6600
2004-11-23,,,,960.4400
2004-11-24,,,,968.8500
2004-11-25,,,,970.2500
2004-11-29,,,,996.6600
2004-11-30,,,,997.5800
2004-12-01,,,,1011.2900
2004-12-02,,,,886.3600
2004-12-03,,,,848.7300
2004-12-04,,,,801.8100
2004-12-05,,,,697.9800
2004-12-06,,,,1030.3900
2004-12-07,,,,645.7400
2004-12-08,,,,997.7800
2004-12-09,,,,994.4900
2004-12-10,,,,930.9500
2004-12-11,,,,939.6900
2004-12-13,,,,1000.7300
2004-12-14,,,,1026.4100
2004-12-15,,,,1025.6200
2004-12-16,,,,1018.6900
2004-12-17,,,,1030.0700
2004-12-20,,,,1044.8400
2004-12-21,,,,1047.6800
2004-12-22,,,,1036.9600
2004-12-23,,,,1057.2400
2004-12-24,,,,1091.0400
2004-12-27,,,,1113.7400
2004-12-28,,,,1160.6400
2004-12-29,,,,1151.7100
2004-12-30,,,,1144.5600
2004-12-31,,,,1146.5300
2005-01-02,,,,1143.1600
2005-01-03,,,,1164.9400
2005-01-04,,,,1195.6300
2005-01-05,,,,1095.8300
2005-01-06,,,,998.0800
2005-01-07,,,,1082.8800
2005-01-08,,,,1032.5000
2005-01-09,,,,1161.8500
2005-01-10,,,,1077.4600
2005-01-11,,,,1018.8200
2005-01-12,,,,1014.7800
2005-01-13,,,,1058.7000
2005-01-14,,,,1037.9700
2005-01-17,,,,1021.5500
2005-01-18,,,,1013.9900
2005-01-19,,,,1013.9200
2005-01-20,,,,1011.0900
2005-01-24,,,,1028.9900
2005-01-25,,,,1069.6800
2005-01-27,,,,1076.0400
2005-01-28,,,,1104.3300
2005-01-31,,,,1136.6800
2005-02-01,,,,1143.1600
2005-02-02,,,,1140.7900
2005-02-03,,,,1170.5100
2005-02-04,,,,1164.4800
2005-02-05,,,,990.4700
2005-02-06,,,,977.4700
2005-02-07,,,,1164.8100
2005-02-08,,,,1047.1100
2005-02-09,,,,1164.0700
2005-02-10,,,,1166.4100
2005-02-11,,,,1049.3600
2005-02-12,,,,1090.2100
2005-02-14,,,,1186.1200
2005-02-15,,,,1178.7500
2005-02-16,,,,1175.5400
2005-02-17,,,,1175.2600
2005-02-18,,,,1176.6900
2005-02-21,,,,1162.6100
2005-02-22,,,,1178.5900
2005-02-23,,,,1180.2100
2005-02-24,,,,1170.4200
2005-02-25,,,,1163.5500
2005-02-28,,,,1197.8200
2005-03-01,,,,1164.9400
2005-03-02,,,,1170.5100
2005-03-03,,,,1226.9300
2005-03-04,,,,1230.9600
2005-03-05,,,,988.5100
2005-03-06,,,,983.8500
2005-03-07,,,,1238.9700
2005-03-08,,,,1052.5500
2005-03-09,,,,1227.5900
2005-03-10,,,,1225.5100
2005-03-11,,,,1243.1100
2005-03-14,,,,1248.4200
2005-03-15,,,,1250.5400
2005-03-16,,,,1270.9700
2005-03-17,,,,1228.4100
2005-03-18,,,,1252.2600
2005-03-21,,,,1247.2600
2005-03-22,,,,1206.1500
2005-03-23,,,,1173.1700
2005-03-24,,,,1171.0300
2005-03-28,,,,1187.2500
2005-03-29,,,,1153.0300
2005-03-30,,,,1139.5800
2005-03-31,,,,1163.6600
2005-04-01,,,,1163.4700
2005-04-02,,,,1164.4800
2005-04-03,,,,1230.9600
2005-04-04,,,,1163.3100
2005-04-05,,,,1142.7600
2005-04-06,,,,1163.8200
2005-04-07,,,,1153.0300
2005-04-08,,,,1142.5600
2005-04-10,,,,1264.9300
2005-04-11,,,,1137.6800
2005-04-12,,,,1151.9900
2005-04-13,,,,1136.5800
2005-04-15,,,,1083.2100
2005-04-18,,,,1035.8500
2005-04-19,,,,1023.0600
2005-04-20,,,,1053.2800
2005-04-21,,,,1072.4900
2005-04-22,,,,1064.1000
2005-04-25,,,,1056.1800
2005-04-26,,,,1044.0300
2005-04-27,,,,1026.7900
2005-04-28,,,,1013.6300
2005-04-29,,,,993.5900
2005-05-01,,,,1095.8300
2005-05-02,,,,990.4700
2005-05-03,,,,988.5100
2005-05-04,,,,1142.7600
2005-05-05,,,,1010.6200
2005-05-06,,,,1014.2600
2005-05-07,,,,956.2500
2005-05-08,,,,1122.3600
2005-05-09,,,,1028.5400
2005-05-10,,,,1028.7100
2005-05-11,,,,1013.4800
2005-05-12,,,,1082.0700
2005-05-13,,,,1017.6000
2005-05-16,,,,1020.6100
2005-05-17,,,,997.6700
2005-05-18,,,,998.3700
2005-05-19,,,,998.9500
2005-05-20,,,,988.7400
2005-05-23,,,,973.4600
2005-05-24,,,,999.6200
2005-05-25,,,,1007.5700
2005-05-26,,,,1003.2100
2005-05-27,,,,1016.8800
2005-05-30,,,,1014.1900
2005-05-31,,,,1020.1000
2005-06-01,,,,998.0800
2005-06-02,,,,977.4700
2005-06-03,,,,983.8500
2005-06-04,,,,988.7100
2005-06-05,,,,1014.2600
2005-06-06,,,,985.6200
2005-06-07,,,,976.8100
2005-06-08,,,,978.8400
2005-06-09,,,,982.2400
2005-06-10,,,,979.5800
2005-06-12,,,,1077.6200
2005-06-13,,,,969.8600
2005-06-14,,,,973.9800
2005-06-15,,,,983.8000
2005-06-16,,,,983.2000
2005-06-17,,,,985.3100
2005-06-20,,,,992.6000
2005-06-21,,,,1004.3400
2005-06-22,,,,1001.9800
2005-06-23,,,,1002.6000
2005-06-24,,,,997.5500
2005-06-27,,,,980.5900
2005-06-28,,,,951.4100
2005-06-29,,,,958.8700
2005-06-30,,,,940.3200
2005-07-01,,,,1082.8800
2005-07-02,,,,1164.8100
2005-07-03,,,,1238.9700
2005-07-04,,,,1153.0300
2005-07-05,,,,956.2500
2005-07-06,,,,976.8100
2005-07-07,,,,976.0900
2005-07-08,,,,993.9800
2005-07-10,,,,1189.2800
2005-07-11,,,,1073.2200
2005-07-12,,,,1082.6600
2005-07-13,,,,999.9300
2005-07-14,,,,996.7200
2005-07-15,,,,1002.8200
2005-07-18,,,,1013.9100
2005-07-19,,,,1025.5500
2005-07-20,,,,1038.9900
2005-07-21,,,,1037.8200
2005-07-22,,,,1050.1000
2005-07-25,,,,1064.4400
2005-07-26,,,,1088.1600
2005-07-27,,,,1075.4200
2005-07-29,,,,1029.8000
2005-08-01,,,,1032.5000
2005-08-02,,,,1155.9400
2005-08-03,,,,1052.5500
2005-08-04,,,,1142.5600
2005-08-05,,,,1122.3600
2005-08-06,,,,978.8400
2005-08-07,,,,993.9800
2005-08-08,,,,1123.7900
2005-08-09,,,,1175.2700
2005-08-10,,,,1163.6900
2005-08-11,,,,1166.9000
2005-08-12,,,,1156.8500
2005-08-16,,,,1185.9700
2005-08-17,,,,1196.0900
2005-08-18,,,,1176.2700
2005-08-19,,,,1168.1600
2005-08-22,,,,1159.7500
2005-08-23,,,,1122.3700
2005-08-24,,,,1105.3900
2005-08-25,,,,1141.9100
2005-08-26,,,,1143.2800
2005-08-29,,,,1133.7400
2005-08-30,,,,1150.4900
2005-08-31,,,,1146.0500
2005-09-01,,,,1161.8500
2005-09-02,,,,1164.0700
2005-09-03,,,,1227.5900
2005-09-05,,,,1028.5400
2005-09-06,,,,982.2400
2005-09-08,,,,1123.6000
2005-09-09,,,,1185.7700
2005-09-11,,,,1071.7400
2005-09-12,,,,1198.2800
2005-09-13,,,,1204.7100
2005-09-14,,,,1206.1200
2005-09-15,,,,1224.9500
2005-09-16,,,,1239.0900
2005-09-19,,,,1273.0000
2005-09-20,,,,1263.7400
2005-09-21,,,,1240.8500
2005-09-22,,,,1179.8800
2005-09-23,,,,1178.5100
2005-09-26,,,,1222.9800
2005-09-27,,,,1226.1300
2005-09-28,,,,1231.3900
2005-09-29,,,,1226.7200
2005-09-30,,,,1230.4300
2005-10-01,,,,1077.4600
2005-10-02,,,,1166.4100
2005-10-03,,,,1251.0600
2005-10-04,,,,1264.9300
2005-10-05,,,,1247.5600
2005-10-06,,,,1196.6500
2005-10-07,,,,1189.2800
2005-10-08,,,,1163.6900
2005-10-10,,,,1179.8700
2005-10-11,,,,1070.4600
2005-10-13,,,,1126.3100
2005-10-14,,,,1122.2200
2005-10-17,,,,1128.2800
2005-10-18,,,,1117.4700
2005-10-19,,,,1076.2700
2005-10-20,,,,1041.8800
2005-10-21,,,,1061.9100
2005-10-24,,,,1031.8600
2005-10-25,,,,1038.4100
2005-10-26,,,,1021.3300
2005-10-27,,,,1006.1800
2005-10-28,,,,963.2000
2005-10-31,,,,1009.1100
2005-11-01,,,,1041.7500
2005-11-02,,,,1049.3600
2005-11-03,,,,1243.1100
2005-11-04,,,,1137.6800
2005-11-05,,,,1013.4800
2005-11-07,,,,1073.2200
2005-11-08,,,,1074.1300
2005-11-09,,,,1071.7400
2005-11-10,,,,1175.4200
2005-11-11,,,,1091.2100
2005-11-14,,,,1086.5400
2005-11-16,,,,1091.2100
2005-11-17,,,,1092.8900
2005-11-18,,,,1096.6100
2005-11-21,,,,1075.4700
2005-11-22,,,,1055.1100
2005-11-23,,,,1047.0400
2005-11-24,,,,1050.5400
2005-11-25,,,,1049.2600
2005-11-26,,,,1057.2100
2005-11-28,,,,1069.8900
2005-11-29,,,,1070.2000
2005-11-30,,,,1073.0200
2005-12-01,,,,1085.7000
2005-12-02,,,,1090.2100
2005-12-04,,,,1151.9900
2005-12-05,,,,1018.6500
2005-12-06,,,,1077.6200
2005-12-07,,,,1007.4000
2005-12-08,,,,1156.8500
2005-12-09,,,,1198.2800
2005-12-12,,,,1128.0400
2005-12-13,,,,1141.0800
2005-12-14,,,,1166.4600
2005-12-15,,,,1147.4300
2005-12-16,,,,1169.1000
2005-12-19,,,,1184.4700
2005-12-20,,,,1178.9800
2005-12-21,,,,1180.6400
2005-12-22,,,,1183.4400
2005-12-23,,,,1159.5800
2005-12-26,,,,1133.5400
2005-12-27,,,,1153.1700
2005-12-28,,,,1146.5600
2005-12-29,,,,1161.2700
2005-12-30,,,,1176.1100
2006-01-02,,,,1185.5800
2006-01-03,,,,1406.2800
2006-01-04,,,,1210.9700
2006-01-05,,,,1211.2400
2006-01-06,,,,1565.7300
2006-01-08,,,,1439.3000
2006-01-09,,,,1541.5100
2006-01-10,,,,1209.3300
2006-01-11,,,,1748.6700
2006-01-12,,,,2314.7100
2006-01-13,,,,1214.5300
2006-01-16,,,,1190.2700
2006-01-17,,,,1177.0400
2006-01-18,,,,1166.4200
2006-01-19,,,,1206.6000
2006-01-20,,,,1208.3500
2006-01-23,,,,1195.5600
2006-01-24,,,,1214.4300
2006-01-25,,,,1211.3300
2006-01-27,,,,1283.3800
2006-01-30,,,,1276.4400
2006-01-31,,,,1306.0000
2006-02-01,,,,1185.5800
2006-02-02,,,,1322.3000
2006-02-03,,,,1418.4400
2006-02-05,,,,2036.0600
2006-02-06,,,,1643.8400
2006-02-07,,,,1339.3100
2006-02-08,,,,1324.5700
2006-02-10,,,,1326.8000
2006-02-11,,,,1736.7600
2006-02-13,,,,1319.8500
2006-02-14,,,,1286.1200
2006-02-15,,,,1304.7700
2006-02-16,,,,1309.2300
2006-02-17,,,,1284.7500
2006-02-20,,,,1283.0500
2006-02-21,,,,1319.2400
2006-02-22,,,,1342.8400
2006-02-23,,,,1370.7500
2006-02-24,,,,1359.3700
2006-02-27,,,,1366.6500
2006-02-28,,,,1371.1500
2006-03-01,,,,1406.2800
2006-03-02,,,,1418.4400
2006-03-03,,,,1435.4200
2006-03-04,,,,1721.5000
2006-03-05,,,,2030.1300
2006-03-06,,,,1499.3700
2006-03-07,,,,1483.1300
2006-03-08,,,,1421.5800
2006-03-09,,,,1438.6700
2006-03-10,,,,1640.8500
2006-03-11,,,,1744.1700
2006-03-13,,,,1439.2400
2006-03-14,,,,1423.6800
2006-03-16,,,,1434.1600
2006-03-17,,,,1421.2400
2006-03-20,,,,1466.1600
2006-03-21,,,,1471.5500
2006-03-22,,,,1452.0300
2006-03-23,,,,1507.8400
2006-03-24,,,,1576.9900
2006-03-27,,,,1635.2000
2006-03-28,,,,1622.1600
2006-03-29,,,,1616.2100
2006-03-30,,,,1661.8500
2006-03-31,,,,1690.0400
2006-04-01,,,,1210.9700
2006-04-03,,,,1721.5000
2006-04-04,,,,1723.8300
2006-04-05,,,,1743.3700
2006-04-07,,,,1611.8900
2006-04-08,,,,1470.5400
2006-04-09,,,,1554.3800
2006-04-10,,,,1610.6600
2006-04-12,,,,2334.6400
2006-04-13,,,,1768.1700
2006-04-17,,,,1846.9100
2006-04-18,,,,1849.5600
2006-04-19,,,,1895.7000
2006-04-20,,,,1932.1900
2006-04-21,,,,1920.0200
2006-04-24,,,,1922.8000
2006-04-25,,,,1850.0000
2006-04-26,,,,1922.5900
2006-04-27,,,,1938.0700
2006-04-28,,,,1932.9200
2006-04-29,,,,1989.1600
2006-05-01,,,,1211.2400
2006-05-02,,,,2036.0600
2006-05-03,,,,2030.1300
2006-05-04,,,,1743.3700
2006-05-05,,,,2037.5500
2006-05-06,,,,1591.4900
2006-05-07,,,,1657.0200
2006-05-08,,,,2043.1200
2006-05-09,,,,2049.6100
2006-05-10,,,,1653.3800
2006-05-11,,,,2068.7200
2006-05-12,,,,2071.7700
2006-05-15,,,,1870.6700
2006-05-16,,,,1869.6600
2006-05-17,,,,1960.1100
2006-05-18,,,,1727.2200
2006-05-19,,,,1601.5500
2006-05-22,,,,1461.9500
2006-05-23,,,,1618.5800
2006-05-24,,,,1559.7600
2006-05-25,,,,1610.0800
2006-05-26,,,,1688.8900
2006-05-29,,,,1743.9500
2006-05-30,,,,1712.2800
2006-05-31,,,,1638.7100
2006-06-01,,,,1565.7300
2006-06-02,,,,1322.7900
2006-06-03,,,,1499.3700
2006-06-05,,,,1591.4900
2006-06-06,,,,1537.2000
2006-06-07,,,,1392.6000
2006-06-08,,,,1313.2900
2006-06-09,,,,1414.4000
2006-06-10,,,,1665.8100
2006-06-11,,,,1781.9400
2006-06-12,,,,2342.2900
2006-06-13,,,,1255.1600
2006-06-14,,,,1227.5400
2006-06-15,,,,1305.9900
2006-06-16,,,,1422.6100
2006-06-19,,,,1461.3300
2006-06-20,,,,1433.1000
2006-06-21,,,,1470.8500
2006-06-22,,,,1531.7900
2006-06-23,,,,1585.6600
2006-06-25,,,,1625.9800
2006-06-26,,,,1510.2700
2006-06-27,,,,1563.4700
2006-06-28,,,,1536.5900
2006-06-29,,,,1516.4900
2006-06-30,,,,1611.3300
2006-07-02,,,,1339.3100
2006-07-03,,,,1483.1300
2006-07-04,,,,1611.8900
2006-07-05,,,,1657.0200
2006-07-06,,,,1392.6000
2006-07-07,,,,1577.7000
2006-07-08,,,,1455.8300
2006-07-09,,,,1624.6500
2006-07-10,,,,1594.7200
2006-07-11,,,,1785.2500
2006-07-12,,,,2341.2100
2006-07-13,,,,1592.1500
2006-07-14,,,,1568.2300
2006-07-17,,,,1511.4800
2006-07-18,,,,1463.3500
2006-07-19,,,,1411.8400
2006-07-20,,,,1467.3200
2006-07-21,,,,1425.1100
2006-07-24,,,,1411.8800
2006-07-25,,,,1446.6000
2006-07-26,,,,1460.7900
2006-07-27,,,,1459.3500
2006-07-28,,,,1467.2500
2006-07-31,,,,1465.4000
2006-08-01,,,,1439.3000
2006-08-02,,,,1324.5700
2006-08-03,,,,1421.5800
2006-08-04,,,,1470.5400
2006-08-05,,,,2043.1200
2006-08-06,,,,1313.2900
2006-08-07,,,,1455.8300
2006-08-08,,,,1492.5000
2006-08-09,,,,1527.8100
2006-08-10,,,,1535.8800
2006-08-11,,,,1547.2700
2006-08-12,,,,2312.4200
2006-08-14,,,,1562.5200
2006-08-16,,,,1584.7800
2006-08-17,,,,1557.3700
2006-08-18,,,,1545.3300
2006-08-21,,,,1542.2100
2006-08-22,,,,1575.2000
2006-08-23,,,,1547.8700
2006-08-24,,,,1567.6800
2006-08-25,,,,1589.4300
2006-08-28,,,,1605.2700
2006-08-29,,,,1596.4100
2006-08-30,,,,1553.1600
2006-08-31,,,,1521.8700
2006-09-01,,,,1227.6300
2006-09-03,,,,1438.6700
2006-09-04,,,,1554.3800
2006-09-05,,,,1577.6200
2006-09-06,,,,1609.3900
2006-09-07,,,,1624.6500
2006-09-08,,,,1618.3000
2006-09-10,,,,1666.4800
2006-09-11,,,,1761.3900
2006-09-12,,,,1560.4900
2006-09-13,,,,1568.3100
2006-09-14,,,,1592.1000
2006-09-15,,,,1570.4700
2006-09-18,,,,1554.8300
2006-09-19,,,,1532.0400
2006-09-20,,,,1549.0700
2006-09-21,,,,1570.7000
2006-09-22,,,,1569.2800
2006-09-25,,,,1570.8900
2006-09-26,,,,1577.3200
2006-09-27,,,,1587.0800
2006-09-28,,,,1597.1900
2006-09-29,,,,1627.3700
2006-10-01,,,,1209.3300
2006-10-02,,,,1326.8000
2006-10-03,,,,1454.2400
2006-10-04,,,,1840.1000
2006-10-05,,,,1653.3800
2006-10-06,,,,1665.8100
2006-10-07,,,,1594.7200
2006-10-08,,,,1535.8800
2006-10-09,,,,1666.4800
2006-10-10,,,,1669.0200
2006-10-11,,,,1630.3400
2006-10-12,,,,1685.2700
2006-10-13,,,,1687.4400
2006-10-16,,,,1681.6100
2006-10-17,,,,1707.8100
2006-10-18,,,,1740.3300
2006-10-19,,,,1736.7800
2006-10-20,,,,1744.2800
2006-10-21,,,,1750.9300
2006-10-23,,,,1731.4100
2006-10-26,,,,1765.7100
2006-10-27,,,,1774.8800
2006-10-30,,,,1764.1400
2006-10-31,,,,1745.5000
2006-11-01,,,,1748.6700
2006-11-02,,,,1736.7600
2006-11-03,,,,1744.1700
2006-11-05,,,,2068.7200
2006-11-06,,,,1781.9400
2006-11-07,,,,1565.6200
2006-11-08,,,,1547.2700
2006-11-09,,,,1761.3900
2006-11-10,,,,1786.7400
2006-11-12,,,,2229.8800
2006-11-13,,,,1760.3500
2006-11-14,,,,1746.3000
2006-11-15,,,,1746.9600
2006-11-16,,,,1751.6400
2006-11-17,,,,1721.0200
2006-11-20,,,,1688.9200
2006-11-21,,,,2222.6100
2006-11-22,,,,2262.5100
2006-11-23,,,,2280.9000
2006-11-24,,,,2310.1600
2006-11-27,,,,2336.6300
2006-11-28,,,,2282.1100
2006-11-29,,,,2308.7400
2006-11-30,,,,2294.4200
2006-12-01,,,,1231.5100
2006-12-04,,,,2334.6400
2006-12-05,,,,2071.7700
2006-12-06,,,,2342.2900
2006-12-07,,,,1594.4300
2006-12-08,,,,2312.4200
2006-12-09,,,,1560.4900
2006-12-10,,,,1685.2700
2006-12-11,,,,2229.8800
2006-12-12,,,,2130.4300
2006-12-13,,,,2153.6100
2006-12-14,,,,2172.9800
2006-12-15,,,,2249.6100
2006-12-18,,,,2241.3000
2006-12-19,,,,2194.2400
2006-12-20,,,,2191.8000
2006-12-21,,,,2200.2100
2006-12-22,,,,2214.0800
2006-12-26,,,,2252.7300
2006-12-27,,,,2255.7700
2006-12-28,,,,2254.9400
2006-12-29,,,,2280.2100
2007-01-02,,,,2397.5500
2007-01-03,,,,2183.6100
2007-01-04,,,,2255.3700
2007-01-05,,,,2245.9500
2007-01-06,,,,2664.4800
2007-01-08,,,,2211.5200
2007-01-09,,,,2206.5200
2007-01-10,,,,2172.0200
2007-01-11,,,,2224.2100
2007-01-12,,,,2276.9900
2007-01-15,,,,2353.7000
2007-01-16,,,,2320.3900
2007-01-17,,,,2310.9100
2007-01-18,,,,2310.6100
2007-01-19,,,,2287.1300
2007-01-22,,,,2296.3700
2007-01-23,,,,2273.6600
2007-01-24,,,,2346.6000
2007-01-25,,,,2434.1000
2007-01-29,,,,2447.8700
2007-01-31,,,,2339.8400
2007-02-01,,,,2397.5500
2007-02-02,,,,2386.7300
2007-02-03,,,,2154.9900
2007-02-04,,,,2102.8500
2007-02-05,,,,2329.6600
2007-02-06,,,,2318.8800
2007-02-07,,,,2365.6200
2007-02-08,,,,2337.0100
2007-02-09,,,,2292.0000
2007-02-11,,,,4795.5600
2007-02-12,,,,2172.8100
2007-02-13,,,,2161.0600
2007-02-14,,,,2191.0100
2007-02-15,,,,2287.0100
2007-02-19,,,,2318.5200
2007-02-20,,,,2288.9600
2007-02-21,,,,2283.5100
2007-02-22,,,,2256.6100
2007-02-23,,,,2239.5300
2007-02-26,,,,2300.4400
2007-02-27,,,,2282.0800
2007-02-28,,,,2176.8600
2007-03-01,,,,2183.6100
2007-03-02,,,,2154.9900
2007-03-04,,,,2129.0700
2007-03-05,,,,2046.4800
2007-03-06,,,,2043.0900
2007-03-07,,,,1984.7900
2007-03-08,,,,2933.8200
2007-03-09,,,,3083.7600
2007-03-10,,,,3835.7000
2007-03-12,,,,5015.1800
2007-03-13,,,,2124.0900
2007-03-14,,,,2058.5300
2007-03-15,,,,2089.9300
2007-03-16,,,,2067.8000
2007-03-19,,,,2076.3000
2007-03-20,,,,2089.1200
2007-03-21,,,,2117.8900
2007-03-22,,,,2156.5100
2007-03-23,,,,2173.2800
2007-03-26,,,,2164.8100
2007-03-28,,,,2144.8300
2007-03-29,,,,2142.2500
2007-03-30,,,,2190.2300
2007-04-01,,,,2255.3700
2007-04-02,,,,2102.8500
2007-04-03,,,,2129.0700
2007-04-04,,,,2189.2900
2007-04-05,,,,2585.6000
2007-04-06,,,,2703.4600
2007-04-07,,,,2768.3000
2007-04-09,,,,2308.9400
2007-04-10,,,,2328.2300
2007-04-11,,,,2425.7200
2007-04-12,,,,2374.6500
2007-04-13,,,,2420.8100
2007-04-16,,,,2468.8600
2007-04-17,,,,2411.2500
2007-04-18,,,,2437.7400
2007-04-19,,,,2420.5000
2007-04-20,,,,2507.6100
2007-04-23,,,,2539.6400
2007-04-24,,,,2564.6400
2007-04-25,,,,2547.3300
2007-04-26,,,,2544.2100
2007-04-27,,,,2487.7000
2007-04-30,,,,2514.8700
2007-05-01,,,,2245.9500
2007-05-02,,,,2329.6600
2007-05-03,,,,2596.3400
2007-05-04,,,,2585.6000
2007-05-06,,,,2713.5800
2007-05-07,,,,2774.0200
2007-05-08,,,,2580.4600
2007-05-09,,,,3066.1500
2007-05-10,,,,3826.5700
2007-05-11,,,,2609.2400
2007-05-12,,,,5243.4800
2007-05-14,,,,2647.2300
2007-05-15,,,,2656.2400
2007-05-16,,,,2667.5600
2007-05-17,,,,2664.8800
2007-05-18,,,,2635.0100
2007-05-21,,,,2699.2500
2007-05-22,,,,2715.3900
2007-05-23,,,,2703.4200
2007-05-24,,,,2690.8900
2007-05-25,,,,2698.0400
2007-05-28,,,,2683.9500
2007-05-29,,,,2690.7000
2007-05-30,,,,2640.8800
2007-05-31,,,,2662.6300
2007-06-01,,,,2664.4800
2007-06-02,,,,2318.8800
2007-06-03,,,,2043.0900
2007-06-04,,,,2703.4600
2007-06-05,,,,2713.5800
2007-06-06,,,,2649.7500
2007-06-07,,,,2630.9800
2007-06-08,,,,2583.4700
2007-06-09,,,,3107.7100
2007-06-11,,,,2589.5500
2007-06-12,,,,5211.5200
2007-06-13,,,,2589.3700
2007-06-14,,,,2657.7400
2007-06-15,,,,2669.3700
2007-06-18,,,,2657.1500
2007-06-19,,,,2700.4200
2007-06-20,,,,2759.3100
2007-06-21,,,,2784.8900
2007-06-22,,,,2748.8300
2007-06-25,,,,2747.8900
2007-06-26,,,,2752.5900
2007-06-27,,,,2720.3000
2007-06-28,,,,2714.6700
2007-06-29,,,,2721.3900
2007-07-02,,,,2715.8800
2007-07-03,,,,1984.7900
2007-07-04,,,,2768.3000
2007-07-05,,,,2581.3300
2007-07-06,,,,2630.9800
2007-07-08,,,,2872.4100
2007-07-09,,,,2790.5200
2007-07-10,,,,2809.7200
2007-07-11,,,,2848.3700
2007-07-12,,,,2955.5100
2007-07-13,,,,3125.2400
2007-07-16,,,,3130.3400
2007-07-17,,,,3064.9000
2007-07-18,,,,3076.6600
2007-07-19,,,,3102.1900
2007-07-20,,,,3140.0400
2007-07-23,,,,3156.3400
2007-07-24,,,,3173.3600
2007-07-25,,,,3105.1000
2007-07-26,,,,3118.5100
2007-07-27,,,,2956.9100
2007-07-30,,,,2918.1500
2007-07-31,,,,3019.6500
2007-08-01,,,,2883.4100
2007-08-02,,,,2337.0100
2007-08-03,,,,2113.0100
2007-08-05,,,,2580.4600
2007-08-06,,,,2896.6000
2007-08-07,,,,2872.4100
2007-08-08,,,,2925.3200
2007-08-09,,,,2914.9500
2007-08-10,,,,2863.6900
2007-08-11,,,,4628.0000
2007-08-13,,,,2898.8500
2007-08-14,,,,2894.6300
2007-08-16,,,,2746.2400
2007-08-17,,,,2638.6300
2007-08-20,,,,2745.1300
2007-08-21,,,,2658.4900
2007-08-22,,,,2712.8400
2007-08-23,,,,2685.2200
2007-08-24,,,,2753.4700
2007-08-27,,,,2834.1600
2007-08-28,,,,2866.7900
2007-08-29,,,,2981.0900
2007-08-30,,,,3022.9300
2007-08-31,,,,3081.0700
2007-09-01,,,,2206.5200
2007-09-02,,,,2292.0000
2007-09-03,,,,3083.7600
2007-09-04,,,,3068.3200
2007-09-05,,,,3066.1500
2007-09-06,,,,3107.7100
2007-09-07,,,,3082.8200
2007-09-08,,,,2914.9500
2007-09-10,,,,3091.4800
2007-09-11,,,,4584.6300
2007-09-12,,,,3151.8300
2007-09-13,,,,3146.7100
2007-09-14,,,,3162.6500
2007-09-17,,,,3174.3200
2007-09-18,,,,3206.2600
2007-09-19,,,,3345.4300
2007-09-20,,,,3406.0000
2007-09-21,,,,3449.2000
2007-09-24,,,,3520.6200
2007-09-25,,,,3557.2500
2007-09-26,,,,3574.2600
2007-09-27,,,,3657.7600
2007-09-28,,,,3751.9300
2007-10-01,,,,3753.9100
2007-10-03,,,,3835.7000
2007-10-04,,,,3878.8500
2007-10-05,,,,2614.3500
2007-10-07,,,,2809.7200
2007-10-08,,,,3705.8000
2007-10-09,,,,3091.4800
2007-10-10,,,,3954.5800
2007-10-11,,,,4095.6800
2007-10-12,,,,5104.8400
2007-10-15,,,,4492.1500
2007-10-16,,,,4484.7800
2007-10-17,,,,4397.9200
2007-10-18,,,,4213.5300
2007-10-19,,,,4073.0000
2007-10-22,,,,4011.6800
2007-10-23,,,,4254.8300
2007-10-24,,,,4317.6100
2007-10-25,,,,4485.5100
2007-10-26,,,,4604.4600
2007-10-29,,,,4745.8800
2007-10-30,,,,4724.8200
2007-10-31,,,,4850.2600
2007-11-01,,,,2224.2100
2007-11-02,,,,4795.5600
2007-11-04,,,,2425.7200
2007-11-05,,,,2609.2400
2007-11-06,,,,2589.5500
2007-11-07,,,,2848.3700
2007-11-08,,,,4628.0000
2007-11-09,,,,3109.4500
2007-11-10,,,,4095.6800
2007-11-12,,,,5211.7500
2007-11-13,,,,4653.0500
2007-11-14,,,,4880.7600
2007-11-15,,,,4892.6200
2007-11-16,,,,4821.6000
2007-11-19,,,,4850.9500
2007-11-20,,,,4744.4700
2007-11-21,,,,4458.0300
2007-11-22,,,,4381.7300
2007-11-23,,,,4514.3800
2007-11-26,,,,4782.6300
2007-11-27,,,,4754.0900
2007-11-28,,,,4654.6000
2007-11-29,,,,4638.8800
2007-11-30,,,,4870.5600
2007-12-01,,,,2276.9900
2007-12-02,,,,2172.8100
2007-12-03,,,,2101.7300
2007-12-04,,,,2374.6500
2007-12-05,,,,5243.4800
2007-12-06,,,,2616.5700
2007-12-07,,,,2955.5100
2007-12-09,,,,3151.8300
2007-12-10,,,,4092.0200
2007-12-11,,,,5211.7500
2007-12-12,,,,5390.4200
2007-12-13,,,,5392.7400
2007-12-14,,,,5378.7200
2007-12-17,,,,4988.9700
2007-12-18,,,,4929.3800
2007-12-19,,,,4951.8800
2007-12-20,,,,4976.6100
2007-12-24,,,,5125.0700
2007-12-26,,,,5234.7200
2007-12-27,,,,5284.1300
2007-12-28,,,,5433.2400
2007-12-31,,,,5456.9900
2008-01-01,,,,5459.3000
2008-01-02,,,,4306.3200
2008-01-03,,,,5412.8500
2008-01-04,,,,5493.9500
2008-01-07,,,,3141.1600
2008-01-08,,,,3395.3400
2008-01-09,,,,3223.1300
2008-01-10,,,,2470.0200
2008-01-11,,,,5098.7800
2008-01-12,,,,1232.7000
2008-01-14,,,,5121.8900
2008-01-15,,,,5017.2700
2008-01-16,,,,4891.2500
2008-01-17,,,,4937.5200
2008-01-18,,,,4679.7600
2008-01-21,,,,4091.2100
2008-01-22,,,,3870.6200
2008-01-23,,,,4148.2800
2008-01-24,,,,3847.8800
2008-01-25,,,,4255.4900
2008-01-28,,,,4169.9300
2008-01-29,,,,4189.9900
2008-01-30,,,,4183.2900
2008-01-31,,,,4157.2200
2008-02-01,,,,5484.8000
2008-02-04,,,,3559.8900
2008-02-05,,,,4071.4800
2008-02-06,,,,4093.9500
2008-02-07,,,,3297.1800
2008-02-08,,,,4031.2700
2008-02-09,,,,3282.1800
2008-02-11,,,,3786.0600
2008-02-12,,,,1224.7200
2008-02-13,,,,3892.4900
2008-02-14,,,,4146.8500
2008-02-15,,,,4290.4300
2008-02-18,,,,4319.2700
2008-02-19,,,,4345.8800
2008-02-20,,,,4234.5300
2008-02-21,,,,4401.2600
2008-02-22,,,,4421.5100
2008-02-25,,,,4467.4300
2008-02-26,,,,4580.1800
2008-02-27,,,,4534.7100
2008-02-28,,,,4641.6000
2008-02-29,,,,4566.4300
2008-03-01,,,,5412.8500
2008-03-03,,,,4296.6600
2008-03-04,,,,3573.5000
2008-03-05,,,,4281.0200
2008-03-06,,,,4089.8700
2008-03-07,,,,3047.7900
2008-03-10,,,,2289.5600
2008-03-11,,,,4300.0800
2008-03-12,,,,4185.0200
2008-03-13,,,,3841.1600
2008-03-14,,,,3953.9300
2008-03-17,,,,3675.6000
2008-03-18,,,,3618.5900
2008-03-19,,,,3671.4300
2008-03-24,,,,3515.0700
2008-03-25,,,,3719.9400
2008-03-26,,,,3723.7400
2008-03-27,,,,3716.3800
2008-03-28,,,,3882.4000
2008-03-31,,,,3701.7700
2008-04-01,,,,5493.9500
2008-04-02,,,,4420.0700
2008-04-03,,,,3573.5000
2008-04-04,,,,3509.5000
2008-04-06,,,,3911.9200
2008-04-07,,,,3597.9300
2008-04-08,,,,3504.9100
2008-04-09,,,,3551.8600
2008-04-10,,,,3573.4900
2008-04-11,,,,3606.3100
2008-04-12,,,,1345.8700
2008-04-15,,,,3623.0500
2008-04-16,,,,3650.1900
2008-04-17,,,,3804.1700
2008-04-21,,,,3926.2400
2008-04-22,,,,4014.4800
2008-04-23,,,,3987.3400
2008-04-24,,,,3946.0600
2008-04-25,,,,4053.3500
2008-04-28,,,,4033.1000
2008-04-29,,,,4144.2900
2008-04-30,,,,4132.9500
2008-05-02,,,,4512.0200
2008-05-03,,,,4281.0200
2008-05-05,,,,4072.6600
2008-05-06,,,,3986.0700
2008-05-07,,,,4059.6800
2008-05-08,,,,4049.8600
2008-05-09,,,,3110.9800
2008-05-11,,,,1511.2000
2008-05-12,,,,4002.8700
2008-05-13,,,,4020.9600
2008-05-14,,,,4204.6300
2008-05-15,,,,4286.1600
2008-05-16,,,,4394.2800
2008-05-20,,,,4420.2000
2008-05-21,,,,4477.3900
2008-05-22,,,,4393.0300
2008-05-23,,,,4293.4100
2008-05-26,,,,4177.4300
2008-05-27,,,,4164.6600
2008-05-28,,,,4222.8000
2008-05-29,,,,4199.5100
2008-05-30,,,,4265.6300
2008-06-02,,,,4336.2500
2008-06-03,,,,4089.8700
2008-06-04,,,,3911.9200
2008-06-05,,,,4086.9700
2008-06-06,,,,3927.0700
2008-06-08,,,,3316.6600
2008-06-09,,,,3902.7000
2008-06-10,,,,2091.3900
2008-06-11,,,,3903.9100
2008-06-12,,,,3904.2700
2008-06-13,,,,3838.8400
2008-06-16,,,,3897.4000
2008-06-17,,,,3928.5800
2008-06-18,,,,3850.4400
2008-06-19,,,,3819.4500
2008-06-20,,,,3670.5100
2008-06-23,,,,3495.3300
2008-06-24,,,,3380.9900
2008-06-25,,,,3448.6800
2008-06-26,,,,3487.2900
2008-06-27,,,,3318.8700
2008-06-30,,,,3287.3700
2008-07-01,,,,3141.1600
2008-07-02,,,,3297.1800
2008-07-03,,,,3047.7900
2008-07-04,,,,3597.9300
2008-07-05,,,,4059.6800
2008-07-07,,,,3084.4400
2008-07-08,,,,3332.3200
2008-07-09,,,,3182.5800
2008-07-10,,,,2089.7800
2008-07-11,,,,1453.7700
2008-07-14,,,,3318.5800
2008-07-15,,,,3154.0000
2008-07-16,,,,3069.5600
2008-07-17,,,,2986.1600
2008-07-18,,,,3000.6000
2008-07-21,,,,3038.8700
2008-07-22,,,,3159.3500
2008-07-23,,,,3353.9400
2008-07-24,,,,3286.8900
2008-07-25,,,,3252.2100
2008-07-28,,,,3209.1100
2008-07-29,,,,3157.1500
2008-07-30,,,,3288.8700
2008-07-31,,,,3335.3300
2008-08-01,,,,5341.6600
2008-08-02,,,,4031.2700
2008-08-04,,,,3460.1600
2008-08-05,,,,4049.8600
2008-08-06,,,,3316.6600
2008-08-07,,,,3332.3200
2008-08-08,,,,3361.4700
2008-08-09,,,,3190.8000
2008-08-10,,,,2044.8300
2008-08-11,,,,3355.0400
2008-08-12,,,,1333.3400
2008-08-13,,,,3249.0800
2008-08-14,,,,3230.6300
2008-08-18,,,,3171.7300
2008-08-19,,,,3163.4900
2008-08-20,,,,3236.0300
2008-08-21,,,,3159.2500
2008-08-22,,,,3235.5900
2008-08-25,,,,3217.4000
2008-08-26,,,,3202.1400
2008-08-27,,,,3206.2400
2008-08-28,,,,3142.3700
2008-08-29,,,,3257.4200
2008-09-01,,,,3223.1300
2008-09-02,,,,3282.1800
2008-09-04,,,,3551.8600
2008-09-05,,,,3979.9400
2008-09-06,,,,3902.7000
2008-09-07,,,,3182.5800
2008-09-08,,,,3190.8000
2008-09-09,,,,3123.2700
2008-09-10,,,,2952.3600
2008-09-11,,,,2909.5500
2008-09-12,,,,2907.6400
2008-09-15,,,,2808.6700
2008-09-16,,,,2783.2700
2008-09-17,,,,2690.4300
2008-09-18,,,,2684.0100
2008-09-19,,,,2793.1200
2008-09-22,,,,2779.5900
2008-09-23,,,,2731.1000
2008-09-24,,,,2796.1000
2008-09-25,,,,2745.4400
2008-09-26,,,,2615.4100
2008-09-29,,,,2525.4800
2008-09-30,,,,2471.3400
2008-10-01,,,,5121.7100
2008-10-03,,,,2289.5600
2008-10-04,,,,3573.4900
2008-10-06,,,,3858.1000
2008-10-07,,,,3282.0200
2008-10-08,,,,2044.8300
2008-10-09,,,,2952.3600
2008-10-10,,,,1885.2100
2008-10-11,,,,1595.7100
2008-10-12,,,,1459.3100
2008-10-13,,,,1993.4200
2008-10-14,,,,1938.4200
2008-10-15,,,,1810.6600
2008-10-16,,,,1766.0700
2008-10-17,,,,1663.8300
2008-10-20,,,,1699.3500
2008-10-21,,,,1736.0100
2008-10-22,,,,1605.7400
2008-10-23,,,,1414.2000
2008-10-24,,,,1239.7700
2008-10-27,,,,1222.2100
2008-10-28,,,,1304.9600
2008-10-29,,,,1395.3600
2008-10-31,,,,1507.6000
2008-11-01,,,,5098.7800
2008-11-02,,,,3786.0600
2008-11-03,,,,1566.4700
2008-11-04,,,,1634.9100
2008-11-05,,,,1511.2000
2008-11-06,,,,3903.9100
2008-11-07,,,,1453.7700
2008-11-08,,,,3355.0400
2008-11-09,,,,2909.5500
2008-11-10,,,,1595.7100
2008-11-11,,,,1467.6500
2008-11-12,,,,1477.3400
2008-11-14,,,,1358.5900
2008-11-17,,,,1332.0700
2008-11-18,,,,1254.2700
2008-11-19,,,,1229.6900
2008-11-20,,,,1188.7800
2008-11-21,,,,1240.7400
2008-11-24,,,,1231.3000
2008-11-25,,,,1218.5300
2008-11-26,,,,1279.3300
2008-11-28,,,,1253.0400
2008-12-01,,,,1232.7000
2008-12-02,,,,1224.7200
2008-12-03,,,,4185.0200
2008-12-04,,,,1345.8700
2008-12-05,,,,1296.0700
2008-12-06,,,,3904.2700
2008-12-08,,,,3240.6700
2008-12-09,,,,2907.6400
2008-12-10,,,,1459.3100
2008-12-11,,,,1410.6500
2008-12-12,,,,1475.2100
2008-12-15,,,,1544.4500
2008-12-16,,,,1546.2000
2008-12-17,,,,1473.7400
2008-12-18,,,,1512.7100
2008-12-19,,,,1510.5000
2008-12-22,,,,1486.8000
2008-12-23,,,,1434.0400
2008-12-24,,,,1394.7500
2008-12-26,,,,1361.5100
2008-12-29,,,,1420.0500
2008-12-30,,,,1442.9600
2008-12-31,,,,1438.6200
2009-01-01,,,,1518.3800
2009-01-02,,,,1532.4200
2009-01-04,,,,1719.7500
2009-01-05,,,,1626.8100
2009-01-06,,,,1685.3800
2009-01-07,,,,1589.3700
2009-01-09,,,,3296.6700
2009-01-10,,,,3778.3400
2009-01-12,,,,1381.2500
2009-01-13,,,,1363.9500
2009-01-14,,,,1424.7700
2009-01-15,,,,1364.4800
2009-01-16,,,,1409.4000
2009-01-19,,,,1448.1100
2009-01-20,,,,1393.9700
2009-01-21,,,,1333.4600
2009-01-22,,,,1317.3700
2009-01-23,,,,1278.3700
2009-01-27,,,,1350.8800
2009-01-28,,,,1402.3900
2009-01-29,,,,1402.7800
2009-01-30,,,,1455.5100
2009-02-01,,,,1532.4200
2009-02-02,,,,1372.6100
2009-02-03,,,,1367.1900
2009-02-04,,,,1404.3400
2009-02-05,,,,1413.6300
2009-02-06,,,,3235.9800
2009-02-07,,,,3040.8500
2009-02-09,,,,1511.3600
2009-02-10,,,,1483.3600
2009-02-11,,,,1476.8300
2009-02-12,,,,1468.4600
2009-02-13,,,,1512.2600
2009-02-16,,,,1443.9800
2009-02-17,,,,1392.9800
2009-02-18,,,,1395.6600
2009-02-19,,,,1394.9800
2009-02-20,,,,1362.9600
2009-02-24,,,,1330.3800
2009-02-25,,,,1352.4700
2009-02-26,,,,1364.0600
2009-02-27,,,,1360.3700
2009-03-02,,,,1308.1900
2009-03-03,,,,1299.8400
2009-03-04,,,,1343.7500
2009-03-05,,,,1329.0900
2009-03-06,,,,3273.5600
2009-03-07,,,,3057.8300
2009-03-08,,,,3447.7000
2009-03-09,,,,1332.4100
2009-03-11,,,,3547.5900
2009-03-12,,,,4525.5600
2009-03-13,,,,1451.5600
2009-03-16,,,,1482.6100
2009-03-17,,,,1478.2100
2009-03-18,,,,1535.9400
2009-03-19,,,,1546.4100
2009-03-20,,,,1576.7300
2009-03-23,,,,1669.2300
2009-03-24,,,,1622.1100
2009-03-25,,,,1667.3700
2009-03-26,,,,1721.9700
2009-03-27,,,,1798.5500
2009-03-30,,,,1664.3900
2009-03-31,,,,1712.0000
2009-04-01,,,,1719.7500
2009-04-02,,,,1840.9000
2009-04-03,,,,1343.7500
2009-04-05,,,,2164.3000
2009-04-06,,,,1892.6400
2009-04-08,,,,1934.2000
2009-04-09,,,,1977.3500
2009-04-11,,,,3712.4200
2009-04-12,,,,4545.5800
2009-04-13,,,,2048.2500
2009-04-15,,,,2103.9900
2009-04-16,,,,1991.1800
2009-04-17,,,,1959.1800
2009-04-20,,,,1993.7200
2009-04-21,,,,1969.3500
2009-04-22,,,,1938.1300
2009-04-23,,,,2037.6300
2009-04-24,,,,2052.3100
2009-04-27,,,,2029.2100
2009-04-28,,,,1928.3700
2009-04-29,,,,1984.8100
2009-05-01,,,,1626.8100
2009-05-02,,,,1413.6300
2009-05-03,,,,1329.0900
2009-05-04,,,,2164.3000
2009-05-05,,,,2218.7700
2009-05-06,,,,2158.4400
2009-05-07,,,,2349.9600
2009-05-08,,,,2292.0700
2009-05-10,,,,3671.5100
2009-05-11,,,,3804.5300
2009-05-12,,,,2279.3200
2009-05-13,,,,2239.7500
2009-05-14,,,,2199.9500
2009-05-15,,,,2249.6700
2009-05-18,,,,2644.9500
2009-05-19,,,,2756.5900
2009-05-20,,,,2845.3200
2009-05-21,,,,2785.6600
2009-05-22,,,,2768.7600
2009-05-25,,,,2796.3400
2009-05-26,,,,2743.9600
2009-05-27,,,,2842.1400
2009-05-28,,,,2921.2000
2009-05-29,,,,2999.4900
2009-06-01,,,,1685.3800
2009-06-02,,,,1454.4300
2009-06-03,,,,3273.5600
2009-06-04,,,,3192.7200
2009-06-05,,,,3225.8100
2009-06-07,,,,2859.2600
2009-06-08,,,,3309.4500
2009-06-09,,,,3103.1900
2009-06-10,,,,3743.5900
2009-06-11,,,,3856.3500
2009-06-12,,,,3313.1900
2009-06-15,,,,3165.1100
2009-06-16,,,,3234.9500
2009-06-17,,,,3068.1100
2009-06-18,,,,2918.2500
2009-06-19,,,,2990.8500
2009-06-22,,,,2915.4400
2009-06-23,,,,2852.8100
2009-06-24,,,,2884.4200
2009-06-25,,,,2860.3400
2009-06-26,,,,2946.2300
2009-06-29,,,,3045.0700
2009-06-30,,,,2933.8100
2009-07-01,,,,1589.3700
2009-07-02,,,,3040.8500
2009-07-03,,,,3057.8300
2009-07-05,,,,2349.9600
2009-07-06,,,,2859.2600
2009-07-07,,,,2850.1300
2009-07-08,,,,2734.8000
2009-07-09,,,,2797.4700
2009-07-10,,,,3825.6200
2009-07-12,,,,4388.2400
2009-07-13,,,,2647.9600
2009-07-14,,,,2797.5000
2009-07-15,,,,2948.6100
2009-07-16,,,,2923.9900
2009-07-17,,,,3007.8400
2009-07-20,,,,3071.5000
2009-07-21,,,,3115.1500
2009-07-22,,,,3061.5500
2009-07-23,,,,3200.7100
2009-07-24,,,,3261.7000
2009-07-27,,,,3321.8200
2009-07-28,,,,3344.8300
2009-07-29,,,,3259.6800
2009-07-30,,,,3279.1400
2009-07-31,,,,3317.1500
2009-08-03,,,,3447.7000
2009-08-04,,,,3428.8500
2009-08-05,,,,2292.0700
2009-08-06,,,,3309.4500
2009-08-07,,,,3246.6600
2009-08-09,,,,3630.3500
2009-08-10,,,,3882.6900
2009-08-11,,,,3258.5900
2009-08-12,,,,3238.3600
2009-08-13,,,,3408.4500
2009-08-14,,,,3403.5100
2009-08-17,,,,3197.8800
2009-08-18,,,,3273.3700
2009-08-19,,,,3220.3400
2009-08-20,,,,3262.0200
2009-08-21,,,,3304.3900
2009-08-24,,,,3418.0900
2009-08-25,,,,3404.2000
2009-08-26,,,,3416.1700
2009-08-27,,,,3400.7500
2009-08-28,,,,3433.8300
2009-08-31,,,,3366.6200
2009-09-01,,,,3296.6700
2009-09-02,,,,1511.3600
2009-09-03,,,,3308.3400
2009-09-04,,,,3412.9900
2009-09-06,,,,3103.1900
2009-09-07,,,,2797.4700
2009-09-08,,,,3630.3500
2009-09-09,,,,3630.9500
2009-09-10,,,,3839.9200
2009-09-11,,,,3950.5200
2009-09-12,,,,4376.0500
2009-09-14,,,,3607.3500
2009-09-15,,,,3720.5500
2009-09-16,,,,3871.1000
2009-09-17,,,,3863.5300
2009-09-18,,,,3858.6000
2009-09-22,,,,3860.8600
2009-09-23,,,,3837.2700
2009-09-24,,,,3785.8200
2009-09-25,,,,3725.3000
2009-09-29,,,,3719.7500
2009-09-30,,,,3778.4600
2009-10-01,,,,3778.3400
2009-10-02,,,,1483.3600
2009-10-05,,,,3671.5100
2009-10-06,,,,3743.5900
2009-10-07,,,,3825.6200
2009-10-08,,,,3882.6900
2009-10-09,,,,3839.9200
2009-10-11,,,,3973.0800
2009-10-12,,,,3904.0300
2009-10-14,,,,4060.9100
2009-10-15,,,,4143.1600
2009-10-16,,,,4102.1100
2009-10-17,,,,4134.3000
2009-10-20,,,,4189.9900
2009-10-21,,,,4148.4600
2009-10-22,,,,4056.0100
2009-10-23,,,,4096.2300
2009-10-26,,,,4050.4400
2009-10-27,,,,3873.3100
2009-10-28,,,,3826.3700
2009-10-29,,,,3726.8400
2009-10-30,,,,3739.5200
2009-11-02,,,,1476.8300
2009-11-03,,,,3547.5900
2009-11-04,,,,3712.4200
2009-11-05,,,,2238.8500
2009-11-06,,,,3856.3500
2009-11-08,,,,3258.5900
2009-11-09,,,,3631.5600
2009-11-10,,,,3973.0800
2009-11-11,,,,4106.3000
2009-11-12,,,,4013.6900
2009-11-13,,,,4085.1600
2009-11-16,,,,4178.1400
2009-11-17,,,,4215.7900
2009-11-18,,,,4253.5500
2009-11-19,,,,4180.7300
2009-11-20,,,,4257.1800
2009-11-23,,,,4342.2200
2009-11-24,,,,4316.6600
2009-11-25,,,,4314.6100
2009-11-26,,,,4255.0000
2009-11-27,,,,4198.2100
2009-11-30,,,,4369.0400
2009-12-01,,,,4458.3700
2009-12-02,,,,1468.4600
2009-12-03,,,,1363.9600
2009-12-04,,,,4545.5800
2009-12-05,,,,2279.3200
2009-12-06,,,,3313.1900
2009-12-07,,,,4388.2400
2009-12-08,,,,4484.7300
2009-12-09,,,,4376.0500
2009-12-10,,,,4409.6600
2009-12-11,,,,4441.8900
2009-12-14,,,,4417.1100
2009-12-15,,,,4394.4000
2009-12-16,,,,4411.7000
2009-12-17,,,,4442.7400
2009-12-18,,,,4392.2000
2009-12-21,,,,4309.7800
2009-12-22,,,,4439.6900
2009-12-23,,,,4625.3200
2009-12-24,,,,4680.8300
2009-12-29,,,,4704.3600
2009-12-30,,,,4674.6500
2009-12-31,,,,4709.3300
2010-01-02,,,,4337.6600
2010-01-04,,,,4793.9600
2010-01-05,,,,5001.3300
2010-01-06,,,,3955.6900
2010-01-07,,,,4940.3800
2010-01-08,,,,4893.4500
2010-01-09,,,,4213.2800
2010-01-10,,,,4720.1300
2010-01-11,,,,4926.4100
2010-01-12,,,,4833.8300
2010-01-13,,,,4866.8100
2010-01-14,,,,4876.6400
2010-01-15,,,,4841.0400
2010-01-18,,,,4799.5400
2010-01-19,,,,4773.9800
2010-01-20,,,,4803.1000
2010-01-21,,,,4683.3200
2010-01-22,,,,4602.1800
2010-01-25,,,,4574.0100
2010-01-27,,,,4350.0500
2010-01-28,,,,4348.8700
2010-01-29,,,,4281.7000
2010-02-01,,,,4337.6600
2010-02-02,,,,4261.9300
2010-02-03,,,,4525.9500
2010-02-04,,,,4278.5500
2010-02-05,,,,4101.9300
2010-02-06,,,,4165.2700
2010-02-07,,,,3925.6500
2010-02-08,,,,4126.4800
2010-02-09,,,,4241.4200
2010-02-10,,,,4100.9800
2010-02-11,,,,4551.2700
2010-02-12,,,,4405.2000
2010-02-15,,,,4158.6100
2010-02-16,,,,4231.8600
2010-02-17,,,,4360.0600
2010-02-18,,,,4321.8400
2010-02-19,,,,4205.0500
2010-02-22,,,,4247.6700
2010-02-23,,,,4260.4700
2010-02-24,,,,4271.7900
2010-02-25,,,,4274.7300
2010-02-26,,,,4382.6900
2010-03-02,,,,4436.0900
2010-03-03,,,,4593.7800
2010-03-04,,,,4687.0300
2010-03-05,,,,4698.1000
2010-03-06,,,,4026.8700
2010-03-08,,,,4240.5300
2010-03-09,,,,4203.4200
2010-03-10,,,,4631.0100
2010-03-11,,,,4649.9200
2010-03-12,,,,4675.4100
2010-03-15,,,,4661.4700
2010-03-16,,,,4744.3600
2010-03-17,,,,4786.2700
2010-03-18,,,,4827.7100
2010-03-19,,,,4828.2700
2010-03-22,,,,4736.5600
2010-03-23,,,,4777.4100
2010-03-25,,,,4805.6000
2010-03-26,,,,4818.2100
2010-03-29,,,,4841.5300
2010-03-30,,,,4846.7600
2010-03-31,,,,4861.7800
2010-04-01,,,,4793.9600
2010-04-02,,,,4278.5500
2010-04-03,,,,4687.0300
2010-04-05,,,,4998.3100
2010-04-06,,,,4014.6600
2010-04-07,,,,4999.1400
2010-04-08,,,,4225.9600
2010-04-09,,,,4902.2800
2010-04-10,,,,4761.2400
2010-04-11,,,,4703.8400
2010-04-12,,,,4909.2600
2010-04-13,,,,4875.5800
2010-04-15,,,,4852.0800
2010-04-16,,,,4844.2200
2010-04-19,,,,4733.3700
2010-04-20,,,,4756.9900
2010-04-21,,,,4753.0500
2010-04-22,,,,4752.7600
2010-04-23,,,,4729.2400
2010-04-26,,,,4848.7200
2010-04-27,,,,4816.7700
2010-04-28,,,,4695.3200
2010-04-29,,,,4759.2900
2010-04-30,,,,4741.5300
2010-05-01,,,,5001.3300
2010-05-02,,,,4101.9300
2010-05-03,,,,4698.1000
2010-05-04,,,,4998.3100
2010-05-05,,,,4441.5200
2010-05-06,,,,4390.7300
2010-05-07,,,,4286.5200
2010-05-08,,,,4223.3400
2010-05-10,,,,4524.6500
2010-05-11,,,,4718.3900
2010-05-12,,,,4428.0400
2010-05-13,,,,4424.5000
2010-05-14,,,,4287.2700
2010-05-17,,,,4271.0600
2010-05-18,,,,4202.3800
2010-05-19,,,,4030.1300
2010-05-20,,,,4028.6000
2010-05-21,,,,4043.8500
2010-05-24,,,,4025.8300
2010-05-25,,,,3815.3100
2010-05-26,,,,3931.8600
2010-05-27,,,,3975.6600
2010-05-28,,,,4110.0700
2010-05-31,,,,4100.1600
2010-06-01,,,,3955.6900
2010-06-02,,,,4165.2700
2010-06-03,,,,4026.8700
2010-06-04,,,,4014.6600
2010-06-05,,,,4390.7300
2010-06-07,,,,3981.4400
2010-06-08,,,,4209.5000
2010-06-09,,,,3868.0200
2010-06-10,,,,4870.7200
2010-06-11,,,,3967.1900
2010-06-12,,,,4446.3600
2010-06-14,,,,4038.3000
2010-06-15,,,,4090.4800
2010-06-16,,,,4095.5000
2010-06-17,,,,4109.7900
2010-06-18,,,,4054.9500
2010-06-21,,,,4227.7100
2010-06-22,,,,4163.0400
2010-06-23,,,,4151.6800
2010-06-24,,,,4118.0500
2010-06-25,,,,4038.0700
2010-06-28,,,,4097.1900
2010-06-29,,,,3994.0800
2010-06-30,,,,4008.7600
2010-07-01,,,,4940.3800
2010-07-02,,,,3925.6500
2010-07-04,,,,4999.1400
2010-07-05,,,,4286.5200
2010-07-06,,,,3883.9800
2010-07-07,,,,3933.3800
2010-07-08,,,,3982.2200
2010-07-09,,,,4363.4600
2010-07-10,,,,4795.7900
2010-07-12,,,,4057.3700
2010-07-13,,,,4112.2300
2010-07-14,,,,4070.1900
2010-07-15,,,,4091.0100
2010-07-16,,,,4076.6400
2010-07-19,,,,4074.2300
2010-07-20,,,,4083.4600
2010-07-21,,,,4207.8600
2010-07-22,,,,4258.0500
2010-07-23,,,,4228.1700
2010-07-26,,,,4217.0200
2010-07-27,,,,4222.7500
2010-07-28,,,,4223.4000
2010-07-29,,,,4196.5500
2010-07-30,,,,4187.5600
2010-08-01,,,,4893.4500
2010-08-02,,,,4242.5500
2010-08-03,,,,4240.5300
2010-08-04,,,,4852.7900
2010-08-05,,,,4223.3400
2010-08-06,,,,4209.5000
2010-08-07,,,,3982.2200
2010-08-09,,,,4272.9900
2010-08-10,,,,4247.8700
2010-08-11,,,,4722.0800
2010-08-12,,,,4194.8100
2010-08-13,,,,4198.8700
2010-08-16,,,,4153.3600
2010-08-17,,,,4138.6800
2010-08-18,,,,4195.2000
2010-08-19,,,,4235.5300
2010-08-20,,,,4225.2500
2010-08-23,,,,4246.4900
2010-08-24,,,,4154.5400
2010-08-25,,,,4116.4600
2010-08-26,,,,4110.7100
2010-08-27,,,,4089.3100
2010-08-30,,,,4139.8400
2010-08-31,,,,4096.9800
2010-09-01,,,,4213.2800
2010-09-02,,,,4147.4900
2010-09-03,,,,4648.8000
2010-09-04,,,,4902.2800
2010-09-06,,,,4329.6500
2010-09-07,,,,4038.9300
2010-09-08,,,,4272.9900
2010-09-09,,,,4392.5400
2010-09-11,,,,4764.8400
2010-09-12,,,,4217.8800
2010-09-13,,,,4445.5000
2010-09-14,,,,4428.4800
2010-09-15,,,,4478.7300
2010-09-16,,,,4397.0700
2010-09-17,,,,4466.6200
2010-09-20,,,,4521.1800
2010-09-21,,,,4486.7300
2010-09-22,,,,4486.8800
2010-09-23,,,,4479.7100
2010-09-24,,,,4496.8600
2010-09-27,,,,4584.1100
2010-09-28,,,,4589.5700
2010-09-29,,,,4500.3200
2010-09-30,,,,4522.1800
2010-10-01,,,,4720.1300
2010-10-02,,,,4100.9800
2010-10-03,,,,4631.0100
2010-10-04,,,,4761.2400
2010-10-05,,,,4524.6500
2010-10-06,,,,3956.4000
2010-10-07,,,,4795.7900
2010-10-08,,,,4247.8700
2010-10-11,,,,4798.2700
2010-10-12,,,,4286.0800
2010-10-13,,,,4802.0600
2010-10-14,,,,4805.0800
2010-10-15,,,,4723.0000
2010-10-18,,,,4724.2400
2010-10-19,,,,4706.2700
2010-10-20,,,,4617.6800
2010-10-21,,,,4705.4600
2010-10-22,,,,4661.9900
2010-10-25,,,,4717.5000
2010-10-26,,,,4673.6100
2010-10-27,,,,4652.7000
2010-10-28,,,,4591.6000
2010-10-29,,,,4520.7600
2010-11-01,,,,4926.4100
2010-11-02,,,,4551.2700
2010-11-03,,,,4649.9200
2010-11-04,,,,4703.8400
2010-11-05,,,,4423.5000
2010-11-06,,,,3967.1900
2010-11-08,,,,4220.3100
2010-11-09,,,,4764.8400
2010-11-10,,,,4798.2700
2010-11-11,,,,4724.9200
2010-11-12,,,,4573.4000
2010-11-15,,,,4582.5600
2010-11-16,,,,4439.6000
2010-11-18,,,,4499.5700
2010-11-19,,,,4404.0000
2010-11-22,,,,4456.6400
2010-11-23,,,,4373.0400
2010-11-24,,,,4330.3400
2010-11-25,,,,4222.6600
2010-11-26,,,,4124.8200
2010-11-29,,,,4158.7900
2010-11-30,,,,4178.8100
2010-12-01,,,,4342.5800
2010-12-02,,,,4405.2000
2010-12-03,,,,4323.8200
2010-12-04,,,,4909.2600
2010-12-05,,,,4428.0400
2010-12-06,,,,4446.3600
2010-12-07,,,,4476.2700
2010-12-08,,,,4386.5200
2010-12-09,,,,4217.8800
2010-12-10,,,,4286.0800
2010-12-11,,,,4573.4000
2010-12-13,,,,4377.1500
2010-12-14,,,,4451.7300
2010-12-15,,,,4408.1100
2010-12-16,,,,4476.8500
2010-12-20,,,,4491.8800
2010-12-21,,,,4602.1800
2010-12-22,,,,4635.4300
2010-12-23,,,,4580.0700
2010-12-24,,,,4642.6300
2010-12-27,,,,4572.2400
2010-12-28,,,,4571.8400
2010-12-29,,,,4642.9400
2010-12-30,,,,4698.9800
2010-12-31,,,,4711.0400
2011-01-02,,,,4240.7100
2011-01-03,,,,4268.8700
2011-01-04,,,,4339.5600
2011-01-05,,,,4753.3100
2011-01-06,,,,4718.2400
2011-01-07,,,,3985.3500
2011-01-08,,,,3680.5200
2011-01-10,,,,4405.5400
2011-01-11,3130.0000,3132.4000,3082.5000,3112.6500
2011-01-12,2814.2000,2867.6500,2798.9000,2818.9000
2011-01-13,,,,4471.3000
2011-01-14,,,,4374.1600
2011-01-17,,,,4312.0000
2011-01-18,,,,4421.4500
2011-01-19,,,,4496.0100
2011-01-20,,,,4494.6400
2011-01-21,,,,4449.9700
2011-01-24,,,,4484.2800
2011-01-25,,,,4481.1100
2011-01-27,,,,4373.3800
2011-01-28,,,,4263.3700
2011-01-31,,,,4282.1500
2011-02-01,,,,4240.7100
2011-02-02,,,,4286.7200
2011-02-03,,,,4380.4600
2011-02-04,,,,4298.3400
2011-02-05,,,,4243.3500
2011-02-06,,,,4023.3000
2011-02-07,,,,4300.4900
2011-02-08,,,,4197.5500
2011-02-09,,,,3325.2600
2011-02-10,,,,4036.6500
2011-02-11,3070.3500,3129.3500,3059.7500,3105.2000
2011-02-12,2816.9000,2907.5500,2790.6500,2894.0500
2011-02-14,,,,4200.6000
2011-02-15,,,,4174.2300
2011-02-16,,,,4246.2200
2011-02-17,,,,4282.9100
2011-02-18,,,,4217.3700
2011-02-21,,,,4271.5100
2011-02-22,,,,4223.1900
2011-02-23,,,,4227.0200
2011-02-24,,,,4074.2800
2011-02-25,,,,4064.8600
2011-02-28,,,,4097.6500
2011-03-01,,,,4268.8700
2011-03-02,,,,4380.4600
2011-03-03,,,,4228.6900
2011-03-04,,,,4216.3200
2011-03-05,,,,4153.6200
2011-03-06,,,,3972.7800
2011-03-07,,,,4153.1300
2011-03-08,,,,4214.1300
2011-03-09,,,,4220.7200
2011-03-10,,,,4159.5300
2011-03-11,3095.0000,3107.0500,3052.8500,3096.3500
2011-03-14,,,,4167.2700
2011-03-15,,,,4086.8500
2011-03-16,,,,4117.2500
2011-03-17,,,,4062.2600
2011-03-18,,,,4056.8900
2011-03-21,,,,4054.9800
2011-03-22,,,,4077.3400
2011-03-23,,,,4125.8100
2011-03-24,,,,4176.4400
2011-03-25,,,,4215.4700
2011-03-28,,,,4205.4800
2011-03-29,,,,4240.9200
2011-03-30,,,,4251.1400
2011-03-31,,,,4293.6500
2011-04-01,,,,4794.4200
2011-04-02,,,,4298.3400
2011-04-03,,,,4216.3200
2011-04-04,,,,4377.1000
2011-04-05,,,,4423.9600
2011-04-06,,,,4407.1300
2011-04-07,,,,4415.6800
2011-04-08,,,,4354.0400
2011-04-10,2789.0000,2835.4000,2726.6000,2760.4500
2011-04-11,,,,4308.6600
2011-04-13,,,,4350.1700
2011-04-15,,,,4322.7500
2011-04-18,,,,4239.7400
2011-04-19,,,,4238.7900
2011-04-20,,,,4351.9200
2011-04-21,,,,4420.2400
2011-04-25,,,,4423.6800
2011-04-26,,,,4436.2200
2011-04-27,,,,4398.8900
2011-04-28,,,,4344.4900
2011-04-29,,,,4296.2800
2011-05-01,,,,4753.3100
2011-05-02,,,,4243.3500
2011-05-03,,,,4153.6200
2011-05-04,,,,4112.5000
2011-05-05,,,,4043.1000
2011-05-06,,,,4076.4400
2011-05-07,,,,4001.3900
2011-05-08,,,,3486.2300
2011-05-09,,,,3321.3400
2011-05-10,2782.1000,2808.3000,2738.8500,2745.3000
2011-05-11,,,,4148.4800
2011-05-12,,,,4024.5500
2011-05-13,,,,4079.5500
2011-05-16,,,,4014.3800
2011-05-17,,,,4005.2700
2011-05-18,,,,3968.4400
2011-05-19,,,,3926.5100
2011-05-20,,,,3944.5000
2011-05-23,,,,3853.7400
2011-05-24,,,,3861.7400
2011-05-25,,,,3848.7400
2011-05-26,,,,3927.5900
2011-05-27,,,,3986.8400
2011-05-30,,,,3979.0500
2011-05-31,,,,4066.9800
2011-06-01,,,,4084.3700
2011-06-02,,,,4023.3000
2011-06-03,,,,3972.7800
2011-06-04,,,,4407.1300
2011-06-05,,,,4076.4400
2011-06-06,,,,3949.0700
2011-06-07,,,,3989.4500
2011-06-08,,,,3965.8400
2011-06-09,,,,3962.3000
2011-06-10,,,,3940.0000
2011-06-13,,,,3889.1000
2011-06-14,,,,3894.1700
2011-06-15,,,,3856.5500
2011-06-16,,,,3820.7500
2011-06-17,,,,3826.6900
2011-06-20,,,,3751.1300
2011-06-21,,,,3746.8200
2011-06-22,,,,3718.1400
2011-06-23,,,,3717.7400
2011-06-24,,,,3855.2300
2011-06-27,,,,3897.6500
2011-06-28,,,,3899.8300
2011-06-29,,,,3952.9600
2011-06-30,,,,3981.3000
2011-07-01,,,,4526.5900
2011-07-02,,,,4300.4900
2011-07-03,,,,4153.1300
2011-07-04,,,,4415.6800
2011-07-05,,,,4001.3900
2011-07-06,,,,4007.1600
2011-07-07,,,,4061.8000
2011-07-08,,,,3916.7000
2011-07-09,,,,3423.4600
2011-07-10,2832.5000,2895.8000,2832.5000,2889.5500
2011-07-11,,,,3850.6100
2011-07-12,,,,3795.9000
2011-07-13,,,,3837.3100
2011-07-14,,,,3868.9100
2011-07-15,,,,3831.6800
2011-07-18,,,,3854.3000
2011-07-19,,,,3884.5200
2011-07-20,,,,3845.3800
2011-07-21,,,,3824.4400
2011-07-22,,,,3863.0900
2011-07-25,,,,3902.4500
2011-07-26,,,,3863.4500
2011-07-27,,,,3880.4000
2011-07-28,,,,3793.0600
2011-07-29,,,,3718.0600
2011-08-01,,,,3680.5200
2011-08-02,,,,3629.3500
2011-08-03,,,,3629.2600
2011-08-04,,,,4354.0400
2011-08-05,,,,3486.2300
2011-08-06,,,,3965.8400
2011-08-07,,,,3916.7000
2011-08-08,,,,3361.3500
2011-08-09,,,,3391.1300
2011-08-10,,,,3316.8500
2011-08-11,3165.5500,3172.5000,3127.7000,3148.7500
2011-08-12,,,,3278.3800
2011-08-16,,,,3217.8500
2011-08-17,,,,3241.4700
2011-08-18,,,,3150.9100
2011-08-19,,,,3141.7300
2011-08-22,,,,3202.6300
2011-08-23,,,,3220.5400
2011-08-24,,,,3144.2000
2011-08-25,,,,3083.8900
2011-08-26,,,,2972.5700
2011-08-29,,,,3107.2600
2011-08-30,,,,3226.0500
2011-09-02,,,,3325.2600
2011-09-03,,,,4220.7200
2011-09-05,,,,3321.3400
2011-09-06,,,,3354.0700
2011-09-07,,,,3423.4600
2011-09-08,,,,3391.1300
2011-09-09,,,,3275.6800
2011-09-11,3160.1000,3174.8000,3052.2000,3062.8000
2011-09-12,2732.8500,2798.4000,2709.6000,2762.5500
2011-09-13,,,,3168.4300
2011-09-14,,,,3222.0200
2011-09-15,,,,3236.5100
2011-09-16,,,,3242.8400
2011-09-19,,,,3207.6000
2011-09-20,,,,3268.8900
2011-09-21,,,,3261.8000
2011-09-22,,,,3126.0200
2011-09-23,,,,3056.7400
2011-09-26,,,,2977.5500
2011-09-27,,,,3052.0800
2011-09-28,,,,2996.5000
2011-09-29,,,,3006.0600
2011-09-30,,,,2921.3900
2011-10-01,,,,4405.5400
2011-10-02,,,,4036.6500
2011-10-03,,,,4159.5300
2011-10-04,2789.0000,2835.4000,2726.6000,2760.4500
2011-10-05,,,,4100.1600
2011-10-06,,,,3940.0000
2011-10-07,2832.5000,2895.8000,2832.5000,2889.5500
2011-10-08,,,,3316.8500
2011-10-10,2886.4500,2951.9000,2876.3500,2943.7000
2011-10-11,2975.4500,2999.2000,2949.5000,2972.8500
2011-10-12,2985.9500,3046.0500,2972.8000,3037.7500
2011-10-13,3050.7500,3051.0000,2996.5000,3013.9500
2011-10-14,2987.1000,2998.3000,2943.4000,2987.9000
2011-10-17,3005.8500,3011.1000,2958.8500,2983.7500
2011-10-18,2934.7500,2948.2000,2909.7500,2941.1000
2011-10-19,2974.6000,2997.1500,2971.0000,2988.7000
2011-10-20,2955.8000,2978.6000,2919.6500,2972.0500
2011-10-21,2984.4000,2991.2500,2924.1500,2932.8500
2011-10-24,2976.0500,2995.6500,2925.9500,2942.9500
2011-10-25,2962.0000,3014.6000,2938.8500,3004.8000
2011-10-26,3020.7000,3031.4000,3014.7000,3020.6000
2011-10-28,3126.0000,3256.4500,3126.0000,3220.0500
2011-10-31,3214.9500,3214.9500,3148.9000,3157.1500
2011-11-01,,,,4395.1000
2011-11-02,,,,4051.5700
2011-11-03,3095.0000,3107.0500,3052.8500,3096.3500
2011-11-04,3135.7000,3172.4500,3134.0000,3145.8500
2011-11-05,,,,4148.4800
2011-11-07,,,,3850.6100
2011-11-08,,,,3317.6500
2011-11-09,3160.1000,3174.8000,3052.2000,3062.8000
2011-11-10,2975.4500,2999.2000,2949.5000,2972.8500
2011-11-11,3025.5500,3025.5500,2967.6000,2989.7000
2011-11-14,3019.5000,3028.1500,2914.2500,2922.5500
2011-11-15,2920.4500,2944.1500,2852.4000,2866.4000
2011-11-16,2861.6000,2910.0000,2809.2000,2868.4500
2011-11-17,2871.4000,2879.5000,2793.0500,2806.3000
2011-11-18,2784.8000,2784.8000,2728.5000,2768.9000
2011-11-21,2748.0500,2749.1500,2661.5000,2671.8500
2011-11-22,2717.0500,2746.8500,2679.7500,2711.3500
2011-11-23,2691.5500,2691.5500,2621.2500,2659.0000
2011-11-24,2656.6500,2675.1000,2599.3000,2667.4000
2011-11-25,2648.8000,2662.1500,2606.4000,2615.2000
2011-11-28,2653.1000,2754.3500,2653.1000,2745.2000
2011-11-29,2761.8000,2764.8000,2696.9000,2706.8000
2011-11-30,2689.5500,2722.4500,2663.8000,2710.3000
2011-12-01,,,,4526.4300
2011-12-02,2816.9000,2907.5500,2790.6500,2894.0500
2011-12-05,,,,4024.5500
2011-12-07,,,,3795.9000
2011-12-08,,,,3278.3800
2011-12-09,2732.8500,2798.4000,2709.6000,2762.5500
2011-12-10,2985.9500,3046.0500,2972.8000,3037.7500
2011-12-12,2790.6000,2794.4500,2643.5000,2652.0500
2011-12-13,2631.9000,2730.8500,2618.8000,2710.0500
2011-12-14,2702.0000,2720.6000,2645.9500,2652.1500
2011-12-15,2616.0500,2660.3500,2581.5500,2652.3500
2011-12-16,2662.3500,2690.0000,2571.2000,2580.3000
2011-12-19,2561.5000,2566.4500,2517.6500,2562.3000
2011-12-20,2578.8000,2582.0000,2462.5000,2470.6000
2011-12-21,2531.3000,2542.1000,2491.7000,2535.2500
2011-12-22,2511.7500,2556.1000,2481.3500,2545.1500
2011-12-23,2565.9000,2582.1000,2516.2500,2529.2000
2011-12-26,2542.3500,2570.6000,2537.7000,2563.8000
2011-12-27,2561.7500,2582.1000,2512.5000,2525.6500
2011-12-28,2521.1500,2529.7000,2459.7500,2478.9000
2011-12-29,2463.9500,2498.8500,2446.3500,2486.2500
2011-12-30,2492.0000,2507.8500,2452.6500,2464.6000
2012-01-02,2478.1000,2501.0500,2439.2500,2495.1000
2012-01-03,3222.8500,3235.5000,3175.3000,3205.7000
2012-01-04,2629.3500,2647.0000,2603.8500,2626.6500
2012-01-05,2624.9500,2651.7000,2591.1500,2610.1000
2012-01-06,2689.0000,2701.3000,2644.8000,2654.6500
2012-01-07,2601.4000,2604.6500,2596.1000,2603.0500
2012-01-08,2777.9000,2793.7000,2751.1000,2762.8000
2012-01-09,2601.4000,2617.0500,2549.9500,2603.9000
2012-01-10,2776.7000,2784.9000,2741.7500,2777.1000
2012-01-11,2700.7000,2755.5000,2689.6000,2748.5000
2012-01-12,2747.9500,2795.7500,2735.4000,2780.9500
2012-01-13,2796.8000,2914.3000,2796.8000,2872.3000
2012-01-16,2854.7500,2904.6500,2831.3000,2882.4000
2012-01-17,2900.8500,3015.4500,2900.8500,2984.9000
2012-01-18,2995.5000,2995.5000,2896.1000,2927.0500
2012-01-19,2959.9000,3013.7000,2959.9000,3006.8500
2012-01-20,3023.7000,3027.6000,2973.5000,3002.4500
2012-01-23,2998.7000,3005.5500,2926.4500,2936.1500
2012-01-24,2934.7500,3004.8500,2918.7500,2985.6000
2012-01-25,3005.8500,3050.0500,3000.8000,3042.3500
2012-01-27,3078.0000,3119.2500,3077.1500,3101.6500
2012-01-30,3082.3500,3082.3500,2993.3000,3008.3000
2012-01-31,3026.3000,3089.9000,2982.1000,3073.8000
2012-02-01,2478.1000,2501.0500,2439.2500,2495.1000
2012-02-02,3191.6000,3232.6000,3172.1500,3215.3000
2012-02-03,3228.3500,3257.2500,3194.9000,3210.1500
2012-02-04,3047.2500,3073.7000,3033.9500,3042.2500
2012-02-05,2974.8000,2998.5500,2947.7500,2957.0000
2012-02-06,3219.4500,3250.0500,3190.8500,3222.8500
2012-02-07,2882.8000,2911.1500,2856.5000,2882.9000
2012-02-08,2755.9000,2763.5500,2740.2000,2757.2500
2012-02-09,3201.2000,3291.5500,3175.4000,3286.9000
2012-02-10,3246.2000,3346.3500,3246.2000,3310.5000
2012-02-11,2700.5500,2724.9500,2692.8500,2707.0500
2012-02-13,3318.0000,3382.5000,3273.2000,3346.8500
2012-02-14,3341.6000,3383.2500,3340.4000,3358.4500
2012-02-15,3384.0500,3437.3000,3384.0500,3429.3500
2012-02-16,3410.9000,3413.4500,3346.7000,3367.5000
2012-02-17,3406.5500,3455.5000,3355.8000,3369.4000
2012-02-21,3380.9500,3444.3500,3377.5500,3398.4500
2012-02-22,3411.4500,3431.1000,3236.4000,3248.4000
2012-02-23,3246.1500,3256.0000,3180.9000,3211.7000
2012-02-24,3225.8000,3269.6500,3211.0000,3247.1000
2012-02-27,3266.8000,3266.8000,3071.1500,3083.2000
2012-02-28,3098.9500,3198.6000,3098.9500,3189.4000
2012-02-29,3224.4000,3261.2500,3170.3000,3236.6500
2012-03-01,2519.0500,2624.6500,2519.0500,2618.6500
2012-03-02,3215.6500,3215.6500,3159.6500,3179.2500
2012-03-03,3209.4500,3219.9000,3207.8000,3211.5000
2012-03-04,3064.4500,3107.0500,3064.4500,3092.1500
2012-03-05,2941.6500,2945.6500,2888.8000,2902.1500
2012-03-06,3093.9000,3159.6500,2968.1000,2981.1000
2012-03-07,2966.9500,2986.9000,2902.6500,2939.1500
2012-03-08,2735.0500,2735.0500,2682.1000,2714.4500
2012-03-09,2988.9000,3099.0500,2988.9000,3090.5000
2012-03-10,2779.7000,2791.6500,2770.4500,2787.2500
2012-03-12,3132.7500,3144.6000,3074.8000,3121.9500
2012-03-13,3144.4000,3236.3500,3144.4000,3213.9500
2012-03-14,3257.6000,3270.7500,3205.0500,3212.1000
2012-03-15,3199.9000,3199.9000,3145.0000,3170.8500
2012-03-16,3174.3000,3213.7000,3095.3000,3106.4500
2012-03-19,3102.9000,3141.9000,3066.9500,3082.5500
2012-03-20,3079.1500,3123.7500,3063.6500,3083.7500
2012-03-21,3077.4000,3153.1500,3048.3500,3141.9500
2012-03-22,3135.2000,3143.1000,3024.6500,3033.9500
2012-03-23,3038.2000,3072.9000,2984.9500,3018.4000
2012-03-26,3022.0500,3034.3500,2933.1000,2954.2500
2012-03-27,2996.9500,3011.1000,2954.9000,2996.3500
2012-03-28,2989.0000,2989.0000,2950.5000,2967.1500
2012-03-29,2937.9000,2990.7000,2926.2500,2974.2500
2012-03-30,2983.6500,3063.7000,2983.6500,3054.7500
2012-04-01,2629.3500,2647.0000,2603.8500,2626.6500
2012-04-02,3047.2500,3073.7000,3033.9500,3042.2500
2012-04-03,3064.4500,3107.0500,3064.4500,3092.1500
2012-04-04,3064.5000,3077.7000,3042.1000,3059.8500
2012-04-05,2890.6500,2891.7500,2813.8000,2828.5000
2012-04-06,2630.8000,2642.8500,2594.6000,2635.5000
2012-04-07,2916.3500,2978.9000,2916.3500,2965.6000
2012-04-09,3035.2000,3035.2000,2944.5000,2954.2500
2012-04-10,2964.4000,2964.4000,2906.2000,2926.6500
2012-04-11,2899.8000,2925.6500,2872.3500,2886.4000
2012-04-12,2912.4000,2966.6000,2908.3000,2959.7500
2012-04-13,2984.7000,3005.2500,2935.0500,2945.5500
2012-04-16,2924.5500,2959.3000,2916.0000,2952.8000
2012-04-17,2972.7000,3014.2500,2962.7000,3010.3500
2012-04-18,3028.5000,3064.2000,3028.5000,3038.6000
2012-04-19,3048.5500,3069.0000,3022.0000,3060.4000
2012-04-20,3044.7000,3077.0000,3002.3500,3033.2000
2012-04-23,3019.1500,3045.8500,2926.3000,2941.0000
2012-04-24,2948.3000,2972.2000,2920.6500,2962.4500
2012-04-25,2967.4000,2994.6500,2919.2000,2949.8500
2012-04-26,2965.9000,2982.1000,2939.1000,2947.9500
2012-04-27,2950.8000,2972.4500,2892.7500,2922.8000
2012-04-28,2932.9500,2949.3000,2926.9500,2943.1500
2012-04-30,2941.8500,2981.5500,2935.6500,2970.2500
2012-05-01,2624.9500,2651.7000,2591.1500,2610.1000
2012-05-02,2974.8000,2998.5500,2947.7500,2957.0000
2012-05-03,2941.6500,2945.6500,2888.8000,2902.1500
2012-05-04,2890.6500,2891.7500,2813.8000,2828.5000
2012-05-06,2649.1500,2677.2000,2620.4000,2626.8000
2012-05-07,2788.3500,2881.1500,2762.2000,2871.8000
2012-05-08,2880.2000,2894.0500,2807.9000,2825.2000
2012-05-09,2798.0500,2820.4000,2756.3500,2767.5000
2012-05-10,2769.1500,2809.9500,2728.3000,2733.5500
2012-05-11,2714.8000,2742.8500,2682.9500,2700.9000
2012-05-12,2743.7500,2772.1000,2738.5000,2763.1500
2012-05-14,2702.5500,2735.3000,2653.7500,2686.6000
2012-05-15,2664.5500,2748.1000,2664.5500,2741.2000
2012-05-16,2695.7000,2698.0500,2658.3500,2665.3500
2012-05-17,2676.0000,2714.0000,2654.8500,2675.8000
2012-05-18,2630.1000,2694.3500,2616.4000,2687.2500
2012-05-21,2674.9000,2723.8000,2674.9000,2704.8500
2012-05-22,2728.4000,2742.9000,2644.6000,2654.5000
2012-05-23,2641.0000,2653.4500,2616.1000,2630.9500
2012-05-24,2644.9500,2675.6500,2610.9000,2667.7500
2012-05-25,2656.1500,2704.7000,2652.1500,2690.5500
2012-05-28,2690.6000,2722.6000,2690.6000,2716.7000
2012-05-29,2731.3000,2752.7500,2718.1500,2731.6000
2012-05-30,2713.6000,2732.1000,2699.8000,2706.1000
2012-05-31,2688.2500,2714.8500,2687.5000,2698.5500
2012-06-01,2689.0000,2701.3000,2644.8000,2654.6500
2012-06-02,3219.4500,3250.0500,3190.8500,3222.8500
2012-06-03,3093.9000,3159.6500,2968.1000,2981.1000
2012-06-04,2630.8000,2642.8500,2594.6000,2635.5000
2012-06-05,2649.1500,2677.2000,2620.4000,2626.8000
2012-06-06,2646.1000,2708.8500,2646.1000,2705.6500
2012-06-07,2732.2000,2748.3500,2715.7500,2739.6500
2012-06-08,2749.7500,2762.1000,2714.6500,2752.0500
2012-06-09,2500.5000,2526.0000,2497.2500,2508.6000
2012-06-11,2674.8000,2688.8000,2661.7500,2681.5500
2012-06-12,2775.1500,2785.5500,2735.9500,2778.0500
2012-06-13,2785.7500,2796.5500,2761.9000,2770.0500
2012-06-14,2767.6000,2783.0000,2731.0500,2737.4000
2012-06-15,2751.1000,2781.0500,2750.3500,2775.8500
2012-06-18,2799.3000,2822.8500,2736.4000,2750.7000
2012-06-19,2745.1500,2770.8500,2719.8500,2748.3000
2012-06-20,2767.2000,2788.8500,2745.2500,2778.2500
2012-06-21,2762.5000,2805.0500,2754.9000,2798.8500
2012-06-22,2771.2500,2781.8000,2734.4000,2755.9000
2012-06-25,2766.8500,2792.4500,2726.4500,2736.0500
2012-06-26,2728.2500,2740.5500,2709.8000,2726.9500
2012-06-27,2743.3500,2777.6500,2741.7500,2772.4000
2012-06-28,2781.1500,2791.0500,2760.6000,2776.5000
2012-06-29,2805.0000,2875.1000,2805.0000,2870.3500
2012-07-01,2601.4000,2604.6500,2596.1000,2603.0500
2012-07-02,3267.3000,3267.3000,3158.0500,3171.5500
2012-07-03,2966.9500,2986.9000,2902.6500,2939.1500
2012-07-04,2916.3500,2978.9000,2916.3500,2965.6000
2012-07-05,2788.3500,2881.1500,2762.2000,2871.8000
2012-07-06,2732.2000,2748.3500,2715.7500,2739.6500
2012-07-08,2746.4500,2771.9000,2740.8500,2759.1500
2012-07-09,2897.7000,2900.9000,2862.3000,2882.3500
2012-07-10,2885.9000,2930.7000,2885.9000,2926.4000
2012-07-11,2672.8500,2712.7000,2672.8500,2690.1500
2012-07-12,2793.9000,2802.1500,2755.9500,2765.1000
2012-07-13,2873.1500,2886.9500,2828.3000,2831.7500
2012-07-16,2820.2000,2825.3000,2765.5500,2770.1500
2012-07-17,2782.0500,2799.0500,2760.3500,2767.4000
2012-07-18,2769.0500,2816.1500,2767.4500,2808.4000
2012-07-19,2833.5500,2845.2500,2825.7500,2832.3500
2012-07-20,2822.3500,2848.4500,2811.1000,2834.4000
2012-07-23,2809.4000,2809.4000,2734.1500,2740.5000
2012-07-24,2739.5500,2758.1000,2731.9000,2745.2500
2012-07-25,2725.5000,2726.4500,2675.2500,2687.7000
2012-07-26,2699.6500,2702.0000,2638.0000,2651.9000
2012-07-27,2696.3000,2739.4500,2691.3000,2708.2000
2012-07-30,2727.4000,2763.9000,2720.3000,2760.2500
2012-07-31,2766.6000,2791.3000,2719.9000,2783.1500
2012-08-01,2777.9000,2793.7000,2751.1000,2762.8000
2012-08-02,3182.9000,3254.3000,3165.8500,3222.9500
2012-08-03,2735.0500,2735.0500,2682.1000,2714.4500
2012-08-05,2880.2000,2894.0500,2807.9000,2825.2000
2012-08-06,2749.7500,2762.1000,2714.6500,2752.0500
2012-08-07,2746.4500,2771.9000,2740.8500,2759.1500
2012-08-08,2767.8500,2811.4000,2767.8500,2779.7000
2012-08-09,2782.2500,2813.9500,2777.3000,2796.2000
2012-08-10,2785.6000,2813.3500,2777.7000,2797.0000
2012-08-11,2672.1500,2697.6500,2663.3500,2691.3000
2012-08-13,2808.4500,2808.6000,2777.3000,2797.7500
2012-08-14,2787.4500,2833.0500,2787.1000,2822.4500
2012-08-16,2812.6000,2821.0000,2778.8500,2786.0500
2012-08-17,2783.3000,2797.0500,2737.3000,2741.2500
2012-08-21,2736.5500,2766.6000,2713.2000,2762.6500
2012-08-22,2751.3000,2771.8500,2748.1000,2756.6500
2012-08-23,2768.3500,2799.6000,2751.5500,2771.8500
2012-08-24,2755.8500,2771.2000,2740.2000,2760.4500
2012-08-27,2767.7500,2772.3500,2719.9500,2722.9500
2012-08-28,2727.1000,2728.0500,2619.4500,2647.0000
2012-08-29,2645.5000,2649.9000,2595.1500,2600.9000
2012-08-30,2589.8000,2601.2500,2567.7500,2590.0000
2012-08-31,2583.0500,2586.5500,2533.1000,2554.8000
2012-09-01,2601.4000,2617.0500,2549.9500,2603.9000
2012-09-02,3201.2000,3291.5500,3175.4000,3286.9000
2012-09-03,2570.1000,2582.9000,2534.7000,2544.0500
2012-09-04,3035.2000,3035.2000,2944.5000,2954.2500
2012-09-05,2798.0500,2820.4000,2756.3500,2767.5000
2012-09-06,2500.5000,2526.0000,2497.2500,2508.6000
2012-09-07,2897.7000,2900.9000,2862.3000,2882.3500
2012-09-08,2782.2500,2813.9500,2777.3000,2796.2000
2012-09-10,2594.7000,2631.4000,2594.7000,2618.7500
2012-09-11,2587.2500,2587.9500,2566.2000,2582.4000
2012-09-12,2593.9000,2637.1500,2571.7500,2633.1500
2012-09-13,2632.8000,2639.8500,2611.0500,2628.5000
2012-09-14,2685.6500,2748.7500,2685.6500,2740.9000
2012-09-17,2768.3000,2795.9500,2738.7500,2775.5500
2012-09-18,2764.4500,2777.8500,2751.7500,2771.8000
2012-09-20,2738.3500,2761.8500,2703.8500,2708.7500
2012-09-21,2718.7500,2824.5500,2715.4500,2817.7000
2012-09-24,2817.1000,2876.7000,2811.7500,2827.7500
2012-09-25,2828.4000,2843.3500,2779.8000,2788.5500
2012-09-26,2770.0000,2789.7500,2744.0000,2752.5500
2012-09-27,2751.1000,2768.8500,2729.7500,2734.2500
2012-09-28,2761.0500,2810.3500,2761.0500,2768.4000
2012-10-01,2618.0500,2696.1500,2618.0500,2686.3500
2012-10-02,3246.2000,3346.3500,3246.2000,3310.5000
2012-10-03,2779.7000,2791.6500,2770.4500,2787.2500
2012-10-04,2797.6500,2815.2500,2786.1000,2790.7500
2012-10-05,2769.1500,2809.9500,2728.3000,2733.5500
2012-10-07,2885.9000,2930.7000,2885.9000,2926.4000
2012-10-08,2788.8000,2806.5500,2753.6000,2759.7000
2012-10-09,2777.7500,2804.6000,2755.3500,2768.7500
2012-10-10,2755.8500,2779.8500,2738.7000,2743.2500
2012-10-11,2756.3500,2795.3000,2736.9500,2787.6000
2012-10-12,2767.5000,2776.3000,2756.2500,2771.0000
2012-10-15,2781.1000,2793.8000,2768.4500,2786.1000
2012-10-16,2794.3500,2799.5500,2731.6000,2738.7000
2012-10-17,2757.1000,2757.8000,2719.7500,2726.9500
2012-10-18,2734.1500,2761.9000,2718.6500,2757.2500
2012-10-19,2746.1000,2755.0500,2710.8500,2720.8000
2012-10-22,2705.9500,2728.4000,2698.7500,2723.3000
2012-10-23,2716.0500,2729.3500,2696.8500,2700.5500
2012-10-25,2705.8500,2715.4000,2683.2000,2685.6500
2012-10-26,2672.8500,2682.5500,2662.3500,2678.0500
2012-10-29,2681.4500,2703.8500,2667.0000,2676.5000
2012-10-30,2673.2000,2682.7000,2631.3000,2636.1000
2012-10-31,2632.6500,2670.4500,2619.2500,2665.7500
2012-11-01,2664.6500,2697.3000,2657.2500,2690.0000
2012-11-02,2700.5500,2724.9500,2692.8500,2707.0500
2012-11-04,2899.8000,2925.6500,2872.3500,2886.4000
2012-11-05,2696.7500,2704.0500,2675.4500,2684.1000
2012-11-06,2782.6000,2809.8000,2734.1000,2749.6000
2012-11-07,2672.8500,2712.7000,2672.8500,2690.1500
2012-11-08,2672.1500,2697.6500,2663.3500,2691.3000
2012-11-09,2587.2500,2587.9500,2566.2000,2582.4000
2012-11-10,2756.3500,2795.3000,2736.9500,2787.6000
2012-11-12,2645.1500,2648.8500,2625.9000,2633.7000
2012-11-13,2640.8000,2647.9000,2637.6500,2642.0500
2012-11-15,2630.3000,2631.2500,2592.4500,2601.5500
2012-11-16,2603.1000,2628.1000,2582.1000,2588.0500
2012-11-19,2588.5500,2600.4000,2559.8500,2568.8000
2012-11-20,2583.6000,2590.6000,2535.7500,2549.5500
2012-11-21,2558.2000,2574.5500,2540.8000,2567.8000
2012-11-22,2580.5500,2594.5000,2563.0000,2585.1000
2012-11-23,2583.9000,2589.8500,2566.6000,2582.7000
2012-11-26,2585.5500,2617.1000,2585.5500,2600.3500
2012-11-27,2609.7500,2648.7000,2608.4000,2637.5500
2012-11-29,2642.0000,2670.4000,2639.0500,2657.2500
2012-11-30,2663.9000,2715.2000,2663.9000,2711.3000
2012-12-01,2747.9500,2795.7500,2735.4000,2780.9500
2012-12-03,2717.1000,2748.8000,2714.4500,2728.4000
2012-12-04,2730.5500,2742.4500,2712.4500,2726.4000
2012-12-05,2743.7500,2772.1000,2738.5000,2763.1500
2012-12-06,2775.1500,2785.5500,2735.9500,2778.0500
2012-12-07,2793.9000,2802.1500,2755.9500,2765.1000
2012-12-09,2593.9000,2637.1500,2571.7500,2633.1500
2012-12-10,2787.4000,2819.3000,2779.1000,2787.5500
2012-12-11,2645.1500,2648.8500,2625.9000,2633.7000
2012-12-12,2759.9000,2768.3500,2729.9000,2734.9500
2012-12-13,2737.8000,2745.8000,2698.7500,2704.3500
2012-12-14,2704.5000,2761.3000,2703.8000,2755.5500
2012-12-17,2754.0500,2800.0500,2753.8000,2795.9000
2012-12-18,2802.7000,2860.5500,2773.9500,2856.7000
2012-12-19,2866.6000,2908.5000,2866.6000,2904.1000
2012-12-20,2900.0000,2950.6500,2872.9000,2941.0500
2012-12-21,2924.8000,2944.4000,2885.1500,2894.8500
2012-12-24,2896.1500,2913.5000,2874.0500,2881.4500
2012-12-26,2885.6000,2916.8500,2885.6000,2896.6000
2012-12-27,2907.5500,2914.5500,2874.4500,2880.3500
2012-12-28,2890.1000,2908.1000,2870.3500,2889.3500
2012-12-31,2890.7000,2908.4500,2886.3500,2900.2500
2013-01-01,2916.1500,2967.1500,2916.1500,2959.3500
2013-01-02,2776.0500,2798.1000,2746.9000,2754.3500
2013-01-03,2362.3500,2404.3500,2362.3500,2378.7500
2013-01-04,2975.4500,2975.9000,2938.1000,2955.8000
2013-01-07,1968.1500,2015.7500,1966.7500,2008.2500
2013-01-08,1742.1000,1768.8500,1694.2500,1700.9500
2013-01-09,2962.6000,2971.2500,2914.5500,2919.5500
2013-01-10,2935.2500,2952.6000,2898.1500,2907.0500
2013-01-11,2907.5000,2928.6500,2852.2000,2859.8500
2013-01-14,2861.1500,2907.9000,2835.3500,2901.0000
2013-01-15,2898.1500,2913.5500,2881.1500,2894.5000
2013-01-16,2883.8000,2892.3000,2820.7500,2827.6000
2013-01-17,2814.9500,2850.1000,2797.7500,2837.7000
2013-01-18,2843.7000,2868.2500,2815.8000,2825.1000
2013-01-21,2820.8500,2847.5000,2812.7000,2818.3000
2013-01-22,2815.1500,2843.9000,2783.5500,2793.7500
2013-01-23,2804.6500,2813.4500,2759.4500,2780.8000
2013-01-24,2777.3000,2786.1000,2724.9500,2730.8500
2013-01-25,2726.9500,2772.9500,2703.5000,2766.9000
2013-01-28,2771.5500,2786.4500,2752.0500,2773.1000
2013-01-29,2766.1500,2803.3000,2749.0000,2759.0500
2013-01-30,2762.7500,2791.4500,2762.4000,2766.0000
2013-01-31,2757.6500,2777.9500,2746.6500,2773.2500
2013-02-01,2979.9500,3002.1000,2970.1500,2973.9000
2013-02-04,2217.4000,2267.7500,2215.7500,2264.8000
2013-02-05,2202.9500,2212.9500,2193.1000,2200.4000
2013-02-06,2727.6500,2753.1500,2714.7000,2718.3000
2013-02-07,1999.4500,2015.7000,1982.6000,1987.6000
2013-02-08,1704.3000,1711.9000,1621.4000,1639.0500
2013-02-09,1936.2000,1998.0500,1936.2000,1993.4000
2013-02-11,2665.9500,2665.9500,2634.2000,2647.2000
2013-02-12,2648.0500,2657.6500,2620.2500,2642.5500
2013-02-13,2644.2000,2659.2500,2607.9000,2612.6500
2013-02-14,2610.3500,2633.4000,2600.4000,2612.7500
2013-02-15,2603.2000,2610.9500,2581.7500,2603.4500
2013-02-18,2602.3000,2617.6000,2592.1000,2610.5500
2013-02-19,2608.6000,2617.8000,2580.4000,2614.7500
2013-02-20,2625.2000,2630.2500,2594.6000,2599.1000
2013-02-21,2580.4500,2581.1000,2516.7000,2520.7000
2013-02-22,2515.1000,2532.0500,2497.3000,2508.6500
2013-02-25,2515.0500,2524.4500,2465.9000,2476.5500
2013-02-26,2472.3000,2472.3000,2405.3000,2410.5500
2013-02-27,2426.8500,2438.0500,2394.4000,2431.8000
2013-02-28,2447.0500,2457.2000,2338.4500,2360.3500
2013-03-01,2983.7000,2999.6500,2969.3000,2983.7500
2013-03-04,2257.2000,2278.1000,2208.5500,2218.4500
2013-03-05,2324.9000,2380.8000,2324.9000,2376.1000
2013-03-06,2159.6500,2174.3500,2144.9000,2167.2500
2013-03-07,1970.1500,1970.1500,1921.2500,1932.3500
2013-03-08,2398.4500,2453.5500,2398.4500,2445.3500
2013-03-09,2005.6000,2017.7000,1932.8000,1939.7500
2013-03-10,2075.9500,2152.5500,2075.9500,2145.6000
2013-03-11,2442.9500,2449.1000,2426.2500,2432.0500
2013-03-12,2367.1500,2398.2500,2367.1500,2380.2000
2013-03-13,2403.0500,2413.5000,2376.7500,2381.0000
2013-03-14,2378.7500,2399.8000,2353.7000,2396.9500
2013-03-15,2408.5500,2427.6000,2371.4000,2378.4000
2013-03-18,2344.5000,2344.5000,2318.5000,2328.2000
2013-03-19,2330.2000,2334.8000,2256.4500,2268.2500
2013-03-20,2261.6500,2278.4000,2227.1000,2237.7000
2013-03-21,2241.9500,2274.4500,2210.1500,2214.7000
2013-03-22,2210.3500,2236.0500,2198.6000,2218.4000
2013-03-25,2247.3500,2254.2000,2188.6000,2193.4000
2013-03-26,2184.3500,2202.3000,2170.0000,2180.9000
2013-03-28,2175.3500,2242.2500,2168.9500,2232.1000
2013-04-01,2242.0500,2242.9000,2205.4000,2219.7000
2013-04-02,2217.4000,2267.7500,2215.7500,2264.8000
2013-04-03,2257.2000,2278.1000,2208.5500,2218.4500
2013-04-04,2207.5500,2220.9000,2177.9500,2183.3000
2013-04-05,2176.5000,2200.8000,2172.5500,2187.5500
2013-04-06,2175.0500,2187.8000,2155.3500,2162.0500
2013-04-07,1943.8000,1950.7500,1907.5000,1929.2000
2013-04-08,2191.5000,2200.1500,2169.8500,2173.8000
2013-04-09,1947.2500,1995.1500,1928.4000,1990.9000
2013-04-10,2130.6000,2183.6500,2124.8000,2160.5500
2013-04-11,2187.9000,2191.6000,2143.5500,2150.3000
2013-04-12,2379.2500,2410.5000,2379.0000,2386.6000
2013-04-15,2140.5500,2143.0500,2123.8000,2129.5000
2013-04-16,2117.3500,2160.3000,2114.9500,2157.4500
2013-04-17,2165.2000,2195.5000,2158.9500,2175.7000
2013-04-18,2181.4500,2186.0500,2149.0000,2179.0000
2013-04-22,2186.9500,2236.3500,2186.9500,2227.6000
2013-04-23,2236.9500,2262.6000,2208.2000,2224.7000
2013-04-25,2235.0500,2250.4000,2233.8000,2247.0500
2013-04-26,2240.1500,2263.2000,2210.3000,2213.8500
2013-04-29,2220.7500,2220.7500,2179.2000,2186.1000
2013-04-30,2195.9500,2205.7500,2169.7000,2199.3000
2013-05-02,2712.8000,2725.5000,2699.2500,2713.1000
2013-05-03,2324.9000,2380.8000,2324.9000,2376.1000
2013-05-04,2176.5000,2200.8000,2172.5500,2187.5500
2013-05-06,2234.2500,2281.5000,2234.2500,2276.9000
2013-05-07,1944.4500,1960.3000,1925.9500,1938.3500
2013-05-08,1633.4000,1682.0500,1623.0500,1677.4500
2013-05-09,2024.9000,2032.7000,1995.2000,2015.4000
2013-05-10,2240.4000,2246.7500,2225.6500,2234.1000
2013-05-11,2312.0500,2344.5000,2294.6500,2325.2500
2013-05-12,2419.5000,2424.0000,2404.4000,2412.7500
2013-05-13,2244.3500,2245.3000,2181.0000,2188.9500
2013-05-14,2186.3000,2204.4500,2169.3500,2188.2000
2013-05-15,2191.3000,2234.1000,2191.3000,2230.3500
2013-05-16,2219.0500,2251.9500,2219.0500,2236.3000
2013-05-17,2239.0500,2248.3000,2214.9000,2231.4500
2013-05-20,2240.2000,2261.8000,2229.6500,2232.6500
2013-05-21,2236.1500,2242.7000,2216.8000,2220.5000
2013-05-22,2225.2000,2239.2000,2203.6000,2209.7500
2013-05-23,2194.2000,2207.5500,2156.9500,2168.7000
2013-05-24,2199.1000,2212.7500,2161.6000,2199.3000
2013-05-27,2202.8000,2247.6500,2198.5000,2239.2000
2013-05-28,2257.5000,2267.8500,2246.8500,2255.4500
2013-05-29,2258.2500,2261.2500,2223.7500,2235.5000
2013-05-30,2222.4500,2234.8000,2206.9500,2210.2000
2013-05-31,2207.6500,2211.0500,2148.1500,2155.1000
2013-06-02,2727.6500,2753.1500,2714.7000,2718.3000
2013-06-03,2159.6500,2174.3500,2144.9000,2167.2500
2013-06-04,2175.0500,2187.8000,2155.3500,2162.0500
2013-06-05,2234.2500,2281.5000,2234.2500,2276.9000
2013-06-06,2154.1000,2175.2000,2141.5500,2163.1500
2013-06-07,2149.5500,2173.4500,2134.6000,2137.0000
2013-06-08,1666.7500,1666.7500,1610.4500,1628.2000
2013-06-09,2011.1500,2035.4000,1982.2500,2019.1500
2013-06-10,2146.3000,2154.5000,2107.3500,2119.6000
2013-06-11,2320.4000,2333.6000,2293.8000,2295.9000
2013-06-12,2003.3500,2022.1000,1981.9000,1991.9000
2013-06-13,1973.0500,2004.5500,1965.8500,1971.2000
2013-06-14,1986.4500,2028.6000,1986.4500,2023.0000
2013-06-17,2031.0000,2033.4000,1996.0000,2021.1500
2013-06-18,2014.5000,2055.7000,2006.5500,2035.5500
2013-06-19,2033.3500,2068.8000,2033.3500,2060.8500
2013-06-20,2030.3500,2030.3500,1963.6500,1967.0000
2013-06-21,1956.5500,1969.1000,1907.2000,1941.1500
2013-06-24,1940.3500,1953.1500,1906.2500,1920.2500
2013-06-25,1927.3000,1937.4000,1902.3500,1912.8500
2013-06-26,1918.6000,1921.9500,1880.6500,1886.4000
2013-06-27,1909.3000,1915.8500,1873.0000,1887.9500
2013-06-28,1902.6500,1975.2000,1902.6500,1969.2000
2013-07-01,2965.0000,3013.9000,2936.8000,2986.0500
2013-07-02,1999.4500,2015.7000,1982.6000,1987.6000
2013-07-03,1970.1500,1970.1500,1921.2500,1932.3500
2013-07-04,1943.8000,1950.7500,1907.5000,1929.2000
2013-07-05,1944.4500,1960.3000,1925.9500,1938.3500
2013-07-06,2149.5500,2173.4500,2134.6000,2137.0000
2013-07-08,1923.1500,1923.1500,1894.0500,1911.2500
2013-07-09,1921.8000,1932.0500,1900.9500,1917.7500
2013-07-10,1922.9500,1922.9500,1894.4500,1899.2000
2013-07-11,2295.5500,2345.1000,2292.8500,2313.1500
2013-07-12,1952.6000,1958.6500,1931.2500,1948.9500
2013-07-15,1928.7500,1958.4000,1920.1000,1948.7500
2013-07-16,1918.5000,1933.5500,1910.6500,1916.6500
2013-07-17,1914.5500,1921.0000,1868.5500,1879.3500
2013-07-18,1880.6000,1900.3000,1875.8000,1896.0000
2013-07-19,1896.3000,1916.3500,1878.7500,1891.2500
2013-07-22,1889.5000,1901.5000,1881.4000,1885.3000
2013-07-23,1902.2000,1905.8500,1883.4500,1894.5500
2013-07-24,1885.8000,1897.1000,1840.6500,1859.0500
2013-07-25,1851.6000,1855.9000,1823.8000,1827.7000
2013-07-26,1831.2000,1840.1000,1754.9500,1768.5000
2013-07-29,1766.7500,1771.1000,1733.4500,1736.7500
2013-07-30,1731.5000,1737.9500,1690.3500,1704.7000
2013-07-31,1699.8500,1742.8500,1665.4000,1736.3000
2013-08-01,1742.1000,1768.8500,1694.2500,1700.9500
2013-08-02,1704.3000,1711.9000,1621.4000,1639.0500
2013-08-03,2398.4500,2453.5500,2398.4500,2445.3500
2013-08-04,2191.5000,2200.1500,2169.8500,2173.8000
2013-08-05,1633.4000,1682.0500,1623.0500,1677.4500
2013-08-06,1666.7500,1666.7500,1610.4500,1628.2000
2013-08-07,1618.6000,1698.2000,1598.7000,1679.7000
2013-08-08,1678.9500,1732.7000,1676.0000,1725.6000
2013-08-10,2191.9000,2194.9500,2160.4000,2164.7500
2013-08-11,2307.5500,2330.2000,2304.9000,2320.0500
2013-08-12,1749.2500,1815.8500,1737.2000,1802.9000
2013-08-13,1792.1500,1809.5000,1777.6500,1800.7500
2013-08-14,1847.3500,1855.3500,1828.1500,1849.4000
2013-08-16,1833.3000,1838.6500,1735.3000,1748.2000
2013-08-19,1730.8000,1784.8000,1690.7500,1777.6000
2013-08-20,1755.7500,1846.4000,1739.9500,1840.7000
2013-08-21,1860.3500,1869.3500,1775.0500,1786.8500
2013-08-22,1787.2000,1929.0500,1777.7000,1921.6000
2013-08-23,1935.2000,1960.2500,1908.2000,1944.6000
2013-08-26,1954.8000,1991.4500,1943.3000,1959.2500
2013-08-27,1936.0500,1954.1000,1883.3000,1891.4500
2013-08-28,1869.9000,1936.9000,1841.6500,1921.1500
2013-08-29,1939.6500,1981.6000,1912.6000,1973.2500
2013-08-30,1974.4000,1988.5000,1908.4500,1932.5500
2013-09-01,2962.6000,2971.2500,2914.5500,2919.5500
2013-09-02,1936.2000,1998.0500,1936.2000,1993.4000
2013-09-03,2005.6000,2017.7000,1932.8000,1939.7500
2013-09-04,1947.2500,1995.1500,1928.4000,1990.9000
2013-09-05,2265.0500,2270.3500,2234.8000,2237.5000
2013-09-06,2011.1500,2035.4000,1982.2500,2019.1500
2013-09-07,1921.8000,1932.0500,1900.9500,1917.7500
2013-09-10,2150.1500,2188.0500,2148.3000,2183.2000
2013-09-11,2078.8500,2153.7500,2071.1500,2144.3000
2013-09-12,2476.9500,2478.1000,2429.9500,2445.5000
2013-09-13,2084.9500,2117.7000,2081.6000,2101.7000
2013-09-16,2127.0000,2140.4000,2048.1500,2076.4000
2013-09-17,2074.8500,2101.1500,2068.7500,2094.0500
2013-09-18,2099.7500,2111.4000,2074.5500,2094.0500
2013-09-19,2137.4000,2191.6000,2129.7500,2172.1000
2013-09-20,2164.7500,2164.7500,2103.1500,2142.2500
2013-09-23,2127.3500,2158.7000,2121.7500,2146.1000
2013-09-24,2131.3000,2145.0000,2117.4500,2121.9000
2013-09-25,2124.5000,2149.3500,2100.2000,2145.7000
2013-09-26,2142.6500,2181.9500,2139.2000,2156.4000
2013-09-27,2156.4000,2169.8500,2113.7000,2122.3500
2013-09-30,2104.5000,2108.4500,2056.3500,2067.8000
2013-10-01,2935.2500,2952.6000,2898.1500,2907.0500
2013-10-03,2075.9500,2152.5500,2075.9500,2145.6000
2013-10-04,2177.1500,2184.0000,2135.9500,2170.1000
2013-10-05,2240.4000,2246.7500,2225.6500,2234.1000
2013-10-06,2146.3000,2154.5000,2107.3500,2119.6000
2013-10-07,1922.9500,1922.9500,1894.4500,1899.2000
2013-10-08,2191.9000,2194.9500,2160.4000,2164.7500
2013-10-09,2046.5000,2087.0500,2028.0500,2078.7500
2013-10-10,2179.9500,2216.0500,2179.9500,2195.9500
2013-10-11,2218.6000,2218.8000,2159.5000,2164.4500
2013-10-12,2450.4500,2465.8000,2420.2500,2460.4500
2013-10-14,2164.3500,2169.4000,2144.9000,2148.3000
2013-10-15,2146.6500,2171.0000,2120.9000,2163.9500
2013-10-17,2157.2500,2192.1000,2156.6500,2164.4000
2013-10-18,2166.8500,2248.4000,2166.8500,2236.6500
2013-10-21,2240.5000,2281.1000,2240.5000,2277.9000
2013-10-22,2277.2500,2300.4000,2272.5500,2283.3500
2013-10-23,2286.2000,2309.2500,2251.0000,2274.7000
2013-10-24,2269.5500,2304.4500,2254.4000,2259.9000
2013-10-25,2250.7500,2254.1000,2218.6000,2230.3500
2013-10-28,2238.8000,2244.2500,2193.3500,2195.5000
2013-10-29,2190.2000,2253.0000,2185.5000,2244.9500
2013-10-30,2250.1000,2255.6500,2230.8500,2245.2000
2013-10-31,2239.2500,2293.2000,2239.2500,2284.1500
2013-11-01,2282.2000,2319.0500,2282.2000,2311.6000
2013-11-02,2665.9500,2665.9500,2634.2000,2647.2000
2013-11-03,2442.9500,2449.1000,2426.2500,2432.0500
2013-11-04,2187.9000,2191.6000,2143.5500,2150.3000
2013-11-05,2312.0500,2344.5000,2294.6500,2325.2500
2013-11-06,2320.4000,2333.6000,2293.8000,2295.9000
2013-11-07,1924.0500,1969.2500,1924.0500,1948.2500
2013-11-08,2307.5500,2330.2000,2304.9000,2320.0500
2013-11-09,2078.8500,2153.7500,2071.1500,2144.3000
2013-11-10,2218.6000,2218.8000,2159.5000,2164.4500
2013-11-11,2319.6500,2321.3500,2286.7500,2294.2000
2013-11-12,2451.0500,2465.0500,2429.8500,2446.1500
2013-11-13,2244.4500,2273.5000,2237.0000,2257.5000
2013-11-14,2274.0500,2306.3500,2268.9000,2288.7500
2013-11-18,2302.5000,2312.5500,2290.4000,2309.9500
2013-11-19,2311.9000,2339.5500,2294.4500,2314.5500
2013-11-20,2314.4000,2345.6000,2306.7500,2316.8000
2013-11-21,2311.9500,2315.2000,2270.9000,2278.2500
2013-11-22,2292.5000,2306.0000,2255.2500,2272.4500
2013-11-25,2280.4500,2305.9000,2275.3500,2295.0500
2013-11-26,2287.3500,2310.4000,2270.1000,2273.7000
2013-11-27,2270.7000,2286.3500,2260.4500,2282.5000
2013-11-28,2291.8000,2316.5000,2291.8000,2306.1000
2013-11-29,2315.3000,2348.9000,2315.3000,2346.0000
2013-12-02,2345.8500,2383.1500,2345.8500,2374.1000
2013-12-03,2367.1500,2398.2500,2367.1500,2380.2000
2013-12-04,2379.2500,2410.5000,2379.0000,2386.6000
2013-12-05,2419.5000,2424.0000,2404.4000,2412.7500
2013-12-06,2003.3500,2022.1000,1981.9000,1991.9000
2013-12-07,1952.6000,1958.6500,1931.2500,1948.9500
2013-12-08,1749.2500,1815.8500,1737.2000,1802.9000
2013-12-09,2476.9500,2478.1000,2429.9500,2445.5000
2013-12-10,2450.4500,2465.8000,2420.2500,2460.4500
2013-12-11,2451.0500,2465.0500,2429.8500,2446.1500
2013-12-12,2429.0500,2436.0000,2407.8500,2412.8500
2013-12-13,2404.2000,2412.4500,2387.4500,2398.8000
2013-12-16,2399.5500,2414.9000,2376.1000,2401.0500
2013-12-17,2412.3000,2422.9000,2398.7000,2402.6500
2013-12-18,2399.6500,2432.5500,2394.9500,2417.7000
2013-12-19,2428.9500,2450.1500,2414.4500,2421.9500
2013-12-20,2417.2500,2438.4000,2416.2000,2435.1500
2013-12-23,2437.3500,2484.5500,2436.5000,2473.3500
2013-12-24,2466.3500,2471.2000,2442.2000,2449.6500
2013-12-26,2442.2500,2472.9000,2442.2500,2461.0500
2013-12-27,2468.0500,2483.5500,2464.8500,2475.6000
2013-12-30,2496.6500,2501.5000,2477.4500,2491.7000
2013-12-31,2503.2500,2506.7000,2484.3000,2486.6000
2014-01-01,2497.6500,2501.3500,2491.3000,2493.8000
2014-01-02,2491.5500,2531.9500,2444.4000,2453.3000
2014-01-03,2441.5500,2451.6500,2402.8000,2424.0000
2014-01-04,2531.9500,2534.3500,2471.0500,2529.0000
2014-01-06,2421.8500,2436.4500,2408.9000,2428.8000
2014-01-07,3324.7000,3404.3000,3324.7000,3378.2500
2014-01-08,3264.0500,3318.1000,3220.7500,3227.5500
2014-01-09,3098.5000,3186.1500,3083.5500,3169.1000
2014-01-10,2423.1500,2423.4000,2384.4500,2389.6000
2014-01-12,2834.0000,2840.2000,2766.4500,2771.2500
2014-01-13,2389.0000,2408.0000,2375.4500,2388.5500
2014-01-14,2387.8000,2402.8500,2346.2500,2351.0500
2014-01-15,2377.3000,2393.5000,2370.3500,2378.1000
2014-01-16,2387.9500,2427.5000,2385.6500,2421.8000
2014-01-17,2426.4000,2443.0000,2394.8000,2404.7500
2014-01-20,2405.1500,2420.3500,2380.2500,2409.2500
2014-01-21,2423.9500,2442.5500,2404.7500,2424.9000
2014-01-22,2422.6500,2451.5000,2421.7500,2447.9000
2014-01-23,2442.0500,2450.0500,2429.4000,2436.8500
2014-01-24,2415.2000,2428.9500,2389.4000,2393.6000
2014-01-27,2362.5000,2362.5000,2297.3000,2301.1000
2014-01-28,2300.5500,2352.1000,2293.1500,2343.8000
2014-01-29,2359.1000,2361.0500,2307.4000,2312.7000
2014-01-30,2284.8500,2289.4000,2237.4000,2252.0000
2014-01-31,2262.2000,2284.5000,2255.9000,2279.6500
2014-02-01,2491.5500,2531.9500,2444.4000,2453.3000
2014-02-03,2274.2000,2276.0000,2203.5500,2211.6500
2014-02-04,2182.6500,2210.7500,2169.2000,2197.5500
2014-02-05,2199.0500,2242.3000,2192.9000,2237.5500
2014-02-06,2245.3500,2267.7500,2229.1500,2258.6000
2014-02-07,2272.0500,2322.7500,2272.0500,2317.4500
2014-02-09,3170.9500,3177.8500,3140.7000,3144.7500
2014-02-10,2325.2000,2351.7500,2300.9500,2304.6500
2014-02-11,2315.1000,2321.4500,2295.7500,2313.1500
2014-02-12,2314.6500,2315.0500,2277.0000,2283.4500
2014-02-13,2285.2000,2286.4000,2233.9500,2238.9500
2014-02-14,2243.7500,2259.8000,2209.5000,2254.9000
2014-02-17,2247.5500,2255.3500,2218.6500,2238.9500
2014-02-18,2231.4000,2271.0000,2228.4500,2263.9000
2014-02-19,2263.6000,2268.2000,2232.6000,2241.6500
2014-02-20,2227.0000,2230.4000,2208.0500,2214.6500
2014-02-21,2218.1500,2240.5000,2218.1500,2235.9500
2014-02-24,2231.3000,2236.6000,2215.0500,2218.4500
2014-02-25,2223.9500,2226.8500,2174.7500,2178.3500
2014-02-26,2180.2500,2181.2500,2132.6500,2142.5500
2014-02-28,2147.4500,2174.8000,2147.4500,2163.6500
2014-03-01,2441.5500,2451.6500,2402.8000,2424.0000
2014-03-02,2274.2000,2276.0000,2203.5500,2211.6500
2014-03-03,2159.8000,2175.0500,2146.6500,2160.6500
2014-03-04,2161.3500,2232.0000,2161.3500,2228.4000
2014-03-05,2241.2500,2257.4000,2220.6500,2245.3500
2014-03-06,3181.1500,3318.0500,3181.1500,3311.8000
2014-03-07,3461.5500,3482.5500,3414.6000,3422.6000
2014-03-09,3142.7500,3181.2000,3142.7500,3176.1500
2014-03-10,2315.9000,2332.7000,2300.0000,2311.0500
2014-03-11,2975.8000,2995.2000,2957.1500,2970.4500
2014-03-12,2812.0500,2840.7500,2801.7000,2808.2000
2014-03-13,2236.0000,2264.1500,2210.1000,2218.1500
2014-03-14,2202.9000,2235.3000,2194.2500,2229.3500
2014-03-18,2246.7000,2261.5000,2237.7500,2242.2500
2014-03-19,2252.8500,2300.3500,2243.5000,2286.3500
2014-03-20,2282.4000,2297.0000,2253.8500,2259.8000
2014-03-21,2269.1000,2321.3500,2269.1000,2304.2000
2014-03-22,2305.1500,2305.1500,2294.0000,2299.5000
2014-03-24,2308.5500,2331.0000,2292.4500,2323.3000
2014-03-25,2313.2500,2348.9500,2313.2500,2329.9500
2014-03-26,2345.5000,2398.6500,2345.5000,2391.5500
2014-03-27,2388.1000,2404.3000,2382.4500,2392.1500
2014-03-28,2401.6500,2435.2000,2398.7000,2429.4500
2014-03-31,2437.4500,2528.6000,2437.4500,2520.6500
2014-04-01,2531.9500,2534.3500,2471.0500,2529.0000
2014-04-02,2182.6500,2210.7500,2169.2000,2197.5500
2014-04-03,2161.3500,2232.0000,2161.3500,2228.4000
2014-04-04,2530.6000,2542.6000,2505.2500,2529.0000
2014-04-06,3325.8500,3362.3000,3314.5500,3358.2000
2014-04-07,2529.0000,2550.0500,2494.7000,2536.2500
2014-04-08,3232.6000,3298.8000,3232.6000,3284.0000
2014-04-09,3164.6500,3182.1000,3107.2500,3125.4000
2014-04-10,2601.1500,2628.5000,2575.7000,2602.7000
2014-04-11,2583.1500,2619.3500,2565.9500,2595.6000
2014-04-12,2815.9500,2823.8500,2779.8000,2811.0500
2014-04-15,2595.2500,2615.3000,2510.6500,2523.9500
2014-04-16,2519.9500,2558.2000,2491.6500,2528.3000
2014-04-17,2528.5000,2578.3000,2528.5000,2574.4000
2014-04-21,2586.0500,2642.5500,2586.0000,2631.2000
2014-04-22,2632.2500,2632.2500,2604.6000,2611.2500
2014-04-23,2611.3000,2626.5000,2604.5000,2620.3000
2014-04-25,2615.7000,2650.6500,2605.4500,2618.8000
2014-04-28,2615.3500,2636.6500,2598.2500,2601.9000
2014-04-29,2603.3500,2610.6500,2522.5500,2530.1000
2014-04-30,2527.8000,2545.6000,2469.2000,2501.2000
2014-05-02,2513.6000,2523.6000,2459.7500,2465.3000
2014-05-03,2241.2500,2257.4000,2220.6500,2245.3500
2014-05-05,2457.9000,2521.7500,2456.5500,2498.5000
2014-05-06,2503.2000,2518.1500,2488.9500,2504.0500
2014-05-07,2499.4500,2503.9500,2477.9000,2483.6000
2014-05-08,3294.5000,3339.9500,3248.3000,3330.6500
2014-05-09,3116.7500,3162.8500,3116.7500,3151.4500
2014-05-11,2982.5000,2982.5000,2875.9000,2879.2500
2014-05-12,2568.1000,2630.4500,2564.0000,2619.5500
2014-05-13,2645.2500,2710.0500,2622.1000,2641.5000
2014-05-14,2655.7000,2734.1500,2652.1500,2727.8500
2014-05-15,2740.6500,2760.1500,2690.5500,2710.4000
2014-05-16,2780.1500,2880.3500,2725.5000,2778.3500
2014-05-19,2809.8000,2969.0500,2809.8000,2960.2500
2014-05-20,2986.0000,3048.7000,2962.8500,3022.1000
2014-05-21,3029.7000,3059.3000,2955.4000,3034.0500
2014-05-22,3069.8500,3135.7000,3059.1500,3088.7000
2014-05-23,3109.1000,3163.2500,3109.1000,3154.7500
2014-05-26,3201.6500,3241.9000,3061.8500,3149.7500
2014-05-27,3157.0500,3160.7500,3051.0500,3155.6500
2014-05-28,3159.6000,3162.3000,3101.4000,3111.0000
2014-05-29,3116.3000,3116.5000,3055.7000,3083.8500
2014-05-30,3095.6500,3136.1500,3085.9500,3096.9000
2014-06-01,2421.8500,2436.4500,2408.9000,2428.8000
2014-06-02,2245.3500,2267.7500,2229.1500,2258.6000
2014-06-03,3181.1500,3318.0500,3181.1500,3311.8000
2014-06-04,3325.8500,3362.3000,3314.5500,3358.2000
2014-06-05,3373.0500,3488.2500,3372.3500,3479.6000
2014-06-06,3511.2000,3519.9500,3433.4000,3463.5000
2014-06-08,3318.0000,3338.4500,3256.5500,3264.6500
2014-06-09,3491.1500,3553.3500,3475.4000,3521.8500
2014-06-10,3541.6500,3541.6500,3418.3000,3488.2500
2014-06-11,3491.7500,3506.4500,3365.8500,3397.6500
2014-06-12,3401.1000,3433.7500,3356.6000,3407.7500
2014-06-13,3411.7000,3428.9500,3280.4500,3297.8000
2014-06-16,3292.7000,3312.9500,3236.0500,3299.1000
2014-06-17,3293.9500,3358.6500,3262.1000,3348.0500
2014-06-18,3350.8500,3397.7500,3276.9500,3320.6500
2014-06-19,3332.6000,3355.0500,3278.4000,3298.8500
2014-06-20,3287.8000,3339.1000,3266.7000,3273.3500
2014-06-23,3271.0500,3326.2500,3271.0500,3309.7000
2014-06-24,3317.1500,3375.5500,3317.1500,3352.1500
2014-06-25,3358.6000,3383.4000,3343.6500,3349.9000
2014-06-26,3359.1500,3374.6000,3305.8000,3311.0000
2014-06-27,3316.8500,3330.5500,3260.8000,3265.7500
2014-06-30,3269.9500,3316.9500,3269.9500,3308.7500
2014-07-01,2431.1500,2446.9500,2381.5500,2386.1500
2014-07-02,2272.0500,2322.7500,2272.0500,2317.4500
2014-07-03,2304.3000,2339.7000,2296.1500,2334.0000
2014-07-04,2529.0000,2550.0500,2494.7000,2536.2500
2014-07-05,2499.4500,2503.9500,2477.9000,2483.6000
2014-07-07,3395.6000,3423.7500,3379.5000,3392.9000
2014-07-08,3257.3000,3293.0500,3250.6500,3258.9500
2014-07-09,3249.7500,3283.4500,3193.1000,3231.3500
2014-07-10,3238.7500,3356.6500,3157.1000,3258.4000
2014-07-11,2875.2500,2893.2000,2839.9000,2843.7000
2014-07-14,3125.8000,3172.0500,3104.0500,3160.3000
2014-07-15,3186.9000,3217.3000,3139.3500,3210.5500
2014-07-16,3225.0500,3299.0000,3192.8500,3282.6500
2014-07-17,3282.5000,3370.4000,3271.2500,3364.2500
2014-07-18,3345.1500,3366.3000,3303.3000,3350.0000
2014-07-21,3356.6500,3378.1500,3326.9000,3341.4000
2014-07-22,3354.9500,3385.9500,3342.7500,3373.0500
2014-07-23,3386.7500,3400.5500,3344.5500,3362.2000
2014-07-24,3365.7500,3426.8000,3347.3000,3412.5500
2014-07-25,3416.4500,3423.3500,3313.5000,3335.4000
2014-07-28,3340.6000,3345.2000,3275.9500,3290.1500
2014-07-30,3281.3000,3307.2000,3238.6500,3298.3500
2014-07-31,3300.8000,3341.4500,3290.1000,3295.8000
2014-08-01,2400.3000,2417.9500,2383.7000,2397.9000
2014-08-04,3232.6000,3298.8000,3232.6000,3284.0000
2014-08-05,3294.5000,3339.9500,3248.3000,3330.6500
2014-08-06,3318.0000,3338.4500,3256.5500,3264.6500
2014-08-07,3257.3000,3293.0500,3250.6500,3258.9500
2014-08-08,3226.9500,3226.9500,3138.2000,3150.1000
2014-08-09,3157.4000,3193.7000,3151.3500,3190.9000
2014-08-10,2747.8000,2816.0000,2736.4000,2805.4500
2014-08-11,3176.0500,3188.8000,3148.5000,3170.4500
2014-08-12,2803.2500,2824.7500,2757.1000,2765.7500
2014-08-13,3196.2000,3211.6500,3133.8500,3163.9500
2014-08-14,3161.4000,3232.6500,3159.4500,3224.6500
2014-08-18,3207.6500,3281.0500,3207.6500,3271.8500
2014-08-19,3299.3000,3329.1000,3279.9500,3286.4500
2014-08-20,3282.5000,3299.6000,3271.6000,3276.4500
2014-08-21,3250.0500,3269.8500,3221.9500,3232.9500
2014-08-22,3233.4000,3270.4500,3232.4500,3240.4000
2014-08-25,3247.1000,3255.3000,3075.3500,3090.0000
2014-08-26,3051.5000,3120.4500,3049.8000,3108.4000
2014-08-27,3117.1000,3141.5000,3085.0500,3105.6000
2014-08-28,3099.5500,3119.5500,3077.8500,3080.5000
2014-09-01,2404.9000,2434.4500,2395.3000,2422.5000
2014-09-02,3170.9500,3177.8500,3140.7000,3144.7500
2014-09-03,3142.7500,3181.2000,3142.7500,3176.1500
2014-09-04,3164.6500,3182.1000,3107.2500,3125.4000
2014-09-05,3116.7500,3162.8500,3116.7500,3151.4500
2014-09-06,3491.1500,3553.3500,3475.4000,3521.8500
2014-09-07,3249.7500,3283.4500,3193.1000,3231.3500
2014-09-08,3157.4000,3193.7000,3151.3500,3190.9000
2014-09-09,3179.6000,3198.4000,3158.5000,3188.7500
2014-09-10,3171.5500,3201.8000,3166.9000,3187.3000
2014-09-11,3187.4500,3204.3000,3159.8000,3164.1000
2014-09-12,2751.3000,2757.3000,2680.7000,2688.2500
2014-09-15,3136.2000,3142.2000,3100.9000,3107.9000
2014-09-16,3094.7000,3113.2000,3027.4000,3033.9000
2014-09-17,3053.5000,3078.0000,2986.8500,3045.7000
2014-09-18,3038.1500,3098.4500,3036.7500,3080.6500
2014-09-19,3086.1500,3104.1000,3064.5500,3074.8500
2014-09-22,3053.9000,3060.2500,3018.8000,3036.2000
2014-09-23,3032.9500,3036.3000,2956.1000,2962.4500
2014-09-24,2949.6000,2983.5000,2901.9000,2946.2000
2014-09-25,2951.8000,2954.2500,2823.4500,2847.6500
2014-09-26,2830.8500,2933.2500,2820.7500,2924.6500
2014-09-29,2922.3000,2928.7000,2887.0000,2897.3000
2014-09-30,2886.6000,2935.3000,2857.8500,2865.5000
2014-10-01,2423.1500,2423.4000,2384.4500,2389.6000
2014-10-02,2325.2000,2351.7500,2300.9500,2304.6500
2014-10-03,2315.9000,2332.7000,2300.0000,2311.0500
2014-10-04,2601.1500,2628.5000,2575.7000,2602.7000
2014-10-06,3541.6500,3541.6500,3418.3000,3488.2500
2014-10-07,2835.0500,2863.1000,2765.7000,2772.4500
2014-10-08,2747.8000,2816.0000,2736.4000,2805.4500
2014-10-09,3171.5500,3201.8000,3166.9000,3187.3000
2014-10-10,2834.9500,2834.9500,2740.2000,2748.8000
2014-10-11,2855.6500,2874.2000,2817.9000,2838.2500
2014-10-12,2683.5000,2721.3500,2677.9000,2685.6000
2014-10-13,2732.1500,2790.6500,2709.4000,2784.4500
2014-10-14,2791.7500,2810.4500,2670.8500,2786.3000
2014-10-16,2775.0500,2793.2500,2696.9000,2710.5000
2014-10-17,2719.3500,2736.5500,2677.7000,2712.1500
2014-10-20,2748.5000,2762.6000,2714.3500,2753.9500
2014-10-21,2775.8500,2824.7500,2775.7500,2805.5000
2014-10-22,2834.6500,2838.0500,2794.1500,2824.2500
2014-10-23,2845.7000,2845.7000,2830.0500,2832.8000
2014-10-27,2840.4500,2852.5000,2806.8500,2819.8000
2014-10-28,2790.5000,2826.3000,2790.5000,2819.2500
2014-10-29,2828.9000,2902.2000,2824.4500,2896.1000
2014-10-30,2892.0000,2919.2500,2883.6500,2910.1000
2014-10-31,2917.1000,2977.1500,2913.3500,2966.4000
2014-11-02,2315.1000,2321.4500,2295.7500,2313.1500
2014-11-03,2312.0000,2312.0000,2228.9500,2234.6500
2014-11-04,2583.1500,2619.3500,2565.9500,2595.6000
2014-11-05,2982.5000,2982.5000,2875.9000,2879.2500
2014-11-06,3491.7500,3506.4500,3365.8500,3397.6500
2014-11-07,2875.2500,2893.2000,2839.9000,2843.7000
2014-11-08,3176.0500,3188.8000,3148.5000,3170.4500
2014-11-09,3187.4500,3204.3000,3159.8000,3164.1000
2014-11-10,2855.6500,2874.2000,2817.9000,2838.2500
2014-11-11,2849.4500,2858.4500,2826.4000,2842.0500
2014-11-12,2846.7000,2852.2000,2807.0500,2811.3500
2014-11-13,2821.1500,2830.4500,2780.6000,2793.1500
2014-11-14,2786.0500,2879.6000,2785.5500,2863.5500
2014-11-17,2850.0500,2866.5000,2829.5000,2852.8500
2014-11-18,2845.7500,2905.1500,2845.7500,2876.2000
2014-11-19,2886.6500,2905.7000,2809.6500,2815.4000
2014-11-20,2819.7000,2827.7500,2774.9500,2791.5500
2014-11-21,2791.8000,2817.9500,2774.1000,2796.3500
2014-11-24,2829.5000,2867.3000,2829.5000,2841.2000
2014-11-25,2840.5500,2841.7000,2756.7500,2802.6500
2014-11-26,2799.9000,2835.1500,2791.8000,2831.0000
2014-11-27,2833.1000,2845.1000,2817.7500,2828.3500
2014-11-28,2830.2000,2856.0000,2824.0000,2838.6500
2014-12-01,2834.0000,2840.2000,2766.4500,2771.2500
2014-12-02,2761.1000,2813.2500,2761.1000,2805.1500
2014-12-03,2812.0500,2840.7500,2801.7000,2808.2000
2014-12-04,2815.9500,2823.8500,2779.8000,2811.0500
2014-12-05,2818.6000,2840.9500,2800.4500,2808.4500
2014-12-06,3401.1000,3433.7500,3356.6000,3407.7500
2014-12-08,2803.2500,2824.7500,2757.1000,2765.7500
2014-12-09,2751.3000,2757.3000,2680.7000,2688.2500
2014-12-10,2683.5000,2721.3500,2677.9000,2685.6000
2014-12-11,2846.7000,2852.2000,2807.0500,2811.3500
2014-12-12,2678.7500,2685.5500,2623.5500,2626.2500
2014-12-15,2602.2500,2641.7500,2596.8000,2617.2000
2014-12-16,2595.3500,2605.9500,2492.5000,2506.1500
2014-12-17,2501.3500,2547.7000,2466.3500,2529.9000
2014-12-18,2566.1000,2602.0500,2565.6000,2582.5500
2014-12-19,2600.6500,2644.1500,2600.6500,2629.1000
2014-12-22,2643.3000,2671.5500,2630.4500,2664.5500
2014-12-23,2666.9500,2671.6500,2608.2000,2614.1500
2014-12-24,2613.4500,2626.7000,2594.6000,2600.6000
2014-12-26,2606.6000,2626.0000,2580.1000,2615.9000
2014-12-29,2626.4500,2695.3500,2626.4500,2673.5500
2014-12-30,2676.2000,2678.2500,2637.2500,2645.0500
2014-12-31,2649.3000,2673.1500,2647.3000,2661.0500
2015-01-01,2655.6500,2698.9500,2646.8500,2693.2500
2015-01-02,2700.6000,2733.5000,2700.6000,2715.4500
2015-01-04,2324.7500,2349.7500,2316.8500,2347.6500
2015-01-05,2721.9500,2738.0500,2699.2500,2704.5000
2015-01-06,2682.1000,2682.1000,2601.7500,2610.4500
2015-01-07,2613.3500,2620.6000,2544.5500,2568.6500
2015-01-08,2604.7000,2613.5500,2580.9000,2609.2500
2015-01-09,1809.9000,1826.9500,1747.7000,1770.8000
2015-01-10,1673.2500,1673.2500,1644.8000,1650.8000
2015-01-12,1743.4000,1796.1000,1743.2500,1790.9000
2015-01-13,2562.7000,2575.6000,2541.5000,2546.7500
2015-01-14,2544.2000,2544.2000,2452.5000,2457.9000
2015-01-15,2476.2000,2497.2000,2450.9500,2483.1500
2015-01-16,2480.0000,2509.0000,2466.8500,2496.2000
2015-01-19,2510.3000,2522.8500,2491.1500,2504.8000
2015-01-20,2517.5500,2585.0500,2514.6000,2581.5500
2015-01-21,2595.4000,2599.0000,2534.4000,2564.6000
2015-01-22,2576.4000,2589.6000,2559.9000,2580.7500
2015-01-23,2611.1500,2614.2000,2565.7500,2602.8500
2015-01-27,2587.0500,2593.5000,2564.1000,2583.7500
2015-01-28,2576.6500,2579.2500,2534.3000,2546.1000
2015-01-29,2516.5000,2549.7000,2505.4000,2540.5000
2015-01-30,2531.9500,2535.1500,2503.6500,2513.3000
2015-02-01,2700.6000,2733.5000,2700.6000,2715.4500
2015-02-02,2497.3000,2523.6000,2497.3000,2501.9500
2015-02-03,2612.5500,2616.0000,2569.3000,2599.8000
2015-02-04,2531.7000,2593.2000,2531.7000,2574.4500
2015-02-05,2575.7500,2583.0500,2517.1000,2525.1000
2015-02-06,2525.1000,2534.4000,2490.5500,2507.0500
2015-02-07,2321.2000,2325.2500,2290.8000,2299.9500
2015-02-09,1783.8500,1791.7500,1736.9000,1745.5000
2015-02-10,2434.7500,2491.5500,2434.7500,2477.8500
2015-02-11,2484.7000,2537.9000,2469.3500,2520.1000
2015-02-12,2532.6000,2533.7500,2492.3500,2530.0500
2015-02-13,2532.0500,2559.4000,2532.0500,2555.3500
2015-02-16,2571.9500,2585.5000,2548.4500,2555.2000
2015-02-18,2554.6000,2565.8000,2532.3500,2537.5000
2015-02-19,2539.2500,2640.6500,2537.5500,2631.0000
2015-02-20,2647.8500,2649.2500,2613.7000,2622.0500
2015-02-23,2640.9500,2642.5000,2590.6000,2601.2000
2015-02-24,2609.2000,2611.2000,2563.9000,2568.8000
2015-02-25,2588.7000,2592.0500,2546.0500,2556.8000
2015-02-26,2564.5500,2567.8000,2511.9000,2529.6500
2015-02-27,2546.2000,2613.3500,2544.0000,2606.3500
2015-02-28,2631.1500,2641.0000,2577.1000,2600.0500
2015-03-02,2612.5500,2616.0000,2569.3000,2599.8000
2015-03-03,2561.5500,2590.4500,2556.2500,2586.2500
2015-03-04,2611.7500,2611.7500,2513.0000,2519.9000
2015-03-05,2526.0500,2532.7500,2467.7500,2474.8000
2015-03-06,2328.7500,2336.1000,2284.6000,2303.6500
2015-03-07,2303.5500,2307.1000,2263.2000,2268.2500
2015-03-08,2133.6500,2136.2500,2102.6000,2109.3500
2015-03-09,1759.6000,1801.5500,1751.7000,1787.9000
2015-03-10,2424.4000,2435.8000,2414.1000,2427.7500
2015-03-11,2428.4000,2428.4000,2383.5500,2386.7500
2015-03-12,2401.2500,2427.7500,2398.4500,2423.0000
2015-03-13,2440.2000,2442.1500,2384.3000,2391.1500
2015-03-16,2398.7000,2398.7000,2334.8500,2353.1500
2015-03-17,2369.9500,2396.4500,2339.0000,2380.7000
2015-03-18,2399.7500,2403.8500,2382.3500,2387.7500
2015-03-19,2403.6500,2423.7500,2379.0000,2388.3500
2015-03-20,2390.6000,2403.3500,2357.8000,2366.0000
2015-03-23,2369.2500,2376.5500,2339.3500,2373.5000
2015-03-24,2372.5000,2380.4500,2355.3500,2366.2500
2015-03-25,2370.2000,2371.2500,2336.3500,2343.3500
2015-03-26,2329.7500,2331.4000,2282.5000,2288.0000
2015-03-27,2303.1500,2314.2000,2268.2500,2292.8500
2015-03-30,2311.3500,2333.7500,2287.8500,2328.3000
2015-03-31,2350.7000,2362.8500,2316.6000,2324.4500
2015-04-01,2324.7500,2349.7500,2316.8500,2347.6500
2015-04-02,2531.7000,2593.2000,2531.7000,2574.4500
2015-04-03,2611.7500,2611.7500,2513.0000,2519.9000
2015-04-05,2421.8000,2453.0500,2414.0500,2441.7500
2015-04-06,2308.1000,2308.1000,2247.1000,2274.2000
2015-04-07,2347.2000,2397.3500,2338.6000,2392.0000
2015-04-08,2120.0000,2179.9500,2108.9000,2167.7000
2015-04-09,1783.8500,1783.8500,1730.8500,1748.5000
2015-04-10,2459.1500,2486.8000,2457.1500,2483.0000
2015-04-11,1784.2000,1790.1500,1766.0000,1768.6500
2015-04-12,1768.8500,1791.1000,1763.8500,1776.9500
2015-04-13,2487.7500,2497.8000,2467.7000,2485.0000
2015-04-15,2483.1000,2492.5000,2458.3500,2467.0000
2015-04-16,2471.4000,2478.3000,2443.5500,2464.4000
2015-04-17,2465.3000,2510.5000,2456.5000,2488.5500
2015-04-20,2491.6000,2494.1000,2430.9500,2442.2000
2015-04-21,2446.1000,2476.5000,2433.6000,2446.2500
2015-04-22,2446.3000,2462.5000,2423.6500,2459.2000
2015-04-23,2476.8500,2514.0000,2473.6000,2495.1500
2015-04-24,2496.3500,2499.2500,2445.8500,2454.9000
2015-04-27,2461.2500,2468.4000,2430.7000,2454.0500
2015-04-28,2452.3000,2476.0500,2441.3000,2453.2000
2015-04-29,2445.8000,2460.6000,2435.5000,2443.2500
2015-04-30,2420.4000,2428.4000,2393.9500,2402.4000
2015-05-01,2721.9500,2738.0500,2699.2500,2704.5000
2015-05-02,2575.7500,2583.0500,2517.1000,2525.1000
2015-05-03,2526.0500,2532.7500,2467.7500,2474.8000
2015-05-04,2421.8000,2453.0500,2414.0500,2441.7500
2015-05-05,2443.5500,2512.8000,2428.8500,2508.1500
2015-05-06,2501.6000,2517.8500,2423.6500,2430.3500
2015-05-07,2423.5000,2430.8000,2398.5000,2417.8000
2015-05-08,2435.2500,2446.8500,2421.2500,2435.6000
2015-05-10,1664.2000,1706.3500,1653.7500,1702.8500
2015-05-11,2464.4000,2517.4000,2462.7000,2502.3000
2015-05-12,2504.5500,2504.5500,2421.2000,2426.0000
2015-05-13,2436.0000,2446.2000,2394.6500,2428.8500
2015-05-14,2428.8500,2452.1000,2412.6500,2448.7000
2015-05-15,2445.3000,2445.3000,2410.4000,2422.8500
2015-05-18,2428.2000,2441.8000,2424.0000,2436.5000
2015-05-19,2434.8500,2457.4000,2422.8000,2445.5500
2015-05-20,2447.2000,2448.8000,2425.0500,2431.4000
2015-05-21,2423.5000,2428.0000,2401.9500,2419.6000
2015-05-22,2427.0500,2427.0500,2403.5500,2409.8500
2015-05-25,2407.4000,2407.4000,2365.6000,2368.7000
2015-05-26,2379.2500,2381.4000,2366.7000,2372.2500
2015-05-27,2363.3000,2382.2500,2357.2000,2377.8000
2015-05-28,2375.9000,2391.8500,2354.1000,2370.1500
2015-05-29,2362.9000,2396.0500,2357.4500,2382.6000
2015-06-01,2682.1000,2682.1000,2601.7500,2610.4500
2015-06-02,2525.1000,2534.4000,2490.5500,2507.0500
2015-06-03,2328.7500,2336.1000,2284.6000,2303.6500
2015-06-04,2356.2000,2356.3500,2324.7500,2339.9500
2015-06-05,2501.6000,2517.8500,2423.6500,2430.3500
2015-06-07,2240.6000,2257.3000,2223.3500,2254.8000
2015-06-08,2168.9500,2173.2500,2148.6500,2154.4000
2015-06-09,2274.5500,2308.4500,2259.7000,2295.7500
2015-06-10,1719.5500,1739.4000,1701.4000,1730.7000
2015-06-11,1725.2500,1729.4000,1700.2000,1720.2500
2015-06-12,2276.0000,2276.0000,2239.8000,2247.2000
2015-06-15,2257.7000,2260.5500,2230.9500,2233.9500
2015-06-16,2237.5500,2241.8000,2223.6000,2238.8000
2015-06-17,2254.6000,2275.9500,2235.9500,2256.7000
2015-06-18,2263.6500,2267.8500,2246.2500,2252.9000
2015-06-19,2272.2500,2287.2500,2250.7000,2261.0500
2015-06-22,2273.5500,2301.1500,2272.2000,2288.8000
2015-06-23,2294.5000,2340.5000,2291.2500,2325.5000
2015-06-24,2338.3500,2343.7000,2281.0000,2292.2500
2015-06-25,2285.6000,2305.3000,2281.5500,2299.8000
2015-06-26,2296.4000,2303.0000,2271.5500,2281.4500
2015-06-29,2255.5000,2256.0500,2210.6500,2245.8000
2015-06-30,2249.9500,2292.6000,2249.9500,2287.3000
2015-07-01,2292.6500,2324.2500,2292.3000,2314.7500
2015-07-02,2321.2000,2325.2500,2290.8000,2299.9500
2015-07-03,2303.5500,2307.1000,2263.2000,2268.2500
2015-07-04,2347.2000,2397.3500,2338.6000,2392.0000
2015-07-05,2423.5000,2430.8000,2398.5000,2417.8000
2015-07-06,2240.6000,2257.3000,2223.3500,2254.8000
2015-07-07,2260.4000,2278.7000,2251.2000,2257.9000
2015-07-08,2158.4000,2170.8000,2127.0000,2131.9500
2015-07-09,2174.6500,2184.3000,2156.6500,2159.7500
2015-07-10,1729.5000,1795.3000,1720.5500,1787.0000
2015-07-12,1795.2000,1802.5500,1767.3500,1770.0500
2015-07-13,2185.5500,2192.2000,2158.8500,2189.3000
2015-07-14,2194.4000,2211.3000,2190.7000,2205.1000
2015-07-15,2218.3000,2227.4000,2206.0000,2209.1000
2015-07-16,2222.2500,2226.2500,2210.4000,2217.2000
2015-07-17,2220.4500,2222.1000,2198.0000,2207.6500
2015-07-20,2214.3000,2215.0500,2191.5000,2194.5500
2015-07-21,2200.5500,2201.7500,2163.9500,2169.9000
2015-07-22,2156.8500,2193.1000,2149.8500,2189.8500
2015-07-23,2182.6500,2195.8000,2173.8000,2180.1000
2015-07-24,2174.3500,2190.5500,2148.5500,2151.6500
2015-07-27,2144.9500,2144.9500,2094.4500,2103.8500
2015-07-28,2105.8500,2111.4500,2085.9000,2093.1500
2015-07-29,2100.4500,2111.9500,2086.8500,2097.9500
2015-07-30,2108.6000,2110.0500,2089.4000,2095.7000
2015-07-31,2112.8500,2141.6500,2109.0000,2128.6500
2015-08-01,2604.7000,2613.5500,2580.9000,2609.2500
2015-08-03,2133.6500,2136.2500,2102.6000,2109.3500
2015-08-04,2406.9000,2437.1000,2394.4000,2431.2500
2015-08-05,2435.2500,2446.8500,2421.2500,2435.6000
2015-08-06,2325.6500,2337.8500,2275.9500,2279.7000
2015-08-07,2158.4000,2170.8000,2127.0000,2131.9500
2015-08-09,1714.6000,1761.6500,1704.0000,1745.6500
2015-08-10,1794.7000,1812.5000,1771.9500,1796.6000
2015-08-11,2116.8000,2116.8000,2030.0500,2035.4000
2015-08-12,1758.6000,1762.0000,1710.1000,1713.3000
2015-08-13,1959.7000,1969.2500,1889.1500,1893.6000
2015-08-14,1895.1500,1924.5500,1875.8500,1920.6000
2015-08-17,1925.5500,1947.5500,1893.6500,1942.9500
2015-08-18,1950.2500,1964.8500,1892.7500,1909.1000
2015-08-19,1902.4000,1906.5000,1879.3000,1882.0000
2015-08-20,1873.5500,1886.0500,1835.0500,1838.4000
2015-08-21,1815.8500,1830.5000,1798.8500,1822.3500
2015-08-24,1765.9000,1767.6000,1676.4000,1693.9500
2015-08-25,1723.7500,1761.2000,1666.6500,1754.9500
2015-08-26,1749.0000,1785.5500,1729.3000,1760.9500
2015-08-27,1792.5500,1819.6500,1773.4500,1809.7000
2015-08-28,1850.2000,1850.2000,1803.5000,1820.1500
2015-08-31,1811.3000,1847.4500,1791.4500,1833.1500
2015-09-01,2634.5500,2639.7000,2588.9500,2599.1000
2015-09-02,2477.0500,2484.5000,2434.3000,2440.6500
2015-09-03,2476.2500,2476.2500,2407.4000,2414.3000
2015-09-04,2444.4500,2470.8000,2428.8000,2468.1500
2015-09-06,2274.5500,2308.4500,2259.7000,2295.7500
2015-09-07,1762.2000,1762.2000,1701.9000,1704.3000
2015-09-08,1714.6000,1761.6500,1704.0000,1745.6500
2015-09-09,1787.5500,1821.3000,1768.1500,1809.1500
2015-09-10,1780.8000,1802.6500,1768.4500,1794.5500
2015-09-11,1808.4500,1812.4000,1760.1500,1767.3500
2015-09-12,1704.7500,1707.3000,1651.3000,1658.8000
2015-09-14,1778.3000,1818.0000,1767.1500,1814.8000
2015-09-15,1817.4000,1820.9000,1768.4000,1772.1000
2015-09-16,1792.4000,1795.3500,1770.6500,1779.3000
2015-09-18,1800.2000,1809.6500,1777.8000,1789.3000
2015-09-21,1776.2500,1796.6500,1763.8500,1787.3500
2015-09-22,1792.3000,1794.3500,1707.2000,1711.7000
2015-09-23,1685.6000,1723.5000,1674.8000,1713.1500
2015-09-24,1709.9500,1710.7000,1678.3000,1684.8000
2015-09-28,1695.6000,1695.6000,1638.3000,1642.6000
2015-09-29,1613.2500,1621.4000,1595.3000,1605.4500
2015-09-30,1632.6000,1663.2500,1632.6000,1657.8000
2015-10-01,1673.2500,1673.2500,1644.8000,1650.8000
2015-10-02,2434.7500,2491.5500,2434.7500,2477.8500
2015-10-03,2424.4000,2435.8000,2414.1000,2427.7500
2015-10-04,2459.1500,2486.8000,2457.1500,2483.0000
2015-10-05,1664.2000,1706.3500,1653.7500,1702.8500
2015-10-06,2295.9000,2317.6000,2293.5500,2311.5000
2015-10-07,1729.5000,1795.3000,1720.5500,1787.0000
2015-10-08,1794.7000,1812.5000,1771.9500,1796.6000
2015-10-09,1814.2500,1844.8500,1814.2500,1834.9500
2015-10-11,1709.0500,1710.9500,1677.5000,1681.4500
2015-10-12,1667.2000,1695.1500,1665.8500,1690.0000
2015-10-13,1842.7500,1862.8000,1838.1000,1860.2000
2015-10-14,1852.7500,1903.0500,1851.7000,1863.3500
2015-10-15,1875.2000,1895.7000,1865.5000,1886.3000
2015-10-16,1898.3000,1898.9000,1861.9000,1879.5000
2015-10-19,1882.1000,1893.8000,1858.5000,1864.3000
2015-10-20,1861.9000,1861.9000,1819.9000,1824.2000
2015-10-21,1823.1000,1857.1500,1817.5500,1847.5000
2015-10-23,1872.8500,1875.3000,1841.6000,1846.7000
2015-10-26,1859.7000,1870.8000,1838.9000,1842.5000
2015-10-27,1832.9000,1840.5500,1812.2500,1831.2500
2015-10-28,1821.2500,1840.5500,1818.5000,1834.1500
2015-10-29,1834.2500,1840.8500,1823.5000,1826.8000
2015-10-30,1824.4000,1858.8000,1799.0500,1806.0500
2015-11-02,2484.7000,2537.9000,2469.3500,2520.1000
2015-11-03,2428.4000,2428.4000,2383.5500,2386.7500
2015-11-04,1784.2000,1790.1500,1766.0000,1768.6500
2015-11-05,2464.4000,2517.4000,2462.7000,2502.3000
2015-11-06,2321.5500,2326.0000,2276.7500,2281.8000
2015-11-08,2116.8000,2116.8000,2030.0500,2035.4000
2015-11-09,1808.4500,1812.4000,1760.1500,1767.3500
2015-11-10,1709.0500,1710.9500,1677.5000,1681.4500
2015-11-11,1700.6000,1704.9000,1697.6500,1699.1500
2015-11-12,1700.2000,1722.1500,1687.0500,1699.8000
2015-11-13,1690.3500,1714.6500,1679.7000,1704.0500
2015-11-16,1696.9500,1725.5000,1682.8000,1720.6000
2015-11-17,1731.1000,1752.8000,1729.4000,1739.6500
2015-11-18,1739.8000,1746.5000,1697.0000,1702.0500
2015-11-19,1713.3000,1727.5500,1699.5500,1722.8500
2015-11-20,1729.4000,1744.1500,1723.6500,1726.1000
2015-11-23,1729.5000,1729.5000,1693.2000,1698.3000
2015-11-24,1693.9500,1708.7500,1691.5000,1697.2500
2015-11-26,1704.7500,1725.3000,1701.0500,1715.1500
2015-11-27,1721.3000,1758.1500,1717.4000,1736.3500
2015-11-30,1737.2500,1750.3000,1733.1500,1735.8000
2015-12-01,2599.1500,2599.1500,2549.1000,2555.2000
2015-12-02,1805.8500,1816.0000,1791.6000,1806.1500
2015-12-03,2401.2500,2427.7500,2398.4500,2423.0000
2015-12-04,1768.8500,1791.1000,1763.8500,1776.9500
2015-12-05,2504.5500,2504.5500,2421.2000,2426.0000
2015-12-06,2276.0000,2276.0000,2239.8000,2247.2000
2015-12-07,1795.2000,1802.5500,1767.3500,1770.0500
2015-12-08,2042.6500,2042.6500,1930.2500,1947.5500
2015-12-09,1704.7500,1707.3000,1651.3000,1658.8000
2015-12-10,1856.9500,1916.6500,1855.4500,1870.7500
2015-12-11,1700.2000,1722.1500,1687.0500,1699.8000
2015-12-14,1695.1500,1746.8500,1692.9000,1740.1500
2015-12-15,1747.3000,1748.6500,1725.2000,1735.8500
2015-12-16,1748.0000,1754.3500,1732.8000,1737.9000
2015-12-17,1747.1000,1798.2500,1746.9500,1795.5500
2015-12-18,1790.6500,1797.2000,1768.5500,1772.7000
2015-12-21,1778.4000,1808.6000,1774.6000,1800.4000
2015-12-22,1801.9000,1810.3000,1778.9500,1781.6000
2015-12-23,1799.8000,1824.3500,1799.8000,1820.7500
2015-12-24,1838.1000,1840.5500,1821.9000,1835.8500
2015-12-28,1841.6000,1844.4500,1805.9000,1815.9500
2015-12-29,1822.8500,1827.9500,1809.6000,1811.9500
2015-12-30,1818.7500,1835.0500,1813.7500,1817.7500
2015-12-31,1823.2000,1829.1500,1809.2500,1826.8500
2016-01-01,1826.9000,1833.7500,1814.3500,1830.3000
2016-01-02,1663.8500,1667.1000,1644.1500,1663.7500
2016-01-03,1642.5000,1680.8000,1636.1500,1678.3000
2016-01-04,1907.6000,1911.1500,1888.0500,1901.0000
2016-01-05,1818.1500,1874.4500,1808.0500,1862.7000
2016-01-06,1861.1500,1864.5000,1820.1000,1829.0500
2016-01-07,1799.0500,1799.0500,1735.4000,1742.5500
2016-01-08,2431.1000,2466.0500,2416.9500,2459.0000
2016-01-09,2568.1000,2587.8000,2559.5000,2574.5500
2016-01-11,2692.1500,2796.7000,2683.6500,2781.0000
2016-01-12,1751.1000,1762.9500,1712.9000,1725.1500
2016-01-13,1739.9000,1750.2500,1672.5000,1712.7000
2016-01-14,1674.3000,1708.6000,1655.9000,1684.1500
2016-01-15,1699.3000,1700.4500,1620.5000,1624.6000
2016-01-18,1615.0000,1654.3500,1596.3000,1607.0000
2016-01-19,1617.6500,1630.9500,1592.0500,1616.7000
2016-01-20,1591.1000,1591.1000,1537.9000,1566.4000
2016-01-21,1590.0000,1594.5000,1546.0500,1552.9500
2016-01-22,1575.9500,1627.5500,1572.9000,1622.0500
2016-01-25,1636.7500,1660.1000,1635.5500,1648.1000
2016-01-27,1653.7500,1657.4500,1641.7500,1650.4000
2016-01-28,1646.2000,1655.4000,1633.1500,1640.6500
2016-01-29,1645.3500,1672.1000,1645.1000,1658.4500
2016-02-01,1663.8500,1667.1000,1644.1500,1663.7500
2016-02-02,1667.3000,1673.2000,1578.9000,1583.6000
2016-02-03,1699.4500,1738.1500,1698.7000,1713.7000
2016-02-04,1558.3500,1594.3500,1547.3500,1584.1000
2016-02-05,2040.5500,2074.1500,2028.2500,2065.3500
2016-02-06,2010.1500,2056.7500,2009.0500,2052.0000
2016-02-08,2463.6000,2470.0000,2406.1000,2411.3000
2016-02-09,2578.5000,2578.5000,2545.7500,2570.9500
2016-02-10,1587.1000,1596.6000,1554.9500,1589.6000
2016-02-11,1586.4000,1586.6000,1507.5000,1519.8500
2016-02-12,2732.1000,2767.5000,2711.2500,2717.6000
2016-02-15,1536.6500,1659.2000,1536.6500,1642.8000
2016-02-16,1665.3000,1665.3000,1603.6500,1611.3000
2016-02-17,1613.1000,1631.5500,1562.9000,1627.5500
2016-02-18,1650.6500,1665.9000,1612.6000,1644.9500
2016-02-19,1632.4000,1660.8000,1622.5500,1652.9000
2016-02-22,1657.9500,1673.1000,1651.2500,1663.6500
2016-02-23,1664.7000,1685.7500,1640.5500,1644.7500
2016-02-24,1626.0000,1639.4500,1607.9500,1609.8000
2016-02-25,1614.4000,1629.7000,1606.3500,1612.4000
2016-02-26,1626.4500,1636.3000,1603.7500,1629.5500
2016-02-29,1640.9500,1678.9500,1609.1000,1633.6500
2016-03-01,1642.5000,1680.8000,1636.1500,1678.3000
2016-03-02,1699.4500,1738.1500,1698.7000,1713.7000
2016-03-03,1738.1500,1799.8000,1731.7500,1796.2000
2016-03-04,1810.6500,1837.2000,1786.3500,1828.0000
2016-03-05,2077.8500,2086.7000,2037.9500,2041.9000
2016-03-06,2070.6500,2074.0000,2042.5000,2047.6500
2016-03-08,2425.2000,2436.5500,2403.0500,2411.1500
2016-03-09,1829.3500,1856.9000,1816.0500,1854.7500
2016-03-10,2542.1000,2590.0000,2540.2000,2586.0500
2016-03-11,2745.9000,2811.7500,2733.3500,2737.9500
2016-03-14,1847.3000,1860.9500,1838.7500,1843.8500
2016-03-15,1846.4500,1860.5000,1831.9000,1849.7500
2016-03-16,1851.6000,1851.6000,1808.6000,1832.3000
2016-03-17,1859.4500,1865.1500,1826.4000,1831.5500
2016-03-18,1852.7000,1882.0000,1844.8500,1877.9000
2016-03-21,1879.6500,1890.6500,1868.6000,1885.0500
2016-03-22,1885.0000,1918.0500,1874.6000,1908.9000
2016-03-23,1917.1000,1951.9000,1917.1000,1948.6000
2016-03-28,1954.5000,1954.5000,1845.8500,1853.2000
2016-03-29,1855.4500,1881.8000,1848.2000,1860.4000
2016-03-30,1881.4500,1935.6500,1870.8000,1927.0000
2016-03-31,1933.8000,1939.1500,1895.7500,1912.6500
2016-04-01,1819.6500,1850.9500,1794.1000,1804.9000
2016-04-02,1558.3500,1594.3500,1547.3500,1584.1000
2016-04-03,1810.6500,1837.2000,1786.3500,1828.0000
2016-04-04,1907.7000,1920.4500,1903.7500,1912.3000
2016-04-05,2025.5500,2027.6000,1958.6500,1964.0000
2016-04-06,1871.9000,1924.8500,1870.5000,1912.5000
2016-04-07,2211.0500,2236.5500,2211.0500,2233.5000
2016-04-08,1895.4000,1914.8500,1887.8500,1905.7500
2016-04-10,2601.5500,2622.5500,2578.8500,2614.6500
2016-04-11,2745.0000,2758.8500,2644.7000,2674.7500
2016-04-12,1932.4500,1942.0000,1916.5000,1922.6000
2016-04-13,1940.6500,1979.4000,1940.6500,1967.5000
2016-04-18,1970.3000,1989.5500,1950.5500,1986.7500
2016-04-20,2004.9500,2073.5000,2002.3500,2068.1000
2016-04-21,2081.1500,2093.9500,2060.1500,2069.9000
2016-04-22,2072.4500,2085.2000,2057.1500,2061.9500
2016-04-25,2062.4500,2063.5000,2018.6000,2035.8500
2016-04-26,2033.6500,2085.2000,2033.6500,2082.4000
2016-04-27,2086.0500,2096.9000,2073.4000,2080.3000
2016-04-28,2081.9000,2086.7000,2026.5500,2031.8500
2016-04-29,2032.4500,2061.0500,2011.9500,2045.8000
2016-05-01,1818.1500,1874.4500,1808.0500,1862.7000
2016-05-02,2040.5500,2074.1500,2028.2500,2065.3500
2016-05-03,2077.8500,2086.7000,2037.9500,2041.9000
2016-05-04,2025.5500,2027.6000,1958.6500,1964.0000
2016-05-05,1965.1000,1983.1000,1945.5000,1967.4500
2016-05-06,1958.9500,1970.5500,1944.6000,1966.3000
2016-05-07,2238.2000,2255.9500,2226.7500,2239.7000
2016-05-08,2477.0000,2520.8500,2477.0000,2517.5500
2016-05-09,1977.4000,1993.8000,1966.7000,1974.8000
2016-05-10,1969.8500,1974.5500,1947.1500,1950.0500
2016-05-11,1923.6000,1962.3500,1918.9000,1948.3500
2016-05-12,1956.5500,1967.4000,1945.2500,1963.8500
2016-05-13,1952.4000,1956.1000,1916.5500,1920.2500
2016-05-16,1924.4000,1937.9000,1911.7000,1935.5500
2016-05-17,1949.3500,1950.5000,1931.3000,1934.9000
2016-05-18,1927.3000,1952.3000,1918.3000,1948.3500
2016-05-19,1947.7500,1973.1500,1913.2000,1917.2500
2016-05-20,1919.3000,1930.0000,1905.1000,1909.3000
2016-05-23,1926.8000,1928.1000,1895.6000,1899.1500
2016-05-24,1903.1000,1903.5000,1871.9500,1899.4000
2016-05-25,1918.7500,1925.2000,1909.8000,1923.0500
2016-05-26,1920.2000,1947.1000,1915.6500,1941.9000
2016-05-27,1949.0000,1972.8000,1945.8500,1968.8000
2016-05-30,2009.7500,2031.4000,1998.5500,2008.0500
2016-05-31,2010.8000,2044.2500,1988.3500,2031.8500
2016-06-01,2037.8500,2043.5000,2010.4500,2014.6000
2016-06-02,2010.1500,2056.7500,2009.0500,2052.0000
2016-06-03,2070.6500,2074.0000,2042.5000,2047.6500
2016-06-04,1871.9000,1924.8500,1870.5000,1912.5000
2016-06-05,1958.9500,1970.5500,1944.6000,1966.3000
2016-06-06,2042.1000,2061.5500,2028.7000,2049.8000
2016-06-07,2060.9500,2081.7000,2051.5500,2078.2500
2016-06-08,2082.9000,2090.4500,2069.0500,2082.8000
2016-06-09,2579.5500,2610.5000,2576.5500,2607.0500
2016-06-10,2647.8500,2677.4500,2619.7000,2640.1000
2016-06-12,2773.8000,2790.5000,2761.4000,2781.4500
2016-06-13,2085.8000,2095.1500,2070.2000,2087.1500
2016-06-14,2092.3000,2104.0500,2084.8500,2101.8000
2016-06-15,2109.0500,2120.5000,2090.7500,2118.3500
2016-06-16,2113.0500,2136.7000,2095.9500,2132.4500
2016-06-17,2145.2000,2146.0000,2122.6000,2131.2500
2016-06-20,2113.8000,2168.6500,2113.2500,2165.9000
2016-06-21,2171.2500,2180.3000,2158.3500,2162.8000
2016-06-22,2165.7500,2165.7500,2135.8000,2160.6500
2016-06-23,2157.7500,2173.4500,2143.1500,2168.1500
2016-06-24,2078.3000,2097.8000,2018.2000,2086.5500
2016-06-27,2071.2500,2106.3000,2071.2500,2096.2500
2016-06-28,2103.0500,2120.0000,2098.4000,2115.8500
2016-06-29,2130.0000,2148.2500,2128.2500,2142.2000
2016-06-30,2162.3500,2190.6500,2156.8000,2182.1000
2016-07-01,2198.4500,2212.1000,2195.9000,2199.1500
2016-07-04,2211.0500,2236.5500,2211.0500,2233.5000
2016-07-05,2238.2000,2255.9500,2226.7500,2239.7000
2016-07-06,2060.9500,2081.7000,2051.5500,2078.2500
2016-07-07,2250.3500,2268.9500,2225.3500,2232.0000
2016-07-08,2232.6000,2234.1500,2208.1000,2223.9500
2016-07-09,2620.0500,2639.2000,2610.7500,2632.9500
2016-07-10,2650.0000,2668.7500,2620.7000,2666.5500
2016-07-11,2253.4000,2279.4000,2253.4000,2275.6000
2016-07-12,2792.0500,2802.3500,2761.2500,2786.6500
2016-07-13,2364.4000,2424.1000,2362.0000,2390.3500
2016-07-14,2397.3000,2409.3500,2371.8500,2399.2500
2016-07-15,2411.6500,2433.1000,2397.5000,2418.9000
2016-07-18,2425.0000,2440.6000,2377.7500,2388.6000
2016-07-19,2396.3000,2409.2000,2374.2500,2399.8500
2016-07-20,2407.9000,2417.2500,2396.8500,2406.6500
2016-07-21,2412.9500,2414.0500,2382.8500,2387.8000
2016-07-22,2388.5000,2434.0500,2362.8000,2428.1500
2016-07-25,2428.1500,2446.9500,2408.4500,2442.0000
2016-07-26,2444.4000,2472.7500,2430.4000,2439.4500
2016-07-27,2450.7500,2470.1000,2417.0500,2462.0500
2016-07-28,2460.7500,2462.2500,2429.1000,2440.4500
2016-07-29,2445.8000,2460.7000,2419.0000,2422.7000
2016-08-01,1757.0000,1770.0000,1723.0500,1750.8000
2016-08-02,2463.6000,2470.0000,2406.1000,2411.3000
2016-08-03,1851.2000,1891.6500,1851.2000,1871.3000
2016-08-04,1895.4000,1914.8500,1887.8500,1905.7500
2016-08-05,2477.0000,2520.8500,2477.0000,2517.5500
2016-08-06,2082.9000,2090.4500,2069.0500,2082.8000
2016-08-07,2232.6000,2234.1500,2208.1000,2223.9500
2016-08-08,2533.8500,2555.4000,2528.2500,2531.7500
2016-08-09,2539.4000,2539.4000,2498.4500,2510.0000
2016-08-10,2515.9500,2529.1000,2476.4500,2494.2500
2016-08-11,2744.9500,2762.6500,2723.5000,2739.2000
2016-08-12,2481.1000,2524.2500,2481.1000,2510.1500
2016-08-16,2514.9500,2556.0500,2503.8500,2550.1000
2016-08-17,2549.9000,2602.2500,2549.9000,2599.8000
2016-08-18,2608.4000,2611.1500,2587.8000,2595.0500
2016-08-19,2611.5500,2635.3000,2591.3000,2629.8000
2016-08-22,2622.4000,2622.4000,2593.7000,2608.7000
2016-08-23,2604.3000,2618.0500,2567.1000,2597.3500
2016-08-24,2601.3500,2607.6000,2587.9500,2595.5500
2016-08-25,2597.8500,2603.9000,2548.4500,2553.8500
2016-08-26,2563.8000,2568.3500,2540.8000,2551.9500
2016-08-29,2548.9500,2584.9000,2539.6500,2579.8500
2016-08-30,2594.2500,2611.6000,2588.5500,2606.9000
2016-08-31,2605.1500,2623.6000,2558.1500,2566.7500
2016-09-01,2568.1000,2587.8000,2559.5000,2574.5500
2016-09-02,1606.5000,1624.6000,1588.7000,1599.2500
2016-09-03,1829.3500,1856.9000,1816.0500,1854.7500
2016-09-05,1977.4000,1993.8000,1966.7000,1974.8000
2016-09-06,2579.5500,2610.5000,2576.5500,2607.0500
2016-09-07,2620.0500,2639.2000,2610.7500,2632.9500
2016-09-08,2645.1000,2685.1500,2643.2000,2660.2500
2016-09-09,2661.5000,2661.5000,2601.8500,2607.2000
2016-09-11,2538.7000,2710.9500,2508.5500,2700.5500
2016-09-12,2877.6500,2879.5000,2854.0000,2865.2500
2016-09-14,2480.1500,2499.9500,2454.4000,2496.5500
2016-09-15,2506.7500,2508.9500,2469.8500,2489.8000
2016-09-16,2504.5500,2516.1000,2442.3000,2450.9000
2016-09-19,2456.3500,2488.9000,2447.8500,2485.5500
2016-09-20,2491.0500,2513.8500,2473.8500,2495.1000
2016-09-21,2495.8500,2523.9000,2491.4000,2511.8500
2016-09-22,2549.7000,2560.6000,2523.9500,2540.5500
2016-09-23,2541.0500,2559.5500,2533.6500,2542.0000
2016-09-26,2539.2000,2557.9500,2529.5000,2539.4500
2016-09-27,2552.7500,2559.7000,2519.3500,2523.6000
2016-09-28,2524.0500,2586.8000,2523.1500,2579.0500
2016-09-29,2594.3000,2598.9500,2476.8000,2488.6000
2016-09-30,2467.0000,2530.6500,2466.8500,2522.0500
2016-10-02,1587.1000,1596.6000,1554.9500,1589.6000
2016-10-03,1866.0000,1895.7500,1860.9500,1868.9000
2016-10-04,2601.5500,2622.5500,2578.8500,2614.6500
2016-10-05,1969.8500,1974.5500,1947.1500,1950.0500
2016-10-06,2118.0000,2144.1500,2108.3500,2113.7500
2016-10-07,2650.0000,2668.7500,2620.7000,2666.5500
2016-10-08,2515.9500,2529.1000,2476.4500,2494.2500
2016-10-10,2689.3500,2722.6000,2686.1500,2710.4000
2016-10-11,2763.1500,2891.2500,2761.6500,2870.0500
2016-10-13,2692.0500,2693.4500,2617.2000,2656.2500
2016-10-14,2660.1500,2666.5500,2634.6000,2643.5000
2016-10-17,2643.1000,2658.8500,2605.0000,2611.1000
2016-10-18,2626.3500,2666.8500,2625.8000,2663.1000
2016-10-19,2671.3500,2683.9000,2655.9000,2669.6500
2016-10-20,2686.3000,2717.1000,2682.3000,2708.5000
2016-10-21,2705.7500,2706.8000,2667.3500,2688.0500
2016-10-24,2689.7500,2701.9500,2683.8500,2690.8000
2016-10-25,2677.0500,2688.0000,2655.1500,2679.5000
2016-10-26,2668.6500,2697.0500,2628.0500,2641.1500
2016-10-27,2625.6000,2635.8500,2606.8000,2619.6000
2016-10-28,2630.1500,2682.8000,2628.0500,2678.3500
2016-10-30,2689.7500,2694.1000,2673.6500,2681.0500
2016-11-01,2692.1500,2796.7000,2683.6500,2781.0000
2016-11-02,1586.4000,1586.6000,1507.5000,1519.8500
2016-11-03,2745.9000,2811.7500,2733.3500,2737.9500
2016-11-04,1912.5000,1948.9000,1907.6500,1944.1000
2016-11-05,1923.6000,1962.3500,1918.9000,1948.3500
2016-11-07,2253.4000,2279.4000,2253.4000,2275.6000
2016-11-08,2494.8500,2495.9000,2442.7500,2474.3000
2016-11-09,2538.7000,2710.9500,2508.5500,2700.5500
2016-11-10,2763.1500,2891.2500,2761.6500,2870.0500
2016-11-11,2838.1000,2856.8500,2802.1500,2810.6500
2016-11-15,2786.5500,2812.9000,2659.2500,2668.1000
2016-11-16,2715.3000,2718.7500,2621.3000,2645.6500
2016-11-17,2648.2500,2699.2000,2640.2500,2662.9500
2016-11-18,2663.8000,2679.9000,2610.2500,2626.0000
2016-11-21,2633.2000,2659.4500,2532.1000,2536.2000
2016-11-22,2562.4000,2615.6500,2560.4000,2610.7000
2016-11-23,2640.0500,2683.9000,2627.6500,2677.5000
2016-11-24,2667.8500,2731.0500,2654.2000,2711.3000
2016-11-25,2732.7000,2776.8500,2729.3500,2757.4500
2016-11-28,2762.0000,2792.3000,2746.0000,2784.6000
2016-11-29,2805.3000,2822.4000,2771.8500,2777.0000
2016-11-30,2775.3500,2805.5000,2748.8000,2798.9000
2016-12-01,1751.1000,1762.9500,1712.9000,1725.1500
2016-12-02,2732.1000,2767.5000,2711.2500,2717.6000
2016-12-04,1932.4500,1942.0000,1916.5000,1922.6000
2016-12-05,1956.5500,1967.4000,1945.2500,1963.8500
2016-12-06,2773.8000,2790.5000,2761.4000,2781.4500
2016-12-07,2792.0500,2802.3500,2761.2500,2786.6500
2016-12-08,2819.5500,2876.7000,2815.7500,2868.8000
2016-12-09,2877.6500,2879.5000,2854.0000,2865.2500
2016-12-12,2859.3500,2877.8000,2852.9500,2857.8500
2016-12-13,2858.2000,2862.9500,2813.5500,2827.5000
2016-12-14,2815.2500,2825.9000,2781.2000,2784.7500
2016-12-15,2753.9500,2818.4500,2749.2000,2786.1000
2016-12-16,2801.6000,2804.4000,2739.1500,2742.8000
2016-12-19,2733.6500,2748.5500,2712.5000,2716.1000
2016-12-20,2721.1000,2730.5000,2679.2000,2693.5000
2016-12-21,2705.9000,2725.0000,2688.7000,2707.8000
2016-12-22,2702.5500,2702.9500,2622.5000,2630.5000
2016-12-23,2628.0000,2641.9000,2598.6500,2623.1000
2016-12-26,2606.1500,2608.3000,2536.9500,2543.9500
2016-12-27,2540.7000,2616.4000,2523.4000,2609.3000
2016-12-28,2618.6500,2629.2000,2597.8500,2605.6500
2016-12-29,2603.6000,2653.2500,2600.8500,2645.0500
2016-12-30,2650.4000,2663.2000,2640.9500,2652.5000
2017-01-02,2660.0000,2711.0500,2641.2000,2705.2500
2017-01-03,2717.9000,2725.6000,2700.6500,2714.9500
2017-01-04,2729.4500,2749.4000,2707.0500,2711.5000
2017-01-05,2732.8000,2804.1000,2730.8500,2798.2500
2017-01-06,2809.8000,2827.5000,2786.6500,2797.8500
2017-01-08,3274.7500,3297.1000,3273.2000,3290.7500
2017-01-09,2810.9000,2821.9000,2790.6000,2793.8000
2017-01-10,2799.9000,2838.4000,2797.0000,2833.9000
2017-01-11,2855.2000,2963.0500,2853.9000,2954.8000
2017-01-12,2963.9500,2971.8500,2916.9500,2958.5500
2017-01-13,2977.8500,2978.9500,2929.4500,2952.3000
2017-01-16,2961.9000,2992.8000,2938.8500,2980.9500
2017-01-17,2994.2000,2994.6500,2930.8500,2937.1000
2017-01-18,2943.1500,3011.3000,2942.0500,3006.5500
2017-01-19,3005.6000,3011.5000,2976.0000,3005.8000
2017-01-20,2996.4500,3009.3000,2922.0500,2933.1000
2017-01-23,2935.3500,3018.8000,2933.2500,3013.5000
2017-01-24,3023.5500,3066.2000,3019.3000,3062.3000
2017-01-25,3077.7000,3115.2000,3072.4500,3109.0500
2017-01-27,3113.2000,3137.4000,3087.1500,3109.6500
2017-01-30,3100.9000,3122.7000,3071.0000,3104.6000
2017-01-31,3102.9000,3121.0500,3063.4500,3072.1000
2017-02-01,3084.5000,3155.6000,3045.8500,3146.8000
2017-02-02,3139.7000,3165.8500,3099.4500,3147.4500
2017-02-03,3144.5000,3170.4500,3105.7500,3128.7000
2017-02-05,2994.1500,3010.2500,2947.7500,2957.3500
2017-02-06,2942.1500,2956.3000,2907.6000,2923.3500
2017-02-07,3127.7000,3151.5000,3058.4000,3079.5500
2017-02-08,3291.8000,3293.1500,3253.9000,3284.1000
2017-02-09,3115.0000,3127.2500,3051.3500,3084.6500
2017-02-10,3108.2000,3110.8500,3063.6000,3075.4500
2017-02-11,3950.6000,3950.9500,3909.4500,3941.0000
2017-02-13,3089.6500,3116.2000,3067.5000,3083.0500
2017-02-14,3093.7000,3096.3000,3030.3000,3055.4500
2017-02-15,3057.1500,3078.4000,2994.8500,3011.2500
2017-02-16,3015.9500,3080.0500,2981.9500,3075.7500
2017-02-17,3087.6000,3093.8500,3045.7000,3053.6000
2017-02-20,3056.3000,3133.4500,3034.0500,3116.7500
2017-02-21,3128.3500,3158.7000,3122.3000,3127.0000
2017-02-22,3137.3500,3137.7000,3096.8000,3107.1500
2017-02-23,3110.2500,3131.3000,3093.3000,3120.2500
2017-02-27,3121.6500,3142.6500,3105.3000,3110.9000
2017-02-28,3114.4500,3138.2000,3109.7000,3127.3000
2017-03-01,3142.4500,3196.4000,3131.6000,3184.6000
2017-03-02,3200.2000,3233.7000,3155.1500,3166.3000
2017-03-03,3160.3500,3192.9500,3152.8000,3187.1000
2017-03-04,3103.7000,3114.0000,3093.4500,3105.7000
2017-03-05,2971.4500,2982.5500,2932.4500,2950.8500
2017-03-06,3200.7000,3216.5000,3165.1500,3189.4000
2017-03-07,3196.2000,3197.3000,3125.4000,3133.4500
2017-03-08,3141.8000,3143.9500,3060.9500,3073.4000
2017-03-09,3068.4000,3080.2500,3046.2000,3052.7000
2017-03-10,3064.6500,3077.5500,3022.6500,3034.6500
2017-03-11,3969.1000,3979.7500,3917.6000,3938.4000
2017-03-14,3064.1000,3064.8000,3022.2000,3032.1000
2017-03-15,3046.3500,3057.4000,3026.7500,3046.5000
2017-03-16,3077.7000,3142.8500,3069.1000,3135.5500
2017-03-17,3158.4000,3167.2000,3112.8500,3127.5000
2017-03-20,3135.9000,3135.9000,3095.8000,3126.6000
2017-03-21,3131.9000,3132.7000,3095.1500,3119.4000
2017-03-22,3085.7000,3095.5000,3061.2500,3079.1500
2017-03-23,3096.2500,3120.8000,3093.8000,3113.2000
2017-03-24,3125.7000,3145.1000,3117.9500,3123.0000
2017-03-27,3109.6500,3113.7500,3035.0000,3040.2000
2017-03-28,3049.9000,3071.3000,3048.7000,3059.3500
2017-03-29,3058.2000,3075.8000,3045.4000,3071.0500
2017-03-30,3077.5500,3092.4500,3051.9000,3061.7000
2017-03-31,3071.2000,3105.6000,3067.6000,3096.5500
2017-04-01,2729.4500,2749.4000,2707.0500,2711.5000
2017-04-03,3103.7000,3114.0000,3093.4500,3105.7000
2017-04-05,2970.3500,2972.8500,2907.1500,2927.5500
2017-04-06,3130.5500,3150.5000,3093.9000,3146.1500
2017-04-07,3138.3000,3158.3000,3100.7500,3111.1000
2017-04-08,3213.4000,3310.2500,3210.5500,3302.0000
2017-04-09,3550.2000,3571.2500,3486.3500,3547.6000
2017-04-10,3120.8500,3143.3500,3110.3500,3138.4500
2017-04-11,3114.4000,3114.9500,3080.1500,3092.0500
2017-04-12,3102.6000,3126.3500,3067.1000,3071.2000
2017-04-13,3059.7000,3064.6500,2980.1000,2985.5500
2017-04-17,2979.4000,2985.9000,2946.9500,2953.3500
2017-04-18,2964.0500,3020.0000,2895.7500,2901.2500
2017-04-19,2892.6500,2927.3500,2864.9000,2915.8000
2017-04-20,2931.3500,2938.3500,2903.0500,2919.6500
2017-04-21,2944.1500,2945.3000,2894.1000,2905.2500
2017-04-24,2917.3500,2936.3000,2893.2500,2925.7000
2017-04-25,2944.5000,2949.3000,2919.1000,2945.8500
2017-04-26,2957.3500,2995.7500,2933.5500,2957.9000
2017-04-27,2958.7500,2963.3500,2926.2000,2929.8500
2017-04-28,2931.6000,3016.1500,2921.9000,2974.4000
2017-05-01,2732.8000,2804.1000,2730.8500,2798.2500
2017-05-02,2994.1500,3010.2500,2947.7500,2957.3500
2017-05-03,2971.4500,2982.5500,2932.4500,2950.8500
2017-05-04,3123.9500,3151.3500,3120.3000,3137.2500
2017-05-05,2920.6500,2922.3000,2836.7500,2856.7000
2017-05-06,2927.8500,2946.5500,2894.0000,2905.9500
2017-05-07,3052.6500,3086.5500,3046.2000,3082.8500
2017-05-08,2871.2500,2873.7500,2829.1000,2854.3500
2017-05-09,2857.7000,2899.1500,2850.9000,2876.4500
2017-05-10,3590.8500,3616.0000,3584.3500,3598.4000
2017-05-11,2929.0500,2947.4000,2911.5500,2915.3500
2017-05-12,2925.5500,2935.9000,2889.1000,2912.0500
2017-05-15,2925.0000,2981.9500,2923.2000,2978.5000
2017-05-16,3003.4500,3004.2500,2958.9500,2964.1000
2017-05-17,2982.6000,3042.2500,2977.9500,3030.6500
2017-05-18,3004.3000,3019.9000,2939.8000,2947.0500
2017-05-19,2969.5000,2995.8000,2902.6000,2943.2000
2017-05-22,2962.2500,2977.5000,2920.7500,2926.3000
2017-05-23,2933.9000,2947.5500,2853.7000,2913.9000
2017-05-24,2920.2000,2926.5500,2841.1500,2848.1000
2017-05-25,2861.9500,2908.4500,2843.6000,2899.8000
2017-05-26,2903.8500,3022.9000,2899.6000,2997.7500
2017-05-29,3009.8500,3050.0500,2979.9000,2988.7500
2017-05-30,2969.6000,3024.4000,2959.6000,2998.7500
2017-05-31,2998.4500,3022.0000,2946.2000,2952.9500
2017-06-01,2957.9500,2965.4500,2914.4500,2926.9500
2017-06-02,3140.6500,3159.4000,3112.5000,3119.8000
2017-06-03,3200.7000,3216.5000,3165.1500,3189.4000
2017-06-04,3130.5500,3150.5000,3093.9000,3146.1500
2017-06-05,2927.8500,2946.5500,2894.0000,2905.9500
2017-06-06,2910.4000,2919.1500,2887.7000,2896.4000
2017-06-07,3083.1500,3107.0000,3078.1500,3094.2500
2017-06-08,2947.1000,2975.4000,2944.4000,2950.7000
2017-06-09,3542.7000,3611.7000,3539.8000,3604.9000
2017-06-10,3614.8500,3719.2000,3614.4000,3711.5000
2017-06-11,3926.3000,3972.6000,3892.7000,3951.7500
2017-06-12,3556.8500,3559.3000,3521.4500,3530.7500
2017-06-13,2986.6000,2998.7500,2959.3500,2963.8500
2017-06-14,2965.2500,2965.6500,2924.1000,2943.7000
2017-06-15,2931.0500,2954.4000,2921.4500,2932.4500
2017-06-16,2935.1500,2953.9500,2925.6000,2931.0500
2017-06-19,2954.3000,2986.0000,2938.9500,2982.4000
2017-06-20,2996.8000,2997.4500,2974.6500,2988.7000
2017-06-21,2978.3000,2983.2500,2947.4000,2953.5500
2017-06-22,2963.2000,2974.0500,2903.1500,2912.6500
2017-06-23,2913.0500,2913.0500,2856.5500,2892.4000
2017-06-27,2903.1500,2906.9500,2861.8500,2885.0000
2017-06-28,2890.3000,2938.5500,2878.1000,2931.7500
2017-06-29,2954.1500,2999.8000,2951.7500,2991.2000
2017-06-30,2987.9000,3011.1500,2964.7000,2991.3500
2017-07-02,3127.7000,3151.5000,3058.4000,3079.5500
2017-07-03,2999.4500,3051.4500,2995.6000,3046.3000
2017-07-04,3138.3000,3158.3000,3100.7500,3111.1000
2017-07-05,3052.6500,3086.5500,3046.2000,3082.8500
2017-07-06,2917.4000,2928.7000,2907.4000,2924.8500
2017-07-07,3081.4500,3109.2500,3078.3000,3087.7500
2017-07-08,3319.2500,3346.1500,3312.9000,3341.0500
2017-07-09,3629.7500,3654.8000,3602.5000,3646.4000
2017-07-10,3104.1500,3139.6500,3046.8000,3129.9000
2017-07-11,3977.6000,3979.9500,3863.8000,3885.5500
2017-07-12,3538.3000,3601.5000,3530.4500,3594.9000
2017-07-13,3144.7500,3157.5500,3107.7000,3153.2500
2017-07-14,3161.4500,3163.9500,3127.2000,3140.0500
2017-07-17,3155.2000,3175.1500,3144.3000,3170.1500
2017-07-18,3165.4000,3188.6500,3152.3000,3164.7500
2017-07-19,3169.9000,3232.4000,3168.5000,3226.2000
2017-07-20,3217.8500,3220.3500,3187.6000,3196.4000
2017-07-21,3200.9500,3212.6000,3147.5000,3203.1500
2017-07-24,3204.2500,3211.9500,3178.8000,3187.5000
2017-07-25,3194.5000,3234.1500,3187.9500,3227.5500
2017-07-26,3251.8500,3288.1000,3248.2000,3283.2500
2017-07-27,3291.8000,3298.1500,3243.5000,3250.3500
2017-07-28,3230.5500,3236.1500,3184.8000,3207.1500
2017-07-31,3217.7500,3267.3000,3216.8500,3259.9500
2017-08-01,3274.7500,3297.1000,3273.2000,3290.7500
2017-08-02,3291.8000,3293.1500,3253.9000,3284.1000
2017-08-03,3281.6500,3281.6500,3212.2500,3221.5000
2017-08-04,3213.4000,3310.2500,3210.5500,3302.0000
2017-08-05,2871.2500,2873.7500,2829.1000,2854.3500
2017-08-06,2947.1000,2975.4000,2944.4000,2950.7000
2017-08-07,3319.2500,3346.1500,3312.9000,3341.0500
2017-08-08,3371.2000,3439.8500,3369.9000,3390.2000
2017-08-09,3661.4000,3702.8000,3632.6500,3652.9500
2017-08-10,3374.0500,3403.9500,3288.4000,3328.6500
2017-08-11,3890.9000,3910.3500,3806.2000,3832.0000
2017-08-12,3617.3000,3680.7000,3607.8000,3643.5000
2017-08-14,3257.3500,3339.8500,3251.2000,3326.6000
2017-08-16,3343.0000,3390.2000,3311.8000,3383.9500
2017-08-17,3405.6500,3457.8000,3400.1500,3409.1500
2017-08-18,3377.4500,3407.5500,3363.1000,3384.6500
2017-08-21,3419.6500,3455.1500,3327.6500,3337.6000
2017-08-22,3373.8000,3392.0000,3327.3500,3340.2000
2017-08-23,3366.2500,3402.4000,3329.4500,3397.6000
2017-08-24,3411.6500,3427.5500,3389.4500,3414.0500
2017-08-28,3425.0000,3434.4500,3408.9000,3426.4500
2017-08-29,3426.9000,3443.2500,3378.0500,3388.5500
2017-08-30,3421.7000,3483.8000,3419.6000,3478.2000
2017-08-31,3480.1000,3482.7500,3442.9500,3474.8500
2017-09-01,3491.9000,3545.2000,3487.8000,3542.5000
2017-09-02,3115.0000,3127.2500,3051.3500,3084.6500
2017-09-03,3068.4000,3080.2500,3046.2000,3052.7000
2017-09-04,3550.2000,3571.2500,3486.3500,3547.6000
2017-09-05,2857.7000,2899.1500,2850.9000,2876.4500
2017-09-06,3542.7000,3611.7000,3539.8000,3604.9000
2017-09-07,3629.7500,3654.8000,3602.5000,3646.4000
2017-09-08,3397.8500,3435.8500,3371.9000,3383.4000
2017-09-10,3713.8500,3747.9000,3698.7500,3717.8500
2017-09-11,3658.2500,3695.5000,3638.6500,3675.0000
2017-09-12,3696.6500,3738.6500,3693.8000,3711.0500
2017-09-13,3708.3000,3723.8500,3659.1000,3671.1500
2017-09-14,3673.6000,3705.2000,3627.0000,3650.4000
2017-09-15,3632.6500,3670.5000,3606.2500,3663.3000
2017-09-18,3672.6000,3700.1500,3666.5000,3689.7500
2017-09-19,3690.1500,3698.3000,3653.3500,3663.2000
2017-09-20,3670.6500,3688.2500,3642.0500,3660.5500
2017-09-21,3669.6000,3679.2500,3579.7000,3638.8000
2017-09-22,3618.9000,3618.9000,3479.0000,3491.8000
2017-09-25,3494.8000,3500.8500,3366.1500,3450.1000
2017-09-26,3459.6000,3541.0000,3447.6000,3533.0500
2017-09-27,3548.2500,3549.4500,3453.0500,3477.2000
2017-09-28,3483.6000,3523.9000,3457.5500,3501.5500
2017-09-29,3525.3500,3569.9500,3520.8000,3550.3000
2017-10-01,2799.9000,2838.4000,2797.0000,2833.9000
2017-10-02,3108.2000,3110.8500,3063.6000,3075.4500
2017-10-03,3064.6500,3077.5500,3022.6500,3034.6500
2017-10-04,3120.8500,3143.3500,3110.3500,3138.4500
2017-10-05,3590.8500,3616.0000,3584.3500,3598.4000
2017-10-06,3614.8500,3719.2000,3614.4000,3711.5000
2017-10-07,3104.1500,3139.6500,3046.8000,3129.9000
2017-10-08,3374.0500,3403.9500,3288.4000,3328.6500
2017-10-09,3713.8500,3747.9000,3698.7500,3717.8500
2017-10-10,3737.7500,3749.5000,3691.5500,3721.5500
2017-10-11,3839.4000,3893.5500,3814.8000,3865.7000
2017-10-12,3681.2500,3748.6500,3661.0500,3741.4500
2017-10-13,3759.9000,3808.1000,3753.6000,3784.5500
2017-10-16,3804.7500,3860.2500,3804.1500,3855.4500
2017-10-17,3861.5500,3875.3500,3835.9000,3868.1500
2017-10-18,3877.7500,3885.0000,3842.8500,3853.7000
2017-10-19,3853.9000,3854.0000,3808.0500,3819.9000
2017-10-23,3830.7000,3871.7000,3823.0500,3843.2000
2017-10-24,3848.9500,3904.5000,3844.8500,3858.3000
2017-10-25,3887.8000,3897.3500,3825.4500,3872.5500
2017-10-26,3882.3500,3960.2000,3875.4000,3951.9500
2017-10-27,3974.3500,3982.4500,3930.9000,3945.3000
2017-10-30,3959.0000,3984.5500,3936.0000,3944.0500
2017-10-31,3941.0000,3951.2000,3853.7000,3876.5500
2017-11-01,2855.2000,2963.0500,2853.9000,2954.8000
2017-11-02,3950.6000,3950.9500,3909.4500,3941.0000
2017-11-03,3969.1000,3979.7500,3917.6000,3938.4000
2017-11-04,3114.4000,3114.9500,3080.1500,3092.0500
2017-11-05,2929.0500,2947.4000,2911.5500,2915.3500
2017-11-06,3926.3000,3972.6000,3892.7000,3951.7500
2017-11-07,3977.6000,3979.9500,3863.8000,3885.5500
2017-11-08,3890.9000,3910.3500,3806.2000,3832.0000
2017-11-09,3857.8000,3871.0000,3802.5500,3849.7500
2017-11-10,3839.4000,3893.5500,3814.8000,3865.7000
2017-11-12,3656.5500,3669.4500,3620.6000,3649.7500
2017-11-13,3855.5500,3860.3000,3785.0500,3792.5000
2017-11-14,3790.2500,3821.1000,3766.1000,3772.7500
2017-11-15,3750.3000,3750.3500,3641.2500,3660.9500
2017-11-16,3679.5500,3708.6500,3647.6000,3697.8500
2017-11-17,3735.2000,3801.8500,3734.8000,3767.8500
2017-11-20,3767.2000,3824.3000,3727.9500,3817.2500
2017-11-21,3837.1500,3855.0500,3803.0500,3822.4000
2017-11-22,3840.0000,3845.1000,3785.2500,3797.2500
2017-11-23,3800.4000,3830.9500,3749.1500,3787.4000
2017-11-24,3790.0500,3790.1500,3752.6500,3765.9000
2017-11-27,3752.9500,3765.9000,3723.8500,3739.7500
2017-11-28,3738.4000,3778.4500,3718.4000,3735.8500
2017-11-29,3743.4500,3756.8000,3712.2000,3721.9000
2017-11-30,3701.6000,3718.6500,3668.6000,3678.3500
2017-12-01,2963.9500,2971.8500,2916.9500,2958.5500
2017-12-04,3102.6000,3126.3500,3067.1000,3071.2000
2017-12-05,2925.5500,2935.9000,2889.1000,2912.0500
2017-12-06,2991.2500,3022.4500,2973.7000,2986.9500
2017-12-07,3538.3000,3601.5000,3530.4500,3594.9000
2017-12-08,3617.3000,3680.7000,3607.8000,3643.5000
2017-12-09,3696.6500,3738.6500,3693.8000,3711.0500
2017-12-10,3681.2500,3748.6500,3661.0500,3741.4500
2017-12-11,3656.5500,3669.4500,3620.6000,3649.7500
2017-12-12,3649.7000,3699.1000,3613.2500,3619.3000
2017-12-13,3624.9000,3626.9000,3542.5000,3563.3000
2017-12-14,3579.3500,3590.3000,3526.3000,3570.9500
2017-12-15,3625.4000,3672.9000,3622.8500,3665.9000
2017-12-18,3638.7500,3778.6000,3552.8000,3726.9000
2017-12-19,3752.8000,3789.6000,3745.0000,3781.3000
2017-12-20,3803.8000,3832.7500,3763.9500,3806.4000
2017-12-21,3821.2000,3846.4000,3813.6000,3839.8500
2017-12-22,3850.4500,3852.3500,3818.3500,3839.3000
2017-12-26,3858.4500,3891.9500,3853.8000,3885.8000
2017-12-27,3890.7000,3909.1000,3855.1000,3879.4000
2017-12-28,3894.1500,3976.3000,3894.1500,3959.9500
2017-12-29,3974.5000,3985.5000,3916.0500,3940.1500
2018-01-01,3942.6500,3980.7000,3908.8000,3919.2000
2018-01-02,3942.7000,3947.6500,3874.8500,3942.8500
2018-01-03,3965.7000,4015.4500,3964.8500,4000.2000
2018-01-04,4018.3000,4123.8500,3990.9500,4112.0000
2018-01-05,4130.9500,4181.6500,4119.7000,4130.4000
2018-01-06,3578.2000,3645.1000,3554.4500,3568.4000
2018-01-08,4147.6500,4176.4500,4127.4000,4166.3500
2018-01-09,4197.9000,4207.6000,4155.3500,4166.6000
2018-01-10,3464.0500,3536.1000,3395.6000,3528.0500
2018-01-11,4174.1500,4181.3500,4149.6500,4163.7000
2018-01-12,4178.9000,4210.0000,4148.3000,4189.5000
2018-01-15,4206.7500,4256.4000,4184.4000,4195.7500
2018-01-16,4203.5500,4205.8000,4056.2000,4076.4000
2018-01-17,4079.6000,4129.2000,4005.3000,4117.6500
2018-01-18,4133.5500,4136.5000,3965.8000,3998.8500
2018-01-19,4002.0000,4043.9000,3957.6500,4033.4000
2018-01-22,4044.5000,4045.6500,3985.1000,4006.1500
2018-01-23,4015.2500,4218.7000,4015.2500,4169.0000
2018-01-24,4160.4000,4160.5500,4086.5000,4097.3500
2018-01-25,4108.4000,4184.2000,4107.1500,4135.1500
2018-01-29,4154.4500,4216.6500,4122.1000,4140.8500
2018-01-30,4130.6000,4137.8000,4091.1000,4116.2500
2018-01-31,4117.6500,4144.8000,4043.4500,4065.8500
2018-02-01,4082.9000,4108.2000,3957.0500,4071.4000
2018-02-02,4031.6000,4077.0000,3915.4500,3948.3000
2018-02-04,3543.4500,3548.4500,3499.0500,3539.5500
2018-02-05,3770.1000,3771.2500,3637.8000,3645.2500
2018-02-06,3748.7000,3922.9500,3718.3500,3862.0000
2018-02-07,3448.0000,3450.8000,3328.0000,3378.6000
2018-02-08,3313.1000,3352.1000,3265.8000,3327.7500
2018-02-09,3852.1500,4004.5000,3844.4000,3986.4000
2018-02-11,3368.9500,3469.7000,3357.9500,3439.2500
2018-02-12,4063.7500,4063.7500,4014.3500,4028.9500
2018-02-14,4066.2000,4076.3000,4006.6000,4024.7500
2018-02-15,4054.1000,4113.1000,4035.4500,4052.5500
2018-02-16,4089.2500,4097.2000,3962.2500,3991.6000
2018-02-19,4005.0500,4011.6000,3861.1000,3923.4000
2018-02-20,3934.4500,3990.7000,3917.7000,3966.5000
2018-02-21,3986.4000,3990.6000,3879.4500,3912.1000
2018-02-22,3891.4500,3931.3000,3863.3500,3904.3000
2018-02-23,3920.9500,4037.1000,3915.0500,4028.8000
2018-02-26,4049.7000,4091.5500,4048.1000,4071.9500
2018-02-27,4086.7500,4102.2500,4026.5500,4037.2500
2018-02-28,3997.6000,4013.5500,3970.0500,3994.3500
2018-03-01,3989.8500,4039.7000,3950.5000,3960.9000
2018-03-04,3508.1500,3567.9000,3499.3000,3559.8500
2018-03-05,3911.8500,3911.8500,3806.2000,3830.8000
2018-03-06,3871.0500,3923.9000,3801.4500,3816.9000
2018-03-07,3372.1000,3389.0000,3330.7500,3366.1500
2018-03-08,3338.8000,3386.7000,3335.0500,3380.8500
2018-03-09,3658.5500,3692.1000,3641.3500,3656.7000
2018-03-10,3523.9500,3648.6500,3505.9000,3592.0000
2018-03-12,3225.8500,3262.9000,3221.2000,3227.8500
2018-03-13,3752.9500,3798.5000,3717.3500,3786.9000
2018-03-14,3757.0500,3790.7000,3742.4000,3765.3500
2018-03-15,3765.4500,3782.7000,3739.7000,3753.6000
2018-03-16,3721.1000,3732.9000,3648.9500,3664.5000
2018-03-19,3672.8500,3676.9000,3546.9000,3566.8000
2018-03-20,3479.3500,3584.6000,3476.9000,3555.4500
2018-03-21,3582.7000,3596.9000,3522.9000,3539.1000
2018-03-22,3547.9500,3572.3500,3518.0500,3550.4000
2018-03-23,3454.7000,3470.8500,3409.7000,3447.5500
2018-03-26,3451.8500,3540.0500,3415.4500,3521.3500
2018-03-27,3565.0500,3595.4000,3544.6500,3585.7000
2018-03-28,3550.3000,3552.9000,3501.6000,3512.5500
2018-04-01,4018.3000,4123.8500,3990.9500,4112.0000
2018-04-02,3543.4500,3548.4500,3499.0500,3539.5500
2018-04-03,3508.1500,3567.9000,3499.3000,3559.8500
2018-04-04,3574.9500,3597.2000,3456.4000,3468.3500
2018-04-05,3536.1000,3614.0000,3533.9500,3609.2500
2018-04-06,3577.3500,3617.2500,3567.1500,3604.0500
2018-04-07,3366.1000,3381.6500,3317.2000,3370.4500
2018-04-09,3607.9000,3654.1500,3602.4500,3609.5500
2018-04-10,3678.8500,3692.6500,3649.3000,3683.3500
2018-04-11,3734.3000,3748.0500,3703.8500,3742.0000
2018-04-12,3213.7000,3242.2500,3204.8500,3236.5500
2018-04-13,3710.0500,3745.7000,3698.7500,3725.4500
2018-04-16,3707.0000,3739.2000,3696.5000,3731.5000
2018-04-17,3752.3500,3783.7500,3724.8000,3735.5500
2018-04-18,3750.9000,3764.5000,3727.3500,3750.5000
2018-04-19,3797.0000,3944.1000,3794.9500,3920.1500
2018-04-20,3869.3500,3902.0500,3831.8500,3891.4500
2018-04-23,3893.2000,3907.1000,3854.6500,3861.5500
2018-04-24,3759.8000,3801.2000,3733.2000,3787.6000
2018-04-25,3779.5500,3784.2500,3724.9500,3736.2000
2018-04-26,3745.8000,3773.7500,3715.2000,3737.5000
2018-04-27,3759.1000,3781.4000,3740.1500,3763.8500
2018-04-30,3771.9000,3814.3000,3742.0000,3774.8500
2018-05-01,4130.9500,4181.6500,4119.7000,4130.4000
2018-05-02,3770.1000,3771.2500,3637.8000,3645.2500
2018-05-03,3911.8500,3911.8500,3806.2000,3830.8000
2018-05-04,3680.1000,3684.0500,3628.5500,3633.6000
2018-05-06,3571.6000,3576.2000,3519.2000,3553.5500
2018-05-07,3661.1000,3700.4000,3636.1500,3695.9500
2018-05-08,3708.9000,3725.7000,3665.6500,3689.1000
2018-05-09,3567.2000,3629.1000,3538.3000,3623.2000
2018-05-10,3705.9500,3710.9000,3640.8500,3655.7000
2018-05-11,3677.2500,3716.9000,3650.3500,3712.8000
2018-05-12,3199.5500,3204.2000,3112.0000,3119.6000
2018-05-14,3717.9000,3730.5000,3684.2000,3702.0500
2018-05-15,3701.6000,3778.9000,3695.3000,3711.5500
2018-05-16,3706.4500,3732.2500,3664.2000,3696.1500
2018-05-17,3734.0500,3734.4500,3642.8000,3679.3500
2018-05-18,3686.7000,3703.3000,3582.9000,3590.6500
2018-05-21,3594.5000,3621.3000,3523.9000,3530.3500
2018-05-22,3539.9500,3596.8500,3506.4500,3592.9000
2018-05-23,3570.1000,3570.1000,3448.0500,3458.3500
2018-05-24,3475.8500,3504.6500,3420.4500,3491.6500
2018-05-25,3497.1000,3581.5000,3475.6500,3567.4000
2018-05-28,3585.6000,3614.8500,3563.1000,3604.7000
2018-05-29,3568.8000,3635.6000,3552.6000,3606.9500
2018-05-30,3558.5500,3622.6500,3553.0000,3610.1500
2018-05-31,3626.9000,3652.8500,3582.6500,3593.6500
2018-06-01,3578.2000,3645.1000,3554.4500,3568.4000
2018-06-02,3748.7000,3922.9500,3718.3500,3862.0000
2018-06-03,3871.0500,3923.9000,3801.4500,3816.9000
2018-06-04,3577.3500,3617.2500,3567.1500,3604.0500
2018-06-05,3571.6000,3576.2000,3519.2000,3553.5500
2018-06-06,3557.2500,3626.5000,3553.5000,3619.6000
2018-06-07,3304.5000,3370.4000,3275.1500,3322.0500
2018-06-08,3399.9000,3423.7000,3387.8000,3405.7000
2018-06-09,3647.1000,3656.1000,3596.7500,3632.2000
2018-06-11,3458.6500,3480.3500,3410.9500,3438.9500
2018-06-12,3090.2000,3119.4000,3041.8500,3085.4000
2018-06-13,3630.5000,3641.3500,3605.6500,3612.8500
2018-06-14,3603.6500,3636.6500,3583.7000,3597.1000
2018-06-15,3603.7000,3609.1000,3522.8000,3541.9500
2018-06-18,3524.0500,3524.0500,3442.1000,3480.4500
2018-06-19,3457.4000,3490.6500,3400.6000,3425.7000
2018-06-20,3431.4000,3467.3000,3424.4000,3459.6500
2018-06-21,3472.5500,3472.6000,3412.3000,3422.4500
2018-06-22,3419.6000,3438.9500,3398.3500,3431.5500
2018-06-25,3424.6000,3465.3500,3386.8500,3397.4500
2018-06-26,3383.8500,3420.1500,3359.6000,3384.4000
2018-06-27,3394.1500,3394.7000,3329.0000,3341.8000
2018-06-28,3345.3500,3368.7500,3317.6000,3346.5000
2018-06-29,3353.0500,3448.1500,3352.7500,3440.1500
2018-07-02,3448.0000,3450.8000,3328.0000,3378.6000
2018-07-03,3795.9500,3803.8500,3739.6500,3772.9500
2018-07-04,3366.1000,3381.6500,3317.2000,3370.4500
2018-07-05,3358.1000,3358.1000,3302.3000,3322.4500
2018-07-06,3304.5000,3370.4000,3275.1500,3322.0500
2018-07-08,3422.4500,3463.0000,3385.5500,3445.2500
2018-07-09,3361.9000,3385.8000,3350.7500,3366.3500
2018-07-10,3378.7000,3427.0000,3372.6500,3422.3500
2018-07-11,3396.2500,3396.2500,3309.0500,3317.1500
2018-07-12,3335.1000,3375.1000,3295.2500,3300.3500
2018-07-13,3322.5000,3323.6500,3275.8000,3286.6000
2018-07-16,3288.4000,3288.6000,3163.1500,3168.1000
2018-07-17,3163.6500,3240.0000,3135.6500,3222.6500
2018-07-18,3239.6000,3244.4000,3116.8000,3121.1000
2018-07-19,3138.7000,3170.6500,3079.6500,3104.6000
2018-07-20,3106.0500,3109.7500,3062.2500,3092.2000
2018-07-23,3102.9000,3151.6500,3068.8000,3139.3500
2018-07-24,3137.6000,3245.6000,3135.0500,3233.3000
2018-07-25,3255.1000,3291.3500,3246.3000,3262.0500
2018-07-26,3272.7000,3276.9000,3230.6500,3235.3500
2018-07-27,3263.6500,3309.8000,3259.8500,3297.7000
2018-07-30,3307.9500,3334.1500,3298.2000,3320.3000
2018-07-31,3319.0500,3345.5500,3282.1500,3335.1000
2018-08-01,4147.6500,4176.4500,4127.4000,4166.3500
2018-08-02,3872.9500,3966.7500,3844.7000,3936.4500
2018-08-03,3338.8000,3386.7000,3335.0500,3380.8500
2018-08-05,3708.9000,3725.7000,3665.6500,3689.1000
2018-08-06,3658.0500,3681.4500,3623.2000,3658.5500
2018-08-07,3422.4500,3463.0000,3385.5500,3445.2500
2018-08-08,3469.5500,3487.3500,3440.2500,3453.6000
2018-08-09,3475.6000,3511.9000,3447.2500,3501.7500
2018-08-10,3408.2500,3435.1500,3234.9000,3339.4500
2018-08-13,3412.4500,3443.3500,3379.4000,3405.8000
2018-08-14,3427.5000,3444.0000,3392.6000,3414.6000
2018-08-16,3356.1500,3370.5000,3329.6500,3337.0500
2018-08-17,3368.6500,3412.0500,3365.2500,3394.1000
2018-08-20,3412.2500,3483.8500,3408.5500,3478.9000
2018-08-21,3498.0500,3498.1500,3456.9500,3466.9500
2018-08-23,3470.6500,3470.9500,3402.3500,3416.8000
2018-08-24,3400.6500,3484.5000,3394.0500,3481.2000
2018-08-27,3515.6000,3554.2000,3510.2500,3532.8500
2018-08-28,3555.0000,3603.9000,3533.1500,3597.2000
2018-08-29,3609.6500,3681.6000,3605.7000,3634.3000
2018-08-30,3641.5000,3687.3500,3633.0500,3665.3000
2018-08-31,3663.0500,3684.8500,3627.2000,3643.4500
2018-09-01,4197.9000,4207.6000,4155.3500,4166.6000
2018-09-02,3852.1500,4004.5000,3844.4000,3986.4000
2018-09-03,3658.5500,3692.1000,3641.3500,3656.7000
2018-09-04,3607.9000,3654.1500,3602.4500,3609.5500
2018-09-05,3692.1500,3747.2000,3686.8500,3691.6500
2018-09-06,3647.1000,3656.1000,3596.7500,3632.2000
2018-09-07,3361.9000,3385.8000,3350.7500,3366.3500
2018-09-08,3475.6000,3511.9000,3447.2500,3501.7500
2018-09-10,3354.4000,3423.6500,3331.0000,3373.7500
2018-09-11,3468.2000,3468.2000,3426.0000,3431.9000
2018-09-12,3588.0000,3641.5500,3542.6000,3631.4000
2018-09-14,3672.0000,3725.9000,3668.3000,3713.7000
2018-09-17,3697.6500,3733.1500,3665.6500,3705.4500
2018-09-18,3710.3500,3728.0500,3634.2500,3648.1000
2018-09-19,3673.4000,3727.4500,3672.0500,3691.8000
2018-09-21,3724.4000,3776.0500,3519.0000,3673.2500
2018-09-24,3683.6500,3723.6500,3612.7000,3631.7000
2018-09-25,3629.9500,3645.6500,3555.1500,3631.8000
2018-09-26,3658.5500,3714.2500,3621.4000,3693.9500
2018-09-27,3705.0500,3724.7500,3652.1500,3669.7000
2018-09-28,3680.9000,3689.8500,3471.6000,3485.3500
2018-10-01,3464.0500,3536.1000,3395.6000,3528.0500
2018-10-03,3523.9500,3648.6500,3505.9000,3592.0000
2018-10-04,3678.8500,3692.6500,3649.3000,3683.3500
2018-10-05,3546.8000,3572.8500,3409.8000,3444.6500
2018-10-07,3378.7000,3427.0000,3372.6500,3422.3500
2018-10-08,3511.1500,3512.7500,3423.5000,3434.7500
2018-10-09,3716.5500,3727.4000,3627.5500,3636.8500
2018-10-10,3380.4500,3455.9000,3380.0000,3438.6500
2018-10-11,3321.0000,3376.4500,3275.3000,3306.5000
2018-10-12,3340.7000,3448.8000,3337.2000,3438.1000
2018-10-15,3455.6500,3456.4500,3393.1500,3423.5000
2018-10-16,3436.1500,3474.3500,3421.2500,3431.6000
2018-10-17,3468.8000,3472.8500,3355.2000,3362.9500
2018-10-19,3340.3500,3403.6000,3296.7500,3365.0000
2018-10-22,3397.0000,3402.9500,3320.2000,3339.6500
2018-10-23,3316.4500,3353.0500,3281.6000,3312.7500
2018-10-24,3346.8500,3360.6000,3300.8500,3347.8500
2018-10-25,3311.9500,3323.2000,3261.1000,3306.8000
2018-10-26,3314.4500,3322.2500,3230.6500,3283.9000
2018-10-29,3302.4500,3379.6000,3266.9500,3369.5000
2018-10-30,3377.0500,3380.7500,3327.7500,3333.0500
2018-10-31,3303.9500,3317.5000,3221.8000,3296.9500
2018-11-01,3309.6500,3351.6500,3292.7500,3338.3500
2018-11-02,3368.9500,3469.7000,3357.9500,3439.2500
2018-11-04,3734.3000,3748.0500,3703.8500,3742.0000
2018-11-05,3438.4000,3478.2500,3411.4000,3441.9000
2018-11-06,3661.3500,3685.3500,3640.4000,3644.8000
2018-11-07,3396.2500,3396.2500,3309.0500,3317.1500
2018-11-09,3656.8000,3663.7500,3559.2500,3578.3000
2018-11-10,3321.0000,3376.4500,3275.3000,3306.5000
2018-11-12,2993.3000,3064.6000,2985.0500,3055.3500
2018-11-13,3384.7500,3414.5500,3364.2000,3410.5500
2018-11-14,3444.5000,3450.5500,3369.7500,3382.1500
2018-11-15,3385.5000,3425.8000,3353.7500,3407.9000
2018-11-16,3410.5500,3414.2000,3345.1000,3354.6000
2018-11-19,3371.5500,3403.8000,3365.6500,3395.3500
2018-11-20,3379.8000,3381.3000,3290.7000,3299.2000
2018-11-21,3291.2500,3291.2500,3258.0500,3272.7000
2018-11-22,3281.4000,3286.4500,3207.5000,3214.7500
2018-11-26,3226.0500,3226.2000,3120.4500,3172.3000
2018-11-27,3157.0000,3189.8500,3092.2000,3148.9500
2018-11-28,3156.9500,3165.5500,3109.1000,3117.4000
2018-11-29,3156.4000,3190.6000,3141.1500,3177.2500
2018-11-30,3187.1000,3190.6000,3140.4000,3163.7500
2018-12-01,4178.9000,4210.0000,4148.3000,4189.5000
2018-12-02,4063.7500,4063.7500,4014.3500,4028.9500
2018-12-03,3225.8500,3262.9000,3221.2000,3227.8500
2018-12-04,3732.6000,3733.5000,3681.2000,3690.4500
2018-12-05,3199.5500,3204.2000,3112.0000,3119.6000
2018-12-06,3646.3000,3650.0500,3611.7500,3628.9500
2018-12-07,3335.1000,3375.1000,3295.2500,3300.3500
2018-12-09,3588.0000,3641.5500,3542.6000,3631.4000
2018-12-10,3340.7000,3448.8000,3337.2000,3438.1000
2018-12-11,2993.3000,3064.6000,2985.0500,3055.3500
2018-12-12,3072.2500,3139.6500,3068.3500,3133.0500
2018-12-13,3164.3000,3164.3000,3094.0500,3114.0000
2018-12-14,3102.2000,3134.8000,3085.5500,3112.3500
2018-12-17,3161.3500,3181.8500,3148.4500,3175.1000
2018-12-18,3167.0500,3207.8500,3160.0500,3198.1500
2018-12-19,3211.7000,3222.7000,3190.3000,3211.1500
2018-12-20,3177.0000,3189.4500,3158.0500,3177.9000
2018-12-21,3186.2000,3208.5000,3153.5500,3162.3000
2018-12-24,3158.0500,3158.8500,3085.1000,3089.8500
2018-12-26,3070.2500,3110.5000,3049.6000,3098.4500
2018-12-27,3133.5500,3144.5500,3080.3000,3089.0000
2018-12-28,3083.1500,3121.1000,3082.6000,3112.2000
2018-12-31,3137.2500,3167.2500,3133.7500,3154.6000
2019-01-01,3162.2500,3164.0500,3122.4000,3135.2500
2019-01-02,2867.9000,2867.9000,2777.3000,2815.6500
2019-01-03,2899.5000,2925.6500,2895.0000,2922.7000
2019-01-04,3084.6500,3145.9500,3082.4000,3102.3000
2019-01-07,3002.6000,3022.4500,2959.5000,2977.9500
2019-01-08,3000.5500,3021.3500,2987.6000,3010.3000
2019-01-09,3020.4000,3031.7000,2951.9000,2975.5000
2019-01-10,2441.5500,2449.7500,2352.5500,2397.0500
2019-01-11,2494.8500,2568.3500,2483.5000,2561.7500
2019-01-14,2969.7000,2969.7500,2930.1000,2939.3500
2019-01-15,2953.3000,2989.7500,2937.0000,2986.3000
2019-01-16,2997.6500,3003.9500,2963.1500,2967.0500
2019-01-17,2974.9000,2981.6500,2948.1000,2963.0500
2019-01-18,2969.7500,2980.3000,2940.7500,2957.1000
2019-01-21,2967.2000,2975.4000,2938.7500,2945.8000
2019-01-22,2936.0500,2936.0500,2864.5000,2880.6500
2019-01-23,2881.3000,2921.2000,2877.3500,2896.9000
2019-01-24,2899.9500,2902.1000,2864.1500,2893.5000
2019-01-25,2905.9500,2921.6000,2846.9500,2857.5500
2019-01-28,2859.2000,2862.2000,2802.3500,2827.1500
2019-01-29,2823.7500,2846.3500,2803.7500,2828.3500
2019-01-30,2835.0500,2892.3500,2830.8000,2882.0500
2019-01-31,2899.8500,2920.3500,2875.6000,2915.8500
2019-02-01,3095.5500,3097.1000,3021.6500,3028.4500
2019-02-04,2814.3000,2815.9000,2737.2500,2794.4500
2019-02-05,2791.7500,2806.6000,2749.2500,2768.3000
2019-02-06,2776.3500,2842.5000,2741.2500,2832.9500
2019-02-07,2829.8500,2855.0500,2806.6000,2835.8000
2019-02-08,2821.6500,2826.9000,2731.7000,2740.5000
2019-02-11,2739.6000,2756.1000,2675.5000,2725.2000
2019-02-12,2724.4000,2805.2000,2713.0000,2767.9500
2019-02-13,2785.4000,2796.4500,2733.9500,2741.7000
2019-02-14,2727.0000,2741.6000,2678.0000,2733.6500
2019-02-15,2739.5000,2740.6500,2653.7500,2677.1000
2019-02-18,2681.6000,2696.2500,2649.2500,2652.0000
2019-02-19,2654.4500,2725.2500,2654.2000,2689.7000
2019-02-20,2701.1500,2772.5500,2701.1500,2765.0000
2019-02-21,2775.5000,2805.6000,2760.6500,2796.1500
2019-02-22,2796.7500,2846.7000,2774.6000,2842.2000
2019-02-25,2854.1000,2871.3000,2826.3500,2852.1000
2019-02-26,2808.7500,2871.0500,2777.3000,2854.9000
2019-02-27,2874.4000,2893.1500,2827.4000,2846.8500
2019-02-28,2862.3500,2892.0500,2845.2500,2871.6000
2019-03-01,3030.9000,3031.1500,2956.2000,2960.4000
2019-03-04,3106.4000,3135.3500,3077.7000,3085.0000
2019-03-05,2927.6500,3005.5500,2918.7000,3000.2000
2019-03-06,3018.4500,3035.7000,3004.0500,3021.3000
2019-03-07,2991.1000,3007.5500,2968.1500,2992.1500
2019-03-08,2967.8500,2975.6000,2938.0500,2947.9500
2019-03-09,2269.7000,2270.4000,2211.1000,2218.9500
2019-03-10,2368.9500,2370.9000,2316.5000,2326.5500
2019-03-11,2967.6000,3033.9500,2961.9000,3028.8500
2019-03-12,3052.8000,3065.8000,3036.6500,3043.0500
2019-03-13,3041.4000,3042.4500,2977.4000,2985.7500
2019-03-14,2993.0000,3021.2500,2982.3000,3002.0500
2019-03-15,2996.9000,3015.1500,2973.3500,3008.2500
2019-03-18,3017.9000,3032.4000,2988.9500,3028.4000
2019-03-19,3033.6500,3055.2000,3014.6500,3027.4000
2019-03-20,3037.6500,3038.2500,2988.0000,2996.1000
2019-03-22,2986.0000,3009.8000,2976.1500,2983.2000
2019-03-25,2956.0000,2956.4000,2920.6000,2949.6500
2019-03-26,2957.4500,2989.9000,2956.6000,2980.6000
2019-03-27,2992.8500,3006.2000,2972.7500,2982.1000
2019-03-28,2980.9000,2989.6000,2967.7500,2973.7000
2019-03-29,2995.1500,3053.1500,2990.1500,3044.1500
2019-04-01,3084.6500,3145.9500,3082.4000,3102.3000
2019-04-02,3122.8500,3122.8500,3072.1000,3089.1000
2019-04-03,3106.4000,3135.3500,3077.7000,3085.0000
2019-04-04,3082.9000,3091.3500,3052.3000,3071.9000
2019-04-05,3082.1000,3140.0500,3073.4500,3132.3500
2019-04-06,2942.1000,2973.6000,2937.8500,2956.4000
2019-04-07,2983.5500,2991.5000,2957.3500,2962.5000
2019-04-08,3153.8000,3162.2000,3092.7500,3101.7000
2019-04-09,2219.9500,2259.4000,2198.8500,2254.6500
2019-04-10,3121.2500,3156.3500,3098.7000,3105.2000
2019-04-11,3099.4000,3110.3000,3058.4500,3067.4500
2019-04-12,3072.5500,3083.8000,3050.7000,3071.6000
2019-04-15,3090.7000,3152.9500,3087.8000,3141.3500
2019-04-16,3154.4500,3177.4000,3143.7000,3149.9000
2019-04-18,3155.5500,3158.3000,3085.4000,3109.8500
2019-04-22,3105.6500,3113.0500,3048.2500,3054.1000
2019-04-23,3054.7500,3077.8500,3038.6500,3042.0000
2019-04-24,3050.3500,3057.3000,3009.3000,3047.7500
2019-04-25,3044.4000,3060.9000,2985.0000,2991.1000
2019-04-26,3016.9500,3073.0000,3007.2500,3046.6500
2019-04-30,3048.9000,3099.4500,2996.4000,3089.1000
2019-05-02,2791.7500,2806.6000,2749.2500,2768.3000
2019-05-03,2927.6500,3005.5500,2918.7000,3000.2000
2019-05-04,3082.1000,3140.0500,3073.4500,3132.3500
2019-05-06,3011.7500,3034.3000,3004.7500,3018.7500
2019-05-07,2966.7500,2971.0500,2843.9000,2851.2500
2019-05-08,2428.2000,2439.4500,2362.7500,2415.3500
2019-05-09,2959.4500,2973.0000,2905.1000,2917.1000
2019-05-10,2928.9500,2944.2000,2855.0500,2872.5000
2019-05-11,2667.0000,2673.7500,2609.2000,2616.9500
2019-05-12,2605.7000,2611.2000,2535.8500,2543.9500
2019-05-13,2862.6000,2868.3000,2805.5000,2820.8500
2019-05-14,2801.5000,2852.1500,2787.9500,2837.9000
2019-05-15,2845.2000,2863.3000,2767.0000,2778.4000
2019-05-16,2788.2000,2819.6500,2760.3500,2810.8500
2019-05-17,2800.7000,2821.7000,2779.2000,2807.2500
2019-05-20,2875.0000,2927.7000,2856.6500,2899.1500
2019-05-21,2912.5500,2913.0000,2839.2000,2854.2500
2019-05-22,2852.2000,2879.1500,2826.4000,2864.4500
2019-05-23,2904.8000,2910.3500,2811.1500,2822.0000
2019-05-24,2839.4500,2910.6000,2804.3500,2904.3000
2019-05-27,2898.4500,2972.5500,2887.4000,2965.7000
2019-05-28,2972.0000,3020.8500,2969.3000,2992.9500
2019-05-29,2985.1000,2986.8500,2927.8500,2937.3000
2019-05-30,2939.1000,2946.6500,2914.3000,2924.5000
2019-05-31,2953.5500,2965.6500,2875.1000,2900.4000
2019-06-02,2776.3500,2842.5000,2741.2500,2832.9500
2019-06-03,2905.0000,2956.8000,2886.3000,2951.2500
2019-06-04,2942.1000,2973.6000,2937.8500,2956.4000
2019-06-05,3011.7500,3034.3000,3004.7500,3018.7500
2019-06-06,2959.4500,2966.9000,2911.8000,2923.0500
2019-06-07,2921.2500,2952.1500,2892.7000,2906.9500
2019-06-08,2385.5000,2466.5000,2385.1000,2448.0500
2019-06-09,2324.6500,2366.5000,2295.5000,2357.7000
2019-06-10,2935.3500,2954.1000,2890.6000,2912.2500
2019-06-11,2613.9000,2656.7000,2608.8000,2633.4500
2019-06-12,2551.0500,2571.5000,2516.5500,2535.8500
2019-06-13,2956.6000,2960.6500,2914.8000,2955.9500
2019-06-14,2946.1500,2975.5500,2926.2500,2944.9000
2019-06-17,2940.9000,2941.3500,2855.3500,2860.5000
2019-06-18,2861.9000,2892.0500,2838.3000,2874.9000
2019-06-19,2906.8500,2935.4000,2856.8000,2886.3000
2019-06-20,2884.1000,2944.1000,2870.3500,2940.1000
2019-06-21,2932.7000,2952.6000,2919.6500,2930.2000
2019-06-24,2932.8500,2949.6000,2887.0500,2892.4500
2019-06-25,2862.5500,2946.6000,2854.9000,2942.6500
2019-06-26,2927.2500,3028.9000,2924.1500,3022.9500
2019-06-27,3027.5000,3044.5000,3004.6500,3014.2000
2019-06-28,3014.7000,3024.5500,2960.3500,2980.2000
2019-07-01,3040.6500,3055.3000,2991.4500,2997.1000
2019-07-02,2978.3500,2998.8500,2958.4000,2993.3500
2019-07-03,2991.1000,3007.5500,2968.1500,2992.1500
2019-07-04,2983.5500,2991.5000,2957.3500,2962.5000
2019-07-05,2966.7500,2971.0500,2843.9000,2851.2500
2019-07-06,2921.2500,2952.1500,2892.7000,2906.9500
2019-07-08,2831.5500,2854.2500,2782.1000,2791.2000
2019-07-09,2791.6500,2811.5500,2770.7500,2788.0500
2019-07-10,2791.7000,2812.4500,2736.6000,2756.4500
2019-07-11,2792.1500,2812.2500,2765.7000,2805.2500
2019-07-12,2811.0000,2859.5500,2785.4000,2826.3000
2019-07-15,2831.0000,2833.5000,2783.0000,2823.0000
2019-07-16,2814.2000,2851.7000,2810.5500,2847.3500
2019-07-17,2842.5000,2859.4000,2827.9000,2848.8000
2019-07-18,2837.8500,2840.4000,2772.0000,2778.6000
2019-07-19,2795.4000,2807.9000,2734.0000,2741.8500
2019-07-22,2743.6500,2795.7000,2734.8500,2788.1000
2019-07-23,2792.2500,2796.9500,2765.9000,2778.7500
2019-07-24,2780.4000,2786.1000,2691.4500,2712.9500
2019-07-25,2718.0000,2736.2500,2678.0500,2686.4000
2019-07-26,2694.9500,2708.4000,2662.3500,2692.4500
2019-07-29,2686.8500,2689.1500,2603.3000,2611.9000
2019-07-30,2614.0000,2646.2000,2510.3500,2527.0000
2019-07-31,2513.5500,2595.9000,2495.4000,2588.1500
2019-08-01,2571.2000,2572.0500,2486.7000,2507.0500
2019-08-02,2474.7000,2494.9500,2430.3500,2459.1000
2019-08-03,2967.8500,2975.6000,2938.0500,2947.9500
2019-08-04,3153.8000,3162.2000,3092.7500,3101.7000
2019-08-05,2968.9000,2991.1000,2949.0000,2959.5000
2019-08-06,2385.5000,2466.5000,2385.1000,2448.0500
2019-08-07,2441.8500,2445.1500,2378.2000,2389.4500
2019-08-08,2391.2500,2425.1500,2355.7500,2418.8000
2019-08-09,2430.7000,2453.5000,2390.1000,2398.0000
2019-08-11,2652.1500,2669.9500,2607.2500,2612.9500
2019-08-13,2381.8500,2410.7500,2350.0500,2355.9000
2019-08-14,2381.7000,2423.6500,2367.7500,2411.0500
2019-08-16,2391.9500,2411.2000,2356.5000,2402.0500
2019-08-19,2413.7000,2420.7000,2384.9000,2391.3500
2019-08-20,2391.6500,2393.0500,2337.2000,2351.1500
2019-08-21,2340.3500,2342.4000,2277.2500,2283.2000
2019-08-22,2263.2000,2272.5500,2189.8500,2203.6000
2019-08-23,2191.4000,2290.1500,2183.2500,2278.6500
2019-08-26,2297.3000,2305.2500,2174.1000,2256.6500
2019-08-27,2275.8500,2314.2000,2262.6500,2303.9000
2019-08-28,2297.8000,2299.7000,2211.9000,2226.4500
2019-08-29,2212.9500,2274.7500,2196.1000,2254.3500
2019-08-30,2282.1500,2310.9000,2243.0000,2289.9500
2019-09-01,3020.4000,3031.7000,2951.9000,2975.5000
2019-09-03,2269.7000,2270.4000,2211.1000,2218.9500
2019-09-04,2219.9500,2259.4000,2198.8500,2254.6500
2019-09-05,2959.4500,2973.0000,2905.1000,2917.1000
2019-09-06,2324.6500,2366.5000,2295.5000,2357.7000
2019-09-07,2791.6500,2811.5500,2770.7500,2788.0500
2019-09-08,2430.7000,2453.5000,2390.1000,2398.0000
2019-09-09,2356.8500,2382.9000,2322.6000,2360.0500
2019-09-10,2262.8000,2325.6500,2252.3500,2317.7000
2019-09-11,2373.1000,2419.1000,2371.4500,2414.5500
2019-09-12,2423.6000,2452.5500,2403.8500,2410.6000
2019-09-13,2417.3500,2450.3500,2384.8000,2444.1000
2019-09-16,2418.8000,2447.6500,2414.5500,2440.5500
2019-09-17,2441.3500,2468.7000,2369.7000,2375.8500
2019-09-18,2387.8000,2415.7500,2373.4500,2402.6500
2019-09-19,2395.6500,2395.9500,2335.9000,2363.4500
2019-09-20,2374.7500,2519.4000,2338.9500,2497.6500
2019-09-23,2569.2500,2576.2500,2496.8500,2526.2000
2019-09-24,2528.4000,2528.4000,2481.1500,2485.1000
2019-09-25,2455.2000,2461.6000,2404.5000,2419.7500
2019-09-26,2427.8500,2529.9500,2422.5500,2520.4500
2019-09-27,2514.0000,2515.8000,2446.1000,2453.9500
2019-09-30,2428.6500,2444.0500,2385.1000,2439.8500
2019-10-01,2979.7000,2990.0500,2961.1500,2972.3500
2019-10-03,2368.9500,2370.9000,2316.5000,2326.5500
2019-10-04,3121.2500,3156.3500,3098.7000,3105.2000
2019-10-05,2928.9500,2944.2000,2855.0500,2872.5000
2019-10-06,2935.3500,2954.1000,2890.6000,2912.2500
2019-10-07,2305.7000,2316.7500,2264.9500,2269.9500
2019-10-09,2262.8000,2325.6500,2252.3500,2317.7000
2019-10-10,2300.6500,2309.9000,2278.7000,2283.3500
2019-10-11,2300.7500,2357.5000,2300.0000,2337.1000
2019-10-12,2549.0000,2556.6000,2510.7500,2515.9000
2019-10-14,2360.6500,2386.5000,2352.0000,2360.2000
2019-10-15,2354.4500,2425.8500,2331.4500,2397.0500
2019-10-16,2411.8000,2416.2500,2379.5500,2388.3000
2019-10-17,2369.5500,2424.7500,2352.1000,2410.9500
2019-10-18,2413.2500,2463.2500,2398.6500,2456.0000
2019-10-22,2453.0000,2478.4000,2430.1000,2442.8500
2019-10-23,2436.5000,2458.1000,2420.7500,2436.8500
2019-10-24,2435.2000,2453.4500,2414.8500,2419.5500
2019-10-25,2419.0500,2437.0000,2404.9000,2410.8500
2019-10-27,2425.1500,2436.5000,2416.1500,2421.9500
2019-10-29,2434.5000,2528.1000,2428.4000,2518.3000
2019-10-30,2534.4000,2534.4000,2502.6000,2514.2500
2019-10-31,2525.8000,2539.3000,2492.0000,2500.7500
2019-11-01,2494.8500,2568.3500,2483.5000,2561.7500
2019-11-02,2739.6000,2756.1000,2675.5000,2725.2000
2019-11-03,2967.6000,3033.9500,2961.9000,3028.8500
2019-11-04,2578.8500,2660.1000,2578.3500,2642.1500
2019-11-05,2667.0000,2673.7500,2609.2000,2616.9500
2019-11-06,2613.9000,2656.7000,2608.8000,2633.4500
2019-11-07,2645.3500,2677.8500,2596.7000,2659.0500
2019-11-08,2652.1500,2669.9500,2607.2500,2612.9500
2019-11-09,2373.1000,2419.1000,2371.4500,2414.5500
2019-11-10,2300.7500,2357.5000,2300.0000,2337.1000
2019-11-11,2610.1500,2622.4500,2598.5500,2610.1000
2019-11-12,2524.6500,2533.6000,2484.0000,2509.5500
2019-11-13,2617.9500,2637.8000,2546.8000,2556.6500
2019-11-14,2560.2000,2562.1000,2499.5000,2506.6000
2019-11-15,2512.6500,2529.0500,2491.0000,2498.8000
2019-11-18,2511.3500,2550.3000,2495.6000,2539.6500
2019-11-19,2547.1000,2549.2500,2512.4500,2517.9500
2019-11-20,2520.1000,2549.8500,2509.7500,2524.9000
2019-11-21,2524.6500,2524.6500,2466.6500,2470.4500
2019-11-22,2472.9000,2529.7000,2468.0000,2521.1500
2019-11-25,2535.0500,2608.9500,2533.3000,2602.0000
2019-11-26,2614.6000,2627.9000,2565.6500,2580.5500
2019-11-27,2585.1500,2616.8500,2583.4000,2602.8500
2019-11-28,2604.0000,2662.8000,2597.9000,2656.8500
2019-11-29,2644.9500,2668.3500,2608.4500,2625.5000
2019-12-02,2631.8500,2637.1000,2612.1500,2632.6500
2019-12-03,3052.8000,3065.8000,3036.6500,3043.0500
2019-12-04,3072.5500,3083.8000,3050.7000,3071.6000
2019-12-05,2605.7000,2611.2000,2535.8500,2543.9500
2019-12-06,2950.8500,2997.2000,2942.7500,2962.1000
2019-12-07,2811.0000,2859.5500,2785.4000,2826.3000
2019-12-09,2423.6000,2452.5500,2403.8500,2410.6000
2019-12-10,2549.0000,2556.6000,2510.7500,2515.9000
2019-12-11,2524.6500,2533.6000,2484.0000,2509.5500
2019-12-12,2525.4000,2580.5500,2518.5000,2568.8000
2019-12-13,2620.3000,2645.3000,2607.5500,2626.7500
2019-12-16,2640.5500,2642.5000,2586.6500,2591.1000
2019-12-17,2603.9000,2677.2500,2600.9500,2665.7500
2019-12-18,2667.7500,2704.6000,2648.8500,2687.6500
2019-12-19,2678.8500,2697.6500,2667.7500,2691.1000
2019-12-20,2693.3500,2724.6500,2684.3000,2707.5000
2019-12-23,2711.0000,2738.0000,2694.5500,2706.3500
2019-12-24,2716.5000,2734.1500,2709.6000,2723.1500
2019-12-26,2725.1000,2754.9500,2721.1000,2739.0000
2019-12-27,2750.8000,2768.7500,2724.6500,2760.3500
2019-12-30,2765.2000,2801.6000,2737.7000,2796.5000
2019-12-31,2788.1000,2813.6000,2783.8000,2801.3000
2020-01-01,2805.4500,2818.0000,2773.7500,2796.0500
2020-01-02,2557.4000,2575.9000,2460.0000,2480.5500
2020-01-03,2860.6500,2867.7500,2835.5500,2848.3500
2020-01-04,1575.7500,1578.4000,1535.2500,1553.5500
2020-01-06,1909.8000,1968.2000,1907.0000,1952.5000
2020-01-07,1999.6000,2006.9500,1976.0500,1997.3500
2020-01-08,2751.2000,2777.2000,2736.4000,2767.2500
2020-01-09,2424.7000,2507.0000,2421.1500,2496.7500
2020-01-10,2266.0500,2291.4000,2256.6500,2261.2500
2020-01-12,2968.8500,2982.4000,2935.7000,2974.0500
2020-01-13,2851.8500,2877.3500,2846.1500,2874.1000
2020-01-14,2880.5000,2917.1000,2876.8500,2900.6500
2020-01-15,2888.8000,2927.9500,2870.8000,2921.4500
2020-01-16,2920.1000,2924.1000,2872.5000,2884.8000
2020-01-17,2882.9000,2895.0000,2860.6000,2864.6500
2020-01-20,2872.7000,2882.3500,2832.2500,2835.8500
2020-01-21,2823.6500,2845.7500,2794.3500,2799.9500
2020-01-22,2804.8000,2806.1500,2749.5000,2756.7500
2020-01-23,2759.0500,2779.3500,2750.9500,2769.2500
2020-01-24,2772.4000,2808.0000,2756.9000,2796.2000
2020-01-27,2766.7000,2767.6500,2698.5000,2709.7500
2020-01-28,2705.7500,2706.9500,2625.2000,2642.2500
2020-01-29,2673.1000,2700.4000,2662.3500,2665.8500
2020-01-30,2667.4000,2669.5500,2621.0500,2628.9000
2020-01-31,2642.2500,2645.7000,2559.8500,2569.0000
2020-02-01,2818.4000,2873.1000,2818.2000,2869.9000
2020-02-03,2307.6000,2326.5500,2169.0500,2197.6000
2020-02-04,2537.6000,2598.8500,2523.7000,2594.2500
2020-02-05,2605.7000,2677.8000,2585.8000,2665.4000
2020-02-06,1967.8500,1976.0500,1936.0000,1956.1000
2020-02-07,2011.1500,2020.8000,1995.4500,2017.0000
2020-02-09,2512.8000,2548.2500,2500.7000,2541.3500
2020-02-10,2687.6500,2692.8500,2616.7500,2628.9000
2020-02-11,2350.8000,2354.8500,2325.2000,2338.9000
2020-02-12,2669.0000,2691.0500,2653.0500,2668.2500
2020-02-13,2671.4000,2674.8500,2635.1000,2651.6000
2020-02-14,2649.5000,2663.2500,2608.8500,2613.6000
2020-02-17,2614.3500,2622.3500,2581.7500,2586.7000
2020-02-18,2572.4000,2573.3000,2514.0000,2556.0500
2020-02-19,2588.3000,2606.8000,2569.6000,2591.0500
2020-02-20,2582.9500,2627.2500,2568.2500,2612.2500
2020-02-24,2578.8000,2578.8000,2463.2500,2469.6000
2020-02-25,2495.2500,2510.7500,2462.0500,2470.3500
2020-02-26,2431.6000,2456.5500,2416.4000,2430.0000
2020-02-27,2424.2000,2425.3000,2367.8000,2410.0500
2020-02-28,2333.2000,2335.0500,2230.6000,2246.0500
2020-03-01,2860.6500,2867.7500,2835.5500,2848.3500
2020-03-02,2307.6000,2326.5500,2169.0500,2197.6000
2020-03-03,2238.9500,2339.4500,2238.0500,2320.7500
2020-03-04,1563.5500,1568.7500,1496.6500,1522.9000
2020-03-05,2327.6500,2351.4500,2278.0000,2284.8500
2020-03-06,1980.8500,1995.6000,1943.8500,1952.7000
2020-03-07,2027.7000,2031.2500,1999.3000,2008.5000
2020-03-08,2149.1000,2181.5500,2133.4000,2156.1500
2020-03-09,2101.9500,2107.9500,2004.0000,2020.0500
2020-03-11,2355.6000,2396.3500,2354.9500,2391.2000
2020-03-12,1869.8000,1875.6000,1768.2500,1800.6000
2020-03-13,1677.6500,1922.9000,1546.1500,1903.3500
2020-03-16,1807.6000,1852.4500,1722.5000,1730.6000
2020-03-17,1757.6500,1816.0000,1699.8500,1710.4500
2020-03-18,1761.6000,1763.1000,1640.1500,1664.2000
2020-03-19,1584.0000,1649.7000,1558.0500,1574.2000
2020-03-20,1605.0500,1714.9000,1582.4000,1692.8500
2020-03-23,1538.2500,1587.4500,1480.7000,1496.4500
2020-03-24,1539.5000,1579.7000,1485.2000,1502.4000
2020-03-25,1485.2500,1557.0500,1483.8000,1541.2000
2020-03-26,1561.6000,1596.3000,1523.8500,1542.9500
2020-03-27,1580.7000,1606.7500,1528.5500,1554.8500
2020-03-30,1506.4000,1527.6000,1483.5000,1507.7000
2020-03-31,1544.5000,1601.0000,1539.2500,1585.9000
2020-04-01,1575.7500,1578.4000,1535.2500,1553.5500
2020-04-02,2537.6000,2598.8500,2523.7000,2594.2500
2020-04-03,1563.5500,1568.7500,1496.6500,1522.9000
2020-04-05,1769.2500,1772.3000,1704.5500,1713.8000
2020-04-06,1951.7500,1979.3000,1939.3000,1972.9000
2020-04-07,1579.7000,1648.5000,1559.1500,1637.0000
2020-04-08,1613.4000,1726.4000,1597.0500,1624.8500
2020-04-09,1665.3000,1709.5500,1660.1000,1705.4500
2020-04-11,2389.3000,2413.5000,2362.6500,2383.8000
2020-04-12,3144.7000,3193.5500,3100.5500,3161.3500
2020-04-13,1714.5000,1745.2000,1659.9500,1738.4000
2020-04-15,1771.2000,1814.4500,1735.3000,1752.9000
2020-04-16,1738.5500,1798.7500,1724.3500,1779.7500
2020-04-17,1837.2000,1842.1500,1784.0500,1816.5000
2020-04-20,1842.4000,1842.9000,1750.2500,1756.4500
2020-04-21,1712.6000,1714.5000,1649.2500,1666.6000
2020-04-22,1651.7500,1680.2000,1616.6500,1673.3000
2020-04-23,1685.5500,1725.5000,1679.9500,1694.7500
2020-04-24,1680.4500,1709.6000,1641.4500,1645.2000
2020-04-27,1672.6000,1687.4500,1664.1000,1666.6000
2020-04-28,1678.3000,1685.9500,1653.8000,1661.6500
2020-04-29,1666.3500,1730.8000,1662.2000,1723.8000
2020-04-30,1763.5000,1871.9500,1761.0500,1859.9000
2020-05-02,2605.7000,2677.8000,2585.8000,2665.4000
2020-05-03,2327.6500,2351.4500,2278.0000,2284.8500
2020-05-04,1769.2500,1772.3000,1704.5500,1713.8000
2020-05-05,1748.8000,1755.5000,1685.4500,1693.6500
2020-05-06,1995.9000,2057.0500,1990.1500,2049.7000
2020-05-07,1676.3500,1717.6500,1672.0500,1695.5500
2020-05-08,2190.7000,2272.7500,2190.3500,2263.8000
2020-05-10,2280.1000,2328.1000,2276.0000,2318.8500
2020-05-11,1695.3000,1720.1000,1688.3000,1697.9000
2020-05-12,1687.2000,1727.3000,1657.4000,1717.5500
2020-05-13,1812.2000,1813.5500,1750.8000,1760.6000
2020-05-14,1732.1500,1753.2500,1710.3000,1715.0500
2020-05-15,1728.8000,1763.8500,1714.1500,1742.6000
2020-05-18,1746.2000,1746.4000,1667.8000,1673.5000
2020-05-19,1701.4000,1722.1500,1683.1000,1693.5500
2020-05-20,1690.9500,1716.0500,1681.5500,1711.5000
2020-05-21,1718.1500,1759.4500,1707.7500,1742.9000
2020-05-22,1725.6500,1726.6000,1697.7000,1710.4500
2020-05-26,1724.9500,1763.9500,1724.3500,1756.3500
2020-05-27,1763.5500,1813.4000,1756.0000,1801.2500
2020-05-28,1813.7000,1852.7500,1804.1000,1844.5000
2020-05-29,1823.0500,1890.7500,1814.7500,1879.8500
2020-06-01,1909.8000,1968.2000,1907.0000,1952.5000
2020-06-02,2684.7500,2708.6500,2662.7500,2688.7500
2020-06-03,2171.0500,2201.6500,2133.8000,2183.9000
2020-06-04,1951.7500,1979.3000,1939.3000,1972.9000
2020-06-05,1995.9000,2057.0500,1990.1500,2049.7000
2020-06-07,2024.3500,2069.9500,2013.7000,2058.1500
2020-06-08,2088.2500,2105.6500,2029.7000,2044.8500
2020-06-09,2060.4500,2076.5500,2013.8500,2022.5000
2020-06-10,2020.3000,2029.8000,1995.0500,2010.8000
2020-06-11,2000.7500,2019.3500,1948.3000,1954.8500
2020-06-12,1873.4000,1972.7500,1872.4000,1966.1000
2020-06-15,1966.3000,1967.0000,1915.9500,1928.5500
2020-06-16,1976.8500,2001.0500,1918.0500,1955.9000
2020-06-17,1947.5000,1974.8500,1935.3000,1940.4500
2020-06-18,1937.2500,2005.4500,1931.6500,1998.6500
2020-06-19,2021.4000,2026.4500,1988.1000,1997.5500
2020-06-22,2001.0500,2056.3500,1995.7000,2049.8000
2020-06-23,2064.1000,2096.4500,2056.6500,2085.8000
2020-06-24,2114.5000,2123.6000,2034.5500,2042.3500
2020-06-25,2020.0500,2055.9500,2013.2500,2030.8000
2020-06-26,2052.3000,2066.4500,2037.0000,2043.3500
2020-06-29,2034.3500,2036.7000,1964.3500,1989.5000
2020-06-30,2007.2000,2041.3000,1985.3500,1991.3500
2020-07-01,1999.6000,2006.9500,1976.0500,1997.3500
2020-07-02,2011.1500,2020.8000,1995.4500,2017.0000
2020-07-03,2027.7000,2031.2500,1999.3000,2008.5000
2020-07-04,1579.7000,1648.5000,1559.1500,1637.0000
2020-07-05,1676.3500,1717.6500,1672.0500,1695.5500
2020-07-06,2024.3500,2069.9500,2013.7000,2058.1500
2020-07-07,2065.1000,2065.1000,2019.3000,2022.6000
2020-07-08,2031.6500,2101.1000,2027.5000,2054.3000
2020-07-09,2072.1000,2121.7500,2071.3500,2094.3000
2020-07-10,2081.4500,2086.1500,2054.6000,2078.2000
2020-07-12,3168.2500,3202.3500,3142.9500,3161.2000
2020-07-13,2098.2000,2118.6500,2087.6000,2105.1500
2020-07-14,2094.6500,2094.6500,2042.8000,2052.4500
2020-07-15,2069.6500,2091.2000,2048.0000,2055.7500
2020-07-16,2054.5000,2077.8000,2018.5500,2070.6500
2020-07-17,2087.5000,2130.5000,2083.7000,2103.0000
2020-07-20,2115.4500,2122.8000,2094.6000,2106.0000
2020-07-21,2122.6000,2126.1000,2090.3000,2118.6000
2020-07-22,2128.5500,2168.7000,2092.7500,2113.9500
2020-07-23,2120.9000,2138.3500,2113.0500,2131.4000
2020-07-24,2112.4000,2117.1500,2071.2500,2087.5000
2020-07-27,2094.3500,2107.0500,2064.5000,2094.4000
2020-07-28,2101.7000,2144.5500,2101.6000,2141.3000
2020-07-29,2138.7500,2192.3000,2131.9500,2160.7500
2020-07-30,2170.2000,2178.4500,2123.4000,2135.1500
2020-07-31,2137.0500,2158.3000,2122.1000,2147.3000
2020-08-01,2751.2000,2777.2000,2736.4000,2767.2500
2020-08-03,2149.1000,2181.5500,2133.4000,2156.1500
2020-08-04,1613.4000,1726.4000,1597.0500,1624.8500
2020-08-05,2190.7000,2272.7500,2190.3500,2263.8000
2020-08-06,2088.2500,2105.6500,2029.7000,2044.8500
2020-08-07,2286.4500,2319.9000,2280.5000,2314.3500
2020-08-09,2456.8500,2457.3000,2365.2500,2376.8500
2020-08-10,2322.4500,2337.2000,2295.6500,2332.0000
2020-08-11,2349.6500,2407.9500,2349.6500,2370.6500
2020-08-12,2352.0500,2359.1500,2320.9000,2354.8000
2020-08-13,2370.7000,2403.0500,2359.8500,2380.6500
2020-08-14,2384.8500,2454.3000,2377.7000,2405.8000
2020-08-17,2420.0000,2470.3000,2414.7000,2464.2500
2020-08-18,2469.4500,2515.7500,2455.1000,2507.5000
2020-08-19,2518.1500,2521.7500,2498.9500,2513.1500
2020-08-20,2479.3000,2545.0000,2471.9500,2538.9000
2020-08-21,2562.3500,2579.4500,2517.0500,2523.6000
2020-08-24,2545.7500,2552.2500,2521.2000,2526.1000
2020-08-25,2541.8500,2542.4500,2493.4000,2507.5000
2020-08-26,2513.2500,2540.7500,2505.4500,2527.8000
2020-08-27,2531.9500,2551.5000,2513.5500,2531.0500
2020-08-28,2539.4000,2570.6500,2517.3500,2520.3500
2020-08-31,2524.7000,2533.1000,2410.5000,2420.6000
2020-09-01,2424.7000,2507.0000,2421.1500,2496.7500
2020-09-02,2512.8000,2548.2500,2500.7000,2541.3500
2020-09-03,2551.9000,2556.3500,2518.5000,2527.3000
2020-09-04,1665.3000,1709.5500,1660.1000,1705.4500
2020-09-06,2060.4500,2076.5500,2013.8500,2022.5000
2020-09-07,2072.1000,2121.7500,2071.3500,2094.3000
2020-09-08,2456.8500,2457.3000,2365.2500,2376.8500
2020-09-09,2339.3500,2407.5000,2302.4000,2397.2000
2020-09-10,2423.2000,2426.6500,2336.1000,2369.8000
2020-09-11,2376.8000,2389.6500,2353.9500,2384.3000
2020-09-12,3146.9000,3152.9500,3101.8500,3105.9000
2020-09-14,2401.4500,2416.5000,2375.5000,2387.0500
2020-09-15,2402.4000,2411.2000,2380.9500,2385.5500
2020-09-16,2389.8500,2405.5000,2381.8000,2396.3500
2020-09-17,2382.9500,2397.5500,2352.8000,2363.3000
2020-09-18,2374.2000,2389.1500,2354.2000,2362.2000
2020-09-21,2367.2000,2368.3000,2229.1500,2240.3500
2020-09-22,2239.6500,2242.3000,2163.4000,2213.9500
2020-09-23,2232.2000,2239.9000,2168.9000,2205.2500
2020-09-24,2165.5000,2172.1500,2107.5500,2111.8500
2020-09-25,2134.9500,2180.6500,2112.4000,2172.6500
2020-09-28,2198.4000,2249.1000,2189.5500,2237.0000
2020-09-29,2253.9500,2293.3500,2244.9500,2280.9000
2020-09-30,2284.7500,2285.7000,2228.2000,2242.5500
2020-10-01,2820.6000,2864.5500,2803.2000,2840.7500
2020-10-02,2687.6500,2692.8500,2616.7500,2628.9000
2020-10-05,2280.1000,2328.1000,2276.0000,2318.8500
2020-10-06,2020.3000,2029.8000,1995.0500,2010.8000
2020-10-07,2081.4500,2086.1500,2054.6000,2078.2000
2020-10-08,2322.4500,2337.2000,2295.6500,2332.0000
2020-10-09,2423.2000,2426.6500,2336.1000,2369.8000
2020-10-11,2560.8500,2577.0500,2531.2000,2556.7000
2020-10-12,3099.9000,3123.9500,3056.7000,3113.0500
2020-10-13,2238.5000,2262.0500,2234.0000,2249.6500
2020-10-14,2247.5000,2257.8000,2223.1500,2251.9500
2020-10-15,2266.4000,2292.6000,2232.7000,2240.9500
2020-10-16,2252.9000,2339.6500,2239.7500,2329.8500
2020-10-19,2350.6000,2374.8000,2323.6000,2367.8500
2020-10-20,2356.2500,2374.7500,2344.0500,2363.3500
2020-10-21,2376.6500,2429.2000,2372.8500,2416.0500
2020-10-22,2409.4000,2440.8500,2394.7500,2432.5000
2020-10-23,2447.0500,2462.1000,2431.5500,2443.0000
2020-10-26,2432.8000,2434.7500,2331.4000,2357.5500
2020-10-27,2355.9000,2376.8500,2328.7500,2359.6000
2020-10-28,2360.9500,2385.7000,2315.7500,2325.4000
2020-10-29,2305.5000,2323.1500,2279.4500,2307.7000
2020-10-30,2315.5000,2354.4000,2295.6500,2343.6000
2020-11-02,2650.8500,2683.1000,2648.2000,2651.7500
2020-11-03,2355.6000,2396.3500,2354.9500,2391.2000
2020-11-04,2389.3000,2413.5000,2362.6500,2383.8000
2020-11-05,2416.0000,2497.1500,2402.3000,2488.6500
2020-11-06,2486.3500,2512.5000,2475.0000,2500.3500
2020-11-08,2349.6500,2407.9500,2349.6500,2370.6500
2020-11-09,2376.8000,2389.6500,2353.9500,2384.3000
2020-11-10,2560.8500,2577.0500,2531.2000,2556.7000
2020-11-11,2562.6000,2662.1000,2547.8500,2645.0500
2020-11-12,3127.4500,3178.7500,3126.7500,3146.1000
2020-11-13,2626.4500,2684.4500,2606.2500,2681.0000
2020-11-14,2708.1500,2712.0000,2679.7000,2694.1500
2020-11-17,2723.1500,2777.5500,2718.8000,2761.3500
2020-11-18,2749.4500,2776.8000,2732.8500,2772.5000
2020-11-19,2757.1000,2828.2000,2743.5500,2752.6500
2020-11-20,2765.6500,2809.9000,2732.8500,2774.7500
2020-11-23,2792.9000,2820.0000,2779.5000,2808.6000
2020-11-24,2827.5000,2846.7500,2803.2500,2839.1500
2020-11-25,2850.6500,2873.6500,2808.4000,2816.5500
2020-11-26,2829.0000,2933.7000,2804.3000,2925.0500
2020-11-27,2934.7500,2963.7500,2903.3500,2925.7500
2020-12-01,2968.8500,2982.4000,2935.7000,2974.0500
2020-12-02,2669.0000,2691.0500,2653.0500,2668.2500
2020-12-03,3076.0500,3132.0000,3070.7000,3126.1000
2020-12-04,3144.7000,3193.5500,3100.5500,3161.3500
2020-12-05,1687.2000,1727.3000,1657.4000,1717.5500
2020-12-06,1873.4000,1972.7500,1872.4000,1966.1000
2020-12-07,3168.2500,3202.3500,3142.9500,3161.2000
2020-12-08,2352.0500,2359.1500,2320.9000,2354.8000
2020-12-09,3146.9000,3152.9500,3101.8500,3105.9000
2020-12-10,2279.6000,2287.8000,2218.2000,2240.8500
2020-12-11,3127.4500,3178.7500,3126.7500,3146.1000
2020-12-14,3178.0500,3220.6500,3173.5000,3189.5000
2020-12-15,3188.7000,3219.5500,3150.6000,3214.1500
2020-12-16,3248.4500,3277.9500,3236.4500,3271.7500
2020-12-17,3272.1500,3289.3000,3213.6000,3227.7000
2020-12-18,3237.8500,3244.9000,3181.7000,3216.6000
2020-12-21,3188.8500,3214.7500,2981.1500,3038.2500
2020-12-22,3040.4500,3107.7000,2980.2500,3079.6500
2020-12-23,3078.2500,3143.3000,3051.9500,3134.1000
2020-12-24,3158.0500,3223.9000,3134.2500,3144.3000
2020-12-28,3181.4000,3232.5000,3173.7500,3224.8500
2020-12-29,3252.6000,3255.2000,3170.3500,3189.8500
2020-12-30,3204.9000,3243.7000,3163.7000,3230.9000
2020-12-31,3224.0000,3284.5000,3212.2000,3254.6500
2021-01-01,3255.3500,3270.4500,3242.1000,3258.8500
2021-01-02,3096.2500,3245.7000,3071.9500,3227.2500
2021-01-03,3877.2500,3917.6000,3811.3500,3896.9500
2021-01-04,4010.5000,4204.4000,4008.7500,4189.1500
2021-01-05,3400.2500,3406.9000,3351.1000,3376.2500
2021-01-06,3390.2000,3455.1000,3368.5000,3419.8000
2021-01-07,5234.5500,5255.4000,5194.7500,5207.4000
2021-01-08,3577.5000,3581.8500,3498.6000,3529.2000
2021-01-09,5737.3000,5739.5000,5595.4500,5612.4500
2021-01-10,5571.0000,5674.7500,5524.2500,5638.8000
2021-01-11,3532.7000,3537.4000,3451.8500,3493.9000
2021-01-12,3485.5000,3586.9000,3473.2500,3509.9000
2021-01-13,3539.3500,3575.6000,3460.2500,3523.2500
2021-01-14,3521.0500,3533.9500,3471.1000,3487.4000
2021-01-15,3501.1000,3528.1000,3420.4000,3449.1500
2021-01-18,3449.9000,3453.8000,3283.5500,3308.5000
2021-01-19,3342.1500,3416.9500,3309.9500,3405.2000
2021-01-20,3420.8500,3456.7000,3399.1000,3437.0000
2021-01-21,3448.9500,3462.7000,3338.3000,3362.1500
2021-01-22,3372.0500,3382.7500,3212.2000,3231.4500
2021-01-25,3276.0000,3304.0000,3165.1500,3236.3500
2021-01-27,3230.9000,3230.9000,3146.5000,3154.8000
2021-01-28,3105.8500,3155.1000,3104.2000,3138.1000
2021-01-29,3175.6000,3183.6000,3062.7000,3077.4500
2021-02-01,3096.2500,3245.7000,3071.9500,3227.2500
2021-02-02,3264.2000,3301.2500,3226.0500,3289.1000
2021-02-03,3911.9500,3939.8000,3875.3000,3927.6000
2021-02-04,3356.0000,3426.6000,3337.7000,3409.5500
2021-02-05,3427.8000,3466.8000,3345.3000,3443.1500
2021-02-06,5126.2000,5252.7500,5124.3000,5233.3000
2021-02-07,5220.4000,5230.2000,5114.9500,5130.0500
2021-02-08,5815.6500,5832.3500,5752.7000,5781.3000
2021-02-09,5634.5000,5672.5000,5624.5500,5653.3000
2021-02-10,3548.5500,3573.9500,3464.9500,3510.8500
2021-02-11,5764.6500,5764.7500,5634.9500,5643.1500
2021-02-12,5332.8000,5416.3500,5282.0000,5405.0500
2021-02-15,3508.2500,3513.4000,3463.1500,3469.9500
2021-02-16,3479.4000,3615.2500,3477.3500,3570.1500
2021-02-17,3561.5000,3590.8500,3533.7500,3576.0500
2021-02-18,3590.3500,3644.8000,3578.9000,3623.0500
2021-02-19,3620.0500,3629.0500,3499.0000,3552.1000
2021-02-22,3561.5500,3682.0500,3558.8500,3609.1000
2021-02-23,3648.2000,3769.5000,3609.7500,3749.5500
2021-02-24,3781.8000,3832.0500,3740.9000,3778.6500
2021-02-25,3825.6000,3945.8000,3821.6500,3928.6000
2021-02-26,3859.6500,3939.6000,3795.6000,3822.6500
2021-03-01,3877.2500,3917.6000,3811.3500,3896.9500
2021-03-02,3288.6500,3388.9500,3278.9000,3344.4000
2021-03-03,3964.5000,4075.4000,3964.1000,4058.6000
2021-03-04,3964.8500,4014.9500,3934.6000,3976.8500
2021-03-05,4825.8000,4973.2000,4786.0500,4952.4500
2021-03-06,5275.5000,5322.4000,5234.6500,5268.0500
2021-03-08,5801.9500,5806.1500,5707.9500,5778.2000
2021-03-09,5660.7500,5746.4000,5628.6500,5719.3500
2021-03-10,3838.0000,3886.2500,3786.6000,3873.6500
2021-03-11,5671.8500,5714.9000,5647.4500,5695.4500
2021-03-12,5404.1500,5460.4000,5378.0000,5392.4000
2021-03-15,3845.5000,3890.3500,3785.0500,3880.0500
2021-03-16,3900.9500,3903.5500,3814.9500,3847.2500
2021-03-17,3842.7500,3844.4000,3737.8000,3752.7000
2021-03-18,3795.6500,3837.6500,3722.6000,3754.3500
2021-03-19,3733.9500,3860.0000,3631.1500,3832.5000
2021-03-22,3835.0000,3877.1000,3803.2000,3867.4500
2021-03-23,3877.2500,3894.9000,3828.7000,3841.9500
2021-03-24,3803.7500,3810.4500,3706.6500,3717.5500
2021-03-25,3729.3500,3751.5500,3614.4000,3718.3000
2021-03-26,3764.0500,3878.4000,3755.7000,3855.3000
2021-03-30,3914.2500,3984.6500,3907.7500,3963.0000
2021-03-31,3954.8000,4025.4000,3931.7500,3977.2000
2021-04-01,3291.5000,3442.0000,3287.1000,3424.6000
2021-04-02,3356.0000,3426.6000,3337.7000,3409.5500
2021-04-03,3964.8500,4014.9500,3934.6000,3976.8500
2021-04-05,4994.5500,5048.3000,4886.3500,4921.6500
2021-04-06,5259.4500,5360.7500,5235.5000,5339.1500
2021-04-07,4306.7000,4363.5000,4296.1000,4325.4500
2021-04-08,5800.1500,5880.7000,5727.5000,5759.9000
2021-04-09,4510.2000,4550.4500,4399.3000,4467.3000
2021-04-10,5669.7000,5816.1000,5611.8000,5807.3500
2021-04-11,5728.3000,5737.4000,5688.2000,5697.9500
2021-04-12,4372.6500,4378.4500,4166.4500,4196.0000
2021-04-13,4215.2500,4347.3500,4200.2500,4337.9000
2021-04-15,4378.1000,4463.7500,4318.7000,4397.4500
2021-04-16,4422.3000,4500.8500,4394.5000,4434.0000
2021-04-19,4302.3500,4403.6500,4266.8500,4366.1000
2021-04-20,4420.9500,4457.3500,4332.7000,4384.4000
2021-04-22,4380.6000,4497.7000,4367.5500,4460.9000
2021-04-23,4471.7500,4528.2000,4396.6500,4446.8500
2021-04-26,4491.0000,4582.1500,4488.8500,4536.3000
2021-04-27,4567.5000,4668.0000,4562.5000,4659.2500
2021-04-28,4690.8500,4690.8500,4598.1500,4645.0500
2021-04-29,4698.9500,4868.9000,4695.1000,4855.3000
2021-04-30,4819.6000,4936.5000,4791.6500,4847.9500
2021-05-01,3400.2500,3406.9000,3351.1000,3376.2500
2021-05-02,3427.8000,3466.8000,3345.3000,3443.1500
2021-05-03,3947.5500,3955.4000,3827.6500,3869.4000
2021-05-04,4206.1000,4241.8500,4101.1500,4226.4000
2021-05-05,4979.4500,5006.6500,4904.9500,4970.1500
2021-05-06,4980.2500,5118.2000,4964.6000,5095.0000
2021-05-07,5180.9500,5387.1000,5176.3500,5335.8500
2021-05-08,5767.1500,5847.3000,5664.5000,5834.4000
2021-05-10,5777.1500,5861.7000,5773.5500,5800.3000
2021-05-11,5390.9500,5524.2500,5337.1500,5452.6500
2021-05-12,5479.8500,5518.0000,5228.0500,5290.4500
2021-05-14,5332.5500,5332.5500,4984.4000,5091.3500
2021-05-17,5117.9500,5222.4500,5036.2500,5207.7500
2021-05-18,5305.3000,5365.6500,5231.9000,5294.4000
2021-05-19,5279.4500,5318.9000,5218.6500,5245.9500
2021-05-20,5154.2500,5164.5000,5040.2000,5077.3500
2021-05-21,5119.4500,5147.8500,5090.2000,5099.1500
2021-05-24,5098.4500,5098.4500,5004.3000,5068.6000
2021-05-25,5117.5500,5187.7500,5089.8000,5099.4000
2021-05-26,5062.0500,5070.7000,4987.2500,5004.7500
2021-05-27,5017.1500,5095.2500,4987.3000,5043.3000
2021-05-28,5145.7000,5188.5500,5032.5000,5055.7500
2021-05-31,5081.1000,5176.7000,5035.1000,5161.8000
2021-06-01,5181.8500,5186.4500,5034.6500,5121.6500
2021-06-02,5126.2000,5252.7500,5124.3000,5233.3000
2021-06-03,5275.5000,5322.4000,5234.6500,5268.0500
2021-06-04,4266.3500,4305.5000,4231.4500,4286.9500
2021-06-05,4980.2500,5118.2000,4964.6000,5095.0000
2021-06-07,5379.1000,5421.5000,5305.7000,5315.5000
2021-06-08,5327.3000,5327.3000,5189.9000,5258.9000
2021-06-09,5276.3500,5306.7500,5173.4500,5209.4500
2021-06-10,5247.7000,5306.6000,5244.7000,5265.2000
2021-06-11,5308.1500,5421.3500,5262.6500,5406.8000
2021-06-12,5393.1500,5465.4000,5313.6000,5327.9000
2021-06-14,5369.7500,5392.5000,5200.2500,5371.6000
2021-06-15,5397.5500,5412.7500,5356.1500,5368.9500
2021-06-16,5338.1500,5382.2500,5195.7000,5216.2000
2021-06-17,5140.0000,5216.3500,5062.7000,5095.1000
2021-06-18,5086.7500,5098.8500,4858.8000,5048.6500
2021-06-21,4969.0000,5119.5000,4925.8000,5105.2000
2021-06-22,5150.0500,5176.6500,5104.6000,5119.4000
2021-06-23,5156.7500,5175.6500,5053.7500,5061.8000
2021-06-24,5082.1500,5125.8500,5059.0000,5090.9000
2021-06-25,5147.4000,5250.3000,5140.9000,5223.9500
2021-06-28,5253.0500,5316.9500,5206.8500,5290.8000
2021-06-29,5293.8000,5308.9500,5212.0500,5226.0500
2021-06-30,5256.9500,5301.3000,5204.0000,5215.8000
2021-07-01,3457.6500,3571.5500,3455.3000,3550.4500
2021-07-02,5220.4000,5230.2000,5114.9500,5130.0500
2021-07-04,4306.7000,4363.5000,4296.1000,4325.4500
2021-07-05,5159.1500,5200.9500,5134.0500,5189.6000
2021-07-06,5194.2000,5225.7500,5153.1500,5172.7000
2021-07-07,5163.6500,5300.6000,5124.5000,5286.4500
2021-07-08,5285.8500,5294.5000,5144.5000,5170.5000
2021-07-09,5176.0500,5283.9500,5169.0000,5273.6000
2021-07-10,5697.9000,5705.2500,5643.8000,5659.9500
2021-07-12,5390.4500,5516.1500,5383.2500,5494.4500
2021-07-13,5298.7000,5319.2500,5267.6500,5295.6000
2021-07-14,5319.8500,5331.5500,5283.5500,5299.9500
2021-07-15,5300.5500,5358.1000,5285.4500,5335.4000
2021-07-16,5362.1000,5396.8000,5350.5000,5391.3000
2021-07-19,5334.5000,5412.0500,5278.5500,5317.8500
2021-07-20,5302.8500,5305.7000,5148.6000,5193.6500
2021-07-22,5260.9500,5369.2000,5257.7500,5348.9500
2021-07-23,5384.8500,5408.5500,5341.5000,5353.8000
2021-07-26,5402.6000,5421.9000,5350.0000,5387.4000
2021-07-27,5432.5500,5499.6500,5405.5500,5465.9000
2021-07-28,5483.0500,5541.3000,5378.2000,5532.8000
2021-07-29,5571.9000,5852.4500,5544.7500,5810.7500
2021-07-30,5810.2000,5879.1000,5754.8500,5770.3500
2021-08-01,3577.5000,3581.8500,3498.6000,3529.2000
2021-08-02,3467.1000,3558.8500,3450.3000,3552.4500
2021-08-03,5801.9500,5806.1500,5707.9500,5778.2000
2021-08-04,5800.1500,5880.7000,5727.5000,5759.9000
2021-08-05,5767.1500,5847.3000,5664.5000,5834.4000
2021-08-06,5327.3000,5327.3000,5189.9000,5258.9000
2021-08-07,5285.8500,5294.5000,5144.5000,5170.5000
2021-08-09,5716.9000,5763.5500,5685.4000,5720.7500
2021-08-10,5737.0000,5756.7000,5540.0500,5573.3000
2021-08-11,5751.1000,5787.3000,5634.9500,5780.4500
2021-08-12,5535.7000,5601.2500,5493.8000,5594.9000
2021-08-13,5742.0000,5832.7000,5669.9000,5799.3000
2021-08-16,5818.8000,5936.1000,5771.9500,5884.9000
2021-08-17,5878.5000,5907.4500,5706.7000,5749.4000
2021-08-18,5760.1500,5776.7500,5666.1000,5702.6000
2021-08-20,5558.0000,5558.0000,5302.1000,5335.9500
2021-08-23,5410.8000,5430.1500,5171.9500,5291.2500
2021-08-24,5359.9500,5475.6000,5346.6500,5444.8000
2021-08-25,5483.4000,5533.0000,5437.0500,5474.0500
2021-08-26,5476.9500,5487.2500,5376.7000,5404.7000
2021-08-27,5428.1000,5501.9500,5425.5000,5492.7000
2021-08-30,5544.2500,5646.0000,5542.9000,5628.1000
2021-08-31,5639.9500,5730.8000,5604.2500,5714.6000
2021-09-01,5737.3000,5739.5000,5595.4500,5612.4500
2021-09-02,5634.5000,5672.5000,5624.5500,5653.3000
2021-09-03,3938.2000,3953.7500,3760.8500,3802.7000
2021-09-04,4510.2000,4550.4500,4399.3000,4467.3000
2021-09-06,5757.5000,5788.8500,5682.7000,5742.7000
2021-09-07,5765.8000,5798.8000,5693.6000,5708.3500
2021-09-08,5861.5500,5861.5500,5706.3500,5732.0000
2021-09-09,5715.2000,5783.7000,5714.9000,5765.1500
2021-09-11,5777.9500,5812.6000,5737.4500,5761.6000
2021-09-12,5625.6500,5642.4000,5561.2000,5629.8000
2021-09-13,5803.6000,5850.7500,5769.1000,5839.3000
2021-09-14,5876.2000,5876.2000,5799.9500,5810.3500
2021-09-15,5825.7500,5879.9000,5794.0000,5859.0500
2021-09-16,5873.0000,5913.8500,5809.9000,5822.5000
2021-09-17,5836.3500,5841.7500,5615.5500,5683.8500
2021-09-20,5565.2000,5567.0500,5288.1500,5309.0000
2021-09-21,5321.9500,5453.4500,5268.9500,5444.4500
2021-09-22,5466.8500,5558.3500,5431.3500,5524.6500
2021-09-23,5607.7000,5627.0500,5579.5000,5616.0500
2021-09-24,5621.9500,5627.3000,5449.7000,5498.2000
2021-09-27,5501.4000,5544.8000,5478.8500,5504.4500
2021-09-28,5522.1000,5587.0500,5497.5000,5534.6000
2021-09-29,5502.9000,5691.2500,5492.1500,5661.2500
2021-09-30,5686.1000,5733.1000,5596.5000,5611.2500
2021-10-01,5571.0000,5674.7500,5524.2500,5638.8000
2021-10-02,3548.5500,3573.9500,3464.9500,3510.8500
2021-10-03,3838.0000,3886.2500,3786.6000,3873.6500
2021-10-04,5669.7000,5816.1000,5611.8000,5807.3500
2021-10-05,5777.1500,5861.7000,5773.5500,5800.3000
2021-10-06,5825.1000,5859.3000,5606.9500,5627.3500
2021-10-07,5697.9000,5705.2500,5643.8000,5659.9500
2021-10-08,5702.3500,5791.6500,5663.8500,5681.4500
2021-10-11,5739.5500,5754.2000,5626.8000,5660.4500
2021-10-12,5608.1000,5677.1000,5601.0000,5658.9000
2021-10-13,5845.6000,5971.7500,5812.3000,5914.6500
2021-10-14,5978.7500,6079.5500,5954.9500,6019.2000
2021-10-18,6157.2000,6300.4500,6133.5500,6253.1000
2021-10-19,6312.2000,6312.2000,6061.2000,6099.3500
2021-10-20,6085.9000,6085.9000,5919.0500,5974.0000
2021-10-21,6019.5500,6040.1000,5782.7500,5868.4000
2021-10-22,5865.2500,5877.8500,5645.2500,5690.1000
2021-10-25,5715.2500,5747.5000,5561.6500,5679.6500
2021-10-26,5702.9000,5846.5000,5694.3000,5830.6500
2021-10-27,5833.2000,5855.5500,5722.5500,5741.9000
2021-10-28,5654.9500,5668.9000,5521.6500,5544.5500
2021-10-29,5534.0500,5660.5000,5482.3000,5563.4000
2021-11-01,5648.5000,5746.6000,5616.9000,5733.7500
2021-11-02,3502.3500,3569.1500,3488.3000,3546.7000
2021-11-03,5671.8500,5714.9000,5647.4500,5695.4500
2021-11-04,5728.3000,5737.4000,5688.2000,5697.9500
2021-11-05,5390.9500,5524.2500,5337.1500,5452.6500
2021-11-06,5308.1500,5421.3500,5262.6500,5406.8000
2021-11-08,5623.9000,5759.8500,5600.2000,5748.3000
2021-11-09,5777.9500,5812.6000,5737.4500,5761.6000
2021-11-10,5718.8000,5806.7000,5707.6500,5766.4000
2021-11-11,5665.2500,5723.4500,5644.9000,5681.0000
2021-11-12,5759.6000,5765.7500,5670.0000,5728.7000
2021-11-15,5754.7500,5761.2500,5618.1000,5624.3000
2021-11-16,5629.2500,5687.5000,5568.6000,5586.3500
2021-11-17,5563.8500,5618.6500,5546.5000,5568.1000
2021-11-18,5589.3000,5603.0500,5405.3500,5423.9000
2021-11-22,5433.0500,5478.8000,5327.4000,5421.6000
2021-11-23,5438.7000,5619.9500,5436.9500,5600.4000
2021-11-24,5613.7500,5687.3500,5564.8000,5602.6000
2021-11-25,5611.1500,5642.8000,5548.2500,5624.0000
2021-11-26,5545.0000,5572.8000,5309.0000,5323.7500
2021-11-29,5312.0000,5394.8000,5177.8000,5304.7000
2021-11-30,5308.3500,5400.3000,5174.0000,5201.7000
2021-12-01,3485.5000,3586.9000,3473.2500,3509.9000
2021-12-02,5332.8000,5416.3500,5282.0000,5405.0500
2021-12-03,5404.1500,5460.4000,5378.0000,5392.4000
2021-12-04,4372.6500,4378.4500,4166.4500,4196.0000
2021-12-05,5479.8500,5518.0000,5228.0500,5290.4500
2021-12-06,5393.1500,5465.4000,5313.6000,5327.9000
2021-12-07,5390.4500,5516.1500,5383.2500,5494.4500
2021-12-08,5535.7000,5601.2500,5493.8000,5594.9000
2021-12-09,5625.6500,5642.4000,5561.2000,5629.8000
2021-12-10,5798.5000,5837.1500,5720.6000,5829.3500
2021-12-11,5759.6000,5765.7500,5670.0000,5728.7000
2021-12-13,5738.9500,5758.8500,5635.3000,5642.8000
2021-12-14,5620.0000,5705.5500,5605.9000,5666.8000
2021-12-15,5671.6500,5701.7000,5593.9500,5604.1000
2021-12-16,5646.8500,5663.6500,5556.0500,5597.1500
2021-12-17,5576.7000,5590.3000,5466.3500,5476.8000
2021-12-20,5400.1000,5409.2000,5195.3500,5269.6000
2021-12-21,5328.3500,5488.2000,5321.4000,5424.6000
2021-12-22,5469.9500,5527.7500,5461.6000,5521.1000
2021-12-23,5560.6000,5603.9500,5498.4500,5519.9000
2021-12-24,5541.3000,5542.9500,5433.2000,5492.7000
2021-12-27,5477.6500,5498.0000,5431.2000,5489.4500
2021-12-28,5520.9000,5548.4000,5502.7000,5538.7000
2021-12-29,5523.7000,5538.5000,5450.9000,5480.5500
2021-12-30,5480.3000,5508.2000,5407.4500,5416.6500
2021-12-31,5436.1500,5547.7000,5436.1500,5521.7500
2022-01-02,5530.5500,5736.9500,5479.1000,5719.4000
2022-01-03,5529.9500,5640.7000,5526.1500,5628.1000
2022-01-04,6439.4000,6537.0500,6432.4500,6477.2000
2022-01-05,5600.6000,5691.9000,5583.2500,5684.1500
2022-01-06,5667.1000,5706.9500,5626.2000,5656.0000
2022-01-07,4629.9500,4709.0000,4571.3000,4696.5000
2022-01-08,5551.0000,5586.5000,5496.3500,5578.1500
2022-01-09,5855.7500,5906.9500,5848.4500,5878.9500
2022-01-10,5714.6500,5729.3500,5666.1000,5718.8000
2022-01-11,5692.3500,5707.6500,5602.9000,5610.3500
2022-01-12,6613.6000,6684.3000,6602.6500,6664.8500
2022-01-13,5715.7000,5896.0500,5704.6000,5882.7500
2022-01-14,5857.7500,5901.9000,5829.6000,5871.4000
2022-01-17,5879.5500,5921.8000,5791.3000,5888.4000
2022-01-18,5908.2000,5912.8500,5736.7500,5755.1500
2022-01-19,5751.8000,5830.7500,5704.9000,5801.1000
2022-01-20,5814.7500,5870.5500,5789.0500,5831.1500
2022-01-21,5800.6500,5824.7500,5663.8500,5719.5500
2022-01-24,5669.0500,5669.6000,5382.2000,5420.4500
2022-01-25,5381.5000,5512.7500,5351.9000,5485.1500
2022-01-27,5411.2000,5491.4500,5329.7000,5445.9000
2022-01-28,5497.7000,5610.7000,5452.0500,5466.0500
2022-01-31,5543.0000,5544.0000,5463.4500,5473.4500
2022-02-01,5530.5500,5736.9500,5479.1000,5719.4000
2022-02-02,5763.0000,5785.7500,5715.7500,5779.7000
2022-02-03,5741.5500,5819.1500,5725.1500,5761.6000
2022-02-04,5766.9500,5882.0500,5763.4000,5829.5000
2022-02-05,6272.6000,6379.0500,6211.8500,6363.1000
2022-02-06,5344.5500,5407.1000,5308.8500,5397.5500
2022-02-07,5837.7500,5935.2000,5794.6500,5829.0000
2022-02-08,5867.9500,5912.5000,5730.7000,5875.6000
2022-02-09,5914.2500,6001.2000,5881.4000,5985.0000
2022-02-10,6015.5000,6081.9500,6000.9500,6059.4500
2022-02-11,6022.4500,6076.9500,5982.5000,6023.8000
2022-02-12,6663.0000,6715.6000,6642.1500,6694.5000
2022-02-14,5892.7500,5913.5000,5702.4500,5719.0000
2022-02-15,5764.2000,5858.6500,5615.2500,5845.5000
2022-02-16,5878.1500,5887.8000,5788.1500,5812.1500
2022-02-17,5842.0500,5870.6500,5776.4500,5793.4000
2022-02-18,5779.9000,5844.4000,5761.2500,5778.4000
2022-02-21,5753.5000,5767.4500,5646.7500,5658.9500
2022-02-22,5540.2500,5609.2000,5476.7000,5595.9000
2022-02-23,5635.7000,5655.2000,5599.3000,5608.9000
2022-02-24,5427.1500,5535.9500,5293.4000,5313.6500
2022-02-25,5426.9000,5647.4000,5421.4000,5618.7000
2022-02-28,5586.5000,5909.1500,5554.4500,5896.8500
2022-03-01,5529.9500,5640.7000,5526.1500,5628.1000
2022-03-02,5902.2500,6173.1000,5897.2000,6136.7000
2022-03-03,6254.3500,6294.6500,6169.5500,6210.2500
2022-03-04,6199.5000,6269.0000,5993.5500,6010.1500
2022-03-06,5445.8000,5460.4000,5314.8000,5328.8000
2022-03-07,6014.3000,6156.9500,5988.4500,6136.1500
2022-03-08,6161.6500,6161.6500,5959.7500,6045.3000
2022-03-09,6045.9000,6090.8500,5981.7500,6024.6000
2022-03-10,5772.0000,5772.0000,5555.0000,5593.9500
2022-03-11,6019.8500,6099.8000,6008.1000,6068.7500
2022-03-14,6187.2500,6205.3000,6093.3000,6161.0500
2022-03-15,6113.4000,6116.3000,5868.8500,5910.1000
2022-03-16,5973.8500,6082.0500,5960.9500,6065.7000
2022-03-17,6117.2500,6230.3000,6101.5500,6183.8000
2022-03-21,6236.8000,6358.4000,6233.3500,6276.3500
2022-03-22,6326.9000,6382.6000,6244.1000,6323.7000
2022-03-23,6387.8500,6444.1500,6283.9000,6399.9500
2022-03-24,6407.8500,6536.4000,6404.5000,6498.2000
2022-03-25,6518.4500,6565.4500,6458.6500,6500.2000
2022-03-28,6497.9500,6580.3000,6467.8500,6559.4000
2022-03-29,6582.1000,6617.8500,6508.6000,6571.8500
2022-03-30,6561.3000,6561.3000,6417.4500,6428.9500
2022-03-31,6445.0500,6471.2000,6405.6500,6423.7000
2022-04-01,6439.4000,6537.0500,6432.4500,6477.2000
2022-04-02,5766.9500,5882.0500,5763.4000,5829.5000
2022-04-03,6199.5000,6269.0000,5993.5500,6010.1500
2022-04-04,6491.6500,6634.7000,6481.7000,6606.1000
2022-04-05,6648.5000,6678.0500,6602.4500,6640.4500
2022-04-06,6628.9500,6770.0500,6616.3000,6730.0000
2022-04-07,4653.2500,4684.9500,4571.1500,4649.9500
2022-04-08,5597.3000,5685.2500,5549.1500,5620.3500
2022-04-10,5731.7500,5778.8500,5662.0000,5769.3000
2022-04-11,6107.9000,6332.7000,6103.2000,6324.1500
2022-04-12,6753.1000,6760.1500,6499.7000,6589.2500
2022-04-13,6642.4000,6702.0500,6603.0000,6627.0000
2022-04-18,6624.9000,6684.7500,6576.7000,6648.9500
2022-04-19,6705.6500,6773.1000,6508.3000,6578.0000
2022-04-20,6618.2000,6644.1500,6517.6000,6556.1000
2022-04-21,6581.8500,6601.7500,6477.3500,6570.2000
2022-04-22,6527.9500,6554.8500,6432.4000,6440.6500
2022-04-25,6322.2500,6346.3000,6215.4000,6256.8000
2022-04-26,6309.6000,6347.6000,6266.4500,6336.8500
2022-04-27,6301.8000,6361.3500,6222.0000,6321.5500
2022-04-28,6400.0500,6400.0500,6293.6500,6362.4000
2022-04-29,6397.4000,6422.5500,6310.8500,6327.3000
2022-05-01,5600.6000,5691.9000,5583.2500,5684.1500
2022-05-02,6272.6000,6379.0500,6211.8500,6363.1000
2022-05-04,6648.5000,6678.0500,6602.4500,6640.4500
2022-05-05,6242.0500,6325.9000,6179.3500,6196.6000
2022-05-06,6077.3000,6095.5500,5974.0500,6066.0000
2022-05-07,4675.8500,4763.1500,4653.4000,4663.7500
2022-05-08,5641.3000,5679.7000,5587.2000,5595.8500
2022-05-09,5908.1500,6005.1000,5902.2500,5985.7500
2022-05-10,5896.9000,5938.1500,5614.1000,5633.8500
2022-05-11,5649.2000,5734.4500,5500.0000,5634.1500
2022-05-12,6739.8000,6835.3500,6717.7000,6819.7500
2022-05-13,5514.5500,5564.9500,5290.3000,5313.0500
2022-05-16,5401.5000,5484.1500,5323.1500,5359.9500
2022-05-17,5447.0000,5745.2000,5438.0500,5727.4500
2022-05-18,5770.2500,5775.1000,5674.5500,5708.9500
2022-05-19,5567.1500,5580.3000,5429.5500,5476.2500
2022-05-20,5649.9500,5716.1000,5606.3000,5706.3500
2022-05-23,5491.2000,5491.2000,5199.2500,5241.6000
2022-05-24,5262.3000,5311.7500,5160.1000,5180.3000
2022-05-25,5205.4500,5227.0000,5053.2000,5079.2500
2022-05-26,5124.3500,5239.1000,4954.3000,5214.7500
2022-05-27,5295.1000,5316.7500,5160.4000,5211.5000
2022-05-30,5238.0500,5297.9000,5192.3000,5264.0500
2022-05-31,5243.8000,5390.8500,5219.6000,5332.7500
2022-06-01,5350.9000,5399.9500,5285.9500,5336.7000
2022-06-02,5344.5500,5407.1000,5308.8500,5397.5500
2022-06-03,5445.8000,5460.4000,5314.8000,5328.8000
2022-06-04,6628.9500,6770.0500,6616.3000,6730.0000
2022-06-05,6077.3000,6095.5500,5974.0500,6066.0000
2022-06-06,5284.8500,5399.5000,5249.4000,5388.6500
2022-06-07,5352.3000,5391.8500,5314.7500,5340.8500
2022-06-08,5366.4500,5398.0000,5324.8500,5348.2000
2022-06-09,6010.9500,6072.0500,5968.3000,6064.7000
2022-06-10,5204.2000,5220.6000,5153.1000,5199.9500
2022-06-12,6795.8500,6798.8500,6734.5000,6768.8500
2022-06-13,5105.6000,5106.4000,4977.7000,5000.0000
2022-06-14,5056.0000,5107.6500,4968.4500,5018.3000
2022-06-15,4992.5500,5036.3000,4964.5500,4982.3000
2022-06-16,5046.0500,5053.1000,4706.1500,4721.3000
2022-06-17,4691.2500,4810.3500,4677.1500,4724.8500
2022-06-20,4714.2500,4720.1500,4437.3000,4540.5500
2022-06-21,4604.3500,4761.7500,4576.5000,4720.7500
2022-06-22,4671.0500,4672.5500,4480.7500,4490.7500
2022-06-23,4500.5000,4590.2500,4452.1500,4523.0000
2022-06-24,4558.5000,4613.6500,4530.1000,4596.6000
2022-06-27,4683.1000,4728.9500,4650.9500,4666.3000
2022-06-28,4657.5500,4755.1000,4625.1000,4744.0000
2022-06-29,4695.3500,4768.2000,4678.2500,4755.4000
2022-06-30,4764.7000,4808.0000,4642.7000,4660.9000
2022-07-01,4629.9500,4709.0000,4571.3000,4696.5000
2022-07-02,5837.7500,5935.2000,5794.6500,5829.0000
2022-07-03,6014.3000,6156.9500,5988.4500,6136.1500
2022-07-04,6742.3000,6760.6500,6597.6000,6618.3500
2022-07-05,4675.8500,4763.1500,4653.4000,4663.7500
2022-07-06,5352.3000,5391.8500,5314.7500,5340.8500
2022-07-07,4717.5500,4864.1000,4675.7000,4842.2000
2022-07-08,4908.8000,4908.8000,4758.3500,4799.5500
2022-07-09,6017.2500,6075.8000,5996.2000,6066.4000
2022-07-10,5941.1500,5946.3500,5864.6000,5931.5500
2022-07-11,4776.5000,4947.8500,4751.0500,4893.9000
2022-07-12,4855.3000,4900.2500,4795.8500,4834.0500
2022-07-13,4843.1000,4901.2500,4817.3500,4872.5500
2022-07-14,4905.2000,4905.3500,4820.0000,4870.3500
2022-07-15,4872.2000,4892.6500,4790.8500,4830.7000
2022-07-18,4888.5000,4963.3000,4872.5500,4950.9500
2022-07-19,4926.2000,4999.0500,4920.0000,4991.0000
2022-07-20,5069.8000,5097.1500,5033.4500,5046.7000
2022-07-21,5059.3000,5107.6000,5042.8000,5090.1000
2022-07-22,5119.9000,5130.3500,5070.1000,5094.1000
2022-07-25,5086.3000,5180.0500,5081.5000,5168.5500
2022-07-26,5189.2000,5201.5500,5132.3500,5153.4000
2022-07-27,5150.1500,5201.7000,5121.9500,5193.6500
2022-07-28,5237.3000,5324.1000,5200.8000,5282.1000
2022-07-29,5346.7500,5517.4500,5337.5000,5485.8000
2022-08-01,5551.0000,5586.5000,5496.3500,5578.1500
2022-08-02,5867.9500,5912.5000,5730.7000,5875.6000
2022-08-03,5561.7000,5609.8000,5499.3500,5553.1500
2022-08-04,5597.3000,5685.2500,5549.1500,5620.3500
2022-08-05,5641.3000,5679.7000,5587.2000,5595.8500
2022-08-06,5366.4500,5398.0000,5324.8500,5348.2000
2022-08-07,4908.8000,4908.8000,4758.3500,4799.5500
2022-08-08,5617.0500,5677.0500,5590.7500,5668.0000
2022-08-09,6105.3000,6111.9500,5993.8000,6011.5000
2022-08-10,5694.8000,5782.9500,5632.0500,5759.6000
2022-08-11,5806.6500,5809.6500,5739.8500,5758.8500
2022-08-12,5767.8500,5878.3500,5758.5500,5853.4500
2022-08-16,5869.0500,5913.0500,5784.9000,5893.4000
2022-08-17,5914.4500,5955.6500,5889.6500,5922.8000
2022-08-18,5913.9000,6000.9500,5892.7500,5977.1500
2022-08-19,6006.2500,6022.7000,5866.0000,5883.2500
2022-08-22,5856.9500,5876.2000,5694.6500,5708.1000
2022-08-23,5670.2500,5808.5000,5651.6500,5789.2000
2022-08-24,5799.3500,5840.4500,5750.0500,5830.0500
2022-08-25,5863.8000,5883.2000,5783.7500,5800.1000
2022-08-26,5849.8500,5954.5000,5847.5000,5902.7000
2022-08-29,5724.3500,5837.7500,5706.7500,5812.2500
2022-08-30,5866.2500,5949.8500,5858.5500,5934.6000
2022-09-01,5855.7500,5906.9500,5848.4500,5878.9500
2022-09-02,5914.2500,6001.2000,5881.4000,5985.0000
2022-09-03,6045.9000,6090.8500,5981.7500,6024.6000
2022-09-05,5974.3500,6019.0500,5891.2000,5942.8000
2022-09-06,5302.2000,5348.9500,5234.6500,5278.2000
2022-09-07,6017.2500,6075.8000,5996.2000,6066.4000
2022-09-08,6105.3000,6111.9500,5993.8000,6011.5000
2022-09-09,6058.8000,6101.4500,6014.9000,6025.3000
2022-09-11,6438.3000,6451.9000,6345.9500,6364.0500
2022-09-12,6065.8500,6091.3000,6051.8000,6080.9500
2022-09-13,6111.2500,6180.3000,6088.5500,6158.9000
2022-09-14,6076.7500,6308.2500,6064.6500,6256.3000
2022-09-15,6268.3000,6286.3500,6201.1500,6263.9000
2022-09-16,6216.4500,6277.3500,6065.1000,6137.6500
2022-09-19,6156.6000,6174.1500,6073.4000,6110.1000
2022-09-20,6165.5500,6265.4000,6160.7000,6205.6000
2022-09-21,6194.5500,6246.7000,6055.6000,6076.1000
2022-09-22,6059.1500,6131.7500,6029.3000,6100.7500
2022-09-23,6140.5000,6174.4500,6010.9500,6027.3500
2022-09-26,5971.2500,5973.0000,5734.5500,5778.2500
2022-09-27,5818.6500,5840.4500,5647.7000,5728.6500
2022-09-28,5666.1500,5733.5000,5603.0000,5617.6500
2022-09-29,5688.8500,5775.3500,5635.5500,5645.9500
2022-09-30,5659.5000,5814.9500,5600.2500,5768.2000
2022-10-01,5714.6500,5729.3500,5666.1000,5718.8000
2022-10-02,6015.5000,6081.9500,6000.9500,6059.4500
2022-10-03,5772.0000,5772.0000,5555.0000,5593.9500
2022-10-04,5731.7500,5778.8500,5662.0000,5769.3000
2022-10-05,5896.9000,5938.1500,5614.1000,5633.8500
2022-10-06,5204.2000,5220.6000,5153.1000,5199.9500
2022-10-07,5941.1500,5946.3500,5864.6000,5931.5500
2022-10-08,5694.8000,5782.9500,5632.0500,5759.6000
2022-10-10,5844.8000,5927.3500,5821.8000,5916.4000
2022-10-11,5926.6500,5951.8500,5771.3500,5785.9500
2022-10-12,5810.9000,5813.7500,5718.3000,5798.1500
2022-10-13,5838.6000,5869.9500,5751.1500,5804.2500
2022-10-14,5902.3500,5914.8500,5757.3500,5767.2000
2022-10-17,5740.5000,5759.4500,5656.1000,5711.4000
2022-10-18,5756.4500,5788.4500,5752.3000,5775.0500
2022-10-19,5791.5000,5808.9500,5726.5500,5736.1500
2022-10-20,5692.1000,5812.8000,5668.8500,5801.7000
2022-10-21,5817.7000,5826.3500,5701.0000,5748.3500
2022-10-24,5791.8000,5803.0500,5777.1500,5789.0500
2022-10-25,5783.3500,5865.4500,5765.7500,5812.4500
2022-10-27,5877.9500,5981.1500,5871.6500,5970.2500
2022-10-28,5968.1000,5974.4000,5843.7000,5883.3500
2022-10-31,5883.2500,5913.5000,5855.3000,5896.3500
2022-11-01,5860.7000,6048.1500,5858.5500,6036.9500
2022-11-02,6035.3000,6114.1000,6034.1500,6075.7000
2022-11-03,6019.8500,6099.8000,6008.1000,6068.7500
2022-11-04,6107.9000,6332.7000,6103.2000,6324.1500
2022-11-05,5649.2000,5734.4500,5500.0000,5634.1500
2022-11-07,6367.3000,6449.3500,6296.0500,6423.8500
2022-11-08,5806.6500,5809.6500,5739.8500,5758.8500
2022-11-09,6438.3000,6451.9000,6345.9500,6364.0500
2022-11-10,5926.6500,5951.8500,5771.3500,5785.9500
2022-11-11,6387.4000,6459.5000,6377.4500,6447.2000
2022-11-14,6480.4000,6594.4000,6472.9000,6558.5000
2022-11-15,6570.4000,6603.2000,6521.8000,6589.5500
2022-11-16,6587.8000,6594.5000,6395.3000,6461.6000
2022-11-17,6444.1500,6480.0500,6367.6000,6455.7000
2022-11-18,6471.4000,6498.5000,6400.0500,6444.4000
2022-11-21,6505.1500,6506.3500,6375.7500,6392.2500
2022-11-22,6403.5000,6456.9500,6370.0000,6448.8500
2022-11-23,6483.9500,6490.9500,6409.9000,6422.8500
2022-11-24,6441.3500,6452.0000,6387.4000,6440.7000
2022-11-25,6442.7500,6464.9000,6400.5500,6455.1500
2022-11-28,6427.8000,6445.5500,6371.0000,6381.3500
2022-11-29,6390.8000,6481.8500,6386.2500,6447.3500
2022-11-30,6464.1500,6584.7500,6459.4500,6564.2000
2022-12-01,5669.9500,5699.4000,5653.9500,5685.0000
2022-12-02,6663.0000,6715.6000,6642.1500,6694.5000
2022-12-04,6753.1000,6760.1500,6499.7000,6589.2500
2022-12-05,6739.8000,6835.3500,6717.7000,6819.7500
2022-12-06,6795.8500,6798.8500,6734.5000,6768.8500
2022-12-07,6783.0000,6795.4500,6694.3500,6709.3000
2022-12-08,6725.5500,6782.6000,6707.6000,6756.9500
2022-12-09,6065.8500,6091.3000,6051.8000,6080.9500
2022-12-10,5810.9000,5813.7500,5718.3000,5798.1500
2022-12-12,6661.9500,6723.2000,6592.4000,6708.1500
2022-12-13,6739.3500,6756.4000,6691.8500,6722.0000
2022-12-14,6754.0000,6815.7000,6746.7000,6805.8500
2022-12-15,6791.4000,6827.8500,6691.3000,6708.5500
2022-12-16,6673.0500,6724.1000,6615.7500,6657.7000
2022-12-19,6667.8500,6757.5000,6660.1000,6742.4500
2022-12-20,6720.0500,6758.5500,6637.5000,6750.3000
2022-12-21,6785.5500,6802.9500,6565.5500,6593.6500
2022-12-22,6630.6500,6652.8500,6463.5000,6519.2500
2022-12-23,6449.2000,6474.6000,6205.5000,6228.0000
2022-12-26,6241.7500,6394.6000,6194.5000,6364.6000
2022-12-27,6422.4500,6644.3000,6411.6500,6633.9500
2022-12-28,6611.1000,6664.7500,6585.4500,6615.7500
2022-12-29,6567.7500,6699.5500,6556.3000,6687.1000
2022-12-30,6739.4000,6804.6000,6704.4500,6723.4000
2023-01-02,6513.5500,6551.2000,6092.0000,6177.0500
2023-01-03,6897.2500,6907.3500,6838.5500,6850.0500
2023-01-04,6844.6000,6848.5000,6693.5000,6705.8500
2023-01-05,6733.7500,6777.2000,6668.2000,6761.2000
2023-01-06,5907.3000,5944.6500,5876.4000,5884.2000
2023-01-08,6793.8500,6819.8500,6751.1000,6770.1500
2023-01-09,6766.1000,6819.5000,6747.6500,6792.9000
2023-01-10,6820.5500,6855.9500,6657.5000,6741.7000
2023-01-11,6447.2000,6455.8500,6346.3000,6359.9000
2023-01-12,6815.8000,6817.0500,6749.8500,6783.6500
2023-01-13,6800.7000,6879.1500,6790.9000,6869.8000
2023-01-16,6895.6500,6905.3000,6751.5500,6779.2500
2023-01-17,6776.5000,6807.3500,6709.1000,6793.5000
2023-01-18,6814.2500,6919.6000,6806.5500,6905.8000
2023-01-19,6814.6500,6893.0000,6803.7500,6867.3000
2023-01-20,6858.2000,6893.7000,6791.3000,6805.2500
2023-01-23,6816.0000,6843.0500,6758.0000,6777.8500
2023-01-24,6800.2500,6808.8500,6705.9000,6717.6000
2023-01-25,6708.4000,6746.8500,6653.1000,6703.8000
2023-01-27,6710.3000,6719.5500,6323.8500,6389.2500
2023-01-30,6426.4500,6531.1000,6221.1500,6371.6500
2023-01-31,6426.5000,6530.8000,6370.6000,6468.4000
2023-02-01,6513.5500,6551.2000,6092.0000,6177.0500
2023-02-02,6256.9500,6278.1500,5867.0500,5908.2000
2023-02-03,5464.9000,5522.4500,5428.2000,5473.3500
2023-02-05,5828.4000,5911.2500,5820.7000,5882.0000
2023-02-06,5934.7000,5967.7000,5906.8500,5956.0000
2023-02-07,5695.3000,5815.8500,5657.5500,5757.3500
2023-02-08,6757.6000,6757.6000,6580.3000,6633.4500
2023-02-09,5990.8500,5992.2000,5776.4000,5880.7000
2023-02-10,5808.4500,5873.0000,5753.5000,5773.6000
2023-02-11,6371.3500,6481.4000,6371.3500,6448.9500
2023-02-13,5772.4500,5850.8000,5682.5500,5704.7500
2023-02-14,5739.1000,5824.2500,5658.7500,5762.8500
2023-02-15,5767.5000,5819.6000,5747.3000,5789.6500
2023-02-16,5837.6500,5868.8000,5820.6500,5860.7500
2023-02-17,5852.2500,5906.8000,5787.7000,5807.7000
2023-02-20,5783.4500,5805.3000,5716.2500,5762.9500
2023-02-21,5797.6000,5824.6000,5731.9500,5744.1500
2023-02-22,5727.6500,5751.3000,5564.9500,5592.3000
2023-02-23,5594.7000,5680.1500,5583.8500,5611.8000
2023-02-24,5643.3500,5654.0500,5429.4000,5443.6000
2023-02-27,5435.7500,5436.3500,5231.9000,5313.7500
2023-02-28,5308.3000,5326.2000,5209.3500,5269.1000
2023-03-01,6897.2500,6907.3500,6838.5500,6850.0500
2023-03-02,5899.8500,5937.8500,5580.2500,5901.9500
2023-03-03,5548.2500,5694.4000,5547.2000,5667.9000
2023-03-04,5523.3500,5524.3000,5445.4000,5477.8500
2023-03-05,5856.3000,5869.0500,5787.1000,5824.2500
2023-03-06,5726.8000,5799.6000,5648.1000,5679.5500
2023-03-07,6254.4000,6308.7500,6243.4500,6275.4500
2023-03-08,5670.3000,5691.3500,5587.3000,5679.2500
2023-03-09,5719.1000,5776.1500,5670.1500,5682.7500
2023-03-10,5586.8000,5658.3500,5548.1500,5635.7000
2023-03-11,6487.3500,6517.4000,6469.5500,6479.1500
2023-03-13,5660.3500,5733.5500,5568.6000,5585.2500
2023-03-14,5603.5000,5612.8500,5470.8000,5517.3500
2023-03-15,5581.7500,5651.9500,5581.6000,5616.5000
2023-03-16,5578.7500,5581.5500,5409.7000,5471.7500
2023-03-17,5552.5500,5614.8500,5496.2000,5602.6000
2023-03-20,5565.7000,5568.2000,5420.4500,5470.8500
2023-03-21,5514.1000,5524.1000,5472.3500,5494.5000
2023-03-22,5512.2500,5556.8000,5475.7000,5492.3500
2023-03-23,5464.0500,5528.7000,5451.5500,5497.8500
2023-03-24,5520.8000,5522.2000,5358.3500,5372.9000
2023-03-27,5390.7500,5418.1500,5363.0000,5372.8500
2023-03-28,5398.6500,5412.7500,5304.4500,5330.3000
2023-03-29,5344.9500,5484.0000,5321.6500,5460.2000
2023-03-31,5519.5500,5546.9000,5475.4000,5497.4500
2023-04-01,6844.6000,6848.5000,6693.5000,6705.8500
2023-04-03,5523.3500,5524.3000,5445.4000,5477.8500
2023-04-05,5841.0000,5902.9000,5830.5000,5895.0500
2023-04-06,5495.2500,5556.7000,5466.6500,5528.1000
2023-04-07,6301.6500,6315.8500,6243.1000,6275.2000
2023-04-08,6658.8000,6676.6500,6608.0500,6622.9000
2023-04-09,6911.4500,7042.5500,6851.0000,7007.0500
2023-04-10,6771.4500,6789.4500,6686.0500,6725.9500
2023-04-11,5601.4500,5673.8500,5590.3000,5668.2500
2023-04-12,7270.4500,7275.5500,7190.0500,7202.6000
2023-04-13,5697.1000,5717.7000,5655.9000,5710.0500
2023-04-17,5704.3000,5741.1000,5697.3500,5734.5000
2023-04-18,5745.6000,5772.8500,5712.9500,5749.0000
2023-04-19,5758.0500,5839.9000,5750.0500,5779.6500
2023-04-20,5784.9000,5805.7000,5751.9000,5756.9500
2023-04-21,5764.3500,5764.5000,5644.2000,5677.9000
2023-04-24,5666.6000,5711.7000,5647.3000,5703.3000
2023-04-25,5704.1000,5774.8500,5697.7000,5738.2500
2023-04-26,5715.8500,5720.6500,5668.5000,5713.2000
2023-04-27,5707.5500,5762.8500,5688.9000,5753.7500
2023-04-28,5782.4000,5805.3500,5765.9000,5799.4000
2023-05-01,6733.7500,6777.2000,6668.2000,6761.2000
2023-05-02,5828.4000,5911.2500,5820.7000,5882.0000
2023-05-03,5856.3000,5869.0500,5787.1000,5824.2500
2023-05-04,5841.0000,5902.9000,5830.5000,5895.0500
2023-05-05,5902.4500,5902.4500,5798.3500,5807.0500
2023-05-06,5991.1500,5998.9000,5956.2000,5975.9000
2023-05-07,6285.1000,6314.4500,6270.0500,6292.3000
2023-05-08,5835.3000,5861.6000,5796.6500,5845.6500
2023-05-09,5856.2500,5914.2000,5820.6000,5836.8500
2023-05-10,5843.6500,5861.1000,5804.4000,5822.1000
2023-05-11,5848.9000,5848.9000,5789.6500,5797.3000
2023-05-12,5784.4500,5784.4500,5683.5000,5690.9000
2023-05-15,5698.5500,5723.2500,5625.7500,5701.7500
2023-05-16,5732.7000,5753.6500,5672.8500,5683.4500
2023-05-17,5677.7500,5680.5000,5612.1500,5632.8500
2023-05-18,5666.5500,5703.7000,5594.7500,5601.6500
2023-05-19,5620.5500,5629.7500,5544.9500,5618.0500
2023-05-22,5641.9500,5806.6000,5620.2500,5797.5000
2023-05-23,5855.8000,5993.4500,5848.7000,5947.7000
2023-05-24,5965.9000,5981.0000,5842.5000,5855.1500
2023-05-25,5830.4000,5885.2000,5786.8500,5872.5500
2023-05-26,5888.6500,5948.4000,5876.4500,5935.4000
2023-05-29,5973.3000,6016.2500,5956.3000,5991.2000
2023-05-30,6001.8500,6013.3000,5925.9000,5936.5500
2023-05-31,5900.7000,5926.6500,5848.4000,5890.0500
2023-06-01,6773.2500,6804.7500,6681.7000,6697.3000
2023-06-02,5882.5500,5882.5500,5751.1500,5772.4000
2023-06-03,5726.8000,5799.6000,5648.1000,5679.5500
2023-06-04,5495.2500,5556.7000,5466.6500,5528.1000
2023-06-05,5991.1500,5998.9000,5956.2000,5975.9000
2023-06-06,6002.8500,6012.3500,5943.5500,5967.4500
2023-06-07,6297.8000,6331.5500,6262.5500,6325.3500
2023-06-08,6072.4500,6149.2500,6056.6500,6067.7000
2023-06-09,6093.4500,6099.7500,6017.4500,6039.3500
2023-06-10,6752.5500,6792.3500,6719.7000,6744.4000
2023-06-11,6527.0500,6577.9500,6505.7500,6567.1000
2023-06-12,6068.3500,6101.3000,6048.2000,6076.3000
2023-06-13,6110.4500,6157.8500,6088.2500,6127.6500
2023-06-14,6163.5000,6225.8000,6158.5000,6214.7500
2023-06-15,6230.8000,6236.2500,6190.2000,6203.0500
2023-06-16,6244.2500,6265.3000,6214.7000,6231.5000
2023-06-19,6260.8500,6285.2000,6166.6000,6203.5000
2023-06-20,6214.1000,6279.4000,6184.9000,6246.6500
2023-06-21,6264.4000,6270.1000,6158.2500,6187.7500
2023-06-22,6193.9000,6244.6000,6158.4500,6190.9500
2023-06-23,6164.8000,6166.2000,6023.1500,6037.2000
2023-06-26,6037.8000,6098.3000,5988.6000,6083.1000
2023-06-27,6117.1000,6156.1000,6112.4500,6127.6500
2023-06-28,6167.2000,6238.0500,6151.8500,6211.0500
2023-06-30,6236.4000,6238.1500,6186.4500,6209.1000
2023-07-02,5695.3000,5815.8500,5657.5500,5757.3500
2023-07-03,6254.4000,6308.7500,6243.4500,6275.4500
2023-07-04,6301.6500,6315.8500,6243.1000,6275.2000
2023-07-05,6285.1000,6314.4500,6270.0500,6292.3000
2023-07-06,5995.0000,6062.1500,5968.7500,6057.7500
2023-07-07,6305.8500,6343.5500,6253.3500,6279.2500
2023-07-08,6655.7000,6659.7500,6580.6500,6622.1500
2023-07-09,6972.3000,6998.3000,6935.9500,6981.1500
2023-07-10,6300.3500,6408.5000,6284.7000,6385.1000
2023-07-11,6405.6500,6413.4500,6361.7500,6369.1000
2023-07-12,7437.3000,7450.4500,7360.1500,7369.8500
2023-07-13,6419.9000,6451.2000,6355.3000,6379.7000
2023-07-14,6431.4000,6487.1500,6403.8500,6469.4500
2023-07-17,6500.4000,6554.8500,6482.1500,6500.5500
2023-07-18,6511.4000,6541.0000,6427.4500,6446.7500
2023-07-19,6470.6500,6497.7000,6452.7000,6474.5500
2023-07-20,6493.3000,6493.6000,6455.9500,6485.2500
2023-07-21,6471.9000,6538.0000,6432.7500,6442.3000
2023-07-24,6442.1000,6448.3000,6384.6000,6395.5500
2023-07-25,6426.2000,6591.0000,6411.3500,6583.6500
2023-07-26,6610.4000,6617.3500,6580.3500,6604.9500
2023-07-27,6626.8000,6674.6000,6556.2000,6581.5500
2023-07-28,6593.0500,6647.6500,6551.1000,6640.8000
2023-07-31,6643.6500,6767.8500,6643.6500,6758.2000
2023-08-01,6793.8500,6819.8500,6751.1000,6770.1500
2023-08-02,6757.6000,6757.6000,6580.3000,6633.4500
2023-08-03,5670.3000,5691.3500,5587.3000,5679.2500
2023-08-04,6658.8000,6676.6500,6608.0500,6622.9000
2023-08-05,5835.3000,5861.6000,5796.6500,5845.6500
2023-08-06,6072.4500,6149.2500,6056.6500,6067.7000
2023-08-07,6655.7000,6659.7500,6580.6500,6622.1500
2023-08-08,6635.0500,6635.9500,6537.6000,6544.8000
2023-08-09,6996.2500,7018.1500,6951.0000,6977.9000
2023-08-10,6679.9500,6747.1000,6663.6500,6723.3000
2023-08-11,6609.9500,6635.0500,6583.0000,6626.3000
2023-08-12,7399.4000,7487.8000,7277.9500,7362.9000
2023-08-14,6643.5000,6648.1500,6513.1000,6545.9500
2023-08-16,6534.6500,6536.5500,6455.1000,6484.1000
2023-08-17,6487.1500,6508.3000,6433.5500,6480.5000
2023-08-18,6485.4500,6537.7000,6444.7500,6493.7000
2023-08-21,6534.3500,6587.8500,6513.0000,6578.4000
2023-08-22,6606.3500,6647.7500,6596.5000,6634.4000
2023-08-23,6676.1000,6708.2000,6610.7000,6625.5500
2023-08-24,6677.8000,6706.3500,6594.9000,6602.8500
2023-08-25,6589.6000,6597.4000,6510.0500,6519.3500
2023-08-28,6563.7000,6591.2000,6525.1000,6533.3000
2023-08-29,6559.6500,6630.6500,6536.2500,6616.7000
2023-08-30,6653.7500,6711.5500,6646.3500,6677.8000
2023-08-31,6678.4500,6705.0500,6631.2500,6659.3500
2023-09-01,6766.1000,6819.5000,6747.6500,6792.9000
2023-09-02,5990.8500,5992.2000,5776.4000,5880.7000
2023-09-03,5719.1000,5776.1500,5670.1500,5682.7500
2023-09-04,6911.4500,7042.5500,6851.0000,7007.0500
2023-09-05,7021.7000,7064.2000,6954.1000,7039.1500
2023-09-06,7053.3500,7054.0500,6934.9000,6983.7000
2023-09-07,6972.3000,6998.3000,6935.9500,6981.1500
2023-09-08,6996.2500,7018.1500,6951.0000,6977.9000
2023-09-10,6673.4500,6680.9500,6586.7000,6647.1500
2023-09-11,6636.6500,6653.7500,6593.1500,6599.6500
2023-09-12,7167.1000,7168.5000,6901.6500,6914.5500
2023-09-13,6934.0000,6985.5000,6851.5000,6943.6500
2023-09-14,6996.0500,7120.2500,6986.4500,7046.9000
2023-09-15,7095.0000,7113.6500,7011.0500,7035.8000
2023-09-18,7073.1000,7073.1000,6949.3500,6957.8000
2023-09-20,6945.0000,6980.1000,6830.5500,6844.0500
2023-09-21,6847.1500,6878.7500,6786.6500,6806.6000
2023-09-22,6809.0500,6824.6000,6722.7500,6761.8000
2023-09-25,6783.2000,6783.5000,6721.6000,6754.2500
2023-09-26,6776.9500,6841.6000,6751.2500,6775.3000
2023-09-27,6759.1500,6786.9000,6708.3000,6777.3000
2023-09-28,6791.3500,6839.6500,6690.4500,6712.0000
2023-09-29,6767.8500,6869.9500,6764.2000,6839.3000
2023-10-01,6820.5500,6855.9500,6657.5000,6741.7000
2023-10-02,5808.4500,5873.0000,5753.5000,5773.6000
2023-10-03,6833.5000,6837.4000,6771.4500,6798.0000
2023-10-04,6771.4500,6789.4500,6686.0500,6725.9500
2023-10-05,6756.6000,6775.8500,6699.6000,6709.1000
2023-10-06,6752.5500,6792.3500,6719.7000,6744.4000
2023-10-07,6300.3500,6408.5000,6284.7000,6385.1000
2023-10-08,6679.9500,6747.1000,6663.6500,6723.3000
2023-10-09,6673.4500,6680.9500,6586.7000,6647.1500
2023-10-10,6674.9000,6808.6000,6666.9000,6783.1500
2023-10-11,6837.5000,6862.9000,6804.6500,6812.1500
2023-10-12,6828.7500,6910.5000,6826.2000,6863.0500
2023-10-13,6811.6500,6840.5500,6775.3000,6820.8000
2023-10-16,6827.0000,6914.8500,6808.6000,6882.8000
2023-10-17,6927.6000,6941.6500,6884.4500,6902.0000
2023-10-18,6925.0000,6967.6000,6850.8500,6863.4000
2023-10-19,6808.8500,6823.3000,6739.3500,6803.3000
2023-10-20,6782.5000,6823.4000,6694.1000,6712.7500
2023-10-23,6725.0000,6729.2000,6480.1000,6494.0000
2023-10-25,6552.2500,6610.1500,6460.8000,6503.6500
2023-10-26,6466.3000,6472.8000,6348.7000,6398.0500
2023-10-27,6436.4500,6488.5500,6430.1500,6453.1000
2023-10-30,6478.4000,6488.9500,6417.6000,6467.9500
2023-10-31,6521.5500,6521.5500,6423.6500,6452.4500
2023-11-01,6779.0000,6820.9500,6744.3500,6792.1500
2023-11-02,6371.3500,6481.4000,6371.3500,6448.9500
2023-11-03,6487.3500,6517.4000,6469.5500,6479.1500
2023-11-04,5601.4500,5673.8500,5590.3000,5668.2500
2023-11-05,5848.9000,5848.9000,5789.6500,5797.3000
2023-11-06,6527.0500,6577.9500,6505.7500,6567.1000
2023-11-07,6405.6500,6413.4500,6361.7500,6369.1000
2023-11-08,6722.4000,6729.7000,6652.9000,6688.8500
2023-11-09,7020.3500,7114.8000,7001.7500,7104.4000
2023-11-10,6837.5000,6862.9000,6804.6500,6812.1500
2023-11-12,7388.8500,7449.6000,7355.1000,7439.7000
2023-11-13,6692.8000,6739.7500,6670.6500,6714.1000
2023-11-15,6782.4500,6851.4500,6775.6000,6792.4000
2023-11-16,6792.3500,6828.1000,6747.5500,6792.4000
2023-11-17,6792.6500,6837.1000,6783.5000,6803.9000
2023-11-20,6820.1500,6853.5500,6767.0500,6771.5500
2023-11-21,6817.4500,6889.0500,6814.2500,6854.2000
2023-11-22,6865.2500,6874.6500,6768.2000,6792.6500
2023-11-23,6808.7500,6836.4000,6774.2000,6828.3500
2023-11-24,6849.7000,6891.2000,6828.0500,6874.2500
2023-11-28,6949.0500,7021.6000,6922.7000,7001.6500
2023-11-29,7046.8500,7055.8500,7002.6000,7016.4000
2023-11-30,7028.2500,7047.3500,6957.5500,7017.4500
2023-12-01,6815.8000,6817.0500,6749.8500,6783.6500
2023-12-04,5699.2000,5709.7000,5670.9000,5695.5500
2023-12-05,7203.3000,7445.4500,7197.2500,7423.4000
2023-12-06,7507.6500,7512.6500,7354.9500,7425.3500
2023-12-07,7437.3000,7450.4500,7360.1500,7369.8500
2023-12-08,7399.4000,7487.8000,7277.9500,7362.9000
2023-12-09,7167.1000,7168.5000,6901.6500,6914.5500
2023-12-10,6828.7500,6910.5000,6826.2000,6863.0500
2023-12-11,6707.3500,6708.9500,6682.1000,6689.5500
2023-12-12,7457.7500,7533.1000,7429.7500,7462.6000
2023-12-13,7479.2500,7539.3000,7411.4000,7528.2000
2023-12-14,7604.2500,7634.7500,7567.3000,7574.2500
2023-12-15,7654.6000,7751.1500,7634.2000,7735.3500
2023-12-18,7712.1000,7790.3000,7638.8000,7768.5500
2023-12-19,7788.8500,7799.0500,7674.8500,7716.6500
2023-12-20,7752.4500,7766.7500,7393.0500,7421.5500
2023-12-21,7353.0000,7551.3000,7310.4500,7524.0000
2023-12-22,7580.9500,7662.4500,7571.7500,7652.6500
2023-12-26,7698.0500,7762.9000,7674.6500,7739.8000
2023-12-27,7780.3500,7863.7500,7769.4500,7847.7500
2023-12-28,7890.0000,7946.5500,7871.9500,7926.3500
2023-12-29,7940.5000,8016.4500,7874.1000,7978.0000
2024-01-01,7995.5500,8055.6000,7966.4500,7999.8000
2024-01-02,8017.9500,8042.7000,7866.3500,8023.9000
2024-01-03,8042.5500,8045.9500,7860.5500,7878.4000
2024-01-04,7926.1500,7930.2500,7874.4000,7883.0500
2024-01-05,7905.9000,7992.2000,7823.0000,7871.8000
2024-01-07,9849.6500,9913.6500,9842.3000,9882.8000
2024-01-08,9690.8500,9759.6000,9513.6000,9573.2000
2024-01-09,7819.7000,7863.6000,7775.8000,7808.3000
2024-01-10,7811.3000,7893.1500,7729.7500,7882.6500
2024-01-11,7926.3500,7940.0500,7857.9500,7876.1500
2024-01-12,7912.6500,7938.8000,7870.3000,7898.3500
2024-01-15,7941.4000,7945.1000,7827.6000,7864.1000
2024-01-16,7889.0500,7973.2000,7808.1000,7941.8500
2024-01-17,7852.9000,7852.9000,7683.7000,7693.5500
2024-01-18,7697.5500,7708.3500,7484.9500,7629.1000
2024-01-19,7683.5500,7748.5000,7668.3500,7732.3500
2024-01-20,7767.5500,7790.1000,7702.1500,7752.5000
2024-01-23,7780.5500,7792.0500,7470.1500,7486.8500
2024-01-24,7523.0500,7717.4500,7504.2000,7708.6500
2024-01-25,7744.3500,7746.5000,7626.3000,7719.6500
2024-01-29,7766.6500,7853.9500,7748.5000,7843.7500
2024-01-30,7880.9500,7978.9500,7852.6000,7864.0000
2024-01-31,7872.6000,7986.5500,7858.6500,7973.1000
2024-02-01,8017.9500,8042.7000,7866.3500,8023.9000
2024-02-02,7953.2000,8115.2000,7928.4000,8078.2500
2024-02-03,8259.5500,8345.8500,8237.7500,8337.8000
2024-02-04,8573.0000,8702.3500,8527.7500,8690.8500
2024-02-05,9186.5500,9341.4000,9177.6000,9279.5500
2024-02-06,8137.2000,8255.9500,8028.3500,8238.2500
2024-02-07,9901.9500,9942.6000,9798.3500,9835.7000
2024-02-08,8314.3000,8344.2500,8197.1000,8221.8500
2024-02-09,8235.4500,8239.2000,7935.3000,8095.6000
2024-02-12,8135.7500,8182.9500,7863.2500,7901.6500
2024-02-13,7806.5000,7806.8000,7547.2000,7737.8500
2024-02-14,7694.6000,7885.9000,7666.7000,7874.8000
2024-02-15,7943.9500,7987.1500,7890.2000,7910.6000
2024-02-16,7968.5500,8022.2000,7928.8500,7976.4500
2024-02-19,8018.3500,8035.5000,7965.0000,7981.2500
2024-02-20,8004.5500,8007.5000,7904.5000,7955.8000
2024-02-21,8037.7000,8118.9000,7937.2500,7976.4500
2024-02-22,8026.6000,8078.3000,7950.5000,8069.4000
2024-02-23,8103.9000,8112.8000,8032.5000,8047.7500
2024-02-26,8058.5000,8081.4000,7945.4000,7971.7500
2024-02-27,7987.5000,8016.4500,7957.0000,8000.5500
2024-02-28,8030.9000,8049.1000,7824.5500,7850.3500
2024-02-29,7859.7500,7965.9500,7812.0000,7921.9000
2024-03-01,8042.5500,8045.9500,7860.5500,7878.4000
2024-03-02,8259.5500,8345.8500,8237.7500,8337.8000
2024-03-04,8678.3000,8781.6000,8634.4500,8691.2000
2024-03-05,9352.9000,9401.5500,9170.3000,9276.3000
2024-03-06,10195.6000,10195.6000,9933.3000,10048.5500
2024-03-07,8290.5500,8436.5500,8281.7000,8371.3000
2024-03-09,9331.4000,9344.0500,9245.4000,9254.7500
2024-03-10,10129.8000,10322.0500,10123.7500,10155.0000
2024-03-11,8407.8000,8410.2500,8235.0500,8250.7500
2024-03-12,8256.2000,8273.5000,8065.3000,8108.4000
2024-03-13,8110.8500,8121.2000,7578.3500,7647.4000
2024-03-14,7663.5000,7814.4000,7591.8500,7799.9500
2024-03-15,7802.0500,7855.4500,7684.8500,7802.6500
2024-03-18,7781.6000,8015.5500,7742.6000,7996.9000
2024-03-19,7992.6000,8086.1500,7877.9500,7923.6000
2024-03-20,7957.1500,7999.2500,7770.9000,7860.9000
2024-03-21,7974.4500,8069.2000,7953.0500,8052.7500
2024-03-22,8029.8500,8169.4500,7983.3500,8130.8000
2024-03-26,8109.1000,8201.2500,8103.7000,8161.2000
2024-03-27,8191.3000,8219.8500,8146.3500,8154.9500
2024-03-28,8191.2500,8320.9000,8173.9000,8257.2000
2024-04-01,7926.1500,7930.2500,7874.4000,7883.0500
2024-04-02,8573.0000,8702.3500,8527.7500,8690.8500
2024-04-03,8337.0000,8375.2500,8229.3500,8318.9500
2024-04-04,8797.3000,8813.0500,8608.4000,8684.4500
2024-04-05,8676.9500,8746.7500,8578.6500,8699.0500
2024-04-06,9986.4000,9988.2000,8534.9500,8980.1500
2024-04-07,9989.5000,10027.9500,9928.5000,9936.8000
2024-04-08,8789.3000,8808.1500,8712.2000,8794.6500
2024-04-09,9136.0000,9222.3500,9111.1000,9185.5000
2024-04-10,8970.1500,9054.9500,8949.7000,8999.6000
2024-04-11,9393.5000,9398.7000,9118.7000,9242.9000
2024-04-12,9017.8500,9028.4500,8906.1500,8951.3000
2024-04-15,8902.3000,9060.8000,8744.8000,8899.7000
2024-04-16,8864.6000,8968.2500,8800.5500,8851.9500
2024-04-18,8916.6000,9025.1000,8786.1000,8824.2500
2024-04-19,8783.8000,8923.5500,8670.5000,8909.0000
2024-04-22,8995.7000,9041.3500,8904.1500,8931.2000
2024-04-23,8972.7000,8972.8500,8879.4500,8900.4500
2024-04-24,8932.1000,9158.4000,8920.8000,9140.1000
2024-04-25,9135.8500,9253.8500,9063.5000,9242.0000
2024-04-26,9283.6500,9377.1000,9212.2000,9222.6500
2024-04-29,9320.3000,9323.0500,9217.7000,9268.8000
2024-04-30,9326.6000,9327.5500,9162.2000,9175.8000
2024-05-01,7905.9000,7992.2000,7823.0000,7871.8000
2024-05-02,9186.5500,9341.4000,9177.6000,9279.5500
2024-05-03,9352.9000,9401.5500,9170.3000,9276.3000
2024-05-04,8676.9500,8746.7500,8578.6500,8699.0500
2024-05-06,9326.2500,9338.2500,9078.2500,9189.7500
2024-05-07,9223.2500,9223.8000,8897.5500,8969.9000
2024-05-08,8940.3500,9130.6000,8931.0000,9102.3500
2024-05-09,9213.8000,9249.2000,9198.7500,9212.9500
2024-05-10,8886.2500,8990.7000,8807.8500,8977.4500
2024-05-11,9245.5000,9525.3000,9234.1000,9505.4000
2024-05-12,9251.4000,9325.4500,9154.6500,9282.7500
2024-05-13,8970.6000,9106.7000,8789.9500,9094.8000
2024-05-14,9148.7500,9373.9500,9135.5000,9347.1500
2024-05-15,9389.4000,9492.5000,9361.3000,9376.9000
2024-05-16,9423.4500,9465.8500,9262.0000,9405.4000
2024-05-17,9422.2000,9582.5000,9403.1500,9557.9500
2024-05-18,9586.4000,9633.3000,9568.0500,9608.8000
2024-05-21,9671.4500,10002.3000,9645.3000,9981.1500
2024-05-22,10051.7000,10051.7000,9845.5000,9919.4500
2024-05-23,9872.8000,9977.6000,9738.3500,9959.4500
2024-05-24,9966.1000,10060.2500,9907.2000,9928.4000
2024-05-27,9997.7500,10022.5500,9847.4000,9866.4000
2024-05-28,9910.6500,9996.8500,9788.0500,9815.0500
2024-05-29,9830.8000,9927.8500,9763.8000,9841.2000
2024-05-30,9800.4500,9808.5500,9517.4000,9545.2500
2024-05-31,9631.5000,9783.8000,9574.0500,9723.6000
2024-06-02,8137.2000,8255.9500,8028.3500,8238.2500
2024-06-03,10195.6000,10195.6000,9933.3000,10048.5500
2024-06-04,9986.4000,9988.2000,8534.9500,8980.1500
2024-06-05,9077.6000,9524.3000,8736.5000,9496.6000
2024-06-06,9592.9500,9733.9000,9556.5000,9632.5000
2024-06-07,9641.3500,9857.4000,9577.5500,9833.6000
2024-06-08,8955.5500,9086.6500,8865.0000,8888.9500
2024-06-09,9224.8500,9263.4500,9101.9500,9161.1500
2024-06-10,9853.4500,9865.1000,9750.3500,9795.8500
2024-06-11,9813.3000,9890.2500,9777.1000,9789.5500
2024-06-12,9828.2000,9888.5500,9802.0000,9838.3500
2024-06-13,9907.0000,9937.8500,9798.1000,9840.2500
2024-06-14,9872.2000,9925.0500,9796.8500,9912.1000
2024-06-18,9957.3000,9988.0500,9881.1500,9890.2000
2024-06-19,9933.1000,9937.8000,9747.0500,9773.3000
2024-06-20,9803.2500,10016.3500,9764.7000,9951.0500
2024-06-21,9988.7500,10042.8500,9910.0000,9990.9000
2024-06-24,9912.8500,9967.6500,9807.4000,9926.8500
2024-06-25,9961.9000,9994.5000,9833.2000,9857.4500
2024-06-26,9821.2500,9832.5500,9701.3000,9714.3000
2024-06-27,9720.8000,9814.8500,9646.1000,9767.4000
2024-06-28,9793.5000,9889.2500,9784.6500,9814.3000
2024-07-01,9849.6500,9913.6500,9842.3000,9882.8000
2024-07-02,8324.1000,8348.2500,8224.1500,8276.6500
2024-07-03,9868.9000,9952.8000,9835.5500,9940.1000
2024-07-04,9989.5000,10027.9500,9928.5000,9936.8000
2024-07-05,9223.2500,9223.8000,8897.5500,8969.9000
2024-07-06,9641.3500,9857.4000,9577.5500,9833.6000
2024-07-08,9992.8500,9993.7000,9840.8000,9877.3500
2024-07-09,9923.5500,9957.7000,9853.3500,9881.9000
2024-07-10,10157.7500,10177.6000,9778.9000,9886.3000
2024-07-11,9646.2500,9657.7500,9355.9000,9392.8500
2024-07-12,9763.9500,9782.7500,9653.1500,9708.2000
2024-07-15,9721.5500,9752.6500,9635.0500,9729.6000
2024-07-16,9775.0000,9821.9000,9708.3000,9722.0000
2024-07-18,9719.9500,9724.1000,9587.7000,9636.9500
2024-07-19,9611.3500,9614.0000,9241.1500,9256.3000
2024-07-22,9211.2500,9366.1000,9154.5500,9350.6000
2024-07-23,9383.6000,9391.8000,8964.0500,9263.1000
2024-07-24,9272.4000,9328.9500,9225.3500,9267.1500
2024-07-25,9152.9500,9181.4500,9093.7500,9148.0000
2024-07-26,9240.0500,9448.3500,9215.7500,9423.4000
2024-07-29,9510.7500,9520.3500,9416.8500,9450.3000
2024-07-30,9441.5500,9512.4500,9367.4000,9468.3500
2024-07-31,9550.7500,9611.1000,9499.7500,9583.4000
2024-08-01,9690.8500,9759.6000,9513.6000,9573.2000
2024-08-02,9440.3500,9448.3000,9301.5000,9314.5500
2024-08-04,8789.3000,8808.1500,8712.2000,8794.6500
2024-08-05,8940.3500,9130.6000,8931.0000,9102.3500
2024-08-06,8955.5500,9086.6500,8865.0000,8888.9500
2024-08-07,9064.2500,9152.0500,8993.4500,9128.4500
2024-08-08,9115.0000,9115.8000,8953.8000,8969.2500
2024-08-09,9086.7500,9099.0500,8987.3000,9038.3000
2024-08-10,9817.5500,9836.7500,9574.7000,9794.4500
2024-08-11,9432.4000,9473.8000,9262.3500,9308.9000
2024-08-12,8970.2000,9149.3000,8902.6000,9106.2500
2024-08-13,9164.1000,9171.5000,8941.1500,8957.1500
2024-08-14,8989.2500,8992.8000,8727.8000,8844.3000
2024-08-16,8938.7000,9009.7000,8871.7500,8994.1000
2024-08-19,9033.4500,9173.3500,9031.4500,9161.9500
2024-08-20,9224.9000,9225.2500,9132.7000,9204.6500
2024-08-21,9185.2000,9313.5500,9174.4500,9264.0500
2024-08-22,9309.7000,9333.0000,9273.1500,9326.2500
2024-08-23,9344.4500,9352.4500,9273.3000,9290.5000
2024-08-26,9349.8000,9512.2000,9322.6000,9490.7500
2024-08-27,9499.9000,9518.4500,9424.3000,9432.7500
2024-08-28,9460.6500,9461.2000,9375.5000,9414.8000
2024-08-29,9392.3500,9404.9000,9266.6500,9369.9500
2024-08-30,9390.6500,9457.2000,9369.9000,9405.2500
2024-09-01,7819.7000,7863.6000,7775.8000,7808.3000
2024-09-02,8235.4500,8239.2000,7935.3000,8095.6000
2024-09-03,9331.4000,9344.0500,9245.4000,9254.7500
2024-09-04,9136.0000,9222.3500,9111.1000,9185.5000
2024-09-05,9213.8000,9249.2000,9198.7500,9212.9500
2024-09-06,9224.8500,9263.4500,9101.9500,9161.1500
2024-09-07,9923.5500,9957.7000,9853.3500,9881.9000
2024-09-08,9086.7500,9099.0500,8987.3000,9038.3000
2024-09-09,9136.1000,9137.5500,8993.3500,9099.0000
2024-09-10,9140.6500,9231.7500,9100.0500,9156.2000
2024-09-11,9160.0500,9169.7000,9010.2500,9028.2000
2024-09-12,9144.3500,9305.6000,9068.9500,9290.8500
2024-09-13,9342.9000,9442.6500,9327.5500,9370.6500
2024-09-16,9432.8000,9500.8500,9406.4000,9427.7000
2024-09-17,9445.3500,9463.9000,9369.6000,9388.1500
2024-09-18,9381.7500,9384.2000,9253.9500,9310.5500
2024-09-19,9370.9000,9387.1000,9122.9500,9251.2000
2024-09-20,9337.8500,9451.7000,9329.1000,9404.3000
2024-09-23,9461.6500,9466.3500,9403.4000,9454.8500
2024-09-24,9531.3500,9745.3000,9522.1500,9735.4000
2024-09-25,9816.7500,9869.5000,9734.6500,9777.1500
2024-09-26,9793.4000,9999.2000,9702.7500,9985.7000
2024-09-27,10058.8500,10167.4000,10043.6500,10064.6000
2024-09-30,10124.1000,10263.6500,10119.6500,10198.3500
2024-10-01,7811.3000,7893.1500,7729.7500,7882.6500
2024-10-03,10129.8000,10322.0500,10123.7500,10155.0000
2024-10-04,8970.1500,9054.9500,8949.7000,8999.6000
2024-10-05,8886.2500,8990.7000,8807.8500,8977.4500
2024-10-06,9853.4500,9865.1000,9750.3500,9795.8500
2024-10-07,9899.8000,9921.8500,9600.1000,9722.8000
2024-10-08,9817.5500,9836.7500,9574.7000,9794.4500
2024-10-09,9140.6500,9231.7500,9100.0500,9156.2000
2024-10-10,9799.6500,9882.4000,9779.7500,9839.9500
2024-10-11,9858.1500,10011.8000,9855.8500,9932.7000
2024-10-12,9496.9500,9562.3000,9427.8500,9475.3500
2024-10-14,9968.0500,10062.6500,9881.4500,9905.0000
2024-10-15,9938.6000,9956.3500,9722.6500,9762.0500
2024-10-16,9743.5000,9828.7000,9694.1000,9741.7000
2024-10-17,9786.9000,9816.3000,9574.8500,9603.3000
2024-10-18,9579.1500,9780.0000,9484.2000,9753.9000
2024-10-21,9802.8000,9858.7500,9594.1000,9606.8000
2024-10-22,9597.1000,9627.0000,9301.4500,9318.8000
2024-10-23,9315.6500,9432.2500,9247.3500,9295.2500
2024-10-24,9304.0500,9314.7000,9151.1500,9273.4500
2024-10-25,9295.2500,9300.3000,8924.5500,9048.9500
2024-10-28,9056.6000,9314.7000,9001.7500,9278.4000
2024-10-29,9297.7000,9358.2500,9097.3000,9338.7500
2024-10-30,9305.3500,9427.8500,9267.7500,9342.4500
2024-10-31,9338.9500,9365.6000,9279.4500,9326.8500
2024-11-01,7926.3500,7940.0500,7857.9500,7876.1500
2024-11-03,8407.8000,8410.2500,8235.0500,8250.7500
2024-11-04,9393.5000,9398.7000,9118.7000,9242.9000
2024-11-05,9245.5000,9525.3000,9234.1000,9505.4000
2024-11-06,9813.3000,9890.2500,9777.1000,9789.5500
2024-11-07,9646.2500,9657.7500,9355.9000,9392.8500
2024-11-08,9432.4000,9473.8000,9262.3500,9308.9000
2024-11-09,9160.0500,9169.7000,9010.2500,9028.2000
2024-11-10,9858.1500,10011.8000,9855.8500,9932.7000
2024-11-11,9281.6000,9294.3500,9166.3000,9216.2500
2024-11-12,9266.1500,9304.4500,9049.9000,9078.5000
2024-11-13,9039.2500,9061.4500,8802.2000,8836.7500
2024-11-14,8866.8000,8948.6000,8812.9000,8828.7000
2024-11-18,8918.3000,9129.6500,8894.8000,8996.6500
2024-11-19,9017.3500,9067.8000,8897.5500,8920.3500
2024-11-21,8816.0500,8832.5000,8652.1500,8717.4000
2024-11-22,8712.1000,8872.1500,8658.3500,8846.2000
2024-11-25,8973.6000,8978.9500,8865.9500,8883.0000
2024-11-26,8907.3000,8981.0500,8867.3000,8916.7000
2024-11-27,8930.2000,9004.0500,8864.1000,8987.3500
2024-11-28,9020.4500,9074.8500,8947.0000,8964.8500
2024-11-29,8994.5500,9074.2000,8955.3500,9034.0000
2024-12-01,7912.6500,7938.8000,7870.3000,7898.3500
2024-12-02,9032.5000,9143.6000,8996.3000,9133.6000
2024-12-03,8256.2000,8273.5000,8065.3000,8108.4000
2024-12-04,9264.7000,9283.6500,9155.8500,9230.1000
2024-12-05,9251.4000,9325.4500,9154.6500,9282.7500
2024-12-06,9300.3000,9416.6000,9270.1000,9397.1500
2024-12-07,9763.9500,9782.7500,9653.1500,9708.2000
2024-12-08,8970.2000,9149.3000,8902.6000,9106.2500
2024-12-09,9397.6000,9462.4000,9299.8500,9455.2500
2024-12-10,9496.9500,9562.3000,9427.8500,9475.3500
2024-12-11,9266.1500,9304.4500,9049.9000,9078.5000
2024-12-12,9522.5500,9537.7000,9417.4000,9507.7500
2024-12-13,9460.7000,9465.1000,9239.1000,9439.3000
2024-12-16,9446.4500,9469.9000,9311.7000,9347.7500
2024-12-17,9332.8000,9357.3000,9171.1500,9194.9500
2024-12-18,9207.5000,9220.6000,9030.6500,9069.9000
2024-12-19,8901.3500,8989.1000,8854.7000,8977.2000
2024-12-20,8981.8000,9051.2000,8788.9500,8813.2500
2024-12-23,8902.0500,8979.4500,8828.4500,8891.4000
2024-12-24,8875.3000,8897.0000,8786.8000,8817.6000
2024-12-26,8835.9000,8853.2500,8757.7500,8805.2500
2024-12-27,8820.5000,8869.8000,8707.6500,8720.7000
2024-12-30,8720.8500,8753.3000,8584.0000,8609.8500
2024-12-31,8590.7000,8679.9500,8573.3500,8649.9000
2025-01-01,8646.6000,8667.7000,8580.2500,8639.9000
2025-01-02,8420.5000,8443.9000,8161.3000,8298.5000
2025-01-03,8723.7000,8817.1500,8710.9000,8729.9500
2025-01-04,9015.8500,9127.0500,8975.5500,9016.8500
2025-01-06,8740.6500,8740.8000,8430.5000,8455.5000
2025-01-07,9551.9500,9573.9500,9453.3000,9564.5500
2025-01-08,8558.3500,8567.2000,8436.8500,8503.2000
2025-01-09,8474.1000,8501.7500,8386.3500,8398.8500
2025-01-10,8391.1500,8412.4500,8204.4500,8262.9500
2025-01-12,10390.9000,10418.9000,10314.6000,10353.2000
2025-01-13,8194.6500,8198.4500,7935.3500,7951.3500
2025-01-14,7978.1500,8283.8000,7977.9000,8267.5000
2025-01-15,8323.0000,8353.9000,8236.3500,8280.9500
2025-01-16,8389.6500,8450.3000,8367.8000,8422.0000
2025-01-17,8435.9000,8556.3500,8412.2000,8521.7000
2025-01-20,8558.3000,8643.4500,8473.5000,8613.3500
2025-01-21,8661.6000,8696.4500,8520.1000,8532.1000
2025-01-22,8560.7000,8560.7500,8332.1000,8470.2500
2025-01-23,8448.9000,8557.7000,8409.3500,8515.5500
2025-01-24,8523.1500,8617.7000,8417.5000,8438.8000
2025-01-27,8333.4500,8348.0000,8170.2500,8189.8000
2025-01-28,8218.0500,8259.1500,8055.1500,8157.4500
2025-01-29,8183.0500,8321.5500,8153.8000,8308.6500
2025-01-30,8320.3500,8437.5500,8250.7000,8299.7500
2025-01-31,8278.8000,8409.2000,8190.9000,8399.7000
2025-02-01,8420.5000,8443.9000,8161.3000,8298.5000
2025-02-03,8187.9500,8196.0500,7979.5500,8155.1500
2025-02-04,8229.1500,8358.6500,8227.8000,8301.4500
2025-02-05,8590.1500,8714.5500,8458.6000,8518.4000
2025-02-06,9130.7500,9161.2000,9047.9500,9128.5500
2025-02-07,9584.3500,9747.5500,9538.7500,9699.2000
2025-02-09,9318.9000,9432.1000,9269.7000,9384.3500
2025-02-10,8560.9000,8563.7500,8319.3500,8359.2500
2025-02-11,8302.1500,8423.9000,8182.2500,8213.5500
2025-02-12,10344.1500,10366.2000,10292.6500,10315.8500
2025-02-13,8263.7000,8459.1500,8256.0500,8336.3500
2025-02-14,8380.4500,8460.8000,8097.8000,8187.5000
2025-02-17,8155.4000,8261.3500,8028.8000,8250.2000
2025-02-18,8263.1000,8278.2000,8119.8000,8255.6000
2025-02-19,8201.3500,8380.9500,8167.2000,8359.2000
2025-02-20,8341.1500,8538.4000,8336.4000,8523.0000
2025-02-21,8528.9000,8657.3000,8498.7000,8609.7000
2025-02-24,8506.1500,8557.0500,8378.2000,8422.8000
2025-02-25,8413.6500,8437.0000,8282.1000,8293.4500
2025-02-27,8308.9500,8364.6500,8241.0000,8334.8000
2025-02-28,8272.2500,8272.2500,8119.5500,8219.2500
2025-03-01,8723.7000,8817.1500,8710.9000,8729.9500
2025-03-02,8187.9500,8196.0500,7979.5500,8155.1500
2025-03-03,8244.7000,8344.5500,8085.5500,8316.3000
2025-03-04,8197.2000,8393.0000,8157.9000,8347.7500
2025-03-05,8322.2000,8693.9000,8322.1500,8685.2000
2025-03-06,8762.5000,8947.2500,8734.6500,8888.6500
2025-03-07,8870.3000,8978.0500,8853.2500,8926.9000
2025-03-09,9406.3500,9685.8000,9406.3500,9676.4000
2025-03-10,10108.9000,10346.9500,10108.6500,10277.1000
2025-03-11,10644.0500,10720.4500,10628.9500,10652.8000
2025-03-12,10340.3500,10347.1500,10168.3500,10265.2000
2025-03-13,8897.7500,8920.4000,8763.1000,8777.6500
2025-03-17,8810.2000,8910.0000,8803.8500,8845.2500
2025-03-18,8923.0000,9041.6000,8892.4500,9033.4500
2025-03-19,9142.3000,9185.2000,9076.8500,9148.5500
2025-03-20,9219.5000,9274.0000,9092.4000,9254.1000
2025-03-21,9282.8500,9291.6500,9166.4000,9203.5500
2025-03-24,9261.2500,9305.5500,9200.9500,9262.8500
2025-03-25,9291.3500,9299.1500,9098.2000,9132.9000
2025-03-26,9150.6500,9212.7000,9078.4000,9097.7000
2025-03-27,9066.8500,9178.7000,9057.1000,9159.8000
2025-03-28,9172.9000,9235.2000,9045.1000,9092.5000
2025-04-01,9015.8500,9127.0500,8975.5500,9016.8500
2025-04-02,8229.1500,8358.6500,8227.8000,8301.4500
2025-04-03,8197.2000,8393.0000,8157.9000,8347.7500
2025-04-04,8936.9500,8945.5000,8375.3500,8414.4500
2025-04-06,9129.4500,9204.0000,9064.6500,9177.4000
2025-04-07,7691.0000,7930.8000,7690.2000,7846.3500
2025-04-08,9127.4000,9350.6000,9102.1500,9327.8500
2025-04-09,7924.8500,7924.8500,7764.4500,7847.5000
2025-04-11,10651.6000,10670.5500,10483.7500,10499.0500
2025-04-12,10324.2500,10376.0000,10248.3500,10271.4500
2025-04-15,8332.4000,8446.3000,8282.8500,8429.8500
2025-04-16,8427.4000,8478.4500,8332.8000,8454.8000
2025-04-17,8403.0000,8515.9000,8348.5000,8476.5000
2025-04-21,8502.7500,8674.0000,8469.0000,8653.5000
2025-04-22,8759.1500,8783.4000,8658.5000,8669.5000
2025-04-23,8738.6500,8747.6500,8589.3000,8737.3000
2025-04-24,8729.5000,8793.3000,8705.4000,8753.3000
2025-04-25,8790.1500,8833.7500,8487.4000,8569.7500
2025-04-28,8554.2000,8717.0500,8551.1500,8689.9000
2025-04-29,8711.3000,8762.4000,8596.0500,8607.1500
2025-04-30,8600.8500,8666.1500,8524.5500,8581.8000
2025-05-02,8313.7500,8467.8000,8312.7500,8427.1000
2025-05-03,8322.2000,8693.9000,8322.1500,8685.2000
2025-05-05,8523.1000,8640.7000,8505.9000,8600.1500
2025-05-06,9204.7500,9258.9500,9162.0000,9231.5000
2025-05-07,8428.5500,8635.7500,8428.2000,8608.0500
2025-05-08,9347.1500,9374.3000,9290.1500,9336.0500
2025-05-09,9612.6000,9700.9000,9572.1000,9681.6500
2025-05-12,10274.5000,10366.7500,10189.7000,10340.3500
2025-05-13,8907.9000,8928.1000,8814.8000,8834.6500
2025-05-14,8881.0000,9085.0500,8881.0000,9052.1000
2025-05-15,9067.1000,9223.4000,9029.6500,9210.0500
2025-05-16,9222.0000,9242.9000,9175.9500,9201.8500
2025-05-19,9222.1000,9251.5500,9161.6500,9210.7500
2025-05-20,9285.6500,9343.3500,9140.3500,9156.0500
2025-05-21,9185.8500,9232.3000,9124.4500,9208.1500
2025-05-22,9208.5500,9234.4500,9111.0000,9179.6500
2025-05-23,9205.1000,9277.6500,9170.7500,9249.6000
2025-05-26,9282.9000,9379.5000,9254.1500,9336.4500
2025-05-27,9338.8500,9365.4500,9262.9500,9294.9500
2025-05-28,9309.0000,9321.6500,9228.2000,9239.5000
2025-05-29,9313.7500,9378.6500,9279.1500,9351.6500
2025-05-30,9351.7000,9384.4500,9178.7500,9193.2500
2025-06-01,8740.6500,8740.8000,8430.5000,8455.5000
2025-06-02,9130.7500,9161.2000,9047.9500,9128.5500
2025-06-03,9148.3000,9204.2000,9113.3500,9122.3000
2025-06-04,9129.4500,9204.0000,9064.6500,9177.4000
2025-06-05,8622.1000,8655.6000,8498.9000,8524.7000
2025-06-06,9261.7000,9418.6500,9246.5500,9406.4500
2025-06-08,9368.6500,9368.6500,9256.6000,9298.7500
2025-06-09,9450.0500,9523.9000,9418.1000,9477.0000
2025-06-10,10303.1000,10315.4000,10147.0000,10185.5000
2025-06-11,10416.6500,10437.9000,10245.2500,10281.9000
2025-06-12,9503.7500,9511.1000,9323.8500,9348.5000
2025-06-13,9165.0500,9311.0000,9156.9000,9258.8000
2025-06-16,9272.5000,9381.6500,9167.1000,9358.2500
2025-06-17,9349.9000,9366.9000,9211.2000,9224.4000
2025-06-18,9215.4500,9238.8000,9120.5500,9158.2500
2025-06-19,9156.1500,9158.2500,8997.3500,9040.4500
2025-06-20,9035.3500,9194.9000,9025.1000,9138.6000
2025-06-23,9083.0000,9245.0500,9064.1000,9198.5500
2025-06-24,9290.7000,9395.7000,9261.1500,9291.1000
2025-06-25,9351.7000,9354.2500,9311.1500,9329.2000
2025-06-26,9360.4500,9554.9000,9354.3500,9544.5500
2025-06-27,9592.8000,9678.4500,9563.4000,9578.2000
2025-06-30,9604.2000,9610.0500,9510.8000,9534.8000
2025-07-01,9551.9500,9573.9500,9453.3000,9564.5500
2025-07-02,9584.3500,9747.5500,9538.7500,9699.2000
2025-07-03,9720.7000,9786.1500,9610.9000,9623.4500
2025-07-04,7691.0000,7930.8000,7690.2000,7846.3500
2025-07-05,8428.5500,8635.7500,8428.2000,8608.0500
2025-07-07,9577.9000,9578.5500,9496.8500,9522.1500
2025-07-08,9253.4000,9328.7500,9144.1000,9310.6500
2025-07-09,9554.4000,9554.4500,9266.6500,9384.5000
2025-07-10,9403.7000,9463.2000,9366.4000,9423.5500
2025-07-11,9411.1500,9476.6500,9373.1000,9382.8500
2025-07-14,9379.6500,9472.8000,9352.5500,9407.9500
2025-07-15,9430.9000,9444.3000,9344.3500,9411.9500
2025-07-16,9407.1500,9412.4500,9334.0500,9360.7000
2025-07-17,9383.0500,9473.3000,9358.3000,9423.3500
2025-07-18,9439.8500,9509.0500,9398.7500,9458.2000
2025-07-21,9510.9000,9585.3500,9492.7500,9555.5000
2025-07-22,9576.2500,9598.8500,9522.3000,9533.3000
2025-07-23,9558.2000,9594.8500,9519.4000,9579.0500
2025-07-24,9595.7000,9644.7500,9554.3000,9582.3000
2025-07-25,9579.9500,9584.9000,9406.4000,9425.1000
2025-07-28,9418.1000,9432.5000,9288.5000,9316.4500
2025-07-29,9279.6500,9427.3500,9279.6500,9409.7000
2025-07-30,9426.6500,9464.6000,9379.2000,9399.7500
2025-07-31,9290.8000,9402.4500,9255.8500,9285.4500
2025-08-01,8558.3500,8567.2000,8436.8500,8503.2000
2025-08-04,8080.9000,8161.4000,7800.8500,7965.6000
2025-08-05,8618.2500,8640.2500,8378.7000,8428.4000
2025-08-06,9368.6500,9368.6500,9256.6000,9298.7500
2025-08-07,9524.2500,9560.2000,9483.8000,9517.4000
2025-08-08,9309.6500,9327.3000,9127.2500,9147.1000
2025-08-09,9722.6000,9816.9500,9708.4000,9717.8500
2025-08-10,10181.0500,10209.5000,10089.0500,10136.5500
2025-08-11,9153.3500,9227.2000,9134.4500,9194.8000
2025-08-12,10352.6000,10378.5500,10109.3500,10141.8000
2025-08-13,9285.7000,9424.7500,9275.3000,9345.9500
2025-08-14,9351.2000,9362.2500,9181.7000,9216.2500
2025-08-18,9335.0000,9414.5500,9290.7500,9387.5000
2025-08-19,9412.6000,9463.6000,9369.5500,9457.5000
2025-08-20,9433.7000,9538.9500,9407.8500,9497.7500
2025-08-21,9506.6500,9538.3500,9484.3500,9493.6500
2025-08-22,9494.3500,9499.7500,9363.1500,9375.4500
2025-08-25,9419.9000,9477.0000,9396.7000,9436.7500
2025-08-26,9412.8500,9414.6000,9256.8000,9280.0500
2025-08-28,9274.1000,9312.1000,9191.7000,9210.5000
2025-08-29,9226.9000,9238.7500,9132.2000,9154.8000
2025-09-01,9169.3500,9316.7000,9163.4000,9305.3000
2025-09-02,9318.9000,9432.1000,9269.7000,9384.3500
2025-09-03,9406.3500,9685.8000,9406.3500,9676.4000
2025-09-04,9734.4500,9736.1500,9605.9500,9616.3500
2025-09-05,9612.6000,9700.9000,9572.1000,9681.6500
2025-09-06,9450.0500,9523.9000,9418.1000,9477.0000
2025-09-07,9554.4000,9554.4500,9266.6500,9384.5000
2025-09-08,9722.6000,9816.9500,9708.4000,9717.8500
2025-09-09,9733.3000,9766.2500,9683.6500,9734.2000
2025-09-10,9767.6000,9812.2500,9730.8000,9759.4500
2025-09-11,9757.9500,9837.6500,9746.8000,9792.9500
2025-09-12,9828.3500,9902.3500,9800.2500,9883.6000
2025-09-15,9900.6000,9951.4500,9864.9000,9891.0000
2025-09-16,9917.1000,9979.7500,9891.8500,9973.4500
2025-09-17,10005.5500,10018.7000,9833.8000,9923.1500
2025-09-18,9932.0000,9959.6500,9868.3500,9955.1500
2025-09-19,9997.2000,10016.1000,9916.5500,9989.9000
2025-09-22,9984.5000,10079.9500,9980.8000,10029.1000
2025-09-23,10044.9000,10168.2000,9994.2000,10129.0500
2025-09-24,10118.1500,10153.6500,10050.1000,10060.1000
2025-09-25,10082.2000,10187.3500,10057.5500,10082.5500
2025-09-26,10087.1500,10124.6500,9871.8000,9888.2500
2025-09-29,9910.7000,10002.7000,9910.7000,9923.1000
2025-09-30,9978.4500,10082.7500,9963.6500,10038.1500
2025-10-01,10060.3000,10102.4500,9952.0500,10092.9500
2025-10-02,8560.9000,8563.7500,8319.3500,8359.2500
2025-10-03,8924.6500,9042.8000,8825.6000,8850.3000
2025-10-06,9522.4000,9581.8000,9499.0500,9509.7000
2025-10-07,9403.7000,9463.2000,9366.4000,9423.5500
2025-10-08,10181.0500,10209.5000,10089.0500,10136.5500
2025-10-09,9767.6000,9812.2500,9730.8000,9759.4500
2025-10-10,10352.7000,10357.2500,10206.4000,10261.5500
2025-10-11,10474.8000,10534.9500,10465.1000,10484.5000
2025-10-12,10133.2500,10244.8500,10119.3500,10159.0000
2025-10-13,10218.0000,10241.5000,10156.0500,10217.4500
2025-10-14,10291.8500,10340.8000,10053.9000,10116.8000
2025-10-15,10139.9000,10245.7000,10120.1500,10218.0000
2025-10-16,10243.8000,10294.5000,10190.6500,10287.2500
2025-10-17,10286.8000,10315.0500,10153.9500,10199.3000
2025-10-20,10249.9500,10253.2000,10138.3500,10191.8500
2025-10-21,10236.8500,10249.9500,10215.3000,10232.7500
2025-10-23,10287.8000,10319.1000,10225.4500,10241.8500
2025-10-24,10320.7500,10457.4000,10314.8500,10347.4500
2025-10-27,10416.4500,10477.6000,10396.8500,10467.1500
2025-10-28,10465.8500,10624.6500,10455.3000,10596.2000
2025-10-29,10648.3000,10837.4500,10620.1500,10777.5000
2025-10-30,10758.7000,10765.7500,10656.0500,10729.2000
2025-10-31,10717.3000,10724.8500,10601.2500,10612.1500
2025-11-02,8302.1500,8423.9000,8182.2500,8213.5500
2025-11-03,8739.9000,8915.8500,8715.1500,8897.3000
2025-11-04,8136.8000,8229.0000,8031.5000,8168.3000
2025-11-06,9544.8000,9573.6000,9479.7000,9495.8000
2025-11-07,9411.1500,9476.6500,9373.1000,9382.8500
2025-11-08,9153.3500,9227.2000,9134.4500,9194.8000
2025-11-09,9757.9500,9837.6500,9746.8000,9792.9500
2025-11-10,10474.8000,10534.9500,10465.1000,10484.5000
2025-11-11,10538.7500,10589.1500,10418.5000,10559.1000
2025-11-12,10209.4000,10273.0500,10174.6000,10266.8500
2025-11-13,10679.0500,10721.3000,10565.8000,10588.6000
2025-11-14,10578.4000,10578.6500,10446.7500,10494.7500
2025-11-17,10526.2500,10531.5000,10446.6500,10495.8500
2025-11-18,10481.5000,10483.0000,10325.6000,10383.7000
2025-11-19,10386.3500,10417.7000,10351.2500,10384.1500
2025-11-20,10446.7000,10454.2500,10370.2500,10386.0500
2025-11-21,10336.5000,10336.5000,10121.5000,10142.5500
2025-11-24,10163.3000,10183.9000,9997.9000,10017.9000
2025-11-25,10039.6500,10129.2000,10027.9000,10073.4000
2025-11-26,10105.6500,10289.8000,10096.0500,10280.7000
2025-11-27,10334.4000,10379.6000,10211.5500,10273.7500
2025-11-28,10300.3500,10360.1500,10247.1000,10293.0500
2025-12-01,10390.9000,10418.9000,10314.6000,10353.2000
2025-12-02,8205.7000,8316.7500,8060.4500,8268.4000
2025-12-03,10340.3500,10347.1500,10168.3500,10265.2000
2025-12-04,10324.2500,10376.0000,10248.3500,10271.4500
2025-12-05,10274.5000,10366.7500,10189.7000,10340.3500
2025-12-06,9503.7500,9511.1000,9323.8500,9348.5000
2025-12-08,10352.6000,10378.5500,10109.3500,10141.8000
2025-12-09,10126.9000,10149.3000,9968.4000,10112.6500
2025-12-10,10133.2500,10244.8500,10119.3500,10159.0000
2025-12-11,10593.6500,10624.3000,10532.9500,10542.5500
2025-12-12,10335.0500,10553.1500,10331.5000,10536.4500
2025-12-15,10513.6500,10564.9500,10477.3000,10553.1500
2025-12-16,10527.1000,10532.3000,10380.7000,10464.3500
2025-12-17,10520.8000,10551.6000,10449.7500,10490.1500
2025-12-18,10490.2500,10585.4500,10430.5500,10516.1500
2025-12-19,10557.9500,10560.2500,10456.7500,10521.1000
2025-12-22,10602.4500,10721.0000,10575.5000,10669.0000
2025-12-23,10701.4000,10770.6500,10674.9000,10727.0500
2025-12-24,10772.5500,10828.2500,10723.9500,10742.7500
2025-12-26,10780.8000,10836.0500,10741.8000,10806.1500
2025-12-29,10921.6000,10984.5500,10751.0000,10789.1000
2025-12-30,10797.0000,11029.6500,10755.3000,11007.6500
2025-12-31,11154.4500,11216.0500,11108.9000,11167.6500
2026-01-01,11177.2500,11269.2000,11152.2500,11256.0000
2026-01-02,11429.5000,11676.8000,11187.2000,11348.6500
2026-01-04,11447.5500,11573.0000,11374.5500,11412.0500
2026-01-06,13505.1500,13569.1000,13395.9500,13506.5500
2026-01-07,12515.3000,12522.9000,12375.0500,12394.7500
2026-01-09,13239.1500,13370.0000,13127.7000,13189.8500
2026-01-10,12713.7500,12743.8000,12275.9000,12460.7000
2026-02-01,11280.1000,11433.8000,11276.0500,11421.8500
2026-02-02,11343.1000,11596.3500,11227.9000,11561.5500
2026-02-03,11909.9000,12344.8000,11896.0000,12269.8000
2026-02-04,11307.0500,11481.2500,11052.5500,11456.6000
2026-02-06,13470.5500,13629.1500,13450.0000,13557.6500
2026-02-07,12450.8500,12590.2000,12446.8500,12503.9000
2026-02-09,13105.3000,13160.1500,13030.0000,13157.3500
2026-03-02,11984.5500,12041.3500,11746.2500,11893.2000
2026-03-06,13588.7000,13613.6000,13384.3000,13535.2000
2026-03-07,12653.8000,12744.5500,12577.8500,12598.4500
2026-03-08,12859.4000,12917.6000,12806.9000,12914.5500
2026-03-09,13221.6000,13337.4000,13078.3500,13176.0500
2026-04-02,11959.7000,12104.3000,11937.5000,12044.2500
2026-04-03,12073.0000,12105.2000,11671.5000,11779.7500
2026-04-05,12911.1500,13025.7500,12897.8000,12972.7000
2026-04-06,13492.8500,13545.2500,13412.4500,13436.0000
2026-04-08,12914.2000,13041.1500,12865.2000,13032.3000
2026-04-09,13198.8500,13382.3000,13144.6500,13317.4500
2026-05-01,11469.8500,11532.1000,11429.2500,11490.8000
2026-05-02,11838.2000,11934.1500,11726.1000,11921.2000
2026-05-03,11861.0500,12200.9000,11849.6000,12049.2000
2026-05-05,12955.2000,13041.1000,12880.9500,12989.6000
2026-05-06,13438.3500,13476.2500,13125.8500,13221.6500
2026-05-08,13110.8000,13257.6500,13010.0000,13256.3500
2026-05-10,12532.5000,12650.1000,12389.9500,12498.0000
2026-06-01,11533.0000,11652.7000,11475.6000,11524.0500
2026-06-02,11823.7500,11959.5500,11756.0000,11943.1500
2026-06-03,12013.6500,12166.3000,11922.3500,12000.4500
2026-06-04,11431.4000,11608.7000,11366.1000,11583.5000
2026-06-05,13131.6000,13195.9500,13019.2500,13129.5500
2026-06-07,12648.2000,12739.8000,12595.3500,12722.4500
2026-06-08,13316.2000,13322.8000,13112.3500,13124.6000
2026-06-10,12554.2000,12647.5000,12497.4500,12599.7500
2026-07-01,11567.1500,11612.2500,11492.1500,11524.0000
2026-07-04,11602.7000,11784.4500,11529.4500,11762.6500
2026-07-05,13182.6500,13256.2000,13129.8000,13165.4000
2026-07-07,12689.6000,12707.2500,12553.9000,12582.7500
2026-07-08,13099.0500,13191.8500,13064.7500,13189.8500
2026-07-09,13336.7000,13353.8000,13125.5500,13152.9000
2026-07-10,12525.0500,12552.8500,12302.4500,12306.7000
2026-08-01,11517.4500,11517.7500,11107.1500,11132.0000
2026-08-04,12065.1000,12140.2500,11984.5000,12078.9500
2026-08-05,13156.0000,13167.1500,13030.4000,13050.9500
2026-08-06,13011.1000,13075.5500,12849.9000,12913.6500
2026-08-07,12482.2500,12655.6500,12394.5500,12468.7000
2026-08-09,13192.7000,13266.8500,13134.3500,13155.9500
2026-08-10,12310.4500,12312.1000,11856.5500,11870.0500
2026-09-01,11110.6500,11208.1000,11036.5500,11094.8000
2026-09-02,12129.0500,12243.1500,12019.7500,12129.4500
2026-09-03,11751.7000,11803.8500,11516.6500,11688.8000
2026-09-04,12089.8500,12286.5500,12042.4500,12229.7000
2026-09-06,12968.4500,13011.2000,12877.5000,12987.1000
2026-09-07,12506.3500,12579.4000,12422.0000,12503.3000
2026-09-09,13191.8000,13437.8000,13168.0000,13391.4000
2026-09-10,11912.1500,12040.2000,11823.6000,12000.7500
2026-10-02,12194.1000,12287.6000,12098.0000,12228.3000
2026-10-03,11835.3500,11907.4500,11688.4500,11868.5000
2026-10-04,12317.0500,12387.1500,12225.6000,12356.4000
2026-10-06,12963.5000,12964.3000,12741.7500,12766.4500
2026-10-07,12626.2000,12822.0500,12610.0000,12688.9000
2026-10-08,13220.4500,13296.4500,13158.3000,13226.7000
2026-10-09,13410.4500,13422.4500,13241.7000,13304.9500
2026-11-02,12278.5000,12291.3500,12175.8000,12276.5500
2026-11-03,11929.2000,12103.9500,11793.6500,11822.1000
2026-11-05,12997.5500,13036.8500,12914.6000,12926.4000
2026-11-06,12664.5500,12839.7500,12627.6000,12733.6000
2026-11-08,13261.3000,13289.7000,13073.6500,13100.8000
2026-11-09,13079.8500,13084.1000,12886.1000,12999.0500
2026-12-01,11162.1500,11335.4500,11048.2500,11315.7500
2026-12-02,12257.3000,12325.1000,12206.4500,12279.2000
2026-12-03,11833.7500,11917.5000,11580.9000,11863.9000
2026-12-05,12945.7500,13076.6500,12865.3000,12881.4000
2026-12-06,12928.3000,12933.9500,12744.2500,12854.5000
2026-12-08,13171.6500,13263.3500,13105.3000,13171.4500
