Date,Open,High,Low,Close
2001-01-01,,,,1000.0000
2001-01-02,,,,973.1000
2001-01-03,,,,974.4900
2001-01-04,,,,966.8400
2001-01-05,,,,986.3200
2001-01-06,,,,873.5200
2001-01-08,,,,873.6400
2001-01-09,,,,987.0700
2001-01-10,,,,984.9400
2001-01-11,,,,997.3300
2001-01-12,,,,966.5200
2001-01-15,,,,972.3900
2001-01-16,,,,965.4000
2001-01-17,,,,964.7600
2001-01-18,,,,965.1900
2001-01-19,,,,964.7700
2001-01-22,,,,982.8100
2001-01-23,,,,971.9600
2001-01-24,,,,979.6100
2001-01-25,,,,966.4500
2001-01-29,,,,943.6600
2001-01-30,,,,973.5200
2001-01-31,,,,986.9700
2001-02-01,,,,973.1000
2001-02-02,,,,997.3100
2001-02-03,,,,994.0700
2001-02-04,,,,836.3400
2001-02-05,,,,1000.4300
2001-02-06,,,,1002.3500
2001-02-07,,,,1009.9700
2001-02-08,,,,1007.4500
2001-02-09,,,,1020.4300
2001-02-11,,,,984.9200
2001-02-12,,,,1033.9700
2001-02-13,,,,1025.2100
2001-02-14,,,,1022.0800
2001-02-15,,,,1020.2900
2001-02-16,,,,1007.4300
2001-02-19,,,,1002.7500
2001-02-20,,,,998.6900
2001-02-21,,,,993.2000
2001-02-22,,,,988.0800
2001-02-23,,,,970.3100
2001-02-26,,,,971.2200
2001-02-27,,,,976.1300
2001-02-28,,,,981.7200
2001-03-01,,,,1012.8900
2001-03-02,,,,994.0700
2001-03-04,,,,858.1300
2001-03-05,,,,824.6600
2001-03-07,,,,975.2300
2001-03-08,,,,964.2200
2001-03-09,,,,946.1600
2001-03-10,,,,896.0700
2001-03-12,,,,1002.5400
2001-03-13,,,,863.8600
2001-03-14,,,,879.6200
2001-03-15,,,,916.2500
2001-03-16,,,,900.3200
2001-03-19,,,,892.1200
2001-03-20,,,,893.8300
2001-03-21,,,,907.6000
2001-03-22,,,,912.0800
2001-03-23,,,,887.7300
2001-03-26,,,,876.2900
2001-03-27,,,,889.5900
2001-03-28,,,,916.5000
2001-03-29,,,,899.1800
2001-03-30,,,,874.9000
2001-04-01,,,,966.8400
2001-04-02,,,,836.3400
2001-04-03,,,,858.1300
2001-04-04,,,,852.0700
2001-04-05,,,,840.2500
2001-04-06,,,,817.1100
2001-04-07,,,,830.7100
2001-04-09,,,,809.9100
2001-04-10,,,,799.5300
2001-04-11,,,,763.5000
2001-04-12,,,,749.7100
2001-04-16,,,,749.1800
2001-04-17,,,,774.3800
2001-04-18,,,,813.0300
2001-04-19,,,,844.6100
2001-04-20,,,,862.2000
2001-04-23,,,,852.2400
2001-04-24,,,,862.4200
2001-04-25,,,,854.5500
2001-04-26,,,,848.3000
2001-04-27,,,,830.9200
2001-04-30,,,,844.9200
2001-05-01,,,,986.3200
2001-05-02,,,,841.3900
2001-05-03,,,,986.2500
2001-05-04,,,,840.2500
2001-05-06,,,,855.0100
2001-05-07,,,,823.2200
2001-05-08,,,,843.7800
2001-05-09,,,,854.2100
2001-05-10,,,,920.2300
2001-05-11,,,,980.0100
2001-05-12,,,,1014.0800
2001-05-14,,,,846.8400
2001-05-15,,,,836.5200
2001-05-16,,,,856.8000
2001-05-17,,,,862.6000
2001-05-18,,,,861.7600
2001-05-21,,,,856.1400
2001-05-22,,,,875.1200
2001-05-23,,,,876.5400
2001-05-24,,,,867.4400
2001-05-25,,,,853.6200
2001-05-28,,,,865.2800
2001-05-29,,,,871.4500
2001-05-30,,,,876.0300
2001-05-31,,,,878.8300
2001-06-01,,,,873.5200
2001-06-02,,,,1002.3500
2001-06-04,,,,870.8200
2001-06-05,,,,855.0100
2001-06-06,,,,857.8700
2001-06-07,,,,830.5100
2001-06-08,,,,850.0200
2001-06-09,,,,981.6500
2001-06-11,,,,861.3700
2001-06-12,,,,1006.8700
2001-06-13,,,,863.1700
2001-06-14,,,,859.3300
2001-06-15,,,,842.0800
2001-06-18,,,,833.5500
2001-06-19,,,,837.8600
2001-06-20,,,,842.6700
2001-06-21,,,,842.1900
2001-06-22,,,,846.0800
2001-06-25,,,,839.4500
2001-06-26,,,,869.0300
2001-06-27,,,,857.5200
2001-06-28,,,,861.7900
2001-06-29,,,,858.7000
2001-07-02,,,,1009.9700
2001-07-03,,,,833.5200
2001-07-04,,,,830.7100
2001-07-05,,,,823.2200
2001-07-06,,,,848.9500
2001-07-08,,,,893.0300
2001-07-09,,,,992.8700
2001-07-10,,,,854.2300
2001-07-11,,,,985.4400
2001-07-12,,,,871.2100
2001-07-13,,,,879.8900
2001-07-16,,,,865.7800
2001-07-17,,,,860.8800
2001-07-18,,,,854.8900
2001-07-19,,,,858.4900
2001-07-20,,,,844.3400
2001-07-23,,,,855.9700
2001-07-24,,,,859.2300
2001-07-25,,,,841.0900
2001-07-26,,,,850.5400
2001-07-27,,,,840.5900
2001-07-30,,,,858.6100
2001-07-31,,,,860.3500
2001-08-01,,,,984.7000
2001-08-02,,,,870.8700
2001-08-03,,,,880.4600
2001-08-05,,,,843.7800
2001-08-06,,,,850.0200
2001-08-07,,,,893.0300
2001-08-08,,,,893.7900
2001-08-09,,,,891.6400
2001-08-10,,,,876.4200
2001-08-11,,,,1001.8500
2001-08-13,,,,872.6900
2001-08-14,,,,882.2500
2001-08-16,,,,866.7400
2001-08-17,,,,881.5300
2001-08-20,,,,872.5700
2001-08-21,,,,877.1800
2001-08-23,,,,904.8800
2001-08-24,,,,919.9400
2001-08-27,,,,920.1300
2001-08-28,,,,933.7500
2001-08-29,,,,934.8000
2001-08-30,,,,933.5700
2001-08-31,,,,922.9500
2001-09-01,,,,987.0700
2001-09-02,,,,1020.4300
2001-09-03,,,,927.8400
2001-09-04,,,,921.1000
2001-09-05,,,,854.2100
2001-09-06,,,,981.6500
2001-09-07,,,,837.0000
2001-09-08,,,,891.6400
2001-09-10,,,,989.0000
2001-09-11,,,,979.2600
2001-09-12,,,,968.8500
2001-09-13,,,,939.1400
2001-09-14,,,,898.5000
2001-09-17,,,,871.2900
2001-09-18,,,,906.4100
2001-09-19,,,,934.4300
2001-09-20,,,,922.4700
2001-09-21,,,,904.0700
2001-09-24,,,,890.3800
2001-09-25,,,,883.5400
2001-09-26,,,,890.8700
2001-09-27,,,,897.4800
2001-09-28,,,,907.5700
2001-10-01,,,,984.9400
2001-10-03,,,,896.0700
2001-10-04,,,,799.5300
2001-10-05,,,,852.9300
2001-10-07,,,,854.2300
2001-10-08,,,,876.4200
2001-10-09,,,,989.0000
2001-10-10,,,,921.7200
2001-10-11,,,,911.0300
2001-10-12,,,,1014.8600
2001-10-15,,,,929.9400
2001-10-16,,,,927.9200
2001-10-17,,,,952.5100
2001-10-18,,,,947.9900
2001-10-19,,,,968.0800
2001-10-22,,,,945.1300
2001-10-23,,,,960.0400
2001-10-24,,,,985.2600
2001-10-25,,,,996.0900
2001-10-29,,,,975.2800
2001-10-30,,,,970.7400
2001-10-31,,,,971.8900
2001-11-01,,,,997.3300
2001-11-02,,,,984.9200
2001-11-04,,,,763.5000
2001-11-05,,,,980.0100
2001-11-06,,,,993.3800
2001-11-07,,,,985.4400
2001-11-08,,,,1001.8500
2001-11-09,,,,999.7200
2001-11-10,,,,911.0300
2001-11-12,,,,994.4000
2001-11-13,,,,987.8600
2001-11-14,,,,994.2400
2001-11-15,,,,1007.7400
2001-11-19,,,,982.5600
2001-11-20,,,,956.1100
2001-11-21,,,,963.2600
2001-11-22,,,,978.4300
2001-11-23,,,,974.3100
2001-11-26,,,,978.7400
2001-11-27,,,,995.0200
2001-11-28,,,,1001.8600
2001-11-29,,,,1000.1400
2001-12-01,,,,966.5200
2001-12-02,,,,1033.9700
2001-12-03,,,,1002.5400
2001-12-04,,,,1000.6200
2001-12-05,,,,1014.0800
2001-12-06,,,,1006.8700
2001-12-07,,,,871.2100
2001-12-09,,,,968.8500
2001-12-10,,,,1014.8600
2001-12-11,,,,994.4000
2001-12-12,,,,1015.9000
2001-12-13,,,,1021.4200
2001-12-14,,,,1016.9100
2001-12-18,,,,1011.9300
2001-12-19,,,,992.0400
2001-12-20,,,,985.9300
2001-12-21,,,,981.3000
2001-12-24,,,,978.5800
2001-12-26,,,,970.6500
2001-12-27,,,,956.0900
2001-12-28,,,,962.1600
2001-12-31,,,,973.7200
2002-01-01,,,,979.1900
2002-01-02,,,,990.8000
2002-01-03,,,,1070.8700
2002-01-04,,,,1115.3200
2002-01-07,,,,1034.7700
2002-01-08,,,,1006.6000
2002-01-09,,,,1006.8000
2002-01-10,,,,1002.9600
2002-01-11,,,,1016.1900
2002-01-14,,,,1031.0800
2002-01-15,,,,1033.9600
2002-01-16,,,,1021.6800
2002-01-17,,,,1019.2100
2002-01-18,,,,1026.2000
2002-01-21,,,,1033.9000
2002-01-22,,,,1028.6800
2002-01-23,,,,1035.8900
2002-01-24,,,,1028.6400
2002-01-25,,,,1021.3000
2002-01-28,,,,1012.5900
2002-01-29,,,,1014.3100
2002-01-30,,,,1012.6700
2002-01-31,,,,998.3600
2002-02-01,,,,990.8000
2002-02-04,,,,995.0100
2002-02-05,,,,1104.2100
2002-02-06,,,,1003.0700
2002-02-07,,,,992.1600
2002-02-08,,,,1012.9700
2002-02-09,,,,1035.3700
2002-02-11,,,,1010.9500
2002-02-12,,,,962.4700
2002-02-13,,,,1022.7100
2002-02-14,,,,1019.1900
2002-02-15,,,,1015.8900
2002-02-18,,,,1051.3000
2002-02-19,,,,1039.2900
2002-02-20,,,,1036.5700
2002-02-21,,,,1044.7500
2002-02-22,,,,1065.6500
2002-02-25,,,,1087.5900
2002-02-26,,,,1104.6900
2002-02-27,,,,1086.4100
2002-02-28,,,,1056.8000
2002-03-01,,,,991.3800
2002-03-04,,,,1138.3000
2002-03-05,,,,1110.0900
2002-03-06,,,,1068.4300
2002-03-07,,,,1037.6200
2002-03-08,,,,1080.9000
2002-03-09,,,,1032.7200
2002-03-10,,,,993.6000
2002-03-11,,,,1077.5800
2002-03-12,,,,955.7000
2002-03-13,,,,1088.7900
2002-03-14,,,,1096.1000
2002-03-15,,,,1096.9400
2002-03-18,,,,1091.7000
2002-03-19,,,,1093.2200
2002-03-20,,,,1092.8300
2002-03-21,,,,1090.9000
2002-03-22,,,,1093.6500
2002-03-26,,,,1088.8100
2002-03-27,,,,1095.5300
2002-03-28,,,,1102.1500
2002-04-01,,,,1115.3200
2002-04-02,,,,1125.6300
2002-04-03,,,,1077.3400
2002-04-04,,,,1126.8000
2002-04-05,,,,1128.8400
2002-04-06,,,,1022.5100
2002-04-07,,,,1053.6800
2002-04-08,,,,1140.2700
2002-04-09,,,,1029.4300
2002-04-10,,,,1128.3700
2002-04-11,,,,1132.9100
2002-04-12,,,,1129.2000
2002-04-15,,,,1106.2100
2002-04-16,,,,1115.3000
2002-04-17,,,,1116.2800
2002-04-18,,,,1111.3200
2002-04-19,,,,1093.6400
2002-04-22,,,,1092.8300
2002-04-23,,,,1096.3600
2002-04-24,,,,1110.1500
2002-04-25,,,,1108.3700
2002-04-26,,,,1109.1100
2002-04-29,,,,1089.5400
2002-04-30,,,,1094.3100
2002-05-02,,,,1104.2100
2002-05-03,,,,1110.0900
2002-05-04,,,,1128.8400
2002-05-06,,,,1035.0800
2002-05-07,,,,1117.7200
2002-05-08,,,,1110.7800
2002-05-09,,,,1108.8200
2002-05-10,,,,1102.0800
2002-05-11,,,,907.7200
2002-05-12,,,,953.1500
2002-05-13,,,,1107.3600
2002-05-14,,,,1106.4800
2002-05-15,,,,1100.0800
2002-05-16,,,,1087.9500
2002-05-17,,,,1083.3400
2002-05-20,,,,1066.6400
2002-05-21,,,,1037.3700
2002-05-22,,,,1032.6800
2002-05-23,,,,1021.4200
2002-05-24,,,,1060.2500
2002-05-27,,,,1053.8000
2002-05-28,,,,1021.2500
2002-05-29,,,,1026.7200
2002-05-30,,,,1023.7800
2002-05-31,,,,1011.8700
2002-06-02,,,,1003.0700
2002-06-03,,,,1021.6000
2002-06-04,,,,1022.5100
2002-06-05,,,,1116.6500
2002-06-06,,,,1025.6400
2002-06-07,,,,1012.2100
2002-06-08,,,,1020.8800
2002-06-09,,,,1027.2900
2002-06-10,,,,1039.1000
2002-06-11,,,,1046.9500
2002-06-12,,,,958.7500
2002-06-13,,,,1047.2800
2002-06-14,,,,1057.1000
2002-06-17,,,,1063.2900
2002-06-18,,,,1057.9100
2002-06-19,,,,1054.2800
2002-06-20,,,,1039.9600
2002-06-21,,,,1040.3400
2002-06-24,,,,1037.2300
2002-06-25,,,,1032.5900
2002-06-26,,,,1030.1800
2002-06-27,,,,1036.9100
2002-06-28,,,,1037.8300
2002-07-01,,,,1034.7700
2002-07-02,,,,1037.4700
2002-07-03,,,,1037.6200
2002-07-04,,,,1053.6800
2002-07-05,,,,1117.7200
2002-07-06,,,,1012.2100
2002-07-08,,,,1022.4900
2002-07-09,,,,1052.9800
2002-07-10,,,,991.9800
2002-07-11,,,,902.1900
2002-07-12,,,,1058.6500
2002-07-15,,,,1059.9900
2002-07-16,,,,1057.5900
2002-07-17,,,,1054.8000
2002-07-18,,,,1062.2100
2002-07-19,,,,1073.0700
2002-07-22,,,,1031.7000
2002-07-23,,,,1044.4200
2002-07-24,,,,1035.4200
2002-07-25,,,,1035.4100
2002-07-26,,,,1020.2700
2002-07-29,,,,1021.8000
2002-07-30,,,,1009.7700
2002-07-31,,,,999.6600
2002-08-01,,,,1006.6000
2002-08-02,,,,1010.0300
2002-08-03,,,,1080.9000
2002-08-04,,,,1140.2700
2002-08-05,,,,1110.7800
2002-08-06,,,,1020.8800
2002-08-07,,,,1022.4900
2002-08-08,,,,1010.1000
2002-08-09,,,,1006.5000
2002-08-10,,,,991.6800
2002-08-11,,,,917.5500
2002-08-12,,,,1009.3000
2002-08-13,,,,1012.4100
2002-08-14,,,,1009.0300
2002-08-16,,,,1010.3700
2002-08-19,,,,1003.5000
2002-08-20,,,,1003.3500
2002-08-21,,,,1006.4900
2002-08-22,,,,1012.3400
2002-08-23,,,,1013.7000
2002-08-26,,,,1021.0900
2002-08-27,,,,1023.1200
2002-08-28,,,,1021.0000
2002-08-29,,,,1022.2100
2002-08-30,,,,1029.7000
2002-09-01,,,,1006.8000
2002-09-02,,,,1035.3700
2002-09-03,,,,1032.7200
2002-09-04,,,,1029.4300
2002-09-05,,,,1108.8200
2002-09-06,,,,1027.2900
2002-09-07,,,,1052.9800
2002-09-08,,,,1006.5000
2002-09-09,,,,1019.0400
2002-09-10,,,,998.7700
2002-09-11,,,,1018.1000
2002-09-12,,,,1015.7400
2002-09-13,,,,1010.1500
2002-09-16,,,,1008.6400
2002-09-17,,,,1010.8000
2002-09-18,,,,1007.1700
2002-09-19,,,,1003.4600
2002-09-20,,,,991.2900
2002-09-23,,,,998.7000
2002-09-24,,,,1007.0200
2002-09-25,,,,1013.7400
2002-09-26,,,,1019.2600
2002-09-27,,,,1017.6700
2002-09-30,,,,1012.4600
2002-10-01,,,,1002.9600
2002-10-03,,,,993.6000
2002-10-04,,,,1128.3700
2002-10-05,,,,1102.0800
2002-10-06,,,,1039.1000
2002-10-07,,,,1057.9000
2002-10-08,,,,991.6800
2002-10-09,,,,998.7700
2002-10-10,,,,1004.4500
2002-10-11,,,,1009.4500
2002-10-12,,,,959.0500
2002-10-14,,,,986.5500
2002-10-16,,,,967.4300
2002-10-17,,,,956.7500
2002-10-18,,,,951.1000
2002-10-21,,,,944.8400
2002-10-22,,,,950.9100
2002-10-23,,,,952.5100
2002-10-24,,,,944.5900
2002-10-25,,,,926.7500
2002-10-28,,,,923.9600
2002-10-29,,,,919.8100
2002-10-30,,,,914.4100
2002-10-31,,,,921.1500
2002-11-01,,,,911.2100
2002-11-02,,,,1010.9500
2002-11-03,,,,1077.5800
2002-11-04,,,,1132.9100
2002-11-05,,,,907.7200
2002-11-06,,,,1046.9500
2002-11-07,,,,902.1900
2002-11-08,,,,917.5500
2002-11-09,,,,1018.1000
2002-11-10,,,,1009.4500
2002-11-11,,,,923.5700
2002-11-12,,,,957.9100
2002-11-13,,,,918.2500
2002-11-14,,,,925.7500
2002-11-15,,,,929.3700
2002-11-18,,,,926.2700
2002-11-20,,,,919.7900
2002-11-21,,,,924.1800
2002-11-22,,,,928.5900
2002-11-25,,,,936.0800
2002-11-26,,,,940.4300
2002-11-27,,,,938.7900
2002-11-28,,,,947.7400
2002-11-29,,,,952.6800
2002-12-02,,,,1017.0400
2002-12-03,,,,955.7000
2002-12-04,,,,1129.2000
2002-12-05,,,,953.1500
2002-12-06,,,,1037.1900
2002-12-07,,,,1058.6500
2002-12-08,,,,1009.3000
2002-12-09,,,,1015.7400
2002-12-10,,,,959.0500
2002-12-11,,,,957.9100
2002-12-12,,,,964.5400
2002-12-13,,,,965.7300
2002-12-16,,,,970.6900
2002-12-17,,,,975.9000
2002-12-18,,,,996.6700
2002-12-19,,,,1007.5000
2002-12-20,,,,999.5900
2002-12-23,,,,1009.0000
2002-12-24,,,,1010.1100
2002-12-26,,,,1027.2900
2002-12-27,,,,1030.5400
2002-12-30,,,,1021.4100
2002-12-31,,,,1023.1100
2003-01-01,,,,1034.1300
2003-01-02,,,,1035.9300
2003-01-03,,,,1044.1900
2003-01-04,,,,981.0700
2003-01-06,,,,1054.3300
2003-01-07,,,,1217.7100
2003-01-08,,,,1061.2900
2003-01-09,,,,1525.2700
2003-01-10,,,,1073.6100
2003-01-12,,,,1746.8700
2003-01-13,,,,1076.3300
2003-01-14,,,,1065.8800
2003-01-15,,,,1073.0800
2003-01-16,,,,1078.5800
2003-01-17,,,,1071.5000
2003-01-20,,,,1065.4400
2003-01-21,,,,1064.4500
2003-01-22,,,,1046.4800
2003-01-23,,,,1031.5800
2003-01-24,,,,1035.6300
2003-01-27,,,,1022.6200
2003-01-28,,,,1028.4500
2003-01-29,,,,1040.9600
2003-01-30,,,,1036.6900
2003-01-31,,,,1036.6500
2003-02-01,,,,1035.9300
2003-02-03,,,,1033.3100
2003-02-04,,,,986.4100
2003-02-05,,,,1026.3800
2003-02-06,,,,1045.0200
2003-02-07,,,,1023.6000
2003-02-09,,,,1525.2100
2003-02-10,,,,1011.6400
2003-02-11,,,,1013.1300
2003-02-12,,,,1743.6700
2003-02-14,,,,1005.4400
2003-02-17,,,,1008.0400
2003-02-18,,,,1009.0400
2003-02-19,,,,1013.7000
2003-02-20,,,,1015.2700
2003-02-21,,,,1009.6000
2003-02-24,,,,1010.8500
2003-02-25,,,,1005.2900
2003-02-26,,,,996.9700
2003-02-27,,,,989.9500
2003-02-28,,,,995.6400
2003-03-01,,,,1044.1900
2003-03-02,,,,1033.3100
2003-03-03,,,,1007.3800
2003-03-04,,,,993.7700
2003-03-05,,,,992.5400
2003-03-06,,,,998.6400
2003-03-07,,,,1284.2500
2003-03-09,,,,1497.9900
2003-03-10,,,,993.3100
2003-03-11,,,,991.7200
2003-03-12,,,,976.8200
2003-03-13,,,,967.4800
2003-03-17,,,,965.7100
2003-03-19,,,,956.3400
2003-03-20,,,,978.2500
2003-03-21,,,,983.6200
2003-03-22,,,,987.0000
2003-03-24,,,,984.2100
2003-03-25,,,,986.1700
2003-03-26,,,,985.0700
2003-03-27,,,,986.0300
2003-03-28,,,,978.3100
2003-03-31,,,,973.7100
2003-04-01,,,,981.0700
2003-04-02,,,,986.4100
2003-04-03,,,,993.7700
2003-04-04,,,,995.8000
2003-04-06,,,,1065.6400
2003-04-07,,,,1006.0200
2003-04-08,,,,1265.0700
2003-04-09,,,,1519.2000
2003-04-10,,,,1029.9200
2003-04-11,,,,1706.2200
2003-04-12,,,,1808.8600
2003-04-15,,,,1020.9800
2003-04-16,,,,1009.4600
2003-04-17,,,,1006.1700
2003-04-21,,,,1005.3800
2003-04-22,,,,1002.8800
2003-04-23,,,,997.6500
2003-04-24,,,,998.4300
2003-04-25,,,,1003.4700
2003-04-28,,,,973.6400
2003-04-29,,,,987.4100
2003-04-30,,,,992.6000
2003-05-02,,,,992.6700
2003-05-03,,,,992.5400
2003-05-05,,,,997.6500
2003-05-06,,,,1074.4000
2003-05-07,,,,993.5500
2003-05-08,,,,974.2100
2003-05-09,,,,969.2600
2003-05-11,,,,1718.2800
2003-05-12,,,,1792.6200
2003-05-13,,,,967.4400
2003-05-14,,,,978.6700
2003-05-15,,,,983.4700
2003-05-16,,,,986.3100
2003-05-19,,,,979.8900
2003-05-20,,,,981.3600
2003-05-21,,,,984.7500
2003-05-22,,,,984.7500
2003-05-23,,,,995.3200
2003-05-26,,,,1003.5400
2003-05-27,,,,998.2600
2003-05-28,,,,1007.9300
2003-05-29,,,,1019.4400
2003-05-30,,,,1037.8100
2003-06-01,,,,1054.3300
2003-06-02,,,,1045.0200
2003-06-03,,,,998.6400
2003-06-04,,,,1065.6400
2003-06-05,,,,1074.4000
2003-06-06,,,,1083.2800
2003-06-08,,,,1269.7800
2003-06-09,,,,1096.7100
2003-06-10,,,,1085.8200
2003-06-11,,,,1087.1300
2003-06-12,,,,1097.7200
2003-06-13,,,,1107.1300
2003-06-16,,,,1127.0900
2003-06-17,,,,1152.7300
2003-06-18,,,,1140.0500
2003-06-19,,,,1134.2000
2003-06-20,,,,1139.4700
2003-06-23,,,,1127.9300
2003-06-24,,,,1102.1300
2003-06-25,,,,1122.9400
2003-06-26,,,,1128.0600
2003-06-27,,,,1167.6200
2003-06-30,,,,1201.4100
2003-07-01,,,,1058.9000
2003-07-02,,,,1023.6000
2003-07-03,,,,1284.2500
2003-07-04,,,,1273.3500
2003-07-05,,,,993.5500
2003-07-07,,,,1265.8300
2003-07-08,,,,1289.1500
2003-07-09,,,,1266.0200
2003-07-10,,,,1255.1800
2003-07-11,,,,1264.0900
2003-07-14,,,,1282.2800
2003-07-15,,,,1274.3100
2003-07-16,,,,1278.6900
2003-07-17,,,,1276.2700
2003-07-18,,,,1265.9700
2003-07-21,,,,1241.7200
2003-07-22,,,,1240.4000
2003-07-23,,,,1229.2500
2003-07-24,,,,1244.9400
2003-07-25,,,,1255.1500
2003-07-28,,,,1285.9800
2003-07-29,,,,1293.0300
2003-07-30,,,,1303.8400
2003-07-31,,,,1297.8500
2003-08-01,,,,1283.5600
2003-08-04,,,,1003.1200
2003-08-05,,,,974.2100
2003-08-06,,,,1269.7800
2003-08-07,,,,1289.1500
2003-08-08,,,,1307.2100
2003-08-09,,,,1586.7600
2003-08-10,,,,1550.1600
2003-08-11,,,,1314.0700
2003-08-12,,,,1811.7900
2003-08-13,,,,1316.6800
2003-08-14,,,,1318.5100
2003-08-18,,,,1319.7700
2003-08-19,,,,1316.0400
2003-08-20,,,,1333.6100
2003-08-21,,,,1353.7700
2003-08-22,,,,1385.5400
2003-08-25,,,,1368.1500
2003-08-26,,,,1411.9700
2003-08-27,,,,1423.0900
2003-08-28,,,,1442.1500
2003-08-29,,,,1511.7500
2003-09-01,,,,1070.1100
2003-09-02,,,,1525.2100
2003-09-03,,,,1497.9900
2003-09-04,,,,1519.2000
2003-09-05,,,,1531.4400
2003-09-06,,,,1096.7100
2003-09-07,,,,1266.0200
2003-09-08,,,,1586.7600
2003-09-09,,,,1581.6100
2003-09-10,,,,1575.8900
2003-09-11,,,,1583.7600
2003-09-12,,,,1849.5100
2003-09-15,,,,1502.0900
2003-09-16,,,,1533.8400
2003-09-17,,,,1516.9600
2003-09-18,,,,1481.6100
2003-09-19,,,,1485.4300
2003-09-22,,,,1434.3100
2003-09-23,,,,1435.5800
2003-09-24,,,,1445.1700
2003-09-25,,,,1447.6000
2003-09-26,,,,1465.4400
2003-09-29,,,,1463.5300
2003-09-30,,,,1482.9100
2003-10-01,,,,1073.6100
2003-10-02,,,,1011.6400
2003-10-03,,,,1516.5200
2003-10-04,,,,1029.9200
2003-10-06,,,,1525.2600
2003-10-07,,,,1530.4900
2003-10-08,,,,1550.1600
2003-10-09,,,,1575.8900
2003-10-10,,,,1571.4400
2003-10-11,,,,1675.9900
2003-10-12,,,,1837.5900
2003-10-13,,,,1576.9000
2003-10-14,,,,1602.0900
2003-10-15,,,,1616.8700
2003-10-16,,,,1642.2500
2003-10-17,,,,1631.2300
2003-10-20,,,,1605.2500
2003-10-21,,,,1562.4700
2003-10-22,,,,1560.5800
2003-10-23,,,,1518.1200
2003-10-24,,,,1532.6400
2003-10-25,,,,1546.9400
2003-10-27,,,,1534.4000
2003-10-28,,,,1541.1400
2003-10-29,,,,1546.7500
2003-10-30,,,,1563.7300
2003-10-31,,,,1612.1000
2003-11-02,,,,1013.1300
2003-11-03,,,,991.7200
2003-11-04,,,,1706.2200
2003-11-05,,,,1718.2800
2003-11-06,,,,1689.6200
2003-11-07,,,,1264.0900
2003-11-08,,,,1314.0700
2003-11-09,,,,1583.7600
2003-11-10,,,,1675.9900
2003-11-11,,,,1689.2200
2003-11-12,,,,1686.3800
2003-11-13,,,,1669.9000
2003-11-14,,,,1641.0700
2003-11-15,,,,1654.4000
2003-11-17,,,,1667.0200
2003-11-18,,,,1657.7600
2003-11-19,,,,1642.3800
2003-11-20,,,,1632.4900
2003-11-21,,,,1633.8400
2003-11-24,,,,1645.0000
2003-11-25,,,,1664.8400
2003-11-27,,,,1704.3200
2003-11-28,,,,1708.7100
2003-12-01,,,,1746.8700
2003-12-02,,,,1743.6700
2003-12-03,,,,976.8200
2003-12-04,,,,1808.8600
2003-12-05,,,,962.5700
2003-12-06,,,,1097.7200
2003-12-08,,,,1811.7900
2003-12-09,,,,1849.5100
2003-12-10,,,,1837.5900
2003-12-11,,,,1814.1500
2003-12-12,,,,1810.5100
2003-12-15,,,,1823.4300
2003-12-16,,,,1848.7600
2003-12-17,,,,1861.1300
2003-12-18,,,,1857.5200
2003-12-19,,,,1893.7100
2003-12-22,,,,1893.8900
2003-12-23,,,,1860.4100
2003-12-24,,,,1861.5700
2003-12-26,,,,1889.9000
2003-12-29,,,,1901.7000
2003-12-30,,,,1879.8600
2003-12-31,,,,1875.2200
2004-01-01,,,,1892.8200
2004-01-02,,,,1915.9700
2004-01-03,,,,1714.2600
2004-01-04,,,,1720.5300
2004-01-05,,,,1894.4000
2004-01-06,,,,1882.5700
2004-01-07,,,,1845.6700
2004-01-08,,,,1860.5200
2004-01-09,,,,1682.8600
2004-01-10,,,,1891.6900
2004-01-11,,,,1882.4000
2004-01-12,,,,1850.6200
2004-01-13,,,,1890.3100
2004-01-14,,,,1898.4100
2004-01-15,,,,1874.3000
2004-01-16,,,,1845.0600
2004-01-19,,,,1871.0500
2004-01-20,,,,1848.7000
2004-01-21,,,,1808.0400
2004-01-22,,,,1757.6700
2004-01-23,,,,1797.7800
2004-01-27,,,,1823.6300
2004-01-28,,,,1805.8000
2004-01-29,,,,1800.7800
2004-01-30,,,,1774.5600
2004-02-01,,,,1915.9700
2004-02-03,,,,1726.4600
2004-02-04,,,,1720.6700
2004-02-05,,,,1742.4100
2004-02-06,,,,1730.6900
2004-02-07,,,,1606.5300
2004-02-08,,,,1651.5900
2004-02-09,,,,1738.9500
2004-02-10,,,,1735.5700
2004-02-11,,,,1755.8800
2004-02-12,,,,1764.2400
2004-02-13,,,,1798.4700
2004-02-16,,,,1797.2100
2004-02-17,,,,1818.7600
2004-02-18,,,,1825.6900
2004-02-19,,,,1793.4600
2004-02-20,,,,1783.1500
2004-02-23,,,,1776.0400
2004-02-24,,,,1783.1700
2004-02-25,,,,1769.3900
2004-02-26,,,,1743.3700
2004-02-27,,,,1747.5900
2004-03-01,,,,1714.2600
2004-03-02,,,,1726.4600
2004-03-03,,,,1727.1900
2004-03-04,,,,1729.4200
2004-03-05,,,,1842.3500
2004-03-06,,,,1692.1000
2004-03-08,,,,1644.9200
2004-03-09,,,,1760.8400
2004-03-10,,,,1758.6500
2004-03-11,,,,1746.3000
2004-03-12,,,,1740.6600
2004-03-15,,,,1709.6300
2004-03-16,,,,1679.7300
2004-03-17,,,,1678.2700
2004-03-18,,,,1663.8500
2004-03-19,,,,1660.9200
2004-03-22,,,,1651.2300
2004-03-23,,,,1651.6300
2004-03-24,,,,1640.3500
2004-03-25,,,,1611.5500
2004-03-26,,,,1637.1200
2004-03-29,,,,1652.1500
2004-03-30,,,,1663.1800
2004-03-31,,,,1676.3400
2004-04-01,,,,1720.5300
2004-04-02,,,,1720.6700
2004-04-03,,,,1729.4200
2004-04-05,,,,1849.4400
2004-04-06,,,,1714.9000
2004-04-07,,,,1753.0500
2004-04-08,,,,1773.8800
2004-04-10,,,,1909.6700
2004-04-11,,,,1944.2000
2004-04-12,,,,1782.5200
2004-04-13,,,,1796.2100
2004-04-15,,,,1777.7700
2004-04-16,,,,1792.7000
2004-04-17,,,,1791.7300
2004-04-19,,,,1790.4300
2004-04-20,,,,1789.4100
2004-04-21,,,,1813.3300
2004-04-22,,,,1853.2900
2004-04-23,,,,1853.3000
2004-04-27,,,,1843.4900
2004-04-28,,,,1834.2600
2004-04-29,,,,1859.5100
2004-04-30,,,,1859.7300
2004-05-01,,,,1894.4000
2004-05-02,,,,1742.4100
2004-05-03,,,,1735.3900
2004-05-04,,,,1849.4400
2004-05-05,,,,1861.3900
2004-05-06,,,,1875.0700
2004-05-07,,,,1860.9400
2004-05-08,,,,1650.9200
2004-05-10,,,,1894.2100
2004-05-11,,,,1781.6900
2004-05-12,,,,1804.5700
2004-05-13,,,,1830.1000
2004-05-14,,,,1775.9900
2004-05-17,,,,1631.2400
2004-05-18,,,,1726.4100
2004-05-19,,,,1763.4700
2004-05-20,,,,1750.5200
2004-05-21,,,,1749.2600
2004-05-24,,,,1788.4800
2004-05-25,,,,1777.2500
2004-05-26,,,,1794.5200
2004-05-27,,,,1797.2000
2004-05-28,,,,1740.7300
2004-05-31,,,,1702.8100
2004-06-01,,,,1741.3200
2004-06-02,,,,1730.6900
2004-06-03,,,,1692.1000
2004-06-04,,,,1736.3900
2004-06-05,,,,1875.0700
2004-06-07,,,,1637.7600
2004-06-08,,,,1718.5300
2004-06-09,,,,1689.8100
2004-06-10,,,,1722.2200
2004-06-11,,,,1709.9200
2004-06-12,,,,2022.5500
2004-06-14,,,,1688.8300
2004-06-15,,,,1691.2800
2004-06-16,,,,1678.2600
2004-06-17,,,,1630.8700
2004-06-18,,,,1595.4400
2004-06-21,,,,1552.4600
2004-06-22,,,,1536.5800
2004-06-23,,,,1529.1800
2004-06-24,,,,1545.8900
2004-06-25,,,,1557.2400
2004-06-28,,,,1600.2800
2004-06-29,,,,1603.1300
2004-06-30,,,,1594.9600
2004-07-01,,,,1605.9300
2004-07-02,,,,1606.5300
2004-07-04,,,,1753.0500
2004-07-05,,,,1860.9400
2004-07-06,,,,1637.7600
2004-07-07,,,,1660.5600
2004-07-08,,,,1632.7800
2004-07-09,,,,1694.9700
2004-07-10,,,,1867.4200
2004-07-12,,,,1662.1500
2004-07-13,,,,1655.8900
2004-07-14,,,,1638.7100
2004-07-15,,,,1648.7000
2004-07-16,,,,1651.2100
2004-07-19,,,,1656.0500
2004-07-20,,,,1663.0900
2004-07-21,,,,1661.0500
2004-07-22,,,,1665.4600
2004-07-23,,,,1660.4700
2004-07-26,,,,1664.7600
2004-07-27,,,,1674.5400
2004-07-28,,,,1662.2800
2004-07-29,,,,1668.3000
2004-07-30,,,,1655.6600
2004-08-01,,,,1860.5200
2004-08-02,,,,1651.5900
2004-08-03,,,,1644.9200
2004-08-04,,,,1773.8800
2004-08-05,,,,1650.9200
2004-08-06,,,,1649.2300
2004-08-07,,,,1632.7800
2004-08-09,,,,1717.5700
2004-08-10,,,,1873.4800
2004-08-11,,,,1695.0600
2004-08-12,,,,1690.8900
2004-08-13,,,,1674.2600
2004-08-16,,,,1679.9000
2004-08-17,,,,1679.1900
2004-08-18,,,,1633.5100
2004-08-19,,,,1653.3200
2004-08-20,,,,1637.1400
2004-08-23,,,,1625.5100
2004-08-24,,,,1631.0100
2004-08-25,,,,1634.9200
2004-08-26,,,,1653.0600
2004-08-27,,,,1660.3400
2004-08-30,,,,1686.5600
2004-08-31,,,,1679.9900
2004-09-01,,,,1877.8200
2004-09-02,,,,1677.6700
2004-09-03,,,,1760.8400
2004-09-06,,,,1725.4800
2004-09-07,,,,1656.3500
2004-09-08,,,,1660.1800
2004-09-09,,,,1718.7900
2004-09-10,,,,1870.0300
2004-09-11,,,,1896.6700
2004-09-12,,,,2018.2600
2004-09-13,,,,1796.6700
2004-09-14,,,,1807.2200
2004-09-15,,,,1805.1700
2004-09-16,,,,1818.0300
2004-09-17,,,,1821.8300
2004-09-20,,,,1822.5700
2004-09-21,,,,1857.6600
2004-09-22,,,,1870.4700
2004-09-23,,,,1853.7200
2004-09-24,,,,1877.3000
2004-09-27,,,,1884.8500
2004-09-28,,,,1869.6200
2004-09-29,,,,1860.8500
2004-09-30,,,,1890.6500
2004-10-01,,,,1891.6900
2004-10-02,,,,1735.5700
2004-10-03,,,,1758.6500
2004-10-04,,,,1909.6700
2004-10-05,,,,1894.2100
2004-10-06,,,,1722.2200
2004-10-07,,,,1867.4200
2004-10-08,,,,1683.7800
2004-10-09,,,,1748.4200
2004-10-11,,,,1910.7200
2004-10-12,,,,1842.2600
2004-10-14,,,,1847.5200
2004-10-15,,,,1845.0700
2004-10-18,,,,1859.3600
2004-10-19,,,,1866.4600
2004-10-20,,,,1851.8000
2004-10-21,,,,1847.1400
2004-10-25,,,,1837.7700
2004-10-26,,,,1838.8900
2004-10-27,,,,1849.7500
2004-10-28,,,,1860.2800
2004-10-29,,,,1867.8200
2004-11-01,,,,1882.4000
2004-11-02,,,,1755.8800
2004-11-03,,,,1746.3000
2004-11-04,,,,1944.2000
2004-11-05,,,,1781.6900
2004-11-06,,,,1709.9200
2004-11-08,,,,1695.0600
2004-11-09,,,,1896.6700
2004-11-10,,,,1910.7200
2004-11-11,,,,1911.8300
2004-11-12,,,,1919.2100
2004-11-16,,,,1919.6700
2004-11-17,,,,1911.9300
2004-11-18,,,,1919.1500
2004-11-19,,,,1898.4600
2004-11-22,,,,1901.5500
2004-11-23,,,,1930.8900
2004-11-24,,,,1948.5300
2004-11-25,,,,1940.2200
2004-11-29,,,,1941.5500
2004-11-30,,,,1949.3800
2004-12-01,,,,1952.2000
2004-12-02,,,,1970.3400
2004-12-03,,,,1740.6600
2004-12-04,,,,1782.5200
2004-12-05,,,,1804.5700
2004-12-06,,,,2022.5500
2004-12-07,,,,2023.2200
2004-12-08,,,,1690.8900
2004-12-09,,,,2018.2600
2004-12-10,,,,1842.2600
2004-12-11,,,,1919.2100
2004-12-13,,,,2013.4400
2004-12-14,,,,2022.0200
2004-12-15,,,,2074.1700
2004-12-16,,,,2110.1400
2004-12-17,,,,2124.9300
2004-12-20,,,,2150.2700
2004-12-21,,,,2152.4300
2004-12-22,,,,2138.2800
2004-12-23,,,,2133.2600
2004-12-24,,,,2130.4000
2004-12-27,,,,2142.8700
2004-12-28,,,,2163.4800
2004-12-29,,,,2163.6100
2004-12-30,,,,2169.4200
2004-12-31,,,,2196.6400
2005-01-02,,,,1960.6200
2005-01-03,,,,1892.1900
2005-01-04,,,,2173.9300
2005-01-05,,,,2116.4100
2005-01-06,,,,2066.3800
2005-01-07,,,,2078.7000
2005-01-08,,,,2126.2900
2005-01-09,,,,2194.0400
2005-01-10,,,,2039.9300
2005-01-11,,,,1949.7200
2005-01-12,,,,2215.3800
2005-01-13,,,,1921.8300
2005-01-14,,,,1893.0500
2005-01-17,,,,1864.6300
2005-01-18,,,,1866.4600
2005-01-19,,,,1856.8100
2005-01-20,,,,1837.6500
2005-01-24,,,,1854.1000
2005-01-25,,,,1858.5000
2005-01-27,,,,1876.3600
2005-01-28,,,,1935.5400
2005-01-31,,,,1962.2100
2005-02-01,,,,1960.6200
2005-02-02,,,,1936.1000
2005-02-03,,,,1894.8500
2005-02-04,,,,1958.4100
2005-02-05,,,,1772.9000
2005-02-06,,,,1990.4300
2005-02-07,,,,1949.5600
2005-02-08,,,,2141.3700
2005-02-09,,,,2193.1300
2005-02-10,,,,1935.6200
2005-02-11,,,,1950.7900
2005-02-12,,,,2215.1800
2005-02-14,,,,1942.3500
2005-02-15,,,,1942.4100
2005-02-16,,,,1934.9500
2005-02-17,,,,1922.7500
2005-02-18,,,,1899.9400
2005-02-21,,,,1885.8000
2005-02-22,,,,1885.2100
2005-02-23,,,,1888.7200
2005-02-24,,,,1886.3300
2005-02-25,,,,1896.2700
2005-02-28,,,,1893.7800
2005-03-01,,,,1892.1900
2005-03-02,,,,1894.8500
2005-03-03,,,,1919.5300
2005-03-04,,,,1930.1200
2005-03-05,,,,1777.1200
2005-03-06,,,,2011.2000
2005-03-07,,,,1932.0300
2005-03-08,,,,2137.3300
2005-03-09,,,,1996.5900
2005-03-10,,,,1989.3300
2005-03-11,,,,1975.6500
2005-03-14,,,,1974.2100
2005-03-15,,,,1984.9300
2005-03-16,,,,1960.3400
2005-03-17,,,,1940.0300
2005-03-18,,,,1938.4400
2005-03-21,,,,1939.0200
2005-03-22,,,,1919.3700
2005-03-23,,,,1907.8800
2005-03-24,,,,1883.1700
2005-03-28,,,,1897.8600
2005-03-29,,,,1877.7100
2005-03-30,,,,1850.9700
2005-03-31,,,,1846.5900
2005-04-01,,,,1870.2400
2005-04-02,,,,1958.4100
2005-04-03,,,,1930.1200
2005-04-04,,,,1877.6800
2005-04-05,,,,1855.6500
2005-04-06,,,,2010.1400
2005-04-07,,,,1838.1500
2005-04-08,,,,2151.0200
2005-04-10,,,,2261.2100
2005-04-11,,,,1819.4100
2005-04-12,,,,1825.9900
2005-04-13,,,,1823.9400
2005-04-15,,,,1783.5200
2005-04-18,,,,1765.7600
2005-04-19,,,,1767.1900
2005-04-20,,,,1778.1100
2005-04-21,,,,1789.9100
2005-04-22,,,,1786.4100
2005-04-25,,,,1778.9700
2005-04-26,,,,1775.9900
2005-04-27,,,,1769.6800
2005-04-28,,,,1790.3500
2005-04-29,,,,1775.4800
2005-05-01,,,,2116.4100
2005-05-02,,,,1772.9000
2005-05-03,,,,1777.1200
2005-05-04,,,,1855.6500
2005-05-05,,,,1831.9600
2005-05-06,,,,1825.6100
2005-05-07,,,,2092.3500
2005-05-08,,,,2141.0600
2005-05-09,,,,1849.6800
2005-05-10,,,,1849.0700
2005-05-11,,,,1837.5800
2005-05-12,,,,2194.3700
2005-05-13,,,,1860.7000
2005-05-16,,,,1856.1400
2005-05-17,,,,1842.7100
2005-05-18,,,,1844.6600
2005-05-19,,,,1846.6800
2005-05-20,,,,1849.8300
2005-05-23,,,,1859.3400
2005-05-24,,,,1881.8200
2005-05-25,,,,1920.9300
2005-05-26,,,,1952.8600
2005-05-27,,,,1957.0400
2005-05-30,,,,1958.3500
2005-05-31,,,,1971.2300
2005-06-01,,,,2002.0900
2005-06-02,,,,1990.4300
2005-06-03,,,,2011.2000
2005-06-04,,,,2010.1400
2005-06-05,,,,1825.6100
2005-06-06,,,,2016.5600
2005-06-07,,,,2007.4000
2005-06-08,,,,2013.2100
2005-06-09,,,,1996.3700
2005-06-10,,,,2265.8700
2005-06-12,,,,2168.3700
2005-06-13,,,,1989.3900
2005-06-14,,,,1990.1100
2005-06-15,,,,2000.4100
2005-06-16,,,,1983.3100
2005-06-17,,,,1968.8300
2005-06-20,,,,1978.2300
2005-06-21,,,,1996.4200
2005-06-22,,,,2016.2500
2005-06-23,,,,2026.3700
2005-06-24,,,,2047.0700
2005-06-27,,,,2032.1100
2005-06-28,,,,2002.1200
2005-06-29,,,,2028.6300
2005-06-30,,,,2032.4000
2005-07-01,,,,2076.1600
2005-07-02,,,,1949.5600
2005-07-03,,,,1932.0300
2005-07-04,,,,1838.1500
2005-07-05,,,,2092.3500
2005-07-06,,,,2007.4000
2005-07-07,,,,2077.5500
2005-07-08,,,,2103.6700
2005-07-10,,,,2260.1500
2005-07-11,,,,1996.1300
2005-07-12,,,,2111.1700
2005-07-13,,,,2084.2100
2005-07-14,,,,2083.6500
2005-07-15,,,,2100.2500
2005-07-18,,,,2134.3700
2005-07-19,,,,2137.5100
2005-07-20,,,,2144.9500
2005-07-21,,,,2145.9900
2005-07-22,,,,2144.8800
2005-07-25,,,,2123.8100
2005-07-26,,,,2115.3900
2005-07-27,,,,2126.6900
2005-07-29,,,,2092.0000
2005-08-01,,,,2126.2900
2005-08-02,,,,2141.3700
2005-08-03,,,,2137.3300
2005-08-04,,,,2151.0200
2005-08-05,,,,2141.0600
2005-08-06,,,,2013.2100
2005-08-07,,,,2103.6700
2005-08-08,,,,2099.8900
2005-08-09,,,,2225.5300
2005-08-10,,,,2119.9500
2005-08-11,,,,2167.8000
2005-08-12,,,,2201.6700
2005-08-16,,,,2208.6100
2005-08-17,,,,2211.3900
2005-08-18,,,,2186.3400
2005-08-19,,,,2200.7700
2005-08-22,,,,2201.8100
2005-08-23,,,,2134.0700
2005-08-24,,,,2141.0600
2005-08-25,,,,2161.9200
2005-08-26,,,,2169.1200
2005-08-29,,,,2143.6500
2005-08-30,,,,2163.5000
2005-08-31,,,,2179.3600
2005-09-01,,,,2194.0400
2005-09-02,,,,1925.6200
2005-09-03,,,,1996.5900
2005-09-05,,,,1849.6800
2005-09-06,,,,1996.3700
2005-09-08,,,,2225.5300
2005-09-09,,,,2202.8100
2005-09-11,,,,2038.5700
2005-09-12,,,,2219.9300
2005-09-13,,,,2242.8600
2005-09-14,,,,2229.3100
2005-09-15,,,,2250.9800
2005-09-16,,,,2264.5700
2005-09-19,,,,2272.4500
2005-09-20,,,,2258.6600
2005-09-21,,,,2218.2200
2005-09-22,,,,2158.8000
2005-09-23,,,,2159.4500
2005-09-26,,,,2206.4700
2005-09-27,,,,2221.8800
2005-09-28,,,,2227.1200
2005-09-29,,,,2217.9800
2005-09-30,,,,2220.1200
2005-10-01,,,,2039.9300
2005-10-02,,,,1935.6200
2005-10-03,,,,2245.1200
2005-10-04,,,,2261.2100
2005-10-05,,,,1849.0700
2005-10-06,,,,2265.8700
2005-10-07,,,,2260.1500
2005-10-08,,,,2119.9500
2005-10-10,,,,2240.7500
2005-10-11,,,,2043.8100
2005-10-13,,,,2190.5000
2005-10-14,,,,2161.1800
2005-10-17,,,,2156.4600
2005-10-18,,,,2125.3900
2005-10-19,,,,2073.6100
2005-10-20,,,,2034.4800
2005-10-21,,,,2032.5700
2005-10-24,,,,1951.9600
2005-10-25,,,,1942.4800
2005-10-26,,,,1953.9500
2005-10-27,,,,1918.9300
2005-10-28,,,,1908.2100
2005-10-31,,,,1941.1400
2005-11-01,,,,1952.7200
2005-11-02,,,,1941.3600
2005-11-03,,,,1975.6500
2005-11-04,,,,1819.4100
2005-11-05,,,,1837.5800
2005-11-07,,,,2122.7600
2005-11-08,,,,2167.8000
2005-11-09,,,,2038.5700
2005-11-10,,,,2236.3000
2005-11-11,,,,2077.0400
2005-11-14,,,,2092.4100
2005-11-16,,,,2108.1000
2005-11-17,,,,2135.1000
2005-11-18,,,,2141.5300
2005-11-21,,,,2140.0200
2005-11-22,,,,2124.0900
2005-11-23,,,,2111.9300
2005-11-24,,,,2123.9900
2005-11-25,,,,2153.9200
2005-11-26,,,,2186.7300
2005-11-28,,,,2191.0200
2005-11-29,,,,2197.9700
2005-11-30,,,,2159.3100
2005-12-01,,,,1887.6100
2005-12-02,,,,2215.1800
2005-12-04,,,,1825.9900
2005-12-05,,,,2194.3700
2005-12-06,,,,2168.3700
2005-12-07,,,,2177.4200
2005-12-08,,,,2203.8900
2005-12-09,,,,2217.9400
2005-12-12,,,,2228.5600
2005-12-13,,,,2235.2800
2005-12-14,,,,2257.3800
2005-12-15,,,,2229.2400
2005-12-16,,,,2235.3500
2005-12-19,,,,2217.2700
2005-12-20,,,,2187.9600
2005-12-21,,,,2198.6100
2005-12-22,,,,2203.6500
2005-12-23,,,,2174.7300
2005-12-26,,,,2146.3300
2005-12-27,,,,2168.2700
2005-12-28,,,,2172.5900
2005-12-29,,,,2187.9100
2005-12-30,,,,2216.5000
2006-01-02,,,,2311.5600
2006-01-03,,,,2235.9300
2006-01-04,,,,2251.4100
2006-01-05,,,,2256.9200
2006-01-06,,,,2378.5200
2006-01-08,,,,2351.9500
2006-01-09,,,,2664.3400
2006-01-10,,,,2284.6500
2006-01-11,,,,2650.2800
2006-01-12,,,,2263.9800
2006-01-13,,,,2273.0600
2006-01-16,,,,2278.4900
2006-01-17,,,,2259.0000
2006-01-18,,,,2249.0400
2006-01-19,,,,2255.9000
2006-01-20,,,,2238.6200
2006-01-23,,,,2217.1100
2006-01-24,,,,2237.4100
2006-01-25,,,,2261.8700
2006-01-27,,,,2287.1900
2006-01-30,,,,2302.0700
2006-01-31,,,,2308.6800
2006-02-01,,,,2204.8800
2006-02-02,,,,2373.8800
2006-02-03,,,,2392.5900
2006-02-05,,,,2905.1000
2006-02-06,,,,2472.3300
2006-02-07,,,,2481.3600
2006-02-08,,,,2369.1100
2006-02-10,,,,2562.1500
2006-02-11,,,,2672.0300
2006-02-13,,,,2581.6200
2006-02-14,,,,2525.8900
2006-02-15,,,,2531.5500
2006-02-16,,,,2526.2200
2006-02-17,,,,2506.7900
2006-02-20,,,,2520.8000
2006-02-21,,,,2569.6400
2006-02-22,,,,2595.1700
2006-02-23,,,,2583.0100
2006-02-24,,,,2555.8300
2006-02-27,,,,2554.3900
2006-02-28,,,,2543.4400
2006-03-01,,,,2235.9300
2006-03-02,,,,2392.5900
2006-03-03,,,,2575.7000
2006-03-04,,,,2835.1000
2006-03-05,,,,2911.0700
2006-03-06,,,,2620.1700
2006-03-07,,,,2601.8000
2006-03-08,,,,2382.3200
2006-03-09,,,,2571.7200
2006-03-10,,,,2661.6200
2006-03-11,,,,2680.0200
2006-03-13,,,,2602.0300
2006-03-14,,,,2580.9100
2006-03-16,,,,2587.3600
2006-03-17,,,,2591.4700
2006-03-20,,,,2602.9300
2006-03-21,,,,2619.8600
2006-03-22,,,,2653.3600
2006-03-23,,,,2640.5300
2006-03-24,,,,2659.2100
2006-03-27,,,,2679.8600
2006-03-28,,,,2667.9300
2006-03-29,,,,2711.3100
2006-03-30,,,,2794.4200
2006-03-31,,,,2765.1900
2006-04-01,,,,2251.4100
2006-04-03,,,,2835.1000
2006-04-04,,,,2852.4700
2006-04-05,,,,2919.4400
2006-04-07,,,,2890.6100
2006-04-08,,,,2392.1500
2006-04-09,,,,2672.9900
2006-04-10,,,,2636.6000
2006-04-12,,,,2765.8900
2006-04-13,,,,2756.5600
2006-04-17,,,,2789.2600
2006-04-18,,,,2843.9100
2006-04-19,,,,2866.5600
2006-04-20,,,,2835.7900
2006-04-21,,,,2859.4600
2006-04-24,,,,2815.1000
2006-04-25,,,,2743.7600
2006-04-26,,,,2773.4800
2006-04-27,,,,2747.0800
2006-04-28,,,,2763.5700
2006-04-29,,,,2795.2400
2006-05-01,,,,2256.9200
2006-05-02,,,,2905.1000
2006-05-03,,,,2911.0700
2006-05-04,,,,2919.4400
2006-05-05,,,,2947.4600
2006-05-06,,,,2390.2400
2006-05-07,,,,2293.3200
2006-05-08,,,,2950.0500
2006-05-09,,,,2943.2100
2006-05-10,,,,2939.3000
2006-05-11,,,,2898.7600
2006-05-12,,,,2898.2300
2006-05-15,,,,2800.8900
2006-05-16,,,,2793.9000
2006-05-17,,,,2833.9200
2006-05-18,,,,2682.4100
2006-05-19,,,,2529.8800
2006-05-22,,,,2454.7800
2006-05-23,,,,2530.2000
2006-05-24,,,,2535.4700
2006-05-25,,,,2496.7700
2006-05-26,,,,2539.9000
2006-05-29,,,,2522.4600
2006-05-30,,,,2507.5900
2006-05-31,,,,2438.3100
2006-06-01,,,,2259.4300
2006-06-02,,,,2433.8800
2006-06-03,,,,2620.1700
2006-06-05,,,,2390.2400
2006-06-06,,,,2303.2600
2006-06-07,,,,2276.6600
2006-06-08,,,,2076.2800
2006-06-09,,,,2171.0100
2006-06-10,,,,2647.0600
2006-06-11,,,,2708.1600
2006-06-12,,,,2153.1700
2006-06-13,,,,2089.7800
2006-06-14,,,,2058.4000
2006-06-15,,,,2151.5300
2006-06-16,,,,2207.4000
2006-06-19,,,,2233.5300
2006-06-20,,,,2208.0500
2006-06-21,,,,2273.5800
2006-06-22,,,,2288.6400
2006-06-23,,,,2302.1700
2006-06-25,,,,2317.5800
2006-06-26,,,,2242.8600
2006-06-27,,,,2247.3500
2006-06-28,,,,2223.0000
2006-06-29,,,,2235.7000
2006-06-30,,,,2285.9200
2006-07-02,,,,2481.3600
2006-07-03,,,,2601.8000
2006-07-04,,,,2890.6100
2006-07-05,,,,2293.3200
2006-07-06,,,,2213.0800
2006-07-07,,,,2240.1600
2006-07-08,,,,2384.6000
2006-07-09,,,,2654.7500
2006-07-10,,,,2258.0400
2006-07-11,,,,2715.3100
2006-07-12,,,,2732.8400
2006-07-13,,,,2297.0000
2006-07-14,,,,2267.0200
2006-07-17,,,,2200.9300
2006-07-18,,,,2210.2400
2006-07-19,,,,2179.2600
2006-07-20,,,,2246.8700
2006-07-21,,,,2234.3600
2006-07-24,,,,2231.7500
2006-07-25,,,,2278.6200
2006-07-26,,,,2326.9700
2006-07-27,,,,2350.3400
2006-07-28,,,,2365.2600
2006-07-31,,,,2365.7000
2006-08-01,,,,2351.9500
2006-08-02,,,,2509.9200
2006-08-03,,,,2572.7900
2006-08-04,,,,2392.1500
2006-08-05,,,,2950.0500
2006-08-06,,,,2076.2800
2006-08-07,,,,2384.6000
2006-08-08,,,,2411.4100
2006-08-09,,,,2442.6500
2006-08-10,,,,2457.7100
2006-08-11,,,,2466.0800
2006-08-12,,,,2719.0700
2006-08-14,,,,2506.6100
2006-08-16,,,,2536.9300
2006-08-17,,,,2545.7200
2006-08-18,,,,2598.0100
2006-08-21,,,,2602.1100
2006-08-22,,,,2583.6300
2006-08-23,,,,2546.9300
2006-08-24,,,,2562.3500
2006-08-25,,,,2571.9200
2006-08-28,,,,2564.4900
2006-08-29,,,,2580.3300
2006-08-30,,,,2597.6900
2006-08-31,,,,2606.7400
2006-09-01,,,,2287.3500
2006-09-03,,,,2571.7200
2006-09-04,,,,2672.9900
2006-09-05,,,,2677.7400
2006-09-06,,,,2171.0100
2006-09-07,,,,2654.7500
2006-09-08,,,,2442.6500
2006-09-10,,,,2658.7200
2006-09-11,,,,2723.0100
2006-09-12,,,,2597.7100
2006-09-13,,,,2645.7800
2006-09-14,,,,2659.0100
2006-09-15,,,,2655.3700
2006-09-18,,,,2687.3400
2006-09-19,,,,2656.6100
2006-09-20,,,,2659.6000
2006-09-21,,,,2687.6900
2006-09-22,,,,2685.5400
2006-09-25,,,,2664.1300
2006-09-26,,,,2677.2200
2006-09-27,,,,2686.8900
2006-09-28,,,,2681.8700
2006-09-29,,,,2691.5600
2006-10-01,,,,2284.6500
2006-10-02,,,,2562.1500
2006-10-03,,,,2661.6200
2006-10-04,,,,2636.6000
2006-10-05,,,,2655.2600
2006-10-06,,,,2647.0600
2006-10-07,,,,2258.0400
2006-10-08,,,,2457.7100
2006-10-09,,,,2658.7200
2006-10-10,,,,2659.6300
2006-10-11,,,,2630.2400
2006-10-12,,,,2655.2300
2006-10-13,,,,2673.8100
2006-10-16,,,,2686.6400
2006-10-17,,,,2658.0500
2006-10-18,,,,2705.1400
2006-10-19,,,,2674.0100
2006-10-20,,,,2663.3000
2006-10-21,,,,2667.8400
2006-10-23,,,,2636.3300
2006-10-26,,,,2633.0700
2006-10-27,,,,2648.5000
2006-10-30,,,,2660.5200
2006-10-31,,,,2652.6600
2006-11-01,,,,2650.2800
2006-11-02,,,,2672.0300
2006-11-03,,,,2680.0200
2006-11-05,,,,2898.7600
2006-11-06,,,,2708.1600
2006-11-07,,,,2286.7700
2006-11-08,,,,2466.0800
2006-11-09,,,,2579.9300
2006-11-10,,,,2744.4600
2006-11-12,,,,2654.4900
2006-11-13,,,,2756.6600
2006-11-14,,,,2774.7800
2006-11-15,,,,2785.2700
2006-11-16,,,,2753.5200
2006-11-17,,,,2703.2300
2006-11-20,,,,2667.1900
2006-11-21,,,,2688.0000
2006-11-22,,,,2717.8400
2006-11-23,,,,2708.6200
2006-11-24,,,,2729.1200
2006-11-27,,,,2726.1700
2006-11-28,,,,2715.9300
2006-11-29,,,,2725.0900
2006-11-30,,,,2712.3600
2006-12-01,,,,2263.9800
2006-12-04,,,,2803.9200
2006-12-05,,,,2760.4600
2006-12-06,,,,2153.1700
2006-12-07,,,,2294.3900
2006-12-08,,,,2719.0700
2006-12-09,,,,2597.7100
2006-12-10,,,,2655.2300
2006-12-11,,,,2654.4900
2006-12-12,,,,2572.6200
2006-12-13,,,,2613.9200
2006-12-14,,,,2665.9700
2006-12-15,,,,2696.0400
2006-12-18,,,,2716.3100
2006-12-19,,,,2674.3600
2006-12-20,,,,2666.9700
2006-12-21,,,,2699.0300
2006-12-22,,,,2720.9900
2006-12-26,,,,2757.8400
2006-12-27,,,,2785.9500
2006-12-28,,,,2759.3900
2006-12-29,,,,2769.8300
2007-01-02,,,,2785.2100
2007-01-03,,,,2576.0900
2007-01-04,,,,2817.1400
2007-01-05,,,,2795.4100
2007-01-06,,,,2880.1600
2007-01-08,,,,2782.9400
2007-01-09,,,,2753.1000
2007-01-10,,,,2796.1700
2007-01-11,,,,2874.6300
2007-01-12,,,,2824.2600
2007-01-15,,,,2848.5300
2007-01-16,,,,2842.1300
2007-01-17,,,,2865.2000
2007-01-18,,,,2882.6000
2007-01-19,,,,2841.3100
2007-01-22,,,,2863.9300
2007-01-23,,,,2810.5800
2007-01-24,,,,2769.8300
2007-01-25,,,,2774.9200
2007-01-29,,,,2777.9000
2007-01-31,,,,2774.3400
2007-02-01,,,,2781.6700
2007-02-02,,,,2807.1200
2007-02-03,,,,2555.0100
2007-02-04,,,,2646.2500
2007-02-05,,,,2815.5700
2007-02-06,,,,2819.6200
2007-02-07,,,,2843.4000
2007-02-08,,,,2603.9000
2007-02-09,,,,2796.0000
2007-02-11,,,,2881.5400
2007-02-12,,,,2719.8200
2007-02-13,,,,2703.3900
2007-02-14,,,,2719.2800
2007-02-15,,,,2776.2700
2007-02-19,,,,2775.9800
2007-02-20,,,,2769.8600
2007-02-21,,,,2763.6700
2007-02-22,,,,2699.6500
2007-02-23,,,,2630.8200
2007-02-26,,,,2650.4300
2007-02-27,,,,2639.0700
2007-02-28,,,,2549.3900
2007-03-01,,,,2814.3200
2007-03-02,,,,2555.0100
2007-03-04,,,,2660.1800
2007-03-05,,,,2442.9900
2007-03-06,,,,2478.6100
2007-03-07,,,,2492.6400
2007-03-08,,,,2568.6000
2007-03-09,,,,2564.8100
2007-03-10,,,,2777.5900
2007-03-12,,,,2820.1000
2007-03-13,,,,2617.9400
2007-03-14,,,,2581.4100
2007-03-15,,,,2592.7300
2007-03-16,,,,2582.1800
2007-03-19,,,,2593.4900
2007-03-20,,,,2620.2700
2007-03-21,,,,2634.0700
2007-03-22,,,,2652.6900
2007-03-23,,,,2659.1800
2007-03-26,,,,2643.1500
2007-03-28,,,,2633.9800
2007-03-29,,,,2658.7500
2007-03-30,,,,2720.2600
2007-04-01,,,,2817.1400
2007-04-02,,,,2646.2500
2007-04-03,,,,2660.1800
2007-04-04,,,,2706.8400
2007-04-05,,,,2794.5400
2007-04-06,,,,2861.0600
2007-04-07,,,,2811.8300
2007-04-09,,,,2725.8000
2007-04-10,,,,2756.1700
2007-04-11,,,,2730.0400
2007-04-12,,,,2721.5000
2007-04-13,,,,2740.9000
2007-04-16,,,,2764.7900
2007-04-17,,,,2761.2100
2007-04-18,,,,2801.8500
2007-04-19,,,,2801.1700
2007-04-20,,,,2819.9600
2007-04-23,2744.1100,2823.9900,2744.1100,2823.9900
2007-04-24,,,,2842.9800
2007-04-25,,,,2898.0800
2007-04-26,,,,2903.2100
2007-04-27,,,,2778.0000
2007-04-30,,,,2777.8300
2007-05-01,,,,2795.4100
2007-05-02,,,,2815.5700
2007-05-03,,,,2807.8400
2007-05-04,,,,2794.5400
2007-05-06,,,,2873.2200
2007-05-07,,,,2797.0400
2007-05-08,,,,2760.8400
2007-05-09,,,,2767.6900
2007-05-10,,,,2765.0300
2007-05-11,,,,2735.4400
2007-05-12,,,,2883.9800
2007-05-14,,,,2760.9100
2007-05-15,,,,2765.3100
2007-05-16,,,,2776.6900
2007-05-17,,,,2784.2000
2007-05-18,,,,2786.1600
2007-05-21,,,,2821.6500
2007-05-22,,,,2841.6100
2007-05-23,,,,2830.0200
2007-05-24,,,,2791.1500
2007-05-25,,,,2795.1100
2007-05-28,,,,2828.2800
2007-05-29,,,,2876.7800
2007-05-30,,,,2838.4300
2007-05-31,,,,2861.1700
2007-06-01,,,,2880.1600
2007-06-02,,,,2819.6200
2007-06-03,,,,2478.6100
2007-06-04,,,,2861.0600
2007-06-05,,,,2873.2200
2007-06-06,,,,2825.1100
2007-06-07,,,,2782.1100
2007-06-08,,,,2589.2100
2007-06-09,,,,2742.7800
2007-06-11,,,,2791.8100
2007-06-12,,,,2902.2400
2007-06-13,,,,2785.7400
2007-06-14,,,,2815.5700
2007-06-15,,,,2819.3900
2007-06-18,,,,2781.4100
2007-06-19,,,,2785.5600
2007-06-20,,,,2794.3900
2007-06-21,,,,2795.9200
2007-06-22,,,,2808.0100
2007-06-25,,,,2771.0400
2007-06-26,,,,2767.4000
2007-06-27,,,,2745.3100
2007-06-28,,,,2738.3900
2007-06-29,,,,2770.5300
2007-07-02,,,,2808.6200
2007-07-03,,,,2807.9700
2007-07-04,,,,2811.8300
2007-07-05,,,,2792.7400
2007-07-06,,,,2803.9400
2007-07-08,,,,2624.6400
2007-07-09,,,,2781.6600
2007-07-10,,,,2777.8100
2007-07-11,,,,2852.2500
2007-07-12,,,,2792.2100
2007-07-13,,,,2780.2300
2007-07-16,,,,2748.8300
2007-07-17,,,,2756.9100
2007-07-18,,,,2751.9000
2007-07-19,,,,2755.8600
2007-07-20,,,,2739.8700
2007-07-23,,,,2717.0600
2007-07-24,,,,2693.0800
2007-07-25,,,,2657.4400
2007-07-26,,,,2705.1300
2007-07-27,,,,2644.6100
2007-07-30,,,,2639.9800
2007-07-31,,,,2674.3100
2007-08-01,,,,2782.9400
2007-08-02,,,,2833.6800
2007-08-03,,,,2568.6000
2007-08-05,,,,2760.8400
2007-08-06,,,,2782.3100
2007-08-07,,,,2624.6400
2007-08-08,,,,2656.2900
2007-08-09,,,,2631.7800
2007-08-10,,,,2598.4300
2007-08-11,,,,2856.4700
2007-08-13,,,,2629.3800
2007-08-14,,,,2624.4600
2007-08-16,,,,2557.2300
2007-08-17,,,,2537.5200
2007-08-20,,,,2589.6900
2007-08-21,,,,2514.4900
2007-08-22,,,,2498.7900
2007-08-23,,,,2472.4100
2007-08-24,,,,2497.6300
2007-08-27,,,,2536.3200
2007-08-28,,,,2540.9500
2007-08-29,,,,2527.2300
2007-08-30,,,,2560.9700
2007-08-31,,,,2605.0700
2007-09-01,,,,2753.1000
2007-09-02,,,,2796.0000
2007-09-03,,,,2655.0600
2007-09-04,,,,2702.1300
2007-09-05,,,,2767.6900
2007-09-06,,,,2742.7800
2007-09-07,,,,2732.1000
2007-09-08,,,,2631.7800
2007-09-10,,,,2732.3600
2007-09-11,,,,2736.9100
2007-09-12,,,,2719.1000
2007-09-13,,,,2721.7400
2007-09-14,,,,2699.5000
2007-09-17,,,,2706.1100
2007-09-18,,,,2696.1600
2007-09-19,,,,2721.4900
2007-09-20,,,,2699.2300
2007-09-21,,,,2674.6500
2007-09-24,,,,2672.3900
2007-09-25,,,,2696.5700
2007-09-26,,,,2691.8100
2007-09-27,,,,2720.1200
2007-09-28,,,,2772.8300
2007-10-01,,,,2796.1700
2007-10-03,,,,2777.5900
2007-10-04,,,,2756.1700
2007-10-05,,,,2781.8000
2007-10-07,,,,2777.8100
2007-10-08,,,,2703.9300
2007-10-09,,,,2732.3600
2007-10-10,,,,2761.7600
2007-10-11,,,,2826.0000
2007-10-12,,,,2782.9200
2007-10-15,,,,2809.2200
2007-10-16,,,,2808.4800
2007-10-17,,,,2753.3800
2007-10-18,,,,2778.1900
2007-10-19,,,,2738.9000
2007-10-22,,,,2756.6800
2007-10-23,,,,2826.7700
2007-10-24,,,,2813.0400
2007-10-25,,,,2794.5200
2007-10-26,,,,2813.2700
2007-10-29,,,,2844.0000
2007-10-30,,,,2838.8300
2007-10-31,,,,2861.8800
2007-11-01,,,,2874.6300
2007-11-02,,,,2881.5400
2007-11-04,,,,2730.0400
2007-11-05,,,,2855.6600
2007-11-06,,,,2848.9000
2007-11-07,,,,2766.1200
2007-11-08,,,,2856.4700
2007-11-09,,,,2843.8800
2007-11-10,,,,2826.0000
2007-11-12,,,,2962.8700
2007-11-13,,,,2836.9300
2007-11-14,,,,2906.1100
2007-11-15,,,,2891.0800
2007-11-16,,,,2868.4400
2007-11-19,,,,2921.1300
2007-11-20,,,,2884.3000
2007-11-21,,,,2804.9400
2007-11-22,,,,2820.7400
2007-11-23,,,,2811.1800
2007-11-26,,,,2844.6200
2007-11-27,,,,2829.7200
2007-11-28,,,,2805.4100
2007-11-29,,,,2781.2900
2007-11-30,,,,2797.8700
2007-12-01,,,,2824.2600
2007-12-02,,,,2719.8200
2007-12-03,,,,2591.3900
2007-12-04,,,,2821.5300
2007-12-05,,,,2883.9800
2007-12-06,,,,2780.1800
2007-12-07,,,,2792.2100
2007-12-09,,,,2719.1000
2007-12-10,,,,2782.9200
2007-12-11,,,,2840.4800
2007-12-12,,,,3067.7000
2007-12-13,,,,3055.9600
2007-12-14,,,,3151.4400
2007-12-17,,,,3060.6800
2007-12-18,,,,3131.6900
2007-12-19,,,,3117.0700
2007-12-20,,,,3114.8500
2007-12-24,,,,3162.4500
2007-12-26,,,,3155.4100
2007-12-27,,,,3117.2200
2007-12-28,,,,3140.8600
2007-12-31,,,,3173.5500
2008-01-01,,,,3167.0200
2008-01-02,,,,2685.7100
2008-01-03,,,,3131.0400
2008-01-04,,,,3130.5100
2008-01-07,,,,3102.5000
2008-01-08,,,,3075.7200
2008-01-09,,,,3069.2300
2008-01-10,,,,2992.2700
2008-01-11,,,,3029.4500
2008-01-12,,,,2272.0300
2008-01-14,,,,3023.0100
2008-01-15,,,,3001.9200
2008-01-16,,,,2969.0800
2008-01-17,,,,2976.3100
2008-01-18,,,,2931.0400
2008-01-21,,,,2712.1800
2008-01-22,,,,2531.1900
2008-01-23,,,,2614.4700
2008-01-24,,,,2518.0200
2008-01-25,,,,2661.1200
2008-01-28,,,,2630.7900
2008-01-29,,,,2677.6300
2008-01-30,,,,2700.6500
2008-01-31,,,,2660.3300
2008-02-01,,,,3208.0000
2008-02-04,,,,2935.0500
2008-02-05,,,,3306.7300
2008-02-06,,,,3356.6700
2008-02-07,,,,3239.0300
2008-02-08,,,,2712.3200
2008-02-09,,,,3388.4600
2008-02-11,,,,2653.8800
2008-02-12,,,,2640.0700
2008-02-13,,,,2631.3700
2008-02-14,,,,2689.8200
2008-02-15,,,,2758.5300
2008-02-18,,,,2748.9000
2008-02-19,,,,2779.7200
2008-02-20,,,,2735.8400
2008-02-21,,,,2808.1400
2008-02-22,,,,2798.7400
2008-02-25,,,,2845.9700
2008-02-26,,,,2858.5500
2008-02-27,,,,2907.8300
2008-02-28,,,,2979.4800
2008-02-29,,,,2964.5300
2008-03-01,,,,3131.0400
2008-03-03,,,,2979.9100
2008-03-04,,,,2923.9000
2008-03-05,,,,2996.9600
2008-03-06,,,,3356.6700
2008-03-07,,,,2930.6200
2008-03-10,,,,2910.3700
2008-03-11,,,,2265.2500
2008-03-12,,,,2946.5400
2008-03-13,,,,2872.4100
2008-03-14,,,,2929.0400
2008-03-17,,,,2795.0700
2008-03-18,,,,2810.7300
2008-03-19,,,,2830.3200
2008-03-24,,,,2847.8400
2008-03-25,,,,2902.1400
2008-03-26,,,,2867.7900
2008-03-27,,,,2918.7100
2008-03-28,,,,2956.4300
2008-03-31,,,,2928.4800
2008-04-01,,,,2906.3400
2008-04-02,,,,2725.6400
2008-04-03,,,,2923.9000
2008-04-04,,,,2927.4400
2008-04-06,,,,3271.4600
2008-04-07,,,,2992.0500
2008-04-08,,,,3277.9600
2008-04-09,,,,3389.6300
2008-04-10,,,,2990.8700
2008-04-11,,,,2981.8100
2008-04-12,,,,2266.3800
2008-04-15,,,,3070.4600
2008-04-16,,,,3071.4900
2008-04-17,,,,3083.7000
2008-04-21,,,,3163.1100
2008-04-22,,,,3204.2500
2008-04-23,,,,3207.8600
2008-04-24,,,,3177.4400
2008-04-25,,,,3206.0100
2008-04-28,,,,3238.6300
2008-04-29,,,,3268.5000
2008-04-30,,,,3303.1800
2008-05-02,,,,2783.8900
2008-05-03,,,,2996.9600
2008-05-05,,,,3313.9400
2008-05-06,,,,3355.7900
2008-05-07,,,,3288.3600
2008-05-08,,,,3303.2300
2008-05-09,,,,3318.3100
2008-05-11,,,,2317.5400
2008-05-12,,,,3212.5900
2008-05-13,,,,3215.4200
2008-05-14,,,,3256.2000
2008-05-15,,,,3277.7700
2008-05-16,,,,3303.8200
2008-05-20,,,,3254.0400
2008-05-21,,,,3225.2600
2008-05-22,,,,3212.9000
2008-05-23,,,,3215.6500
2008-05-26,,,,3233.9400
2008-05-27,,,,3255.9000
2008-05-28,,,,3318.5200
2008-05-29,,,,3307.1100
2008-05-30,,,,3361.7900
2008-06-02,,,,3356.6700
2008-06-03,,,,3356.6700
2008-06-04,,,,3271.4600
2008-06-05,,,,3355.7900
2008-06-06,,,,3322.5900
2008-06-08,,,,3288.1200
2008-06-09,,,,3334.9700
2008-06-10,,,,2755.0700
2008-06-11,,,,2337.1100
2008-06-12,,,,3425.3200
2008-06-13,,,,3466.3700
2008-06-16,,,,3489.9700
2008-06-17,,,,3519.0000
2008-06-18,,,,3499.9200
2008-06-19,,,,3439.2100
2008-06-20,,,,3354.2600
2008-06-23,,,,3267.3500
2008-06-24,,,,3208.2300
2008-06-25,,,,3217.9200
2008-06-26,,,,3239.0800
2008-06-27,,,,3202.2100
2008-06-30,,,,3235.6800
2008-07-01,,,,3163.5300
2008-07-02,,,,2691.1700
2008-07-03,,,,2930.6200
2008-07-04,,,,2992.0500
2008-07-05,,,,3288.3600
2008-07-07,,,,3169.2400
2008-07-08,,,,3155.7400
2008-07-09,,,,3208.5300
2008-07-10,,,,2692.9200
2008-07-11,,,,3185.3700
2008-07-14,,,,3162.6300
2008-07-15,,,,3017.0000
2008-07-16,,,,3063.7900
2008-07-17,,,,3071.1500
2008-07-18,,,,3081.3100
2008-07-21,,,,3194.1900
2008-07-22,,,,3224.5700
2008-07-23,,,,3263.3800
2008-07-24,,,,3256.6800
2008-07-25,,,,3243.5100
2008-07-28,,,,3244.9000
2008-07-29,,,,3188.8000
2008-07-30,,,,3230.3700
2008-07-31,,,,3203.1800
2008-08-01,,,,3075.7200
2008-08-02,,,,2712.3200
2008-08-04,,,,2982.3000
2008-08-05,,,,3263.1800
2008-08-06,,,,3288.1200
2008-08-07,,,,3155.7400
2008-08-08,,,,3315.4400
2008-08-09,,,,3359.1800
2008-08-10,,,,2639.5600
2008-08-11,,,,3314.2900
2008-08-12,,,,2244.1700
2008-08-13,,,,3309.0500
2008-08-14,,,,3322.6000
2008-08-18,,,,3311.9700
2008-08-19,,,,3331.5600
2008-08-20,,,,3391.5500
2008-08-21,,,,3328.6100
2008-08-22,,,,3343.7200
2008-08-25,,,,3340.2600
2008-08-26,,,,3350.7300
2008-08-27,,,,3346.6000
2008-08-28,,,,3317.2400
2008-08-29,,,,3346.6300
2008-09-01,,,,3069.2300
2008-09-02,,,,3388.4600
2008-09-04,,,,3012.1700
2008-09-05,,,,3318.3100
2008-09-06,,,,3334.9700
2008-09-07,,,,3208.5300
2008-09-08,,,,3359.1800
2008-09-09,,,,3333.7300
2008-09-10,,,,3330.4300
2008-09-11,,,,3263.0300
2008-09-12,,,,3262.6700
2008-09-15,,,,3152.5800
2008-09-16,,,,3068.5800
2008-09-17,,,,3014.6400
2008-09-18,,,,2982.3600
2008-09-19,,,,3057.7400
2008-09-22,,,,3066.2900
2008-09-23,,,,3050.6900
2008-09-24,,,,3062.1800
2008-09-25,,,,3012.2000
2008-09-26,,,,2990.8000
2008-09-29,,,,2893.8600
2008-09-30,,,,2910.8400
2008-10-01,,,,2925.2500
2008-10-03,,,,2897.4400
2008-10-04,,,,2990.8700
2008-10-06,,,,2755.0700
2008-10-07,,,,2692.9200
2008-10-08,,,,2639.5600
2008-10-09,,,,3330.4300
2008-10-10,,,,2527.4500
2008-10-11,,,,2438.1200
2008-10-12,,,,2269.7100
2008-10-13,,,,2572.6100
2008-10-14,,,,2726.8600
2008-10-15,,,,2681.5900
2008-10-16,,,,2651.1500
2008-10-17,,,,2565.0800
2008-10-20,,,,2613.7800
2008-10-21,,,,2647.0700
2008-10-22,,,,2568.3200
2008-10-23,,,,2453.0400
2008-10-24,,,,2250.1400
2008-10-27,,,,2131.5300
2008-10-28,,,,2202.9900
2008-10-29,,,,2126.6600
2008-10-31,,,,2201.1900
2008-11-01,,,,3029.4500
2008-11-02,,,,2653.8800
2008-11-03,,,,2909.5900
2008-11-04,,,,2981.8100
2008-11-05,,,,2317.5400
2008-11-06,,,,3422.1300
2008-11-07,,,,3185.3700
2008-11-08,,,,3314.2900
2008-11-09,,,,3263.0300
2008-11-10,,,,2438.1200
2008-11-11,,,,2374.1500
2008-11-12,,,,2241.8300
2008-11-14,,,,2317.1800
2008-11-17,,,,2299.5600
2008-11-18,,,,2269.0600
2008-11-19,,,,2243.6900
2008-11-20,,,,2211.2500
2008-11-21,,,,2245.3700
2008-11-24,,,,2255.6600
2008-11-25,,,,2244.8400
2008-11-26,,,,2296.1400
2008-11-28,,,,2300.4400
2008-12-01,,,,2272.0300
2008-12-02,,,,2269.0800
2008-12-03,,,,2257.1900
2008-12-04,,,,2266.3800
2008-12-05,,,,2245.3600
2008-12-06,,,,3425.3200
2008-12-08,,,,3268.1800
2008-12-09,,,,3262.6700
2008-12-10,,,,2269.7100
2008-12-11,,,,2241.8300
2008-12-12,,,,2234.0000
2008-12-15,,,,2270.5500
2008-12-16,,,,2335.5800
2008-12-17,,,,2301.8000
2008-12-18,,,,2312.2700
2008-12-19,,,,2350.3200
2008-12-22,,,,2323.1400
2008-12-23,,,,2280.0600
2008-12-24,,,,2274.0300
2008-12-26,,,,2290.7800
2008-12-29,,,,2323.3400
2008-12-30,,,,2341.6500
2008-12-31,,,,2361.7600
2009-01-01,,,,2373.3600
2009-01-02,,,,2373.2700
2009-01-04,,,,2176.1800
2009-01-05,,,,2370.1000
2009-01-06,,,,2381.0900
2009-01-07,,,,2295.0500
2009-01-09,,,,2288.3800
2009-01-10,,,,3252.4300
2009-01-12,,,,2261.0400
2009-01-13,,,,2244.7600
2009-01-14,,,,2291.7300
2009-01-15,,,,2250.6300
2009-01-16,,,,2276.1400
2009-01-19,,,,2262.7200
2009-01-20,,,,2236.2900
2009-01-21,,,,2173.8000
2009-01-22,,,,2145.0100
2009-01-23,,,,2137.0800
2009-01-27,,,,2167.3300
2009-01-28,,,,2169.0600
2009-01-29,,,,2151.8900
2009-01-30,,,,2128.3000
2009-02-01,,,,2373.2700
2009-02-02,,,,2104.0200
2009-02-03,,,,2091.9700
2009-02-04,,,,2081.4200
2009-02-05,,,,2081.7200
2009-02-06,,,,2108.6900
2009-02-07,,,,2662.1200
2009-02-09,,,,2154.9700
2009-02-10,,,,2186.9300
2009-02-11,,,,2152.5900
2009-02-12,,,,2159.3900
2009-02-13,,,,2139.6000
2009-02-16,,,,2095.3700
2009-02-17,,,,2077.7400
2009-02-18,,,,2068.0600
2009-02-19,,,,2065.2900
2009-02-20,,,,2041.8300
2009-02-24,,,,2037.9200
2009-02-25,,,,2053.6400
2009-02-26,,,,2039.8300
2009-02-27,,,,2039.1900
2009-03-02,,,,2091.9700
2009-03-03,,,,1999.6200
2009-03-04,,,,2018.1100
2009-03-05,,,,1986.4700
2009-03-06,,,,1992.3500
2009-03-07,,,,2714.7100
2009-03-08,,,,2856.7700
2009-03-09,,,,1968.6900
2009-03-11,,,,3266.0500
2009-03-12,,,,3742.2100
2009-03-13,,,,2004.3100
2009-03-16,,,,2020.7100
2009-03-17,,,,2018.6200
2009-03-18,,,,2029.5800
2009-03-19,,,,2035.2100
2009-03-20,,,,2022.7700
2009-03-23,,,,2083.9800
2009-03-24,,,,2070.8100
2009-03-25,,,,2071.7300
2009-03-26,,,,2097.0000
2009-03-27,,,,2149.2700
2009-03-30,,,,2148.7300
2009-03-31,,,,2200.3500
2009-04-01,,,,2176.1800
2009-04-02,,,,2081.4200
2009-04-03,,,,2018.1100
2009-04-05,,,,2423.9700
2009-04-06,,,,2724.9500
2009-04-08,,,,2285.3600
2009-04-09,,,,2870.0000
2009-04-11,,,,3321.4600
2009-04-12,,,,3778.4400
2009-04-13,,,,2305.2600
2009-04-15,,,,2399.9400
2009-04-16,,,,2372.3300
2009-04-17,,,,2341.4600
2009-04-20,,,,2330.0400
2009-04-21,,,,2369.0200
2009-04-22,,,,2331.2800
2009-04-23,,,,2344.6300
2009-04-24,,,,2368.1300
2009-04-27,,,,2396.0600
2009-04-28,,,,2358.3400
2009-04-29,,,,2389.2400
2009-05-01,,,,2370.1000
2009-05-02,,,,2081.7200
2009-05-03,,,,1986.4700
2009-05-04,,,,2423.9700
2009-05-05,,,,2425.8700
2009-05-06,,,,2411.0400
2009-05-07,,,,2448.8400
2009-05-08,,,,2843.4000
2009-05-10,,,,3246.6200
2009-05-11,,,,2393.1700
2009-05-12,,,,2421.9000
2009-05-13,,,,2412.3600
2009-05-14,,,,2410.9500
2009-05-15,,,,2460.1700
2009-05-18,,,,2750.6000
2009-05-19,,,,2532.1000
2009-05-20,,,,2556.7900
2009-05-21,,,,2527.0700
2009-05-22,,,,2567.0900
2009-05-25,,,,2655.2900
2009-05-26,,,,2615.1600
2009-05-27,,,,2662.2400
2009-05-28,,,,2659.0100
2009-05-29,,,,2597.9100
2009-06-01,,,,2381.0900
2009-06-02,,,,2581.5900
2009-06-03,,,,1992.3500
2009-06-04,,,,2724.9500
2009-06-05,,,,2757.7600
2009-06-07,,,,2673.2000
2009-06-08,,,,2697.0300
2009-06-09,,,,2739.1000
2009-06-10,,,,2803.2800
2009-06-11,,,,2807.9300
2009-06-12,,,,2760.1600
2009-06-15,,,,2744.9400
2009-06-16,,,,2780.3300
2009-06-17,,,,2738.2000
2009-06-18,,,,2727.4600
2009-06-19,,,,2771.7100
2009-06-22,,,,2742.3000
2009-06-23,,,,2740.7300
2009-06-24,,,,2810.4600
2009-06-25,,,,2766.6900
2009-06-26,,,,2692.5500
2009-06-29,,,,2675.7500
2009-06-30,,,,2618.7300
2009-07-01,,,,2629.3100
2009-07-02,,,,2662.1200
2009-07-03,,,,2714.7100
2009-07-05,,,,2448.8400
2009-07-06,,,,2673.2000
2009-07-07,,,,2697.1300
2009-07-08,,,,2670.1000
2009-07-09,,,,2698.4800
2009-07-10,,,,3300.4700
2009-07-12,,,,3738.7700
2009-07-13,,,,2643.5300
2009-07-14,,,,2689.2900
2009-07-15,,,,2749.4400
2009-07-16,,,,2764.9800
2009-07-17,,,,2797.7300
2009-07-20,,,,2845.4400
2009-07-21,,,,2859.0500
2009-07-22,,,,2823.4600
2009-07-23,,,,2895.5100
2009-07-24,,,,2906.8500
2009-07-27,,,,2903.5200
2009-07-28,,,,2890.8200
2009-07-29,,,,2824.6200
2009-07-30,,,,2815.5400
2009-07-31,,,,2835.4000
2009-08-03,,,,2856.7700
2009-08-04,,,,2285.3600
2009-08-05,,,,2843.4000
2009-08-06,,,,2697.0300
2009-08-07,,,,2670.1000
2009-08-09,,,,2892.0100
2009-08-10,,,,2802.5400
2009-08-11,,,,2831.0100
2009-08-12,,,,2885.2600
2009-08-13,,,,2921.3600
2009-08-14,,,,2895.9500
2009-08-17,,,,2822.5800
2009-08-18,,,,2840.0900
2009-08-19,,,,2805.0900
2009-08-20,,,,2814.9600
2009-08-21,,,,2819.4800
2009-08-24,,,,2838.2300
2009-08-25,,,,2874.8500
2009-08-26,,,,2886.3100
2009-08-27,,,,2922.7600
2009-08-28,,,,2918.9200
2009-08-31,,,,2890.2700
2009-09-01,,,,2852.6300
2009-09-02,,,,2861.4200
2009-09-03,,,,2844.8100
2009-09-04,,,,2277.7500
2009-09-06,,,,2739.1000
2009-09-07,,,,2698.4800
2009-09-08,,,,2892.0100
2009-09-09,,,,2893.9700
2009-09-10,,,,2911.7600
2009-09-11,,,,2908.5800
2009-09-12,,,,3734.3200
2009-09-14,,,,2903.1500
2009-09-15,,,,2939.6400
2009-09-16,,,,2959.9100
2009-09-17,,,,2950.9400
2009-09-18,,,,2981.1500
2009-09-22,,,,3015.3000
2009-09-23,,,,3019.1300
2009-09-24,,,,3055.0700
2009-09-25,,,,3214.5200
2009-09-29,,,,3274.5800
2009-09-30,,,,3288.1000
2009-10-01,,,,3252.4300
2009-10-02,,,,2186.9300
2009-10-05,,,,3246.6200
2009-10-06,,,,2803.2800
2009-10-07,,,,3300.4700
2009-10-08,,,,2802.5400
2009-10-09,,,,2911.7600
2009-10-11,,,,3405.9500
2009-10-12,,,,3324.1000
2009-10-14,,,,3372.3100
2009-10-15,,,,3313.3000
2009-10-16,,,,3309.8500
2009-10-17,,,,3311.6600
2009-10-20,,,,3292.1500
2009-10-21,,,,3238.8700
2009-10-22,,,,3188.7000
2009-10-23,,,,3257.9100
2009-10-26,,,,3290.9600
2009-10-27,,,,3270.2800
2009-10-28,,,,3284.9700
2009-10-29,,,,3299.1600
2009-10-30,,,,3266.4400
2009-11-02,,,,2152.5900
2009-11-03,,,,3266.0500
2009-11-04,,,,3321.4600
2009-11-05,,,,3351.0100
2009-11-06,,,,3376.3200
2009-11-08,,,,2831.0100
2009-11-09,,,,3417.4600
2009-11-10,,,,3405.9500
2009-11-11,,,,3472.0000
2009-11-12,,,,3447.1600
2009-11-13,,,,3457.9800
2009-11-16,,,,3488.0400
2009-11-17,,,,3489.0400
2009-11-18,,,,3499.0400
2009-11-19,,,,3470.0200
2009-11-20,,,,3503.8500
2009-11-23,,,,3552.4000
2009-11-24,,,,3561.9800
2009-11-25,,,,3539.5100
2009-11-26,,,,3539.4200
2009-11-27,,,,3545.6300
2009-11-30,,,,3574.5600
2009-12-01,,,,3681.2400
2009-12-02,,,,2159.3900
2009-12-03,,,,1998.2800
2009-12-04,,,,3778.4400
2009-12-05,,,,2421.9000
2009-12-06,,,,2760.1600
2009-12-07,,,,3738.7700
2009-12-08,,,,3738.2800
2009-12-09,,,,3734.3200
2009-12-10,,,,3721.6400
2009-12-11,,,,3699.9600
2009-12-14,,,,3717.6100
2009-12-15,,,,3721.2300
2009-12-16,,,,3745.3000
2009-12-17,,,,3795.7900
2009-12-18,,,,3850.1600
2009-12-21,,,,3819.1000
2009-12-22,,,,3801.5200
2009-12-23,,,,3842.4300
2009-12-24,,,,3842.5100
2009-12-29,,,,3776.6200
2009-12-30,,,,3766.0500
2009-12-31,,,,3758.0500
2010-01-02,,,,3634.2900
2010-01-04,,,,3754.2500
2010-01-05,,,,3779.3000
2010-01-06,,,,4107.3000
2010-01-07,,,,3824.9400
2010-01-08,,,,3839.0900
2010-01-09,,,,4149.5300
2010-01-10,,,,4578.6700
2010-01-11,,,,3837.9200
2010-01-12,,,,3808.5000
2010-01-13,,,,3816.3700
2010-01-14,,,,3833.5100
2010-01-15,,,,3832.1600
2010-01-18,,,,3816.3300
2010-01-19,,,,3755.9300
2010-01-20,,,,3739.6900
2010-01-21,,,,3650.1200
2010-01-22,,,,3590.3300
2010-01-25,,,,3581.9500
2010-01-27,,,,3481.7200
2010-01-28,,,,3517.1000
2010-01-29,,,,3549.0400
2010-02-01,,,,3634.2900
2010-02-02,,,,3610.6000
2010-02-03,,,,3725.3800
2010-02-04,,,,3583.3700
2010-02-05,,,,3515.6600
2010-02-06,,,,4118.3900
2010-02-07,,,,4261.0200
2010-02-08,,,,3528.3500
2010-02-09,,,,3568.6600
2010-02-10,,,,3543.8000
2010-02-11,,,,4922.7600
2010-02-12,,,,5057.0200
2010-02-15,,,,3573.5800
2010-02-16,,,,3627.2300
2010-02-17,,,,3628.3200
2010-02-18,,,,3628.4600
2010-02-19,,,,3639.7200
2010-02-22,,,,3614.6400
2010-02-23,,,,3645.9000
2010-02-24,,,,3612.9200
2010-02-25,,,,3627.1900
2010-02-26,,,,3693.8100
2010-03-02,,,,3725.3800
2010-03-03,,,,3757.4800
2010-03-04,,,,3768.9500
2010-03-05,,,,3983.6700
2010-03-06,,,,4121.7400
2010-03-08,,,,3815.0600
2010-03-09,,,,3798.4200
2010-03-10,,,,3793.2400
2010-03-11,,,,4956.6700
2010-03-12,,,,5049.2000
2010-03-15,,,,3775.7400
2010-03-16,,,,3815.7100
2010-03-17,,,,3878.3500
2010-03-18,,,,3873.7700
2010-03-19,,,,3893.7700
2010-03-22,,,,3903.0300
2010-03-23,,,,3956.7900
2010-03-25,,,,4006.9200
2010-03-26,,,,4005.4900
2010-03-29,,,,4022.4900
2010-03-30,,,,3974.7800
2010-03-31,,,,4016.8500
2010-04-01,,,,4020.4400
2010-04-02,,,,3583.3700
2010-04-03,,,,3768.9500
2010-04-05,,,,4088.9200
2010-04-06,,,,4052.0700
2010-04-07,,,,4052.6900
2010-04-08,,,,4158.8600
2010-04-09,,,,4018.8700
2010-04-10,,,,4677.7200
2010-04-11,,,,4974.3900
2010-04-12,,,,4006.2800
2010-04-13,,,,3980.1600
2010-04-15,,,,4005.8600
2010-04-16,,,,4011.2800
2010-04-19,,,,3985.5200
2010-04-20,,,,4007.6400
2010-04-21,,,,4009.3200
2010-04-22,,,,3999.1500
2010-04-23,,,,3980.3600
2010-04-26,,,,3939.6600
2010-04-27,,,,3953.8300
2010-04-28,,,,3954.9000
2010-04-29,,,,3938.9800
2010-04-30,,,,3978.5400
2010-05-01,,,,3779.3000
2010-05-02,,,,3515.6600
2010-05-03,,,,3983.6700
2010-05-04,,,,3961.6800
2010-05-05,,,,3992.3800
2010-05-06,,,,4059.5400
2010-05-07,,,,3975.9500
2010-05-08,,,,4137.7600
2010-05-10,,,,4675.4700
2010-05-11,,,,3911.0600
2010-05-12,,,,3964.3400
2010-05-13,,,,4007.3200
2010-05-14,,,,4010.9100
2010-05-17,,,,4029.4100
2010-05-18,,,,4018.5300
2010-05-19,,,,3936.2500
2010-05-20,,,,3991.8800
2010-05-21,,,,3933.6200
2010-05-24,,,,3922.4000
2010-05-25,,,,3909.0500
2010-05-26,,,,3950.6700
2010-05-27,,,,3984.4400
2010-05-28,,,,4034.4400
2010-05-31,,,,4105.6500
2010-06-01,,,,3867.2000
2010-06-02,,,,3527.4600
2010-06-03,,,,4121.7400
2010-06-04,,,,4052.0700
2010-06-05,,,,4059.5400
2010-06-07,,,,4082.9100
2010-06-08,,,,4064.8200
2010-06-09,,,,4115.3600
2010-06-10,,,,4667.6600
2010-06-11,,,,4166.0700
2010-06-12,,,,5042.5800
2010-06-14,,,,4163.6900
2010-06-15,,,,4169.0300
2010-06-16,,,,4161.8400
2010-06-17,,,,4179.9200
2010-06-18,,,,4184.7200
2010-06-21,,,,4226.8100
2010-06-22,,,,4235.6900
2010-06-23,,,,4285.7700
2010-06-24,,,,4310.5800
2010-06-25,,,,4314.1700
2010-06-28,,,,4334.6100
2010-06-29,,,,4278.4700
2010-06-30,,,,4299.9900
2010-07-01,,,,3824.9400
2010-07-02,,,,4261.0200
2010-07-04,,,,4052.6900
2010-07-05,,,,4272.5900
2010-07-06,,,,4304.6600
2010-07-07,,,,4269.2500
2010-07-08,,,,4279.6800
2010-07-09,,,,4207.2500
2010-07-10,,,,4672.8300
2010-07-12,,,,4252.2500
2010-07-13,,,,4241.0600
2010-07-14,,,,4220.9300
2010-07-15,,,,4223.2400
2010-07-16,,,,4234.3700
2010-07-19,,,,4218.6900
2010-07-20,,,,4180.8900
2010-07-21,,,,4176.4600
2010-07-22,,,,4197.1100
2010-07-23,,,,4177.9300
2010-07-26,,,,4187.4800
2010-07-27,,,,4184.8300
2010-07-28,,,,4197.1800
2010-07-29,,,,4170.8500
2010-07-30,,,,4148.6100
2010-08-01,,,,3839.0900
2010-08-02,,,,3528.3500
2010-08-03,,,,3815.0600
2010-08-04,,,,4017.5300
2010-08-05,,,,4137.7600
2010-08-06,,,,4149.9300
2010-08-07,,,,4279.6800
2010-08-09,,,,4224.4600
2010-08-10,,,,4718.9700
2010-08-11,,,,4078.0100
2010-08-12,,,,5053.6300
2010-08-13,,,,4095.6400
2010-08-16,,,,4053.7200
2010-08-17,,,,4055.6400
2010-08-18,,,,4112.0500
2010-08-19,,,,4149.6600
2010-08-20,,,,4191.2000
2010-08-23,,,,4206.8700
2010-08-24,,,,4220.8300
2010-08-25,,,,4154.5400
2010-08-26,,,,4146.9300
2010-08-27,,,,4120.5000
2010-08-30,,,,4121.7800
2010-08-31,,,,4125.7900
2010-09-01,,,,4149.5300
2010-09-02,,,,3568.6600
2010-09-03,,,,3798.4200
2010-09-04,,,,4018.8700
2010-09-06,,,,4115.3600
2010-09-07,,,,4207.2500
2010-09-08,,,,4224.4600
2010-09-09,,,,4208.5700
2010-09-11,,,,5074.3000
2010-09-12,,,,4891.4800
2010-09-13,,,,4243.6400
2010-09-14,,,,4237.4300
2010-09-15,,,,4262.0500
2010-09-16,,,,4237.4200
2010-09-17,,,,4339.7000
2010-09-20,,,,4369.5200
2010-09-21,,,,4443.5200
2010-09-22,,,,4433.3800
2010-09-23,,,,4427.1800
2010-09-24,,,,4471.0300
2010-09-27,,,,4504.9600
2010-09-28,,,,4500.9800
2010-09-29,,,,4501.2800
2010-09-30,,,,4497.2100
2010-10-01,,,,4578.6700
2010-10-02,,,,3543.8000
2010-10-03,,,,3793.2400
2010-10-04,,,,4677.7200
2010-10-05,,,,3965.7000
2010-10-06,,,,4185.8900
2010-10-07,,,,4672.8300
2010-10-08,,,,4718.9700
2010-10-11,,,,4739.6100
2010-10-12,,,,4753.1200
2010-10-13,,,,4786.8700
2010-10-14,,,,4767.3700
2010-10-15,,,,4714.4100
2010-10-18,,,,4719.3200
2010-10-19,,,,4781.0100
2010-10-20,,,,4774.4700
2010-10-21,,,,4874.0500
2010-10-22,,,,4869.3000
2010-10-25,,,,4917.6300
2010-10-26,,,,4886.2300
2010-10-27,,,,4858.9400
2010-10-28,,,,4823.8800
2010-10-29,,,,4838.3000
2010-11-01,,,,3837.9200
2010-11-02,,,,3556.0200
2010-11-03,,,,4956.6700
2010-11-04,,,,4974.3900
2010-11-05,,,,5033.8200
2010-11-06,,,,4166.0700
2010-11-08,,,,5054.8600
2010-11-09,,,,5074.3000
2010-11-10,,,,5027.8800
2010-11-11,,,,4985.2500
2010-11-12,,,,4943.2900
2010-11-15,,,,4999.6000
2010-11-16,,,,4967.3200
2010-11-18,,,,5027.3900
2010-11-19,,,,4951.4600
2010-11-22,,,,4986.3200
2010-11-23,,,,4971.9800
2010-11-24,,,,4953.4700
2010-11-25,,,,4889.7200
2010-11-26,,,,4903.7200
2010-11-29,,,,4946.9700
2010-11-30,,,,4959.6900
2010-12-01,,,,5039.9600
2010-12-02,,,,5057.0200
2010-12-03,,,,5049.2000
2010-12-04,,,,4006.2800
2010-12-05,,,,3964.3400
2010-12-06,,,,5042.5800
2010-12-07,,,,4252.2500
2010-12-08,,,,4083.4400
2010-12-09,,,,4891.4800
2010-12-10,,,,4753.1200
2010-12-11,,,,4943.2900
2010-12-13,,,,4957.7100
2010-12-14,,,,5003.0600
2010-12-15,,,,4925.4700
2010-12-16,,,,4939.4200
2010-12-20,,,,4880.8900
2010-12-21,,,,4875.3100
2010-12-22,,,,4865.2700
2010-12-23,,,,4911.1400
2010-12-24,,,,4973.5800
2010-12-27,,,,5007.9100
2010-12-28,,,,5039.4300
2010-12-29,,,,5050.3900
2010-12-30,,,,5065.5900
2010-12-31,,,,5085.3800
2011-01-02,4705.8000,4723.9500,4598.1000,4629.2500
2011-01-03,4334.6000,4481.5500,4334.6000,4473.6500
2011-01-04,4541.5000,4564.3500,4524.9500,4550.9500
2011-01-05,,,,5172.9000
2011-01-06,,,,5167.4800
2011-01-07,,,,5056.5800
2011-01-08,4859.5000,4900.3000,4859.5000,4881.7000
2011-01-10,,,,4944.5600
2011-01-11,4702.6000,4757.0000,4687.9500,4699.0500
2011-01-12,4772.0500,4798.7000,4671.7000,4685.7500
2011-01-13,,,,4940.3300
2011-01-14,,,,4906.3900
2011-01-17,,,,4877.1800
2011-01-18,,,,4956.0800
2011-01-19,,,,4925.9400
2011-01-20,,,,4925.8900
2011-01-21,,,,4916.6700
2011-01-24,,,,4908.2000
2011-01-25,,,,4835.0800
2011-01-27,,,,4703.4400
2011-01-28,,,,4659.1200
2011-01-31,4633.3000,4700.6000,4593.9000,4689.8000
2011-02-01,4705.8000,4723.9500,4598.1000,4629.2500
2011-02-02,4643.6500,4672.3000,4603.2500,4630.2000
2011-02-03,4618.9500,4662.3500,4605.4000,4640.9000
2011-02-04,4637.8500,4679.5500,4557.1000,4573.2500
2011-02-05,4711.5500,4750.4500,4699.9500,4712.7000
2011-02-06,4783.6500,4853.5000,4765.0500,4806.9500
2011-02-07,4550.4000,4558.6000,4490.0000,4500.2000
2011-02-08,4541.7000,4541.7000,4411.4500,4427.6000
2011-02-09,4422.9000,4466.6000,4354.7000,4373.2500
2011-02-10,4358.4500,4419.5000,4356.8000,4393.4000
2011-02-11,4387.8000,4437.4500,4367.8500,4428.7000
2011-02-12,4685.1000,4757.0500,4661.0000,4744.6000
2011-02-14,4436.6500,4525.2500,4432.3500,4515.2000
2011-02-15,4520.9500,4553.2500,4449.5500,4498.3500
2011-02-16,4485.7000,4552.2000,4433.2500,4451.3500
2011-02-17,4458.7500,4500.8500,4437.6000,4477.4500
2011-02-18,4479.8500,4518.1000,4456.9500,4463.2500
2011-02-21,4460.6000,4507.4000,4427.0000,4497.3000
2011-02-22,4489.4500,4489.4500,4432.6500,4458.9500
2011-02-23,4459.8500,4472.7000,4418.9500,4426.4000
2011-02-24,4412.9000,4422.9000,4274.2500,4300.2500
2011-02-25,4337.3000,4368.8000,4300.8000,4328.1000
2011-02-28,4338.4500,4404.7500,4317.8000,4331.0500
2011-03-01,,,,5108.2900
2011-03-02,4618.9500,4662.3500,4605.4000,4640.9000
2011-03-03,4458.9000,4485.5500,4425.0000,4456.4000
2011-03-04,4481.8500,4499.7000,4438.1000,4446.7500
2011-03-05,4701.3500,4732.6000,4629.8500,4642.5500
2011-03-06,4807.8000,4831.7000,4749.3500,4759.4000
2011-03-07,4433.6500,4438.4000,4375.3500,4427.3500
2011-03-08,4868.7000,4868.7000,4830.8500,4841.5000
2011-03-09,4451.7500,4466.8500,4394.3000,4425.0500
2011-03-10,4498.0500,4522.6000,4447.0500,4499.7000
2011-03-11,4384.9000,4429.3500,4345.2000,4386.8500
2011-03-14,4381.0000,4428.7500,4364.7000,4419.8500
2011-03-15,4379.9500,4401.1000,4307.3000,4346.2000
2011-03-16,4359.4500,4426.0000,4359.4500,4408.9500
2011-03-17,4377.8500,4417.9500,4363.6500,4385.5000
2011-03-18,4405.8000,4417.0500,4331.1500,4340.0000
2011-03-21,4352.4000,4368.0500,4336.3500,4344.8000
2011-03-22,4347.2000,4397.6500,4347.2000,4389.7500
2011-03-23,4396.9000,4473.8500,4393.5500,4462.3000
2011-03-24,4469.2500,4495.5000,4454.4500,4463.0500
2011-03-25,4501.5500,4501.5500,4468.5500,4480.4000
2011-03-28,4477.6000,4500.3000,4426.8500,4441.4500
2011-03-29,4433.4000,4481.4500,4422.3500,4469.3000
2011-03-30,4491.3000,4568.0000,4490.7500,4561.0000
2011-03-31,4569.2500,4591.8500,4503.6500,4535.8500
2011-04-01,,,,5166.8800
2011-04-02,4637.8500,4679.5500,4557.1000,4573.2500
2011-04-03,4481.8500,4499.7000,4438.1000,4446.7500
2011-04-04,4573.4500,4580.5500,4552.1500,4570.4500
2011-04-05,4642.1000,4642.1000,4558.9000,4590.9500
2011-04-06,4588.7500,4606.6000,4567.4000,4577.1000
2011-04-07,4816.0500,4837.2500,4810.2000,4828.2000
2011-04-08,4592.2000,4611.7000,4571.2000,4587.9500
2011-04-10,4498.4000,4517.5000,4440.2500,4449.9000
2011-04-11,4608.2500,4618.2500,4575.3500,4588.2000
2011-04-13,4589.7500,4626.5500,4555.2500,4619.0000
2011-04-15,4621.1500,4623.0000,4577.7000,4593.8000
2011-04-18,4597.8500,4628.8000,4540.7500,4563.9500
2011-04-19,4555.2500,4567.2500,4526.6000,4546.5000
2011-04-20,4560.6500,4624.9000,4548.2000,4619.0000
2011-04-21,4622.9500,4643.1000,4598.9000,4610.3000
2011-04-25,4613.2000,4632.8000,4603.9000,4619.5500
2011-04-26,4622.6000,4654.3000,4567.3000,4640.9500
2011-04-27,4640.2000,4663.4500,4631.0500,4654.9000
2011-04-28,4649.6000,4674.0000,4624.3500,4647.5500
2011-04-29,4662.7000,4701.4500,4656.7500,4685.5500
2011-05-01,,,,5172.9000
2011-05-02,4711.5500,4750.4500,4699.9500,4712.7000
2011-05-03,4701.3500,4732.6000,4629.8500,4642.5500
2011-05-04,4583.5000,4602.6500,4558.0000,4590.8000
2011-05-05,4560.1500,4579.8000,4488.8000,4506.2500
2011-05-06,4498.3500,4553.3000,4492.9000,4539.2500
2011-05-07,4831.7500,4837.3500,4808.5500,4821.9500
2011-05-08,4694.1500,4723.0500,4633.0000,4710.7500
2011-05-09,4551.1000,4551.1000,4500.8500,4532.0000
2011-05-10,4532.6000,4549.6500,4501.2000,4522.8500
2011-05-11,4520.2500,4550.4500,4506.8000,4542.2000
2011-05-12,4740.9000,4755.7000,4701.3000,4715.9000
2011-05-13,4545.9500,4645.1500,4519.9000,4607.5500
2011-05-16,4608.3500,4682.9000,4608.3500,4660.0500
2011-05-17,4663.2000,4682.6000,4633.3500,4648.0500
2011-05-18,4654.8500,4667.5000,4572.6500,4584.9000
2011-05-19,4593.6500,4598.6000,4551.0500,4563.8000
2011-05-20,4571.6000,4646.3500,4557.2000,4619.8000
2011-05-23,4610.4500,4616.7000,4520.7000,4541.5000
2011-05-24,4552.1500,4572.1000,4541.8000,4561.8500
2011-05-25,4557.8000,4584.2000,4539.0000,4567.0000
2011-05-26,4573.9500,4625.6500,4557.1000,4604.8500
2011-05-27,4600.9500,4646.7000,4600.9500,4632.1000
2011-05-30,4647.2000,4747.3000,4647.2000,4736.7000
2011-05-31,4755.1500,4828.2500,4755.1500,4822.7500
2011-06-01,4810.8000,4827.4000,4781.9500,4805.6500
2011-06-02,4783.6500,4853.5000,4765.0500,4806.9500
2011-06-03,4807.8000,4831.7000,4749.3500,4759.4000
2011-06-04,4588.7500,4606.6000,4567.4000,4577.1000
2011-06-05,4498.3500,4553.3000,4492.9000,4539.2500
2011-06-06,4757.0000,4810.5500,4754.8500,4807.3000
2011-06-07,4826.2000,4838.7500,4787.2000,4795.6000
2011-06-08,4848.4500,4853.8500,4787.5500,4795.1000
2011-06-09,4804.0500,4806.4500,4757.8000,4773.7500
2011-06-10,4783.2500,4805.8500,4755.0000,4772.6500
2011-06-13,4756.6000,4796.8500,4746.1500,4790.4500
2011-06-14,4794.4500,4845.0500,4794.4500,4822.5500
2011-06-15,4810.8500,4847.4000,4808.4000,4820.6000
2011-06-16,4792.2500,4840.2000,4792.2500,4819.7000
2011-06-17,4803.6000,4840.5000,4741.1500,4754.5000
2011-06-20,4758.9500,4793.0500,4598.4000,4654.4000
2011-06-21,4661.1000,4713.1000,4653.8000,4686.9000
2011-06-22,4709.0500,4725.5000,4669.3500,4691.6500
2011-06-23,4675.9500,4680.8500,4623.1000,4660.6500
2011-06-24,4671.0000,4729.2500,4657.7000,4720.5000
2011-06-27,4712.8000,4784.1000,4697.6000,4765.7000
2011-06-28,4783.0500,4820.0000,4768.2000,4795.1500
2011-06-29,4801.9000,4836.7500,4801.9000,4828.2000
2011-06-30,4826.2000,4855.4500,4776.3000,4817.0000
2011-07-01,4838.1000,4868.8000,4781.3500,4796.2500
2011-07-02,4550.4000,4558.6000,4490.0000,4500.2000
2011-07-03,4433.6500,4438.4000,4375.3500,4427.3500
2011-07-04,4816.0500,4837.2500,4810.2000,4828.2000
2011-07-05,4831.7500,4837.3500,4808.5500,4821.9500
2011-07-06,4826.2000,4838.7500,4787.2000,4795.6000
2011-07-07,4798.4500,4894.2000,4798.4000,4885.5000
2011-07-08,4897.4000,4910.3500,4840.1500,4850.3000
2011-07-09,4557.4500,4571.3500,4540.3500,4558.1500
2011-07-10,4537.6500,4586.6000,4491.7500,4518.4000
2011-07-11,4853.7000,4873.0000,4829.6500,4841.1500
2011-07-12,4712.0000,4744.2000,4625.8000,4639.4000
2011-07-13,4846.7500,4901.3500,4846.7500,4889.6000
2011-07-14,4884.2500,4960.4000,4870.8500,4934.7500
2011-07-15,4932.6500,4951.1000,4899.4000,4922.3000
2011-07-18,4914.8500,4924.5500,4860.5000,4868.4500
2011-07-19,4878.5000,4912.4500,4871.5000,4907.4500
2011-07-20,4926.6500,4938.9500,4814.7500,4826.9000
2011-07-21,4804.0000,4819.5500,4773.2000,4786.3500
2011-07-22,4812.4500,4867.1500,4811.4500,4850.0000
2011-07-25,4843.3500,4914.1500,4823.5000,4905.4500
2011-07-26,4915.6000,4949.2000,4852.1500,4869.4000
2011-07-27,4868.0500,4904.1000,4844.7000,4861.6500
2011-07-28,4843.5000,4889.3500,4811.2000,4877.1000
2011-07-29,4873.6500,4893.2000,4844.1000,4848.4500
2011-08-01,4859.5000,4900.3000,4859.5000,4881.7000
2011-08-02,4541.7000,4541.7000,4411.4500,4427.6000
2011-08-03,4440.9500,4472.2500,4432.4500,4447.2000
2011-08-04,4592.2000,4611.7000,4571.2000,4587.9500
2011-08-05,4694.1500,4723.0500,4633.0000,4710.7500
2011-08-06,4848.4500,4853.8500,4787.5500,4795.1000
2011-08-07,4897.4000,4910.3500,4840.1500,4850.3000
2011-08-08,4653.9000,4713.4500,4603.8000,4684.2000
2011-08-09,4560.5500,4618.0500,4560.5500,4592.9000
2011-08-10,4591.1000,4605.7000,4556.6500,4597.6000
2011-08-11,4576.5000,4653.4000,4570.4000,4581.0000
2011-08-12,4624.7000,4653.7500,4589.8000,4633.7500
2011-08-16,4575.7500,4601.6500,4494.8000,4523.2000
2011-08-17,4527.8500,4580.7000,4510.9500,4545.6000
2011-08-18,4552.8000,4562.6500,4463.9000,4476.2500
2011-08-19,4429.8500,4469.7000,4366.9500,4418.9500
2011-08-22,4416.1000,4476.3000,4377.3000,4469.9500
2011-08-23,4485.4000,4504.0000,4425.7500,4448.9500
2011-08-24,4447.9000,4500.1000,4429.6000,4441.3000
2011-08-25,4476.4000,4487.9500,4439.9500,4452.6000
2011-08-26,4458.0000,4501.4500,4374.1500,4412.2000
2011-08-29,4420.3500,4490.2000,4420.3500,4445.8000
2011-08-30,4457.1000,4532.8500,4441.8000,4524.3000
2011-09-02,4596.6000,4615.8500,4569.8500,4587.9500
2011-09-03,4451.7500,4466.8500,4394.3000,4425.0500
2011-09-05,4577.9000,4584.1000,4536.3500,4556.9500
2011-09-06,4804.0500,4806.4500,4757.8000,4773.7500
2011-09-07,4557.4500,4571.3500,4540.3500,4558.1500
2011-09-08,4560.5500,4618.0500,4560.5500,4592.9000
2011-09-09,4601.5000,4625.3000,4540.5000,4551.2500
2011-09-11,4702.5500,4713.7500,4621.2500,4631.3500
2011-09-12,4596.2500,4658.9000,4577.2500,4606.2500
2011-09-13,4539.0500,4602.6000,4492.3500,4504.3000
2011-09-14,4526.3500,4556.5000,4493.8000,4528.8000
2011-09-15,4553.4500,4558.9500,4503.0000,4543.8500
2011-09-16,4545.3500,4580.2000,4533.1000,4567.2500
2011-09-19,4583.8500,4583.8500,4499.8000,4522.9000
2011-09-20,4535.0500,4592.8500,4514.4000,4582.1500
2011-09-21,4579.8500,4617.9500,4578.7000,4595.4500
2011-09-22,4571.5500,4571.5500,4489.6500,4503.2000
2011-09-23,4480.0000,4512.7000,4452.1000,4487.4000
2011-09-26,4503.1500,4503.1500,4422.6500,4486.5500
2011-09-27,4502.6500,4534.1500,4500.4000,4511.7500
2011-09-28,4539.2000,4552.7500,4487.2000,4544.6000
2011-09-29,4539.0500,4549.3500,4506.4000,4539.7000
2011-09-30,4541.2500,4557.7500,4494.8500,4520.9500
2011-10-01,,,,4944.5600
2011-10-02,4358.4500,4419.5000,4356.8000,4393.4000
2011-10-03,4424.2000,4424.2000,4386.2500,4395.6500
2011-10-04,4498.4000,4517.5000,4440.2500,4449.9000
2011-10-05,4532.6000,4549.6500,4501.2000,4522.8500
2011-10-06,4783.2500,4805.8500,4755.0000,4772.6500
2011-10-07,4537.6500,4586.6000,4491.7500,4518.4000
2011-10-08,4591.1000,4605.7000,4556.6500,4597.6000
2011-10-10,4520.2000,4537.6000,4484.2000,4503.7000
2011-10-11,4526.5000,4561.3000,4506.2500,4529.3000
2011-10-12,4542.2500,4578.1000,4542.2500,4567.2000
2011-10-13,4568.8500,4580.2500,4509.0000,4519.4500
2011-10-14,4508.7500,4555.5000,4504.4000,4537.9000
2011-10-17,4540.9500,4558.6000,4496.9500,4529.4000
2011-10-18,4500.4000,4518.8000,4493.6000,4504.4000
2011-10-19,4523.3500,4584.7500,4519.8500,4575.1500
2011-10-20,4559.2500,4582.0000,4550.9500,4573.8000
2011-10-21,4586.2500,4622.9500,4557.6000,4568.1000
2011-10-24,4601.3500,4633.7500,4581.4500,4588.9500
2011-10-25,4614.2500,4676.2500,4593.9000,4655.7500
2011-10-26,4671.9500,4704.1500,4655.6000,4699.3000
2011-10-28,4748.4500,4816.3500,4748.4500,4772.4500
2011-10-31,4765.8500,4765.8500,4698.2000,4735.6000
2011-11-01,,,,4936.3200
2011-11-02,4387.8000,4437.4500,4367.8500,4428.7000
2011-11-03,4384.9000,4429.3500,4345.2000,4386.8500
2011-11-04,4608.2500,4618.2500,4575.3500,4588.2000
2011-11-05,4520.2500,4550.4500,4506.8000,4542.2000
2011-11-07,4853.7000,4873.0000,4829.6500,4841.1500
2011-11-08,4576.5000,4653.4000,4570.4000,4581.0000
2011-11-09,4702.5500,4713.7500,4621.2500,4631.3500
2011-11-10,4526.5000,4561.3000,4506.2500,4529.3000
2011-11-11,4634.8000,4673.1500,4629.7500,4661.2000
2011-11-14,4685.8000,4729.0500,4685.8000,4697.6500
2011-11-15,4710.5500,4729.8000,4674.6500,4679.4500
2011-11-16,4678.9500,4678.9500,4638.0500,4646.3000
2011-11-17,4653.8500,4655.2000,4570.5000,4579.0000
2011-11-18,4570.8500,4620.8500,4552.9500,4601.7500
2011-11-21,4602.1000,4611.9500,4526.8000,4549.1500
2011-11-22,4547.0000,4596.2500,4547.0000,4585.8500
2011-11-23,4578.2000,4588.8000,4509.3000,4545.5500
2011-11-24,4549.5500,4637.4000,4492.8000,4613.1000
2011-11-25,4597.2000,4639.0500,4581.7500,4594.7500
2011-11-28,4625.0500,4671.8000,4625.0500,4665.0000
2011-11-29,4688.2500,4721.7500,4673.9000,4690.7500
2011-11-30,4668.3000,4721.2000,4664.2500,4710.8500
2011-12-01,,,,4971.7400
2011-12-02,4685.1000,4757.0500,4661.0000,4744.6000
2011-12-05,4740.9000,4755.7000,4701.3000,4715.9000
2011-12-07,4712.0000,4744.2000,4625.8000,4639.4000
2011-12-08,4624.7000,4653.7500,4589.8000,4633.7500
2011-12-09,4596.2500,4658.9000,4577.2500,4606.2500
2011-12-10,4542.2500,4578.1000,4542.2500,4567.2000
2011-12-12,4621.6500,4635.7000,4548.3000,4571.5500
2011-12-13,4564.6000,4611.5500,4547.8000,4595.9500
2011-12-14,4593.1500,4630.5500,4566.5000,4579.7000
2011-12-15,4549.9500,4613.3000,4537.5500,4602.4500
2011-12-16,4596.2500,4655.7000,4564.5500,4588.5500
2011-12-19,4584.1000,4584.1000,4519.5000,4553.9500
2011-12-20,4564.7000,4574.0500,4504.9000,4512.9500
2011-12-21,4534.0000,4567.9500,4510.5500,4559.0000
2011-12-22,4544.9500,4591.9500,4542.3500,4581.4000
2011-12-23,4599.0000,4605.7000,4545.5000,4561.2000
2011-12-26,4546.9000,4581.4500,4543.4500,4552.7500
2011-12-27,4561.3500,4567.6500,4522.5000,4540.2500
2011-12-28,4539.8500,4557.7000,4507.5500,4551.1500
2011-12-29,4550.3000,4561.9500,4534.8000,4549.5500
2011-12-30,4551.4000,4594.9500,4530.5500,4576.2500
2012-01-02,4586.6500,4592.7000,4542.7000,4567.6000
2012-01-03,4586.9500,4638.0500,4584.4500,4634.5000
2012-01-04,4631.8000,4663.6000,4617.7500,4655.7500
2012-01-05,4665.2500,4690.8500,4641.7500,4648.5500
2012-01-06,5040.0000,5045.7500,4964.4000,4978.2000
2012-01-07,4661.6500,4676.7500,4652.1000,4661.3000
2012-01-08,5468.6000,5492.2500,5437.4000,5476.4500
2012-01-09,4672.8000,4712.1000,4639.7000,4699.4000
2012-01-10,5642.8000,5659.2500,5620.6000,5635.4000
2012-01-11,4755.6500,4765.4000,4720.2000,4756.7500
2012-01-12,4748.0500,4794.5000,4742.0000,4755.0500
2012-01-13,4759.0000,4771.4500,4723.0500,4752.0500
2012-01-16,4738.6000,4738.6000,4688.6000,4708.1500
2012-01-17,4712.7500,4763.6500,4712.7500,4745.2000
2012-01-18,4751.1500,4778.9500,4723.6500,4742.3500
2012-01-19,4761.8500,4826.3500,4756.7500,4813.5500
2012-01-20,4821.5000,4830.9000,4747.1500,4790.9500
2012-01-23,4799.0000,4823.6500,4768.2500,4782.2500
2012-01-24,4793.9500,4820.6500,4778.3000,4791.6000
2012-01-25,4803.3000,4813.6000,4787.5500,4806.7500
2012-01-27,4825.3000,4838.2500,4765.6500,4824.1500
2012-01-30,4804.4500,4846.3000,4798.0500,4823.5500
2012-01-31,4844.9500,4915.3000,4806.5000,4890.3500
2012-02-01,4586.6500,4592.7000,4542.7000,4567.6000
2012-02-02,4894.3000,4914.5500,4799.3000,4832.0000
2012-02-03,4849.2500,4938.0000,4829.6500,4873.4500
2012-02-04,5033.6000,5051.4000,5000.7500,5028.2000
2012-02-05,5156.8000,5192.1000,5154.1500,5163.4500
2012-02-06,4942.5500,4976.4000,4889.7000,4904.5500
2012-02-07,5209.9500,5247.5500,5209.9500,5233.7500
2012-02-08,5477.0000,5488.2500,5447.1000,5468.4000
2012-02-09,4880.9000,4905.6000,4866.3000,4882.1500
2012-02-10,4888.4500,4904.9500,4822.2000,4837.9500
2012-02-11,5739.5000,5751.2000,5722.3500,5736.8000
2012-02-13,4856.3500,4881.4500,4828.5000,4847.2000
2012-02-14,4834.3000,4838.5500,4790.7000,4795.9500
2012-02-15,4814.3500,4871.5500,4813.9000,4835.4500
2012-02-16,4804.1500,4860.3500,4801.4000,4832.7500
2012-02-17,4853.0500,4875.1500,4817.7500,4833.9500
2012-02-21,4844.5500,4884.5500,4831.1000,4841.9000
2012-02-22,4854.8500,4874.2500,4793.5500,4804.0500
2012-02-23,4805.6000,4837.1000,4777.9500,4794.7000
2012-02-24,4803.6500,4832.1500,4764.6000,4781.1000
2012-02-27,4792.4000,4798.3500,4763.9500,4771.3000
2012-02-28,4772.2500,4828.8500,4772.2500,4815.3500
2012-02-29,4828.6000,4884.6000,4789.2000,4811.7000
2012-03-01,4817.4500,4848.6000,4803.0500,4827.2500
2012-03-02,4843.3500,4909.6000,4842.5000,4906.3500
2012-03-03,4876.2000,4885.8000,4860.8500,4875.2500
2012-03-04,5048.7500,5072.1000,4993.9000,5002.4500
2012-03-05,4868.9000,4879.6500,4829.9000,4835.7500
2012-03-06,4838.9500,4900.0500,4808.8000,4823.0000
2012-03-07,5236.9500,5279.3500,5229.5000,5237.1500
2012-03-08,5462.9500,5520.6500,5446.0500,5506.1500
2012-03-09,5652.7500,5675.4500,5630.3500,5644.5500
2012-03-10,5644.2000,5695.9000,5608.4500,5673.4000
2012-03-12,5873.1500,5887.7000,5842.8000,5854.8500
2012-03-13,4876.5000,4913.5500,4876.5000,4902.3500
2012-03-14,4926.4500,4959.4500,4902.0000,4911.4000
2012-03-15,4918.2500,4920.2000,4881.1000,4893.7000
2012-03-16,4901.3500,4944.1500,4786.6500,4805.1000
2012-03-19,4810.8000,4827.6500,4773.9000,4810.3500
2012-03-20,4822.5000,4874.4000,4814.5000,4865.8000
2012-03-21,4865.5000,4915.9000,4858.4500,4909.4500
2012-03-22,4922.9500,4929.8500,4825.3000,4845.5000
2012-03-23,4851.8500,4895.2000,4829.6000,4878.7000
2012-03-26,4883.5000,4890.2500,4827.0000,4836.5000
2012-03-27,4858.1500,4898.9000,4855.7500,4883.6500
2012-03-28,4892.9500,4920.0000,4866.1500,4898.2500
2012-03-29,4883.5000,4937.4000,4866.3000,4923.6500
2012-03-30,4939.7500,5055.1000,4939.7500,5036.6000
2012-04-01,4631.8000,4663.6000,4617.7500,4655.7500
2012-04-02,5033.6000,5051.4000,5000.7500,5028.2000
2012-04-03,5048.7500,5072.1000,4993.9000,5002.4500
2012-04-04,5000.8500,5012.9000,4980.2500,4991.8500
2012-04-05,5149.8500,5219.6500,5149.8500,5184.5000
2012-04-06,4961.0500,4961.0500,4901.4500,4942.7500
2012-04-07,5255.0000,5267.7000,5218.8000,5235.5500
2012-04-09,5649.7000,5662.5000,5633.4000,5645.0000
2012-04-10,5690.7500,5702.4000,5605.3500,5617.6000
2012-04-11,5000.8000,5067.6500,4993.5000,5053.4500
2012-04-12,5847.1500,5902.3000,5842.1500,5870.0000
2012-04-13,5064.0500,5157.3500,5064.0500,5116.8500
2012-04-16,5114.3500,5153.8500,5099.0500,5115.8000
2012-04-17,5158.7500,5158.7500,5093.5500,5127.2500
2012-04-18,5135.5500,5210.8500,5135.5500,5166.3500
2012-04-19,5190.3000,5232.1000,5189.4000,5216.3500
2012-04-20,5215.8500,5237.8500,5164.7000,5195.3000
2012-04-23,5210.4500,5231.0500,5151.4000,5177.7000
2012-04-24,5188.5500,5191.7500,5141.1000,5149.0500
2012-04-25,5166.6500,5187.9000,5114.5000,5160.8500
2012-04-26,5171.9000,5173.7500,5110.1000,5130.9000
2012-04-27,5124.1000,5152.7000,5085.4000,5137.6000
2012-04-28,5155.0500,5155.0500,5138.2500,5144.5000
2012-04-30,5139.7500,5177.7000,5106.1000,5155.4000
2012-05-01,4665.2500,4690.8500,4641.7500,4648.5500
2012-05-02,5156.8000,5192.1000,5154.1500,5163.4500
2012-05-03,4868.9000,4879.6500,4829.9000,4835.7500
2012-05-04,5149.8500,5219.6500,5149.8500,5184.5000
2012-05-06,4939.9500,4972.9000,4937.3000,4954.2500
2012-05-07,5178.0500,5181.2000,5138.8000,5161.2500
2012-05-08,5172.5500,5201.8000,5096.7000,5112.0000
2012-05-09,5111.0000,5143.8000,5081.0500,5113.7500
2012-05-10,5139.4500,5161.6000,5083.0500,5090.0000
2012-05-11,5736.5000,5796.9000,5736.5000,5756.5000
2012-05-12,5894.5000,5906.4500,5860.2500,5870.8000
2012-05-14,4981.1500,5062.6000,4979.5000,5047.2500
2012-05-15,5029.2500,5094.7500,5018.7000,5087.5500
2012-05-16,5065.5500,5082.9500,5031.0000,5048.7500
2012-05-17,5063.4000,5099.8500,5013.2500,5033.6000
2012-05-18,4990.4000,5039.9500,4973.2000,5022.0500
2012-05-21,5011.0000,5060.9500,4998.6500,5052.7000
2012-05-22,5068.9500,5068.9500,5009.8000,5017.2000
2012-05-23,5008.7000,5024.1000,4960.1500,5016.9000
2012-05-24,5030.4000,5062.0500,4984.1000,5049.2500
2012-05-25,5057.4000,5069.0000,5025.6000,5041.2000
2012-05-28,5037.4000,5069.4500,5028.7000,5064.2500
2012-05-29,5075.6000,5104.5500,5046.0500,5051.9000
2012-05-30,5073.6500,5076.4000,5032.2000,5047.5500
2012-05-31,5029.5000,5055.5000,5017.6500,5047.6500
2012-06-01,4641.9000,4676.7500,4620.9000,4658.6000
2012-06-02,4942.5500,4976.4000,4889.7000,4904.5500
2012-06-03,4838.9500,4900.0500,4808.8000,4823.0000
2012-06-04,4961.0500,4961.0500,4901.4500,4942.7500
2012-06-05,4939.9500,4972.9000,4937.3000,4954.2500
2012-06-06,4949.9000,5036.9000,4949.9000,5007.3000
2012-06-07,5248.9500,5264.9000,5222.8000,5259.6000
2012-06-08,4978.2500,5033.6500,4971.1500,5024.1500
2012-06-09,5561.5500,5616.0000,5547.5000,5606.2000
2012-06-11,5034.3000,5055.0500,4936.5000,4947.8500
2012-06-12,5883.5000,5901.0000,5812.9500,5875.5000
2012-06-13,4939.7500,4981.5000,4939.7500,4960.3500
2012-06-14,4949.6500,4975.9000,4919.8000,4937.5000
2012-06-15,4935.1500,4995.2500,4931.6000,4985.9500
2012-06-18,5000.5500,5030.3000,4932.3000,4947.0000
2012-06-19,4938.3500,5010.7500,4938.3500,5004.4500
2012-06-20,5013.7500,5075.3500,5012.3500,5065.8000
2012-06-21,5052.4000,5090.3000,5048.7000,5081.1500
2012-06-22,5058.4000,5103.2000,5057.8000,5075.3000
2012-06-25,5078.6000,5106.0500,5043.8000,5049.9500
2012-06-26,5044.9000,5102.1500,5044.9000,5095.9500
2012-06-27,5108.2000,5125.1500,5108.2000,5113.5500
2012-06-28,5109.0000,5133.6000,5091.1000,5111.5500
2012-06-29,5127.4500,5221.2000,5127.4500,5216.0000
2012-07-01,4661.6500,4676.7500,4652.1000,4661.3000
2012-07-02,4957.3000,4957.3000,4876.3500,4902.1500
2012-07-03,5236.9500,5279.3500,5229.5000,5237.1500
2012-07-04,5255.0000,5267.7000,5218.8000,5235.5500
2012-07-05,5178.0500,5181.2000,5138.8000,5161.2500
2012-07-06,5027.1000,5041.4500,5000.5500,5017.1500
2012-07-08,5557.7000,5578.2000,5520.6000,5529.5500
2012-07-09,5634.8000,5686.2500,5634.8000,5680.8500
2012-07-10,5224.3500,5277.0000,5223.1500,5271.2500
2012-07-11,5802.9500,5833.7500,5785.0000,5805.0000
2012-07-12,5240.6500,5268.0500,5211.6000,5251.1000
2012-07-13,5260.5500,5268.0000,5242.1500,5247.4500
2012-07-16,5248.5500,5344.7500,5248.5500,5312.5000
2012-07-17,5332.9500,5395.3500,5332.9500,5345.2000
2012-07-18,5365.1500,5365.1500,5300.4000,5312.5500
2012-07-19,5333.8000,5351.8500,5312.4000,5318.8500
2012-07-20,5306.2000,5312.2500,5260.6500,5264.6000
2012-07-23,5248.1500,5265.2500,5228.9500,5257.5000
2012-07-24,5269.5500,5284.7500,5222.2000,5276.8500
2012-07-25,5290.4000,5305.6500,5243.9500,5289.2500
2012-07-26,5306.3000,5324.5000,5244.3500,5273.8500
2012-07-27,5303.7500,5316.3500,5257.1000,5287.0000
2012-07-30,5307.7500,5386.2000,5298.3000,5379.3500
2012-07-31,5399.0000,5425.6000,5377.4000,5413.8000
2012-08-01,5468.6000,5492.2500,5437.4000,5476.4500
2012-08-02,5477.0000,5488.2500,5447.1000,5468.4000
2012-08-03,5462.9500,5520.6500,5446.0500,5506.1500
2012-08-05,5172.5500,5201.8000,5096.7000,5112.0000
2012-08-06,5530.8500,5567.1000,5525.5500,5532.4500
2012-08-07,5557.7000,5578.2000,5520.6000,5529.5500
2012-08-08,5521.7500,5551.4500,5515.6000,5530.7500
2012-08-09,5544.5000,5571.8000,5518.7000,5524.9000
2012-08-10,5550.4000,5624.7500,5536.1500,5595.5500
2012-08-11,5794.5500,5837.9500,5739.9000,5766.6500
2012-08-13,5503.8000,5537.4500,5503.8000,5516.1500
2012-08-14,5507.7500,5511.5500,5477.9000,5496.0500
2012-08-16,5503.5000,5537.2000,5486.6500,5500.7000
2012-08-17,5506.1500,5536.4000,5498.9500,5524.9500
2012-08-21,5524.1500,5541.7000,5504.0000,5528.4500
2012-08-22,5528.1500,5581.0500,5522.0000,5551.5000
2012-08-23,5576.5000,5640.0500,5576.5000,5603.3000
2012-08-24,5602.8000,5610.8500,5577.1000,5601.3000
2012-08-27,5608.8500,5626.8500,5589.3500,5600.5000
2012-08-28,5608.4000,5624.8000,5556.4000,5613.1500
2012-08-29,5626.4000,5651.4000,5614.5500,5618.0000
2012-08-30,5623.0500,5669.7500,5613.7000,5650.3000
2012-08-31,5641.2500,5692.2000,5619.0000,5648.9500
2012-09-01,4672.8000,4712.1000,4639.7000,4699.4000
2012-09-02,4880.9000,4905.6000,4866.3000,4882.1500
2012-09-03,4876.4000,4922.3000,4873.3500,4889.3500
2012-09-04,5649.7000,5662.5000,5633.4000,5645.0000
2012-09-05,5627.3000,5644.9000,5559.4000,5578.1500
2012-09-06,5561.5500,5616.0000,5547.5000,5606.2000
2012-09-07,5244.6000,5250.7000,5211.8500,5219.2500
2012-09-08,5544.5000,5571.8000,5518.7000,5524.9000
2012-09-10,5610.4000,5698.9000,5610.4000,5679.2000
2012-09-11,5764.2000,5791.4500,5743.0500,5751.5500
2012-09-12,5831.4000,5840.4500,5780.9000,5789.8500
2012-09-13,5793.4000,5793.4000,5700.3000,5708.1000
2012-09-14,5766.6000,5766.6000,5622.2500,5632.5500
2012-09-17,5645.9500,5673.7500,5494.5500,5530.4000
2012-09-18,5531.1000,5581.1000,5517.4000,5527.1500
2012-09-20,5506.8500,5547.1000,5482.8000,5514.9000
2012-09-21,5533.5500,5592.1500,5497.0000,5506.1500
2012-09-24,5503.4000,5533.7500,5481.4000,5507.0500
2012-09-25,5505.0000,5555.5000,5501.6500,5526.6000
2012-09-26,5511.2000,5565.4500,5511.2000,5541.8500
2012-09-27,5547.9500,5575.4000,5524.7500,5538.7000
2012-09-28,5551.3000,5634.9000,5530.9500,5623.0000
2012-10-01,5642.8000,5659.2500,5620.6000,5635.4000
2012-10-02,4888.4500,4904.9500,4822.2000,4837.9500
2012-10-03,5644.2000,5695.9000,5608.4500,5673.4000
2012-10-04,5690.7500,5702.4000,5605.3500,5617.6000
2012-10-05,5636.8000,5637.9500,5274.5000,5532.1000
2012-10-07,5224.3500,5277.0000,5223.1500,5271.2500
2012-10-08,5550.4000,5624.7500,5536.1500,5595.5500
2012-10-09,5760.5000,5809.6000,5760.5000,5799.2500
2012-10-10,5676.6000,5703.9500,5628.6000,5637.0000
2012-10-11,5640.5000,5651.4500,5564.1000,5598.6000
2012-10-12,5891.8500,5975.1000,5879.9500,5955.0500
2012-10-15,5639.4000,5664.2000,5617.1500,5643.7500
2012-10-16,5666.4500,5666.9500,5589.8000,5606.3000
2012-10-17,5631.8500,5649.1000,5612.3500,5626.4500
2012-10-18,5631.8500,5641.3500,5600.9500,5613.0500
2012-10-19,5616.4000,5623.4500,5556.8500,5590.0500
2012-10-22,5584.5000,5646.9000,5577.6000,5642.5500
2012-10-23,5648.8000,5678.0000,5625.0500,5631.4500
2012-10-25,5632.1000,5635.6000,5593.0000,5603.8500
2012-10-26,5584.5500,5596.4500,5517.5500,5542.2500
2012-10-29,5547.1000,5583.0000,5544.9500,5570.0500
2012-10-30,5563.2500,5588.7500,5548.8000,5566.4500
2012-10-31,5561.6500,5676.3500,5561.6500,5667.0500
2012-11-01,5677.1000,5722.5000,5672.2500,5713.3000
2012-11-02,5739.5000,5751.2000,5722.3500,5736.8000
2012-11-04,5000.8000,5067.6500,4993.5000,5053.4500
2012-11-05,5093.2500,5093.2500,4961.5000,4970.6500
2012-11-06,5034.3000,5055.0500,4936.5000,4947.8500
2012-11-07,5264.1500,5275.2500,5246.1500,5255.6500
2012-11-08,5794.5500,5837.9500,5739.9000,5766.6500
2012-11-09,5806.9500,5844.4000,5785.7500,5801.9000
2012-11-10,5640.5000,5651.4500,5564.1000,5598.6000
2012-11-12,5977.0500,6061.6000,5945.9000,5973.3000
2012-11-13,5763.2000,5771.7000,5737.7000,5744.6000
2012-11-15,5737.9000,5737.9000,5659.0500,5683.8500
2012-11-16,5661.4000,5711.8000,5643.8500,5658.8500
2012-11-19,5661.6000,5684.6000,5611.9500,5624.5500
2012-11-20,5642.3500,5653.9500,5591.4000,5631.0500
2012-11-21,5644.0500,5706.7000,5629.9500,5689.3000
2012-11-22,5714.1500,5714.1500,5672.3000,5694.4500
2012-11-23,5681.1000,5708.1500,5646.8500,5680.8500
2012-11-26,5689.1500,5728.5500,5682.9500,5698.4000
2012-11-27,5707.1000,5758.1000,5707.1000,5748.0500
2012-11-29,5764.4500,5845.8500,5764.4500,5833.8500
2012-11-30,5843.1500,5881.4000,5822.4500,5869.7500
2012-12-01,4748.0500,4794.5000,4742.0000,4755.0500
2012-12-03,5873.1500,5887.7000,5842.8000,5854.8500
2012-12-04,5847.1500,5902.3000,5842.1500,5870.0000
2012-12-05,5894.5000,5906.4500,5860.2500,5870.8000
2012-12-06,5883.5000,5901.0000,5812.9500,5875.5000
2012-12-07,5878.8000,5892.6500,5852.3500,5887.1500
2012-12-09,5831.4000,5840.4500,5780.9000,5789.8500
2012-12-10,5891.8500,5975.1000,5879.9500,5955.0500
2012-12-11,5977.0500,6061.6000,5945.9000,5973.3000
2012-12-12,5990.8000,5994.0500,5961.1000,5984.9500
2012-12-13,5995.8000,6015.8500,5942.1000,5950.2000
2012-12-14,5957.7000,5987.1500,5909.4500,5918.9000
2012-12-17,5922.8500,5955.1000,5922.4500,5945.2500
2012-12-18,5965.0000,6012.1000,5952.5000,5985.0000
2012-12-19,5995.6000,6099.0500,5994.7000,6084.6500
2012-12-20,6091.7500,6145.1500,6058.0500,6072.4000
2012-12-21,6067.9500,6073.2000,5963.6500,5972.1500
2012-12-24,5986.9000,6023.6000,5974.5500,6010.8500
2012-12-26,6022.6500,6088.2500,6022.6500,6061.1000
2012-12-27,6089.4500,6107.6000,6031.4000,6044.6500
2012-12-28,6061.2500,6091.5000,6006.0000,6035.5000
2012-12-31,6042.1500,6051.7000,6009.7000,6035.0000
2013-01-01,6049.9000,6077.3500,6044.2000,6056.6000
2013-01-02,5944.4500,6003.6500,5944.4500,5989.6500
2013-01-03,5770.7000,5817.3000,5715.3000,5807.0000
2013-01-04,6085.8500,6090.0500,6047.6500,6080.4000
2013-01-07,6110.7500,6130.8000,6093.0000,6104.4500
2013-01-08,6109.0000,6172.8000,6109.0000,6156.5500
2013-01-09,6165.0500,6205.9000,6151.1500,6169.2500
2013-01-10,7367.5500,7407.1500,7348.3500,7382.5000
2013-01-11,7481.5500,7529.1000,7474.0500,7502.8000
2013-01-14,6060.5500,6060.6500,6016.8500,6031.3500
2013-01-15,6033.1000,6044.7000,6012.7500,6032.2000
2013-01-16,6027.1500,6093.3000,6012.8000,6018.2000
2013-01-17,6021.7500,6037.7500,5985.7500,6001.9000
2013-01-18,6011.0500,6024.9500,5942.5000,5960.7500
2013-01-21,5960.4500,5973.3500,5928.5000,5940.9000
2013-01-22,5946.3500,5973.5500,5920.3000,5926.2500
2013-01-23,5938.2000,5952.3000,5902.5000,5910.8000
2013-01-24,5905.7000,5913.0000,5847.8000,5857.6500
2013-01-25,5866.4500,5961.4500,5846.3000,5949.4500
2013-01-28,5958.9000,5973.2500,5926.8000,5936.4000
2013-01-29,5926.3500,5982.5000,5902.2500,5914.9500
2013-01-30,5929.0500,5948.3000,5905.6500,5929.3000
2013-01-31,5921.6000,5965.1500,5917.0500,5935.2500
2013-02-01,5944.4500,6003.6500,5944.4500,5989.6500
2013-02-04,5996.2500,6005.8000,5895.2500,5907.5000
2013-02-05,5930.6000,5970.7500,5907.8500,5963.7500
2013-02-06,5983.8000,6000.6000,5942.1000,5951.9500
2013-02-07,6837.9000,6916.1500,6829.4000,6880.9500
2013-02-08,7146.5000,7146.5000,7006.3500,7036.1000
2013-02-09,6978.1500,7093.2500,6978.1500,7046.6000
2013-02-11,5861.6000,5897.6500,5836.2500,5886.5500
2013-02-12,5902.0000,5964.2500,5893.4000,5957.7500
2013-02-13,5962.1500,5989.0000,5941.5500,5948.2500
2013-02-14,5944.4500,5953.7500,5881.1000,5893.8000
2013-02-15,5873.5000,5885.6000,5835.3000,5865.3500
2013-02-18,5864.5000,5902.6500,5857.2000,5864.7000
2013-02-19,5863.0500,5944.9500,5860.7500,5938.2500
2013-02-20,5955.1500,5955.1500,5914.7000,5924.4000
2013-02-21,5914.1000,5923.5000,5884.1000,5907.3500
2013-02-22,5898.2500,5947.8500,5898.2500,5944.1500
2013-02-25,5949.8000,5962.5000,5914.6500,5954.5500
2013-02-26,5963.4500,5963.4500,5823.8500,5833.8000
2013-02-27,5836.6000,5852.5000,5771.0500,5813.8000
2013-02-28,5837.8500,5862.2000,5755.1500,5778.2000
2013-03-01,5770.7000,5817.3000,5715.3000,5807.0000
2013-03-04,6149.1000,6203.0000,6140.6500,6148.9500
2013-03-05,6586.3500,6601.9500,6558.8500,6586.7500
2013-03-06,5897.8000,5903.6500,5864.1500,5891.0000
2013-03-07,5877.8000,5927.1500,5877.8000,5919.3000
2013-03-08,5929.2000,5980.2000,5921.7500,5973.5000
2013-03-09,7088.7000,7088.7000,6836.1500,6871.4500
2013-03-10,7422.7000,7519.4000,7422.7000,7467.3000
2013-03-11,7557.0500,7573.3000,7543.9500,7552.0500
2013-03-12,5993.5000,6014.6500,5963.9500,5974.8500
2013-03-13,5978.2500,5994.2000,5963.8000,5985.9000
2013-03-14,5994.5500,6009.2500,5960.3500,5989.6500
2013-03-15,6009.7500,6042.4000,5994.8500,6003.8500
2013-03-18,5968.7000,6040.5000,5960.5500,6029.5500
2013-03-19,6043.2000,6070.2000,6008.5500,6020.2500
2013-03-20,6007.9000,6055.8000,6007.9000,6026.8000
2013-03-21,6031.1500,6053.3500,5966.2500,5980.3000
2013-03-22,5987.6000,5996.6500,5942.9000,5949.7500
2013-03-25,5997.0500,5997.4000,5926.4500,5939.7500
2013-03-26,5931.3000,5965.2500,5908.9500,5953.7500
2013-03-28,5966.3500,5983.6500,5932.9500,5953.0000
2013-04-01,5976.0500,6041.2500,5965.4500,6007.3000
2013-04-02,5996.2500,6005.8000,5895.2500,5907.5000
2013-04-03,6149.1000,6203.0000,6140.6500,6148.9500
2013-04-04,6123.0000,6181.9500,6111.2000,6119.6000
2013-04-05,6117.0500,6172.0000,6107.3500,6132.0000
2013-04-06,6724.5500,6867.4500,6716.5500,6839.1000
2013-04-07,6971.1500,7012.3500,6930.9500,6968.1500
2013-04-08,6120.3000,6219.1500,6108.5000,6185.3500
2013-04-09,6178.3000,6223.1500,6137.0000,6147.0000
2013-04-10,6194.3500,6194.3500,6103.3000,6167.9500
2013-04-11,6196.2000,6243.9000,6175.6000,6231.2500
2013-04-12,6232.3000,6284.7500,6221.0500,6242.1000
2013-04-15,6236.1500,6273.4500,6181.6500,6190.2500
2013-04-16,6180.1000,6300.3000,6173.5500,6287.1000
2013-04-17,6276.0500,6370.7000,6272.3000,6344.0500
2013-04-18,6352.0000,6392.5500,6327.2500,6355.4000
2013-04-22,6355.9500,6423.5000,6337.4000,6364.0000
2013-04-23,6364.0500,6412.0000,6355.8000,6403.0000
2013-04-25,6417.3000,6573.8000,6407.9500,6556.8500
2013-04-26,6545.3000,6549.0500,6499.0500,6505.6000
2013-04-29,6532.5500,6561.7500,6476.1000,6492.9500
2013-04-30,6506.1000,6577.1500,6492.0000,6550.1500
2013-05-02,5930.6000,5970.7500,5907.8500,5963.7500
2013-05-03,6586.3500,6601.9500,6558.8500,6586.7500
2013-05-04,6117.0500,6172.0000,6107.3500,6132.0000
2013-05-06,6594.0500,6623.3000,6582.4000,6610.0500
2013-05-07,6636.1500,6709.5500,6623.8000,6678.6500
2013-05-08,6725.0000,6726.9500,6650.9000,6676.6000
2013-05-09,7102.2500,7165.4000,6979.4000,7023.5000
2013-05-10,6559.0500,6616.1500,6557.8000,6596.4500
2013-05-11,6612.0000,6731.3000,6612.0000,6706.0000
2013-05-12,7516.2000,7522.8500,7322.1500,7344.1500
2013-05-13,6725.4500,6773.1000,6644.1500,6654.0000
2013-05-14,6660.6000,6727.2000,6660.6000,6703.4000
2013-05-15,6708.6000,6836.9500,6708.6000,6827.3000
2013-05-16,6816.8000,6926.4500,6816.8000,6912.3500
2013-05-17,6914.0000,6914.1500,6838.0500,6885.1500
2013-05-20,6905.2000,6905.2000,6750.3500,6759.2500
2013-05-21,6739.3000,6794.7500,6708.8000,6726.2000
2013-05-22,6737.9500,6807.7500,6737.9500,6778.8000
2013-05-23,6749.1500,6777.7500,6678.9500,6725.6000
2013-05-24,6708.8500,6727.7000,6640.8000,6664.1500
2013-05-27,6659.6500,6775.0000,6638.0000,6745.1000
2013-05-28,6753.0500,6788.1500,6687.2500,6698.3500
2013-05-29,6760.5500,6890.7500,6713.1000,6856.0500
2013-05-30,6810.0500,6903.4500,6794.3500,6814.8500
2013-05-31,6794.8500,6828.2500,6710.2000,6729.2500
2013-06-02,5983.8000,6000.6000,5942.1000,5951.9500
2013-06-03,6732.7500,6815.5500,6655.5500,6715.2500
2013-06-04,6724.5500,6867.4500,6716.5500,6839.1000
2013-06-05,6858.3000,6878.4500,6792.1000,6858.3500
2013-06-06,6835.3000,6841.0000,6752.6500,6774.7500
2013-06-07,6728.0000,6838.1500,6728.0000,6782.7000
2013-06-08,6959.5000,6987.9500,6894.1000,6927.9500
2013-06-09,7039.7500,7139.8000,7039.2000,7103.8000
2013-06-10,6798.3000,6812.2500,6679.1500,6705.9500
2013-06-11,7419.9000,7508.6000,7394.7000,7476.9000
2013-06-12,7356.1500,7404.1500,7356.1500,7365.7500
2013-06-13,6637.1000,6700.5000,6586.8500,6607.3000
2013-06-14,6626.7000,6672.1000,6626.7000,6656.9000
2013-06-17,6667.4000,6718.3500,6648.4500,6674.4500
2013-06-18,6665.4000,6690.7500,6638.0500,6671.2500
2013-06-19,6652.0000,6705.8500,6631.0500,6647.5000
2013-06-20,6582.3000,6654.2000,6538.3000,6617.1000
2013-06-21,6608.9500,6622.2000,6536.6000,6597.8500
2013-06-24,6566.6000,6632.0000,6531.7500,6552.8000
2013-06-25,6559.7500,6579.0000,6498.5000,6515.7500
2013-06-26,6529.8000,6534.3500,6432.9500,6442.5500
2013-06-27,6484.3500,6645.0500,6484.3500,6597.7000
2013-06-28,6648.5500,6767.0000,6648.5500,6756.3000
2013-07-01,6110.7500,6130.8000,6093.0000,6104.4500
2013-07-02,6837.9000,6916.1500,6829.4000,6880.9500
2013-07-03,5877.8000,5927.1500,5877.8000,5919.3000
2013-07-04,6971.1500,7012.3500,6930.9500,6968.1500
2013-07-05,7015.7500,7029.9500,6976.0000,6983.9500
2013-07-06,6728.0000,6838.1500,6728.0000,6782.7000
2013-07-08,6968.6000,7017.5000,6944.8500,6979.3500
2013-07-09,7001.6000,7129.1500,7001.6000,7097.4500
2013-07-10,7471.0500,7562.6000,7471.0500,7552.6500
2013-07-11,7150.5500,7209.1000,7150.5500,7174.3000
2013-07-12,7204.4000,7266.6500,7138.1000,7251.4500
2013-07-15,7225.5000,7345.9500,7225.5000,7272.1000
2013-07-16,7213.8500,7313.0000,7208.7000,7235.9000
2013-07-17,7257.6500,7297.8000,7205.0500,7234.3000
2013-07-18,7266.9000,7335.5000,7249.8500,7301.6000
2013-07-19,7297.8500,7302.8500,7230.2000,7241.3000
2013-07-22,7233.8500,7279.5500,7203.4500,7235.8500
2013-07-23,7260.8000,7302.1500,7198.0000,7240.6000
2013-07-24,7242.8000,7314.1500,7212.0000,7257.0000
2013-07-25,7279.7500,7279.7500,7101.7000,7129.9500
2013-07-26,7192.9000,7202.3500,7119.9500,7158.3500
2013-07-29,7162.8500,7214.2500,7122.3000,7132.7500
2013-07-30,7157.1000,7186.9500,7024.3000,7056.1000
2013-07-31,7030.4000,7125.9000,7013.7500,7107.8500
2013-08-01,7166.2000,7193.0000,7070.6000,7102.4500
2013-08-02,5902.5000,5920.5000,5816.1500,5837.3500
2013-08-03,5929.2000,5980.2000,5921.7500,5973.5000
2013-08-04,6120.3000,6219.1500,6108.5000,6185.3500
2013-08-05,6725.0000,6726.9500,6650.9000,6676.6000
2013-08-06,6959.5000,6987.9500,6894.1000,6927.9500
2013-08-07,6947.2000,6957.2500,6823.6000,6877.5500
2013-08-08,6782.1500,6887.6000,6729.3500,6856.1000
2013-08-10,7564.8500,7601.4500,7541.1000,7565.8500
2013-08-11,7429.8000,7544.8500,7427.4500,7491.5500
2013-08-12,6979.9000,7059.5000,6952.1500,6986.0000
2013-08-13,6994.1000,7113.1500,6957.7000,7101.8500
2013-08-14,7088.7000,7159.7500,7052.5500,7085.1500
2013-08-16,7050.6000,7078.9000,6937.5500,6960.7500
2013-08-19,6969.0500,7002.5000,6720.7500,6778.0500
2013-08-20,6705.5500,6744.1500,6593.6500,6694.7500
2013-08-21,6727.9000,6758.6000,6464.8500,6497.2000
2013-08-22,6468.5500,6703.2500,6449.6500,6676.5000
2013-08-23,6691.4500,6723.3500,6580.1500,6710.2000
2013-08-26,6753.9000,6825.7500,6740.1000,6785.5000
2013-08-27,6744.1500,6774.2000,6615.0500,6649.0500
2013-08-28,6602.0500,6757.5000,6508.2500,6727.2500
2013-08-29,6760.4500,6870.8000,6698.8000,6849.2000
2013-08-30,6857.1500,7052.7500,6794.6000,6980.5500
2013-09-01,6165.0500,6205.9000,6151.1500,6169.2500
2013-09-02,6978.1500,7093.2500,6978.1500,7046.6000
2013-09-03,7088.7000,7088.7000,6836.1500,6871.4500
2013-09-04,6874.6000,7074.5500,6847.6500,7046.3000
2013-09-05,7102.2500,7165.4000,6979.4000,7023.5000
2013-09-06,7039.7500,7139.8000,7039.2000,7103.8000
2013-09-07,7001.6000,7129.1500,7001.6000,7097.4500
2013-09-10,7548.5500,7746.6500,7543.8000,7710.6000
2013-09-11,7194.8000,7300.8000,7184.9000,7266.6500
2013-09-12,7507.5500,7507.5500,7363.3500,7384.7500
2013-09-13,7269.4000,7363.9500,7262.9500,7287.9000
2013-09-16,7339.6000,7369.5000,7082.3000,7107.0000
2013-09-17,7094.2000,7148.1500,7073.9000,7096.4500
2013-09-18,7133.9500,7175.9000,7096.1000,7152.6000
2013-09-19,7254.8000,7273.9000,7187.0000,7245.9500
2013-09-20,7237.4500,7321.7500,7215.6500,7260.7000
2013-09-23,7231.6000,7285.8500,7143.5500,7185.6000
2013-09-24,7154.5000,7253.1500,7143.7500,7205.0500
2013-09-25,7194.2500,7311.1000,7187.2000,7299.8500
2013-09-26,7307.7000,7399.4500,7307.7000,7362.8500
2013-09-27,7395.3500,7445.2000,7356.5000,7364.6000
2013-09-30,7359.5500,7434.4000,7328.1500,7361.0500
2013-10-01,6189.2000,6191.8000,6098.0500,6117.1000
2013-10-03,7422.7000,7519.4000,7422.7000,7467.3000
2013-10-04,6194.3500,6194.3500,6103.3000,6167.9500
2013-10-05,6559.0500,6616.1500,6557.8000,6596.4500
2013-10-06,6798.3000,6812.2500,6679.1500,6705.9500
2013-10-07,7110.1000,7171.7500,7095.2500,7117.0500
2013-10-08,7564.8500,7601.4500,7541.1000,7565.8500
2013-10-09,7548.5500,7746.6500,7543.8000,7710.6000
2013-10-10,7726.7000,7753.7500,7707.8500,7731.5500
2013-10-11,7807.9000,7807.9000,7634.3000,7642.0500
2013-10-12,7374.5000,7419.0000,7370.5500,7406.6000
2013-10-14,7666.7000,7693.8000,7602.6500,7612.8500
2013-10-15,7645.7000,7668.1000,7573.6500,7589.0000
2013-10-17,7598.2000,7648.8000,7536.9000,7546.9500
2013-10-18,7571.5500,7644.3500,7571.5500,7632.2000
2013-10-21,7656.0000,7700.3500,7609.5000,7634.3000
2013-10-22,7602.8500,7676.2000,7602.8500,7648.1500
2013-10-23,7686.7500,7699.9500,7527.2000,7582.6500
2013-10-24,7591.8000,7611.3500,7522.9000,7542.9000
2013-10-25,7520.6000,7539.6500,7424.4000,7473.2000
2013-10-28,7474.5000,7489.9000,7387.5500,7397.5500
2013-10-29,7391.2000,7521.2500,7390.7500,7508.3000
2013-10-30,7512.8500,7616.2500,7505.2000,7605.7500
2013-10-31,7617.1500,7626.8500,7471.9000,7495.9500
2013-11-01,6129.6500,6130.7500,6046.3000,6056.1000
2013-11-02,5861.6000,5897.6500,5836.2500,5886.5500
2013-11-03,7557.0500,7573.3000,7543.9500,7552.0500
2013-11-04,6196.2000,6243.9000,6175.6000,6231.2500
2013-11-05,6612.0000,6731.3000,6612.0000,6706.0000
2013-11-06,7419.9000,7508.6000,7394.7000,7476.9000
2013-11-07,7512.0000,7540.3500,7452.9000,7481.7500
2013-11-08,7429.8000,7544.8500,7427.4500,7491.5500
2013-11-09,7194.8000,7300.8000,7184.9000,7266.6500
2013-11-10,7807.9000,7807.9000,7634.3000,7642.0500
2013-11-11,7505.9000,7571.1500,7491.8000,7519.3500
2013-11-12,7405.0500,7428.7500,7361.4500,7386.9500
2013-11-13,7575.5500,7625.6500,7502.9000,7518.7500
2013-11-14,7553.2500,7565.2000,7443.1000,7461.5000
2013-11-18,7516.9000,7528.8000,7458.5500,7517.8000
2013-11-19,7516.9000,7557.5500,7478.1000,7497.1000
2013-11-20,7480.1500,7519.8500,7388.2000,7400.6500
2013-11-21,7397.8500,7398.1000,7272.4500,7283.5500
2013-11-22,7323.7500,7328.5500,7262.0000,7293.2000
2013-11-25,7341.7000,7360.6000,7302.0500,7337.2000
2013-11-26,7337.2500,7392.3500,7255.0500,7272.6500
2013-11-27,7282.1500,7290.8500,7205.2500,7245.9000
2013-11-28,7275.4000,7310.5500,7251.8500,7268.1000
2013-11-29,7264.3500,7361.6500,7264.3500,7351.8000
2013-12-02,7363.4500,7516.1500,7363.4500,7502.1000
2013-12-03,7513.5000,7543.2000,7455.3500,7478.0500
2013-12-04,7478.7500,7484.7000,7431.8500,7441.4000
2013-12-05,7516.2000,7522.8500,7322.1500,7344.1500
2013-12-06,6678.8500,6759.4000,6669.5500,6731.5000
2013-12-07,7204.4000,7266.6500,7138.1000,7251.4500
2013-12-08,6979.9000,7059.5000,6952.1500,6986.0000
2013-12-09,7325.2500,7361.1000,7212.2500,7275.6500
2013-12-10,7374.5000,7419.0000,7370.5500,7406.6000
2013-12-11,7537.8000,7580.5000,7517.9500,7523.6500
2013-12-12,7340.3000,7374.7500,7305.3500,7319.2500
2013-12-13,7290.0000,7336.9000,7266.9000,7276.9000
2013-12-16,7378.2500,7383.0500,7301.8500,7313.7500
2013-12-17,7357.4000,7459.4500,7350.9000,7442.5500
2013-12-18,7476.2000,7540.7500,7456.2500,7517.3000
2013-12-19,7519.0500,7642.1500,7471.2000,7597.6500
2013-12-20,7627.2500,7655.1000,7566.5000,7646.6000
2013-12-23,7638.1500,7704.6000,7626.1000,7644.0500
2013-12-24,7669.1500,7726.2000,7631.9000,7641.0500
2013-12-26,7659.5500,7689.2500,7578.4000,7601.3500
2013-12-27,7632.4000,7671.3000,7615.1000,7661.2000
2013-12-30,7677.8000,7686.5500,7602.9500,7620.9500
2013-12-31,7648.9500,7674.4000,7623.5500,7634.9500
2014-01-01,7663.3500,7686.9000,7651.6000,7667.3000
2014-01-02,7662.3000,7744.2000,7611.1500,7625.1000
2014-01-03,7616.2500,7674.0000,7569.5500,7663.1000
2014-01-04,7659.8000,7681.2000,7625.8000,7661.5000
2014-01-06,7703.9000,7716.6500,7666.4500,7697.2500
2014-01-07,7728.5000,7763.2000,7678.7000,7714.1500
2014-01-08,7745.8500,7835.1000,7724.3000,7806.6000
2014-01-09,10121.8500,10155.1000,10059.4500,10099.0500
2014-01-10,7868.6500,7928.0000,7857.5000,7880.3500
2014-01-12,11306.5000,11383.5500,11234.6000,11253.5500
2014-01-13,7880.1000,7910.6500,7747.8500,7828.3500
2014-01-14,7818.0500,7901.5000,7803.0000,7884.8000
2014-01-15,7901.6500,7947.3500,7877.9000,7889.0000
2014-01-16,7906.3000,7911.0000,7806.6000,7816.8000
2014-01-17,7812.6000,7877.4500,7788.3500,7816.1000
2014-01-20,7809.4000,7848.2000,7781.4000,7812.6000
2014-01-21,7833.5000,7837.5000,7760.7000,7772.5500
2014-01-22,7779.7500,7916.2500,7753.4000,7895.2000
2014-01-23,7902.8000,7957.3500,7899.1000,7921.4500
2014-01-24,7874.9000,7911.5000,7797.7500,7811.9500
2014-01-27,7748.1500,7830.6500,7718.8000,7742.9500
2014-01-28,7752.5500,7800.1000,7656.1000,7665.9000
2014-01-29,7708.5000,7815.0000,7694.5500,7716.2000
2014-01-30,7703.0500,7705.3000,7619.2500,7683.4500
2014-01-31,7707.8500,7726.6000,7661.3500,7701.2000
2014-02-01,7662.3000,7744.2000,7611.1500,7625.1000
2014-02-03,7693.0000,7817.3500,7693.0000,7788.0000
2014-02-04,7682.0000,7809.8500,7676.6500,7761.2000
2014-02-05,7752.6000,7767.2500,7727.9500,7741.0500
2014-02-06,7769.2500,7801.6000,7717.9000,7739.9000
2014-02-07,7793.4500,7882.0000,7777.3000,7872.0000
2014-02-09,10099.6000,10352.1500,10099.6000,10306.6000
2014-02-10,7908.1500,7972.2000,7903.9500,7932.5000
2014-02-11,7974.9500,7974.9500,7882.5500,7895.6000
2014-02-12,7943.4500,7943.4500,7869.2500,7878.0000
2014-02-13,7840.6000,7895.7500,7722.0500,7737.1000
2014-02-14,7790.4500,7810.2500,7681.3000,7725.7000
2014-02-17,7731.6500,7785.8000,7731.6500,7773.4500
2014-02-18,7784.0500,7832.4000,7774.2500,7797.4000
2014-02-19,7817.8000,7899.1500,7817.8000,7888.1500
2014-02-20,7867.7000,7933.5500,7864.3000,7901.4000
2014-02-21,7939.3500,7952.3500,7890.8500,7903.3000
2014-02-24,7891.5000,8011.5000,7885.8500,8004.6500
2014-02-25,8020.0000,8042.0000,7992.1500,8001.7500
2014-02-26,8034.2500,8125.8500,8031.5000,8085.3000
2014-02-28,8100.2500,8305.4000,8100.2500,8276.5000
2014-03-01,7616.2500,7674.0000,7569.5500,7663.1000
2014-03-02,7693.0000,7817.3500,7693.0000,7788.0000
2014-03-03,8287.0000,8305.1000,8106.0500,8122.9500
2014-03-04,7773.1500,7847.7500,7773.1500,7840.6000
2014-03-05,8119.5000,8169.3500,8058.9000,8065.8500
2014-03-06,8077.1500,8119.6000,8034.4000,8046.1000
2014-03-07,8079.2000,8080.4000,7844.1500,7897.8500
2014-03-09,10338.5000,10382.8500,10284.3000,10333.1000
2014-03-10,7880.9000,7880.9000,7727.7500,7751.7000
2014-03-11,7761.1500,7782.5500,7676.1500,7686.6500
2014-03-12,7704.3500,7819.7000,7704.3500,7786.6000
2014-03-13,7816.8500,7822.6000,7674.0000,7690.2500
2014-03-14,7668.0500,7778.8000,7607.9000,7767.2000
2014-03-18,7805.3500,7813.7000,7733.9500,7772.0000
2014-03-19,7814.6000,7852.1000,7792.5500,7807.8500
2014-03-20,7782.3000,7874.6500,7779.0000,7820.9500
2014-03-21,7840.9000,7842.5500,7781.0500,7787.1000
2014-03-22,7799.6000,7852.7500,7785.4500,7836.5000
2014-03-24,7830.7500,7868.7000,7781.8500,7788.9500
2014-03-25,7797.8000,7830.5500,7776.5000,7789.8500
2014-03-26,7824.2000,7824.2000,7617.5500,7628.6000
2014-03-27,7659.0500,7680.1000,7523.1500,7556.8500
2014-03-28,7618.7500,7639.1000,7581.8500,7632.3000
2014-03-31,7677.1500,7690.4500,7588.6000,7630.4000
2014-04-01,7659.8000,7681.2000,7625.8000,7661.5000
2014-04-02,7682.0000,7809.8500,7676.6500,7761.2000
2014-04-03,7773.1500,7847.7500,7773.1500,7840.6000
2014-04-04,7859.1000,7903.2000,7822.3500,7843.2500
2014-04-06,7561.9500,7614.0000,7537.7500,7554.8500
2014-04-07,7886.0500,7915.4000,7763.0500,7825.4500
2014-04-08,9204.5000,9255.8000,9138.9500,9160.2500
2014-04-09,7876.9000,8051.1000,7854.8000,8029.2500
2014-04-10,8045.5000,8101.2000,7861.9000,7877.5500
2014-04-11,7908.3500,8000.6000,7899.2500,7964.8000
2014-04-12,11358.8000,11379.8500,11294.6000,11309.3500
2014-04-15,7997.7000,7997.7000,7892.7000,7900.8000
2014-04-16,7926.3000,7960.3500,7856.0500,7877.1500
2014-04-17,7892.1000,7958.0000,7891.5500,7941.6000
2014-04-21,7975.6000,7975.6000,7913.1500,7920.2500
2014-04-22,7913.5000,7949.5500,7909.1000,7941.7500
2014-04-23,7930.0000,8043.0000,7930.0000,7974.3500
2014-04-25,8002.0000,8043.4500,7966.9500,7989.3000
2014-04-28,7993.9500,8134.3000,7993.9500,8122.2500
2014-04-29,8147.7000,8169.0000,8065.8500,8106.5000
2014-04-30,8067.9500,8170.7500,8036.7000,8100.0000
2014-05-02,7752.6000,7767.2500,7727.9500,7741.0500
2014-05-03,8119.5000,8169.3500,8058.9000,8065.8500
2014-05-05,8139.2000,8186.0500,8065.1000,8078.5000
2014-05-06,8113.2000,8125.3500,8056.7000,8087.4500
2014-05-07,8090.3000,8161.8000,8052.5000,8070.4500
2014-05-08,8091.4500,8115.3500,8027.7000,8047.9500
2014-05-09,8034.3000,8058.1500,7993.1500,8009.0000
2014-05-11,10923.6000,11063.7500,10923.6000,11021.6000
2014-05-12,8020.2000,8039.8500,7910.6000,7937.7000
2014-05-13,7989.5500,7996.6500,7847.7500,7870.3500
2014-05-14,7871.7500,7931.5000,7827.9000,7836.5000
2014-05-15,7857.7500,7928.4500,7800.8500,7817.0000
2014-05-16,7817.5000,7916.7000,7682.3500,7699.4500
2014-05-19,7714.8500,7731.4000,7357.4500,7411.6000
2014-05-20,7401.6500,7549.1500,7385.4500,7515.6000
2014-05-21,7509.8000,7509.8000,7451.8000,7466.7000
2014-05-22,7480.5000,7525.8500,7431.7000,7470.4500
2014-05-23,7455.2000,7521.9500,7455.2000,7489.3000
2014-05-26,7588.5500,7592.0000,7411.4000,7447.6000
2014-05-27,7433.5500,7526.8000,7433.5500,7453.6000
2014-05-28,7499.5500,7501.6500,7447.1000,7466.5000
2014-05-29,7462.1000,7521.4500,7458.8000,7484.4500
2014-05-30,7500.6000,7750.7000,7500.6000,7712.9000
2014-06-01,7703.9000,7716.6500,7666.4500,7697.2500
2014-06-02,7745.4000,7746.3500,7599.7000,7615.2000
2014-06-03,8077.1500,8119.6000,8034.4000,8046.1000
2014-06-04,7561.9500,7614.0000,7537.7500,7554.8500
2014-06-05,8113.2000,8125.3500,8056.7000,8087.4500
2014-06-06,7637.0500,7682.7000,7602.5000,7672.7000
2014-06-08,9198.6000,9210.0500,9115.3500,9129.3500
2014-06-09,7681.1000,7734.9500,7671.9000,7706.9000
2014-06-10,7743.4500,7865.3500,7738.8000,7834.3000
2014-06-11,7890.6000,7923.3000,7840.9500,7903.0500
2014-06-12,7926.3000,8015.9000,7922.8000,8002.6500
2014-06-13,7987.6500,8037.9500,7957.8000,7986.3500
2014-06-16,7969.9500,8043.9000,7961.9500,8023.4500
2014-06-17,8038.7000,8065.2500,7965.8000,8037.1000
2014-06-18,8037.3500,8156.4500,8009.1500,8046.6000
2014-06-19,8074.8500,8132.2500,8031.5000,8119.0000
2014-06-20,8113.4500,8148.6000,7997.2500,8043.7000
2014-06-23,8065.0000,8105.0500,8027.4500,8082.1500
2014-06-24,8089.7500,8116.5000,8040.1500,8058.8000
2014-06-25,8049.8500,8125.0500,8042.2000,8104.7500
2014-06-26,8106.8000,8168.2000,8059.3500,8135.9000
2014-06-27,8210.7000,8377.5000,8210.7000,8361.0000
2014-06-30,8416.4000,8547.6500,8403.8000,8535.7000
2014-07-01,7728.5000,7763.2000,7678.7000,7714.1500
2014-07-02,8510.2000,8670.9500,8510.2000,8656.6500
2014-07-03,8668.6000,8814.3500,8644.4000,8749.6000
2014-07-04,8769.6000,8847.7000,8765.3000,8796.4500
2014-07-05,8090.3000,8161.8000,8052.5000,8070.4500
2014-07-07,8831.6000,8962.1000,8778.2500,8883.3000
2014-07-08,8901.7500,9001.8500,8758.1500,8799.2500
2014-07-09,8819.4500,8836.8000,8639.6500,8717.1500
2014-07-10,10791.5500,10849.8000,10541.3000,10564.9500
2014-07-11,10969.2000,11325.4000,10940.9000,11289.7000
2014-07-14,8817.9500,8835.2500,8693.0000,8770.5000
2014-07-15,8756.4500,8788.8000,8686.6000,8725.8500
2014-07-16,8749.4000,8813.4000,8729.8000,8786.7500
2014-07-17,8755.1000,8847.9500,8755.1000,8821.8500
2014-07-18,8829.7000,8845.1500,8770.2500,8829.4000
2014-07-21,8864.0500,8887.2000,8811.8500,8831.9000
2014-07-22,8856.0000,8933.4500,8852.6500,8920.3000
2014-07-23,8961.5000,8968.0000,8871.0500,8925.6500
2014-07-24,8930.3000,8949.4000,8851.7000,8917.4000
2014-07-25,8935.0000,9182.7500,8935.0000,9168.1500
2014-07-28,9180.4500,9217.8000,9108.3500,9204.1500
2014-07-30,9193.5000,9357.3000,9166.7500,9339.5500
2014-07-31,9313.0500,9364.0500,9284.9000,9342.9000
2014-08-01,9265.8500,9347.1000,9151.0000,9179.7000
2014-08-04,9204.5000,9255.8000,9138.9500,9160.2500
2014-08-05,8091.4500,8115.3500,8027.7000,8047.9500
2014-08-06,9198.6000,9210.0500,9115.3500,9129.3500
2014-08-07,8901.7500,9001.8500,8758.1500,8799.2500
2014-08-08,9044.8500,9162.5500,8997.1500,9130.6000
2014-08-09,10426.9000,10496.4500,10426.9000,10485.0000
2014-08-10,10557.5500,10557.5500,10171.9500,10202.3500
2014-08-11,9174.0000,9184.9500,9090.6500,9113.5000
2014-08-12,9132.8000,9242.2000,9129.6500,9236.3000
2014-08-13,9213.0500,9356.1500,9213.0500,9324.0500
2014-08-14,9337.8500,9439.2000,9334.0500,9433.6000
2014-08-18,9395.8000,9579.1500,9395.8000,9564.5500
2014-08-19,9556.7000,9629.4000,9556.7000,9616.1000
2014-08-20,9605.2000,9933.8000,9605.2000,9909.6500
2014-08-21,9891.8500,9988.0500,9835.1500,9934.1500
2014-08-22,9930.5500,9967.5500,9873.3000,9956.1000
2014-08-25,9972.9500,10058.8000,9971.9000,10000.0000
2014-08-26,9991.5000,10168.6500,9990.6500,10115.2500
2014-08-27,10136.2000,10203.5500,10068.2000,10104.3500
2014-08-28,10115.2000,10149.3500,10041.8500,10082.3000
2014-09-01,10121.8500,10155.1000,10059.4500,10099.0500
2014-09-02,10099.6000,10352.1500,10099.6000,10306.6000
2014-09-03,10338.5000,10382.8500,10284.3000,10333.1000
2014-09-04,7876.9000,8051.1000,7854.8000,8029.2500
2014-09-05,10392.7000,10415.0000,10301.3500,10384.4500
2014-09-06,7681.1000,7734.9500,7671.9000,7706.9000
2014-09-07,8819.4500,8836.8000,8639.6500,8717.1500
2014-09-08,10426.9000,10496.4500,10426.9000,10485.0000
2014-09-09,10506.2000,10526.0500,10451.7500,10503.3500
2014-09-10,10230.3000,10376.3000,10230.3000,10325.0000
2014-09-11,10454.4000,10454.4000,10227.4500,10283.5500
2014-09-12,11207.9500,11207.9500,11049.8500,11084.4000
2014-09-15,10358.7000,10459.0000,10357.1500,10428.1000
2014-09-16,10456.5000,10569.6000,10291.5000,10319.8500
2014-09-17,10397.4000,10446.7000,10270.3000,10343.4000
2014-09-18,10409.1000,10553.5500,10374.3500,10535.5500
2014-09-19,10571.7500,10678.8000,10555.5500,10587.2500
2014-09-22,10540.7500,10573.2500,10415.6500,10484.9500
2014-09-23,10552.2500,10552.2500,10241.5000,10266.4500
2014-09-24,10238.9500,10382.2000,10227.3500,10367.1000
2014-09-25,10375.9500,10505.9000,10344.0500,10382.9000
2014-09-26,10357.8500,10621.9500,10265.3500,10501.6500
2014-09-29,10532.1000,10742.4500,10532.1000,10710.5000
2014-09-30,10740.0500,10882.7000,10735.6000,10847.1500
2014-10-01,7868.6500,7928.0000,7857.5000,7880.3500
2014-10-02,7908.1500,7972.2000,7903.9500,7932.5000
2014-10-03,7880.9000,7880.9000,7727.7500,7751.7000
2014-10-04,8045.5000,8101.2000,7861.9000,7877.5500
2014-10-06,7743.4500,7865.3500,7738.8000,7834.3000
2014-10-07,10791.5500,10849.8000,10541.3000,10564.9500
2014-10-08,10557.5500,10557.5500,10171.9500,10202.3500
2014-10-09,10513.2500,10555.5500,10460.6000,10482.3000
2014-10-10,10283.5000,10405.2000,10212.8000,10330.1000
2014-10-11,11329.2000,11461.6000,11324.6500,11366.1500
2014-10-12,11075.8500,11153.8500,11014.5500,11114.5500
2014-10-13,10293.0500,10322.8000,10154.3500,10186.1500
2014-10-14,10160.0500,10295.5000,10160.0500,10206.3000
2014-10-16,10175.3500,10274.4000,10070.4500,10095.1500
2014-10-17,10053.7000,10241.1000,10053.7000,10178.4000
2014-10-20,10254.0500,10361.1500,10247.5500,10313.3000
2014-10-21,10321.2500,10359.5000,10217.9500,10284.6000
2014-10-22,10361.7500,10474.8500,10330.4500,10452.4500
2014-10-23,10514.0500,10521.6000,10493.3500,10504.3500
2014-10-27,10584.0500,10584.1500,10491.2000,10533.8500
2014-10-28,10553.1000,10730.6000,10507.4500,10676.3000
2014-10-29,10746.8500,10755.0500,10600.5500,10652.0500
2014-10-30,10648.7500,10750.6000,10627.1500,10668.3500
2014-10-31,10698.9500,10919.8500,10693.6500,10874.7500
2014-11-02,7974.9500,7974.9500,7882.5500,7895.6000
2014-11-03,7761.1500,7782.5500,7676.1500,7686.6500
2014-11-04,7908.3500,8000.6000,7899.2500,7964.8000
2014-11-05,10923.6000,11063.7500,10923.6000,11021.6000
2014-11-06,7890.6000,7923.3000,7840.9500,7903.0500
2014-11-07,10969.2000,11325.4000,10940.9000,11289.7000
2014-11-08,9174.0000,9184.9500,9090.6500,9113.5000
2014-11-09,10454.4000,10454.4000,10227.4500,10283.5500
2014-11-10,11329.2000,11461.6000,11324.6500,11366.1500
2014-11-11,11400.4500,11452.9500,11339.6500,11387.9500
2014-11-12,11075.8000,11176.0500,11039.5500,11130.6500
2014-11-13,11298.5500,11487.7000,11288.1500,11354.2000
2014-11-14,11384.1000,11386.0000,11146.5000,11195.3000
2014-11-17,11185.8500,11223.7000,11113.3000,11187.7000
2014-11-18,11183.8000,11295.6500,11095.5000,11109.8000
2014-11-19,11134.7000,11173.1000,11046.1500,11101.2500
2014-11-20,11153.2500,11242.0500,11068.6500,11216.4000
2014-11-21,11222.7500,11289.0500,11178.1000,11189.5500
2014-11-24,11214.3500,11244.0000,11127.1000,11138.1000
2014-11-25,11131.8000,11201.1500,11032.3500,11179.6000
2014-11-26,11209.1000,11225.6000,11131.8500,11154.4500
2014-11-27,11156.0000,11253.0000,11147.3000,11225.4000
2014-11-28,11252.5000,11316.6500,11241.1000,11254.7500
2014-12-01,11306.5000,11383.5500,11234.6000,11253.5500
2014-12-02,7943.4500,7943.4500,7869.2500,7878.0000
2014-12-03,11330.9000,11353.8500,11272.9000,11324.3500
2014-12-04,11358.8000,11379.8500,11294.6000,11309.3500
2014-12-05,8020.2000,8039.8500,7910.6000,7937.7000
2014-12-06,7926.3000,8015.9000,7922.8000,8002.6500
2014-12-08,11161.2000,11211.0500,11050.1500,11112.5500
2014-12-09,10261.3000,10375.8000,10125.1000,10353.1000
2014-12-10,11075.8500,11153.8500,11014.5500,11114.5500
2014-12-11,11422.7000,11426.8000,11255.2500,11301.1000
2014-12-12,11173.0500,11273.6000,11128.2500,11155.9500
2014-12-15,11111.1000,11151.1500,11042.1500,11097.5500
2014-12-16,11024.3500,11086.0500,10764.5000,10784.7500
2014-12-17,10723.4000,10754.5000,10355.8000,10573.4000
2014-12-18,10650.1000,10724.7500,10629.4000,10701.7000
2014-12-19,10760.4500,10825.4000,10714.6000,10731.6000
2014-12-22,10759.0500,10841.1500,10730.5000,10826.1500
2014-12-23,10824.4000,10876.4500,10779.2500,10839.0500
2014-12-24,10835.8500,10850.4000,10674.9500,10705.8000
2014-12-26,10725.1000,10778.4000,10696.8500,10738.0500
2014-12-29,10793.0000,10852.9000,10790.9000,10826.6500
2014-12-30,10839.1500,10901.2000,10806.4500,10865.3500
2014-12-31,10885.2500,10963.4000,10884.3500,10949.8000
2015-01-01,10957.1000,10983.7500,10911.4500,10923.2500
2015-01-02,10952.9500,11005.1000,10948.8000,10955.6000
2015-01-04,12881.3000,13190.0000,12868.2000,13136.2000
2015-01-05,10955.9000,10982.0000,10902.7500,10920.6000
2015-01-06,10873.9000,10876.1000,10614.6500,10637.8000
2015-01-07,10655.7500,10672.9500,10525.6500,10604.9500
2015-01-08,10666.3000,10748.1000,10666.3000,10737.6000
2015-01-09,10791.0500,10965.3000,10791.0500,10934.5500
2015-01-10,13050.1500,13183.0500,13042.1000,13140.8500
2015-01-12,10948.3500,11002.2000,10907.1000,10976.2000
2015-01-13,10987.3000,11065.9500,10934.5500,10984.3000
2015-01-14,10974.0000,11011.3000,10866.7000,10881.5500
2015-01-15,10966.9000,10986.0500,10903.8500,10936.3000
2015-01-16,10959.8500,11127.5500,10959.8500,11101.1500
2015-01-19,11145.6500,11258.3000,11144.1000,11249.3000
2015-01-20,11298.6000,11303.8000,11236.2500,11290.6500
2015-01-21,11284.8000,11329.4500,11223.4000,11320.8500
2015-01-22,11321.8500,11541.3500,11321.8500,11509.5000
2015-01-23,11584.4500,11645.7000,11501.7500,11581.1000
2015-01-27,11644.6000,11644.6000,11472.3500,11583.2500
2015-01-28,11586.6000,11661.6500,11472.2000,11577.7500
2015-01-29,11566.5000,11805.7000,11512.2000,11752.0500
2015-01-30,11784.0500,11792.1000,11647.0500,11693.5500
2015-02-01,10952.9500,11005.1000,10948.8000,10955.6000
2015-02-02,11686.1500,11779.8000,11609.0000,11627.6500
2015-02-03,11647.7500,11662.0500,11476.9500,11520.0000
2015-02-04,11580.1000,11710.4000,11551.2000,11625.7000
2015-02-05,11595.6000,11616.8000,11493.7500,11522.1000
2015-02-06,12149.2500,12155.5000,11885.7500,11902.8500
2015-02-07,12334.2000,12334.2000,12171.5500,12193.8000
2015-02-09,11276.9000,11338.6500,11233.1500,11289.4000
2015-02-10,11295.0000,11356.3500,11197.6500,11283.5000
2015-02-11,13094.4000,13098.6000,12927.2000,13029.7000
2015-02-12,11681.5000,11743.4500,11617.6000,11723.3500
2015-02-13,11714.2000,11861.1000,11714.2000,11789.9000
2015-02-16,11745.7500,11818.0500,11663.7500,11680.2500
2015-02-18,11719.2000,11763.4500,11672.8500,11741.2500
2015-02-19,11769.7000,11801.7500,11666.5500,11734.5000
2015-02-20,11765.4000,11819.6500,11721.7000,11746.5000
2015-02-23,11749.1000,11797.6500,11609.8500,11640.8000
2015-02-24,11645.3000,11703.9500,11618.1000,11663.8500
2015-02-25,11706.3000,11725.9500,11516.7000,11533.5000
2015-02-26,11534.4000,11545.3500,11362.1000,11412.3000
2015-02-27,11444.9000,11581.8000,11443.6000,11554.8000
2015-02-28,11609.7500,11834.4500,11490.1500,11798.6500
2015-03-02,11647.7500,11662.0500,11476.9500,11520.0000
2015-03-03,12089.8000,12279.8000,12082.6000,12166.2000
2015-03-04,12219.7000,12562.9000,12131.8500,12326.8000
2015-03-05,12373.3000,12654.2500,12372.8500,12632.5000
2015-03-06,11920.2500,11930.8000,11660.0500,11746.6000
2015-03-07,12245.7500,12355.8500,12236.0000,12264.8500
2015-03-08,12371.4000,12409.1500,12321.9000,12379.5000
2015-03-09,12584.5500,12746.7500,12524.8000,12676.9000
2015-03-10,12746.5500,12824.5500,12587.6500,12631.9500
2015-03-11,12689.5000,12695.5000,12469.2500,12515.7500
2015-03-12,11697.9000,11697.9000,11567.5500,11587.3000
2015-03-13,12749.9500,12749.9500,12467.0000,12487.0500
2015-03-16,12523.1500,12551.2500,12426.6000,12480.7000
2015-03-17,12545.9000,12746.8500,12538.6500,12716.8000
2015-03-18,12771.2500,12783.0000,12671.0500,12732.4000
2015-03-19,12841.6500,13019.1500,12724.8500,12799.8000
2015-03-20,12845.9500,13007.9000,12555.3000,12622.2500
2015-03-23,12666.6500,12759.9000,12514.3500,12622.9500
2015-03-24,12708.1000,12893.0500,12682.7000,12853.4500
2015-03-25,12994.6000,13051.8500,12869.4000,12919.4500
2015-03-26,12870.3000,12887.9000,12623.2000,12676.8500
2015-03-27,12746.5000,12746.5000,12480.3000,12588.5500
2015-03-30,12704.0500,12751.2500,12623.6000,12703.8000
2015-03-31,12761.1000,12886.8000,12729.3000,12844.8000
2015-04-01,12881.3000,13190.0000,12868.2000,13136.2000
2015-04-02,11580.1000,11710.4000,11551.2000,11625.7000
2015-04-03,12219.7000,12562.9000,12131.8500,12326.8000
2015-04-05,12149.3000,12389.3000,12146.0500,12333.6000
2015-04-06,13244.5500,13865.4000,13234.8000,13807.1000
2015-04-07,13889.2000,14020.7000,13645.0500,13778.2500
2015-04-08,13882.9000,13910.1500,13700.2000,13831.1500
2015-04-09,13911.8000,13911.8000,13453.4500,13545.9000
2015-04-10,13542.4000,13598.2000,13370.9000,13505.9000
2015-04-11,13094.7000,13116.3000,12901.5500,12923.9000
2015-04-12,11524.7000,11812.7000,11489.7500,11645.0500
2015-04-13,13521.7000,13745.4000,13444.0000,13722.8500
2015-04-15,13782.6000,13782.6000,13428.3500,13480.9500
2015-04-16,13489.6500,13494.5500,13135.3000,13248.6500
2015-04-17,13251.7000,13275.0500,12765.2500,12809.1500
2015-04-20,12882.9500,12967.9500,12699.9000,12753.8500
2015-04-21,12419.2000,12468.8000,12182.5500,12284.0000
2015-04-22,12365.2000,12490.9500,12258.8500,12431.3500
2015-04-23,12529.2500,12532.1500,12271.1500,12293.0500
2015-04-24,12311.2500,12327.7000,12186.3500,12210.0000
2015-04-27,12255.7000,12261.2000,11863.6000,11908.2000
2015-04-28,11866.1500,12016.7500,11772.7000,11984.6000
2015-04-29,11988.4500,12116.1000,11981.9000,12042.9000
2015-04-30,11985.4500,12109.3000,11874.1500,12057.8000
2015-05-01,10955.9000,10982.0000,10902.7500,10920.6000
2015-05-02,11595.6000,11616.8000,11493.7500,11522.1000
2015-05-03,12373.3000,12654.2500,12372.8500,12632.5000
2015-05-04,12149.3000,12389.3000,12146.0500,12333.6000
2015-05-05,12354.2000,12405.7500,12288.0500,12391.7000
2015-05-06,11641.3500,11834.1500,11641.3500,11715.8500
2015-05-07,11998.0000,11998.0000,11777.6500,11873.5500
2015-05-08,12419.4500,12594.4500,12399.7000,12572.5500
2015-05-10,13212.5000,13233.8500,13058.0500,13149.0000
2015-05-11,12207.8500,12358.7500,12165.0000,12317.5000
2015-05-12,12333.1000,12343.4500,12172.5500,12250.7000
2015-05-13,12326.8000,12450.0500,12202.5500,12261.4000
2015-05-14,12234.1000,12270.7000,12156.7500,12238.8000
2015-05-15,12182.3000,12315.1500,12149.9500,12294.6500
2015-05-18,12327.1500,12512.5000,12325.5500,12486.0000
2015-05-19,12479.2500,12566.7500,12390.1500,12502.3500
2015-05-20,12562.2500,12603.3500,12506.2000,12537.0500
2015-05-21,12560.7500,12576.8500,12444.7500,12554.7500
2015-05-22,12565.6500,12710.3000,12502.5000,12690.1000
2015-05-25,12708.2500,12729.6500,12594.8500,12617.5500
2015-05-26,12636.4000,12637.0000,12493.7000,12559.0500
2015-05-27,12522.5500,12596.9500,12467.1000,12506.0500
2015-05-28,12521.2000,12525.7000,12282.0000,12311.9000
2015-05-29,12405.9000,12563.8500,12336.6000,12511.7500
2015-06-01,10873.9000,10876.1000,10614.6500,10637.8000
2015-06-02,11542.2500,11583.9000,11292.2000,11322.9500
2015-06-03,11920.2500,11930.8000,11660.0500,11746.6000
2015-06-04,13244.5500,13865.4000,13234.8000,13807.1000
2015-06-05,11641.3500,11834.1500,11641.3500,11715.8500
2015-06-07,12042.5500,12475.3000,12042.5500,12463.9000
2015-06-08,11735.5000,11771.9500,11554.2000,11585.1000
2015-06-09,11523.1000,11531.9500,11358.6000,11379.9000
2015-06-10,11386.9000,11556.3000,11386.9000,11477.4000
2015-06-11,11539.7500,11599.1500,11280.3000,11308.1500
2015-06-12,11346.0500,11347.6500,11233.9500,11328.4500
2015-06-15,11372.9500,11537.5000,11291.4000,11451.1000
2015-06-16,11490.3500,11505.4000,11383.7500,11473.7000
2015-06-17,11548.4000,11731.3000,11532.0000,11678.9500
2015-06-18,11726.8500,11889.7500,11711.6000,11836.1500
2015-06-19,11887.1000,11905.4500,11789.9000,11810.0000
2015-06-22,11875.5000,11924.5000,11858.4000,11879.3500
2015-06-23,11927.2000,11972.4000,11883.3000,11910.2500
2015-06-24,11940.2000,12081.6500,11940.2000,11997.5500
2015-06-25,11990.0000,12054.8000,11973.6500,12007.2500
2015-06-26,12021.2000,12090.9000,12002.9000,12066.8500
2015-06-29,11887.6500,11938.6000,11776.0000,11926.4000
2015-06-30,11949.2500,12226.7500,11936.0000,12202.5500
2015-07-01,12263.3500,12367.6500,12229.8500,12257.1000
2015-07-02,12334.2000,12334.2000,12171.5500,12193.8000
2015-07-03,12245.7500,12355.8500,12236.0000,12264.8500
2015-07-04,13889.2000,14020.7000,13645.0500,13778.2500
2015-07-05,11998.0000,11998.0000,11777.6500,11873.5500
2015-07-06,12042.5500,12475.3000,12042.5500,12463.9000
2015-07-07,12482.9000,12543.3500,12406.8500,12490.5000
2015-07-08,12422.6000,12497.2000,12311.2000,12390.5000
2015-07-09,12401.5000,12520.3000,12380.4000,12399.3500
2015-07-10,12470.8000,12570.4000,12393.3000,12537.2500
2015-07-12,11728.2000,11785.3500,11693.0000,11762.6000
2015-07-13,12622.4500,12757.8000,12620.1000,12697.8000
2015-07-14,12735.2500,12805.0500,12691.9500,12786.6000
2015-07-15,12815.0500,12928.7000,12792.1000,12912.3500
2015-07-16,12955.5500,13084.0000,12932.9500,13060.3500
2015-07-17,13120.6500,13179.9000,13098.5000,13139.0000
2015-07-20,13184.7500,13201.2500,13130.2000,13175.6500
2015-07-21,12731.8000,12731.8000,12231.3500,12255.3000
2015-07-22,12244.8500,12406.9500,12244.8500,12377.7000
2015-07-23,12435.4500,12435.6000,12233.5500,12275.4000
2015-07-24,12298.4000,12360.9000,12180.8000,12226.0500
2015-07-27,12219.2500,12247.1000,12048.2500,12056.9000
2015-07-28,12104.1500,12142.1500,11896.5500,11917.1500
2015-07-29,11945.0500,11992.1000,11872.6000,11978.4000
2015-07-30,12049.1000,12095.1500,11954.0500,12073.1000
2015-07-31,12170.7500,12381.5500,12170.7500,12353.2500
2015-08-01,10666.3000,10748.1000,10666.3000,10737.6000
2015-08-03,12371.4000,12409.1500,12321.9000,12379.5000
2015-08-04,13882.9000,13910.1500,13700.2000,13831.1500
2015-08-05,11981.0000,12151.4000,11953.8500,12104.7000
2015-08-06,12621.9500,12788.8500,12621.9500,12697.5000
2015-08-07,12745.7000,12749.5500,12627.0500,12641.0500
2015-08-09,12271.2000,12366.4000,11933.5500,12329.5000
2015-08-10,13398.3500,13398.3500,13176.7000,13212.8500
2015-08-11,12691.4000,12691.4000,12570.4000,12636.9000
2015-08-12,11725.6000,11732.6500,11585.4500,11610.3500
2015-08-13,12832.8500,12983.5500,12832.8500,12913.7000
2015-08-14,13044.1500,13238.9500,13028.2500,13137.2500
2015-08-17,13200.4500,13200.4500,12959.7000,13089.5500
2015-08-18,13139.6000,13168.3500,12958.2000,12980.1000
2015-08-19,13042.3500,13355.3500,13042.3500,13335.8500
2015-08-20,13455.4000,13753.5000,13422.9000,13463.7500
2015-08-21,13405.3000,13534.3000,13155.7000,13470.0000
2015-08-24,13068.4000,13311.9000,12605.4500,12653.3000
2015-08-25,12889.3500,12978.8000,12149.9000,12772.4000
2015-08-26,12819.9000,12949.4500,12566.7500,12623.0500
2015-08-27,12902.3000,13024.2000,12786.4000,12995.7500
2015-08-28,13175.7000,13230.8500,12793.7500,12940.7500
2015-08-31,12970.8000,13251.5000,12893.6500,13213.2000
2015-09-01,10791.0500,10965.3000,10791.0500,10934.5500
2015-09-02,13121.1500,13149.6500,12810.6000,12840.3500
2015-09-03,12953.9500,12971.9500,12790.1500,12817.4000
2015-09-04,12909.6500,12911.1000,12453.2000,12521.5500
2015-09-06,11523.1000,11531.9500,11358.6000,11379.9000
2015-09-07,12401.5000,12520.3000,12380.4000,12399.3500
2015-09-08,12271.2000,12366.4000,11933.5500,12329.5000
2015-09-09,12520.0500,12551.4500,12280.2500,12360.0500
2015-09-10,12253.1500,12360.0000,12129.7500,12315.0000
2015-09-11,11877.2000,12031.6500,11753.3000,11989.0500
2015-09-12,11560.4500,11592.4000,11351.4500,11372.0500
2015-09-14,12423.0500,12509.1500,12324.7000,12495.2000
2015-09-15,12519.8000,12562.9500,12432.1000,12478.8000
2015-09-16,12583.0500,12663.8000,12557.5000,12623.8000
2015-09-18,12759.9500,12810.2000,12650.4000,12751.2000
2015-09-21,12726.3500,12759.8000,12660.2000,12706.3000
2015-09-22,12811.4000,12815.0000,12590.7500,12662.8000
2015-09-23,12588.2500,12774.9000,12482.3000,12731.5500
2015-09-24,12789.1000,12887.8500,12789.1000,12826.4500
2015-09-28,12894.8500,12959.1500,12714.7500,12844.2000
2015-09-29,12741.0000,12801.0500,12582.7500,12700.1000
2015-09-30,12820.8000,12937.7500,12794.2500,12918.7500
2015-10-01,13050.1500,13183.0500,13042.1000,13140.8500
2015-10-02,11295.0000,11356.3500,11197.6500,11283.5000
2015-10-03,12746.5500,12824.5500,12587.6500,12631.9500
2015-10-04,13542.4000,13598.2000,13370.9000,13505.9000
2015-10-05,13212.5000,13233.8500,13058.0500,13149.0000
2015-10-06,11386.9000,11556.3000,11386.9000,11477.4000
2015-10-07,13315.6500,13345.5500,13205.7000,13332.4000
2015-10-08,13398.3500,13398.3500,13176.7000,13212.8500
2015-10-09,13299.5000,13333.6000,13197.4000,13277.7000
2015-10-11,11949.8500,12010.2000,11605.9500,11618.3000
2015-10-12,13309.8500,13335.0000,13058.4500,13111.6500
2015-10-13,13128.2000,13169.9000,13026.9000,13115.4000
2015-10-14,13115.9000,13185.9000,13096.7500,13160.6500
2015-10-15,13215.4000,13261.1000,13138.7000,13168.6000
2015-10-16,13182.6000,13217.2500,13078.7000,13203.5500
2015-10-19,13221.7000,13425.1500,13190.8500,13413.6500
2015-10-20,13490.6000,13490.6000,13288.1000,13340.9500
2015-10-21,13314.3500,13334.5500,13172.9000,13189.8000
2015-10-23,13331.1000,13331.1000,13236.0500,13258.5000
2015-10-26,13335.1000,13335.1000,13183.3000,13234.6500
2015-10-27,13163.0000,13270.0500,13136.8500,13223.0000
2015-10-28,13185.4000,13186.6000,13049.0000,13149.1500
2015-10-29,13170.9500,13185.5500,13031.4000,13052.0000
2015-10-30,13124.3000,13241.8000,13085.4500,13170.1500
2015-11-02,11326.2500,11443.5500,11323.0000,11391.7000
2015-11-03,13099.1000,13155.2000,13004.8000,13054.5500
2015-11-04,13094.7000,13116.3000,12901.5500,12923.9000
2015-11-05,12901.0500,12904.2000,12582.1500,12632.5000
2015-11-06,12644.4500,12755.4000,12205.3000,12226.6500
2015-11-08,12691.4000,12691.4000,12570.4000,12636.9000
2015-11-09,12391.0500,12457.6500,12282.8000,12341.8500
2015-11-10,11949.8500,12010.2000,11605.9500,11618.3000
2015-11-11,11674.0000,11769.2000,11651.9000,11752.9000
2015-11-12,11391.5000,11503.1000,11311.2000,11383.5000
2015-11-13,11651.8500,11723.1000,11595.8000,11640.5500
2015-11-16,11688.4500,11768.8500,11601.7500,11711.0000
2015-11-17,11754.9500,11828.8500,11720.2500,11801.2000
2015-11-18,11785.5500,11837.3500,11692.8500,11717.8000
2015-11-19,11790.7500,11811.7500,11576.7500,11674.9500
2015-11-20,11690.4500,11723.9000,11599.4000,11685.3500
2015-11-23,11709.3000,11749.5000,11652.0500,11717.1500
2015-11-24,11711.9000,11738.6500,11603.9000,11637.8500
2015-11-26,11567.2000,11669.1000,11536.2000,11553.3000
2015-11-27,11620.9500,11630.8000,11497.2000,11567.5500
2015-11-30,11535.5000,11561.1500,11483.1000,11492.9000
2015-12-01,11542.8000,11620.2500,11536.3000,11608.7000
2015-12-02,11469.5000,11623.9500,11414.9500,11598.2500
2015-12-03,12542.3000,12678.3000,12504.1000,12663.7000
2015-12-04,11524.7000,11812.7000,11489.7500,11645.0500
2015-12-05,12333.1000,12343.4500,12172.5500,12250.7000
2015-12-06,11346.0500,11347.6500,11233.9500,11328.4500
2015-12-07,11728.2000,11785.3500,11693.0000,11762.6000
2015-12-08,12661.5000,12908.2000,12661.5000,12771.7500
2015-12-09,11560.4500,11592.4000,11351.4500,11372.0500
2015-12-10,11449.5500,11449.5500,11202.1500,11368.1500
2015-12-11,11391.5000,11503.1000,11311.2000,11383.5000
2015-12-14,11376.4500,11511.0000,11349.1500,11488.0000
2015-12-15,11515.6000,11574.8500,11512.0500,11554.8000
2015-12-16,11625.7000,11674.5500,11608.2000,11637.6500
2015-12-17,11713.3500,11785.8000,11679.9500,11771.8000
2015-12-18,11734.5000,11823.5000,11646.5500,11663.8000
2015-12-21,11449.6500,11581.8500,11416.3500,11556.9500
2015-12-22,11578.3000,11654.1500,11569.2000,11595.9000
2015-12-23,11677.1500,11823.6500,11677.1500,11805.8500
2015-12-24,11880.9000,11883.6000,11776.7500,11795.7500
2015-12-28,11816.3500,12036.4000,11816.3500,12009.0000
2015-12-29,12050.8500,12091.5000,11984.0000,12022.3500
2015-12-30,12051.0500,12060.8500,11976.1000,11987.2500
2015-12-31,12005.3000,12031.8500,11887.0500,11963.5000
2016-01-01,11934.6000,12010.9000,11911.7500,11979.8500
2016-01-02,11837.2500,11856.6000,11715.5500,11742.7500
2016-01-03,11224.7500,11331.6000,11106.3500,11294.4000
2016-01-04,10966.2000,10974.3000,10861.7000,10928.3000
2016-01-05,11803.2500,11812.0000,11689.9000,11741.5000
2016-01-06,11753.6500,11786.4500,11650.4500,11673.8000
2016-01-07,11215.8500,11281.6000,11213.0500,11250.9000
2016-01-08,11772.3500,11785.5000,11592.7000,11685.4000
2016-01-09,11486.7500,11512.4000,11414.2500,11463.3500
2016-01-11,11666.4000,11705.2000,11510.3000,11530.1500
2016-01-12,11103.2500,11215.4500,11076.0500,11132.0500
2016-01-13,11420.0000,11471.8500,11121.6000,11321.4000
2016-01-14,11217.6000,11390.3500,11182.6000,11369.4000
2016-01-15,11430.0000,11436.6500,11234.3000,11259.7500
2016-01-18,11246.9500,11309.5000,11051.9500,11095.9500
2016-01-19,11124.1500,11263.8000,11095.2000,11225.2000
2016-01-20,11120.7000,11213.1000,11007.6000,11133.6500
2016-01-21,11241.0000,11243.9500,10825.5000,10876.6000
2016-01-22,10963.3500,11183.2500,10928.2000,11141.3000
2016-01-25,11244.7000,11349.8000,11212.4000,11239.4000
2016-01-27,11319.1500,11364.4000,11276.2500,11348.8000
2016-01-28,11313.3500,11477.1000,11313.3500,11440.7000
2016-01-29,11489.9500,11809.7000,11472.3000,11755.8500
2016-02-01,11837.2500,11856.6000,11715.5500,11742.7500
2016-02-02,11793.7000,11811.0000,11398.7500,11425.7500
2016-02-03,11399.2000,11487.9500,11318.8500,11343.9000
2016-02-04,11424.0000,11465.6500,11065.1500,11215.5000
2016-02-05,11250.2000,11686.4000,11145.9000,11652.4000
2016-02-06,10937.1500,10963.0000,10863.1000,10902.1000
2016-02-08,11657.1000,11657.1000,11470.4000,11498.8000
2016-02-09,11401.4000,11604.2500,11401.4000,11557.0000
2016-02-10,11477.2000,11477.2000,11266.1000,11352.7500
2016-02-11,11304.0500,11381.3000,11074.3500,11100.1000
2016-02-12,11082.4000,11129.2000,11003.7000,11038.0500
2016-02-15,11198.3500,11331.2500,11152.3500,11191.7000
2016-02-16,11207.8500,11250.0000,10917.9000,10936.3500
2016-02-17,10983.1500,11179.0000,10875.7000,11148.1000
2016-02-18,11315.7500,11446.8000,11252.4500,11371.3500
2016-02-19,11367.9000,11381.0000,11250.5500,11341.6500
2016-02-22,11412.3500,11515.1500,11378.9000,11487.7000
2016-02-23,11539.7500,11570.0500,11320.8000,11351.3000
2016-02-24,11320.4000,11326.2500,11098.4000,11130.2000
2016-02-25,11150.1000,11215.4000,11114.0000,11177.1000
2016-02-26,11283.0500,11317.3500,11144.5000,11164.2500
2016-02-29,11234.5000,11320.6000,10900.4000,11167.7000
2016-03-01,11224.7500,11331.6000,11106.3500,11294.4000
2016-03-02,11399.2000,11487.9500,11318.8500,11343.9000
2016-03-03,11379.5000,11516.8500,11348.3000,11502.3000
2016-03-04,11555.1500,11602.9500,11460.6000,11537.6500
2016-03-05,11277.1000,11341.6500,11119.0500,11148.1500
2016-03-06,10945.3000,10954.8000,10791.7000,10808.2000
2016-03-08,11558.2500,11706.8000,11496.0000,11570.3500
2016-03-09,11580.3500,11614.2000,11416.5500,11601.0000
2016-03-10,11640.2500,11641.4000,11529.6500,11623.0000
2016-03-11,11587.8500,11710.7500,11517.3000,11695.6000
2016-03-14,11716.3500,11781.4000,11685.5000,11719.2000
2016-03-15,11656.3000,11656.3000,11304.8000,11325.6000
2016-03-16,11331.8500,11407.3500,11148.3000,11381.7500
2016-03-17,11451.7000,11454.7500,11184.7000,11227.4000
2016-03-18,11211.8000,11213.6000,10922.1500,11092.2500
2016-03-21,11141.3000,11254.8500,11078.7500,11235.7000
2016-03-22,11244.8000,11300.5000,11140.4500,11217.5000
2016-03-23,11213.7500,11237.4000,11134.8500,11198.3000
2016-03-28,11243.4500,11243.4500,10919.5000,10960.0500
2016-03-29,10940.3000,10940.3000,10353.9000,10665.2500
2016-03-30,10825.2500,10926.4500,10725.3000,10910.2000
2016-03-31,10948.5000,11047.6000,10938.0500,10989.1500
2016-04-01,10966.2000,10974.3000,10861.7000,10928.3000
2016-04-02,11424.0000,11465.6500,11065.1500,11215.5000
2016-04-03,11555.1500,11602.9500,11460.6000,11537.6500
2016-04-04,10983.2500,10995.4000,10910.2500,10978.0000
2016-04-05,11132.7000,11204.7000,11080.9500,11182.0000
2016-04-06,10905.0000,10928.4500,10814.6500,10905.5500
2016-04-07,10918.5500,11084.4000,10891.2000,10984.3500
2016-04-08,10970.8000,11064.7000,10970.8000,11012.5000
2016-04-10,11685.4500,11748.2000,11645.9000,11681.4000
2016-04-11,11064.0500,11070.7000,10920.3000,11024.7500
2016-04-12,11062.8500,11161.9000,11062.8500,11132.6500
2016-04-13,11185.6000,11253.5500,11151.5500,11225.7500
2016-04-18,11228.5500,11335.3000,11191.6500,11317.9000
2016-04-20,11347.5500,11362.8500,11234.6000,11267.5000
2016-04-21,11319.0500,11341.5500,11243.2000,11320.6500
2016-04-22,11278.0000,11344.8500,11235.6500,11286.7500
2016-04-25,11296.0500,11302.2000,11154.0500,11185.2500
2016-04-26,11156.4000,11307.5500,11114.5000,11295.6000
2016-04-27,11270.1500,11285.8000,11212.1500,11270.5500
2016-04-28,11285.8500,11326.3000,11167.9500,11179.4000
2016-04-29,11222.2500,11321.4000,11201.1000,11293.2500
2016-05-01,11803.2500,11812.0000,11689.9000,11741.5000
2016-05-02,11313.0500,11317.0500,11246.9000,11271.9000
2016-05-03,11277.1000,11341.6500,11119.0500,11148.1500
2016-05-04,11132.7000,11204.7000,11080.9500,11182.0000
2016-05-05,11324.1000,11334.2000,11204.2000,11233.4000
2016-05-06,11230.4000,11232.5000,11110.6000,11121.4000
2016-05-07,11337.0500,11370.4500,11256.8000,11361.6000
2016-05-08,11653.4500,11695.0000,11617.9000,11678.9000
2016-05-09,11133.6000,11232.1500,11091.9500,11183.2500
2016-05-10,11715.0000,11723.6500,11599.1500,11615.9000
2016-05-11,11198.2500,11274.5500,11126.2000,11186.4000
2016-05-12,11203.7000,11273.2500,11175.5500,11264.6000
2016-05-13,11227.4000,11274.9000,11143.8500,11157.6500
2016-05-16,11211.1000,11258.5500,11186.7500,11205.4000
2016-05-17,11252.7000,11295.7000,11226.0500,11251.6500
2016-05-18,11238.1000,11294.0500,11178.1000,11271.3000
2016-05-19,11315.6000,11334.0500,11230.3500,11246.0000
2016-05-20,11255.5500,11255.5500,11057.8000,11070.6500
2016-05-23,11109.5500,11113.3500,10933.1000,10958.5000
2016-05-24,10961.6500,10986.4000,10819.9000,10851.1500
2016-05-25,10880.6500,10933.5500,10822.6000,10908.5500
2016-05-26,10928.1000,10948.7500,10841.0500,10882.2000
2016-05-27,10981.1000,11247.5000,10973.2500,11206.8000
2016-05-30,11284.0000,11318.1500,11140.6500,11175.0000
2016-05-31,11123.7000,11123.7000,10946.5500,10995.4500
2016-06-01,11753.6500,11786.4500,11650.4500,11673.8000
2016-06-02,10937.1500,10963.0000,10863.1000,10902.1000
2016-06-03,10945.3000,10954.8000,10791.7000,10808.2000
2016-06-04,10905.0000,10928.4500,10814.6500,10905.5500
2016-06-05,11230.4000,11232.5000,11110.6000,11121.4000
2016-06-06,10886.5500,10886.5500,10663.9000,10678.8500
2016-06-07,10681.8500,10791.5000,10580.7000,10739.3500
2016-06-08,10774.2000,10790.4000,10703.1500,10716.5500
2016-06-09,11617.1500,11634.7000,11556.0500,11612.7000
2016-06-10,11663.3500,11689.6000,11474.8000,11494.4500
2016-06-12,11127.0000,11164.2500,11052.3000,11069.8500
2016-06-13,10632.1500,10721.8500,10603.4000,10706.6000
2016-06-14,10734.7500,10789.8500,10716.3000,10781.4000
2016-06-15,10819.6000,10820.6500,10776.6500,10790.3000
2016-06-16,10799.1000,10799.1000,10664.9500,10762.2000
2016-06-17,10814.4000,10820.7000,10629.9500,10653.4500
2016-06-20,10636.7000,10723.5000,10569.6500,10685.8500
2016-06-21,10731.6000,10738.1500,10613.5500,10627.3500
2016-06-22,10672.1500,10731.6000,10632.0000,10696.5000
2016-06-23,10726.8000,10821.1000,10726.8000,10793.1000
2016-06-24,10632.0000,10763.9000,10499.0000,10747.8000
2016-06-27,10750.0500,10976.0000,10747.2000,10964.0500
2016-06-28,10968.2000,11068.7500,10968.2000,11035.3500
2016-06-29,11101.2000,11149.1000,11067.5500,11084.7000
2016-06-30,11173.7000,11203.1000,11115.5000,11142.0000
2016-07-01,11215.8500,11281.6000,11213.0500,11250.9000
2016-07-04,11346.1500,11380.7500,11305.7500,11319.8500
2016-07-05,11337.0500,11370.4500,11256.8000,11361.6000
2016-07-06,10681.8500,10791.5000,10580.7000,10739.3500
2016-07-07,11386.2000,11592.9000,11370.9500,11527.0500
2016-07-08,11623.7000,11639.6500,11503.3500,11569.7000
2016-07-09,11640.9000,11683.9500,11588.5500,11633.0500
2016-07-10,11494.7500,11544.8000,11444.6000,11480.1000
2016-07-11,10923.0000,10951.9500,10784.2500,10818.7500
2016-07-12,11065.2500,11068.5500,10804.9000,10832.6500
2016-07-13,11711.6000,11741.9000,11612.5500,11639.8000
2016-07-14,11626.7500,11626.7500,11535.9000,11590.6500
2016-07-15,11609.6500,11673.8500,11572.7500,11607.7000
2016-07-18,11634.4500,11651.7000,11542.0000,11556.8500
2016-07-19,11574.4000,11676.7500,11561.7000,11647.0000
2016-07-20,11706.0000,11937.8000,11706.0000,11925.3500
2016-07-21,11982.2000,12011.8000,11788.6000,11820.6500
2016-07-22,11844.8000,11844.8000,11774.5500,11815.7500
2016-07-25,11815.1500,11876.5000,11785.7500,11869.6000
2016-07-26,11888.9000,11902.5500,11663.3500,11691.1500
2016-07-27,11524.1000,11593.3000,11452.5500,11569.9000
2016-07-28,11609.2000,11673.7500,11570.9500,11615.7500
2016-07-29,11631.4500,11764.6500,11611.8000,11697.2500
2016-08-01,11772.3500,11785.5000,11592.7000,11685.4000
2016-08-02,11657.1000,11657.1000,11470.4000,11498.8000
2016-08-03,11558.2500,11706.8000,11496.0000,11570.3500
2016-08-04,11593.6000,11691.7500,11538.2500,11591.0000
2016-08-05,11653.4500,11695.0000,11617.9000,11678.9000
2016-08-06,10774.2000,10790.4000,10703.1500,10716.5500
2016-08-07,11623.7000,11639.6500,11503.3500,11569.7000
2016-08-08,11718.4500,11742.2500,11650.1000,11692.6500
2016-08-09,11658.9500,11946.5500,11643.4000,11936.6500
2016-08-10,11602.3000,11602.3000,11337.7000,11361.9000
2016-08-11,11363.8000,11407.0000,11200.7000,11376.9000
2016-08-12,11435.3500,11484.0000,11299.3000,11362.4000
2016-08-16,11418.3500,11433.2000,11320.3000,11420.0000
2016-08-17,11402.7500,11511.4000,11383.6500,11496.8000
2016-08-18,11557.7500,11583.9500,11501.9000,11565.3000
2016-08-19,11599.2500,11626.1000,11562.0000,11587.4000
2016-08-22,11590.9000,11590.9000,11444.2000,11473.8000
2016-08-23,11474.0500,11474.0500,11361.0000,11409.0500
2016-08-24,11462.6000,11557.3000,11435.6500,11536.5500
2016-08-25,11588.4500,11657.2000,11463.6500,11490.8500
2016-08-26,11526.6500,11534.9000,11377.7000,11395.4500
2016-08-29,11421.1000,11421.1000,11268.3000,11382.3500
2016-08-30,11443.1000,11582.7500,11435.3500,11552.7500
2016-08-31,11590.9000,11654.4500,11456.7000,11489.1500
2016-09-01,11486.7500,11512.4000,11414.2500,11463.3500
2016-09-02,11401.4000,11604.2500,11401.4000,11557.0000
2016-09-03,11580.3500,11614.2000,11416.5500,11601.0000
2016-09-05,11133.6000,11232.1500,11091.9500,11183.2500
2016-09-06,10694.3500,10714.7000,10622.0500,10665.4000
2016-09-07,11640.9000,11683.9500,11588.5500,11633.0500
2016-09-08,11658.9500,11946.5500,11643.4000,11936.6500
2016-09-09,11958.2500,12042.7000,11781.1000,11818.8000
2016-09-11,10106.7500,10922.9000,9777.2500,10871.1000
2016-09-12,11003.8500,11018.5000,10908.1500,10929.4500
2016-09-14,11688.4500,11706.8000,11600.6500,11640.6000
2016-09-15,11678.9000,11794.0500,11666.5500,11715.6500
2016-09-16,11751.6000,11842.2500,11672.6000,11725.5000
2016-09-19,11737.1000,11802.3500,11711.5000,11766.6500
2016-09-20,11791.9000,11851.2500,11730.9000,11746.4000
2016-09-21,11787.3500,11805.6500,11703.7500,11730.9500
2016-09-22,11818.5500,11854.5500,11776.9000,11844.4500
2016-09-23,11884.9500,11895.9500,11770.7000,11798.6500
2016-09-26,11802.8000,11831.7500,11688.8500,11708.7000
2016-09-27,11729.3500,11830.8500,11722.4000,11782.6000
2016-09-28,11790.5500,11867.1000,11760.8000,11777.7500
2016-09-29,11835.6000,11849.5500,11268.7000,11432.2000
2016-09-30,11438.5000,11489.0000,11341.0500,11461.0000
2016-10-02,11477.2000,11477.2000,11266.1000,11352.7500
2016-10-03,11528.9500,11668.3500,11528.9500,11638.2500
2016-10-04,11685.4500,11748.2000,11645.9000,11681.4000
2016-10-05,11216.8500,11320.0000,11181.5500,11266.8500
2016-10-06,10657.3000,10756.8000,10620.4000,10657.6000
2016-10-07,11494.7500,11544.8000,11444.6000,11480.1000
2016-10-08,11602.3000,11602.3000,11337.7000,11361.9000
2016-10-10,11512.7000,11577.2500,11489.9500,11547.3000
2016-10-11,11080.7500,11171.8000,10964.1500,10990.5500
2016-10-13,11536.0500,11557.0000,11300.8500,11338.8500
2016-10-14,11384.5000,11394.4500,11320.3000,11380.1000
2016-10-17,11401.9500,11404.3000,11261.9000,11279.4000
2016-10-18,11299.9500,11490.0000,11297.8000,11469.4500
2016-10-19,11504.6500,11585.8500,11502.1000,11527.7500
2016-10-20,11570.5500,11578.8500,11471.9000,11483.3500
2016-10-21,11508.7000,11515.2000,11416.4000,11494.5500
2016-10-24,11535.0500,11540.7500,11450.9500,11487.6000
2016-10-25,11527.1500,11611.6500,11514.9000,11585.9500
2016-10-26,11588.2000,11598.2500,11413.4500,11454.9000
2016-10-27,11487.1500,11563.8500,11438.3000,11534.5500
2016-10-28,11545.5000,11633.7500,11535.0000,11571.8500
2016-10-30,11635.3000,11654.3000,11617.1000,11636.0000
2016-11-01,11420.6000,11430.7500,11280.9500,11301.0000
2016-11-02,11489.1500,11489.5500,11255.2000,11268.9000
2016-11-03,11263.0500,11329.2500,11087.7500,11124.3000
2016-11-04,11064.0500,11070.7000,10920.3000,11024.7500
2016-11-05,11198.2500,11274.5500,11126.2000,11186.4000
2016-11-07,11679.7000,11762.7000,11646.8000,11745.7000
2016-11-08,11363.8000,11407.0000,11200.7000,11376.9000
2016-11-09,10106.7500,10922.9000,9777.2500,10871.1000
2016-11-10,11080.7500,11171.8000,10964.1500,10990.5500
2016-11-11,11046.3500,11172.1500,10862.8500,10901.2500
2016-11-15,10955.7500,10991.6000,10686.2500,10747.9000
2016-11-16,10882.9500,10907.2500,10522.2000,10559.2500
2016-11-17,10549.8500,10681.5500,10483.8000,10595.6500
2016-11-18,10609.5500,10794.2500,10530.1500,10751.4500
2016-11-21,10785.9000,10795.5500,10586.1500,10642.1000
2016-11-22,10725.7000,10736.7000,10624.0000,10693.8500
2016-11-23,10752.8000,10962.6000,10706.0000,10934.2000
2016-11-24,10894.9500,10898.1000,10732.1000,10762.4500
2016-11-25,10835.6000,11116.6000,10754.3000,11085.0000
2016-11-28,11100.9000,11168.6000,11054.1500,11110.2500
2016-11-29,11139.4500,11160.0500,11030.3500,11061.3000
2016-11-30,11117.1500,11169.0000,11054.2500,11080.0500
2016-12-01,11311.2000,11385.4000,11311.2000,11341.6000
2016-12-02,11226.7000,11283.3500,10810.1500,11081.0500
2016-12-04,11062.8500,11161.9000,11062.8500,11132.6500
2016-12-05,11203.7000,11273.2500,11175.5500,11264.6000
2016-12-06,11127.0000,11164.2500,11052.3000,11069.8500
2016-12-07,11754.7000,11754.9000,11631.8000,11680.6500
2016-12-08,11435.3500,11484.0000,11299.3000,11362.4000
2016-12-09,11688.3000,11749.3500,11592.8000,11622.6000
2016-12-12,10928.6000,10960.7500,10872.6500,10895.9000
2016-12-13,10909.6500,10956.8500,10833.6500,10947.9000
2016-12-14,10957.3500,10988.8000,10842.1500,10859.2500
2016-12-15,10810.3000,10865.9500,10630.7500,10655.5000
2016-12-16,10657.7000,10680.0000,10538.8500,10646.5000
2016-12-19,10637.2500,10656.0000,10525.9500,10555.7000
2016-12-20,10577.2500,10585.6500,10428.3500,10436.7500
2016-12-21,10483.9500,10509.8500,10350.7500,10361.6000
2016-12-22,10362.0500,10397.6500,10212.7500,10226.1500
2016-12-23,10252.1000,10318.1000,10075.2000,10156.6500
2016-12-26,10144.5500,10144.5500,9870.0500,9889.3000
2016-12-27,9926.1500,10098.0500,9920.5500,10083.0000
2016-12-28,10121.1000,10247.0000,10101.1000,10149.3500
2016-12-29,10162.2000,10196.5000,10100.0000,10132.3500
2016-12-30,10174.0000,10285.0500,10162.4000,10267.0000
2017-01-02,10301.8500,10364.6000,10245.4000,10310.2000
2017-01-03,10350.1500,10382.5500,10280.0000,10317.4500
2017-01-04,10355.7000,10392.6000,10291.4500,10303.8000
2017-01-05,10369.8000,10464.7000,10342.6000,10457.7500
2017-01-06,9044.4500,9279.5500,9039.0500,9104.9500
2017-01-08,9488.9000,9602.2500,9482.3500,9517.3000
2017-01-09,10507.1500,10525.7000,10307.4500,10323.4500
2017-01-10,10355.4500,10380.3000,10321.5500,10366.7000
2017-01-11,10406.4500,10475.2000,10397.3000,10464.6500
2017-01-12,9280.5500,9301.2000,9055.9500,9083.8500
2017-01-13,10421.0000,10488.7000,10363.0500,10445.1000
2017-01-16,10432.1000,10480.2000,10403.8500,10418.2000
2017-01-17,10420.5500,10475.7500,10408.9000,10426.6500
2017-01-18,10426.9500,10502.9000,10413.8000,10452.4500
2017-01-19,10452.9500,10497.2500,10368.6000,10389.7500
2017-01-20,10385.7500,10434.0500,10281.8000,10307.8500
2017-01-23,10268.9000,10307.6500,10195.4500,10214.1500
2017-01-24,10229.0500,10359.9000,10227.9500,10339.4500
2017-01-25,10373.0000,10383.2500,10315.8000,10332.6000
2017-01-27,10331.4000,10402.7500,10327.3500,10367.2000
2017-01-30,10367.0500,10469.4500,10356.6500,10412.1500
2017-01-31,10439.2000,10446.2000,10218.0500,10236.3500
2017-02-01,10222.8500,10274.5500,10065.6500,10189.5000
2017-02-02,10209.3500,10434.5000,10128.3000,10402.0000
2017-02-03,10473.9500,10576.1500,10417.8500,10555.0000
2017-02-05,10132.0500,10150.6000,9979.6500,10036.3500
2017-02-06,10630.0500,10774.6500,10510.8000,10710.8000
2017-02-07,10722.4000,10806.8000,10570.9000,10604.0000
2017-02-08,10623.4000,10663.6000,10523.5500,10583.4000
2017-02-09,10638.7500,10659.0000,10521.7000,10542.6000
2017-02-10,10572.9500,10595.6000,10417.6000,10438.1000
2017-02-11,9782.6000,10060.3500,9782.6000,10004.5000
2017-02-13,10465.9000,10485.4500,10341.6500,10403.6000
2017-02-14,10435.5500,10440.1000,10269.1000,10322.2500
2017-02-15,10334.2000,10341.2000,10124.7500,10137.6500
2017-02-16,10157.5000,10436.8500,10105.5000,10407.7500
2017-02-17,10485.5500,10646.1000,10431.8000,10624.4000
2017-02-20,10646.9500,10685.1000,10574.2000,10641.6000
2017-02-21,10645.8500,10684.8500,10607.2000,10644.6000
2017-02-22,10657.8500,10671.0500,10529.9500,10582.3000
2017-02-23,10605.0500,10644.7500,10535.4500,10561.6000
2017-02-27,10576.6500,10646.6500,10534.9000,10571.7000
2017-02-28,10595.3500,10641.8000,10573.0500,10585.1500
2017-03-01,10350.1500,10382.5500,10280.0000,10317.4500
2017-03-02,10473.9500,10576.1500,10417.8500,10555.0000
2017-03-03,10530.1500,10634.9500,10513.0000,10614.0500
2017-03-04,10439.6000,10512.7000,10398.6500,10503.6500
2017-03-05,10058.6500,10092.6000,9959.1000,9981.8000
2017-03-06,10623.6500,10633.6500,10568.2500,10612.8500
2017-03-07,10632.7500,10634.5000,10530.2000,10560.9000
2017-03-08,10558.7500,10656.5000,10520.9500,10584.3500
2017-03-09,10538.3000,10567.3000,10481.2000,10499.0500
2017-03-10,9308.9500,9314.9000,9196.1500,9214.9500
2017-03-11,10052.2500,10062.5000,9845.3500,9897.2000
2017-03-14,10602.9500,10752.6000,10468.8500,10648.0500
2017-03-15,10694.1500,10729.5500,10656.3500,10671.0500
2017-03-16,10724.2500,10775.2000,10698.4500,10731.2000
2017-03-17,10776.6500,10783.9000,10643.8000,10674.9500
2017-03-20,10704.9000,10724.1500,10673.3000,10710.6000
2017-03-21,10669.6500,10669.6500,10425.1500,10493.7500
2017-03-22,10417.7500,10525.4000,10373.3000,10510.5500
2017-03-23,10541.5500,10586.0500,10499.7500,10575.2000
2017-03-24,10581.4000,10620.2000,10516.7000,10556.3500
2017-03-27,10526.5000,10543.7000,10427.5500,10441.9000
2017-03-28,10484.1000,10525.0500,10455.3000,10497.7000
2017-03-29,10522.6500,10522.6500,10401.7500,10419.5000
2017-03-30,10444.4000,10469.2000,10389.5000,10407.3000
2017-03-31,10420.8000,10461.5500,10389.9500,10411.1500
2017-04-01,10355.7000,10392.6000,10291.4500,10303.8000
2017-04-03,10439.6000,10512.7000,10398.6500,10503.6500
2017-04-05,9996.8000,10060.1500,9942.6500,9979.0000
2017-04-06,10542.0000,10544.3000,10434.9000,10469.7000
2017-04-07,10455.8000,10455.8000,10260.6500,10285.8000
2017-04-08,9285.8000,9287.9000,9104.2000,9256.8500
2017-04-09,9093.9500,9120.3500,8929.4000,9070.3500
2017-04-10,10317.0500,10335.6000,10275.1500,10315.8000
2017-04-11,10340.8500,10368.5500,10321.4000,10355.5500
2017-04-12,10356.0000,10481.1000,10257.3000,10445.2000
2017-04-13,10494.8500,10577.4000,10448.0500,10531.9500
2017-04-17,10533.0000,10542.8500,10432.8000,10448.5500
2017-04-18,10474.7000,10484.0000,10343.5000,10355.8000
2017-04-19,10387.3500,10411.9500,10307.3500,10321.0500
2017-04-20,10350.1500,10371.1500,10282.4500,10303.9500
2017-04-21,10340.9500,10340.9500,10192.5000,10208.5000
2017-04-24,10175.7000,10212.9500,10103.2500,10177.7500
2017-04-25,10217.4500,10252.3500,10197.2500,10241.4500
2017-04-26,10230.5000,10247.2500,10137.2500,10197.2000
2017-04-27,10225.0000,10226.0500,10079.5500,10100.0000
2017-04-28,10119.4500,10162.2000,10075.0500,10120.9000
2017-05-01,10369.8000,10464.7000,10342.6000,10457.7500
2017-05-02,10132.0500,10150.6000,9979.6500,10036.3500
2017-05-03,10058.6500,10092.6000,9959.1000,9981.8000
2017-05-04,9996.8000,10060.1500,9942.6500,9979.0000
2017-05-05,9969.8500,10048.8000,9908.7000,9935.1500
2017-05-06,9267.5000,9307.4000,9218.8500,9229.7500
2017-05-07,9518.9500,9612.1500,9498.9500,9589.1500
2017-05-08,9951.0500,10033.7500,9924.5000,10021.0500
2017-05-09,10037.1000,10040.0000,9940.1000,9997.7000
2017-05-10,10029.0000,10150.1500,10023.7000,10106.2000
2017-05-11,10152.0000,10197.1000,10113.1000,10178.8500
2017-05-12,10133.8000,10148.7000,10014.3500,10121.4000
2017-05-15,10159.2500,10278.3500,10114.0500,10252.8500
2017-05-16,10268.1500,10301.2500,10212.5500,10247.1500
2017-05-17,10254.3000,10263.9500,10183.7000,10222.6000
2017-05-18,10155.6500,10229.9500,10126.4500,10160.3000
2017-05-19,10209.6000,10223.6000,10114.0500,10156.1000
2017-05-22,10202.9000,10203.2500,9936.6000,9959.2000
2017-05-23,9904.5000,9913.6500,9528.9500,9648.3000
2017-05-24,9633.5500,9649.0500,9385.5500,9446.9500
2017-05-25,9421.8000,9434.1000,9082.8500,9199.1500
2017-05-26,9173.6000,9303.3000,9033.7500,9060.4500
2017-05-29,8913.0500,8913.0500,8634.9000,8757.8000
2017-05-30,8742.0500,9013.3000,8725.3000,8990.3000
2017-05-31,9063.6500,9088.6500,8958.4000,9025.2500
2017-06-01,10503.4000,10559.5500,10455.3000,10472.7000
2017-06-02,10630.0500,10774.6500,10510.8000,10710.8000
2017-06-03,10623.6500,10633.6500,10568.2500,10612.8500
2017-06-04,10542.0000,10544.3000,10434.9000,10469.7000
2017-06-05,9267.5000,9307.4000,9218.8500,9229.7500
2017-06-06,9280.0000,9280.2000,9149.9000,9174.6000
2017-06-07,9200.0000,9337.3000,9156.8500,9300.5500
2017-06-08,9319.4000,9551.4000,9304.0500,9486.6500
2017-06-09,8978.5500,8980.0000,8883.7500,8897.3000
2017-06-10,9444.2000,9497.6000,9402.5000,9477.7500
2017-06-11,9886.7000,9962.1000,9854.2000,9894.1000
2017-06-12,9047.8500,9063.2500,8923.5500,8938.2000
2017-06-13,9682.0000,9707.5000,9580.7500,9592.1500
2017-06-14,9639.7000,9658.6500,9540.8500,9576.0000
2017-06-15,9578.3000,9740.1000,9554.6500,9695.8500
2017-06-16,9734.2000,9764.6000,9506.1500,9525.5000
2017-06-19,9560.3500,9564.9500,9422.6500,9489.2000
2017-06-20,9509.0000,9546.5500,9449.6000,9481.9000
2017-06-21,9499.2500,9532.1500,9402.5000,9456.8000
2017-06-22,9470.2500,9536.7500,9448.2500,9471.6000
2017-06-23,9476.0500,9541.2000,9409.1500,9478.1500
2017-06-27,9510.4500,9575.5000,9399.5500,9467.9000
2017-06-28,9458.7000,9498.4000,9402.6000,9482.3500
2017-06-29,9502.5500,9513.8000,9408.4000,9428.2000
2017-06-30,9436.8500,9632.2000,9420.7500,9606.4000
2017-07-02,10722.4000,10806.8000,10570.9000,10604.0000
2017-07-03,9637.6000,9648.1500,9563.4500,9616.3000
2017-07-04,9656.2000,9659.2000,9497.6000,9517.9500
2017-07-05,9518.9500,9612.1500,9498.9500,9589.1500
2017-07-06,9627.0000,9661.7000,9580.1000,9598.4500
2017-07-07,9614.8000,9778.1000,9611.8000,9723.8500
2017-07-08,9280.5500,9323.0500,9210.4500,9229.0500
2017-07-09,8937.7500,8985.2500,8873.0000,8948.8000
2017-07-10,9782.7500,9919.5000,9705.3000,9884.4500
2017-07-11,9911.1500,9948.7500,9782.5000,9801.6500
2017-07-12,9825.6500,9859.5500,9775.9000,9817.8000
2017-07-13,9827.0500,9910.3500,9820.1000,9875.2500
2017-07-14,9897.9500,9994.6500,9875.4000,9958.2500
2017-07-17,9993.8500,10020.3500,9933.0000,9994.7500
2017-07-18,9983.0500,10096.8000,9968.9500,10024.3000
2017-07-19,10128.5000,10245.4500,10118.6000,10234.6000
2017-07-20,10256.0500,10259.6500,10125.1500,10140.7500
2017-07-21,10130.6500,10130.6500,9992.3500,10052.4000
2017-07-24,10079.8500,10092.0000,9964.7000,9980.5000
2017-07-25,9987.1000,10003.0000,9907.8000,9930.5500
2017-07-26,9963.6500,10044.3500,9920.0000,10036.8000
2017-07-27,10051.6000,10059.7000,9845.9500,9880.2500
2017-07-28,9821.2500,9821.2500,9641.1500,9672.6000
2017-07-31,9707.9500,9707.9500,9456.7000,9476.4000
2017-08-01,9488.9000,9602.2500,9482.3500,9517.3000
2017-08-02,9555.1000,9557.4500,9434.3000,9453.9500
2017-08-03,9481.7000,9566.4500,9308.4000,9336.9000
2017-08-04,9285.8000,9287.9000,9104.2000,9256.8500
2017-08-05,9951.0500,10033.7500,9924.5000,10021.0500
2017-08-06,9319.4000,9551.4000,9304.0500,9486.6500
2017-08-07,9280.5500,9323.0500,9210.4500,9229.0500
2017-08-08,9240.0500,9264.7000,9109.3500,9125.8500
2017-08-09,9070.1500,9076.2000,8714.9000,8766.2500
2017-08-10,8757.3000,8917.5500,8390.6000,8513.2000
2017-08-11,8445.2500,8604.8000,8314.5000,8521.3500
2017-08-12,8986.6000,9121.6500,8977.8500,9098.4500
2017-08-14,8494.0500,8786.3500,8483.6500,8758.1000
2017-08-16,8807.9500,8870.0500,8679.2000,8859.4000
2017-08-17,8881.5500,8909.7000,8779.5000,8797.1000
2017-08-18,8758.9500,8758.9500,8576.8500,8639.4000
2017-08-21,8691.8000,8696.8500,8468.7000,8490.2000
2017-08-22,8555.1500,8630.5000,8494.5500,8566.6500
2017-08-23,8619.1500,8641.7000,8580.8500,8615.8500
2017-08-24,8637.1000,8921.4000,8615.8000,8902.0500
2017-08-28,8949.3000,9031.3500,8896.8000,8975.0500
2017-08-29,8948.3000,8956.0000,8845.6500,8865.0500
2017-08-30,8937.9500,8987.1500,8894.6000,8908.0500
2017-08-31,8928.2000,8939.5000,8841.1500,8859.6500
2017-09-01,10507.1500,10525.7000,10307.4500,10323.4500
2017-09-02,10638.7500,10659.0000,10521.7000,10542.6000
2017-09-03,10538.3000,10567.3000,10481.2000,10499.0500
2017-09-04,9093.9500,9120.3500,8929.4000,9070.3500
2017-09-05,9126.7500,9127.6500,9003.9500,9037.6000
2017-09-06,9520.8000,9531.9000,9406.0500,9507.3500
2017-09-07,8937.7500,8985.2500,8873.0000,8948.8000
2017-09-08,8956.2000,8998.5500,8793.2500,8840.3000
2017-09-10,9497.1500,9568.5500,9463.8000,9505.7000
2017-09-11,8888.2500,8917.6500,8787.6500,8804.4500
2017-09-12,8856.8000,9009.5500,8795.8500,8996.1000
2017-09-13,9008.1000,9211.7500,8967.2500,9140.6000
2017-09-14,9257.6500,9396.4000,9246.8000,9380.8500
2017-09-15,9321.8000,9378.5000,9237.8500,9338.0000
2017-09-18,9378.9500,9403.5500,9217.5500,9339.5500
2017-09-19,9357.4000,9417.3000,9269.6000,9293.9500
2017-09-20,9327.4000,9372.1500,9231.8000,9319.8500
2017-09-21,9364.9500,9663.1000,9363.3000,9629.7500
2017-09-22,9629.1500,9709.2000,9428.8000,9465.4500
2017-09-25,9468.0000,9474.1500,9239.4000,9297.0500
2017-09-26,9294.3000,9377.2000,9234.9500,9297.9000
2017-09-27,9254.7500,9257.9000,8997.2500,9036.4500
2017-09-28,9037.6500,9182.4000,8977.2500,9111.5500
2017-09-29,9131.1000,9245.3000,9112.0000,9172.6000
2017-10-01,10355.4500,10380.3000,10321.5500,10366.7000
2017-10-02,10572.9500,10595.6000,10417.6000,10438.1000
2017-10-03,9308.9500,9314.9000,9196.1500,9214.9500
2017-10-04,9245.2000,9407.1500,9208.1500,9372.3000
2017-10-05,9404.9000,9508.6500,9377.3500,9394.1500
2017-10-06,9444.2000,9497.6000,9402.5000,9477.7500
2017-10-07,9782.7500,9919.5000,9705.3000,9884.4500
2017-10-08,8757.3000,8917.5500,8390.6000,8513.2000
2017-10-09,9497.1500,9568.5500,9463.8000,9505.7000
2017-10-10,9556.7500,9608.9000,9506.7500,9530.3000
2017-10-11,9563.3500,9586.8500,9385.1500,9441.1500
2017-10-12,9561.5000,9592.6000,9483.5000,9577.1000
2017-10-13,9593.8000,9613.8000,9526.3500,9545.6000
2017-10-16,9588.1000,9705.3500,9579.4500,9692.5500
2017-10-17,9683.3500,9752.6000,9638.8500,9740.5500
2017-10-18,9760.8000,9760.8000,9611.6000,9622.6000
2017-10-19,9646.4000,9655.6500,9561.1000,9593.5000
2017-10-23,9637.9000,9654.8500,9495.7500,9542.2000
2017-10-24,9554.5500,9561.8500,9479.5500,9490.0000
2017-10-25,9527.7000,9539.8500,9332.6500,9346.7500
2017-10-26,9385.3500,9474.8500,9302.2000,9428.3500
2017-10-27,9497.2000,9722.8500,9488.0500,9650.1000
2017-10-30,9686.0500,9852.6000,9599.1000,9754.8500
2017-10-31,9753.7500,9829.2000,9697.9500,9756.0000
2017-11-01,10406.4500,10475.2000,10397.3000,10464.6500
2017-11-02,9782.6000,10060.3500,9782.6000,10004.5000
2017-11-03,10052.2500,10062.5000,9845.3500,9897.2000
2017-11-04,10340.8500,10368.5500,10321.4000,10355.5500
2017-11-05,10152.0000,10197.1000,10113.1000,10178.8500
2017-11-06,9886.7000,9962.1000,9854.2000,9894.1000
2017-11-07,9911.1500,9948.7500,9782.5000,9801.6500
2017-11-08,9553.0500,9659.2500,9483.4000,9494.9500
2017-11-09,9616.6500,9623.2000,9289.0500,9435.8500
2017-11-10,9563.3500,9586.8500,9385.1500,9441.1500
2017-11-12,9162.4000,9206.1000,9129.9500,9186.1000
2017-11-13,9334.6500,9345.4500,9168.7000,9238.8500
2017-11-14,9240.9000,9284.0000,9174.3000,9208.4500
2017-11-15,9170.6500,9193.8000,8990.1500,9025.2000
2017-11-16,9045.2500,9102.8500,9003.6000,9082.6500
2017-11-17,9159.5000,9221.3000,9137.4500,9161.8000
2017-11-20,9184.2000,9200.4000,9119.9000,9143.3500
2017-11-21,9173.7000,9419.3500,9155.2000,9346.5500
2017-11-22,9353.5500,9365.5000,9255.9000,9278.0000
2017-11-23,9290.6500,9321.6000,9244.7500,9293.2000
2017-11-24,9320.2500,9371.0500,9292.9500,9364.3000
2017-11-27,9324.9500,9392.8500,9294.3500,9368.7000
2017-11-28,9368.4500,9396.6500,9285.4000,9318.5000
2017-11-29,9336.8500,9401.4500,9327.8000,9351.8500
2017-11-30,9328.3000,9364.5000,9219.4000,9238.7500
2017-12-01,9280.5500,9301.2000,9055.9500,9083.8500
2017-12-04,9137.2500,9152.9000,9010.7000,9052.0000
2017-12-05,9040.2000,9074.6500,8981.9500,9043.1500
2017-12-06,9510.4000,9614.3000,9494.5500,9583.8500
2017-12-07,8944.9500,9016.1500,8923.5500,8960.4000
2017-12-08,8986.6000,9121.6500,8977.8500,9098.4500
2017-12-09,8856.8000,9009.5500,8795.8500,8996.1000
2017-12-10,9561.5000,9592.6000,9483.5000,9577.1000
2017-12-11,9162.4000,9206.1000,9129.9500,9186.1000
2017-12-12,9271.6500,9273.1500,9099.2000,9119.1000
2017-12-13,9135.8000,9160.4000,8982.1500,9002.8000
2017-12-14,9032.6000,9087.9500,8975.4500,9070.8500
2017-12-15,9152.4000,9162.2500,9081.1000,9100.3000
2017-12-18,9102.2000,9286.4000,8921.3000,9230.4500
2017-12-19,9284.9000,9313.6500,9233.4500,9299.6500
2017-12-20,9314.6500,9365.8000,9260.3500,9285.4500
2017-12-21,9335.2500,9418.1500,9303.1000,9321.6000
2017-12-22,9346.9500,9361.0000,9309.2000,9326.6000
2017-12-26,9336.6500,9436.1000,9307.4500,9416.0000
2017-12-27,9447.7500,9699.6500,9438.5000,9639.8500
2017-12-28,9683.1000,9732.9000,9559.6500,9584.2000
2017-12-29,9635.1500,9675.1000,9590.7500,9620.1000
2018-01-01,9627.4000,9740.6000,9588.9500,9618.1500
2018-01-02,9391.5000,9391.7000,9075.7500,9158.7000
2018-01-03,8966.4000,9003.9000,8905.2000,8917.7500
2018-01-04,9535.9000,9649.0500,9476.4500,9633.6000
2018-01-05,9666.2500,9717.1500,9614.2000,9701.0500
2018-01-06,8248.7000,8297.8000,8181.6000,8213.2000
2018-01-08,9190.4500,9313.0500,9168.5000,9301.7000
2018-01-09,9866.5500,9875.7000,9747.0000,9770.2000
2018-01-10,9789.7500,9863.5000,9716.1000,9748.6000
2018-01-11,9752.6000,9849.8000,9708.6000,9772.8500
2018-01-12,9795.8500,9825.2000,9656.0000,9741.8500
2018-01-15,9764.0000,9776.5500,9650.0000,9659.7500
2018-01-16,9675.6000,9722.0500,9589.4000,9623.4500
2018-01-17,9648.4000,9757.9500,9565.9500,9744.3000
2018-01-18,9779.6500,9819.4000,9581.5500,9626.4500
2018-01-19,9648.6000,9668.5500,9566.7000,9637.8000
2018-01-22,9621.3500,9680.9500,9587.1000,9654.8000
2018-01-23,9688.0000,9827.3500,9670.8500,9767.3000
2018-01-24,9752.2500,9903.4000,9717.1000,9826.4000
2018-01-25,9857.6500,9920.5500,9715.8000,9729.1500
2018-01-29,9716.2000,9752.0500,9592.4000,9622.3500
2018-01-30,9602.9500,9605.1500,9500.2000,9563.5500
2018-01-31,9550.7500,9565.3000,9329.2000,9384.7500
2018-02-01,9391.5000,9391.7000,9075.7500,9158.7000
2018-02-02,9113.9500,9305.6000,9014.0000,9042.7500
2018-02-04,8424.4000,8637.4000,8385.3000,8620.8500
2018-02-05,9086.9500,9110.5500,8921.7500,8961.0500
2018-02-06,8773.1000,8962.7500,8729.1000,8871.2500
2018-02-07,9198.9000,9223.7500,9092.3000,9133.9000
2018-02-08,8949.0000,9282.2000,8927.8500,9262.4500
2018-02-09,9052.8000,9245.9000,9044.3000,9222.5500
2018-02-11,9652.2000,9690.9500,9520.9500,9547.8500
2018-02-12,9298.0500,9453.7500,9271.0000,9339.9500
2018-02-14,9367.5000,9374.0000,9212.2500,9249.2000
2018-02-15,9215.7000,9327.7000,9186.5500,9207.5000
2018-02-16,9231.8500,9262.1500,9141.0500,9180.9000
2018-02-19,9188.3000,9198.6500,8941.9000,9027.9000
2018-02-20,9054.4500,9086.5000,8982.1000,9020.7500
2018-02-21,9054.5000,9073.5000,8753.5500,8843.4000
2018-02-22,8832.7000,8901.4500,8787.0500,8861.7500
2018-02-23,8924.3000,9124.7000,8909.8000,9095.4000
2018-02-26,9091.7500,9097.8500,9016.7000,9065.1000
2018-02-27,9081.5000,9146.6000,9002.5500,9023.4500
2018-02-28,8995.0000,9093.0500,8938.9500,8960.2500
2018-03-01,9585.6500,9605.1500,9505.5500,9519.5500
2018-03-04,8583.1000,8701.5500,8568.5500,8664.7000
2018-03-05,8968.7000,8977.7000,8796.8500,8966.3000
2018-03-06,8945.8500,8955.6000,8723.8000,8749.5500
2018-03-07,8753.6000,8756.3000,8600.9500,8615.0000
2018-03-08,8672.6500,8696.5500,8499.8500,8586.3500
2018-03-09,8611.5500,8688.0000,8491.5000,8515.7000
2018-03-10,10039.4500,10142.5500,9924.8500,9950.9000
2018-03-12,8582.9000,8618.1500,8492.7000,8600.7000
2018-03-13,8594.4000,8739.8000,8593.2000,8712.1000
2018-03-14,8709.7000,8726.8000,8656.7000,8701.5500
2018-03-15,8708.2500,8796.1000,8644.8500,8670.5500
2018-03-16,8639.8000,8738.3000,8528.7000,8546.8000
2018-03-19,8606.2500,8618.1500,8490.4000,8512.9000
2018-03-20,8471.8500,8601.2000,8395.3000,8578.7000
2018-03-21,8639.2000,8674.1000,8505.5000,8525.4500
2018-03-22,8590.1500,8625.7000,8459.0000,8474.0000
2018-03-23,8378.2000,8406.0500,8280.4500,8327.4000
2018-03-26,8323.2500,8406.2500,8282.0500,8390.5000
2018-03-27,8422.3000,8491.7000,8417.7000,8452.5000
2018-03-28,8445.3000,8456.7000,8332.1500,8358.0500
2018-04-01,9535.9000,9649.0500,9476.4500,9633.6000
2018-04-02,8424.4000,8637.4000,8385.3000,8620.8500
2018-04-03,8583.1000,8701.5500,8568.5500,8664.7000
2018-04-04,8716.3500,8732.0500,8545.6500,8569.5000
2018-04-05,8637.5500,8732.9500,8621.1500,8655.6500
2018-04-06,8263.7000,8323.5000,8176.8000,8205.8000
2018-04-07,9355.1000,9460.9500,9337.7000,9399.6000
2018-04-09,8785.8500,8841.5500,8721.0500,8738.1500
2018-04-10,9869.3500,9918.3500,9496.0000,9630.7500
2018-04-11,8752.9500,8789.2500,8691.6500,8761.8000
2018-04-12,9071.9000,9157.6000,9040.8500,9064.4000
2018-04-13,8694.7000,8787.1000,8678.0500,8730.6000
2018-04-16,8707.9000,8877.1000,8696.2500,8867.2000
2018-04-17,8890.6000,8893.9500,8803.4500,8827.7500
2018-04-18,8858.7500,8904.1000,8772.8000,8790.0000
2018-04-19,8833.1500,8848.1500,8768.9000,8829.7500
2018-04-20,8813.4000,8846.3500,8769.3500,8819.8000
2018-04-23,8781.1000,8976.8000,8781.1000,8949.9000
2018-04-24,8988.7000,9092.7000,8950.2000,8984.1500
2018-04-25,8964.2000,8973.4500,8859.8000,8901.1500
2018-04-26,8914.4000,8996.5500,8883.1000,8896.6000
2018-04-27,8955.7500,9022.0500,8914.6500,8987.4000
2018-04-30,9030.4500,9090.8500,9017.9500,9060.7000
2018-05-01,9666.2500,9717.1500,9614.2000,9701.0500
2018-05-02,8910.9000,9095.9000,8859.6500,9069.5000
2018-05-03,8888.8500,8905.5500,8770.8000,8855.8000
2018-05-04,8637.5500,8732.9500,8621.1500,8655.6500
2018-05-06,8226.6500,8232.0500,8019.3000,8117.7500
2018-05-07,8828.7500,8848.3500,8674.2000,8774.4000
2018-05-08,8812.9500,8882.3500,8734.9500,8753.2500
2018-05-09,8754.0500,8766.0500,8693.5000,8704.1000
2018-05-10,9578.1000,9776.4500,9498.2000,9547.3500
2018-05-11,8555.4000,8565.4500,8403.3500,8445.7000
2018-05-12,9049.6000,9075.9500,8717.4000,8812.2000
2018-05-14,8458.3500,8598.0500,8438.0000,8462.0500
2018-05-15,8449.5000,8520.5500,8313.0000,8401.1500
2018-05-16,8383.2000,8425.1000,8287.1000,8399.1000
2018-05-17,8417.0000,8461.2500,8328.8500,8403.0000
2018-05-18,8441.7000,8443.7500,8195.3500,8211.8500
2018-05-21,8211.3500,8218.1500,7956.0500,7983.2000
2018-05-22,7993.2500,8152.1000,7900.3500,8118.9000
2018-05-23,8100.8500,8239.3500,8050.0000,8069.7000
2018-05-24,8115.0500,8231.6500,8063.3000,8207.0000
2018-05-25,8247.6500,8320.1000,8156.3500,8297.2500
2018-05-28,8404.2500,8553.6000,8381.3000,8498.2000
2018-05-29,8464.8000,8556.3000,8381.5000,8410.4500
2018-05-30,8341.3500,8411.1500,8297.7500,8321.1000
2018-05-31,8351.0000,8355.3500,8181.3000,8220.2500
2018-06-01,8248.7000,8297.8000,8181.6000,8213.2000
2018-06-02,8773.1000,8962.7500,8729.1000,8871.2500
2018-06-03,8945.8500,8955.6000,8723.8000,8749.5500
2018-06-04,8657.9500,8808.5500,8643.9000,8772.4000
2018-06-05,8226.6500,8232.0500,8019.3000,8117.7500
2018-06-06,8126.9000,8245.1000,8078.3000,8233.6500
2018-06-07,9273.2500,9360.0000,9159.0000,9189.9000
2018-06-08,9551.2000,9597.4000,9396.4500,9408.6000
2018-06-09,10371.5000,10595.5500,10333.5000,10583.1500
2018-06-11,8624.7000,8780.7500,8610.9500,8647.1500
2018-06-12,8669.3000,8902.6000,8665.4500,8870.4500
2018-06-13,8949.9000,9084.3500,8914.2000,8948.9500
2018-06-14,8964.3500,9133.4500,8923.2500,9112.4500
2018-06-15,9159.4000,9352.2000,9151.4500,9316.2500
2018-06-18,9314.9000,9390.5500,9190.0500,9319.3000
2018-06-19,9323.4000,9424.1500,9234.3000,9253.9500
2018-06-20,9292.4000,9371.5500,9204.8000,9291.3500
2018-06-21,9343.5500,9345.8500,9177.5000,9198.8000
2018-06-22,9195.4000,9389.0000,9082.2500,9360.9000
2018-06-25,9360.7500,9469.9000,9260.6500,9286.8000
2018-06-26,9275.6500,9305.4000,9228.4000,9247.7500
2018-06-27,9277.6500,9305.1000,9179.5000,9263.4500
2018-06-28,9268.1000,9344.1500,9119.7000,9149.4000
2018-06-29,9172.8000,9218.6000,9083.5000,9173.1500
2018-07-02,9198.9000,9223.7500,9092.3000,9133.9000
2018-07-03,9157.2500,9348.3500,9079.6000,9325.3000
2018-07-04,9355.1000,9460.9500,9337.7000,9399.6000
2018-07-05,8828.7500,8848.3500,8674.2000,8774.4000
2018-07-06,9273.2500,9360.0000,9159.0000,9189.9000
2018-07-08,9462.8000,9462.8000,9327.7500,9371.0500
2018-07-09,9241.5000,9336.7500,9236.5000,9307.6000
2018-07-10,9343.9000,9356.5000,9225.3500,9276.1000
2018-07-11,9258.9000,9330.5500,9208.0500,9228.7000
2018-07-12,9271.8500,9348.3000,9198.6000,9244.1000
2018-07-13,9255.5500,9275.8000,9142.2000,9164.0000
2018-07-16,9132.3000,9132.3000,8753.9000,8786.4000
2018-07-17,8785.3000,8955.5500,8743.8500,8926.1000
2018-07-18,8970.1000,8997.1000,8833.4000,8885.6500
2018-07-19,8910.8000,8914.8500,8724.6500,8749.9000
2018-07-20,8752.1500,8914.5000,8727.7000,8895.2500
2018-07-23,8917.4500,8951.6500,8858.1500,8937.4000
2018-07-24,8943.9500,9063.6500,8929.4500,9049.0500
2018-07-25,9089.0000,9098.4500,8942.4000,8969.2500
2018-07-26,8938.0000,9054.0500,8908.6000,8994.6500
2018-07-27,9021.7000,9106.4000,8982.2500,9039.0000
2018-07-30,9021.9000,9156.7000,8978.4000,9115.5500
2018-07-31,9125.8000,9210.7500,9088.0000,9179.4000
2018-08-01,9190.4500,9313.0500,9168.5000,9301.7000
2018-08-02,9308.9000,9518.7000,9302.5500,9424.6500
2018-08-03,8672.6500,8696.5500,8499.8500,8586.3500
2018-08-05,8812.9500,8882.3500,8734.9500,8753.2500
2018-08-06,9551.2000,9597.4000,9396.4500,9408.6000
2018-08-07,9462.8000,9462.8000,9327.7500,9371.0500
2018-08-08,9379.0000,9442.3500,9275.5500,9307.2500
2018-08-09,9345.9500,9434.1500,9199.2500,9249.9500
2018-08-10,9503.0500,9644.3500,9384.2000,9505.8000
2018-08-13,9117.3500,9245.1500,9094.2500,9186.6000
2018-08-14,9205.9000,9529.4500,9147.6000,9481.1500
2018-08-16,9519.5000,9613.0000,9474.7000,9595.3500
2018-08-17,9643.6500,9780.9500,9639.9000,9693.8500
2018-08-20,9725.7000,9824.4000,9723.3500,9799.1500
2018-08-21,9839.8000,9992.7500,9745.0500,9950.5000
2018-08-23,10017.4000,10142.4500,9999.4500,10076.8000
2018-08-24,10083.3000,10086.3500,9879.0000,10061.1000
2018-08-27,10113.9500,10152.7000,10028.2500,10094.2000
2018-08-28,10132.5000,10243.2000,10030.2500,10050.1000
2018-08-29,10062.7000,10136.4000,9980.8500,10008.9000
2018-08-30,10024.7000,10148.3000,10001.3500,10120.5500
2018-08-31,10157.2500,10445.0500,10155.1500,10390.9500
2018-09-01,9866.5500,9875.7000,9747.0000,9770.2000
2018-09-02,9052.8000,9245.9000,9044.3000,9222.5500
2018-09-03,8611.5500,8688.0000,8491.5000,8515.7000
2018-09-04,10383.5500,10422.4500,10119.8000,10205.5500
2018-09-05,8754.0500,8766.0500,8693.5000,8704.1000
2018-09-06,10371.5000,10595.5500,10333.5000,10583.1500
2018-09-07,10475.7500,10704.6000,10361.8000,10661.2500
2018-09-08,9345.9500,9434.1500,9199.2500,9249.9500
2018-09-10,9543.9500,9724.4000,9414.8500,9638.7500
2018-09-11,9554.3500,9682.3000,9513.9500,9643.9000
2018-09-12,10266.3000,10417.4000,10152.4500,10391.6000
2018-09-14,10534.9500,10673.1000,10499.4000,10652.8500
2018-09-17,10634.0000,10739.7000,10474.4000,10504.1500
2018-09-18,10524.8500,10652.8500,10433.7000,10465.4000
2018-09-19,10559.5500,10636.8500,10341.7000,10456.9500
2018-09-21,10542.9500,10605.3500,9861.3500,10252.3500
2018-09-24,10328.9500,10375.2000,9952.2000,9994.7500
2018-09-25,10007.7000,10269.3500,9992.8500,10245.1500
2018-09-26,10335.2000,10440.4000,10213.3500,10289.3000
2018-09-27,10314.6000,10336.0500,10077.1500,10092.4500
2018-09-28,10111.7000,10149.4500,9881.5500,9972.4500
2018-10-01,9987.4000,10067.5500,9775.7000,10034.4000
2018-10-03,10039.4500,10142.5500,9924.8500,9950.9000
2018-10-04,9869.3500,9918.3500,9496.0000,9630.7500
2018-10-05,9578.1000,9776.4500,9498.2000,9547.3500
2018-10-07,9343.9000,9356.5000,9225.3500,9276.1000
2018-10-08,9503.0500,9644.3500,9384.2000,9505.8000
2018-10-09,9543.9500,9724.4000,9414.8500,9638.7500
2018-10-10,9672.3000,9828.3000,9647.5000,9771.3500
2018-10-11,9531.6500,9725.7000,9452.1000,9488.6500
2018-10-12,8539.1000,8615.8500,8504.9000,8535.3000
2018-10-15,9559.2000,9793.2000,9519.0000,9774.1000
2018-10-16,9805.1000,9881.1000,9727.3000,9836.7500
2018-10-17,9911.2500,9925.0500,9652.9500,9686.4000
2018-10-19,9657.7500,9805.3000,9549.9000,9650.3000
2018-10-22,9704.8500,9751.8000,9631.6500,9646.6500
2018-10-23,9612.6500,9633.9500,9335.2500,9368.2500
2018-10-24,9441.6500,9494.0500,9232.9000,9334.4000
2018-10-25,9246.7000,9345.3500,9118.2500,9142.7000
2018-10-26,9182.3000,9191.0000,9021.2000,9115.1000
2018-10-29,9172.1500,9612.9500,9168.8500,9590.4000
2018-10-30,9583.8000,9626.5500,9492.0000,9535.3000
2018-10-31,9473.0500,9778.2500,9436.7000,9757.5000
2018-11-01,9765.9000,9801.9500,9589.1500,9609.1500
2018-11-02,9652.2000,9690.9500,9520.9500,9547.8500
2018-11-04,8752.9500,8789.2500,8691.6500,8761.8000
2018-11-05,8555.4000,8565.4500,8403.3500,8445.7000
2018-11-06,8624.7000,8780.7500,8610.9500,8647.1500
2018-11-07,9258.9000,9330.5500,9208.0500,9228.7000
2018-11-09,10502.8000,10577.8500,10244.3500,10279.0500
2018-11-10,9531.6500,9725.7000,9452.1000,9488.6500
2018-11-12,9683.9000,9730.8500,9539.7500,9557.5000
2018-11-13,9568.2000,9603.2500,9327.0500,9422.5500
2018-11-14,9437.4000,9447.8500,9153.4000,9216.1500
2018-11-15,9233.9500,9305.9000,9162.5500,9218.5500
2018-11-16,9256.8500,9358.7000,9230.2000,9301.3500
2018-11-19,9386.2000,9416.1500,9310.4500,9399.2500
2018-11-20,9363.7500,9383.8000,9200.9500,9218.7000
2018-11-21,9314.0000,9415.8500,9305.9500,9375.1000
2018-11-22,9373.1500,9381.5500,9287.2500,9302.3000
2018-11-26,9323.4000,9352.4000,9104.0000,9180.5000
2018-11-27,9249.2000,9274.4000,8977.5000,9058.4500
2018-11-28,9014.9500,9090.9500,8965.8500,9014.8000
2018-11-29,9048.6500,9127.9500,9015.8500,9090.6500
2018-11-30,9118.8500,9289.5500,9107.7000,9275.7000
2018-12-01,9795.8500,9825.2000,9656.0000,9741.8500
2018-12-02,9298.0500,9453.7500,9271.0000,9339.9500
2018-12-03,9108.0500,9150.4000,8985.1500,9053.4000
2018-12-04,8752.6000,8752.6000,8669.2000,8685.0500
2018-12-05,9049.6000,9075.9500,8717.4000,8812.2000
2018-12-06,8669.3000,8902.6000,8665.4500,8870.4500
2018-12-07,9271.8500,9348.3000,9198.6000,9244.1000
2018-12-09,10266.3000,10417.4000,10152.4500,10391.6000
2018-12-10,8539.1000,8615.8500,8504.9000,8535.3000
2018-12-11,9683.9000,9730.8500,9539.7500,9557.5000
2018-12-12,8779.4000,8859.4500,8691.0000,8801.5000
2018-12-13,8794.2500,8870.0500,8720.7000,8810.8000
2018-12-14,8803.9000,8860.4500,8660.4000,8726.4000
2018-12-17,8775.3500,8829.8000,8746.5000,8771.3000
2018-12-18,8748.2500,8853.1000,8716.0000,8840.4000
2018-12-19,8864.0000,8893.8500,8804.9000,8823.4500
2018-12-20,8782.9000,8877.8500,8774.7000,8853.8000
2018-12-21,8851.9000,8913.6500,8741.2500,8774.0500
2018-12-24,8804.6000,8850.9000,8699.4500,8726.3500
2018-12-26,8694.1500,8710.6500,8549.4000,8684.8500
2018-12-27,8774.8500,8779.2500,8653.8500,8665.7500
2018-12-28,8700.3000,8840.4500,8698.0500,8814.2000
2018-12-31,8866.9500,8905.3000,8824.2000,8868.7000
2019-01-01,8890.5500,8929.7000,8852.6500,8881.9500
2019-01-02,8810.6500,8991.9500,8806.4000,8969.5500
2019-01-03,8909.0000,8993.8000,8882.2000,8972.6500
2019-01-04,9367.6000,9416.9500,9353.6500,9375.4000
2019-01-07,8840.6000,8847.1500,8711.5000,8732.6500
2019-01-08,8764.1000,8873.1500,8754.1500,8864.7500
2019-01-09,8898.5000,8930.4500,8831.8000,8906.7000
2019-01-10,8878.7000,8945.2500,8866.3500,8934.8000
2019-01-11,7902.7500,7979.5500,7894.2000,7949.4500
2019-01-14,8915.7000,8961.2500,8879.7000,8949.3000
2019-01-15,8984.9500,9035.4000,8958.6000,9027.5000
2019-01-16,9019.4000,9069.5000,8989.7500,9054.2000
2019-01-17,9069.6000,9097.5500,8905.4000,8930.5000
2019-01-18,8911.7500,8912.5500,8616.8500,8689.6000
2019-01-21,8694.2000,8833.7000,8694.2000,8734.7000
2019-01-22,8791.8500,8903.3000,8783.0500,8892.6000
2019-01-23,8905.2000,8969.5000,8855.1000,8946.2000
2019-01-24,8956.4500,9001.0500,8845.9500,8894.5000
2019-01-25,8928.8000,8960.6500,8851.7500,8891.0000
2019-01-28,8886.1500,8886.1500,8638.2500,8663.9000
2019-01-29,8635.1500,8786.5500,8562.3500,8756.9000
2019-01-30,8771.5000,8784.0000,8692.9000,8734.6000
2019-01-31,8748.4500,8866.5500,8713.8000,8825.3500
2019-02-01,8810.6500,8991.9500,8806.4000,8969.5500
2019-02-04,9419.2500,9425.9500,9272.4000,9296.9500
2019-02-05,9379.1500,9419.7000,9271.8500,9291.3000
2019-02-06,8803.4000,8955.0000,8703.4000,8906.9000
2019-02-07,8185.4000,8198.3000,8068.0000,8101.6500
2019-02-08,9060.8000,9060.8000,8921.6000,8984.8500
2019-02-11,8924.9500,8957.3000,8772.6000,8838.0000
2019-02-12,8839.9000,8948.0500,8795.2500,8904.9500
2019-02-13,9000.1000,9009.1500,8803.5500,8839.7500
2019-02-14,8835.5000,8944.6500,8809.7000,8920.9000
2019-02-15,8890.9500,8893.4500,8252.1000,8643.3000
2019-02-18,8703.6000,8744.2500,8560.5000,8573.9500
2019-02-19,8611.1000,8636.9500,8539.7500,8552.7000
2019-02-20,8600.9500,8621.0000,8551.4500,8606.3500
2019-02-21,8632.2500,8721.9500,8606.0500,8706.3500
2019-02-22,8718.6000,8778.4000,8698.8500,8772.6000
2019-02-25,8795.3500,8858.2000,8738.1000,8816.2000
2019-02-26,8733.9500,8869.8000,8659.1000,8829.4500
2019-02-27,8859.5500,8975.4000,8799.4500,8866.2000
2019-02-28,8918.9500,8934.4000,8871.4000,8884.8500
2019-03-01,8909.0000,8993.8000,8882.2000,8972.6500
2019-03-04,9312.2500,9341.2500,9163.5000,9180.3000
2019-03-05,8975.2000,9066.4000,8937.9000,9054.6500
2019-03-06,8459.8500,8547.3500,8371.9500,8536.6000
2019-03-07,8120.7500,8120.7500,8032.2500,8092.2000
2019-03-08,9038.8500,9085.2000,9007.8000,9021.8500
2019-03-09,8032.9000,8104.7000,7939.7000,7976.4500
2019-03-10,7418.8000,7497.3000,7323.3000,7461.7500
2019-03-11,9052.9500,9168.4500,9047.1500,9155.0500
2019-03-12,8167.6000,8172.3000,8027.0500,8044.8500
2019-03-13,9298.7000,9318.1500,9070.6000,9100.2500
2019-03-14,9102.1000,9209.2000,9077.3500,9184.9000
2019-03-15,9203.9500,9256.2500,9178.6000,9221.7500
2019-03-18,9224.0500,9240.9000,9133.8000,9204.9500
2019-03-19,9230.7000,9312.2000,9216.3000,9244.6000
2019-03-20,9259.3000,9300.8000,9231.6500,9264.5000
2019-03-22,9298.5000,9338.3000,9188.1000,9199.3500
2019-03-25,9159.9500,9181.8000,9081.5500,9170.1500
2019-03-26,9210.6000,9259.7000,9164.4000,9245.0000
2019-03-27,9267.4000,9322.0500,9120.3000,9148.8000
2019-03-28,9172.2000,9235.2500,9126.9000,9199.4000
2019-03-29,9243.1000,9366.6500,9240.8000,9346.5500
2019-04-01,9367.6000,9416.9500,9353.6500,9375.4000
2019-04-02,9419.2500,9425.9500,9272.4000,9296.9500
2019-04-03,9312.2500,9341.2500,9163.5000,9180.3000
2019-04-04,9193.3000,9278.7000,9181.6500,9263.4000
2019-04-05,9314.3000,9332.1000,9259.4500,9271.5500
2019-04-06,8524.8000,8602.0500,8342.8500,8432.9500
2019-04-07,8099.4500,8138.9000,8035.1500,8046.8000
2019-04-08,9292.1000,9329.4000,9219.0000,9243.9000
2019-04-09,7931.6000,7985.0000,7768.0000,7967.6500
2019-04-10,9308.2000,9520.3000,9305.5000,9407.9000
2019-04-11,7983.6000,8030.1500,7925.2500,7966.8500
2019-04-12,9398.2500,9448.4500,9383.7500,9426.4500
2019-04-15,9431.8000,9447.4500,9358.7500,9417.7500
2019-04-16,9460.1000,9474.1000,9410.2000,9417.8000
2019-04-18,9442.5500,9450.9500,9338.6500,9409.9000
2019-04-22,9392.2500,9410.6500,9260.9500,9285.4500
2019-04-23,9294.0000,9422.0000,9290.5500,9388.8000
2019-04-24,9383.4000,9474.6000,9358.3500,9459.0000
2019-04-25,9435.4500,9534.5500,9423.5000,9442.5500
2019-04-26,9493.6000,9578.4000,9440.1500,9461.7000
2019-04-30,9468.6000,9471.8500,9307.2000,9402.5000
2019-05-02,9379.1500,9419.7000,9271.8500,9291.3000
2019-05-03,8975.2000,9066.4000,8937.9000,9054.6500
2019-05-04,9314.3000,9332.1000,9259.4500,9271.5500
2019-05-06,9121.3500,9226.8500,9110.9500,9189.7500
2019-05-07,8058.6500,8082.7000,7911.2000,7926.5000
2019-05-08,9144.1000,9146.7500,8973.4000,9003.3500
2019-05-09,8963.5500,9011.6000,8881.6000,8976.9000
2019-05-10,8964.7000,9012.7500,8914.9500,8944.6000
2019-05-11,7960.3500,8003.8500,7847.8500,7879.5500
2019-05-12,8104.3500,8115.2500,8030.1500,8051.8500
2019-05-13,8904.8000,8906.4000,8244.6500,8553.5000
2019-05-14,8573.6500,8762.2000,8516.1000,8683.9000
2019-05-15,8690.7000,8756.5500,8562.7500,8595.7500
2019-05-16,8592.1000,8606.8000,8293.0500,8577.3500
2019-05-17,8540.9000,8542.7000,8387.9000,8448.9500
2019-05-20,8640.0000,8675.3000,8415.2500,8505.9500
2019-05-21,8517.0000,8725.8000,8471.6000,8488.2500
2019-05-22,8498.0500,8584.9500,8413.3000,8510.8500
2019-05-23,8613.3000,8626.1000,8472.2000,8497.6000
2019-05-24,8529.4000,8620.2000,8515.6500,8608.4500
2019-05-27,8593.8000,8607.4500,8493.4500,8525.0000
2019-05-28,8552.3500,8599.1500,8492.4000,8513.8500
2019-05-29,8554.5000,8567.0500,8431.6000,8484.6500
2019-05-30,8479.6500,8531.3000,8459.8000,8474.7000
2019-05-31,8503.3000,8544.2500,8403.6000,8455.1000
2019-06-02,8803.4000,8955.0000,8703.4000,8906.9000
2019-06-03,9088.4500,9193.0500,9026.6000,9155.0000
2019-06-04,8524.8000,8602.0500,8342.8500,8432.9500
2019-06-05,9121.3500,9226.8500,9110.9500,9189.7500
2019-06-06,8464.3500,8466.5000,8262.1000,8279.1000
2019-06-07,8274.7000,8289.8500,8096.5500,8179.6000
2019-06-08,7790.9000,7905.9000,7783.7500,7818.5000
2019-06-09,8028.5000,8084.6500,7966.2000,8068.7500
2019-06-10,8215.0500,8265.4000,8185.4000,8246.7000
2019-06-11,7877.0000,8061.9500,7861.6500,7926.3500
2019-06-12,8091.2000,8152.2500,7942.0000,7957.5500
2019-06-13,8163.4500,8193.7000,8062.5500,8148.5500
2019-06-14,8138.0500,8142.9500,7954.6000,8083.5500
2019-06-17,8098.3000,8131.2000,7962.5000,7975.2500
2019-06-18,7980.1500,8032.3500,7878.8000,7916.9500
2019-06-19,7943.4500,7958.1000,7753.7500,7790.5000
2019-06-20,7758.8000,8043.3000,7737.0000,8029.0000
2019-06-21,8011.5000,8033.3000,7895.1000,7911.5500
2019-06-24,7921.5500,7935.7500,7867.8000,7902.0000
2019-06-25,7889.3000,7961.5500,7847.1000,7947.2000
2019-06-26,7927.5000,8121.2500,7915.0000,8086.3000
2019-06-27,8080.1500,8140.9500,8018.2500,8088.0000
2019-06-28,8116.8000,8202.6500,8031.3500,8065.1500
2019-07-01,8840.6000,8847.1500,8711.5000,8732.6500
2019-07-02,8937.9500,9088.5500,8937.9500,9056.1500
2019-07-03,9129.6500,9209.1500,9021.5000,9045.6500
2019-07-04,8099.4500,8138.9000,8035.1500,8046.8000
2019-07-05,8058.6500,8082.7000,7911.2000,7926.5000
2019-07-06,8274.7000,8289.8500,8096.5500,8179.6000
2019-07-08,7862.8000,7922.0000,7791.1000,7801.7500
2019-07-09,7810.1500,8053.4500,7795.2500,8012.0500
2019-07-10,8011.8000,8060.7000,7963.2500,8009.5000
2019-07-11,7942.3000,7982.0000,7871.0000,7966.0000
2019-07-12,8132.4000,8189.0000,8083.9000,8144.3000
2019-07-15,8198.7500,8276.5500,8151.7500,8231.8500
2019-07-16,8227.3500,8360.1500,8194.9000,8347.9500
2019-07-17,8351.9500,8363.7500,8288.5000,8330.7500
2019-07-18,8328.0000,8329.9500,8207.2000,8223.1500
2019-07-19,8253.7500,8288.0000,8029.9500,8040.1000
2019-07-22,8028.5000,8189.2000,7976.0500,8120.8500
2019-07-23,8142.0500,8165.0500,8043.2500,8063.6500
2019-07-24,8057.1500,8071.2500,7890.2000,7920.6500
2019-07-25,7942.5000,8116.6000,7931.4000,8094.3500
2019-07-26,8113.4000,8210.1000,8050.0500,8178.9000
2019-07-29,8177.1500,8184.0000,7994.1500,8039.8000
2019-07-30,8039.4500,8205.2500,7853.6000,7877.7500
2019-07-31,7857.6000,7999.6000,7801.8500,7987.5000
2019-08-01,8764.1000,8873.1500,8754.1500,8864.7500
2019-08-02,9060.8000,9060.8000,8921.6000,8984.8500
2019-08-03,9038.8500,9085.2000,9007.8000,9021.8500
2019-08-04,9292.1000,9329.4000,9219.0000,9243.9000
2019-08-05,9144.1000,9146.7500,8973.4000,9003.3500
2019-08-06,7790.9000,7905.9000,7783.7500,7818.5000
2019-08-07,7833.7000,7959.9500,7823.7500,7879.7500
2019-08-08,7919.1000,7994.1000,7854.2000,7964.8000
2019-08-09,8014.9500,8049.1000,7896.4000,7924.0500
2019-08-11,7955.5500,7958.1500,7771.0000,7787.4000
2019-08-13,7909.3000,7984.8500,7789.1500,7851.9500
2019-08-14,7859.1000,7866.2000,7550.5500,7744.3000
2019-08-16,7738.3500,7756.6000,7636.2000,7684.3000
2019-08-19,7770.3000,7851.1500,7727.5500,7741.3500
2019-08-20,7764.8500,7772.1000,7676.4500,7749.7000
2019-08-21,7732.9500,7765.0000,7660.6500,7677.2500
2019-08-22,7667.8000,7746.3500,7630.2000,7670.8500
2019-08-23,7669.0000,7793.0000,7554.7000,7780.5500
2019-08-26,7834.9500,7858.0000,7690.7500,7824.3000
2019-08-27,7869.2500,7896.3000,7804.2000,7812.1000
2019-08-28,7824.5000,7897.1000,7701.3500,7738.6500
2019-08-29,7802.0000,7933.4500,7742.1500,7912.5000
2019-08-30,7916.3000,8112.5500,7875.8500,8072.0500
2019-09-01,8898.5000,8930.4500,8831.8000,8906.7000
2019-09-03,8032.9000,8104.7000,7939.7000,7976.4500
2019-09-04,7931.6000,7985.0000,7768.0000,7967.6500
2019-09-05,7998.9500,8086.5500,7969.1000,8071.7500
2019-09-06,8028.5000,8084.6500,7966.2000,8068.7500
2019-09-07,7810.1500,8053.4500,7795.2500,8012.0500
2019-09-08,8014.9500,8049.1000,7896.4000,7924.0500
2019-09-09,8067.4000,8130.9000,8047.5000,8077.9000
2019-09-10,7154.7000,7256.1000,7047.1000,7235.6000
2019-09-11,8107.6500,8157.8500,8053.1000,8082.9000
2019-09-12,8113.2500,8168.5000,8040.2500,8102.1500
2019-09-13,8141.4000,8141.7000,7974.6500,8033.0500
2019-09-16,8005.3000,8119.4000,7978.1500,8070.6500
2019-09-17,8082.0500,8106.0000,7919.2000,7933.8500
2019-09-18,7973.9500,7984.0500,7882.5500,7923.4500
2019-09-19,7922.4000,7938.7500,7777.7500,7799.6000
2019-09-20,7839.5500,8018.4000,7745.5500,7983.5500
2019-09-23,8063.1000,8073.7000,7802.3000,7857.2500
2019-09-24,7831.0000,7976.1500,7773.8500,7891.9500
2019-09-25,7860.9000,7887.5000,7759.7500,7789.7000
2019-09-26,7818.7000,7871.1500,7788.6000,7857.3000
2019-09-27,7837.2500,7842.9500,7683.2500,7695.3000
2019-09-30,7688.1500,7692.9500,7509.1000,7547.7500
2019-10-01,7552.3500,7601.4000,7388.6000,7466.4500
2019-10-03,7418.8000,7497.3000,7323.3000,7461.7500
2019-10-04,9308.2000,9520.3000,9305.5000,9407.9000
2019-10-05,8964.7000,9012.7500,8914.9500,8944.6000
2019-10-06,8215.0500,8265.4000,8185.4000,8246.7000
2019-10-07,8011.8000,8060.7000,7963.2500,8009.5000
2019-10-09,7154.7000,7256.1000,7047.1000,7235.6000
2019-10-10,7200.2500,7272.8000,7130.5000,7235.6000
2019-10-11,7256.6000,7292.7000,7115.6500,7278.4500
2019-10-12,7983.7500,8016.9500,7926.0000,7940.5000
2019-10-14,7296.0500,7411.8000,7281.8500,7361.7000
2019-10-15,7371.7500,7434.0500,7349.2500,7420.6500
2019-10-16,7448.0500,7486.0000,7387.9000,7475.3500
2019-10-17,7480.1500,7545.3500,7428.6500,7533.4500
2019-10-18,7530.6500,7651.9500,7500.5000,7608.1500
2019-10-22,7607.9500,7799.4000,7597.7000,7746.1500
2019-10-23,7760.6500,7785.8000,7711.9500,7761.8500
2019-10-24,7770.3000,7800.2500,7652.5000,7728.1500
2019-10-25,7719.4500,7757.1000,7591.7000,7736.5500
2019-10-27,7741.5000,7776.7500,7729.9500,7743.5500
2019-10-29,7745.6000,7852.3000,7722.2500,7824.6000
2019-10-30,7871.4000,7871.4000,7771.7500,7819.3500
2019-10-31,7840.6500,7923.5000,7829.5500,7878.1500
2019-11-01,8943.6000,8968.6500,8867.4500,8902.4500
2019-11-02,8924.9500,8957.3000,8772.6000,8838.0000
2019-11-03,9052.9500,9168.4500,9047.1500,9155.0500
2019-11-04,7983.6000,8030.1500,7925.2500,7966.8500
2019-11-05,7960.3500,8003.8500,7847.8500,7879.5500
2019-11-06,8237.8500,8277.3000,8114.5000,8243.5000
2019-11-07,7942.3000,7982.0000,7871.0000,7966.0000
2019-11-08,7955.5500,7958.1500,7771.0000,7787.4000
2019-11-09,8107.6500,8157.8500,8053.1000,8082.9000
2019-11-10,7256.6000,7292.7000,7115.6500,7278.4500
2019-11-11,7728.5500,7807.6000,7675.0000,7784.9000
2019-11-12,7958.4000,7980.9000,7909.9000,7967.8500
2019-11-13,7795.3000,7853.0000,7642.0000,7660.4500
2019-11-14,7634.4000,7655.6000,7553.0500,7591.4500
2019-11-15,7620.4500,7769.3000,7554.5000,7720.6000
2019-11-18,7757.9500,7881.0500,7750.9500,7816.5500
2019-11-19,7839.6500,7881.9000,7823.7500,7851.4500
2019-11-20,7866.0000,8187.1000,7843.6500,8107.6000
2019-11-21,8107.8000,8153.0000,8058.4500,8068.9500
2019-11-22,8076.7000,8162.1000,7995.0500,8067.2000
2019-11-25,8072.1500,8226.8000,8047.8000,8211.5500
2019-11-26,8242.8000,8298.4000,8132.2500,8177.8500
2019-11-27,8178.2500,8267.6500,8165.2000,8246.1000
2019-11-28,8247.1000,8288.5500,8216.7500,8273.6500
2019-11-29,8286.2500,8320.2500,8159.2000,8189.9500
2019-12-02,8195.4500,8198.9500,8056.2000,8128.9500
2019-12-03,8167.6000,8172.3000,8027.0500,8044.8500
2019-12-04,8032.0000,8132.0500,8021.8000,8121.5000
2019-12-05,8104.3500,8115.2500,8030.1500,8051.8500
2019-12-06,8091.2000,8152.2500,7942.0000,7957.5500
2019-12-07,8132.4000,8189.0000,8083.9000,8144.3000
2019-12-09,7987.5000,8043.5500,7936.7000,7960.3500
2019-12-10,7983.7500,8016.9500,7926.0000,7940.5000
2019-12-11,7958.4000,7980.9000,7909.9000,7967.8500
2019-12-12,7991.1500,8073.6000,7973.8500,8045.3500
2019-12-13,8050.6000,8066.0000,7947.8000,8045.0500
2019-12-16,8017.9500,8091.3000,7990.1000,8025.8500
2019-12-17,8037.3500,8068.2000,7973.7000,7999.6000
2019-12-18,8013.4500,8100.4000,7988.2000,8091.1000
2019-12-19,8087.5000,8128.0000,8024.6500,8073.0500
2019-12-20,8059.6000,8090.1500,8038.8000,8049.4500
2019-12-23,8043.0500,8096.0000,8020.8000,8051.5000
2019-12-24,8060.4000,8083.2500,8020.8500,8073.8000
2019-12-26,8079.6500,8097.7500,7985.7500,7997.6000
2019-12-27,8013.7500,8075.5500,8010.3500,8068.0500
2019-12-30,8086.5500,8125.0500,8071.2500,8083.1000
2019-12-31,8082.2000,8121.4500,8028.5500,8040.1500
2020-01-01,8060.3000,8076.6500,8018.9500,8047.1000
2020-01-02,8056.7500,8102.4000,8027.1500,8053.9500
2020-01-03,8053.0000,8189.8000,8026.3000,8111.9500
2020-01-04,7206.2000,7208.2500,6991.6000,7026.7000
2020-01-06,9844.2000,9872.4000,9677.9500,9802.1000
2020-01-07,8014.1000,8087.6500,7973.9500,8036.5000
2020-01-08,7975.7000,8041.6000,7960.0500,7996.1500
2020-01-09,11103.6500,11401.5000,11052.4000,11339.5000
2020-01-10,8048.5500,8171.2000,8044.3500,8058.5000
2020-01-12,12021.0000,12085.9500,11875.6000,12045.1500
2020-01-13,8082.3000,8141.3000,8042.6500,8078.4500
2020-01-14,8104.1500,8136.4000,8081.3000,8117.0000
2020-01-15,8135.7500,8178.8500,8080.3500,8166.2000
2020-01-16,8188.0500,8223.8500,8175.3500,8203.1000
2020-01-17,8208.3000,8371.6000,8200.0000,8345.3000
2020-01-20,8353.7000,8375.2000,8251.0000,8269.3500
2020-01-21,8249.1500,8313.4500,8214.5500,8274.2000
2020-01-22,8295.0000,8372.3000,8245.4500,8256.6500
2020-01-23,8245.9500,8322.4500,8208.5500,8300.2000
2020-01-24,8291.7500,8349.2500,8273.9500,8294.0500
2020-01-27,8270.0500,8471.8000,8240.1000,8416.3500
2020-01-28,8427.8000,8513.1500,8395.6500,8420.2500
2020-01-29,8446.2000,8492.4500,8361.2500,8412.8000
2020-01-30,8426.2500,8438.2000,8207.6000,8237.0500
2020-01-31,8256.2000,8299.3500,8122.9500,8138.6000
2020-02-01,8056.7500,8102.4000,8027.1500,8053.9500
2020-02-03,7675.5500,7768.0000,7463.0500,7535.1000
2020-02-04,8002.6500,8166.8000,7967.8000,8122.4000
2020-02-05,8151.2000,8185.0000,8091.6000,8125.6000
2020-02-06,8194.0000,8281.2500,8176.6000,8227.9000
2020-02-07,8243.0500,8363.3000,8180.0500,8341.8500
2020-02-09,11370.7500,11467.9500,11259.8000,11404.2500
2020-02-10,8340.1500,8371.2000,8235.0000,8261.2500
2020-02-11,11256.2500,11281.6000,11096.2500,11175.3000
2020-02-12,12073.3500,12137.6500,11986.5500,12088.6000
2020-02-13,8292.0000,8351.5500,8246.9500,8335.7000
2020-02-14,8349.9000,8384.1000,8294.2000,8331.7000
2020-02-17,8342.6000,8377.3500,8193.6000,8204.8500
2020-02-18,8190.8500,8213.0000,8068.2000,8198.3000
2020-02-19,8277.4000,8390.4000,8276.1500,8378.6500
2020-02-20,8401.5500,8473.8000,8348.7500,8364.3500
2020-02-24,8275.9500,8281.9500,8086.6500,8115.5500
2020-02-25,8153.8500,8153.8500,7898.3500,7938.4500
2020-02-26,7886.3500,7931.7000,7813.9500,7839.2000
2020-02-27,7824.5000,7903.5500,7740.9500,7885.1500
2020-02-28,7751.4500,7786.6000,7559.0000,7576.7500
2020-03-01,8053.0000,8189.8000,8026.3000,8111.9500
2020-03-02,7675.5500,7768.0000,7463.0500,7535.1000
2020-03-03,7606.8000,7966.1500,7603.1500,7920.6000
2020-03-04,7019.8500,7452.8000,6956.2000,7361.6000
2020-03-05,8125.9000,8281.7000,8122.6000,8146.0000
2020-03-06,7863.1000,8057.9500,7860.6000,8018.3000
2020-03-07,10020.0000,10046.1000,9927.6000,9963.4000
2020-03-08,11176.3000,11389.9500,11090.6500,11128.4000
2020-03-09,7921.2500,7999.3000,7698.2500,7756.4500
2020-03-11,11214.6000,11400.8500,11204.0500,11361.0000
2020-03-12,7408.4000,7423.9500,6868.7000,6942.5500
2020-03-13,6558.2500,7469.7000,6242.8500,7268.0000
2020-03-16,7075.3500,7406.0500,6909.6500,6959.3500
2020-03-17,7014.5000,7289.6500,6927.0500,6979.1000
2020-03-18,7135.0500,7145.4000,6666.8500,6705.7500
2020-03-19,6489.5000,6871.4000,6332.0000,6655.5000
2020-03-20,6740.2500,7088.1500,6728.7500,6951.9000
2020-03-23,6518.0000,6850.5500,6380.1000,6432.3000
2020-03-24,6589.4500,6828.3000,6532.6500,6611.0500
2020-03-25,6539.6000,6746.3000,6538.5500,6695.5500
2020-03-26,6845.2500,6963.2500,6743.0500,6775.0000
2020-03-27,6924.6000,7058.8000,6697.9500,6813.0500
2020-03-30,6708.7000,6970.5000,6608.8000,6896.0000
2020-03-31,7074.2000,7224.3500,6951.4000,7176.5000
2020-04-01,7206.2000,7208.2500,6991.6000,7026.7000
2020-04-02,8002.6500,8166.8000,7967.8000,8122.4000
2020-04-03,7019.8500,7452.8000,6956.2000,7361.6000
2020-04-05,9181.6000,9507.4500,9140.1500,9364.6000
2020-04-06,9880.8500,10114.1000,9869.6000,10077.8500
2020-04-07,7729.2500,8159.7500,7569.8500,8124.8500
2020-04-08,11179.5000,11337.7000,11056.9500,11316.9500
2020-04-09,8739.5000,9032.4000,8706.4000,8800.4500
2020-04-11,11456.7500,11681.0000,11430.6500,11608.6500
2020-04-12,12248.5500,12393.5500,12131.9000,12353.6000
2020-04-13,9000.2500,9229.6000,8852.0000,9044.3500
2020-04-15,9265.4000,9382.1500,8889.2000,9038.8000
2020-04-16,9040.9000,9251.0500,8989.8000,9199.3000
2020-04-17,9429.5000,9454.1000,9066.1000,9157.7500
2020-04-20,9176.7000,9212.5500,9004.7500,9149.2000
2020-04-21,9031.8500,9561.3500,8999.9500,9381.6500
2020-04-22,9369.4000,9513.0000,9305.7500,9377.0000
2020-04-23,9400.1500,9580.8500,9358.3500,9388.9000
2020-04-24,9358.4000,9638.7000,9305.6000,9518.4500
2020-04-27,9590.5000,9753.5000,9557.4000,9602.0500
2020-04-28,9699.2500,9701.0000,9352.0000,9386.2000
2020-04-29,9453.3000,9498.1500,9339.7500,9385.4500
2020-04-30,9522.5500,9556.5000,9253.9000,9327.1000
2020-05-02,8151.2000,8185.0000,8091.6000,8125.6000
2020-05-03,8125.9000,8281.7000,8122.6000,8146.0000
2020-05-04,9181.6000,9507.4500,9140.1500,9364.6000
2020-05-05,9493.7000,9503.7500,9157.3500,9181.5000
2020-05-06,10161.4000,10234.8000,10061.9500,10081.3000
2020-05-07,9283.2000,9373.5500,9128.9500,9148.1000
2020-05-08,9275.9000,9385.6000,9230.3500,9343.3500
2020-05-10,11881.2500,12073.4000,11748.9500,12024.0000
2020-05-11,11677.4000,11721.8500,11595.7000,11704.9500
2020-05-12,9291.1000,9368.0500,9142.8000,9246.6500
2020-05-13,9447.9500,9447.9500,9131.1500,9147.7500
2020-05-14,9146.1000,9279.6500,9103.8000,9172.2000
2020-05-15,9177.3500,9211.0000,9065.6500,9093.0000
2020-05-18,9097.6000,9201.4500,8999.8500,9092.6500
2020-05-19,9149.4500,9231.5000,9044.0500,9084.6000
2020-05-20,9098.7000,9495.5000,9074.6000,9456.8000
2020-05-21,9475.2000,9549.4000,9436.0500,9520.5500
2020-05-22,9502.3000,9619.6000,9427.2000,9600.6500
2020-05-26,9624.3000,9679.8500,9454.7500,9483.5000
2020-05-27,9528.7500,9537.8000,9416.8000,9463.7000
2020-05-28,9488.9500,9507.5500,9362.0500,9464.5000
2020-05-29,9459.2500,9812.9000,9432.6000,9768.6000
2020-06-01,9844.2000,9872.4000,9677.9500,9802.1000
2020-06-02,9869.6500,10047.3000,9814.4500,9833.6000
2020-06-03,7863.1000,8057.9500,7860.6000,8018.3000
2020-06-04,9880.8500,10114.1000,9869.6000,10077.8500
2020-06-05,9229.8500,9289.9000,9128.0500,9227.1500
2020-06-07,10002.2500,10012.9500,9852.3000,9901.2500
2020-06-08,11325.9000,11478.5000,11265.0000,11403.6500
2020-06-09,9950.5000,10227.9000,9948.7500,10122.0500
2020-06-10,12084.8000,12161.1000,11979.0500,12009.4500
2020-06-11,10097.8500,10177.3500,9893.8000,9933.4000
2020-06-12,9690.9000,9997.5000,9687.9500,9982.8000
2020-06-15,10020.7500,10171.8000,9894.7000,9989.0500
2020-06-16,10063.2500,10092.3500,9800.0500,9926.4000
2020-06-17,9956.7000,10020.2500,9915.2000,9977.2000
2020-06-18,9991.7500,10050.2000,9953.0500,9975.3000
2020-06-19,10022.9000,10098.8500,9982.4500,10002.1500
2020-06-22,10223.0500,10291.4500,10102.3000,10218.3500
2020-06-23,10300.1000,10385.2000,10217.9000,10360.8000
2020-06-24,10393.3500,10404.3500,10088.6000,10110.5000
2020-06-25,10075.5500,10239.6000,10040.6000,10193.1500
2020-06-26,10239.1000,10285.2000,10100.2500,10137.8500
2020-06-29,10132.7500,10264.9000,10115.3000,10135.9000
2020-06-30,10189.4500,10198.4000,9956.1500,9985.1500
2020-07-01,8014.1000,8087.6500,7973.9500,8036.5000
2020-07-02,9845.3500,9976.1500,9832.6500,9943.6500
2020-07-03,10020.0000,10046.1000,9927.6000,9963.4000
2020-07-04,7729.2500,8159.7500,7569.8500,8124.8500
2020-07-05,9283.2000,9373.5500,9128.9500,9148.1000
2020-07-06,10002.2500,10012.9500,9852.3000,9901.2500
2020-07-07,9924.7000,10000.9500,9866.9500,9878.0000
2020-07-08,11410.1500,11468.0000,11283.6000,11333.0000
2020-07-09,11343.1000,11415.7500,11150.7500,11269.8500
2020-07-10,12009.0500,12119.4000,11880.2500,11915.0000
2020-07-12,12376.4500,12636.9000,12314.8000,12555.9500
2020-07-13,10171.8500,10185.3500,10065.9500,10106.6000
2020-07-14,10132.6000,10203.5500,10105.3000,10155.0500
2020-07-15,10192.3000,10261.2000,10157.3000,10210.7500
2020-07-16,10234.8500,10398.5000,10166.7500,10382.3000
2020-07-17,10394.8000,10497.1500,10347.0500,10472.1500
2020-07-20,10495.1500,10495.1500,10283.2500,10304.6000
2020-07-21,10355.8500,10381.3000,10133.2500,10153.8000
2020-07-22,10199.7500,10355.5000,10110.0500,10175.2000
2020-07-23,10237.9500,10335.3000,10207.7500,10322.1500
2020-07-24,10382.3500,10476.0000,10192.2000,10237.9500
2020-07-27,10247.4000,10265.5500,9994.8000,10062.0500
2020-07-28,10065.4500,10168.5500,10033.3000,10128.0500
2020-07-29,10176.4000,10469.1000,10166.1000,10441.1500
2020-07-30,10505.3000,10788.3000,10493.5500,10766.0500
2020-07-31,10801.0500,11194.4500,10780.4500,11148.9000
2020-08-01,7975.7000,8041.6000,7960.0500,7996.1500
2020-08-03,11176.3000,11389.9500,11090.6500,11128.4000
2020-08-04,11179.5000,11337.7000,11056.9500,11316.9500
2020-08-05,11397.7000,11413.8500,11239.0500,11263.7500
2020-08-06,11325.9000,11478.5000,11265.0000,11403.6500
2020-08-07,9920.8500,10035.8500,9909.9500,9948.5000
2020-08-09,11302.5500,11367.2000,11058.6000,11093.2000
2020-08-10,11583.6000,12027.9500,11582.4500,11941.4000
2020-08-11,12021.8500,12045.3000,11712.4000,11772.2500
2020-08-12,11766.4000,11766.4000,11536.7500,11590.2500
2020-08-13,11621.5000,11718.9000,11456.5000,11477.9500
2020-08-14,11529.4000,11800.6500,11465.7000,11640.4000
2020-08-17,11731.5000,11751.0000,11547.5500,11595.3500
2020-08-18,11620.7500,11694.2000,11537.4000,11581.7000
2020-08-19,11647.7000,11704.8500,11510.3500,11537.9000
2020-08-20,11520.8500,11650.7500,11503.0500,11540.9000
2020-08-21,11659.7500,11733.9500,11594.0500,11614.9000
2020-08-24,11681.9500,11696.4500,11508.3000,11572.2500
2020-08-25,11649.7500,11674.5500,11485.1500,11500.0000
2020-08-26,11532.5500,11536.1500,11444.5000,11484.5500
2020-08-27,11516.4000,11640.8500,11509.1500,11588.0500
2020-08-28,11658.7500,11697.1500,11572.7000,11622.9000
2020-08-31,11675.7000,11710.1500,11005.9000,11079.8000
2020-09-01,8057.8000,8090.9500,8015.1500,8033.1500
2020-09-02,11370.7500,11467.9500,11259.8000,11404.2500
2020-09-03,11453.3500,11567.1500,11365.1500,11511.8500
2020-09-04,8739.5000,9032.4000,8706.4000,8800.4500
2020-09-06,9950.5000,10227.9000,9948.7500,10122.0500
2020-09-07,10000.9000,10039.7000,9955.3500,9987.5500
2020-09-08,11302.5500,11367.2000,11058.6000,11093.2000
2020-09-09,11038.6000,11343.4500,11006.8000,11304.1000
2020-09-10,12230.1500,12343.7000,12017.9500,12043.9500
2020-09-11,11803.5500,11809.5500,11567.5500,11674.3500
2020-09-12,12463.5500,12568.9500,12408.0500,12443.9000
2020-09-14,11361.4500,11376.5500,11186.5000,11233.3000
2020-09-15,11269.5500,11604.3500,11263.1500,11450.5000
2020-09-16,11506.7500,11727.7000,11436.3000,11688.5500
2020-09-17,11701.0000,11785.0500,11647.6000,11735.9500
2020-09-18,11958.2000,12528.8500,11926.6500,12320.9000
2020-09-21,12341.7500,12496.7000,11724.0000,11799.5500
2020-09-22,11889.1000,11952.1000,11540.4000,11876.8500
2020-09-23,12032.4500,12052.4000,11608.0000,11685.9000
2020-09-24,11581.1000,11717.4500,11268.9000,11334.6000
2020-09-25,11513.0500,11666.0000,11383.3500,11595.9000
2020-09-28,11724.7500,11842.3500,11528.2500,11796.6000
2020-09-29,11857.0000,11874.1000,11680.9000,11709.5000
2020-09-30,11745.0000,12015.7000,11691.5000,11772.8500
2020-10-01,11869.1000,11893.2000,11710.1000,11822.9000
2020-10-02,8340.1500,8371.2000,8235.0000,8261.2500
2020-10-05,11881.2500,12073.4000,11748.9500,12024.0000
2020-10-06,12084.8000,12161.1000,11979.0500,12009.4500
2020-10-07,12009.0500,12119.4000,11880.2500,11915.0000
2020-10-08,11583.6000,12027.9500,11582.4500,11941.4000
2020-10-09,11366.0500,11402.4500,11233.8000,11303.4000
2020-10-11,11670.2500,11673.7000,11136.6500,11168.9000
2020-10-12,12453.1000,12551.4000,12338.1000,12440.6000
2020-10-13,12149.6500,12331.0500,11892.5000,11937.1000
2020-10-14,11956.5500,12011.4500,11740.9000,11857.2500
2020-10-15,11891.8500,11932.3000,11571.0500,11637.9000
2020-10-16,11637.4500,11854.7000,11596.8000,11814.1000
2020-10-19,11911.6500,11923.9500,11592.9500,11616.6500
2020-10-20,11626.5500,11746.2000,11551.3000,11644.4000
2020-10-21,11696.3000,11712.5500,11444.3500,11645.7000
2020-10-22,11645.8500,11645.8500,11316.3500,11545.3000
2020-10-23,11573.1500,11681.2500,11473.4500,11503.0500
2020-10-26,11564.5000,11578.7500,11263.8000,11334.2000
2020-10-27,11350.5500,11539.0500,11284.7000,11511.5000
2020-10-28,11531.7000,11625.9500,11295.4500,11325.1000
2020-10-29,11284.1000,11394.7500,11174.1000,11226.0000
2020-10-30,11267.6500,11301.9500,11135.1500,11243.7500
2020-11-02,11256.2500,11281.6000,11096.2500,11175.3000
2020-11-03,7754.7500,7779.1000,7596.3500,7623.0500
2020-11-04,11456.7500,11681.0000,11430.6500,11608.6500
2020-11-05,9413.2500,9416.5000,9281.7000,9307.3000
2020-11-06,11735.5000,11753.4500,11596.7000,11623.3500
2020-11-08,12021.8500,12045.3000,11712.4000,11772.2500
2020-11-09,11308.3000,11375.9000,11240.3000,11313.3000
2020-11-10,11670.2500,11673.7000,11136.6500,11168.9000
2020-11-11,11274.0500,11601.7000,11224.4000,11570.3500
2020-11-12,11548.7000,11788.1000,11494.5500,11600.8000
2020-11-13,11640.5000,11744.7500,11619.8500,11726.4500
2020-11-14,11795.2500,11804.9500,11754.1500,11772.4500
2020-11-17,11816.6000,11837.3000,11633.0500,11690.8000
2020-11-18,11688.5000,11708.1500,11523.2500,11612.9500
2020-11-19,11581.5500,11741.3500,11539.5500,11566.6000
2020-11-20,11600.8500,11670.1000,11454.8000,11526.7500
2020-11-23,11569.7000,11835.6500,11525.4000,11737.2000
2020-11-24,11808.9000,11912.3500,11680.0000,11880.8000
2020-11-25,11977.7500,12012.4500,11600.7500,11635.2000
2020-11-26,11665.1500,11834.9500,11604.6500,11801.2500
2020-11-27,11840.4000,11976.1000,11792.3500,11839.1500
2020-12-01,12021.0000,12085.9500,11875.6000,12045.1500
2020-12-02,12073.3500,12137.6500,11986.5500,12088.6000
2020-12-03,12151.5500,12232.1000,12083.1000,12206.9500
2020-12-04,12248.5500,12393.5500,12131.9000,12353.6000
2020-12-05,9291.1000,9368.0500,9142.8000,9246.6500
2020-12-06,9690.9000,9997.5000,9687.9500,9982.8000
2020-12-07,12376.4500,12636.9000,12314.8000,12555.9500
2020-12-08,12588.8000,12621.6000,12327.5500,12407.3000
2020-12-09,12463.5500,12568.9500,12408.0500,12443.9000
2020-12-10,12453.1000,12551.4000,12338.1000,12440.6000
2020-12-11,11548.7000,11788.1000,11494.5500,11600.8000
2020-12-14,12399.7500,12506.9000,12395.5500,12459.9000
2020-12-15,12498.3500,12556.3500,12400.7000,12432.6000
2020-12-16,12492.9000,12578.4000,12437.8500,12547.5000
2020-12-17,12585.0000,12731.4500,12561.2500,12602.4000
2020-12-18,12632.6000,12796.9500,12559.4000,12762.3500
2020-12-21,12752.0000,12869.7000,11949.6000,12278.1500
2020-12-22,12328.5500,12592.4500,12020.7000,12550.9500
2020-12-23,12558.0500,12781.5500,12481.3500,12753.2500
2020-12-24,12815.9000,12943.2000,12694.5500,12908.9500
2020-12-28,12989.4000,12995.2000,12842.5500,12874.3500
2020-12-29,12932.3000,13006.2000,12802.8500,12843.9000
2020-12-30,12898.6000,12898.6000,12753.8500,12823.9000
2020-12-31,12829.7500,12986.4500,12797.9500,12915.9000
2021-01-01,12933.1000,13045.5500,12875.5500,13001.9500
2021-01-02,12212.2000,12218.7500,11934.2500,12103.5500
2021-01-03,12007.2000,12126.4000,11949.7500,12092.7000
2021-01-04,12319.0000,12400.5500,12273.6000,12377.1000
2021-01-05,13148.0500,13247.0500,13073.0000,13166.3500
2021-01-06,14086.0500,14109.0500,13939.4500,14058.0500
2021-01-07,14327.4000,14465.3500,14294.4000,14442.4500
2021-01-08,13141.0000,13298.1500,13104.0500,13271.5500
2021-01-09,14375.9000,14452.9500,14277.7500,14319.8500
2021-01-10,14424.3000,14603.9000,14397.5500,14587.6500
2021-01-11,13952.1000,14072.5500,13830.1500,14049.4500
2021-01-12,13445.6500,13476.8000,13220.0500,13244.7000
2021-01-13,13285.9500,13304.7500,12994.2500,13122.5500
2021-01-14,13140.4000,13278.6000,13020.3000,13232.5500
2021-01-15,13262.0500,13268.5500,12946.8000,13014.2500
2021-01-18,13000.8000,13013.4500,12592.8000,12653.5000
2021-01-19,12714.9500,12914.5000,12699.2000,12866.0500
2021-01-20,12919.0000,12992.9000,12862.4000,12881.2000
2021-01-21,12967.1000,12967.1000,12655.5500,12697.1500
2021-01-22,12670.0000,12700.5000,12468.7500,12542.1000
2021-01-25,12604.6000,12867.8500,12390.5500,12756.7500
2021-01-27,12764.5000,12764.5000,12403.8000,12495.9000
2021-01-28,12331.7500,12513.4000,12213.6000,12395.9500
2021-01-29,12467.8500,12482.5500,12101.4500,12170.2500
2021-02-01,12212.2000,12218.7500,11934.2500,12103.5500
2021-02-02,12228.3000,12416.3000,12125.3500,12361.5500
2021-02-03,12468.0500,12899.8000,12445.6000,12706.6500
2021-02-04,12772.2500,12866.5500,12661.9000,12739.0500
2021-02-05,12812.7500,13041.0000,12669.6000,12950.6500
2021-02-06,14058.1000,14189.5000,14052.2500,14151.8500
2021-02-07,14489.9500,14575.3000,14461.0500,14529.6500
2021-02-08,13039.5500,13118.7000,12907.2500,12971.0000
2021-02-09,12954.8500,13013.1000,12771.0500,12812.8000
2021-02-10,12842.7000,12945.8000,12689.4000,12905.5500
2021-02-11,12833.6500,12961.9500,12807.6000,12929.8000
2021-02-12,13012.3500,13013.7500,12738.3500,12785.7500
2021-02-15,12817.9500,12863.3000,12723.4000,12745.1000
2021-02-16,12789.0500,12821.0000,12695.1500,12804.1500
2021-02-17,12794.9000,12837.1000,12551.2500,12584.3500
2021-02-18,12593.5000,12648.1000,12491.0500,12517.5000
2021-02-19,12499.9000,12545.7000,12236.1500,12347.4000
2021-02-22,12365.8000,12387.0500,11950.4500,12032.3000
2021-02-23,12059.3500,12122.3500,11935.2500,12029.5000
2021-02-24,12101.3000,12135.4500,11916.8000,12035.8500
2021-02-25,12097.3500,12291.7500,12058.2000,12141.7000
2021-02-26,12043.6000,12322.1000,11860.7000,11927.9000
2021-03-01,12007.2000,12126.4000,11949.7500,12092.7000
2021-03-02,12468.0500,12899.8000,12445.6000,12706.6500
2021-03-03,12347.5000,12399.1500,12236.0500,12379.6000
2021-03-04,12315.8500,12447.3000,12265.8500,12351.7500
2021-03-05,13502.6500,13580.5000,13408.2000,13507.4500
2021-03-06,14176.2500,14206.9500,14079.6500,14114.4000
2021-03-08,12224.3000,12347.8500,12202.3000,12239.8500
2021-03-09,12316.8000,12333.2500,12053.1000,12133.8500
2021-03-10,12218.4500,12335.9000,12180.1500,12313.2500
2021-03-11,14022.8500,14053.8500,13818.3000,13888.3000
2021-03-12,13608.0000,13610.2500,13426.4500,13443.8500
2021-03-15,12213.7500,12215.1500,11848.3000,12024.5000
2021-03-16,12059.2000,12099.9000,11953.2500,12013.0000
2021-03-17,12028.7000,12032.5000,11747.6000,11787.5000
2021-03-18,11830.9500,11849.2000,11466.9500,11514.4500
2021-03-19,11466.7000,11705.9500,11280.8000,11667.1000
2021-03-22,11685.1000,11884.7500,11669.0500,11850.7500
2021-03-23,11869.1000,11943.3500,11811.3000,11907.2000
2021-03-24,11874.0000,12056.2500,11850.9000,11916.3000
2021-03-25,11929.4500,11986.3500,11717.3500,11816.8000
2021-03-26,11887.9000,11944.1500,11765.7000,11883.2000
2021-03-30,11989.1000,12219.6000,11958.0000,12206.6000
2021-03-31,12231.0500,12327.4000,12191.9000,12272.6000
2021-04-01,12319.0000,12400.5500,12273.6000,12377.1000
2021-04-02,12772.2500,12866.5500,12661.9000,12739.0500
2021-04-03,12315.8500,12447.3000,12265.8500,12351.7500
2021-04-05,13573.8500,13573.8500,13200.7000,13234.7500
2021-04-06,14150.2500,14156.6500,14050.4500,14101.5500
2021-04-07,12597.0000,12695.1000,12549.5000,12616.3500
2021-04-08,12630.1500,12739.0500,12592.7500,12611.7000
2021-04-09,12603.6000,13074.0000,12582.6000,12995.3500
2021-04-10,14649.1000,14938.2500,14643.9500,14812.4000
2021-04-11,13969.1500,13969.1500,13931.7000,13948.2000
2021-04-12,13026.3000,13301.6000,12758.6500,12961.8500
2021-04-13,13155.0000,13205.5000,12733.0000,12807.5000
2021-04-15,12914.6500,13054.5000,12798.6000,12987.0500
2021-04-16,13016.4500,13309.7000,12892.0000,13234.2500
2021-04-19,13233.2000,13342.2500,12999.8000,13256.2500
2021-04-20,13426.0500,13583.0500,13324.2500,13426.9000
2021-04-22,13496.5500,13633.4000,13347.2000,13378.9500
2021-04-23,13373.1000,13476.5500,13169.0000,13319.7500
2021-04-26,13418.6000,13418.6000,13186.2500,13203.8500
2021-04-27,13247.5500,13310.6500,13145.0500,13296.7500
2021-04-28,13347.6500,13367.4000,13227.2000,13252.9500
2021-04-29,13301.8500,13401.5000,13222.6000,13298.6500
2021-04-30,13271.3500,13619.5500,13263.3500,13469.2500
2021-05-01,13148.0500,13247.0500,13073.0000,13166.3500
2021-05-02,12812.7500,13041.0000,12669.6000,12950.6500
2021-05-03,12320.8000,12336.0000,12150.4500,12192.7500
2021-05-04,13573.8500,13573.8500,13200.7000,13234.7500
2021-05-05,13293.0000,13809.1500,13210.5000,13779.7000
2021-05-06,13897.5500,13960.8000,13651.2000,13747.7500
2021-05-07,13799.2500,13924.7000,13718.6500,13747.1000
2021-05-08,14640.3000,14689.5500,14540.5000,14579.8500
2021-05-10,13965.5000,14228.4000,13861.4500,14131.8500
2021-05-11,14112.6500,14282.9000,14013.2500,14066.6500
2021-05-12,14135.1000,14224.5000,14000.1000,14065.0500
2021-05-14,14141.1000,14252.3500,13848.9500,13885.5000
2021-05-17,13921.3000,13958.6000,13741.2500,13858.7000
2021-05-18,13934.3500,13995.3500,13804.7000,13832.4000
2021-05-19,13859.6000,14039.1000,13839.2000,14001.3500
2021-05-20,14025.3500,14056.2000,13903.1000,13970.2000
2021-05-21,14036.7500,14085.6500,13974.4500,13993.7000
2021-05-24,14028.8500,14171.4000,14015.6000,14034.6500
2021-05-25,14120.9000,14127.6000,14025.9500,14090.1000
2021-05-26,14138.7500,14228.6000,14088.3000,14127.2500
2021-05-27,14157.1000,14169.7000,14022.7500,14100.0500
2021-05-28,14092.3500,14098.4000,13893.5500,13934.1000
2021-05-31,14001.2000,14074.7500,13849.3000,14051.7500
2021-06-01,13181.0000,13205.6500,12965.6500,13118.1000
2021-06-02,14058.1000,14189.5000,14052.2500,14151.8500
2021-06-03,14176.2500,14206.9500,14079.6500,14114.4000
2021-06-04,12345.1000,12562.1000,12321.7000,12548.6000
2021-06-05,13897.5500,13960.8000,13651.2000,13747.7500
2021-06-07,14126.9500,14151.2000,14049.0500,14069.0000
2021-06-08,14064.4000,14207.3000,13920.2000,14189.8500
2021-06-09,14220.3500,14362.4500,14046.7500,14118.9000
2021-06-10,14140.9000,14369.3500,14138.5000,14313.9000
2021-06-11,14331.9500,14530.9500,14300.1000,14464.0500
2021-06-12,13463.5500,13467.8000,13168.5000,13192.2500
2021-06-14,14447.7500,14525.3500,14217.4500,14449.6000
2021-06-15,14464.5000,14505.0000,14309.5500,14322.6500
2021-06-16,14336.1000,14354.0000,14183.1000,14215.7000
2021-06-17,14193.4500,14245.8500,13987.0500,14081.6000
2021-06-18,14110.5000,14194.9000,13855.1000,14030.6000
2021-06-21,13949.5500,14103.2000,13899.6500,14082.9500
2021-06-22,14126.1000,14146.1000,14028.1500,14095.0000
2021-06-23,14115.4500,14179.6000,14003.8000,14018.0500
2021-06-24,14019.2500,14058.6500,13900.0500,13967.9500
2021-06-25,13982.9000,14133.4500,13968.9500,14069.6000
2021-06-28,14120.3500,14308.9000,14095.0000,14247.6000
2021-06-29,14241.8000,14353.2500,14205.6000,14330.2000
2021-06-30,14379.2000,14422.4500,14288.1500,14308.9000
2021-07-01,13168.4500,13200.2500,13010.3500,13060.7500
2021-07-02,14489.9500,14575.3000,14461.0500,14529.6500
2021-07-04,12597.0000,12695.1000,12549.5000,12616.3500
2021-07-05,13799.2500,13924.7000,13718.6500,13747.1000
2021-07-06,14519.3500,14539.6500,14377.0500,14406.9500
2021-07-07,14354.0000,14471.4000,14320.2000,14453.2000
2021-07-08,14424.1500,14484.3000,14240.3000,14269.3000
2021-07-09,14488.0500,14503.3000,14341.5000,14387.3500
2021-07-10,14564.4500,14591.3500,14489.9000,14562.2000
2021-07-12,14409.1500,14447.8500,14322.8000,14372.2000
2021-07-13,14405.5500,14519.9500,14372.7000,14460.0500
2021-07-14,14457.0000,14547.5500,14424.0500,14507.0000
2021-07-15,14530.6000,14564.2000,14444.3000,14467.4500
2021-07-16,14486.1000,14715.1500,14478.1500,14635.0500
2021-07-19,14556.7500,14707.0000,14549.8500,14669.9000
2021-07-20,14680.6000,14689.4000,14453.9500,14479.2000
2021-07-22,14549.5000,14590.5500,14457.6500,14575.4000
2021-07-23,14557.1500,14630.0500,14500.0500,14597.8500
2021-07-26,14604.6500,14711.2000,14591.8500,14652.5500
2021-07-27,14702.9500,14713.1500,13866.8000,14018.6500
2021-07-28,14075.0000,14092.0000,13794.9000,13964.7500
2021-07-29,14032.1500,14072.6000,13834.8500,13920.3500
2021-07-30,13962.3500,14479.1000,13903.8000,14425.3000
2021-08-01,13141.0000,13298.1500,13104.0500,13271.5500
2021-08-02,13039.5500,13118.7000,12907.2500,12971.0000
2021-08-03,12224.3000,12347.8500,12202.3000,12239.8500
2021-08-04,12630.1500,12739.0500,12592.7500,12611.7000
2021-08-05,14640.3000,14689.5500,14540.5000,14579.8500
2021-08-06,14064.4000,14207.3000,13920.2000,14189.8500
2021-08-07,14424.1500,14484.3000,14240.3000,14269.3000
2021-08-09,14589.7500,14595.3500,14409.3500,14533.4500
2021-08-10,14582.2500,14622.1500,14375.0000,14502.9000
2021-08-11,14477.7500,14480.7500,14145.4500,14291.1500
2021-08-12,13300.2000,13456.9500,13280.2000,13433.8500
2021-08-13,14083.6000,14190.4500,13930.3000,14049.0500
2021-08-16,14036.4000,14074.5000,13900.7000,13965.4000
2021-08-17,13986.7500,14118.8000,13969.7500,14041.2500
2021-08-18,14070.6000,14184.1500,14024.7000,14071.3500
2021-08-20,13983.9500,14017.8000,13601.3000,13711.1500
2021-08-23,13856.8000,13911.2000,13625.4000,13700.6000
2021-08-24,13758.3000,13902.3500,13578.9000,13876.0500
2021-08-25,13874.4000,13902.8500,13767.9000,13830.5000
2021-08-26,13821.9500,13874.2000,13729.1000,13758.6000
2021-08-27,13778.9000,13965.8000,13738.4500,13948.7000
2021-08-30,13975.1000,14246.4500,13960.8000,14222.5000
2021-08-31,14251.3500,14370.2500,14185.9500,14344.7500
2021-09-01,14375.9000,14452.9500,14277.7500,14319.8500
2021-09-02,12954.8500,13013.1000,12771.0500,12812.8000
2021-09-03,14506.0500,14553.4000,14399.2500,14485.6500
2021-09-04,12603.6000,13074.0000,12582.6000,12995.3500
2021-09-06,14220.3500,14362.4500,14046.7500,14118.9000
2021-09-07,14260.4500,14390.5000,14243.8500,14360.2000
2021-09-08,14589.7500,14595.3500,14409.3500,14533.4500
2021-09-09,14300.3000,14339.6500,14247.8000,14329.8500
2021-09-11,13920.1000,14061.2500,13851.2000,13878.7000
2021-09-12,13482.2000,13504.9000,13400.8000,13449.4000
2021-09-13,14339.3000,14389.7000,14258.0500,14377.0500
2021-09-14,14440.7000,14505.1500,14373.3500,14410.9500
2021-09-15,14457.5500,14505.6000,14410.3500,14487.9000
2021-09-16,14494.0500,14538.8000,14456.2000,14491.3500
2021-09-17,14550.7500,14557.9500,14288.0500,14355.1500
2021-09-20,14281.0000,14372.6500,14040.5000,14097.2500
2021-09-21,14093.8500,14300.0000,14033.4000,14278.9500
2021-09-22,14267.3500,14386.4000,14242.7000,14334.2500
2021-09-23,14393.1000,14407.0500,14311.3000,14380.5000
2021-09-24,14402.8000,14457.7000,14247.5000,14289.1500
2021-09-27,14297.5500,14316.1500,14106.7000,14156.7000
2021-09-28,14196.9500,14273.7500,13956.1500,14171.6000
2021-09-29,14203.5000,14515.4500,14172.5000,14404.9500
2021-09-30,14427.7000,14604.7000,14398.0000,14466.5000
2021-10-01,14424.3000,14603.9000,14397.5500,14587.6500
2021-10-02,12842.7000,12945.8000,12689.4000,12905.5500
2021-10-03,12218.4500,12335.9000,12180.1500,12313.2500
2021-10-04,14649.1000,14938.2500,14643.9500,14812.4000
2021-10-05,13965.5000,14228.4000,13861.4500,14131.8500
2021-10-06,14140.9000,14369.3500,14138.5000,14313.9000
2021-10-07,14564.4500,14591.3500,14489.9000,14562.2000
2021-10-08,14624.1000,14656.5000,14468.9000,14514.8000
2021-10-11,14588.5000,14651.2500,14502.8000,14615.3500
2021-10-12,14650.5500,14726.1000,14521.0000,14629.2000
2021-10-13,14680.4000,14725.2500,14626.8500,14679.4000
2021-10-14,14711.0000,14802.4000,14698.7500,14728.6500
2021-10-18,14771.2500,14795.9000,14570.8500,14598.2000
2021-10-19,14626.3000,14682.9500,14357.1500,14384.3500
2021-10-20,14360.4000,14424.1500,14127.6000,14177.3500
2021-10-21,14300.9000,14306.1500,13990.9000,14169.9500
2021-10-22,14207.6500,14215.0500,13891.8500,13949.6500
2021-10-25,13945.1000,13983.2500,13637.5500,13943.8500
2021-10-26,14004.2500,14036.6000,13882.1000,13970.6500
2021-10-27,14002.2500,14202.1500,13993.8500,14094.2500
2021-10-28,14092.6000,14129.1000,13736.7500,13780.6000
2021-10-29,13735.5000,14092.8000,13587.2500,13879.3500
2021-11-01,13952.1000,14072.5500,13830.1500,14049.4500
2021-11-02,14060.8000,14098.4500,13878.3000,13993.2000
2021-11-03,14022.8500,14053.8500,13818.3000,13888.3000
2021-11-04,13969.1500,13969.1500,13931.7000,13948.2000
2021-11-05,14112.6500,14282.9000,14013.2500,14066.6500
2021-11-06,14331.9500,14530.9500,14300.1000,14464.0500
2021-11-08,14477.7500,14480.7500,14145.4500,14291.1500
2021-11-09,13920.1000,14061.2500,13851.2000,13878.7000
2021-11-10,13849.7000,13957.6500,13823.9000,13911.3000
2021-11-11,13896.2000,13901.3500,13685.7000,13717.8000
2021-11-12,13806.6000,13807.5000,13685.1500,13774.6500
2021-11-15,13790.4500,13996.8500,13770.9000,13974.3500
2021-11-16,14008.3500,14016.9500,13776.0500,13798.8000
2021-11-17,13796.3000,13800.6000,13592.4500,13621.9000
2021-11-18,13603.6500,13620.4000,13388.6500,13481.4000
2021-11-22,13513.3500,13544.2500,13176.3000,13245.3500
2021-11-23,13206.0000,13534.3500,13152.5500,13489.9500
2021-11-24,13518.4000,13557.8000,13379.9000,13408.1000
2021-11-25,13414.4000,13583.4500,13385.3500,13566.5000
2021-11-26,13487.3000,13990.4000,13455.2500,13797.1000
2021-11-29,13910.9500,13998.1500,13622.5000,13648.8000
2021-11-30,13656.8000,13777.7000,13600.9500,13662.8000
2021-12-01,13721.2500,13782.6500,13380.5000,13442.1000
2021-12-02,13510.8500,13585.3000,13472.3500,13557.0000
2021-12-03,12365.8000,12377.3000,12148.5500,12184.2500
2021-12-04,13026.3000,13301.6000,12758.6500,12961.8500
2021-12-05,14135.1000,14224.5000,14000.1000,14065.0500
2021-12-06,13463.5500,13467.8000,13168.5000,13192.2500
2021-12-07,13238.6000,13280.8500,13132.5500,13234.3500
2021-12-08,14291.5000,14291.5000,14120.0500,14133.0500
2021-12-09,13482.2000,13504.9000,13400.8000,13449.4000
2021-12-10,13428.1000,13527.2000,13427.6500,13446.1000
2021-12-11,13806.6000,13807.5000,13685.1500,13774.6500
2021-12-13,13537.6000,13552.3000,13398.7500,13432.9000
2021-12-14,13419.2500,13601.4000,13402.3000,13575.9000
2021-12-15,13569.0000,13576.3000,13406.4000,13512.0500
2021-12-16,13603.2000,13604.5000,13316.5500,13393.6500
2021-12-17,13410.5000,13420.7500,13152.9500,13230.7000
2021-12-20,13177.1500,13259.0500,13005.2000,13184.4500
2021-12-21,13217.9000,13335.9000,13181.6000,13282.8500
2021-12-22,13339.4500,13564.6000,13269.9500,13547.7000
2021-12-23,13618.1500,13668.3500,13588.9000,13644.5000
2021-12-24,13676.8000,13677.8000,13467.5500,13491.2500
2021-12-27,13491.4000,13723.8000,13472.1000,13710.1500
2021-12-28,13739.0000,13857.5000,13705.3000,13836.1500
2021-12-29,13881.8000,14112.4500,13857.7500,14072.9000
2021-12-30,14075.4000,14174.2000,14036.6000,14135.5000
2021-12-31,14164.6000,14254.1000,14133.4000,14223.0000
2022-01-02,13280.0500,13495.0000,13222.7000,13477.5000
2022-01-03,14247.6500,14280.0000,14148.0500,14156.4000
2022-01-04,13609.9000,13647.0500,13524.0000,13579.9000
2022-01-05,14090.3000,14136.1500,13968.9500,13999.8500
2022-01-06,12665.8500,12665.8500,12393.9000,12443.7500
2022-01-07,12124.4500,12296.3000,12084.0000,12260.9000
2022-01-08,12835.4000,12883.7500,12707.7000,12766.8500
2022-01-09,12619.3000,12701.9500,12546.3500,12555.0000
2022-01-10,13896.0500,13905.4000,13800.4000,13858.9500
2022-01-11,13881.7000,13974.6000,13834.1500,13854.2500
2022-01-12,13935.2000,13939.2500,13765.2500,13833.7000
2022-01-13,13856.5000,14097.4500,13843.6000,14051.1500
2022-01-14,14024.5500,14082.8500,13935.6500,13964.1500
2022-01-17,13954.7500,13970.1500,13819.7000,13862.4500
2022-01-18,13887.2000,13962.9000,13676.8000,13697.6000
2022-01-19,13701.0500,13726.2500,13536.2000,13682.7000
2022-01-20,13695.9000,13712.7500,13415.7500,13454.9000
2022-01-21,13409.6500,13417.6000,13150.7000,13243.0500
2022-01-24,13225.1000,13238.6000,12846.5500,12998.6000
2022-01-25,12910.3000,13120.4500,12776.0000,13092.1000
2022-01-27,12973.8000,12981.0000,12767.4000,12847.9000
2022-01-28,12850.8500,13208.8000,12834.2000,12983.0500
2022-01-31,13081.1000,13260.6500,13068.8500,13179.9000
2022-02-01,13280.0500,13495.0000,13222.7000,13477.5000
2022-02-02,13517.2000,13656.9500,13484.2000,13643.6500
2022-02-03,12841.2500,12938.8500,12637.8000,12689.5500
2022-02-04,13637.8500,13688.5500,13554.4000,13580.3000
2022-02-05,13397.3000,13479.5000,13323.5000,13460.2500
2022-02-06,12407.4000,12518.6000,12376.7000,12500.3500
2022-02-07,13569.1500,13590.5500,13313.5000,13381.7000
2022-02-08,13390.7000,13508.5500,13318.2000,13444.7000
2022-02-09,13467.4000,13612.2000,13447.1000,13570.3000
2022-02-10,13602.8000,13646.5000,13505.8500,13613.0500
2022-02-11,13524.9000,13583.2500,13452.8000,13510.3000
2022-02-12,13120.8000,13125.0000,13006.6000,13086.9500
2022-02-14,13334.6000,13482.7000,13218.2500,13252.1500
2022-02-15,13192.9500,13368.1000,13162.5500,13356.9000
2022-02-16,13421.0500,13519.7500,13332.7000,13425.1000
2022-02-17,13472.1500,13475.7500,13310.0000,13324.4000
2022-02-18,13303.7500,13303.7500,13189.5000,13208.8000
2022-02-21,13168.4000,13221.6000,12999.2500,13029.9000
2022-02-22,12807.3000,12976.3500,12768.4500,12954.5000
2022-02-23,13010.9000,13077.6500,12952.5000,12976.3000
2022-02-24,12677.7500,12808.7000,12467.9000,12500.1000
2022-02-25,12622.8500,12925.5000,12593.1000,12899.8500
2022-02-28,12807.4000,12946.2000,12707.9000,12927.6000
2022-03-01,14247.6500,14280.0000,14148.0500,14156.4000
2022-03-02,12841.2500,12938.8500,12637.8000,12689.5500
2022-03-03,12793.6000,12815.3000,12617.1500,12643.7500
2022-03-04,12558.5000,12731.0500,12478.1000,12600.1500
2022-03-06,12556.8000,12622.3500,12401.6500,12418.8000
2022-03-07,12436.7500,12570.7000,12290.9000,12546.8500
2022-03-08,12789.0500,12829.1000,12618.2000,12682.0000
2022-03-09,12929.7500,13130.5000,12864.3000,13059.2500
2022-03-10,13170.5500,13227.1000,13041.5500,13077.0500
2022-03-11,13073.6500,13426.5000,13031.1000,13399.0000
2022-03-14,13420.3500,13452.4000,13315.1000,13351.9000
2022-03-15,13358.6000,13556.1000,13250.1000,13318.8500
2022-03-16,13446.5000,13447.3000,13256.1000,13374.5000
2022-03-17,13439.6500,13566.1500,13436.3500,13546.0500
2022-03-21,13632.1000,13749.4000,13530.9000,13549.5500
2022-03-22,13554.5000,13577.7500,13400.9000,13513.1500
2022-03-23,13582.4500,13725.1500,13541.4500,13569.6500
2022-03-24,13501.9000,13783.4500,13474.6000,13724.5000
2022-03-25,13771.8000,13785.6500,13530.3000,13607.0500
2022-03-28,13642.2000,13722.0500,13491.9000,13562.2500
2022-03-29,13602.9500,13791.7000,13564.0500,13771.4000
2022-03-30,13831.3500,13840.9000,13703.3500,13745.6000
2022-03-31,13755.3500,13800.6500,13542.3000,13584.1000
2022-04-01,14207.0500,14239.4500,14017.5500,14040.6500
2022-04-02,13637.8500,13688.5500,13554.4000,13580.3000
2022-04-03,12558.5000,12731.0500,12478.1000,12600.1500
2022-04-04,13630.4500,13806.5000,13571.4500,13789.2500
2022-04-05,13837.2000,13903.5500,13777.4500,13809.2500
2022-04-06,13786.5500,13907.6500,13744.5000,13758.4500
2022-04-07,13786.7000,13972.4500,13779.1500,13815.0000
2022-04-08,13875.0500,13923.1000,13715.4000,13838.6000
2022-04-10,13244.5000,13246.0500,13140.9000,13233.4500
2022-04-11,13827.0000,13948.2500,13818.9000,13837.8500
2022-04-12,13801.0000,13879.5000,13661.5000,13744.6500
2022-04-13,13761.1500,13849.1500,13698.7000,13772.7500
2022-04-18,13699.4000,13823.4500,13612.3000,13717.3000
2022-04-19,13774.3500,13853.1500,13413.4500,13522.4500
2022-04-20,13572.9000,13722.3500,13492.0500,13660.6500
2022-04-21,13703.6000,13838.1000,13670.2500,13821.3000
2022-04-22,13786.8000,13786.8000,13516.6000,13569.8500
2022-04-25,13441.9500,13516.8000,13263.1000,13296.7500
2022-04-26,13384.4000,13505.6500,13376.0500,13444.1000
2022-04-27,13365.6500,13416.4500,13258.8000,13358.1500
2022-04-28,13473.3500,13547.1500,13377.6000,13480.0000
2022-04-29,13507.1000,13765.9500,13429.2500,13462.8500
2022-05-01,14090.3000,14136.1500,13968.9500,13999.8500
2022-05-02,13397.3000,13479.5000,13323.5000,13460.2500
2022-05-04,13462.2000,13510.7000,13068.2000,13108.8000
2022-05-05,13181.7500,13284.5500,12968.1500,13008.5000
2022-05-06,12840.8500,12896.4000,12726.5500,12820.9000
2022-05-07,12254.6500,12373.9000,12217.4000,12233.7500
2022-05-08,13003.8500,13068.3000,12920.0000,12939.7500
2022-05-09,12507.9500,12579.8000,12444.9000,12565.5500
2022-05-10,12753.9000,12869.4000,12557.7500,12596.3000
2022-05-11,12530.1500,12632.2000,12407.6000,12557.6500
2022-05-12,13123.3500,13138.8000,13000.5000,13052.9000
2022-05-13,12534.2500,12764.6000,12521.9000,12629.5000
2022-05-16,12634.7000,12687.4000,12536.5500,12608.2500
2022-05-17,12627.4500,12759.1500,12548.6500,12745.9500
2022-05-18,12767.8000,12942.9000,12756.3000,12881.5500
2022-05-19,12646.7500,12743.4000,12574.0500,12600.8500
2022-05-20,12718.8000,13089.4000,12707.9500,13065.5000
2022-05-23,13121.0000,13253.8000,12854.0000,12889.2000
2022-05-24,12908.8000,12926.2000,12666.3000,12691.6000
2022-05-25,12749.0000,12808.3000,12526.0500,12543.8500
2022-05-26,12606.4000,12655.2500,12398.4000,12557.5000
2022-05-27,12635.4000,12688.0500,12555.8500,12669.9500
2022-05-30,12731.6500,12822.6500,12662.9000,12671.1500
2022-05-31,12608.2500,12690.5500,12527.8000,12604.4500
2022-06-01,12665.8500,12665.8500,12393.9000,12443.7500
2022-06-02,12407.4000,12518.6000,12376.7000,12500.3500
2022-06-03,12556.8000,12622.3500,12401.6500,12418.8000
2022-06-04,13786.5500,13907.6500,13744.5000,13758.4500
2022-06-05,12840.8500,12896.4000,12726.5500,12820.9000
2022-06-06,12406.6000,12463.8000,12360.6000,12412.4000
2022-06-07,12264.0000,12350.7000,12220.4000,12331.1500
2022-06-08,12279.9000,12341.1500,12170.4500,12317.8000
2022-06-09,12284.8000,12481.9500,12228.1000,12465.9000
2022-06-10,12363.7000,12447.6500,12330.2000,12419.2000
2022-06-12,13037.7500,13056.1500,12914.0500,12955.3500
2022-06-13,12288.2500,12410.7500,12130.6500,12191.8500
2022-06-14,12140.3000,12283.3500,12135.7500,12218.5000
2022-06-15,12248.4000,12299.5500,12204.7500,12261.3500
2022-06-16,12321.6000,12330.5000,12022.4500,12066.6500
2022-06-17,12000.6500,12038.2500,11745.0500,11803.9500
2022-06-20,11815.0000,11886.1000,11726.4000,11847.9000
2022-06-21,11887.0000,12118.0500,11882.7000,12098.3500
2022-06-22,12050.6500,12147.6500,11893.1500,11939.0500
2022-06-23,11969.9500,12145.0500,11947.9000,12127.2000
2022-06-24,12173.2500,12270.5000,12150.5500,12178.4000
2022-06-27,12275.8000,12325.7500,12200.1000,12221.5500
2022-06-28,12224.4000,12235.9500,12100.8500,12214.5500
2022-06-29,12139.4500,12249.8000,12099.3500,12210.9500
2022-06-30,12176.1500,12252.6000,12110.2000,12159.3500
2022-07-01,13949.9000,13961.7500,13841.9500,13857.9500
2022-07-02,13569.1500,13590.5500,13313.5000,13381.7000
2022-07-03,12436.7500,12570.7000,12290.9000,12546.8500
2022-07-04,13786.7000,13972.4500,13779.1500,13815.0000
2022-07-05,12254.6500,12373.9000,12217.4000,12233.7500
2022-07-06,12352.8500,12362.7000,12189.6500,12279.6500
2022-07-07,12408.7000,12450.8500,12370.6000,12389.7000
2022-07-08,12449.3000,12460.0500,12392.3500,12449.4500
2022-07-09,12542.5500,12717.4500,12539.9000,12696.3000
2022-07-10,13169.7500,13200.3000,13097.8500,13134.7000
2022-07-11,12447.8500,12598.7000,12386.9000,12564.8500
2022-07-12,12973.8500,13000.9500,12855.5500,12869.8000
2022-07-13,12494.7000,12639.1500,12442.5500,12622.3000
2022-07-14,12664.4000,12855.6500,12630.5000,12721.0000
2022-07-15,12775.4000,12800.7500,12665.0000,12732.0000
2022-07-18,12827.3500,12869.4000,12668.4500,12713.4500
2022-07-19,12680.4000,12820.2500,12663.1500,12682.2000
2022-07-20,12786.4000,12786.4000,12685.6000,12711.5000
2022-07-21,12710.1000,12756.3500,12599.5000,12651.7500
2022-07-22,12687.8000,12711.1500,12573.9000,12617.5500
2022-07-25,12612.3500,12640.8000,12454.2500,12488.8000
2022-07-26,12495.6500,12508.8000,12325.0000,12341.9000
2022-07-27,12341.6500,12647.7500,12301.8500,12628.9500
2022-07-28,12665.6000,12682.2000,12500.2000,12660.6500
2022-07-29,12677.7500,12835.4500,12526.3000,12776.5500
2022-08-01,12835.4000,12883.7500,12707.7000,12766.8500
2022-08-02,13390.7000,13508.5500,13318.2000,13444.7000
2022-08-03,12534.0000,12873.7500,12524.8500,12844.8500
2022-08-04,13875.0500,13923.1000,13715.4000,13838.6000
2022-08-05,13003.8500,13068.3000,12920.0000,12939.7500
2022-08-06,12279.9000,12341.1500,12170.4500,12317.8000
2022-08-07,12449.3000,12460.0500,12392.3500,12449.4500
2022-08-08,12952.0500,12962.9500,12878.1000,12940.2500
2022-08-09,12775.6000,12776.5000,12638.6500,12689.9500
2022-08-10,12986.2500,13053.1000,12915.5000,12950.7000
2022-08-11,12998.4000,13033.7500,12961.4000,13014.2000
2022-08-12,13016.5000,13017.5000,12830.4500,12864.0000
2022-08-16,12896.7500,12962.6000,12867.8500,12933.8500
2022-08-17,12987.0000,13011.9000,12936.3500,12979.2500
2022-08-18,12934.3500,12948.3500,12797.4500,12935.7500
2022-08-19,12935.9500,12982.0500,12771.7500,12799.9500
2022-08-22,12723.3500,12794.6000,12565.5000,12588.2500
2022-08-23,12499.4500,12710.0500,12498.8000,12683.5500
2022-08-24,12716.1000,12760.7500,12585.8500,12644.0000
2022-08-25,12710.7500,12717.6000,12563.7500,12593.2500
2022-08-26,12662.9500,12683.2500,12569.0500,12580.4500
2022-08-29,12380.6500,12565.9000,12352.6500,12545.7500
2022-08-30,12588.9000,12715.7500,12560.9000,12699.4000
2022-09-01,12619.3000,12701.9500,12546.3500,12555.0000
2022-09-02,13467.4000,13612.2000,13447.1000,13570.3000
2022-09-03,12929.7500,13130.5000,12864.3000,13059.2500
2022-09-05,12507.9500,12579.8000,12444.9000,12565.5500
2022-09-06,12597.2000,12624.3000,12567.3500,12598.0000
2022-09-07,12542.5500,12717.4500,12539.9000,12696.3000
2022-09-08,12775.6000,12776.5000,12638.6500,12689.9500
2022-09-09,12716.8000,12814.2500,12662.9000,12689.3000
2022-09-11,13252.6500,13317.7000,13053.0500,13079.5000
2022-09-12,12707.8500,12759.7500,12695.1000,12715.2500
2022-09-13,12729.9000,12762.9000,12718.3500,12745.6000
2022-09-14,12587.3000,12776.1500,12587.3000,12682.2000
2022-09-15,12704.4500,12732.8000,12480.7000,12518.8500
2022-09-16,12548.0000,12556.7500,12315.5000,12346.8500
2022-09-19,12366.9500,12396.1500,12185.4000,12369.6000
2022-09-20,12422.2000,12763.9000,12417.3000,12750.7000
2022-09-21,12793.6500,12834.8500,12549.4500,12573.5500
2022-09-22,12506.1500,12644.9500,12500.7500,12612.8500
2022-09-23,12602.8500,12740.1000,12594.5000,12610.6500
2022-09-26,12570.8500,12614.0500,12441.2000,12475.5000
2022-09-27,12532.2500,12611.8500,12457.8000,12598.0000
2022-09-28,12548.3500,12750.6500,12525.7000,12705.4000
2022-09-29,12782.6000,12962.8500,12778.2500,12874.3000
2022-09-30,12918.3000,12998.3000,12813.7000,12971.9000
2022-10-01,13896.0500,13905.4000,13800.4000,13858.9500
2022-10-02,13602.8000,13646.5000,13505.8500,13613.0500
2022-10-03,12981.5000,13241.1000,12958.4500,13118.9500
2022-10-04,13244.5000,13246.0500,13140.9000,13233.4500
2022-10-05,12753.9000,12869.4000,12557.7500,12596.3000
2022-10-06,13310.7500,13310.7500,13150.6500,13188.0000
2022-10-07,13169.7500,13200.3000,13097.8500,13134.7000
2022-10-08,12986.2500,13053.1000,12915.5000,12950.7000
2022-10-10,13016.0500,13084.5000,12933.4500,13028.4000
2022-10-11,13076.4000,13235.9000,12934.0000,12983.1000
2022-10-12,12861.4500,12884.6500,12742.9000,12839.3500
2022-10-13,12847.8500,12936.3500,12810.7500,12867.1500
2022-10-14,12989.6500,13034.4000,12933.0000,12950.4500
2022-10-17,12932.5500,13022.7000,12925.2000,12982.4000
2022-10-18,13044.2500,13064.8000,12949.4500,13008.2500
2022-10-19,13027.6500,13091.3500,12955.1500,13021.7500
2022-10-20,12962.6000,13101.3000,12941.6500,13089.2000
2022-10-21,13110.7000,13150.4000,12956.3500,12979.4000
2022-10-24,13080.7500,13087.9500,13050.7000,13061.1000
2022-10-25,13079.4000,13148.3500,13033.8500,13112.2000
2022-10-27,13170.6000,13244.9500,13121.6500,13228.0500
2022-10-28,13218.4000,13218.4000,13026.7000,13048.3000
2022-10-31,13121.1000,13274.5500,13112.0500,13212.2500
2022-11-01,13254.0500,13517.2500,13246.2000,13492.0500
2022-11-02,13511.5000,13736.0500,13486.8500,13556.9000
2022-11-03,13073.6500,13426.5000,13031.1000,13399.0000
2022-11-04,13827.0000,13948.2500,13818.9000,13837.8500
2022-11-05,12530.1500,12632.2000,12407.6000,12557.6500
2022-11-07,12447.8500,12598.7000,12386.9000,12564.8500
2022-11-08,12998.4000,13033.7500,12961.4000,13014.2000
2022-11-09,13252.6500,13317.7000,13053.0500,13079.5000
2022-11-10,13064.7000,13065.7500,12805.3000,12826.8000
2022-11-11,13061.3500,13165.4500,12987.3500,13015.6500
2022-11-14,12975.2000,13042.0500,12811.8000,13019.8500
2022-11-15,13054.7000,13074.6000,12954.5500,13036.9000
2022-11-16,13010.5500,13099.2000,12948.3500,12998.5000
2022-11-17,13021.9000,13053.8000,12924.5500,12948.2500
2022-11-18,12980.1500,12991.4000,12840.3000,12861.4000
2022-11-21,12834.9500,12857.4000,12754.5500,12794.6000
2022-11-22,12826.0500,12851.6000,12766.4500,12836.3500
2022-11-23,12890.2000,12908.1500,12845.1000,12876.9500
2022-11-24,12918.4000,12942.5000,12854.8000,12888.1500
2022-11-25,12908.8000,12979.1500,12830.9000,12968.4500
2022-11-28,12965.6000,13027.0500,12940.9500,12993.9500
2022-11-29,13006.3500,13102.7500,12992.3000,13087.3500
2022-11-30,13110.1000,13200.5500,13059.6500,13144.2000
2022-12-01,13935.2000,13939.2500,13765.2500,13833.7000
2022-12-02,13120.8000,13125.0000,13006.6000,13086.9500
2022-12-04,13801.0000,13879.5000,13661.5000,13744.6500
2022-12-05,12514.8000,12521.6000,12299.2000,12424.4500
2022-12-06,13037.7500,13056.1500,12914.0500,12955.3500
2022-12-07,12516.5000,12587.3000,12428.7500,12450.6500
2022-12-08,13016.5000,13017.5000,12830.4500,12864.0000
2022-12-09,12707.8500,12759.7500,12695.1000,12715.2500
2022-12-10,12861.4500,12884.6500,12742.9000,12839.3500
2022-12-12,12765.0500,12799.7500,12687.7500,12758.0500
2022-12-13,12749.5500,12803.9500,12702.0000,12797.7500
2022-12-14,12846.5500,12900.8500,12810.6500,12883.6000
2022-12-15,12882.8500,12944.2500,12793.7500,12816.1000
2022-12-16,12762.6500,12818.6000,12616.5500,12636.2000
2022-12-19,12636.6000,12662.2000,12529.5500,12646.4500
2022-12-20,12640.4000,12647.7500,12529.3500,12618.4500
2022-12-21,12652.8500,12943.6000,12645.4000,12920.4000
2022-12-22,13027.0000,13061.7000,12836.9500,12892.7500
2022-12-23,12881.1000,13094.1000,12746.7000,12784.4500
2022-12-26,12863.8000,12890.5000,12644.7000,12677.1000
2022-12-27,12688.6500,12766.5500,12640.7000,12694.7500
2022-12-28,12685.5500,12745.9500,12609.4000,12624.1500
2022-12-29,12646.8500,12747.7500,12528.7500,12634.3000
2022-12-30,12699.8500,12700.6000,12573.4000,12597.6000
2023-01-02,12618.7500,12622.1000,12474.1500,12551.4000
2023-01-03,11737.1500,11802.3500,11730.0000,11764.6000
2023-01-04,12659.0500,12708.5000,12591.6500,12622.7500
2023-01-05,12660.1500,12768.1000,12640.1500,12753.2000
2023-01-06,12751.5000,12805.6000,12625.6000,12654.9500
2023-01-08,15016.8500,15110.9500,14961.8000,15001.3000
2023-01-09,12729.2000,12828.5500,12705.3000,12770.6000
2023-01-10,12775.8500,12818.2500,12736.2000,12766.6000
2023-01-11,12782.1500,12806.4000,12657.4000,12682.2500
2023-01-12,16298.9500,16385.3500,16222.8500,16257.0500
2023-01-13,12689.9500,12689.9500,12589.6000,12668.8000
2023-01-16,12691.3500,12728.1000,12592.5500,12659.4000
2023-01-17,12678.2500,12678.2500,12585.0500,12648.0000
2023-01-18,12656.6000,12743.4000,12631.6500,12734.5000
2023-01-19,12719.4000,12754.7000,12674.4500,12699.0500
2023-01-20,12714.5500,12720.8000,12581.3500,12606.4500
2023-01-23,12631.8000,12744.4000,12586.1500,12718.4500
2023-01-24,12726.2000,12732.4000,12575.8000,12593.8500
2023-01-25,12567.2000,12594.5000,12409.8500,12440.1000
2023-01-27,12476.7000,12616.8000,12447.8500,12508.0500
2023-01-30,12531.9500,12586.7000,12443.2500,12484.0000
2023-01-31,12526.8500,12549.7000,12335.2500,12360.2500
2023-02-01,12618.7500,12622.1000,12474.1500,12551.4000
2023-02-02,12291.6500,12362.0000,12224.6500,12306.3000
2023-02-03,11777.7000,11791.0500,11712.3000,11761.1000
2023-02-05,12618.7500,12669.7500,12559.0500,12590.3000
2023-02-06,12823.4500,12925.3500,12776.3500,12900.6000
2023-02-07,12222.5500,12252.9000,12121.9500,12191.4000
2023-02-08,12203.6500,12373.8500,12144.8500,12357.3000
2023-02-09,12246.2500,12463.6500,12246.2500,12302.5000
2023-02-10,12293.7000,12347.1500,12207.4500,12327.0000
2023-02-11,14820.9500,14894.9000,14803.8500,14834.4500
2023-02-13,12347.7000,12373.6000,12221.5500,12268.1000
2023-02-14,12310.5500,12313.0000,12209.8500,12248.8000
2023-02-15,12221.1500,12259.6500,12135.3000,12237.1000
2023-02-16,12276.5000,12335.9000,12257.8000,12298.6000
2023-02-17,12267.5000,12275.8500,12142.4000,12154.0500
2023-02-20,12132.3500,12140.8000,11971.2000,12055.4000
2023-02-21,12103.9000,12124.4500,11998.4500,12019.5000
2023-02-22,12017.2500,12065.9000,11980.3000,11991.8500
2023-02-23,12017.2500,12020.2000,11939.5500,11968.2000
2023-02-24,11985.6500,12087.4000,11928.3000,11996.2000
2023-02-27,12002.4000,12006.3500,11847.3000,11902.5000
2023-02-28,11916.4000,11937.3500,11731.5000,11747.1000
2023-03-01,12544.4000,12660.8500,12515.3000,12641.7500
2023-03-02,12308.7000,12327.1500,12086.8500,12184.6000
2023-03-03,11802.3000,11814.0000,11733.4500,11781.8000
2023-03-04,12071.9500,12094.8000,12001.5000,12067.9500
2023-03-05,12581.6000,12634.8000,12549.2000,12586.8000
2023-03-06,11818.9500,11887.7500,11794.0500,11807.9000
2023-03-07,13796.5500,13811.7000,13597.4000,13614.0000
2023-03-08,14925.8500,15253.2000,14922.3500,15099.2000
2023-03-09,11752.3000,11801.9000,11680.3000,11700.4000
2023-03-10,15425.6500,15441.0500,15260.6500,15281.3000
2023-03-11,14921.6500,14960.0500,14864.8500,14882.3500
2023-03-13,11680.0500,11731.0000,11565.4500,11597.3500
2023-03-14,11609.4500,11669.9500,11542.4500,11597.9500
2023-03-15,11609.7500,11739.0000,11596.1000,11633.9500
2023-03-16,11659.0000,11773.3500,11639.2500,11743.2000
2023-03-17,11790.8000,11806.1500,11635.6500,11676.1500
2023-03-20,11660.6000,11709.6000,11602.7000,11663.3000
2023-03-21,11696.0500,11701.5500,11621.6500,11633.7500
2023-03-22,11651.6500,11766.4500,11637.8500,11754.7000
2023-03-23,11771.0000,11801.0500,11747.1500,11780.8500
2023-03-24,11786.4500,11818.8000,11734.5500,11755.3500
2023-03-27,11797.5500,11951.4500,11744.3000,11882.7500
2023-03-28,11909.9000,11911.5000,11817.9500,11873.2000
2023-03-29,11892.5000,11973.9000,11861.5500,11942.5000
2023-03-31,11970.4000,12062.2000,11932.1500,12017.0500
2023-04-01,12659.0500,12708.5000,12591.6500,12622.7500
2023-04-03,12071.9500,12094.8000,12001.5000,12067.9500
2023-04-05,12081.4500,12191.2500,12043.6000,12181.8500
2023-04-06,12192.3000,12289.1500,12163.1000,12274.3500
2023-04-07,13683.1500,13713.9500,13578.3500,13675.4500
2023-04-08,15098.5500,15302.2500,15079.2500,15241.0000
2023-04-09,15063.3000,15093.8500,15007.0000,15052.6000
2023-04-10,12315.1500,12317.3000,12257.8500,12298.7500
2023-04-11,12308.5000,12401.1000,12250.1500,12300.0000
2023-04-12,16372.0500,16389.1000,16183.0500,16228.4000
2023-04-13,12606.6500,12606.6500,12465.6500,12478.9000
2023-04-17,12482.7000,12520.9500,12370.0500,12403.6000
2023-04-18,12413.9500,12615.9500,12354.9500,12607.3500
2023-04-19,12609.6500,12688.3500,12555.1000,12625.3000
2023-04-20,12642.0000,12650.2000,12453.8500,12485.2500
2023-04-21,12508.6000,12562.5500,12489.6500,12545.7500
2023-04-24,12505.4500,12509.3000,12391.1000,12454.3500
2023-04-25,12459.0500,12474.1500,12365.8500,12456.6000
2023-04-26,12454.1000,12476.3000,12404.3500,12457.8500
2023-04-27,12450.7500,12537.7500,12402.0500,12519.3500
2023-04-28,12551.8500,12625.5000,12518.0500,12613.9500
2023-05-01,12660.1500,12768.1000,12640.1500,12753.2000
2023-05-02,12618.7500,12669.7500,12559.0500,12590.3000
2023-05-03,12581.6000,12634.8000,12549.2000,12586.8000
2023-05-04,12610.2000,12671.5000,12589.4500,12654.6500
2023-05-05,12665.8000,12677.4000,12590.1500,12608.3500
2023-05-06,12958.5000,12985.4000,12888.7500,12934.5000
2023-05-07,13726.2500,13788.6500,13682.8500,13772.0000
2023-05-08,12598.3500,12671.5500,12580.4000,12663.1000
2023-05-09,15099.3500,15267.1500,15052.6000,15218.2500
2023-05-10,15097.2000,15132.7500,14988.7500,15021.4000
2023-05-11,12659.2500,12671.1000,12464.8500,12557.0500
2023-05-12,12564.3500,12591.6500,12435.2500,12486.7000
2023-05-15,12485.0500,12498.4000,12391.3000,12487.4000
2023-05-16,12512.1500,12609.0000,12435.4500,12454.5000
2023-05-17,12459.5500,12498.2500,12341.2000,12398.5500
2023-05-18,12451.2500,12451.2500,12220.9500,12241.3500
2023-05-19,12223.3500,12250.5000,12101.1500,12124.2500
2023-05-22,12063.5000,12258.6500,12040.6500,12244.2000
2023-05-23,12253.1500,12371.4000,12246.6000,12314.2000
2023-05-24,12335.0500,12449.9000,12325.8000,12440.4500
2023-05-25,12441.0000,12475.1000,12403.2000,12455.5000
2023-05-26,12447.5500,12628.1500,12414.4000,12601.5500
2023-05-29,12634.7500,12644.2000,12487.0000,12624.2000
2023-05-30,12632.2500,12657.1500,12561.6000,12604.7000
2023-05-31,12616.7000,12748.8000,12602.5000,12678.4000
2023-06-01,12751.5000,12805.6000,12625.6000,12654.9500
2023-06-02,12823.4500,12925.3500,12776.3500,12900.6000
2023-06-03,11818.9500,11887.7500,11794.0500,11807.9000
2023-06-04,12192.3000,12289.1500,12163.1000,12274.3500
2023-06-05,12958.5000,12985.4000,12888.7500,12934.5000
2023-06-06,12945.6000,13028.4000,12891.6500,13012.9000
2023-06-07,13047.2000,13085.7000,13019.0500,13045.6500
2023-06-08,13068.3500,13087.6000,12888.6000,12911.3500
2023-06-09,15279.7000,15426.0000,15218.2500,15355.3000
2023-06-10,15086.8000,15161.6500,15082.0500,15128.4500
2023-06-11,14934.4500,15088.8000,14929.8500,15072.3000
2023-06-12,12850.4500,12900.6000,12796.0500,12856.0500
2023-06-13,12898.2000,13021.6000,12879.7500,12993.7500
2023-06-14,13031.8000,13036.5000,12942.0000,12976.8000
2023-06-15,13004.3000,13191.8000,12999.7000,13160.6000
2023-06-16,13219.9000,13278.5000,13203.4000,13241.9500
2023-06-19,13272.9000,13347.5500,13254.8500,13264.6500
2023-06-20,13302.5500,13316.4000,13206.0000,13238.8500
2023-06-21,13252.8500,13307.8000,13178.2500,13247.7000
2023-06-22,13224.1500,13258.9000,13151.3000,13166.8500
2023-06-23,13168.9000,13230.3500,13077.4500,13186.3000
2023-06-26,13193.7000,13406.0000,13176.2000,13388.6000
2023-06-27,13421.6500,13449.6500,13359.6000,13426.9000
2023-06-28,13409.2000,13651.6500,13407.2500,13622.7500
2023-06-30,13640.8000,13805.0500,13634.7000,13767.5000
2023-07-02,12222.5500,12252.9000,12121.9500,12191.4000
2023-07-03,13796.5500,13811.7000,13597.4000,13614.0000
2023-07-04,13683.1500,13713.9500,13578.3500,13675.4500
2023-07-05,13726.2500,13788.6500,13682.8500,13772.0000
2023-07-06,13769.4000,13904.6500,13759.7500,13871.6000
2023-07-07,13800.4000,13917.5500,13730.3500,13769.0000
2023-07-08,15276.0500,15498.1000,15214.8500,15479.2500
2023-07-09,15372.7500,15405.4000,15283.6000,15306.1500
2023-07-10,13811.1500,13821.0000,13705.3500,13751.8000
2023-07-11,13795.5500,13915.5000,13780.4500,13895.4000
2023-07-12,13918.2000,13970.3000,13873.7500,13936.7000
2023-07-13,13979.4000,13980.0500,13841.4500,13876.5500
2023-07-14,13931.7500,13961.2000,13852.9000,13945.6500
2023-07-17,13979.4000,14076.9000,13973.9500,14053.7000
2023-07-18,14063.6000,14076.4500,13926.8000,14017.1500
2023-07-19,14026.3500,14150.8000,14000.6000,14092.6000
2023-07-20,14137.8500,14329.7000,14111.4000,14299.0500
2023-07-21,14295.6000,14363.9000,14229.8500,14274.0000
2023-07-24,14261.2500,14405.1500,14236.2000,14332.0500
2023-07-25,14406.8000,14425.3500,14345.9500,14383.2500
2023-07-26,14423.3000,14505.4500,14378.4500,14478.3500
2023-07-27,14658.7000,15105.6500,14601.0500,14919.9500
2023-07-28,14908.9500,15046.7000,14883.4500,14962.5500
2023-07-31,14935.6000,15017.3500,14918.2500,14992.1500
2023-08-01,15016.8500,15110.9500,14961.8000,15001.3000
2023-08-02,14997.9000,15012.2000,14831.9000,14943.4000
2023-08-03,11778.9000,11801.4500,11696.8000,11750.1500
2023-08-04,15098.5500,15302.2500,15079.2500,15241.0000
2023-08-05,12598.3500,12671.5500,12580.4000,12663.1000
2023-08-06,13068.3500,13087.6000,12888.6000,12911.3500
2023-08-07,15276.0500,15498.1000,15214.8500,15479.2500
2023-08-08,15555.3000,15640.2500,15478.3500,15578.5000
2023-08-09,15327.3000,15345.4500,15206.0000,15250.5500
2023-08-10,15711.4000,15750.5000,15513.6500,15580.7000
2023-08-11,15335.8500,15561.8500,15314.4000,15497.2500
2023-08-12,16311.0500,16365.6000,16079.3000,16163.1500
2023-08-14,15349.8000,15365.4000,15207.0000,15305.4000
2023-08-16,15289.5000,15416.0000,15192.2500,15398.8000
2023-08-17,15406.3000,15445.3500,15324.7000,15358.4500
2023-08-18,15363.5500,15450.6000,15229.5000,15271.5000
2023-08-21,15262.5500,15375.2500,15241.0500,15333.3500
2023-08-22,15334.5500,15378.2000,15262.2500,15302.6000
2023-08-23,15344.6000,15359.2500,15266.2000,15282.5000
2023-08-24,15326.9500,15374.9000,15171.6500,15193.1500
2023-08-25,15173.2000,15182.7000,15000.0500,15025.2000
2023-08-28,15052.8000,15196.3500,15024.1000,15161.8000
2023-08-29,15208.6500,15256.5500,15100.2000,15121.1000
2023-08-30,15178.9000,15239.4000,15102.6000,15125.5000
2023-08-31,15162.2000,15184.9000,15034.2500,15095.9000
2023-09-01,12729.2000,12828.5500,12705.3000,12770.6000
2023-09-02,12246.2500,12463.6500,12246.2500,12302.5000
2023-09-03,11752.3000,11801.9000,11680.3000,11700.4000
2023-09-04,15063.3000,15093.8500,15007.0000,15052.6000
2023-09-05,15099.3500,15267.1500,15052.6000,15218.2500
2023-09-06,12917.8000,12949.5500,12849.8500,12861.0500
2023-09-07,15372.7500,15405.4000,15283.6000,15306.1500
2023-09-08,15631.5500,15733.1500,15594.9500,15696.8500
2023-09-10,15002.7000,15186.6000,14993.0500,15103.8500
2023-09-11,15265.3500,15351.9500,15248.1500,15309.9500
2023-09-12,15358.0000,15536.1000,15275.5500,15328.6500
2023-09-13,15368.0000,15466.3500,15321.6000,15448.9500
2023-09-14,15484.3500,15530.1000,15413.1000,15489.3000
2023-09-15,15525.5500,15601.0500,15513.8500,15583.5500
2023-09-18,15593.8000,15667.4500,15482.0000,15503.4500
2023-09-20,15498.7500,15514.2500,15426.1000,15460.2000
2023-09-21,15432.8500,15525.4500,15282.0000,15306.7000
2023-09-22,15279.3500,15312.6500,14980.4500,15069.1000
2023-09-25,15049.4000,15130.3500,14986.0500,15017.4000
2023-09-26,15032.9000,15078.6000,14964.4000,14981.6500
2023-09-27,15038.4000,15185.5000,15001.3500,15159.8000
2023-09-28,15195.7000,15217.6500,14983.3500,15023.1500
2023-09-29,15112.1000,15513.6500,15108.5500,15422.7500
2023-10-01,12775.8500,12818.2500,12736.2000,12766.6000
2023-10-02,12293.7000,12347.1500,12207.4500,12327.0000
2023-10-03,15425.6500,15441.0500,15260.6500,15281.3000
2023-10-04,15243.4500,15260.7000,14985.0000,15067.1500
2023-10-05,15097.2000,15132.7500,14988.7500,15021.4000
2023-10-06,15086.8000,15161.6500,15082.0500,15128.4500
2023-10-07,13811.1500,13821.0000,13705.3500,13751.8000
2023-10-08,15711.4000,15750.5000,15513.6500,15580.7000
2023-10-09,15002.7000,15186.6000,14993.0500,15103.8500
2023-10-10,15114.2500,15142.0500,15055.3000,15106.7000
2023-10-11,15491.7000,15529.1000,15386.3000,15516.5000
2023-10-12,15243.8000,15269.6500,15137.0500,15186.2000
2023-10-13,15106.4500,15244.9500,15093.8000,15235.0500
2023-10-16,15230.0000,15249.9500,15147.1500,15164.7500
2023-10-17,15222.6000,15293.2000,15162.5000,15211.9500
2023-10-18,15231.9000,15394.1500,15212.6500,15331.3000
2023-10-19,15296.3000,15310.8500,15191.9500,15273.4000
2023-10-20,15239.1500,15243.4500,15070.0500,15107.1500
2023-10-23,15060.7000,15218.0000,14882.0500,14911.6500
2023-10-25,14969.3500,14990.6000,14754.8000,14800.1500
2023-10-26,14751.5000,14761.2000,14544.2500,14648.5500
2023-10-27,14706.5000,14818.9500,14667.9500,14738.5000
2023-10-30,14786.6500,14827.6500,14687.4000,14775.6000
2023-10-31,14826.7500,14871.2500,14629.2000,14683.6500
2023-11-01,12782.1500,12806.4000,12657.4000,12682.2500
2023-11-02,14820.9500,14894.9000,14803.8500,14834.4500
2023-11-03,14921.6500,14960.0500,14864.8500,14882.3500
2023-11-04,12308.5000,12401.1000,12250.1500,12300.0000
2023-11-05,12659.2500,12671.1000,12464.8500,12557.0500
2023-11-06,14934.4500,15088.8000,14929.8500,15072.3000
2023-11-07,13795.5500,13915.5000,13780.4500,13895.4000
2023-11-08,15335.8500,15561.8500,15314.4000,15497.2500
2023-11-09,15558.6500,15574.9500,15444.6000,15491.8500
2023-11-10,15136.7500,15257.8500,15136.4500,15176.6000
2023-11-12,15576.4500,15599.7500,15539.8500,15562.6500
2023-11-13,15533.9000,15607.8500,15430.4000,15497.1500
2023-11-15,15596.1000,15600.7500,15472.5500,15516.2500
2023-11-16,15535.4500,15715.2500,15518.6000,15651.1000
2023-11-17,15671.7000,15821.2500,15658.7000,15804.5000
2023-11-20,15809.4500,15950.8000,15782.9500,15806.7500
2023-11-21,15849.9500,15997.6000,15814.6500,15968.9000
2023-11-22,16008.9000,16175.2500,15987.1000,16069.8000
2023-11-23,16092.4500,16094.5500,15792.0000,15817.4500
2023-11-24,15884.7000,16046.7500,15880.9000,15954.5000
2023-11-28,15980.8000,16006.5000,15884.3500,15900.3000
2023-11-29,15952.5000,16016.6000,15903.7500,15990.1000
2023-11-30,15973.2000,16279.1000,15971.7500,16238.9000
2023-12-01,16298.9500,16385.3500,16222.8500,16257.0500
2023-12-04,12337.8000,12581.1000,12315.0000,12574.2000
2023-12-05,12564.3500,12591.6500,12435.2500,12486.7000
2023-12-06,12850.4500,12900.6000,12796.0500,12856.0500
2023-12-07,13918.2000,13970.3000,13873.7500,13936.7000
2023-12-08,16311.0500,16365.6000,16079.3000,16163.1500
2023-12-09,15358.0000,15536.1000,15275.5500,15328.6500
2023-12-10,15243.8000,15269.6500,15137.0500,15186.2000
2023-12-11,16077.9000,16089.9500,15909.5500,16039.9000
2023-12-12,16109.8000,16167.9500,15914.3000,15963.5000
2023-12-13,15986.8500,16168.5500,15938.7500,16142.4000
2023-12-14,16202.3000,16210.7000,16089.7500,16155.7000
2023-12-15,16250.9000,16258.3000,16150.5000,16179.8000
2023-12-18,16196.4000,16438.7500,16161.6000,16332.1500
2023-12-19,16407.8000,16433.8000,16228.3000,16391.2500
2023-12-20,16461.7500,16467.8000,16086.0000,16121.2500
2023-12-21,16048.4000,16278.2000,15868.1500,16238.1500
2023-12-22,16312.5000,16500.9000,16281.4500,16394.3500
2023-12-26,16418.6000,16580.6500,16385.7000,16562.6000
2023-12-27,16609.0000,16690.9000,16530.4500,16655.9500
2023-12-28,16698.1000,16894.1000,16617.3500,16860.8500
2023-12-29,16878.9500,16909.1000,16769.5000,16831.8000
2024-01-01,16859.5000,16914.1000,16819.0000,16858.7500
2024-01-02,16903.9500,17301.4000,16878.5000,17274.3000
2024-01-03,17311.8500,17423.4500,17241.0500,17379.8000
2024-01-04,17426.5000,17529.8500,17326.7500,17413.2000
2024-01-05,17483.5000,17484.6000,17241.1000,17358.6000
2024-01-07,19794.8500,19823.3500,19660.9500,19758.2500
2024-01-08,21840.1500,21875.1500,21694.9000,21790.3500
2024-01-09,17319.2500,17414.8000,17240.3500,17346.3000
2024-01-10,17401.0500,17476.0000,17271.6500,17401.9000
2024-01-11,22886.4500,22894.5500,22724.3000,22807.1500
2024-01-12,17427.0000,17430.1500,17271.4000,17347.4500
2024-01-15,17423.2500,17603.8500,17334.1500,17520.4500
2024-01-16,17526.9500,17531.8500,17235.7000,17320.1500
2024-01-17,17285.3500,17319.7000,17130.4500,17154.0000
2024-01-18,17128.3500,17382.3500,16818.7000,17331.2500
2024-01-19,17416.4500,17460.5500,17308.1000,17388.0000
2024-01-20,17454.3000,17481.6500,17212.7500,17233.8000
2024-01-23,17361.9500,17689.9500,17347.3500,17520.3000
2024-01-24,17557.0500,17796.0000,17431.6000,17763.7000
2024-01-25,17721.0500,17738.9000,17438.9000,17532.5500
2024-01-29,17511.3500,17676.9000,17432.4500,17623.6000
2024-01-30,17674.0000,17750.5000,17452.7000,17470.1500
2024-01-31,17463.3000,18003.1500,17451.2500,17938.6500
2024-02-01,16903.9500,17301.4000,16878.5000,17274.3000
2024-02-02,17885.3500,18084.7000,17884.7000,17972.1000
2024-02-03,18946.6000,18984.9000,18836.0000,18905.5500
2024-02-04,19235.1500,19237.7500,19124.5500,19185.1500
2024-02-05,18991.5500,19182.4000,18990.4500,19124.4500
2024-02-06,18301.3000,18533.7000,18286.9000,18488.0500
2024-02-07,19776.7000,19818.7500,19697.3500,19786.4000
2024-02-08,21620.4000,22005.1000,21528.6500,21902.8500
2024-02-09,18569.1500,18666.2000,18391.2000,18617.1000
2024-02-12,18685.6500,18850.3000,18605.2000,18669.5500
2024-02-13,18705.1500,18780.0500,18619.3500,18753.9500
2024-02-14,18714.4500,18715.7000,18398.3000,18584.3500
2024-02-15,18627.7000,18694.2500,18516.2500,18567.7000
2024-02-16,18648.5000,18958.8500,18621.0000,18870.8000
2024-02-19,18938.7000,19079.3000,18897.2000,19037.7000
2024-02-20,19059.5500,19076.8000,18802.2000,18993.0000
2024-02-21,19015.7500,19061.3500,18830.1000,18916.4500
2024-02-22,18999.8500,19002.8500,18755.6500,18969.4500
2024-02-23,18984.9500,19134.8000,18957.7500,19048.4000
2024-02-26,19065.0500,19119.3000,18797.2500,18956.4500
2024-02-27,18946.4500,19075.8500,18897.4500,19064.2000
2024-02-28,19094.4000,19112.0500,18874.5500,18942.5500
2024-02-29,18930.6500,19056.4500,18761.2500,19003.1500
2024-03-01,19058.0000,19060.4500,18796.9000,18822.3000
2024-03-02,18946.6000,18984.9000,18836.0000,18905.5500
2024-03-04,19172.7000,19272.6500,19058.4000,19153.0500
2024-03-05,18965.2500,19033.0000,18833.8500,19018.5000
2024-03-06,19022.9000,19172.3500,18811.3000,19140.0000
2024-03-07,19158.1500,19277.7000,19123.1000,19194.1000
2024-03-09,23035.1000,23219.3500,22986.3000,23014.3000
2024-03-10,23168.3000,23356.0000,23090.2500,23178.7500
2024-03-11,19313.2000,19397.2500,19173.8000,19202.0500
2024-03-12,19219.3000,19322.5500,18910.6500,18958.7000
2024-03-13,18961.2000,19022.2000,18495.0000,18635.7000
2024-03-14,18632.0500,18919.6000,18517.6000,18897.1000
2024-03-15,18876.8000,18916.2000,18588.8500,18718.4500
2024-03-18,18713.4000,18851.7000,18637.3500,18814.3500
2024-03-19,18820.8500,18833.3500,18370.3000,18405.6500
2024-03-20,18463.1000,18497.6500,18189.9500,18361.4000
2024-03-21,18494.0000,18611.5500,18366.8500,18582.6000
2024-03-22,18594.7500,18881.2500,18583.7500,18815.6000
2024-03-26,18690.1000,18890.3000,18684.8000,18809.4500
2024-03-27,18880.9500,18913.1500,18729.7500,18768.4000
2024-03-28,18824.2000,19082.0500,18773.9500,18996.1500
2024-04-01,17426.5000,17529.8500,17326.7500,17413.2000
2024-04-02,19235.1500,19237.7500,19124.5500,19185.1500
2024-04-03,18933.9000,19158.7000,18933.7000,18960.2000
2024-04-04,19220.7000,19222.0000,18952.6500,19125.2000
2024-04-05,19084.2000,19395.5500,19076.6000,19160.7500
2024-04-06,18942.4000,18977.8000,17904.7500,18603.1500
2024-04-07,19955.7000,20238.6000,19872.9500,20192.6000
2024-04-08,19246.5000,19288.4500,19138.2000,19218.8500
2024-04-09,19275.8500,19286.0000,19138.2000,19182.3000
2024-04-10,19210.2000,19225.4000,19070.2500,19117.0000
2024-04-11,22817.0000,22817.0000,22421.2500,22638.3000
2024-04-12,19068.2000,19113.5500,18765.8000,18788.6500
2024-04-15,18613.7500,18685.4000,18545.5500,18617.6500
2024-04-16,18571.9000,18726.7500,18525.8000,18695.6000
2024-04-18,18790.4000,18815.6000,18479.2000,18525.7500
2024-04-19,18413.5000,18470.4500,18298.2500,18404.6000
2024-04-22,18512.4500,18691.6500,18500.1000,18643.0000
2024-04-23,18781.7500,18788.6000,18444.9000,18463.7500
2024-04-24,18508.9000,18643.1500,18490.5000,18586.2000
2024-04-25,18631.8500,18907.4500,18605.1000,18878.1500
2024-04-26,18937.5500,19056.7000,18891.5000,18994.6500
2024-04-29,19096.7000,19153.2000,18998.0500,19096.9000
2024-04-30,19168.8000,19222.3000,18938.8500,18970.6000
2024-05-01,17483.5000,17484.6000,17241.1000,17358.6000
2024-05-02,18991.5500,19182.4000,18990.4500,19124.4500
2024-05-03,19203.8500,19267.1500,19057.3000,19133.4000
2024-05-04,19084.2000,19395.5500,19076.6000,19160.7500
2024-05-06,19193.9000,19228.3000,18969.5000,19203.3000
2024-05-07,20237.5000,20516.1000,20230.1000,20453.8500
2024-05-08,18739.9500,18885.5500,18613.4500,18850.8500
2024-05-09,18870.1500,18920.3000,18406.6500,18437.0500
2024-05-10,18469.6000,18699.8500,18449.7000,18609.4500
2024-05-11,22613.8500,22788.1500,22381.6000,22661.2500
2024-05-12,22485.6500,22528.3000,22145.0500,22463.4000
2024-05-13,18680.1000,18971.7500,18638.6000,18939.0000
2024-05-14,18956.7500,18978.7500,18795.1500,18860.8500
2024-05-15,18952.0000,19032.8500,18857.5500,18886.5500
2024-05-16,18961.4000,19024.3500,18727.2500,18996.1500
2024-05-17,19028.5000,19039.6500,18933.5500,18981.6000
2024-05-18,19057.4500,19155.4000,19054.5000,19108.0000
2024-05-21,19080.5000,19280.5500,19021.5500,19205.2000
2024-05-22,19305.9000,19422.2000,19051.5500,19317.4000
2024-05-23,19285.4500,19285.4500,18994.3000,19216.3500
2024-05-24,19252.1500,19256.8500,19094.3500,19119.5000
2024-05-27,19258.1500,19313.4000,19070.0500,19111.9500
2024-05-28,19171.3000,19341.8000,19131.2000,19215.7500
2024-05-29,19208.5000,19415.0000,19150.2000,19321.3500
2024-05-30,19274.3500,19287.7500,18910.8000,18971.0000
2024-05-31,19015.5000,19067.1500,18732.3500,18796.3000
2024-06-02,18301.3000,18533.7000,18286.9000,18488.0500
2024-06-03,19022.9000,19172.3500,18811.3000,19140.0000
2024-06-04,18942.4000,18977.8000,17904.7500,18603.1500
2024-06-05,19193.9000,19228.3000,18969.5000,19203.3000
2024-06-06,19365.5500,19365.6000,19056.7500,19232.1000
2024-06-07,19297.9500,19596.7000,19270.1000,19578.0000
2024-06-08,21669.6500,21877.0000,21537.4500,21562.5500
2024-06-09,23154.7000,23233.1500,22988.9000,23043.4000
2024-06-10,19696.5500,19809.9000,19629.8500,19774.7000
2024-06-11,22781.1500,22979.3500,22687.6000,22920.3500
2024-06-12,19763.1500,19794.0500,19658.0500,19739.1000
2024-06-13,19842.5500,19878.2500,19706.5500,19838.5000
2024-06-14,19860.2500,19918.6500,19821.4000,19895.6500
2024-06-18,19907.5000,19927.9000,19710.9000,19826.6500
2024-06-19,19894.6500,19904.5000,19618.2500,19644.5000
2024-06-20,19594.7500,19606.8500,19477.7000,19544.5500
2024-06-21,19593.7500,19757.7500,19491.5000,19528.4000
2024-06-24,19511.8500,19627.1500,19442.4500,19521.1500
2024-06-25,19579.9000,19630.6000,19455.8500,19532.3000
2024-06-26,19528.8500,19601.4000,19433.3500,19545.3500
2024-06-27,19549.0500,19631.1500,19414.9000,19514.8000
2024-06-28,19557.6500,19797.9000,19555.6500,19731.5500
2024-07-01,19794.8500,19823.3500,19660.9500,19758.2500
2024-07-02,19776.7000,19818.7500,19697.3500,19786.4000
2024-07-03,19813.5500,19965.8000,19707.9000,19915.3000
2024-07-04,19955.7000,20238.6000,19872.9500,20192.6000
2024-07-05,20237.5000,20516.1000,20230.1000,20453.8500
2024-07-06,19297.9500,19596.7000,19270.1000,19578.0000
2024-07-08,20493.2000,20575.3500,20283.0000,20325.8000
2024-07-09,20396.7000,20670.8500,20308.0000,20645.8000
2024-07-10,23145.2000,23215.4500,22852.7000,22977.8000
2024-07-11,23028.5000,23032.5500,22478.2000,22526.9500
2024-07-12,20631.1000,20653.3500,20501.1500,20612.6500
2024-07-15,20705.8000,20960.3000,20675.2000,20844.5500
2024-07-16,20869.9500,20913.5000,20729.8500,20765.4500
2024-07-18,20737.0000,20805.2500,20563.7000,20768.3500
2024-07-19,20706.1500,20722.2000,20398.4500,20425.4000
2024-07-22,20319.7000,20716.4500,20275.2500,20641.5500
2024-07-23,20644.8500,20788.4000,20329.4500,20755.3500
2024-07-24,20790.5500,20962.5500,20670.2500,20908.5000
2024-07-25,20817.4500,21139.3000,20739.1500,21105.5000
2024-07-26,21184.6000,21703.3000,21159.0000,21603.1000
2024-07-29,21701.5500,21745.2500,21474.7500,21674.9500
2024-07-30,21667.4000,21754.9500,21516.5000,21540.8000
2024-07-31,21566.6500,21824.7000,21566.6500,21777.1500
2024-08-01,17435.8000,17438.4500,17162.0000,17195.9500
2024-08-02,18716.7500,18729.6500,18493.5500,18520.3000
2024-08-04,19246.5000,19288.4500,19138.2000,19218.8500
2024-08-05,21526.8000,21878.8000,21501.8000,21583.0500
2024-08-06,21669.6500,21877.0000,21537.4500,21562.5500
2024-08-07,21755.6500,22050.3000,21682.7500,22036.9500
2024-08-08,22065.6500,22301.0500,22033.7000,22114.2500
2024-08-09,22239.7000,22299.4500,22155.2500,22209.5500
2024-08-10,22925.7000,23345.5500,22896.0500,23307.9500
2024-08-11,22603.4500,22673.3500,22428.8000,22542.2500
2024-08-12,22209.0500,22262.5000,22109.2000,22205.6000
2024-08-13,22303.8000,22326.5500,22152.5500,22191.6000
2024-08-14,22276.8500,22276.8500,21945.9000,22012.7000
2024-08-16,22127.6000,22152.9000,21933.7000,22106.5000
2024-08-19,22200.9000,22292.5000,22124.7000,22237.8500
2024-08-20,22313.9500,22385.0000,22179.7500,22374.2500
2024-08-21,22420.9000,22588.6500,22349.7500,22577.9000
2024-08-22,22660.3000,22661.0000,22501.9500,22546.1000
2024-08-23,22565.6000,22608.1000,22450.8500,22527.8500
2024-08-26,22520.6500,22607.3500,22437.1500,22554.9500
2024-08-27,22597.8000,22758.5000,22547.5000,22729.0000
2024-08-28,22815.7000,23090.7500,22710.5500,22989.1000
2024-08-29,22969.0000,23111.5000,22774.2500,22878.0500
2024-08-30,22918.7000,23275.5000,22915.3000,23217.6000
2024-09-01,17319.2500,17414.8000,17240.3500,17346.3000
2024-09-02,18569.1500,18666.2000,18391.2000,18617.1000
2024-09-03,23035.1000,23219.3500,22986.3000,23014.3000
2024-09-04,22942.9000,23214.5000,22902.3000,23184.4000
2024-09-05,23216.9000,23404.8500,23116.9000,23156.7000
2024-09-06,23154.7000,23233.1500,22988.9000,23043.4000
2024-09-07,20396.7000,20670.8500,20308.0000,20645.8000
2024-09-08,22239.7000,22299.4500,22155.2500,22209.5500
2024-09-09,23019.0000,23100.8500,22884.5500,23009.4000
2024-09-10,23126.3000,23297.5000,23109.7500,23256.8500
2024-09-11,23293.1500,23463.1000,23175.7500,23220.4000
2024-09-12,22434.5000,22463.2500,22266.3000,22309.1000
2024-09-13,23466.2500,23521.1500,23365.0500,23457.6500
2024-09-16,23560.5500,23573.8500,23414.9000,23448.7500
2024-09-17,23472.9500,23504.5000,23367.5500,23383.6500
2024-09-18,23411.6500,23414.1500,22914.7500,23025.2000
2024-09-19,23108.6500,23160.1000,22802.6000,22930.1500
2024-09-20,23014.4000,23062.4000,22857.0500,23005.2500
2024-09-23,23134.3500,23292.0500,23035.6000,23134.2500
2024-09-24,23103.3000,23240.6000,23094.8000,23188.4000
2024-09-25,23241.9000,23278.9000,23087.7000,23249.0000
2024-09-26,23275.4000,23287.2500,23022.1500,23250.9000
2024-09-27,23268.5500,23557.4500,23257.3500,23519.1000
2024-09-30,23497.7500,23578.5000,23250.4000,23281.2000
2024-10-01,23294.2500,23328.6500,23084.0500,23296.5500
2024-10-03,23168.3000,23356.0000,23090.2500,23178.7500
2024-10-04,23140.0000,23442.0000,22983.5000,23094.7000
2024-10-05,18469.6000,18699.8500,18449.7000,18609.4500
2024-10-06,19696.5500,19809.9000,19629.8500,19774.7000
2024-10-07,23145.2000,23215.4500,22852.7000,22977.8000
2024-10-08,22925.7000,23345.5500,22896.0500,23307.9500
2024-10-09,23126.3000,23297.5000,23109.7500,23256.8500
2024-10-10,23834.0000,23885.9500,23254.6000,23305.1500
2024-10-11,23378.0500,23592.9000,23261.1500,23582.2500
2024-10-12,22392.4000,22419.2000,22179.4000,22291.4500
2024-10-14,23624.1000,23713.9500,23475.8500,23680.0000
2024-10-15,23727.0500,23808.8500,23495.5500,23555.7000
2024-10-16,23561.7000,23591.8000,23331.5500,23467.3500
2024-10-17,23569.2000,23577.9500,23200.5500,23254.0000
2024-10-18,23249.2500,23426.5500,23075.5000,23356.2000
2024-10-21,23412.7000,23486.9500,23074.5500,23122.7000
2024-10-22,23126.2500,23206.4500,22790.8500,22828.2000
2024-10-23,22764.4500,22896.1500,22437.9500,22471.6000
2024-10-24,22493.1500,22651.9000,22464.1000,22570.8000
2024-10-25,22606.2000,22752.2000,22463.0000,22574.5500
2024-10-28,22604.0500,22948.7000,22430.4500,22857.2500
2024-10-29,22978.6500,23003.9500,22360.5000,22601.4000
2024-10-30,22512.8000,22569.0000,22216.9500,22374.9500
2024-10-31,22639.8000,22781.1000,22550.5000,22735.5500
2024-11-01,17449.4000,17470.7500,17331.1500,17380.5500
2024-11-03,19313.2000,19397.2500,19173.8000,19202.0500
2024-11-04,22817.0000,22817.0000,22421.2500,22638.3000
2024-11-05,22613.8500,22788.1500,22381.6000,22661.2500
2024-11-06,22781.1500,22979.3500,22687.6000,22920.3500
2024-11-07,20781.8000,20804.2500,20525.5000,20601.7000
2024-11-08,22603.4500,22673.3500,22428.8000,22542.2500
2024-11-09,23293.1500,23463.1000,23175.7500,23220.4000
2024-11-10,23378.0500,23592.9000,23261.1500,23582.2500
2024-11-11,22671.0500,22678.5500,22285.9500,22344.2500
2024-11-12,22352.0000,22397.1500,22267.1000,22302.6000
2024-11-13,22089.3000,22120.6500,21757.2000,21809.3000
2024-11-14,21802.6500,22012.0000,21693.9000,21752.0000
2024-11-18,21802.6500,21851.4000,21475.9500,21544.1500
2024-11-19,21505.3500,21990.0500,21495.7500,21768.8500
2024-11-21,21672.0500,21857.8500,21552.9000,21740.1000
2024-11-22,21769.3500,22024.3000,21721.5500,21962.0500
2024-11-25,22163.8500,22275.7000,22064.9000,22177.0500
2024-11-26,22231.7500,22250.5500,21924.8500,21961.7500
2024-11-27,21970.0000,22037.7000,21751.9000,21828.6000
2024-11-28,21855.8000,21884.5000,21649.5000,21728.6000
2024-11-29,21817.6500,22297.5500,21796.3000,22240.2000
2024-12-01,17427.0000,17430.1500,17271.4000,17347.4500
2024-12-02,18685.6500,18850.3000,18605.2000,18669.5500
2024-12-03,19219.3000,19322.5500,18910.6500,18958.7000
2024-12-04,19068.2000,19113.5500,18765.8000,18788.6500
2024-12-05,22485.6500,22528.3000,22145.0500,22463.4000
2024-12-06,22548.5500,22562.9500,22398.0500,22434.7500
2024-12-07,20631.1000,20653.3500,20501.1500,20612.6500
2024-12-08,22209.0500,22262.5000,22109.2000,22205.6000
2024-12-09,22434.5000,22463.2500,22266.3000,22309.1000
2024-12-10,22392.4000,22419.2000,22179.4000,22291.4500
2024-12-11,22352.0000,22397.1500,22267.1000,22302.6000
2024-12-12,22402.3000,22420.5500,22187.7500,22229.3000
2024-12-13,22184.4000,22222.5000,21798.0000,22157.3500
2024-12-16,22212.2000,22289.3500,22067.1000,22255.5500
2024-12-17,22307.4000,22350.5000,22015.7500,22074.5500
2024-12-18,22105.8500,22431.1000,22099.8500,22314.5500
2024-12-19,22209.3500,22726.9000,22163.6000,22697.9000
2024-12-20,22708.4500,22791.0000,22452.4500,22501.8500
2024-12-23,22603.8000,22705.4500,22363.5500,22572.0500
2024-12-24,22603.1000,22669.3000,22470.4000,22558.9000
2024-12-26,22571.4000,22745.3500,22451.2000,22712.5500
2024-12-27,22756.3000,23066.1000,22691.0500,23008.3500
2024-12-30,23037.2000,23313.2000,22980.8000,23241.1500
2024-12-31,23191.3500,23511.9500,23152.0500,23412.2500
2025-01-01,23441.8000,23509.6500,23321.6500,23459.7500
2025-01-02,21443.2500,21670.4500,21234.2000,21334.8000
2025-01-03,23569.9500,23604.4500,23208.8500,23263.5000
2025-01-04,21085.5000,21218.4500,20704.7000,20771.8000
2025-01-06,23283.9500,23301.8500,22912.3000,23073.0500
2025-01-07,22097.9000,22124.0500,21856.2000,22041.2500
2025-01-08,23338.7000,23418.2000,22897.5000,23011.1000
2025-01-09,23043.1500,23085.3000,22836.2000,22868.1000
2025-01-10,21511.5000,21786.5500,21511.5000,21733.5000
2025-01-12,23076.9500,23101.1000,22810.2500,22887.7500
2025-01-13,22256.9500,22277.8000,21848.5500,21903.3500
2025-01-14,21970.7500,22250.0000,21910.0500,22203.9000
2025-01-15,22281.8500,22288.5500,21834.0000,21972.7000
2025-01-16,22083.5500,22085.7000,21810.3000,21909.7500
2025-01-17,21950.3000,22124.4000,21836.9500,22061.7000
2025-01-20,22099.8000,22213.9000,21863.4500,22182.4000
2025-01-21,22195.7500,22395.8000,21862.6500,21882.9000
2025-01-22,21962.9500,22055.0500,21829.4500,22034.9500
2025-01-23,21980.3000,22373.9500,21959.9500,22343.3000
2025-01-24,22199.5500,22249.7500,21775.9000,21872.4000
2025-01-27,21786.0000,21807.1500,21225.6500,21292.3000
2025-01-28,21266.8000,21272.5500,20673.8000,20796.6000
2025-01-29,20816.0000,21220.3500,20783.9500,21163.9000
2025-01-30,21245.6000,21485.3000,21198.5000,21419.6500
2025-01-31,21413.1000,21641.2000,21304.8500,21438.6000
2025-02-01,23494.6500,23566.7500,23308.9500,23553.4000
2025-02-03,21370.2000,21397.8000,21060.7000,21361.6000
2025-02-04,20771.0500,20983.9000,20615.3500,20952.8500
2025-02-05,21729.9000,21863.0000,21495.0500,21627.4500
2025-02-06,21942.3500,22170.8500,21910.3500,22009.0500
2025-02-07,22049.4500,22143.8000,21891.5500,22077.0000
2025-02-09,21813.9500,21845.0500,21676.5500,21719.9500
2025-02-10,22028.8500,22082.0000,21608.6000,21665.6500
2025-02-11,21680.9000,21704.9500,21123.6500,21249.5000
2025-02-12,21287.9500,21306.5000,20931.1500,21142.0500
2025-02-13,21165.4500,21611.2000,21165.4500,21427.1000
2025-02-14,21466.8000,21499.7000,20673.1000,20811.5500
2025-02-17,20755.5500,21157.9000,20652.9500,21076.0000
2025-02-18,21060.5500,21142.0500,20835.5500,20969.2000
2025-02-19,20590.6000,20930.1500,20299.9500,20820.0000
2025-02-20,20746.3000,20841.1500,20682.1000,20785.7500
2025-02-21,20824.7000,20869.1000,20303.3500,20385.6500
2025-02-24,20256.6000,20550.6000,20222.1500,20389.7000
2025-02-25,20393.3500,20500.8500,20203.4000,20249.1500
2025-02-27,20292.8000,20336.9000,20051.6500,20201.2500
2025-02-28,20223.9000,20223.9000,19755.8000,19813.5000
2025-03-01,23569.9500,23604.4500,23208.8500,23263.5000
2025-03-02,21370.2000,21397.8000,21060.7000,21361.6000
2025-03-03,19764.2500,19908.9500,19633.9500,19879.8000
2025-03-04,21571.8500,21996.6000,21372.4000,21423.5500
2025-03-05,19761.6000,20149.6500,19713.1000,20126.8000
2025-03-06,21514.5500,21514.5500,21303.8500,21354.2000
2025-03-07,22155.7500,22238.3500,22103.9500,22204.2500
2025-03-09,21741.2500,21985.2000,21697.2000,21959.6000
2025-03-10,21684.2000,21873.2000,21660.7000,21756.3500
2025-03-11,22187.1000,22472.8500,22154.9500,22442.6000
2025-03-12,20357.0000,20443.3500,20178.3000,20424.0000
2025-03-13,20458.5000,20499.5000,20305.1500,20386.8500
2025-03-17,20442.0000,20775.5500,20404.5500,20703.9500
2025-03-18,20807.8000,21077.3000,20712.2500,21041.3000
2025-03-19,21133.2500,21172.2000,20915.3000,21145.6500
2025-03-20,21242.8500,21364.9500,21112.0000,21340.6000
2025-03-21,21417.5000,21680.8000,21358.0000,21625.9000
2025-03-24,21734.8500,21807.8000,21607.6500,21771.1500
2025-03-25,21840.4000,21869.0000,21427.8000,21542.5000
2025-03-26,21568.9500,21594.4500,21299.9000,21360.6000
2025-03-27,21247.1000,21305.0500,21042.8500,21275.1500
2025-03-28,21277.3000,21313.3500,20999.9500,21137.4500
2025-04-01,21085.5000,21218.4500,20704.7000,20771.8000
2025-04-02,20771.0500,20983.9000,20615.3500,20952.8500
2025-04-03,19795.2000,19884.9000,19635.1500,19820.6500
2025-04-04,21430.9500,21431.2000,20089.4500,20560.0000
2025-04-06,21338.7000,21461.3500,21311.7000,21371.7000
2025-04-07,22261.1500,22409.9000,22196.6500,22384.6000
2025-04-08,20103.0000,20471.3000,20077.9000,20377.9000
2025-04-09,20019.9000,20137.9000,19839.6000,19976.3000
2025-04-11,20608.3500,20684.7500,20379.2500,20461.9000
2025-04-12,22912.9500,22987.9000,22838.2500,22958.9500
2025-04-15,20823.2000,20957.2500,20665.2500,20912.2000
2025-04-16,20844.3000,20972.1000,20768.2000,20874.3000
2025-04-17,20886.7000,21166.7000,20862.8000,21126.7500
2025-04-21,21308.9000,21380.4000,21078.0500,21351.0500
2025-04-22,21378.8000,21501.8500,21202.3000,21438.0500
2025-04-23,21537.7000,21759.5500,21422.6500,21738.9500
2025-04-24,21769.1500,22058.2000,21679.4000,21974.6000
2025-04-25,22008.5000,22116.2500,21323.2000,21482.5500
2025-04-28,21466.1000,21961.9000,21465.5000,21908.1000
2025-04-29,21948.1000,21980.8500,21567.2000,21676.6500
2025-04-30,21708.8500,21970.0000,21668.1500,21772.4500
2025-05-02,21807.6500,21929.9000,21604.5500,21868.5000
2025-05-03,19761.6000,20149.6500,19713.1000,20126.8000
2025-05-05,21699.1000,21802.0500,21627.0000,21775.7500
2025-05-06,21407.3000,21694.0500,21405.9000,21644.2000
2025-05-07,21320.8000,21556.1000,21313.4000,21462.4500
2025-05-08,22142.6500,22237.6000,21879.6500,21970.1500
2025-05-09,21927.3500,22139.8500,21842.2000,21924.8000
2025-05-12,22973.2000,22974.0000,22839.8000,22947.1500
2025-05-13,21226.3000,21589.1000,21225.8000,21359.7500
2025-05-14,21362.2000,21508.4000,21176.7500,21480.5000
2025-05-15,21489.2000,21671.3500,21327.9500,21650.6500
2025-05-16,21717.0000,21717.0000,21504.5000,21633.2000
2025-05-19,21723.8500,22026.6500,21662.5000,21740.4500
2025-05-20,21819.6500,21857.6500,21427.7500,21456.1500
2025-05-21,21489.2000,21947.5000,21461.2000,21723.6500
2025-05-22,21703.3500,21741.7000,21431.4500,21521.7500
2025-05-23,21389.3500,21452.1000,21172.8500,21434.2500
2025-05-26,21541.6500,21650.4500,21443.3000,21501.8000
2025-05-27,21520.3500,21590.8000,21444.2000,21524.9500
2025-05-28,21562.6000,21574.5500,21356.3500,21393.3000
2025-05-29,21489.9000,21610.7000,21419.3500,21589.3500
2025-05-30,21570.8000,21641.5500,21390.1000,21442.0500
2025-06-01,23283.9500,23301.8500,22912.3000,23073.0500
2025-06-02,21445.5000,21465.5500,21261.0000,21394.1000
2025-06-03,21514.5500,21514.5500,21303.8500,21354.2000
2025-06-04,21338.7000,21461.3500,21311.7000,21371.7000
2025-06-05,21672.8500,21700.3000,21359.3000,21534.3500
2025-06-06,21686.8500,21707.7000,21557.0000,21684.4000
2025-06-08,21966.5000,21966.6000,21487.3000,21523.7500
2025-06-09,21751.1000,21840.9500,21694.8000,21826.8000
2025-06-10,21727.1500,21799.0000,21591.4500,21779.8500
2025-06-11,22393.8500,22474.5500,22167.9500,22250.5500
2025-06-12,22124.8000,22354.7500,21968.7500,22036.1500
2025-06-13,21778.3500,22008.9000,21742.0500,21985.1500
2025-06-16,21899.3500,22058.6000,21840.3500,22039.4500
2025-06-17,22029.1500,22057.1500,21516.9500,21622.8000
2025-06-18,21587.1500,21724.1000,21534.7500,21588.4000
2025-06-19,21583.8500,21619.3000,21394.8500,21441.8500
2025-06-20,21443.6500,21642.6500,21424.7500,21613.0000
2025-06-23,21531.3000,21672.7000,21460.7500,21626.2000
2025-06-24,21728.2000,21864.3500,21655.7500,21672.1000
2025-06-25,21749.8000,21832.4000,21708.4500,21804.8000
2025-06-26,21835.9000,21860.8000,21665.3500,21808.2000
2025-06-27,21850.8500,22001.0000,21823.6000,21928.6000
2025-06-30,22036.2500,22079.1000,21934.2000,22038.7000
2025-07-01,22097.9000,22124.0500,21856.2000,22041.2500
2025-07-02,22049.4500,22143.8000,21891.5500,22077.0000
2025-07-03,20458.6000,20509.7000,20327.7500,20378.3000
2025-07-04,19122.7000,20150.0000,19121.1000,19995.5000
2025-07-05,21320.8000,21556.1000,21313.4000,21462.4500
2025-07-07,22401.5500,22418.2000,22262.4000,22365.0500
2025-07-08,21380.9000,21712.3500,21325.2000,21684.8000
2025-07-09,22109.7500,22267.2000,22073.1500,22208.5000
2025-07-10,21813.7500,21900.3500,21737.3000,21875.3000
2025-07-11,22172.9000,22346.8000,22124.8500,22225.9000
2025-07-14,22166.5000,22502.3000,22118.6500,22410.3500
2025-07-15,22513.5000,22688.6500,22373.8500,22665.7000
2025-07-16,22678.6000,22694.8500,22562.2500,22593.9000
2025-07-17,22647.6000,22794.2000,22625.8500,22680.3500
2025-07-18,22713.5500,22720.3000,22511.6500,22592.7500
2025-07-21,22567.9500,22615.1500,22439.1500,22531.8500
2025-07-22,22529.1000,22570.4000,22275.5000,22307.2000
2025-07-23,22326.0500,22436.0500,22297.4000,22417.4500
2025-07-24,22457.2000,22618.7000,22455.1000,22541.0500
2025-07-25,22525.5500,22715.9500,22440.0500,22662.7000
2025-07-28,22690.5000,22908.4000,22662.8000,22761.1500
2025-07-29,22741.5000,23115.0500,22732.6000,23072.4500
2025-07-30,23102.0500,23162.4500,22996.5500,23073.9000
2025-07-31,22772.9000,22993.8500,22701.8500,22771.0500
2025-08-01,23338.7000,23418.2000,22897.5000,23011.1000
2025-08-04,22038.5000,22206.8000,21890.5500,22153.8000
2025-08-05,21464.7500,21517.9500,21013.0000,21115.0500
2025-08-06,21966.5000,21966.6000,21487.3000,21523.7500
2025-08-07,22383.4000,22400.1500,21987.6500,22165.9000
2025-08-08,21633.0500,21676.1500,21375.9500,21402.1500
2025-08-09,21951.1000,22034.8000,21811.2500,21865.2000
2025-08-10,21856.1500,21973.6500,21677.1500,21707.3500
2025-08-11,21391.7500,21783.6000,21324.0500,21604.6500
2025-08-12,22938.1000,22946.7000,22556.3000,22640.7000
2025-08-13,21803.4500,22171.0500,21794.3000,22130.3000
2025-08-14,22176.8500,22370.4500,22077.5000,22151.8500
2025-08-18,22243.5000,22253.3000,22038.7000,22141.1500
2025-08-19,22167.1000,22177.4500,22030.5500,22066.7500
2025-08-20,22069.5500,22093.7000,21899.6500,21969.5000
2025-08-21,21958.6500,22253.7000,21867.7500,22177.7000
2025-08-22,22213.2000,22304.6500,22171.6000,22265.0000
2025-08-25,22361.6000,22394.0500,22259.6000,22362.8000
2025-08-26,22292.3500,22292.3500,21941.1500,21990.0000
2025-08-28,22043.8000,22051.8000,21732.3500,21808.3500
2025-08-29,21806.3500,21894.6000,21696.9000,21804.0500
2025-09-01,23043.1500,23085.3000,22836.2000,22868.1000
2025-09-02,21813.9500,21845.0500,21676.5500,21719.9500
2025-09-03,21741.2500,21985.2000,21697.2000,21959.6000
2025-09-04,20019.9000,20137.9000,19839.6000,19976.3000
2025-09-05,21927.3500,22139.8500,21842.2000,21924.8000
2025-09-06,21751.1000,21840.9500,21694.8000,21826.8000
2025-09-07,22109.7500,22267.2000,22073.1500,22208.5000
2025-09-08,21951.1000,22034.8000,21811.2500,21865.2000
2025-09-09,21885.2500,22080.4000,21883.5500,22052.6500
2025-09-10,22110.9500,22201.4500,22026.7500,22122.0500
2025-09-11,22150.3000,22307.8000,22039.5500,22224.0000
2025-09-12,22262.4000,22399.2500,22260.4500,22341.2000
2025-09-15,22315.3000,22330.9000,22111.8500,22198.7000
2025-09-16,22240.0000,22310.9000,22197.1000,22264.5500
2025-09-17,22274.5000,22307.0500,22194.6000,22241.3500
2025-09-18,22321.9000,22596.9000,22261.2000,22574.3500
2025-09-19,22636.2000,22716.9000,22580.7500,22686.6000
2025-09-22,22668.9500,22685.4500,22325.5000,22365.7500
2025-09-23,22386.5500,22434.7500,22210.2500,22299.1000
2025-09-24,22291.0500,22321.2500,22166.4000,22180.7000
2025-09-25,22219.6500,22311.1500,21956.2500,21977.7000
2025-09-26,21623.9500,21695.5500,21390.2500,21507.2000
2025-09-29,21543.4000,21740.8500,21443.8000,21475.3000
2025-09-30,21509.0500,21594.2500,21365.9000,21454.2500
2025-10-01,21511.5000,21786.5500,21511.5000,21733.5000
2025-10-02,22028.8500,22082.0000,21608.6000,21665.6500
2025-10-03,20429.9500,20591.3000,20198.3000,20256.5500
2025-10-06,21886.4000,21976.9000,21802.2000,21948.0000
2025-10-07,21813.7500,21900.3500,21737.3000,21875.3000
2025-10-08,21856.1500,21973.6500,21677.1500,21707.3500
2025-10-09,22110.9500,22201.4500,22026.7500,22122.0500
2025-10-10,21952.4000,22324.6000,21849.5500,22218.2500
2025-10-11,22249.1000,22422.5000,22212.8000,22379.8500
2025-10-12,22583.8000,22703.8500,22488.2000,22561.5000
2025-10-13,22154.7000,22231.8000,22094.6000,22205.1000
2025-10-14,22223.1500,22227.2500,21924.8500,22039.2500
2025-10-15,22047.0500,22146.9000,22007.9000,22057.3000
2025-10-16,22083.2500,22129.7000,22034.0500,22103.2000
2025-10-17,22122.2000,22341.0500,22039.0000,22253.7500
2025-10-20,22346.8500,22477.9500,22313.5000,22439.9000
2025-10-21,22509.5000,22547.8500,22477.1500,22515.7000
2025-10-23,22665.0000,22667.4500,22441.2500,22481.2500
2025-10-24,22492.0500,22517.9000,22273.0500,22357.3500
2025-10-27,22405.7000,22411.5500,22272.3500,22310.4000
2025-10-28,22316.8500,22377.4000,22147.6000,22250.9000
2025-10-29,22311.7500,22521.4500,22297.9500,22430.7000
2025-10-30,22388.1500,22388.1500,22105.4000,22298.2000
2025-10-31,22251.5500,22312.2000,22147.8500,22175.4000
2025-11-02,21680.9000,21704.9500,21123.6500,21249.5000
2025-11-03,20150.2500,20444.4500,20101.4500,20332.1000
2025-11-04,22475.3000,22494.9000,22286.0000,22334.4500
2025-11-06,22393.8500,22474.5500,22167.9500,22250.5500
2025-11-07,22260.9500,22320.0000,22105.2000,22169.8000
2025-11-08,21391.7500,21783.6000,21324.0500,21604.6500
2025-11-09,22150.3000,22307.8000,22039.5500,22224.0000
2025-11-10,22249.1000,22422.5000,22212.8000,22379.8500
2025-11-11,22426.7000,22442.4000,22265.1500,22369.6000
2025-11-12,22453.2500,22616.6500,22333.8500,22593.4000
2025-11-13,22644.6500,22828.5500,22595.4000,22686.8000
2025-11-14,22714.3000,22864.6000,22648.9500,22821.0500
2025-11-17,22885.4500,22888.8000,22750.2000,22867.6000
2025-11-18,22878.7000,22882.5500,22680.4500,22713.6500
2025-11-19,22754.6000,22773.0000,22593.1000,22727.6500
2025-11-20,22801.0500,22802.1000,22638.6000,22687.5500
2025-11-21,22665.8000,22695.1500,22544.9000,22580.9500
2025-11-24,22604.6500,22625.9000,22442.0500,22492.4500
2025-11-25,22521.9000,22672.1000,22480.0000,22590.9500
2025-11-26,22591.1500,22881.8500,22572.6500,22862.3500
2025-11-27,22879.3500,22948.0000,22812.7000,22863.0000
2025-11-28,22899.7000,23010.4000,22856.6500,22998.3000
2025-12-01,23076.9500,23101.1000,22810.2500,22887.7500
2025-12-02,21287.9500,21306.5000,20931.1500,21142.0500
2025-12-03,20357.0000,20443.3500,20178.3000,20424.0000
2025-12-04,22912.9500,22987.9000,22838.2500,22958.9500
2025-12-05,22973.2000,22974.0000,22839.8000,22947.1500
2025-12-06,22124.8000,22354.7500,21968.7500,22036.1500
2025-12-08,22938.1000,22946.7000,22556.3000,22640.7000
2025-12-09,22262.4000,22399.2500,22260.4500,22341.2000
2025-12-10,22583.8000,22703.8500,22488.2000,22561.5000
2025-12-11,22541.8000,22799.3500,22475.2000,22783.4500
2025-12-12,22825.6500,22882.8000,22742.1000,22808.7000
2025-12-15,22736.7500,22794.5000,22588.9000,22719.4000
2025-12-16,22700.7500,22712.2000,22558.3500,22591.5000
2025-12-17,22585.6000,22650.5000,22515.6500,22612.1500
2025-12-18,22601.2000,22601.2000,22394.2500,22557.6000
2025-12-19,22583.5500,22863.2000,22583.5500,22751.2500
2025-12-22,22780.3000,22943.7000,22765.1500,22927.9000
2025-12-23,22980.6000,23005.7500,22820.3000,22875.1000
2025-12-24,22903.1500,22934.3000,22717.4500,22757.4000
2025-12-26,22761.9000,22807.9000,22631.6000,22684.6500
2025-12-29,22697.2500,22721.2500,22552.6000,22578.3000
2025-12-30,22604.5000,22615.9500,22395.1500,22540.0500
2025-12-31,22620.7000,22770.1000,22536.1500,22723.6500
2026-01-01,22735.3000,22742.7000,22546.0500,22632.7500
2026-01-02,21874.7000,21917.7500,21436.7000,21535.3000
2026-01-04,22531.6000,22782.0500,21909.3500,22011.6000
2026-01-06,24547.8500,24571.3500,24148.8500,24214.2500
2026-01-07,25416.9000,25591.3000,25133.2500,25182.7000
2026-01-09,27004.4000,27004.4000,26683.2500,26792.6500
2026-01-10,26408.9500,26517.4000,26020.4500,26311.5500
2026-02-01,22649.6500,22803.6500,22578.7000,22790.9000
2026-02-02,21629.8000,21640.6000,21188.5500,21549.5500
2026-02-03,22385.3000,22994.5500,22354.1000,22956.7000
2026-02-04,21689.9500,21852.0000,21149.9000,21808.4000
2026-02-06,24102.9500,24171.5500,23796.6500,24006.3000
2026-02-07,25301.8000,25364.7500,25160.3000,25308.9000
2026-02-09,26668.5000,26818.5000,26611.7500,26780.7000
2026-03-02,22470.3500,22564.1000,22086.0500,22200.2500
2026-03-06,23978.0500,24119.7500,23829.6000,24086.6000
2026-03-07,25402.6000,25861.5000,25399.9000,25745.1500
2026-03-08,26764.6000,26801.2000,26380.8500,26662.8000
2026-03-09,26820.8000,26833.7000,26627.2500,26658.6500
2026-04-02,22275.8000,22323.7500,22009.8500,22125.8000
2026-04-03,22702.5500,22814.3500,22528.2000,22672.2000
2026-04-05,23371.3000,23548.9500,23296.1000,23475.5500
2026-04-06,24042.0000,24275.3000,23883.0000,24177.9500
2026-04-08,26577.0500,26601.9500,26424.5000,26597.5000
2026-04-09,26659.5500,26695.0000,26461.4000,26478.1000
2026-05-01,22810.4500,22930.7000,22706.0500,22743.4000
2026-05-02,22138.9000,22163.8500,21919.0000,22119.9000
2026-05-03,22703.6000,23082.8000,22703.6000,23005.5000
2026-05-05,23525.9000,23619.0000,23379.1000,23568.9500
2026-05-06,24285.4500,24396.6500,24154.2500,24248.0500
2026-05-08,26657.3000,26659.6000,26367.1000,26563.5500
2026-05-10,26263.9500,26374.9000,26001.6500,26117.1000
2026-06-01,22791.0500,23149.9500,22764.8500,23126.8500
2026-06-02,22094.5000,22103.9500,21810.2500,21961.3500
2026-06-03,23005.0500,23131.7000,22877.5500,22970.2000
2026-06-04,21779.7500,21867.7500,21464.8000,21835.3500
2026-06-05,23743.2000,24264.8500,23640.7500,24110.3000
2026-06-07,25805.8500,25902.1500,25695.8500,25866.2500
2026-06-08,26593.8500,26757.6500,26523.1000,26564.8000
2026-06-10,26133.3500,26554.1500,26025.4500,26549.6000
2026-07-01,23117.0500,23492.5500,23021.8000,23286.2500
2026-07-04,21765.5000,22022.2000,21595.4000,21868.7000
2026-07-05,24153.1500,24268.1000,24095.3000,24135.5000
2026-07-07,25874.4000,26022.7500,25645.9000,25677.7000
2026-07-08,26515.7000,26575.2500,26404.5000,26541.8000
2026-07-09,26472.8500,26711.2000,26440.4000,26675.5000
2026-07-10,26518.7000,26656.4000,26357.3000,26436.5500
2026-08-01,23260.2500,23260.2500,22927.3000,22962.5500
2026-08-04,22203.5000,22250.5000,21829.6000,21991.2000
2026-08-05,24043.4500,24306.7500,24030.6500,24110.3000
2026-08-06,24090.1500,24417.1000,24059.6500,24147.6500
2026-08-07,25669.7000,25989.1500,25308.9500,25429.8000
2026-08-09,26685.1500,26930.1000,26581.1500,26880.8000
2026-08-10,26462.1500,26501.4000,25763.0500,25823.2500
2026-09-01,22961.1000,22989.8500,22696.4500,22761.0000
2026-09-02,22126.3000,22328.6000,21974.1500,22290.7000
2026-09-03,22638.8500,22977.9500,22506.2500,22933.7500
2026-09-04,21954.8000,22216.0500,21953.7500,22135.4000
2026-09-06,24208.1500,24416.9500,24171.5500,24290.3000
2026-09-07,25422.4000,25935.6500,25382.5500,25656.2500
2026-09-09,26881.2500,26981.1500,26650.9000,26691.8000
2026-09-10,25855.3000,26035.2500,25657.6500,25962.0500
2026-10-02,22387.4000,22438.2500,22161.3000,22210.5000
2026-10-03,23042.5500,23305.1000,23039.3500,23253.6500
2026-10-04,22127.8000,22191.6500,21932.8000,22164.8500
2026-10-06,24313.8000,24497.9500,24119.6000,24160.7500
2026-10-07,25681.7000,25779.4000,25444.2000,25674.1000
2026-10-08,26588.2500,26770.8500,26401.3000,26479.5500
2026-10-09,26751.5500,26790.5500,26465.6000,26555.8500
2026-11-02,22280.4500,22581.0000,22158.1000,22434.2000
2026-11-03,23311.7500,23540.9000,23283.1000,23348.0500
2026-11-05,24008.2000,24310.8000,23877.4000,24170.4500
2026-11-06,24131.6500,24457.3000,24094.4000,24306.9500
2026-11-08,26506.0000,26757.9000,26422.5500,26750.4500
2026-11-09,26437.0500,26613.5000,26307.5500,26532.4000
2026-12-01,22758.0000,22769.8000,22392.5000,22668.4500
2026-12-02,22486.1000,22486.1000,22248.6500,22386.3000
2026-12-03,23299.7000,23388.0000,23083.2000,23275.2000
2026-12-05,24177.3000,24185.4500,23816.4000,23840.9000
2026-12-06,24526.5000,24526.8000,24274.5000,24380.0500
2026-12-08,26763.8500,26797.9000,26601.7000,26762.5000
