Date,Open,High,Low,Close
1995-01-01,,,,1000.0000
1995-01-02,,,,882.8300
1995-01-03,,,,842.8500
1995-01-04,,,,958.8900
1995-01-05,,,,948.2600
1995-01-06,,,,939.4600
1995-01-08,,,,757.7600
1995-01-09,,,,921.6500
1995-01-10,,,,901.6400
1995-01-11,,,,893.1400
1995-01-12,,,,644.0800
1995-01-13,,,,894.0800
1995-01-16,,,,903.0000
1995-01-17,,,,907.4500
1995-01-18,,,,907.8200
1995-01-19,,,,909.8500
1995-01-20,,,,903.8200
1995-01-23,,,,883.2800
1995-01-24,,,,863.7200
1995-01-25,,,,864.1000
1995-01-27,,,,867.6900
1995-01-30,,,,877.8900
1995-01-31,,,,883.2700
1995-02-01,,,,882.8300
1995-02-02,,,,884.0800
1995-02-03,,,,854.1400
1995-02-05,,,,735.4400
1995-02-06,,,,788.1900
1995-02-07,,,,872.9900
1995-02-08,,,,865.4200
1995-02-09,,,,862.0300
1995-02-10,,,,858.2700
1995-02-11,,,,713.1600
1995-02-13,,,,853.7500
1995-02-14,,,,850.4000
1995-02-15,,,,847.6100
1995-02-16,,,,833.5300
1995-02-17,,,,823.6000
1995-02-20,,,,814.8500
1995-02-21,,,,800.4600
1995-02-22,,,,788.4900
1995-02-23,,,,812.9800
1995-02-24,,,,838.8600
1995-02-28,,,,832.9800
1995-03-01,,,,967.4300
1995-03-02,,,,887.6400
1995-03-03,,,,859.2600
1995-03-04,,,,814.7400
1995-03-05,,,,737.2800
1995-03-06,,,,860.6000
1995-03-07,,,,722.8900
1995-03-08,,,,757.3900
1995-03-09,,,,851.6500
1995-03-10,,,,863.4800
1995-03-11,,,,712.1700
1995-03-13,,,,844.1200
1995-03-14,,,,847.9200
1995-03-15,,,,857.2500
1995-03-16,,,,842.7300
1995-03-23,,,,820.7900
1995-03-24,,,,816.6600
1995-03-27,,,,816.8600
1995-03-28,,,,819.9600
1995-03-29,,,,814.5000
1995-03-30,,,,814.7800
1995-03-31,,,,812.6800
1995-04-01,,,,958.8900
1995-04-03,,,,814.7400
1995-04-04,,,,822.7800
1995-04-05,,,,833.7500
1995-04-06,,,,841.2900
1995-04-07,,,,714.6300
1995-04-08,,,,757.7100
1995-04-09,,,,724.6200
1995-04-10,,,,841.4400
1995-04-12,,,,644.0500
1995-04-17,,,,839.8900
1995-04-18,,,,829.6700
1995-04-19,,,,820.5400
1995-04-20,,,,813.3000
1995-04-21,,,,812.8500
1995-04-24,,,,802.3000
1995-04-25,,,,792.7400
1995-04-26,,,,785.0200
1995-04-27,,,,772.9800
1995-04-28,,,,759.8200
1995-05-01,,,,948.2600
1995-05-02,,,,735.4400
1995-05-03,,,,737.2800
1995-05-04,,,,833.7500
1995-05-05,,,,760.7100
1995-05-06,,,,786.6700
1995-05-07,,,,714.0600
1995-05-08,,,,763.4000
1995-05-09,,,,719.8100
1995-05-10,,,,766.9200
1995-05-12,,,,759.4900
1995-05-15,,,,752.8100
1995-05-16,,,,749.6100
1995-05-17,,,,757.9900
1995-05-18,,,,769.2700
1995-05-19,,,,775.7000
1995-05-22,,,,766.3000
1995-05-23,,,,761.6600
1995-05-24,,,,758.5900
1995-05-25,,,,755.5300
1995-05-26,,,,759.6300
1995-05-29,,,,759.2300
1995-05-30,,,,761.6900
1995-05-31,,,,777.0900
1995-06-01,,,,939.4600
1995-06-02,,,,788.1900
1995-06-03,,,,860.6000
1995-06-04,,,,841.2900
1995-06-05,,,,786.6700
1995-06-06,,,,788.7800
1995-06-07,,,,712.6500
1995-06-08,,,,781.7700
1995-06-09,,,,777.6400
1995-06-10,,,,748.5000
1995-06-11,,,,706.0100
1995-06-12,,,,650.2100
1995-06-13,,,,766.0400
1995-06-14,,,,766.9200
1995-06-15,,,,761.9200
1995-06-16,,,,765.4200
1995-06-19,,,,769.0700
1995-06-20,,,,770.6500
1995-06-21,,,,769.4300
1995-06-22,,,,764.0800
1995-06-23,,,,757.0500
1995-06-26,,,,743.6900
1995-06-27,,,,738.6700
1995-06-28,,,,744.5600
1995-06-29,,,,742.4700
1995-06-30,,,,737.2400
1995-07-02,,,,872.9900
1995-07-03,,,,722.8900
1995-07-04,,,,714.6300
1995-07-05,,,,714.0600
1995-07-06,,,,788.3300
1995-07-07,,,,715.3200
1995-07-08,,,,755.9200
1995-07-09,,,,725.6700
1995-07-10,,,,718.1200
1995-07-11,,,,720.4400
1995-07-12,,,,659.2000
1995-07-13,,,,736.8500
1995-07-14,,,,748.3200
1995-07-17,,,,761.7600
1995-07-18,,,,765.7600
1995-07-19,,,,767.4800
1995-07-20,,,,773.5100
1995-07-21,,,,771.8000
1995-07-25,,,,783.9600
1995-07-26,,,,788.4600
1995-07-27,,,,786.5300
1995-07-28,,,,767.8300
1995-07-31,,,,758.5400
1995-08-01,,,,757.7600
1995-08-02,,,,766.0700
1995-08-03,,,,852.9300
1995-08-04,,,,757.7100
1995-08-05,,,,763.4000
1995-08-06,,,,781.7700
1995-08-07,,,,755.9200
1995-08-08,,,,750.2100
1995-08-09,,,,754.2700
1995-08-11,,,,751.1300
1995-08-12,,,,642.7700
1995-08-14,,,,746.7700
1995-08-16,,,,748.6600
1995-08-17,,,,749.4800
1995-08-21,,,,750.4400
1995-08-22,,,,746.8700
1995-08-24,,,,741.1800
1995-08-25,,,,733.6300
1995-08-28,,,,727.1900
1995-08-31,,,,726.0900
1995-09-01,,,,921.6500
1995-09-02,,,,862.0300
1995-09-03,,,,851.6500
1995-09-04,,,,724.6200
1995-09-05,,,,719.8100
1995-09-06,,,,777.6400
1995-09-07,,,,725.6700
1995-09-08,,,,754.2700
1995-09-10,,,,751.4700
1995-09-11,,,,728.2800
1995-09-12,,,,727.0500
1995-09-13,,,,723.6600
1995-09-14,,,,725.7300
1995-09-15,,,,727.0100
1995-09-18,,,,725.9900
1995-09-19,,,,725.2200
1995-09-20,,,,726.4800
1995-09-21,,,,728.4700
1995-09-22,,,,730.9200
1995-09-25,,,,739.0900
1995-09-26,,,,742.6900
1995-09-27,,,,735.5000
1995-09-28,,,,733.4400
1995-09-29,,,,736.8100
1995-10-01,,,,901.6400
1995-10-02,,,,858.2700
1995-10-03,,,,863.4800
1995-10-04,,,,841.4400
1995-10-05,,,,766.9200
1995-10-06,,,,748.5000
1995-10-07,,,,718.1200
1995-10-09,,,,751.4700
1995-10-10,,,,747.7500
1995-10-11,,,,687.1800
1995-10-12,,,,744.7200
1995-10-13,,,,745.4800
1995-10-16,,,,742.0900
1995-10-17,,,,739.2700
1995-10-18,,,,738.8300
1995-10-19,,,,731.8400
1995-10-20,,,,724.1200
1995-10-23,,,,722.6800
1995-10-26,,,,709.9100
1995-10-27,,,,712.7300
1995-10-30,,,,710.2800
1995-10-31,,,,707.1900
1995-11-01,,,,893.1400
1995-11-02,,,,713.1600
1995-11-03,,,,712.1700
1995-11-06,,,,706.0100
1995-11-07,,,,720.4400
1995-11-08,,,,696.7600
1995-11-09,,,,728.2800
1995-11-10,,,,746.7200
1995-11-12,,,,636.0800
1995-11-13,,,,672.1800
1995-11-14,,,,661.7600
1995-11-15,,,,662.1400
1995-11-16,,,,662.1200
1995-11-17,,,,656.0000
1995-11-20,,,,654.6200
1995-11-21,,,,648.2300
1995-11-22,,,,638.5500
1995-11-23,,,,629.0600
1995-11-24,,,,639.9500
1995-11-27,,,,642.1300
1995-11-28,,,,635.0900
1995-11-29,,,,629.8700
1995-11-30,,,,636.5300
1995-12-01,,,,893.1400
1995-12-04,,,,644.0500
1995-12-05,,,,759.4900
1995-12-06,,,,773.2200
1995-12-07,,,,659.2000
1995-12-08,,,,642.7700
1995-12-09,,,,727.0500
1995-12-10,,,,744.7200
1995-12-11,,,,636.0800
1995-12-12,,,,633.0700
1995-12-13,,,,638.5900
1995-12-14,,,,636.4000
1995-12-15,,,,635.5300
1995-12-18,,,,634.1300
1995-12-19,,,,632.8700
1995-12-20,,,,633.9600
1995-12-21,635.3100,640.1500,634.5900,640.1500
1995-12-22,642.9600,644.5700,642.8400,644.5700
1996-01-01,,,,646.8200
1996-01-02,,,,644.3100
1996-01-03,,,,640.8300
1996-01-04,,,,636.2100
1996-01-05,,,,632.4800
1996-01-07,783.5200,783.5200,775.2400,776.8400
1996-01-08,628.7400,628.7400,624.3500,624.3500
1996-01-09,617.0400,620.9200,616.7800,620.9200
1996-01-10,626.3300,627.1600,622.2100,623.4400
1996-01-11,608.6100,610.0900,602.9300,605.6300
1996-01-12,622.2300,623.0500,621.4000,622.1600
1996-01-15,620.4900,623.6100,620.4900,623.6100
1996-01-16,621.7500,622.0500,619.8500,622.0500
1996-01-17,620.3300,620.3300,612.5500,614.5200
1996-01-18,612.7700,612.7700,604.8800,609.4800
1996-01-19,607.7300,607.7300,602.1700,605.7800
1996-01-22,603.9900,605.7500,603.9900,604.5800
1996-01-23,602.8000,603.2800,599.2300,599.2300
1996-01-24,597.4600,597.4600,585.7100,587.4000
1996-01-25,586.6500,587.7000,585.8200,586.7000
1996-01-29,586.7000,591.1200,586.6200,591.1200
1996-01-30,593.4400,599.2500,593.4400,598.6000
1996-01-31,599.1400,604.8600,599.1400,604.8600
1996-02-01,,,,644.3100
1996-02-02,621.0600,645.6800,621.0600,645.6800
1996-02-04,708.9300,709.5800,707.8900,709.5800
1996-02-05,651.8600,661.0000,651.8600,661.0000
1996-02-06,661.0600,662.8800,650.2700,650.2700
1996-02-07,778.1300,778.4900,771.3600,772.4300
1996-02-08,654.1100,677.0100,654.1100,677.0100
1996-02-09,696.6700,699.5400,695.2900,699.5400
1996-02-12,704.5200,722.1100,704.5200,713.8300
1996-02-13,711.2200,723.0300,709.4800,723.0300
1996-02-14,732.6000,740.2600,732.6000,738.9900
1996-02-15,736.8500,740.6400,732.1100,735.4000
1996-02-16,729.2300,729.2300,722.2400,723.8900
1996-02-19,724.3100,727.2000,724.2200,725.5000
1996-02-20,724.2700,724.4000,717.8700,717.9100
1996-02-22,718.9800,725.9500,718.9700,725.9500
1996-02-23,727.7800,728.7700,723.0900,725.5600
1996-02-26,727.3000,732.4100,727.3000,732.4100
1996-02-27,732.3600,732.3600,728.3300,728.3300
1996-02-28,728.3300,728.3900,720.6700,720.6700
1996-02-29,716.5500,716.5500,699.2800,699.2800
1996-03-01,698.9400,703.0000,698.2400,702.4500
1996-03-04,702.4500,706.3000,702.4500,705.2200
1996-03-05,793.7600,793.7600,787.6500,788.5700
1996-03-06,705.2100,706.5600,702.9900,706.5600
1996-03-07,707.1400,708.9300,703.3100,703.3100
1996-03-08,699.9300,699.9300,695.5700,697.6300
1996-03-09,699.9600,702.6200,686.4200,689.2400
1996-03-10,624.2200,625.4900,616.5000,617.3800
1996-03-11,692.5900,692.5900,688.8600,689.0700
1996-03-12,547.0000,547.0000,539.9200,539.9200
1996-03-13,687.8100,694.5700,687.5200,694.1800
1996-03-14,694.8100,698.2600,694.8100,696.6500
1996-03-15,695.1200,695.1400,690.5400,690.5400
1996-03-18,688.9900,689.1600,682.1100,682.1100
1996-03-19,680.5400,681.4900,676.3400,676.3400
1996-03-21,677.9800,683.7200,677.9800,681.7600
1996-03-22,678.5800,678.5800,674.6200,676.8500
1996-03-25,676.8800,678.6600,676.5500,676.6800
1996-03-26,675.4900,677.6200,674.5400,676.9400
1996-03-27,680.5600,687.1000,680.5600,685.3500
1996-03-29,691.4000,700.1300,691.4000,700.1300
1996-04-01,,,,636.2100
1996-04-02,708.9300,709.5800,707.8900,709.5800
1996-04-03,702.4500,706.3000,702.4500,705.2200
1996-04-04,710.0700,712.3300,707.7900,712.2300
1996-04-05,711.9000,719.4800,711.5100,719.4800
1996-04-06,776.4200,778.7600,771.9200,772.9700
1996-04-07,758.5400,765.5500,751.2400,761.9200
1996-04-08,722.8200,728.8800,722.5100,727.2700
1996-04-09,728.5700,732.5300,726.6100,726.6100
1996-04-10,726.6200,727.2000,721.8800,723.7000
1996-04-11,721.7000,721.7000,719.5000,720.9300
1996-04-12,533.6800,535.5800,527.0300,530.4200
1996-04-15,733.5100,738.7200,733.5100,736.4300
1996-04-16,737.3700,742.8800,737.3700,742.8800
1996-04-17,744.7100,762.1500,744.7100,762.1500
1996-04-18,768.4200,779.3400,768.4200,776.4400
1996-04-22,788.0700,788.0700,772.9300,773.3700
1996-04-23,768.3800,773.7800,767.6400,773.7800
1996-04-24,778.7900,801.9000,778.7900,801.9000
1996-04-25,808.2100,814.3100,799.0700,799.9300
1996-04-26,796.3200,796.3200,779.1900,787.1400
1996-04-30,791.7100,792.8200,789.9500,792.8200
1996-05-01,,,,632.4800
1996-05-02,651.8600,661.0000,651.8600,661.0000
1996-05-03,793.7600,793.7600,787.6500,788.5700
1996-05-04,711.9000,719.4800,711.5100,719.4800
1996-05-06,784.5000,784.5000,774.2000,775.6800
1996-05-07,764.1100,766.9100,760.9100,765.3500
1996-05-08,713.1200,713.7200,709.0400,709.4400
1996-05-09,780.3700,783.4200,775.2900,775.6400
1996-05-10,765.0900,770.2200,761.2500,770.2200
1996-05-11,594.5400,595.2200,590.8800,590.8900
1996-05-12,530.5700,543.8700,530.5700,541.2200
1996-05-13,772.0700,777.2300,770.5100,777.2300
1996-05-14,776.9700,784.4500,774.2500,784.4500
1996-05-15,781.7600,784.0200,774.5100,784.0200
1996-05-16,788.0400,797.6400,788.0400,790.5300
1996-05-17,787.3000,787.6900,782.1200,782.5200
1996-05-20,781.5900,781.5900,767.3300,767.8100
1996-05-21,766.2900,766.2900,760.0500,761.4800
1996-05-22,763.2300,764.1900,760.5000,761.0200
1996-05-23,761.0000,761.0000,757.2300,759.5700
1996-05-24,760.3900,763.3700,758.5200,762.2600
1996-05-27,761.7400,761.7400,749.8400,750.9800
1996-05-28,748.0000,748.0000,738.0900,746.3200
1996-05-29,749.4800,765.5700,749.4800,765.5700
1996-05-30,767.6500,769.1600,758.7500,759.1800
1996-05-31,761.1800,762.3700,758.3300,762.3700
1996-06-02,661.0600,662.8800,650.2700,650.2700
1996-06-03,705.2100,706.5600,702.9900,706.5600
1996-06-04,776.4200,778.7600,771.9200,772.9700
1996-06-05,772.3800,774.9800,768.4800,774.9800
1996-06-06,779.0400,782.9400,779.0400,781.0000
1996-06-07,780.3500,784.5800,780.3500,784.5800
1996-06-08,707.6600,708.3000,704.5000,708.1300
1996-06-09,693.9600,694.6100,691.2000,691.6700
1996-06-10,784.5100,790.8700,784.5100,790.2100
1996-06-11,788.0100,792.6400,787.1600,792.6400
1996-06-12,795.1700,801.9800,795.1700,800.0400
1996-06-13,800.6900,810.1300,800.6900,809.1600
1996-06-14,814.4400,824.4300,814.4400,824.4300
1996-06-17,837.5300,840.9800,827.2300,827.8700
1996-06-18,825.5600,827.6400,821.8900,826.5900
1996-06-19,825.7700,825.9500,811.7300,811.7900
1996-06-20,814.4300,814.4300,802.1500,811.7500
1996-06-21,811.7500,811.7500,796.2800,798.0100
1996-06-24,796.5400,800.3500,793.6300,800.3500
1996-06-25,798.3400,798.3400,788.2900,789.8700
1996-06-26,789.4600,789.6600,782.0900,783.0700
1996-06-27,782.6600,789.4100,777.6600,789.4100
1996-06-28,789.4500,791.1700,784.1000,785.9300
1996-07-01,783.5200,783.5200,775.2400,776.8400
1996-07-02,650.2500,652.4100,646.6400,652.4100
1996-07-03,769.1300,769.1300,758.5000,758.5400
1996-07-04,758.5400,765.5500,751.2400,761.9200
1996-07-05,764.1100,766.9100,760.9100,765.3500
1996-07-06,780.3500,784.5800,780.3500,784.5800
1996-07-08,710.3900,716.3000,710.3900,716.3000
1996-07-09,769.4600,769.4600,752.8300,753.6800
1996-07-10,589.6200,590.2900,576.0700,582.2600
1996-07-11,589.8500,592.6100,589.8500,591.6200
1996-07-12,760.3300,760.3300,754.9200,757.5500
1996-07-15,754.0900,757.0700,750.8300,757.0700
1996-07-16,757.6200,757.6200,746.5000,750.0900
1996-07-17,751.7000,762.4700,751.7000,759.5500
1996-07-18,761.4800,766.6200,761.4800,764.4300
1996-07-19,764.0000,764.1400,761.2100,763.3200
1996-07-22,763.9300,777.9800,763.9300,772.6600
1996-07-23,771.4800,771.4800,748.5000,749.4700
1996-07-24,742.2600,742.2600,731.9400,736.6100
1996-07-25,737.8400,739.2200,732.6600,733.1700
1996-07-26,733.2300,733.7600,722.4600,726.0800
1996-07-29,726.9800,726.9800,711.7900,712.5500
1996-07-30,707.0100,707.0100,693.5100,700.4900
1996-07-31,700.9000,714.7500,696.2300,714.7500
1996-08-01,720.9000,720.9000,715.4700,716.5400
1996-08-02,709.7800,712.1900,709.7800,712.1900
1996-08-03,699.9300,699.9300,695.5700,697.6300
1996-08-04,722.8200,728.8800,722.5100,727.2700
1996-08-05,713.1200,713.7200,709.0400,709.4400
1996-08-06,707.6600,708.3000,704.5000,708.1300
1996-08-07,710.3900,716.3000,710.3900,716.3000
1996-08-08,716.3900,717.2600,711.1400,711.7800
1996-08-09,708.7900,711.0100,707.9000,709.9300
1996-08-10,578.2600,583.8400,571.2000,583.8400
1996-08-12,705.9600,706.3900,702.6700,703.4200
1996-08-13,702.4300,702.4300,698.3600,700.0800
1996-08-14,700.5400,700.5400,692.1600,692.2300
1996-08-16,692.2800,692.2800,683.1900,684.3400
1996-08-19,674.7500,674.7500,665.7600,666.2300
1996-08-20,666.2900,667.7300,664.7900,666.8300
1996-08-21,672.9700,680.2700,672.9700,680.2700
1996-08-22,680.3400,682.8500,678.3400,680.2500
1996-08-23,682.1500,687.2000,682.1500,686.8100
1996-08-26,687.5700,689.8900,684.7700,686.6600
1996-08-27,685.5900,687.4500,684.5400,687.3200
1996-08-29,694.2100,701.6400,694.2100,697.0800
1996-08-30,697.4400,699.5200,695.7400,697.8500
1996-09-01,617.0400,620.9200,616.7800,620.9200
1996-09-02,696.6700,699.5400,695.2900,699.5400
1996-09-03,699.9600,702.6200,686.4200,689.2400
1996-09-04,728.5700,732.5300,726.6100,726.6100
1996-09-05,780.3700,783.4200,775.2900,775.6400
1996-09-06,693.9600,694.6100,691.2000,691.6700
1996-09-07,769.4600,769.4600,752.8300,753.6800
1996-09-08,708.7900,711.0100,707.9000,709.9300
1996-09-09,691.4200,691.7100,682.7100,685.1900
1996-09-10,680.4500,680.8700,675.7800,678.4000
1996-09-11,676.6500,676.6500,668.9700,669.5200
1996-09-12,547.0900,549.4100,542.5600,544.1300
1996-09-13,668.4000,668.4000,662.0000,662.7800
1996-09-18,662.8500,667.2200,658.3000,666.8400
1996-09-19,668.6300,668.6300,658.0600,658.9300
1996-09-20,659.0700,660.6100,656.1000,656.5200
1996-09-23,655.8500,656.1400,648.9000,651.6300
1996-09-24,652.6600,652.6600,649.9400,650.5600
1996-09-25,650.6900,654.2900,649.1900,649.6400
1996-09-26,649.7800,649.7800,641.1800,642.2300
1996-09-27,640.2000,640.2000,632.4500,632.8900
1996-09-30,632.5000,632.9000,622.2100,626.2000
1996-10-01,626.3300,627.1600,622.2100,623.4400
1996-10-03,624.2200,625.4900,616.5000,617.3800
1996-10-04,620.6900,622.6200,601.8200,602.3400
1996-10-05,765.0900,770.2200,761.2500,770.2200
1996-10-06,784.5100,790.8700,784.5100,790.2100
1996-10-07,752.5300,756.6900,752.5300,755.9400
1996-10-08,578.2600,583.8400,571.2000,583.8400
1996-10-09,680.4500,680.8700,675.7800,678.4000
1996-10-10,591.5200,604.9800,591.5200,604.9800
1996-10-11,594.8000,596.8700,594.8000,595.5700
1996-10-12,543.8100,544.1200,541.8700,541.9600
1996-10-14,613.4200,613.4200,601.4500,601.9800
1996-10-15,599.8800,603.8400,599.8800,601.7700
1996-10-16,603.6700,605.1900,599.5200,600.2100
1996-10-17,596.5000,599.6200,594.5700,599.6200
1996-10-18,597.8900,602.3000,597.0600,602.3000
1996-10-22,609.8100,617.2800,609.8100,617.2800
1996-10-23,622.3000,636.6500,622.3000,636.6500
1996-10-24,633.0500,636.6600,623.7300,624.5600
1996-10-25,627.5100,628.4000,622.3900,623.1000
1996-10-28,623.2400,631.0500,623.2400,624.7300
1996-10-29,624.8600,624.8600,617.5900,619.7600
1996-10-30,617.0000,617.0000,609.5300,610.7600
1996-10-31,604.3400,606.9900,602.8000,606.9900
1996-11-01,608.6100,610.0900,602.9300,605.6300
1996-11-03,692.5900,692.5900,688.8600,689.0700
1996-11-04,603.5700,603.5700,595.2600,596.7000
1996-11-05,594.5400,595.2200,590.8800,590.8900
1996-11-06,585.8800,588.7700,584.0400,588.7700
1996-11-07,589.8500,592.6100,589.8500,591.6200
1996-11-09,676.6500,676.6500,668.9700,669.5200
1996-11-10,594.8000,596.8700,594.8000,595.5700
1996-11-12,545.1200,563.1200,545.1200,562.4900
1996-11-13,599.4400,600.6300,598.7400,599.9800
1996-11-14,601.3400,601.3400,595.8500,597.0300
1996-11-15,596.8100,600.0300,596.8100,599.8200
1996-11-18,602.2000,603.4400,600.9500,603.1500
1996-11-19,602.9500,602.9500,597.0000,598.2500
1996-11-20,594.8300,595.0600,587.1200,587.7000
1996-11-21,584.6900,588.8000,583.9500,584.2200
1996-11-22,582.6300,582.6300,574.1700,574.8900
1996-11-25,562.7400,575.8900,562.7400,575.5800
1996-11-26,575.4300,580.7900,570.7500,571.1900
1996-11-27,571.3700,571.3700,557.1100,561.1200
1996-11-28,562.1200,563.4400,557.5600,557.8700
1996-11-29,559.2500,560.3000,557.7700,559.0500
1996-12-01,622.2300,623.0500,621.4000,622.1600
1996-12-02,558.9000,561.6000,550.0100,550.0100
1996-12-03,689.0800,689.0800,686.5200,686.5900
1996-12-04,533.6800,535.5800,527.0300,530.4200
1996-12-05,530.5700,543.8700,530.5700,541.2200
1996-12-06,795.1700,801.9800,795.1700,800.0400
1996-12-07,760.3300,760.3300,754.9200,757.5500
1996-12-08,705.9600,706.3900,702.6700,703.4200
1996-12-09,547.0900,549.4100,542.5600,544.1300
1996-12-10,543.8100,544.1200,541.8700,541.9600
1996-12-11,545.1200,563.1200,545.1200,562.4900
1996-12-12,562.4200,563.2500,557.0900,557.0900
1996-12-13,556.9600,557.9500,553.1500,556.1900
1996-12-16,561.7800,568.4700,560.7600,567.3700
1996-12-17,568.0100,571.3100,567.0200,570.6600
1996-12-18,571.5400,581.1200,571.5400,573.6200
1996-12-19,574.2800,579.4200,572.7000,579.0800
1996-12-20,579.8300,594.8500,579.8300,593.7000
1996-12-23,594.4600,597.9800,592.6000,593.8300
1996-12-24,594.4000,596.3100,590.3600,593.5600
1997-01-01,603.5800,627.7000,603.5800,626.7200
1997-01-02,627.3800,632.7100,622.7100,622.7100
1997-01-03,623.3700,627.4800,620.6600,626.7900
1997-01-04,629.9200,641.2700,627.2600,640.6200
1997-01-06,628.5400,632.3100,627.4100,627.4100
1997-01-07,765.3500,770.1700,764.4200,768.4000
1997-01-08,799.2500,806.6600,799.2500,806.1400
1997-01-09,730.0900,736.3700,723.7200,736.3700
1997-01-10,721.9100,721.9100,713.6000,721.5100
1997-01-12,654.0800,657.4800,646.7900,657.4800
1997-01-13,657.8000,663.7800,655.2700,663.7400
1997-01-14,664.5400,672.9200,663.8400,669.5700
1997-01-15,670.2800,701.8700,669.9200,696.4200
1997-01-16,702.5200,718.6300,666.6400,667.5600
1997-01-17,668.2600,668.9600,647.9900,656.4000
1997-01-20,660.9000,663.4600,650.3300,650.3300
1997-01-21,649.7000,650.9100,641.0000,643.9100
1997-01-22,644.6000,654.4900,644.6000,650.3400
1997-01-24,652.7100,653.2500,647.8300,649.7800
1997-01-27,662.1400,671.0600,661.0600,667.2300
1997-01-28,668.8900,674.9000,664.7800,671.9400
1997-01-29,675.4000,675.5800,661.5500,661.5500
1997-01-30,663.1700,664.4100,655.5200,657.6400
1997-01-31,658.9300,658.9300,638.4800,640.1500
1997-02-01,627.3800,632.7100,622.7100,622.7100
1997-02-03,635.1800,637.7400,631.4700,631.4700
1997-02-04,629.5400,634.1900,629.4100,633.4900
1997-02-05,701.5000,701.5000,694.6500,694.6500
1997-02-06,635.8000,641.7000,633.0000,641.0000
1997-02-07,638.4900,642.6600,638.4900,641.0300
1997-02-09,736.7100,738.4200,726.4600,737.1800
1997-02-10,644.2400,646.4700,642.0400,644.0000
1997-02-11,644.8400,655.2200,644.5800,654.5000
1997-02-12,655.0800,658.1100,652.8900,652.8900
1997-02-13,651.7000,657.2400,650.7400,654.6500
1997-02-14,655.8800,659.2100,655.8800,657.7300
1997-02-17,662.7900,666.9800,662.7900,666.2300
1997-02-18,665.0200,665.0200,655.5000,657.5100
1997-02-19,658.5000,658.5000,650.1100,655.9800
1997-02-20,656.9700,656.9700,651.3200,651.3200
1997-02-21,649.7000,649.7000,642.4900,642.5100
1997-02-24,644.0700,644.0700,630.0100,630.0100
1997-02-25,631.5700,634.8700,627.4000,628.7800
1997-02-26,626.4000,630.5400,622.2900,629.8300
1997-02-27,630.8800,640.8800,630.8800,640.1400
1997-02-28,641.1800,685.2000,641.1800,673.2000
1997-03-01,623.3700,627.4800,620.6600,626.7900
1997-03-02,635.1800,637.7400,631.4700,631.4700
1997-03-03,,,,721.5500
1997-03-04,,,,730.0100
1997-03-05,741.5100,741.5100,726.0300,730.3000
1997-03-06,730.9300,730.9300,718.2900,720.2800
1997-03-07,775.7200,781.9000,770.5100,771.8100
1997-03-09,737.4400,746.0900,736.7700,739.9400
1997-03-10,721.0300,721.0300,702.2100,702.2100
1997-03-11,707.1100,707.1100,696.7000,700.8000
1997-03-12,691.9400,701.3600,691.9400,698.7500
1997-03-13,699.8800,702.1300,695.6900,697.4000
1997-03-14,695.8200,698.4700,691.1900,693.5000
1997-03-17,694.5600,702.5200,694.5600,700.2000
1997-03-18,698.2000,702.5600,697.1800,699.6600
1997-03-19,700.8900,700.8900,684.4900,684.4900
1997-03-20,683.0500,689.7500,679.8700,689.0300
1997-03-21,689.8300,692.9400,687.6700,687.6700
1997-03-25,688.8400,696.3000,688.8400,694.0600
1997-03-26,695.1100,695.1100,690.3300,690.3300
1997-03-27,686.6100,691.2500,683.8200,691.1300
1997-03-28,691.8200,691.9100,681.0700,681.4300
1997-03-31,627.4000,638.7500,627.0400,631.4200
1997-04-01,629.9200,641.2700,627.2600,640.6200
1997-04-02,638.9200,660.1700,638.9200,660.1700
1997-04-03,660.8400,667.8300,658.3700,665.1600
1997-04-04,666.7100,666.7100,660.1500,661.9600
1997-04-06,698.1500,704.6400,698.1500,700.8600
1997-04-07,660.7400,660.7400,653.2000,653.2000
1997-04-08,807.6200,831.3500,807.6200,829.7500
1997-04-09,740.4700,745.4500,736.6500,745.4400
1997-04-10,675.3100,675.3100,660.2700,662.9900
1997-04-11,663.9400,667.5700,653.2600,667.4300
1997-04-12,667.1400,667.1400,660.1300,662.2000
1997-04-15,664.3000,668.7800,664.3000,667.7600
1997-04-17,672.8500,679.8100,672.7500,679.6000
1997-04-21,680.2500,694.4600,680.2500,690.9500
1997-04-22,691.6400,697.2500,691.4900,694.4100
1997-04-23,696.1000,702.3400,694.5600,695.8600
1997-04-24,696.5800,696.8300,691.5600,694.3500
1997-04-25,692.8000,696.8500,691.5500,696.1400
1997-04-28,697.5300,700.8800,696.5100,697.0500
1997-04-29,695.6400,695.9600,689.5800,691.6800
1997-04-30,693.2000,702.8600,693.2000,700.1800
1997-05-02,701.5000,701.5000,694.6500,694.6500
1997-05-03,741.5100,741.5100,726.0300,730.3000
1997-05-05,695.3200,695.3200,689.7900,690.5900
1997-05-06,701.5100,706.2600,700.2700,702.1000
1997-05-07,691.1400,694.0900,689.4100,690.4900
1997-05-08,830.5200,843.2800,830.5200,843.2800
1997-05-09,748.5700,749.1400,745.8100,748.4300
1997-05-11,701.4800,701.4800,694.7000,695.9500
1997-05-12,649.6000,651.6200,639.2200,639.2200
1997-05-13,696.4100,696.4100,689.7800,689.7800
1997-05-14,690.5200,696.6700,683.5600,695.9700
1997-05-15,697.0800,699.1700,693.3400,694.5600
1997-05-16,693.9100,695.6600,692.4100,693.8200
1997-05-19,698.2200,701.0800,696.4500,696.9300
1997-05-20,698.0200,699.1600,693.7800,693.7800
1997-05-21,695.2200,695.2200,689.2600,689.2600
1997-05-22,687.4100,688.5400,686.6900,687.8600
1997-05-23,689.1900,689.1900,683.1500,683.1500
1997-05-26,686.0400,686.8300,681.8800,682.0000
1997-05-27,683.1800,683.9800,678.9400,678.9400
1997-05-28,680.5800,682.6300,676.4300,677.7700
1997-05-29,678.9700,682.9200,676.1700,682.2200
1997-05-30,683.5200,688.0900,682.6900,686.3100
1997-06-01,628.5400,632.3100,627.4100,627.4100
1997-06-02,687.5100,694.8300,687.4100,694.8300
1997-06-03,700.5700,702.0700,696.5600,696.7500
1997-06-04,698.1500,704.6400,698.1500,700.8600
1997-06-05,701.5100,706.2600,700.2700,702.1000
1997-06-06,703.2500,703.3500,696.3000,696.3000
1997-06-08,844.0500,853.8200,835.5200,838.0600
1997-06-09,697.5000,699.9800,696.0900,696.7400
1997-06-10,697.5900,701.6100,697.3100,700.9000
1997-06-11,701.9000,713.6900,701.9000,711.9200
1997-06-12,713.3300,722.3500,713.3300,721.6200
1997-06-13,723.1600,733.7800,722.8700,729.0200
1997-06-16,735.4600,735.4600,727.3200,728.7800
1997-06-17,732.3300,737.6000,730.3500,736.7800
1997-06-18,737.8900,747.8800,737.3300,737.3300
1997-06-19,738.4800,739.5100,733.3800,737.6800
1997-06-20,739.6400,745.8000,736.9300,737.8700
1997-06-23,742.8400,744.4300,738.2000,740.0100
1997-06-24,741.1600,744.2300,738.3000,743.0000
1997-06-25,744.0300,745.0700,738.6600,740.3000
1997-06-26,742.1400,746.5500,741.8400,741.8400
1997-06-27,743.2000,745.1200,741.3200,741.3200
1997-06-30,751.0600,765.5400,751.0600,763.3400
1997-07-01,627.1200,632.6700,627.1200,628.0200
1997-07-02,638.4900,642.6600,638.4900,641.0300
1997-07-03,775.7200,781.9000,770.5100,771.8100
1997-07-04,772.8700,775.3300,769.8600,771.8900
1997-07-05,691.1400,694.0900,689.4100,690.4900
1997-07-07,780.8200,785.4300,773.6500,773.6500
1997-07-08,774.9900,779.2700,770.0600,778.3900
1997-07-09,779.9600,798.0400,779.9600,797.1600
1997-07-10,713.6200,720.2500,711.8900,720.2400
1997-07-11,692.7700,692.7700,687.6800,688.9500
1997-07-14,789.9300,789.9300,770.9700,774.8800
1997-07-15,776.8100,781.0100,773.7000,774.3700
1997-07-16,775.8600,781.5600,770.0000,770.0000
1997-07-17,771.9500,771.9600,767.1400,770.6400
1997-07-18,775.7700,775.7700,758.5400,758.5400
1997-07-21,763.8500,764.4600,758.5000,764.4600
1997-07-22,765.2800,772.9500,765.2800,772.7700
1997-07-23,773.2200,784.7800,773.2200,784.6000
1997-07-24,784.8800,792.5200,781.7800,781.7800
1997-07-25,782.5400,782.5400,771.4500,775.8900
1997-07-28,776.5600,779.2100,775.4600,778.6300
1997-07-29,779.0600,785.1500,778.5000,785.1500
1997-07-30,785.5800,790.9800,785.5800,789.6100
1997-07-31,790.4700,801.4400,790.4700,798.8100
1997-08-01,799.2500,806.6600,799.2500,806.1400
1997-08-04,807.6200,831.3500,807.6200,829.7500
1997-08-05,830.5200,843.2800,830.5200,843.2800
1997-08-06,844.0500,853.8200,835.5200,838.0600
1997-08-07,774.9900,779.2700,770.0600,778.3900
1997-08-08,825.9100,827.5200,812.3000,815.2400
1997-08-09,748.8300,760.4500,746.8900,760.4400
1997-08-10,720.6300,724.2800,720.6300,723.2200
1997-08-11,817.5100,827.6100,817.5100,827.6000
1997-08-12,828.0000,832.6000,815.8600,819.8900
1997-08-13,820.7000,820.7000,807.9300,810.6100
1997-08-14,810.9800,811.4300,797.4100,800.7400
1997-08-19,790.2100,791.5900,778.0300,780.3100
1997-08-20,781.3300,790.0800,776.4000,789.9100
1997-08-21,790.2200,793.6100,775.2800,777.0600
1997-08-22,777.5000,777.5000,758.8000,759.5800
1997-08-26,763.8800,768.0300,760.0600,768.0200
1997-08-27,768.7200,771.7100,766.1700,767.9700
1997-08-28,768.9600,768.9600,743.7200,744.2500
1997-08-29,745.2600,745.2600,725.5800,727.5100
1997-09-01,730.0900,736.3700,723.7200,736.3700
1997-09-02,736.7100,738.4200,726.4600,737.1800
1997-09-03,737.4400,746.0900,736.7700,739.9400
1997-09-04,740.4700,745.4500,736.6500,745.4400
1997-09-05,748.5700,749.1400,745.8100,748.4300
1997-09-06,697.5000,699.9800,696.0900,696.7400
1997-09-07,779.9600,798.0400,779.9600,797.1600
1997-09-08,748.8300,760.4500,746.8900,760.4400
1997-09-09,760.7600,765.5500,753.1900,753.1900
1997-09-10,724.0200,730.3600,722.5200,730.3500
1997-09-11,755.1500,756.9600,748.6600,748.6600
1997-09-12,637.5600,639.3200,625.0600,627.1100
1997-09-15,745.8600,746.2400,741.7800,746.2400
1997-09-16,746.8000,747.9700,742.3200,744.0600
1997-09-17,744.5900,744.5900,729.5700,730.6300
1997-09-18,731.0100,731.0100,717.3500,723.3700
1997-09-19,723.9100,724.6200,712.0500,712.5900
1997-09-22,713.0900,714.2800,703.8800,705.4900
1997-09-23,705.7800,711.8000,703.9400,711.8000
1997-09-24,712.9300,718.3300,711.5400,712.2400
1997-09-25,712.8300,719.7500,712.8300,719.7500
1997-09-26,720.5200,724.9300,719.7400,724.9300
1997-09-29,727.5400,730.6400,723.9500,725.8500
1997-09-30,726.1500,726.3200,720.0900,721.1000
1997-10-01,644.9900,659.1500,644.9900,657.0800
1997-10-02,644.2400,646.4700,642.0400,644.0000
1997-10-03,721.8800,723.6300,711.7700,711.7900
1997-10-04,675.3100,675.3100,660.2700,662.9900
1997-10-06,711.6400,713.7100,710.5500,713.2600
1997-10-07,798.4100,805.3400,796.5000,796.5000
1997-10-08,720.6300,724.2800,720.6300,723.2200
1997-10-09,724.0200,730.3600,722.5200,730.3500
1997-10-10,735.1800,741.5700,734.5100,737.5800
1997-10-11,686.1600,686.3800,682.8600,684.4200
1997-10-12,623.0900,624.7200,618.1900,620.9000
1997-10-13,744.8900,746.7000,740.4700,740.4700
1997-10-14,740.9500,740.9500,731.6900,731.6900
1997-10-15,732.8500,735.5000,731.0000,734.9300
1997-10-16,735.5300,743.0200,735.5300,742.2400
1997-10-17,742.6300,750.3700,742.6300,747.5500
1997-10-20,757.1400,758.1900,750.4700,758.1900
1997-10-21,758.8300,758.8900,749.6200,751.2000
1997-10-22,751.9200,752.1600,745.1600,746.2000
1997-10-23,747.2200,747.2200,731.3200,734.8000
1997-10-24,735.3000,735.3000,720.0200,723.9900
1997-10-27,724.3900,725.5000,719.6700,721.1600
1997-10-30,705.4300,707.0000,704.9300,705.0600
1997-11-02,644.8400,655.2200,644.5800,654.5000
1997-11-03,701.3300,702.9200,688.1500,691.2400
1997-11-04,663.9400,667.5700,653.2600,667.4300
1997-11-05,701.4800,701.4800,694.7000,695.9500
1997-11-06,701.9000,713.6900,701.9000,711.9200
1997-11-07,798.1700,798.1700,786.5300,788.6600
1997-11-08,817.5100,827.6100,817.5100,827.6000
1997-11-09,755.1500,756.9600,748.6600,748.6600
1997-11-10,686.1600,686.3800,682.8600,684.4200
1997-11-11,685.3900,687.2500,682.8500,683.5000
1997-11-12,618.3100,618.9500,606.2100,615.8400
1997-11-13,666.5100,666.5100,653.7000,655.6000
1997-11-14,660.2600,660.2600,648.8500,655.4300
1997-11-17,654.5600,657.4100,651.5600,657.3700
1997-11-18,649.4900,649.4900,644.7800,648.3200
1997-11-19,648.3200,648.3200,630.5200,639.5000
1997-11-20,631.9500,645.8000,631.9500,641.7500
1997-11-21,640.2700,652.5700,640.2700,650.5500
1997-11-24,648.9900,648.9900,633.4000,633.4000
1997-11-25,633.5100,645.2000,633.5100,644.2300
1997-11-26,648.5900,658.0300,648.5900,654.3200
1997-11-27,654.1000,670.3600,653.7700,668.8000
1997-11-28,665.9300,665.9300,652.9600,656.6300
1997-12-01,654.0800,657.4800,646.7900,657.4800
1997-12-02,655.0800,658.1100,652.8900,652.8900
1997-12-03,655.5200,659.9900,653.5800,656.1500
1997-12-04,667.1400,667.1400,660.1300,662.2000
1997-12-05,696.4900,699.8400,694.5500,694.5500
1997-12-06,713.3300,722.3500,713.3300,721.6200
1997-12-08,828.0000,832.6000,815.8600,819.8900
1997-12-09,749.0300,749.6300,742.7700,743.7100
1997-12-10,623.0900,624.7200,618.1900,620.9000
1997-12-11,683.5100,685.2000,669.9600,670.6200
1997-12-12,616.4200,620.8500,614.6500,615.2900
1997-12-15,615.4400,621.0200,611.1500,620.7300
1997-12-16,622.2400,631.4800,622.2400,629.1200
1997-12-17,633.8300,639.4100,633.8300,639.4000
1997-12-18,638.0300,645.2300,637.1300,637.8300
1997-12-19,636.6200,646.6400,636.6200,646.6300
1997-12-22,646.7800,660.8500,646.7200,658.9400
1997-12-23,658.9900,667.5500,658.9900,662.2300
1997-12-24,662.2500,662.2500,649.2200,658.3200
1997-12-26,658.3400,664.5300,658.3400,662.2200
1997-12-29,662.2300,674.0200,662.2300,673.9600
1997-12-30,673.9600,674.0200,663.2700,665.1200
1997-12-31,665.1000,675.1400,664.1300,667.4100
1998-01-01,667.4300,678.5400,667.3900,676.3800
1998-01-02,676.4000,684.4500,676.4000,682.2300
1998-01-04,715.5600,733.2000,715.5400,732.5700
1998-01-05,682.2300,696.6000,682.2300,690.5300
1998-01-06,724.5200,754.0600,723.6800,723.9700
1998-01-07,685.4500,689.4600,676.9800,680.5600
1998-01-08,680.5500,680.5500,664.9000,664.9000
1998-01-09,589.5000,589.5000,573.9000,574.8200
1998-01-12,561.9000,564.4200,559.0000,560.7500
1998-01-13,628.5200,641.4900,628.5200,634.0700
1998-01-14,634.1100,641.3500,627.7200,631.0500
1998-01-15,630.9900,632.7800,618.7200,626.2600
1998-01-16,626.3100,632.2500,624.2900,628.9300
1998-01-19,629.0100,641.7800,628.3500,641.6500
1998-01-20,641.6800,646.3100,635.8800,636.2800
1998-01-21,636.3000,637.0600,630.8000,630.8800
1998-01-22,630.8700,630.8900,621.9700,623.6600
1998-01-23,623.6600,623.6700,616.6200,617.8900
1998-01-27,617.9000,618.0400,604.5900,605.2300
1998-01-28,605.1900,608.8500,593.9600,594.8500
1998-01-29,595.6900,595.7500,588.3300,594.3800
1998-02-01,676.4000,684.4500,676.4000,682.2300
1998-02-02,594.5000,614.6600,594.4600,613.5500
1998-02-03,657.8500,686.7900,657.7400,685.2500
1998-02-04,611.8100,617.1100,604.8200,605.6500
1998-02-05,605.6600,611.5200,605.6200,609.3600
1998-02-06,609.4200,610.2700,606.2200,608.4300
1998-02-07,616.5500,616.8500,607.4600,608.7800
1998-02-09,608.4900,612.3400,605.1700,605.3800
1998-02-10,605.3700,606.0500,600.2100,600.6600
1998-02-11,600.6600,603.7800,596.9700,597.6200
1998-02-12,597.6600,598.2800,592.8900,597.9100
1998-02-13,597.9200,606.5500,597.9200,606.2900
1998-02-16,606.2700,620.7900,605.6100,620.4100
1998-02-17,620.4300,621.2000,614.3200,614.3900
1998-02-18,614.5500,618.5200,611.6100,613.3400
1998-02-19,613.5000,620.3600,613.5000,619.0100
1998-02-20,619.3200,623.0700,616.1000,617.2200
1998-02-23,618.0300,628.3700,617.8100,628.3400
1998-02-24,628.3500,629.8900,626.7100,629.6700
1998-02-26,629.7700,649.2600,629.7700,647.5700
1998-02-27,647.6400,660.2200,647.6400,657.8600
1998-03-02,613.6100,614.9900,608.7900,611.8100
1998-03-03,685.2200,685.3300,655.3400,661.6300
1998-03-04,661.6400,679.9300,661.6400,678.7200
1998-03-05,678.6900,683.3400,671.6600,672.8900
1998-03-06,704.7400,704.9800,684.5200,704.4600
1998-03-07,608.8800,608.8800,590.5800,591.0500
1998-03-08,621.7100,621.7100,605.3800,606.1400
1998-03-09,580.7700,586.5900,578.2900,583.3200
1998-03-10,687.0300,690.5300,682.1700,684.1600
1998-03-11,566.1600,567.4700,562.3900,564.0000
1998-03-12,675.9700,675.9700,667.6500,669.9500
1998-03-16,670.5200,690.3900,670.4500,683.2200
1998-03-17,683.0300,683.4800,674.5300,683.4800
1998-03-18,683.4000,694.5700,683.4000,691.9400
1998-03-19,692.0500,697.2700,688.4600,692.5700
1998-03-20,692.5200,697.5300,687.2100,696.6500
1998-03-23,696.7900,723.6600,696.7900,722.3400
1998-03-24,722.4400,727.9000,717.8700,719.0100
1998-03-25,718.7900,728.8100,711.9400,726.3400
1998-03-26,726.3900,733.7300,713.4500,714.8500
1998-03-27,714.8100,719.7200,709.8100,718.0900
1998-03-30,718.2300,733.2900,718.2300,718.6500
1998-03-31,718.7000,721.2400,713.9400,715.5400
1998-04-01,715.5600,733.2000,715.5400,732.5700
1998-04-02,611.8100,617.1100,604.8200,605.6500
1998-04-03,735.1600,744.5800,735.1600,744.3600
1998-04-05,755.7500,783.4500,755.7500,783.2300
1998-04-06,744.4000,767.4700,744.4000,764.9900
1998-04-07,764.8500,777.1100,763.9600,773.4700
1998-04-08,606.2100,610.2000,604.2400,605.6200
1998-04-09,583.5700,591.6900,583.5700,590.6700
1998-04-10,775.4900,788.5600,774.6700,778.0100
1998-04-12,562.1600,567.7700,559.9400,567.7300
1998-04-13,764.5400,775.0100,756.6300,765.7800
1998-04-15,765.8500,796.0000,765.8500,793.4800
1998-04-16,793.3700,799.5500,780.7100,780.7100
1998-04-17,780.6700,788.5600,775.1300,788.1100
1998-04-20,788.4700,812.3200,788.4700,798.6100
1998-04-21,798.5900,815.6200,798.5900,815.6200
1998-04-22,815.6500,825.0700,793.1800,793.1800
1998-04-23,792.8500,795.1500,773.3800,774.9500
1998-04-24,774.9700,777.1500,750.1900,761.8000
1998-04-27,761.9200,779.7200,761.9200,767.2800
1998-04-29,767.1600,767.9200,745.4900,746.8400
1998-04-30,746.6900,755.7300,736.8500,755.7000
1998-05-01,682.2300,696.6000,682.2300,690.5300
1998-05-02,605.6600,611.5200,605.6200,609.3600
1998-05-03,678.6900,683.3400,671.6600,672.8900
1998-05-04,755.7500,783.4500,755.7500,783.2300
1998-05-05,783.2900,787.5500,780.9600,786.7600
1998-05-06,786.7600,787.1400,769.0400,770.2800
1998-05-08,770.2600,770.2600,759.6900,761.0400
1998-05-10,622.0400,622.5000,581.7400,582.1200
1998-05-11,564.1500,569.8300,564.1500,568.8400
1998-05-12,760.9400,761.0500,745.0500,747.6800
1998-05-13,747.7300,747.7300,714.6300,715.4200
1998-05-14,715.3700,738.9000,708.4700,738.9000
1998-05-15,738.8100,743.7800,728.1500,730.2200
1998-05-18,730.3100,750.8900,730.3100,745.8500
1998-05-19,745.8500,751.8600,745.5700,751.8200
1998-05-20,751.8600,765.2500,751.8600,764.1900
1998-05-21,764.2300,766.1800,746.5500,749.7400
1998-05-22,749.7400,752.8500,744.6500,747.6000
1998-05-25,747.2600,757.4500,746.4000,753.7400
1998-05-26,753.7700,756.5500,749.1200,749.9600
1998-05-27,749.3400,749.3400,737.6200,739.0600
1998-05-28,738.7200,744.7900,728.6800,730.2200
1998-05-29,729.8800,732.6400,704.8500,723.8600
1998-06-01,688.1900,690.5500,680.2800,685.4400
1998-06-02,609.4200,610.2700,606.2200,608.4300
1998-06-03,704.7400,704.9800,684.5200,704.4600
1998-06-04,744.4000,767.4700,744.4000,764.9900
1998-06-05,695.5600,695.5600,664.2100,664.8900
1998-06-07,591.0700,608.3200,591.0500,608.1700
1998-06-08,667.0900,670.4700,628.9600,654.0000
1998-06-09,654.0200,666.4600,646.8800,664.4800
1998-06-10,664.1100,664.4500,634.6700,635.0900
1998-06-11,637.0400,639.7500,616.2600,639.5200
1998-06-12,639.5400,654.5000,639.3600,642.2800
1998-06-15,641.3900,641.9800,607.0600,607.2600
1998-06-16,606.8500,606.8500,573.9300,603.2100
1998-06-17,604.3700,642.4600,604.3700,642.3400
1998-06-18,642.4900,648.9300,625.1600,625.2900
1998-06-19,625.1200,625.1200,594.6500,598.0100
1998-06-22,598.0100,598.0100,567.4700,584.8600
1998-06-23,584.5300,584.5300,567.3300,578.1700
1998-06-24,578.1500,600.9500,578.1500,600.8200
1998-06-25,600.8500,617.0400,600.8500,612.0000
1998-06-26,612.0600,613.8000,604.6700,607.5600
1998-06-29,607.8100,631.2800,607.2300,631.1000
1998-06-30,631.0200,633.6000,620.0900,624.4000
1998-07-01,685.4500,689.4600,676.9800,680.5600
1998-07-02,616.5500,616.8500,607.4600,608.7800
1998-07-03,608.8800,608.8800,590.5800,591.0500
1998-07-04,764.8500,777.1100,763.9600,773.4700
1998-07-06,591.0700,608.3200,591.0500,608.1700
1998-07-07,608.2900,620.5500,608.2900,614.6100
1998-07-08,614.6600,627.1600,614.6600,622.4300
1998-07-09,622.7600,636.3400,622.7600,633.0900
1998-07-10,585.6700,605.1000,585.6700,604.7600
1998-07-12,567.7300,578.7900,567.7300,578.4400
1998-07-13,643.1100,655.1700,634.3600,634.7500
1998-07-14,634.7800,642.3800,634.7500,642.1600
1998-07-15,642.3600,651.0100,640.4100,644.0100
1998-07-16,644.0300,662.8100,642.8900,662.6600
1998-07-17,662.8100,667.4700,657.0400,659.4100
1998-07-20,659.5900,660.6400,645.9200,646.8700
1998-07-21,646.8800,651.1300,637.3500,641.2800
1998-07-22,641.3100,644.7400,634.9000,639.2200
1998-07-23,639.0700,639.0700,617.6400,619.1300
1998-07-24,619.0500,619.0500,606.9500,610.3200
1998-07-27,610.4100,616.6400,598.1100,599.2400
1998-07-28,599.4900,614.2700,599.1400,613.7800
1998-07-29,613.7700,625.0000,613.7300,622.3100
1998-07-30,622.3600,630.9600,618.8800,622.4400
1998-07-31,622.4900,625.2000,617.7000,621.7000
1998-08-01,680.5500,680.5500,664.9000,664.9000
1998-08-03,621.7100,621.7100,605.3800,606.1400
1998-08-04,773.6900,780.2600,766.4500,775.2200
1998-08-05,770.2600,770.2600,759.6900,761.0400
1998-08-06,611.3700,616.3700,606.6900,607.7000
1998-08-07,614.6600,627.1600,614.6600,622.4300
1998-08-09,603.1100,610.2700,599.2500,608.8100
1998-08-10,606.6400,606.6400,599.9100,600.6100
1998-08-11,600.5700,600.5700,591.6700,592.7200
1998-08-12,592.6900,594.7200,584.2300,587.3500
1998-08-13,587.2100,597.0400,582.2500,592.7700
1998-08-14,592.8600,596.7600,589.4500,590.6600
1998-08-17,590.8700,595.0900,583.9900,583.9900
1998-08-18,584.0600,584.4000,571.4100,573.0200
1998-08-19,573.0000,585.3100,573.0000,579.0100
1998-08-20,579.4400,596.5800,579.0500,596.0200
1998-08-21,595.8900,596.7200,587.5000,588.9600
1998-08-24,588.8900,592.4400,583.6500,591.6200
1998-08-25,591.6200,600.9500,591.6200,600.1100
1998-08-27,600.1200,612.5400,600.1200,601.3500
1998-08-28,601.3200,601.3200,585.9200,587.4300
1998-08-31,587.6700,591.6100,581.4500,589.5300
1998-09-01,589.5000,589.5000,573.9000,574.8200
1998-09-02,574.8400,583.2100,574.8400,580.7500
1998-09-03,580.7700,586.5900,578.2900,583.3200
1998-09-04,583.5700,591.6900,583.5700,590.6700
1998-09-06,654.0200,666.4600,646.8800,664.4800
1998-09-07,622.7600,636.3400,622.7600,633.0900
1998-09-08,603.1100,610.2700,599.2500,608.8100
1998-09-09,609.2500,620.0400,608.9200,611.7500
1998-09-10,587.5600,595.4000,585.4800,589.8400
1998-09-11,574.6200,591.0400,574.6200,587.7700
1998-09-12,581.8100,588.1100,581.7600,583.5700
1998-09-14,605.3200,617.2500,605.3200,617.2400
1998-09-15,617.0100,619.2200,614.8800,618.8800
1998-09-16,619.0400,626.0200,616.6100,617.3100
1998-09-17,617.3800,621.6000,614.8100,616.0600
1998-09-18,615.8200,615.8200,609.6900,612.8100
1998-09-21,612.8400,618.0300,612.0600,612.1400
1998-09-22,612.2900,615.1700,608.3200,612.3700
1998-09-23,612.6700,622.3900,612.6700,622.2800
1998-09-24,622.3900,636.3600,622.3900,635.4900
1998-09-25,635.8200,641.4300,634.4800,636.0400
1998-09-28,636.0700,640.8400,632.4200,634.6400
1998-09-29,634.6500,637.2200,618.8900,622.1700
1998-09-30,622.2300,625.1400,616.8800,622.9400
1998-10-02,605.3700,606.0500,600.2100,600.6600
1998-10-03,687.0300,690.5300,682.1700,684.1600
1998-10-04,775.4900,788.5600,774.6700,778.0100
1998-10-05,622.0400,622.5000,581.7400,582.1200
1998-10-06,664.1100,664.4500,634.6700,635.0900
1998-10-07,633.1400,644.1000,633.1400,643.0400
1998-10-08,606.6400,606.6400,599.9100,600.6100
1998-10-09,611.6600,614.7100,609.0500,611.4000
1998-10-11,587.7800,591.3300,584.9900,591.1300
1998-10-12,590.0200,594.4000,576.6400,579.6300
1998-10-13,579.1000,579.1000,562.7300,567.3900
1998-10-14,567.6900,583.2300,566.9700,581.4300
1998-10-15,581.5600,583.5500,576.6400,578.1500
1998-10-16,578.1800,582.8800,573.0300,578.3600
1998-10-19,578.4500,578.6000,572.0200,572.7900
1998-10-20,572.7800,572.7900,554.5600,557.6800
1998-10-22,557.8600,567.3100,557.8600,561.7700
1998-10-23,561.6700,565.8400,557.3700,563.5600
1998-10-26,563.5600,589.7900,563.5600,585.9400
1998-10-27,586.0500,587.4500,578.5300,584.0800
1998-10-28,584.2200,591.7900,576.4000,576.6000
1998-10-29,576.5800,577.0700,569.3200,576.9900
1998-10-30,577.1300,578.4900,570.5100,570.6000
1998-10-31,570.5700,570.5700,566.5900,569.1900
1998-11-02,569.3400,571.4400,562.3400,566.1700
1998-11-03,684.0800,684.2800,667.0000,676.0700
1998-11-05,564.1500,569.8300,564.1500,568.8400
1998-11-06,569.0400,574.3700,569.0400,574.1400
1998-11-08,600.5700,600.5700,591.6700,592.7200
1998-11-09,611.3900,611.3900,600.5700,604.9100
1998-11-10,587.7800,591.3300,584.9900,591.1300
1998-11-11,591.2300,599.5400,589.5800,589.6300
1998-11-12,589.6400,592.5200,582.8300,592.4900
1998-11-13,592.1000,594.9100,588.2600,588.5400
1998-11-16,588.0600,588.0600,581.9600,582.3300
1998-11-17,582.4500,586.8600,582.0200,586.5000
1998-11-18,586.5400,597.7300,586.5400,597.1400
1998-11-19,597.1800,599.5000,591.2900,591.6200
1998-11-20,591.6200,593.8400,586.3200,587.6300
1998-11-21,,,,587.5400
1998-11-23,587.7100,587.7100,578.8400,580.1200
1998-11-24,580.1300,581.9800,576.1000,576.8200
1998-11-26,576.7800,578.0800,564.1900,565.5600
1998-11-27,565.5400,565.5400,556.8900,557.9700
1998-11-28,557.9700,561.2900,553.6200,556.9800
1998-11-30,556.9800,561.9500,551.1400,561.9000
1998-12-01,648.4700,648.4800,628.0700,628.5200
1998-12-02,560.7800,566.3800,560.7800,564.1200
1998-12-03,564.1300,565.2200,561.0400,562.1800
1998-12-04,562.1600,567.7700,559.9400,567.7300
1998-12-05,760.9400,761.0500,745.0500,747.6800
1998-12-06,639.5400,654.5000,639.3600,642.2800
1998-12-07,567.7300,578.7900,567.7300,578.4400
1998-12-08,578.4300,582.2800,574.6600,581.7900
1998-12-09,581.8100,588.1100,581.7600,583.5700
1998-12-10,583.5900,589.4600,583.5900,586.3700
1998-12-11,589.6400,592.5200,582.8300,592.4900
1998-12-14,590.0100,592.5100,584.7600,585.6300
1998-12-15,585.6200,585.6700,573.0200,574.3000
1998-12-16,574.3100,578.6500,569.8100,578.4800
1998-12-17,578.4100,578.4100,564.5600,565.6900
1998-12-18,565.7000,570.5600,564.0900,569.2300
1998-12-21,569.2700,585.4600,569.2700,585.4500
1998-12-22,585.4700,588.0100,580.5500,583.3200
1998-12-23,583.3300,593.8400,583.3300,585.3000
1998-12-24,585.2900,587.3700,583.1800,586.4300
1998-12-28,586.4700,602.0500,586.4700,600.7000
1998-12-29,600.6900,603.2200,595.4000,598.7800
1998-12-30,598.8900,620.0800,598.8900,618.3700
1998-12-31,618.3700,622.5000,609.0600,609.0600
1999-01-01,609.0600,614.0200,608.2300,613.9500
1999-01-02,673.8500,673.8500,655.4200,655.4200
1999-01-03,687.3800,708.7300,687.3800,707.8400
1999-01-04,758.2500,764.1900,749.3800,752.6400
1999-01-05,620.2200,627.2000,617.4000,627.2000
1999-01-06,772.2400,774.9400,758.0600,764.6100
1999-01-07,806.4600,812.9000,800.7500,804.0300
1999-01-08,654.9900,674.0000,654.9900,673.8800
1999-01-09,999.7200,1011.3000,990.8800,994.0200
1999-01-10,1026.0300,1027.5400,1003.9900,1015.6300
1999-01-11,673.9700,694.9000,673.9700,678.2400
1999-01-12,1039.2900,1064.4400,1039.2900,1048.4900
1999-01-13,664.8600,681.6100,664.8600,667.7300
1999-01-14,667.6500,673.8100,660.2800,664.6900
1999-01-15,664.7500,674.1100,650.4200,651.3700
1999-01-18,651.3700,655.8600,642.7200,655.8600
1999-01-19,655.8600,659.5800,640.8900,642.3900
1999-01-21,642.4300,670.8100,642.4300,670.8000
1999-01-22,670.8200,681.5800,666.1500,666.8900
1999-01-25,666.8600,666.9700,653.5000,664.0400
1999-01-27,664.0800,690.6700,664.0800,683.8600
1999-01-28,683.8700,688.9800,669.8900,670.6200
1999-01-29,670.6200,675.5300,665.9500,673.8800
1999-02-01,673.8500,673.8500,655.4200,655.4200
1999-02-02,655.4200,655.4800,642.4900,645.3800
1999-02-03,645.3800,662.1900,645.3800,662.0000
1999-02-04,662.0100,666.0000,650.6800,652.7900
1999-02-05,652.8100,654.9800,645.7300,650.0100
1999-02-06,764.5900,770.8100,757.5300,768.4300
1999-02-07,804.1300,814.9800,804.0700,811.6500
1999-02-08,904.7800,905.2900,886.5100,888.8500
1999-02-09,993.6500,993.6500,969.3900,971.6200
1999-02-10,642.3000,664.2900,642.3000,664.2200
1999-02-11,919.6500,971.1600,893.7800,970.7600
1999-02-12,1048.6500,1072.2800,1048.6500,1064.5700
1999-02-15,674.1300,679.8500,664.5100,664.5600
1999-02-16,664.5400,671.7700,663.3500,670.2600
1999-02-17,670.2900,685.9300,669.0300,681.4200
1999-02-18,681.4400,693.7400,681.4400,683.0100
1999-02-19,683.0800,689.1100,682.3900,683.2000
1999-02-22,683.2100,684.5700,665.2500,665.8000
1999-02-23,665.7700,665.7700,655.0700,660.7900
1999-02-24,660.8300,671.0600,660.8300,669.7000
1999-02-25,669.7100,674.1400,668.2200,668.9000
1999-02-26,668.9100,669.8700,657.8600,660.7000
1999-02-27,660.7400,688.2600,656.0100,687.4000
1999-03-01,687.3800,708.7300,687.3800,707.8400
1999-03-02,645.3800,662.1900,645.3800,662.0000
1999-03-03,707.9600,744.4800,707.9600,730.3900
1999-03-04,730.4000,734.6800,712.6900,719.7600
1999-03-05,719.7600,731.9100,715.6300,727.9600
1999-03-06,768.4100,779.5300,768.4100,776.8700
1999-03-08,728.0000,743.0800,727.7100,735.0100
1999-03-09,971.2900,978.9400,969.2400,972.1800
1999-03-10,738.8900,757.6100,736.9400,747.7800
1999-03-11,970.8100,988.2700,950.3700,965.7500
1999-03-12,1065.3000,1083.7800,1065.3000,1073.8700
1999-03-15,742.8500,754.1100,741.6700,746.9900
1999-03-16,746.9900,750.9100,734.1900,736.7400
1999-03-17,736.8500,760.2500,736.8500,741.9400
1999-03-18,741.9500,755.6500,739.8900,755.2700
1999-03-19,755.3100,761.6700,742.7300,746.4600
1999-03-20,746.4100,747.4400,741.5700,747.0000
1999-03-22,747.0000,751.4800,735.8900,749.7900
1999-03-23,749.7600,758.2500,748.9800,751.9500
1999-03-24,751.9300,768.9200,739.6600,749.9500
1999-03-25,749.9500,753.5900,743.8400,746.2700
1999-03-26,746.2800,747.8300,727.0100,732.7100
1999-03-30,732.6800,736.4700,722.5900,736.3500
1999-03-31,736.3500,762.9600,736.2700,758.2500
1999-04-01,758.2500,764.1900,749.3800,752.6400
1999-04-02,662.0100,666.0000,650.6800,652.7900
1999-04-03,730.4000,734.6800,712.6900,719.7600
1999-04-05,752.5000,752.5000,713.8700,714.7700
1999-04-06,714.7500,718.0100,696.1000,716.7500
1999-04-07,716.7900,731.1900,716.7700,722.4100
1999-04-08,722.4200,726.0600,711.8400,714.7000
1999-04-09,714.7000,715.5500,692.3900,694.2700
1999-04-10,1015.6800,1019.3100,987.9600,988.1100
1999-04-11,965.8900,976.8000,957.6600,973.4300
1999-04-12,694.2600,696.8700,677.8800,694.3200
1999-04-13,694.2900,695.4800,685.2400,689.0100
1999-04-15,688.8500,688.8500,666.0900,667.9900
1999-04-16,668.0200,718.9400,663.9200,718.7300
1999-04-17,718.9000,737.3600,663.3300,667.7700
1999-04-19,667.6300,688.3600,659.5700,684.8100
1999-04-20,684.8300,691.9200,678.8800,686.5500
1999-04-21,686.5600,694.6100,686.5600,691.7600
1999-04-22,691.7600,700.4500,674.8100,680.5600
1999-04-23,680.5900,687.1200,670.3100,678.8100
1999-04-26,678.7200,678.7200,639.7200,640.9700
1999-04-28,640.8800,649.7000,627.8000,648.6700
1999-04-29,648.6700,668.2100,648.6700,667.6700
1999-04-30,667.6800,681.6600,667.2900,680.6000
1999-05-01,620.2200,627.2000,617.4000,627.2000
1999-05-02,652.8100,654.9800,645.7300,650.0100
1999-05-03,719.7600,731.9100,715.6300,727.9600
1999-05-04,676.2300,703.5100,676.1500,702.9400
1999-05-05,703.0900,722.5500,702.9600,714.3600
1999-05-06,714.3600,728.0900,714.2400,727.5800
1999-05-07,811.6800,833.8300,811.6800,833.2300
1999-05-08,918.2700,930.8000,910.6400,914.8700
1999-05-10,988.0900,1000.5000,981.5200,1000.5000
1999-05-11,755.4600,768.8900,755.4600,766.6300
1999-05-12,766.6600,780.9100,742.7500,756.6800
1999-05-13,756.8000,779.6200,756.8000,778.6500
1999-05-14,778.7500,792.1400,777.1200,788.2500
1999-05-17,788.2000,791.4600,760.7500,776.9200
1999-05-18,776.8800,791.3000,776.8000,783.3200
1999-05-19,783.5500,805.6600,783.5500,802.0900
1999-05-20,802.0800,815.5600,794.6000,797.2400
1999-05-21,797.3300,802.5500,778.5500,781.8300
1999-05-24,781.7700,784.5800,772.5000,782.9900
1999-05-25,782.9500,789.9100,780.4000,788.0800
1999-05-26,788.1000,798.7100,768.3900,775.8300
1999-05-27,775.8300,784.0700,751.8900,751.8900
1999-05-28,751.8700,752.3300,720.4800,739.6600
1999-05-31,739.6300,772.6300,739.6300,772.2800
1999-06-01,772.2400,774.9400,758.0600,764.6100
1999-06-02,764.5900,770.8100,757.5300,768.4300
1999-06-03,768.4100,779.5300,768.4100,776.8700
1999-06-04,714.7500,718.0100,696.1000,716.7500
1999-06-05,714.3600,728.0900,714.2400,727.5800
1999-06-07,786.7000,799.4000,782.6100,787.1400
1999-06-08,787.1500,808.6200,775.3000,800.0300
1999-06-09,800.5100,805.3900,792.4600,793.4100
1999-06-10,793.4300,802.2600,793.4300,795.8600
1999-06-11,795.8800,795.9800,781.5800,782.3800
1999-06-12,1073.9300,1100.7400,1073.9300,1098.4300
1999-06-14,782.1700,782.1700,757.0000,769.5400
1999-06-15,769.5700,777.9600,759.4600,761.0800
1999-06-16,761.1200,779.9400,756.9900,778.1200
1999-06-17,778.2400,795.2500,778.2400,792.2000
1999-06-18,793.1000,799.0500,789.3400,790.4500
1999-06-21,790.5900,808.2500,790.5900,807.9200
1999-06-22,807.8800,817.3800,806.0100,816.8600
1999-06-23,816.8800,823.2600,805.3700,805.7600
1999-06-24,805.8200,805.9400,794.7400,799.3400
1999-06-25,799.4800,810.0900,796.2100,798.4900
1999-06-28,798.9400,809.4000,798.9400,807.9600
1999-06-29,807.9800,812.4700,804.2400,807.7400
1999-06-30,807.7900,809.5300,802.2700,806.1200
1999-07-01,806.4600,812.9000,800.7500,804.0300
1999-07-02,804.1300,814.9800,804.0700,811.6500
1999-07-04,716.7900,731.1900,716.7700,722.4100
1999-07-05,727.6300,743.7600,727.6300,737.1000
1999-07-06,786.7000,799.4000,782.6100,787.1400
1999-07-07,842.7600,854.9900,842.7600,845.5700
1999-07-08,845.9300,850.4800,842.6600,845.3500
1999-07-09,983.6400,990.1500,976.5800,978.1500
1999-07-10,1013.8800,1068.8100,1013.8800,1065.8300
1999-07-11,994.7100,1008.7500,994.7100,998.4800
1999-07-12,856.2400,899.7600,856.2400,898.3000
1999-07-13,898.7600,912.8500,896.2500,899.8100
1999-07-14,899.8700,914.5800,894.6000,914.5100
1999-07-15,915.0200,929.4400,892.0300,896.4900
1999-07-16,896.8100,905.4000,891.2600,903.8600
1999-07-19,904.3300,926.3200,904.3300,921.4300
1999-07-20,921.4400,921.4400,892.7900,900.3800
1999-07-21,900.4200,921.4000,892.5200,917.6500
1999-07-22,916.7000,932.2300,916.7000,924.5300
1999-07-23,924.5400,931.4300,916.0900,917.1600
1999-07-26,917.3000,917.3400,904.9400,909.6600
1999-07-27,909.7700,910.1700,896.4700,901.7500
1999-07-28,901.8300,918.9900,901.8000,913.1800
1999-07-29,913.5600,918.4500,905.7200,912.3100
1999-07-30,912.3100,912.3100,901.2400,905.0300
1999-08-01,654.9900,674.0000,654.9900,673.8800
1999-08-02,904.7800,905.2900,886.5100,888.8500
1999-08-03,728.0000,743.0800,727.7100,735.0100
1999-08-04,892.2700,919.9700,892.2700,918.1300
1999-08-05,918.2700,930.8000,910.6400,914.8700
1999-08-06,914.9500,916.7800,910.8300,914.5400
1999-08-07,845.9300,850.4800,842.6600,845.3500
1999-08-09,914.9900,928.9000,913.3500,925.8100
1999-08-10,1065.8300,1090.7100,1064.7500,1079.7200
1999-08-11,916.3000,931.6900,909.0000,922.5300
1999-08-12,1107.8000,1137.5200,1083.6000,1099.1200
1999-08-13,924.2200,928.8200,913.8500,915.6900
1999-08-16,916.2300,935.6600,915.8100,932.0600
1999-08-17,932.0900,949.6300,932.0900,949.6000
1999-08-18,949.7000,984.0900,949.7000,978.1200
1999-08-19,978.3100,987.4200,958.8100,962.3500
1999-08-20,962.6900,968.6000,953.3100,968.5800
1999-08-23,968.6700,989.2600,968.6700,983.3200
1999-08-24,983.4900,993.4600,983.3500,993.4600
1999-08-25,993.5400,1011.2900,961.9900,982.3000
1999-08-26,982.3200,1002.1700,982.3200,1001.2000
1999-08-27,1001.2300,1013.4700,1001.2300,1007.4500
1999-08-30,1007.4600,1017.9100,1005.7100,1005.9500
1999-08-31,1006.0300,1007.1300,997.1300,999.6600
1999-09-01,999.7200,1011.3000,990.8800,994.0200
1999-09-02,638.4200,644.1300,631.7000,642.2000
1999-09-03,735.0100,742.1900,734.7200,738.7100
1999-09-04,714.7000,715.5500,692.3900,694.2700
1999-09-06,800.5100,805.3900,792.4600,793.4100
1999-09-07,845.3800,859.3200,845.3800,856.2400
1999-09-08,979.1300,1000.7500,979.1300,993.9700
1999-09-09,993.9300,998.6000,988.7800,991.7400
1999-09-10,992.2800,994.9500,987.8900,990.8500
1999-09-11,999.7500,1005.0700,981.1700,1004.2100
1999-09-12,1098.5800,1111.6000,1093.3500,1110.1800
1999-09-14,990.9100,996.5400,976.7800,983.1900
1999-09-15,983.2400,997.4500,983.2400,983.7000
1999-09-16,983.7000,987.1300,966.8100,967.4600
1999-09-17,967.4400,979.0200,956.3100,975.8100
1999-09-20,975.8800,989.5600,975.7800,976.3400
1999-09-21,976.3300,982.8900,969.4400,974.0500
1999-09-22,974.0100,1009.0100,973.9400,1001.3500
1999-09-23,1001.4000,1018.6400,1001.4000,1017.4300
1999-09-24,1017.3800,1035.7300,1016.7500,1028.9600
1999-09-27,1029.6900,1043.0300,1014.6400,1015.1300
1999-09-28,1015.0000,1015.0000,994.8200,1007.2200
1999-09-29,1007.3600,1039.5300,1007.3600,1031.3600
1999-09-30,1031.4400,1042.6500,1023.9800,1025.1100
1999-10-01,1026.0300,1027.5400,1003.9900,1015.6300
1999-10-02,642.3000,664.2900,642.3000,664.2200
1999-10-03,738.8900,757.6100,736.9400,747.7800
1999-10-04,1015.6800,1019.3100,987.9600,988.1100
1999-10-05,737.2300,755.6600,737.1000,755.4400
1999-10-06,793.4300,802.2600,793.4300,795.8600
1999-10-07,1013.8800,1068.8100,1013.8800,1065.8300
1999-10-08,926.1400,926.1400,913.1100,916.7300
1999-10-09,992.2800,994.9500,987.8900,990.8500
1999-10-11,1004.2200,1023.1800,1004.2200,1021.0500
1999-10-12,1110.9500,1123.9100,1110.2300,1115.6000
1999-10-13,1091.5600,1113.5000,1080.2500,1106.4900
1999-10-14,1106.7100,1129.9900,1106.7100,1114.9100
1999-10-15,1114.9100,1121.0100,1070.5300,1072.5800
1999-10-18,1072.7600,1086.1400,1059.5500,1080.1500
1999-10-20,1080.6100,1121.0500,1080.6100,1107.0700
1999-10-21,1106.9800,1121.5100,1080.0900,1081.6200
1999-10-22,1081.5900,1081.5900,1059.1000,1068.7300
1999-10-23,1068.6800,1079.4700,1068.1500,1079.3900
1999-10-25,1079.4000,1079.4000,1043.4600,1048.8100
1999-10-26,1049.4600,1057.6100,1035.7800,1052.2400
1999-10-27,1054.2700,1070.7000,1037.5600,1047.5500
1999-10-28,1047.5500,1047.5500,1006.3000,1008.7400
1999-10-29,1008.8000,1010.8500,954.5300,972.6200
1999-11-01,673.9700,694.9000,673.9700,678.2400
1999-11-02,664.2500,672.8800,664.2500,666.9400
1999-11-03,747.8000,753.1700,731.5300,732.1800
1999-11-04,965.8900,976.8000,957.6600,973.4300
1999-11-05,973.5300,996.9900,973.5300,994.7000
1999-11-06,795.8800,795.9800,781.5800,782.3800
1999-11-07,994.7100,1008.7500,994.7100,998.4800
1999-11-08,916.3000,931.6900,909.0000,922.5300
1999-11-09,999.7500,1005.0700,981.1700,1004.2100
1999-11-10,1079.7800,1099.6700,1079.7800,1080.8000
1999-11-11,1021.9500,1024.9200,1008.1000,1008.9200
1999-11-12,1008.8800,1009.8400,998.9000,1005.9300
1999-11-15,1005.9900,1008.9300,996.7300,997.0200
1999-11-16,996.7100,998.2200,989.4400,996.8200
1999-11-17,996.8300,1014.9300,992.3200,992.3500
1999-11-18,994.4300,1000.4000,982.1200,995.2200
1999-11-19,995.7800,1008.2100,995.4400,998.0900
1999-11-22,999.6300,1009.5400,994.9400,1009.2000
1999-11-24,1009.2700,1037.5300,1009.2700,1030.3400
1999-11-25,1030.3200,1044.9100,1030.3200,1037.1600
1999-11-26,1037.2100,1044.9700,1036.9200,1037.1800
1999-11-29,1037.2200,1046.8400,1035.5100,1040.1300
1999-11-30,1040.1300,1043.8700,1034.8000,1039.0900
1999-12-01,678.1900,678.1900,658.7700,664.7800
1999-12-02,666.9600,675.6700,666.9600,674.1100
1999-12-03,732.1900,743.6000,731.2600,742.9100
1999-12-04,694.2600,696.8700,677.8800,694.3200
1999-12-05,766.6600,780.9100,742.7500,756.6800
1999-12-06,1073.9300,1100.7400,1073.9300,1098.4300
1999-12-07,856.2400,899.7600,856.2400,898.3000
1999-12-08,922.5400,930.8500,922.5400,924.1300
1999-12-09,1098.5800,1111.6000,1093.3500,1110.1800
1999-12-10,1080.8800,1093.3100,1079.1200,1091.4900
1999-12-11,1008.8800,1009.8400,998.9000,1005.9300
1999-12-13,1115.8700,1131.2300,1113.4400,1117.2100
1999-12-14,1117.5900,1126.0800,1100.1600,1108.6100
1999-12-15,1108.8500,1112.3100,1082.5400,1103.7400
1999-12-16,1103.9800,1132.4500,1103.9800,1126.9500
1999-12-17,1127.0300,1149.8600,1127.0300,1132.0400
1999-12-20,1132.1900,1152.7200,1132.1900,1144.5300
1999-12-21,1144.4300,1160.8800,1142.0800,1146.8100
1999-12-22,1150.0500,1197.1300,1150.0500,1193.6800
1999-12-23,1193.8200,1215.2700,1193.7900,1198.6400
1999-12-24,1199.3000,1202.4600,1170.3400,1178.9200
1999-12-27,1178.8900,1181.0000,1150.9100,1152.4100
1999-12-28,1153.0400,1168.0500,1143.4000,1167.9800
1999-12-29,1168.0700,1199.6200,1168.0700,1192.8500
1999-12-30,1192.8900,1213.1100,1192.8900,1205.0100
2000-01-02,1316.3300,1336.5200,1309.9000,1335.1900
2000-01-03,1486.9700,1568.8000,1483.1100,1563.4600
2000-01-04,1292.4900,1335.7700,1292.4900,1335.4500
2000-01-05,1335.3600,1347.6300,1279.0100,1303.7800
2000-01-06,967.5800,967.5800,947.2500,949.1100
2000-01-07,1306.5300,1306.5300,1270.4600,1276.2900
2000-01-08,959.7800,965.7000,947.9000,951.9500
2000-01-10,1276.5100,1311.6700,1272.6400,1283.5400
2000-01-11,1283.6700,1295.3300,1217.1200,1236.8200
2000-01-12,1236.6900,1277.1000,1236.6900,1277.0800
2000-01-13,1278.4400,1302.3500,1259.0400,1262.7800
2000-01-14,1263.1100,1272.9600,1240.4600,1262.0400
2000-01-17,1262.2600,1293.6700,1262.2600,1269.3400
2000-01-18,1269.8400,1278.0100,1251.7500,1267.1000
2000-01-19,1267.1900,1303.3100,1267.1900,1293.3700
2000-01-20,1293.3600,1313.7800,1282.4000,1284.1000
2000-01-21,1284.1000,1311.1900,1280.9500,1311.0700
2000-01-24,1311.3800,1334.8600,1309.1200,1312.5800
2000-01-25,1312.6000,1322.9600,1302.5500,1313.3900
2000-01-27,1319.1100,1355.6100,1318.9900,1337.5700
2000-01-28,1337.5200,1366.2500,1337.4300,1360.0700
2000-01-31,1359.9800,1366.9200,1306.8700,1316.2500
2000-02-01,1316.3300,1336.5200,1309.9000,1335.1900
2000-02-02,1335.8700,1389.0900,1335.8700,1376.3000
2000-02-03,1376.3800,1410.3700,1376.3800,1407.7000
2000-02-04,1407.7600,1444.4500,1407.7600,1428.3600
2000-02-05,1069.1700,1072.8800,990.7100,994.9000
2000-02-06,949.3400,985.6500,949.3400,979.0000
2000-02-07,1428.8300,1455.5000,1428.8300,1438.3900
2000-02-08,951.9500,957.4500,941.9500,955.7600
2000-02-09,1438.4400,1494.7600,1438.4400,1468.2000
2000-02-10,1469.8700,1509.0700,1469.8700,1508.4400
2000-02-11,1509.5100,1562.7100,1509.5100,1541.9200
2000-02-14,1551.5000,1577.2500,1531.6200,1543.9200
2000-02-15,1543.9200,1563.0600,1508.6000,1541.3900
2000-02-16,1541.6800,1597.6500,1541.6800,1575.7500
2000-02-17,1575.7800,1637.6900,1575.7800,1633.2200
2000-02-18,1633.4200,1680.3600,1633.4200,1653.8600
2000-02-21,1653.8800,1714.0200,1653.8800,1706.9600
2000-02-22,1707.0300,1759.1400,1664.2300,1667.2000
2000-02-23,1674.9700,1703.8000,1607.2900,1612.6500
2000-02-24,1612.7200,1627.5100,1581.1700,1614.4600
2000-02-25,1614.7300,1621.4400,1548.1400,1556.8500
2000-02-28,1557.0900,1569.1900,1498.6800,1558.8300
2000-02-29,1559.0100,1620.0800,1466.3100,1486.6300
2000-03-01,1486.9700,1568.8000,1483.1100,1563.4600
2000-03-02,1376.3800,1410.3700,1376.3800,1407.7000
2000-03-03,1582.8900,1607.4000,1517.8500,1531.5100
2000-03-04,1322.9400,1337.9500,1283.7200,1287.9900
2000-03-05,993.6300,993.6300,928.7100,969.6300
2000-03-06,1531.6200,1585.3900,1531.4800,1552.0700
2000-03-07,1552.3200,1579.7500,1519.6500,1530.2100
2000-03-08,1531.8300,1584.7700,1510.3400,1523.9200
2000-03-09,1524.1300,1549.2800,1449.0400,1471.4400
2000-03-10,1472.3300,1517.2500,1431.2200,1446.1500
2000-03-11,879.5300,896.4000,879.5300,892.2600
2000-03-13,1446.1600,1485.7800,1384.3900,1388.6300
2000-03-14,1388.7200,1389.3200,1327.6100,1368.3100
2000-03-15,1370.0100,1386.7300,1330.9400,1371.5800
2000-03-16,1371.6300,1371.6300,1319.5900,1326.7100
2000-03-21,1327.1900,1341.4000,1291.8000,1300.1800
2000-03-22,1298.2700,1355.4300,1293.0500,1334.8200
2000-03-23,1335.1200,1379.7100,1319.6800,1332.7700
2000-03-24,1332.8700,1364.9300,1326.7500,1362.3500
2000-03-27,1362.3600,1390.7900,1357.8300,1371.9500
2000-03-28,1372.0300,1387.4800,1345.1000,1386.0400
2000-03-29,1386.1700,1425.3800,1386.1700,1396.4700
2000-03-30,1396.3600,1396.3600,1326.2100,1358.6700
2000-03-31,1357.1700,1357.1700,1301.3200,1322.9100
2000-04-01,1292.4900,1335.7700,1292.4900,1335.4500
2000-04-02,1407.7600,1444.4500,1407.7600,1428.3600
2000-04-03,1322.9400,1337.9500,1283.7200,1287.9900
2000-04-04,1287.8200,1287.8200,1193.2200,1197.2200
2000-04-05,969.6700,1023.3600,968.1900,1022.3300
2000-04-06,1195.1500,1225.0900,1134.5300,1205.3400
2000-04-07,1096.0600,1110.5300,1095.1300,1104.8800
2000-04-08,943.0300,950.8500,918.4700,925.1200
2000-04-09,1026.8300,1053.8600,1026.8300,1051.6600
2000-04-10,1285.0200,1356.1400,1285.0200,1344.1300
2000-04-11,1343.9500,1364.2800,1284.8500,1355.3300
2000-04-12,936.2600,946.2900,933.2300,933.9200
2000-04-13,1331.9900,1331.9900,1260.9900,1275.2500
2000-04-17,1275.2000,1275.2000,1186.7000,1196.1700
2000-04-18,1196.3400,1215.1900,1153.3700,1158.0600
2000-04-19,1159.5400,1199.7700,1107.1400,1127.6600
2000-04-20,1127.3600,1128.6200,1064.8500,1122.9100
2000-04-24,1123.0800,1129.4300,1080.9600,1081.0400
2000-04-25,1080.6300,1080.6300,1028.9200,1065.9000
2000-04-26,1066.0500,1124.3900,1066.0500,1118.8700
2000-04-27,1118.8000,1123.5900,1081.3200,1087.4100
2000-04-28,1087.4400,1097.6900,1059.6200,1067.6100
2000-05-01,1335.3600,1347.6300,1279.0100,1303.7800
2000-05-02,1069.1700,1072.8800,990.7100,994.9000
2000-05-03,993.6300,993.6300,928.7100,969.6300
2000-05-04,1196.6900,1224.7400,1154.6400,1194.8800
2000-05-05,1023.1600,1073.2700,1023.1600,1066.0200
2000-05-06,980.2100,1037.4900,980.2100,1001.3000
2000-05-07,1104.9800,1121.8600,1104.9800,1110.1500
2000-05-08,1066.0300,1094.6500,1015.8400,1018.7500
2000-05-09,1018.6900,1041.5200,985.6500,1040.3100
2000-05-10,1042.4000,1048.7200,1011.1400,1014.2400
2000-05-11,1014.1700,1014.1700,951.7100,962.7600
2000-05-12,962.7900,974.1000,924.0600,926.3800
2000-05-15,925.6200,952.6800,872.9300,935.7700
2000-05-16,935.9300,945.7600,925.7100,938.7700
2000-05-17,940.5400,975.1300,928.0700,937.2400
2000-05-18,936.8800,939.4300,918.2300,927.6600
2000-05-19,927.0900,927.0900,893.8800,906.7500
2000-05-22,906.7100,906.7100,869.2200,869.9600
2000-05-23,868.7700,872.8300,849.7800,871.4100
2000-05-24,871.3400,882.8500,851.3000,876.1900
2000-05-25,876.8800,900.2500,876.8800,884.6100
2000-05-26,884.5100,890.7100,868.5400,888.3300
2000-05-29,887.5600,915.2400,881.8400,908.6600
2000-05-30,908.8000,941.6100,908.8000,941.3000
2000-05-31,945.7600,991.3500,945.7600,967.6000
2000-06-01,967.5800,967.5800,947.2500,949.1100
2000-06-02,949.3400,985.6500,949.3400,979.0000
2000-06-03,1531.6200,1585.3900,1531.4800,1552.0700
2000-06-04,1195.1500,1225.0900,1134.5300,1205.3400
2000-06-05,980.2100,1037.4900,980.2100,1001.3000
2000-06-06,1001.3800,1021.3700,991.3300,1020.6600
2000-06-07,1110.0500,1110.0500,1093.3000,1101.8300
2000-06-08,1028.1800,1056.5900,1028.1800,1051.5900
2000-06-09,1051.8900,1062.2700,1042.5500,1046.8000
2000-06-10,924.7600,925.6500,906.1200,922.8100
2000-06-11,892.2700,904.6000,887.3300,890.0500
2000-06-12,1046.2500,1054.5700,1029.3400,1029.9400
2000-06-13,1030.3800,1033.9900,1005.7300,1027.5900
2000-06-14,1029.0100,1052.0500,1025.9500,1039.9800
2000-06-15,1040.0100,1054.5400,1028.5400,1049.9600
2000-06-16,1048.3500,1080.8600,1047.7100,1079.7000
2000-06-19,1079.8300,1107.5400,1079.8300,1097.1100
2000-06-20,1097.3900,1115.6400,1097.3900,1109.4600
2000-06-21,1109.2700,1130.4300,1076.1700,1077.3800
2000-06-22,1077.6900,1090.8200,1069.4800,1088.6300
2000-06-23,1088.5400,1089.3900,1060.0200,1066.4900
2000-06-26,1066.4500,1066.7800,1031.8400,1061.8900
2000-06-27,1061.9000,1073.8400,1055.1200,1058.5900
2000-06-28,1056.4200,1073.6700,1046.3400,1073.2200
2000-06-29,1073.4200,1095.4700,1073.4200,1079.7900
2000-06-30,1079.7700,1080.7200,1063.4600,1073.7000
2000-07-01,1306.5300,1306.5300,1270.4600,1276.2900
2000-07-02,1428.8300,1455.5000,1428.8300,1438.3900
2000-07-03,1073.8200,1096.4900,1073.8200,1096.1100
2000-07-04,1205.5400,1284.9300,1205.5400,1284.7900
2000-07-05,1104.9800,1121.8600,1104.9800,1110.1500
2000-07-06,1021.3700,1046.4800,1018.1200,1027.8600
2000-07-07,1101.8400,1107.5900,1094.7400,1097.8200
2000-07-08,925.7500,931.0300,913.9300,921.6800
2000-07-09,1059.1900,1070.6000,1051.2100,1062.5500
2000-07-10,1098.0400,1103.6400,1087.8100,1091.3900
2000-07-11,1091.5300,1096.9700,1085.6600,1086.8400
2000-07-12,1087.0500,1109.3100,1083.5700,1108.8700
2000-07-13,1108.8900,1126.6600,1087.8400,1091.0500
2000-07-14,1091.6700,1103.6800,1081.9900,1084.9100
2000-07-17,1084.5900,1088.1300,1064.7100,1065.5500
2000-07-18,1065.5700,1068.3100,1049.2900,1054.2100
2000-07-19,1054.7900,1057.3200,1032.4700,1035.2000
2000-07-20,1035.2200,1037.4300,1019.2400,1026.5200
2000-07-21,1026.5800,1036.8200,1004.5100,1005.3600
2000-07-24,1005.3100,1005.3100,938.6400,938.9300
2000-07-25,939.3300,979.9700,908.4600,977.5800
2000-07-26,978.3800,991.1700,949.0700,949.1500
2000-07-27,949.1300,969.3600,928.1500,968.6700
2000-07-28,968.6300,982.5100,958.3200,965.5300
2000-07-31,965.4700,965.4700,948.6200,959.7200
2000-08-01,959.7800,965.7000,947.9000,951.9500
2000-08-02,951.9500,957.4500,941.9500,955.7600
2000-08-03,955.7300,959.9000,942.5200,942.9400
2000-08-04,943.0300,950.8500,918.4700,925.1200
2000-08-05,1066.0300,1094.6500,1015.8400,1018.7500
2000-08-06,1028.1800,1056.5900,1028.1800,1051.5900
2000-08-07,925.7500,931.0300,913.9300,921.6800
2000-08-08,921.7900,949.5700,921.7900,948.8500
2000-08-09,948.9700,968.8700,948.9700,957.2400
2000-08-10,957.2900,968.3900,935.7100,940.4400
2000-08-11,894.8600,917.1300,894.8600,913.2600
2000-08-12,960.2600,975.5400,960.2600,973.7900
2000-08-14,932.0500,937.4700,918.2800,936.8300
2000-08-16,937.2800,966.5200,937.2800,964.6600
2000-08-17,964.7400,972.9600,953.7900,957.6700
2000-08-18,957.7700,976.1000,955.1700,972.6800
2000-08-21,972.6800,988.7800,972.6800,985.8400
2000-08-22,986.0700,1002.9300,986.0700,993.6000
2000-08-23,993.5900,1005.0000,990.3000,992.5900
2000-08-24,992.9700,1009.0200,990.6800,1007.9700
2000-08-25,1007.9800,1019.1200,1005.8200,1009.6800
2000-08-28,1009.6900,1014.0400,1000.6600,1002.0900
2000-08-29,1001.5900,1005.8500,994.5200,1004.0100
2000-08-30,1004.5200,1019.6800,1004.5200,1013.7000
2000-08-31,1013.6800,1027.1400,1010.2800,1026.4500
2000-09-02,1438.4400,1494.7600,1438.4400,1468.2000
2000-09-03,1524.1300,1549.2800,1449.0400,1471.4400
2000-09-04,1026.8300,1053.8600,1026.8300,1051.6600
2000-09-05,1018.6900,1041.5200,985.6500,1040.3100
2000-09-06,1051.8900,1062.2700,1042.5500,1046.8000
2000-09-07,1059.1900,1070.6000,1051.2100,1062.5500
2000-09-08,948.9700,968.8700,948.9700,957.2400
2000-09-10,922.8300,923.1400,904.7700,905.2400
2000-09-11,913.0100,916.6700,904.9700,912.0800
2000-09-12,1069.6400,1078.0700,1063.9200,1074.8800
2000-09-13,1074.9000,1089.8100,1064.6000,1067.7700
2000-09-14,1067.7700,1076.2900,1053.9200,1060.7400
2000-09-15,1059.7500,1061.8800,1024.9500,1028.3300
2000-09-18,1027.5200,1027.5200,978.8200,981.5600
2000-09-19,980.6200,988.9500,933.8000,958.9700
2000-09-20,959.1500,981.9900,948.9700,978.5700
2000-09-21,978.6100,978.6900,960.5600,961.1200
2000-09-22,961.0300,961.0300,910.4600,914.2700
2000-09-25,915.0100,952.2400,915.0100,951.6400
2000-09-26,951.5700,953.0300,918.3900,929.2500
2000-09-27,928.9500,945.8200,910.3200,942.7600
2000-09-28,942.6500,947.8000,919.4900,922.9600
2000-09-29,922.9900,935.5800,920.2400,925.3900
2000-10-01,1276.5100,1311.6700,1272.6400,1283.5400
2000-10-02,1469.8700,1509.0700,1469.8700,1508.4400
2000-10-03,925.2800,928.9000,908.0100,927.3800
2000-10-04,1285.0200,1356.1400,1285.0200,1344.1300
2000-10-05,1042.4000,1048.7200,1011.1400,1014.2400
2000-10-06,924.7600,925.6500,906.1200,922.8100
2000-10-07,1098.0400,1103.6400,1087.8100,1091.3900
2000-10-08,957.2900,968.3900,935.7100,940.4400
2000-10-09,922.8300,923.1400,904.7700,905.2400
2000-10-10,905.2400,910.8100,879.5100,880.2700
2000-10-11,878.5100,879.0600,851.0000,858.0400
2000-10-12,858.0100,867.1400,844.2000,865.0300
2000-10-13,864.8300,864.8300,834.8400,840.4000
2000-10-16,840.4000,875.1900,840.4000,843.1200
2000-10-17,842.6400,842.6400,814.6000,825.2100
2000-10-18,825.3000,825.3000,798.7500,809.0100
2000-10-19,808.8700,842.0300,791.3700,841.4500
2000-10-20,841.5700,864.7600,841.5700,844.4800
2000-10-23,844.7600,847.0100,817.9000,818.6900
2000-10-24,817.9400,825.6500,809.4600,825.4900
2000-10-25,825.6200,853.7400,825.5600,851.1000
2000-10-26,851.0500,854.9400,844.7700,854.7900
2000-10-27,854.8500,858.5100,846.1500,854.0700
2000-10-30,854.1600,857.5200,839.7900,842.5200
2000-10-31,842.5700,851.7000,832.8100,851.0500
2000-11-01,1283.6700,1295.3300,1217.1200,1236.8200
2000-11-02,866.8900,880.1300,865.8700,879.4900
2000-11-03,879.5300,896.4000,879.5300,892.2600
2000-11-04,1343.9500,1364.2800,1284.8500,1355.3300
2000-11-05,1014.1700,1014.1700,951.7100,962.7600
2000-11-06,892.2700,904.6000,887.3300,890.0500
2000-11-07,889.6200,895.5600,885.0100,894.9100
2000-11-08,894.8600,917.1300,894.8600,913.2600
2000-11-09,913.0100,916.6700,904.9700,912.0800
2000-11-10,912.0800,913.3700,890.3100,892.8300
2000-11-12,973.8000,988.4600,973.8000,987.4200
2000-11-13,892.6900,892.6900,861.1200,863.1900
2000-11-14,863.1400,894.3700,862.3300,891.0400
2000-11-15,891.2700,913.1800,891.2700,896.7300
2000-11-16,896.7600,903.9300,888.0900,892.3700
2000-11-17,892.2900,894.9200,880.2000,892.8600
2000-11-20,892.8700,902.9800,890.2400,899.0200
2000-11-21,898.9000,900.4800,889.1400,899.9700
2000-11-22,899.9900,907.9500,888.1100,888.3500
2000-11-23,888.1300,890.9100,877.7000,888.5800
2000-11-24,888.5900,895.7500,888.5700,894.7400
2000-11-27,894.8000,918.7600,894.8000,918.7200
2000-11-28,918.7300,929.3900,914.0500,925.6300
2000-11-29,925.4200,932.9100,915.1200,924.9200
2000-11-30,924.8900,928.2600,919.1800,920.9200
2000-12-01,920.8900,938.1900,914.2400,936.2500
2000-12-04,936.2600,946.2900,933.2300,933.9200
2000-12-05,962.7900,974.1000,924.0600,926.3800
2000-12-06,947.2000,973.4900,947.2000,954.7400
2000-12-07,1087.0500,1109.3100,1083.5700,1108.8700
2000-12-08,960.2600,975.5400,960.2600,973.7900
2000-12-09,1069.6400,1078.0700,1063.9200,1074.8800
2000-12-10,858.0100,867.1400,844.2000,865.0300
2000-12-11,973.8000,988.4600,973.8000,987.4200
2000-12-12,987.4300,995.2100,984.8000,987.5600
2000-12-13,987.5800,1008.3500,987.5800,1006.5400
2000-12-14,1006.5400,1013.1900,993.1000,995.0800
2000-12-15,994.9500,994.9500,955.7200,959.7700
2000-12-18,958.8000,968.7400,944.1500,963.0300
2000-12-19,963.0800,966.5800,947.7000,950.7800
2000-12-20,951.8100,952.3200,934.6800,942.5400
2000-12-21,942.4600,942.4600,912.1000,929.3200
2000-12-22,929.3800,938.6300,888.4900,890.5400
2000-12-26,890.5500,895.8800,859.6500,865.3200
2000-12-27,865.3300,888.5700,861.5900,886.3800
2000-12-28,886.4300,899.7100,886.4300,899.0000
2000-12-29,899.0200,913.5900,891.4400,912.8400
2001-01-01,912.8300,922.0600,903.0200,907.7600
2001-01-02,907.7700,922.4800,902.2200,922.0000
2001-01-03,921.8600,930.5300,910.7100,929.0900
2001-01-04,929.1000,963.4000,929.1000,946.7600
2001-01-05,946.7200,964.4800,946.2400,962.7400
2001-01-06,791.9700,795.5000,778.2700,779.7200
2001-01-08,962.7700,964.6700,937.4700,940.5500
2001-01-09,940.4800,953.0500,937.8500,944.4600
2001-01-10,944.4400,955.9000,931.9500,932.6300
2001-01-11,932.7200,940.0300,917.9800,919.6300
2001-01-12,919.6400,933.0900,917.4300,925.0700
2001-01-15,925.0900,929.4000,915.3500,923.7500
2001-01-16,923.8400,931.3900,919.9100,925.5300
2001-01-17,928.1800,936.9600,923.0500,928.3000
2001-01-18,928.3200,938.8000,928.3200,938.0700
2001-01-19,938.1100,964.8800,938.1100,963.5000
2001-01-22,963.5700,974.1600,963.5700,971.3100
2001-01-23,971.3000,977.9800,968.4000,973.8800
2001-01-24,973.9200,985.2700,973.2400,984.8500
2001-01-25,984.8600,988.2600,972.4200,985.5500
2001-01-29,985.5300,985.5300,944.6800,959.8700
2001-01-30,959.8900,988.0800,959.8900,987.1300
2001-01-31,989.9400,999.6800,979.5500,981.2000
2001-02-01,981.1400,981.1400,955.7900,965.9700
2001-02-02,965.9500,990.9300,965.6900,984.9100
2001-02-03,950.6600,969.7800,901.4300,905.3000
2001-02-04,733.0400,741.2200,712.8200,739.5900
2001-02-05,756.7500,767.3400,752.4000,753.2000
2001-02-06,990.8300,1001.7500,990.8300,996.8500
2001-02-07,727.7700,731.7800,718.7400,719.2700
2001-02-08,989.5600,1009.8100,984.7700,1008.7700
2001-02-09,1008.8100,1026.2000,1008.8100,1016.8000
2001-02-11,636.5500,642.7600,632.3500,632.8600
2001-02-12,1016.8100,1023.9900,1011.6700,1019.5900
2001-02-13,1019.6000,1025.8100,1005.9100,1008.4400
2001-02-14,1008.4600,1011.9700,998.6600,1008.6500
2001-02-15,1008.6500,1025.4800,1008.6500,1022.1500
2001-02-16,1022.1800,1028.4600,990.4000,992.9300
2001-02-19,993.0300,1002.0100,982.0000,996.1400
2001-02-20,996.1500,999.4800,989.4900,993.5300
2001-02-21,993.5700,995.1900,976.3100,982.0500
2001-02-22,982.0100,982.0100,949.5900,967.9700
2001-02-23,967.9900,972.5400,936.2900,936.8100
2001-02-26,937.1400,943.6200,922.3700,933.7900
2001-02-27,933.8300,940.8500,901.6800,913.8700
2001-02-28,913.3300,962.1100,904.9900,950.5300
2001-03-01,921.8600,930.5300,910.7100,929.0900
2001-03-02,950.6600,969.7800,901.4300,905.3000
2001-03-04,734.9300,751.0000,733.6400,747.5200
2001-03-05,754.7800,759.4900,745.6900,750.4600
2001-03-07,710.7500,710.8000,700.9900,701.2900
2001-03-08,894.2400,903.7900,882.3700,888.1100
2001-03-09,856.0000,857.8700,833.7700,852.5400
2001-03-10,579.8900,581.8200,568.3800,568.5500
2001-03-12,840.0100,847.6900,800.8400,802.4900
2001-03-13,762.9200,800.0800,731.3800,748.9200
2001-03-14,743.5800,792.6900,739.1700,786.9300
2001-03-15,776.4000,809.0200,773.3300,807.5600
2001-03-16,797.8600,819.6000,783.5100,791.4300
2001-03-19,790.0100,798.4500,779.4900,788.3800
2001-03-20,788.4200,792.0200,769.6200,777.4400
2001-03-21,772.6400,797.1800,764.3800,797.1800
2001-03-22,793.2200,801.4000,779.4400,779.6800
2001-03-23,786.3800,786.5700,749.6800,762.2500
2001-03-26,760.4700,763.9500,750.6700,762.0700
2001-03-27,761.2800,778.7000,759.6100,773.9600
2001-03-28,784.9900,797.5400,784.9900,794.6600
2001-03-29,786.0200,793.6700,778.3500,783.1500
2001-03-30,778.6100,779.2800,751.5100,754.1800
2001-04-01,929.1000,963.4000,929.1000,946.7600
2001-04-02,733.0400,741.2200,712.8200,739.5900
2001-04-03,734.9300,751.0000,733.6400,747.5200
2001-04-04,735.9100,740.6500,728.0300,738.2000
2001-04-05,744.6900,759.1300,744.6900,758.1000
2001-04-06,781.9700,782.2700,759.0700,759.9300
2001-04-07,702.4700,704.6300,693.6600,701.9900
2001-04-09,679.4100,685.0700,676.8400,683.3000
2001-04-10,576.2700,581.2700,575.1600,578.6100
2001-04-11,721.8900,721.8900,682.2900,686.4500
2001-04-12,682.2500,682.2500,645.7100,662.5900
2001-04-16,660.5500,681.3000,651.8000,681.3000
2001-04-17,677.5000,702.3000,677.2500,698.8400
2001-04-18,699.7100,731.1800,699.7100,731.0400
2001-04-19,750.0000,769.2000,736.8900,748.0500
2001-04-20,758.3200,760.5400,740.5100,754.1300
2001-04-23,752.5800,765.0100,750.2900,754.6500
2001-04-24,750.6600,764.0400,745.8400,763.8300
2001-04-25,765.0400,776.4200,761.5000,767.8000
2001-04-26,777.3400,779.5000,757.6600,757.9300
2001-04-27,735.7100,735.7100,715.5700,724.0000
2001-04-30,725.7600,746.2000,722.2400,746.2000
2001-05-01,946.7200,964.4800,946.2400,962.7400
2001-05-02,984.8600,997.5600,982.2000,990.8300
2001-05-03,896.3000,908.2900,865.1700,878.8000
2001-05-04,744.6900,759.1300,744.6900,758.1000
2001-05-06,758.2400,762.9900,746.4000,751.8100
2001-05-07,764.6100,771.0100,763.6000,767.3300
2001-05-08,767.9800,778.8100,767.9700,778.8100
2001-05-09,781.5400,782.4000,766.4200,766.4200
2001-05-10,766.0400,770.1500,761.0300,765.8500
2001-05-11,764.4000,766.5800,757.9400,762.7700
2001-05-12,726.3400,740.6900,726.3400,737.9900
2001-05-14,761.5400,765.4400,756.4900,762.6800
2001-05-15,761.7300,764.9000,731.6900,764.5300
2001-05-16,766.9000,776.5300,766.9000,769.5500
2001-05-17,775.5700,787.9300,775.5700,787.5200
2001-05-18,789.5000,793.2200,783.9800,786.9200
2001-05-21,787.6000,793.6500,785.3100,785.3100
2001-05-22,790.6700,793.4100,787.9900,790.9300
2001-05-23,790.9000,801.7200,790.9000,799.7500
2001-05-24,798.4100,807.5900,797.1900,799.7000
2001-05-25,803.2200,804.1900,792.9800,798.1900
2001-05-28,799.3600,811.9300,798.8300,810.6400
2001-05-29,812.4200,816.9000,812.4200,814.9400
2001-05-30,816.0600,819.7900,795.6300,796.3700
2001-05-31,790.3300,791.0000,779.3100,791.0000
2001-06-01,791.9700,795.5000,778.2700,779.7200
2001-06-02,990.8300,1001.7500,990.8300,996.8500
2001-06-04,781.9700,782.2700,759.0700,759.9300
2001-06-05,758.2400,762.9900,746.4000,751.8100
2001-06-06,755.5300,764.6200,754.1100,755.7500
2001-06-07,755.4800,755.7300,739.2000,754.3900
2001-06-08,701.1100,707.3200,701.1100,702.3100
2001-06-09,675.8000,676.3100,666.8700,669.9200
2001-06-11,764.2000,768.3400,760.0300,764.8300
2001-06-12,762.0300,765.2000,758.4300,764.2900
2001-06-13,766.3100,770.8000,765.3600,766.3100
2001-06-14,763.9200,765.6500,752.9100,754.0000
2001-06-15,748.6000,748.6000,733.7800,737.2000
2001-06-18,733.1100,733.1100,717.0700,731.8600
2001-06-19,730.9000,739.9300,726.8300,739.9300
2001-06-20,740.7000,740.7000,730.4100,735.9300
2001-06-21,736.3700,738.3000,730.4900,733.6900
2001-06-22,733.9300,733.9300,719.9200,723.3500
2001-06-25,717.0900,717.0900,698.2800,699.3100
2001-06-26,694.6000,721.1600,692.1500,716.9800
2001-06-27,718.0600,727.5700,712.4700,719.5000
2001-06-28,719.2200,723.2300,714.8700,717.4600
2001-06-29,718.7100,731.8700,715.8600,725.8600
2001-07-02,996.9900,1002.9700,987.9600,989.5900
2001-07-03,897.6100,903.7100,859.6500,891.6000
2001-07-04,702.4700,704.6300,693.6600,701.9900
2001-07-05,705.1600,705.1600,698.1400,699.0000
2001-07-06,694.5500,696.4400,691.8900,696.3700
2001-07-08,702.1200,704.6900,698.3600,698.4200
2001-07-09,689.0300,693.5500,687.3500,691.2200
2001-07-10,695.4300,703.2400,695.4300,698.3400
2001-07-11,647.7800,651.3500,634.6400,635.6700
2001-07-12,708.9300,723.8700,708.9300,723.8700
2001-07-13,729.7800,733.2700,717.6900,718.9900
2001-07-16,719.4100,726.4800,717.2700,719.3800
2001-07-17,713.6300,718.1800,711.4200,717.5200
2001-07-18,718.0300,720.7900,713.6600,716.8100
2001-07-19,713.0200,713.0200,705.7600,711.1700
2001-07-20,713.5500,714.4900,702.9800,705.1500
2001-07-23,702.4300,702.4300,695.9700,700.8200
2001-07-24,695.8100,697.5600,693.0500,695.7900
2001-07-25,693.3700,693.5200,686.6500,687.8700
2001-07-26,688.5300,688.5600,679.8000,681.7500
2001-07-27,681.2600,685.9600,679.4600,681.4700
2001-07-30,681.2400,687.8000,681.2400,687.2200
2001-07-31,687.8800,697.0300,684.2300,697.0300
2001-08-01,697.2900,699.1000,691.1400,693.2900
2001-08-02,694.1800,697.8800,693.0100,697.4200
2001-08-03,894.2400,903.7900,882.3700,888.1100
2001-08-05,767.9800,778.8100,767.9700,778.8100
2001-08-06,701.1100,707.3200,701.1100,702.3100
2001-08-07,702.1200,704.6900,698.3600,698.4200
2001-08-08,693.6700,698.6300,693.6700,696.1000
2001-08-09,694.3800,695.3200,691.0100,694.6400
2001-08-10,695.0400,698.1400,690.6500,691.3600
2001-08-11,637.5300,642.9000,635.0700,642.3900
2001-08-13,692.9500,693.7300,685.9500,687.2500
2001-08-14,688.0900,696.5400,688.0900,695.2700
2001-08-16,694.8000,700.8500,694.8000,698.2600
2001-08-17,699.4200,701.8400,691.3200,691.8900
2001-08-20,689.5400,690.1300,686.6200,690.1300
2001-08-21,689.9100,693.0800,689.9100,690.3700
2001-08-23,690.3900,693.2100,690.3000,691.7600
2001-08-24,693.4100,694.9500,690.7900,694.5700
2001-08-27,697.9800,701.7000,697.9800,698.9800
2001-08-28,699.1000,701.4200,695.7100,697.8200
2001-08-29,694.8700,697.7800,694.4600,695.6600
2001-08-30,695.0400,697.8500,692.8100,695.0800
2001-08-31,695.1000,695.1000,684.1800,684.1800
2001-09-01,940.4800,953.0500,937.8500,944.4600
2001-09-02,1008.8100,1026.2000,1008.8100,1016.8000
2001-09-03,686.8400,688.7800,678.3000,679.5900
2001-09-04,733.4000,737.6300,724.8600,732.2800
2001-09-05,781.5400,782.4000,766.4200,766.4200
2001-09-06,675.8000,676.3100,666.8700,669.9200
2001-09-07,689.0300,693.5500,687.3500,691.2200
2001-09-08,694.3800,695.3200,691.0100,694.6400
2001-09-10,669.0400,673.2500,667.8400,667.8400
2001-09-11,668.1600,671.7300,663.7600,666.0300
2001-09-12,626.3100,641.3300,624.4700,640.6700
2001-09-13,639.2200,644.3600,631.1700,632.1400
2001-09-14,632.5000,632.5000,582.0400,595.5100
2001-09-17,576.5800,576.5800,550.0700,556.2500
2001-09-18,555.6600,584.4100,555.6600,574.1900
2001-09-19,578.2200,582.1700,576.4700,576.5100
2001-09-20,570.6900,570.6900,551.8200,570.4000
2001-09-21,555.1600,556.6700,541.7900,545.8300
2001-09-24,547.7300,563.1800,547.7300,560.5800
2001-09-25,569.6300,576.1000,553.4300,553.5200
2001-09-26,554.3700,565.9100,554.0000,565.5100
2001-09-27,565.3400,570.1800,561.4100,568.1700
2001-09-28,568.6700,589.0300,568.6700,583.5400
2001-10-01,944.4400,955.9000,931.9500,932.6300
2001-10-03,579.8900,581.8200,568.3800,568.5500
2001-10-04,733.1000,733.1000,708.1200,715.4600
2001-10-05,577.0700,580.6400,574.1800,580.3200
2001-10-07,695.4300,703.2400,695.4300,698.3400
2001-10-08,567.2600,573.4500,560.3800,571.4500
2001-10-09,573.3900,579.3400,573.3900,577.5200
2001-10-10,581.2300,594.3200,581.2300,593.2500
2001-10-11,600.2200,605.3600,600.2200,602.4100
2001-10-12,745.0000,750.6700,740.7200,742.2100
2001-10-15,602.2900,607.7100,601.5400,605.8600
2001-10-16,606.1100,615.3100,606.1100,614.6600
2001-10-17,619.3900,627.9600,619.3900,626.1700
2001-10-18,619.6500,623.8600,614.9100,615.3300
2001-10-19,616.2100,622.2600,616.2100,620.6100
2001-10-22,623.0400,633.8600,622.7800,623.8800
2001-10-23,629.2000,633.9500,629.2000,633.9500
2001-10-24,637.2900,637.8400,629.4400,632.7200
2001-10-25,634.5500,635.1100,626.4100,628.9600
2001-10-29,633.6400,637.0700,626.9700,628.1400
2001-10-30,622.6000,622.6000,616.5100,617.4600
2001-10-31,615.2300,624.3300,614.2000,622.2000
2001-11-01,627.2300,635.2900,626.1400,633.1800
2001-11-02,636.5500,642.7600,632.3500,632.8600
2001-11-04,721.8900,721.8900,682.2900,686.4500
2001-11-05,764.4000,766.5800,757.9400,762.7700
2001-11-06,764.2000,768.3400,760.0300,764.8300
2001-11-07,647.7800,651.3500,634.6400,635.6700
2001-11-08,637.5300,642.9000,635.0700,642.3900
2001-11-09,644.7700,647.8500,643.7300,646.2300
2001-11-10,600.2200,605.3600,600.2200,602.4100
2001-11-12,740.7200,751.1700,736.4500,737.5200
2001-11-13,650.3000,651.9300,642.7700,647.9000
2001-11-14,647.8700,654.9000,647.8700,654.3800
2001-11-15,656.3200,669.6600,654.3300,669.6500
2001-11-19,673.2400,695.3700,673.2400,690.1300
2001-11-20,691.8900,700.5100,679.9300,682.2900
2001-11-21,682.1800,690.8300,680.1600,689.8700
2001-11-22,689.7100,704.4500,689.7100,695.1500
2001-11-23,697.0700,703.7900,691.0300,692.3400
2001-11-26,698.7200,712.2700,698.7200,711.2100
2001-11-27,720.5600,722.4900,707.9100,710.0400
2001-11-28,709.9500,712.9500,701.2100,704.3200
2001-11-29,701.0000,703.2000,695.2300,703.2000
2001-12-01,919.6400,933.0900,917.4300,925.0700
2001-12-02,1016.8100,1023.9900,1011.6700,1019.5900
2001-12-03,702.5800,708.8400,701.7300,705.4600
2001-12-04,682.2500,682.2500,645.7100,662.5900
2001-12-05,726.3400,740.6900,726.3400,737.9900
2001-12-06,748.3700,760.7600,735.4900,737.1700
2001-12-07,740.9700,747.2000,738.7200,742.7900
2001-12-09,626.3100,641.3300,624.4700,640.6700
2001-12-10,745.0000,750.6700,740.7200,742.2100
2001-12-11,647.5300,652.4100,646.8700,651.0600
2001-12-12,742.1000,748.9600,736.7600,739.4600
2001-12-13,740.0300,744.6500,711.7400,729.4200
2001-12-14,726.4700,726.4700,719.9000,723.6500
2001-12-18,729.6300,731.2700,711.5500,715.4300
2001-12-19,720.0500,720.0500,700.2400,700.8700
2001-12-20,700.9500,705.1200,692.6300,704.0000
2001-12-21,698.4400,698.4400,685.9200,693.2600
2001-12-24,685.9800,697.0800,677.9700,697.0800
2001-12-26,694.7000,702.1800,681.7500,681.7500
2001-12-27,683.3000,685.2100,666.9500,668.9200
2001-12-28,670.0800,683.9300,663.9500,682.7200
2001-12-31,686.3500,701.7800,686.3500,700.5400
2002-01-01,704.4300,711.3100,695.3000,698.9100
2002-01-02,699.7500,706.8000,698.5300,704.4900
2002-01-03,771.1800,793.4200,767.9100,790.1200
2002-01-04,780.4000,788.5000,779.9500,786.1000
2002-01-07,775.7000,784.7000,775.7000,783.7000
2002-01-08,711.9000,715.5500,704.1000,706.8500
2002-01-09,738.1100,741.1400,723.5400,725.4700
2002-01-10,721.9400,726.6900,718.1100,718.3900
2002-01-11,717.0800,721.7400,699.5500,710.0500
2002-01-14,719.8900,734.3800,719.8900,727.3700
2002-01-15,729.5600,730.1800,718.2000,720.7700
2002-01-16,726.0700,727.7900,716.7400,723.1300
2002-01-17,713.2000,734.0500,713.0000,730.8600
2002-01-18,735.5900,735.5900,721.0500,721.0500
2002-01-21,720.0200,728.2700,720.0200,723.3800
2002-01-22,724.0400,727.2300,721.5800,722.2700
2002-01-23,722.2500,726.0600,720.7900,720.9300
2002-01-24,725.0600,727.5600,716.4700,717.5500
2002-01-25,719.1900,719.9500,712.8200,715.5800
2002-01-28,716.4200,720.4700,709.4500,709.8600
2002-01-29,711.1100,713.1800,708.7500,711.2100
2002-01-30,706.0800,707.4000,702.3800,707.1200
2002-01-31,709.1500,716.7000,709.1500,714.5200
2002-02-01,718.7000,725.1500,718.7000,719.0800
2002-02-04,786.7500,793.0000,781.9000,783.9000
2002-02-05,776.3500,782.3500,776.3500,778.2000
2002-02-06,731.0500,753.7900,731.0500,753.1500
2002-02-07,761.7700,763.4500,745.8500,746.1000
2002-02-08,748.9100,761.3500,748.9100,758.5200
2002-02-09,743.2500,745.6500,737.9500,739.5000
2002-02-11,768.4000,773.3000,764.2800,765.2000
2002-02-12,745.4500,759.4000,745.4500,757.8000
2002-02-13,768.0900,773.3200,767.3700,769.3400
2002-02-14,776.0200,781.1400,775.2300,781.0400
2002-02-15,785.0300,791.8800,784.8300,787.5500
2002-02-18,794.0000,796.3800,784.0800,793.7600
2002-02-19,796.4100,796.8300,781.3200,783.2000
2002-02-20,778.7000,781.2200,772.4100,775.0800
2002-02-21,780.5200,784.9500,778.9700,779.6900
2002-02-22,778.2200,789.3500,778.1700,788.1400
2002-02-25,788.5200,790.5300,784.1200,790.2600
2002-02-26,790.3900,806.5900,790.3900,806.3200
2002-02-27,808.2000,815.3300,799.4600,801.4800
2002-02-28,804.1800,809.2300,764.4600,767.6200
2002-03-01,708.7300,713.1700,706.1300,712.9100
2002-03-04,781.9000,782.6500,776.3500,777.5500
2002-03-05,777.6000,780.2500,775.5000,778.7500
2002-03-06,743.8500,754.8500,743.8500,751.1000
2002-03-07,783.1500,788.0000,782.0500,784.6000
2002-03-08,809.3200,809.3200,801.0700,803.3700
2002-03-09,742.9000,744.6000,734.1500,735.6500
2002-03-10,685.9000,688.2500,682.3500,683.4500
2002-03-11,806.7000,806.7000,789.7500,791.5000
2002-03-12,759.3000,764.8000,745.4500,747.3000
2002-03-13,777.3500,790.3000,777.3500,784.8500
2002-03-14,784.2500,789.7500,783.3500,787.1500
2002-03-15,788.6500,797.6000,788.6500,795.8500
2002-03-18,799.3000,806.1000,795.1000,798.0500
2002-03-19,798.7500,799.7500,784.6500,785.6500
2002-03-20,787.1000,789.8500,782.9500,787.1500
2002-03-21,785.9500,787.9500,780.1000,781.3000
2002-03-22,782.6000,785.0000,776.2500,777.6500
2002-03-26,777.6000,779.4000,769.3500,770.1000
2002-03-27,770.3000,777.3000,769.3000,770.7000
2002-03-28,775.5000,780.5500,774.1000,775.5000
2002-04-01,780.4000,788.5000,779.9500,786.1000
2002-04-02,724.1900,725.1700,720.2700,722.8400
2002-04-03,805.3000,805.6500,792.3700,797.2100
2002-04-04,781.1000,793.3500,781.1000,791.7000
2002-04-05,796.5500,798.3500,791.7000,792.8000
2002-04-06,750.9000,759.0500,750.0000,758.4000
2002-04-07,786.9500,791.5000,786.9500,788.6000
2002-04-08,796.9500,798.4000,788.7000,789.5000
2002-04-09,729.5500,739.5500,728.8500,738.8000
2002-04-10,786.4000,794.1000,785.1500,793.3000
2002-04-11,698.8000,701.3500,698.8000,700.7000
2002-04-12,797.5000,804.9500,797.5000,801.6000
2002-04-15,803.4500,805.1000,790.6000,792.6500
2002-04-16,791.1500,793.0500,783.6500,784.7000
2002-04-17,790.7500,795.5000,787.6000,788.7000
2002-04-18,792.2500,797.0000,788.9500,792.1500
2002-04-19,791.1500,791.3500,771.9500,773.4500
2002-04-22,773.6500,776.2000,765.2500,774.3000
2002-04-23,773.8500,779.0000,773.1500,776.7500
2002-04-24,782.7000,783.0000,778.3500,780.9500
2002-04-25,782.8000,783.0500,768.6500,771.2000
2002-04-26,773.8000,778.0000,770.6000,772.4500
2002-04-29,773.4000,773.4000,760.8000,761.6500
2002-04-30,763.7500,772.0000,763.7500,771.3000
2002-05-02,776.3500,782.3500,776.3500,778.2000
2002-05-03,804.6800,805.8600,795.4200,798.1200
2002-05-04,796.5500,798.3500,791.7000,792.8000
2002-05-06,779.2000,784.2500,779.2000,783.8000
2002-05-07,782.9500,789.7000,781.8000,789.2500
2002-05-08,711.2000,715.4500,708.5500,713.7000
2002-05-09,797.1500,803.8000,796.8800,799.5500
2002-05-10,798.3500,799.0000,787.6500,790.9500
2002-05-11,699.9500,699.9500,695.8000,698.4000
2002-05-12,739.7000,747.2000,739.7000,743.5500
2002-05-13,792.0000,795.9000,792.0000,793.8000
2002-05-14,796.2500,797.8500,789.8000,791.5500
2002-05-15,794.2500,794.9000,780.3500,783.1000
2002-05-16,784.8500,785.0500,771.3000,774.2000
2002-05-17,774.1500,777.2000,762.0000,770.0500
2002-05-20,773.6000,773.6000,754.1000,756.5000
2002-05-21,734.9500,734.9500,734.9500,734.9500
2002-05-22,732.6500,740.3000,726.5000,737.1000
2002-05-23,737.0500,738.9000,727.0500,728.6000
2002-05-24,739.1500,762.2000,739.1500,760.9500
2002-05-27,764.1500,769.6000,754.0500,762.7500
2002-05-28,755.6000,758.0500,740.5000,742.1000
2002-05-29,744.1500,750.0500,735.5500,747.5000
2002-05-30,748.8500,756.8500,739.4500,741.5000
2002-05-31,743.6500,743.6500,732.7500,739.5500
2002-06-02,731.0500,753.7900,731.0500,753.1500
2002-06-03,799.6900,802.2300,789.5000,794.7100
2002-06-04,750.9000,759.0500,750.0000,758.4000
2002-06-05,779.2000,784.2500,779.2000,783.8000
2002-06-06,775.2000,776.4500,761.0500,767.8000
2002-06-07,762.9000,762.9000,752.1000,754.6000
2002-06-08,710.9000,717.7500,708.5500,716.6000
2002-06-09,738.3500,738.8000,728.8000,730.9500
2002-06-10,759.6500,772.4000,759.6500,770.4500
2002-06-11,776.3000,793.9500,776.3000,792.6500
2002-06-12,758.2000,763.6500,755.5000,762.5000
2002-06-13,795.0500,800.5000,787.2000,788.4000
2002-06-14,787.9000,792.8000,787.0000,790.7500
2002-06-17,798.9500,799.5500,794.1500,794.9000
2002-06-18,801.3000,801.3000,784.6000,785.4500
2002-06-19,787.4500,790.8500,772.2000,775.2000
2002-06-20,773.4000,781.2000,771.2000,779.2000
2002-06-21,776.7500,780.1000,772.6000,774.4500
2002-06-24,774.2000,775.8000,770.6500,773.4000
2002-06-25,774.1000,776.0000,766.1500,770.1500
2002-06-26,770.2000,770.2000,759.2500,759.9500
2002-06-27,764.9500,768.8500,762.9500,766.5000
2002-06-28,775.4000,775.5000,769.8000,772.8500
2002-07-01,775.7000,784.7000,775.7000,783.7000
2002-07-02,783.4500,786.1000,781.4500,782.4500
2002-07-03,800.5100,806.8400,799.4800,806.8400
2002-07-04,786.9500,791.5000,786.9500,788.6000
2002-07-05,782.9500,789.7000,781.8000,789.2500
2002-07-06,762.9000,762.9000,752.1000,754.6000
2002-07-08,722.9500,726.3500,717.3000,718.8000
2002-07-09,798.7500,799.7500,796.0000,796.6000
2002-07-10,687.3500,694.8500,687.1500,693.7500
2002-07-11,787.5500,787.8500,778.0500,779.2000
2002-07-12,784.2000,788.3500,781.2500,784.2500
2002-07-15,784.2000,784.9500,774.9000,781.5000
2002-07-16,781.9000,783.0000,769.7500,770.7000
2002-07-17,770.0500,773.2000,758.0000,762.9500
2002-07-18,768.5000,775.2500,767.2500,773.6500
2002-07-19,770.4000,773.5000,768.1500,769.1000
2002-07-22,761.2000,761.2000,747.8000,749.2500
2002-07-23,746.3000,759.9000,743.8000,758.5000
2002-07-24,753.7000,755.5000,745.2000,745.8000
2002-07-25,755.9000,758.3500,741.9000,744.0500
2002-07-26,742.0000,742.0000,723.1500,724.3500
2002-07-29,726.4500,727.9500,703.0500,717.2000
2002-07-30,723.1000,727.8500,704.9500,707.4500
2002-07-31,702.4000,710.6500,692.9000,706.6500
2002-08-01,711.9000,715.5500,704.1000,706.8500
2002-08-02,748.9100,761.3500,748.9100,758.5200
2002-08-03,809.3200,809.3200,801.0700,803.3700
2002-08-04,796.9500,798.4000,788.7000,789.5000
2002-08-05,793.3500,796.8500,791.3000,792.6500
2002-08-06,710.9000,717.7500,708.5500,716.6000
2002-08-07,797.3000,800.4500,795.5000,796.6000
2002-08-08,719.8500,719.8500,704.9500,706.0500
2002-08-09,709.7000,712.1000,702.3500,711.1000
2002-08-10,697.0500,699.3500,695.7000,697.7000
2002-08-11,693.8000,698.6500,693.8000,696.3500
2002-08-12,711.6500,717.6500,711.6500,716.9500
2002-08-13,718.8000,722.8000,718.8000,721.8500
2002-08-14,720.5500,723.3000,717.9000,720.8000
2002-08-16,724.5000,727.5000,723.7000,726.3500
2002-08-19,727.7000,731.9500,725.8500,728.2500
2002-08-20,728.4000,736.1000,728.4000,734.5500
2002-08-21,733.7000,739.7000,733.2500,735.6500
2002-08-22,736.2500,738.1000,729.7500,730.8000
2002-08-23,730.7500,735.6000,729.9500,734.9500
2002-08-26,731.0000,740.3000,731.0000,738.4500
2002-08-27,741.2500,743.5000,729.9500,730.9500
2002-08-28,728.7500,731.5500,726.6500,730.2500
2002-08-29,726.3500,729.9500,723.1000,725.8000
2002-08-30,726.3000,738.3500,725.3500,737.1500
2002-09-01,738.1100,741.1400,723.5400,725.4700
2002-09-02,743.2500,745.6500,737.9500,739.5000
2002-09-03,742.9000,744.6000,734.1500,735.6500
2002-09-04,790.3000,792.2000,782.1500,785.9000
2002-09-05,740.8500,743.0000,737.3500,739.7500
2002-09-06,738.3500,738.8000,728.8000,730.9500
2002-09-07,798.7500,799.7500,796.0000,796.6000
2002-09-08,709.7000,712.1000,702.3500,711.1000
2002-09-09,723.3000,724.0000,714.7500,721.2000
2002-09-10,701.0500,703.4000,692.6000,693.4000
2002-09-11,719.7500,724.0500,716.9500,719.3500
2002-09-12,770.5500,773.6000,749.8500,751.8500
2002-09-13,722.1500,723.3500,715.4000,716.4500
2002-09-16,721.9500,721.9500,708.4500,709.7000
2002-09-17,710.3000,715.1000,709.3000,713.6500
2002-09-18,709.0500,711.2000,705.6000,706.7500
2002-09-19,706.4500,706.9500,696.9500,700.9500
2002-09-20,692.6500,700.9000,691.0500,698.8500
2002-09-23,698.9500,703.4500,697.4000,698.2500
2002-09-24,696.3500,696.5000,692.0500,695.0500
2002-09-25,692.0000,698.6500,691.4000,697.8000
2002-09-26,700.2000,701.6000,697.8000,698.2500
2002-09-27,699.4000,702.3500,698.2500,701.6500
2002-09-30,700.1000,700.1000,689.8500,691.0000
2002-10-01,721.9400,726.6900,718.1100,718.3900
2002-10-03,685.9000,688.2500,682.3500,683.4500
2002-10-04,683.9500,686.2500,681.3500,683.4000
2002-10-05,798.3500,799.0000,787.6500,790.9500
2002-10-06,759.6500,772.4000,759.6500,770.4500
2002-10-07,687.3500,694.8500,687.1500,693.7500
2002-10-08,697.0500,699.3500,695.7000,697.7000
2002-10-09,701.0500,703.4000,692.6000,693.4000
2002-10-10,694.8500,697.9000,687.0000,696.5000
2002-10-11,702.9000,709.1000,702.7000,707.7500
2002-10-12,749.1000,755.2500,743.8500,754.0000
2002-10-14,708.4000,708.7000,704.3500,706.5500
2002-10-16,711.5000,711.5000,703.5500,704.8000
2002-10-17,704.7000,705.9000,700.9500,704.9500
2002-10-18,708.3500,715.2000,706.4000,708.1000
2002-10-21,709.5500,709.7500,704.6000,705.4500
2002-10-22,709.1000,709.1000,693.9000,694.7000
2002-10-23,694.2000,695.3000,690.4500,691.1000
2002-10-24,692.1000,693.1000,684.8500,685.5000
2002-10-25,684.4000,684.5500,674.4500,676.3000
2002-10-28,676.6500,678.1500,670.5500,671.5500
2002-10-29,671.6000,682.1500,671.6000,681.2500
2002-10-30,683.0500,687.9000,682.3500,683.8500
2002-10-31,687.3500,693.3000,684.2000,691.9500
2002-11-01,717.0800,721.7400,699.5500,710.0500
2002-11-02,768.4000,773.3000,764.2800,765.2000
2002-11-03,806.7000,806.7000,789.7500,791.5000
2002-11-04,797.5000,802.9500,797.5000,799.2000
2002-11-05,699.9500,699.9500,695.8000,698.4000
2002-11-06,776.3000,793.9500,776.3000,792.6500
2002-11-07,698.3500,701.5000,696.2000,697.2500
2002-11-08,693.8000,698.6500,693.8000,696.3500
2002-11-09,719.7500,724.0500,716.9500,719.3500
2002-11-10,702.9000,709.1000,702.7000,707.7500
2002-11-11,696.7500,697.1500,692.7000,693.8500
2002-11-12,761.7000,762.5500,754.3000,757.6500
2002-11-13,698.3500,700.6000,695.7500,698.2500
2002-11-14,700.1000,700.8500,696.8000,697.7500
2002-11-15,702.9000,706.8500,702.7500,705.9000
2002-11-18,707.0500,713.0000,707.0500,711.4500
2002-11-20,710.1500,715.5500,709.1500,710.2000
2002-11-21,714.0500,717.2000,711.3000,712.0000
2002-11-22,716.9000,723.1000,716.9000,719.1500
2002-11-25,719.4500,727.6000,719.3500,725.6500
2002-11-26,729.8000,735.0500,729.8000,731.4000
2002-11-27,731.2000,735.6500,727.1000,728.7500
2002-11-28,735.7000,738.4000,734.6000,737.5000
2002-11-29,740.7500,742.9500,733.9000,741.5500
2002-12-02,771.9400,774.1800,762.6100,766.3100
2002-12-03,759.3000,764.8000,745.4500,747.3000
2002-12-04,742.8000,743.5000,735.6000,736.7500
2002-12-05,739.7000,747.2000,739.7000,743.5500
2002-12-06,790.7000,797.2500,789.0500,792.7000
2002-12-07,784.2000,788.3500,781.2500,784.2500
2002-12-08,711.6500,717.6500,711.6500,716.9500
2002-12-09,721.5500,724.6500,720.5500,722.3000
2002-12-10,749.1000,755.2500,743.8500,754.0000
2002-12-11,693.8000,697.7500,693.2000,696.6000
2002-12-12,758.7000,763.1500,756.4000,761.3000
2002-12-13,764.3500,769.0000,762.7000,768.4500
2002-12-16,773.3500,774.6000,762.3500,764.0000
2002-12-17,768.2000,768.2000,756.1000,759.5000
2002-12-18,761.0500,765.8000,760.4000,762.8000
2002-12-19,761.6000,764.5500,758.2000,761.2000
2002-12-20,762.8500,767.3500,761.6500,764.1500
2002-12-23,765.8500,766.2500,760.7500,762.2500
2002-12-24,762.9500,767.6000,761.3500,766.7500
2002-12-26,770.1500,775.5500,770.1500,772.2500
2002-12-27,775.0500,778.2000,773.3000,774.3000
2002-12-30,771.9000,765.9500,770.8500,770.8500
2002-12-31,771.6500,776.2000,771.6500,772.8500
2003-01-01,774.9500,778.2000,774.4000,777.1500
2003-01-02,779.2000,782.2500,774.9000,775.9500
2003-01-03,781.6500,781.6500,772.8500,773.9500
2003-01-04,701.2000,710.2000,701.2000,706.2000
2003-01-06,775.1000,776.0000,769.3500,771.1500
2003-01-07,774.3500,775.2500,769.2000,771.2000
2003-01-08,773.6000,776.3500,772.4500,774.6500
2003-01-09,776.3000,786.2500,776.3000,783.6500
2003-01-10,783.5000,786.6000,771.2500,772.6000
2003-01-12,1299.6000,1314.5000,1298.2000,1313.1500
2003-01-13,771.7500,772.7500,767.4000,769.3000
2003-01-14,768.9000,773.8500,768.9000,772.3500
2003-01-15,773.9500,778.5500,773.9500,776.0000
2003-01-16,775.6500,780.9000,775.6500,779.5000
2003-01-17,778.8500,782.2500,777.9500,780.1500
2003-01-20,777.9000,781.2500,774.2000,775.2500
2003-01-21,778.0500,779.3000,775.3000,777.5500
2003-01-22,778.8500,781.8000,777.4000,778.8000
2003-01-23,777.9500,779.4500,771.4000,772.5000
2003-01-24,773.8000,775.5000,759.3000,760.7500
2003-01-27,759.3500,759.3500,741.2500,745.2500
2003-01-28,745.3500,752.8500,739.5500,751.9500
2003-01-29,752.0000,758.3000,748.1500,750.3500
2003-01-30,752.6500,755.7000,746.8000,747.9000
2003-01-31,746.6500,750.3500,742.1500,749.1000
2003-02-01,779.2000,782.2500,774.9000,775.9500
2003-02-03,752.0000,757.4000,750.8000,756.8500
2003-02-04,708.3500,718.2500,708.3500,717.1500
2003-02-05,698.9000,703.5000,697.1000,702.7500
2003-02-06,806.9500,818.8500,805.6000,810.9500
2003-02-07,895.2500,906.9000,895.2500,898.1500
2003-02-09,1129.9000,1130.4500,1111.6500,1124.1500
2003-02-10,758.5500,759.3000,751.2000,751.7000
2003-02-11,755.2000,756.3000,749.0000,750.5500
2003-02-12,1323.3500,1323.9500,1302.6500,1315.2000
2003-02-14,747.0000,747.8500,739.8000,740.6500
2003-02-17,750.7500,757.5500,750.3500,756.5000
2003-02-18,759.3000,761.9500,757.6500,758.3500
2003-02-19,754.9000,764.6000,754.9000,762.4500
2003-02-20,761.6500,763.6000,758.3000,762.8500
2003-02-21,762.5500,764.7000,760.2000,763.2000
2003-02-24,765.4500,768.7500,765.4500,765.9500
2003-02-25,765.7000,765.7000,756.1000,756.5500
2003-02-26,758.7000,759.1000,752.2500,752.9000
2003-02-27,751.7500,760.4000,751.4000,757.9000
2003-02-28,763.8500,768.4500,758.5500,762.0000
2003-03-01,781.6500,781.6500,772.8500,773.9500
2003-03-02,752.0000,757.4000,750.8000,756.8500
2003-03-03,767.9500,769.2500,761.0000,761.6500
2003-03-04,721.2000,725.8500,721.2000,725.1500
2003-03-05,751.0000,751.0000,740.9000,747.9500
2003-03-06,812.0000,814.1500,805.5500,812.2000
2003-03-07,735.9500,735.9500,727.6500,729.7500
2003-03-09,1127.5000,1132.6500,1097.8500,1102.4000
2003-03-10,729.2500,731.9000,721.3000,722.0500
2003-03-11,1226.4000,1245.2000,1226.4000,1242.8000
2003-03-12,1321.6500,1333.6000,1317.5000,1329.5500
2003-03-13,722.8500,722.8500,715.1500,718.0500
2003-03-17,715.3000,715.3000,707.5500,713.4000
2003-03-19,715.7500,721.3000,715.7500,718.1500
2003-03-20,718.1500,730.8000,715.5500,728.9500
2003-03-21,730.7000,735.0500,728.9500,733.3500
2003-03-22,736.9500,739.2500,736.1500,737.0500
2003-03-24,738.1500,738.1500,722.5000,723.5000
2003-03-25,716.5500,722.6500,714.8500,721.6000
2003-03-26,723.0500,727.5500,721.3000,722.1500
2003-03-27,720.5500,724.2500,716.4000,717.6500
2003-03-28,717.3500,719.9000,714.3500,716.1500
2003-03-31,711.4000,711.4000,699.5500,701.3500
2003-04-01,701.2000,710.2000,701.2000,706.2000
2003-04-02,708.3500,718.2500,708.3500,717.1500
2003-04-03,721.2000,725.8500,721.2000,725.1500
2003-04-04,725.0000,732.8500,724.1500,732.0000
2003-04-06,813.6500,827.1000,813.6500,824.1500
2003-04-07,735.3500,744.8000,735.3500,744.0000
2003-04-08,739.6500,740.8000,736.0500,737.9000
2003-04-09,737.8500,737.8500,728.9500,730.5000
2003-04-10,727.6500,727.8500,703.6000,705.9000
2003-04-11,702.8000,709.6000,693.1000,700.8500
2003-04-12,1330.6500,1344.8500,1323.1000,1338.2000
2003-04-15,703.9500,707.1500,694.6000,701.8000
2003-04-16,702.0000,707.1000,701.5500,705.9000
2003-04-17,698.6000,701.0500,694.0500,696.1000
2003-04-21,696.9500,703.0000,696.9500,702.3500
2003-04-22,701.2000,703.7000,698.1500,700.6000
2003-04-23,703.9500,705.2500,693.8500,695.1000
2003-04-24,695.0500,699.0000,691.9500,692.6000
2003-04-25,691.7000,693.6500,687.4500,689.2000
2003-04-28,688.5000,695.4500,687.7500,694.6000
2003-04-29,697.6500,699.1000,693.7500,694.8500
2003-04-30,695.4000,698.0500,695.1000,697.2000
2003-05-02,698.9000,703.5000,697.1000,702.7500
2003-05-03,751.0000,751.0000,740.9000,747.9500
2003-05-05,709.2500,713.7000,707.8500,712.2000
2003-05-06,828.1000,835.8000,822.1000,825.6500
2003-05-07,717.9500,721.5000,716.8500,717.1000
2003-05-08,964.1500,976.2000,945.1500,946.6500
2003-05-09,1110.7500,1129.0500,1110.7500,1127.5500
2003-05-11,1261.8500,1273.4000,1247.5000,1259.7000
2003-05-12,712.9000,718.1000,712.9000,715.7500
2003-05-13,717.4500,723.4000,717.4500,722.6500
2003-05-14,723.2000,730.7000,723.2000,730.0500
2003-05-15,732.2500,741.1500,732.0500,740.2000
2003-05-16,742.4000,751.0000,742.4000,750.2500
2003-05-19,750.6000,756.2500,744.4500,745.2500
2003-05-20,743.0500,756.0500,740.0500,754.2000
2003-05-21,758.9000,764.5000,755.1800,757.8000
2003-05-22,759.6500,764.8500,759.1500,761.1500
2003-05-23,766.6500,770.1500,762.5500,769.0500
2003-05-26,773.9000,785.1500,772.6500,784.1000
2003-05-27,786.1000,792.0000,777.5000,778.6000
2003-05-28,782.6500,786.9500,778.0500,786.1500
2003-05-29,788.2000,796.2000,786.5000,795.0500
2003-05-30,798.3000,813.5000,796.3500,807.2000
2003-06-01,775.1000,776.0000,769.3500,771.1500
2003-06-02,752.2500,763.1500,752.2500,762.5000
2003-06-03,747.5000,747.5000,739.9500,741.2000
2003-06-04,813.6500,827.1000,813.6500,824.1500
2003-06-05,712.8500,719.3000,712.6500,716.8500
2003-06-06,828.6000,833.5000,827.2500,831.0900
2003-06-08,941.0000,957.3000,936.5500,941.5000
2003-06-09,832.7000,837.2500,830.7500,835.5500
2003-06-10,1171.6500,1190.9000,1171.6500,1188.2500
2003-06-11,824.3500,831.2000,819.2500,827.8000
2003-06-12,832.4000,838.8000,832.4000,836.2000
2003-06-13,841.2500,844.1500,836.8000,840.1000
2003-06-16,841.0500,843.8000,833.9000,837.9500
2003-06-17,844.7000,857.2500,844.7000,856.4000
2003-06-18,859.8000,868.2000,857.0500,862.0000
2003-06-19,867.2500,872.5500,863.9000,867.4500
2003-06-20,866.9500,873.4000,863.3000,872.8000
2003-06-23,877.1000,880.2500,860.0500,861.8000
2003-06-24,858.6500,868.1000,858.6500,862.9500
2003-06-25,868.0000,879.1000,868.0000,877.0000
2003-06-26,881.2500,886.4500,878.0000,880.0000
2003-06-27,884.1500,888.9500,874.1500,888.1500
2003-06-30,891.3000,900.9500,890.2000,894.5000
2003-07-01,897.8500,900.7000,889.9000,894.0000
2003-07-02,895.2500,906.9000,895.2500,898.1500
2003-07-03,905.6000,912.9500,895.0000,907.4500
2003-07-04,908.7500,915.2000,904.1500,908.8500
2003-07-05,717.9500,721.5000,716.8500,717.1000
2003-07-07,915.7500,920.0000,909.3500,915.7000
2003-07-08,923.6500,923.8500,910.5500,912.5000
2003-07-09,914.6500,915.5000,902.3500,904.7000
2003-07-10,1196.1500,1201.0000,1179.7000,1184.2000
2003-07-11,915.3000,924.3500,913.2000,915.5000
2003-07-14,923.2500,926.4500,922.0000,924.7000
2003-07-15,927.9500,928.5000,905.5000,915.0000
2003-07-16,914.3500,927.7500,908.6000,926.5500
2003-07-17,928.8000,935.5500,910.2000,914.0000
2003-07-18,906.7500,913.7000,896.1000,904.3000
2003-07-21,907.9000,909.0000,885.6000,887.5000
2003-07-22,880.8500,889.1000,875.6000,880.0000
2003-07-23,887.6500,893.5000,880.7000,886.3500
2003-07-24,892.1000,903.4500,889.8500,901.5500
2003-07-25,905.0500,919.5000,904.0000,918.9000
2003-07-28,922.7500,932.4000,922.0500,924.6000
2003-07-29,923.3000,927.8000,914.2000,926.6000
2003-07-30,930.9500,939.4000,930.2000,937.9000
2003-07-31,940.9000,950.5000,935.3000,938.5500
2003-08-01,773.6000,776.3500,772.4500,774.6500
2003-08-04,739.6500,740.8000,736.0500,737.9000
2003-08-05,716.3500,718.0500,709.7000,711.2000
2003-08-06,941.0000,957.3000,936.5500,941.5000
2003-08-07,944.2000,965.9500,944.2000,964.4000
2003-08-08,971.1000,986.6000,971.1000,985.6000
2003-08-09,1136.1500,1145.9500,1136.1500,1144.8000
2003-08-10,1191.5000,1197.9000,1172.7000,1186.5000
2003-08-11,983.5000,1004.2500,983.5000,998.4500
2003-08-12,1006.2500,1009.8000,993.3000,996.4000
2003-08-13,1002.6500,1010.1000,991.7500,1008.5500
2003-08-14,1007.7000,1019.0000,1003.3000,1007.2000
2003-08-18,1010.0000,1031.9000,1010.0000,1030.1500
2003-08-19,1044.0000,1049.4000,1018.8000,1023.5500
2003-08-20,1033.0500,1037.8000,1024.8500,1030.5500
2003-08-21,1034.9000,1045.2500,1034.9000,1042.3500
2003-08-22,1050.9500,1059.0000,1043.7000,1053.0500
2003-08-25,1066.2000,1066.2500,999.8500,1020.3500
2003-08-26,1025.7000,1065.2000,1025.1000,1062.0500
2003-08-27,1062.7500,1088.3500,1062.7500,1085.7000
2003-08-28,1091.5500,1094.3500,1080.7000,1086.0500
2003-08-29,1094.7500,1105.6000,1094.7500,1100.4500
2003-09-01,776.3000,786.2500,776.3000,783.6500
2003-09-02,1129.9000,1130.4500,1111.6500,1124.1500
2003-09-03,1127.5000,1132.6500,1097.8500,1102.4000
2003-09-04,737.8500,737.8500,728.9500,730.5000
2003-09-05,710.9500,712.0000,709.0000,710.3500
2003-09-06,832.7000,837.2500,830.7500,835.5500
2003-09-07,914.6500,915.5000,902.3500,904.7000
2003-09-08,1136.1500,1145.9500,1136.1500,1144.8000
2003-09-09,1153.7500,1157.0000,1132.2500,1138.0500
2003-09-10,1137.2000,1146.0500,1129.2000,1144.7500
2003-09-11,1141.1500,1156.1000,1140.6000,1143.4500
2003-09-12,1150.4500,1154.3000,1114.4500,1118.2500
2003-09-15,1118.0500,1118.0500,1070.9500,1075.4500
2003-09-16,1075.3000,1100.2500,1046.2000,1098.4500
2003-09-17,1108.6000,1111.6500,1071.7000,1078.4500
2003-09-18,1073.6500,1073.8000,1040.8500,1043.0000
2003-09-19,1050.5500,1059.2000,1022.5500,1050.5000
2003-09-22,1055.7000,1060.2000,1036.3500,1038.1500
2003-09-23,1034.9500,1065.6000,1027.8500,1061.1500
2003-09-24,1069.8000,1094.5000,1063.0000,1093.3000
2003-09-25,1093.2000,1102.3500,1083.9000,1086.7000
2003-09-26,1091.9000,1108.4500,1091.9000,1106.9500
2003-09-29,1113.0500,1133.5000,1113.0500,1126.4000
2003-09-30,1134.8000,1140.5500,1130.6000,1138.5500
2003-10-01,783.5000,786.6000,771.2500,772.6000
2003-10-02,758.5500,759.3000,751.2000,751.7000
2003-10-03,729.2500,731.9000,721.3000,722.0500
2003-10-04,727.6500,727.8500,703.6000,705.9000
2003-10-06,834.7500,838.8000,819.0000,820.6000
2003-10-07,911.9000,916.0500,909.6000,914.8000
2003-10-08,1191.5000,1197.9000,1172.7000,1186.5000
2003-10-09,1192.6000,1206.2500,1192.6000,1204.0500
2003-10-10,1210.9500,1215.2000,1199.8000,1208.2500
2003-10-11,1257.2000,1273.0500,1249.1000,1270.5500
2003-10-12,1361.4000,1371.5500,1354.8000,1365.4000
2003-10-13,1214.4000,1233.1500,1214.4000,1230.9000
2003-10-14,1242.1500,1242.1500,1201.3500,1206.0500
2003-10-15,1206.7500,1219.4500,1192.0000,1215.4500
2003-10-16,1223.2000,1232.0000,1217.3500,1226.9000
2003-10-17,1232.1000,1242.3000,1224.7000,1235.6500
2003-10-20,1236.5500,1237.2000,1207.8000,1211.0500
2003-10-21,1215.2500,1218.0000,1177.6500,1183.5000
2003-10-22,1189.1500,1196.2000,1162.5500,1169.5500
2003-10-23,1172.4000,1182.2500,1153.5500,1155.9000
2003-10-24,1161.8000,1183.9500,1141.0500,1180.4000
2003-10-25,1197.0000,1200.4500,1191.2000,1198.9000
2003-10-27,1199.6000,1202.8500,1171.5500,1173.4500
2003-10-28,1176.1000,1180.5500,1160.8500,1167.1000
2003-10-29,1172.3500,1176.2500,1162.6000,1174.8500
2003-10-30,1178.8500,1192.8500,1173.6500,1185.8500
2003-10-31,1188.1500,1220.9000,1188.1500,1218.3000
2003-11-02,755.2000,756.3000,749.0000,750.5500
2003-11-03,1226.4000,1245.2000,1226.4000,1242.8000
2003-11-04,1247.9500,1263.3000,1242.7500,1257.7000
2003-11-05,1261.8500,1273.4000,1247.5000,1259.7000
2003-11-06,1269.3500,1278.4000,1262.6500,1268.1500
2003-11-07,1276.6000,1279.1000,1256.1000,1259.7500
2003-11-08,983.5000,1004.2500,983.5000,998.4500
2003-11-09,1141.1500,1156.1000,1140.6000,1143.4500
2003-11-10,1257.2000,1273.0500,1249.1000,1270.5500
2003-11-11,1275.6500,1287.5000,1274.4500,1281.2500
2003-11-12,1285.4000,1297.8500,1282.4500,1286.5400
2003-11-13,1294.5000,1296.6000,1257.4500,1262.6500
2003-11-14,1261.4000,1262.5500,1233.6000,1236.9000
2003-11-15,1236.9500,1255.0000,1229.7000,1247.5000
2003-11-17,1251.7000,1264.9000,1244.4000,1262.2000
2003-11-18,1264.9500,1273.3500,1246.8500,1252.3500
2003-11-19,1250.5500,1250.5500,1230.3000,1233.7500
2003-11-20,1236.7000,1247.7000,1214.0000,1217.0500
2003-11-21,1214.4500,1226.1500,1201.2500,1223.1000
2003-11-24,1228.8000,1237.9000,1226.0000,1231.3500
2003-11-25,1239.8500,1252.0000,1238.5000,1250.7500
2003-11-27,1256.7000,1273.7500,1256.7000,1269.8000
2003-11-28,1274.4500,1288.1000,1274.4500,1285.4000
2003-12-01,1299.6000,1314.5000,1298.2000,1313.1500
2003-12-02,751.6500,751.9500,745.3500,747.2500
2003-12-03,727.9000,729.9000,719.1500,719.8500
2003-12-04,1330.6500,1344.8500,1323.1000,1338.2000
2003-12-05,712.9000,718.1000,712.9000,715.7500
2003-12-06,832.4000,838.8000,832.4000,836.2000
2003-12-08,1006.2500,1009.8000,993.3000,996.4000
2003-12-09,1150.4500,1154.3000,1114.4500,1118.2500
2003-12-10,1361.4000,1371.5500,1354.8000,1365.4000
2003-12-11,1285.4000,1297.8500,1282.4500,1286.5400
2003-12-12,1385.7500,1386.9000,1371.8500,1381.5500
2003-12-15,1394.2500,1398.8500,1391.5000,1397.0000
2003-12-16,1396.3000,1401.7500,1382.1500,1399.3000
2003-12-17,1401.8500,1408.7000,1395.3000,1400.2000
2003-12-18,1404.3000,1430.0500,1400.7000,1428.1000
2003-12-19,1435.0500,1453.3000,1435.0500,1450.0000
2003-12-22,1453.3500,1472.8000,1453.3500,1466.7500
2003-12-23,1473.6000,1477.8500,1453.5500,1456.9000
2003-12-24,1465.2000,1476.8500,1459.6000,1475.0000
2003-12-26,1478.9500,1497.6500,1478.9500,1496.3500
2003-12-29,1509.4000,1526.6500,1509.4000,1525.5000
2003-12-30,1538.7500,1555.3000,1514.8000,1525.2500
2003-12-31,1529.4000,1545.3000,1523.4000,1531.3500
2004-01-01,1542.4500,1565.5500,1542.4500,1562.9500
2004-01-02,1574.6500,1612.7000,1574.6500,1609.3000
2004-01-03,1448.7500,1487.2000,1448.7500,1484.2000
2004-01-04,1457.9500,1492.8500,1457.9500,1491.2000
2004-01-05,1624.4000,1641.4500,1606.0500,1616.2000
2004-01-06,1245.5000,1264.0500,1245.5000,1248.4000
2004-01-07,1252.4500,1271.8500,1248.0500,1270.8500
2004-01-08,1596.0500,1635.7500,1596.0500,1633.2000
2004-01-09,1382.5500,1386.9500,1381.7500,1383.6000
2004-01-10,1478.8000,1500.8000,1472.8500,1498.3000
2004-01-11,1504.0500,1511.8000,1495.3500,1510.6000
2004-01-12,1634.7500,1634.7500,1599.7000,1605.3500
2004-01-13,1606.0000,1617.1000,1583.1000,1608.7500
2004-01-14,1617.9000,1630.8000,1617.9000,1621.2000
2004-01-15,1632.2500,1639.1500,1588.7000,1597.3000
2004-01-16,1595.6500,1596.9500,1545.2500,1555.1500
2004-01-19,1562.6500,1583.8000,1527.3000,1576.9500
2004-01-20,1592.6000,1600.8500,1536.4000,1546.7500
2004-01-21,1541.1500,1544.7000,1457.4500,1466.1500
2004-01-22,1478.8500,1491.7000,1417.7000,1424.0500
2004-01-23,1448.8000,1503.0500,1430.8000,1494.4000
2004-01-27,1514.2000,1550.9500,1496.6500,1547.6500
2004-01-28,1544.7500,1554.7500,1497.2500,1509.5500
2004-01-29,1510.9000,1524.4500,1484.9000,1496.1000
2004-01-30,1504.2500,1509.0000,1456.9000,1459.8000
2004-02-01,1574.6500,1612.7000,1574.6500,1609.3000
2004-02-03,1460.5000,1460.5000,1393.5500,1403.5500
2004-02-04,1498.0500,1515.0000,1483.7500,1513.1500
2004-02-05,1441.4000,1471.0500,1426.1000,1437.1500
2004-02-06,1248.5000,1276.6500,1248.5000,1270.6500
2004-02-07,1259.4000,1278.8500,1257.5500,1271.1500
2004-02-08,1357.3500,1361.4000,1351.5000,1360.1500
2004-02-09,1479.5000,1504.3500,1478.1500,1501.3500
2004-02-10,1507.0000,1515.0000,1486.3000,1501.6500
2004-02-11,1508.2000,1514.8000,1501.0000,1512.5500
2004-02-12,1671.0500,1694.9500,1671.0500,1693.8000
2004-02-13,1512.6500,1535.1500,1505.4500,1533.4000
2004-02-16,1540.1500,1548.9000,1532.2000,1535.3500
2004-02-17,1536.1000,1540.2000,1528.8500,1537.1500
2004-02-18,1542.4500,1555.7500,1538.5500,1543.5000
2004-02-19,1545.3500,1547.9500,1496.3500,1501.3000
2004-02-20,1492.7000,1511.1500,1478.4000,1494.6500
2004-02-23,1504.4000,1504.4000,1451.8500,1457.0000
2004-02-24,1450.1500,1464.0500,1435.1500,1461.2000
2004-02-25,1462.1000,1462.1000,1424.7500,1430.8000
2004-02-26,1441.1000,1460.4000,1416.4500,1419.8500
2004-02-27,1429.3000,1447.0500,1418.2000,1442.8000
2004-03-01,1448.7500,1487.2000,1448.7500,1484.2000
2004-03-02,1460.5000,1460.5000,1393.5500,1403.5500
2004-03-03,1489.6500,1495.2000,1480.8000,1487.6500
2004-03-04,1492.9000,1498.8500,1471.8000,1480.0000
2004-03-05,1508.2000,1508.2000,1458.3500,1479.7000
2004-03-06,1292.7500,1293.8000,1235.4000,1241.3000
2004-03-08,1517.0000,1544.1500,1517.0000,1535.7000
2004-03-09,1380.8000,1385.3000,1373.9500,1383.8000
2004-03-10,1512.9500,1520.3500,1499.3000,1504.5500
2004-03-11,1494.1000,1503.4000,1472.9000,1476.8000
2004-03-12,1466.0500,1479.3500,1450.3500,1475.4500
2004-03-15,1486.2000,1493.9500,1428.1500,1435.8000
2004-03-16,1422.8500,1445.6000,1416.1500,1429.5000
2004-03-17,1441.5500,1444.7000,1427.8000,1437.1000
2004-03-18,1438.2000,1441.6500,1410.9000,1414.6500
2004-03-19,1417.4000,1427.4000,1401.9000,1418.9000
2004-03-22,1418.7000,1418.7000,1379.8000,1383.2500
2004-03-23,1379.9500,1393.6000,1362.7000,1383.8000
2004-03-24,1385.3500,1387.8000,1374.0500,1384.2500
2004-03-25,1388.4500,1403.3000,1388.4500,1396.2000
2004-03-26,1406.7500,1432.0500,1406.7500,1428.0500
2004-03-29,1426.6000,1445.4500,1419.9500,1442.9000
2004-03-30,1447.9500,1455.1500,1438.7000,1441.2000
2004-03-31,1436.2500,1459.6000,1433.6000,1457.5000
2004-04-01,1457.9500,1492.8500,1457.9500,1491.2000
2004-04-02,1403.6000,1450.8500,1399.7500,1444.9500
2004-04-03,1492.9000,1498.8500,1471.8000,1480.0000
2004-04-05,1497.1500,1513.6500,1497.1500,1507.2500
2004-04-06,1232.1500,1262.6000,1227.6500,1258.7500
2004-04-07,1524.0000,1526.7500,1505.9500,1516.0500
2004-04-08,1354.1500,1361.0000,1348.2000,1353.8000
2004-04-10,1512.3000,1526.1000,1512.3000,1520.4500
2004-04-11,1555.6500,1557.9500,1546.3000,1548.0500
2004-04-12,1541.9000,1545.2500,1521.3000,1526.7500
2004-04-13,1535.7000,1561.3000,1512.7000,1557.4000
2004-04-15,1560.5000,1568.7000,1549.6000,1554.9000
2004-04-16,1561.9500,1575.0500,1558.5500,1563.0500
2004-04-17,1567.0500,1569.5500,1561.9500,1567.1000
2004-04-19,1569.4500,1575.5000,1538.1000,1543.1000
2004-04-20,1544.6000,1547.9000,1532.0000,1541.7000
2004-04-21,1538.5500,1569.7000,1538.4000,1567.6500
2004-04-22,1574.4000,1589.6000,1570.6500,1585.9000
2004-04-23,1593.8000,1606.5000,1585.2500,1589.2500
2004-04-27,1562.5000,1562.2000,1519.9500,1521.3500
2004-04-28,1520.3000,1534.3000,1507.3500,1518.7000
2004-04-29,1518.4000,1528.4500,1506.7500,1517.9500
2004-04-30,1519.5500,1527.4500,1501.8000,1507.5500
2004-05-01,1624.4000,1641.4500,1606.0500,1616.2000
2004-05-02,1441.4000,1471.0500,1426.1000,1437.1500
2004-05-03,1486.4000,1508.7500,1484.5000,1506.7000
2004-05-04,1514.2000,1542.1500,1514.2000,1524.1000
2004-05-05,1517.8500,1523.6000,1511.3500,1521.0500
2004-05-06,1539.7000,1547.6000,1539.7000,1543.6000
2004-05-07,1267.5000,1276.7000,1258.5000,1260.9500
2004-05-08,1355.6500,1377.8500,1355.6500,1377.2500
2004-05-10,1500.9500,1500.9500,1481.3000,1493.6500
2004-05-11,1474.1500,1474.1500,1420.6000,1426.8000
2004-05-12,1422.7500,1445.1000,1415.3500,1438.1000
2004-05-13,1381.4500,1466.9500,1367.1500,1436.4000
2004-05-14,1438.1500,1437.7000,1295.7000,1309.8500
2004-05-17,1283.3500,1283.3500,1087.1500,1151.5000
2004-05-18,1180.9000,1251.4000,1180.9000,1243.6000
2004-05-19,1276.9000,1311.2500,1271.4000,1307.1000
2004-05-20,1318.7000,1325.9500,1284.6000,1294.4000
2004-05-21,1280.7000,1304.9000,1256.2500,1301.9500
2004-05-24,1318.9000,1342.3500,1317.1000,1337.4000
2004-05-25,1334.2000,1347.0000,1309.5500,1335.3000
2004-05-26,1343.7000,1355.0500,1327.8500,1335.0000
2004-05-27,1321.9500,1336.0000,1318.3000,1322.0000
2004-05-28,1307.1000,1311.7000,1254.4500,1257.3000
2004-05-31,1223.9000,1245.1500,1211.7000,1226.5500
2004-06-01,1245.5000,1264.0500,1245.5000,1248.4000
2004-06-02,1446.2500,1469.2000,1433.2500,1466.6000
2004-06-03,1292.7500,1293.8000,1235.4000,1241.3000
2004-06-04,1535.5000,1536.0000,1506.9000,1517.0000
2004-06-05,1539.7000,1547.6000,1539.7000,1543.6000
2004-06-07,1261.2000,1283.5500,1258.3500,1281.8500
2004-06-08,1377.1000,1381.2500,1355.7500,1360.0000
2004-06-09,1384.0000,1398.7000,1384.0000,1394.9500
2004-06-10,1279.8000,1291.0000,1278.5000,1284.2500
2004-06-11,1283.8000,1285.6500,1254.5000,1256.4000
2004-06-12,1701.5500,1709.6500,1689.8500,1691.7500
2004-06-14,1249.2500,1249.2500,1225.4500,1229.3000
2004-06-15,1230.8500,1249.7500,1230.8500,1244.5500
2004-06-16,1264.2000,1264.2000,1237.6500,1240.1000
2004-06-17,1240.6500,1255.4500,1230.4500,1250.8500
2004-06-18,1244.4000,1252.7500,1232.6000,1236.4000
2004-06-21,1238.2000,1242.1000,1224.8500,1226.9500
2004-06-22,1223.8500,1229.4500,1214.7000,1219.0000
2004-06-23,1222.9000,1224.2000,1190.3500,1192.5000
2004-06-24,1191.4000,1209.1000,1184.1000,1207.0000
2004-06-25,1209.6000,1229.7500,1200.6000,1225.3000
2004-06-28,1226.7500,1251.9500,1226.7500,1250.3000
2004-06-29,1250.2500,1263.7000,1243.9500,1255.4000
2004-06-30,1260.4000,1268.6000,1246.0500,1248.0000
2004-07-01,1585.7500,1595.7000,1559.0500,1579.6500
2004-07-02,1259.4000,1278.8500,1257.5500,1271.1500
2004-07-04,1524.0000,1526.7500,1505.9500,1516.0500
2004-07-05,1267.5000,1276.7000,1258.5000,1260.9500
2004-07-06,1274.5500,1285.3000,1267.8000,1275.3500
2004-07-07,1281.5000,1298.0500,1281.3000,1288.4000
2004-07-08,1293.7500,1305.2500,1238.4500,1247.3500
2004-07-09,1396.4000,1402.8000,1394.0500,1400.8500
2004-07-10,1521.0500,1537.9500,1521.0500,1530.3500
2004-07-12,1273.1500,1283.0500,1269.8000,1279.7500
2004-07-13,1287.7000,1287.9500,1261.4000,1267.7500
2004-07-14,1275.1500,1275.1500,1255.1000,1257.7000
2004-07-15,1256.8000,1275.0500,1256.8000,1273.7500
2004-07-16,1276.7500,1296.1500,1271.1500,1293.6000
2004-07-19,1297.0500,1314.5000,1295.3000,1304.6500
2004-07-20,1303.8500,1305.9500,1293.2000,1299.5000
2004-07-21,1306.2000,1323.1500,1300.3500,1312.0000
2004-07-22,1327.1500,1334.6500,1319.4500,1326.4000
2004-07-23,1331.5500,1332.8500,1321.4500,1329.6000
2004-07-26,1325.2000,1344.6500,1318.2000,1342.9000
2004-07-27,1347.7000,1351.9500,1325.6500,1327.2500
2004-07-28,1330.2500,1333.2000,1315.0500,1321.1000
2004-07-29,1321.5000,1344.2500,1321.5000,1341.1000
2004-07-30,1341.2500,1356.7000,1341.2500,1351.4500
2004-08-01,1596.0500,1635.7500,1596.0500,1633.2000
2004-08-02,1357.3500,1361.4000,1351.5000,1360.1500
2004-08-03,1364.3000,1367.8000,1350.9000,1354.2500
2004-08-04,1354.1500,1361.0000,1348.2000,1353.8000
2004-08-05,1355.6500,1377.8500,1355.6500,1377.2500
2004-08-06,1283.2500,1284.9000,1266.1500,1281.9000
2004-08-07,1293.7500,1305.2500,1238.4500,1247.3500
2004-08-09,1404.0500,1409.7000,1403.6500,1407.3000
2004-08-10,1532.5000,1538.5000,1526.1500,1534.5000
2004-08-11,1568.5000,1575.7000,1566.9500,1568.9000
2004-08-12,1702.2000,1709.8000,1681.2500,1683.9500
2004-08-13,1336.3000,1341.8000,1328.2500,1333.3000
2004-08-16,1331.4000,1333.3500,1321.3500,1331.3500
2004-08-17,1338.2000,1347.8000,1333.1000,1337.3500
2004-08-18,1335.4500,1337.5500,1319.5000,1322.7500
2004-08-19,1331.7000,1343.3500,1327.6500,1341.5000
2004-08-20,1340.8500,1340.8500,1324.5500,1328.7500
2004-08-23,1325.3000,1329.3000,1312.5000,1315.4500
2004-08-24,1316.9500,1331.3000,1316.9500,1327.1500
2004-08-25,1332.2000,1334.2000,1325.8000,1332.1500
2004-08-26,1340.7500,1350.3500,1339.1000,1348.2000
2004-08-27,1352.2000,1356.1500,1346.3500,1353.4000
2004-08-30,1356.2000,1374.1000,1356.2000,1373.1000
2004-08-31,1373.5000,1379.5000,1368.5500,1377.2000
2004-09-01,1666.9500,1667.8000,1620.5000,1630.6000
2004-09-02,1479.5000,1504.3500,1478.1500,1501.3500
2004-09-03,1532.1000,1535.4000,1502.0500,1518.7500
2004-09-06,1384.0000,1398.7000,1384.0000,1394.9500
2004-09-07,1214.6500,1276.2500,1214.6500,1273.3000
2004-09-08,1352.7500,1366.9500,1347.7500,1365.7500
2004-09-09,1411.0000,1413.1000,1392.3500,1398.3500
2004-09-10,1536.1500,1539.6000,1533.9000,1537.1500
2004-09-11,1572.5500,1573.3000,1560.7000,1563.5500
2004-09-12,1685.6000,1698.2500,1681.2000,1694.6000
2004-09-13,1414.5500,1422.9000,1414.5000,1417.9000
2004-09-14,1420.1500,1424.4000,1413.4000,1423.4500
2004-09-15,1424.7500,1431.1500,1415.1500,1420.8500
2004-09-16,1419.5000,1441.3500,1418.5500,1440.1000
2004-09-17,1445.5500,1461.3000,1445.5500,1459.3000
2004-09-20,1462.8500,1466.7500,1454.3500,1457.0000
2004-09-21,1457.3000,1475.3000,1456.4500,1473.6500
2004-09-22,1476.3000,1484.4500,1467.2000,1480.0000
2004-09-23,1472.3500,1479.5000,1458.0500,1460.1500
2004-09-24,1452.5500,1471.0000,1452.5500,1460.8500
2004-09-27,1460.9500,1466.1500,1452.1500,1459.3500
2004-09-28,1457.9000,1461.7000,1443.8000,1446.2500
2004-09-29,1454.7500,1467.2000,1444.3000,1466.1000
2004-09-30,1476.5000,1482.4500,1473.3500,1478.7500
2004-10-01,1478.8000,1500.8000,1472.8500,1498.3000
2004-10-02,1507.0000,1515.0000,1486.3000,1501.6500
2004-10-03,1512.9500,1520.3500,1499.3000,1504.5500
2004-10-04,1512.3000,1526.1000,1512.3000,1520.4500
2004-10-05,1522.4500,1532.9500,1517.9000,1529.5000
2004-10-06,1532.3000,1541.8500,1514.1500,1517.6000
2004-10-07,1521.0500,1537.9500,1521.0500,1530.3500
2004-10-08,1532.5000,1538.5000,1526.1500,1534.5000
2004-10-09,1536.1500,1539.6000,1533.9000,1537.1500
2004-10-11,1568.1000,1580.7000,1568.1000,1579.7500
2004-10-12,1694.3000,1702.2000,1678.1000,1680.9000
2004-10-14,1504.0000,1516.0500,1493.0500,1508.1000
2004-10-15,1510.4000,1523.7000,1504.9000,1508.5500
2004-10-18,1513.8500,1517.1000,1499.6000,1501.5500
2004-10-19,1510.4000,1522.1000,1503.7500,1518.4500
2004-10-20,1518.3000,1524.4000,1501.6000,1504.7000
2004-10-21,1507.5500,1509.1000,1492.2500,1497.7500
2004-10-25,1498.3000,1498.3000,1472.3000,1474.7000
2004-10-26,1473.8500,1492.1500,1469.2000,1491.4000
2004-10-27,1494.1500,1506.8000,1489.6500,1498.6500
2004-10-28,1512.5000,1516.9500,1507.9000,1511.0000
2004-10-29,1516.7000,1516.9000,1499.6500,1502.0500
2004-11-01,1504.0500,1511.8000,1495.3500,1510.6000
2004-11-02,1511.2000,1527.6500,1511.2000,1526.0500
2004-11-03,1532.7500,1547.3000,1532.5500,1547.0000
2004-11-04,1555.6500,1557.9500,1546.3000,1548.0500
2004-11-05,1555.1500,1563.8000,1552.7000,1562.6000
2004-11-06,1283.8000,1285.6500,1254.5000,1256.4000
2004-11-08,1377.4000,1378.0500,1344.7000,1347.6000
2004-11-09,1572.5500,1573.3000,1560.7000,1563.5500
2004-11-10,1544.4000,1547.3500,1522.7000,1525.7500
2004-11-11,1581.5000,1585.8000,1572.4000,1574.5500
2004-11-12,1584.9500,1586.9000,1575.2500,1579.1500
2004-11-16,1580.8500,1586.3500,1570.9000,1584.8000
2004-11-17,1586.5000,1599.4000,1586.5000,1597.2500
2004-11-18,1600.5000,1606.1000,1595.5000,1603.8500
2004-11-19,1606.2000,1610.1500,1585.3500,1586.6000
2004-11-22,1578.0500,1592.6500,1566.7500,1589.4000
2004-11-23,1591.5000,1614.1000,1591.5000,1608.2500
2004-11-24,1611.5500,1621.9000,1610.8000,1618.2500
2004-11-25,1619.3500,1630.6500,1612.1500,1617.3500
2004-11-29,1614.7500,1649.3500,1614.7500,1646.4500
2004-11-30,1657.0000,1661.5000,1648.5000,1653.2000
2004-12-01,1661.5500,1664.3000,1640.9500,1658.7000
2004-12-02,1520.5500,1523.7500,1499.4500,1511.6500
2004-12-03,1466.0500,1479.3500,1450.3500,1475.4500
2004-12-04,1541.9000,1545.2500,1521.3000,1526.7500
2004-12-05,1422.7500,1445.1000,1415.3500,1438.1000
2004-12-06,1701.5500,1709.6500,1689.8500,1691.7500
2004-12-07,1273.1500,1283.0500,1269.8000,1279.7500
2004-12-08,1702.2000,1709.8000,1681.2500,1683.9500
2004-12-09,1685.6000,1698.2500,1681.2000,1694.6000
2004-12-10,1694.3000,1702.2000,1678.1000,1680.9000
2004-12-11,1584.9500,1586.9000,1575.2500,1579.1500
2004-12-13,1681.6000,1695.8500,1681.6000,1695.0500
2004-12-14,1698.1000,1716.3000,1698.1000,1715.2000
2004-12-15,1715.5500,1734.7000,1715.5500,1729.9500
2004-12-16,1731.9500,1740.4500,1724.9500,1736.5000
2004-12-17,1740.0500,1744.8000,1722.1000,1725.4500
2004-12-20,1725.9000,1743.3000,1725.9000,1741.6500
2004-12-21,1748.9500,1759.6500,1744.4500,1758.2500
2004-12-22,1763.6500,1768.9000,1745.4000,1748.9000
2004-12-23,1753.1500,1763.7000,1753.1500,1760.3000
2004-12-24,1772.4000,1776.5000,1765.0000,1774.2500
2004-12-27,1769.6000,1790.1000,1764.4000,1778.4000
2004-12-28,1780.2000,1795.2500,1780.2000,1794.0500
2004-12-29,1802.5500,1806.3500,1783.7500,1790.3000
2004-12-30,1794.8000,1803.6000,1776.9500,1781.1000
2004-12-31,1789.8500,1806.2500,1787.9500,1804.9000
2005-01-02,1769.4500,1781.2500,1759.4000,1775.0000
2005-01-03,1825.0500,1825.0500,1805.1500,1811.9000
2005-01-04,1786.2000,1808.2000,1766.4500,1805.3000
2005-01-05,1822.4500,1826.3000,1725.6000,1769.2000
2005-01-06,1836.7500,1845.0500,1833.3500,1838.4500
2005-01-07,1900.8500,1915.3000,1895.4000,1912.3500
2005-01-08,2027.5000,2040.8000,2012.3500,2039.6000
2005-01-09,2134.5500,2149.4000,2134.5500,2143.6000
2005-01-10,1761.3500,1772.7000,1733.2500,1738.4000
2005-01-11,2096.6500,2096.6500,2079.4500,2084.6500
2005-01-12,1706.6000,1716.0000,1655.1500,1662.0000
2005-01-13,1679.0000,1705.1500,1679.0000,1700.3500
2005-01-14,1704.6000,1708.6500,1677.3500,1683.5500
2005-01-17,1693.3000,1693.3000,1655.0500,1679.8000
2005-01-18,1689.3000,1700.4000,1677.0500,1683.8000
2005-01-19,1688.3500,1692.3000,1673.2500,1676.0000
2005-01-20,1679.4000,1679.4000,1650.8500,1668.3000
2005-01-24,1671.4000,1671.4000,1649.9500,1653.8000
2005-01-25,1651.3000,1673.6000,1643.9500,1672.6000
2005-01-27,1681.3500,1698.4000,1681.3500,1692.8000
2005-01-28,1700.5500,1735.3000,1700.5500,1732.7000
2005-01-31,1749.7500,1771.4000,1749.7500,1768.2500
2005-02-01,1769.4500,1781.2500,1759.4000,1775.0000
2005-02-02,1778.7000,1789.4500,1770.9000,1775.9000
2005-02-03,1817.6500,1826.9500,1815.8000,1825.3000
2005-02-04,1810.9000,1817.1000,1785.7500,1798.2000
2005-02-05,1698.5000,1703.5000,1681.6000,1695.2500
2005-02-06,1840.1500,1843.7500,1820.1000,1821.4500
2005-02-07,1806.6000,1811.7000,1783.0500,1786.7000
2005-02-08,2042.5000,2075.1500,2042.5000,2073.5000
2005-02-09,1798.0800,1810.6000,1798.0500,1805.1500
2005-02-10,1808.2500,1813.2000,1793.9000,1803.0000
2005-02-11,2084.5500,2109.1500,2066.2500,2106.4000
2005-02-12,2358.4500,2366.9500,2340.7000,2345.1500
2005-02-14,1825.5000,1837.4500,1823.6000,1828.6500
2005-02-15,1830.3500,1830.3500,1811.5500,1819.0500
2005-02-16,1822.3500,1832.3500,1797.5500,1803.4500
2005-02-17,1800.3000,1800.3000,1784.7500,1797.2500
2005-02-18,1801.0000,1811.0000,1789.2500,1794.1000
2005-02-21,1800.2500,1801.0000,1779.1000,1781.5000
2005-02-22,1781.1500,1795.1500,1774.5000,1793.2000
2005-02-23,1793.5500,1802.1500,1789.4000,1794.9500
2005-02-24,1802.3500,1808.0000,1792.6000,1794.5500
2005-02-25,1809.9500,1812.5500,1790.5000,1796.3000
2005-02-28,1801.9500,1830.9000,1791.4000,1827.4000
2005-03-01,1825.0500,1825.0500,1805.1500,1811.9000
2005-03-02,1778.9000,1802.3500,1778.9000,1799.8000
2005-03-03,1825.9000,1856.2500,1825.9000,1854.3000
2005-03-04,1863.6500,1874.6500,1858.7500,1871.9500
2005-03-05,1696.8500,1705.6500,1692.5000,1698.4000
2005-03-06,1823.7000,1844.4000,1820.5500,1843.0500
2005-03-07,1875.7500,1891.5500,1875.7500,1883.6000
2005-03-08,1888.2000,1896.3000,1881.6500,1893.2000
2005-03-09,1894.6000,1905.1500,1864.9500,1881.8000
2005-03-10,2282.5000,2302.1500,2282.5000,2299.4500
2005-03-11,1896.5000,1904.5500,1876.9500,1880.8500
2005-03-14,1876.9000,1889.2500,1869.0500,1871.8000
2005-03-15,1874.5000,1877.7500,1856.9000,1860.6000
2005-03-16,1864.3000,1876.0500,1856.6500,1859.6500
2005-03-17,1854.5000,1856.1500,1830.5500,1835.9500
2005-03-18,1837.0500,1844.3000,1811.6000,1838.3500
2005-03-21,1845.0000,1850.3000,1824.5000,1829.3000
2005-03-22,1829.4500,1829.4500,1789.7500,1793.3000
2005-03-23,1791.7000,1799.6500,1753.1500,1758.5000
2005-03-24,1766.9500,1773.2500,1741.4000,1748.6000
2005-03-28,1760.1500,1774.9500,1758.2500,1762.6000
2005-03-29,1764.2000,1764.2000,1715.1500,1724.6500
2005-03-30,1728.7000,1741.8000,1715.8500,1737.4500
2005-03-31,1745.1000,1777.1000,1745.1000,1772.8500
2005-04-01,1786.2000,1808.2000,1766.4500,1805.3000
2005-04-02,1810.9000,1817.1000,1785.7500,1798.2000
2005-04-03,1863.6500,1874.6500,1858.7500,1871.9500
2005-04-04,1809.9500,1815.1500,1799.2000,1804.0500
2005-04-05,1808.3500,1811.8000,1786.8500,1793.0500
2005-04-06,1798.3000,1809.5000,1795.0000,1807.0000
2005-04-07,1819.5000,1819.5000,1795.0500,1798.4000
2005-04-08,2083.9500,2087.4000,2071.4500,2083.6500
2005-04-10,2300.0500,2330.0000,2300.0500,2327.7500
2005-04-11,1782.9000,1782.9000,1758.3000,1764.3500
2005-04-12,1765.0000,1780.0000,1765.0000,1778.2000
2005-04-13,1781.7500,1789.7500,1774.1500,1779.3500
2005-04-15,1771.7000,1771.7000,1724.6500,1726.7500
2005-04-18,1698.2500,1718.1500,1691.1500,1706.4500
2005-04-19,1714.5000,1733.5500,1689.2500,1693.5500
2005-04-20,1696.1000,1709.4500,1685.4500,1707.0000
2005-04-21,1696.6500,1728.3000,1696.6500,1727.1500
2005-04-22,1738.5500,1744.7000,1732.2500,1742.1500
2005-04-25,1740.4500,1751.2500,1733.1000,1748.3000
2005-04-26,1747.6000,1751.6500,1736.7500,1740.6000
2005-04-27,1739.5500,1742.9000,1719.3500,1723.0500
2005-04-28,1722.3500,1725.4500,1709.6500,1718.1500
2005-04-29,1716.7500,1716.7500,1684.1500,1688.6500
2005-05-01,1822.4500,1826.3000,1725.6000,1769.2000
2005-05-02,1698.5000,1703.5000,1681.6000,1695.2500
2005-05-03,1696.8500,1705.6500,1692.5000,1698.4000
2005-05-04,1700.8000,1718.7500,1700.8000,1717.6500
2005-05-05,1732.4500,1745.0500,1732.4500,1737.6000
2005-05-06,1742.3000,1752.5500,1732.9500,1748.5500
2005-05-07,1933.7500,1941.1000,1913.3000,1917.9500
2005-05-08,2090.5000,2095.3500,2081.4000,2086.0000
2005-05-09,2153.5000,2171.1000,2153.5000,2157.7500
2005-05-10,2331.3500,2333.1000,2307.9000,2313.2500
2005-05-11,1763.2500,1763.2500,1752.0000,1760.3000
2005-05-12,2354.2000,2354.3000,2315.1000,2319.7000
2005-05-13,1766.6000,1771.7000,1762.5000,1768.2500
2005-05-16,1772.7500,1787.9000,1772.7500,1785.9500
2005-05-17,1789.7500,1795.5500,1762.0000,1766.3500
2005-05-18,1760.7500,1766.5500,1748.6000,1761.6000
2005-05-19,1778.7500,1781.9500,1767.0000,1770.6000
2005-05-20,1772.3500,1775.0000,1760.2500,1771.3000
2005-05-23,1777.5000,1790.3500,1775.1000,1788.1500
2005-05-24,1796.2500,1799.9500,1786.6500,1797.9500
2005-05-25,1789.0000,1811.1500,1789.0000,1808.5000
2005-05-26,1809.4500,1824.2500,1803.6500,1822.2500
2005-05-27,1829.9000,1843.3500,1820.1500,1824.7500
2005-05-30,1830.0500,1831.4500,1814.2000,1819.2000
2005-05-31,1819.6000,1837.5500,1818.0500,1834.8500
2005-06-01,1768.9500,1773.9000,1722.5000,1741.1000
2005-06-02,1840.1500,1843.7500,1820.1000,1821.4500
2005-06-03,1823.7000,1844.4000,1820.5500,1843.0500
2005-06-04,1798.3000,1809.5000,1795.0000,1807.0000
2005-06-05,1742.3000,1752.5500,1732.9500,1748.5500
2005-06-06,1848.0000,1862.2000,1845.5500,1849.2000
2005-06-07,1928.7500,1941.7500,1926.4000,1939.3000
2005-06-08,1861.6000,1870.5000,1859.3000,1867.3000
2005-06-09,2160.9500,2169.2500,2152.6500,2161.5000
2005-06-10,2284.9000,2299.8000,2264.5000,2270.0500
2005-06-12,2322.8000,2340.4500,2307.9500,2318.4500
2005-06-13,1856.5500,1860.4000,1844.7000,1858.1500
2005-06-14,1862.8000,1864.4500,1855.3000,1863.1000
2005-06-15,1865.3000,1876.4000,1865.0500,1874.7500
2005-06-16,1879.9500,1881.1500,1860.7000,1862.7500
2005-06-17,1866.7000,1866.7000,1842.7500,1854.6000
2005-06-20,1871.2500,1872.6500,1857.8500,1861.6500
2005-06-21,1864.5500,1878.7000,1857.9000,1877.5000
2005-06-22,1882.3500,1896.4500,1882.3500,1889.0500
2005-06-23,1893.1000,1896.1500,1882.4500,1890.8000
2005-06-24,1881.9500,1907.8000,1877.5500,1901.3500
2005-06-27,1898.5500,1919.5500,1898.5500,1903.3000
2005-06-28,1906.9500,1908.3000,1873.8000,1875.8000
2005-06-29,1880.8000,1894.1000,1872.0500,1892.8500
2005-06-30,1897.3500,1912.1500,1897.3500,1906.2000
2005-07-01,1900.8500,1915.3000,1895.4000,1912.3500
2005-07-02,1806.6000,1811.7000,1783.0500,1786.7000
2005-07-03,1875.7500,1891.5500,1875.7500,1883.6000
2005-07-04,1913.1000,1933.9000,1913.1000,1933.3500
2005-07-05,1933.7500,1941.1000,1913.3000,1917.9500
2005-07-06,1853.5500,1859.7000,1847.2500,1856.5000
2005-07-07,1940.5000,1944.3000,1896.9500,1903.0500
2005-07-08,1917.0500,1929.1000,1908.1500,1924.4000
2005-07-10,2268.3500,2293.0500,2244.3000,2264.1000
2005-07-11,2111.5500,2143.5000,2104.1500,2141.9500
2005-07-12,2321.5000,2341.7500,2321.5000,2339.7500
2005-07-13,1956.3500,1960.9000,1939.8000,1942.8000
2005-07-14,1948.9500,1949.3500,1929.5500,1933.6000
2005-07-15,1944.7000,1956.7500,1933.6500,1955.0500
2005-07-18,1968.8500,1979.2000,1965.4000,1976.7500
2005-07-19,1985.8500,1988.5000,1974.6000,1982.3000
2005-07-20,1991.4000,1996.8000,1986.6500,1989.7000
2005-07-21,1998.7500,2000.3500,1971.2500,1979.4500
2005-07-22,1970.7500,2008.8500,1970.7500,2007.4000
2005-07-25,2017.1500,2029.4000,2014.9500,2027.9500
2005-07-26,2032.2500,2032.2500,2014.4500,2028.8000
2005-07-27,2029.3500,2041.3500,2021.2500,2038.3500
2005-07-29,2013.5000,2044.7000,2013.5000,2027.4000
2005-08-01,2027.5000,2040.8000,2012.3500,2039.6000
2005-08-02,1788.1000,1797.4000,1781.0000,1788.8500
2005-08-03,1888.2000,1896.3000,1881.6500,1893.2000
2005-08-04,1802.2000,1804.4000,1776.5500,1783.3000
2005-08-05,2090.5000,2095.3500,2081.4000,2086.0000
2005-08-06,1861.6000,1870.5000,1859.3000,1867.3000
2005-08-07,1917.0500,1929.1000,1908.1500,1924.4000
2005-08-08,2093.4000,2095.1500,2051.4500,2055.4000
2005-08-09,2061.8000,2070.0500,2039.3500,2051.0000
2005-08-10,2062.2000,2088.5500,2060.1500,2086.4500
2005-08-11,2095.9000,2108.4500,2085.7500,2103.2000
2005-08-12,2348.0000,2353.6500,2329.9500,2350.9000
2005-08-16,2097.3000,2108.6000,2092.3000,2103.6500
2005-08-17,2102.7500,2131.4000,2098.5500,2129.6000
2005-08-18,2132.9000,2149.3500,2113.3500,2119.1500
2005-08-19,2122.7000,2136.0500,2113.1500,2116.5000
2005-08-22,2117.9500,2133.6500,2094.5500,2104.3000
2005-08-23,2105.1500,2110.6000,2062.4500,2066.2500
2005-08-24,2067.3500,2071.4500,2038.7000,2056.4000
2005-08-25,2059.0000,2082.5500,2058.8000,2080.3500
2005-08-26,2086.3500,2101.5500,2081.0000,2094.9000
2005-08-29,2091.3000,2091.3000,2062.3500,2083.0000
2005-08-30,2085.4500,2113.2500,2085.4500,2110.4000
2005-08-31,2111.6000,2127.7500,2108.5500,2126.3500
2005-09-01,2134.5500,2149.4000,2134.5500,2143.6000
2005-09-02,1798.0800,1810.6000,1798.0500,1805.1500
2005-09-03,1894.6000,1905.1500,1864.9500,1881.8000
2005-09-05,2153.5000,2171.1000,2153.5000,2157.7500
2005-09-06,2160.9500,2169.2500,2152.6500,2161.5000
2005-09-08,2167.3000,2180.7500,2167.3000,2179.5000
2005-09-09,2181.9500,2183.3500,2170.9500,2179.1500
2005-09-11,2178.6000,2196.5000,2158.2500,2166.6000
2005-09-12,2355.1500,2388.0500,2355.1500,2385.8500
2005-09-13,2208.4000,2221.6500,2201.7000,2220.8500
2005-09-14,2220.5000,2235.8500,2197.1500,2211.4000
2005-09-15,2218.5000,2237.9500,2218.5000,2236.6500
2005-09-16,2244.7500,2260.4000,2234.1500,2258.1500
2005-09-19,2262.8000,2278.4000,2260.1000,2275.0000
2005-09-20,2274.2500,2282.1500,2254.6500,2278.4500
2005-09-21,2277.6000,2278.0500,2195.3000,2260.2500
2005-09-22,2258.6500,2258.7000,2159.7500,2167.1000
2005-09-23,2183.5500,2196.6000,2146.3500,2174.6500
2005-09-26,2195.7500,2247.5000,2195.7500,2245.4000
2005-09-27,2246.2500,2274.8000,2241.3000,2259.3500
2005-09-28,2261.3000,2282.4000,2250.6500,2280.3500
2005-09-29,2289.5500,2302.3000,2275.5500,2281.7500
2005-09-30,2284.1000,2284.9000,2242.8500,2274.0000
2005-10-01,1761.3500,1772.7000,1733.2500,1738.4000
2005-10-02,1808.2500,1813.2000,1793.9000,1803.0000
2005-10-03,2282.5000,2302.1500,2282.5000,2299.4500
2005-10-04,2300.0500,2330.0000,2300.0500,2327.7500
2005-10-05,2331.3500,2333.1000,2307.9000,2313.2500
2005-10-06,1870.7000,1872.6500,1847.0500,1851.0000
2005-10-07,2268.3500,2293.0500,2244.3000,2264.1000
2005-10-08,2062.2000,2088.5500,2060.1500,2086.4500
2005-10-10,2272.9000,2279.2500,2249.3500,2253.6000
2005-10-11,2266.8500,2267.3500,2224.7000,2264.0000
2005-10-13,2254.4000,2267.4500,2220.1500,2226.2500
2005-10-14,2229.1500,2229.5000,2176.4500,2181.0500
2005-10-17,2189.6000,2189.8500,2154.9000,2172.6000
2005-10-18,2178.4000,2201.9000,2144.6000,2157.9000
2005-10-19,2141.4500,2141.4500,2094.5000,2105.6500
2005-10-20,2112.7500,2145.9000,2059.8500,2085.1500
2005-10-21,2092.9500,2122.4500,2070.8500,2119.4500
2005-10-24,2131.8500,2131.8500,2087.3500,2092.0500
2005-10-25,2105.5000,2125.5500,2088.7000,2108.5000
2005-10-26,2110.0500,2119.1500,2095.1000,2098.2000
2005-10-27,2098.2000,2103.0000,2044.0000,2052.0500
2005-10-28,2052.8000,2052.8000,2016.0000,2022.1500
2005-10-31,2035.9000,2069.2500,2031.7500,2067.8000
2005-11-01,2096.6500,2096.6500,2079.4500,2084.6500
2005-11-02,2084.5500,2109.1500,2066.2500,2106.4000
2005-11-03,1896.5000,1904.5500,1876.9500,1880.8500
2005-11-04,1782.9000,1782.9000,1758.3000,1764.3500
2005-11-05,1763.2500,1763.2500,1752.0000,1760.3000
2005-11-07,2111.5500,2143.5000,2104.1500,2141.9500
2005-11-08,2151.1000,2182.7000,2149.5500,2173.0000
2005-11-09,2178.6000,2196.5000,2158.2500,2166.6000
2005-11-10,2266.8500,2267.3500,2224.7000,2264.0000
2005-11-11,2189.9500,2221.4000,2189.9500,2220.2000
2005-11-14,2235.6000,2243.8500,2209.6500,2227.1500
2005-11-16,2236.5000,2247.6000,2231.0000,2245.2500
2005-11-17,2231.9000,2262.9500,2231.8500,2259.5500
2005-11-18,2265.8500,2283.6500,2263.0500,2269.0000
2005-11-21,2267.3000,2275.8500,2250.1500,2255.2500
2005-11-22,2248.4000,2264.2500,2230.3000,2233.9000
2005-11-23,2237.8000,2257.9500,2234.0500,2255.5000
2005-11-24,2269.4500,2280.3500,2268.1000,2274.7000
2005-11-25,2275.2500,2302.7000,2275.2500,2300.7000
2005-11-26,2306.4000,2323.8500,2306.4000,2321.9500
2005-11-28,2327.8000,2350.5000,2327.8000,2346.8500
2005-11-29,2345.9500,2346.8000,2322.3000,2336.8000
2005-11-30,2345.5500,2362.8500,2302.4000,2306.1500
2005-12-01,2314.0500,2345.4000,2299.2500,2342.3000
2005-12-02,2358.4500,2366.9500,2340.7000,2345.1500
2005-12-04,1765.0000,1780.0000,1765.0000,1778.2000
2005-12-05,2354.2000,2354.3000,2315.1000,2319.7000
2005-12-06,2322.8000,2340.4500,2307.9500,2318.4500
2005-12-07,2321.5000,2341.7500,2321.5000,2339.7500
2005-12-08,2348.0000,2353.6500,2329.9500,2350.9000
2005-12-09,2355.1500,2388.0500,2355.1500,2385.8500
2005-12-12,2393.9000,2410.8500,2392.7000,2402.5000
2005-12-13,2403.6500,2429.2000,2396.4000,2427.9000
2005-12-14,2432.0500,2441.1000,2411.4000,2425.7000
2005-12-15,2437.3000,2438.4000,2390.9000,2401.2000
2005-12-16,2413.1000,2427.6500,2396.8000,2425.4000
2005-12-19,2431.6000,2454.0000,2431.6000,2452.6500
2005-12-20,2455.4000,2461.4000,2437.6500,2446.8500
2005-12-21,2452.7500,2463.8000,2427.9000,2445.5000
2005-12-22,2454.7500,2461.8500,2440.6500,2454.3500
2005-12-23,2462.1000,2468.6000,2422.1500,2426.1000
2005-12-26,2418.2000,2418.2000,2372.0000,2377.2500
2005-12-27,2369.4500,2428.5000,2362.7500,2424.6500
2005-12-28,2426.5500,2440.0500,2411.2500,2422.0500
2005-12-29,2429.5500,2444.2000,2424.3500,2440.3000
2005-12-30,2442.0500,2465.0000,2436.9500,2459.2000
2006-01-02,2465.1500,2473.7000,2456.5000,2464.2500
2006-01-03,2471.8000,2504.3500,2466.7000,2502.5500
2006-01-04,2514.5500,2525.9500,2508.4500,2522.5500
2006-01-05,2527.6500,2531.5500,2507.7000,2525.4000
2006-01-06,2665.7500,2680.2000,2531.5000,2548.3500
2006-01-08,2553.9500,2570.3500,2536.8500,2559.6500
2006-01-09,2547.6500,2550.4000,2531.5500,2540.4000
2006-01-10,2540.2500,2540.2500,2508.0000,2512.0500
2006-01-11,3130.9000,3135.2000,3113.5500,3130.4500
2006-01-12,3298.3000,3320.4000,3290.1000,3318.9000
2006-01-13,2506.6000,2528.0000,2499.6500,2502.7500
2006-01-16,2502.7000,2503.6000,2481.3500,2486.1500
2006-01-17,2493.6500,2507.7500,2468.2500,2473.6500
2006-01-18,2452.4500,2469.2000,2438.4500,2455.7500
2006-01-19,2472.9500,2508.7000,2472.9500,2506.3000
2006-01-20,2515.0000,2537.8500,2514.3500,2529.1000
2006-01-23,2516.2000,2527.7000,2510.3000,2517.7500
2006-01-24,2532.0000,2542.1500,2526.0500,2532.5000
2006-01-25,2543.0000,2559.1000,2533.0000,2548.6000
2006-01-27,2557.9500,2591.1000,2557.9500,2587.5000
2006-01-30,2598.6000,2604.1500,2563.8000,2570.1500
2006-01-31,2580.3000,2592.6500,2578.2000,2585.9500
2006-02-01,2465.1500,2473.7000,2456.5000,2464.2500
2006-02-02,2573.8000,2581.5000,2548.9500,2559.5500
2006-02-03,2553.2000,2563.9500,2543.5500,2550.2000
2006-02-05,3093.7000,3112.0000,3089.8000,3100.7000
2006-02-06,2554.3500,2620.7000,2511.9000,2615.7500
2006-02-07,2599.1000,2609.5500,2584.2500,2605.3500
2006-02-08,2556.6000,2596.3500,2556.6000,2592.7000
2006-02-10,2612.9500,2623.7000,2611.6000,2621.4000
2006-02-11,3131.2500,3159.4000,3129.6500,3150.4000
2006-02-13,2624.1000,2635.7000,2617.9000,2634.6000
2006-02-14,2642.5500,2646.1000,2612.2000,2618.0000
2006-02-15,2636.3000,2642.6500,2607.5500,2624.8500
2006-02-16,2633.5500,2643.1000,2622.6500,2630.2500
2006-02-17,2637.8500,2643.6500,2589.8500,2593.5500
2006-02-20,2594.1000,2601.4500,2563.3500,2598.9500
2006-02-21,2608.1500,2625.6500,2608.1500,2620.6500
2006-02-22,2625.6000,2639.4000,2621.2500,2635.8500
2006-02-23,2642.5000,2656.3000,2638.2000,2640.1500
2006-02-24,2648.2500,2655.0000,2635.2000,2644.9500
2006-02-27,2646.9500,2662.7500,2646.9500,2660.7000
2006-02-28,2673.7500,2675.4000,2622.6000,2658.9500
2006-03-01,2655.0000,2700.8500,2652.4500,2698.6000
2006-03-02,2715.1000,2735.2500,2708.8000,2722.0000
2006-03-03,2730.9000,2738.7500,2712.6500,2724.2500
2006-03-04,2918.6000,2977.2000,2918.6000,2974.1000
2006-03-05,3100.1500,3127.8000,3084.7000,3124.2000
2006-03-06,2731.5000,2762.7000,2731.5000,2761.0500
2006-03-07,2763.7000,2771.1500,2752.6000,2767.2000
2006-03-08,2605.3500,2635.0000,2591.5500,2601.2000
2006-03-09,2719.5500,2728.7500,2680.5000,2726.7500
2006-03-10,2994.5500,3005.8500,2978.4500,2985.0000
2006-03-11,3156.8000,3163.1000,3137.4500,3161.4000
2006-03-13,2776.9500,2797.0500,2774.1000,2780.0000
2006-03-14,2788.0000,2796.4000,2764.8000,2771.1500
2006-03-16,2785.2500,2791.4500,2777.5500,2789.3500
2006-03-17,2802.3000,2807.9500,2784.9000,2790.0500
2006-03-20,2807.9500,2813.9500,2801.1000,2812.5000
2006-03-21,2809.8000,2833.2000,2798.0500,2809.4000
2006-03-22,2805.4000,2812.3500,2776.3000,2789.3000
2006-03-23,2802.0000,2810.8500,2781.7000,2796.9000
2006-03-24,2803.9500,2824.3500,2801.1000,2821.5500
2006-03-27,2828.1000,2855.9500,2828.1000,2851.7500
2006-03-28,2861.3000,2868.5500,2839.7500,2844.1500
2006-03-29,2854.9500,2866.9500,2848.6000,2864.4000
2006-03-30,2875.3500,2909.1000,2875.3500,2901.1500
2006-03-31,2903.6500,2923.1500,2884.9500,2910.3500
2006-04-01,2514.5500,2525.9500,2508.4500,2522.5500
2006-04-03,2918.6000,2977.2000,2918.6000,2974.1000
2006-04-04,2988.5500,3004.1000,2968.6000,2993.0000
2006-04-05,3139.0000,3155.9000,3113.5500,3133.2000
2006-04-07,2593.4000,2600.7000,2568.0000,2574.1000
2006-04-08,2607.8500,2624.6500,2576.6500,2588.3500
2006-04-09,2846.3500,2869.8500,2846.3500,2865.9500
2006-04-10,2994.3500,2997.6000,2943.2500,2948.8000
2006-04-12,2996.1000,3007.1000,2914.3000,2924.2500
2006-04-13,2927.2000,2927.2000,2826.8000,2884.4000
2006-04-17,2924.5000,2949.2500,2911.5500,2943.9000
2006-04-18,2973.7000,3007.6500,2973.7000,3005.8500
2006-04-19,3030.9500,3044.4500,2994.8500,3017.6500
2006-04-20,3032.7500,3040.7000,3015.2500,3038.3000
2006-04-21,3049.3000,3052.6500,2996.6500,3034.7500
2006-04-24,3036.6000,3045.7500,3016.6000,3024.9000
2006-04-25,3024.1000,3024.1000,2954.0500,2960.3000
2006-04-26,2967.4000,3037.1000,2959.8500,3032.2000
2006-04-27,3048.9000,3071.4500,2996.7500,3005.3500
2006-04-28,2911.4500,3021.3500,2868.2500,3014.1000
2006-04-29,3037.4000,3068.5500,3037.4000,3064.7000
2006-05-01,2527.6500,2531.5500,2507.7000,2525.4000
2006-05-02,3093.7000,3112.0000,3089.8000,3100.7000
2006-05-03,3100.1500,3127.8000,3084.7000,3124.2000
2006-05-04,3139.0000,3155.9000,3113.5500,3133.2000
2006-05-05,3140.1500,3157.2000,3125.7000,3143.1000
2006-05-06,2627.5000,2638.2000,2555.5500,2559.5500
2006-05-07,2565.3000,2619.2000,2564.0000,2616.8500
2006-05-08,3166.8000,3176.6000,3156.7000,3163.2500
2006-05-09,3177.9500,3182.9000,3134.5500,3178.8000
2006-05-10,3194.9000,3212.4000,3192.4000,3208.8500
2006-05-11,3223.1500,3223.1500,3159.2000,3168.6500
2006-05-12,3354.4000,3354.4000,3330.1500,3339.1500
2006-05-15,3120.1500,3128.8500,2993.4500,3007.8000
2006-05-16,3010.9000,3024.9000,2881.8000,3011.8500
2006-05-17,3054.8000,3104.7000,3054.7500,3099.8000
2006-05-18,3061.1000,3061.1000,2874.1000,2889.0500
2006-05-19,2960.3000,2960.3000,2740.0500,2767.7500
2006-05-22,2794.7000,2794.7000,2439.6000,2611.3000
2006-05-23,2612.6000,2721.9500,2538.1500,2712.3500
2006-05-24,2736.5500,2765.5000,2648.1000,2662.5500
2006-05-25,2625.3000,2697.6500,2591.7000,2684.6000
2006-05-26,2724.0000,2773.1500,2705.8500,2726.4500
2006-05-29,2725.2000,2769.7500,2719.6500,2737.5500
2006-05-30,2747.6500,2767.2500,2711.1000,2721.8000
2006-05-31,2636.3500,2653.9500,2556.8500,2635.2500
2006-06-01,2534.3000,2545.4000,2510.1000,2537.3000
2006-06-02,2553.5500,2593.6000,2546.1000,2588.6500
2006-06-03,2731.5000,2762.7000,2731.5000,2761.0500
2006-06-05,2627.5000,2638.2000,2555.5500,2559.5500
2006-06-06,2488.9500,2536.5500,2472.1000,2486.7500
2006-06-07,2463.2000,2491.5500,2352.5500,2384.9000
2006-06-08,2354.5500,2354.5500,2209.3000,2248.8000
2006-06-09,2876.7000,2892.7500,2872.3000,2882.8500
2006-06-10,3005.9000,3011.6000,2993.5000,3002.6500
2006-06-11,3165.0500,3178.9000,3159.2000,3173.0500
2006-06-12,2372.8500,2379.4500,2302.0500,2310.8000
2006-06-13,2246.8000,2246.8000,2184.9000,2201.4000
2006-06-14,2226.2500,2282.5500,2137.8000,2163.9500
2006-06-15,2213.5000,2307.5500,2200.7000,2299.2500
2006-06-16,2362.0000,2439.5000,2362.0000,2386.2500
2006-06-19,2394.2500,2429.1000,2358.3000,2418.7000
2006-06-20,2397.1000,2406.4500,2363.5500,2388.8500
2006-06-21,2384.5500,2446.7000,2378.5000,2442.9500
2006-06-22,2491.7500,2521.4500,2491.7500,2503.5000
2006-06-23,2486.9500,2540.1000,2453.5500,2529.4500
2006-06-25,2558.2500,2560.9500,2531.1500,2539.8500
2006-06-26,2546.3000,2546.3000,2431.2500,2441.2000
2006-06-27,2453.1000,2471.9500,2401.0500,2456.6500
2006-06-28,2413.1500,2469.7500,2411.9500,2452.8500
2006-06-29,2486.5000,2498.2500,2455.6500,2463.2500
2006-06-30,2512.8500,2565.4500,2512.8500,2562.5000
2006-07-02,2599.1000,2609.5500,2584.2500,2605.3500
2006-07-03,2763.7000,2771.1500,2752.6000,2767.2000
2006-07-04,3048.9500,3055.4000,2969.5500,2977.5000
2006-07-05,2565.3000,2619.2000,2564.0000,2616.8500
2006-07-06,2463.2000,2491.5500,2352.5500,2384.9000
2006-07-07,2610.0500,2623.2500,2522.7500,2534.2500
2006-07-08,2576.8000,2590.9000,2569.2000,2576.5000
2006-07-09,2867.2500,2880.8500,2854.1500,2866.3000
2006-07-10,2536.3000,2579.0500,2525.9000,2573.9000
2006-07-11,3196.1000,3196.1000,3162.3000,3167.0500
2006-07-12,3333.4000,3335.8000,3317.0000,3330.2000
2006-07-13,2600.5500,2610.6000,2577.6500,2590.7000
2006-07-14,2546.3000,2566.8500,2533.4000,2560.1500
2006-07-17,2545.5000,2545.5000,2466.6500,2471.3500
2006-07-18,2481.5000,2488.6500,2433.6000,2450.0000
2006-07-19,2468.4000,2478.0500,2383.0500,2392.4000
2006-07-20,2449.0000,2468.2000,2434.9500,2455.6500
2006-07-21,2437.4500,2438.4500,2381.0500,2391.8500
2006-07-24,2366.4500,2417.5500,2334.7500,2410.7000
2006-07-25,2431.4500,2466.2000,2431.4500,2462.3000
2006-07-26,2468.4000,2524.0000,2453.5000,2516.4000
2006-07-27,2537.0500,2554.4000,2518.8000,2549.2500
2006-07-28,2551.7500,2566.6000,2530.2500,2545.6000
2006-07-31,2575.9000,2588.7500,2556.2000,2562.5500
2006-08-01,2553.9500,2570.3500,2536.8500,2559.6500
2006-08-02,2600.5000,2608.5000,2583.3500,2603.2500
2006-08-03,2769.9500,2775.9000,2710.2000,2715.0000
2006-08-04,2607.8500,2624.6500,2576.6500,2588.3500
2006-08-05,3166.8000,3176.6000,3156.7000,3163.2500
2006-08-06,2354.5500,2354.5500,2209.3000,2248.8000
2006-08-07,2576.8000,2590.9000,2569.2000,2576.5000
2006-08-08,2584.4000,2621.5000,2584.4000,2620.3500
2006-08-09,2611.6500,2663.1500,2609.5500,2656.2500
2006-08-10,2657.5000,2679.0000,2648.8000,2674.1000
2006-08-11,2687.2000,2703.9000,2665.0500,2692.6500
2006-08-12,3336.2000,3339.6500,3286.1000,3295.6000
2006-08-14,2711.6000,2732.8000,2708.9500,2730.1000
2006-08-16,2763.2000,2783.9500,2763.2000,2768.2500
2006-08-17,2790.6500,2791.8500,2740.9000,2760.2500
2006-08-18,2767.1000,2774.5000,2753.2500,2767.4000
2006-08-21,2768.4000,2782.8500,2753.1000,2779.8500
2006-08-22,2780.0500,2808.0500,2767.6500,2775.7500
2006-08-23,2774.4000,2781.7000,2743.0000,2750.4500
2006-08-24,2731.0000,2781.5000,2724.7500,2776.0500
2006-08-25,2792.7500,2805.0500,2785.3000,2793.7000
2006-08-28,2794.3500,2809.6500,2792.3000,2806.8500
2006-08-29,2826.8500,2834.9500,2822.0500,2826.4500
2006-08-30,2837.2000,2837.2000,2810.3000,2825.9000
2006-08-31,2840.5000,2842.1500,2802.9000,2807.9500
2006-09-01,2547.6500,2550.4000,2531.5500,2540.4000
2006-09-03,2719.5500,2728.7500,2680.5000,2726.7500
2006-09-04,2846.3500,2869.8500,2846.3500,2865.9500
2006-09-05,2873.8000,2877.3500,2858.9000,2871.9000
2006-09-06,2236.8000,2382.9500,2236.8000,2376.3000
2006-09-07,2867.2500,2880.8500,2854.1500,2866.3000
2006-09-08,2874.8500,2889.8000,2865.0000,2884.3000
2006-09-10,2988.0500,3018.4000,2978.5500,3003.7500
2006-09-11,2894.3500,2894.3500,2784.9000,2794.8000
2006-09-12,2800.4500,2823.2500,2765.1500,2820.4500
2006-09-13,2855.1500,2888.0000,2852.5500,2878.1000
2006-09-14,2898.0000,2904.9000,2880.2000,2894.7500
2006-09-15,2896.3500,2906.5000,2867.5500,2898.9000
2006-09-18,2913.8500,2922.4500,2906.1500,2911.6000
2006-09-19,2920.7000,2927.7000,2864.6000,2878.9000
2006-09-20,2856.7500,2914.1000,2852.5000,2910.2000
2006-09-21,2929.4000,2947.7500,2929.4000,2945.1000
2006-09-22,2929.8500,2952.9500,2920.5000,2934.6500
2006-09-25,2942.1500,2943.6500,2914.5500,2920.0000
2006-09-26,2935.1000,2953.2500,2917.0500,2950.8000
2006-09-27,2970.8500,2976.7500,2954.9500,2963.4000
2006-09-28,2971.3500,2973.1000,2955.0500,2965.5000
2006-09-29,2978.0500,2994.2500,2971.8500,2988.2500
2006-10-01,2540.2500,2540.2500,2508.0000,2512.0500
2006-10-02,2612.9500,2623.7000,2611.6000,2621.4000
2006-10-03,2994.5500,3005.8500,2978.4500,2985.0000
2006-10-04,2994.3500,2997.6000,2943.2500,2948.8000
2006-10-05,2951.1500,2998.5000,2951.1500,2993.3500
2006-10-06,3005.9000,3011.6000,2993.5000,3002.6500
2006-10-07,2536.3000,2579.0500,2525.9000,2573.9000
2006-10-08,2657.5000,2679.0000,2648.8000,2674.1000
2006-10-09,2988.0500,3018.4000,2978.5500,3003.7500
2006-10-10,3019.9000,3031.4500,3000.9500,3007.5500
2006-10-11,3164.7500,3190.8000,3152.1500,3186.7000
2006-10-12,2996.7000,3036.4000,2983.4500,3032.6000
2006-10-13,3063.0500,3069.7500,3057.1500,3064.9000
2006-10-16,3078.0000,3099.6000,3077.4500,3090.2500
2006-10-17,3101.7500,3101.7500,3065.7500,3077.8500
2006-10-18,3076.3000,3088.7000,3072.2000,3076.0500
2006-10-19,3088.5000,3088.9000,3035.3000,3051.3500
2006-10-20,3065.8500,3082.7000,3049.4500,3057.0500
2006-10-21,3076.1000,3081.7500,3066.5500,3069.9000
2006-10-23,3075.9000,3075.9000,3044.3500,3048.0500
2006-10-26,3053.4000,3069.5500,3048.7500,3064.4500
2006-10-27,3082.8500,3114.1000,3082.8500,3111.3000
2006-10-30,3109.1000,3133.9000,3102.0000,3130.6500
2006-10-31,3143.4000,3145.2000,3100.5000,3114.5500
2006-11-01,3130.9000,3135.2000,3113.5500,3130.4500
2006-11-02,3131.2500,3159.4000,3129.6500,3150.4000
2006-11-03,3156.8000,3163.1000,3137.4500,3161.4000
2006-11-05,3223.1500,3223.1500,3159.2000,3168.6500
2006-11-06,3165.0500,3178.9000,3159.2000,3173.0500
2006-11-07,2572.4500,2577.3000,2547.8000,2559.8500
2006-11-08,3170.6500,3177.1500,3110.1500,3141.4000
2006-11-09,3156.5500,3167.4500,3139.2000,3156.2000
2006-11-10,3164.7500,3190.8000,3152.1500,3186.7000
2006-11-12,3294.3000,3294.3000,3162.7500,3195.2500
2006-11-13,3195.5500,3217.1000,3192.4500,3215.4000
2006-11-14,3233.6000,3236.8000,3206.2500,3216.8500
2006-11-15,3233.8000,3233.8000,3205.8500,3225.6500
2006-11-16,3230.1000,3248.4500,3217.1000,3226.8500
2006-11-17,3243.6000,3243.9000,3186.9500,3200.6000
2006-11-20,3174.9500,3196.4500,3136.1000,3191.3000
2006-11-21,3204.4500,3246.0000,3204.4500,3244.6500
2006-11-22,3259.3500,3276.8500,3255.3000,3273.5500
2006-11-23,3281.3500,3294.4500,3267.5500,3277.3500
2006-11-24,3282.6500,3301.3000,3273.4000,3291.0000
2006-11-27,3294.7500,3314.5000,3294.7500,3307.5500
2006-11-28,3274.1500,3291.2000,3262.0500,3267.2000
2006-11-29,3288.6000,3295.6000,3269.1500,3274.6500
2006-11-30,3297.4000,3297.4000,3268.8000,3280.4500
2006-12-01,3298.3000,3320.4000,3290.1000,3318.9000
2006-12-04,2996.1000,3007.1000,2914.3000,2924.2500
2006-12-05,3354.4000,3354.4000,3330.1500,3339.1500
2006-12-06,2372.8500,2379.4500,2302.0500,2310.8000
2006-12-07,2539.8000,2609.9000,2529.7500,2606.9000
2006-12-08,3336.2000,3339.6500,3286.1000,3295.6000
2006-12-09,2800.4500,2823.2500,2765.1500,2820.4500
2006-12-10,2996.7000,3036.4000,2983.4500,3032.6000
2006-12-11,3294.3000,3294.3000,3162.7500,3195.2500
2006-12-12,3181.7000,3203.6000,3026.8500,3071.8000
2006-12-13,3081.4500,3137.8500,3027.5500,3128.7000
2006-12-14,3147.0500,3209.9000,3147.0500,3202.6000
2006-12-15,3233.3000,3249.9500,3226.0500,3235.4500
2006-12-18,3255.7000,3255.7000,3181.6500,3252.7000
2006-12-19,3239.7500,3251.4500,3147.4500,3180.0000
2006-12-20,3206.5000,3221.0500,3146.9500,3164.9500
2006-12-21,3152.8500,3188.2500,3130.8000,3176.7500
2006-12-22,3180.4500,3211.8000,3173.6500,3208.8000
2006-12-26,3215.9000,3263.7000,3214.0000,3261.4000
2006-12-27,3278.2500,3297.9500,3278.2500,3289.2000
2006-12-28,3307.7000,3307.7000,3283.0000,3288.5500
2006-12-29,3295.0000,3308.1500,3290.5000,3295.0500
2007-01-02,3299.9000,3327.4000,3293.5500,3323.1000
2007-01-03,3335.3000,3346.4000,3312.8000,3342.7000
2007-01-04,3353.3500,3356.9500,3320.2000,3327.9000
2007-01-05,3328.5500,3350.9500,3314.9500,3325.3000
2007-01-06,3586.0000,3596.0000,3568.9500,3575.1500
2007-01-08,3739.3000,3739.3000,3624.7000,3628.8500
2007-01-09,3299.9500,3313.2000,3250.8500,3264.1000
2007-01-10,4206.7000,4253.7000,4179.4000,4237.8000
2007-01-11,4859.7000,4891.9000,4738.9000,4757.8500
2007-01-12,3306.9500,3365.6000,3306.9500,3362.1000
2007-01-15,3393.3000,3396.7500,3381.6000,3385.2000
2007-01-16,3395.5500,3403.5500,3377.6000,3386.2000
2007-01-17,3397.1000,3408.8000,3389.1500,3396.4500
2007-01-18,3410.7000,3443.6000,3395.2500,3415.2000
2007-01-19,3435.2000,3435.5500,3376.2500,3397.6000
2007-01-22,3412.1000,3414.4000,3383.1000,3405.8500
2007-01-23,3399.3000,3403.0000,3363.6000,3368.5000
2007-01-24,3383.5000,3396.8500,3371.8000,3388.8000
2007-01-25,3405.3000,3437.4500,3394.6500,3431.6000
2007-01-29,3434.3500,3442.7500,3418.8500,3424.5000
2007-01-31,3433.0000,3438.3000,3384.2000,3393.1000
2007-02-01,3299.9000,3327.4000,3293.5500,3323.1000
2007-02-02,3448.7000,3473.8500,3448.7000,3462.1500
2007-02-03,3141.7000,3176.3000,3081.0000,3091.2500
2007-02-04,3067.3000,3076.9500,2997.8500,3008.7500
2007-02-05,3466.7500,3482.9500,3454.6000,3480.6000
2007-02-06,3491.1500,3492.6000,3467.4000,3474.1000
2007-02-07,3630.0000,3650.4000,3624.3000,3631.6000
2007-02-08,3644.9000,3679.7500,3619.0500,3642.8500
2007-02-09,3500.0000,3505.5500,3442.7500,3453.3500
2007-02-11,4675.7500,4818.6500,4667.5000,4810.5000
2007-02-12,3427.1500,3427.1500,3328.4500,3338.4500
2007-02-13,3317.1000,3395.4500,3294.4000,3324.5500
2007-02-14,3266.9000,3330.2000,3259.8500,3322.7500
2007-02-15,3362.6500,3407.7500,3362.6500,3403.7000
2007-02-19,3412.8000,3431.5000,3409.3500,3414.6500
2007-02-20,3421.3500,3421.3500,3368.8500,3373.3500
2007-02-21,3370.3500,3391.3000,3354.7500,3365.1000
2007-02-22,3373.2000,3385.8000,3312.7000,3322.4500
2007-02-23,3335.7500,3335.7500,3226.6500,3241.7500
2007-02-26,3247.4000,3258.4500,3184.3500,3244.7500
2007-02-27,3255.1000,3266.2000,3211.8500,3223.8000
2007-02-28,3059.3500,3186.4500,3059.3500,3107.7500
2007-03-01,3118.7500,3151.4000,3079.8500,3147.5000
2007-03-02,3141.7000,3176.3000,3081.0000,3091.2500
2007-03-04,3027.2500,3053.7500,3012.3000,3046.6500
2007-03-05,3421.0000,3438.0500,3417.6500,3429.2500
2007-03-06,3011.4500,3029.1500,2945.5500,3002.9500
2007-03-07,3645.9500,3669.7000,3645.9500,3666.6000
2007-03-08,3660.6000,3704.8000,3660.6000,3688.4000
2007-03-09,3730.6000,3747.7000,3713.1000,3746.2500
2007-03-10,4278.8000,4375.4000,4186.0500,4327.5000
2007-03-12,4895.8500,4976.4500,4895.8500,4969.9500
2007-03-13,3074.7000,3105.3000,3063.2500,3102.8000
2007-03-14,3029.9000,3029.9000,3003.2500,3010.0500
2007-03-15,3055.3500,3069.2000,3011.2500,3019.3000
2007-03-16,3034.3500,3038.6500,2966.4000,2993.1500
2007-03-19,3010.1500,3044.6500,2996.9500,3042.3500
2007-03-20,3065.7000,3081.1000,3053.0000,3062.7000
2007-03-21,3078.8000,3106.2000,3052.2500,3102.5500
2007-03-22,3141.8000,3176.9500,3141.8000,3174.5000
2007-03-23,3179.4000,3193.9500,3158.2000,3168.6500
2007-03-26,3170.3500,3181.9000,3139.9000,3141.8500
2007-03-28,3117.8500,3125.6000,3089.4500,3095.6000
2007-03-29,3105.2500,3121.9500,3086.8000,3116.2500
2007-03-30,3123.3500,3151.4000,3123.3500,3145.3500
2007-04-01,3353.3500,3356.9500,3320.2000,3327.9000
2007-04-02,3067.3000,3076.9500,2997.8500,3008.7500
2007-04-03,3027.2500,3053.7500,3012.3000,3046.6500
2007-04-04,3059.3000,3097.7500,3059.3000,3082.6500
2007-04-05,3442.5000,3454.5500,3405.4500,3410.4000
2007-04-06,3595.8500,3599.4000,3549.9500,3557.2000
2007-04-07,3683.4000,3686.1000,3650.5500,3669.3000
2007-04-09,3120.1000,3177.4000,3120.1000,3172.5500
2007-04-10,3182.3000,3190.9500,3161.0000,3183.7000
2007-04-11,3191.0000,3210.2000,3185.5000,3195.4500
2007-04-12,4996.0000,5017.8500,4978.1000,5003.3000
2007-04-13,3186.9000,3237.9000,3178.0000,3233.9000
2007-04-16,3253.5000,3303.8000,3253.5000,3302.8500
2007-04-17,3312.3500,3312.3500,3275.8000,3281.8000
2007-04-18,3299.5000,3326.5000,3297.6500,3305.0500
2007-04-19,3264.1500,3306.3000,3253.0000,3295.2500
2007-04-20,3327.3500,3357.0000,3325.8000,3353.6000
2007-04-23,3379.2500,3380.7500,3346.4500,3352.6500
2007-04-24,3342.2000,3407.7500,3335.7500,3394.7000
2007-04-25,3393.1500,3419.8500,3386.2000,3416.5000
2007-04-26,3447.3500,3453.4000,3395.7500,3422.4000
2007-04-27,3410.2500,3417.4000,3358.1000,3363.5000
2007-04-30,3336.0500,3384.9000,3331.9000,3379.1000
2007-05-01,3328.5500,3350.9500,3314.9500,3325.3000
2007-05-02,3466.7500,3482.9500,3454.6000,3480.6000
2007-05-03,2999.3000,3011.2500,2937.2000,2957.8500
2007-05-04,3442.5000,3454.5500,3405.4500,3410.4000
2007-05-06,3558.1500,3575.7000,3543.0000,3571.4500
2007-05-07,3677.1500,3684.9500,3615.6500,3652.4000
2007-05-08,3396.2000,3421.6500,3363.8500,3370.7000
2007-05-09,3373.2000,3383.5500,3338.5000,3378.6500
2007-05-10,3399.7500,3420.9500,3362.1000,3369.2500
2007-05-11,4800.7500,4846.0000,4756.8000,4775.4000
2007-05-12,5028.4500,5085.4500,5017.6500,5081.2000
2007-05-14,3427.3000,3431.2500,3414.6500,3424.0500
2007-05-15,3424.9500,3435.6000,3406.5000,3421.9000
2007-05-16,3435.1500,3470.9500,3425.0500,3466.1000
2007-05-17,3497.8000,3515.8000,3497.8000,3507.5000
2007-05-18,3497.3500,3515.0500,3483.8000,3503.5500
2007-05-21,3516.5000,3542.6000,3516.5000,3537.1500
2007-05-22,3546.5000,3552.4500,3525.5500,3550.2000
2007-05-23,3559.2000,3559.2000,3513.1000,3524.0000
2007-05-24,3525.9500,3528.7500,3492.5500,3501.9500
2007-05-25,3462.3000,3532.8000,3462.3000,3528.2500
2007-05-28,3555.2000,3566.5000,3542.3500,3545.8500
2007-05-29,3552.7000,3574.5500,3543.3500,3571.8000
2007-05-30,3561.7000,3578.6000,3527.0000,3533.7500
2007-05-31,3553.3500,3569.3000,3542.9500,3563.6500
2007-06-01,3586.0000,3596.0000,3568.9500,3575.1500
2007-06-02,3491.1500,3492.6000,3467.4000,3474.1000
2007-06-03,3011.4500,3029.1500,2945.5500,3002.9500
2007-06-04,3595.8500,3599.4000,3549.9500,3557.2000
2007-06-05,3558.1500,3575.7000,3543.0000,3571.4500
2007-06-06,3572.5000,3585.0000,3498.2000,3502.7000
2007-06-07,3490.5500,3523.8000,3467.9500,3488.1500
2007-06-08,3628.8500,3650.0000,3586.0000,3639.9500
2007-06-09,3734.5000,3792.7000,3734.5000,3789.9000
2007-06-11,4837.7500,4871.5500,4731.0500,4754.8000
2007-06-12,5142.5000,5151.9000,5056.0500,5081.5500
2007-06-13,3456.6000,3459.8500,3422.2000,3429.2000
2007-06-14,3462.2000,3485.1500,3459.7500,3482.6500
2007-06-15,3491.5500,3512.5500,3476.7000,3486.7000
2007-06-18,3500.7500,3509.2500,3463.4000,3468.4000
2007-06-19,3470.9000,3523.4000,3461.2500,3519.8000
2007-06-20,3543.8500,3558.1500,3538.4500,3555.1500
2007-06-21,3567.3000,3581.5000,3547.8000,3575.7500
2007-06-22,3581.8500,3590.6000,3564.2000,3571.2000
2007-06-25,3575.3500,3581.3000,3558.9500,3574.1500
2007-06-26,3573.5500,3599.2500,3573.5500,3593.8500
2007-06-27,3599.4000,3599.4000,3570.3000,3575.6500
2007-06-28,3593.3500,3597.0500,3574.0500,3585.9500
2007-06-29,3600.6500,3626.1000,3600.6500,3625.7500
2007-07-02,3630.0000,3650.4000,3624.3000,3631.6000
2007-07-03,3645.9500,3669.7000,3645.9500,3666.6000
2007-07-04,3683.4000,3686.1000,3650.5500,3669.3000
2007-07-05,3439.8000,3439.9000,3396.1500,3401.3000
2007-07-06,3490.5500,3523.8000,3467.9500,3488.1500
2007-07-08,3689.0000,3693.3500,3652.5500,3660.5500
2007-07-09,3690.5000,3708.7500,3684.8000,3703.6500
2007-07-10,3712.4000,3717.4000,3684.9000,3693.2000
2007-07-11,3681.2000,3702.7000,3660.0000,3690.9500
2007-07-12,5143.6000,5143.6000,5019.0500,5095.6500
2007-07-13,3771.9000,3795.2500,3771.9000,3780.7500
2007-07-16,3790.0000,3797.3500,3777.6000,3791.6500
2007-07-17,3815.8000,3827.2000,3770.7500,3775.9500
2007-07-18,3779.4500,3782.4000,3738.6000,3774.6500
2007-07-19,3789.0000,3821.2500,3789.0000,3816.2500
2007-07-20,3842.5000,3846.0500,3809.6500,3819.3000
2007-07-23,3813.9500,3864.9000,3809.3000,3859.9000
2007-07-24,3879.0500,3883.9000,3850.1500,3856.1500
2007-07-25,3834.9000,3852.9000,3802.9000,3828.6500
2007-07-26,3830.0500,3854.8000,3820.4000,3848.9500
2007-07-27,3812.5500,3812.5500,3690.1500,3711.5500
2007-07-30,3710.6500,3751.4500,3681.4500,3710.3500
2007-07-31,3740.1500,3786.8500,3709.5500,3783.8500
2007-08-01,3312.6000,3312.6000,3275.4500,3286.9000
2007-08-02,3500.7000,3502.0000,3469.3000,3492.7000
2007-08-03,3660.6000,3704.8000,3660.6000,3688.4000
2007-08-05,3396.2000,3421.6500,3363.8500,3370.7000
2007-08-06,3449.1500,3493.7500,3449.1500,3457.4000
2007-08-07,3689.0000,3693.3500,3652.5500,3660.5500
2007-08-08,3687.7500,3748.1500,3687.7500,3739.4000
2007-08-09,3783.2000,3793.8500,3676.9000,3684.1000
2007-08-10,4335.5500,4343.8000,4141.5500,4195.2500
2007-08-11,4652.1500,4722.3500,4650.5500,4689.4500
2007-08-13,3662.3000,3668.8000,3635.1000,3659.9000
2007-08-14,3668.7500,3670.8500,3651.3000,3660.9000
2007-08-16,3563.3500,3563.3500,3503.5000,3506.1000
2007-08-17,3479.7500,3506.7000,3364.3500,3447.4000
2007-08-20,3550.1000,3568.1500,3507.9500,3519.9500
2007-08-21,3537.3000,3537.3000,3394.8000,3405.1500
2007-08-22,3433.0500,3459.3000,3362.8000,3450.8000
2007-08-23,3506.4000,3519.4000,3411.5500,3421.5000
2007-08-24,3436.0500,3485.1000,3418.2500,3478.9500
2007-08-27,3519.9500,3578.7500,3519.9500,3575.8500
2007-08-28,3577.4500,3604.8000,3566.8500,3599.7000
2007-08-29,3528.7000,3631.9500,3528.7000,3625.6500
2007-08-30,3663.0000,3665.5500,3641.1500,3656.7500
2007-08-31,3662.7500,3713.0500,3661.5000,3711.5500
2007-09-01,3299.9500,3313.2000,3250.8500,3264.1000
2007-09-02,3500.0000,3505.5500,3442.7500,3453.3500
2007-09-03,3730.6000,3747.7000,3713.1000,3746.2500
2007-09-04,3120.1000,3177.4000,3120.1000,3172.5500
2007-09-05,3373.2000,3383.5500,3338.5000,3378.6500
2007-09-06,3734.5000,3792.7000,3734.5000,3789.9000
2007-09-07,3690.5000,3708.7500,3684.8000,3703.6500
2007-09-08,3783.2000,3793.8500,3676.9000,3684.1000
2007-09-10,4151.2000,4377.5000,4129.7500,4369.7000
2007-09-11,4739.4500,4739.4500,4637.1000,4673.7500
2007-09-12,3801.8000,3814.9500,3784.8500,3789.6000
2007-09-13,3805.5500,3829.1500,3805.5500,3822.7500
2007-09-14,3846.1000,3864.2000,3793.7000,3800.8500
2007-09-17,3816.1500,3829.3500,3778.5500,3793.2500
2007-09-18,3787.5500,3838.6000,3787.5500,3834.7500
2007-09-19,3917.5000,3966.7500,3910.9500,3963.6500
2007-09-20,3976.3500,4004.0000,3960.2000,3987.9500
2007-09-21,3983.5500,4045.1000,3983.5500,4036.5000
2007-09-24,4073.4500,4108.0000,4045.0000,4104.5000
2007-09-25,4114.8000,4121.0500,4058.5000,4111.0500
2007-09-26,4129.1000,4159.0000,4116.0500,4122.4500
2007-09-27,4163.9500,4177.7500,4143.4500,4150.1500
2007-09-28,4172.2500,4202.9500,4158.6000,4188.5500
2007-10-01,4206.7000,4253.7000,4179.4000,4237.8000
2007-10-03,4278.8000,4375.4000,4186.0500,4327.5000
2007-10-04,4311.2000,4342.8000,4268.7000,4335.2500
2007-10-05,4354.3500,4359.7500,4287.4500,4301.7500
2007-10-07,3712.4000,3717.4000,3684.9000,3693.2000
2007-10-08,4335.5500,4343.8000,4141.5500,4195.2500
2007-10-09,4151.2000,4377.5000,4129.7500,4369.7000
2007-10-10,4413.2500,4466.4000,4404.8500,4454.5500
2007-10-11,4470.0000,4529.4500,4440.2000,4523.8000
2007-10-12,5118.6000,5121.0500,5078.7000,5107.4000
2007-10-15,4478.5500,4627.8500,4478.5500,4621.0500
2007-10-16,4633.6000,4657.0000,4566.9500,4634.0500
2007-10-17,4287.4000,4551.3000,4287.4000,4531.7000
2007-10-18,4576.6000,4669.4000,4316.1500,4372.8500
2007-10-19,4373.7000,4373.7000,4170.5500,4250.4500
2007-10-22,4159.2500,4279.8000,4159.2500,4238.3500
2007-10-23,4329.2000,4473.2000,4329.2000,4465.7500
2007-10-24,4521.5000,4553.1000,4438.5500,4494.0000
2007-10-25,4495.6500,4570.9000,4479.6500,4545.6500
2007-10-26,4566.6500,4657.1000,4520.3000,4650.2000
2007-10-29,4705.3500,4795.8500,4705.3500,4782.9500
2007-10-30,4831.8000,4839.7500,4743.9500,4770.9000
2007-10-31,4772.3500,4843.6500,4772.3500,4806.8500
2007-11-01,3210.8000,3290.7000,3210.8000,3284.3000
2007-11-02,4675.7500,4818.6500,4667.5000,4810.5000
2007-11-04,3191.0000,3210.2000,3185.5000,3195.4500
2007-11-05,3322.4500,3390.1000,3318.4500,3378.4000
2007-11-06,3484.8000,3501.8500,3450.9000,3458.2500
2007-11-07,3681.2000,3702.7000,3660.0000,3690.9500
2007-11-08,4652.1500,4722.3500,4650.5500,4689.4500
2007-11-09,3810.6000,3815.2000,3775.0500,3788.0000
2007-11-10,4470.0000,4529.4500,4440.2000,4523.8000
2007-11-12,4570.9000,4645.8500,4522.1500,4639.4000
2007-11-13,4643.4500,4754.2000,4637.4000,4717.1500
2007-11-14,4833.8000,4909.1000,4815.2500,4902.4500
2007-11-15,4915.5000,4955.7000,4906.3000,4923.8500
2007-11-16,4870.6500,4978.8500,4870.6500,4939.1000
2007-11-19,4977.6000,5020.0000,4970.8500,4983.3500
2007-11-20,4949.3500,5005.4500,4857.8500,4883.1500
2007-11-21,4882.0500,4885.7500,4638.1500,4666.8000
2007-11-22,4704.7500,4704.7500,4512.2000,4620.7500
2007-11-23,4669.4500,4724.3500,4621.5000,4705.0500
2007-11-26,4793.1000,4834.5500,4776.2500,4814.3000
2007-11-27,4793.5000,4810.4500,4764.2000,4805.3000
2007-11-28,4817.6500,4851.1500,4739.7000,4754.7500
2007-11-29,4841.2500,4844.0500,4732.3500,4741.0500
2007-11-30,4795.0000,4878.3000,4770.9500,4869.5500
2007-12-01,3306.9500,3365.6000,3306.9500,3362.1000
2007-12-02,3427.1500,3427.1500,3328.4500,3338.4500
2007-12-03,3058.3500,3096.8500,3049.8500,3066.3000
2007-12-04,3160.6000,3190.1000,3160.6000,3173.3000
2007-12-05,5028.4500,5085.4500,5017.6500,5081.2000
2007-12-06,3469.9500,3469.9500,3413.0500,3453.9000
2007-12-07,3710.8000,3747.0500,3710.8000,3744.4500
2007-12-09,3801.8000,3814.9500,3784.8500,3789.6000
2007-12-10,5118.6000,5121.0500,5078.7000,5107.4000
2007-12-11,4570.9000,4645.8500,4522.1500,4639.4000
2007-12-12,5130.4000,5271.7000,5130.4000,5263.8000
2007-12-13,5288.0000,5290.6500,5205.4000,5217.1500
2007-12-14,5217.4500,5252.0000,5199.9500,5224.0000
2007-12-17,5217.1000,5217.1000,4948.1500,4980.8500
2007-12-18,4997.5500,5020.3000,4914.7500,4965.7000
2007-12-19,5035.5000,5059.0500,4910.9000,4969.1500
2007-12-20,4996.5500,5009.1500,4957.8000,4971.0500
2007-12-24,5042.2000,5133.1500,5042.2000,5126.4000
2007-12-26,5163.5500,5232.3500,5151.5000,5228.5500
2007-12-27,5264.3000,5264.3000,5221.7000,5234.3000
2007-12-28,5203.5500,5288.3000,5203.5500,5284.2000
2007-12-31,5337.8000,5364.0000,5326.2000,5354.7000
2008-01-01,5370.3500,5399.7500,5348.8500,5384.5500
2008-01-02,4404.1000,4461.8500,4307.0500,4450.0500
2008-01-03,5412.9500,5478.7000,5411.4500,5442.2000
2008-01-04,5488.7500,5527.8000,5484.9500,5502.6000
2008-01-07,3204.4000,3213.5000,3065.8000,3075.8000
2008-01-08,3432.6000,3529.6000,3400.7000,3524.2500
2008-01-09,3455.2000,3491.9500,3435.5000,3481.5500
2008-01-10,3084.0000,3119.1000,3019.8500,3082.8000
2008-01-11,5355.0000,5370.1000,5252.2500,5348.2000
2008-01-12,2099.5000,2147.1500,2041.7500,2048.4000
2008-01-14,5365.0000,5396.7500,5344.3500,5385.2500
2008-01-15,5393.7000,5427.1500,5270.4500,5282.1000
2008-01-16,5195.2500,5217.9500,5063.2500,5164.9500
2008-01-17,5187.6000,5229.4500,5131.7500,5151.1500
2008-01-18,5103.5500,5132.7000,4908.5000,4925.8500
2008-01-21,4834.0000,4834.0000,4258.8500,4425.5500
2008-01-22,3996.1500,4208.1500,3744.4500,4134.3000
2008-01-23,4383.3000,4510.5000,4207.1500,4417.0000
2008-01-24,4532.1500,4553.1500,4223.4000,4267.1000
2008-01-25,4269.0000,4574.2000,4269.0000,4567.2000
2008-01-28,4404.8000,4507.5500,4327.9500,4497.5000
2008-01-29,4560.6500,4595.8000,4448.0500,4491.2500
2008-01-30,4494.4000,4494.4000,4373.3000,4385.6000
2008-01-31,4399.0000,4442.0000,4286.8500,4349.0000
2008-02-01,4404.1000,4461.8500,4307.0500,4450.0500
2008-02-04,4555.9500,4639.9500,4533.0000,4588.4000
2008-02-05,4569.2000,4629.4500,4557.2000,4617.3000
2008-02-06,3987.8500,3987.8500,3833.8000,3853.5500
2008-02-07,3085.5500,3237.4500,3017.2000,3225.0000
2008-02-08,4365.3500,4378.6000,4243.9000,4313.9500
2008-02-09,3496.5500,3610.1500,3496.4000,3599.7000
2008-02-11,4295.3000,4295.3000,4045.4000,4086.8000
2008-02-12,4128.0000,4151.6000,4044.7500,4054.4000
2008-02-13,4054.2000,4162.7000,4054.2000,4111.6500
2008-02-14,4257.6500,4351.4000,4250.0500,4343.5500
2008-02-15,4274.4000,4441.1500,4274.4000,4432.6000
2008-02-18,4462.7000,4462.7000,4387.9500,4421.3000
2008-02-19,4470.2000,4499.6000,4415.5500,4428.7000
2008-02-20,4394.1000,4398.7000,4297.0500,4326.3500
2008-02-21,4379.7500,4401.7500,4302.5500,4357.3500
2008-02-22,4292.4000,4317.2000,4283.6500,4295.3500
2008-02-25,4332.2500,4353.7500,4240.8500,4346.8500
2008-02-26,4377.6500,4414.7000,4371.0500,4406.0500
2008-02-27,4462.8500,4485.5500,4394.0000,4407.9500
2008-02-28,4400.0500,4423.6000,4371.6000,4404.3500
2008-02-29,4385.0000,4399.8000,4271.6000,4360.7000
2008-03-01,5412.9500,5478.7000,5411.4500,5442.2000
2008-03-03,4236.5500,4262.2500,4126.8000,4138.9500
2008-03-04,3842.6000,3880.8500,3819.9000,3840.3000
2008-03-05,4035.9500,4079.8500,4012.9000,4065.6500
2008-03-06,3810.4000,3837.8000,3761.6500,3831.6500
2008-03-07,3974.2000,3974.2000,3845.6500,3922.5000
2008-03-10,3049.4500,3075.4500,2974.9000,2984.3000
2008-03-11,3908.1000,4036.2000,3886.3500,4024.4000
2008-03-12,4133.0000,4152.6500,3996.3000,4010.1500
2008-03-13,3980.0000,3980.0000,3758.8000,3785.1000
2008-03-14,3807.0000,3878.1500,3777.5500,3868.6500
2008-03-17,3754.8000,3754.8000,3627.6500,3642.3500
2008-03-18,3623.5000,3705.0500,3613.6500,3642.8000
2008-03-19,3779.8500,3785.0500,3644.2000,3657.8000
2008-03-24,3681.3000,3708.6500,3603.4500,3656.4500
2008-03-25,3736.8500,3894.6000,3736.0500,3879.7500
2008-03-26,3883.9000,3917.7500,3846.1000,3867.2500
2008-03-27,3841.2500,3895.2500,3828.5000,3862.2500
2008-03-28,3884.9000,3986.7500,3852.2500,3971.1500
2008-03-31,3953.3500,3953.3500,3804.3500,3825.8500
2008-04-01,5488.7500,5527.8000,5484.9500,5502.6000
2008-04-02,3929.6000,3946.2000,3827.9500,3835.5000
2008-04-03,4148.0500,4153.8500,3993.2000,4045.3000
2008-04-04,3842.4500,3843.0000,3738.4000,3747.9500
2008-04-06,3837.5000,3849.8000,3709.1000,3719.4000
2008-04-07,3102.0000,3188.9500,3075.3500,3178.1500
2008-04-08,3512.2500,3555.6000,3504.2500,3531.1500
2008-04-09,3561.9500,3584.3500,3537.9000,3562.7000
2008-04-10,3834.1500,3880.8500,3823.7000,3830.7500
2008-04-11,2323.2500,2426.9500,2301.5000,2421.2500
2008-04-12,2045.4500,2137.9000,2040.8500,2132.6500
2008-04-15,3841.8500,3954.5000,3813.4500,3938.0000
2008-04-16,3986.6000,4001.1500,3949.7500,3959.7500
2008-04-17,4005.1500,4038.9500,3998.9000,4027.9000
2008-04-21,4069.3000,4104.9500,4069.3000,4099.7500
2008-04-22,4075.8000,4135.5000,4075.8000,4120.8500
2008-04-23,4140.6000,4146.8000,4088.4500,4105.2500
2008-04-24,4111.0000,4141.2500,4080.2000,4083.6000
2008-04-25,4102.4000,4166.2000,4099.4500,4162.5500
2008-04-28,4185.2000,4186.1000,4150.1000,4156.9000
2008-04-29,4162.6500,4242.5500,4153.0500,4233.2500
2008-04-30,4253.9000,4266.0000,4215.0000,4222.1000
2008-05-02,4569.2000,4629.4500,4557.2000,4617.3000
2008-05-03,4035.9500,4079.8500,4012.9000,4065.6500
2008-05-05,4298.3000,4315.9500,4260.1000,4267.8500
2008-05-06,4260.0000,4271.5500,4189.9000,4217.5000
2008-05-07,4217.9000,4227.3000,4176.4000,4198.6000
2008-05-08,3530.4000,3621.9500,3529.4500,3615.9000
2008-05-09,3494.2500,3514.9000,3478.9000,3489.3500
2008-05-11,2489.7000,2490.3500,2314.6500,2329.8500
2008-05-12,4038.9500,4074.4000,3992.9000,4066.3000
2008-05-13,4101.4000,4126.4000,4032.2500,4041.5000
2008-05-14,4022.1000,4087.5000,4022.1000,4081.3000
2008-05-15,4103.8500,4161.1500,4103.8500,4159.3000
2008-05-16,4190.9000,4204.9000,4159.6500,4198.1000
2008-05-20,4170.5000,4189.2000,4133.0000,4158.9000
2008-05-21,4119.6000,4186.0000,4119.6000,4174.6000
2008-05-22,4166.5500,4166.5500,4090.8500,4099.8500
2008-05-23,4122.9000,4134.2500,4034.2000,4037.3500
2008-05-26,3987.4500,3998.2500,3953.2000,3962.5000
2008-05-27,4004.5500,4007.7500,3935.6500,3944.2000
2008-05-28,3959.2000,3996.9500,3926.5000,3991.5000
2008-05-29,4021.0000,4021.5000,3917.2500,3939.4000
2008-05-30,3973.2500,3992.5000,3927.7500,3959.6500
2008-06-02,4448.1000,4525.9500,4436.7000,4503.4000
2008-06-03,3810.4000,3837.8000,3761.6500,3831.6500
2008-06-04,3837.5000,3849.8000,3709.1000,3719.4000
2008-06-05,3724.7500,3782.1500,3669.2000,3774.6000
2008-06-06,3816.7500,3816.7500,3721.8000,3730.5000
2008-06-08,3666.4500,3702.4500,3608.5500,3618.6000
2008-06-09,3661.7000,3661.7000,3542.6500,3611.8000
2008-06-10,2941.4000,2941.4000,2796.3500,2809.3500
2008-06-11,3587.6500,3643.4500,3587.6500,3632.3500
2008-06-12,3533.3000,3651.1500,3532.1000,3645.6000
2008-06-13,3659.3000,3659.3000,3616.0000,3634.8000
2008-06-16,3677.8000,3716.1500,3669.5000,3679.7500
2008-06-17,3680.8500,3761.2500,3671.9500,3753.5500
2008-06-18,3770.5000,3781.1500,3692.5500,3701.2000
2008-06-19,3648.4500,3668.6000,3625.8000,3633.4500
2008-06-20,3644.2500,3652.4500,3498.7500,3510.9500
2008-06-23,3471.8000,3486.4500,3393.7000,3416.6000
2008-06-24,3423.1500,3446.0000,3337.8000,3359.0500
2008-06-25,3306.0000,3406.5500,3292.6500,3401.0500
2008-06-26,3429.9500,3441.5500,3390.4000,3431.0000
2008-06-27,3374.2000,3374.2000,3284.2000,3293.6500
2008-06-30,3296.8500,3310.5000,3191.4500,3203.3500
2008-07-01,5443.0500,5518.0000,5442.9000,5500.1500
2008-07-02,3085.5500,3237.4500,3017.2000,3225.0000
2008-07-03,3174.6000,3174.6000,3054.7000,3098.7000
2008-07-04,3102.0000,3188.9500,3075.3500,3178.1500
2008-07-05,4217.9000,4227.3000,4176.4000,4198.6000
2008-07-07,3216.6000,3269.0500,3194.2000,3207.8000
2008-07-08,3608.0500,3664.6500,3604.6000,3625.7000
2008-07-09,3275.1000,3328.2000,3269.7500,3321.4000
2008-07-10,3307.4000,3344.1500,3284.2000,3323.6500
2008-07-11,3346.9000,3346.9000,3207.7500,3232.2000
2008-07-14,3206.9500,3281.3500,3196.7500,3222.8000
2008-07-15,3151.2500,3163.9500,3068.9500,3085.5000
2008-07-16,3099.9000,3130.2000,3029.9000,3049.8500
2008-07-17,3136.3500,3160.0500,3101.7500,3146.1500
2008-07-18,3168.7500,3257.2500,3144.3500,3248.0500
2008-07-21,3265.1500,3296.6000,3234.5500,3289.8000
2008-07-22,3288.9000,3372.3000,3288.9000,3355.9000
2008-07-23,3503.3500,3561.2500,3479.0500,3550.8000
2008-07-24,3595.1500,3607.3500,3491.1000,3524.5000
2008-07-25,3446.7500,3496.2000,3439.7500,3452.4500
2008-07-28,3460.7000,3486.1000,3447.1500,3469.4000
2008-07-29,3408.0500,3429.5500,3334.4500,3350.4500
2008-07-30,3400.0000,3457.2500,3397.0500,3449.7500
2008-07-31,3461.9000,3465.4500,3427.4000,3456.7000
2008-08-01,5543.1500,5563.5000,5402.3500,5460.3000
2008-08-02,4365.3500,4378.6000,4243.9000,4313.9500
2008-08-04,3512.2500,3555.6000,3504.2500,3531.1500
2008-08-05,4151.9000,4164.5500,4137.1500,4152.3000
2008-08-06,3666.4500,3702.4500,3608.5500,3618.6000
2008-08-07,3608.0500,3664.6500,3604.6000,3625.7000
2008-08-08,3609.4500,3644.0500,3584.4500,3635.0000
2008-08-09,3613.3000,3619.8000,3569.6000,3575.0500
2008-08-10,2683.6500,2709.2500,2561.9000,2693.9000
2008-08-11,3691.6000,3710.3500,3685.2500,3707.8000
2008-08-12,2087.2000,2173.2500,2087.2000,2121.6500
2008-08-13,3627.2500,3673.2500,3621.2000,3637.7000
2008-08-14,3626.8500,3626.8500,3545.5000,3551.3000
2008-08-18,3525.9000,3561.5000,3510.6500,3519.3000
2008-08-19,3495.7500,3513.3000,3458.8500,3500.7500
2008-08-20,3523.3000,3549.3500,3517.7500,3536.9000
2008-08-21,3527.4500,3527.4500,3425.4000,3434.0000
2008-08-22,3413.0000,3465.4500,3407.2500,3459.7500
2008-08-25,3513.7000,3514.0500,3461.6500,3467.4000
2008-08-26,3437.0000,3473.8500,3430.1500,3468.9000
2008-08-27,3483.7000,3483.7000,3429.6500,3435.2500
2008-08-28,3436.2500,3440.8000,3370.2500,3376.8000
2008-08-29,3438.5000,3493.2000,3437.7000,3489.0500
2008-09-01,5454.8500,5505.1500,5403.9500,5451.9000
2008-09-02,3496.5500,3610.1500,3496.4000,3599.7000
2008-09-04,3783.3000,3850.8000,3782.3500,3844.4000
2008-09-05,4131.2000,4161.4500,4052.6500,4064.1000
2008-09-06,3661.7000,3661.7000,3542.6500,3611.8000
2008-09-07,3275.1000,3328.2000,3269.7500,3321.4000
2008-09-08,3613.3000,3619.8000,3569.6000,3575.0500
2008-09-09,3556.5000,3580.1500,3532.5500,3560.5000
2008-09-10,3532.1000,3559.7500,3494.4500,3507.4000
2008-09-11,3478.5000,3479.7000,3421.6500,3433.1000
2008-09-12,3457.1000,3457.1000,3360.6500,3377.9000
2008-09-15,3274.8500,3274.8500,3159.5500,3243.6000
2008-09-16,3135.0000,3235.8500,3135.0000,3229.1000
2008-09-17,3249.6500,3249.6500,3158.1500,3169.0000
2008-09-18,3017.5000,3176.6000,3007.6000,3169.7500
2008-09-19,3241.0500,3323.2000,3241.0500,3314.3500
2008-09-22,3343.4500,3343.4500,3289.7000,3301.1500
2008-09-23,3259.3500,3302.0000,3229.1000,3234.0000
2008-09-24,3254.8000,3291.8500,3236.8000,3255.9500
2008-09-25,3261.6000,3261.6000,3200.6500,3221.7000
2008-09-26,3205.3000,3205.3000,3112.8000,3123.7500
2008-09-29,3115.0000,3115.0000,2958.1500,3007.9000
2008-09-30,2914.6000,3087.4500,2914.6000,3058.6000
2008-10-01,3084.0000,3119.1000,3019.8500,3082.8000
2008-10-03,3049.4500,3075.4500,2974.9000,2984.3000
2008-10-04,3834.1500,3880.8500,3823.7000,3830.7500
2008-10-06,3588.6000,3622.3000,3516.8500,3570.6000
2008-10-07,3307.4000,3344.1500,3284.2000,3323.6500
2008-10-08,2683.6500,2709.2500,2561.9000,2693.9000
2008-10-09,3532.1000,3559.7500,3494.4500,3507.4000
2008-10-10,2573.3500,2589.9500,2460.4500,2507.5500
2008-10-11,2351.0000,2445.5000,2347.8500,2438.1000
2008-10-12,2146.2000,2218.5000,2144.3500,2214.6000
2008-10-13,2559.5500,2665.4000,2559.5500,2654.3500
2008-10-14,2763.7000,2778.0000,2672.7000,2685.0500
2008-10-15,2633.6000,2634.3500,2545.1500,2553.3000
2008-10-16,2473.6000,2549.9000,2389.5500,2514.7000
2008-10-17,2549.5500,2563.9000,2371.8000,2386.4500
2008-10-20,2422.0000,2479.9500,2371.1000,2409.9000
2008-10-21,2438.2000,2504.2000,2414.2000,2491.4500
2008-10-22,2446.6500,2456.9500,2371.5500,2378.2000
2008-10-23,2284.7500,2377.3500,2270.5500,2285.4000
2008-10-24,2237.8000,2240.7500,2002.7500,2035.2500
2008-10-27,2013.3000,2022.7000,1796.9000,1973.7000
2008-10-28,2063.5000,2102.9500,2063.5000,2095.5500
2008-10-29,2150.3500,2150.3500,2061.4000,2098.5000
2008-10-31,2160.3000,2242.9500,2154.7500,2225.7000
2008-11-01,5355.0000,5370.1000,5252.2500,5348.2000
2008-11-02,4295.3000,4295.3000,4045.4000,4086.8000
2008-11-03,3908.1000,4036.2000,3886.3500,4024.4000
2008-11-04,3866.2500,3888.1000,3829.9500,3861.7000
2008-11-05,2489.7000,2490.3500,2314.6500,2329.8500
2008-11-06,3587.6500,3643.4500,3587.6500,3632.3500
2008-11-07,3346.9000,3346.9000,3207.7500,3232.2000
2008-11-08,3691.6000,3710.3500,3685.2500,3707.8000
2008-11-09,3478.5000,3479.7000,3421.6500,3433.1000
2008-11-10,2351.0000,2445.5000,2347.8500,2438.1000
2008-11-11,2410.1500,2415.8500,2291.0000,2302.4000
2008-11-12,2216.8500,2234.0500,2181.0500,2222.3500
2008-11-14,2296.5500,2299.6000,2188.4000,2203.5500
2008-11-17,2217.3000,2217.3000,2113.2000,2176.3000
2008-11-18,2123.7000,2151.1000,2087.2000,2094.2500
2008-11-19,2110.1000,2147.8500,2044.6000,2055.2000
2008-11-20,1983.5000,2006.5000,1955.3000,1988.4500
2008-11-21,2015.6500,2080.7500,1973.4500,2067.2000
2008-11-24,2056.4000,2098.1500,2030.8500,2075.0500
2008-11-25,2123.5500,2125.8500,2030.3500,2040.4000
2008-11-26,2051.6500,2096.1000,2025.2000,2090.7500
2008-11-28,2061.9500,2102.7500,2058.6000,2093.1000
2008-12-01,2099.5000,2147.1500,2041.7500,2048.4000
2008-12-02,1990.2000,2036.9500,1971.3500,2029.4000
2008-12-03,2051.2500,2053.4000,2014.0000,2040.6000
2008-12-04,2045.4500,2137.9000,2040.8500,2132.6500
2008-12-05,4038.9500,4074.4000,3992.9000,4066.3000
2008-12-06,3533.3000,3651.1500,3532.1000,3645.6000
2008-12-08,3721.3000,3721.3000,3636.9000,3656.1000
2008-12-09,3457.1000,3457.1000,3360.6500,3377.9000
2008-12-10,2146.2000,2218.5000,2144.3500,2214.6000
2008-12-11,2269.3500,2320.4500,2205.3500,2239.3000
2008-12-12,2149.7500,2240.3500,2149.7500,2230.2500
2008-12-15,2269.0000,2299.8500,2263.4500,2282.3500
2008-12-16,2277.3000,2343.5000,2277.3000,2336.8500
2008-12-17,2362.2000,2362.2000,2260.8500,2268.4000
2008-12-18,2269.3500,2352.8000,2247.0000,2347.3500
2008-12-19,2343.3000,2388.0500,2338.8000,2370.3500
2008-12-22,2370.0000,2395.7000,2335.8500,2343.3000
2008-12-23,2326.8500,2327.3500,2278.7000,2286.1000
2008-12-24,2281.6000,2281.6000,2245.2000,2255.1000
2008-12-26,2275.5000,2288.6500,2204.5000,2212.5000
2008-12-29,2212.1000,2265.5000,2180.9500,2258.8500
2008-12-30,2280.4500,2314.3000,2249.8000,2304.4000
2008-12-31,2318.4500,2329.4000,2283.0000,2295.7500
2009-01-01,2305.9500,2363.0000,2305.9500,2361.2000
2009-01-02,2379.6500,2405.3000,2355.7000,2380.4000
2009-01-04,2282.1000,2328.7500,2265.9000,2324.7500
2009-01-05,2410.4000,2438.1000,2400.3000,2433.5000
2009-01-06,2428.3500,2456.3000,2391.9000,2431.2500
2009-01-07,3486.1000,3513.8000,3426.7000,3503.6500
2009-01-09,2222.0000,2270.6500,2176.9500,2225.4500
2009-01-10,4128.5000,4133.2000,4102.4000,4119.0500
2009-01-12,4176.1500,4220.1500,4176.1500,4216.4000
2009-01-13,2146.6500,2180.0500,2121.0500,2136.6000
2009-01-14,2168.4000,2211.5000,2163.3000,2200.6500
2009-01-15,2141.2500,2150.4000,2112.9000,2133.3000
2009-01-16,2158.9000,2193.0500,2149.0000,2189.4500
2009-01-19,2190.2000,2218.4500,2186.8000,2204.3000
2009-01-20,2161.4000,2181.5500,2148.0000,2173.3500
2009-01-21,2138.4000,2165.1000,2101.6500,2110.8500
2009-01-22,2133.3000,2134.8000,2085.4500,2105.4000
2009-01-23,2097.5000,2109.2500,2061.1500,2072.8500
2009-01-27,2097.3500,2134.1000,2096.7500,2129.4500
2009-01-28,2147.0000,2191.6000,2142.0500,2188.3500
2009-01-29,2203.3000,2205.5500,2154.1500,2171.9000
2009-01-30,2150.8500,2212.7000,2140.1000,2209.0500
2009-02-01,2379.6500,2405.3000,2355.7000,2380.4000
2009-02-02,2185.4500,2192.4000,2134.5500,2138.8000
2009-02-03,2070.0500,2078.3500,2043.3500,2052.9000
2009-02-04,2390.2000,2441.4500,2387.1000,2429.0500
2009-02-05,2157.4500,2159.7000,2122.5500,2136.5500
2009-02-06,2158.7500,2187.2000,2155.2000,2180.7000
2009-02-07,3529.9000,3552.7000,3483.3500,3526.7000
2009-02-09,2192.5500,2240.9500,2185.3500,2237.2500
2009-02-10,2239.7000,2266.3500,2221.6500,2248.9000
2009-02-11,2211.3500,2250.2500,2211.3500,2244.2500
2009-02-12,4247.5000,4249.3000,4218.1500,4224.1000
2009-02-13,2236.9500,2278.0000,2236.9500,2264.3000
2009-02-16,2257.6500,2259.2000,2186.9500,2193.3000
2009-02-17,2166.8000,2166.8000,2128.8500,2137.3500
2009-02-18,2118.5000,2159.5500,2118.5000,2138.8500
2009-02-19,2150.2500,2159.2500,2135.0000,2145.8500
2009-02-20,2120.0500,2122.0500,2088.4000,2106.1000
2009-02-24,2071.6500,2104.1000,2059.4500,2095.9000
2009-02-25,2116.5000,2133.7500,2109.8000,2113.1000
2009-02-26,2108.5500,2128.0500,2090.8500,2122.4000
2009-02-27,2115.3500,2120.2000,2077.9500,2112.8500
2009-03-02,2070.0500,2078.3500,2043.3500,2052.9000
2009-03-03,2049.8000,2060.3000,2010.1500,2016.3000
2009-03-04,2026.5500,2035.8000,2010.6000,2027.4000
2009-03-05,2039.6000,2039.6000,1971.9500,1981.2000
2009-03-06,1960.4500,2005.7500,1953.3000,2002.4000
2009-03-07,3498.6000,3574.6500,3498.6000,3568.0500
2009-03-08,3778.0500,3830.3000,3764.1500,3823.8000
2009-03-09,1993.6500,1993.6500,1956.8500,1966.8500
2009-03-11,3837.0000,3856.8500,3717.6500,3727.4500
2009-03-12,4245.8000,4276.9500,4229.7000,4247.1500
2009-03-13,2021.5500,2068.1500,2021.5500,2064.6000
2009-03-16,2073.7000,2117.2500,2058.9500,2114.8000
2009-03-17,2114.8500,2138.9000,2093.0000,2104.0500
2009-03-18,2128.8000,2161.3000,2128.2000,2134.9000
2009-03-19,2148.2000,2158.1000,2121.8000,2145.2500
2009-03-20,2134.6000,2146.5500,2118.8500,2139.7000
2009-03-23,2169.8500,2235.4500,2169.4000,2230.5500
2009-03-24,2254.9500,2285.1500,2210.0500,2224.2500
2009-03-25,2224.6500,2261.8000,2213.4000,2255.6000
2009-03-26,2280.2500,2328.6500,2275.4000,2314.2000
2009-03-27,2310.7000,2350.3000,2303.9000,2343.7000
2009-03-30,2299.5000,2307.5500,2248.8000,2259.5000
2009-03-31,2270.5500,2315.0500,2261.5000,2294.8500
2009-04-01,2282.1000,2328.7500,2265.9000,2324.7500
2009-04-02,2160.5500,2179.9000,2146.9500,2153.2500
2009-04-03,2026.5500,2035.8000,2010.6000,2027.4000
2009-04-05,2707.4500,2792.1500,2707.4500,2788.0500
2009-04-06,2486.7500,2496.4000,2445.1500,2473.3000
2009-04-08,2404.3500,2544.6500,2398.1500,2537.5500
2009-04-09,3803.9000,3845.9500,3774.7500,3837.8000
2009-04-11,3768.5500,3846.0500,3738.7500,3836.2000
2009-04-12,4224.2000,4271.5500,4220.9000,4238.8500
2009-04-13,2564.2500,2622.3000,2550.9500,2598.9500
2009-04-15,2556.4000,2698.5500,2556.4000,2691.3000
2009-04-16,2707.1000,2727.7500,2582.7500,2593.9000
2009-04-17,2623.2500,2690.0000,2593.7000,2612.6000
2009-04-20,2628.3500,2663.5000,2591.6500,2621.7000
2009-04-21,2580.4500,2644.8500,2580.4500,2612.6500
2009-04-22,2630.4000,2646.9500,2563.5000,2584.9000
2009-04-23,2596.0500,2655.1000,2564.1000,2646.0000
2009-04-24,2650.4000,2696.1000,2640.4500,2689.9500
2009-04-27,2671.1500,2716.8000,2655.6000,2674.7500
2009-04-28,2675.2000,2675.2000,2581.7000,2588.4000
2009-04-29,2621.8000,2607.0500,2669.9000,2662.9500
2009-05-01,2410.4000,2438.1000,2400.3000,2433.5000
2009-05-02,2157.4500,2159.7000,2122.5500,2136.5500
2009-05-03,2039.6000,2039.6000,1971.9500,1981.2000
2009-05-04,2707.4500,2792.1500,2707.4500,2788.0500
2009-05-05,2786.2000,2818.3000,2775.3500,2808.6500
2009-05-06,3737.4000,3762.3500,3699.6500,3710.5000
2009-05-07,2809.3500,2834.5500,2791.1500,2831.5500
2009-05-08,3824.8000,3840.8000,3783.8500,3827.3000
2009-05-10,4084.4000,4095.6500,4040.0500,4046.7000
2009-05-11,3833.8000,3906.6500,3793.0500,3899.7500
2009-05-12,2738.7000,2831.3000,2729.6500,2825.5000
2009-05-13,2836.6000,2851.7500,2788.4500,2799.0500
2009-05-14,2735.1500,2795.3000,2735.1500,2786.0500
2009-05-15,2813.6500,2850.3000,2813.6500,2833.6500
2009-05-18,3197.9500,3291.5000,3197.9500,3293.3500
2009-05-19,3354.8500,3433.3500,3166.0000,3309.0500
2009-05-20,3277.4500,3380.1500,3277.4500,3341.6500
2009-05-21,3336.8500,3416.2000,3313.7500,3327.6500
2009-05-22,3314.8500,3360.7500,3284.8500,3355.0500
2009-05-25,3379.0000,3409.9000,3354.3500,3401.7000
2009-05-26,3414.1500,3432.8500,3288.0000,3309.7000
2009-05-27,3369.0500,3446.2500,3369.0500,3442.3000
2009-05-28,3460.6500,3498.1000,3450.1000,3487.7000
2009-05-29,3516.9500,3612.3000,3516.9500,3579.9000
2009-06-01,2428.3500,2456.3000,2391.9000,2431.2500
2009-06-02,2158.7500,2187.2000,2155.2000,2180.7000
2009-06-03,1960.4500,2005.7500,1953.3000,2002.4000
2009-06-04,2486.7500,2496.4000,2445.1500,2473.3000
2009-06-05,3737.4000,3762.3500,3699.6500,3710.5000
2009-06-07,3583.9000,3614.3500,3357.9500,3374.1500
2009-06-08,3728.5000,3736.9500,3543.5500,3562.7000
2009-06-09,3537.8000,3668.7500,3500.1500,3661.2500
2009-06-10,3717.5000,3766.9000,3707.5000,3732.8000
2009-06-11,3743.3000,3744.9000,3673.3000,3711.1000
2009-06-12,3741.2500,3760.8000,3652.0000,3664.9000
2009-06-15,3639.1000,3677.7500,3582.3000,3594.2500
2009-06-16,3545.2000,3650.8000,3545.2000,3639.4000
2009-06-17,3634.8000,3643.9000,3486.9500,3504.3000
2009-06-18,3500.2000,3520.7000,3384.5500,3412.4500
2009-06-19,3449.4500,3468.3000,3378.1500,3458.8500
2009-06-22,3474.4500,3489.0000,3397.1500,3408.1000
2009-06-23,3367.9500,3434.7000,3342.6500,3420.4500
2009-06-24,3451.4500,3476.0500,3410.9500,3467.1000
2009-06-25,3484.8000,3500.1000,3423.6500,3433.1500
2009-06-26,3464.1000,3525.8500,3452.1000,3521.8500
2009-06-29,3534.7500,3585.3000,3521.1000,3555.3000
2009-06-30,3582.4500,3586.5000,3454.5500,3469.7000
2009-07-01,2445.7500,2454.9500,2254.3500,2271.4000
2009-07-02,3529.9000,3552.7000,3483.3500,3526.7000
2009-07-03,3498.6000,3574.6500,3498.6000,3568.0500
2009-07-05,2809.3500,2834.5500,2791.1500,2831.5500
2009-07-06,3583.9000,3614.3500,3357.9500,3374.1500
2009-07-07,3384.7000,3415.4500,3341.0500,3382.8000
2009-07-08,3709.2500,3744.1500,3652.2000,3663.6000
2009-07-09,3303.0500,3329.3500,3273.0500,3306.0500
2009-07-10,4083.4500,4096.7500,4032.7500,4042.9500
2009-07-12,4243.9500,4253.8500,4190.5500,4199.7000
2009-07-13,3202.8000,3211.1500,3166.1500,3198.5000
2009-07-14,3256.3500,3324.1000,3256.3500,3313.1000
2009-07-15,3351.7500,3443.9000,3347.5000,3435.7000
2009-07-16,3489.2500,3489.2500,3425.0500,3442.5500
2009-07-17,3480.4000,3553.1500,3480.4000,3542.2000
2009-07-20,3591.3500,3634.3000,3567.6500,3630.9500
2009-07-21,3618.9000,3636.2000,3583.0000,3602.9500
2009-07-22,3625.2000,3670.1000,3550.6500,3565.0000
2009-07-23,3589.0000,3650.1000,3589.0000,3646.2500
2009-07-24,3678.0500,3693.7500,3644.7000,3689.6500
2009-07-27,3694.8500,3722.1500,3674.1000,3708.0000
2009-07-28,3727.9500,3749.7000,3700.2000,3726.1500
2009-07-29,3711.3000,3742.2500,3611.2500,3685.6500
2009-07-30,3680.8000,3725.6000,3657.4500,3721.3500
2009-07-31,3760.6000,3799.6500,3734.1000,3764.1000
2009-08-03,3778.0500,3830.3000,3764.1500,3823.8000
2009-08-04,2404.3500,2544.6500,2398.1500,2537.5500
2009-08-05,2831.4000,2850.2500,2762.7000,2795.9500
2009-08-06,3728.5000,3736.9500,3543.5500,3562.7000
2009-08-07,3709.2500,3744.1500,3652.2000,3663.6000
2009-08-09,3954.9500,3960.8500,3918.1000,3929.6500
2009-08-10,4074.7500,4091.1500,4044.9500,4059.5000
2009-08-11,3620.1000,3681.6000,3603.1500,3647.7500
2009-08-12,4209.6500,4256.8500,4201.9500,4255.0000
2009-08-13,3701.5000,3762.4500,3697.9000,3758.1500
2009-08-14,3762.5000,3779.4500,3739.4000,3749.6000
2009-08-17,3713.3500,3713.3500,3596.9500,3606.2500
2009-08-18,3620.9500,3686.4500,3606.1000,3665.7500
2009-08-19,3673.8500,3688.9500,3589.3500,3607.0500
2009-08-20,3654.8000,3675.6000,3644.9500,3650.9000
2009-08-21,3627.8500,3705.8500,3618.4000,3701.0500
2009-08-24,3748.7500,3787.7500,3748.7500,3779.5500
2009-08-25,3758.4500,3799.7500,3744.2000,3794.5000
2009-08-26,3813.3000,3832.2000,3807.8000,3820.7500
2009-08-27,3809.6000,3852.6500,3809.6000,3831.9000
2009-08-28,3843.6000,3871.2500,3811.3500,3864.4000
2009-08-31,3819.0500,3867.9000,3819.0500,3840.2500
2009-09-01,2222.0000,2270.6500,2176.9500,2225.4500
2009-09-02,2192.5500,2240.9500,2185.3500,2237.2500
2009-09-03,1993.6500,1993.6500,1956.8500,1966.8500
2009-09-04,2558.2500,2578.7000,2520.0500,2545.9500
2009-09-06,3537.8000,3668.7500,3500.1500,3661.2500
2009-09-07,3303.0500,3329.3500,3273.0500,3306.0500
2009-09-08,3954.9500,3960.8500,3918.1000,3929.6500
2009-09-09,3925.4000,3946.2500,3905.4500,3925.4000
2009-09-10,4080.7500,4085.9000,4024.4500,4029.5500
2009-09-11,3941.5000,3946.1500,3888.3500,3914.0500
2009-09-12,4234.1000,4271.1500,4230.1500,4238.7000
2009-09-14,3900.6500,3916.7000,3881.1500,3908.9500
2009-09-15,3939.6500,3977.3500,3938.6000,3973.0000
2009-09-16,4002.4500,4022.9500,3998.4000,4019.3000
2009-09-17,4042.0500,4054.0000,4006.1500,4023.1000
2009-09-18,4015.6000,4047.6500,4007.0000,4045.2500
2009-09-22,4058.6000,4080.2000,4051.7000,4069.2500
2009-09-23,4070.6000,4078.9500,4019.7500,4028.3000
2009-09-24,3991.0500,4049.5000,3984.2000,4040.9000
2009-09-25,4017.3000,4065.6000,4017.3000,4041.3500
2009-09-29,4078.3000,4086.4500,4064.9000,4072.0500
2009-09-30,4085.1000,4119.9000,4081.6000,4118.6500
2009-10-01,4128.5000,4133.2000,4102.4000,4119.0500
2009-10-02,2239.7000,2266.3500,2221.6500,2248.9000
2009-10-05,4084.4000,4095.6500,4040.0500,4046.7000
2009-10-06,3717.5000,3766.9000,3707.5000,3732.8000
2009-10-07,3317.6500,3338.5000,3228.9500,3244.9000
2009-10-08,3685.2500,3714.0500,3602.5000,3625.0000
2009-10-09,3958.4000,3979.8500,3914.0500,3922.3500
2009-10-11,4061.5500,4080.0500,4018.4000,4034.7000
2009-10-12,4045.8000,4106.1000,4045.8000,4100.0500
2009-10-14,4132.4500,4163.7500,4132.4500,4159.6000
2009-10-15,4186.6500,4188.4000,4146.4500,4165.4500
2009-10-16,4171.2000,4198.2000,4165.8000,4194.9500
2009-10-17,4215.7500,4218.2000,4194.1500,4207.0500
2009-10-20,4231.5500,4239.9500,4185.4000,4193.2000
2009-10-21,4189.8000,4204.2500,4144.6000,4153.1000
2009-10-22,4141.6000,4158.3000,4075.5000,4089.8000
2009-10-23,4140.8000,4149.6500,4095.7000,4104.7500
2009-10-26,4114.3000,4119.1000,4063.4500,4067.7500
2009-10-27,4035.8000,4046.7000,3948.4000,3960.2000
2009-10-28,3941.6500,3979.4000,3901.6000,3949.3000
2009-10-29,3885.0000,3935.4500,3873.8000,3882.8500
2009-10-30,3950.4000,3963.0500,3844.4000,3853.1500
2009-11-02,2211.3500,2250.2500,2211.3500,2244.2500
2009-11-03,3837.0000,3856.8500,3717.6500,3727.4500
2009-11-04,3768.5500,3846.0500,3738.7500,3836.2000
2009-11-05,2822.6500,2822.6500,2731.7500,2748.6500
2009-11-06,3743.3000,3744.9000,3673.3000,3711.1000
2009-11-08,3620.1000,3681.6000,3603.1500,3647.7500
2009-11-09,3941.5000,3946.1500,3888.3500,3914.0500
2009-11-10,4061.5500,4080.0500,4018.4000,4034.7000
2009-11-11,4043.2000,4136.4000,4038.7000,4130.9000
2009-11-12,4124.6000,4140.5500,4066.0000,4084.1000
2009-11-13,4078.9500,4132.0000,4078.9500,4114.4500
2009-11-16,4152.3500,4172.5000,4152.3500,4162.2500
2009-11-17,4158.9000,4169.7500,4127.4000,4160.8500
2009-11-18,4155.9500,4189.4500,4155.5500,4164.9000
2009-11-19,4165.4500,4173.0000,4090.9500,4109.4500
2009-11-20,4092.8500,4154.5500,4064.4000,4147.6000
2009-11-23,4166.8500,4185.3500,4157.0000,4180.8000
2009-11-24,4185.9000,4196.5500,4153.0000,4178.9000
2009-11-25,4181.4000,4216.9000,4177.0500,4184.6000
2009-11-26,4184.7000,4195.3500,4112.8000,4121.3500
2009-11-27,4033.0500,4075.8500,3967.0500,4069.0500
2009-11-30,4132.6000,4166.9500,4124.5000,4145.4500
2009-12-01,4176.1500,4220.1500,4176.1500,4216.4000
2009-12-02,4247.5000,4249.3000,4218.1500,4224.1000
2009-12-03,4245.8000,4276.9500,4229.7000,4247.1500
2009-12-04,4224.2000,4271.5500,4220.9000,4238.8500
2009-12-05,2738.7000,2831.3000,2729.6500,2825.5000
2009-12-06,3741.2500,3760.8000,3652.0000,3664.9000
2009-12-07,4243.9500,4253.8500,4190.5500,4199.7000
2009-12-08,4209.6500,4256.8500,4201.9500,4255.0000
2009-12-09,4234.1000,4271.1500,4230.1500,4238.7000
2009-12-10,4045.8000,4106.1000,4045.8000,4100.0500
2009-12-11,4291.2000,4294.0500,4222.9500,4242.9000
2009-12-14,4241.2000,4263.2500,4221.6500,4231.3500
2009-12-15,4243.2000,4244.4000,4161.7000,4173.1500
2009-12-16,4169.1500,4191.7500,4146.6000,4177.3000
2009-12-17,4177.2500,4201.7500,4168.9000,4189.4500
2009-12-18,4174.1500,4197.3500,4147.5500,4153.0500
2009-12-21,4159.3000,4169.4000,4128.0000,4132.3500
2009-12-22,4154.6000,4174.7500,4150.5000,4168.6000
2009-12-23,4189.0000,4277.8500,4189.0000,4274.8500
2009-12-24,4300.0000,4314.6000,4273.1000,4300.3500
2009-12-29,4313.4500,4327.2500,4304.7500,4310.2500
2009-12-30,4318.0500,4321.6000,4298.8500,4306.8500
2009-12-31,4334.4000,4346.4000,4322.1500,4329.1000
2010-01-02,4130.4500,4211.5000,4127.0000,4196.3000
2010-01-04,4337.2000,4348.3500,4330.0000,4345.2000
2010-01-05,4406.5000,4422.9000,4396.7000,4416.0500
2010-01-06,4221.7000,4226.1500,4142.7000,4149.1000
2010-01-07,4431.0000,4435.0000,4399.0000,4411.5500
2010-01-08,4415.5000,4436.1500,4397.7000,4405.3000
2010-01-09,4561.6000,4607.4500,4559.9000,4603.4500
2010-01-10,4945.4000,5023.0000,4945.4000,5018.8000
2010-01-11,4439.8000,4452.0500,4423.4000,4432.5000
2010-01-12,4442.2000,4449.8500,4385.0000,4391.7000
2010-01-13,4364.3500,4418.9000,4361.9000,4415.6000
2010-01-14,4440.4500,4462.2000,4439.1500,4450.4500
2010-01-15,4468.3000,4482.5500,4453.9500,4468.1500
2010-01-18,4462.3000,4508.2000,4461.8500,4499.6000
2010-01-19,4506.6500,4524.3000,4463.7500,4469.3000
2010-01-20,4499.9500,4502.4000,4439.4500,4453.6500
2010-01-21,4436.9000,4445.4000,4336.5500,4343.2500
2010-01-22,4254.5500,4331.7000,4209.1000,4310.7500
2010-01-25,4283.5500,4306.2000,4268.6000,4278.5500
2010-01-27,4239.8500,4260.0500,4109.3500,4125.5000
2010-01-28,4173.2000,4197.1500,4113.4000,4137.5000
2010-01-29,4095.9000,4163.9000,4047.1000,4156.0500
2010-02-01,4130.4500,4211.5000,4127.0000,4196.3000
2010-02-02,4238.4500,4242.7500,4129.2000,4138.2500
2010-02-03,4173.3000,4223.8500,4171.4000,4212.1000
2010-02-04,4206.5500,4208.3500,4131.7000,4139.7000
2010-02-05,4029.6500,4055.6000,4004.9500,4023.6500
2010-02-06,4163.7500,4196.7500,4152.2500,4189.7500
2010-02-07,4392.1500,4414.8500,4374.4000,4382.5500
2010-02-08,4066.6500,4096.5000,4009.5500,4067.3000
2010-02-09,4069.4500,4110.4000,4056.7000,4104.0000
2010-02-10,4129.8000,4136.8500,4072.2000,4079.7000
2010-02-11,5058.4000,5070.9000,5039.1000,5060.8500
2010-02-12,4910.4000,4937.3500,4899.0000,4916.2000
2010-02-15,4136.4000,4137.1500,4092.4000,4096.2000
2010-02-16,4111.8000,4147.1000,4086.8500,4134.6500
2010-02-17,4173.7500,4191.0500,4154.3000,4171.5500
2010-02-18,4163.9000,4174.6500,4137.9000,4145.8500
2010-02-19,4105.6500,4127.7500,4077.6000,4102.7000
2010-02-22,4151.2000,4151.6500,4086.3500,4094.2500
2010-02-23,4079.1000,4109.2000,4077.9000,4089.7000
2010-02-24,4072.9500,4093.4000,4068.6500,4080.6500
2010-02-25,4094.8500,4094.8500,4066.6000,4072.3500
2010-02-26,4088.1000,4170.9500,4081.1500,4127.5500
2010-03-02,4170.3500,4198.3500,4158.6500,4192.3000
2010-03-03,4210.6000,4252.6500,4209.5500,4249.8500
2010-03-04,4248.0000,4266.2500,4237.7500,4262.3500
2010-03-05,4283.3000,4293.7000,4257.9000,4270.2500
2010-03-06,4240.1500,4262.3500,4240.0000,4253.1500
2010-03-08,4540.2000,4542.2000,4525.9000,4535.8500
2010-03-09,4280.6500,4280.6500,4247.8500,4252.4000
2010-03-10,4248.6500,4276.6500,4237.8000,4253.8000
2010-03-11,5078.2000,5109.7000,5078.2000,5091.0000
2010-03-12,4917.1500,4920.9500,4854.2500,4875.8000
2010-03-15,4237.4500,4245.4000,4221.0500,4233.4000
2010-03-16,4234.6500,4277.3500,4232.8000,4273.6500
2010-03-17,4298.2500,4324.5000,4294.4000,4304.2000
2010-03-18,4312.3500,4318.2000,4294.8500,4306.6000
2010-03-19,4316.2500,4327.1500,4308.7000,4324.0000
2010-03-22,4273.3500,4317.2500,4273.3500,4278.7500
2010-03-23,4300.5000,4305.3500,4268.2000,4287.3000
2010-03-25,4274.5000,4299.9000,4268.2500,4293.7000
2010-03-26,4305.4000,4324.1500,4305.4000,4312.9500
2010-03-29,4314.3000,4337.4500,4314.3000,4320.9500
2010-03-30,4341.4000,4348.0500,4307.9000,4313.2000
2010-03-31,4328.2000,4340.9000,4304.3000,4313.2500
2010-04-01,4343.1000,4372.3000,4334.9500,4367.6500
2010-04-02,4206.5500,4208.3500,4131.7000,4139.7000
2010-04-03,4248.0000,4266.2500,4237.7500,4262.3500
2010-04-05,4359.0500,4360.4500,4270.6500,4277.8500
2010-04-06,4259.7500,4270.7500,4244.0000,4263.4500
2010-04-07,4424.1000,4446.3500,4402.8000,4424.9500
2010-04-08,4543.6000,4557.4500,4527.9500,4551.8500
2010-04-09,4397.8500,4420.7500,4397.8500,4410.0500
2010-04-10,5052.1500,5076.5500,5027.7000,5039.6500
2010-04-11,5117.9000,5173.7500,5117.9000,5170.7500
2010-04-12,4426.1000,4426.1000,4386.1500,4394.7000
2010-04-13,4397.0000,4397.0000,4372.8000,4383.3500
2010-04-15,4418.1500,4418.1500,4354.5500,4359.4000
2010-04-16,4345.5500,4356.9500,4330.0000,4342.2500
2010-04-19,4283.9000,4299.2500,4261.6500,4290.2000
2010-04-20,4310.0000,4341.1500,4308.1000,4319.7500
2010-04-21,4340.0000,4356.9500,4334.3500,4344.4000
2010-04-22,4337.0000,4394.1000,4331.8000,4356.6000
2010-04-23,4360.0000,4381.4000,4355.5500,4369.0000
2010-04-26,4383.9000,4396.4000,4378.9000,4383.8000
2010-04-27,4382.3000,4396.3500,4374.3000,4378.3000
2010-04-28,4323.5500,4350.3000,4302.1000,4315.1000
2010-04-29,4329.5000,4344.3500,4327.9000,4338.2500
2010-04-30,4365.1500,4374.8000,4360.0500,4368.1000
2010-05-01,4406.5000,4422.9000,4396.7000,4416.0500
2010-05-02,4029.6500,4055.6000,4004.9500,4023.6500
2010-05-03,4283.3000,4293.7000,4257.9000,4270.2500
2010-05-04,4372.3500,4406.5000,4364.2000,4403.9000
2010-05-05,4216.4000,4280.6500,4199.5500,4271.5000
2010-05-06,4266.7000,4275.7500,4213.1000,4256.7500
2010-05-07,4381.0000,4394.8000,4372.4000,4379.6500
2010-05-08,4562.7000,4571.1500,4540.3500,4543.2000
2010-05-10,5039.8500,5070.9500,5033.6500,5046.7000
2010-05-11,4298.1000,4301.7000,4244.1000,4250.0000
2010-05-12,4254.1000,4273.0000,4219.8500,4263.9000
2010-05-13,4287.6000,4311.9000,4281.6000,4290.6000
2010-05-14,4282.0500,4302.5000,4223.0500,4236.6500
2010-05-17,4192.1000,4220.8000,4146.0000,4213.2500
2010-05-18,4208.9500,4246.2500,4198.3500,4217.4000
2010-05-19,4179.2000,4189.4500,4099.0500,4106.4000
2010-05-20,4144.0500,4163.8500,4117.6500,4133.4500
2010-05-21,4052.3000,4107.4000,4044.6500,4101.6000
2010-05-24,4159.9500,4177.1000,4098.7500,4110.8000
2010-05-25,4066.4000,4070.7000,3986.9500,4001.9000
2010-05-26,4050.2500,4072.7000,4036.7500,4070.5500
2010-05-27,4064.6000,4130.1000,4058.8000,4125.7500
2010-05-28,4171.6000,4191.2000,4154.7000,4186.8000
2010-05-31,4188.9000,4232.4000,4179.6500,4226.6000
2010-06-01,4430.0500,4438.6500,4405.5500,4422.6500
2010-06-02,4059.0500,4076.9000,4048.7000,4066.8500
2010-06-03,4240.1500,4262.3500,4240.0000,4253.1500
2010-06-04,4259.7500,4270.7500,4244.0000,4263.4500
2010-06-05,4266.7000,4275.7500,4213.1000,4256.7500
2010-06-07,4165.4500,4199.0500,4164.5000,4190.0000
2010-06-08,4188.4000,4216.5000,4136.9500,4152.0000
2010-06-09,4154.5500,4205.6000,4154.5500,4172.0000
2010-06-10,5100.6500,5102.5000,5069.7000,5091.0500
2010-06-11,4268.5500,4268.5500,4236.6000,4247.2500
2010-06-12,4898.2000,4932.6500,4861.0000,4867.1500
2010-06-14,4268.6500,4300.9500,4260.8000,4299.0500
2010-06-15,4306.9500,4320.9000,4288.4500,4314.8000
2010-06-16,4330.6000,4337.4000,4309.5000,4319.9500
2010-06-17,4326.5500,4351.2500,4305.4000,4344.3000
2010-06-18,4351.2000,4364.7500,4317.7500,4328.6500
2010-06-21,4374.8500,4396.7500,4372.3000,4388.7000
2010-06-22,4370.8500,4391.3000,4364.8500,4368.7000
2010-06-23,4355.1000,4385.7000,4355.1000,4379.7500
2010-06-24,4382.9000,4399.6500,4355.1000,4372.3500
2010-06-25,4363.4500,4387.6000,4353.2000,4365.8500
2010-06-28,4387.6500,4432.4500,4383.1000,4429.2500
2010-06-29,4416.0500,4425.2000,4367.9500,4383.7500
2010-06-30,4352.2000,4424.3000,4352.2000,4420.7000
2010-07-01,4391.9500,4402.6000,4373.7500,4386.3500
2010-07-02,4392.1500,4414.8500,4374.4000,4382.5500
2010-07-04,4424.1000,4446.3500,4402.8000,4424.9500
2010-07-05,4192.1000,4216.7000,4159.4000,4182.2500
2010-07-06,4382.1500,4419.3500,4382.1500,4413.7000
2010-07-07,4417.0500,4417.0500,4379.6500,4385.9000
2010-07-08,4423.1500,4445.5000,4420.6000,4424.3500
2010-07-09,4448.9500,4469.2500,4448.9500,4461.5500
2010-07-10,5104.6500,5125.3000,5040.5000,5052.9000
2010-07-12,4470.5000,4494.4500,4461.7500,4474.7000
2010-07-13,4470.1500,4492.7000,4463.4000,4491.3500
2010-07-14,4528.1000,4528.1000,4471.4000,4479.2500
2010-07-15,4481.9500,4487.8000,4458.7500,4468.4500
2010-07-16,4473.5000,4492.8000,4470.1000,4490.0500
2010-07-19,4472.3500,4504.9500,4472.3500,4488.9500
2010-07-20,4509.7500,4510.5000,4465.7000,4474.7500
2010-07-21,4483.3500,4505.5500,4483.3500,4499.1500
2010-07-22,4492.6500,4530.7500,4484.5000,4528.6500
2010-07-23,4554.9000,4554.9000,4518.7500,4523.2500
2010-07-26,4534.4500,4534.4500,4490.8500,4497.5000
2010-07-27,4505.0500,4523.1500,4494.2000,4508.9000
2010-07-28,4520.0000,4525.5500,4487.5500,4494.6000
2010-07-29,4489.1000,4501.2000,4481.8000,4490.4000
2010-07-30,4476.6000,4501.0000,4470.4500,4475.1500
2010-08-01,4415.5000,4436.1500,4397.7000,4405.3000
2010-08-02,4501.8000,4526.4000,4501.8000,4523.5000
2010-08-03,4540.2000,4542.2000,4525.9000,4535.8500
2010-08-04,4419.7500,4429.9500,4370.0500,4381.7000
2010-08-05,4562.7000,4571.1500,4540.3500,4543.2000
2010-08-06,4542.6000,4564.7000,4531.0500,4539.8500
2010-08-07,4423.1500,4445.5000,4420.6000,4424.3500
2010-08-09,4689.5500,4732.5000,4689.5500,4720.7500
2010-08-10,5076.6500,5076.6500,5007.2000,5032.6500
2010-08-11,5209.5000,5209.5000,5162.5500,5174.2500
2010-08-12,4503.0000,4550.2000,4503.0000,4544.7000
2010-08-13,4563.3000,4591.3500,4563.3000,4576.4000
2010-08-16,4585.7000,4593.3500,4535.6000,4554.4500
2010-08-17,4556.0000,4577.5500,4552.4000,4558.5000
2010-08-18,4577.5000,4604.1500,4570.4500,4600.5500
2010-08-19,4617.3000,4634.6000,4611.2500,4631.8500
2010-08-20,4619.3000,4643.5500,4618.9500,4629.5500
2010-08-23,4641.7000,4661.6500,4630.5500,4655.7500
2010-08-24,4663.7000,4665.1000,4616.0500,4624.8500
2010-08-25,4617.8000,4625.7500,4576.4500,4582.0000
2010-08-26,4597.3500,4606.8500,4580.4500,4592.7500
2010-08-27,4589.6500,4613.7000,4539.9500,4550.9000
2010-08-30,4598.1500,4598.1500,4539.2000,4557.6000
2010-08-31,4542.4000,4546.0000,4497.8000,4537.2500
2010-09-01,4561.6000,4607.4500,4559.9000,4603.4500
2010-09-02,4069.4500,4110.4000,4056.7000,4104.0000
2010-09-03,4624.3500,4633.9500,4615.8500,4623.6500
2010-09-04,4397.8500,4420.7500,4397.8500,4410.0500
2010-09-06,4655.1000,4699.5000,4651.4500,4693.8000
2010-09-07,4702.1500,4724.5000,4700.4000,4712.1500
2010-09-08,4689.5500,4732.5000,4689.5500,4720.7500
2010-09-09,4740.2500,4750.7000,4723.7500,4740.3500
2010-09-11,5178.5500,5205.2500,5157.6000,5198.3000
2010-09-12,4785.7000,4790.7000,4622.0000,4639.1000
2010-09-13,4765.8500,4822.5500,4765.8500,4813.2500
2010-09-14,4823.6000,4859.0000,4807.5500,4828.5500
2010-09-15,4840.1500,4881.7500,4840.1500,4861.3000
2010-09-16,4860.5500,4883.7500,4815.5000,4824.1500
2010-09-17,4846.5000,4882.2000,4846.5000,4876.5000
2010-09-20,4894.8500,4933.2500,4888.1000,4930.0000
2010-09-21,4947.2500,4963.8500,4896.8500,4925.9500
2010-09-22,4945.6000,4948.5500,4878.8500,4909.1000
2010-09-23,4921.1000,4921.1000,4871.8000,4891.5500
2010-09-24,4890.4500,4938.4000,4890.4500,4934.2000
2010-09-27,4969.3000,4981.7000,4948.9000,4958.4000
2010-09-28,4961.5000,4978.2500,4935.0000,4960.6500
2010-09-29,4987.6000,4987.6000,4918.8000,4926.0500
2010-09-30,4930.1000,4935.1500,4889.4500,4925.1500
2010-10-01,4945.4000,5023.0000,4945.4000,5018.8000
2010-10-02,4129.8000,4136.8500,4072.2000,4079.7000
2010-10-03,4248.6500,4276.6500,4237.8000,4253.8000
2010-10-04,5052.1500,5076.5500,5027.7000,5039.6500
2010-10-05,4229.2500,4306.3500,4229.2500,4298.6000
2010-10-06,4191.7500,4232.3500,4183.6500,4228.9500
2010-10-07,5104.6500,5125.3000,5040.5000,5052.9000
2010-10-08,4580.9500,4585.0000,4549.5000,4557.7000
2010-10-11,5075.9000,5080.9500,5048.0500,5064.9500
2010-10-12,5065.0500,5065.0500,5000.8500,5027.4500
2010-10-13,5047.5500,5124.3000,5034.0500,5121.8000
2010-10-14,5146.4000,5159.9500,5070.2000,5084.7500
2010-10-15,5100.5000,5101.3000,4990.3500,4998.7000
2010-10-18,5026.2000,5026.2000,4932.4500,5001.7000
2010-10-19,5022.8000,5047.9500,4962.6500,4975.2500
2010-10-20,4961.9000,4985.4000,4935.0000,4946.0500
2010-10-21,4960.7500,5041.1500,4959.5000,5035.9000
2010-10-22,5042.4000,5055.8000,4998.5000,5018.7000
2010-10-25,5038.0000,5077.6000,5038.0000,5046.9500
2010-10-26,5052.7000,5059.6500,5025.6500,5031.1000
2010-10-27,5027.5500,5032.1000,4967.7500,4986.7000
2010-10-28,5001.6500,5022.3000,4951.0500,4962.4000
2010-10-29,4980.7500,4981.5500,4915.1000,4972.9500
2010-11-01,4439.8000,4452.0500,4423.4000,4432.5000
2010-11-02,4109.3500,4135.7000,4108.4500,4123.6000
2010-11-03,4248.8500,4260.3500,4234.7000,4252.8500
2010-11-04,5117.9000,5173.7500,5117.9000,5170.7500
2010-11-05,4298.1000,4301.7000,4244.1000,4250.0000
2010-11-06,4268.5500,4268.5500,4236.6000,4247.2500
2010-11-08,5209.5000,5209.5000,5162.5500,5174.2500
2010-11-09,5178.5500,5205.2500,5157.6000,5198.3000
2010-11-10,5199.2000,5209.2000,5181.2500,5186.1500
2010-11-11,5192.0000,5206.4000,5108.3000,5119.5000
2010-11-12,5112.9500,5129.8500,5002.4000,5012.3000
2010-11-15,5016.8000,5047.0500,4980.5500,5042.8000
2010-11-16,5054.7500,5054.7500,4922.6500,4936.1000
2010-11-18,4983.9000,4983.9000,4857.5500,4940.0500
2010-11-19,4946.8500,4946.8500,4834.7500,4850.5500
2010-11-22,4867.3000,4942.0500,4855.9500,4936.8500
2010-11-23,4915.8000,4915.8000,4785.3000,4877.0500
2010-11-24,4883.6500,4915.1000,4797.5500,4819.0500
2010-11-25,4829.0000,4842.6500,4730.2000,4742.8500
2010-11-26,4758.6500,4762.9500,4588.9000,4677.5000
2010-11-29,4698.3000,4742.5500,4669.7000,4736.4500
2010-11-30,4726.3500,4795.8500,4696.4000,4781.4000
2010-12-01,4785.9500,4881.7000,4785.9500,4876.3000
2010-12-02,4910.4000,4937.3500,4899.0000,4916.2000
2010-12-03,4917.1500,4920.9500,4854.2500,4875.8000
2010-12-04,4426.1000,4426.1000,4386.1500,4394.7000
2010-12-05,4254.1000,4273.0000,4219.8500,4263.9000
2010-12-06,4898.2000,4932.6500,4861.0000,4867.1500
2010-12-07,4470.5000,4494.4500,4461.7500,4474.7000
2010-12-08,4503.0000,4550.2000,4503.0000,4544.7000
2010-12-09,4785.7000,4790.7000,4622.0000,4639.1000
2010-12-10,5065.0500,5065.0500,5000.8500,5027.4500
2010-12-11,5112.9500,5129.8500,5002.4000,5012.3000
2010-12-13,4727.1500,4768.6500,4688.3500,4765.6000
2010-12-14,4777.2000,4814.9000,4761.1000,4808.8000
2010-12-15,4801.6500,4809.3500,4739.4500,4760.3000
2010-12-16,4770.3000,4799.6500,4728.6500,4794.9500
2010-12-20,4782.9000,4819.5000,4761.2500,4792.8000
2010-12-21,4800.1000,4838.7500,4800.1000,4834.8000
2010-12-22,4844.8500,4859.3000,4807.3000,4827.7000
2010-12-23,4839.5000,4845.7500,4812.9000,4821.1500
2010-12-24,4799.3500,4842.9000,4799.3500,4839.9000
2010-12-27,4840.8500,4865.7000,4823.4000,4827.9000
2010-12-28,4831.8500,4837.0000,4818.0000,4827.5500
2010-12-29,4832.6000,4876.4500,4832.6000,4873.5500
2010-12-30,4874.6500,4906.8500,4874.6500,4904.6500
2010-12-31,4906.4000,4947.5000,4906.4000,4940.9500
2011-01-02,4441.8500,4446.3500,4342.1000,4352.1500
2011-01-03,4273.9000,4397.9500,4273.9000,4391.7500
2011-01-04,4627.1500,4646.0000,4619.7000,4640.0500
2011-01-05,4954.3500,4954.3500,4891.7500,4903.1000
2011-01-06,4918.0500,4926.8000,4850.9000,4865.0500
2011-01-07,4855.5000,4863.9500,4737.8000,4750.7500
2011-01-08,4448.8500,4476.9500,4421.2000,4440.8500
2011-01-10,4748.9500,4750.6000,4624.2000,4636.2000
2011-01-11,4189.7500,4210.3000,4156.2000,4170.7500
2011-01-12,3886.9500,3933.1500,3864.7000,3878.6000
2011-01-13,4703.0000,4718.3000,4629.3500,4639.8000
2011-01-14,4639.9500,4691.5500,4557.1500,4566.7500
2011-01-17,4563.6000,4583.0500,4544.7500,4553.6500
2011-01-18,4568.9000,4604.8000,4568.6000,4598.3500
2011-01-19,4605.6500,4620.5000,4565.4500,4583.8500
2011-01-20,4564.6500,4605.3000,4547.2000,4597.7000
2011-01-21,4587.0000,4610.5500,4579.9500,4592.7000
2011-01-24,4604.0000,4636.6500,4599.0500,4628.7000
2011-01-25,4639.7000,4667.5000,4585.2000,4589.5000
2011-01-27,4610.3000,4611.5000,4509.4000,4514.0000
2011-01-28,4519.3500,4519.3500,4381.8500,4427.5000
2011-01-31,4394.8500,4435.1000,4342.8000,4424.6000
2011-02-01,4441.8500,4446.3500,4342.1000,4352.1500
2011-02-02,4380.8500,4405.6500,4350.7000,4362.3500
2011-02-03,4361.5000,4432.7000,4353.5500,4429.9000
2011-02-04,4426.1500,4460.3500,4322.7500,4339.5500
2011-02-05,4624.7500,4632.9000,4563.0000,4573.6500
2011-02-06,4484.1000,4496.7000,4468.8500,4482.5500
2011-02-07,4358.4000,4362.9500,4323.6000,4332.1000
2011-02-08,4352.0500,4352.0500,4250.2500,4255.7000
2011-02-09,4245.0000,4257.7000,4160.2000,4178.3000
2011-02-10,4174.2000,4193.8000,4128.2500,4164.3000
2011-02-11,4160.9500,4244.9500,4130.5000,4240.4500
2011-02-12,3880.8500,3968.6500,3867.2000,3962.1000
2011-02-14,4257.0500,4371.1000,4257.0500,4365.7500
2011-02-15,4372.2000,4404.4000,4330.5500,4384.6000
2011-02-16,4377.2000,4405.6000,4376.7000,4391.3500
2011-02-17,4402.3000,4443.8500,4382.2500,4440.0000
2011-02-18,4446.1000,4483.5000,4355.0500,4365.3000
2011-02-21,4364.0000,4407.4000,4324.7500,4403.2000
2011-02-22,4395.4000,4400.0500,4342.4000,4363.4500
2011-02-23,4354.2500,4379.4000,4333.4500,4338.7500
2011-02-24,4323.0500,4327.5000,4187.9000,4201.2000
2011-02-25,4233.2500,4248.8500,4173.7500,4226.7500
2011-02-28,4241.4000,4343.2000,4233.6500,4247.1500
2011-03-01,4964.5000,4980.4500,4959.9000,4967.3000
2011-03-02,4361.5000,4432.7000,4353.5500,4429.9000
2011-03-03,4367.7500,4425.3000,4355.7000,4400.7000
2011-03-04,4428.1000,4455.0500,4395.9500,4403.7500
2011-03-05,4567.3500,4584.4500,4465.1000,4472.0000
2011-03-06,4490.8500,4525.3000,4451.6500,4457.9000
2011-03-07,4377.0500,4377.0500,4308.9000,4346.5500
2011-03-08,4348.1500,4396.8000,4348.1500,4390.6000
2011-03-09,4402.4500,4422.5000,4369.5000,4404.3000
2011-03-10,4396.1000,4396.1000,4364.9500,4382.2000
2011-03-11,4162.2500,4186.4500,4137.0000,4179.6500
2011-03-14,4338.8000,4402.7500,4338.8000,4399.6500
2011-03-15,4338.5000,4368.8000,4282.1000,4334.7000
2011-03-16,4349.1500,4401.7500,4349.1500,4386.4500
2011-03-17,4355.9000,4389.0500,4339.3000,4346.9000
2011-03-18,4362.6500,4370.4000,4293.4500,4298.4000
2011-03-21,4317.6500,4319.0000,4276.2500,4289.3000
2011-03-22,4303.6000,4336.3000,4302.2500,4326.5000
2011-03-23,4325.1500,4374.9000,4320.5000,4373.3500
2011-03-24,4385.2000,4410.1500,4385.2000,4406.6500
2011-03-25,4442.8500,4499.5000,4434.9500,4493.3500
2011-03-28,4488.4000,4530.8000,4488.4000,4518.3000
2011-03-29,4517.9500,4570.2500,4517.9500,4549.0000
2011-03-30,4559.6500,4606.8000,4559.6500,4598.4500
2011-03-31,4606.9000,4647.6000,4588.0500,4626.4500
2011-04-01,4975.6000,4988.2500,4947.1000,4957.1000
2011-04-02,4426.1500,4460.3500,4322.7500,4339.5500
2011-04-03,4428.1000,4455.0500,4395.9500,4403.7500
2011-04-04,4648.7500,4714.4500,4648.7500,4707.2000
2011-04-05,4473.3500,4476.1500,4422.7000,4448.6500
2011-04-06,4721.7500,4753.5000,4698.7500,4718.6000
2011-04-07,4716.8000,4741.3500,4709.3000,4727.3500
2011-04-08,4363.5000,4390.5000,4306.6500,4311.5500
2011-04-10,3888.8500,3921.8500,3821.9000,3843.7000
2011-04-11,4212.1000,4228.5500,4182.9500,4201.1000
2011-04-13,4622.5500,4736.0000,4614.7500,4730.5000
2011-04-15,4723.5500,4727.3000,4664.9500,4679.8000
2011-04-18,4679.7500,4732.7000,4604.6000,4609.0000
2011-04-19,4601.9500,4625.0000,4582.3000,4617.7000
2011-04-20,4642.4000,4697.4000,4634.6000,4694.7000
2011-04-21,4711.6500,4736.0000,4701.7000,4711.5500
2011-04-25,4697.8500,4730.4000,4697.8500,4708.3500
2011-04-26,4709.7000,4719.0000,4652.7000,4704.8500
2011-04-27,4713.4500,4723.3500,4678.4000,4688.0000
2011-04-28,4697.5000,4700.8000,4645.9000,4650.4500
2011-04-29,4648.8500,4664.0500,4585.9500,4615.3000
2011-05-01,4954.3500,4954.3500,4891.7500,4903.1000
2011-05-02,4624.7500,4632.9000,4563.0000,4573.6500
2011-05-03,4567.3500,4584.4500,4465.1000,4472.0000
2011-05-04,4715.6500,4729.5500,4682.9500,4722.8500
2011-05-05,4445.6500,4470.8500,4379.5500,4390.6000
2011-05-06,4400.2500,4466.5500,4400.2500,4460.4500
2011-05-07,4554.2000,4554.2000,4523.1500,4537.1000
2011-05-08,4242.6000,4242.6000,4144.3000,4220.5000
2011-05-09,4048.1500,4071.1500,4030.3000,4063.1500
2011-05-10,3854.3000,3877.3000,3817.3500,3821.8500
2011-05-11,4461.4500,4486.5500,4451.9000,4480.7000
2011-05-12,3954.7500,3968.6500,3935.1000,3957.7500
2011-05-13,4427.9500,4507.4000,4416.9000,4470.3500
2011-05-16,4469.0000,4469.0000,4429.5000,4436.1000
2011-05-17,4434.5500,4459.1500,4381.8500,4395.9500
2011-05-18,4400.9500,4411.3000,4363.4000,4375.2500
2011-05-19,4390.2000,4393.8000,4362.4500,4372.0500
2011-05-20,4384.3000,4433.3000,4378.5000,4411.9000
2011-05-23,4395.8500,4395.8500,4330.5500,4338.2500
2011-05-24,4337.4500,4361.7500,4327.4000,4347.2000
2011-05-25,4344.1000,4344.1000,4303.8500,4317.9000
2011-05-26,4330.8000,4358.6500,4325.1000,4354.9500
2011-05-27,4355.6500,4412.8000,4355.6500,4409.8000
2011-05-30,4419.4000,4439.4000,4407.2500,4421.6500
2011-05-31,4431.9000,4497.5500,4431.9000,4492.9000
2011-06-01,4918.0500,4926.8000,4850.9000,4865.0500
2011-06-02,4484.1000,4496.7000,4468.8500,4482.5500
2011-06-03,4490.8500,4525.3000,4451.6500,4457.9000
2011-06-04,4721.7500,4753.5000,4698.7500,4718.6000
2011-06-05,4400.2500,4466.5500,4400.2500,4460.4500
2011-06-06,4451.1500,4471.4000,4430.0000,4465.5000
2011-06-07,4532.0500,4555.3000,4524.5500,4535.3000
2011-06-08,4478.6000,4496.0000,4464.2000,4473.2500
2011-06-09,4050.1500,4098.0500,4013.3000,4093.2000
2011-06-10,4466.7000,4469.6500,4424.0000,4442.8000
2011-06-13,4434.2000,4449.2500,4405.6000,4444.3500
2011-06-14,4445.9000,4474.1500,4445.9000,4460.5500
2011-06-15,4457.3000,4458.8500,4418.9500,4423.0000
2011-06-16,4407.9000,4419.4000,4379.9000,4384.6500
2011-06-17,4393.2000,4401.3500,4352.7000,4357.7500
2011-06-20,4360.9500,4364.3500,4220.1000,4263.2500
2011-06-21,4275.6500,4307.7000,4260.0500,4268.3500
2011-06-22,4283.9500,4293.4500,4247.3500,4258.5000
2011-06-23,4253.6000,4287.6000,4232.0500,4281.1000
2011-06-24,4293.8000,4395.9500,4293.8000,4392.2000
2011-06-27,4375.9500,4454.2500,4375.9500,4439.3500
2011-06-28,4451.3500,4464.8500,4421.9000,4454.3500
2011-06-29,4465.8500,4495.8500,4465.8500,4492.3000
2011-06-30,4499.9000,4528.0000,4496.9000,4522.9500
2011-07-01,4554.5000,4554.5000,4507.0000,4522.0500
2011-07-02,4358.4000,4362.9500,4323.6000,4332.1000
2011-07-03,4377.0500,4377.0500,4308.9000,4346.5500
2011-07-04,4716.8000,4741.3500,4709.3000,4727.3500
2011-07-05,4554.2000,4554.2000,4523.1500,4537.1000
2011-07-06,4532.0500,4555.3000,4524.5500,4535.3000
2011-07-07,4539.5500,4610.8500,4539.5500,4607.8500
2011-07-08,4610.9000,4611.4000,4549.7000,4554.8000
2011-07-09,4101.9500,4165.2500,4101.9500,4146.4000
2011-07-10,3894.4000,3942.1000,3894.4000,3913.9500
2011-07-11,4548.0000,4548.0000,4512.1000,4523.0500
2011-07-12,4491.1000,4499.7000,4437.2500,4459.3000
2011-07-13,4467.9000,4514.8500,4467.9000,4508.4000
2011-07-14,4499.5500,4560.6000,4482.6000,4525.5000
2011-07-15,4527.2500,4550.9000,4502.8500,4514.6500
2011-07-18,4515.0000,4531.4500,4499.8000,4509.7500
2011-07-19,4511.2500,4549.9000,4504.9500,4538.7500
2011-07-20,4554.1500,4560.3000,4493.1500,4498.1000
2011-07-21,4491.3500,4505.9500,4469.9500,4475.7000
2011-07-22,4494.9000,4547.8000,4494.9000,4544.3000
2011-07-25,4544.2000,4589.5500,4534.8500,4577.7500
2011-07-26,4582.2000,4591.3500,4494.3000,4504.8500
2011-07-27,4512.2000,4515.7000,4471.1000,4491.3000
2011-07-28,4461.9500,4465.0000,4438.1500,4444.9000
2011-07-29,4440.1500,4467.0000,4419.6000,4424.0500
2011-08-01,4448.8500,4476.9500,4421.2000,4440.8500
2011-08-02,4428.0500,4428.0500,4375.9500,4392.9500
2011-08-03,4363.4500,4365.4500,4334.7000,4359.3000
2011-08-04,4363.5000,4390.5000,4306.6500,4311.5500
2011-08-05,4242.6000,4242.6000,4144.3000,4220.5000
2011-08-06,4478.6000,4496.0000,4464.2000,4473.2500
2011-08-07,4610.9000,4611.4000,4549.7000,4554.8000
2011-08-08,4150.2000,4205.9500,4095.0000,4150.5000
2011-08-09,4154.2500,4175.3500,4131.2000,4163.8500
2011-08-10,4175.8000,4196.9000,4154.9000,4182.2500
2011-08-11,4164.3000,4195.5000,4156.8500,4164.7500
2011-08-12,3956.9000,3962.6000,3870.0000,3883.7500
2011-08-16,4150.5500,4162.5500,4067.4000,4081.3000
2011-08-17,4078.5500,4122.7000,4056.2000,4081.3000
2011-08-18,4093.2500,4093.2500,3985.2000,3994.1500
2011-08-19,3947.6500,3953.9000,3883.6500,3925.8000
2011-08-22,3924.9500,3974.3000,3900.5500,3970.5000
2011-08-23,3984.8000,4020.4500,3947.6000,4010.7000
2011-08-24,4002.2500,4030.3500,3960.0500,3970.1000
2011-08-25,3984.1000,3987.8000,3921.6500,3929.5000
2011-08-26,3929.6000,3949.3000,3833.7000,3851.5500
2011-08-29,3883.6000,3985.1000,3883.6000,3977.3500
2011-08-30,4006.9500,4047.7000,3986.2500,4038.3500
2011-09-02,4097.9000,4097.9000,4039.4000,4070.9000
2011-09-03,4402.4500,4422.5000,4369.5000,4404.3000
2011-09-05,4048.1500,4071.1500,4030.3000,4063.1500
2011-09-06,4050.1500,4098.0500,4013.3000,4093.2000
2011-09-07,4101.9500,4165.2500,4101.9500,4146.4000
2011-09-08,4057.2000,4176.9500,4028.2500,4107.7000
2011-09-09,4168.5000,4175.6500,4090.9000,4098.1000
2011-09-11,4214.1000,4217.8500,4141.4000,4147.1500
2011-09-12,3843.9500,3866.0000,3815.0000,3830.8500
2011-09-13,4027.7500,4074.9000,3987.6500,4007.1000
2011-09-14,4020.4000,4060.4000,3992.0000,4051.5500
2011-09-15,4078.9000,4105.8500,4029.1000,4097.0000
2011-09-16,4123.1000,4136.0000,4093.5500,4105.1000
2011-09-19,4096.3000,4096.3000,4064.4000,4072.0500
2011-09-20,4077.9000,4148.0000,4075.8500,4142.8000
2011-09-21,4150.5000,4167.2000,4132.8000,4150.5500
2011-09-22,4107.4500,4107.4500,3985.2500,3994.1500
2011-09-23,3966.8000,3996.4500,3923.3000,3952.1000
2011-09-26,3957.9500,3957.9500,3860.5500,3914.8000
2011-09-27,3953.3500,4017.8500,3953.3500,4010.0500
2011-09-28,4028.9500,4028.9500,3972.1500,3987.4500
2011-09-29,3975.6000,4033.5000,3955.9000,4024.7500
2011-09-30,4011.2500,4037.9500,3964.8000,3978.3500
2011-10-01,4748.9500,4750.6000,4624.2000,4636.2000
2011-10-02,4174.2000,4193.8000,4128.2500,4164.3000
2011-10-03,4396.1000,4396.1000,4364.9500,4382.2000
2011-10-04,3888.8500,3921.8500,3821.9000,3843.7000
2011-10-05,3854.3000,3877.3000,3817.3500,3821.8500
2011-10-06,4466.7000,4469.6500,4424.0000,4442.8000
2011-10-07,3894.4000,3942.1000,3894.4000,3913.9500
2011-10-08,4175.8000,4196.9000,4154.9000,4182.2500
2011-10-10,3913.3500,3983.9000,3910.6000,3977.9000
2011-10-11,3999.8500,4029.3500,3975.6000,3981.8500
2011-10-12,4001.9000,4072.9500,4001.2000,4068.6000
2011-10-13,4085.7000,4099.2000,4052.3000,4058.3000
2011-10-14,4047.1500,4095.9500,4044.1500,4090.7000
2011-10-17,4103.7500,4111.4500,4063.4500,4083.8000
2011-10-18,4046.4500,4046.4500,4007.1500,4023.1500
2011-10-19,4046.6000,4098.7000,4046.6000,4093.5000
2011-10-20,4064.9500,4064.9500,4022.5000,4057.3500
2011-10-21,4065.3500,4079.0500,4017.5000,4024.6500
2011-10-24,4059.9500,4089.0000,4040.2500,4046.6500
2011-10-25,4068.0500,4114.1000,4033.0500,4101.4000
2011-10-26,4114.1500,4128.8500,4114.1500,4119.0500
2011-10-28,4195.2500,4235.1500,4195.2500,4229.7500
2011-10-31,4228.7000,4236.0500,4204.4500,4215.9000
2011-11-01,4639.0500,4682.2000,4589.7500,4624.9500
2011-11-02,4160.9500,4244.9500,4130.5000,4240.4500
2011-11-03,4361.2500,4388.9000,4320.8000,4343.7000
2011-11-04,4212.1000,4228.5500,4182.9500,4201.1000
2011-11-05,4461.4500,4486.5500,4451.9000,4480.7000
2011-11-07,4548.0000,4548.0000,4512.1000,4523.0500
2011-11-08,4205.5500,4216.6000,4179.3000,4203.0500
2011-11-09,4214.1000,4217.8500,4141.4000,4147.1500
2011-11-10,3999.8500,4029.3500,3975.6000,3981.8500
2011-11-11,4113.8500,4131.5000,4084.6000,4100.9000
2011-11-14,4127.0500,4141.9500,4069.4000,4074.5500
2011-11-15,4065.2000,4076.0000,3988.6000,3996.9500
2011-11-16,3991.8500,3991.8500,3934.4000,3965.4500
2011-11-17,3963.7500,3969.7000,3885.2500,3894.7500
2011-11-18,3875.3500,3875.3500,3819.5000,3869.0500
2011-11-21,3851.6500,3851.6500,3769.3500,3778.6000
2011-11-22,3787.6000,3827.4500,3776.9500,3800.6000
2011-11-23,3782.7000,3782.7000,3684.4000,3720.1500
2011-11-24,3720.8000,3768.7500,3672.5500,3762.8500
2011-11-25,3749.1500,3782.5500,3729.7500,3742.2000
2011-11-28,3774.6000,3843.2500,3774.6000,3839.5500
2011-11-29,3846.6500,3852.4500,3795.0500,3804.0000
2011-11-30,3782.8500,3824.1000,3768.0500,3811.2500
2011-12-01,4650.1500,4716.2000,4597.1500,4709.8500
2011-12-02,3880.8500,3968.6500,3867.2000,3962.1000
2011-12-05,4465.9000,4489.4500,4420.7000,4424.6000
2011-12-07,4491.1000,4499.7000,4437.2500,4459.3000
2011-12-08,3956.9000,3962.6000,3870.0000,3883.7500
2011-12-09,3843.9500,3866.0000,3815.0000,3830.8500
2011-12-10,4001.9000,4072.9500,4001.2000,4068.6000
2011-12-12,3852.7500,3854.1500,3745.3500,3751.0500
2011-12-13,3734.1500,3782.8500,3722.3000,3767.1000
2011-12-14,3760.6000,3793.1500,3728.4500,3736.6000
2011-12-15,3709.0000,3733.6000,3670.2500,3720.2000
2011-12-16,3723.6000,3768.0000,3632.7500,3647.9500
2011-12-19,3632.4500,3632.4500,3565.4000,3603.8000
2011-12-20,3616.2500,3618.4000,3535.8500,3544.0000
2011-12-21,3594.4000,3650.5500,3581.5500,3640.9000
2011-12-22,3610.2500,3677.3500,3600.5500,3674.5000
2011-12-23,3690.5500,3699.5500,3646.9000,3660.5500
2011-12-26,3662.8500,3708.7000,3662.8500,3703.8000
2011-12-27,3704.5500,3720.2000,3663.4000,3680.2000
2011-12-28,3683.3000,3683.3000,3630.7000,3644.1000
2011-12-29,3630.6000,3642.0000,3603.6500,3607.6000
2011-12-30,3615.1000,3637.5000,3582.4500,3597.7500
2012-01-02,3606.4000,3615.1000,3568.7500,3602.5000
2012-01-03,3623.8500,3705.2000,3623.8500,3700.8000
2012-01-04,3706.0500,3717.9000,3681.7500,3695.0500
2012-01-05,3694.7000,3718.7500,3682.5000,3696.1500
2012-01-06,3905.7000,3915.7500,3845.8500,3851.9500
2012-01-07,3695.6500,3701.6500,3693.6500,3697.7000
2012-01-08,4121.9000,4144.6000,4118.4500,4141.8500
2012-01-09,3698.0500,3710.6500,3664.4000,3701.3000
2012-01-10,4505.3000,4525.0000,4504.3000,4522.9500
2012-01-11,4443.4000,4476.7500,4440.7500,4473.8500
2012-01-12,3794.6000,3822.5000,3775.8000,3797.4000
2012-01-13,3814.1000,3850.9000,3806.7000,3827.2000
2012-01-16,3815.2500,3836.9500,3798.6500,3833.1500
2012-01-17,3849.9500,3907.8000,3849.9500,3900.0000
2012-01-18,3905.7500,3910.2000,3868.2500,3881.8000
2012-01-19,3903.4500,3934.5500,3903.4500,3931.9500
2012-01-20,3946.4500,3963.1000,3922.5000,3952.7000
2012-01-23,3940.0000,3968.2000,3939.4000,3952.7000
2012-01-24,3962.8500,4026.1000,3955.4500,4016.9000
2012-01-25,4030.0500,4058.0500,4025.7000,4051.8000
2012-01-27,4083.6500,4090.2500,4059.6000,4085.3500
2012-01-30,4062.9500,4062.9500,3987.9500,3995.8000
2012-01-31,4016.5000,4092.7000,4016.5000,4082.8500
2012-02-01,3606.4000,3615.1000,3568.7500,3602.5000
2012-02-02,4137.4000,4163.0000,4109.2500,4146.5500
2012-02-03,4149.9000,4194.5500,4139.2500,4188.4500
2012-02-04,4222.2000,4257.1000,4219.9500,4246.9500
2012-02-05,4182.0000,4203.3000,4163.8000,4171.3000
2012-02-06,4217.7500,4251.5000,4202.0000,4227.1000
2012-02-07,4255.0000,4255.0000,4189.5000,4199.0500
2012-02-08,4137.6500,4140.5500,4125.0000,4138.9000
2012-02-09,4219.2000,4277.8500,4219.2000,4272.4000
2012-02-10,4265.5500,4294.5500,4225.6000,4258.4000
2012-02-11,4502.8000,4521.2500,4502.8000,4510.2500
2012-02-13,4258.5500,4281.7000,4237.3500,4264.8000
2012-02-14,4259.5500,4296.0000,4259.5500,4289.5000
2012-02-15,4313.9000,4388.5000,4313.9000,4381.4500
2012-02-16,4371.4500,4392.5500,4354.3000,4385.9000
2012-02-17,4414.5000,4454.6000,4399.6500,4414.0500
2012-02-21,4412.8000,4456.4500,4412.8000,4447.5000
2012-02-22,4449.0000,4465.2500,4329.8500,4340.8500
2012-02-23,4332.4000,4360.5500,4294.3500,4322.9000
2012-02-24,4320.6500,4355.5000,4265.4500,4284.5500
2012-02-27,4294.8000,4294.8000,4156.7500,4165.0500
2012-02-28,4181.1500,4264.6500,4181.1500,4258.5000
2012-02-29,4285.6500,4325.4500,4242.8000,4275.5500
2012-03-01,4265.0500,4265.0500,4215.4000,4243.7500
2012-03-02,4149.9000,4194.5500,4139.2500,4188.4500
2012-03-03,4254.8000,4261.7500,4254.0000,4256.0000
2012-03-04,4266.2500,4295.6000,4266.2500,4283.1000
2012-03-05,4155.7500,4155.7500,4123.0500,4128.6500
2012-03-06,4187.6000,4270.4500,4140.8500,4151.4000
2012-03-07,4192.3500,4212.4500,4181.8500,4196.7000
2012-03-08,4121.0000,4132.6500,4094.7500,4129.0500
2012-03-09,4140.0000,4157.4500,4120.8000,4128.1000
2012-03-10,4528.1000,4548.2500,4526.6000,4539.6000
2012-03-12,4674.5500,4695.1000,4670.7500,4685.0500
2012-03-13,4282.6000,4323.8000,4282.6000,4317.6500
2012-03-14,4351.1500,4365.5000,4323.1500,4343.0500
2012-03-15,4342.2000,4342.2000,4262.6500,4275.7500
2012-03-16,4275.7500,4322.0500,4219.4000,4226.0500
2012-03-19,4236.7000,4236.7000,4162.6500,4177.0000
2012-03-20,4177.0500,4210.2000,4161.9000,4197.0500
2012-03-21,4192.9000,4276.3000,4184.7500,4270.9000
2012-03-22,4268.8000,4291.0500,4154.0000,4165.3000
2012-03-23,4180.1500,4223.5500,4157.7000,4202.2500
2012-03-26,4200.1500,4200.1500,4125.9000,4131.2500
2012-03-27,4163.5000,4190.1500,4131.7000,4168.5500
2012-03-28,4162.2500,4162.6500,4112.8000,4129.1500
2012-03-29,4102.4000,4132.5000,4089.7500,4124.4500
2012-03-30,4139.6500,4226.6500,4139.6500,4221.8000
2012-04-01,3706.0500,3717.9000,3681.7500,3695.0500
2012-04-02,4222.2000,4257.1000,4219.9500,4246.9500
2012-04-03,4266.2500,4295.6000,4266.2500,4283.1000
2012-04-04,4266.7000,4272.3000,4246.8500,4262.2000
2012-04-05,4116.5000,4118.9000,4039.4500,4050.8500
2012-04-06,3827.3000,3857.1500,3793.4500,3850.8000
2012-04-07,4209.1500,4217.5500,4190.4500,4213.0500
2012-04-09,4240.0500,4240.0500,4189.4000,4193.9000
2012-04-10,4204.7500,4207.4000,4172.1500,4196.7000
2012-04-11,4177.9000,4210.0000,4161.8000,4179.4000
2012-04-12,4682.8000,4705.7500,4677.4000,4701.4500
2012-04-13,4205.1000,4245.7000,4163.0500,4169.5500
2012-04-16,4160.3500,4189.9500,4160.3500,4186.7000
2012-04-17,4208.7500,4235.8500,4178.5500,4232.1000
2012-04-18,4249.0500,4274.7500,4237.8000,4242.0000
2012-04-19,4253.2500,4266.2000,4236.6500,4259.9000
2012-04-20,4249.8000,4263.5000,4198.5500,4226.3500
2012-04-23,4219.0000,4243.6500,4146.9000,4154.8500
2012-04-24,4163.2000,4172.7000,4135.4500,4164.0000
2012-04-25,4163.7000,4177.8500,4117.5000,4146.3000
2012-04-26,4153.2000,4155.6000,4129.3500,4133.1500
2012-04-27,4133.2500,4161.1500,4106.2000,4131.1500
2012-04-28,4141.7500,4152.1000,4134.9000,4147.1000
2012-04-30,4143.1500,4186.4000,4143.1500,4178.3500
2012-05-01,3694.7000,3718.7500,3682.5000,3696.1500
2012-05-02,4182.0000,4203.3000,4163.8000,4171.3000
2012-05-03,4246.8500,4246.8500,4186.5500,4195.4500
2012-05-04,4116.5000,4118.9000,4039.4500,4050.8500
2012-05-06,3862.6500,3888.4000,3851.7500,3862.5500
2012-05-07,4210.1000,4240.9000,4206.1500,4236.9500
2012-05-08,4075.4000,4085.5500,3979.8500,3992.5500
2012-05-09,4131.6000,4140.7000,4110.9000,4115.3500
2012-05-10,3968.8500,4012.0500,3948.5500,3959.6000
2012-05-11,3944.6500,3961.7000,3910.5500,3928.2500
2012-05-12,4711.4000,4726.1500,4707.0500,4712.1000
2012-05-14,3931.3500,3946.0500,3884.3000,3906.9000
2012-05-15,3885.6500,3938.9000,3884.5500,3932.9000
2012-05-16,3895.1500,3895.1500,3854.1000,3871.4000
2012-05-17,3882.7500,3923.7000,3866.1000,3879.1500
2012-05-18,3837.9500,3899.6500,3818.2500,3889.0500
2012-05-21,3887.7000,3926.8500,3887.7000,3904.4500
2012-05-22,3931.6000,3940.0500,3863.2500,3869.8000
2012-05-23,3859.9500,3859.9500,3828.4000,3848.8000
2012-05-24,3864.2500,3911.2500,3844.2000,3904.8500
2012-05-25,3896.3500,3921.1000,3887.7500,3910.6000
2012-05-28,3917.1500,3966.3000,3917.1500,3961.0500
2012-05-29,3972.0500,3983.5500,3955.8000,3961.1000
2012-05-30,3946.6500,3946.6500,3920.5500,3923.8500
2012-05-31,3893.7000,3923.1000,3878.9500,3913.0500
2012-06-01,3682.0500,3720.9500,3651.1000,3694.8000
2012-06-02,4217.7500,4251.5000,4202.0000,4227.1000
2012-06-03,4187.6000,4270.4500,4140.8500,4151.4000
2012-06-04,3827.3000,3857.1500,3793.4500,3850.8000
2012-06-05,3862.6500,3888.4000,3851.7500,3862.5500
2012-06-06,3875.5500,3967.4000,3875.5500,3959.0000
2012-06-07,3980.4000,4000.3500,3967.0000,3996.5000
2012-06-08,3993.3500,4019.8000,3959.3000,4010.9500
2012-06-09,4110.8000,4142.1000,4110.8000,4125.9500
2012-06-11,4026.9500,4054.0500,3989.8000,3998.0500
2012-06-12,4726.6500,4746.8000,4675.1500,4740.2000
2012-06-13,4041.9000,4062.2000,4030.4000,4043.7500
2012-06-14,4034.7500,4049.3000,3987.9500,3992.2500
2012-06-15,4000.5000,4052.5000,4000.5000,4047.4500
2012-06-18,4067.0500,4085.2000,3976.4000,3991.3500
2012-06-19,3983.2000,4022.6000,3976.1500,4016.4500
2012-06-20,4022.4000,4049.5500,4020.8000,4037.8000
2012-06-21,4024.8500,4076.4500,4022.0000,4074.2000
2012-06-22,4038.9000,4072.2500,4025.7000,4063.7500
2012-06-25,4070.7500,4103.4000,4040.1500,4044.7500
2012-06-26,4040.8000,4060.4500,4034.3500,4053.2000
2012-06-27,4069.3000,4081.1500,4060.4000,4069.8500
2012-06-28,4073.8000,4083.6500,4056.9000,4075.0500
2012-06-29,4098.6000,4174.2000,4098.6000,4170.6500
2012-07-01,3695.6500,3701.6500,3693.6500,3697.7000
2012-07-02,4173.6000,4196.1500,4165.8500,4180.9000
2012-07-03,4192.3500,4212.4500,4181.8500,4196.7000
2012-07-04,4209.1500,4217.5500,4190.4500,4213.0500
2012-07-05,4210.1000,4240.9000,4206.1500,4236.9500
2012-07-06,4235.5500,4235.5500,4207.5500,4224.1500
2012-07-08,4179.6500,4217.0500,4174.9000,4206.1500
2012-07-09,4205.6000,4209.0000,4171.3000,4184.1500
2012-07-10,4190.4500,4237.0000,4190.4500,4235.8000
2012-07-11,4219.0500,4234.7500,4208.4000,4210.6500
2012-07-12,4173.9000,4179.7500,4149.8500,4164.6000
2012-07-13,4168.8500,4189.8500,4152.8000,4156.7500
2012-07-16,4159.6500,4171.0000,4130.8000,4134.7500
2012-07-17,4151.9000,4161.7000,4117.1000,4123.0500
2012-07-18,4126.3000,4143.3500,4102.6500,4139.7500
2012-07-19,4158.5000,4170.1000,4152.3000,4157.3000
2012-07-20,4152.0000,4154.4000,4127.3000,4134.7500
2012-07-23,4111.3000,4111.3000,4060.3000,4069.0500
2012-07-24,4074.9500,4086.2000,4057.6500,4079.3000
2012-07-25,4073.6500,4073.6500,4040.1000,4062.4000
2012-07-26,4071.7000,4072.3000,3996.3500,4003.6000
2012-07-27,4048.9000,4080.3500,4015.1000,4028.2500
2012-07-30,4044.9500,4107.7500,4044.9500,4104.1000
2012-07-31,4112.5500,4130.6000,4072.3500,4126.4500
2012-08-01,4121.9000,4144.6000,4118.4500,4141.8500
2012-08-02,4137.6500,4140.5500,4125.0000,4138.9000
2012-08-03,4121.0000,4132.6500,4094.7500,4129.0500
2012-08-05,4075.4000,4085.5500,3979.8500,3992.5500
2012-08-06,4154.2500,4184.6500,4154.2500,4172.4500
2012-08-07,4179.6500,4217.0500,4174.9000,4206.1500
2012-08-08,4211.0000,4230.0000,4196.4000,4201.6000
2012-08-09,4207.4000,4222.0000,4181.9500,4190.1500
2012-08-10,4550.6500,4550.6500,4493.3500,4499.8500
2012-08-11,4530.3000,4552.6000,4519.3000,4548.9500
2012-08-13,4184.7500,4216.5000,4184.5000,4213.2500
2012-08-14,4210.4000,4239.1000,4201.9000,4234.5000
2012-08-16,4237.7000,4242.3500,4218.4500,4222.6500
2012-08-17,4225.9000,4252.3000,4206.5000,4223.7000
2012-08-21,4225.0500,4259.9000,4225.0500,4257.9500
2012-08-22,4243.8000,4266.2000,4243.8000,4249.6500
2012-08-23,4256.8000,4274.0500,4233.4000,4248.0500
2012-08-24,4235.3500,4235.8500,4213.1000,4226.0000
2012-08-27,4226.6500,4235.4000,4193.2000,4194.9500
2012-08-28,4193.7000,4199.9000,4155.1000,4176.3500
2012-08-29,4181.4500,4181.4500,4139.4500,4143.6000
2012-08-30,4132.9500,4173.1500,4119.1000,4162.9500
2012-08-31,4153.6000,4162.5000,4115.4500,4129.9000
2012-09-01,3698.0500,3710.6500,3664.4000,3701.3000
2012-09-02,4219.2000,4277.8500,4219.2000,4272.4000
2012-09-03,4140.0000,4157.4500,4120.8000,4128.1000
2012-09-04,4125.6000,4149.9500,4118.4000,4148.3000
2012-09-05,3974.6500,3999.6500,3952.4500,3963.7000
2012-09-06,4110.8000,4142.1000,4110.8000,4125.9500
2012-09-07,4165.4000,4198.1000,4165.4000,4195.7500
2012-09-08,4207.4000,4222.0000,4181.9500,4190.1500
2012-09-10,4212.6000,4224.0000,4205.6500,4217.8500
2012-09-11,4544.7000,4563.0500,4505.0500,4508.8000
2012-09-12,4242.6500,4262.1000,4236.8500,4260.2500
2012-09-13,4262.5000,4273.8500,4252.8500,4260.0000
2012-09-14,4311.6000,4353.6500,4311.6000,4348.8000
2012-09-17,4378.9000,4400.6000,4359.2500,4383.1000
2012-09-18,4378.9500,4401.7500,4371.9000,4390.8500
2012-09-20,4355.9500,4379.9000,4349.7500,4358.9500
2012-09-21,4371.8500,4472.1000,4371.8500,4456.1500
2012-09-24,4456.5500,4481.2500,4446.9500,4450.9500
2012-09-25,4454.3500,4476.8500,4440.4500,4460.4000
2012-09-26,4448.9500,4466.8000,4440.0000,4458.0000
2012-09-27,4463.7500,4483.9000,4450.6000,4458.1500
2012-09-28,4478.3000,4524.4000,4478.3000,4504.3500
2012-10-01,4505.3000,4525.0000,4504.3000,4522.9500
2012-10-02,4265.5500,4294.5500,4225.6000,4258.4000
2012-10-03,4528.1000,4548.2500,4526.6000,4539.6000
2012-10-04,4204.7500,4207.4000,4172.1500,4196.7000
2012-10-05,3968.8500,4012.0500,3948.5500,3959.6000
2012-10-07,4190.4500,4237.0000,4190.4500,4235.8000
2012-10-08,4181.9500,4192.4000,4169.0500,4186.9500
2012-10-09,4212.6000,4224.0000,4205.6500,4217.8500
2012-10-10,4504.2500,4509.8000,4474.6000,4477.3000
2012-10-11,4483.7000,4531.8500,4465.4500,4523.6000
2012-10-12,4729.3000,4737.5500,4715.9500,4731.9000
2012-10-15,4505.1000,4516.9000,4490.7500,4511.8500
2012-10-16,4522.2500,4533.3500,4474.0000,4480.4500
2012-10-17,4499.2000,4505.9000,4468.0500,4488.5000
2012-10-18,4497.0500,4536.6000,4486.2500,4535.2000
2012-10-19,4526.3500,4533.4500,4491.6000,4509.4500
2012-10-22,4499.9500,4530.5500,4489.8000,4528.4500
2012-10-23,4527.5500,4534.5000,4505.4500,4510.0000
2012-10-25,4508.7500,4524.1500,4504.9000,4518.4000
2012-10-26,4505.9500,4516.1000,4465.7500,4480.3000
2012-10-29,4480.8500,4503.2500,4461.1500,4475.0000
2012-10-30,4469.8500,4490.2000,4418.5500,4424.1000
2012-10-31,4423.4000,4451.9000,4416.2500,4448.8500
2012-11-01,3792.8000,3816.2000,3785.3000,3805.5000
2012-11-02,4502.8000,4521.2500,4502.8000,4510.2500
2012-11-04,4177.9000,4210.0000,4161.8000,4179.4000
2012-11-05,3944.6500,3961.7000,3910.5500,3928.2500
2012-11-06,4026.9500,4054.0500,3989.8000,3998.0500
2012-11-07,4219.0500,4234.7500,4208.4000,4210.6500
2012-11-08,4530.3000,4552.6000,4519.3000,4548.9500
2012-11-09,4544.7000,4563.0500,4505.0500,4508.8000
2012-11-10,4483.7000,4531.8500,4465.4500,4523.6000
2012-11-12,4509.9500,4529.5500,4504.1000,4519.2500
2012-11-13,4522.7000,4527.3500,4513.1000,4518.1000
2012-11-15,4508.6000,4508.6000,4474.8000,4497.0000
2012-11-16,4493.4500,4513.4500,4441.9500,4451.1000
2012-11-19,4453.0500,4466.4000,4424.5000,4437.2500
2012-11-20,4456.2000,4465.8500,4411.1500,4428.4000
2012-11-21,4434.6500,4461.4500,4419.5000,4458.4500
2012-11-22,4466.3000,4482.2000,4455.7000,4471.8000
2012-11-23,4476.1000,4482.1500,4450.2500,4474.1500
2012-11-26,4486.4500,4500.7500,4482.5000,4493.6000
2012-11-27,4506.3000,4566.4500,4506.3000,4562.4000
2012-11-29,4567.8000,4635.6500,4567.8000,4631.9000
2012-11-30,4638.3000,4677.8000,4638.3000,4675.2500
2012-12-01,3794.6000,3822.5000,3775.8000,3797.4000
2012-12-03,4674.5500,4695.1000,4670.7500,4685.0500
2012-12-04,4682.8000,4705.7500,4677.4000,4701.4500
2012-12-05,4711.4000,4726.1500,4707.0500,4712.1000
2012-12-06,4726.6500,4746.8000,4675.1500,4740.2000
2012-12-07,4742.1000,4758.0500,4712.3000,4724.2500
2012-12-09,4242.6500,4262.1000,4236.8500,4260.2500
2012-12-10,4729.3000,4737.5500,4715.9500,4731.9000
2012-12-11,4509.9500,4529.5500,4504.1000,4519.2500
2012-12-12,4727.0000,4735.2500,4700.0000,4709.8500
2012-12-13,4716.8500,4724.3500,4667.1500,4674.0500
2012-12-14,4671.5500,4701.7500,4667.0000,4698.8000
2012-12-17,4688.2000,4710.6000,4688.2000,4693.9500
2012-12-18,4702.7000,4731.9000,4670.9000,4727.8500
2012-12-19,4739.6500,4761.3000,4739.6500,4755.3000
2012-12-20,4757.7500,4757.7500,4720.0500,4746.4000
2012-12-21,4730.3500,4730.3500,4683.1000,4686.9000
2012-12-24,4698.7500,4705.0000,4687.6000,4695.0000
2012-12-26,4700.2500,4739.7500,4700.2500,4731.6000
2012-12-27,4745.5000,4746.9000,4702.1500,4706.3500
2012-12-28,4716.0500,4742.5500,4715.1000,4738.3000
2012-12-31,4734.3500,4748.6500,4734.3500,4743.4500
2013-01-01,4761.8000,4792.9000,4761.8000,4786.2000
2013-01-02,4798.9000,4814.5000,4769.1000,4775.9000
2013-01-03,4483.0000,4515.7500,4475.3000,4499.7500
2013-01-04,4449.3500,4471.2000,4441.4000,4465.6000
2013-01-07,4509.3500,4574.5500,4506.5000,4572.0500
2013-01-08,4828.7000,4840.7500,4811.2500,4837.9500
2013-01-09,4840.6500,4857.7500,4808.0500,4815.7500
2013-01-10,4405.0000,4425.7500,4367.1500,4422.9000
2013-01-11,4798.4000,4833.9500,4798.4000,4823.0000
2013-01-14,4787.0000,4843.6000,4779.8000,4836.7000
2013-01-15,4844.3500,4867.8000,4833.6000,4858.9000
2013-01-16,4854.7000,4860.7500,4801.0500,4807.5500
2013-01-17,4807.3000,4842.1000,4803.8000,4831.3500
2013-01-18,4842.8500,4861.7000,4834.4000,4844.0500
2013-01-21,4855.9000,4862.3000,4845.4000,4856.0000
2013-01-22,4854.9000,4872.7000,4817.6000,4822.3500
2013-01-23,4824.9500,4841.3500,4786.8000,4814.8000
2013-01-24,4809.9500,4820.9500,4758.2500,4763.8500
2013-01-25,4766.9000,4819.5000,4757.8500,4816.4500
2013-01-28,4820.7000,4831.0500,4808.8000,4818.3000
2013-01-29,4812.7000,4845.7000,4790.9000,4794.8000
2013-01-30,4803.3500,4814.7500,4788.8500,4797.1500
2013-01-31,4791.5000,4803.6500,4784.2000,4795.3000
2013-02-01,4804.1500,4830.9000,4804.1500,4818.9000
2013-02-04,4790.7000,4802.7000,4755.5500,4759.2500
2013-02-05,4737.4000,4743.5000,4723.1500,4733.6000
2013-02-06,4751.1500,4761.4000,4734.5500,4738.1000
2013-02-07,4725.2000,4753.9000,4705.9000,4713.2500
2013-02-08,4369.3500,4376.8000,4290.1500,4314.9500
2013-02-09,4182.6500,4241.7500,4182.6500,4235.2500
2013-02-11,4691.8500,4692.2500,4668.8000,4677.8500
2013-02-12,4770.8500,4812.4000,4770.8500,4804.4000
2013-02-13,4701.8500,4726.5000,4682.9000,4688.4500
2013-02-14,4688.5000,4693.0000,4642.3000,4650.3500
2013-02-15,4634.8000,4653.8500,4616.9000,4647.2500
2013-02-18,4647.9500,4669.0000,4646.5500,4659.6000
2013-02-19,4660.7500,4701.7500,4652.1000,4697.1000
2013-02-20,4712.0000,4718.1000,4696.0000,4698.3500
2013-02-21,4679.4000,4679.4000,4617.2000,4621.7500
2013-02-22,4613.7500,4640.4500,4607.9000,4621.8000
2013-02-25,4633.4000,4638.2500,4590.5000,4611.6500
2013-02-26,4602.2500,4602.2500,4529.2000,4537.1000
2013-02-27,4550.4500,4583.2500,4527.3000,4568.2000
2013-02-28,4589.2500,4608.5000,4464.7000,4477.5000
2013-03-01,4831.6500,4839.8500,4814.8000,4835.7000
2013-03-04,4504.0000,4515.3000,4442.0500,4457.2000
2013-03-05,4692.1000,4696.6000,4651.0500,4659.1000
2013-03-06,4557.1000,4581.1000,4555.2500,4570.4500
2013-03-07,4511.2000,4511.2000,4467.5500,4473.3500
2013-03-08,4613.0000,4664.3500,4613.0000,4660.6500
2013-03-09,4253.8500,4256.2000,4082.5000,4092.9000
2013-03-10,4448.0000,4517.1500,4443.2500,4512.6500
2013-03-11,4661.0000,4682.7000,4653.8500,4661.2500
2013-03-12,4796.2000,4815.9500,4788.7000,4795.9000
2013-03-13,4620.4000,4620.4000,4579.4500,4585.0000
2013-03-14,4582.1500,4631.4500,4540.4000,4625.7500
2013-03-15,4629.1500,4655.8500,4594.5500,4598.2000
2013-03-18,4566.9500,4583.2000,4556.0000,4572.6500
2013-03-19,4586.1000,4587.4500,4492.2000,4500.8500
2013-03-20,4497.7500,4500.1500,4438.0000,4446.0500
2013-03-21,4452.6500,4489.3000,4407.4500,4413.5000
2013-03-22,4413.9500,4431.7500,4386.3000,4404.5000
2013-03-25,4436.1000,4453.6500,4382.5000,4390.3000
2013-03-26,4379.0000,4400.5500,4376.8500,4394.6000
2013-03-28,4397.8500,4444.1500,4370.1500,4438.3500
2013-04-01,4449.3500,4471.2000,4441.4000,4465.6000
2013-04-02,4790.7000,4802.7000,4755.5500,4759.2500
2013-04-03,4504.0000,4515.3000,4442.0500,4457.2000
2013-04-04,4433.2000,4433.4000,4373.2500,4378.6500
2013-04-05,4373.6000,4386.5000,4353.3500,4366.6500
2013-04-06,4662.0000,4695.5000,4645.1500,4652.5500
2013-04-07,4490.5500,4525.8000,4482.8000,4517.7000
2013-04-08,4365.6500,4381.3000,4358.5000,4361.1500
2013-04-09,4104.1000,4171.0000,4084.7000,4164.5000
2013-04-10,4499.3500,4543.4000,4499.1000,4516.1500
2013-04-11,4393.6500,4397.8000,4353.7000,4388.0500
2013-04-12,4787.6500,4803.7500,4758.8500,4764.5500
2013-04-15,4338.5500,4395.7000,4335.6500,4376.0500
2013-04-16,4368.6500,4463.6000,4368.6500,4457.5000
2013-04-17,4471.2000,4496.2500,4449.9000,4461.7500
2013-04-18,4457.7000,4532.6500,4457.7000,4526.8000
2013-04-22,4531.7500,4581.0500,4531.7500,4574.4000
2013-04-23,4581.0500,4581.0500,4540.6000,4572.4000
2013-04-25,4586.1500,4628.2500,4586.1500,4624.3000
2013-04-26,4615.9500,4620.6500,4583.9500,4591.6500
2013-04-29,4595.5500,4628.1500,4593.0000,4620.9000
2013-04-30,4640.0500,4658.3500,4595.2000,4641.7500
2013-05-02,4737.4000,4743.5000,4723.1500,4733.6000
2013-05-03,4483.6500,4542.5000,4483.6500,4539.0000
2013-05-04,4373.6000,4386.5000,4353.3500,4366.6500
2013-05-06,4659.5500,4688.3000,4652.2500,4685.6000
2013-05-07,4694.7000,4741.6000,4694.7000,4737.5500
2013-05-08,4751.7000,4760.8500,4725.2500,4754.4500
2013-05-09,4234.1500,4282.3500,4234.1500,4264.0500
2013-05-10,4735.6000,4774.4000,4735.6000,4769.2000
2013-05-11,4815.8500,4836.9500,4790.3500,4808.2000
2013-05-12,4836.5000,4857.8500,4809.8500,4815.0000
2013-05-13,4773.9000,4776.4500,4684.3500,4689.7500
2013-05-14,4694.8000,4721.5000,4684.3500,4702.5000
2013-05-15,4718.5500,4815.0500,4718.5500,4810.9500
2013-05-16,4799.8000,4844.9000,4799.8000,4830.2500
2013-05-17,4832.7500,4853.5500,4814.5500,4847.1000
2013-05-20,4854.9500,4877.6500,4815.0000,4821.9500
2013-05-21,4819.0500,4833.7500,4780.3000,4788.2000
2013-05-22,4798.3000,4814.0500,4753.1500,4766.8500
2013-05-23,4737.3000,4751.6000,4659.8500,4668.2000
2013-05-24,4695.4000,4699.9000,4644.6000,4685.6000
2013-05-27,4690.4500,4764.3500,4684.4000,4756.4000
2013-05-28,4759.0000,4789.2500,4743.9500,4777.0500
2013-05-29,4781.7500,4783.9000,4745.0000,4766.6500
2013-05-30,4745.1000,4777.7000,4745.1000,4774.0000
2013-05-31,4759.2000,4759.2000,4675.8000,4681.4500
2013-06-02,4751.1500,4761.4000,4734.5500,4738.1000
2013-06-03,4688.6000,4693.6500,4640.8500,4659.3000
2013-06-04,4662.0000,4695.5000,4645.1500,4652.5500
2013-06-05,4644.3500,4663.2500,4629.9500,4656.5000
2013-06-06,4634.5500,4676.6000,4619.0500,4653.4000
2013-06-07,4640.7000,4687.8000,4615.2000,4621.1000
2013-06-08,4305.1500,4305.1500,4199.5500,4214.1500
2013-06-09,4281.6000,4323.0500,4248.7000,4319.4000
2013-06-10,4638.7500,4656.7000,4590.5500,4604.4000
2013-06-11,4813.1000,4827.5000,4781.0500,4784.6500
2013-06-12,4811.9000,4838.0500,4809.2500,4830.8000
2013-06-13,4464.0500,4478.0500,4441.7500,4447.4000
2013-06-14,4480.8500,4533.4500,4480.8500,4525.9500
2013-06-17,4533.9000,4560.2500,4498.7000,4557.5000
2013-06-18,4553.0500,4574.4000,4534.4500,4540.7000
2013-06-19,4534.9500,4556.4500,4523.4500,4552.7000
2013-06-20,4504.6500,4504.6500,4424.4500,4429.6500
2013-06-21,4415.2500,4446.8000,4392.1500,4420.1500
2013-06-24,4400.8000,4400.8000,4331.7000,4345.6000
2013-06-25,4356.4500,4389.2000,4317.7000,4350.1000
2013-06-26,4365.5000,4371.8500,4330.1000,4335.5000
2013-06-27,4377.0000,4400.5500,4360.3000,4393.9000
2013-06-28,4441.3500,4516.3500,4441.3500,4510.9000
2013-07-01,4509.3500,4574.5500,4506.5000,4572.0500
2013-07-02,4725.2000,4753.9000,4705.9000,4713.2500
2013-07-03,4560.8000,4608.3500,4560.8000,4601.5500
2013-07-04,4490.5500,4525.8000,4482.8000,4517.7000
2013-07-05,4555.4500,4566.6000,4528.6500,4535.8000
2013-07-06,4640.7000,4687.8000,4615.2000,4621.1000
2013-07-08,4217.8000,4240.5000,4184.8500,4213.8500
2013-07-09,4518.9000,4542.0000,4518.9000,4539.9500
2013-07-10,4548.6000,4556.8500,4504.0500,4511.4000
2013-07-11,4562.3000,4600.1500,4562.3000,4586.4500
2013-07-12,4626.0500,4636.7000,4595.3500,4630.9500
2013-07-15,4619.5500,4659.2000,4615.0500,4655.7000
2013-07-16,4586.1500,4604.4000,4573.5500,4596.5000
2013-07-17,4609.1000,4623.5500,4567.4500,4597.7000
2013-07-18,4606.1500,4654.6000,4601.4000,4647.5500
2013-07-19,4661.8000,4662.2000,4627.1500,4632.7500
2013-07-22,4618.6500,4656.5500,4618.6500,4631.1000
2013-07-23,4652.9000,4673.0000,4652.9000,4660.7500
2013-07-24,4629.4000,4635.4500,4570.2000,4588.2500
2013-07-25,4574.1500,4585.4500,4526.2500,4531.8000
2013-07-26,4552.1000,4557.8500,4491.6500,4507.2500
2013-07-29,4496.3000,4500.2000,4456.7500,4459.9000
2013-07-30,4462.5000,4471.9500,4386.6500,4390.3500
2013-07-31,4376.9500,4383.3500,4319.7000,4379.6500
2013-08-01,4828.7000,4840.7500,4811.2500,4837.9500
2013-08-02,4369.3500,4376.8000,4290.1500,4314.9500
2013-08-03,4613.0000,4664.3500,4613.0000,4660.6500
2013-08-04,4365.6500,4381.3000,4358.5000,4361.1500
2013-08-05,4320.1500,4339.9500,4299.4500,4323.3500
2013-08-06,4305.1500,4305.1500,4199.5500,4214.1500
2013-08-07,4511.1500,4515.2000,4470.6000,4501.2500
2013-08-08,4208.4500,4255.3000,4208.4500,4250.3500
2013-08-10,4569.1500,4573.8500,4528.2500,4536.4500
2013-08-11,4741.6000,4754.3500,4710.1000,4725.9000
2013-08-12,4279.1000,4311.8000,4249.5500,4293.2000
2013-08-13,4286.7500,4363.7000,4276.1000,4360.6500
2013-08-14,4372.5000,4398.0500,4362.4500,4392.0500
2013-08-16,4365.6000,4368.2500,4217.1000,4224.3000
2013-08-19,4214.5500,4214.5500,4114.8500,4151.9500
2013-08-20,4109.7500,4149.0500,4077.8500,4138.4000
2013-08-21,4202.2500,4209.5500,4048.5500,4069.4500
2013-08-22,4052.9500,4142.7000,4032.1500,4136.1000
2013-08-23,4152.0500,4187.7000,4124.7500,4183.6500
2013-08-26,4203.9500,4228.0000,4179.2500,4194.5000
2013-08-27,4163.3000,4163.3000,4054.7000,4060.7000
2013-08-28,4022.8000,4067.3000,3937.7000,4047.7000
2013-08-29,4068.5000,4141.7000,4062.9000,4132.8000
2013-08-30,4134.7000,4187.3500,4103.3500,4175.8500
2013-09-01,4840.6500,4857.7500,4808.0500,4815.7500
2013-09-02,4182.6500,4241.7500,4182.6500,4235.2500
2013-09-03,4253.8500,4256.2000,4082.5000,4092.9000
2013-09-04,4104.1000,4171.0000,4084.7000,4164.5000
2013-09-05,4234.1500,4282.3500,4234.1500,4264.0500
2013-09-06,4281.6000,4323.0500,4248.7000,4319.4000
2013-09-07,4518.9000,4542.0000,4518.9000,4539.9500
2013-09-10,4512.3000,4596.7500,4505.7500,4592.4500
2013-09-11,4458.9000,4496.2000,4434.0000,4489.4500
2013-09-12,4938.7500,4938.7500,4887.7000,4898.1500
2013-09-13,4433.1000,4471.0000,4430.6000,4450.4500
2013-09-16,4507.1500,4517.3000,4412.6000,4440.9000
2013-09-17,4429.9500,4448.3000,4414.6000,4444.5000
2013-09-18,4457.5500,4487.5500,4440.9000,4478.3500
2013-09-19,4576.0000,4643.0000,4576.0000,4627.8500
2013-09-20,4622.3500,4636.8500,4503.0500,4560.1000
2013-09-23,4516.3000,4549.1500,4471.5500,4482.0000
2013-09-24,4459.8000,4515.3500,4459.8000,4484.1000
2013-09-25,4490.0500,4497.4500,4432.6500,4477.0500
2013-09-26,4476.7500,4503.2500,4472.0500,4482.3000
2013-09-27,4497.6500,4502.8000,4448.8000,4455.9500
2013-09-30,4433.8500,4434.0000,4381.6000,4392.0500
2013-10-01,4831.2500,4843.1500,4792.6500,4809.2000
2013-10-03,4448.0000,4517.1500,4443.2500,4512.6500
2013-10-04,4349.1000,4370.4500,4305.0000,4366.4500
2013-10-05,4735.6000,4774.4000,4735.6000,4769.2000
2013-10-06,4638.7500,4656.7000,4590.5500,4604.4000
2013-10-07,4548.6000,4556.8500,4504.0500,4511.4000
2013-10-08,4569.1500,4573.8500,4528.2500,4536.4500
2013-10-09,4361.0500,4467.2000,4361.0500,4463.5500
2013-10-10,4589.8000,4617.0000,4582.8500,4607.5000
2013-10-11,4661.3500,4661.3500,4627.7500,4651.8000
2013-10-12,4893.4000,4894.9500,4855.4000,4873.8000
2013-10-14,4651.4500,4675.8000,4649.5500,4665.9500
2013-10-15,4689.9000,4696.7500,4623.3500,4639.5000
2013-10-17,4646.4500,4659.0000,4604.9000,4612.0500
2013-10-18,4628.5000,4713.4000,4628.5000,4706.9000
2013-10-21,4715.5500,4737.0000,4703.1500,4731.0000
2013-10-22,4723.9500,4749.0500,4723.9000,4738.3500
2013-10-23,4746.1000,4752.1000,4680.5000,4723.5000
2013-10-24,4715.3500,4773.8000,4700.5500,4713.0000
2013-10-25,4705.3500,4715.0500,4684.2000,4693.4000
2013-10-28,4699.5000,4710.0000,4652.3000,4656.8500
2013-10-29,4660.4000,4744.9500,4640.0500,4741.1000
2013-10-30,4751.0500,4775.8000,4745.6000,4764.3000
2013-10-31,4755.4500,4811.1500,4755.4500,4804.8500
2013-11-01,4833.6000,4836.0000,4770.5500,4778.1500
2013-11-02,4691.8500,4692.2500,4668.8000,4677.8500
2013-11-03,4843.2000,4847.0500,4836.1500,4840.1500
2013-11-04,4393.6500,4397.8000,4353.7000,4388.0500
2013-11-05,4815.8500,4836.9500,4790.3500,4808.2000
2013-11-06,4582.7000,4593.9500,4523.9500,4529.8500
2013-11-07,4794.2000,4831.9500,4748.3000,4752.0000
2013-11-08,4741.6000,4754.3500,4710.1000,4725.9000
2013-11-09,4458.9000,4496.2000,4434.0000,4489.4500
2013-11-10,4661.3500,4661.3500,4627.7500,4651.8000
2013-11-11,4710.0000,4725.8000,4675.5500,4680.3500
2013-11-12,4686.8000,4701.6500,4634.3000,4637.3500
2013-11-13,4623.6500,4654.1500,4605.1500,4614.6500
2013-11-14,4648.3000,4698.2000,4648.3000,4670.1000
2013-11-18,4706.9000,4763.3000,4706.9000,4760.6500
2013-11-19,4764.7500,4779.4500,4754.2000,4771.7500
2013-11-20,4762.4500,4778.0500,4709.5000,4720.0500
2013-11-21,4702.6500,4702.6500,4623.8500,4631.8500
2013-11-22,4653.2500,4668.9500,4617.1500,4632.4500
2013-11-25,4661.3500,4719.9500,4661.3500,4716.0000
2013-11-26,4706.3500,4718.7500,4673.1500,4679.1500
2013-11-27,4683.0000,4690.1000,4659.2500,4679.8500
2013-11-28,4704.5500,4722.7000,4696.5000,4708.8000
2013-11-29,4717.1500,4773.5000,4717.1500,4770.1000
2013-12-02,4675.9000,4693.2000,4659.8500,4690.3000
2013-12-03,4796.2000,4815.9500,4788.7000,4795.9000
2013-12-04,4343.6500,4362.8500,4335.6000,4352.7000
2013-12-05,4836.5000,4857.8500,4809.8500,4815.0000
2013-12-06,4516.0000,4526.0000,4487.8000,4502.2000
2013-12-07,4626.0500,4636.7000,4595.3500,4630.9500
2013-12-08,4279.1000,4311.8000,4249.5500,4293.2000
2013-12-09,4503.7000,4504.8500,4423.0500,4445.9500
2013-12-10,4893.4000,4894.9500,4855.4000,4873.8000
2013-12-11,4686.8000,4701.6500,4634.3000,4637.3500
2013-12-12,4834.8000,4840.3500,4806.3500,4810.5500
2013-12-13,4785.6000,4791.3000,4752.3000,4756.0500
2013-12-16,4759.0500,4773.5500,4746.2500,4756.0000
2013-12-17,4774.8000,4786.2500,4745.2000,4748.5000
2013-12-18,4743.4500,4817.5500,4743.4500,4809.6500
2013-12-19,4834.7000,4841.7500,4769.8000,4780.6000
2013-12-20,4788.6000,4868.1000,4787.1000,4861.6500
2013-12-23,4857.7500,4901.1000,4857.7500,4878.8500
2013-12-24,4888.1500,4896.6000,4868.8000,4876.1000
2013-12-26,4880.6000,4905.6500,4876.9000,4887.8500
2013-12-27,4900.4500,4922.7500,4900.4500,4914.7000
2013-12-30,4931.3000,4937.2500,4887.6500,4899.9500
2013-12-31,4914.2000,4921.0000,4898.4500,4914.8500
2014-01-01,4928.8000,4932.0000,4915.9500,4921.2500
2014-01-02,4922.5000,4961.4500,4842.5500,4848.9500
2014-01-03,4830.1500,4857.0000,4814.8500,4850.6500
2014-01-04,5244.1500,5244.1500,5199.4000,5232.8500
2014-01-06,4858.8500,4858.8500,4829.6500,4845.0500
2014-01-07,4854.6500,4868.2500,4811.4500,4820.2500
2014-01-08,4832.9000,4849.0000,4822.3000,4833.5500
2014-01-09,6388.1000,6441.5500,6388.1000,6438.4500
2014-01-10,6413.2000,6431.2000,6393.8000,6398.0500
2014-01-12,6931.5000,6943.5000,6894.0500,6898.0500
2014-01-13,4825.1000,4877.8000,4825.1000,4869.9500
2014-01-14,4861.3000,4875.9500,4844.9500,4850.7500
2014-01-15,4867.1500,4902.2000,4867.1500,4899.7000
2014-01-16,4913.2000,4917.2000,4882.3500,4891.4000
2014-01-17,4883.4500,4896.5500,4832.9500,4841.3000
2014-01-20,4840.3000,4880.0000,4833.0000,4878.2500
2014-01-21,4889.9000,4900.4500,4876.7000,4886.7000
2014-01-22,4884.0500,4911.1500,4872.6500,4903.9500
2014-01-23,4894.2500,4909.9500,4892.5500,4903.5000
2014-01-24,4875.2500,4893.2000,4835.1500,4836.7000
2014-01-27,4780.9500,4780.9500,4722.4500,4725.6000
2014-01-28,4723.2500,4748.3000,4694.0000,4720.6000
2014-01-29,4746.0500,4756.4500,4714.1000,4720.6000
2014-01-30,4680.9000,4680.9000,4645.2500,4675.1000
2014-01-31,4685.3000,4714.6500,4680.3500,4709.1500
2014-02-01,4922.5000,4961.4500,4842.5500,4848.9500
2014-02-03,4690.1500,4702.0000,4643.6500,4648.5500
2014-02-04,4609.8000,4662.2500,4596.0500,4652.5000
2014-02-05,5271.0500,5291.1000,5256.2000,5260.9500
2014-02-06,5829.1000,5914.0500,5818.3000,5911.7000
2014-02-07,6240.1000,6282.2000,6240.1000,6276.9000
2014-02-09,6447.8000,6499.8000,6447.8000,6484.3500
2014-02-10,4709.4500,4714.0000,4688.4500,4692.5500
2014-02-11,4705.0000,4713.7500,4693.9500,4699.6000
2014-02-12,6882.7500,6909.4500,6863.2500,6895.7000
2014-02-13,4715.4500,4718.5500,4643.5500,4650.0000
2014-02-14,4664.4000,4682.4000,4632.8500,4677.8000
2014-02-17,4685.1500,4695.4500,4672.1500,4690.4500
2014-02-18,4689.6500,4740.8000,4688.7000,4731.5000
2014-02-19,4735.3000,4756.6500,4733.9500,4752.9000
2014-02-20,4733.1000,4739.7000,4713.9500,4716.3500
2014-02-21,4728.1500,4764.9000,4728.1500,4762.7500
2014-02-24,4755.3000,4786.2500,4752.7000,4783.1500
2014-02-25,4797.6000,4808.7500,4780.1000,4793.9000
2014-02-26,4796.9000,4819.4000,4796.9000,4816.4000
2014-02-28,4814.4500,4852.0500,4814.4500,4849.5000
2014-03-01,4830.1500,4857.0000,4814.8500,4850.6500
2014-03-02,4690.1500,4702.0000,4643.6500,4648.5500
2014-03-03,4842.3000,4857.8500,4809.5500,4816.3000
2014-03-04,4815.2000,4875.2000,4815.2000,4873.2000
2014-03-05,4896.2000,4906.2000,4871.2500,4900.8500
2014-03-06,4913.7500,4961.9500,4913.7500,4959.1000
2014-03-07,4971.0500,5040.9500,4971.0500,5033.8500
2014-03-09,6506.5000,6536.5500,6500.5000,6517.7000
2014-03-10,5010.3500,5060.7000,5010.3500,5046.4500
2014-03-11,5048.6500,5069.1000,5016.4000,5026.9500
2014-03-12,5017.0500,5050.1500,5011.6000,5028.7000
2014-03-13,5016.6000,5063.6500,4995.8500,5007.2000
2014-03-14,4977.4500,5019.6500,4962.9500,5011.5500
2014-03-18,5031.6000,5063.8000,5020.8000,5035.4000
2014-03-19,5047.7000,5055.4000,5030.9500,5044.2000
2014-03-20,5032.8500,5045.0000,5008.5000,5014.8000
2014-03-21,5037.5500,5041.7000,5024.4500,5031.0500
2014-03-22,5036.8000,5040.9000,5030.0000,5037.5000
2014-03-24,5049.9000,5095.1000,5049.9000,5091.2000
2014-03-25,5071.0500,5105.3500,5071.0500,5102.7500
2014-03-26,5121.9000,5132.2000,5097.0500,5114.7000
2014-03-27,5121.6500,5165.8000,5117.4000,5146.2000
2014-03-28,5170.5000,5206.6500,5161.1000,5202.1500
2014-03-31,5224.4500,5234.3000,5188.0500,5224.8500
2014-04-01,5244.1500,5244.1500,5199.4000,5232.8500
2014-04-02,5261.7000,5276.1000,5246.2500,5272.4000
2014-04-03,4815.2000,4875.2000,4815.2000,4873.2000
2014-04-04,5257.3000,5257.3000,5229.7000,5234.5000
2014-04-06,5960.9500,5982.0500,5955.1000,5972.8500
2014-04-07,5236.3000,5256.6000,5198.5000,5234.2000
2014-04-08,6138.2000,6183.6000,6136.6000,6175.7000
2014-04-09,5254.7000,5321.3000,5252.6000,5315.2500
2014-04-10,5322.2500,5345.8000,5308.8000,5328.4000
2014-04-11,5302.4000,5326.8500,5294.1500,5317.7000
2014-04-12,6968.0000,6995.7000,6928.1500,6960.7500
2014-04-15,5330.2500,5334.9000,5267.1000,5278.1500
2014-04-16,5275.0000,5294.7000,5222.8500,5230.3500
2014-04-17,5246.3000,5312.6500,5242.3000,5310.7500
2014-04-21,5321.4500,5352.5500,5321.4500,5347.2500
2014-04-22,5354.3000,5365.8000,5341.0000,5346.6000
2014-04-23,5352.8000,5377.9500,5351.8500,5362.4500
2014-04-25,5372.8000,5373.8500,5320.1000,5328.6000
2014-04-28,5327.5500,5334.5000,5307.5500,5321.5000
2014-04-29,5330.0500,5338.3000,5283.2500,5286.0500
2014-04-30,5294.8000,5334.1000,5221.9500,5255.6500
2014-05-02,5271.0500,5291.1000,5256.2000,5260.9500
2014-05-03,4896.2000,4906.2000,4871.2500,4900.8500
2014-05-05,5253.7500,5289.6000,5253.7500,5260.3000
2014-05-06,5275.4000,5294.1000,5262.8500,5273.1000
2014-05-07,5269.5000,5278.5000,5227.4500,5232.8500
2014-05-08,5246.3000,5261.7500,5222.4000,5236.6000
2014-05-09,6506.6000,6528.4000,6476.1500,6502.3000
2014-05-11,6726.6000,6742.9500,6707.5500,6713.7500
2014-05-12,5380.2500,5482.9000,5380.2500,5479.7000
2014-05-13,5526.8000,5600.1000,5524.4500,5562.5500
2014-05-14,5569.2500,5593.5000,5555.4500,5583.6000
2014-05-15,5588.9000,5618.3500,5554.4500,5580.3000
2014-05-16,5689.3000,5888.1500,5610.5000,5656.0000
2014-05-19,5711.8500,5766.8500,5682.2000,5762.6000
2014-05-20,5804.9000,5824.4500,5762.2500,5790.9500
2014-05-21,5799.9000,5809.3000,5748.6500,5792.3000
2014-05-22,5828.7000,5872.2000,5813.0500,5841.3000
2014-05-23,5872.8500,5931.6000,5870.0000,5923.6500
2014-05-26,5976.8500,6035.1500,5804.1500,5883.7500
2014-05-27,5888.4000,5888.4000,5796.3000,5844.2000
2014-05-28,5853.3000,5870.6000,5835.7500,5861.2500
2014-05-29,5855.8500,5860.8500,5788.8500,5796.4500
2014-05-30,5813.9500,5831.2000,5789.2500,5802.8500
2014-06-01,4858.8500,4858.8500,4829.6500,4845.0500
2014-06-02,5829.1000,5914.0500,5818.3000,5911.7000
2014-06-03,4913.7500,4961.9500,4913.7500,4959.1000
2014-06-04,5960.9500,5982.0500,5955.1000,5972.8500
2014-06-05,5275.4000,5294.1000,5262.8500,5273.1000
2014-06-06,6078.0500,6134.1500,6067.6000,6129.9500
2014-06-08,6210.4000,6231.8000,6165.4000,6173.6000
2014-06-09,6164.5500,6209.8000,6164.3000,6196.7000
2014-06-10,6218.3000,6218.3000,6125.2000,6192.3000
2014-06-11,6207.2000,6234.2500,6123.6000,6152.5500
2014-06-12,6161.7000,6178.0500,6124.0500,6168.8000
2014-06-13,6184.4500,6191.0000,6040.4500,6057.5000
2014-06-16,6050.0000,6064.0000,5990.7000,6056.7000
2014-06-17,6051.2500,6142.7500,6044.2000,6139.3500
2014-06-18,6146.2500,6177.7000,6049.2000,6084.8500
2014-06-19,6103.0500,6127.3000,6040.9500,6064.7500
2014-06-20,6066.4500,6082.7500,6026.9000,6038.6000
2014-06-23,6044.4000,6065.7000,6001.2500,6037.9500
2014-06-24,6054.2000,6124.4000,6054.2000,6113.8500
2014-06-25,6123.0500,6127.2500,6106.6500,6115.1500
2014-06-26,6107.8000,6119.9000,6058.5500,6065.8000
2014-06-27,6083.3000,6105.8000,6055.3500,6082.1000
2014-06-30,6102.4000,6180.8500,6102.4000,6174.2000
2014-07-01,4854.6500,4868.2500,4811.4500,4820.2500
2014-07-02,6240.1000,6282.2000,6240.1000,6276.9000
2014-07-03,4971.0500,5040.9500,4971.0500,5033.8500
2014-07-04,6273.0500,6300.8500,6230.0000,6297.6000
2014-07-05,5269.5000,5278.5000,5227.4500,5232.8500
2014-07-07,6319.8000,6329.3000,6300.9000,6322.0000
2014-07-08,6160.3000,6195.7000,6141.8500,6153.5000
2014-07-09,6159.2000,6169.0500,6076.2000,6104.0000
2014-07-10,6369.3500,6404.1500,6318.7500,6324.8500
2014-07-11,6116.0000,6153.5500,5981.4500,5991.7000
2014-07-14,5993.6500,6008.5500,5958.9000,5990.7000
2014-07-15,6020.2500,6071.5500,6004.6500,6067.3500
2014-07-16,6096.1500,6157.6000,6080.0000,6147.9000
2014-07-17,6140.5500,6185.9500,6140.5500,6179.4500
2014-07-18,6167.4500,6199.5500,6135.2500,6184.5500
2014-07-21,6213.0500,6234.8000,6193.5000,6200.3000
2014-07-22,6219.5500,6254.4500,6216.4000,6251.3500
2014-07-23,6272.9500,6283.6000,6226.8000,6261.1000
2014-07-24,6263.9000,6283.3500,6242.9500,6278.9500
2014-07-25,6278.7500,6284.3000,6192.6000,6230.4500
2014-07-28,6231.5500,6237.1000,6182.3000,6200.0000
2014-07-30,6196.1000,6237.5000,6168.4500,6232.6000
2014-07-31,6227.4000,6243.5500,6189.5500,6194.4500
2014-08-01,4832.9000,4849.0000,4822.3000,4833.5500
2014-08-04,6138.2000,6183.6000,6136.6000,6175.7000
2014-08-05,6192.3000,6229.5500,6150.2500,6226.4500
2014-08-06,6210.4000,6231.8000,6165.4000,6173.6000
2014-08-07,6336.4500,6336.4500,6131.5500,6152.3000
2014-08-08,6104.0500,6104.0500,6051.3500,6072.6500
2014-08-09,6537.6000,6580.8000,6537.0500,6578.0000
2014-08-10,6308.7000,6341.8000,6296.0000,6316.6500
2014-08-11,6113.9500,6125.8500,6100.2000,6117.6500
2014-08-12,6158.6000,6190.4500,6139.8500,6186.1500
2014-08-13,6177.7000,6205.2500,6130.8500,6167.2000
2014-08-14,6178.2500,6218.0000,6168.5500,6215.6500
2014-08-18,6208.9000,6298.3500,6208.9000,6294.1000
2014-08-19,6316.2000,6335.0500,6309.1000,6328.8000
2014-08-20,6342.2000,6342.2000,6312.8500,6321.6500
2014-08-21,6324.9000,6366.3500,6313.1500,6339.3500
2014-08-22,6351.8500,6367.8000,6342.2000,6352.3500
2014-08-25,6366.0000,6391.3000,6327.1000,6332.4500
2014-08-26,6311.2500,6340.6000,6289.9000,6328.4500
2014-08-27,6352.1000,6365.5000,6339.2500,6355.1500
2014-08-28,6363.7500,6378.9500,6349.6500,6360.7500
2014-09-01,4839.4000,4844.9000,4806.2500,4820.1500
2014-09-02,6447.8000,6499.8000,6447.8000,6484.3500
2014-09-03,6506.5000,6536.5500,6500.5000,6517.7000
2014-09-04,6515.6000,6515.6000,6465.5500,6501.9500
2014-09-05,6506.6000,6528.4000,6476.1500,6502.3000
2014-09-06,6164.5500,6209.8000,6164.3000,6196.7000
2014-09-07,6159.2000,6169.0500,6076.2000,6104.0000
2014-09-08,6537.6000,6580.8000,6537.0500,6578.0000
2014-09-09,6574.6500,6584.9500,6553.6500,6577.0500
2014-09-10,6348.6500,6424.5000,6348.6500,6416.4000
2014-09-11,6558.4000,6572.4500,6527.9500,6554.7500
2014-09-12,6559.8000,6579.3000,6548.4500,6572.7000
2014-09-15,6547.2500,6556.4500,6518.0500,6540.1000
2014-09-16,6538.6000,6550.2500,6404.2000,6411.2500
2014-09-17,6445.2500,6457.7000,6401.5500,6442.5000
2014-09-18,6426.8000,6563.9500,6423.7500,6560.0000
2014-09-19,6574.4500,6603.5000,6551.1500,6561.6500
2014-09-22,6532.5500,6586.8000,6521.0000,6576.6000
2014-09-23,6577.7000,6591.5000,6459.0500,6464.8000
2014-09-24,6463.3000,6481.3000,6393.8000,6437.2500
2014-09-25,6438.7000,6448.9000,6319.1500,6343.1500
2014-09-26,6319.8500,6405.3000,6286.5000,6396.5500
2014-09-29,6403.9500,6435.0500,6383.0000,6408.3000
2014-09-30,6399.0500,6469.5000,6384.8000,6415.7000
2014-10-01,6413.2000,6431.2000,6393.8000,6398.0500
2014-10-02,4709.4500,4714.0000,4688.4500,4692.5500
2014-10-03,5010.3500,5060.7000,5010.3500,5046.4500
2014-10-04,5322.2500,5345.8000,5308.8000,5328.4000
2014-10-06,6218.3000,6218.3000,6125.2000,6192.3000
2014-10-07,6105.9500,6233.0500,6008.2000,6105.2000
2014-10-08,6308.7000,6341.8000,6296.0000,6316.6500
2014-10-09,6562.4500,6563.1500,6531.8500,6540.2500
2014-10-10,6377.9500,6386.8000,6323.3500,6330.3500
2014-10-11,6728.2000,6757.4000,6701.2000,6727.7500
2014-10-12,6751.6000,6809.8500,6751.6000,6796.2500
2014-10-13,6307.7000,6362.3000,6284.5500,6352.4000
2014-10-14,6380.2000,6384.5500,6319.3500,6339.9000
2014-10-16,6317.2000,6359.4500,6208.5500,6225.3000
2014-10-17,6221.9000,6283.5000,6204.0000,6255.1500
2014-10-20,6346.9500,6356.5000,6317.5500,6334.8000
2014-10-21,6355.5000,6384.7000,6340.5000,6378.1500
2014-10-22,6431.4000,6441.7000,6418.5500,6436.5500
2014-10-23,6468.2500,6469.8500,6457.4000,6463.2500
2014-10-27,6498.7500,6498.7500,6434.9500,6438.9000
2014-10-28,6444.0000,6469.3000,6439.6500,6465.1500
2014-10-29,6500.6500,6518.0500,6487.4000,6513.7500
2014-10-30,6510.3500,6575.6500,6510.3500,6570.3000
2014-10-31,6598.0500,6689.5500,6598.0500,6685.7500
2014-11-02,4705.0000,4713.7500,4693.9500,4699.6000
2014-11-03,5048.6500,5069.1000,5016.4000,5026.9500
2014-11-04,5302.4000,5326.8500,5294.1500,5317.7000
2014-11-05,6726.6000,6742.9500,6707.5500,6713.7500
2014-11-06,6207.2000,6234.2500,6123.6000,6152.5500
2014-11-07,6717.4500,6734.1000,6680.1000,6720.9500
2014-11-08,6113.9500,6125.8500,6100.2000,6117.6500
2014-11-09,6558.4000,6572.4500,6527.9500,6554.7500
2014-11-10,6728.2000,6757.4000,6701.2000,6727.7500
2014-11-11,6739.1500,6761.2000,6714.9000,6753.1000
2014-11-12,6784.4000,6793.0000,6725.9000,6744.9500
2014-11-13,6797.5500,6798.5500,6725.8500,6753.5500
2014-11-14,6758.9500,6792.4500,6749.8000,6785.7500
2014-11-17,6781.5500,6829.3000,6766.8000,6825.7500
2014-11-18,6835.8000,6859.3500,6822.7000,6837.3500
2014-11-19,6850.8500,6860.7000,6777.7500,6797.7000
2014-11-20,6815.1500,6817.5500,6767.6000,6806.3000
2014-11-21,6813.0500,6864.4500,6808.8500,6847.3000
2014-11-24,6863.6000,6890.3000,6858.1000,6880.8000
2014-11-25,6882.8500,6882.8500,6776.3000,6810.4500
2014-11-26,6799.4000,6843.2000,6792.7500,6825.4500
2014-11-27,6825.9500,6852.0000,6819.8500,6845.3000
2014-11-28,6864.1500,6944.0500,6864.1500,6918.0500
2014-12-01,6931.5000,6943.5000,6894.0500,6898.0500
2014-12-02,4717.1500,4730.2500,4706.7000,4711.9500
2014-12-03,6903.2500,6942.9500,6901.7500,6935.5500
2014-12-04,6968.0000,6995.7000,6928.1500,6960.7500
2014-12-05,5380.2500,5482.9000,5380.2500,5479.7000
2014-12-06,6161.7000,6178.0500,6124.0500,6168.8000
2014-12-08,6941.9000,6948.8000,6852.8500,6857.1500
2014-12-09,6855.2000,6864.7000,6761.0000,6767.6000
2014-12-10,6751.6000,6809.8500,6751.6000,6796.2500
2014-12-11,6784.4000,6793.0000,6725.9000,6744.9500
2014-12-12,6756.1000,6774.7000,6675.6000,6680.5500
2014-12-15,6632.4000,6687.8000,6632.4000,6667.5500
2014-12-16,6630.2500,6643.7500,6513.1000,6525.2000
2014-12-17,6501.8000,6535.7000,6410.3500,6492.9000
2014-12-18,6579.1000,6633.4500,6561.8000,6625.6000
2014-12-19,6684.1500,6709.0000,6661.0000,6670.1500
2014-12-22,6690.8500,6748.4000,6676.4000,6744.1500
2014-12-23,6748.3500,6778.8000,6692.5500,6703.0000
2014-12-24,6706.9500,6718.4500,6641.4500,6650.6000
2014-12-26,6672.1500,6696.8000,6635.2500,6674.8000
2014-12-29,6688.7500,6741.4500,6688.7500,6718.6000
2014-12-30,6730.6500,6739.2000,6708.6500,6733.7500
2014-12-31,6730.5000,6779.3000,6730.5000,6773.6500
2015-01-01,6767.6000,6794.2500,6755.0000,6786.1000
2015-01-02,6792.4000,6883.0500,6792.4000,6866.4500
2015-01-04,6975.8000,7068.8500,6964.6500,7060.2000
2015-01-05,6877.3500,6913.2500,6848.2500,6857.4500
2015-01-06,6817.6500,6817.6500,6646.4000,6656.8000
2015-01-07,6653.6500,6680.5000,6605.4000,6644.9500
2015-01-08,6715.3500,6758.2500,6708.0000,6755.4500
2015-01-09,6798.4500,6811.3000,6727.3500,6783.0000
2015-01-10,6685.6500,6694.1000,6640.8000,6654.5000
2015-01-12,6707.5500,6721.1500,6694.7000,6712.5000
2015-01-13,6835.2500,6846.7000,6777.7000,6801.4000
2015-01-14,6810.2000,6828.9000,6759.5500,6787.1500
2015-01-15,6897.1500,6962.1500,6870.9500,6937.5000
2015-01-16,6945.1000,6970.9500,6913.3500,6961.4500
2015-01-19,6988.3000,7013.3000,6984.4500,6992.1500
2015-01-20,7013.1500,7088.5500,7013.1500,7080.6500
2015-01-21,7100.5000,7117.0000,7071.9000,7099.6000
2015-01-22,7111.6500,7136.1000,7092.9500,7121.8500
2015-01-23,7176.0000,7191.9000,7137.4500,7170.2500
2015-01-27,7197.7500,7236.8000,7169.8000,7229.0500
2015-01-28,7224.7500,7290.4500,7210.6500,7241.5500
2015-01-29,7234.4000,7264.5500,7203.2500,7257.2500
2015-01-30,7293.2500,7293.2500,7140.1500,7166.7000
2015-02-01,6792.4000,6883.0500,6792.4000,6866.4500
2015-02-02,7164.6000,7196.6000,7142.0000,7172.9000
2015-02-03,7196.7500,7203.7500,7124.2000,7137.4500
2015-02-04,7164.8000,7164.8000,7095.3000,7108.7500
2015-02-05,7116.8000,7176.7000,7056.4000,7076.6500
2015-02-06,7070.0500,7087.2000,7019.7000,7029.4500
2015-02-07,6992.5500,7010.2000,6974.3500,6983.3500
2015-02-09,6973.3500,6978.6500,6915.4500,6922.3500
2015-02-10,6889.2500,7022.9500,6888.0500,6959.9000
2015-02-11,6747.4000,6747.6500,6695.4000,6740.9000
2015-02-12,6731.3500,6731.3500,6680.6000,6699.8000
2015-02-13,7134.1000,7186.3000,7129.8000,7176.2000
2015-02-16,7200.6000,7227.0500,7162.0000,7175.0000
2015-02-18,7182.2000,7242.4500,7182.2000,7228.5500
2015-02-19,7245.5500,7258.9500,7168.0000,7242.8500
2015-02-20,7250.7500,7250.7500,7194.9000,7209.4000
2015-02-23,7233.3500,7237.1500,7134.5000,7147.5500
2015-02-24,7162.5500,7171.4500,7123.2000,7146.6000
2015-02-25,7177.4500,7204.7500,7134.2500,7144.2000
2015-02-26,7154.7500,7154.7500,7066.0500,7077.5000
2015-02-27,7111.1000,7217.0500,7111.1000,7210.3000
2015-02-28,7262.7000,7273.1000,7131.4000,7239.4500
2015-03-02,7196.7500,7203.7500,7124.2000,7137.4500
2015-03-03,7309.5000,7352.6000,7288.0500,7345.5500
2015-03-04,7426.8000,7428.1000,7260.6000,7279.8000
2015-03-05,7287.8000,7314.8000,7238.5000,7303.3500
2015-03-06,6798.4000,6798.4000,6645.8500,6703.4500
2015-03-07,6984.6500,7028.1500,6984.6000,7003.9500
2015-03-08,7099.7500,7146.9000,7099.7500,7129.0000
2015-03-09,6523.4500,6580.7500,6515.4500,6560.0500
2015-03-10,7184.4000,7199.0000,7116.7500,7141.7000
2015-03-11,6771.9500,6781.6000,6733.5000,6755.1500
2015-03-12,7158.8500,7209.8000,7158.8500,7202.6000
2015-03-13,7253.7500,7253.7500,7089.2000,7099.9000
2015-03-16,7111.0500,7111.3000,7064.5500,7078.9500
2015-03-17,7122.1000,7166.4000,7087.2500,7154.0500
2015-03-18,7172.6500,7175.1000,7120.6500,7137.0500
2015-03-19,7189.5500,7217.7000,7086.2500,7096.7500
2015-03-20,7096.2000,7096.2000,7016.0500,7028.2000
2015-03-23,7045.8000,7053.1000,6990.1500,6997.6000
2015-03-24,6991.7000,7040.1500,6980.3000,6984.7500
2015-03-25,7005.2500,7006.3000,6963.7000,6972.4500
2015-03-26,6934.2000,6945.6500,6836.1500,6846.2500
2015-03-27,6889.1000,6894.7500,6778.4500,6846.6000
2015-03-30,6889.3500,6976.7500,6889.2000,6969.9500
2015-03-31,7001.7000,7020.8000,6952.3500,6978.1500
2015-04-01,6975.8000,7068.8500,6964.6500,7060.2000
2015-04-02,7164.8000,7164.8000,7095.3000,7108.7500
2015-04-03,7426.8000,7428.1000,7260.6000,7279.8000
2015-04-05,6790.8000,6883.2000,6788.5500,6873.4000
2015-04-06,7087.0500,7131.5500,7059.6500,7126.7500
2015-04-07,7148.8500,7158.1000,7083.6500,7144.4000
2015-04-08,7150.2000,7154.0500,7074.7500,7136.3000
2015-04-09,7229.9000,7237.3500,7171.1000,7234.0000
2015-04-10,7236.0000,7251.4500,7217.4500,7246.0500
2015-04-11,6790.1000,6796.3500,6733.5500,6741.2000
2015-04-12,6612.8000,6618.1000,6581.9000,6584.9000
2015-04-13,7266.1500,7292.0000,7245.6000,7286.2000
2015-04-15,7299.5500,7299.5500,7205.4500,7224.2000
2015-04-16,7233.8500,7233.8500,7134.5000,7183.3500
2015-04-17,7180.4000,7180.4000,7087.1000,7093.8500
2015-04-20,7104.6500,7104.6500,6933.0000,6958.0000
2015-04-21,6943.5000,6977.1000,6890.1000,6908.0000
2015-04-22,6928.3000,6948.5000,6836.6500,6938.0000
2015-04-23,6978.3500,7002.5500,6899.5000,6922.4000
2015-04-24,6931.5500,6931.5500,6804.2000,6826.5500
2015-04-27,6846.7000,6846.7000,6715.9000,6723.9000
2015-04-28,6720.6500,6808.0000,6698.4500,6794.6500
2015-04-29,6793.7000,6823.1000,6757.9000,6781.7000
2015-04-30,6771.0500,6771.0500,6714.9500,6749.6500
2015-05-01,6877.3500,6913.2500,6848.2500,6857.4500
2015-05-02,7116.8000,7176.7000,7056.4000,7076.6500
2015-05-03,7287.8000,7314.8000,7238.5000,7303.3500
2015-05-04,6790.8000,6883.2000,6788.5500,6873.4000
2015-05-05,6880.6500,6900.4500,6847.4000,6878.5000
2015-05-06,6869.9500,6871.9000,6671.3500,6680.9000
2015-05-07,6667.5000,6688.7500,6572.7000,6616.8500
2015-05-08,6676.1500,6752.6500,6676.1500,6728.9000
2015-05-10,6700.8000,6794.3500,6700.8000,6789.1000
2015-05-11,6771.3500,6843.3000,6765.0500,6839.0000
2015-05-12,6842.6000,6842.6000,6683.1500,6689.4000
2015-05-13,6733.3000,6793.2000,6677.9500,6780.4000
2015-05-14,6778.5000,6804.1500,6720.0000,6796.7500
2015-05-15,6813.1000,6842.1500,6798.7500,6827.0500
2015-05-18,6845.8500,6916.1000,6839.3000,6910.8500
2015-05-19,6901.7000,6955.0500,6886.9000,6909.7000
2015-05-20,6933.8000,6966.2500,6933.6000,6944.4000
2015-05-21,6956.2000,6958.1500,6909.7500,6938.7500
2015-05-22,6951.3500,6988.3000,6941.4000,6964.4500
2015-05-25,6953.2500,6956.8000,6907.1000,6911.1500
2015-05-26,6919.5000,6921.3000,6876.2000,6890.6000
2015-05-27,6858.5500,6890.5500,6842.8000,6885.1000
2015-05-28,6895.3500,6904.9000,6828.1000,6867.7500
2015-05-29,6878.5000,6963.9500,6864.8500,6959.8500
2015-06-01,6947.7000,6980.6500,6947.7000,6957.4500
2015-06-02,6966.5000,6966.5000,6793.0000,6799.4500
2015-06-03,6798.4000,6798.4000,6645.8500,6703.4500
2015-06-04,7087.0500,7131.5500,7059.6500,7126.7500
2015-06-05,6869.9500,6871.9000,6671.3500,6680.9000
2015-06-07,6922.9000,7048.3500,6922.9000,7043.4000
2015-06-08,7203.3000,7214.3000,7174.3500,7202.0000
2015-06-09,6617.8000,6640.7000,6597.3500,6612.9000
2015-06-10,6835.9500,6835.9500,6778.8500,6818.6500
2015-06-11,6721.8500,6724.3500,6564.4500,6568.5000
2015-06-12,6562.0500,6584.3000,6543.5500,6577.4000
2015-06-15,6584.7000,6634.2000,6558.6000,6600.6500
2015-06-16,6598.2500,6636.3000,6555.1500,6627.0000
2015-06-17,6657.5500,6711.9500,6639.1500,6680.8000
2015-06-18,6698.6500,6753.9000,6697.7000,6746.8500
2015-06-19,6770.3500,6803.8000,6768.1000,6785.1000
2015-06-22,6813.3500,6896.9500,6813.3500,6889.7000
2015-06-23,6909.3000,6930.1500,6877.5000,6912.4500
2015-06-24,6926.9000,6938.2500,6871.6500,6887.8000
2015-06-25,6871.3500,6930.9000,6870.3500,6917.5500
2015-06-26,6913.2500,6924.1500,6873.1000,6908.8500
2015-06-29,6792.9000,6848.9500,6752.7500,6843.9500
2015-06-30,6844.2000,6900.0500,6843.3500,6897.2000
2015-07-01,6653.6500,6680.5000,6605.4000,6644.9500
2015-07-02,6992.5500,7010.2000,6974.3500,6983.3500
2015-07-03,6984.6500,7028.1500,6984.6000,7003.9500
2015-07-04,7148.8500,7158.1000,7083.6500,7144.4000
2015-07-05,6667.5000,6688.7500,6572.7000,6616.8500
2015-07-06,6922.9000,7048.3500,6922.9000,7043.4000
2015-07-07,7052.6500,7081.9500,7025.2000,7051.0500
2015-07-08,6993.6500,7020.0000,6919.6000,6939.7000
2015-07-09,6444.8000,6458.6000,6316.7000,6323.4000
2015-07-10,6817.6500,6845.2000,6807.6000,6835.8000
2015-07-12,6615.2500,6622.5000,6566.0000,6576.8500
2015-07-13,6964.1500,7021.8500,6940.2500,7016.5500
2015-07-14,7030.6500,7042.4000,7002.0000,7020.2500
2015-07-15,7030.8500,7075.2500,7030.8500,7065.6500
2015-07-16,7086.0000,7142.2000,7086.0000,7136.8000
2015-07-17,7154.2500,7166.9500,7132.6000,7148.0500
2015-07-20,7161.5000,7161.5000,7121.1500,7148.5000
2015-07-21,7151.6500,7167.2500,7060.5500,7070.3000
2015-07-22,7058.6000,7154.3500,7051.2500,7149.4500
2015-07-23,7164.4000,7172.7000,7120.0000,7129.3500
2015-07-24,7131.0000,7131.9000,7068.6000,7074.9500
2015-07-27,7055.7000,7055.7000,6950.8000,6955.3500
2015-07-28,6968.1500,6983.7000,6930.0000,6935.6500
2015-07-29,6960.1500,6977.5500,6944.4500,6974.1500
2015-07-30,7008.7500,7046.1500,7006.5500,7019.6000
2015-07-31,7045.7000,7117.2000,7045.7000,7106.2000
2015-08-01,6715.3500,6758.2500,6708.0000,6755.4500
2015-08-03,7099.7500,7146.9000,7099.7500,7129.0000
2015-08-04,7176.7000,7205.7500,7168.4000,7193.6000
2015-08-05,6676.1500,6752.6500,6676.1500,6728.9000
2015-08-06,6710.2500,6710.2500,6622.3500,6631.3000
2015-08-07,6993.6500,7020.0000,6919.6000,6939.7000
2015-08-09,6344.8500,6436.1000,6286.7000,6407.0000
2015-08-10,7197.3000,7233.7500,7138.3500,7157.5500
2015-08-11,7179.2000,7179.2000,7079.1500,7101.1000
2015-08-12,7086.7500,7086.7500,6979.6000,6986.4500
2015-08-13,7017.8500,7059.1500,6964.8500,6976.6000
2015-08-14,7015.8000,7120.0000,7001.1500,7112.5000
2015-08-17,7125.5000,7125.5000,7048.4500,7098.7000
2015-08-18,7126.3500,7147.9500,7076.5000,7106.4000
2015-08-19,7108.3000,7148.9500,7079.5500,7125.8500
2015-08-20,7111.8500,7130.3000,7010.7000,7016.9500
2015-08-21,6955.9000,6973.9000,6889.0000,6961.0000
2015-08-24,6753.4500,6753.4500,6468.0500,6493.8500
2015-08-25,6567.5500,6601.3000,6352.9000,6569.8500
2015-08-26,6560.1500,6621.3000,6487.0000,6513.3500
2015-08-27,6622.4500,6667.0500,6583.1000,6657.2500
2015-08-28,6738.8000,6772.7500,6666.6500,6694.4500
2015-08-31,6700.1000,6730.0500,6649.6500,6669.3500
2015-09-01,6617.0000,6642.4000,6490.2000,6522.2500
2015-09-02,6973.3500,6978.6500,6915.4500,6922.3500
2015-09-03,6523.4500,6580.7500,6515.4500,6560.0500
2015-09-04,6548.4500,6548.4500,6392.8500,6421.0500
2015-09-06,6617.8000,6640.7000,6597.3500,6612.9000
2015-09-07,6444.8000,6458.6000,6316.7000,6323.4000
2015-09-08,6344.8500,6436.1000,6286.7000,6407.0000
2015-09-09,6501.7500,6545.0000,6480.9000,6522.3000
2015-09-10,6447.4000,6526.0000,6403.9500,6504.5000
2015-09-11,6516.2000,6657.4000,6500.9500,6641.4000
2015-09-12,6510.0000,6511.9500,6420.9500,6425.3500
2015-09-14,6536.2000,6586.6500,6504.4000,6582.7000
2015-09-15,6583.6500,6595.3000,6523.8500,6543.2500
2015-09-16,6589.7000,6590.1500,6549.2000,6571.6000
2015-09-18,6628.1500,6694.6000,6626.2500,6636.9500
2015-09-21,6586.8000,6654.5000,6586.1500,6647.1500
2015-09-22,6680.3000,6686.6000,6512.8000,6528.5500
2015-09-23,6468.1500,6576.6000,6457.2500,6553.9000
2015-09-24,6553.5000,6592.5500,6529.4000,6573.9000
2015-09-28,6595.3500,6595.3500,6519.3500,6524.2500
2015-09-29,6465.1000,6605.9000,6434.5000,6552.3500
2015-09-30,6614.0000,6651.6500,6585.9000,6646.1000
2015-10-01,6685.6500,6694.1000,6640.8000,6654.5000
2015-10-02,6889.2500,7022.9500,6888.0500,6959.9000
2015-10-03,7184.4000,7199.0000,7116.7500,7141.7000
2015-10-04,7236.0000,7251.4500,7217.4500,7246.0500
2015-10-05,6700.8000,6794.3500,6700.8000,6789.1000
2015-10-06,6835.9500,6835.9500,6778.8500,6818.6500
2015-10-07,6817.6500,6845.2000,6807.6000,6835.8000
2015-10-08,6850.4000,6850.4000,6776.1000,6793.8000
2015-10-09,6840.1000,6869.7000,6795.7000,6829.4000
2015-10-11,6618.0000,6624.7000,6528.9500,6536.4500
2015-10-12,6451.7000,6488.4500,6420.8500,6484.2500
2015-10-13,6794.5500,6809.9000,6762.5000,6797.5500
2015-10-14,6782.5000,6810.4500,6780.7000,6786.0500
2015-10-15,6810.7500,6842.4000,6810.7500,6834.0500
2015-10-16,6850.5500,6874.9000,6813.2500,6870.8500
2015-10-19,6891.0500,6911.5000,6876.0000,6907.7000
2015-10-20,6916.9500,6931.8000,6881.7500,6907.1000
2015-10-21,6908.8000,6931.9500,6867.4000,6895.7500
2015-10-23,6944.1000,6952.0000,6904.8500,6913.0500
2015-10-26,6943.5500,6943.5500,6875.6500,6882.6000
2015-10-27,6863.0000,6874.4000,6855.6000,6870.3500
2015-10-28,6843.5500,6859.6000,6798.1500,6828.1500
2015-10-29,6833.1000,6833.1000,6777.6500,6784.8500
2015-10-30,6796.0500,6815.8000,6733.8500,6750.9500
2015-11-02,6747.4000,6747.6500,6695.4000,6740.9000
2015-11-03,7156.1500,7166.2000,7115.8000,7126.6000
2015-11-04,6790.1000,6796.3500,6733.5500,6741.2000
2015-11-05,6771.3500,6843.3000,6765.0500,6839.0000
2015-11-06,6721.8500,6724.3500,6564.4500,6568.5000
2015-11-08,7179.2000,7179.2000,7079.1500,7101.1000
2015-11-09,6544.7000,6566.2500,6491.6500,6511.5500
2015-11-10,6618.0000,6624.7000,6528.9500,6536.4500
2015-11-11,6585.6500,6589.5000,6581.8500,6585.1500
2015-11-12,6499.3000,6499.3000,6399.9500,6425.4500
2015-11-13,6540.2500,6540.5000,6500.7500,6526.6000
2015-11-16,6506.6000,6573.5000,6487.4500,6551.4500
2015-11-17,6586.4000,6595.3000,6547.7000,6580.8000
2015-11-18,6574.8000,6591.6000,6502.6500,6507.5500
2015-11-19,6551.3500,6601.9000,6537.6000,6594.5500
2015-11-20,6599.0000,6649.7500,6586.7000,6615.6500
2015-11-23,6630.3000,6639.4000,6599.4500,6615.5000
2015-11-24,6610.1500,6636.2500,6602.0000,6609.1000
2015-11-26,6618.5000,6653.9500,6618.5000,6644.9000
2015-11-27,6667.9000,6696.8500,6646.4500,6686.9000
2015-11-30,6686.5500,6706.8500,6679.4500,6686.1000
2015-12-01,6790.6000,6819.1000,6763.2000,6815.0500
2015-12-02,6731.3500,6731.3500,6680.6000,6699.8000
2015-12-03,7158.8500,7209.8000,7158.8500,7202.6000
2015-12-04,6612.8000,6618.1000,6581.9000,6584.9000
2015-12-05,6842.6000,6842.6000,6683.1500,6689.4000
2015-12-06,6562.0500,6584.3000,6543.5500,6577.4000
2015-12-07,6615.2500,6622.5000,6566.0000,6576.8500
2015-12-08,7086.7500,7086.7500,6979.6000,6986.4500
2015-12-09,6510.0000,6511.9500,6420.9500,6425.3500
2015-12-10,6861.4000,6868.4000,6788.9000,6802.3000
2015-12-11,6499.3000,6499.3000,6399.9500,6425.4500
2015-12-14,6389.7000,6467.2000,6386.4500,6457.6000
2015-12-15,6467.1000,6504.3000,6446.8500,6501.7500
2015-12-16,6524.9000,6562.7500,6518.2000,6535.4500
2015-12-17,6565.6000,6626.6000,6538.2000,6621.7500
2015-12-18,6611.3500,6620.8500,6565.5500,6570.8000
2015-12-21,6563.6500,6630.7000,6562.0000,6628.0500
2015-12-22,6629.7500,6644.8000,6590.8000,6595.8500
2015-12-23,6630.3000,6656.4500,6630.3000,6652.7500
2015-12-24,6672.6000,6672.6000,6637.4000,6656.7500
2015-12-28,6663.4500,6707.2500,6663.4500,6700.7000
2015-12-29,6707.6500,6717.2500,6685.4500,6705.2500
2015-12-30,6715.8000,6718.3000,6681.0000,6685.4500
2015-12-31,6690.6500,6727.7500,6687.4500,6724.7500
2016-01-01,6723.1000,6758.5500,6707.4500,6753.6500
2016-01-02,6367.3500,6374.5500,6330.8000,6341.6000
2016-01-03,5866.6500,6027.4500,5866.6500,6020.0500
2016-01-04,6729.5000,6748.4000,6622.5000,6630.8000
2016-01-05,6659.8500,6664.1000,6614.9500,6639.5000
2016-01-06,6820.0000,6850.4500,6811.1000,6815.4500
2016-01-07,6550.4000,6550.4000,6437.9000,6446.8500
2016-01-08,7350.2500,7395.0000,7292.3500,7335.0500
2016-01-09,7498.2500,7512.3000,7463.6000,7474.3000
2016-01-11,7525.2500,7539.1000,7491.8000,7502.2000
2016-01-12,7099.6000,7103.8000,7034.6500,7040.2500
2016-01-13,6445.6500,6467.0000,6294.3000,6415.9500
2016-01-14,6334.8000,6433.9500,6304.1000,6378.2000
2016-01-15,6400.9000,6403.0500,6257.2500,6262.4000
2016-01-18,6247.2000,6273.2000,6139.7000,6149.1500
2016-01-19,6172.4500,6243.1000,6156.0500,6225.2000
2016-01-20,6163.2000,6163.2000,6055.3000,6115.7500
2016-01-21,6171.2000,6196.3000,6067.3000,6092.0500
2016-01-22,6157.7000,6222.7500,6137.4500,6216.7000
2016-01-25,6259.8000,6275.5000,6226.4000,6234.4500
2016-01-27,6263.2500,6271.7000,6221.5000,6242.4000
2016-01-28,6235.0500,6261.8500,6224.8000,6230.0000
2016-01-29,6228.0500,6346.2000,6228.0500,6339.4500
2016-02-01,6367.3500,6374.5500,6330.8000,6341.6000
2016-02-02,6351.6000,6359.1500,6235.1500,6252.2000
2016-02-03,6095.3000,6151.0500,6094.0500,6137.1500
2016-02-04,6213.2500,6236.8500,6154.0500,6186.2500
2016-02-05,6569.5500,6587.0500,6548.9500,6580.1500
2016-02-06,6802.8500,6856.2000,6795.4000,6849.2000
2016-02-08,7346.1500,7372.3500,7306.7500,7310.9000
2016-02-09,7491.5000,7513.9000,7474.7500,7504.6000
2016-02-10,6100.8000,6102.7000,6022.2000,6051.9500
2016-02-11,7433.5500,7433.5500,7383.3000,7391.4000
2016-02-12,5878.8000,5878.8000,5722.8000,5833.4000
2016-02-15,5903.8000,6013.5500,5903.8000,5999.0500
2016-02-16,6028.0500,6028.0500,5882.8500,5889.1000
2016-02-17,5897.9000,5940.9500,5801.0500,5930.1500
2016-02-18,5986.8500,6016.8000,5937.4500,5988.8000
2016-02-19,5973.3500,6009.0500,5955.5000,6000.4000
2016-02-22,6007.1500,6034.6500,6000.3000,6024.1500
2016-02-23,6031.6000,6031.6000,5923.7500,5930.9000
2016-02-24,5906.5000,5911.9500,5853.3500,5859.7500
2016-02-25,5871.5000,5871.5000,5810.6500,5816.5000
2016-02-26,5870.5500,5878.9000,5818.5000,5852.9000
2016-02-29,5869.8500,5897.9500,5717.0000,5829.9500
2016-03-01,5866.6500,6027.4500,5866.6500,6020.0500
2016-03-02,6198.5500,6209.9500,6159.2500,6166.2000
2016-03-03,6183.9000,6223.0000,6162.3500,6218.4000
2016-03-04,6242.6000,6249.8500,6200.4500,6239.3500
2016-03-05,6597.1500,6642.8500,6527.8500,6533.5500
2016-03-06,6871.8500,6885.7000,6839.6000,6844.7500
2016-03-08,7321.5500,7321.5500,7220.6500,7232.8000
2016-03-09,6208.2000,6279.5000,6193.4500,6275.1000
2016-03-10,7443.1500,7535.0000,7429.5000,7532.2500
2016-03-11,7382.7500,7420.0000,7335.7500,7344.1000
2016-03-14,6287.3000,6317.5000,6263.0500,6282.7000
2016-03-15,6282.7000,6282.7000,6214.7000,6222.6500
2016-03-16,6221.1000,6244.5000,6166.9500,6238.4500
2016-03-17,6287.0500,6307.8000,6233.9000,6255.7500
2016-03-18,6273.0000,6325.9000,6254.9500,6322.6500
2016-03-21,6336.7000,6411.8000,6336.7000,6406.7000
2016-03-22,6406.8000,6426.3000,6363.4500,6418.3000
2016-03-23,6421.2000,6430.0000,6389.5000,6423.7000
2016-03-28,6441.0000,6441.2000,6318.6000,6334.7000
2016-03-29,6329.2000,6359.3000,6302.0500,6323.0000
2016-03-30,6366.0500,6440.8000,6366.0500,6436.7000
2016-03-31,6437.1000,6468.0500,6420.2000,6452.1500
2016-04-01,6729.5000,6748.4000,6622.5000,6630.8000
2016-04-02,6213.2500,6236.8500,6154.0500,6186.2500
2016-04-03,6242.6000,6249.8500,6200.4500,6239.3500
2016-04-04,6465.9500,6482.5000,6439.6500,6479.6000
2016-04-05,6462.9000,6462.9000,6350.2000,6358.3500
2016-04-06,6381.9500,6383.2500,6352.1000,6378.0000
2016-04-07,6391.7500,6391.7500,6322.1500,6329.8000
2016-04-08,7281.7000,7281.7000,7215.4000,7248.5500
2016-04-10,7560.6000,7576.1000,7533.0500,7567.7000
2016-04-11,7359.7000,7359.9000,7245.5000,7274.1000
2016-04-12,6433.7000,6475.5000,6432.1000,6470.1000
2016-04-13,6524.6500,6587.0500,6524.5000,6575.3500
2016-04-18,6610.9000,6638.6000,6568.9000,6635.0500
2016-04-20,6663.2500,6669.8000,6615.4000,6643.3000
2016-04-21,6675.4000,6694.9500,6615.1000,6634.3000
2016-04-22,6621.8500,6646.1000,6610.0500,6627.9500
2016-04-25,6627.0000,6635.4000,6573.9000,6593.4500
2016-04-26,6577.2000,6676.3500,6570.6000,6669.5000
2016-04-27,6660.4500,6695.2500,6659.9000,6684.3000
2016-04-28,6680.0000,6695.2000,6575.4500,6583.1500
2016-04-29,6583.5500,6616.8500,6533.8500,6588.5500
2016-05-01,6659.8500,6664.1000,6614.9500,6639.5000
2016-05-02,6201.4500,6280.1500,6191.3000,6270.5000
2016-05-03,6597.1500,6642.8500,6527.8500,6533.5500
2016-05-04,6515.6500,6529.1000,6477.9000,6484.3500
2016-05-05,6503.1500,6532.5500,6479.6000,6500.0500
2016-05-06,6488.4500,6508.5500,6463.7000,6504.5500
2016-05-07,7078.4500,7078.4500,7035.2000,7051.0000
2016-05-08,7289.5500,7368.2000,7289.5500,7364.0500
2016-05-09,6525.5500,6608.1000,6525.5500,6603.2500
2016-05-10,7599.4000,7600.5500,7542.6500,7565.5000
2016-05-11,6549.6500,6625.3500,6533.6000,6593.0000
2016-05-12,6611.9000,6646.0500,6603.3000,6640.9000
2016-05-13,6628.4500,6634.9500,6566.7000,6582.3000
2016-05-16,6595.5500,6616.7000,6548.9500,6608.2500
2016-05-17,6638.0000,6666.6000,6622.5000,6629.7000
2016-05-18,6600.1000,6629.1500,6577.0500,6621.5500
2016-05-19,6626.2500,6626.2500,6537.4000,6546.5000
2016-05-20,6555.6500,6567.4000,6503.8500,6513.1000
2016-05-23,6560.5500,6560.5500,6491.0000,6495.2500
2016-05-24,6502.6500,6507.0000,6472.3500,6498.6000
2016-05-25,6547.3500,6631.2000,6547.3500,6626.8500
2016-05-26,6655.3000,6732.4500,6636.8500,6725.2000
2016-05-27,6739.2000,6801.8000,6739.2000,6797.0000
2016-05-30,6811.1500,6835.6500,6795.3000,6820.3000
2016-05-31,6842.6500,6842.6500,6782.5000,6804.0000
2016-06-01,6645.0500,6660.3000,6593.0500,6607.6500
2016-06-02,6802.8500,6856.2000,6795.4000,6849.2000
2016-06-03,6871.8500,6885.7000,6839.6000,6844.7500
2016-06-04,6381.9500,6383.2500,6352.1000,6378.0000
2016-06-05,6488.4500,6508.5500,6463.7000,6504.5500
2016-06-06,6853.3500,6858.1000,6822.1000,6832.3000
2016-06-07,6859.2000,6903.6500,6848.4000,6884.1500
2016-06-08,6899.0500,6906.8000,6883.4500,6901.8000
2016-06-09,6908.3000,6908.3000,6843.5500,6857.7500
2016-06-10,6846.0500,6907.3000,6828.5000,6832.0500
2016-06-12,7007.1500,7030.3500,6994.0500,7001.6000
2016-06-13,6778.2500,6791.5000,6745.7000,6785.1500
2016-06-14,6804.6000,6804.6000,6762.5000,6793.8500
2016-06-15,6819.1500,6870.3500,6810.9000,6865.0500
2016-06-16,6851.0500,6851.0500,6767.8500,6819.8500
2016-06-17,6851.2500,6865.0000,6815.5000,6842.3500
2016-06-20,6798.2000,6894.4500,6791.1500,6891.3000
2016-06-21,6906.6500,6906.6500,6873.5500,6886.1500
2016-06-22,6885.9000,6902.7000,6839.8000,6871.0000
2016-06-23,6871.8000,6919.8500,6852.3000,6910.5500
2016-06-24,6722.2500,6780.5000,6630.5500,6775.5500
2016-06-27,6743.7000,6820.4000,6743.7000,6803.7000
2016-06-28,6811.5000,6850.4000,6811.5000,6837.7500
2016-06-29,6874.3500,6912.9500,6872.1000,6907.1000
2016-06-30,6951.8500,6990.5000,6944.4500,6980.8000
2016-07-01,6550.4000,6550.4000,6437.9000,6446.8500
2016-07-04,6391.7500,6391.7500,6322.1500,6329.8000
2016-07-05,7078.4500,7078.4500,7035.2000,7051.0000
2016-07-06,6859.2000,6903.6500,6848.4000,6884.1500
2016-07-07,7058.8500,7071.7500,7039.7000,7050.1000
2016-07-08,7062.2500,7062.2500,7008.0500,7039.4000
2016-07-09,7638.1500,7638.5500,7599.8500,7607.2000
2016-07-10,7552.4000,7557.9000,7496.8500,7527.2000
2016-07-11,7360.7500,7366.9500,7317.8500,7330.9500
2016-07-12,7026.6000,7037.7500,6948.9500,6971.2000
2016-07-13,7208.9000,7213.1000,7161.0500,7177.0000
2016-07-14,7178.4000,7218.2500,7169.6500,7215.3500
2016-07-15,7223.6000,7245.0500,7181.5000,7194.4000
2016-07-18,7214.3000,7232.0000,7154.5500,7162.2500
2016-07-19,7169.2500,7186.2000,7134.5500,7178.2000
2016-07-20,7174.0000,7222.7500,7174.0000,7221.3000
2016-07-21,7241.8500,7243.7000,7182.6500,7186.7000
2016-07-22,7197.0000,7230.1000,7173.9000,7227.4500
2016-07-25,7222.5500,7307.6000,7222.5500,7305.6000
2016-07-26,7309.1000,7320.8000,7259.9000,7270.0000
2016-07-27,7282.5000,7328.1500,7258.0000,7297.9000
2016-07-28,7315.7000,7343.8000,7309.9500,7338.6500
2016-07-29,7344.5000,7357.4500,7324.4000,7330.0000
2016-08-01,6483.9500,6512.3500,6466.7000,6490.8500
2016-08-02,7346.1500,7372.3500,7306.7500,7310.9000
2016-08-03,7321.5500,7321.5500,7220.6500,7232.8000
2016-08-04,6327.1000,6351.7000,6316.1500,6346.6500
2016-08-05,7289.5500,7368.2000,7289.5500,7364.0500
2016-08-06,6899.0500,6906.8000,6883.4500,6901.8000
2016-08-07,7062.2500,7062.2500,7008.0500,7039.4000
2016-08-08,7391.3000,7406.4000,7376.4500,7398.2500
2016-08-09,7610.5500,7647.5000,7598.2000,7642.7000
2016-08-10,7377.6000,7377.6000,7270.1000,7277.0000
2016-08-11,7366.3500,7377.6000,7314.2500,7366.0500
2016-08-12,7015.8000,7094.2000,7014.7500,7089.2500
2016-08-16,7350.6000,7362.8500,7305.4500,7339.2500
2016-08-17,7341.2500,7368.2500,7322.8500,7343.7000
2016-08-18,7364.6500,7398.6500,7364.6500,7390.2000
2016-08-19,7408.1500,7413.3000,7378.9500,7397.8000
2016-08-22,7400.6000,7414.0000,7354.1500,7363.8000
2016-08-23,7363.8500,7369.5500,7320.9000,7359.7500
2016-08-24,7372.9500,7393.3500,7364.1000,7386.0500
2016-08-25,7404.1000,7416.0500,7337.2000,7343.5000
2016-08-26,7363.3000,7374.3000,7317.9000,7334.8000
2016-08-29,7344.6000,7367.8500,7308.1000,7361.0000
2016-08-30,7393.0000,7465.5500,7393.0000,7461.9500
2016-08-31,7473.9000,7520.4500,7473.9000,7490.6500
2016-09-01,7498.2500,7512.3000,7463.6000,7474.3000
2016-09-02,7491.5000,7513.9000,7474.7500,7504.6000
2016-09-03,6208.2000,6279.5000,6193.4500,6275.1000
2016-09-05,6525.5500,6608.1000,6525.5500,6603.2500
2016-09-06,7540.8000,7619.9500,7540.8000,7615.0000
2016-09-07,7638.1500,7638.5500,7599.8500,7607.2000
2016-09-08,7610.5500,7647.5000,7598.2000,7642.7000
2016-09-09,7634.5000,7634.5000,7567.6000,7575.5500
2016-09-11,6924.9500,7276.7000,6829.8000,7247.4500
2016-09-12,7459.7000,7469.5000,7410.1000,7420.5000
2016-09-14,7423.4000,7462.7500,7409.8500,7455.3000
2016-09-15,7471.0000,7475.3500,7435.2000,7462.7000
2016-09-16,7499.1000,7553.8000,7461.4500,7487.2000
2016-09-19,7500.1000,7525.9000,7486.0500,7513.8000
2016-09-20,7522.9000,7523.8500,7478.1000,7490.3000
2016-09-21,7504.6500,7534.1000,7478.4500,7491.7000
2016-09-22,7570.4000,7588.3000,7540.9500,7573.0000
2016-09-23,7587.7000,7592.4500,7547.1500,7554.9000
2016-09-26,7540.9500,7541.1500,7472.1500,7479.7500
2016-09-27,7503.5000,7520.5000,7456.0000,7469.9500
2016-09-28,7478.2500,7529.7000,7472.0500,7514.9500
2016-09-29,7555.7000,7562.0000,7303.9500,7336.8500
2016-09-30,7326.6000,7409.1500,7308.8500,7394.8500
2016-10-02,6100.8000,6102.7000,6022.2000,6051.9500
2016-10-03,6289.1000,6289.1000,6217.5500,6242.9500
2016-10-04,7560.6000,7576.1000,7533.0500,7567.7000
2016-10-05,6610.4000,6626.1000,6586.1000,6617.2500
2016-10-06,6846.0500,6907.3000,6828.5000,6832.0500
2016-10-07,7552.4000,7557.9000,7496.8500,7527.2000
2016-10-08,7377.6000,7377.6000,7270.1000,7277.0000
2016-10-10,7559.5000,7567.4500,7527.9500,7532.7000
2016-10-11,7358.0500,7408.8000,7329.9000,7342.3000
2016-10-13,7508.3000,7514.3500,7377.2000,7418.3500
2016-10-14,7437.9000,7453.0500,7404.0000,7439.8500
2016-10-17,7464.1500,7465.4500,7371.3500,7384.5000
2016-10-18,7416.1500,7517.3000,7416.0000,7512.3000
2016-10-19,7533.6500,7534.3000,7486.1000,7507.7000
2016-10-20,7539.3500,7565.5000,7526.5000,7538.8000
2016-10-21,7550.0000,7550.1000,7505.1500,7541.7000
2016-10-24,7559.0000,7575.4500,7535.3500,7551.5500
2016-10-25,7561.0500,7561.2500,7512.5000,7541.5000
2016-10-26,7519.3000,7519.3000,7459.3000,7476.7500
2016-10-27,7467.1500,7467.8000,7407.1000,7452.1500
2016-10-28,7464.5500,7502.2000,7439.3500,7494.1000
2016-10-30,7528.6500,7533.6000,7493.9500,7501.4500
2016-11-01,6434.0000,6485.0500,6395.6500,6451.8500
2016-11-02,7433.5500,7433.5500,7383.3000,7391.4000
2016-11-03,6242.6000,6287.9000,6223.2000,6258.4500
2016-11-04,6363.5500,6434.7500,6324.6000,6430.6000
2016-11-05,6549.6500,6625.3500,6533.6000,6593.0000
2016-11-07,7111.6500,7156.7500,7110.4000,7151.3500
2016-11-08,7277.6500,7297.6000,7237.9000,7289.5000
2016-11-09,6924.9500,7276.7000,6829.8000,7247.4500
2016-11-10,7358.0500,7408.8000,7329.9000,7342.3000
2016-11-11,7280.4500,7284.7500,7112.5500,7126.5000
2016-11-15,7120.9000,7122.2000,6902.9000,6916.4500
2016-11-16,7002.0000,7014.2500,6897.7500,6928.1000
2016-11-17,6928.4500,6966.5000,6884.8500,6903.4500
2016-11-18,6920.5500,6943.5500,6873.0500,6908.5000
2016-11-21,6934.3500,6934.3500,6751.1500,6761.5500
2016-11-22,6811.7500,6850.4000,6764.2500,6835.3000
2016-11-23,6881.2000,6890.1500,6817.3500,6882.6500
2016-11-24,6863.2500,6879.3000,6820.1500,6837.5000
2016-11-25,6873.9000,6966.4500,6849.7500,6960.7500
2016-11-28,6940.0000,7000.9500,6929.2000,6983.4000
2016-11-29,6993.5000,7048.7000,6991.5500,7003.6000
2016-11-30,7030.2500,7085.8000,7009.6500,7079.4000
2016-12-01,7099.6000,7103.8000,7034.6500,7040.2500
2016-12-02,7005.5000,7008.6500,6934.8500,6947.3000
2016-12-04,6433.7000,6475.5000,6432.1000,6470.1000
2016-12-05,6951.8000,6993.6000,6929.4500,6984.2500
2016-12-06,7007.1500,7030.3500,6994.0500,7001.6000
2016-12-07,7026.6000,7037.7500,6948.9500,6971.2000
2016-12-08,7015.8000,7094.2000,7014.7500,7089.2500
2016-12-09,7111.7500,7112.2500,7085.2000,7101.1500
2016-12-12,7083.1000,7083.1000,7009.2500,7023.2000
2016-12-13,7040.5000,7050.2000,7007.6500,7045.3500
2016-12-14,7053.9000,7053.9000,6999.2000,7004.6500
2016-12-15,6957.4500,7047.3500,6953.1000,6989.2500
2016-12-16,7009.4000,7009.5500,6965.6000,6976.5000
2016-12-19,6973.0500,6973.5000,6936.5500,6943.3500
2016-12-20,6948.9000,6960.1000,6892.8000,6908.1000
2016-12-21,6929.7500,6933.8500,6889.7000,6896.0000
2016-12-22,6883.4000,6883.9000,6806.1000,6816.3500
2016-12-23,6814.0500,6850.9000,6779.2000,6814.9000
2016-12-26,6800.2000,6801.8000,6720.2500,6724.4500
2016-12-27,6730.9000,6840.8500,6711.6500,6832.0000
2016-12-28,6849.4500,6902.0000,6839.9000,6847.4000
2016-12-29,6846.8000,6920.9000,6839.8000,6915.4500
2016-12-30,6931.8500,6993.4000,6928.8500,6982.8000
2017-01-02,7390.5500,7520.7000,7366.9000,7516.0500
2017-01-03,7019.0000,7048.0000,6989.0000,7028.7500
2017-01-04,7042.2500,7058.6000,7024.2000,7030.7500
2017-01-05,7063.1500,7112.6000,7061.8000,7106.9000
2017-01-06,7119.0500,7140.2500,7073.5000,7083.1000
2017-01-08,8815.2500,8820.7500,8786.0500,8812.6000
2017-01-09,7099.5500,7101.7500,7076.8500,7085.1500
2017-01-10,7108.3500,7136.0500,7106.4500,7132.2000
2017-01-11,7163.9000,7220.3500,7160.3500,7214.1500
2017-01-12,7225.3500,7244.2000,7209.1000,7231.8500
2017-01-13,7268.9500,7271.0000,7202.9500,7228.3000
2017-01-16,7224.0000,7255.6500,7209.3000,7247.9500
2017-01-17,7255.7000,7276.0500,7227.0000,7243.6500
2017-01-18,7252.2500,7299.2000,7249.8000,7269.0000
2017-01-19,7271.9500,7295.4000,7260.3500,7287.7500
2017-01-20,7267.1000,7281.8500,7196.6500,7202.7500
2017-01-23,7191.4000,7251.0000,7189.8000,7242.5500
2017-01-24,7259.8000,7319.7000,7254.6000,7315.2500
2017-01-25,7338.9000,7424.9000,7334.8000,7417.7000
2017-01-27,7426.8500,7483.9000,7424.4000,7455.1500
2017-01-30,7451.7000,7473.0000,7432.1000,7452.1500
2017-01-31,7453.8000,7455.2000,7372.5500,7379.3000
2017-02-01,7007.4000,7014.1500,6955.4500,7002.5000
2017-02-02,7525.4500,7564.4500,7501.5500,7547.1000
2017-02-03,7555.7000,7578.0500,7544.0000,7569.9000
2017-02-05,8244.7000,8260.0500,8186.0000,8231.3500
2017-02-06,7610.8000,7638.3500,7600.2500,7628.1000
2017-02-07,7637.5500,7638.8000,7576.0500,7603.2000
2017-02-08,7615.1500,7630.6000,7562.3500,7614.7500
2017-02-09,7636.3000,7660.3000,7577.5500,7623.6000
2017-02-10,7651.9000,7656.8000,7613.7500,7631.2500
2017-02-11,9243.3000,9264.1000,9217.6000,9237.7500
2017-02-13,7655.3000,7660.0500,7583.1000,7626.9500
2017-02-14,7640.6000,7640.6500,7593.1500,7605.0500
2017-02-15,7597.4000,7613.6000,7519.8500,7531.6000
2017-02-16,7543.3000,7602.4500,7522.4500,7599.4500
2017-02-17,7672.8000,7681.1000,7617.2000,7638.0000
2017-02-20,7640.1000,7694.7000,7632.1500,7691.8500
2017-02-21,7704.4000,7735.3500,7690.2500,7725.2500
2017-02-22,7745.1000,7756.4500,7706.3000,7721.6000
2017-02-23,7741.6000,7762.6000,7720.7500,7729.6500
2017-02-27,7733.3000,7746.1500,7700.4000,7706.5000
2017-02-28,7713.4000,7729.3000,7695.2500,7709.1000
2017-03-01,7019.0000,7048.0000,6989.0000,7028.7500
2017-03-02,7787.9500,7793.9000,7676.0000,7691.6500
2017-03-03,7679.1000,7703.7000,7659.2500,7696.2000
2017-03-04,8028.5500,8057.4000,8014.4000,8053.1500
2017-03-05,8259.5500,8260.8000,8215.4000,8227.7000
2017-03-06,7716.1500,7749.6000,7715.4500,7745.4000
2017-03-07,7758.7500,7758.8000,7723.2500,7735.3000
2017-03-08,7740.9500,7745.5500,7678.7000,7710.9500
2017-03-09,7704.0500,7731.9000,7692.7500,7710.0000
2017-03-10,7732.5000,7751.3000,7690.9500,7710.9000
2017-03-11,9272.1000,9272.1500,9219.7000,9260.6500
2017-03-14,7844.3000,7864.6000,7807.5000,7835.6500
2017-03-15,7842.1500,7869.5500,7836.1000,7854.7500
2017-03-16,7893.5000,7931.6500,7892.6500,7928.5500
2017-03-17,7967.7000,7974.9500,7913.4000,7933.1000
2017-03-20,7944.9000,7945.0500,7906.0000,7918.6000
2017-03-21,7927.5000,7933.2000,7874.5000,7909.2000
2017-03-22,7849.6500,7861.1500,7817.6500,7830.1000
2017-03-23,7852.0500,7895.7000,7852.0500,7885.7000
2017-03-24,7900.5000,7926.8500,7894.7500,7905.3000
2017-03-27,7899.7500,7900.6000,7847.7500,7865.3000
2017-03-28,7895.3000,7919.8500,7894.0000,7912.1000
2017-03-29,7935.6500,7950.9500,7916.8000,7945.3000
2017-03-30,7950.0000,7983.8500,7946.7500,7976.9000
2017-03-31,7975.0500,8005.7500,7971.0000,7995.0500
2017-04-01,7042.2500,7058.6000,7024.2000,7030.7500
2017-04-03,8028.5500,8057.4000,8014.4000,8053.1500
2017-04-05,8077.8500,8100.7000,8045.7500,8095.1000
2017-04-06,8081.5000,8096.2500,8056.3500,8092.1000
2017-04-07,8064.0500,8100.5000,8035.0000,8045.3500
2017-04-08,8722.7000,8784.9500,8705.0500,8776.2000
2017-04-09,8763.7500,8765.8000,8639.9000,8700.3500
2017-04-10,8687.8000,8725.8500,8658.3000,8706.8500
2017-04-11,8056.5500,8108.4500,8050.1000,8107.1000
2017-04-12,9106.7000,9110.8500,9023.6000,9059.3500
2017-04-13,8080.7000,8080.7000,8040.3500,8044.9000
2017-04-17,8044.0000,8058.0000,8017.2000,8042.6000
2017-04-18,8065.1000,8117.2000,7995.3500,8003.1500
2017-04-19,8008.4000,8031.2500,7983.2000,8021.0000
2017-04-20,8036.2500,8069.3500,8032.5500,8063.1000
2017-04-21,8099.9500,8106.5000,8030.4500,8057.7000
2017-04-24,8075.2000,8142.4500,8072.8000,8137.3500
2017-04-25,8183.6000,8218.9000,8167.7000,8216.7000
2017-04-26,8244.7000,8260.3500,8178.9500,8230.8500
2017-04-27,8241.9500,8245.2500,8210.6500,8222.2000
2017-04-28,8226.4000,8227.8000,8195.5500,8214.3000
2017-05-01,7063.1500,7112.6000,7061.8000,7106.9000
2017-05-02,8244.7000,8260.0500,8186.0000,8231.3500
2017-05-03,8259.5500,8260.8000,8215.4000,8227.7000
2017-05-04,8077.8500,8100.7000,8045.7500,8095.1000
2017-05-05,8277.7000,8279.0000,8174.2500,8193.2500
2017-05-06,8418.6500,8448.3000,8404.5000,8435.7500
2017-05-07,8419.4000,8456.4000,8412.4000,8451.5000
2017-05-08,8216.9500,8241.2500,8206.6000,8226.1000
2017-05-09,8246.3000,8256.0000,8222.6500,8242.7000
2017-05-10,8721.7500,8746.1500,8699.7500,8706.4500
2017-05-11,8354.6500,8358.5000,8323.7000,8331.0000
2017-05-12,9052.4500,9074.9500,8995.0000,9056.6000
2017-05-15,8329.7500,8353.7000,8322.5000,8351.3000
2017-05-16,8367.2500,8401.4000,8359.1000,8398.9500
2017-05-17,8402.0000,8404.1000,8371.7500,8396.0000
2017-05-18,8334.3000,8361.4500,8269.2500,8279.1500
2017-05-19,8318.2000,8352.4500,8218.5500,8258.2000
2017-05-22,8304.9000,8322.5000,8228.8000,8235.0500
2017-05-23,8242.8000,8243.3500,8119.9000,8159.1500
2017-05-24,8178.3500,8192.2500,8087.0000,8106.6000
2017-05-25,8130.7000,8240.9500,8119.1500,8233.9000
2017-05-26,8238.9500,8335.8000,8231.3500,8331.8500
2017-05-29,8315.7000,8353.7000,8266.1000,8299.5000
2017-05-30,8286.0000,8334.3500,8262.4000,8328.9500
2017-05-31,8344.2500,8369.1000,8330.2000,8350.9500
2017-06-01,7119.0500,7140.2500,7073.5000,7083.1000
2017-06-02,7610.8000,7638.3500,7600.2500,7628.1000
2017-06-03,7716.1500,7749.6000,7715.4500,7745.4000
2017-06-04,8081.5000,8096.2500,8056.3500,8092.1000
2017-06-05,8418.6500,8448.3000,8404.5000,8435.7500
2017-06-06,8457.4500,8460.5000,8383.7500,8397.2000
2017-06-07,8420.1000,8442.0000,8400.2000,8431.5000
2017-06-08,8451.7500,8456.8500,8415.5500,8429.1500
2017-06-09,8427.1500,8459.2000,8398.5000,8452.7500
2017-06-10,8729.9500,8793.4000,8729.0000,8787.4000
2017-06-11,9254.3000,9305.7500,9242.2500,9273.1000
2017-06-12,8439.0000,8439.1500,8392.2500,8408.7000
2017-06-13,8415.7500,8448.5000,8396.7000,8408.0000
2017-06-14,8421.0500,8424.9500,8381.1000,8420.8000
2017-06-15,8420.8500,8427.7000,8383.5500,8400.2000
2017-06-16,8416.5500,8440.9500,8392.2000,8411.4500
2017-06-19,8446.9500,8467.4500,8428.7000,8453.1000
2017-06-20,8467.3000,8475.9000,8444.7500,8454.0000
2017-06-21,8451.5500,8454.9500,8424.0500,8443.6000
2017-06-22,8455.9000,8496.0000,8412.1000,8423.8500
2017-06-23,8435.6000,8438.3500,8332.7000,8355.1000
2017-06-27,8372.3500,8382.1500,8249.5000,8285.5000
2017-06-28,8286.7000,8303.1000,8249.1000,8279.7000
2017-06-29,8308.4000,8352.9500,8292.7500,8301.1000
2017-06-30,8280.1000,8343.8000,8250.3000,8331.6000
2017-07-02,7637.5500,7638.8000,7576.0500,7603.2000
2017-07-03,8380.0000,8423.4500,8348.4000,8416.4000
2017-07-04,8442.9000,8450.8000,8394.8000,8410.7000
2017-07-05,8419.4000,8456.4000,8412.4000,8451.5000
2017-07-06,8470.2500,8506.1500,8463.5500,8481.7500
2017-07-07,8480.1500,8494.3500,8457.2500,8479.4500
2017-07-08,8789.8500,8822.4000,8784.1500,8806.4500
2017-07-09,8766.2000,8785.9000,8747.9000,8757.1500
2017-07-10,8521.1500,8563.8500,8465.5000,8556.9500
2017-07-11,9303.1500,9309.6500,9152.6500,9169.5500
2017-07-12,9005.7500,9114.4000,9005.5500,9103.0500
2017-07-13,8620.5500,8649.6500,8619.2000,8646.3000
2017-07-14,8664.3000,8664.3000,8599.5000,8640.7000
2017-07-17,8659.7000,8668.0000,8637.4500,8659.5000
2017-07-18,8605.4000,8642.3500,8579.9500,8589.8000
2017-07-19,8617.9500,8665.6000,8616.1500,8662.1500
2017-07-20,8678.0500,8680.3500,8634.3000,8641.6000
2017-07-21,8663.8500,8678.1500,8602.6000,8669.7500
2017-07-24,8687.9000,8719.4500,8676.2000,8702.8500
2017-07-25,8735.2000,8735.8500,8693.3000,8710.6000
2017-07-26,8727.3500,8753.4000,8717.3500,8748.7500
2017-07-27,8783.3000,8817.3500,8724.7000,8737.1000
2017-07-28,8715.7500,8755.9500,8691.3500,8747.4500
2017-07-31,8767.0500,8799.3000,8752.2500,8793.3000
2017-08-01,8815.2500,8820.7500,8786.0500,8812.6000
2017-08-02,8831.5000,8832.8000,8765.9500,8786.8500
2017-08-03,8788.3500,8788.3500,8715.0500,8729.3000
2017-08-04,8722.7000,8784.9500,8705.0500,8776.2000
2017-08-05,8216.9500,8241.2500,8206.6000,8226.1000
2017-08-06,8451.7500,8456.8500,8415.5500,8429.1500
2017-08-07,8789.8500,8822.4000,8784.1500,8806.4500
2017-08-08,8820.8500,8831.0500,8695.5000,8726.8500
2017-08-09,8709.1000,8711.9000,8620.7000,8637.1500
2017-08-10,8603.7000,8606.9000,8443.1000,8497.7500
2017-08-11,9183.9000,9201.2000,9097.6000,9117.5500
2017-08-12,9136.6000,9197.0500,9135.4000,9190.5500
2017-08-14,8479.4500,8558.7000,8477.5000,8541.5000
2017-08-16,8575.0000,8640.5000,8526.9500,8635.7000
2017-08-17,8674.1500,8685.2500,8627.4000,8643.3000
2017-08-18,8607.0500,8607.0500,8541.5000,8594.2500
2017-08-21,8618.5000,8635.4000,8497.2500,8509.4000
2017-08-22,8558.9500,8575.9500,8487.1000,8499.3000
2017-08-23,8536.6500,8589.4000,8523.0500,8585.0000
2017-08-24,8610.2000,8622.1000,8586.5500,8605.7500
2017-08-28,8646.3000,8677.3500,8632.7500,8669.6000
2017-08-29,8648.7000,8648.9000,8561.7500,8571.8000
2017-08-30,8628.4500,8678.7000,8625.8000,8663.1500
2017-08-31,8683.4000,8700.5000,8647.7500,8694.9500
2017-09-01,8717.0500,8763.3000,8700.4500,8755.2500
2017-09-02,7636.3000,7660.3000,7577.5500,7623.6000
2017-09-03,7704.0500,7731.9000,7692.7500,7710.0000
2017-09-04,8763.7500,8765.8000,8639.9000,8700.3500
2017-09-05,8723.0000,8754.9000,8698.4000,8747.2000
2017-09-06,8703.3000,8745.7000,8686.9500,8732.4000
2017-09-07,8766.2000,8785.9000,8747.9000,8757.1500
2017-09-08,8785.7000,8792.0500,8729.9500,8749.9500
2017-09-10,8799.8000,8824.7500,8774.6500,8798.3000
2017-09-11,9169.6500,9183.2000,9087.2000,9147.3000
2017-09-12,8854.8500,8894.2000,8833.7500,8890.6500
2017-09-13,8900.7500,8928.1000,8853.1000,8866.8500
2017-09-14,8894.7500,8918.7000,8865.9000,8884.9500
2017-09-15,8864.0000,8906.8000,8839.2500,8887.6000
2017-09-18,8932.9000,8963.8000,8931.8000,8946.9000
2017-09-19,8967.8000,8970.1000,8930.1000,8951.7500
2017-09-20,8970.3500,8976.7500,8932.7000,8938.4000
2017-09-21,8942.0000,8957.5500,8845.9000,8911.2000
2017-09-22,8886.7000,8887.0500,8726.2500,8738.0000
2017-09-25,8737.8500,8738.0500,8574.8000,8638.3000
2017-09-26,8641.1000,8677.5000,8592.9000,8654.6000
2017-09-27,8700.3500,8700.3500,8502.4000,8520.9500
2017-09-28,8529.1500,8571.9500,8476.3000,8557.1000
2017-09-29,8597.8000,8653.5000,8586.5000,8600.0000
2017-10-01,7108.3500,7136.0500,7106.4500,7132.2000
2017-10-02,7651.9000,7656.8000,7613.7500,7631.2500
2017-10-03,7732.5000,7751.3000,7690.9500,7710.9000
2017-10-04,8687.8000,8725.8500,8658.3000,8706.8500
2017-10-05,8266.6500,8325.6000,8265.0500,8320.2000
2017-10-06,8729.9500,8793.4000,8729.0000,8787.4000
2017-10-07,8521.1500,8563.8500,8465.5000,8556.9500
2017-10-08,8603.7000,8606.9000,8443.1000,8497.7500
2017-10-09,8799.8000,8824.7500,8774.6500,8798.3000
2017-10-10,8823.4500,8848.6000,8816.5500,8836.4000
2017-10-11,8865.7500,8886.8000,8760.6500,8792.4000
2017-10-12,8818.6000,8895.7000,8784.6500,8890.0500
2017-10-13,8916.6500,8954.6500,8913.9500,8937.2000
2017-10-16,8974.2500,9000.1000,8937.6500,8985.2500
2017-10-17,8988.7500,9011.1000,8972.8000,9002.3500
2017-10-18,8991.6500,9005.9000,8957.0500,8984.6500
2017-10-19,8992.9500,8994.8000,8915.1000,8937.6500
2017-10-23,8961.9500,8998.2000,8922.7500,8972.9000
2017-10-24,9002.7000,9017.9000,8973.7000,8993.8000
2017-10-25,9089.5000,9103.0000,9017.8000,9065.1500
2017-10-26,9067.2000,9115.1500,9047.4000,9106.7500
2017-10-27,9128.8500,9136.4500,9094.5000,9104.4500
2017-10-30,9137.5500,9177.2000,9132.1500,9165.1000
2017-10-31,9173.9500,9175.5000,9130.9500,9153.6000
2017-11-01,7163.9000,7220.3500,7160.3500,7214.1500
2017-11-02,9243.3000,9264.1000,9217.6000,9237.7500
2017-11-03,9272.1000,9272.1500,9219.7000,9260.6500
2017-11-04,8056.5500,8108.4500,8050.1000,8107.1000
2017-11-05,8354.6500,8358.5000,8323.7000,8331.0000
2017-11-06,9254.3000,9305.7500,9242.2500,9273.1000
2017-11-07,9303.1500,9309.6500,9152.6500,9169.5500
2017-11-08,9183.9000,9201.2000,9097.6000,9117.5500
2017-11-09,9169.6500,9183.2000,9087.2000,9147.3000
2017-11-10,8865.7500,8886.8000,8760.6500,8792.4000
2017-11-12,9232.2500,9241.1500,9205.2000,9231.9000
2017-11-13,9163.0500,9171.1500,9075.8000,9082.4500
2017-11-14,9085.7000,9106.9500,9042.0000,9051.5000
2017-11-15,9039.8500,9043.1500,8949.0000,8973.7500
2017-11-16,9005.1000,9078.6000,8993.9000,9065.0000
2017-11-17,9161.8000,9185.5000,9125.1500,9137.1000
2017-11-20,9143.5000,9169.9500,9122.3500,9161.9000
2017-11-21,9192.0500,9215.8500,9166.4000,9185.4000
2017-11-22,9210.8500,9219.9500,9161.7500,9195.7000
2017-11-23,9212.3500,9226.7500,9164.3000,9207.4000
2017-11-24,9226.7500,9254.5000,9221.0000,9246.0500
2017-11-27,9228.2000,9272.8500,9212.9500,9267.5000
2017-11-28,9266.3000,9286.8500,9234.8000,9254.3000
2017-11-29,9265.5000,9280.6500,9231.6500,9244.7000
2017-11-30,9220.3500,9220.3500,9143.4000,9154.5000
2017-12-01,9191.4500,9209.1500,9046.7000,9060.4000
2017-12-04,8115.2000,8122.5500,8028.7000,8078.8500
2017-12-05,8343.1500,8343.9000,8271.9500,8299.2000
2017-12-06,8439.0000,8439.1500,8392.2500,8408.7000
2017-12-07,8564.3000,8591.6500,8552.2500,8585.5000
2017-12-08,9136.6000,9197.0500,9135.4000,9190.5500
2017-12-09,8854.8500,8894.2000,8833.7500,8890.6500
2017-12-10,8818.6000,8895.7000,8784.6500,8890.0500
2017-12-11,9232.2500,9241.1500,9205.2000,9231.9000
2017-12-12,9237.1500,9237.6000,9149.3500,9156.5000
2017-12-13,9155.8500,9197.5500,9078.8000,9101.8000
2017-12-14,9135.2500,9150.2500,9043.8500,9133.6500
2017-12-15,9217.8000,9242.8500,9207.6000,9216.7500
2017-12-18,9162.5500,9318.6500,9000.4000,9270.8500
2017-12-19,9300.8500,9367.0500,9297.7500,9360.4500
2017-12-20,9386.6500,9398.9500,9351.0000,9363.4500
2017-12-21,9391.3000,9399.7500,9364.3000,9387.7500
2017-12-22,9408.7500,9440.2000,9402.2500,9431.5000
2017-12-26,9452.0000,9477.4000,9427.9000,9470.3500
2017-12-27,9478.1500,9493.8500,9413.2500,9438.2500
2017-12-28,9450.2500,9481.1000,9425.8000,9435.8500
2017-12-29,9456.8000,9496.4000,9454.6500,9490.6500
2018-01-01,9500.2000,9518.9000,9421.7000,9434.5000
2018-01-02,9717.3000,9764.3500,9551.5500,9687.0500
2018-01-03,9455.5500,9483.3500,9424.1000,9439.3500
2018-01-04,9468.1000,9511.8500,9441.9000,9505.7500
2018-01-05,9536.7500,9577.3000,9529.9500,9573.4500
2018-01-06,9317.8000,9334.7000,9245.5500,9255.2500
2018-01-08,9608.1500,9645.7500,9606.5000,9639.2500
2018-01-09,9661.1000,9669.4500,9607.7000,9640.7500
2018-01-10,9107.0000,9185.5000,8986.4000,9165.5000
2018-01-11,9635.9000,9669.3000,9614.6500,9650.3000
2018-01-12,9681.8500,9689.7500,9583.2000,9665.2000
2018-01-15,9700.9500,9743.6500,9690.9000,9699.8500
2018-01-16,9720.1000,9720.3500,9598.0500,9612.6000
2018-01-17,9612.1000,9696.4000,9536.2000,9686.6000
2018-01-18,9761.1000,9769.8000,9605.4000,9646.8000
2018-01-19,9658.4000,9733.5000,9625.1000,9723.1000
2018-01-22,9721.4500,9793.4000,9710.9500,9787.3000
2018-01-23,9816.4000,9885.2500,9814.6500,9877.2000
2018-01-24,9865.7000,9895.0000,9825.2500,9853.9000
2018-01-25,9866.8500,9866.8500,9780.3500,9810.0000
2018-01-29,9829.0000,9868.4000,9806.0500,9819.4500
2018-01-30,9809.9500,9810.0000,9729.1500,9743.0500
2018-01-31,9716.7000,9746.0500,9648.1500,9697.9000
2018-02-01,9474.1000,9487.8000,9377.3000,9417.8500
2018-02-02,9606.1000,9611.3500,9392.9000,9409.8000
2018-02-04,8949.4500,9030.7000,8933.4500,9023.6000
2018-02-05,9531.6000,9531.6500,9416.5000,9444.5000
2018-02-06,8985.8000,9265.9000,8968.5000,9190.5500
2018-02-07,9300.1500,9306.8000,9181.7000,9206.3500
2018-02-08,9642.1000,9642.1000,9579.7000,9588.8000
2018-02-09,9167.0000,9272.0500,9155.0000,9251.1000
2018-02-11,8844.1000,8953.6000,8840.2000,8899.4000
2018-02-12,9314.3000,9362.3000,9296.6000,9348.4500
2018-02-14,9397.8000,9399.8000,9292.8500,9326.7000
2018-02-15,9360.4500,9399.4000,9293.3500,9323.6000
2018-02-16,9369.2500,9386.0000,9212.2000,9235.6000
2018-02-19,9265.0000,9265.2500,9091.7500,9159.9500
2018-02-20,9171.2000,9207.3500,9135.7000,9151.0500
2018-02-21,9205.1000,9205.4000,9129.3500,9167.6000
2018-02-22,9133.9000,9160.6000,9119.3000,9138.5000
2018-02-23,9165.4500,9257.5000,9157.1000,9251.3500
2018-02-26,9291.0500,9338.2000,9280.8000,9332.6500
2018-02-27,9360.9000,9374.9000,9289.2500,9302.2500
2018-02-28,9244.5000,9290.2000,9213.8500,9261.9000
2018-03-01,9455.5500,9483.3500,9424.1000,9439.3500
2018-03-04,9004.9000,9082.0500,8997.7000,9074.8500
2018-03-05,9442.1000,9442.2000,9355.0500,9388.6500
2018-03-06,9191.4500,9214.4500,9013.4500,9039.8000
2018-03-07,9025.1000,9029.9500,8924.7000,8936.8500
2018-03-08,8992.4000,9021.6500,8898.9000,9000.7000
2018-03-09,10049.8500,10049.8500,9908.7000,9921.6500
2018-03-10,9147.2500,9157.2000,9042.0500,9056.7000
2018-03-12,9053.7000,9130.4000,9034.2500,9121.7500
2018-03-13,9102.7000,9194.3500,9096.2000,9157.9000
2018-03-14,9126.9000,9158.2000,9091.4500,9151.5500
2018-03-15,9151.3500,9177.9500,9122.6500,9133.9000
2018-03-16,9127.8000,9128.5000,8991.8500,9004.4500
2018-03-19,9026.4000,9032.3000,8879.3000,8894.2000
2018-03-20,8854.0000,8945.3500,8847.8000,8920.4500
2018-03-21,8970.8500,9015.6500,8929.6500,8949.1000
2018-03-22,8961.9500,8991.7000,8897.3000,8904.0000
2018-03-23,8765.6500,8815.5500,8744.5000,8800.8000
2018-03-26,8795.0500,8923.0500,8765.8500,8914.3500
2018-03-27,8968.3500,8995.3500,8938.9000,8978.1000
2018-03-28,8940.2000,8953.9000,8899.0000,8912.1000
2018-04-01,9468.1000,9511.8500,9441.9000,9505.7500
2018-04-02,8949.4500,9030.7000,8933.4500,9023.6000
2018-04-03,9004.9000,9082.0500,8997.7000,9074.8500
2018-04-04,9105.5000,9120.1000,8962.4500,8975.6000
2018-04-05,9402.5000,9402.5000,9327.3000,9339.7500
2018-04-06,9308.3000,9310.9000,9167.9500,9175.9000
2018-04-07,9158.8000,9200.2500,9123.6000,9194.5500
2018-04-09,9933.0000,9937.7500,9784.2500,9806.0500
2018-04-10,8963.7000,8963.7000,8812.0000,8854.8500
2018-04-11,9242.3000,9242.3000,9179.8500,9230.8500
2018-04-12,9226.4500,9263.3500,9210.2500,9247.2500
2018-04-13,9276.6500,9304.1000,9240.7000,9267.6500
2018-04-16,9205.0500,9317.8500,9202.8000,9311.3000
2018-04-17,9339.4000,9340.5000,9287.6000,9330.3000
2018-04-18,9359.1000,9366.7500,9295.7500,9311.6000
2018-04-19,9345.6500,9360.8000,9328.5000,9356.4000
2018-04-20,9349.2000,9359.1000,9315.1500,9347.6500
2018-04-23,9366.8000,9410.9000,9324.0000,9373.4000
2018-04-24,9375.9500,9403.4000,9359.0500,9390.4000
2018-04-25,9387.4500,9393.5000,9323.4000,9349.9500
2018-04-26,9368.7500,9388.8500,9339.6500,9381.3500
2018-04-27,9412.9500,9467.0500,9410.4500,9443.6500
2018-04-30,9464.0000,9503.6000,9463.2000,9496.5000
2018-05-01,9536.7500,9577.3000,9529.9500,9573.4500
2018-05-02,9531.6000,9531.6500,9416.5000,9444.5000
2018-05-03,9442.1000,9442.2000,9355.0500,9388.6500
2018-05-04,9069.0500,9150.8500,9068.4000,9146.1500
2018-05-06,9176.6500,9178.3000,9072.6500,9110.5000
2018-05-07,9207.6000,9207.6000,9153.4500,9166.6000
2018-05-08,9451.9000,9452.4500,9396.7500,9419.8500
2018-05-09,9401.2000,9443.1500,9399.4500,9418.9000
2018-05-10,8793.2000,8815.8000,8582.1500,8624.9500
2018-05-11,9385.8000,9421.3500,9356.0000,9416.3500
2018-05-12,9075.0500,9075.3500,8999.6500,9029.4500
2018-05-14,9425.2500,9432.4000,9371.4500,9389.9500
2018-05-15,9391.1000,9490.8000,9341.2000,9365.9000
2018-05-16,9324.7000,9365.0000,9275.6000,9328.7000
2018-05-17,9359.1500,9360.1500,9290.3000,9304.4500
2018-05-18,9298.9500,9300.5500,9200.3000,9209.2000
2018-05-21,9221.1000,9224.9500,9099.8500,9108.7000
2018-05-22,9110.6500,9152.2500,9080.3500,9145.6500
2018-05-23,9136.6500,9151.8000,9059.3500,9069.8000
2018-05-24,9098.7500,9130.9500,9046.7000,9115.5500
2018-05-25,9135.0500,9230.7000,9126.6000,9215.5500
2018-05-28,9256.8000,9320.1000,9251.8000,9307.5500
2018-05-29,9309.9500,9337.2500,9250.5000,9270.6000
2018-05-30,9220.8000,9283.5500,9209.8500,9255.0000
2018-05-31,9299.4000,9333.6500,9249.2000,9315.3500
2018-06-01,9317.8000,9334.7000,9245.5500,9255.2500
2018-06-02,8985.8000,9265.9000,8968.5000,9190.5500
2018-06-03,9191.4500,9214.4500,9013.4500,9039.8000
2018-06-04,9308.3000,9310.9000,9167.9500,9175.9000
2018-06-05,9176.6500,9178.3000,9072.6500,9110.5000
2018-06-06,9114.2000,9214.3000,9096.0000,9205.9000
2018-06-07,9160.7000,9233.0000,9153.4000,9194.5000
2018-06-08,9723.0500,9743.6500,9698.0000,9709.3500
2018-06-09,9801.9500,9832.4000,9730.8500,9815.4500
2018-06-11,9334.4500,9386.1500,9324.3000,9332.4000
2018-06-12,8975.4000,8975.6500,8874.9500,8883.2500
2018-06-13,9421.0000,9423.2000,9382.5500,9386.4000
2018-06-14,9372.3000,9372.5500,9322.5000,9356.6500
2018-06-15,9358.3500,9376.6500,9303.2500,9343.7000
2018-06-18,9350.6500,9354.0500,9311.3500,9318.5500
2018-06-19,9305.4000,9305.4000,9225.7500,9234.5000
2018-06-20,9255.0000,9286.6500,9239.0500,9276.4000
2018-06-21,9305.0500,9307.0000,9229.8000,9240.2500
2018-06-22,9241.1500,9307.2500,9204.0500,9296.6500
2018-06-25,9297.6500,9310.5000,9225.3500,9234.4000
2018-06-26,9217.0500,9261.7000,9209.8500,9231.8000
2018-06-27,9246.5000,9246.5000,9110.2500,9129.2500
2018-06-28,9119.8500,9125.6000,9018.0500,9036.9500
2018-06-29,9065.9000,9167.5000,9065.5500,9162.4500
2018-07-02,9185.2000,9186.5500,9060.6000,9109.0000
2018-07-03,9113.8500,9156.3500,9078.8000,9149.4000
2018-07-04,9158.8000,9200.2500,9123.6000,9194.5500
2018-07-05,9207.6000,9207.6000,9153.4500,9166.6000
2018-07-06,9244.7000,9327.8500,9243.7000,9300.1000
2018-07-08,9740.6500,9744.2500,9675.7500,9704.8000
2018-07-09,9250.4000,9281.3000,9231.8000,9277.9500
2018-07-10,9321.4500,9365.1500,9305.4000,9359.4000
2018-07-11,9362.6000,9379.6000,9333.8500,9344.2500
2018-07-12,8917.3500,8947.3500,8876.5500,8940.6500
2018-07-13,9406.0000,9408.3000,9335.1000,9349.0500
2018-07-16,9350.1000,9350.2000,9222.3000,9231.2500
2018-07-17,9232.5500,9321.9000,9214.7000,9315.2500
2018-07-18,9359.5000,9371.9500,9244.9500,9269.5500
2018-07-19,9284.8500,9287.8000,9210.1000,9236.3000
2018-07-20,9238.6000,9295.0500,9217.6000,9286.1000
2018-07-23,9301.7000,9369.8000,9295.9500,9363.8500
2018-07-24,9385.9500,9454.8000,9383.3500,9450.6500
2018-07-25,9466.9500,9476.5000,9433.9000,9449.9000
2018-07-26,9455.8500,9502.1500,9454.0000,9487.9000
2018-07-27,9537.0000,9583.1500,9526.5500,9579.0500
2018-07-30,9598.5000,9624.9000,9566.3500,9618.7000
2018-07-31,9615.1000,9657.6000,9582.7000,9650.6000
2018-08-01,9661.7000,9683.6000,9620.9500,9651.7000
2018-08-02,9642.1000,9642.1000,9579.7000,9588.8000
2018-08-03,9631.4000,9690.5500,9630.4500,9685.7000
2018-08-05,9451.9000,9452.4500,9396.7500,9419.8500
2018-08-06,9723.0500,9743.6500,9698.0000,9709.3500
2018-08-07,9740.6500,9744.2500,9675.7500,9704.8000
2018-08-08,9723.8000,9754.3000,9696.7000,9744.7500
2018-08-09,9779.3500,9784.0500,9752.9500,9769.1000
2018-08-10,8611.3500,8671.3000,8483.1500,8602.6000
2018-08-13,9673.0000,9704.9000,9641.1500,9656.5000
2018-08-14,9678.7000,9730.6500,9672.1500,9726.1500
2018-08-16,9696.9000,9742.5000,9666.5000,9685.6500
2018-08-17,9730.8500,9776.3000,9728.2000,9770.2000
2018-08-20,9800.8000,9846.5500,9798.9000,9839.7500
2018-08-21,9862.9000,9868.5000,9831.0500,9862.5000
2018-08-23,9900.0500,9900.0500,9839.0000,9872.5500
2018-08-24,9860.9000,9889.9500,9821.4500,9850.8000
2018-08-27,9893.4500,9966.9000,9887.5000,9958.8000
2018-08-28,9990.2500,10012.8500,9963.3500,9985.9000
2018-08-29,9995.1000,10015.3500,9964.3500,9973.6500
2018-08-30,9979.3500,9986.3500,9947.0000,9975.2000
2018-08-31,9978.2500,10027.0000,9951.5500,9992.0000
2018-09-01,9661.1000,9669.4500,9607.7000,9640.7500
2018-09-02,9167.0000,9272.0500,9155.0000,9251.1000
2018-09-03,9032.5500,9051.4000,8972.5000,8986.4000
2018-09-04,9933.0000,9937.7500,9784.2500,9806.0500
2018-09-05,9401.2000,9443.1500,9399.4500,9418.9000
2018-09-06,9801.9500,9832.4000,9730.8500,9815.4500
2018-09-07,9834.5500,9885.6000,9779.3500,9875.2000
2018-09-08,9779.3500,9784.0500,9752.9500,9769.1000
2018-09-10,8635.8500,8645.8000,8519.3000,8562.9500
2018-09-11,9770.9000,9775.0500,9596.5000,9607.1000
2018-09-12,9641.6500,9669.2000,9552.2000,9660.6000
2018-09-14,9724.2000,9799.1500,9722.7500,9792.7500
2018-09-17,9754.6000,9754.6000,9687.3000,9696.4500
2018-09-18,9701.3000,9728.1500,9586.0000,9594.2500
2018-09-19,9633.9000,9640.3000,9516.2500,9545.7000
2018-09-21,9585.1000,9630.7000,9134.5500,9425.5500
2018-09-24,9445.2000,9449.7500,9223.2500,9243.1500
2018-09-25,9238.3000,9317.1000,9149.0000,9303.3500
2018-09-26,9367.6000,9367.6000,9255.3500,9302.2500
2018-09-27,9319.8000,9324.5000,9188.6000,9202.3500
2018-09-28,9230.1000,9249.3500,9041.6500,9116.0000
2018-10-01,9655.7500,9658.8000,9593.5000,9630.6000
2018-10-03,9147.2500,9157.2000,9042.0500,9056.7000
2018-10-04,9237.8000,9246.4500,9199.2000,9219.1500
2018-10-05,9444.6500,9448.5000,9351.5000,9360.9500
2018-10-07,9321.4500,9365.1500,9305.4000,9359.4000
2018-10-08,8611.3500,8671.3000,8483.1500,8602.6000
2018-10-09,8635.8500,8645.8000,8519.3000,8562.9500
2018-10-10,8590.4500,8762.2500,8588.3500,8748.5000
2018-10-11,8501.4000,8657.0000,8473.5500,8565.6000
2018-10-12,8649.3000,8783.9000,8643.3500,8767.1000
2018-10-15,8815.1500,8821.6500,8732.3000,8812.0000
2018-10-16,8849.2500,8902.6500,8835.4000,8893.8000
2018-10-17,8982.5500,8999.6500,8746.7500,8758.6000
2018-10-19,8676.5000,8716.5500,8595.4500,8640.6500
2018-10-22,8717.2500,8719.5000,8560.5500,8576.9500
2018-10-23,8502.6000,8559.1000,8447.4500,8489.9000
2018-10-24,8585.9000,8600.0000,8474.5500,8555.6500
2018-10-25,8476.1000,8500.8500,8432.5000,8473.5000
2018-10-26,8473.2000,8493.8500,8370.8000,8417.2500
2018-10-29,8457.5000,8623.4500,8409.6000,8610.1000
2018-10-30,8607.4000,8652.7500,8575.0500,8600.3000
2018-10-31,8617.4000,8760.3500,8536.0000,8753.4500
2018-11-01,9635.9000,9669.3000,9614.6500,9650.3000
2018-11-02,8844.1000,8953.6000,8840.2000,8899.4000
2018-11-04,9242.3000,9242.3000,9179.8500,9230.8500
2018-11-05,8904.2500,8913.0000,8839.8000,8877.9000
2018-11-06,8902.7500,8934.9000,8839.6500,8870.3000
2018-11-07,8938.7000,8940.7000,8918.0500,8933.5000
2018-11-09,8947.6000,8966.5000,8898.0000,8946.3500
2018-11-10,8501.4000,8657.0000,8473.5500,8565.6000
2018-11-12,8655.1000,8859.6500,8646.5500,8845.1500
2018-11-13,8834.5500,8932.9500,8814.6000,8923.5500
2018-11-14,8967.2500,8980.2500,8887.9500,8921.4500
2018-11-15,8926.5500,8971.1000,8894.9500,8954.6500
2018-11-16,8975.5500,9011.1500,8951.5000,8993.2500
2018-11-19,9031.8000,9060.3500,8996.3500,9052.7500
2018-11-20,9033.2000,9039.7000,8948.7500,8960.1500
2018-11-21,8973.9000,8982.9000,8896.1000,8940.3000
2018-11-22,8952.4500,8973.9000,8868.2000,8879.0000
2018-11-26,8913.9500,8950.7000,8841.1000,8943.0000
2018-11-27,8938.3000,8990.4500,8924.4000,8983.9000
2018-11-28,9001.3000,9027.3500,8984.5000,8993.2500
2018-11-29,9051.8500,9097.0000,9031.0500,9081.8500
2018-11-30,9107.8000,9134.3500,9074.7000,9109.1500
2018-12-01,9681.8500,9689.7500,9583.2000,9665.2000
2018-12-02,9314.3000,9362.3000,9296.6000,9348.4500
2018-12-03,9053.7000,9130.4000,9034.2500,9121.7500
2018-12-04,9226.4500,9263.3500,9210.2500,9247.2500
2018-12-05,9075.0500,9075.3500,8999.6500,9029.4500
2018-12-06,8975.4000,8975.6500,8874.9500,8883.2500
2018-12-07,9392.7500,9442.4000,9373.1000,9380.9000
2018-12-09,9641.6500,9669.2000,9552.2000,9660.6000
2018-12-10,8649.3000,8783.9000,8643.3500,8767.1000
2018-12-11,8967.8000,8991.1500,8846.4000,8859.2500
2018-12-12,8882.2000,9031.6000,8865.0000,9021.6000
2018-12-13,9078.7500,9113.1500,9037.8500,9077.3000
2018-12-14,9072.4500,9104.4500,9046.4500,9091.3000
2018-12-17,9127.5500,9162.9500,9118.5000,9153.9500
2018-12-18,9126.5000,9183.2500,9108.1000,9177.3500
2018-12-19,9203.0500,9258.3500,9201.5500,9246.8000
2018-12-20,9188.3500,9241.1000,9180.0000,9234.4500
2018-12-21,9236.5500,9255.8000,9071.4500,9082.5500
2018-12-24,9100.9000,9102.0500,8992.2000,9002.4500
2018-12-26,8977.9500,9056.2000,8879.4500,9041.7000
2018-12-27,9110.8500,9119.8000,9070.6500,9078.8000
2018-12-28,9111.9500,9173.6000,9109.7000,9152.5500
2018-12-31,9194.6500,9207.1000,9159.3000,9170.0000
2019-01-01,9186.7000,9206.0500,9128.4000,9197.9000
2019-01-02,9169.7000,9195.2500,9065.4500,9103.4000
2019-01-03,8995.4500,9045.7000,8994.0000,9037.5000
2019-01-04,9034.2500,9064.8500,8978.2000,9054.9000
2019-01-07,9117.2000,9136.3000,9064.6500,9081.1500
2019-01-08,9090.8000,9109.1000,9052.1000,9098.6500
2019-01-09,9143.2000,9149.3500,9050.1500,9127.4500
2019-01-10,9372.7000,9402.0000,9140.0500,9236.4000
2019-01-11,9703.1000,9730.7500,9678.2000,9704.0000
2019-01-14,9102.4000,9102.9000,9014.9500,9051.4500
2019-01-15,9082.5000,9163.3000,9082.5000,9157.1500
2019-01-16,9167.4500,9195.0500,9150.0000,9158.7500
2019-01-17,9182.0000,9191.8500,9119.6000,9161.6000
2019-01-18,9173.2000,9180.3000,9113.4500,9140.1000
2019-01-21,9150.6000,9195.8000,9125.4500,9155.3000
2019-01-22,9146.3000,9146.3000,9075.2500,9131.1500
2019-01-23,9138.7500,9151.0500,9055.1500,9068.8500
2019-01-24,9080.2500,9086.3500,9039.4500,9072.2000
2019-01-25,9085.6000,9133.1500,8974.5500,8994.3500
2019-01-28,8999.3000,9001.1500,8849.9500,8876.6000
2019-01-29,8865.3000,8904.9000,8825.6000,8875.6500
2019-01-30,8913.4500,8919.4500,8851.0500,8884.9000
2019-01-31,8916.4000,9007.4500,8899.5500,9003.8500
2019-02-01,9169.7000,9195.2500,9065.4500,9103.4000
2019-02-04,9735.0500,9735.0500,9681.6000,9720.8000
2019-02-05,9646.4000,9694.9500,9620.7000,9637.5000
2019-02-06,9056.9000,9128.0500,9039.3000,9118.7000
2019-02-07,9734.7500,9750.0500,9675.8000,9744.8500
2019-02-08,8890.5000,9007.0500,8821.1000,8943.9500
2019-02-11,9026.1000,9026.1000,8949.8500,8967.1500
2019-02-12,8961.9000,8987.8500,8917.6500,8925.3000
2019-02-13,8955.3500,8970.8000,8873.4000,8887.9000
2019-02-14,8878.8500,8891.9000,8837.7500,8869.3000
2019-02-15,8887.5500,8889.9000,8753.6500,8827.0500
2019-02-18,8836.0000,8849.0500,8744.9500,8754.3500
2019-02-19,8753.7000,8825.8000,8729.7000,8742.3000
2019-02-20,8781.4000,8858.0500,8780.0000,8845.6000
2019-02-21,8857.5000,8912.4000,8839.7500,8901.7000
2019-02-22,8899.6000,8925.7000,8885.9000,8919.7500
2019-02-25,8941.1500,8989.9000,8921.9000,8983.8500
2019-02-26,8899.0000,8994.0000,8846.1000,8953.1500
2019-02-27,8991.8000,9057.4000,8896.2000,8946.2000
2019-02-28,8990.3500,8990.6000,8941.6000,8955.9500
2019-03-01,8995.4500,9045.7000,8994.0000,9037.5000
2019-03-04,9742.3500,9765.6500,9647.2000,9658.4000
2019-03-05,9042.9000,9178.9500,9014.7000,9173.6000
2019-03-06,9827.7500,9931.6500,9796.8500,9922.6000
2019-03-07,9251.6500,9254.4500,9210.9000,9225.3500
2019-03-08,9213.3000,9225.3000,9184.5500,9211.0500
2019-03-09,8927.9000,8931.6500,8783.7500,8802.3500
2019-03-10,9207.1500,9243.8000,9153.7000,9198.4000
2019-03-11,9240.8000,9353.4000,9235.6000,9345.6000
2019-03-12,9814.7500,9815.9500,9715.5000,9743.1500
2019-03-13,9461.2500,9471.4000,9416.6500,9450.2500
2019-03-14,9481.8500,9486.5000,9424.5000,9447.2000
2019-03-15,9473.8500,9540.9500,9471.4000,9499.4000
2019-03-18,9536.0500,9572.9500,9481.6500,9516.7000
2019-03-19,9549.7500,9576.0500,9513.4500,9570.1500
2019-03-20,9587.5000,9588.5000,9540.9000,9553.0000
2019-03-22,9572.3500,9594.1000,9485.4500,9500.0500
2019-03-25,9446.8500,9446.8500,9381.9000,9411.6500
2019-03-26,9431.9000,9522.4500,9421.6000,9512.6000
2019-03-27,9552.2000,9569.6000,9475.4000,9501.8000
2019-03-28,9518.7000,9613.5500,9510.8000,9601.9500
2019-03-29,9647.7500,9667.4500,9613.0000,9663.7000
2019-04-01,9034.2500,9064.8500,8978.2000,9054.9000
2019-04-02,9735.0500,9735.0500,9681.6000,9720.8000
2019-04-03,9742.3500,9765.6500,9647.2000,9658.4000
2019-04-04,9674.0000,9675.2000,9590.8500,9626.6500
2019-04-05,9659.6500,9700.4000,9641.4500,9684.9500
2019-04-06,9898.0000,9941.4500,9865.6000,9876.2000
2019-04-07,9767.8000,9793.5000,9765.2000,9776.8000
2019-04-08,9715.4500,9719.9500,9593.8500,9634.4000
2019-04-09,8798.7500,8841.9500,8751.2500,8833.1000
2019-04-10,9661.5500,9690.3500,9612.8500,9622.9500
2019-04-11,9736.7500,9780.0000,9712.1000,9732.4000
2019-04-12,9646.6000,9682.3000,9626.9500,9674.6000
2019-04-15,9697.6500,9726.8500,9683.8000,9716.5000
2019-04-16,9751.3500,9796.1000,9748.7000,9781.4000
2019-04-18,9826.4500,9826.4500,9721.4000,9738.7000
2019-04-22,9715.9500,9715.9500,9591.8000,9599.8000
2019-04-23,9614.8500,9642.1500,9577.0000,9587.3000
2019-04-24,9607.4000,9696.5500,9585.2500,9687.5500
2019-04-25,9697.8000,9742.8500,9616.3000,9628.8000
2019-04-26,9661.1000,9695.4000,9632.0500,9689.7000
2019-04-30,9684.8000,9684.8000,9592.1500,9664.3000
2019-05-02,9039.7000,9064.6000,9016.7000,9033.6000
2019-05-03,9042.9000,9178.9500,9014.7000,9173.6000
2019-05-04,9659.6500,9700.4000,9641.4500,9684.9500
2019-05-06,9544.9500,9567.4000,9513.8500,9532.4500
2019-05-07,9793.6500,9805.3000,9644.8500,9657.6500
2019-05-08,8866.9000,8866.9000,8765.2000,8831.9500
2019-05-09,8848.0000,8894.9000,8825.0000,8846.3000
2019-05-10,9309.3500,9335.1500,9271.1000,9290.2000
2019-05-11,9757.7500,9760.8000,9657.7000,9694.0500
2019-05-12,9801.1000,9805.6000,9741.9500,9757.6000
2019-05-13,9274.0500,9288.8500,9143.9500,9159.9500
2019-05-14,9156.0000,9261.8500,9108.4500,9212.3500
2019-05-15,9247.1500,9265.6500,9145.8000,9160.1000
2019-05-16,9176.5000,9238.9500,9136.4000,9221.6500
2019-05-17,9224.7500,9339.3500,9221.6000,9329.7000
2019-05-20,9538.3000,9681.1000,9485.8500,9671.9000
2019-05-21,9701.0000,9713.5000,9556.7500,9578.8500
2019-05-22,9595.6000,9629.7500,9555.8000,9598.2000
2019-05-23,9730.0000,9835.7000,9521.6000,9552.7500
2019-05-24,9618.7500,9728.8000,9563.6000,9722.0500
2019-05-27,9732.6500,9820.9500,9702.5000,9804.9000
2019-05-28,9834.9500,9834.9500,9768.3000,9815.5000
2019-05-29,9802.4000,9812.0000,9737.9500,9757.1500
2019-05-30,9762.8000,9827.2500,9759.5000,9815.3000
2019-05-31,9855.5500,9889.3000,9734.2000,9805.0500
2019-06-02,9056.9000,9128.0500,9039.3000,9118.7000
2019-06-03,9211.8000,9243.3000,9197.9000,9230.4500
2019-06-04,9898.0000,9941.4500,9865.6000,9876.2000
2019-06-05,9544.9500,9567.4000,9513.8500,9532.4500
2019-06-06,9889.5500,9889.5500,9712.0500,9722.5000
2019-06-07,9736.0500,9761.7500,9653.7000,9735.8500
2019-06-08,8792.6500,8960.9500,8791.6000,8918.6000
2019-06-09,8873.7500,8928.4500,8859.2500,8920.4000
2019-06-10,9784.4500,9813.6500,9727.9000,9765.8500
2019-06-11,9791.9000,9826.6500,9743.0500,9805.1000
2019-06-12,9781.9000,9787.2500,9642.1500,9669.4000
2019-06-13,9727.1500,9758.9000,9668.0500,9747.0500
2019-06-14,9742.8000,9745.1500,9652.6000,9669.9500
2019-06-17,9681.9000,9681.9500,9533.3500,9543.6000
2019-06-18,9547.5000,9587.0500,9514.1000,9551.3500
2019-06-19,9592.1500,9634.1500,9476.1000,9526.2000
2019-06-20,9501.5500,9655.2500,9476.2500,9646.0000
2019-06-21,9641.1500,9641.2500,9566.1000,9581.6000
2019-06-24,9585.9500,9605.0500,9543.4000,9564.1000
2019-06-25,9548.6500,9643.7500,9525.9500,9632.8500
2019-06-26,9611.9500,9699.6500,9604.1500,9682.8000
2019-06-27,9694.5500,9733.9500,9675.5000,9692.3500
2019-06-28,9707.4500,9713.7500,9644.1000,9657.9500
2019-07-01,9117.2000,9136.3000,9064.6500,9081.1500
2019-07-02,9125.5000,9179.7500,9116.1500,9145.8000
2019-07-03,9762.8500,9774.8000,9731.5000,9757.3000
2019-07-04,9767.8000,9793.5000,9765.2000,9776.8000
2019-07-05,9573.3000,9578.5500,9441.5000,9450.8000
2019-07-06,9736.0500,9761.7500,9653.7000,9735.8500
2019-07-08,9619.4000,9620.9000,9418.0000,9447.8000
2019-07-09,9428.0500,9473.4000,9375.8000,9455.6500
2019-07-10,9443.6500,9482.5000,9385.7000,9400.1000
2019-07-11,9447.1500,9475.7000,9414.1000,9466.4000
2019-07-12,9480.0500,9519.7500,9448.4000,9457.7500
2019-07-15,9499.2500,9502.7000,9427.8500,9469.1500
2019-07-16,9473.8500,9533.5500,9456.6000,9529.8500
2019-07-17,9535.2500,9563.9500,9520.1500,9543.3500
2019-07-18,9534.1500,9534.5000,9447.6500,9456.1500
2019-07-19,9484.5500,9494.9000,9288.8000,9304.6500
2019-07-22,9282.6000,9285.3000,9197.3000,9247.7500
2019-07-23,9265.8500,9277.6500,9208.9000,9233.5500
2019-07-24,9228.8000,9256.4000,9134.6500,9160.4500
2019-07-25,9173.7500,9232.4500,9148.4500,9159.1500
2019-07-26,9156.0000,9206.7000,9125.3500,9192.6000
2019-07-29,9205.3500,9208.2000,9081.7000,9108.9000
2019-07-30,9123.6500,9165.8000,8995.2500,9004.0500
2019-07-31,8963.3000,9058.4500,8928.0000,9044.9500
2019-08-01,9001.7000,9026.1500,8859.5500,8935.7500
2019-08-02,8890.5000,9007.0500,8821.1000,8943.9500
2019-08-03,9213.3000,9225.3000,9184.5500,9211.0500
2019-08-04,9715.4500,9719.9500,9593.8500,9634.4000
2019-08-05,8866.9000,8866.9000,8765.2000,8831.9500
2019-08-06,8792.6500,8960.9500,8791.6000,8918.6000
2019-08-07,9619.4000,9620.9000,9418.0000,9447.8000
2019-08-08,8888.4500,8998.9000,8844.4000,8979.6500
2019-08-09,9022.5000,9103.1000,9010.3500,9046.5500
2019-08-11,9753.2500,9785.4000,9669.9500,9683.3000
2019-08-13,9066.3500,9070.2000,8874.8500,8890.1000
2019-08-14,8942.0000,8998.2500,8897.0000,8971.1000
2019-08-16,8971.6500,8999.2000,8886.3000,8988.8000
2019-08-19,9022.6000,9061.4000,8983.6500,8997.9500
2019-08-20,9004.7500,9012.1000,8930.5000,8957.4000
2019-08-21,8957.8500,8965.1000,8858.4500,8864.5000
2019-08-22,8851.3500,8853.2500,8706.4500,8719.2500
2019-08-23,8687.4500,8812.8500,8628.3500,8790.5500
2019-08-26,8933.0500,8973.2000,8735.3000,8964.7000
2019-08-27,9004.0000,9047.8500,8972.9000,9022.2500
2019-08-28,9023.8000,9047.5500,8930.1000,8970.9000
2019-08-29,8938.0500,8954.6500,8874.2500,8906.1000
2019-08-30,8936.4500,8991.2000,8859.7500,8977.5500
2019-09-01,9143.2000,9149.3500,9050.1500,9127.4500
2019-09-03,8927.9000,8931.6500,8783.7500,8802.3500
2019-09-04,9641.9000,9685.8500,9594.9500,9677.7500
2019-09-05,9313.5500,9339.5500,9261.5000,9299.7500
2019-09-06,8873.7500,8928.4500,8859.2500,8920.4000
2019-09-07,9428.0500,9473.4000,9375.8000,9455.6500
2019-09-08,9022.5000,9103.1000,9010.3500,9046.5500
2019-09-09,8914.7000,8986.6000,8882.9000,8972.4000
2019-09-10,9059.1000,9183.3000,9008.8500,9177.9500
2019-09-11,8992.7000,9026.2500,8981.1000,9015.1500
2019-09-12,9682.0000,9714.3000,9636.7500,9671.4500
2019-09-13,8992.6500,9056.8000,8945.6000,9050.8500
2019-09-16,8992.1500,9044.4500,8978.9500,9009.1500
2019-09-17,9010.5500,9012.1000,8838.2500,8853.9000
2019-09-18,8898.9500,8912.2000,8841.5500,8877.7000
2019-09-19,8884.5000,8884.5000,8738.6500,8766.4500
2019-09-20,8799.4500,9293.9000,8748.0500,9230.5000
2019-09-23,9425.4000,9552.2500,9386.9000,9486.6000
2019-09-24,9489.1000,9530.3500,9434.6500,9474.7500
2019-09-25,9458.0500,9458.4500,9326.1000,9344.1500
2019-09-26,9365.5000,9471.2500,9363.2500,9443.8000
2019-09-27,9435.5500,9465.3500,9388.5000,9395.6000
2019-09-30,9384.6500,9389.5500,9276.9000,9340.9000
2019-10-01,9132.8000,9144.0000,9102.5500,9119.4000
2019-10-03,9207.1500,9243.8000,9153.7000,9198.4000
2019-10-04,9253.1000,9264.0000,9078.8000,9091.6500
2019-10-05,9309.3500,9335.1500,9271.1000,9290.2000
2019-10-06,9784.4500,9813.6500,9727.9000,9765.8500
2019-10-07,9104.5000,9120.3000,9031.6000,9040.6500
2019-10-09,9059.1000,9183.3000,9008.8500,9177.9500
2019-10-10,9153.5000,9165.0500,9097.5500,9112.7500
2019-10-11,9132.4000,9207.3500,9076.3000,9161.4000
2019-10-12,9680.5500,9682.6500,9585.0000,9595.4000
2019-10-14,9187.7000,9248.5000,9156.9000,9192.6500
2019-10-15,9208.7000,9277.2500,9196.8500,9253.8500
2019-10-16,9282.9500,9301.7500,9246.6500,9281.8500
2019-10-17,9286.6500,9399.2500,9268.0500,9391.0000
2019-10-18,9391.8500,9494.7000,9373.5000,9479.2000
2019-10-22,9481.0500,9526.8000,9435.8500,9448.2500
2019-10-23,9457.2500,9497.7500,9418.2500,9458.6500
2019-10-24,9501.3500,9516.6500,9402.5000,9437.6500
2019-10-25,9478.4500,9479.0500,9365.5500,9431.1000
2019-10-27,9493.7000,9504.0500,9462.7500,9478.3500
2019-10-29,9490.1000,9615.7500,9475.5000,9598.3500
2019-10-30,9666.6000,9673.7000,9602.1000,9647.5500
2019-10-31,9686.4000,9733.3500,9671.3000,9689.6500
2019-11-01,9130.7000,9142.3000,9057.1500,9098.2000
2019-11-02,9026.1000,9026.1000,8949.8500,8967.1500
2019-11-03,9240.8000,9353.4000,9235.6000,9345.6000
2019-11-04,9736.7500,9780.0000,9712.1000,9732.4000
2019-11-05,9757.7500,9760.8000,9657.7000,9694.0500
2019-11-06,9791.9000,9826.6500,9743.0500,9805.1000
2019-11-07,9447.1500,9475.7000,9414.1000,9466.4000
2019-11-08,9753.2500,9785.4000,9669.9500,9683.3000
2019-11-09,8992.7000,9026.2500,8981.1000,9015.1500
2019-11-10,9132.4000,9207.3500,9076.3000,9161.4000
2019-11-11,9665.6500,9708.3500,9655.5000,9695.8500
2019-11-12,9605.6000,9645.9500,9574.8500,9636.2500
2019-11-13,9698.1000,9730.6000,9618.2500,9633.9500
2019-11-14,9648.8500,9671.1000,9596.8500,9650.4000
2019-11-15,9676.9500,9721.3000,9657.8000,9667.3000
2019-11-18,9685.8500,9705.7000,9654.4000,9668.6000
2019-11-19,9692.2000,9714.2500,9662.6000,9702.1500
2019-11-20,9748.4000,9776.7000,9725.7000,9744.9000
2019-11-21,9768.0500,9769.5000,9703.9000,9712.3500
2019-11-22,9715.0500,9715.5000,9650.2000,9679.3000
2019-11-25,9688.8500,9809.1000,9687.0500,9802.0500
2019-11-26,9833.6000,9852.9000,9739.2000,9762.8500
2019-11-27,9787.3000,9824.5000,9778.1500,9815.9500
2019-11-28,9838.4500,9874.9000,9816.7500,9869.7500
2019-11-29,9871.1000,9872.1000,9781.0500,9813.6500
2019-12-02,8961.9000,8987.8500,8917.6500,8925.3000
2019-12-03,9814.7500,9815.9500,9715.5000,9743.1500
2019-12-04,9646.6000,9682.3000,9626.9500,9674.6000
2019-12-05,9801.1000,9805.6000,9741.9500,9757.6000
2019-12-06,9801.9500,9802.0500,9727.7500,9749.9500
2019-12-07,9480.0500,9519.7500,9448.4000,9457.7500
2019-12-09,9682.0000,9714.3000,9636.7500,9671.4500
2019-12-10,9680.5500,9682.6500,9585.0000,9595.4000
2019-12-11,9605.6000,9645.9500,9574.8500,9636.2500
2019-12-12,9666.5000,9714.9500,9657.3500,9691.1500
2019-12-13,9732.3500,9791.0500,9731.1500,9783.6000
2019-12-16,9815.2500,9817.6500,9747.9500,9753.0000
2019-12-17,9776.4500,9842.9000,9766.5500,9831.3500
2019-12-18,9854.7500,9876.4000,9821.2000,9864.5500
2019-12-19,9866.1500,9898.5500,9845.5500,9892.3000
2019-12-20,9899.5000,9920.6500,9891.6500,9905.3500
2019-12-23,9882.9500,9922.0500,9861.4000,9897.6500
2019-12-24,9905.3500,9915.2500,9860.3500,9868.4000
2019-12-26,9871.4500,9877.1500,9811.3500,9817.2000
2019-12-27,9852.1500,9916.2500,9842.9500,9908.7000
2019-12-30,9931.6000,9946.0500,9891.0500,9924.7000
2019-12-31,9921.5000,9921.7000,9861.5000,9872.5500
2020-01-01,9897.9500,9914.4000,9875.1000,9888.5500
2020-01-02,9903.2500,9984.4000,9901.4000,9980.0000
2020-01-03,9966.8000,9976.7500,9913.6000,9941.6500
2020-01-04,6995.5500,6998.4000,6720.4500,6761.9500
2020-01-06,9896.4500,9901.6000,9731.8500,9747.4000
2020-01-07,8493.7500,8567.3500,8466.7000,8554.7500
2020-01-08,9708.7000,9798.2500,9700.3500,9792.2000
2020-01-09,9894.0500,9951.2000,9882.1500,9943.9000
2020-01-10,9985.0000,10023.1500,9947.3500,9978.0000
2020-01-12,10803.2500,10850.1500,10734.3000,10835.1500
2020-01-13,10012.8000,10046.4500,10006.2500,10042.5000
2020-01-14,10051.2000,10083.8500,10032.8500,10075.8500
2020-01-15,10070.0000,10095.9500,10030.9500,10087.0500
2020-01-16,10099.9500,10132.1500,10076.6000,10110.0500
2020-01-17,10096.4000,10138.4500,10089.5000,10118.7000
2020-01-20,10174.9500,10174.9500,10019.0500,10025.7000
2020-01-21,10001.8500,10033.3000,9977.7000,9987.5500
2020-01-22,10029.5500,10034.0500,9935.0000,9947.0000
2020-01-23,9961.8000,10027.8000,9944.1000,10021.4000
2020-01-24,10019.9500,10101.2500,9999.2500,10083.7000
2020-01-27,10046.4500,10077.4500,9989.5500,9999.6000
2020-01-28,10023.5000,10041.0500,9934.2000,9956.9500
2020-01-29,10006.9500,10039.0500,9990.2000,10009.3000
2020-01-30,10025.3500,10026.9000,9902.3000,9919.2000
2020-01-31,9968.4000,9971.2000,9849.2500,9861.4500
2020-02-01,9903.2500,9984.4000,9901.4000,9980.0000
2020-02-03,9578.5000,9682.6500,9559.8500,9650.5500
2020-02-04,9711.9500,9858.6500,9711.1000,9853.0500
2020-02-05,9880.1500,9955.9000,9847.0500,9951.3500
2020-02-06,8068.1500,8147.4000,8030.6500,8137.4500
2020-02-07,10019.4500,10021.7000,9974.5500,10000.7500
2020-02-09,9457.6500,9534.5000,9429.7000,9518.4000
2020-02-10,10008.7500,10008.7500,9917.6500,9945.6500
2020-02-11,10004.0500,10044.1500,9979.6000,9987.0500
2020-02-12,10856.2500,10866.1500,10755.9000,10858.1500
2020-02-13,10049.8500,10053.2000,9990.3500,10017.7500
2020-02-14,10031.2500,10071.7000,9947.6500,9961.0500
2020-02-17,9976.1500,9990.7500,9884.9500,9891.0000
2020-02-18,9876.7000,9877.6000,9768.4500,9845.5500
2020-02-19,9921.3000,9974.8500,9895.4000,9970.5000
2020-02-20,9969.9000,10016.6500,9950.6000,9958.6500
2020-02-24,9904.5000,9904.5000,9745.5500,9758.2000
2020-02-25,9796.4500,9813.8000,9711.7500,9724.7000
2020-02-26,9680.1000,9713.2000,9596.3000,9622.7000
2020-02-27,9612.4000,9613.5000,9496.5500,9579.3500
2020-02-28,9372.7000,9374.8500,9214.1000,9236.0500
2020-03-01,9966.8000,9976.7500,9913.6000,9941.6500
2020-03-02,9380.4000,9436.5000,9105.0000,9178.8000
2020-03-03,9251.4000,9348.5500,9201.0000,9324.3000
2020-03-04,6831.6500,6831.6500,6619.5500,6638.4500
2020-03-05,9305.5500,9365.5500,9250.0500,9280.1500
2020-03-06,8997.0500,9089.2000,8918.5500,9059.9500
2020-03-07,8700.8500,8712.9000,8660.6500,8696.2500
2020-03-08,9029.6000,9029.8000,8925.0500,8932.0500
2020-03-09,8862.7000,8870.1500,8520.9500,8631.3500
2020-03-11,8556.1000,8709.5000,8555.8000,8618.0500
2020-03-12,8272.4000,8272.8500,7841.5000,7901.3500
2020-03-13,7425.0500,8298.0000,7028.7000,8163.0000
2020-03-16,7867.0000,7904.2500,7564.8000,7591.9000
2020-03-17,7642.3500,7746.1500,7383.3500,7417.6500
2020-03-18,7512.3000,7543.0500,6969.3500,7010.5500
2020-03-19,6676.8500,7041.7000,6483.1500,6807.2000
2020-03-20,6833.6500,7267.2500,6744.8000,7160.1000
2020-03-23,6522.8000,6692.8500,6226.1000,6243.0000
2020-03-24,6421.0000,6556.6500,6151.6000,6365.4500
2020-03-25,6299.7500,6758.7500,6291.8500,6724.0000
2020-03-26,6826.0500,7079.7500,6722.3500,6993.8500
2020-03-27,7230.5500,7311.0500,6902.9000,7003.3000
2020-03-30,6810.5000,6947.9500,6721.2500,6749.2000
2020-03-31,6938.0500,7041.6500,6808.7500,6996.7500
2020-04-01,6995.5500,6998.4000,6720.4500,6761.9500
2020-04-02,9711.9500,9858.6500,9711.1000,9853.0500
2020-04-03,9362.9000,9368.5500,9125.4500,9258.2500
2020-04-05,7764.9500,7765.8000,7578.7500,7596.9000
2020-04-06,8209.0000,8266.9500,8117.2000,8185.9000
2020-04-07,6913.5000,7164.7000,6842.9500,7149.0000
2020-04-08,7090.4000,7435.5000,7061.3500,7161.4500
2020-04-09,7335.2000,7454.9000,7298.4000,7441.6500
2020-04-11,9684.1000,9778.1000,9654.6000,9764.6000
2020-04-12,10934.6500,10990.2000,10888.9500,10978.8500
2020-04-13,7450.2000,7453.6500,7279.0000,7360.3500
2020-04-15,7503.0000,7581.6000,7298.5500,7344.3500
2020-04-16,7297.8000,7453.0500,7268.2500,7412.3000
2020-04-17,7665.4000,7665.6500,7489.2000,7614.4000
2020-04-20,7712.2000,7712.4000,7602.1000,7614.6000
2020-04-21,7436.5000,7446.0500,7346.5500,7395.8500
2020-04-22,7421.8500,7543.8000,7350.2500,7533.8000
2020-04-23,7575.5500,7655.6000,7540.4000,7625.3000
2020-04-24,7519.6000,7599.9000,7485.5500,7493.4500
2020-04-27,7578.0000,7657.6500,7572.1000,7603.9500
2020-04-28,7690.5500,7698.5500,7584.8500,7672.4500
2020-04-29,7702.6000,7828.3000,7692.9500,7797.2000
2020-04-30,7947.1500,8041.0500,7933.3000,8012.9000
2020-05-02,9880.1500,9955.9000,9847.0500,9951.3500
2020-05-03,9305.5500,9365.5500,9250.0500,9280.1500
2020-05-04,7764.9500,7765.8000,7578.7500,7596.9000
2020-05-05,7704.5000,7727.7500,7513.2500,7523.0500
2020-05-06,7544.1500,7620.8000,7451.2000,7575.5000
2020-05-07,7551.6000,7592.4500,7509.8000,7520.8500
2020-05-08,9126.6500,9175.4500,9060.8000,9088.7500
2020-05-10,9518.2000,9567.5500,9476.8000,9516.3000
2020-05-11,9874.3500,9941.5000,9857.2500,9935.3500
2020-05-12,7508.5500,7552.6000,7403.3000,7520.9000
2020-05-13,7819.1500,7819.2000,7632.8500,7667.0000
2020-05-14,7558.1500,7614.8000,7495.9000,7514.5500
2020-05-15,7547.6000,7547.6000,7447.7000,7504.0500
2020-05-18,7522.4500,7522.5000,7234.4500,7245.2500
2020-05-19,7350.1000,7398.0500,7266.1500,7284.5000
2020-05-20,7292.9000,7446.8500,7281.8000,7426.8500
2020-05-21,7444.4500,7525.3000,7429.2500,7470.6000
2020-05-22,7446.0000,7507.5000,7368.7000,7416.0000
2020-05-26,7463.6000,7502.7000,7395.9500,7424.5000
2020-05-27,7462.9500,7607.4000,7394.0500,7595.5500
2020-05-28,7635.0000,7746.4000,7616.8000,7732.2500
2020-05-29,7687.6000,7834.0500,7658.8000,7822.4000
2020-06-01,9896.4500,9901.6000,9731.8500,9747.4000
2020-06-02,9979.6500,10022.5000,9953.2000,10004.2000
2020-06-03,8997.0500,9089.2000,8918.5500,9059.9500
2020-06-04,8209.0000,8266.9500,8117.2000,8185.9000
2020-06-05,7544.1500,7620.8000,7451.2000,7575.5000
2020-06-07,8782.0000,8843.1000,8761.9500,8815.7000
2020-06-08,9150.1500,9205.1000,9115.7500,9169.1000
2020-06-09,8350.3000,8422.1500,8213.6000,8238.1000
2020-06-10,8260.1500,8314.6000,8224.7000,8293.3500
2020-06-11,8284.1000,8306.4500,8125.0000,8137.0000
2020-06-12,7839.8000,8212.8000,7839.1500,8196.4000
2020-06-15,8171.7500,8196.4000,8030.4000,8086.4500
2020-06-16,8239.4000,8260.2000,8015.1500,8152.3000
2020-06-17,8126.3000,8223.9500,8098.0000,8140.4500
2020-06-18,8130.9000,8297.0000,8117.9500,8283.6500
2020-06-19,8314.9500,8420.8500,8282.5000,8403.4000
2020-06-22,8471.9000,8538.7500,8447.9500,8486.4500
2020-06-23,8527.5000,8629.9000,8488.3500,8621.1000
2020-06-24,8678.7000,8699.5500,8476.8500,8496.2500
2020-06-25,8440.7500,8543.5500,8410.1500,8499.9000
2020-06-26,8572.4500,8595.4500,8515.6500,8559.0000
2020-06-29,8514.6000,8521.4000,8426.9500,8488.0500
2020-06-30,8544.7000,8560.3000,8448.5500,8474.8000
2020-07-01,8493.7500,8567.3500,8466.7000,8554.7500
2020-07-02,8602.4500,8677.9500,8598.8000,8647.8500
2020-07-03,8700.8500,8712.9000,8660.6500,8696.2500
2020-07-04,6913.5000,7164.7000,6842.9500,7149.0000
2020-07-05,7551.6000,7592.4500,7509.8000,7520.8500
2020-07-06,8782.0000,8843.1000,8761.9500,8815.7000
2020-07-07,8847.2500,8861.4500,8762.2000,8850.3000
2020-07-08,9170.0500,9211.7500,9142.3000,9198.6500
2020-07-09,9403.4500,9420.7000,9307.5500,9379.1000
2020-07-10,9637.1500,9673.3000,9593.7000,9654.5000
2020-07-12,10994.1500,11078.3500,10982.7500,11070.2500
2020-07-13,8879.5500,8901.3000,8796.5500,8834.2000
2020-07-14,8799.5500,8802.7000,8655.4000,8693.3500
2020-07-15,8764.0500,8846.9000,8661.4500,8689.8500
2020-07-16,8750.6000,8776.0500,8650.6000,8766.6000
2020-07-17,8783.0500,8915.2500,8781.4500,8895.3000
2020-07-20,8965.2500,8994.9500,8938.1000,8985.1000
2020-07-21,9066.1500,9089.2000,9049.4500,9070.6000
2020-07-22,9119.1500,9123.0500,8988.5500,9046.6000
2020-07-23,9054.8500,9129.3000,9034.6000,9114.0500
2020-07-24,9066.6500,9108.2000,9011.5000,9085.9500
2020-07-27,9112.4500,9112.4500,8995.1000,9024.9000
2020-07-28,9045.4500,9153.0000,9043.9000,9141.7500
2020-07-29,9135.5000,9180.7000,9057.9000,9096.1000
2020-07-30,9136.2000,9163.9500,9013.9000,9031.7000
2020-07-31,9061.5000,9076.9500,8997.7000,9035.7500
2020-08-01,9708.7000,9798.2500,9700.3500,9792.2000
2020-08-03,9029.6000,9029.8000,8925.0500,8932.0500
2020-08-04,8980.5500,9085.7500,8951.0000,9074.9500
2020-08-05,9126.6500,9175.4500,9060.8000,9088.7500
2020-08-06,9150.1500,9205.1000,9115.7500,9169.1000
2020-08-07,9170.0500,9211.7500,9142.3000,9198.6500
2020-08-09,9400.6000,9436.7000,9306.2500,9329.8500
2020-08-10,9257.2000,9308.7500,9241.5000,9268.5500
2020-08-11,9315.1500,9346.9000,9283.0000,9291.0000
2020-08-12,11112.6000,11136.8000,11008.4000,11088.6500
2020-08-13,9314.9500,9339.2000,9280.3000,9307.8500
2020-08-14,9350.6500,9365.8500,9157.6500,9214.4000
2020-08-17,9278.8500,9281.9500,9184.2500,9267.9000
2020-08-18,9286.1000,9392.7500,9282.1000,9382.0500
2020-08-19,9436.9500,9449.1500,9402.2500,9412.5500
2020-08-20,9347.9000,9398.6000,9325.0500,9368.7500
2020-08-21,9451.2000,9465.0500,9415.6500,9423.5500
2020-08-24,9466.8000,9523.4000,9465.7000,9498.3500
2020-08-25,9545.6000,9556.5000,9469.2000,9509.2500
2020-08-26,9547.0500,9575.2000,9508.0000,9567.1500
2020-08-27,9619.6000,9625.6500,9568.8000,9580.7000
2020-08-28,9623.0000,9675.9000,9614.7500,9641.0500
2020-08-31,9735.7000,9747.0500,9324.6500,9372.0500
2020-09-01,9422.4500,9479.1000,9353.2000,9442.2500
2020-09-02,9457.6500,9534.5000,9429.7000,9518.4000
2020-09-03,9550.3500,9567.7500,9520.1000,9534.6500
2020-09-04,9388.3500,9476.6000,9355.0500,9377.9500
2020-09-06,8350.3000,8422.1500,8213.6000,8238.1000
2020-09-07,8823.7500,8867.3000,8808.0000,8851.5000
2020-09-08,9400.6000,9436.7000,9306.2500,9329.8500
2020-09-09,9250.1000,9306.3000,9203.5000,9290.2000
2020-09-10,9728.7500,9774.7500,9691.2000,9750.1500
2020-09-11,10137.3000,10183.5000,10100.4500,10176.3500
2020-09-12,11147.5500,11201.7500,11143.4500,11181.2000
2020-09-14,9520.0000,9577.8500,9446.8500,9493.3000
2020-09-15,9538.1500,9583.2000,9515.3500,9573.3500
2020-09-16,9595.7500,9640.9500,9575.0000,9632.5000
2020-09-17,9584.5500,9624.6500,9553.8500,9566.7500
2020-09-18,9622.1500,9626.5500,9517.8000,9559.5000
2020-09-21,9565.9500,9582.3500,9284.7500,9313.0000
2020-09-22,9339.8000,9340.2500,9117.9500,9213.9000
2020-09-23,9296.4500,9309.0500,9106.0000,9194.3500
2020-09-24,9094.1000,9097.4000,8933.9500,8944.7500
2020-09-25,9032.7000,9171.1500,8985.7500,9156.1000
2020-09-28,9237.7500,9338.7000,9212.7500,9330.2500
2020-09-29,9385.7500,9401.8000,9286.0500,9319.7000
2020-09-30,9344.3000,9375.8500,9292.3500,9341.7500
2020-10-01,9433.7000,9472.4000,9423.8000,9461.7000
2020-10-02,10008.7500,10008.7500,9917.6500,9945.6500
2020-10-05,9518.2000,9567.5500,9476.8000,9516.3000
2020-10-06,8260.1500,8314.6000,8224.7000,8293.3500
2020-10-07,8818.7000,8865.3500,8772.4500,8813.9500
2020-10-08,9257.2000,9308.7500,9241.5000,9268.5500
2020-10-09,9359.5500,9429.9000,9345.6000,9420.2500
2020-10-11,10252.8000,10277.0000,10181.6500,10269.0000
2020-10-12,11156.9000,11156.9000,11060.2000,11141.3500
2020-10-13,9745.9000,9784.8000,9715.9500,9736.4500
2020-10-14,9726.4500,9781.2500,9657.5000,9763.4000
2020-10-15,9801.5500,9802.9000,9535.7000,9550.0500
2020-10-16,9588.8000,9635.0000,9536.4500,9626.2500
2020-10-19,9710.9500,9717.6000,9664.4500,9709.3000
2020-10-20,9699.3000,9760.3500,9682.3000,9733.0000
2020-10-21,9780.5000,9821.9500,9635.3000,9756.6000
2020-10-22,9726.4500,9763.8000,9683.8000,9745.0500
2020-10-23,9794.4000,9807.1500,9764.5500,9780.3500
2020-10-26,9794.9500,9797.7000,9609.2000,9647.6500
2020-10-27,9674.1500,9756.0500,9607.6000,9748.3000
2020-10-28,9773.8500,9782.9500,9602.7500,9632.3500
2020-10-29,9557.1500,9637.8500,9530.2500,9593.4000
2020-10-30,9605.1000,9665.0000,9500.7000,9581.6500
2020-11-02,9622.7000,9634.1500,9524.2000,9595.9500
2020-11-03,8556.1000,8709.5000,8555.8000,8618.0500
2020-11-04,9684.1000,9778.1000,9654.6000,9764.6000
2020-11-05,9874.3500,9941.5000,9857.2500,9935.3500
2020-11-06,9965.0500,10044.9000,9951.2000,10033.5000
2020-11-08,9315.1500,9346.9000,9283.0000,9291.0000
2020-11-09,9424.4500,9460.6500,9405.1500,9446.4000
2020-11-10,10252.8000,10277.0000,10181.6500,10269.0000
2020-11-11,10308.5000,10378.0500,10233.3500,10356.5000
2020-11-12,10334.7500,10367.8500,10294.5500,10342.7000
2020-11-13,10324.1000,10394.1500,10293.2500,10387.2000
2020-11-14,10470.9000,10476.5500,10415.9500,10440.3500
2020-11-17,10543.2500,10543.8500,10459.6000,10524.0000
2020-11-18,10516.7500,10594.9500,10491.5000,10588.3500
2020-11-19,10522.9000,10633.1500,10453.6000,10477.5000
2020-11-20,10514.8500,10583.7500,10456.9500,10560.5500
2020-11-23,10642.8500,10661.2500,10567.4500,10635.9500
2020-11-24,10698.3000,10749.3500,10686.5000,10733.6000
2020-11-25,10794.4000,10804.1000,10556.2000,10574.9500
2020-11-26,10611.0500,10694.7500,10531.9000,10674.0500
2020-11-27,10703.2500,10751.0000,10670.2000,10719.0500
2020-12-01,10803.2500,10850.1500,10734.3000,10835.1500
2020-12-02,10020.6000,10067.7000,10015.8500,10037.1000
2020-12-03,8272.4000,8272.8500,7841.5000,7901.3500
2020-12-04,10934.6500,10990.2000,10888.9500,10978.8500
2020-12-05,7508.5500,7552.6000,7403.3000,7520.9000
2020-12-06,7839.8000,8212.8000,7839.1500,8196.4000
2020-12-07,10994.1500,11078.3500,10982.7500,11070.2500
2020-12-08,9269.1500,9294.9000,9229.2000,9284.8000
2020-12-09,11147.5500,11201.7500,11143.4500,11181.2000
2020-12-10,11156.9000,11156.9000,11060.2000,11141.3500
2020-12-11,11172.6500,11221.9500,11082.0000,11171.4000
2020-12-14,11223.3000,11240.4000,11157.6500,11215.2500
2020-12-15,11212.3500,11234.4500,11128.4000,11223.9000
2020-12-16,11299.2000,11328.4000,11265.8000,11320.1000
2020-12-17,11347.1000,11385.6000,11322.7500,11346.3500
2020-12-18,11368.7000,11376.7000,11263.1500,11355.0000
2020-12-21,11338.4000,11365.5500,10787.5000,10964.2500
2020-12-22,10979.8500,11097.3000,10791.8500,11075.7500
2020-12-23,11092.4000,11239.6000,11062.2000,11225.5500
2020-12-24,11292.0500,11342.4500,11245.7500,11325.2500
2020-12-28,11387.4500,11443.4500,11386.1000,11434.7000
2020-12-29,11475.2500,11506.2000,11405.8000,11467.0000
2020-12-30,11507.0500,11521.2000,11414.1000,11509.6500
2020-12-31,11508.5500,11548.3500,11483.5500,11518.3000
2021-01-01,11535.8500,11594.8500,11532.6000,11574.8500
2021-01-02,11396.9000,11806.4500,11304.0000,11770.1500
2021-01-03,12316.3000,12395.8000,12271.8500,12368.3000
2021-01-04,12401.3500,12492.5500,12334.3500,12479.0000
2021-01-05,11647.6000,11780.8000,11613.5000,11767.0000
2021-01-06,13274.2500,13292.4000,13164.8500,13210.4000
2021-01-07,11833.6000,11834.4000,11753.8000,11766.1000
2021-01-08,11865.5000,11940.4500,11841.8500,11925.6000
2021-01-09,14611.6500,14640.6000,14527.0500,14551.3500
2021-01-10,14994.8000,15031.5500,14932.7500,15013.9500
2021-01-11,15179.4000,15318.1500,15111.3000,15302.7000
2021-01-12,14743.7000,14822.5000,14694.3000,14784.7000
2021-01-13,12123.0000,12133.4000,11925.0000,12041.1000
2021-01-14,12043.4000,12081.5500,11976.1500,12069.5000
2021-01-15,12078.6000,12100.8500,11864.0500,11931.2000
2021-01-18,11943.6500,11948.2000,11733.3500,11776.2000
2021-01-19,11851.1500,11993.3000,11849.1500,11981.8500
2021-01-20,12002.1000,12092.0500,11987.6000,12078.3500
2021-01-21,12154.7000,12167.9500,11959.6000,12015.9500
2021-01-22,12020.3000,12053.1000,11842.4000,11854.5000
2021-01-25,11951.1000,11968.4000,11719.5500,11743.7000
2021-01-27,11744.3000,11744.3000,11511.5500,11546.3500
2021-01-28,11419.3000,11503.2000,11365.8500,11442.5500
2021-01-29,11549.8500,11568.9000,11273.5500,11302.4000
2021-02-01,11396.9000,11806.4500,11304.0000,11770.1500
2021-02-02,11921.7000,12102.6000,11916.6500,12053.2500
2021-02-03,12458.3500,12548.2000,12385.9500,12519.4000
2021-02-04,12184.6500,12297.5500,12140.8500,12285.8500
2021-02-05,12345.2500,12386.2500,12247.4500,12279.8500
2021-02-06,13183.8000,13290.7000,13177.8000,13274.2500
2021-02-07,13480.3000,13506.1000,13435.2500,13494.4500
2021-02-08,12389.5000,12469.3000,12376.6500,12441.3000
2021-02-09,12487.6000,12545.4500,12396.2000,12434.2000
2021-02-10,12452.9500,12490.4500,12347.1000,12452.4500
2021-02-11,12433.5000,12522.4500,12426.1500,12514.1000
2021-02-12,14808.8000,14990.3000,14786.6500,14973.9500
2021-02-15,12592.0000,12648.7000,12576.7000,12632.0500
2021-02-16,12679.6500,12724.5500,12580.9500,12647.2000
2021-02-17,12631.1000,12669.8500,12561.5500,12597.4500
2021-02-18,12633.3000,12655.4000,12535.6500,12565.7000
2021-02-19,12540.8500,12592.5000,12360.7000,12438.8000
2021-02-22,12457.2500,12471.6500,12174.6000,12212.5500
2021-02-23,12294.3000,12356.4500,12190.6500,12263.7000
2021-02-24,12299.5500,12470.2000,12294.8500,12455.2000
2021-02-25,12543.5000,12615.4000,12533.3000,12567.8500
2021-02-26,12401.0500,12449.0000,12134.5000,12181.4000
2021-03-01,12316.3000,12395.8000,12271.8500,12368.3000
2021-03-02,12139.7000,12234.7000,12005.4000,12174.0500
2021-03-03,12635.8500,12781.8500,12603.0500,12764.8000
2021-03-04,12607.5500,12771.1000,12589.7500,12688.8500
2021-03-05,12621.9500,12697.0500,12478.4500,12539.0000
2021-03-06,13347.0500,13392.7500,13332.0000,13380.5000
2021-03-08,13840.6000,13950.2500,13817.9000,13939.2000
2021-03-09,14724.7000,14770.8500,14682.2000,14759.3000
2021-03-10,12705.1000,12722.6000,12627.8000,12691.3500
2021-03-11,15367.7000,15397.3000,15212.1500,15282.7500
2021-03-12,15002.6500,15054.9500,14845.2500,14856.3000
2021-03-15,12623.0500,12624.3000,12364.9500,12510.1500
2021-03-16,12564.8000,12601.0500,12487.8000,12512.7000
2021-03-17,12540.1500,12546.5500,12301.1500,12319.9000
2021-03-18,12426.9000,12449.8500,12100.6000,12174.4500
2021-03-19,12096.8000,12342.3000,11951.4000,12314.5000
2021-03-22,12322.7500,12360.4500,12235.6000,12338.6000
2021-03-23,12375.4000,12462.0000,12340.3000,12417.3000
2021-03-24,12346.0500,12390.6000,12183.7000,12197.2000
2021-03-25,12218.8000,12221.5500,11939.0000,11993.3000
2021-03-26,12134.7500,12191.9500,12072.2000,12148.9000
2021-03-30,12256.0000,12404.2500,12249.0000,12387.9000
2021-03-31,12376.8000,12376.8000,12298.7000,12313.7000
2021-04-01,12401.3500,12492.5500,12334.3500,12479.0000
2021-04-02,12184.6500,12297.5500,12140.8500,12285.8500
2021-04-03,12607.5500,12771.1000,12589.7500,12688.8500
2021-04-05,12463.7000,12466.2500,12149.4000,12298.6000
2021-04-06,13412.7500,13433.6000,13352.1500,13393.9000
2021-04-07,12389.2500,12510.7000,12347.7000,12481.3000
2021-04-08,13998.0500,14045.0500,13944.1000,13969.3500
2021-04-09,12552.9000,12591.9500,12490.0000,12527.4000
2021-04-10,15094.4000,15195.2000,15075.2500,15181.1500
2021-04-11,15380.9500,15396.8500,15363.3500,15376.9000
2021-04-12,12357.3500,12361.4000,11978.4500,12024.1000
2021-04-13,12068.0500,12201.5500,12006.7000,12186.7000
2021-04-15,12189.8000,12248.9000,12055.1500,12237.6000
2021-04-16,12261.9000,12358.5500,12232.4000,12298.0500
2021-04-19,12032.7500,12094.5500,11923.2000,12076.4500
2021-04-20,12213.5500,12232.8500,11981.3500,12055.4000
2021-04-22,11997.2000,12147.5000,11950.6500,12132.0500
2021-04-23,12086.2000,12199.4000,12044.9000,12105.6000
2021-04-26,12197.1000,12263.6000,12180.8500,12216.8500
2021-04-27,12238.5500,12374.0000,12232.8000,12362.5500
2021-04-28,12422.5000,12537.0500,12412.0000,12517.9500
2021-04-29,12613.8000,12659.4000,12471.9000,12532.8000
2021-04-30,12425.8000,12524.1000,12341.2000,12364.3500
2021-05-01,11647.6000,11780.8000,11613.5000,11767.0000
2021-05-02,12345.2500,12386.2500,12247.4500,12279.8500
2021-05-03,12621.9500,12697.0500,12478.4500,12539.0000
2021-05-04,12457.4000,12487.1500,12272.3500,12300.4500
2021-05-05,12394.8500,12426.9500,12319.2500,12413.0000
2021-05-06,12465.7000,12514.1000,12407.6500,12501.9000
2021-05-07,13558.4000,13593.5000,13536.9000,13585.7500
2021-05-08,14000.9000,14003.1000,13891.7000,13981.5500
2021-05-10,12649.4500,12685.8000,12625.9000,12669.9000
2021-05-11,12559.9500,12675.2000,12538.6500,12642.2500
2021-05-12,12646.2500,12646.9500,12496.6500,12537.9500
2021-05-14,12595.1500,12595.3500,12408.1000,12472.1500
2021-05-17,12544.5500,12683.8000,12511.3000,12672.1000
2021-05-18,12794.9500,12855.6000,12783.1500,12839.1000
2021-05-19,12816.5500,12882.5000,12791.1500,12809.0000
2021-05-20,12831.3000,12854.6500,12718.2000,12736.4500
2021-05-21,12815.5500,12929.0500,12803.1500,12917.8500
2021-05-24,12963.0000,13003.6000,12912.2500,12962.4500
2021-05-25,13045.4000,13046.1500,12929.1500,12963.0000
2021-05-26,13010.0000,13043.8500,12954.1500,13022.2000
2021-05-27,13052.8500,13091.3500,13007.1500,13066.2500
2021-05-28,13134.7000,13160.3500,13098.8500,13117.0500
2021-05-31,13135.8500,13244.4000,13080.6500,13226.3500
2021-06-01,11806.7500,11817.1000,11640.1500,11737.9000
2021-06-02,13183.8000,13290.7000,13177.8000,13274.2500
2021-06-03,13347.0500,13392.7500,13332.0000,13380.5000
2021-06-04,13412.7500,13433.6000,13352.1500,13393.9000
2021-06-05,12465.7000,12514.1000,12407.6500,12501.9000
2021-06-07,13579.1500,13661.9000,13561.7500,13574.1500
2021-06-08,13996.6000,14029.8000,13946.0500,13954.6500
2021-06-09,14827.0500,14843.4000,14783.4500,14805.8500
2021-06-10,13458.6500,13524.8500,13431.2500,13517.2000
2021-06-11,13577.0500,13601.0000,13513.8500,13563.8500
2021-06-12,14876.2500,14882.1500,14599.3500,14618.3500
2021-06-14,13551.7500,13565.0000,13342.4000,13554.1500
2021-06-15,13601.3500,13634.3500,13587.7500,13607.8000
2021-06-16,13595.1000,13621.6500,13487.1500,13510.6000
2021-06-17,13405.9000,13520.9000,13372.4000,13425.1500
2021-06-18,13471.9000,13474.9500,13155.5500,13386.5500
2021-06-21,13240.9000,13468.8000,13221.0500,13456.1000
2021-06-22,13543.4000,13589.6500,13473.3500,13491.1000
2021-06-23,13570.1000,13570.2000,13412.4500,13423.3500
2021-06-24,13460.8000,13486.7500,13434.5000,13468.2500
2021-06-25,13512.1500,13549.1000,13471.0000,13539.4000
2021-06-28,13589.7500,13589.8500,13515.0500,13533.0500
2021-06-29,13535.5500,13567.8000,13461.2500,13481.9500
2021-06-30,13513.2500,13552.9500,13462.2000,13473.5500
2021-07-01,11833.6000,11834.4000,11753.8000,11766.1000
2021-07-02,13480.3000,13506.1000,13435.2500,13494.4500
2021-07-04,12389.2500,12510.7000,12347.7000,12481.3000
2021-07-05,12579.9000,12600.1500,12527.3500,12563.1000
2021-07-06,13579.1500,13661.9000,13561.7500,13574.1500
2021-07-07,13577.5000,13644.4500,13542.0500,13631.0000
2021-07-08,13627.7000,13660.8500,13488.1000,13532.7000
2021-07-09,13513.5000,13545.6500,13470.2000,13527.9500
2021-07-10,15274.6500,15335.9500,15251.0000,15290.1500
2021-07-12,14733.2500,14881.7500,14683.2500,14834.5000
2021-07-13,13633.1000,13635.5500,13580.4500,13628.8500
2021-07-14,13638.3000,13678.8000,13606.3500,13661.1000
2021-07-15,13686.3500,13738.6000,13677.3500,13720.3500
2021-07-16,13756.7500,13761.1000,13706.5000,13742.3500
2021-07-19,13624.3000,13693.3500,13573.6500,13619.8500
2021-07-20,13594.8500,13614.7500,13437.1500,13495.6000
2021-07-22,13592.4000,13678.9500,13590.3000,13670.2000
2021-07-23,13711.2500,13728.4000,13629.6500,13687.0000
2021-07-26,13692.2000,13731.1000,13648.4500,13675.1000
2021-07-27,13715.1500,13740.9000,13569.3500,13610.3000
2021-07-28,13631.5500,13631.5500,13409.1000,13579.1500
2021-07-29,13631.5000,13668.9000,13608.9000,13643.7500
2021-07-30,13671.5500,13739.7000,13635.4500,13664.2500
2021-08-01,11865.5000,11940.4500,11841.8500,11925.6000
2021-08-02,13759.8000,13789.9000,13732.8500,13783.7000
2021-08-03,13840.6000,13950.2500,13817.9000,13939.2000
2021-08-04,12533.4500,12624.2500,12501.2500,12541.6500
2021-08-05,14000.9000,14003.1000,13891.7000,13981.5500
2021-08-06,13510.0500,13513.0500,13420.5500,13496.5500
2021-08-07,13627.7000,13660.8500,13488.1000,13532.7000
2021-08-09,14802.8500,14825.1000,14716.6500,14803.6000
2021-08-10,13957.6000,13996.8500,13809.4500,13892.7500
2021-08-11,13924.0500,13938.6000,13716.7000,13876.5500
2021-08-12,13901.1000,13979.8500,13884.0500,13971.9500
2021-08-13,13997.7500,14079.6500,13991.7000,14065.3000
2021-08-16,14063.7500,14087.4000,14016.7500,14070.8000
2021-08-17,14063.9000,14123.6000,14010.9000,14113.1000
2021-08-18,14171.0500,14186.5000,14072.0000,14095.5500
2021-08-20,13951.5000,14047.9000,13910.2000,13943.9500
2021-08-23,14063.3500,14063.5000,13841.0000,13930.5500
2021-08-24,13986.9500,14075.9000,13942.5000,14063.2500
2021-08-25,14103.1000,14145.4500,14070.5500,14093.6000
2021-08-26,14106.4500,14147.0500,14074.9000,14106.9500
2021-08-27,14126.3000,14203.9500,14064.1000,14192.5000
2021-08-30,14257.4000,14411.9500,14250.5500,14397.9000
2021-08-31,14421.3000,14571.8000,14393.5000,14555.9000
2021-09-01,14611.6500,14640.6000,14527.0500,14551.3500
2021-09-02,14571.3000,14692.0000,14548.5000,14684.3500
2021-09-03,14724.7000,14770.8500,14682.2000,14759.3000
2021-09-04,12552.9000,12591.9500,12490.0000,12527.4000
2021-09-06,14827.0500,14843.4000,14783.4500,14805.8500
2021-09-07,14834.9500,14852.2500,14713.5500,14784.2500
2021-09-08,14802.8500,14825.1000,14716.6500,14803.6000
2021-09-09,14780.6000,14844.4000,14774.1500,14836.4500
2021-09-11,15542.0500,15579.5000,15487.7000,15541.9500
2021-09-12,15126.5500,15141.0000,15023.2000,15126.6000
2021-09-13,14839.8000,14865.7500,14769.1000,14852.2000
2021-09-14,14917.0500,14935.5500,14881.5500,14904.3500
2021-09-15,14927.9500,15028.6500,14921.1000,15020.5500
2021-09-16,15050.8500,15115.3500,15012.2500,15104.9000
2021-09-17,15169.9000,15207.7000,14979.3500,15027.2500
2021-09-20,14907.5000,15047.6500,14800.8500,14826.7500
2021-09-21,14856.8500,14959.4500,14734.7000,14946.3000
2021-09-22,14977.3000,15030.8500,14950.3500,14990.5500
2021-09-23,15097.1000,15219.3500,15085.5500,15205.4500
2021-09-24,15274.1000,15305.2000,15160.4500,15191.9500
2021-09-27,15261.3500,15262.6500,15139.6000,15189.0500
2021-09-28,15235.1000,15239.6500,14967.0500,15095.6000
2021-09-29,15023.3000,15141.0500,14985.4000,15086.9500
2021-09-30,15109.7000,15137.5500,15026.9500,15052.6500
2021-10-01,14994.8000,15031.5500,14932.7500,15013.9500
2021-10-02,12452.9500,12490.4500,12347.1000,12452.4500
2021-10-03,12705.1000,12722.6000,12627.8000,12691.3500
2021-10-04,15094.4000,15195.2000,15075.2500,15181.1500
2021-10-05,15171.2500,15287.7000,15150.5000,15280.1000
2021-10-06,13458.6500,13524.8500,13431.2500,13517.2000
2021-10-07,15274.6500,15335.9500,15251.0000,15290.1500
2021-10-08,15375.3000,15402.7000,15317.4000,15365.2000
2021-10-11,15374.5000,15497.8000,15356.5500,15428.0000
2021-10-12,15103.6500,15168.8000,15069.8000,15155.0000
2021-10-13,15573.6000,15660.2000,15546.8500,15631.4000
2021-10-14,15733.3000,15781.0000,15710.1000,15769.2500
2021-10-18,15924.1000,15949.2000,15871.4000,15886.1500
2021-10-19,16003.9500,16004.4500,15716.7000,15757.8500
2021-10-20,15768.0000,15776.3500,15497.0000,15568.6500
2021-10-21,15666.6000,15667.0000,15373.4500,15487.6500
2021-10-22,15537.0500,15600.4500,15328.9000,15399.7000
2021-10-25,15492.0000,15498.4000,15181.6000,15334.3500
2021-10-26,15360.3500,15528.9000,15356.5000,15499.6500
2021-10-27,15541.7500,15583.2000,15454.1000,15484.3500
2021-10-28,15475.4000,15475.4500,15148.2000,15190.8500
2021-10-29,15163.5000,15266.4000,14961.5000,15086.9000
2021-11-01,15179.4000,15318.1500,15111.3000,15302.7000
2021-11-02,15344.3500,15373.7000,15278.7000,15314.6500
2021-11-03,15367.7000,15397.3000,15212.1500,15282.7500
2021-11-04,15380.9500,15396.8500,15363.3500,15376.9000
2021-11-05,12559.9500,12675.2000,12538.6500,12642.2500
2021-11-06,13577.0500,13601.0000,13513.8500,13563.8500
2021-11-08,13924.0500,13938.6000,13716.7000,13876.5500
2021-11-09,15542.0500,15579.5000,15487.7000,15541.9500
2021-11-10,15374.5000,15497.8000,15356.5500,15428.0000
2021-11-11,15497.2500,15499.9000,15351.2000,15411.1000
2021-11-12,15504.3500,15591.4500,15429.6000,15579.0000
2021-11-15,15625.7500,15664.4500,15558.0500,15592.6000
2021-11-16,15613.1000,15626.6500,15492.6000,15525.4000
2021-11-17,15487.1500,15560.7500,15436.9500,15454.9500
2021-11-18,15461.5000,15502.6000,15239.8000,15302.5500
2021-11-22,15333.9000,15339.6500,14846.7000,14976.7000
2021-11-23,14876.0000,15137.1500,14820.4000,15107.8000
2021-11-24,15159.9500,15199.2000,14997.3000,15046.5000
2021-11-25,15057.6000,15166.6500,14984.7000,15150.6000
2021-11-26,14990.8500,15012.1000,14674.7500,14707.2000
2021-11-29,14683.0500,14749.5000,14402.1000,14656.4500
2021-11-30,14662.0500,14912.7500,14608.6000,14648.3500
2021-12-01,12000.8000,12083.7000,11969.7500,12058.3500
2021-12-02,14808.8000,14990.3000,14786.6500,14973.9500
2021-12-03,15002.6500,15054.9500,14845.2500,14856.3000
2021-12-04,12357.3500,12361.4000,11978.4500,12024.1000
2021-12-05,12646.2500,12646.9500,12496.6500,12537.9500
2021-12-06,14876.2500,14882.1500,14599.3500,14618.3500
2021-12-07,13603.6000,13620.1500,13512.7000,13549.0000
2021-12-08,13901.1000,13979.8500,13884.0500,13971.9500
2021-12-09,15126.5500,15141.0000,15023.2000,15126.6000
2021-12-10,15426.6000,15493.2500,15371.8000,15481.9000
2021-12-11,15504.3500,15591.4500,15429.6000,15579.0000
2021-12-13,15258.1000,15280.0000,15052.9000,15064.2500
2021-12-14,15005.5000,15072.0000,14947.9500,15043.2500
2021-12-15,15050.1000,15075.7000,14936.6000,14953.1000
2021-12-16,15072.9500,15078.8500,14891.6000,14936.4500
2021-12-17,14952.7500,14966.1000,14658.5000,14673.1500
2021-12-20,14523.5000,14533.8000,14128.1500,14300.7000
2021-12-21,14423.7000,14584.9500,14386.4500,14461.4000
2021-12-22,14542.7000,14652.3500,14522.5500,14639.7500
2021-12-23,14738.3000,14779.3000,14708.7000,14751.4500
2021-12-24,14813.9000,14819.2000,14605.0500,14664.8000
2021-12-27,14617.1500,14745.5500,14515.2500,14727.6000
2021-12-28,14809.5000,14880.8500,14805.3000,14867.8500
2021-12-29,14866.2000,14922.3500,14835.3500,14863.4000
2021-12-30,14856.1000,14894.6500,14815.0000,14842.0500
2021-12-31,14879.2500,15022.3500,14877.8500,14996.2000
2022-01-02,15073.1500,15138.2000,14850.3000,15116.2000
2022-01-03,15030.5000,15220.0500,15028.5500,15204.6000
2022-01-04,14890.1000,15111.3500,14882.6000,15087.3000
2022-01-05,15329.7500,15410.6000,15264.8500,15396.4000
2022-01-06,15275.7500,15315.5000,15197.1000,15290.1000
2022-01-07,15333.4500,15418.4000,15255.4500,15348.5500
2022-01-08,14741.4000,14858.3000,14666.2000,14846.8500
2022-01-09,15142.7000,15309.8500,15141.4500,15211.2000
2022-01-10,15427.6500,15504.0000,15400.5500,15495.5500
2022-01-11,15507.9500,15545.8500,15460.7000,15537.4000
2022-01-12,16041.1500,16041.6500,15972.7500,16003.9500
2022-01-13,15710.3000,15730.9500,15629.4500,15721.0500
2022-01-14,15667.9500,15754.4500,15619.5500,15730.4000
2022-01-17,15731.3500,15794.9500,15718.2500,15781.2500
2022-01-18,15819.4500,15834.2000,15546.6500,15573.1000
2022-01-19,15580.4000,15580.4000,15403.2000,15472.5000
2022-01-20,15464.4500,15486.1500,15280.5500,15361.1000
2022-01-21,15252.9000,15294.7000,15069.0500,15180.8000
2022-01-24,15155.0000,15165.4000,14577.1500,14712.0500
2022-01-25,14577.5500,14853.0000,14410.9000,14832.2000
2022-01-27,14671.7000,14735.7500,14489.8000,14679.7000
2022-01-28,14773.0500,14952.1500,14701.6000,14723.2500
2022-01-31,14894.7500,14975.8000,14857.5500,14921.4500
2022-02-01,15073.1500,15138.2000,14850.3000,15116.2000
2022-02-02,15218.2500,15304.6000,15201.4500,15293.3500
2022-02-03,15289.1500,15296.3500,15101.0000,15135.9000
2022-02-04,15159.6000,15188.4000,15048.3500,15085.4500
2022-02-05,14647.2500,14751.0500,14617.7500,14736.3000
2022-02-06,14059.2500,14179.3000,14029.8000,14167.9500
2022-02-07,15065.0500,15126.6500,14796.2000,14870.6000
2022-02-08,14926.5000,14955.2500,14689.1500,14857.0500
2022-02-09,14942.7500,15026.5000,14925.0500,15016.3500
2022-02-10,15084.3500,15134.1000,14972.3500,15112.2000
2022-02-11,14988.9500,14990.6000,14862.0500,14891.3000
2022-02-12,15977.5000,15991.0500,15909.6000,15963.5000
2022-02-14,14606.5500,14638.6500,14370.7000,14400.4000
2022-02-15,14469.0000,14822.7500,14348.4000,14805.5500
2022-02-16,14876.6500,14935.6000,14756.5000,14789.9000
2022-02-17,14857.1000,14895.6500,14725.0500,14772.0500
2022-02-18,14711.3000,14815.0000,14692.6500,14710.7000
2022-02-21,14638.3500,14733.1000,14498.2000,14597.1000
2022-02-22,14269.4500,14527.2000,14267.6000,14489.0500
2022-02-23,14581.0500,14629.0500,14482.3000,14506.9500
2022-02-24,14055.8500,14180.8500,13747.4500,13775.7000
2022-02-25,14018.1000,14247.0500,14007.7000,14187.4000
2022-02-28,14047.7500,14320.9500,13928.8000,14307.9500
2022-03-01,15030.5000,15220.0500,15028.5500,15204.6000
2022-03-02,15289.1500,15296.3500,15101.0000,15135.9000
2022-03-03,14327.7000,14364.6000,14094.3000,14135.9500
2022-03-04,14020.2000,14075.0000,13828.4500,13893.1500
2022-03-06,14280.3500,14300.0000,14064.9000,14077.9000
2022-03-07,13594.7500,13637.5000,13438.3000,13564.2500
2022-03-08,14880.6500,14906.7000,14750.7500,14878.0500
2022-03-09,13786.4000,14037.6500,13721.9500,13979.6000
2022-03-10,14837.1000,14858.6500,14585.8000,14638.5000
2022-03-11,15407.8000,15519.1500,15401.3000,15484.7000
2022-03-14,14248.9000,14389.3500,14189.1000,14374.6000
2022-03-15,14408.7500,14433.7500,14130.9000,14215.8500
2022-03-16,14392.5500,14491.4500,14369.5000,14481.8000
2022-03-17,14667.2000,14756.5500,14644.7500,14721.7000
2022-03-21,14773.0500,14789.8500,14590.7000,14602.3500
2022-03-22,14613.1000,14738.1500,14492.2500,14724.0500
2022-03-23,14806.6000,14833.3000,14660.4500,14695.1500
2022-03-24,14598.7500,14744.7000,14595.7000,14699.3500
2022-03-25,14763.9000,14768.3000,14590.4500,14651.7000
2022-03-28,14686.2500,14694.8500,14515.6500,14675.8500
2022-03-29,14744.0500,14773.1500,14689.6000,14761.9000
2022-03-30,14880.7000,14924.7500,14823.5500,14896.9000
2022-03-31,14925.5500,14963.4000,14871.0000,14894.5000
2022-04-01,14890.1000,15111.3500,14882.6000,15087.3000
2022-04-02,15159.6000,15188.4000,15048.3500,15085.4500
2022-04-03,14020.2000,14075.0000,13828.4500,13893.1500
2022-04-04,15192.8000,15393.3500,15184.7000,15384.2000
2022-04-05,15433.0500,15477.8000,15360.2000,15390.5000
2022-04-06,15318.1500,15387.4000,15293.8500,15327.9000
2022-04-07,13378.4000,13483.7000,13337.2000,13472.6500
2022-04-08,14944.9500,14974.7000,14688.0000,14892.4500
2022-04-10,14869.5500,14975.6000,14852.5500,14965.8000
2022-04-11,15337.5000,15386.8500,15294.3000,15325.5000
2022-04-12,15281.8500,15283.3500,15078.4500,15164.7000
2022-04-13,15239.6500,15284.7000,15126.6500,15138.5500
2022-04-18,14942.6000,14971.5000,14821.2500,14926.0500
2022-04-19,15012.7500,15041.6500,14617.0500,14726.6500
2022-04-20,14807.1500,14905.2500,14747.9500,14850.3000
2022-04-21,14946.3000,15067.4500,14929.1500,15053.9500
2022-04-22,14948.1000,15015.3500,14875.8000,14894.8500
2022-04-25,14758.6000,14769.1000,14623.1000,14673.0000
2022-04-26,14818.8000,14915.3500,14785.8500,14898.3500
2022-04-27,14797.3500,14825.5500,14678.9500,14756.0000
2022-04-28,14886.5000,14964.6000,14765.8500,14913.9000
2022-04-29,14991.4500,15011.7000,14743.3500,14783.3500
2022-05-01,15329.7500,15410.6000,15264.8500,15396.4000
2022-05-02,14647.2500,14751.0500,14617.7500,14736.3000
2022-05-04,15433.0500,15477.8000,15360.2000,15390.5000
2022-05-05,14542.1500,14606.0500,14365.5500,14395.5000
2022-05-06,14159.1000,14205.0000,14073.4500,14145.7500
2022-05-07,13533.7500,13628.4500,13439.4000,13461.8500
2022-05-08,14933.2000,14972.1000,14874.2500,14900.4000
2022-05-09,15221.7500,15311.9500,15217.3500,15294.4000
2022-05-10,13953.9500,14068.4000,13823.3500,13855.9500
2022-05-11,13888.1500,13949.1000,13589.3500,13771.8000
2022-05-12,15994.9500,15999.8000,15881.8000,15967.2000
2022-05-13,13621.2000,13738.5500,13435.0500,13471.5000
2022-05-16,13540.2500,13646.3000,13434.4500,13571.2000
2022-05-17,13648.4500,13944.7000,13632.1500,13926.0500
2022-05-18,13989.3500,14064.0000,13896.6000,13918.2000
2022-05-19,13625.7500,13680.6500,13520.9500,13550.9000
2022-05-20,13755.0500,13906.4000,13733.5500,13895.0500
2022-05-23,13929.7500,14005.5000,13813.6000,13835.8000
2022-05-24,13858.0500,13883.5500,13709.4000,13747.2500
2022-05-25,13805.1000,13821.4000,13574.5000,13587.7500
2022-05-26,13651.5500,13756.8500,13445.2500,13722.5500
2022-05-27,13839.3000,13885.0500,13768.3000,13873.1500
2022-05-30,14022.6000,14163.0500,14009.6500,14154.8000
2022-05-31,14106.0000,14215.4500,14067.0500,14119.6000
2022-06-01,15275.7500,15315.5000,15197.1000,15290.1000
2022-06-02,14059.2500,14179.3000,14029.8000,14167.9500
2022-06-03,14280.3500,14300.0000,14064.9000,14077.9000
2022-06-04,15318.1500,15387.4000,15293.8500,15327.9000
2022-06-05,14159.1000,14205.0000,14073.4500,14145.7500
2022-06-06,14042.4000,14081.2000,13932.1500,14054.1000
2022-06-07,13472.8000,13647.2000,13443.3500,13631.3000
2022-06-08,13981.6500,14020.4500,13832.4500,13886.9000
2022-06-09,15339.3000,15386.7500,15248.0000,15313.0500
2022-06-10,15063.5500,15119.9000,15042.2000,15053.0500
2022-06-12,15904.1000,15936.7000,15881.6000,15922.8500
2022-06-13,13521.2000,13527.7500,13356.2000,13416.9000
2022-06-14,13341.9500,13506.5000,13324.1500,13388.3000
2022-06-15,13412.2000,13448.4500,13366.7500,13380.8500
2022-06-16,13508.7000,13527.8000,13064.0500,13089.2000
2022-06-17,13011.4000,13111.9500,12903.8500,12994.7500
2022-06-20,13026.1500,13049.4000,12855.5500,12950.7500
2022-06-21,13042.8000,13275.5000,13019.3500,13241.9000
2022-06-22,13176.1000,13184.9000,13028.3500,13047.7500
2022-06-23,13081.9000,13231.9000,13021.2500,13178.8000
2022-06-24,13269.2000,13337.7000,13247.9500,13322.5000
2022-06-27,13506.3500,13510.8000,13432.6500,13444.5500
2022-06-28,13389.8500,13487.5000,13330.7500,13464.2500
2022-06-29,13337.6500,13462.0500,13328.2000,13417.8500
2022-06-30,13410.8000,13492.1500,13352.4000,13387.5500
2022-07-01,13335.2500,13422.4500,13192.9000,13394.4500
2022-07-02,15065.0500,15126.6500,14796.2000,14870.6000
2022-07-03,13594.7500,13637.5000,13438.3000,13564.2500
2022-07-04,15292.3500,15361.2000,15185.7000,15201.2500
2022-07-05,13533.7500,13628.4500,13439.4000,13461.8500
2022-07-06,13978.6500,13990.2000,13883.7500,13935.6000
2022-07-07,13736.9500,13777.7500,13687.5500,13765.6000
2022-07-08,13873.7500,13874.7000,13770.9000,13828.2500
2022-07-09,15222.2500,15334.0000,15199.4000,15319.4000
2022-07-10,15030.2000,15055.6500,14943.1500,15036.7000
2022-07-11,13771.4000,13905.9500,13755.7500,13886.8500
2022-07-12,15932.2500,15953.2500,15836.0500,15862.0000
2022-07-13,13842.8000,13861.3000,13714.2000,13726.9500
2022-07-14,13771.2000,13797.6000,13617.1500,13702.6500
2022-07-15,13761.1000,13804.0500,13695.2000,13790.2000
2022-07-18,13883.8000,13993.4000,13877.6000,13984.4000
2022-07-19,13922.5500,14067.7500,13922.3500,14051.6500
2022-07-20,14220.2000,14230.9000,14140.0000,14164.4000
2022-07-21,14172.8000,14288.6000,14141.6500,14271.8000
2022-07-22,14325.0500,14359.7500,14265.2500,14336.6000
2022-07-25,14307.9000,14335.1000,14228.1500,14279.5000
2022-07-26,14284.7000,14286.5000,14122.5500,14141.4500
2022-07-27,14131.8000,14272.2000,14099.9000,14262.5500
2022-07-28,14365.0500,14481.4500,14330.3000,14469.1000
2022-07-29,14588.1500,14677.7500,14553.6500,14665.6500
2022-08-01,14741.4000,14858.3000,14666.2000,14846.8500
2022-08-02,14831.9000,14906.0000,14765.3000,14876.6000
2022-08-03,14880.6500,14906.7000,14750.7500,14878.0500
2022-08-04,14944.9500,14974.7000,14688.0000,14892.4500
2022-08-05,14933.2000,14972.1000,14874.2500,14900.4000
2022-08-06,13981.6500,14020.4500,13832.4500,13886.9000
2022-08-07,13873.7500,13874.7000,13770.9000,13828.2500
2022-08-08,14910.6000,15009.9000,14867.2000,14993.3500
2022-08-09,15430.2000,15448.7500,15365.7000,15440.7000
2022-08-10,15033.3000,15033.3000,14919.2000,14985.8000
2022-08-11,15123.6500,15130.0500,15069.9000,15095.1500
2022-08-12,15102.8000,15162.3000,15060.7500,15140.5500
2022-08-16,15222.9000,15287.4500,15203.5000,15280.5000
2022-08-17,15325.3500,15398.4500,15306.5500,15379.0500
2022-08-18,15355.6000,15415.2500,15325.2000,15404.6000
2022-08-19,15426.2000,15445.5000,15205.5500,15236.6500
2022-08-22,15183.1000,15186.1500,14980.4000,15001.7500
2022-08-23,14887.0000,15128.2500,14879.9000,15090.5000
2022-08-24,15062.4500,15152.4500,15037.1500,15140.4000
2022-08-25,15208.8500,15252.8000,15075.1000,15100.6500
2022-08-26,15187.1000,15242.6500,15116.2000,15147.5500
2022-08-29,14797.8000,15016.2500,14793.9500,14972.7500
2022-08-30,15071.4500,15338.8000,15065.3500,15325.0500
2022-09-01,15142.7000,15309.8500,15141.4500,15211.2000
2022-09-02,15272.4500,15305.0000,15184.3000,15201.6000
2022-09-03,13786.4000,14037.6500,13721.9500,13979.6000
2022-09-05,15221.7500,15311.9500,15217.3500,15294.4000
2022-09-06,13816.7000,13989.0000,13790.0000,13977.1000
2022-09-07,15222.2500,15334.0000,15199.4000,15319.4000
2022-09-08,15430.2000,15448.7500,15365.7000,15440.7000
2022-09-09,15547.5500,15548.8500,15426.4000,15467.4000
2022-09-11,15684.4500,15686.3500,15534.8500,15567.2500
2022-09-12,15524.7000,15600.1500,15522.4000,15577.4000
2022-09-13,15667.3500,15686.8500,15635.1500,15669.8500
2022-09-14,15423.9000,15688.1000,15423.9000,15630.7000
2022-09-15,15686.0000,15724.4500,15543.9000,15580.3500
2022-09-16,15529.3500,15542.0000,15197.9000,15243.9500
2022-09-19,15264.2500,15348.8000,15135.1500,15293.5500
2022-09-20,15423.5000,15557.3000,15410.2500,15470.3500
2022-09-21,15449.2500,15516.5000,15320.0500,15361.2500
2022-09-22,15284.6000,15386.7500,15224.9500,15335.3000
2022-09-23,15324.3000,15360.2000,15032.7500,15057.6500
2022-09-26,14916.9000,14932.5000,14671.0500,14725.7000
2022-09-27,14805.8500,14874.4500,14652.3000,14727.3000
2022-09-28,14617.4000,14768.2500,14577.0500,14620.6000
2022-09-29,14748.2000,14783.7500,14569.1000,14602.5000
2022-09-30,14586.9000,14881.3000,14516.3000,14829.3500
2022-10-01,15427.6500,15504.0000,15400.5500,15495.5500
2022-10-02,15084.3500,15134.1000,14972.3500,15112.2000
2022-10-03,14313.2000,14316.8000,14079.8500,14189.0000
2022-10-04,14869.5500,14975.6000,14852.5500,14965.8000
2022-10-05,13953.9500,14068.4000,13823.3500,13855.9500
2022-10-06,13825.0000,13860.0500,13757.9500,13781.7500
2022-10-07,15030.2000,15055.6500,14943.1500,15036.7000
2022-10-08,15033.3000,15033.3000,14919.2000,14985.8000
2022-10-10,14857.0000,14989.0500,14818.5000,14951.6500
2022-10-11,15490.2500,15523.9000,15384.3500,15440.0000
2022-10-12,14761.4500,14844.8500,14676.5500,14829.9500
2022-10-13,14811.2000,14832.3500,14683.5500,14730.3000
2022-10-14,14979.1500,14989.1500,14803.7000,14815.1000
2022-10-17,14783.2000,14920.7000,14718.8000,14906.1500
2022-10-18,15009.1000,15071.9500,15007.2500,15056.5500
2022-10-19,15120.4000,15153.0500,15039.8000,15068.6000
2022-10-20,14998.4500,15128.4000,14979.6000,15112.1000
2022-10-21,15159.6000,15181.9000,15036.1000,15081.1000
2022-10-24,15225.4500,15248.0500,15179.1500,15198.7500
2022-10-25,15251.7500,15253.7500,15143.4500,15158.1000
2022-10-27,15246.5500,15273.3000,15172.1500,15244.2500
2022-10-28,15265.4500,15290.1500,15191.6000,15241.6000
2022-10-31,15333.1500,15433.0500,15327.4000,15424.0000
2022-11-01,15507.9500,15545.8500,15460.7000,15537.4000
2022-11-02,14988.9500,14990.6000,14862.0500,14891.3000
2022-11-03,15407.8000,15519.1500,15401.3000,15484.7000
2022-11-04,15495.7500,15542.1500,15454.3000,15530.8500
2022-11-05,13888.1500,13949.1000,13589.3500,13771.8000
2022-11-07,15610.9500,15647.2500,15505.7500,15615.1500
2022-11-08,15123.6500,15130.0500,15069.9000,15095.1500
2022-11-09,15684.4500,15686.3500,15534.8500,15567.2500
2022-11-10,15490.2500,15523.9000,15384.3500,15440.0000
2022-11-11,15633.5000,15662.0500,15612.4500,15649.1000
2022-11-14,15672.5000,15684.2500,15627.7500,15650.2000
2022-11-15,15678.5000,15708.9000,15609.5000,15693.9000
2022-11-16,15696.5500,15711.3000,15607.2500,15663.3000
2022-11-17,15630.5500,15661.1000,15573.9500,15597.2500
2022-11-18,15634.3000,15644.8000,15472.3500,15550.8500
2022-11-21,15514.6000,15523.1500,15431.2000,15453.8000
2022-11-22,15472.6500,15518.1000,15437.3000,15509.2000
2022-11-23,15572.7500,15572.9000,15520.2500,15538.1500
2022-11-24,15588.4500,15706.5000,15567.7500,15680.8000
2022-11-25,15719.8000,15743.1000,15668.3500,15727.2500
2022-11-28,15683.7500,15817.3500,15642.8000,15784.4500
2022-11-29,15784.5500,15859.3500,15782.4000,15812.4500
2022-11-30,15827.4500,15991.6000,15820.5500,15946.1500
2022-12-01,15627.0500,15678.7000,15595.6500,15667.9000
2022-12-02,15977.5000,15991.0500,15909.6000,15963.5000
2022-12-04,15281.8500,15283.3500,15078.4500,15164.7000
2022-12-05,13656.9500,13671.0000,13389.7500,13465.2500
2022-12-06,15904.1000,15936.7000,15881.6000,15922.8500
2022-12-07,13823.6000,13866.6500,13757.3000,13779.0000
2022-12-08,15881.8000,15918.7500,15860.3000,15911.1000
2022-12-09,15964.8500,15967.3000,15727.3500,15812.7500
2022-12-10,14761.4500,14844.8500,14676.5500,14829.9500
2022-12-12,15759.6500,15836.8500,15687.9500,15828.0000
2022-12-13,15863.2500,15913.8000,15830.6500,15904.5000
2022-12-14,15958.1500,15988.5500,15946.3000,15963.8000
2022-12-15,15938.0500,15968.2000,15758.8500,15783.8000
2022-12-16,15710.9000,15799.3500,15625.2500,15636.3500
2022-12-19,15658.8500,15764.0000,15606.1500,15755.2000
2022-12-20,15704.0500,15740.2500,15580.8000,15726.2000
2022-12-21,15772.9500,15812.0500,15497.6000,15527.5500
2022-12-22,15599.5500,15636.1000,15369.6000,15431.5000
2022-12-23,15300.7500,15349.3500,15018.7500,15046.0000
2022-12-26,15060.8500,15350.3500,14985.4000,15298.5500
2022-12-27,15375.2000,15433.6500,15278.6000,15418.3500
2022-12-28,15390.5500,15468.1500,15363.6500,15432.8000
2022-12-29,15370.0000,15517.4500,15307.0000,15485.2000
2022-12-30,15557.7500,15581.9500,15425.6500,15448.8500
2023-01-02,15054.8000,15154.1000,14622.6500,14847.6500
2023-01-03,14557.0000,14675.0500,14550.1000,14664.8500
2023-01-04,15563.1500,15574.5000,15375.8000,15393.0000
2023-01-05,15446.5000,15462.1500,15286.4000,15386.2000
2023-01-06,15801.9500,15823.9500,15743.4000,15760.3500
2023-01-08,17096.6000,17102.1000,17026.3000,17051.1500
2023-01-09,16940.2000,17088.1000,16931.5000,17074.5500
2023-01-10,15470.0000,15472.4500,15262.1000,15325.2500
2023-01-11,15342.7500,15375.1000,15257.0000,15301.3500
2023-01-12,15329.7000,15347.2000,15203.5500,15279.6000
2023-01-13,15295.9000,15370.0500,15215.0000,15346.1000
2023-01-16,15398.1500,15421.2500,15276.5000,15305.4500
2023-01-17,15328.8500,15411.0000,15291.6000,15396.1500
2023-01-18,15416.6000,15479.6500,15376.5000,15466.3500
2023-01-19,15427.1500,15455.1500,15387.2500,15419.7000
2023-01-20,15428.2000,15443.4500,15336.7000,15347.9000
2023-01-23,15411.5000,15427.5000,15364.2500,15403.2000
2023-01-24,15451.2000,15459.3000,15364.2000,15388.5500
2023-01-25,15364.4000,15368.7000,15146.4000,15171.9500
2023-01-27,15160.1500,15165.4000,14779.1000,14874.7500
2023-01-30,14807.5000,14955.1500,14675.0500,14854.2000
2023-01-31,14906.4500,14962.9500,14787.8500,14935.5000
2023-02-01,15054.8000,15154.1000,14622.6500,14847.6500
2023-02-02,14760.3500,14887.4500,14698.4000,14839.4000
2023-02-03,14654.8000,14668.4000,14575.9500,14587.2500
2023-02-05,15276.2000,15327.7500,15261.1500,15300.7500
2023-02-06,15816.8000,15838.4500,15774.6500,15811.2000
2023-02-07,14950.1500,14970.8000,14845.9500,14902.2000
2023-02-08,17005.6000,17018.8500,16755.9000,16858.9500
2023-02-09,15036.8500,15054.7500,14956.9000,15030.1000
2023-02-10,14992.6500,15031.1000,14969.5500,15015.8500
2023-02-11,16849.9500,16903.7500,16823.0000,16890.8000
2023-02-13,15011.3500,15022.5500,14875.8500,14900.5000
2023-02-14,14936.2000,14988.0000,14879.3500,14968.9000
2023-02-15,14939.0000,15053.5500,14923.2500,15039.6500
2023-02-16,15098.4500,15135.3500,15060.0000,15083.7500
2023-02-17,15036.2500,15077.0000,14966.3000,15003.9500
2023-02-20,15023.4500,15036.4500,14920.7000,14938.6500
2023-02-21,14982.0000,14992.7000,14894.1500,14913.9500
2023-02-22,14854.1500,14861.0500,14674.2500,14701.9000
2023-02-23,14715.2000,14740.8000,14599.1000,14666.7500
2023-02-24,14723.4000,14741.9500,14598.9500,14630.4500
2023-02-27,14600.9000,14609.4000,14465.7000,14548.7000
2023-02-28,14550.0000,14584.4500,14476.0000,14518.7500
2023-03-01,15515.7500,15575.7000,15500.7500,15557.8000
2023-03-02,14654.8000,14668.4000,14575.9500,14587.2500
2023-03-03,14686.2500,14813.0500,14676.0500,14774.7500
2023-03-04,14621.0500,14621.0500,14541.6000,14601.9500
2023-03-05,15277.7500,15305.0500,15239.5000,15276.4000
2023-03-06,14848.3500,14942.0500,14843.7000,14881.0000
2023-03-07,16490.9500,16541.9000,16485.3000,16527.9500
2023-03-08,14843.1000,14932.4000,14791.2500,14921.9500
2023-03-09,14947.0500,14952.8500,14788.9000,14803.9500
2023-03-10,14695.0500,14699.3500,14593.4000,14679.8500
2023-03-11,16990.3500,17027.4500,16983.0500,17000.9500
2023-03-13,14681.5500,14752.8500,14420.5000,14454.4500
2023-03-14,14462.0000,14499.2000,14306.8000,14358.5500
2023-03-15,14458.1500,14494.3500,14298.1500,14320.3000
2023-03-16,14328.5000,14387.6500,14189.0000,14330.3500
2023-03-17,14436.2500,14464.9000,14327.7500,14420.8500
2023-03-20,14389.8500,14393.6000,14196.5000,14317.1000
2023-03-21,14379.0500,14428.1500,14339.9500,14411.3000
2023-03-22,14470.0500,14497.1500,14432.2000,14460.0000
2023-03-23,14422.9500,14490.6500,14388.3000,14403.6000
2023-03-24,14409.0000,14434.1000,14257.5000,14279.0000
2023-03-27,14306.6000,14348.9500,14238.9000,14262.7000
2023-03-28,14289.9500,14300.2000,14177.5000,14211.8000
2023-03-29,14218.6000,14377.3000,14218.6000,14345.6000
2023-03-31,14442.3000,14577.1500,14438.8000,14557.8500
2023-04-01,15563.1500,15574.5000,15375.8000,15393.0000
2023-04-03,14621.0500,14621.0500,14541.6000,14601.9500
2023-04-05,15282.2500,15414.7000,15272.7000,15405.5000
2023-04-06,14701.1000,14786.0000,14673.7000,14759.2000
2023-04-07,16597.5000,16599.2500,16499.1500,16556.0500
2023-04-08,16847.4000,16914.4500,16836.5500,16890.6000
2023-04-09,17157.9000,17191.2000,17074.5500,17180.9500
2023-04-10,17195.5500,17200.7000,17032.6000,17123.1000
2023-04-11,14854.6500,14893.6000,14814.3500,14867.2500
2023-04-12,14902.2000,14949.9000,14871.9000,14941.5500
2023-04-13,14946.4500,14965.7000,14885.2500,14954.2500
2023-04-17,14970.3500,14970.3500,14794.4500,14904.3000
2023-04-18,14949.1000,14949.1000,14852.6500,14897.0000
2023-04-19,14901.2500,14905.6000,14832.9000,14856.9000
2023-04-20,14878.5500,14905.8000,14835.9000,14861.7500
2023-04-21,14879.6000,14888.6500,14789.9500,14847.1000
2023-04-24,14903.9500,14937.2000,14841.6000,14930.1500
2023-04-25,14945.8000,14981.3000,14916.3500,14955.7000
2023-04-26,14954.2000,15003.1000,14918.5500,14994.4000
2023-04-27,14999.9000,15085.8500,14989.2000,15075.0500
2023-04-28,15111.0500,15235.4500,15077.4500,15219.5500
2023-05-01,15446.5000,15462.1500,15286.4000,15386.2000
2023-05-02,15276.2000,15327.7500,15261.1500,15300.7500
2023-05-03,15277.7500,15305.0500,15239.5000,15276.4000
2023-05-04,14620.7000,14718.9000,14611.2500,14709.4000
2023-05-05,15330.3500,15394.9000,15265.8500,15278.6000
2023-05-06,15877.4500,15899.1500,15851.7500,15859.5000
2023-05-07,16580.2000,16611.1500,16540.2000,16597.2000
2023-05-08,15321.9000,15440.8500,15310.7500,15427.1000
2023-05-09,15462.7500,15502.7000,15393.9500,15420.6000
2023-05-10,17202.2500,17234.0000,17154.3000,17195.8000
2023-05-11,15512.3500,15526.7500,15461.8500,15484.0500
2023-05-12,18541.3000,18594.9000,18453.6500,18588.5500
2023-05-15,15495.8500,15591.9500,15464.6500,15549.7000
2023-05-16,15584.4000,15592.2500,15476.6500,15492.4000
2023-05-17,15508.2500,15512.8500,15367.0000,15426.3500
2023-05-18,15506.6500,15514.9000,15346.8500,15361.6000
2023-05-19,15399.5000,15418.8000,15278.7000,15407.5500
2023-05-22,15409.0500,15517.6500,15386.9000,15504.0000
2023-05-23,15551.0500,15595.6500,15528.7500,15544.7500
2023-05-24,15517.2000,15591.4000,15493.3000,15515.9500
2023-05-25,15510.2000,15568.5500,15474.1500,15555.2500
2023-05-26,15589.5000,15704.0000,15567.8500,15696.7500
2023-05-29,15791.7500,15805.7500,15758.1500,15772.3500
2023-05-30,15784.2500,15823.9000,15759.3500,15799.4500
2023-05-31,15773.8000,15789.2000,15706.5000,15766.4000
2023-06-01,15801.9500,15823.9500,15743.4000,15760.3500
2023-06-02,14939.4000,14954.3000,14870.5500,14934.1500
2023-06-03,14848.3500,14942.0500,14843.7000,14881.0000
2023-06-04,14701.1000,14786.0000,14673.7000,14759.2000
2023-06-05,15877.4500,15899.1500,15851.7500,15859.5000
2023-06-06,15873.7500,15895.7000,15816.7000,15878.4000
2023-06-07,15938.3000,16016.0000,15920.2500,16006.7000
2023-06-08,16021.7000,16048.8000,15906.1500,15921.0500
2023-06-09,15947.9500,15961.7000,15866.8000,15877.4000
2023-06-10,17263.3500,17310.1000,17237.1000,17293.6000
2023-06-11,17105.3500,17168.7500,17080.9500,17159.4000
2023-06-12,15913.2000,15946.1500,15874.4000,15929.1000
2023-06-13,15964.8000,16057.5000,15964.3000,16048.2000
2023-06-14,16082.1500,16094.1000,16035.1500,16084.0500
2023-06-15,16106.8500,16138.7000,16039.0500,16058.2500
2023-06-16,16100.9000,16211.2500,16091.8000,16181.4500
2023-06-19,16231.0500,16244.9500,16117.8500,16142.1500
2023-06-20,16147.5500,16215.6000,16080.9500,16199.9500
2023-06-21,16244.5500,16277.3500,16201.4000,16240.9500
2023-06-22,16252.7500,16264.1500,16128.8000,16140.8000
2023-06-23,16126.7000,16133.9500,15999.4000,16011.8000
2023-06-26,16017.5000,16079.0000,15995.1000,16066.1500
2023-06-27,16118.6500,16171.2000,16104.2000,16163.5000
2023-06-28,16239.8500,16296.0000,16210.4500,16277.2000
2023-06-30,16354.9500,16437.4500,16326.0000,16430.0000
2023-07-02,14950.1500,14970.8000,14845.9500,14902.2000
2023-07-03,16490.9500,16541.9000,16485.3000,16527.9500
2023-07-04,16597.5000,16599.2500,16499.1500,16556.0500
2023-07-05,16580.2000,16611.1500,16540.2000,16597.2000
2023-07-06,16600.7500,16703.3000,16590.7000,16695.0500
2023-07-07,16653.3000,16718.2000,16541.6000,16564.9000
2023-07-08,16948.3500,16970.0500,16897.5000,16956.3500
2023-07-09,17292.3500,17395.0000,17269.1000,17385.5000
2023-07-10,16620.9000,16623.9500,16530.7500,16553.7500
2023-07-11,17170.3500,17200.6000,17120.7500,17187.8000
2023-07-12,18696.7500,18721.8000,18619.7500,18703.8500
2023-07-13,16726.9500,16774.5000,16596.4500,16623.9000
2023-07-14,16695.7000,16786.0000,16655.0500,16765.4500
2023-07-17,16811.6500,16884.9500,16784.3500,16872.0500
2023-07-18,16932.9500,16940.1500,16818.3000,16872.0000
2023-07-19,16919.0500,16964.2500,16877.4500,16953.5000
2023-07-20,16965.4500,17051.0000,16912.7000,17042.5500
2023-07-21,16931.9500,16991.4000,16874.9500,16904.3000
2023-07-24,16921.7500,16948.4000,16852.2000,16865.1500
2023-07-25,16918.8000,16918.8500,16832.4500,16896.9000
2023-07-26,16950.7000,17011.0000,16931.6000,16975.0000
2023-07-27,17038.3500,17056.2000,16873.0000,16919.2000
2023-07-28,16935.0500,16960.5000,16880.6000,16948.3500
2023-07-31,16972.5000,17072.8000,16939.0000,17059.0000
2023-08-01,17096.6000,17102.1000,17026.3000,17051.1500
2023-08-02,14927.5500,15046.7000,14924.0500,15028.3000
2023-08-03,14843.1000,14932.4000,14791.2500,14921.9500
2023-08-04,16847.4000,16914.4500,16836.5500,16890.6000
2023-08-05,15321.9000,15440.8500,15310.7500,15427.1000
2023-08-06,16021.7000,16048.8000,15906.1500,15921.0500
2023-08-07,16948.3500,16970.0500,16897.5000,16956.3500
2023-08-08,16991.8500,16998.1500,16889.8500,16949.2500
2023-08-09,16966.8500,17011.9500,16881.7500,17003.8500
2023-08-10,16999.5000,17013.4500,16901.5500,16939.8500
2023-08-11,16970.0500,16972.0500,16845.8000,16860.1500
2023-08-12,18752.2500,18785.7000,18588.1500,18703.5000
2023-08-14,16827.7500,16854.1000,16661.0000,16825.5500
2023-08-16,16779.6000,16867.8000,16732.7500,16853.0500
2023-08-17,16858.8500,16869.4000,16781.6000,16802.2500
2023-08-18,16768.0000,16803.2500,16722.0500,16757.7000
2023-08-21,16780.7500,16872.5500,16766.7000,16852.0500
2023-08-22,16886.9500,16925.4500,16874.8000,16905.2500
2023-08-23,16950.9000,16981.8500,16912.1500,16950.2500
2023-08-24,17039.2500,17074.2500,16916.4000,16930.1500
2023-08-25,16871.0000,16905.7000,16785.2500,16820.8500
2023-08-28,16866.4000,16918.2500,16823.4000,16875.3000
2023-08-29,16933.8500,16938.8000,16898.0500,16927.3000
2023-08-30,17010.1500,17035.6000,16959.1000,16968.9500
2023-08-31,17001.3500,17011.8000,16904.7000,16924.3000
2023-09-01,16940.2000,17088.1000,16931.5000,17074.5500
2023-09-02,15036.8500,15054.7500,14956.9000,15030.1000
2023-09-03,14947.0500,14952.8500,14788.9000,14803.9500
2023-09-04,17157.9000,17191.2000,17074.5500,17180.9500
2023-09-05,15462.7500,15502.7000,15393.9500,15420.6000
2023-09-06,17274.2000,17298.8000,17198.7500,17284.6000
2023-09-07,17292.3500,17395.0000,17269.1000,17385.5000
2023-09-08,16966.8500,17011.9500,16881.7500,17003.8500
2023-09-10,17170.5000,17206.8500,17096.6500,17127.7000
2023-09-11,17284.9500,17288.6000,17209.5500,17218.9000
2023-09-12,17753.9500,17754.0500,17422.0500,17460.5500
2023-09-13,17458.4000,17540.8500,17364.3500,17526.7500
2023-09-14,17593.2500,17648.5500,17546.0000,17603.5000
2023-09-15,17662.8000,17691.8500,17620.9000,17665.8000
2023-09-18,17666.8500,17671.6000,17601.5500,17613.6000
2023-09-20,17513.2000,17571.1500,17419.7500,17449.3500
2023-09-21,17409.1000,17422.7500,17273.1000,17303.5000
2023-09-22,17314.4000,17361.8000,17226.0500,17260.8000
2023-09-25,17276.3500,17308.2000,17198.2000,17272.5500
2023-09-26,17284.9000,17312.3500,17250.3000,17276.7500
2023-09-27,17270.4000,17352.1000,17217.4500,17341.6000
2023-09-28,17384.0500,17389.2000,17147.0000,17170.4500
2023-09-29,17227.5500,17357.1500,17205.2000,17292.6000
2023-10-01,15470.0000,15472.4500,15262.1000,15325.2500
2023-10-02,14992.6500,15031.1000,14969.5500,15015.8500
2023-10-03,14695.0500,14699.3500,14593.4000,14679.8500
2023-10-04,14797.3500,14833.4500,14767.0000,14790.5500
2023-10-05,17202.2500,17234.0000,17154.3000,17195.8000
2023-10-06,17263.3500,17310.1000,17237.1000,17293.6000
2023-10-07,16620.9000,16623.9500,16530.7500,16553.7500
2023-10-08,16999.5000,17013.4500,16901.5500,16939.8500
2023-10-09,17170.5000,17206.8500,17096.6500,17127.7000
2023-10-10,17184.5500,17319.3000,17184.5500,17303.3500
2023-10-11,17189.7000,17274.9000,17156.8500,17256.6000
2023-10-12,17438.3000,17457.8500,17402.4500,17419.7000
2023-10-13,17323.0500,17436.5000,17306.5500,17390.3500
2023-10-16,17390.3500,17431.5000,17353.1500,17393.0000
2023-10-17,17490.0500,17494.5000,17437.9500,17467.7000
2023-10-18,17484.3500,17492.4000,17332.3000,17344.0000
2023-10-19,17251.2000,17344.6000,17202.2500,17310.5000
2023-10-20,17258.3000,17295.0500,17190.6000,17208.7500
2023-10-23,17204.7500,17224.8000,16859.8500,16888.7000
2023-10-25,16912.4000,16967.1000,16677.1500,16760.8000
2023-10-26,16678.7000,16689.1000,16466.2500,16555.4500
2023-10-27,16636.0500,16793.1000,16634.6000,16765.4500
2023-10-30,16784.9500,16837.8000,16661.9500,16826.1000
2023-10-31,16909.7000,16910.0000,16785.5500,16801.1000
2023-11-01,15342.7500,15375.1000,15257.0000,15301.3500
2023-11-02,16849.9500,16903.7500,16823.0000,16890.8000
2023-11-03,16990.3500,17027.4500,16983.0500,17000.9500
2023-11-04,14854.6500,14893.6000,14814.3500,14867.2500
2023-11-05,15512.3500,15526.7500,15461.8500,15484.0500
2023-11-06,17105.3500,17168.7500,17080.9500,17159.4000
2023-11-07,17170.3500,17200.6000,17120.7500,17187.8000
2023-11-08,16970.0500,16972.0500,16845.8000,16860.1500
2023-11-09,17567.2000,17660.8000,17550.2000,17653.3500
2023-11-10,17380.6500,17447.8000,17375.5000,17407.3500
2023-11-12,17380.5000,17384.1500,17347.4500,17361.1000
2023-11-13,17335.0000,17339.1500,17278.6500,17318.6000
2023-11-15,17493.3000,17518.9000,17448.3000,17508.0500
2023-11-16,17518.1000,17668.6500,17486.5000,17593.1000
2023-11-17,17537.4500,17649.0500,17528.8500,17600.5000
2023-11-20,17618.5500,17636.4000,17556.1000,17573.6500
2023-11-21,17644.5000,17665.0000,17617.2000,17627.6000
2023-11-22,17637.4500,17654.6000,17533.7500,17627.7000
2023-11-23,17654.1500,17693.2500,17627.3500,17639.4000
2023-11-24,17661.3000,17684.1500,17631.7500,17643.5000
2023-11-28,17701.0500,17760.0000,17665.6500,17741.8000
2023-11-29,17831.6500,17911.3500,17823.4500,17904.1000
2023-11-30,17926.9000,18007.1000,17845.9000,17987.9500
2023-12-01,18061.8000,18141.6500,18053.1500,18115.3500
2023-12-04,18422.3500,18460.0000,18315.4500,18448.5000
2023-12-05,18541.3000,18594.9000,18453.6500,18588.5500
2023-12-06,15913.2000,15946.1500,15874.4000,15929.1000
2023-12-07,16697.1000,16703.2500,16627.3000,16641.0500
2023-12-08,18752.2500,18785.7000,18588.1500,18703.5000
2023-12-09,17753.9500,17754.0500,17422.0500,17460.5500
2023-12-10,17438.3000,17457.8500,17402.4500,17419.7000
2023-12-11,18726.3500,18780.4500,18710.1500,18770.2000
2023-12-12,18809.9000,18819.7000,18635.3500,18686.8000
2023-12-13,18723.7000,18770.4500,18601.5000,18751.4500
2023-12-14,18906.4000,18996.2500,18893.7500,18973.8500
2023-12-15,19071.9500,19165.1000,19020.5500,19145.0500
2023-12-18,19149.1500,19201.5500,19073.1000,19155.5500
2023-12-19,19212.5500,19213.5500,19067.2000,19169.2500
2023-12-20,19264.4000,19303.6000,18727.1000,18779.4500
2023-12-21,18647.8500,18965.8000,18582.9500,18941.8000
2023-12-22,19011.2500,19089.9500,18934.7500,19054.7000
2023-12-26,19095.0000,19173.8000,19059.4000,19148.8500
2023-12-27,19219.4000,19312.3000,19189.8000,19296.9500
2023-12-28,19358.3500,19414.5500,19313.1000,19399.2500
2023-12-29,19394.5000,19450.1000,19338.3500,19429.1500
2024-01-01,19452.0000,19543.2500,19421.4000,19469.5000
2024-01-02,19496.8000,19499.8000,19271.6500,19418.4000
2024-01-03,19434.3000,19442.2000,19343.1500,19367.1500
2024-01-04,19451.8000,19560.4000,19433.5000,19541.2500
2024-01-05,19602.1000,19637.1000,19490.9500,19590.6000
2024-01-07,22580.4000,22739.7000,22570.4000,22727.6000
2024-01-08,23608.8500,23637.7500,23429.5500,23506.6000
2024-01-09,19549.5000,19596.0500,19439.1000,19459.5500
2024-01-10,24248.5000,24329.4500,24191.0500,24271.3000
2024-01-11,19589.7500,19626.5000,19532.3000,19584.3500
2024-01-12,19691.2500,19775.9000,19635.7500,19745.6000
2024-01-15,19876.5000,19896.9000,19763.8000,19885.5500
2024-01-16,19894.3000,19923.3000,19736.2000,19827.5500
2024-01-17,19556.4000,19707.7000,19470.0500,19487.6000
2024-01-18,19388.4000,19468.6500,19143.5000,19414.8000
2024-01-19,19555.9500,19618.9500,19537.1500,19606.4000
2024-01-20,19698.0500,19718.7000,19582.7000,19601.9000
2024-01-23,19743.5000,19752.3500,19158.7500,19206.4500
2024-01-24,19193.1500,19470.6500,19080.5000,19451.0000
2024-01-25,19479.6500,19480.0500,19289.8000,19393.0000
2024-01-29,19475.4000,19728.9000,19470.0500,19711.6500
2024-01-30,19770.2500,19799.2500,19558.8000,19574.2000
2024-01-31,19574.1500,19813.3000,19546.4000,19802.1000
2024-02-01,19869.9500,19871.2500,19703.7500,19777.3500
2024-02-02,19884.6500,20101.1500,19874.8000,19910.8000
2024-02-03,20419.5500,20446.8000,20400.2000,20421.3500
2024-02-04,20524.1500,20579.2500,20481.8500,20569.7500
2024-02-05,21010.4500,21126.1000,21009.3500,21083.6000
2024-02-06,19923.2000,20044.4500,19824.8500,20033.7500
2024-02-07,22806.3000,22810.6500,22592.2000,22677.8000
2024-02-08,20207.5500,20209.0500,19949.3500,19987.5500
2024-02-09,20015.0000,20040.6500,19745.4500,19961.5000
2024-02-12,19999.9500,20015.0000,19634.6000,19675.2000
2024-02-13,19709.8000,19796.0500,19508.7500,19782.9000
2024-02-14,19618.1000,19943.7500,19579.2000,19922.3000
2024-02-15,20011.7000,20065.7500,19952.0000,20037.0000
2024-02-16,20136.8500,20191.4500,20098.1000,20164.9000
2024-02-19,20244.2500,20301.0000,20174.9000,20241.1000
2024-02-20,20242.6500,20285.8000,20190.7000,20271.9000
2024-02-21,20329.1000,20342.3000,20077.8000,20128.3000
2024-02-22,20179.2500,20308.9000,20004.1000,20283.9500
2024-02-23,20358.7000,20365.6500,20280.1500,20313.5000
2024-02-26,20299.5000,20335.7500,20210.3500,20255.8000
2024-02-27,20249.2500,20329.1000,20234.9500,20292.8500
2024-02-28,20323.5000,20335.6500,19987.3500,20020.4000
2024-02-29,20009.2500,20160.0500,19901.3000,20090.0500
2024-03-01,19434.3000,19442.2000,19343.1500,19367.1500
2024-03-02,20419.5500,20446.8000,20400.2000,20421.3500
2024-03-04,20456.7500,20482.6000,20383.1500,20432.0500
2024-03-05,20422.3000,20440.4000,20328.0000,20382.0000
2024-03-06,20368.7500,20396.7500,20139.3500,20379.5500
2024-03-07,20413.6500,20471.3500,20384.5000,20434.8000
2024-03-09,23817.0000,23817.5500,23771.2000,23788.4500
2024-03-10,23931.8500,24122.0000,23713.0000,23755.4500
2024-03-11,20478.7500,20483.2500,20264.3000,20288.7500
2024-03-12,20299.8000,20326.2500,20135.3000,20171.4000
2024-03-13,20236.8000,20247.9000,19549.5000,19646.3000
2024-03-14,19598.4000,19933.9000,19514.7000,19916.3500
2024-03-15,19867.7500,19942.4000,19671.1500,19825.2000
2024-03-18,19804.3000,19894.4500,19709.2000,19843.1000
2024-03-19,19785.8000,19798.9500,19594.1000,19610.5500
2024-03-20,19651.7000,19697.4500,19465.8500,19632.0500
2024-03-21,19790.8500,19916.4500,19790.8500,19897.4000
2024-03-22,19855.0000,20048.6000,19806.7000,19994.6000
2024-03-26,19895.5500,20044.5000,19895.3000,20005.2500
2024-03-27,20063.0000,20174.4000,20063.0000,20087.8000
2024-03-28,20150.3500,20380.5000,20146.1500,20255.1500
2024-04-01,20392.2500,20504.5000,20387.0500,20492.5500
2024-04-02,20524.1500,20579.2500,20481.8500,20569.7500
2024-04-03,20456.7500,20482.6000,20383.1500,20432.0500
2024-04-04,20755.3500,20772.4000,20537.5000,20664.6500
2024-04-05,20654.7500,20730.1500,20609.9000,20715.1000
2024-04-06,21753.3500,21753.3500,19624.2500,20323.8500
2024-04-07,22937.6000,22962.8000,22866.7000,22914.2000
2024-04-08,20806.8500,20866.1000,20768.5000,20819.1000
2024-04-09,20912.7500,20912.7500,20741.5000,20790.7000
2024-04-10,20864.5500,20933.8500,20822.8500,20915.2000
2024-04-11,22831.8000,22832.6500,22362.6500,22518.3000
2024-04-12,23075.9500,23149.9000,22978.8500,23099.5000
2024-04-15,20493.3000,20623.8000,20362.3000,20478.7500
2024-04-16,20361.2500,20495.2000,20326.2500,20423.0000
2024-04-18,20515.1500,20617.1000,20291.1500,20324.7000
2024-04-19,20178.2500,20428.4000,20038.3500,20385.2000
2024-04-22,20566.2000,20604.1000,20468.1000,20574.8500
2024-04-23,20687.9000,20689.7500,20621.5500,20652.6500
2024-04-24,20723.2000,20772.5500,20710.2000,20730.6500
2024-04-25,20690.8500,20894.0000,20686.7000,20867.9000
2024-04-26,20926.4000,20941.1000,20814.5000,20839.3500
2024-04-29,20911.1000,21002.1000,20847.8500,20992.2000
2024-04-30,21052.3500,21146.5000,20971.8500,20997.2000
2024-05-01,19602.1000,19637.1000,19490.9500,19590.6000
2024-05-02,21010.4500,21126.1000,21009.3500,21083.6000
2024-05-03,20422.3000,20440.4000,20328.0000,20382.0000
2024-05-04,20654.7500,20730.1500,20609.9000,20715.1000
2024-05-06,21044.1000,21048.9500,20805.0500,20864.9500
2024-05-07,22878.5000,23011.8000,22838.2000,22987.6500
2024-05-08,20586.8000,20768.7500,20516.2500,20704.9000
2024-05-09,20681.1000,20736.2500,20318.9000,20344.8000
2024-05-10,20398.0000,20482.0500,20299.1000,20469.1000
2024-05-11,22458.3000,22697.5000,22343.9500,22679.8500
2024-05-12,23183.3000,23357.1000,22993.8500,23277.9500
2024-05-13,20471.6500,20540.2500,20184.1000,20511.0000
2024-05-14,20544.3500,20709.7500,20508.0000,20683.8000
2024-05-15,20744.5000,20811.2500,20681.9000,20741.8500
2024-05-16,20846.8500,20950.5500,20667.8000,20929.0500
2024-05-17,20967.4000,21078.6500,20934.4500,21064.5500
2024-05-18,21131.4500,21156.4500,21115.8000,21144.4500
2024-05-21,21114.6500,21224.7000,21068.8500,21187.6500
2024-05-22,21255.2000,21261.7500,21103.2000,21237.7500
2024-05-23,21280.0500,21505.2500,21249.1500,21489.5500
2024-05-24,21483.0000,21567.4500,21444.9500,21483.7500
2024-05-27,21573.8000,21613.6000,21439.1500,21493.0000
2024-05-28,21542.5000,21558.1500,21345.3500,21387.3500
2024-05-29,21288.3500,21356.1500,21243.2000,21256.3000
2024-05-30,21201.8000,21262.8500,20983.9500,21038.5500
2024-05-31,21129.3500,21177.2500,21003.0000,21103.3000
2024-06-02,19923.2000,20044.4500,19824.8500,20033.7500
2024-06-03,20368.7500,20396.7500,20139.3500,20379.5500
2024-06-04,21753.3500,21753.3500,19624.2500,20323.8500
2024-06-05,21044.1000,21048.9500,20805.0500,20864.9500
2024-06-06,21253.7000,21462.8000,21193.2000,21365.0000
2024-06-07,21390.2000,21781.3500,21333.5000,21764.1500
2024-06-08,22696.9500,22910.7500,22406.0500,22443.3000
2024-06-09,23746.0000,23794.3500,23434.9000,23477.7000
2024-06-10,21844.3000,21930.5000,21758.3000,21808.2500
2024-06-11,21856.3500,21961.4500,21782.3500,21852.0000
2024-06-12,23315.8000,23358.2000,23221.7000,23312.1000
2024-06-13,22120.7500,22120.8000,21992.1500,22074.3000
2024-06-14,22148.2500,22229.4000,22054.1500,22214.3000
2024-06-18,22323.5500,22338.1500,22253.3500,22329.6000
2024-06-19,22406.3000,22406.3000,22127.2500,22224.9000
2024-06-20,22293.5500,22333.6000,22182.2000,22305.1000
2024-06-21,22392.6000,22393.3000,22186.2000,22236.2000
2024-06-24,22150.6500,22309.1000,22073.6500,22289.1000
2024-06-25,22349.7500,22391.7500,22287.1000,22370.6500
2024-06-26,22379.5000,22464.8500,22309.5000,22436.8000
2024-06-27,22459.9000,22571.6500,22395.9000,22537.4000
2024-06-28,22592.2500,22673.6500,22537.7000,22559.7000
2024-07-01,22580.4000,22739.7000,22570.4000,22727.6000
2024-07-02,20157.2000,20169.9000,20011.4500,20109.5500
2024-07-03,20413.6500,20471.3500,20384.5000,20434.8000
2024-07-04,22937.6000,22962.8000,22866.7000,22914.2000
2024-07-05,22878.5000,23011.8000,22838.2000,22987.6500
2024-07-06,21390.2000,21781.3500,21333.5000,21764.1500
2024-07-08,23029.3500,23040.7500,22897.9500,22971.1500
2024-07-09,23035.0500,23082.3500,22974.9500,23067.3500
2024-07-10,23616.3500,23659.6500,23089.5000,23181.9500
2024-07-11,23067.1500,23073.5500,22793.9000,22806.2500
2024-07-12,23086.2500,23189.4000,23021.4000,23095.4500
2024-07-15,23188.8000,23234.3000,23081.3000,23209.8500
2024-07-16,23258.2000,23288.0500,23181.3500,23204.2500
2024-07-18,23167.6500,23233.8500,22993.5500,23210.0500
2024-07-19,23232.5000,23232.5000,22833.0000,22853.6000
2024-07-22,22761.5000,23001.0500,22667.7500,22942.6500
2024-07-23,23022.8000,23031.9500,22307.2000,22865.2000
2024-07-24,22856.8500,22965.4500,22816.7500,22921.4500
2024-07-25,22753.2000,22938.6500,22732.2000,22917.2500
2024-07-26,22970.4000,23306.7500,22965.5000,23292.0500
2024-07-29,23423.1500,23496.4000,23326.0500,23394.2000
2024-07-30,23421.2000,23530.0000,23381.3500,23440.9000
2024-07-31,23495.8500,23556.0000,23459.6000,23530.8000
2024-08-01,23608.8500,23637.7500,23429.5500,23506.6000
2024-08-02,23296.1000,23395.1000,23225.6500,23259.4500
2024-08-04,20806.8500,20866.1000,20768.5000,20819.1000
2024-08-05,20586.8000,20768.7500,20516.2500,20704.9000
2024-08-06,22696.9500,22910.7500,22406.0500,22443.3000
2024-08-07,23029.3500,23040.7500,22897.9500,22971.1500
2024-08-08,22842.0000,22905.6000,22676.0000,22705.7000
2024-08-09,22948.1500,22982.4500,22869.4000,22923.5000
2024-08-10,23175.2000,23544.8000,23106.5000,23512.5500
2024-08-11,22821.9000,22857.1000,22600.2500,22645.6500
2024-08-12,22862.9000,22993.2500,22753.7500,22915.8500
2024-08-13,22952.7000,22962.7500,22684.4500,22705.8000
2024-08-14,22765.6500,22778.9500,22599.9500,22672.6500
2024-08-16,22846.1000,23071.7500,22750.3000,23056.5000
2024-08-19,23174.2000,23195.6000,23104.1000,23139.7500
2024-08-20,23223.6000,23292.7000,23175.4000,23280.3500
2024-08-21,23283.7500,23383.2000,23256.2500,23368.6500
2024-08-22,23467.1500,23474.8500,23408.9500,23440.7000
2024-08-23,23485.3000,23496.8500,23401.0000,23418.6500
2024-08-26,23514.3000,23579.7500,23466.7500,23561.7500
2024-08-27,23592.0000,23633.2000,23555.5500,23604.8500
2024-08-28,23646.8000,23679.3500,23547.2500,23615.9500
2024-08-29,23618.2500,23664.3500,23494.4500,23631.4000
2024-08-30,23728.5500,23766.4000,23673.9500,23734.5500
2024-09-01,19549.5000,19596.0500,19439.1000,19459.5500
2024-09-02,23835.2000,23835.2000,23693.6500,23760.7000
2024-09-03,23817.0000,23817.5500,23771.2000,23788.4500
2024-09-04,23611.8000,23761.4000,23605.3500,23748.9000
2024-09-05,23821.0000,23836.3500,23749.0500,23762.8000
2024-09-06,23746.0000,23794.3500,23434.9000,23477.7000
2024-09-07,23035.0500,23082.3500,22974.9500,23067.3500
2024-09-08,22948.1500,22982.4500,22869.4000,22923.5000
2024-09-09,23452.8500,23526.5500,23294.4500,23502.1500
2024-09-10,23600.1000,23797.4500,23570.7000,23599.6000
2024-09-11,23665.1000,23723.0500,23498.1500,23531.2500
2024-09-12,23289.4000,23351.9000,23243.3000,23292.0000
2024-09-13,23966.5000,23966.5500,23885.2000,23928.2000
2024-09-16,24006.1500,24026.0000,23917.5000,23968.2000
2024-09-17,24008.2500,24008.2500,23912.5500,23969.9000
2024-09-18,23972.5500,24000.3000,23800.8500,23898.6500
2024-09-19,24012.3000,24078.0000,23702.0000,23853.9500
2024-09-20,23956.5500,24243.1500,23885.0000,24193.8000
2024-09-23,24294.8000,24393.7000,24262.3000,24379.2000
2024-09-24,24390.0500,24429.0000,24353.7500,24389.7000
2024-09-25,24377.2500,24394.3500,24268.5000,24371.2500
2024-09-26,24399.1500,24512.6500,24338.4000,24496.9000
2024-09-27,24529.5500,24573.4000,24469.0000,24489.5500
2024-09-30,24410.0000,24456.1000,24217.4000,24245.2000
2024-10-01,19463.5500,19532.3000,19354.1000,19517.8500
2024-10-03,23931.8500,24122.0000,23713.0000,23755.4500
2024-10-04,20864.5500,20933.8500,20822.8500,20915.2000
2024-10-05,20398.0000,20482.0500,20299.1000,20469.1000
2024-10-06,21844.3000,21930.5000,21758.3000,21808.2500
2024-10-07,23616.3500,23659.6500,23089.5000,23181.9500
2024-10-08,23175.2000,23544.8000,23106.5000,23512.5500
2024-10-09,23600.1000,23797.4500,23570.7000,23599.6000
2024-10-10,23695.5500,23755.5000,23580.6000,23598.1500
2024-10-11,23608.3000,23654.0000,23546.3000,23611.2500
2024-10-12,23328.8000,23341.3500,23216.2500,23314.9000
2024-10-14,23670.5000,23740.2000,23646.1000,23727.0500
2024-10-15,23800.4000,23814.9500,23662.3000,23735.7000
2024-10-16,23702.8500,23768.1500,23588.8000,23673.1500
2024-10-17,23717.3000,23720.1500,23366.0000,23377.0000
2024-10-18,23285.6500,23471.2000,23120.9500,23440.7000
2024-10-21,23527.6000,23559.0500,23224.5500,23263.2500
2024-10-22,23277.1000,23306.2000,22789.7000,22814.4500
2024-10-23,22751.8000,22989.0500,22673.3000,22841.1000
2024-10-24,22841.8500,22893.2000,22747.5500,22787.8500
2024-10-25,22819.8000,22839.2000,22362.8000,22499.0500
2024-10-28,22548.7000,22756.0500,22407.0000,22649.9500
2024-10-29,22670.8000,22808.8000,22450.0000,22795.0500
2024-10-30,22731.1500,22896.5500,22685.4000,22749.8000
2024-10-31,22758.6000,22779.5000,22621.1000,22689.3500
2024-11-01,22806.9500,22881.5000,22799.7000,22823.5500
2024-11-03,20478.7500,20483.2500,20264.3000,20288.7500
2024-11-04,22831.8000,22832.6500,22362.6500,22518.3000
2024-11-05,22458.3000,22697.5000,22343.9500,22679.8500
2024-11-06,21856.3500,21961.4500,21782.3500,21852.0000
2024-11-07,23067.1500,23073.5500,22793.9000,22806.2500
2024-11-08,22821.9000,22857.1000,22600.2500,22645.6500
2024-11-09,23665.1000,23723.0500,23498.1500,23531.2500
2024-11-10,23608.3000,23654.0000,23546.3000,23611.2500
2024-11-11,22590.1000,22770.5500,22478.7000,22591.4000
2024-11-12,23326.7000,23394.2000,23301.1500,23358.1500
2024-11-13,22263.0000,22309.8000,21867.7000,21914.9500
2024-11-14,21924.1000,22096.8500,21907.5500,21963.1000
2024-11-18,22045.9000,22049.1500,21787.3500,21899.4000
2024-11-19,21977.6500,22233.4000,21948.4500,22004.3500
2024-11-21,21947.7500,21954.2000,21692.8000,21820.8500
2024-11-22,21864.6500,22260.1500,21819.2000,22225.5500
2024-11-25,22578.6500,22676.2500,22510.8000,22553.5000
2024-11-26,22649.3000,22675.7000,22523.0000,22562.4500
2024-11-27,22594.2000,22732.1000,22526.1000,22691.7000
2024-11-28,22722.3000,22821.7500,22472.2500,22514.3500
2024-11-29,22537.8000,22733.7500,22531.9000,22687.0000
2024-12-01,19691.2500,19775.9000,19635.7500,19745.6000
2024-12-02,22695.4000,22843.5000,22603.1000,22835.8500
2024-12-03,20299.8000,20326.2500,20135.3000,20171.4000
2024-12-04,23075.9500,23149.9000,22978.8500,23099.5000
2024-12-05,23183.3000,23357.1000,22993.8500,23277.9500
2024-12-06,21935.2000,22023.9000,21904.7000,21960.9500
2024-12-07,23086.2500,23189.4000,23021.4000,23095.4500
2024-12-08,22862.9000,22993.2500,22753.7500,22915.8500
2024-12-09,23680.0000,23934.6000,23593.6000,23907.3500
2024-12-10,23328.8000,23341.3500,23216.2500,23314.9000
2024-12-11,23326.7000,23394.2000,23301.1500,23358.1500
2024-12-12,23348.7000,23386.2500,23242.7500,23256.4000
2024-12-13,23208.3500,23378.5500,22879.9000,23358.9500
2024-12-16,23370.5500,23417.6500,23281.2000,23352.4500
2024-12-17,23308.9000,23349.1000,23067.3000,23095.7500
2024-12-18,23076.9500,23125.5500,22876.7000,22934.4000
2024-12-19,22594.9500,22782.2500,22590.0000,22752.1500
2024-12-20,22783.6500,22855.0000,22279.9000,22319.4000
2024-12-23,22446.6000,22535.2000,22331.5000,22412.3000
2024-12-24,22431.6000,22516.3000,22340.1000,22402.7000
2024-12-26,22444.7000,22492.3000,22324.6000,22430.3500
2024-12-27,22473.9000,22555.4500,22435.5500,22445.2000
2024-12-30,22438.1500,22522.4000,22266.1500,22357.1500
2024-12-31,22273.7000,22414.4500,22160.1500,22375.4000
2025-01-01,22375.8500,22518.7000,22313.7500,22481.8000
2025-01-02,21628.6500,21713.9500,21388.2000,21581.7500
2025-01-03,22850.1000,22867.8500,22681.3000,22708.1500
2025-01-04,21227.1000,21398.3500,21042.4500,21070.7500
2025-01-06,22753.6500,22757.4000,22163.5500,22225.4000
2025-01-07,23659.7500,23669.9500,23558.9000,23615.4500
2025-01-08,22378.1500,22384.2500,22065.2000,22231.8000
2025-01-09,22231.0500,22239.2000,22028.5000,22046.5500
2025-01-10,22049.4000,22075.4000,21738.4500,21799.0000
2025-01-12,24034.9500,24035.0000,23871.7500,23922.4500
2025-01-13,21557.0000,21630.5500,21194.4500,21243.4500
2025-01-14,21328.0000,21528.7000,21325.0000,21481.0500
2025-01-15,21572.4500,21634.6000,21445.4000,21551.2000
2025-01-16,21734.4000,21776.3500,21687.4500,21714.5500
2025-01-17,21699.4500,21730.8500,21563.8000,21680.2500
2025-01-20,21769.9500,21848.9500,21628.5000,21809.0000
2025-01-21,21855.1000,21863.0500,21411.3000,21433.2000
2025-01-22,21484.4500,21500.3000,21178.8000,21396.5500
2025-01-23,21377.8000,21595.0000,21338.9500,21538.0500
2025-01-24,21533.0500,21611.2000,21279.0000,21318.9000
2025-01-27,21158.8500,21163.0000,20861.1500,20910.9500
2025-01-28,21009.2000,21100.4500,20757.9000,20924.7500
2025-01-29,20971.4000,21259.8500,20968.3500,21245.5000
2025-01-30,21282.1000,21404.2000,21209.6000,21297.5000
2025-01-31,21339.3500,21613.0000,21310.3000,21580.9000
2025-02-01,21628.6500,21713.9500,21388.2000,21581.7500
2025-02-03,21422.8500,21445.9500,21286.7000,21402.5500
2025-02-04,21551.4000,21743.5500,21474.4500,21727.4500
2025-02-05,22009.9500,22238.9000,21920.8500,22006.0000
2025-02-06,21860.1000,21870.9000,21620.1500,21672.4500
2025-02-07,23653.0500,23669.3000,23463.8500,23547.2500
2025-02-09,22758.2000,22858.2000,22678.4500,22724.4000
2025-02-10,21636.2000,21659.2500,21301.8500,21371.3000
2025-02-11,21366.2500,21376.4500,20860.6000,20950.4500
2025-02-12,23870.6000,23925.8500,23782.7500,23822.2500
2025-02-13,20926.0000,21122.0000,20866.5000,20904.3500
2025-02-14,20964.6000,20984.7000,20476.6500,20633.1000
2025-02-17,20511.0500,20667.5500,20339.0000,20652.3500
2025-02-18,20663.6000,20692.3000,20466.7500,20611.4000
2025-02-19,20511.2000,20802.5500,20459.2000,20731.4500
2025-02-20,20645.7000,20840.3500,20630.2000,20831.1000
2025-02-21,20792.0500,20903.3500,20616.6000,20690.2500
2025-02-24,20510.9500,20546.0500,20429.3000,20468.4500
2025-02-25,20445.5500,20548.9000,20388.7500,20418.7500
2025-02-27,20436.5000,20471.8500,20278.6500,20315.5500
2025-02-28,20185.4000,20197.8500,19816.0000,19880.9000
2025-03-01,22850.1000,22867.8500,22681.3000,22708.1500
2025-03-02,21422.8500,21445.9500,21286.7000,21402.5500
2025-03-03,19935.5500,19997.0500,19658.3000,19896.9500
2025-03-04,21100.5500,21263.4500,21096.7500,21243.4000
2025-03-05,19901.6000,20265.0500,19901.6000,20256.5000
2025-03-06,22906.2000,22946.1500,22691.2500,22711.3000
2025-03-07,23591.8000,23647.1000,23503.5500,23521.8500
2025-03-09,22764.0000,22877.3500,22709.2000,22864.6500
2025-03-10,20434.9500,20543.7000,20230.6500,20266.5000
2025-03-11,20122.5500,20333.7500,20073.4000,20302.5000
2025-03-12,20351.9000,20397.9500,20108.7000,20264.3500
2025-03-13,20337.8500,20357.3000,20157.5000,20176.0500
2025-03-17,20166.6000,20358.2500,20166.5000,20288.3000
2025-03-18,20418.5500,20676.9500,20370.2000,20657.2000
2025-03-19,20713.2500,20895.2500,20664.0000,20864.5000
2025-03-20,20989.3500,21092.2000,20873.5500,21070.0500
2025-03-21,21065.2500,21297.0000,21031.4500,21273.9000
2025-03-24,21427.2000,21595.8500,21346.8000,21538.1000
2025-03-25,21652.8500,21674.0500,21385.8000,21437.7500
2025-03-26,21464.9500,21525.6000,21255.7000,21275.4500
2025-03-27,21218.4000,21447.9000,21195.7000,21407.9500
2025-03-28,21439.2000,21514.1000,21277.9000,21339.5500
2025-04-01,21227.1000,21398.3500,21042.4500,21070.7500
2025-04-02,21551.4000,21743.5500,21474.4500,21727.4500
2025-04-03,19736.0500,19957.5000,19681.6500,19917.8500
2025-04-04,21199.2000,21212.1000,20736.8000,20805.3500
2025-04-06,22742.2000,22823.9500,22667.9000,22807.8500
2025-04-07,23553.4500,23570.9000,23448.9000,23562.4500
2025-04-08,20430.1000,20588.4000,20227.1500,20480.8000
2025-04-09,20422.9500,20423.2500,20252.3500,20356.7500
2025-04-11,20684.8500,20817.5000,20629.0000,20752.8500
2025-04-12,23718.1000,23820.4500,23680.2500,23741.1000
2025-04-15,21199.0500,21302.7500,21067.6000,21279.4000
2025-04-16,21302.7500,21414.8500,21246.4000,21404.3500
2025-04-17,21379.3500,21704.1000,21296.3500,21681.5500
2025-04-21,21787.0500,22033.7500,21732.4500,22005.7500
2025-04-22,22072.0000,22157.9500,21953.4000,22085.1500
2025-04-23,22238.6000,22263.8500,21988.3500,22237.6000
2025-04-24,22217.6500,22270.1500,22155.4000,22180.6500
2025-04-25,22220.3000,22271.8500,21661.6000,21848.1500
2025-04-28,21843.4500,22125.4500,21841.4000,22101.8500
2025-04-29,22160.7500,22255.9000,22084.5500,22112.4000
2025-04-30,22119.2000,22175.0000,21920.5500,22030.0500
2025-05-02,21797.7000,21870.4000,21763.7000,21784.2500
2025-05-03,19901.6000,20265.0500,19901.6000,20256.5000
2025-05-05,22086.2500,22209.9500,22070.9500,22195.1500
2025-05-06,22879.2000,23026.3000,22828.8500,22934.5000
2025-05-07,21756.8000,22084.7000,21752.9000,22072.4500
2025-05-08,22869.5000,22878.1000,22736.0500,22798.5000
2025-05-09,22891.7500,22916.0000,22718.5000,22829.1500
2025-05-12,23720.7000,23848.4500,23672.3500,23835.2500
2025-05-13,22491.5000,22575.7000,22317.5000,22349.4000
2025-05-14,22402.6500,22544.9000,22366.4000,22499.5000
2025-05-15,22547.0500,22814.1000,22408.6500,22788.8000
2025-05-16,22825.5500,22885.3500,22750.3500,22870.9000
2025-05-19,22896.2500,22965.0500,22827.6500,22865.8000
2025-05-20,22942.6500,22958.6000,22565.5500,22585.6000
2025-05-21,22632.4000,22811.9500,22577.4000,22730.6500
2025-05-22,22674.0000,22675.3500,22464.4500,22595.0000
2025-05-23,22628.7500,22813.2500,22580.8000,22781.0500
2025-05-26,22852.7000,22970.7000,22845.4000,22908.3000
2025-05-27,22895.0500,22963.1000,22721.8000,22816.5000
2025-05-28,22843.2500,22871.2000,22765.7000,22779.4000
2025-05-29,22859.4500,22899.1500,22750.1500,22861.3500
2025-05-30,22868.2500,22912.3000,22759.1500,22801.9500
2025-06-01,22753.6500,22757.4000,22163.5500,22225.4000
2025-06-02,21860.1000,21870.9000,21620.1500,21672.4500
2025-06-03,20411.4500,20467.1500,20262.7500,20447.1000
2025-06-04,22742.2000,22823.9500,22667.9000,22807.8500
2025-06-05,22879.2000,23026.3000,22828.8500,22934.5000
2025-06-06,22962.0000,23180.3500,22891.6000,23165.1000
2025-06-08,22807.5500,22818.2000,22622.3500,22666.8500
2025-06-09,23308.6500,23335.3500,23254.5500,23330.5500
2025-06-10,23055.1500,23177.2500,23008.3000,23169.6500
2025-06-11,23376.6000,23423.6000,23271.4000,23337.8500
2025-06-12,23363.5000,23370.3000,23009.6500,23046.4500
2025-06-13,22631.7000,22932.2500,22631.7000,22906.2000
2025-06-16,22914.8500,23106.7000,22789.4000,23095.0500
2025-06-17,23126.8000,23128.5000,22959.1500,22981.5000
2025-06-18,22937.7500,23066.8500,22868.3500,22925.2000
2025-06-19,22921.6000,22973.1500,22712.5500,22763.5000
2025-06-20,22760.6500,23064.7000,22760.6000,23041.1000
2025-06-23,22880.3500,23063.3500,22837.8000,23001.5000
2025-06-24,23212.3000,23307.9500,23074.2500,23113.2000
2025-06-25,23216.1500,23303.6500,23190.8500,23296.8500
2025-06-26,23341.2000,23529.6500,23319.8500,23517.5500
2025-06-27,23566.7000,23644.3500,23538.5500,23620.1500
2025-06-30,23672.3500,23677.5500,23563.0000,23617.2000
2025-07-01,22278.1500,22435.5000,22247.7500,22341.6500
2025-07-02,23653.0500,23669.3000,23463.8500,23547.2500
2025-07-03,20428.1500,20549.2000,20377.6000,20443.4000
2025-07-04,19524.2500,20189.3500,19519.8500,20105.7000
2025-07-05,21756.8000,22084.7000,21752.9000,22072.4500
2025-07-07,23561.6000,23595.3000,23506.5000,23551.2000
2025-07-08,22563.4000,22726.9000,22425.8500,22694.1000
2025-07-09,23576.4500,23613.9000,23513.8500,23557.4500
2025-07-10,23191.3500,23275.1000,23170.8500,23209.5000
2025-07-11,23441.0500,23570.1000,23291.2000,23521.5000
2025-07-14,23290.1500,23329.2000,23200.1000,23309.0500
2025-07-15,23334.5500,23469.4500,23332.8000,23449.1500
2025-07-16,23458.9000,23502.9000,23403.5000,23472.5000
2025-07-17,23507.6500,23514.7000,23409.0500,23419.7000
2025-07-18,23430.0000,23449.4500,23240.8500,23275.1500
2025-07-21,23296.7500,23394.5000,23184.9000,23378.4500
2025-07-22,23449.7500,23456.0000,23306.4000,23320.9000
2025-07-23,23382.4000,23435.5500,23296.0000,23428.4000
2025-07-24,23447.3500,23449.4000,23257.6000,23301.1000
2025-07-25,23255.2500,23255.2500,22993.0000,23014.8000
2025-07-28,22967.4000,23094.8500,22818.1500,22846.9500
2025-07-29,22793.0000,23024.1500,22777.7000,23007.3500
2025-07-30,23064.2500,23070.3500,22959.4500,23033.5500
2025-07-31,22804.2000,23071.2500,22802.1500,22914.9500
2025-08-01,22378.1500,22384.2500,22065.2000,22231.8000
2025-08-04,22699.7000,22871.6000,22648.6000,22860.4000
2025-08-05,22869.5000,22878.1000,22736.0500,22798.5000
2025-08-06,22807.5500,22818.2000,22622.3500,22666.8500
2025-08-07,22563.4000,22726.9000,22425.8500,22694.1000
2025-08-08,22680.9000,22690.3500,22419.7000,22443.1500
2025-08-09,22892.8000,22974.8500,22835.9000,22878.6500
2025-08-10,23197.9500,23265.2000,23087.9000,23109.3500
2025-08-11,22447.5500,22650.1000,22406.0000,22633.4500
2025-08-12,23821.7500,23833.1500,23460.7000,23526.2000
2025-08-13,22655.1500,22733.8000,22624.4500,22698.1000
2025-08-14,22713.6500,22754.1500,22646.7000,22680.2500
2025-08-18,22958.3000,23040.8500,22913.0500,22931.5000
2025-08-19,22959.5000,23077.1000,22908.1500,23066.6000
2025-08-20,23067.7000,23171.1500,23025.8500,23143.1500
2025-08-21,23221.7500,23230.9500,23126.7500,23137.1500
2025-08-22,23133.8500,23144.5500,22980.8500,22991.3000
2025-08-25,23069.3000,23106.9000,23022.1000,23052.0000
2025-08-26,22994.8500,23013.0500,22746.7500,22768.6500
2025-08-28,22762.2500,22762.2500,22529.6000,22541.6500
2025-08-29,22524.1500,22624.7000,22443.8000,22462.9500
2025-09-01,22231.0500,22239.2000,22028.5000,22046.5500
2025-09-02,22758.2000,22858.2000,22678.4500,22724.4000
2025-09-03,22764.0000,22877.3500,22709.2000,22864.6500
2025-09-04,23116.9000,23116.9000,22795.0000,22819.6500
2025-09-05,22891.7500,22916.0000,22718.5000,22829.1500
2025-09-06,23308.6500,23335.3500,23254.5500,23330.5500
2025-09-07,23576.4500,23613.9000,23513.8500,23557.4500
2025-09-08,22892.8000,22974.8500,22835.9000,22878.6500
2025-09-09,22949.5500,22964.0500,22893.0500,22949.1000
2025-09-10,23056.8000,23121.7500,23027.0500,23074.1500
2025-09-11,23073.4500,23128.5500,23065.7000,23102.6500
2025-09-12,23171.5500,23210.4000,23129.9000,23190.2500
2025-09-15,23213.1500,23249.2000,23182.0500,23215.8500
2025-09-16,23240.2500,23386.6500,23217.3000,23369.3000
2025-09-17,23419.1000,23464.4000,23395.7500,23445.2000
2025-09-18,23534.1500,23538.9000,23434.4500,23518.9000
2025-09-19,23530.6000,23541.3000,23451.6000,23486.6500
2025-09-22,23434.7500,23523.5500,23335.1000,23381.4500
2025-09-23,23408.2000,23434.3000,23253.1000,23325.2500
2025-09-24,23293.4000,23317.2000,23165.9500,23178.2500
2025-09-25,23169.4500,23235.5500,23009.5500,23022.4000
2025-09-26,22965.9000,22994.1500,22692.7000,22713.1500
2025-09-29,22783.9000,22865.1000,22677.0000,22739.1000
2025-09-30,22793.6500,22829.2000,22669.3000,22734.1000
2025-10-01,22049.4000,22075.4000,21738.4500,21799.0000
2025-10-02,21636.2000,21659.2500,21301.8500,21371.3000
2025-10-03,20434.9500,20543.7000,20230.6500,20266.5000
2025-10-06,23422.3000,23423.8000,23287.3500,23339.9500
2025-10-07,23595.8500,23605.5000,23444.9500,23471.4000
2025-10-08,23197.9500,23265.2000,23087.9000,23109.3500
2025-10-09,23144.3000,23251.6500,23101.8500,23241.7500
2025-10-10,23247.4500,23374.2500,23220.0500,23337.5500
2025-10-11,23545.3500,23658.8500,23542.1000,23596.9000
2025-10-12,23540.1500,23628.3000,23386.8000,23408.8000
2025-10-13,23245.0500,23315.6500,23201.5500,23294.8000
2025-10-14,23349.7500,23374.0000,23121.5000,23184.0500
2025-10-15,23227.5500,23400.9500,23224.1500,23377.3500
2025-10-16,23443.3000,23592.8500,23428.1500,23563.8000
2025-10-17,23547.0000,23679.0500,23515.8500,23598.0500
2025-10-20,23699.3500,23766.5500,23654.7500,23716.1000
2025-10-21,23791.9000,23818.3500,23723.4000,23759.2000
2025-10-23,23899.7500,23926.1000,23727.6000,23755.9000
2025-10-24,23796.2000,23802.7500,23622.8000,23686.6000
2025-10-27,23742.7000,23856.3000,23723.4000,23840.9000
2025-10-28,23844.7500,23907.5500,23717.0500,23812.5500
2025-10-29,23851.5500,23971.5500,23821.3000,23952.4000
2025-10-30,23933.6500,23949.7500,23804.4500,23841.3000
2025-10-31,23847.6000,23913.4500,23698.0500,23710.4000
2025-11-02,21366.2500,21376.4500,20860.6000,20950.4500
2025-11-03,20122.5500,20333.7500,20073.4000,20302.5000
2025-11-04,23811.3000,23829.7000,23660.2000,23675.4500
2025-11-06,23683.3500,23713.4000,23501.0500,23513.1500
2025-11-07,23441.0500,23570.1000,23291.2000,23521.5000
2025-11-08,22447.5500,22650.1000,22406.0000,22633.4500
2025-11-09,23073.4500,23128.5500,23065.7000,23102.6500
2025-11-10,23545.3500,23658.8500,23542.1000,23596.9000
2025-11-11,23634.6500,23693.8000,23476.3000,23682.6500
2025-11-12,23421.9000,23562.1500,23344.2500,23550.8500
2025-11-13,23867.6500,23935.1000,23793.6500,23816.0000
2025-11-14,23751.2500,23858.3000,23717.0000,23836.3500
2025-11-17,23889.5500,23964.7500,23863.5500,23954.5500
2025-11-18,23970.4500,23973.0500,23800.9500,23824.6500
2025-11-19,23832.5500,23924.3000,23766.6000,23906.3000
2025-11-20,23984.4000,24032.1000,23918.8000,23975.4500
2025-11-21,23917.5000,23938.3000,23776.3000,23790.2500
2025-11-24,23827.2500,23835.2000,23642.5500,23674.5500
2025-11-25,23700.5500,23745.5000,23635.8000,23655.0500
2025-11-26,23654.7500,23965.3500,23654.7500,23955.2000
2025-11-27,24011.9000,24026.2500,23879.6000,23947.7500
2025-11-28,23968.8000,23979.7000,23907.7500,23933.2000
2025-12-01,24034.9500,24035.0000,23871.7500,23922.4500
2025-12-02,20924.1500,21002.0000,20545.7500,20907.8500
2025-12-03,20351.9000,20397.9500,20108.7000,20264.3500
2025-12-04,23718.1000,23820.4500,23680.2500,23741.1000
2025-12-05,22149.4000,22525.0000,22126.4000,22511.4000
2025-12-06,23363.5000,23370.3000,23009.6500,23046.4500
2025-12-08,22633.6500,22730.2500,22554.3000,22568.6000
2025-12-09,23447.0500,23556.3500,23259.7000,23516.2500
2025-12-10,23540.1500,23628.3000,23386.8000,23408.8000
2025-12-11,23796.9500,23874.8500,23766.2000,23836.9000
2025-12-12,23620.3500,23737.7000,23613.0000,23726.2000
2025-12-15,23654.0000,23735.7000,23591.3000,23725.2000
2025-12-16,23676.8000,23687.3500,23542.5500,23570.1500
2025-12-17,23597.6000,23635.0500,23449.5000,23496.0500
2025-12-18,23469.8000,23553.2500,23363.5000,23491.5000
2025-12-19,23562.6500,23688.3500,23548.9500,23677.5500
2025-12-22,23760.9500,23878.6500,23743.2500,23867.6500
2025-12-23,23906.1000,23929.2500,23825.1500,23895.1500
2025-12-24,23903.1000,23956.8000,23836.5500,23850.2500
2025-12-26,23841.9500,23885.3500,23752.5500,23780.2500
2025-12-29,23804.4000,23826.7500,23660.3000,23682.1000
2025-12-30,23675.3000,23704.2000,23599.9000,23668.8000
2025-12-31,23710.4500,23921.4500,23709.5500,23871.5500
2026-01-01,23914.6500,23925.5500,23835.5500,23909.5500
2026-01-02,23067.5000,23160.1000,22337.3000,22611.3000
2026-01-04,21067.1500,21153.2500,20867.4000,20935.1500
2026-01-06,22760.8000,22810.2000,22414.8000,22437.9500
2026-01-07,23038.6500,23144.1000,23032.9500,23111.6500
2026-01-09,23429.6500,23435.6500,23243.2500,23339.9000
2026-01-10,22005.0000,22046.8000,21623.2500,21857.7500
2026-02-01,23935.9500,24107.7000,23921.4500,24099.0000
2026-02-02,22595.4500,22869.7000,22408.5000,22837.0000
2026-02-03,22547.0000,22992.3500,22539.6500,22835.9500
2026-02-04,20666.7000,20990.0500,20385.6500,20938.3500
2026-02-06,22302.0500,22563.2500,22253.0000,22521.1000
2026-02-07,23182.0500,23276.2000,23170.7500,23264.8000
2026-02-09,23176.9500,23226.2000,23058.3000,23222.8000
2026-03-02,23870.2000,23912.3500,23355.5000,23446.3000
2026-03-06,22488.1500,22505.0000,22202.6000,22451.8500
2026-03-07,23416.6500,23416.6500,23284.3000,23301.1500
2026-03-08,23619.1500,23803.7500,23578.5500,23802.8500
2026-03-09,23300.7500,23332.8500,23237.2500,23254.0500
2026-04-02,23414.1000,23562.7000,23284.4500,23534.9500
2026-04-03,22438.0000,22517.4000,22283.1500,22409.8000
2026-04-05,22783.8000,22954.3000,22709.7500,22830.7500
2026-04-06,22362.4000,22559.8500,22328.3500,22497.7000
2026-04-08,23771.4500,23771.4500,23573.6000,23690.1500
2026-04-09,23286.5000,23349.9000,23254.1500,23254.1500
2026-05-01,24123.1000,24144.2000,23999.1500,24058.4500
2026-05-02,23509.7500,23509.9500,23337.3500,23411.7000
2026-05-03,22536.7500,22760.8500,22468.2000,22697.8000
2026-05-05,22796.6500,22842.2500,22672.8000,22808.2500
2026-05-06,22569.4500,22614.6500,22379.0500,22465.3500
2026-05-08,23779.3500,23782.7000,23643.3000,23735.5500
2026-05-10,21956.6000,22048.4500,21826.5500,21971.6000
2026-06-01,24042.9000,24089.7500,23941.4000,24010.5000
2026-06-02,23366.5000,23447.0000,23211.4000,23434.0000
2026-06-03,22621.5500,22701.6000,22456.4500,22481.3000
2026-06-04,20990.8500,21217.9500,20789.4500,21194.0500
2026-06-05,22978.9500,23150.9000,22849.9500,23133.4000
2026-06-07,23342.5000,23447.3000,23319.6500,23433.9500
2026-06-08,23756.1500,23783.8500,23708.5500,23729.4500
2026-06-10,22020.9000,22203.7000,21976.2000,22202.8500
2026-07-01,23995.8500,24050.5500,23942.2500,24016.6000
2026-07-04,21085.3000,21313.1000,20959.3500,21296.4500
2026-07-05,23219.3500,23304.5000,23142.4500,23214.0000
2026-07-07,23472.4000,23485.3500,23332.9000,23368.8500
2026-07-08,23665.6000,23754.5000,23657.1000,23712.1000
2026-07-09,23248.0500,23260.4000,23124.1000,23156.2000
2026-07-10,22146.3500,22156.8000,21997.0500,22059.9000
2026-08-01,23996.2000,24010.4500,23657.3500,23680.1000
2026-08-04,21998.6000,22159.5000,21952.4000,22137.1000
2026-08-05,23166.0500,23185.6500,23080.3000,23115.6500
2026-08-06,22191.5500,22357.7000,22119.3000,22173.7000
2026-08-07,23239.6500,23307.0000,22822.8000,22908.0500
2026-08-09,23142.4500,23151.4500,23063.7500,23106.1000
2026-08-10,22054.6000,22054.6000,21589.4000,21616.1500
2026-09-01,23646.7500,23741.7500,23407.7000,23467.3500
2026-09-02,23600.8500,23693.0500,23535.4000,23683.4000
2026-09-03,21995.1500,22090.7000,21743.1500,22056.5500
2026-09-04,22090.7000,22189.5000,21943.2000,22037.5000
2026-09-06,22298.8500,22390.5000,22233.4500,22370.1500
2026-09-07,22958.3500,23175.2500,22956.4000,23081.1500
2026-09-09,23015.8000,23061.7000,22957.6000,22958.7500
2026-09-10,21689.1000,21928.5500,21625.8000,21866.6500
2026-10-02,23752.6000,23796.4000,23691.5000,23753.7500
2026-10-03,22310.8000,22385.6500,22141.8500,22342.9500
2026-10-04,22151.0500,22364.3000,22133.1500,22346.7500
2026-10-06,22377.0000,22455.9000,22200.3500,22233.8500
2026-10-07,23239.7000,23358.3500,23234.4500,23348.4000
2026-10-08,23732.7500,23777.4000,23667.4000,23743.2000
2026-10-09,22966.6500,22993.5000,22884.6000,22952.3500
2026-11-02,23808.1000,23811.1500,23707.1500,23783.0500
2026-11-03,22351.8500,22440.9000,22009.3000,22042.3000
2026-11-05,22957.4000,22962.1500,22777.4500,22795.7500
2026-11-06,22128.5500,22258.9000,22063.7500,22114.4500
2026-11-08,23755.4000,23756.0500,23638.5500,23681.1500
2026-11-09,22774.0500,22894.5500,22672.8500,22866.5000
2026-12-01,23459.4000,23533.4500,23199.5000,23510.4500
2026-12-02,23753.8000,23753.8000,23589.0500,23651.5500
2026-12-03,21888.4000,22059.6000,21703.9000,21897.5000
2026-12-05,22728.7000,22768.1000,22270.9500,22299.9000
2026-12-06,22376.4500,22618.7000,22295.1500,22599.8000
2026-12-08,23689.5500,23690.0500,23526.2000,23672.4500
