Date,Open,High,Low,Close
2004-01-01,,,,1000.0000
2004-01-02,,,,1030.1800
2004-01-03,,,,961.2500
2004-01-04,,,,966.6800
2004-01-05,,,,1035.5200
2004-01-06,,,,1017.5100
2004-01-07,,,,1013.4500
2004-01-08,,,,1047.6200
2004-01-09,,,,1047.1100
2004-01-10,,,,958.6200
2004-01-11,,,,965.2800
2004-01-12,,,,1030.5300
2004-01-13,,,,1032.9900
2004-01-14,,,,1040.8900
2004-01-15,,,,1025.4600
2004-01-16,,,,998.1000
2004-01-19,,,,1013.7200
2004-01-20,,,,993.6300
2004-01-21,,,,943.1900
2004-01-22,,,,916.2000
2004-01-23,,,,961.8500
2004-01-27,,,,996.4500
2004-01-28,,,,971.6300
2004-01-29,,,,963.2700
2004-01-30,,,,940.4600
2004-02-01,,,,1030.1800
2004-02-03,,,,905.0500
2004-02-04,,,,933.0900
2004-02-05,,,,927.4300
2004-02-06,,,,947.7500
2004-02-07,,,,818.1200
2004-02-08,,,,875.4600
2004-02-09,,,,970.3500
2004-02-10,,,,970.2600
2004-02-11,,,,975.0500
2004-02-12,,,,1079.8000
2004-02-13,,,,991.0500
2004-02-16,,,,992.0700
2004-02-17,,,,993.3600
2004-02-18,,,,997.9200
2004-02-19,,,,970.6900
2004-02-20,,,,966.8200
2004-02-23,,,,942.0300
2004-02-24,,,,945.1800
2004-02-25,,,,925.0500
2004-02-26,,,,918.0900
2004-02-27,,,,933.7000
2004-03-01,,,,961.2500
2004-03-02,,,,905.0500
2004-03-03,,,,963.4800
2004-03-04,,,,958.4900
2004-03-05,,,,955.9200
2004-03-06,,,,798.6800
2004-03-08,,,,871.5000
2004-03-09,,,,884.9300
2004-03-10,,,,975.3000
2004-03-11,,,,988.4000
2004-03-12,,,,1078.8400
2004-03-15,,,,930.7000
2004-03-16,,,,927.3700
2004-03-17,,,,932.5100
2004-03-18,,,,917.8400
2004-03-19,,,,920.8800
2004-03-22,,,,898.0700
2004-03-23,,,,898.9400
2004-03-24,,,,899.3900
2004-03-25,,,,906.7500
2004-03-26,,,,927.4700
2004-03-29,,,,936.9100
2004-03-30,,,,934.7700
2004-03-31,,,,945.3200
2004-04-01,,,,966.6800
2004-04-02,,,,933.0900
2004-04-03,,,,958.4900
2004-04-05,,,,987.8600
2004-04-06,,,,810.6000
2004-04-07,,,,983.0400
2004-04-08,,,,992.6500
2004-04-10,,,,973.3500
2004-04-11,,,,988.9400
2004-04-12,,,,989.0800
2004-04-13,,,,1009.4400
2004-04-15,,,,1007.0900
2004-04-16,,,,1011.7900
2004-04-17,,,,1013.6900
2004-04-19,,,,998.0800
2004-04-20,,,,997.2500
2004-04-21,,,,1014.0600
2004-04-22,,,,1025.6900
2004-04-23,,,,1027.7400
2004-04-27,,,,984.2200
2004-04-28,,,,982.0300
2004-04-29,,,,981.1900
2004-04-30,,,,973.6100
2004-05-01,,,,1035.5200
2004-05-02,,,,927.4300
2004-05-03,,,,955.9200
2004-05-04,,,,987.8600
2004-05-05,,,,982.0800
2004-05-06,,,,996.5000
2004-05-07,,,,982.6200
2004-05-08,,,,885.6100
2004-05-10,,,,963.6400
2004-05-11,,,,920.5000
2004-05-12,,,,927.6400
2004-05-13,,,,926.0500
2004-05-14,,,,843.9800
2004-05-17,,,,740.9700
2004-05-18,,,,800.9600
2004-05-19,,,,842.3300
2004-05-20,,,,833.2800
2004-05-21,,,,837.6300
2004-05-24,,,,860.1500
2004-05-25,,,,858.8100
2004-05-26,,,,858.4200
2004-05-27,,,,850.0400
2004-05-28,,,,808.2100
2004-05-31,,,,788.8600
2004-06-01,,,,1017.5100
2004-06-02,,,,817.9500
2004-06-03,,,,798.6800
2004-06-04,,,,810.6000
2004-06-05,,,,996.5000
2004-06-07,,,,821.5000
2004-06-08,,,,874.2800
2004-06-09,,,,891.4500
2004-06-10,,,,826.7900
2004-06-11,,,,808.3300
2004-06-12,,,,1077.8500
2004-06-14,,,,791.0300
2004-06-15,,,,801.1100
2004-06-16,,,,798.1200
2004-06-17,,,,805.3700
2004-06-18,,,,795.6000
2004-06-21,,,,789.7500
2004-06-22,,,,784.8000
2004-06-23,,,,767.8800
2004-06-24,,,,777.8200
2004-06-25,,,,789.2800
2004-06-28,,,,804.9700
2004-06-29,,,,808.1400
2004-06-30,,,,803.0000
2004-07-01,,,,817.9900
2004-07-02,,,,818.1200
2004-07-04,,,,983.0400
2004-07-05,,,,982.6200
2004-07-06,,,,821.5000
2004-07-07,,,,829.3700
2004-07-08,,,,802.9900
2004-07-09,,,,819.5000
2004-07-10,,,,979.2000
2004-07-12,,,,1078.3300
2004-07-13,,,,815.9900
2004-07-14,,,,809.2700
2004-07-15,,,,819.0900
2004-07-16,,,,831.5000
2004-07-19,,,,838.0800
2004-07-20,,,,835.0300
2004-07-21,,,,843.1200
2004-07-22,,,,852.5900
2004-07-23,,,,854.4300
2004-07-26,,,,863.3500
2004-07-27,,,,853.6100
2004-07-28,,,,849.8700
2004-07-29,,,,863.0000
2004-07-30,,,,869.8100
2004-08-01,,,,1047.6200
2004-08-02,,,,875.4600
2004-08-03,,,,995.7800
2004-08-04,,,,992.6500
2004-08-05,,,,885.6100
2004-08-06,,,,874.2800
2004-08-07,,,,802.9900
2004-08-09,,,,898.8600
2004-08-10,,,,981.6600
2004-08-11,,,,1002.2300
2004-08-12,,,,858.7000
2004-08-13,,,,856.4400
2004-08-16,,,,855.1000
2004-08-17,,,,858.5200
2004-08-18,,,,848.5500
2004-08-19,,,,860.7800
2004-08-20,,,,852.4000
2004-08-23,,,,843.8100
2004-08-24,,,,851.2200
2004-08-25,,,,854.5400
2004-08-26,,,,864.6500
2004-08-27,,,,867.2000
2004-08-30,,,,878.8000
2004-08-31,,,,881.1000
2004-09-01,,,,1047.1100
2004-09-02,,,,970.3500
2004-09-03,,,,984.7500
2004-09-06,,,,827.6100
2004-09-07,,,,819.5000
2004-09-08,,,,898.8600
2004-09-09,,,,893.3800
2004-09-10,,,,982.4300
2004-09-11,,,,998.6900
2004-09-12,,,,1078.8100
2004-09-13,,,,906.1500
2004-09-14,,,,910.2900
2004-09-15,,,,908.8200
2004-09-16,,,,921.0200
2004-09-17,,,,933.8600
2004-09-20,,,,932.3300
2004-09-21,,,,943.2500
2004-09-22,,,,947.3100
2004-09-23,,,,934.2800
2004-09-24,,,,934.2400
2004-09-27,,,,933.1600
2004-09-28,,,,924.6200
2004-09-29,,,,937.5900
2004-09-30,,,,945.6200
2004-10-01,,,,958.6200
2004-10-02,,,,970.2600
2004-10-03,,,,975.3000
2004-10-04,,,,973.3500
2004-10-05,,,,979.3600
2004-10-06,,,,971.1600
2004-10-07,,,,979.2000
2004-10-08,,,,981.6600
2004-10-09,,,,982.4300
2004-10-11,,,,1008.4800
2004-10-12,,,,1069.1600
2004-10-14,,,,965.0800
2004-10-15,,,,965.6100
2004-10-18,,,,961.0300
2004-10-19,,,,972.1000
2004-10-20,,,,962.8200
2004-10-21,,,,958.1800
2004-10-25,,,,943.6500
2004-10-26,,,,954.4000
2004-10-27,,,,958.4700
2004-10-28,,,,966.0900
2004-10-29,,,,959.9100
2004-11-01,,,,965.2800
2004-11-02,,,,977.7800
2004-11-03,,,,956.9500
2004-11-04,,,,988.9400
2004-11-05,,,,998.5200
2004-11-06,,,,808.3300
2004-11-08,,,,866.4300
2004-11-09,,,,998.6900
2004-11-10,,,,975.2400
2004-11-11,,,,1004.4800
2004-11-12,,,,1006.9900
2004-11-16,,,,1010.3200
2004-11-17,,,,1017.6800
2004-11-18,,,,1021.1700
2004-11-19,,,,1010.3800
2004-11-22,,,,1011.1200
2004-11-23,,,,1022.8800
2004-11-24,,,,1028.8100
2004-11-25,,,,1028.0500
2004-11-29,,,,1046.8400
2004-11-30,,,,1052.6100
2004-12-01,,,,1056.3200
2004-12-02,,,,977.2000
2004-12-03,,,,956.3900
2004-12-04,,,,989.0800
2004-12-05,,,,927.6400
2004-12-06,,,,1077.8500
2004-12-07,,,,823.1900
2004-12-08,,,,1072.3000
2004-12-09,,,,1078.8100
2004-12-10,,,,961.2600
2004-12-11,,,,1006.9900
2004-12-13,,,,1077.6200
2004-12-14,,,,1090.4300
2004-12-15,,,,1100.3200
2004-12-16,,,,1104.0100
2004-12-17,,,,1096.6900
2004-12-20,,,,1106.3700
2004-12-21,,,,1116.9600
2004-12-22,,,,1112.4300
2004-12-23,,,,1120.2000
2004-12-24,,,,1127.8800
2004-12-27,,,,1129.9700
2004-12-28,,,,1137.9800
2004-12-29,,,,1135.2800
2004-12-30,,,,1130.3200
2004-12-31,,,,1144.1500
2005-01-02,,,,1122.5300
2005-01-03,,,,1162.5500
2005-01-04,,,,1139.4100
2005-01-05,,,,1120.7400
2005-01-06,,,,1154.2100
2005-01-07,,,,1112.9800
2005-01-08,,,,1282.1600
2005-01-09,,,,1335.9800
2005-01-10,,,,1099.0800
2005-01-11,,,,1307.8800
2005-01-12,,,,1052.5200
2005-01-13,,,,1075.8400
2005-01-14,,,,1064.7800
2005-01-17,,,,1063.0400
2005-01-18,,,,1064.9000
2005-01-19,,,,1059.6400
2005-01-20,,,,1055.0500
2005-01-24,,,,1045.4800
2005-01-25,,,,1057.6800
2005-01-27,,,,1069.8700
2005-01-28,,,,1095.7100
2005-01-31,,,,1118.6000
2005-02-01,,,,1122.5300
2005-02-02,,,,1122.3000
2005-02-03,,,,1137.3900
2005-02-04,,,,1135.9600
2005-02-05,,,,1064.7400
2005-02-06,,,,1143.4400
2005-02-07,,,,1127.7600
2005-02-08,,,,1302.9200
2005-02-09,,,,1138.4500
2005-02-10,,,,1136.9000
2005-02-11,,,,1322.5200
2005-02-12,,,,1472.9100
2005-02-14,,,,1153.6200
2005-02-15,,,,1147.8600
2005-02-16,,,,1137.9200
2005-02-17,,,,1133.8200
2005-02-18,,,,1131.3100
2005-02-21,,,,1123.3900
2005-02-22,,,,1131.2800
2005-02-23,,,,1131.9500
2005-02-24,,,,1131.6700
2005-02-25,,,,1133.5800
2005-02-28,,,,1153.7900
2005-03-01,,,,1162.5500
2005-03-02,,,,1137.3900
2005-03-03,,,,1169.5000
2005-03-04,,,,1180.7200
2005-03-05,,,,1066.4700
2005-03-06,,,,1157.4700
2005-03-07,,,,1187.9100
2005-03-08,,,,1302.7500
2005-03-09,,,,1187.0900
2005-03-10,,,,1191.0100
2005-03-11,,,,1185.2000
2005-03-14,,,,1179.9400
2005-03-15,,,,1172.3000
2005-03-16,,,,1171.2000
2005-03-17,,,,1156.1700
2005-03-18,,,,1158.2800
2005-03-21,,,,1152.1400
2005-03-22,,,,1129.9000
2005-03-23,,,,1112.5400
2005-03-24,,,,1106.2400
2005-03-28,,,,1114.0100
2005-03-29,,,,1090.0100
2005-03-30,,,,1097.2700
2005-03-31,,,,1120.1500
2005-04-01,,,,1159.8800
2005-04-02,,,,1135.9600
2005-04-03,,,,1180.7200
2005-04-04,,,,1138.2800
2005-04-05,,,,1130.8100
2005-04-06,,,,1140.2300
2005-04-07,,,,1133.8900
2005-04-08,,,,1123.4000
2005-04-10,,,,1458.2100
2005-04-11,,,,1111.3000
2005-04-12,,,,1120.2300
2005-04-13,,,,1120.4300
2005-04-15,,,,1086.7300
2005-04-18,,,,1073.4700
2005-04-19,,,,1064.0100
2005-04-20,,,,1072.4000
2005-04-21,,,,1084.8300
2005-04-22,,,,1094.1100
2005-04-25,,,,1097.4400
2005-04-26,,,,1091.9500
2005-04-27,,,,1080.7100
2005-04-28,,,,1079.2900
2005-04-29,,,,1059.4200
2005-05-01,,,,1120.7400
2005-05-02,,,,1064.7400
2005-05-03,,,,1066.4700
2005-05-04,,,,1130.8100
2005-05-05,,,,1091.7100
2005-05-06,,,,1098.6600
2005-05-07,,,,1207.1900
2005-05-08,,,,1308.8200
2005-05-09,,,,1111.3400
2005-05-10,,,,1108.0500
2005-05-11,,,,1103.4500
2005-05-12,,,,1455.4600
2005-05-13,,,,1106.6200
2005-05-16,,,,1117.6000
2005-05-17,,,,1105.6800
2005-05-18,,,,1101.5300
2005-05-19,,,,1107.2200
2005-05-20,,,,1107.8400
2005-05-23,,,,1118.7600
2005-05-24,,,,1125.8700
2005-05-25,,,,1132.5900
2005-05-26,,,,1143.5900
2005-05-27,,,,1145.8000
2005-05-30,,,,1143.1400
2005-05-31,,,,1152.8800
2005-06-01,,,,1154.2100
2005-06-02,,,,1143.4400
2005-06-03,,,,1157.4700
2005-06-04,,,,1158.1700
2005-06-05,,,,1098.6600
2005-06-06,,,,1158.9700
2005-06-07,,,,1163.4600
2005-06-08,,,,1170.2700
2005-06-09,,,,1166.6100
2005-06-10,,,,1158.9800
2005-06-12,,,,1454.2300
2005-06-13,,,,1164.2000
2005-06-14,,,,1168.4600
2005-06-15,,,,1175.7400
2005-06-16,,,,1169.5900
2005-06-17,,,,1165.5500
2005-06-20,,,,1171.8700
2005-06-21,,,,1182.7100
2005-06-22,,,,1189.9700
2005-06-23,,,,1190.7100
2005-06-24,,,,1195.9700
2005-06-27,,,,1198.0700
2005-06-28,,,,1181.5900
2005-06-29,,,,1192.1100
2005-06-30,,,,1201.6100
2005-07-01,,,,1112.9800
2005-07-02,,,,1127.7600
2005-07-03,,,,1187.9100
2005-07-04,,,,1133.8900
2005-07-05,,,,1207.1900
2005-07-06,,,,1163.4600
2005-07-07,,,,1196.9300
2005-07-08,,,,1209.7000
2005-07-10,,,,1417.0400
2005-07-11,,,,1344.5700
2005-07-12,,,,1467.7800
2005-07-13,,,,1219.4300
2005-07-14,,,,1213.0400
2005-07-15,,,,1226.1900
2005-07-18,,,,1239.2500
2005-07-19,,,,1242.6000
2005-07-20,,,,1247.3800
2005-07-21,,,,1241.0900
2005-07-22,,,,1258.9700
2005-07-25,,,,1272.6500
2005-07-26,,,,1273.7100
2005-07-27,,,,1280.5700
2005-07-29,,,,1274.2000
2005-08-01,,,,1282.1600
2005-08-02,,,,1129.0200
2005-08-03,,,,1302.7500
2005-08-04,,,,1123.4000
2005-08-05,,,,1308.8200
2005-08-06,,,,1170.2700
2005-08-07,,,,1209.7000
2005-08-08,,,,1288.9400
2005-08-09,,,,1358.9800
2005-08-10,,,,1307.7000
2005-08-11,,,,1317.6300
2005-08-12,,,,1309.9700
2005-08-16,,,,1315.1400
2005-08-17,,,,1331.0000
2005-08-18,,,,1324.4100
2005-08-19,,,,1321.5600
2005-08-22,,,,1313.2900
2005-08-23,,,,1290.6600
2005-08-24,,,,1284.9800
2005-08-25,,,,1299.1100
2005-08-26,,,,1307.5000
2005-08-29,,,,1298.9000
2005-08-30,,,,1315.8600
2005-08-31,,,,1325.0800
2005-09-01,,,,1335.9800
2005-09-02,,,,1138.4500
2005-09-03,,,,1187.0900
2005-09-05,,,,1111.3400
2005-09-06,,,,1166.6100
2005-09-08,,,,1286.0200
2005-09-09,,,,1359.5400
2005-09-11,,,,1360.1300
2005-09-12,,,,1375.9000
2005-09-13,,,,1385.3200
2005-09-14,,,,1379.7200
2005-09-15,,,,1394.9300
2005-09-16,,,,1408.5700
2005-09-19,,,,1419.0900
2005-09-20,,,,1421.7200
2005-09-21,,,,1412.6800
2005-09-22,,,,1357.3100
2005-09-23,,,,1361.3100
2005-09-26,,,,1404.9000
2005-09-27,,,,1413.3100
2005-09-28,,,,1426.6700
2005-09-29,,,,1429.1100
2005-09-30,,,,1424.9900
2005-10-01,,,,1099.0800
2005-10-02,,,,1136.9000
2005-10-03,,,,1440.5300
2005-10-04,,,,1458.2100
2005-10-05,,,,1448.8200
2005-10-06,,,,1421.0900
2005-10-07,,,,1417.0400
2005-10-08,,,,1307.7000
2005-10-10,,,,1410.8200
2005-10-11,,,,1366.9300
2005-10-13,,,,1394.3200
2005-10-14,,,,1366.7200
2005-10-17,,,,1362.5800
2005-10-18,,,,1352.9400
2005-10-19,,,,1321.4600
2005-10-20,,,,1309.9600
2005-10-21,,,,1331.8700
2005-10-24,,,,1312.9700
2005-10-25,,,,1324.1400
2005-10-26,,,,1317.2000
2005-10-27,,,,1287.4500
2005-10-28,,,,1269.2000
2005-10-31,,,,1298.3400
2005-11-01,,,,1078.8200
2005-11-02,,,,1322.5200
2005-11-03,,,,1185.2000
2005-11-04,,,,1111.3000
2005-11-05,,,,1103.4500
2005-11-07,,,,1344.5700
2005-11-08,,,,1364.3400
2005-11-09,,,,1360.1300
2005-11-10,,,,1418.9200
2005-11-11,,,,1394.3500
2005-11-14,,,,1398.5900
2005-11-16,,,,1410.1900
2005-11-17,,,,1419.4500
2005-11-18,,,,1425.6600
2005-11-21,,,,1417.3500
2005-11-22,,,,1403.3300
2005-11-23,,,,1417.1300
2005-11-24,,,,1429.3400
2005-11-25,,,,1446.1700
2005-11-26,,,,1459.3500
2005-11-28,,,,1475.1300
2005-11-29,,,,1468.7700
2005-11-30,,,,1448.3300
2005-12-01,,,,1471.8300
2005-12-02,,,,1472.9100
2005-12-04,,,,1120.2300
2005-12-05,,,,1108.2000
2005-12-06,,,,1454.2300
2005-12-07,,,,1224.1400
2005-12-08,,,,1309.9700
2005-12-09,,,,1375.9000
2005-12-12,,,,1507.1800
2005-12-13,,,,1524.2500
2005-12-14,,,,1523.3600
2005-12-15,,,,1507.8700
2005-12-16,,,,1523.8200
2005-12-19,,,,1541.6000
2005-12-20,,,,1538.3400
2005-12-21,,,,1536.9100
2005-12-22,,,,1542.8000
2005-12-23,,,,1524.6900
2005-12-26,,,,1494.0600
2005-12-27,,,,1524.3700
2005-12-28,,,,1522.2900
2005-12-29,,,,1533.4900
2005-12-30,,,,1544.8500
2006-01-02,,,,1546.2700
2006-01-03,,,,1696.6400
2006-01-04,,,,1583.5400
2006-01-05,,,,1585.5300
2006-01-06,,,,1592.7300
2006-01-08,,,,1615.7200
2006-01-09,,,,1782.0200
2006-01-10,,,,1576.0100
2006-01-11,,,,1972.5300
2006-01-12,,,,2093.5900
2006-01-13,,,,1568.9100
2006-01-16,,,,1557.9300
2006-01-17,,,,1551.0300
2006-01-18,,,,1539.7200
2006-01-19,,,,1570.6200
2006-01-20,,,,1585.0000
2006-01-23,,,,1577.1800
2006-01-24,,,,1586.1200
2006-01-25,,,,1597.9100
2006-01-27,,,,1623.4000
2006-01-30,,,,1613.7900
2006-01-31,,,,1624.3800
2006-02-01,,,,1546.2700
2006-02-02,,,,1607.8200
2006-02-03,,,,1711.8200
2006-02-05,,,,1944.1700
2006-02-06,,,,1641.2300
2006-02-07,,,,1637.7500
2006-02-08,,,,1636.1900
2006-02-10,,,,1647.0000
2006-02-11,,,,1985.7100
2006-02-13,,,,1654.0100
2006-02-14,,,,1643.6800
2006-02-15,,,,1647.6300
2006-02-16,,,,1651.1100
2006-02-17,,,,1628.1100
2006-02-20,,,,1632.7100
2006-02-21,,,,1646.4000
2006-02-22,,,,1656.8600
2006-02-23,,,,1660.0200
2006-02-24,,,,1663.1500
2006-02-27,,,,1672.3900
2006-02-28,,,,1671.0400
2006-03-01,,,,1696.6400
2006-03-02,,,,1711.8200
2006-03-03,,,,1712.6800
2006-03-04,,,,1869.4800
2006-03-05,,,,1958.3000
2006-03-06,,,,1736.0800
2006-03-07,,,,1738.9300
2006-03-08,,,,1704.9600
2006-03-09,,,,1712.6800
2006-03-10,,,,1879.5000
2006-03-11,,,,1992.6400
2006-03-13,,,,1746.0600
2006-03-14,,,,1740.6800
2006-03-16,,,,1752.6500
2006-03-17,,,,1753.9700
2006-03-20,,,,1768.4000
2006-03-21,,,,1766.3600
2006-03-22,,,,1754.0300
2006-03-23,,,,1757.7600
2006-03-24,,,,1774.2900
2006-03-27,,,,1792.8500
2006-03-28,,,,1789.4500
2006-03-29,,,,1801.9300
2006-03-30,,,,1826.5500
2006-03-31,,,,1830.5700
2006-04-01,,,,1583.5400
2006-04-03,,,,1869.4800
2006-04-04,,,,1879.6900
2006-04-05,,,,1897.1800
2006-04-07,,,,1620.9400
2006-04-08,,,,1632.8400
2006-04-09,,,,1805.7800
2006-04-10,,,,1855.9400
2006-04-12,,,,2101.0600
2006-04-13,,,,1810.0800
2006-04-17,,,,1848.9300
2006-04-18,,,,1889.3200
2006-04-19,,,,1897.2400
2006-04-20,,,,1909.9500
2006-04-21,,,,1907.4000
2006-04-24,,,,1899.2900
2006-04-25,,,,1858.0000
2006-04-26,,,,1902.8600
2006-04-27,,,,1884.0600
2006-04-28,,,,1890.7100
2006-04-29,,,,1921.0600
2006-05-01,,,,1585.5300
2006-05-02,,,,1944.1700
2006-05-03,,,,1958.3000
2006-05-04,,,,1897.1800
2006-05-05,,,,1971.9300
2006-05-06,,,,1605.0200
2006-05-07,,,,1649.6800
2006-05-08,,,,1984.6800
2006-05-09,,,,1994.0300
2006-05-10,,,,1883.6000
2006-05-11,,,,1984.9200
2006-05-12,,,,1960.1500
2006-05-15,,,,1880.8000
2006-05-16,,,,1886.2200
2006-05-17,,,,1940.9600
2006-05-18,,,,1810.0200
2006-05-19,,,,1733.6400
2006-05-22,,,,1637.2900
2006-05-23,,,,1700.9700
2006-05-24,,,,1666.6900
2006-05-25,,,,1683.0200
2006-05-26,,,,1707.6800
2006-05-29,,,,1713.0700
2006-05-30,,,,1701.5500
2006-05-31,,,,1647.0900
2006-06-01,,,,1592.7300
2006-06-02,,,,1626.2100
2006-06-03,,,,1736.0800
2006-06-05,,,,1605.0200
2006-06-06,,,,1560.2100
2006-06-07,,,,1499.4800
2006-06-08,,,,1417.7100
2006-06-09,,,,1498.6300
2006-06-10,,,,1888.8100
2006-06-11,,,,1999.6200
2006-06-12,,,,2099.0400
2006-06-13,,,,1389.5700
2006-06-14,,,,1367.7200
2006-06-15,,,,1455.2900
2006-06-16,,,,1509.6700
2006-06-19,,,,1528.4000
2006-06-20,,,,1507.5400
2006-06-21,,,,1539.7700
2006-06-22,,,,1577.2100
2006-06-23,,,,1594.0900
2006-06-25,,,,1599.2900
2006-06-26,,,,1538.7400
2006-06-27,,,,1548.8000
2006-06-28,,,,1546.7400
2006-06-29,,,,1550.6300
2006-06-30,,,,1613.4800
2006-07-02,,,,1637.7500
2006-07-03,,,,1738.9300
2006-07-04,,,,1620.9400
2006-07-05,,,,1649.6800
2006-07-06,,,,1499.4800
2006-07-07,,,,1596.5000
2006-07-08,,,,1624.7200
2006-07-09,,,,1804.3200
2006-07-10,,,,1623.1700
2006-07-11,,,,1995.3000
2006-07-12,,,,2102.2700
2006-07-13,,,,1633.6100
2006-07-14,,,,1613.5500
2006-07-17,,,,1555.9400
2006-07-18,,,,1543.2800
2006-07-19,,,,1507.5600
2006-07-20,,,,1548.6100
2006-07-21,,,,1508.0200
2006-07-24,,,,1521.6200
2006-07-25,,,,1554.5700
2006-07-26,,,,1588.9500
2006-07-27,,,,1610.5100
2006-07-28,,,,1606.8800
2006-07-31,,,,1617.2800
2006-08-01,,,,1615.7200
2006-08-02,,,,1636.1900
2006-08-03,,,,1704.9600
2006-08-04,,,,1632.8400
2006-08-05,,,,1984.6800
2006-08-06,,,,1417.7100
2006-08-07,,,,1624.7200
2006-08-08,,,,1653.0800
2006-08-09,,,,1675.6000
2006-08-10,,,,1686.2500
2006-08-11,,,,1696.3700
2006-08-12,,,,2079.7200
2006-08-14,,,,1718.7200
2006-08-16,,,,1742.5900
2006-08-17,,,,1738.5100
2006-08-18,,,,1742.0400
2006-08-21,,,,1749.0800
2006-08-22,,,,1746.1700
2006-08-23,,,,1730.2500
2006-08-24,,,,1747.2900
2006-08-25,,,,1758.2600
2006-08-28,,,,1766.6500
2006-08-29,,,,1779.8400
2006-08-30,,,,1779.9200
2006-08-31,,,,1769.1500
2006-09-01,,,,1594.5400
2006-09-03,,,,1712.6800
2006-09-04,,,,1805.7800
2006-09-05,,,,1809.4600
2006-09-06,,,,1815.6400
2006-09-07,,,,1804.3200
2006-09-08,,,,1815.3000
2006-09-10,,,,1888.2600
2006-09-11,,,,1988.6400
2006-09-12,,,,1775.4200
2006-09-13,,,,1812.2600
2006-09-14,,,,1822.7700
2006-09-15,,,,1825.0900
2006-09-18,,,,1831.9800
2006-09-19,,,,1811.2400
2006-09-20,,,,1832.4400
2006-09-21,,,,1854.9500
2006-09-22,,,,1848.8300
2006-09-25,,,,1839.1700
2006-09-26,,,,1859.9400
2006-09-27,,,,1867.9200
2006-09-28,,,,1868.5500
2006-09-29,,,,1882.1500
2006-10-01,,,,1576.0100
2006-10-02,,,,1647.0000
2006-10-03,,,,1737.0200
2006-10-04,,,,1880.1000
2006-10-05,,,,1883.6000
2006-10-06,,,,1888.8100
2006-10-07,,,,1623.1700
2006-10-08,,,,1686.2500
2006-10-09,,,,1888.2600
2006-10-10,,,,1890.8700
2006-10-11,,,,1878.8600
2006-10-12,,,,1908.6000
2006-10-13,,,,1929.9100
2006-10-16,,,,1946.6500
2006-10-17,,,,1939.1800
2006-10-18,,,,1937.5000
2006-10-19,,,,1921.1900
2006-10-20,,,,1924.5100
2006-10-21,,,,1931.6100
2006-10-23,,,,1917.8700
2006-10-26,,,,1928.3000
2006-10-27,,,,1959.3300
2006-10-30,,,,1972.5800
2006-10-31,,,,1962.5300
2006-11-01,,,,1972.5300
2006-11-02,,,,1985.7100
2006-11-03,,,,1992.6400
2006-11-05,,,,1984.9200
2006-11-06,,,,1999.6200
2006-11-07,,,,1613.4400
2006-11-08,,,,1696.3700
2006-11-09,,,,1988.6400
2006-11-10,,,,2007.9800
2006-11-12,,,,2015.4700
2006-11-13,,,,2026.2700
2006-11-14,,,,2028.6600
2006-11-15,,,,2034.6000
2006-11-16,,,,2035.9700
2006-11-17,,,,2021.1600
2006-11-20,,,,2016.1900
2006-11-21,,,,2050.0100
2006-11-22,,,,2068.3100
2006-11-23,,,,2070.7800
2006-11-24,,,,2079.1200
2006-11-27,,,,2088.3300
2006-11-28,,,,2061.9400
2006-11-29,,,,2064.9700
2006-11-30,,,,2069.0100
2006-12-01,,,,1568.8200
2006-12-04,,,,2101.0600
2006-12-05,,,,1960.1500
2006-12-06,,,,2099.0400
2006-12-07,,,,1644.5000
2006-12-08,,,,2079.7200
2006-12-09,,,,1775.4200
2006-12-10,,,,1908.6000
2006-12-11,,,,2015.4700
2006-12-12,,,,1937.3100
2006-12-13,,,,1973.4600
2006-12-14,,,,2019.9500
2006-12-15,,,,2041.0300
2006-12-18,,,,2055.2400
2006-12-19,,,,2007.4500
2006-12-20,,,,1997.9400
2006-12-21,,,,2005.4900
2006-12-22,,,,2025.3700
2006-12-26,,,,2059.6500
2006-12-27,,,,2077.2100
2006-12-28,,,,2076.2100
2006-12-29,,,,2080.0500
2007-01-02,,,,2168.7200
2007-01-03,,,,1993.8900
2007-01-04,,,,2101.2100
2007-01-05,,,,2098.7500
2007-01-06,,,,2276.7300
2007-01-08,,,,2072.4100
2007-01-09,,,,2057.9800
2007-01-10,,,,2026.8400
2007-01-11,,,,2071.9800
2007-01-12,,,,2122.9000
2007-01-15,,,,2137.5600
2007-01-16,,,,2138.3200
2007-01-17,,,,2145.9800
2007-01-18,,,,2158.2300
2007-01-19,,,,2146.8300
2007-01-22,,,,2150.5900
2007-01-23,,,,2126.4000
2007-01-24,,,,2139.9100
2007-01-25,,,,2168.1000
2007-01-29,,,,2163.1900
2007-01-31,,,,2142.9000
2007-02-01,,,,2168.7200
2007-02-02,,,,2187.8900
2007-02-03,,,,1956.7500
2007-02-04,,,,1908.6900
2007-02-05,,,,2199.3100
2007-02-06,,,,2195.1300
2007-02-07,,,,2208.4800
2007-02-08,,,,2208.3500
2007-02-09,,,,2184.0100
2007-02-11,,,,3121.4600
2007-02-12,,,,2114.9300
2007-02-13,,,,2106.4700
2007-02-14,,,,2105.7300
2007-02-15,,,,2156.3500
2007-02-19,,,,2163.0400
2007-02-20,,,,2137.9500
2007-02-21,,,,2132.1600
2007-02-22,,,,2104.8700
2007-02-23,,,,2054.0800
2007-02-26,,,,2056.2900
2007-02-27,,,,2042.4200
2007-02-28,,,,1967.4400
2007-03-01,,,,1993.8900
2007-03-02,,,,1956.7500
2007-03-04,,,,1933.6100
2007-03-05,,,,1874.0500
2007-03-06,,,,1904.5300
2007-03-07,,,,1883.6800
2007-03-08,,,,2351.5500
2007-03-09,,,,2390.9200
2007-03-10,,,,2775.5300
2007-03-12,,,,3194.2700
2007-03-13,,,,1967.9100
2007-03-14,,,,1907.9100
2007-03-15,,,,1913.2400
2007-03-16,,,,1896.7800
2007-03-19,,,,1929.3500
2007-03-20,,,,1942.4700
2007-03-21,,,,1970.1400
2007-03-22,,,,2018.9700
2007-03-23,,,,2016.2400
2007-03-26,,,,1998.2800
2007-03-28,,,,1968.6900
2007-03-29,,,,1982.4800
2007-03-30,,,,1998.6000
2007-04-01,,,,2101.2100
2007-04-02,,,,1908.6900
2007-04-03,,,,1933.6100
2007-04-04,,,,1956.4800
2007-04-05,,,,2166.3900
2007-04-06,,,,2263.4800
2007-04-07,,,,2335.6600
2007-04-09,,,,2013.2200
2007-04-10,,,,2018.4100
2007-04-11,,,,2024.9200
2007-04-12,,,,2010.5200
2007-04-13,,,,2050.8700
2007-04-16,,,,2096.1300
2007-04-17,,,,2083.2800
2007-04-18,,,,2097.2800
2007-04-19,,,,2090.9600
2007-04-20,,,,2128.7600
2007-04-23,,,,2129.9600
2007-04-24,,,,2158.2800
2007-04-25,,,,2172.5000
2007-04-26,,,,2176.9900
2007-04-27,,,,2139.2600
2007-04-30,,,,2147.9600
2007-05-01,,,,2098.7500
2007-05-02,,,,2199.3100
2007-05-03,,,,2178.6900
2007-05-04,,,,2166.3900
2007-05-06,,,,2273.7600
2007-05-07,,,,2325.9600
2007-05-08,,,,2141.3900
2007-05-09,,,,2395.6200
2007-05-10,,,,2758.6700
2007-05-11,,,,2148.0700
2007-05-12,,,,3258.7900
2007-05-14,,,,2178.8600
2007-05-15,,,,2176.8000
2007-05-16,,,,2205.2300
2007-05-17,,,,2233.9300
2007-05-18,,,,2230.9200
2007-05-21,,,,2252.3600
2007-05-22,,,,2260.8700
2007-05-23,,,,2244.1900
2007-05-24,,,,2230.6400
2007-05-25,,,,2248.7800
2007-05-28,,,,2260.1600
2007-05-29,,,,2276.2600
2007-05-30,,,,2250.8100
2007-05-31,,,,2269.8800
2007-06-01,,,,2276.7300
2007-06-02,,,,2195.1300
2007-06-03,,,,1904.5300
2007-06-04,,,,2263.4800
2007-06-05,,,,2273.7600
2007-06-06,,,,2228.1000
2007-06-07,,,,2218.4000
2007-06-08,,,,2198.5400
2007-06-09,,,,2417.7600
2007-06-11,,,,2198.7700
2007-06-12,,,,3259.3500
2007-06-13,,,,2179.9800
2007-06-14,,,,2214.4600
2007-06-15,,,,2215.3800
2007-06-18,,,,2202.8600
2007-06-19,,,,2237.8500
2007-06-20,,,,2259.1200
2007-06-21,,,,2271.4700
2007-06-22,,,,2268.0100
2007-06-25,,,,2271.4700
2007-06-26,,,,2286.3300
2007-06-27,,,,2275.1700
2007-06-28,,,,2282.5300
2007-06-29,,,,2307.4600
2007-07-02,,,,2311.8900
2007-07-03,,,,1883.6800
2007-07-04,,,,2335.6600
2007-07-05,,,,2160.5700
2007-07-06,,,,2218.4000
2007-07-08,,,,2333.6800
2007-07-09,,,,2357.4900
2007-07-10,,,,2349.8700
2007-07-11,,,,2348.3000
2007-07-12,,,,2383.6000
2007-07-13,,,,2407.8500
2007-07-16,,,,2415.1700
2007-07-17,,,,2405.3900
2007-07-18,,,,2405.2400
2007-07-19,,,,2433.2300
2007-07-20,,,,2434.5000
2007-07-23,,,,2462.2800
2007-07-24,,,,2461.2000
2007-07-25,,,,2443.1800
2007-07-26,,,,2455.1300
2007-07-27,,,,2364.7200
2007-07-30,,,,2363.6900
2007-07-31,,,,2412.6500
2007-08-01,,,,2312.1000
2007-08-02,,,,2208.3500
2007-08-03,,,,1951.4900
2007-08-05,,,,2141.3900
2007-08-06,,,,2320.2300
2007-08-07,,,,2333.6800
2007-08-08,,,,2385.7400
2007-08-09,,,,2349.4700
2007-08-10,,,,2313.5600
2007-08-11,,,,3026.9800
2007-08-13,,,,2333.5300
2007-08-14,,,,2334.7100
2007-08-16,,,,2234.2100
2007-08-17,,,,2195.8800
2007-08-20,,,,2243.4500
2007-08-21,,,,2169.9000
2007-08-22,,,,2199.9100
2007-08-23,,,,2181.4600
2007-08-24,,,,2218.6300
2007-08-27,,,,2282.1000
2007-08-28,,,,2296.5000
2007-08-29,,,,2313.0400
2007-08-30,,,,2331.8500
2007-08-31,,,,2367.3400
2007-09-01,,,,2057.9800
2007-09-02,,,,2184.0100
2007-09-03,,,,2390.9200
2007-09-04,,,,2395.4200
2007-09-05,,,,2395.6200
2007-09-06,,,,2417.7600
2007-09-07,,,,2412.0700
2007-09-08,,,,2349.4700
2007-09-10,,,,2416.1600
2007-09-11,,,,3014.0300
2007-09-12,,,,2416.5200
2007-09-13,,,,2438.0500
2007-09-14,,,,2424.2400
2007-09-17,,,,2417.1700
2007-09-18,,,,2443.7300
2007-09-19,,,,2527.3900
2007-09-20,,,,2544.4900
2007-09-21,,,,2581.5500
2007-09-24,,,,2630.6800
2007-09-25,,,,2633.0700
2007-09-26,,,,2637.2800
2007-09-27,,,,2654.3900
2007-09-28,,,,2679.4800
2007-10-01,,,,2713.5900
2007-10-03,,,,2775.5300
2007-10-04,,,,2780.1700
2007-10-05,,,,2140.5000
2007-10-07,,,,2349.8700
2007-10-08,,,,2690.9100
2007-10-09,,,,2416.1600
2007-10-10,,,,2865.5300
2007-10-11,,,,2911.0200
2007-10-12,,,,3269.0700
2007-10-15,,,,2974.9100
2007-10-16,,,,2983.8700
2007-10-17,,,,2918.1400
2007-10-18,,,,2813.3600
2007-10-19,,,,2731.5600
2007-10-22,,,,2722.3400
2007-10-23,,,,2874.4200
2007-10-24,,,,2893.3900
2007-10-25,,,,2926.1800
2007-10-26,,,,2996.2900
2007-10-29,,,,3087.6400
2007-10-30,,,,3084.5400
2007-10-31,,,,3109.7800
2007-11-01,,,,2071.9800
2007-11-02,,,,3121.4600
2007-11-04,,,,2024.9200
2007-11-05,,,,2148.0700
2007-11-06,,,,2198.7700
2007-11-07,,,,2348.3000
2007-11-08,,,,3026.9800
2007-11-09,,,,2416.6600
2007-11-10,,,,2911.0200
2007-11-12,,,,3328.9900
2007-11-13,,,,3039.3700
2007-11-14,,,,3159.5200
2007-11-15,,,,3168.0500
2007-11-16,,,,3174.7100
2007-11-19,,,,3198.0000
2007-11-20,,,,3130.4500
2007-11-21,,,,2993.7000
2007-11-22,,,,2968.0200
2007-11-23,,,,3022.3400
2007-11-26,,,,3090.2200
2007-11-27,,,,3083.0100
2007-11-28,,,,3046.9100
2007-11-29,,,,3046.2200
2007-11-30,,,,3129.9300
2007-12-01,,,,2122.9000
2007-12-02,,,,2114.9300
2007-12-03,,,,1946.0400
2007-12-04,,,,2010.5200
2007-12-05,,,,3258.7900
2007-12-06,,,,2197.0200
2007-12-07,,,,2383.6000
2007-12-09,,,,2416.5200
2007-12-10,,,,2862.0400
2007-12-11,,,,3328.9900
2007-12-12,,,,3373.3500
2007-12-13,,,,3337.2500
2007-12-14,,,,3337.5300
2007-12-17,,,,3181.0400
2007-12-18,,,,3170.4100
2007-12-19,,,,3171.0600
2007-12-20,,,,3171.8500
2007-12-24,,,,3276.8100
2007-12-26,,,,3339.3800
2007-12-27,,,,3339.9600
2007-12-28,,,,3363.8300
2007-12-31,,,,3404.1600
2008-01-01,,,,3414.3900
2008-01-02,,,,2835.1100
2008-01-03,,,,3454.6500
2008-01-04,,,,3498.3500
2008-01-07,,,,1965.9500
2008-01-08,,,,2265.7200
2008-01-09,,,,2229.7200
2008-01-10,,,,1974.1500
2008-01-11,,,,3411.3800
2008-01-12,,,,1317.5300
2008-01-14,,,,3436.1300
2008-01-15,,,,3368.6500
2008-01-16,,,,3294.4200
2008-01-17,,,,3282.3000
2008-01-18,,,,3137.8200
2008-01-21,,,,2813.8700
2008-01-22,,,,2627.5400
2008-01-23,,,,2812.3300
2008-01-24,,,,2715.5400
2008-01-25,,,,2909.8300
2008-01-28,,,,2863.5700
2008-01-29,,,,2860.6100
2008-01-30,,,,2790.8900
2008-01-31,,,,2765.2800
2008-02-01,,,,3447.2500
2008-02-04,,,,2453.9500
2008-02-05,,,,2742.4100
2008-02-06,,,,2454.4200
2008-02-07,,,,2058.8500
2008-02-08,,,,2745.1800
2008-02-09,,,,2302.8900
2008-02-11,,,,2597.0300
2008-02-12,,,,1305.4500
2008-02-13,,,,2621.1700
2008-02-14,,,,2773.2000
2008-02-15,,,,2829.7200
2008-02-18,,,,2820.0900
2008-02-19,,,,2822.8100
2008-02-20,,,,2754.1800
2008-02-21,,,,2773.0600
2008-02-22,,,,2732.4700
2008-02-25,,,,2767.6300
2008-02-26,,,,2804.5100
2008-02-27,,,,2806.8300
2008-02-28,,,,2803.1300
2008-02-29,,,,2777.7700
2008-03-01,,,,3454.6500
2008-03-03,,,,2633.0000
2008-03-04,,,,2460.7200
2008-03-05,,,,2585.8400
2008-03-06,,,,2444.0700
2008-03-07,,,,1975.4100
2008-03-10,,,,1908.9800
2008-03-11,,,,2566.4400
2008-03-12,,,,2559.7300
2008-03-13,,,,2412.3400
2008-03-14,,,,2474.0800
2008-03-17,,,,2329.4100
2008-03-18,,,,2331.0600
2008-03-19,,,,2342.5400
2008-03-24,,,,2342.5400
2008-03-25,,,,2488.0300
2008-03-26,,,,2476.6300
2008-03-27,,,,2472.4000
2008-03-28,,,,2543.0500
2008-03-31,,,,2444.7100
2008-04-01,,,,3498.3500
2008-04-02,,,,2923.7700
2008-04-03,,,,2460.7200
2008-04-04,,,,2400.1300
2008-04-06,,,,2371.2100
2008-04-07,,,,2455.5000
2008-04-08,,,,2438.2900
2008-04-09,,,,2460.5800
2008-04-10,,,,2453.9900
2008-04-11,,,,2476.3300
2008-04-12,,,,1373.0900
2008-04-15,,,,2526.6600
2008-04-16,,,,2538.6200
2008-04-17,,,,2580.9900
2008-04-21,,,,2626.9400
2008-04-22,,,,2639.7700
2008-04-23,,,,2629.4200
2008-04-24,,,,2616.4300
2008-04-25,,,,2666.6200
2008-04-28,,,,2662.0200
2008-04-29,,,,2713.3500
2008-04-30,,,,2704.0800
2008-05-02,,,,2944.7900
2008-05-03,,,,2585.8400
2008-05-05,,,,2734.1700
2008-05-06,,,,2410.2700
2008-05-07,,,,2694.0500
2008-05-08,,,,2664.1900
2008-05-09,,,,2230.6100
2008-05-11,,,,1491.5400
2008-05-12,,,,2609.7100
2008-05-13,,,,2588.7700
2008-05-14,,,,2616.5300
2008-05-15,,,,2667.2000
2008-05-16,,,,2692.8200
2008-05-20,,,,2665.9600
2008-05-21,,,,2676.2300
2008-05-22,,,,2626.7400
2008-05-23,,,,2586.0200
2008-05-26,,,,2525.3100
2008-05-27,,,,2513.5500
2008-05-28,,,,2544.3400
2008-05-29,,,,2508.3300
2008-05-30,,,,2522.3400
2008-06-02,,,,2868.2700
2008-06-03,,,,2444.0700
2008-06-04,,,,2371.2100
2008-06-05,,,,2702.9400
2008-06-06,,,,2384.0600
2008-06-08,,,,2322.9900
2008-06-09,,,,2313.0200
2008-06-10,,,,1796.8600
2008-06-11,,,,2323.3800
2008-06-12,,,,2332.2600
2008-06-13,,,,2323.2200
2008-06-16,,,,2350.2500
2008-06-17,,,,2397.2300
2008-06-18,,,,2361.6900
2008-06-19,,,,2318.2300
2008-06-20,,,,2237.1100
2008-06-23,,,,2179.4900
2008-06-24,,,,2140.5600
2008-06-25,,,,2171.6500
2008-06-26,,,,2190.6700
2008-06-27,,,,2104.4400
2008-06-30,,,,2048.2100
2008-07-01,,,,1965.9500
2008-07-02,,,,2058.8500
2008-07-03,,,,1975.4100
2008-07-04,,,,2455.5000
2008-07-05,,,,2694.0500
2008-07-07,,,,2033.3400
2008-07-08,,,,2322.8200
2008-07-09,,,,2110.3600
2008-07-10,,,,1786.5000
2008-07-11,,,,1482.3900
2008-07-14,,,,2051.6700
2008-07-15,,,,1962.4800
2008-07-16,,,,1934.7300
2008-07-17,,,,1992.5300
2008-07-18,,,,2059.8100
2008-07-21,,,,2084.9000
2008-07-22,,,,2131.8200
2008-07-23,,,,2259.7200
2008-07-24,,,,2245.8300
2008-07-25,,,,2200.5000
2008-07-28,,,,2214.5500
2008-07-29,,,,2140.9900
2008-07-30,,,,2209.2600
2008-07-31,,,,2219.0200
2008-08-01,,,,3479.3300
2008-08-02,,,,2745.1800
2008-08-04,,,,2274.8800
2008-08-05,,,,2664.1900
2008-08-06,,,,2322.9900
2008-08-07,,,,2322.8200
2008-08-08,,,,2330.1300
2008-08-09,,,,2284.7700
2008-08-10,,,,1726.8900
2008-08-11,,,,2379.3600
2008-08-12,,,,1365.9100
2008-08-13,,,,2335.8400
2008-08-14,,,,2280.7300
2008-08-18,,,,2258.3800
2008-08-19,,,,2243.3000
2008-08-20,,,,2269.9100
2008-08-21,,,,2202.3400
2008-08-22,,,,2218.5700
2008-08-25,,,,2220.0400
2008-08-26,,,,2220.3400
2008-08-27,,,,2197.5300
2008-08-28,,,,2158.8200
2008-08-29,,,,2232.3300
2008-09-01,,,,2229.7200
2008-09-02,,,,2302.8900
2008-09-04,,,,2460.5800
2008-09-05,,,,2603.4100
2008-09-06,,,,2313.0200
2008-09-07,,,,2110.3600
2008-09-08,,,,2284.7700
2008-09-09,,,,2275.3900
2008-09-10,,,,2240.3600
2008-09-11,,,,2191.0700
2008-09-12,,,,2156.2700
2008-09-15,,,,2069.2800
2008-09-16,,,,2060.7600
2008-09-17,,,,2022.1800
2008-09-18,,,,2025.0800
2008-09-19,,,,2120.8800
2008-09-22,,,,2113.0000
2008-09-23,,,,2070.1500
2008-09-24,,,,2084.8000
2008-09-25,,,,2062.3000
2008-09-26,,,,1999.4700
2008-09-29,,,,1925.4300
2008-09-30,,,,1958.2500
2008-10-01,,,,3390.5300
2008-10-03,,,,1908.9800
2008-10-04,,,,2453.9900
2008-10-06,,,,2285.8900
2008-10-07,,,,2115.3700
2008-10-08,,,,1726.8900
2008-10-09,,,,2240.3600
2008-10-10,,,,1607.3500
2008-10-11,,,,1566.8200
2008-10-12,,,,1428.0300
2008-10-13,,,,1704.7300
2008-10-14,,,,1723.7300
2008-10-15,,,,1637.7100
2008-10-16,,,,1611.3600
2008-10-17,,,,1527.6100
2008-10-20,,,,1545.2700
2008-10-21,,,,1598.4200
2008-10-22,,,,1522.3700
2008-10-23,,,,1461.9100
2008-10-24,,,,1297.1400
2008-10-27,,,,1258.0700
2008-10-28,,,,1335.6300
2008-10-29,,,,1338.3100
2008-10-31,,,,1422.7000
2008-11-01,,,,3411.3800
2008-11-02,,,,2597.0300
2008-11-03,,,,1498.7200
2008-11-04,,,,1551.5300
2008-11-05,,,,1491.5400
2008-11-06,,,,2323.3800
2008-11-07,,,,1482.3900
2008-11-08,,,,2379.3600
2008-11-09,,,,2191.0700
2008-11-10,,,,1566.8200
2008-11-11,,,,1476.2700
2008-11-12,,,,1431.0500
2008-11-14,,,,1412.1300
2008-11-17,,,,1395.5200
2008-11-18,,,,1342.1300
2008-11-19,,,,1317.6500
2008-11-20,,,,1274.2200
2008-11-21,,,,1328.1300
2008-11-24,,,,1333.2200
2008-11-25,,,,1310.3700
2008-11-26,,,,1345.1500
2008-11-28,,,,1347.0000
2008-12-01,,,,1317.5300
2008-12-02,,,,1305.4500
2008-12-03,,,,2559.7300
2008-12-04,,,,1373.0900
2008-12-05,,,,1339.3600
2008-12-06,,,,2332.2600
2008-12-08,,,,2347.2000
2008-12-09,,,,2156.2700
2008-12-10,,,,1428.0300
2008-12-11,,,,1434.9700
2008-12-12,,,,1435.1000
2008-12-15,,,,1469.2400
2008-12-16,,,,1504.7600
2008-12-17,,,,1460.2200
2008-12-18,,,,1511.8600
2008-12-19,,,,1525.9800
2008-12-22,,,,1508.7400
2008-12-23,,,,1471.4600
2008-12-24,,,,1451.5500
2008-12-26,,,,1423.0700
2008-12-29,,,,1455.3200
2008-12-30,,,,1483.8900
2008-12-31,,,,1477.1800
2009-01-01,,,,1519.2100
2009-01-02,,,,1530.7600
2009-01-04,,,,1501.7100
2009-01-05,,,,1566.3400
2009-01-06,,,,1563.6600
2009-01-07,,,,1466.2100
2009-01-09,,,,2430.4300
2009-01-10,,,,2631.3000
2009-01-12,,,,1393.6800
2009-01-13,,,,1378.3800
2009-01-14,,,,1420.5000
2009-01-15,,,,1375.7500
2009-01-16,,,,1414.1600
2009-01-19,,,,1423.4300
2009-01-20,,,,1403.1200
2009-01-21,,,,1361.3800
2009-01-22,,,,1358.6800
2009-01-23,,,,1337.4000
2009-01-27,,,,1375.0900
2009-01-28,,,,1414.2200
2009-01-29,,,,1403.3800
2009-01-30,,,,1428.4000
2009-02-01,,,,1530.7600
2009-02-02,,,,1383.5400
2009-02-03,,,,1386.4100
2009-02-04,,,,1393.3400
2009-02-05,,,,1382.4500
2009-02-06,,,,2338.9900
2009-02-07,,,,2268.8200
2009-02-09,,,,1448.5100
2009-02-10,,,,1456.1100
2009-02-11,,,,1452.3800
2009-02-12,,,,1440.9900
2009-02-13,,,,1466.0000
2009-02-16,,,,1419.3100
2009-02-17,,,,1382.4400
2009-02-18,,,,1383.4300
2009-02-19,,,,1388.9200
2009-02-20,,,,1362.6000
2009-02-24,,,,1356.4500
2009-02-25,,,,1368.0800
2009-02-26,,,,1374.7800
2009-02-27,,,,1368.3600
2009-03-02,,,,1328.4200
2009-03-03,,,,1304.2800
2009-03-04,,,,1312.0000
2009-03-05,,,,1281.6800
2009-03-06,,,,2346.8300
2009-03-07,,,,2296.0500
2009-03-08,,,,2456.7900
2009-03-09,,,,1272.2700
2009-03-11,,,,2378.8400
2009-03-12,,,,2709.7300
2009-03-13,,,,1337.0300
2009-03-16,,,,1369.5800
2009-03-17,,,,1362.0600
2009-03-18,,,,1381.8800
2009-03-19,,,,1387.8600
2009-03-20,,,,1383.6200
2009-03-23,,,,1443.8100
2009-03-24,,,,1439.4700
2009-03-25,,,,1460.3500
2009-03-26,,,,1499.1200
2009-03-27,,,,1517.5300
2009-03-30,,,,1460.5700
2009-03-31,,,,1482.7800
2009-04-01,,,,1501.7100
2009-04-02,,,,1570.6100
2009-04-03,,,,1312.0000
2009-04-05,,,,1802.2900
2009-04-06,,,,1598.2300
2009-04-08,,,,1639.0800
2009-04-09,,,,1643.7500
2009-04-11,,,,2449.0100
2009-04-12,,,,2703.8000
2009-04-13,,,,1676.4200
2009-04-15,,,,1735.3900
2009-04-16,,,,1673.1400
2009-04-17,,,,1685.5900
2009-04-20,,,,1690.4000
2009-04-21,,,,1683.7600
2009-04-22,,,,1666.6300
2009-04-23,,,,1707.6900
2009-04-24,,,,1736.4200
2009-04-27,,,,1727.0700
2009-04-28,,,,1670.7400
2009-04-29,,,,1720.1500
2009-05-01,,,,1566.3400
2009-05-02,,,,1382.4500
2009-05-03,,,,1281.6800
2009-05-04,,,,1802.2900
2009-05-05,,,,1814.2500
2009-05-06,,,,1794.1600
2009-05-07,,,,1827.3600
2009-05-08,,,,1802.9100
2009-05-10,,,,2584.7500
2009-05-11,,,,2489.7500
2009-05-12,,,,1823.1800
2009-05-13,,,,1805.7400
2009-05-14,,,,1796.5900
2009-05-15,,,,1828.2700
2009-05-18,,,,2134.4300
2009-05-19,,,,2142.4200
2009-05-20,,,,2155.3600
2009-05-21,,,,2142.7700
2009-05-22,,,,2158.2100
2009-05-25,,,,2184.4800
2009-05-26,,,,2126.8700
2009-05-27,,,,2212.8700
2009-05-28,,,,2243.7200
2009-05-29,,,,2303.2400
2009-06-01,,,,1563.6600
2009-06-02,,,,1411.1800
2009-06-03,,,,2346.8300
2009-06-04,,,,2379.3600
2009-06-05,,,,2381.3200
2009-06-07,,,,2168.7900
2009-06-08,,,,2401.5000
2009-06-09,,,,2352.4500
2009-06-10,,,,2585.9900
2009-06-11,,,,2519.6600
2009-06-12,,,,2358.4300
2009-06-15,,,,2312.8000
2009-06-16,,,,2341.7000
2009-06-17,,,,2253.6700
2009-06-18,,,,2195.2400
2009-06-19,,,,2225.1800
2009-06-22,,,,2190.7500
2009-06-23,,,,2200.1800
2009-06-24,,,,2229.3200
2009-06-25,,,,2206.0000
2009-06-26,,,,2264.9100
2009-06-29,,,,2286.2300
2009-06-30,,,,2230.5900
2009-07-01,,,,1466.2100
2009-07-02,,,,2268.8200
2009-07-03,,,,2296.0500
2009-07-05,,,,1827.3600
2009-07-06,,,,2168.7900
2009-07-07,,,,2175.5500
2009-07-08,,,,2119.9200
2009-07-09,,,,2128.0500
2009-07-10,,,,2581.7200
2009-07-12,,,,2678.3200
2009-07-13,,,,2060.3500
2009-07-14,,,,2133.1800
2009-07-15,,,,2212.2400
2009-07-16,,,,2216.4500
2009-07-17,,,,2281.3400
2009-07-20,,,,2338.5800
2009-07-21,,,,2318.8800
2009-07-22,,,,2293.7200
2009-07-23,,,,2346.6500
2009-07-24,,,,2373.2400
2009-07-27,,,,2383.7000
2009-07-28,,,,2393.6200
2009-07-29,,,,2366.6500
2009-07-30,,,,2389.9000
2009-07-31,,,,2418.1000
2009-08-03,,,,2456.7900
2009-08-04,,,,2443.9700
2009-08-05,,,,1802.9100
2009-08-06,,,,2401.5000
2009-08-07,,,,2350.3500
2009-08-09,,,,2511.2900
2009-08-10,,,,2592.4600
2009-08-11,,,,2341.2200
2009-08-12,,,,2335.7900
2009-08-13,,,,2410.5900
2009-08-14,,,,2404.6600
2009-08-17,,,,2311.5200
2009-08-18,,,,2349.8300
2009-08-19,,,,2310.6300
2009-08-20,,,,2338.7800
2009-08-21,,,,2371.4100
2009-08-24,,,,2420.5900
2009-08-25,,,,2429.4100
2009-08-26,,,,2444.1200
2009-08-27,,,,2450.6100
2009-08-28,,,,2471.6900
2009-08-31,,,,2453.9900
2009-09-01,,,,2430.4300
2009-09-02,,,,1448.5100
2009-09-03,,,,2417.2000
2009-09-04,,,,2452.3100
2009-09-06,,,,2352.4500
2009-09-07,,,,2128.0500
2009-09-08,,,,2511.2900
2009-09-09,,,,2508.8300
2009-09-10,,,,2573.2500
2009-09-11,,,,2569.2300
2009-09-12,,,,2702.9400
2009-09-14,,,,2497.4600
2009-09-15,,,,2539.0200
2009-09-16,,,,2569.4700
2009-09-17,,,,2571.1700
2009-09-18,,,,2585.1300
2009-09-22,,,,2600.2000
2009-09-23,,,,2574.6700
2009-09-24,,,,2582.0300
2009-09-25,,,,2580.5100
2009-09-29,,,,2600.7500
2009-09-30,,,,2630.6400
2009-10-01,,,,2631.3000
2009-10-02,,,,1456.1100
2009-10-05,,,,2584.7500
2009-10-06,,,,2585.9900
2009-10-07,,,,2581.7200
2009-10-08,,,,2592.4600
2009-10-09,,,,2573.2500
2009-10-11,,,,2574.8600
2009-10-12,,,,2619.2500
2009-10-14,,,,2656.6300
2009-10-15,,,,2659.8600
2009-10-16,,,,2678.0300
2009-10-17,,,,2684.3700
2009-10-20,,,,2675.1400
2009-10-21,,,,2648.4700
2009-10-22,,,,2608.5600
2009-10-23,,,,2617.0000
2009-10-26,,,,2593.6600
2009-10-27,,,,2527.6300
2009-10-28,,,,2520.1700
2009-10-29,,,,2477.0600
2009-10-30,,,,2457.7200
2009-11-02,,,,1452.3800
2009-11-03,,,,2378.8400
2009-11-04,,,,2449.0100
2009-11-05,,,,1772.0000
2009-11-06,,,,2519.6600
2009-11-08,,,,2341.2200
2009-11-09,,,,2501.0600
2009-11-10,,,,2574.8600
2009-11-11,,,,2637.8000
2009-11-12,,,,2606.4700
2009-11-13,,,,2626.7600
2009-11-16,,,,2658.2000
2009-11-17,,,,2657.6000
2009-11-18,,,,2658.8900
2009-11-19,,,,2624.2700
2009-11-20,,,,2649.3800
2009-11-23,,,,2670.8300
2009-11-24,,,,2668.4800
2009-11-25,,,,2672.1500
2009-11-26,,,,2631.0400
2009-11-27,,,,2598.6600
2009-11-30,,,,2647.5000
2009-12-01,,,,2692.3900
2009-12-02,,,,1440.9900
2009-12-03,,,,1290.5100
2009-12-04,,,,2703.8000
2009-12-05,,,,1823.1800
2009-12-06,,,,2358.4300
2009-12-07,,,,2678.3200
2009-12-08,,,,2714.0200
2009-12-09,,,,2702.9400
2009-12-10,,,,2714.1000
2009-12-11,,,,2705.0800
2009-12-14,,,,2698.0100
2009-12-15,,,,2660.8400
2009-12-16,,,,2662.8600
2009-12-17,,,,2669.0300
2009-12-18,,,,2644.3800
2009-12-21,,,,2631.1600
2009-12-22,,,,2654.5900
2009-12-23,,,,2725.0600
2009-12-24,,,,2740.8300
2009-12-29,,,,2746.1200
2009-12-30,,,,2741.7700
2009-12-31,,,,2756.1100
2010-01-02,,,,2659.2800
2010-01-04,,,,2779.3600
2010-01-05,,,,2811.2000
2010-01-06,,,,2615.6600
2010-01-07,,,,2805.3000
2010-01-08,,,,2801.0800
2010-01-09,,,,2901.5100
2010-01-10,,,,3201.5800
2010-01-11,,,,2816.0200
2010-01-12,,,,2789.6800
2010-01-13,,,,2804.2700
2010-01-14,,,,2824.9700
2010-01-15,,,,2834.5700
2010-01-18,,,,2853.4300
2010-01-19,,,,2832.8700
2010-01-20,,,,2822.3000
2010-01-21,,,,2751.9100
2010-01-22,,,,2731.6700
2010-01-25,,,,2712.2000
2010-01-27,,,,2617.6700
2010-01-28,,,,2626.0700
2010-01-29,,,,2635.4100
2010-02-01,,,,2659.2800
2010-02-02,,,,2621.9400
2010-02-03,,,,2661.1500
2010-02-04,,,,2624.6100
2010-02-05,,,,2551.9800
2010-02-06,,,,2577.7200
2010-02-07,,,,2757.9300
2010-02-08,,,,2578.5000
2010-02-09,,,,2909.7800
2010-02-10,,,,2585.7900
2010-02-11,,,,3213.1200
2010-02-12,,,,3129.7400
2010-02-15,,,,2596.6400
2010-02-16,,,,2621.9900
2010-02-17,,,,2645.3400
2010-02-18,,,,2628.6500
2010-02-19,,,,2602.3400
2010-02-22,,,,2597.9100
2010-02-23,,,,2596.7300
2010-02-24,,,,2591.6000
2010-02-25,,,,2586.5300
2010-02-26,,,,2621.7000
2010-03-02,,,,2670.5800
2010-03-03,,,,2698.0500
2010-03-04,,,,2704.5300
2010-03-05,,,,2708.1700
2010-03-06,,,,2685.5100
2010-03-08,,,,2869.1300
2010-03-09,,,,2914.2100
2010-03-10,,,,2696.6800
2010-03-11,,,,2696.8000
2010-03-12,,,,2697.5200
2010-03-15,,,,2686.4300
2010-03-16,,,,2711.3800
2010-03-17,,,,2730.3600
2010-03-18,,,,2732.0800
2010-03-19,,,,2742.8600
2010-03-22,,,,2713.8000
2010-03-23,,,,2718.8500
2010-03-25,,,,2723.2600
2010-03-26,,,,2735.8000
2010-03-29,,,,2741.3300
2010-03-30,,,,2733.9700
2010-03-31,,,,2733.5700
2010-04-01,,,,2779.3600
2010-04-02,,,,2624.6100
2010-04-03,,,,2704.5300
2010-04-05,,,,2789.2000
2010-04-06,,,,2695.1400
2010-04-07,,,,2802.3700
2010-04-08,,,,2878.7700
2010-04-09,,,,2790.4500
2010-04-10,,,,3214.6200
2010-04-11,,,,3286.2300
2010-04-12,,,,2778.7800
2010-04-13,,,,2771.8200
2010-04-15,,,,2755.5100
2010-04-16,,,,2744.5100
2010-04-19,,,,2713.0200
2010-04-20,,,,2730.0100
2010-04-21,,,,2744.3100
2010-04-22,,,,2753.0200
2010-04-23,,,,2760.3700
2010-04-26,,,,2770.0200
2010-04-27,,,,2766.4500
2010-04-28,,,,2726.8500
2010-04-29,,,,2740.1600
2010-04-30,,,,2759.0100
2010-05-01,,,,2811.2000
2010-05-02,,,,2551.9800
2010-05-03,,,,2708.1700
2010-05-04,,,,2789.2000
2010-05-05,,,,2697.9100
2010-05-06,,,,2687.4700
2010-05-07,,,,2642.2100
2010-05-08,,,,2871.4200
2010-05-10,,,,2726.1800
2010-05-11,,,,3301.6800
2010-05-12,,,,2707.2100
2010-05-13,,,,2725.0400
2010-05-14,,,,2685.4000
2010-05-17,,,,2672.5900
2010-05-18,,,,2675.2500
2010-05-19,,,,2598.3300
2010-05-20,,,,2608.9500
2010-05-21,,,,2591.5600
2010-05-24,,,,2595.2000
2010-05-25,,,,2521.7200
2010-05-26,,,,2569.6300
2010-05-27,,,,2608.1400
2010-05-28,,,,2646.5300
2010-05-31,,,,2672.1600
2010-06-01,,,,2615.6600
2010-06-02,,,,2577.7200
2010-06-03,,,,2685.5100
2010-06-04,,,,2695.1400
2010-06-05,,,,2687.4700
2010-06-07,,,,2784.9200
2010-06-08,,,,2868.5700
2010-06-09,,,,2636.8600
2010-06-10,,,,3239.9800
2010-06-11,,,,2690.4500
2010-06-12,,,,3103.0000
2010-06-14,,,,2722.9200
2010-06-15,,,,2739.5900
2010-06-16,,,,2745.0000
2010-06-17,,,,2760.2100
2010-06-18,,,,2752.1700
2010-06-21,,,,2796.7000
2010-06-22,,,,2781.0900
2010-06-23,,,,2788.3400
2010-06-24,,,,2788.3700
2010-06-25,,,,2764.8300
2010-06-28,,,,2798.9000
2010-06-29,,,,2764.5200
2010-06-30,,,,2789.8100
2010-07-01,,,,2805.3000
2010-07-02,,,,2757.9300
2010-07-04,,,,2802.3700
2010-07-05,,,,2642.2100
2010-07-06,,,,2645.2700
2010-07-07,,,,2765.2500
2010-07-08,,,,2792.7100
2010-07-09,,,,2973.1200
2010-07-10,,,,3210.7000
2010-07-12,,,,2829.7300
2010-07-13,,,,2839.9500
2010-07-14,,,,2833.2600
2010-07-15,,,,2829.1800
2010-07-16,,,,2839.3700
2010-07-19,,,,2839.2400
2010-07-20,,,,2829.0700
2010-07-21,,,,2844.4600
2010-07-22,,,,2863.0300
2010-07-23,,,,2862.4000
2010-07-26,,,,2844.4400
2010-07-27,,,,2850.9200
2010-07-28,,,,2838.9600
2010-07-29,,,,2843.5700
2010-07-30,,,,2828.5400
2010-08-01,,,,2801.0800
2010-08-02,,,,2861.6600
2010-08-03,,,,2869.1300
2010-08-04,,,,2773.1500
2010-08-05,,,,2871.4200
2010-08-06,,,,2868.5700
2010-08-07,,,,2792.7100
2010-08-09,,,,2895.4600
2010-08-10,,,,2882.1600
2010-08-11,,,,3286.4300
2010-08-12,,,,2862.8300
2010-08-13,,,,2883.4900
2010-08-16,,,,2868.8400
2010-08-17,,,,2870.1900
2010-08-18,,,,2901.4700
2010-08-19,,,,2932.4600
2010-08-20,,,,2928.6600
2010-08-23,,,,2938.4800
2010-08-24,,,,2918.4400
2010-08-25,,,,2891.2700
2010-08-26,,,,2896.8100
2010-08-27,,,,2862.2500
2010-08-30,,,,2864.6000
2010-08-31,,,,2855.5100
2010-09-01,,,,2901.5100
2010-09-02,,,,2603.0300
2010-09-03,,,,2695.6300
2010-09-04,,,,2790.4500
2010-09-06,,,,2962.2700
2010-09-07,,,,2817.5700
2010-09-08,,,,2895.4600
2010-09-09,,,,2991.5200
2010-09-11,,,,3301.0500
2010-09-12,,,,2965.5900
2010-09-13,,,,3046.6200
2010-09-14,,,,3056.5100
2010-09-15,,,,3081.7100
2010-09-16,,,,3059.8400
2010-09-17,,,,3093.1000
2010-09-20,,,,3135.2700
2010-09-21,,,,3140.1600
2010-09-22,,,,3128.7400
2010-09-23,,,,3115.1000
2010-09-24,,,,3144.5700
2010-09-27,,,,3153.8800
2010-09-28,,,,3152.8500
2010-09-29,,,,3134.8100
2010-09-30,,,,3143.4700
2010-10-01,,,,3201.5800
2010-10-02,,,,2585.7900
2010-10-03,,,,2696.6800
2010-10-04,,,,3214.6200
2010-10-05,,,,2726.1800
2010-10-06,,,,2674.1900
2010-10-07,,,,3210.7000
2010-10-08,,,,2882.1600
2010-10-11,,,,3218.4600
2010-10-12,,,,3011.5500
2010-10-13,,,,3255.1400
2010-10-14,,,,3230.6600
2010-10-15,,,,3173.2800
2010-10-18,,,,3177.8200
2010-10-19,,,,3159.5300
2010-10-20,,,,3140.0900
2010-10-21,,,,3199.2700
2010-10-22,,,,3187.0400
2010-10-25,,,,3203.7700
2010-10-26,,,,3192.4000
2010-10-27,,,,3163.0800
2010-10-28,,,,3146.6000
2010-10-29,,,,3156.3200
2010-11-01,,,,2816.0200
2010-11-02,,,,3213.1200
2010-11-03,,,,2696.8000
2010-11-04,,,,3286.2300
2010-11-05,,,,2695.3700
2010-11-06,,,,2690.4500
2010-11-08,,,,2861.5900
2010-11-09,,,,3301.0500
2010-11-10,,,,3218.4600
2010-11-11,,,,3247.4100
2010-11-12,,,,3180.6000
2010-11-15,,,,3202.1100
2010-11-16,,,,3135.3800
2010-11-18,,,,3139.6300
2010-11-19,,,,3083.4700
2010-11-22,,,,3140.0300
2010-11-23,,,,3103.0600
2010-11-24,,,,3064.7400
2010-11-25,,,,3017.4000
2010-11-26,,,,2980.6900
2010-11-29,,,,3020.2800
2010-11-30,,,,3047.3800
2010-12-01,,,,3105.0600
2010-12-02,,,,3129.7400
2010-12-03,,,,3107.8100
2010-12-04,,,,2778.7800
2010-12-05,,,,2707.2100
2010-12-06,,,,3103.0000
2010-12-07,,,,3089.7900
2010-12-08,,,,3047.9000
2010-12-09,,,,2965.5900
2010-12-10,,,,3011.5500
2010-12-11,,,,3180.6000
2010-12-13,,,,3043.1100
2010-12-14,,,,3068.3000
2010-12-15,,,,3037.1000
2010-12-16,,,,3059.2700
2010-12-20,,,,3057.0900
2010-12-21,,,,3083.5900
2010-12-22,,,,3077.6900
2010-12-23,,,,3073.1700
2010-12-24,,,,3085.4100
2010-12-27,,,,3076.3000
2010-12-28,,,,3075.1200
2010-12-29,,,,3105.2400
2010-12-30,,,,3125.8500
2010-12-31,,,,3147.4900
2011-01-02,,,,2771.1800
2011-01-03,,,,2806.5700
2011-01-04,,,,2963.1200
2011-01-05,,,,3119.5400
2011-01-06,,,,3096.6000
2011-01-07,,,,2882.0600
2011-01-08,,,,2821.2200
2011-01-10,,,,2951.2200
2011-01-11,2664.3000,2677.8000,2641.9000,2651.8000
2011-01-12,2481.5000,2511.0000,2463.3500,2473.8000
2011-01-13,,,,2953.1100
2011-01-14,,,,2904.7900
2011-01-17,,,,2897.8400
2011-01-18,,,,2927.4600
2011-01-19,,,,2917.5000
2011-01-20,,,,2926.9900
2011-01-21,,,,2922.5900
2011-01-24,,,,2946.5900
2011-01-25,,,,2921.0900
2011-01-27,,,,2872.3700
2011-01-28,,,,2818.5300
2011-01-31,,,,2818.1200
2011-02-01,,,,2771.1800
2011-02-02,,,,2777.8900
2011-02-03,,,,2821.8600
2011-02-04,,,,2762.9300
2011-02-05,,,,2911.8600
2011-02-06,,,,2854.9200
2011-02-07,,,,2759.1000
2011-02-08,,,,2712.1900
2011-02-09,,,,2584.3200
2011-02-10,,,,2659.7100
2011-02-11,2635.9000,2670.9500,2632.0000,2652.4000
2011-02-12,2475.4000,2535.3000,2466.1500,2530.2500
2011-02-14,,,,2784.7300
2011-02-15,,,,2796.6100
2011-02-16,,,,2800.2600
2011-02-17,,,,2832.6800
2011-02-18,,,,2785.9700
2011-02-21,,,,2811.8400
2011-02-22,,,,2785.9000
2011-02-23,,,,2769.7700
2011-02-24,,,,2681.8600
2011-02-25,,,,2700.0100
2011-02-28,,,,2713.3700
2011-03-01,,,,2806.5700
2011-03-02,,,,2821.8600
2011-03-03,,,,2813.2700
2011-03-04,,,,2815.6900
2011-03-05,,,,2845.8200
2011-03-06,,,,2838.6400
2011-03-07,,,,2778.7500
2011-03-08,,,,2807.1600
2011-03-09,,,,2815.0700
2011-03-10,,,,2799.8100
2011-03-11,2645.9500,2665.0500,2629.2500,2658.4000
2011-03-14,,,,2812.3800
2011-03-15,,,,2771.1400
2011-03-16,,,,2803.0700
2011-03-17,,,,2776.7900
2011-03-18,,,,2744.1800
2011-03-21,,,,2738.3000
2011-03-22,,,,2763.0200
2011-03-23,,,,2793.7600
2011-03-24,,,,2815.0900
2011-03-25,,,,2872.3600
2011-03-28,,,,2888.8300
2011-03-29,,,,2909.7800
2011-03-30,,,,2940.2000
2011-03-31,,,,2958.6500
2011-04-01,,,,3154.2300
2011-04-02,,,,2762.9300
2011-04-03,,,,2815.6900
2011-04-04,,,,3004.4600
2011-04-05,,,,3012.8400
2011-04-06,,,,3007.7000
2011-04-07,,,,3010.9200
2011-04-08,,,,2984.1700
2011-04-10,2462.9500,2484.9500,2416.6000,2433.0500
2011-04-11,,,,2957.0600
2011-04-13,,,,3015.5000
2011-04-15,,,,2980.0700
2011-04-18,,,,2934.6500
2011-04-19,,,,2939.7400
2011-04-20,,,,2989.3000
2011-04-21,,,,3001.1700
2011-04-25,,,,2998.6700
2011-04-26,,,,2996.0600
2011-04-27,,,,2984.5200
2011-04-28,,,,2959.7600
2011-04-29,,,,2938.1100
2011-05-01,,,,3119.5400
2011-05-02,,,,2911.8600
2011-05-03,,,,2845.8200
2011-05-04,,,,2831.0900
2011-05-05,,,,2793.0400
2011-05-06,,,,2839.2300
2011-05-07,,,,2889.8400
2011-05-08,,,,2677.3800
2011-05-09,,,,2578.0400
2011-05-10,2440.5000,2455.8500,2416.7500,2420.0500
2011-05-11,,,,2851.0600
2011-05-12,,,,2815.1500
2011-05-13,,,,2845.0500
2011-05-16,,,,2823.4800
2011-05-17,,,,2797.1600
2011-05-18,,,,2784.8100
2011-05-19,,,,2783.7800
2011-05-20,,,,2809.6400
2011-05-23,,,,2762.6100
2011-05-24,,,,2769.1500
2011-05-25,,,,2749.6800
2011-05-26,,,,2775.5400
2011-05-27,,,,2810.2100
2011-05-30,,,,2816.2300
2011-05-31,,,,2861.7100
2011-06-01,,,,2877.6500
2011-06-02,,,,2854.9200
2011-06-03,,,,2838.6400
2011-06-04,,,,3007.7000
2011-06-05,,,,2839.2300
2011-06-06,,,,2843.8200
2011-06-07,,,,2859.1600
2011-06-08,,,,2847.2300
2011-06-09,,,,2843.9200
2011-06-10,,,,2827.5500
2011-06-13,,,,2828.1000
2011-06-14,,,,2838.0300
2011-06-15,,,,2813.0000
2011-06-16,,,,2788.2900
2011-06-17,,,,2771.4600
2011-06-20,,,,2713.9500
2011-06-21,,,,2718.1000
2011-06-22,,,,2713.0600
2011-06-23,,,,2728.7600
2011-06-24,,,,2800.7000
2011-06-27,,,,2831.9200
2011-06-28,,,,2841.0300
2011-06-29,,,,2864.8000
2011-06-30,,,,2884.9000
2011-07-01,,,,3024.2900
2011-07-02,,,,2759.1000
2011-07-03,,,,2778.7500
2011-07-04,,,,3010.9200
2011-07-05,,,,2889.8400
2011-07-06,,,,2887.8200
2011-07-07,,,,2935.8000
2011-07-08,,,,2900.8900
2011-07-09,,,,2631.3800
2011-07-10,2471.0500,2500.0500,2469.4500,2481.3500
2011-07-11,,,,2879.5800
2011-07-12,,,,2837.3200
2011-07-13,,,,2868.4200
2011-07-14,,,,2879.9800
2011-07-15,,,,2872.5000
2011-07-18,,,,2868.4500
2011-07-19,,,,2887.0100
2011-07-20,,,,2859.7100
2011-07-21,,,,2844.7000
2011-07-22,,,,2889.4500
2011-07-25,,,,2911.6200
2011-07-26,,,,2862.8100
2011-07-27,,,,2852.2500
2011-07-28,,,,2821.7600
2011-07-29,,,,2808.8600
2011-08-01,,,,2821.2200
2011-08-02,,,,2790.7000
2011-08-03,,,,2767.7600
2011-08-04,,,,2984.1700
2011-08-05,,,,2677.3800
2011-08-06,,,,2847.2300
2011-08-07,,,,2900.8900
2011-08-08,,,,2632.9000
2011-08-09,,,,2643.2800
2011-08-10,,,,2654.4600
2011-08-11,2674.7500,2681.3500,2656.0000,2672.5500
2011-08-12,,,,2613.3700
2011-08-16,,,,2588.9400
2011-08-17,,,,2592.0400
2011-08-18,,,,2535.5300
2011-08-19,,,,2490.5300
2011-08-22,,,,2518.8600
2011-08-23,,,,2543.5900
2011-08-24,,,,2515.5800
2011-08-25,,,,2490.0400
2011-08-26,,,,2440.4700
2011-08-29,,,,2523.3800
2011-08-30,,,,2562.9500
2011-09-02,,,,2584.3200
2011-09-03,,,,2815.0700
2011-09-05,,,,2578.0400
2011-09-06,,,,2597.3600
2011-09-07,,,,2631.3800
2011-09-08,,,,2643.2800
2011-09-09,,,,2598.7600
2011-09-11,2680.4000,2684.3000,2632.5000,2636.6000
2011-09-12,2451.0000,2467.6500,2432.4500,2443.7000
2011-09-13,,,,2538.5100
2011-09-14,,,,2568.5200
2011-09-15,,,,2599.8800
2011-09-16,,,,2604.2300
2011-09-19,,,,2581.4200
2011-09-20,,,,2629.2000
2011-09-21,,,,2632.0800
2011-09-22,,,,2529.2300
2011-09-23,,,,2502.4500
2011-09-26,,,,2480.3600
2011-09-27,,,,2543.6300
2011-09-28,,,,2529.0700
2011-09-29,,,,2555.0900
2011-09-30,,,,2522.2800
2011-10-01,,,,2951.2200
2011-10-02,,,,2659.7100
2011-10-03,,,,2799.8100
2011-10-04,2462.9500,2484.9500,2416.6000,2433.0500
2011-10-05,,,,2837.0500
2011-10-06,,,,2827.5500
2011-10-07,2471.0500,2500.0500,2469.4500,2481.3500
2011-10-08,,,,2654.4600
2011-10-10,2480.9500,2528.8500,2478.2000,2524.4500
2011-10-11,2540.0000,2557.8000,2521.6500,2526.4000
2011-10-12,2540.6000,2588.4500,2537.6500,2584.5000
2011-10-13,2596.6000,2604.1000,2572.1500,2576.8500
2011-10-14,2568.9500,2602.2500,2567.1000,2598.3500
2011-10-17,2607.6000,2611.4000,2578.7000,2593.1000
2011-10-18,2566.6500,2566.6500,2541.6500,2553.0500
2011-10-19,2569.6500,2603.2000,2569.6500,2599.5000
2011-10-20,2579.2500,2579.2500,2551.5000,2575.6500
2011-10-21,2581.3500,2589.5000,2548.5500,2553.6000
2011-10-24,2578.6500,2597.2000,2564.5500,2570.2500
2011-10-25,2585.4000,2617.1000,2561.7500,2608.8000
2011-10-26,2617.8000,2625.2500,2615.6500,2618.0000
2011-10-28,2671.9500,2698.8000,2671.9500,2693.1500
2011-10-31,2692.4500,2696.5500,2674.9000,2682.8500
2011-11-01,,,,2945.4300
2011-11-02,,,,2706.2100
2011-11-03,2645.9500,2665.0500,2629.2500,2658.4000
2011-11-04,2681.4000,2690.1500,2658.6000,2671.6000
2011-11-05,,,,2851.0600
2011-11-07,,,,2879.5800
2011-11-08,,,,2643.3900
2011-11-09,2680.4000,2684.3000,2632.5000,2636.6000
2011-11-10,2540.0000,2557.8000,2521.6500,2526.4000
2011-11-11,2613.0500,2627.3500,2596.8500,2607.7000
2011-11-14,2626.2500,2635.4000,2589.2500,2592.8000
2011-11-15,2586.2000,2595.7000,2538.7000,2545.0000
2011-11-16,2541.4000,2541.4000,2505.1000,2525.3000
2011-11-17,2524.0500,2528.1500,2472.2500,2478.7500
2011-11-18,2465.0500,2467.9500,2430.6500,2463.6000
2011-11-21,2451.3000,2451.3000,2398.1000,2404.1500
2011-11-22,2410.5000,2438.9500,2404.1000,2419.6500
2011-11-23,2407.0500,2407.0500,2341.5500,2367.8000
2011-11-24,2368.3000,2400.9000,2335.7000,2396.2000
2011-11-25,2386.5500,2406.9500,2371.1500,2379.2500
2011-11-28,2402.1500,2447.9500,2402.1500,2444.6500
2011-11-29,2449.6500,2453.3000,2414.1500,2420.8000
2011-11-30,2405.8500,2436.6000,2397.1000,2428.0000
2011-12-01,,,,2999.4500
2011-12-02,2475.4000,2535.3000,2466.1500,2530.2500
2011-12-05,,,,2815.1500
2011-12-07,,,,2837.3200
2011-12-08,,,,2613.3700
2011-12-09,2451.0000,2467.6500,2432.4500,2443.7000
2011-12-10,2540.6000,2588.4500,2537.6500,2584.5000
2011-12-12,2459.1500,2462.1000,2387.4000,2391.7000
2011-12-13,2379.7500,2415.0500,2373.2500,2404.3000
2011-12-14,2399.7500,2422.0000,2378.5500,2384.8000
2011-12-15,2365.4000,2385.9000,2342.4000,2376.2000
2011-12-16,2378.6000,2408.8000,2319.1500,2329.6000
2011-12-19,2318.6500,2318.6500,2278.2000,2304.1000
2011-12-20,2312.8500,2313.8000,2260.1000,2265.6500
2011-12-21,2301.1000,2337.7500,2290.3500,2331.0500
2011-12-22,2309.5000,2355.2500,2303.6000,2352.6000
2011-12-23,2363.9000,2367.9500,2332.1500,2341.6000
2011-12-26,2343.2000,2374.2000,2343.2000,2370.5500
2011-12-27,2371.1000,2381.2500,2342.7500,2354.8000
2011-12-28,2356.9500,2356.9500,2321.9500,2331.8000
2011-12-29,2322.3000,2330.3500,2303.8500,2306.6500
2011-12-30,2311.9500,2327.5000,2288.8000,2298.7000
2012-01-02,2304.8000,2309.8500,2279.3500,2302.9000
2012-01-03,2720.1000,2720.7000,2686.3500,2706.4000
2012-01-04,2371.0000,2377.4000,2353.0000,2362.0500
2012-01-05,2361.8000,2377.5500,2353.8000,2362.9500
2012-01-06,2483.5500,2490.4000,2444.3000,2448.4500
2012-01-07,2363.0000,2366.3000,2360.2000,2362.2500
2012-01-08,2629.3500,2643.6500,2626.4500,2641.2500
2012-01-09,2362.5000,2370.4500,2339.3000,2363.6000
2012-01-10,2877.1500,2888.6000,2874.9500,2887.1000
2012-01-11,2422.9500,2435.3000,2415.8000,2428.5000
2012-01-12,2420.8500,2438.4000,2407.0500,2422.1500
2012-01-13,2433.9000,2456.0500,2425.8500,2440.0500
2012-01-16,2431.6500,2447.0500,2420.3000,2444.3000
2012-01-17,2456.1000,2492.9500,2456.1000,2487.9500
2012-01-18,2492.0000,2494.3000,2467.4500,2477.3500
2012-01-19,2492.6000,2512.1500,2492.6000,2509.9000
2012-01-20,2520.0500,2531.8500,2503.4500,2525.0500
2012-01-23,2516.1000,2535.1000,2514.6500,2525.0000
2012-01-24,2532.1500,2574.5500,2526.9500,2568.2000
2012-01-25,2577.4500,2593.7000,2572.8500,2589.2500
2012-01-27,2611.6500,2613.9000,2592.5500,2610.8000
2012-01-30,2595.0000,2595.0000,2547.3000,2552.6000
2012-01-31,2567.2000,2616.7000,2567.2000,2609.9000
2012-02-01,2304.8000,2309.8500,2279.3500,2302.9000
2012-02-02,2645.7000,2660.5500,2624.9000,2649.5000
2012-02-03,2717.8500,2733.8000,2695.6000,2714.0000
2012-02-04,2690.9000,2711.8500,2686.5500,2704.8500
2012-02-05,2660.8500,2674.6000,2647.7500,2653.7500
2012-02-06,2697.2500,2715.9000,2682.9500,2700.6500
2012-02-07,2662.7000,2676.5000,2656.5500,2665.6000
2012-02-08,2638.3000,2640.1500,2629.6500,2639.0000
2012-02-09,2693.6500,2732.2500,2693.0500,2728.1000
2012-02-10,2723.3000,2741.0000,2695.4500,2717.1500
2012-02-11,2873.9500,2885.0000,2872.8500,2878.2000
2012-02-13,2717.2500,2733.0000,2701.9500,2721.3500
2012-02-14,2717.6500,2741.5500,2715.7000,2736.6000
2012-02-15,2753.8000,2801.1500,2753.8000,2796.4500
2012-02-16,2789.4000,2802.2500,2776.1500,2797.5500
2012-02-17,2817.7000,2842.4500,2807.3500,2817.7000
2012-02-21,2816.8000,2845.6000,2816.8000,2839.5500
2012-02-22,2840.6000,2851.6500,2764.9500,2772.6500
2012-02-23,2766.7000,2787.3000,2743.7500,2761.8000
2012-02-24,2760.2000,2784.1500,2723.2000,2735.9500
2012-02-27,2743.1500,2743.1500,2652.8000,2659.2000
2012-02-28,2670.5500,2723.3000,2670.5500,2718.1500
2012-02-29,2737.2500,2761.6000,2707.1000,2727.5000
2012-03-01,2317.9000,2370.4500,2317.9000,2367.3000
2012-03-02,2651.8500,2680.8500,2643.3500,2676.6500
2012-03-03,2714.2500,2719.2000,2711.9500,2714.1500
2012-03-04,2718.4000,2736.3500,2718.4000,2727.3000
2012-03-05,2642.8500,2643.4500,2623.0000,2626.8000
2012-03-06,2668.5000,2724.6500,2638.5500,2645.3500
2012-03-07,2639.4500,2655.8000,2618.5000,2643.4500
2012-03-08,2626.5000,2634.9500,2609.5500,2632.5000
2012-03-09,2671.8000,2706.7000,2671.8000,2703.5000
2012-03-10,2890.7000,2902.8000,2887.8500,2896.6500
2012-03-12,2736.8500,2740.9500,2702.4000,2720.3000
2012-03-13,2732.5000,2758.3000,2732.5000,2753.8000
2012-03-14,2777.4000,2786.3500,2758.4000,2772.2500
2012-03-15,2771.7000,2771.7000,2717.8000,2727.5500
2012-03-16,2727.5500,2759.5500,2689.6500,2695.2000
2012-03-19,2702.7000,2704.5000,2652.7500,2662.3000
2012-03-20,2662.3500,2684.1500,2651.8000,2674.9500
2012-03-21,2672.0500,2727.2000,2666.5500,2723.6000
2012-03-22,2722.1000,2736.3000,2645.5000,2653.8000
2012-03-23,2664.2500,2693.9500,2647.4500,2678.3500
2012-03-26,2676.8500,2677.0500,2627.7500,2631.5500
2012-03-27,2654.2500,2674.0500,2632.2000,2657.7500
2012-03-28,2653.3500,2654.5000,2620.8000,2632.3000
2012-03-29,2613.4500,2634.6500,2605.3500,2628.6500
2012-03-30,2639.3500,2694.6500,2639.3500,2690.6000
2012-04-01,2371.0000,2377.4000,2353.0000,2362.0500
2012-04-02,2690.9000,2711.8500,2686.5500,2704.8500
2012-04-03,2718.4000,2736.3500,2718.4000,2727.3000
2012-04-04,2715.7500,2719.3000,2702.7500,2713.0000
2012-04-05,2618.3000,2621.1000,2569.1500,2576.7000
2012-04-06,2431.2500,2452.6500,2410.4500,2448.5000
2012-04-07,2683.9000,2689.1000,2669.7500,2684.6500
2012-04-09,2697.4500,2697.4500,2665.2000,2668.3000
2012-04-10,2675.9500,2677.5500,2654.4500,2670.8500
2012-04-11,2657.6500,2680.2000,2646.9000,2660.0000
2012-04-12,2667.7000,2691.5000,2667.7000,2684.3500
2012-04-13,2676.3000,2702.2500,2646.0000,2652.7000
2012-04-16,2646.2000,2666.4500,2643.3000,2663.2000
2012-04-17,2678.7000,2696.1000,2656.1000,2693.1000
2012-04-18,2705.0000,2720.3500,2695.8000,2698.6500
2012-04-19,2706.5500,2715.0500,2693.9500,2710.2000
2012-04-20,2703.1000,2712.4000,2668.9000,2688.3500
2012-04-23,2683.2000,2699.3500,2636.9000,2642.4000
2012-04-24,2648.2500,2655.1000,2629.6500,2649.0000
2012-04-25,2648.8000,2657.7500,2618.0000,2637.8500
2012-04-26,2642.7500,2643.4000,2626.3000,2629.2500
2012-04-27,2629.3000,2647.5000,2610.9000,2627.9000
2012-04-28,2635.3500,2642.2000,2630.2000,2638.2500
2012-04-30,2635.5000,2663.9500,2635.5000,2658.2500
2012-05-01,2361.8000,2377.5500,2353.8000,2362.9500
2012-05-02,2660.8500,2674.6000,2647.7500,2653.7500
2012-05-03,2642.8500,2643.4500,2623.0000,2626.8000
2012-05-04,2618.3000,2621.1000,2569.1500,2576.7000
2012-05-06,2456.7500,2473.8000,2448.3000,2456.2000
2012-05-07,2549.7500,2596.8500,2525.9000,2592.2000
2012-05-08,2592.5000,2598.4500,2529.0500,2537.4500
2012-05-09,2524.9000,2543.2500,2512.1500,2519.9500
2012-05-10,2523.6000,2551.9500,2508.9500,2516.5000
2012-05-11,2506.0500,2519.7000,2484.5500,2496.5000
2012-05-12,3007.9500,3016.4000,3003.2500,3007.3000
2012-05-14,2498.7000,2508.9000,2468.1000,2483.8500
2012-05-15,2468.9500,2505.2500,2466.5500,2500.8000
2012-05-16,2474.4000,2474.4000,2448.9000,2460.5000
2012-05-17,2468.4500,2494.2000,2456.0000,2465.3000
2012-05-18,2436.5000,2479.5500,2424.6500,2472.1500
2012-05-21,2471.2000,2496.6000,2471.2000,2481.5500
2012-05-22,2500.5500,2505.4000,2453.3500,2458.3000
2012-05-23,2451.4000,2452.6000,2430.1000,2445.0000
2012-05-24,2455.8000,2487.6500,2441.6000,2482.9500
2012-05-25,2477.0500,2493.4000,2470.9500,2486.1000
2012-05-28,2490.6500,2523.4500,2490.6500,2519.6500
2012-05-29,2527.3500,2534.8000,2516.2000,2520.1500
2012-05-30,2510.0500,2511.1500,2493.7000,2496.3000
2012-05-31,2475.2500,2497.3500,2466.1500,2488.7000
2012-06-01,2483.5500,2490.4000,2444.3000,2448.4500
2012-06-02,2697.2500,2715.9000,2682.9500,2700.6500
2012-06-03,2668.5000,2724.6500,2638.5500,2645.3500
2012-06-04,2431.2500,2452.6500,2410.4500,2448.5000
2012-06-05,2456.7500,2473.8000,2448.3000,2456.2000
2012-06-06,2465.3000,2526.3500,2465.3000,2520.5500
2012-06-07,2535.5000,2548.7000,2525.5500,2545.7000
2012-06-08,2543.5500,2561.7500,2520.3000,2555.3000
2012-06-09,2621.3500,2641.7500,2621.3500,2630.9500
2012-06-11,2875.1000,2892.1500,2875.1000,2889.5000
2012-06-12,3017.4500,3030.0500,2981.0000,3025.3500
2012-06-13,2576.8500,2590.8000,2568.5500,2578.5500
2012-06-14,2572.2500,2582.3000,2541.5000,2544.5500
2012-06-15,2550.3500,2585.9500,2550.3500,2582.4500
2012-06-18,2596.1000,2606.9000,2534.8000,2545.0500
2012-06-19,2539.3500,2566.5500,2535.0000,2562.2000
2012-06-20,2566.3500,2583.9000,2563.9500,2575.3000
2012-06-21,2566.2500,2601.0000,2563.9500,2599.0000
2012-06-22,2574.3000,2597.6000,2565.7000,2591.3000
2012-06-25,2596.2000,2617.0000,2573.6000,2577.7000
2012-06-26,2574.9000,2588.5000,2570.7500,2583.5000
2012-06-27,2594.7500,2602.2000,2588.1500,2594.2000
2012-06-28,2596.9500,2603.2000,2585.3000,2598.0000
2012-06-29,2614.4500,2663.5000,2614.4500,2660.6500
2012-07-01,2363.0000,2366.3000,2360.2000,2362.2500
2012-07-02,2720.3000,2720.3000,2676.2500,2682.6000
2012-07-03,2639.4500,2655.8000,2618.5000,2643.4500
2012-07-04,2683.9000,2689.1000,2669.7500,2684.6500
2012-07-05,2549.7500,2596.8500,2525.9000,2592.2000
2012-07-06,2535.5000,2548.7000,2525.5500,2545.7000
2012-07-08,2666.6500,2691.6500,2662.5000,2684.1500
2012-07-09,2677.4500,2680.9500,2656.5500,2665.4000
2012-07-10,2669.8000,2701.0000,2669.8000,2699.7500
2012-07-11,2887.3500,2917.9000,2885.6000,2909.9500
2012-07-12,3026.6500,3036.5500,3004.7000,3014.0000
2012-07-13,2655.1500,2667.9000,2642.6000,2646.3500
2012-07-16,2648.4000,2655.5500,2629.1000,2631.9500
2012-07-17,2643.9500,2650.1000,2621.4000,2625.9500
2012-07-18,2628.2000,2639.6500,2612.8500,2637.1000
2012-07-19,2650.2500,2656.4000,2644.7000,2648.5000
2012-07-20,2644.8000,2646.7500,2627.6000,2632.9000
2012-07-23,2616.5500,2616.5500,2583.9500,2589.6000
2012-07-24,2593.7500,2601.7500,2581.9000,2596.2500
2012-07-25,2592.3000,2592.8000,2570.5000,2586.0000
2012-07-26,2592.5000,2593.4000,2544.8000,2549.4000
2012-07-27,2581.0500,2600.6000,2558.7000,2568.2000
2012-07-30,2579.8500,2621.3500,2579.8500,2618.6500
2012-07-31,2624.6000,2635.1000,2596.8000,2632.5500
2012-08-01,2629.3500,2643.6500,2626.4500,2641.2500
2012-08-02,2685.9500,2716.3000,2681.1500,2703.2000
2012-08-03,2626.5000,2634.9500,2609.5500,2632.5000
2012-08-05,2592.5000,2598.4500,2529.0500,2537.4500
2012-08-06,2543.5500,2561.7500,2520.3000,2555.3000
2012-08-07,2666.6500,2691.6500,2662.5000,2684.1500
2012-08-08,2687.5500,2700.6500,2677.6000,2681.4500
2012-08-09,2685.4500,2695.5000,2668.3000,2674.0000
2012-08-10,2668.2500,2676.1000,2659.6000,2672.1500
2012-08-11,2889.8500,2905.2500,2883.0500,2902.6500
2012-08-13,2670.6000,2691.5500,2669.5500,2689.2000
2012-08-14,2687.1500,2706.2000,2680.6000,2703.0500
2012-08-16,2705.2500,2708.0500,2691.6000,2694.6000
2012-08-17,2696.8500,2713.6000,2683.4000,2695.1500
2012-08-21,2696.1000,2719.7500,2696.1000,2718.0500
2012-08-22,2708.2000,2723.0000,2707.5500,2712.3000
2012-08-23,2717.2500,2728.3000,2701.2500,2711.2500
2012-08-24,2702.3500,2703.4000,2688.8500,2697.1000
2012-08-27,2697.6000,2703.4500,2675.3500,2676.9000
2012-08-28,2676.0500,2680.3000,2652.4000,2666.2000
2012-08-29,2669.7500,2670.6000,2642.1500,2645.2000
2012-08-30,2637.7500,2668.1000,2629.3500,2658.3000
2012-08-31,2651.7500,2657.3000,2625.4500,2635.6000
2012-09-01,2362.5000,2370.4500,2339.3000,2363.6000
2012-09-02,2693.6500,2732.2500,2693.0500,2728.1000
2012-09-03,2642.6500,2653.7500,2628.7500,2634.0000
2012-09-04,2697.4500,2697.4500,2665.2000,2668.3000
2012-09-05,2524.9000,2543.2500,2512.1500,2519.9500
2012-09-06,2621.3500,2641.7500,2621.3500,2630.9500
2012-09-07,2677.4500,2680.9500,2656.5500,2665.4000
2012-09-08,2685.4500,2695.5000,2668.3000,2674.0000
2012-09-10,2688.4500,2695.1500,2683.3500,2690.5500
2012-09-11,2679.9000,2703.0500,2678.5500,2701.7000
2012-09-12,2707.3500,2720.1500,2702.5000,2718.6000
2012-09-13,2720.2000,2727.1500,2712.9000,2718.4500
2012-09-14,2754.5500,2782.9500,2754.5500,2779.3000
2012-09-17,2800.4000,2814.3000,2785.7500,2801.4000
2012-09-18,2798.5000,2813.0000,2793.1000,2805.7000
2012-09-20,2781.2500,2799.5000,2777.8000,2785.6000
2012-09-21,2794.6000,2861.1500,2794.6000,2850.2500
2012-09-24,2850.5500,2864.6000,2841.0500,2844.4500
2012-09-25,2846.8000,2862.5000,2836.8500,2849.7000
2012-09-26,2841.7000,2852.9000,2835.2500,2847.4500
2012-09-27,2851.5000,2863.9000,2841.7500,2847.1000
2012-09-28,2861.2000,2890.7500,2861.2000,2876.4500
2012-10-01,2374.7000,2421.0000,2374.7000,2417.7000
2012-10-02,2723.3000,2741.0000,2695.4500,2717.1500
2012-10-03,2890.7000,2902.8000,2887.8500,2896.6500
2012-10-04,2904.7000,2934.2000,2904.7000,2922.8000
2012-10-05,2523.6000,2551.9500,2508.9500,2516.5000
2012-10-07,2669.8000,2701.0000,2669.8000,2699.7500
2012-10-08,2904.5000,2904.5000,2865.8000,2870.2000
2012-10-09,2882.8000,2897.2500,2871.5000,2885.4000
2012-10-10,2872.1500,2876.7500,2854.5000,2856.7500
2012-10-11,2861.2000,2892.7000,2848.1000,2887.0500
2012-10-12,3017.5500,3022.1000,3007.4500,3018.5000
2012-10-15,2873.8500,2881.8000,2863.5000,2878.2000
2012-10-16,2885.4500,2892.3000,2851.4500,2857.1000
2012-10-17,2870.2000,2874.9000,2848.6000,2862.0000
2012-10-18,2868.0000,2893.6000,2859.8500,2892.1000
2012-10-19,2885.9500,2890.6000,2862.6000,2875.0000
2012-10-22,2868.3500,2889.8000,2861.2500,2888.2500
2012-10-23,2887.6000,2891.6500,2871.9500,2875.8000
2012-10-25,2874.9500,2886.8000,2872.0000,2881.5000
2012-10-26,2872.8000,2879.4500,2846.3000,2856.7500
2012-10-29,2857.1500,2872.1000,2844.4000,2854.6500
2012-10-30,2851.0500,2866.3500,2817.6000,2822.0500
2012-10-31,2821.5500,2839.8500,2816.7500,2837.6500
2012-11-01,2833.8500,2856.2500,2832.1000,2853.7500
2012-11-02,2873.9500,2885.0000,2872.8500,2878.2000
2012-11-04,2657.6500,2680.2000,2646.9000,2660.0000
2012-11-05,2876.3000,2884.3500,2867.9500,2879.2000
2012-11-06,2566.5000,2583.7000,2540.5000,2546.7500
2012-11-07,2887.3500,2917.9000,2885.6000,2909.9500
2012-11-08,2889.8500,2905.2500,2883.0500,2902.6500
2012-11-09,2679.9000,2703.0500,2678.5500,2701.7000
2012-11-10,2861.2000,2892.7000,2848.1000,2887.0500
2012-11-12,2877.5500,2889.9500,2872.1500,2883.1000
2012-11-13,2885.5500,2888.2500,2875.4000,2879.1000
2012-11-15,2872.4500,2872.4500,2850.3000,2865.2500
2012-11-16,2862.7500,2875.8500,2828.6500,2835.4500
2012-11-19,2836.8000,2845.1500,2818.3000,2827.7500
2012-11-20,2840.9500,2848.1500,2811.6500,2823.2000
2012-11-21,2827.5500,2845.6500,2817.1500,2843.6000
2012-11-22,2849.1000,2859.5500,2841.2500,2852.5500
2012-11-23,2855.6000,2859.3500,2837.7000,2853.9500
2012-11-26,2862.6000,2870.4500,2858.6500,2865.6000
2012-11-27,2874.5000,2914.4000,2874.5000,2911.8500
2012-11-29,2915.6000,2960.7000,2915.6000,2958.0000
2012-11-30,2962.5000,2987.8000,2961.1500,2985.8500
2012-12-01,2420.8500,2438.4000,2407.0500,2422.1500
2012-12-03,2985.4000,2998.3000,2980.1500,2989.7500
2012-12-04,2988.2000,3003.9000,2984.4000,3001.0000
2012-12-05,3007.9500,3016.4000,3003.2500,3007.3000
2012-12-06,3017.4500,3030.0500,2981.0000,3025.3500
2012-12-07,3026.6500,3036.5500,3004.7000,3014.0000
2012-12-09,2707.3500,2720.1500,2702.5000,2718.6000
2012-12-10,2876.9000,2899.8500,2870.2000,2874.6000
2012-12-11,2877.5500,2889.9500,2872.1500,2883.1000
2012-12-12,3017.1500,3022.6500,2998.2000,3005.6000
2012-12-13,3010.4500,3015.1500,2978.1500,2983.0000
2012-12-14,2981.2500,3001.4000,2977.3000,2999.2000
2012-12-17,2991.8000,3005.5000,2989.6500,2993.9000
2012-12-18,3000.0500,3019.7500,2975.9000,3016.4500
2012-12-19,3024.7000,3037.9000,3024.7000,3034.3500
2012-12-20,3036.1000,3036.1000,3010.8500,3029.0000
2012-12-21,3017.7500,3017.7500,2988.2500,2990.9000
2012-12-24,2999.2000,3003.1000,2990.7000,2995.7000
2012-12-26,2999.3500,3025.1000,2999.2500,3019.9000
2012-12-27,3029.6000,3031.4000,3000.6500,3003.2000
2012-12-28,3010.0000,3027.4500,3008.8500,3024.1000
2012-12-31,3021.3000,3030.3000,3021.3000,3026.1000
2013-01-01,3039.0000,3058.2000,3039.0000,3053.0000
2013-01-02,3070.7500,3080.4500,3050.2500,3054.7500
2013-01-03,2875.6500,2898.0500,2868.6500,2887.1000
2013-01-04,3085.6000,3091.0000,3070.6000,3089.1500
2013-01-07,2912.3000,2954.7000,2910.6500,2952.6500
2013-01-08,2851.7500,2869.1000,2798.6500,2820.4000
2013-01-09,3086.8500,3097.3500,3064.5000,3070.3500
2013-01-10,3081.2000,3088.1500,3055.2500,3066.8500
2013-01-11,3083.9500,3087.3500,3043.7000,3048.9000
2013-01-14,3055.1000,3093.4000,3050.2500,3087.7000
2013-01-15,3093.0500,3108.8000,3084.9000,3102.6000
2013-01-16,3099.6500,3103.4500,3065.3500,3070.0000
2013-01-17,3069.8000,3093.6000,3066.2000,3086.1500
2013-01-18,3094.2000,3105.6500,3087.8000,3094.6000
2013-01-21,3102.9000,3108.0000,3095.5000,3103.1500
2013-01-22,3102.4000,3114.0500,3078.6500,3082.0500
2013-01-23,3083.9000,3094.5000,3060.4500,3079.4500
2013-01-24,3076.1000,3083.3000,3045.1500,3049.1000
2013-01-25,3051.2500,3085.3500,3045.1000,3082.9000
2013-01-28,3085.8500,3092.0500,3077.0500,3084.2000
2013-01-29,3080.3000,3102.1000,3065.4000,3068.6000
2013-01-30,3074.6000,3081.8000,3064.9500,3070.4500
2013-01-31,3066.5000,3074.9500,3060.8500,3068.2000
2013-02-01,3065.5500,3081.8000,3065.5500,3074.0000
2013-02-04,2865.0500,2896.0000,2862.6000,2893.8500
2013-02-05,2979.3500,3031.6000,2979.3500,3023.1500
2013-02-06,3041.4500,3047.1000,3029.6500,3032.2500
2013-02-07,2947.6000,2956.9000,2929.8000,2932.5000
2013-02-08,2830.9500,2836.5000,2777.7500,2794.8000
2013-02-09,2700.9500,2740.8500,2700.9500,2736.3000
2013-02-11,3005.8000,3007.1000,2988.8500,2996.6500
2013-02-12,2995.3000,3007.7500,2985.4000,3005.6500
2013-02-13,3013.7500,3028.8000,2999.9500,3004.0000
2013-02-14,3004.0500,3007.3500,2973.8000,2980.2000
2013-02-15,2969.3000,2984.4000,2958.8000,2978.8000
2013-02-18,2979.3000,2992.6500,2977.4500,2986.4500
2013-02-19,2987.2500,3013.5500,2980.5000,3009.9500
2013-02-20,3020.4000,3023.8000,3007.9000,3010.3000
2013-02-21,2997.0000,2997.0000,2957.3500,2960.8500
2013-02-22,2955.2500,2974.0500,2951.2000,2961.6000
2013-02-25,2969.7000,2974.7000,2942.7500,2957.1000
2013-02-26,2950.5000,2950.5000,2904.8000,2910.4500
2013-02-27,2919.8000,2940.8000,2903.5500,2930.4500
2013-02-28,2945.2000,2957.0500,2862.7500,2871.8000
2013-03-01,3082.9500,3087.5000,3070.8500,3084.6000
2013-03-04,2890.3500,2896.6500,2848.1500,2858.7500
2013-03-05,2879.8000,2917.1000,2879.8000,2914.7000
2013-03-06,3020.6000,3022.8500,2987.3500,3000.1000
2013-03-07,2911.1000,2911.1000,2882.8500,2887.9000
2013-03-08,2961.6500,2995.8000,2961.6500,2992.7000
2013-03-09,2748.8500,2750.9500,2631.6000,2639.2000
2013-03-10,2878.3000,2924.9500,2873.8000,2921.5500
2013-03-11,2992.9500,3006.8000,2987.6500,2992.5000
2013-03-12,3091.6500,3103.9000,3085.5500,3090.5500
2013-03-13,2965.1500,2965.1500,2938.8500,2942.9500
2013-03-14,2940.9500,2975.5000,2913.2000,2971.2500
2013-03-15,2973.6500,2991.0000,2949.8500,2953.2500
2013-03-18,2931.3500,2944.3000,2925.7000,2936.9500
2013-03-19,2946.3500,2949.6500,2883.9000,2889.7000
2013-03-20,2887.5000,2889.8000,2849.5500,2855.9500
2013-03-21,2860.5500,2886.2000,2830.6500,2835.5500
2013-03-22,2835.8500,2850.4000,2820.0000,2831.4500
2013-03-25,2853.5500,2864.2000,2816.6000,2822.0500
2013-03-26,2814.1500,2829.9000,2813.2000,2824.9000
2013-03-28,2827.2000,2856.8500,2808.6500,2852.4500
2013-04-01,2860.1000,2873.4000,2852.6000,2868.0500
2013-04-02,2865.0500,2896.0000,2862.6000,2893.8500
2013-04-03,2890.3500,2896.6500,2848.1500,2858.7500
2013-04-04,2842.3500,2843.4000,2804.3500,2808.5000
2013-04-05,2804.5000,2813.0000,2790.7500,2800.2000
2013-04-06,3001.7500,3024.3000,2990.4000,2995.6000
2013-04-07,2899.8000,2923.3000,2893.2500,2917.6500
2013-04-08,2799.2000,2809.7500,2794.1000,2796.3000
2013-04-09,2646.9500,2692.5500,2632.5500,2687.8500
2013-04-10,2912.4500,2941.8000,2911.2500,2923.0500
2013-04-11,2820.1000,2823.0000,2792.5500,2815.8500
2013-04-12,3084.5500,3094.3000,3064.6500,3068.9500
2013-04-15,2782.8500,2821.1000,2780.0500,2807.6500
2013-04-16,2802.9500,2867.9000,2801.5000,2863.7500
2013-04-17,2872.9000,2888.7000,2856.7000,2866.2500
2013-04-18,2863.4500,2914.5000,2863.4500,2910.0500
2013-04-22,2913.2500,2945.4000,2913.2500,2940.8000
2013-04-23,2944.9500,2944.9500,2917.3500,2939.2000
2013-04-25,2948.0500,2977.7500,2948.0500,2974.8000
2013-04-26,2968.9500,2971.8500,2948.4500,2953.6500
2013-04-29,2956.7500,2979.2500,2954.4000,2973.2000
2013-04-30,2986.7000,2999.7500,2955.1500,2987.3500
2013-05-02,3029.9000,3036.1500,3022.5500,3029.1500
2013-05-03,2879.8000,2917.1000,2879.8000,2914.7000
2013-05-04,2804.5000,2813.0000,2790.7500,2800.2000
2013-05-06,2999.4000,3017.5000,2992.3500,3015.0000
2013-05-07,2943.3000,2950.6000,2924.5000,2929.8000
2013-05-08,2798.0500,2813.3500,2785.4500,2801.2000
2013-05-09,2736.0500,2768.9000,2736.0500,2756.1500
2013-05-10,3047.3500,3074.1500,3047.3500,3070.1500
2013-05-11,3113.2500,3126.5000,3095.8500,3105.9000
2013-05-12,3117.1500,3131.8500,3099.5000,3103.5000
2013-05-13,3072.7000,3075.4500,3013.2500,3017.1000
2013-05-14,3020.6500,3039.5500,3013.0500,3025.9500
2013-05-15,3036.8500,3102.0000,3036.8500,3098.2500
2013-05-16,3090.7500,3120.8500,3090.7500,3111.1500
2013-05-17,3112.6000,3126.8500,3100.4500,3122.0000
2013-05-20,3127.5000,3142.5000,3099.8500,3105.0500
2013-05-21,3103.0500,3113.6000,3077.5500,3082.9500
2013-05-22,3089.7000,3100.7500,3060.7500,3070.0500
2013-05-23,3050.5000,3061.3500,3000.9500,3006.5500
2013-05-24,3025.4500,3028.5500,2990.8000,3017.7500
2013-05-27,3020.8000,3071.0500,3015.2500,3064.8500
2013-05-28,3066.7000,3086.9000,3054.9000,3078.2000
2013-05-29,3081.5500,3081.5500,3056.4000,3071.7500
2013-05-30,3056.9500,3081.0500,3056.9500,3077.3000
2013-05-31,3067.2500,3068.1500,3012.3000,3016.4000
2013-06-02,3041.4500,3047.1000,3029.6500,3032.2500
2013-06-03,3020.6000,3022.8500,2987.3500,3000.1000
2013-06-04,3001.7500,3024.3000,2990.4000,2995.6000
2013-06-05,2999.4000,3017.5000,2992.3500,3015.0000
2013-06-06,2983.7500,3012.3000,2973.0500,2996.2000
2013-06-07,2987.2500,3019.2500,2970.3000,2974.2000
2013-06-08,2789.0500,2789.0500,2719.3500,2729.5000
2013-06-09,2767.9000,2796.6500,2744.2000,2793.6500
2013-06-10,2986.1500,2998.2500,2954.2000,2964.3000
2013-06-11,3109.0500,3117.0000,3085.7000,3088.5500
2013-06-12,2907.5000,2915.6500,2889.3500,2899.3000
2013-06-13,2873.7500,2884.1000,2859.9500,2863.8500
2013-06-14,2886.6000,2921.6500,2886.6000,2916.4000
2013-06-17,2921.6000,2940.5000,2897.3000,2938.1500
2013-06-18,2935.1000,2949.5000,2922.0000,2926.5500
2013-06-19,2922.9500,2936.8000,2914.2000,2934.2000
2013-06-20,2901.6500,2901.6500,2849.0000,2852.7000
2013-06-21,2843.2500,2864.6000,2828.6500,2847.4000
2013-06-24,2834.2000,2834.2000,2790.5500,2800.3500
2013-06-25,2807.9000,2831.0500,2783.3000,2804.9000
2013-06-26,2815.5000,2819.4000,2792.4000,2796.0500
2013-06-27,2824.7500,2842.2500,2813.3500,2836.3500
2013-06-28,2869.0500,2918.2500,2869.0500,2913.7000
2013-07-01,3099.4000,3099.4000,3074.1000,3079.7500
2013-07-02,2947.6000,2956.9000,2929.8000,2932.5000
2013-07-03,2911.1000,2911.1000,2882.8500,2887.9000
2013-07-04,2899.8000,2923.3000,2893.2500,2917.6500
2013-07-05,2943.3000,2950.6000,2924.5000,2929.8000
2013-07-06,2987.2500,3019.2500,2970.3000,2974.2000
2013-07-08,2913.0000,2916.7000,2886.4500,2906.6000
2013-07-09,2918.3000,2933.9500,2918.3000,2932.2500
2013-07-10,2937.7500,2943.1000,2906.1500,2912.3000
2013-07-11,3094.5000,3120.1500,3064.5000,3067.5000
2013-07-12,2990.5500,2998.1000,2968.7000,2994.0000
2013-07-15,2986.3500,3012.4500,2982.4500,3010.0500
2013-07-16,2963.0500,2976.0000,2953.4500,2970.6500
2013-07-17,2979.0500,2988.8000,2951.7000,2972.8000
2013-07-18,2978.4500,3011.7000,2975.3500,3006.4000
2013-07-19,3015.9500,3017.6000,2993.0000,2997.0500
2013-07-22,2987.0000,3013.8000,2985.9000,2996.7500
2013-07-23,3011.3000,3025.5500,3011.3000,3017.2500
2013-07-24,2996.0000,3001.0000,2957.1500,2969.6000
2013-07-25,2960.2000,2968.3000,2927.3500,2931.7500
2013-07-26,2945.8500,2949.9000,2905.6500,2916.2000
2013-07-29,2908.6500,2913.1000,2883.2500,2885.8000
2013-07-30,2887.8500,2896.8000,2838.3500,2841.7000
2013-07-31,2832.9000,2839.9000,2797.0500,2836.3000
2013-08-01,2851.7500,2869.1000,2798.6500,2820.4000
2013-08-02,2830.9500,2836.5000,2777.7500,2794.8000
2013-08-03,2961.6500,2995.8000,2961.6500,2992.7000
2013-08-04,2799.2000,2809.7500,2794.1000,2796.3000
2013-08-05,2798.0500,2813.3500,2785.4500,2801.2000
2013-08-06,2789.0500,2789.0500,2719.3500,2729.5000
2013-08-07,2732.2000,2747.5000,2707.3000,2727.6500
2013-08-08,2724.0000,2755.2500,2724.0000,2751.1500
2013-08-10,2957.7000,2960.6500,2929.2500,2935.0000
2013-08-11,3060.3000,3069.2500,3040.0500,3050.2500
2013-08-12,2770.9000,2791.4500,2748.2500,2778.1000
2013-08-13,2773.1500,2824.5500,2764.1500,2822.4000
2013-08-14,2830.2000,2847.9000,2821.6500,2843.1500
2013-08-16,2824.8500,2827.6000,2724.6000,2729.5500
2013-08-19,2722.7000,2722.7000,2655.1000,2680.9000
2013-08-20,2651.9500,2679.7500,2629.4500,2671.7000
2013-08-21,2715.9500,2721.1500,2610.5500,2625.3000
2013-08-22,2614.2000,2676.1500,2599.4500,2671.2500
2013-08-23,2682.3000,2705.5000,2661.6000,2702.7000
2013-08-26,2716.5500,2731.2500,2697.3500,2708.4000
2013-08-27,2686.4500,2686.4500,2613.7000,2617.9500
2013-08-28,2591.9000,2623.8500,2534.0000,2609.5500
2013-08-29,2623.7000,2674.8000,2618.7000,2667.1500
2013-08-30,2667.9000,2704.5000,2646.3000,2696.3000
2013-09-01,3086.8500,3097.3500,3064.5000,3070.3500
2013-09-02,2700.9500,2740.8500,2700.9500,2736.3000
2013-09-03,2748.8500,2750.9500,2631.6000,2639.2000
2013-09-04,2646.9500,2692.5500,2632.5500,2687.8500
2013-09-05,3063.6500,3066.7500,3044.4000,3049.0000
2013-09-06,2767.9000,2796.6500,2744.2000,2793.6500
2013-09-07,2918.3000,2933.9500,2918.3000,2932.2500
2013-09-10,2918.6000,2975.7000,2913.1000,2972.5500
2013-09-11,2888.4500,2913.3000,2869.3500,2907.6000
2013-09-12,3185.3500,3185.3500,3150.9000,3159.1000
2013-09-13,2867.9500,2895.0500,2866.2000,2880.7000
2013-09-16,2919.3000,2930.0500,2855.8500,2875.3000
2013-09-17,2867.6500,2879.7500,2856.6500,2876.7000
2013-09-18,2885.8000,2906.1500,2873.4000,2899.7000
2013-09-19,2967.1000,3014.2000,2967.1000,3002.7500
2013-09-20,2999.1000,3009.0000,2917.4000,2956.9000
2013-09-23,2926.5000,2949.0500,2894.8000,2902.7500
2013-09-24,2886.9000,2926.1500,2886.9000,2904.7500
2013-09-25,2908.5000,2914.0000,2869.0500,2899.5500
2013-09-26,2899.5500,2917.9000,2894.4000,2902.4000
2013-09-27,2912.8000,2916.3000,2878.8000,2884.2000
2013-09-30,2869.0500,2871.5000,2832.9000,2840.2500
2013-10-01,3081.2000,3088.1500,3055.2500,3066.8500
2013-10-03,2878.3000,2924.9500,2873.8000,2921.5500
2013-10-04,2789.8500,2805.3000,2760.2000,2801.4000
2013-10-05,3047.3500,3074.1500,3047.3500,3070.1500
2013-10-06,2986.1500,2998.2500,2954.2000,2964.3000
2013-10-07,2937.7500,2943.1000,2906.1500,2912.3000
2013-10-08,2957.7000,2960.6500,2929.2500,2935.0000
2013-10-09,2821.9000,2894.7500,2821.9000,2891.7500
2013-10-10,2970.7500,2987.7000,2964.5500,2981.7000
2013-10-11,3018.2000,3018.2000,2993.9500,3011.8500
2013-10-12,3155.7500,3158.0000,3131.1500,3143.5500
2013-10-14,3011.9000,3027.8000,3008.2000,3021.0000
2013-10-15,3037.0500,3041.7500,2991.7000,3004.7500
2013-10-17,3009.2500,3016.5000,2979.7500,2985.4500
2013-10-18,2996.3000,3053.8500,2996.3000,3049.3500
2013-10-21,3054.9000,3068.3000,3044.7000,3064.0000
2013-10-22,3058.9000,3073.9000,3055.8000,3066.8000
2013-10-23,3071.5500,3075.5500,3027.5000,3057.1000
2013-10-24,3051.2000,3090.5500,3041.2500,3049.7000
2013-10-25,3044.4000,3051.4500,3029.5500,3037.1000
2013-10-28,3041.2000,3047.9000,3009.7500,3012.8500
2013-10-29,3015.4000,3072.2500,3002.0000,3069.2000
2013-10-30,3075.8000,3092.7000,3070.8500,3084.3500
2013-10-31,3077.8500,3115.4000,3077.8500,3111.0500
2013-11-01,3106.3000,3129.1500,3106.3000,3121.0500
2013-11-02,3005.8000,3007.1000,2988.8500,2996.6500
2013-11-03,2992.9500,3006.8000,2987.6500,2992.5000
2013-11-04,2820.1000,2823.0000,2792.5500,2815.8500
2013-11-05,3113.2500,3126.5000,3095.8500,3105.9000
2013-11-06,3109.0500,3117.0000,3085.7000,3088.5500
2013-11-07,2947.1500,2971.9000,2947.1500,2963.0500
2013-11-08,3060.3000,3069.2500,3040.0500,3050.2500
2013-11-09,2888.4500,2913.3000,2869.3500,2907.6000
2013-11-10,3018.2000,3018.2000,2993.9500,3011.8500
2013-11-11,3039.2500,3051.8500,3016.7500,3021.1000
2013-11-12,3132.7000,3138.5500,3117.6000,3130.7500
2013-11-13,2983.7500,3005.0000,2971.2500,2977.9500
2013-11-14,3000.5500,3032.8500,3000.5500,3014.0000
2013-11-18,3038.6500,3077.4000,3038.6500,3074.7500
2013-11-19,3077.4500,3086.7500,3069.3000,3081.6500
2013-11-20,3075.1000,3084.0000,3038.1500,3045.2500
2013-11-21,3033.5000,3033.5000,2980.3000,2986.6500
2013-11-22,3000.8000,3010.6000,2975.4500,2986.5000
2013-11-25,3005.3000,3044.9500,3005.3000,3042.0000
2013-11-26,3035.4000,3043.6000,3012.8500,3017.4000
2013-11-27,3019.8000,3025.9000,3003.2500,3017.5500
2013-11-28,3034.1000,3045.6000,3025.7500,3035.8000
2013-11-29,3041.2500,3078.5000,3041.2500,3075.9000
2013-12-02,3075.6000,3102.8500,3075.6000,3097.5500
2013-12-03,3091.6500,3103.9000,3085.5500,3090.5500
2013-12-04,3084.5500,3094.3000,3064.6500,3068.9500
2013-12-05,3117.1500,3131.8500,3099.5000,3103.5000
2013-12-06,2907.5000,2915.6500,2889.3500,2899.3000
2013-12-07,2990.5500,2998.1000,2968.7000,2994.0000
2013-12-08,2770.9000,2791.4500,2748.2500,2778.1000
2013-12-09,3185.3500,3185.3500,3150.9000,3159.1000
2013-12-10,3155.7500,3158.0000,3131.1500,3143.5500
2013-12-11,3132.7000,3138.5500,3117.6000,3130.7500
2013-12-12,3116.8500,3121.6000,3097.3500,3100.3500
2013-12-13,3083.5500,3087.4000,3062.2500,3065.1500
2013-12-16,3067.1500,3076.2500,3058.4000,3064.4500
2013-12-17,3076.8000,3083.8000,3056.5000,3059.2500
2013-12-18,3055.5000,3104.5500,3055.5000,3099.1000
2013-12-19,3115.7500,3120.3000,3071.2000,3078.6500
2013-12-20,3083.9000,3136.4000,3082.1000,3131.8500
2013-12-23,3128.7500,3156.8000,3128.7500,3141.1000
2013-12-24,3147.0000,3152.0500,3133.2000,3137.7000
2013-12-26,3140.2500,3155.5500,3135.2500,3143.9500
2013-12-27,3152.0000,3167.3500,3151.7500,3161.9500
2013-12-30,3173.0000,3176.3500,3143.1500,3151.6500
2013-12-31,3160.6500,3164.7500,3149.7500,3160.4000
2014-01-01,3169.6000,3171.4000,3160.4500,3162.9000
2014-01-02,3163.1500,3189.1000,3113.2000,3117.8500
2014-01-03,3105.1500,3121.9000,3094.9500,3117.7000
2014-01-04,3366.2500,3366.2500,3336.1500,3358.2500
2014-01-06,3122.7000,3122.7000,3101.2500,3112.0000
2014-01-07,3915.4500,3927.7500,3911.1000,3919.8000
2014-01-08,3896.6000,3931.2000,3869.6500,3873.5500
2014-01-09,4053.0500,4087.7000,4053.0500,4084.5500
2014-01-10,3100.2500,3127.0000,3080.2000,3092.0000
2014-01-12,4397.1500,4404.7000,4372.2500,4375.7000
2014-01-13,3099.2500,3136.0500,3099.2500,3129.8500
2014-01-14,3124.0000,3134.2500,3113.5000,3117.0500
2014-01-15,3128.0500,3151.9000,3128.0500,3150.1500
2014-01-16,3159.0500,3161.7000,3137.6500,3144.6500
2014-01-17,3139.0500,3148.1500,3106.3500,3113.2000
2014-01-20,3112.8000,3138.7000,3106.3500,3137.0000
2014-01-21,3144.2500,3151.1000,3134.9000,3141.9500
2014-01-22,3139.9500,3157.5500,3131.3000,3152.7000
2014-01-23,3146.4500,3157.4500,3142.6000,3153.2500
2014-01-24,3134.1500,3146.7000,3109.9000,3111.0000
2014-01-27,3074.1500,3074.1500,3037.0500,3039.9000
2014-01-28,3038.4000,3054.5500,3018.2500,3036.0000
2014-01-29,3052.9000,3058.9500,3031.0500,3035.8000
2014-01-30,3009.4000,3010.4000,2986.6500,3006.6000
2014-01-31,3012.9000,3031.3000,3008.4500,3027.4000
2014-02-01,3163.1500,3189.1000,3113.2000,3117.8500
2014-02-03,3014.3500,3021.6000,2982.9500,2986.3500
2014-02-04,2960.4000,2996.0000,2952.0500,2988.3500
2014-02-05,2990.8000,3003.5500,2973.7500,3000.6000
2014-02-06,3005.8500,3015.7500,2977.3000,3007.6500
2014-02-07,3027.5500,3028.5500,3005.8000,3021.1000
2014-02-09,4090.0000,4122.9500,4090.0000,4113.0500
2014-02-10,3025.8500,3030.5000,3011.7500,3014.7500
2014-02-11,3023.2500,3028.6500,3015.2500,3019.0500
2014-02-12,3030.6000,3039.2000,3023.7000,3027.2500
2014-02-13,3029.4000,3031.9500,2981.9000,2986.7000
2014-02-14,2996.7000,3009.5000,2976.1000,3006.2000
2014-02-17,3011.0000,3019.6000,3001.2000,3015.8000
2014-02-18,3015.3500,3048.6000,3013.7500,3042.1000
2014-02-19,3044.4000,3057.9000,3043.0500,3055.0500
2014-02-20,3041.8500,3046.1500,3028.0500,3030.1500
2014-02-21,3038.0000,3061.6500,3038.0000,3060.2000
2014-02-24,3055.0000,3075.1500,3051.4500,3072.9000
2014-02-25,3082.5500,3089.1500,3070.0500,3079.9500
2014-02-26,3081.7000,3097.9000,3081.7000,3095.4500
2014-02-28,3093.5500,3120.5500,3093.5500,3117.8500
2014-03-01,3105.1500,3121.9000,3094.9500,3117.7000
2014-03-02,3014.3500,3021.6000,2982.9500,2986.3500
2014-03-03,3112.6000,3122.0000,3090.1000,3095.1500
2014-03-04,3093.8500,3133.2000,3093.8500,3131.5500
2014-03-05,3146.8000,3152.6500,3129.6500,3149.1000
2014-03-06,3762.4000,3786.4500,3746.7500,3781.7000
2014-03-07,3977.0000,3985.6500,3958.8500,3963.8500
2014-03-09,4126.9500,4146.0500,4121.9000,4133.5500
2014-03-10,3222.6000,3256.3500,3222.6000,3246.3500
2014-03-11,4247.9500,4250.2000,4228.4000,4245.1500
2014-03-12,4375.9500,4397.9000,4371.6000,4393.1000
2014-03-13,3225.4000,3257.6000,3212.2000,3220.5500
2014-03-14,3200.6000,3230.8000,3191.9500,3224.8000
2014-03-18,3238.2000,3259.5000,3229.0500,3239.0500
2014-03-19,3246.7000,3252.3000,3235.6000,3244.2000
2014-03-20,3236.8500,3244.1000,3219.5500,3223.7500
2014-03-21,3238.9000,3243.2000,3229.0000,3232.7500
2014-03-22,3235.9500,3238.5000,3230.8500,3235.9500
2014-03-24,3244.0500,3274.9000,3244.0500,3272.1500
2014-03-25,3258.3000,3281.0000,3257.7500,3278.9000
2014-03-26,3291.5500,3297.7500,3274.3500,3286.2000
2014-03-27,3291.1000,3320.4500,3287.4000,3306.2000
2014-03-28,3322.0500,3344.5500,3314.1000,3341.3000
2014-03-31,3355.6000,3361.7500,3330.0000,3353.7500
2014-04-01,3366.2500,3366.2500,3336.1500,3358.2500
2014-04-02,2960.4000,2996.0000,2952.0500,2988.3500
2014-04-03,3093.8500,3133.2000,3093.8500,3131.5500
2014-04-04,3372.2000,3372.2000,3351.0000,3354.8000
2014-04-06,3783.3000,3794.4500,3777.3500,3786.7500
2014-04-07,3355.5000,3368.9000,3330.9500,3354.3500
2014-04-08,3890.6500,3919.8500,3887.8000,3914.4500
2014-04-09,4132.1000,4132.1000,4102.1000,4123.8000
2014-04-10,3409.8000,3424.8000,3400.9000,3413.4000
2014-04-11,3395.9500,3411.0500,3389.8500,3404.3000
2014-04-12,4414.1000,4433.5500,4386.3000,4407.9500
2014-04-15,3412.6000,3420.7000,3370.1500,3378.1500
2014-04-16,3376.1500,3389.4500,3343.2000,3348.4000
2014-04-17,3359.0500,3401.0500,3355.2000,3399.8000
2014-04-21,3406.1500,3425.4500,3406.1500,3421.7000
2014-04-22,3425.9500,3433.1000,3416.6500,3420.8000
2014-04-23,3424.8500,3441.0000,3423.3000,3431.1000
2014-04-25,3438.0500,3439.1000,3402.9500,3409.1500
2014-04-28,3408.1500,3414.1000,3394.6500,3403.5500
2014-04-29,3408.7500,3414.0000,3376.7000,3379.6000
2014-04-30,3384.9500,3411.0500,3339.3000,3361.9000
2014-05-02,3371.4000,3384.7000,3361.7500,3364.9000
2014-05-03,3146.8000,3152.6500,3129.6500,3149.1000
2014-05-05,3359.5500,3385.1500,3359.5500,3365.9000
2014-05-06,3375.9000,3388.0000,3366.4500,3373.4500
2014-05-07,3370.6500,3376.6500,3341.3000,3345.5500
2014-05-08,3925.3000,3948.2000,3894.8000,3945.9000
2014-05-09,4126.6500,4139.2500,4102.4500,4121.5500
2014-05-11,4259.1500,4268.6500,4245.5500,4250.8000
2014-05-12,3442.7500,3511.9500,3442.7500,3509.8000
2014-05-13,3541.1500,3590.3500,3537.4500,3562.3500
2014-05-14,3566.0000,3582.4000,3555.0500,3574.3000
2014-05-15,3577.2000,3597.6500,3556.1500,3574.1000
2014-05-16,3645.8000,3782.4500,3586.8000,3622.2500
2014-05-19,3659.2500,3683.1500,3631.9000,3679.6500
2014-05-20,3705.6000,3714.9000,3675.0000,3691.3000
2014-05-21,3695.5000,3703.1500,3660.6500,3687.2500
2014-05-22,3709.7000,3732.3000,3697.4500,3711.7500
2014-05-23,3730.6500,3768.2500,3726.9000,3762.6500
2014-05-26,3796.4000,3835.1000,3691.3000,3742.8000
2014-05-27,3745.4500,3747.5500,3690.5500,3717.2000
2014-05-28,3722.5000,3732.7000,3710.0500,3726.1500
2014-05-29,3721.1500,3725.2000,3677.7500,3683.0000
2014-05-30,3693.8000,3704.4000,3675.6500,3685.4500
2014-06-01,3122.7000,3122.7000,3101.2500,3112.0000
2014-06-02,3005.8500,3015.7500,2977.3000,3007.6500
2014-06-03,3762.4000,3786.4500,3746.7500,3781.7000
2014-06-04,3783.3000,3794.4500,3777.3500,3786.7500
2014-06-05,3789.4000,3831.2500,3769.1500,3827.0000
2014-06-06,3852.1000,3889.2500,3843.4000,3885.6500
2014-06-08,3934.9000,3948.1000,3904.7500,3911.4000
2014-06-09,3907.2500,3933.2500,3905.6500,3924.4000
2014-06-10,3937.8000,3938.6500,3879.7500,3922.1000
2014-06-11,3931.0000,3947.4000,3879.3000,3898.7000
2014-06-12,3904.5000,3913.9000,3878.9500,3909.0000
2014-06-13,3918.3500,3921.4500,3831.7000,3842.2500
2014-06-16,3837.4500,3845.7000,3801.6500,3840.1000
2014-06-17,3836.2000,3893.1500,3829.5000,3890.7000
2014-06-18,3894.2000,3913.6500,3831.7000,3854.6500
2014-06-19,3865.7500,3881.5000,3825.3000,3842.2500
2014-06-20,3843.3000,3853.3000,3818.4500,3826.4000
2014-06-23,3829.5000,3842.7000,3800.5500,3824.5000
2014-06-24,3834.6500,3878.2000,3834.6500,3871.2500
2014-06-25,3876.2500,3878.7000,3864.4500,3870.0500
2014-06-26,3864.8500,3873.1000,3831.9500,3837.3000
2014-06-27,3848.2000,3862.3500,3830.8000,3847.4500
2014-06-30,3859.9500,3910.4500,3859.9500,3905.0500
2014-07-01,3117.8000,3126.9000,3088.4500,3094.6500
2014-07-02,3027.5500,3028.5500,3005.8000,3021.1000
2014-07-03,3193.8500,3242.9500,3193.8500,3238.4000
2014-07-04,3355.5000,3368.9000,3330.9500,3354.3500
2014-07-05,3370.6500,3376.6500,3341.3000,3345.5500
2014-07-07,3996.5500,4002.2500,3983.2000,3997.8000
2014-07-08,3901.8500,3926.8000,3889.8000,3898.9500
2014-07-09,3899.8500,3908.7000,3848.2000,3866.6000
2014-07-10,3868.1500,3948.0000,3806.8000,3864.9000
2014-07-11,4251.3000,4263.1500,4227.3000,4254.6500
2014-07-14,3798.6000,3809.8000,3776.4500,3797.4000
2014-07-15,3816.5000,3847.0000,3803.4000,3843.4500
2014-07-16,3861.8000,3899.8000,3848.7000,3892.7500
2014-07-17,3887.6000,3915.7500,3887.6000,3910.0000
2014-07-18,3902.5000,3924.5000,3881.1000,3914.2000
2014-07-21,3932.1500,3945.0000,3917.5000,3922.5000
2014-07-22,3934.6500,3959.3500,3932.3000,3956.8500
2014-07-23,3970.6000,3978.5500,3941.8000,3965.0000
2014-07-24,3966.1500,3980.2000,3952.8500,3977.1500
2014-07-25,3976.6500,3981.5500,3923.4000,3950.0000
2014-07-28,3950.9000,3954.3500,3918.9000,3931.3000
2014-07-30,3929.1000,3957.7500,3911.8000,3954.2000
2014-07-31,3950.3500,3959.4500,3923.8000,3927.2500
2014-08-01,3102.7500,3112.6000,3094.7000,3103.0000
2014-08-04,3890.6500,3919.8500,3887.8000,3914.4500
2014-08-05,3925.3000,3948.2000,3894.8000,3945.9000
2014-08-06,3934.9000,3948.1000,3904.7500,3911.4000
2014-08-07,3901.8500,3926.8000,3889.8000,3898.9500
2014-08-08,3867.6000,3867.6000,3837.0000,3850.7000
2014-08-09,4144.0500,4169.6500,4142.7000,4167.5500
2014-08-10,3986.8500,4008.6500,3978.7500,3992.8500
2014-08-11,3877.4000,3884.4500,3867.7000,3880.2000
2014-08-12,4392.8500,4396.4500,4335.8000,4338.8000
2014-08-13,3920.3000,3940.1000,3895.5000,3919.2500
2014-08-14,3926.4500,3951.1000,3919.8500,3949.2000
2014-08-18,3944.7000,3999.2500,3944.7000,3996.4500
2014-08-19,4010.3500,4021.6000,4004.5500,4015.8000
2014-08-20,4024.3500,4025.9000,4003.7500,4009.3500
2014-08-21,4011.4500,4037.0500,4002.6000,4020.1500
2014-08-22,4027.7000,4038.7000,4022.0500,4029.1000
2014-08-25,4037.7000,4054.1000,4013.1000,4017.1000
2014-08-26,4002.9500,4023.4000,3991.7000,4016.6000
2014-08-27,4031.9000,4040.5500,4021.7500,4032.4500
2014-08-28,4037.5500,4047.7000,4028.5000,4036.0500
2014-09-01,3106.4000,3110.0000,3085.6500,3094.9500
2014-09-02,4090.0000,4122.9500,4090.0000,4113.0500
2014-09-03,4126.9500,4146.0500,4121.9000,4133.5500
2014-09-04,4132.1000,4132.1000,4102.1000,4123.8000
2014-09-05,4126.6500,4139.2500,4102.4500,4121.5500
2014-09-06,3907.2500,3933.2500,3905.6500,3924.4000
2014-09-07,3899.8500,3908.7000,3848.2000,3866.6000
2014-09-08,4144.0500,4169.6500,4142.7000,4167.5500
2014-09-09,4164.3500,4170.5000,4150.9500,4165.4000
2014-09-10,4155.9500,4155.9500,4132.5000,4138.6000
2014-09-11,4149.9500,4157.9500,4125.7500,4143.4000
2014-09-12,4337.8000,4343.6500,4277.5500,4282.4000
2014-09-15,4137.6500,4139.4000,4117.3000,4129.3500
2014-09-16,4127.3500,4133.6000,4049.2500,4053.7000
2014-09-17,4075.1500,4081.2500,4048.5000,4075.4000
2014-09-18,4064.1000,4151.5500,4059.2000,4148.7000
2014-09-19,4157.1500,4174.0500,4140.0500,4146.9000
2014-09-22,4127.9000,4163.2500,4119.5500,4156.6000
2014-09-23,4156.5000,4166.0000,4081.6000,4085.8500
2014-09-24,4084.7000,4096.9500,4041.0000,4072.1500
2014-09-25,4072.7000,4079.7500,4000.1000,4015.9000
2014-09-26,4001.5000,4059.4000,3980.8500,4051.6500
2014-09-29,4056.5500,4071.3500,4040.3500,4053.5000
2014-09-30,4047.2000,4091.5500,4035.8000,4056.2000
2014-10-01,3100.2500,3127.0000,3080.2000,3092.0000
2014-10-02,3025.8500,3030.5000,3011.7500,3014.7500
2014-10-03,3222.6000,3256.3500,3222.6000,3246.3500
2014-10-04,3409.8000,3424.8000,3400.9000,3413.4000
2014-10-06,3937.8000,3938.6500,3879.7500,3922.1000
2014-10-07,4024.8500,4048.5000,3992.8000,3997.7000
2014-10-08,3986.8500,4008.6500,3978.7500,3992.8500
2014-10-09,4155.9500,4155.9500,4132.5000,4138.6000
2014-10-10,4031.5000,4038.2500,3996.4000,4001.6000
2014-10-11,4258.4000,4278.8500,4240.1500,4259.0500
2014-10-12,4272.0000,4308.2500,4272.0000,4298.9500
2014-10-13,3986.7000,4023.1500,3969.6000,4015.9000
2014-10-14,4034.4500,4038.4000,3990.2500,4007.2000
2014-10-16,3992.9500,4020.9000,3926.1000,3937.4000
2014-10-17,3934.1500,3976.8500,3925.5500,3958.3000
2014-10-20,4018.2000,4023.9000,3997.7500,4010.9500
2014-10-21,4024.6000,4042.9500,4013.6000,4039.4000
2014-10-22,4074.0000,4080.5000,4064.4500,4076.4000
2014-10-23,4095.0500,4097.2000,4086.9500,4090.1000
2014-10-27,4113.6000,4113.6000,4071.9500,4074.7000
2014-10-28,4078.3000,4095.7500,4074.9500,4092.2000
2014-10-29,4115.9000,4125.6000,4104.6000,4122.7000
2014-10-30,4119.8000,4164.2000,4119.8000,4160.0500
2014-10-31,4177.5000,4238.5500,4176.6500,4235.6000
2014-11-02,3023.2500,3028.6500,3015.2500,3019.0500
2014-11-03,3247.5000,3260.6500,3224.8000,3232.6000
2014-11-04,3395.9500,3411.0500,3389.8500,3404.3000
2014-11-05,4259.1500,4268.6500,4245.5500,4250.8000
2014-11-06,3931.0000,3947.4000,3879.3000,3898.7000
2014-11-07,4251.3000,4263.1500,4227.3000,4254.6500
2014-11-08,3877.4000,3884.4500,3867.7000,3880.2000
2014-11-09,4149.9500,4157.9500,4125.7500,4143.4000
2014-11-10,4258.4000,4278.8500,4240.1500,4259.0500
2014-11-11,4265.9000,4280.2500,4251.1500,4275.2000
2014-11-12,4284.6500,4306.2500,4284.6500,4291.4500
2014-11-13,4304.0000,4304.2500,4257.6500,4276.6000
2014-11-14,4279.9000,4302.3500,4273.4000,4297.3000
2014-11-17,4293.8500,4324.3500,4282.9500,4321.0500
2014-11-18,4327.3500,4341.1000,4316.7500,4327.4500
2014-11-19,4335.7000,4343.2500,4289.1000,4302.3500
2014-11-20,4314.1500,4315.9000,4282.8500,4308.5500
2014-11-21,4312.5500,4346.6500,4308.7500,4338.2000
2014-11-24,4347.6500,4365.6500,4345.2000,4361.8000
2014-11-25,4362.9000,4363.8500,4298.5000,4319.0000
2014-11-26,4311.5000,4339.4500,4305.8000,4326.7500
2014-11-27,4327.1000,4345.1500,4322.5000,4339.9000
2014-11-28,4351.9000,4404.0000,4351.9000,4388.3500
2014-12-01,4397.1500,4404.7000,4372.2500,4375.7000
2014-12-02,4365.8000,4381.1500,4351.2000,4371.5500
2014-12-03,4375.9500,4397.9000,4371.6000,4393.1000
2014-12-04,4414.1000,4433.5500,4386.3000,4407.9500
2014-12-05,4417.8500,4421.1500,4383.4500,4391.0500
2014-12-06,3904.5000,3913.9000,3878.9500,3909.0000
2014-12-08,4392.8500,4396.4500,4335.8000,4338.8000
2014-12-09,4337.8000,4343.6500,4277.5500,4282.4000
2014-12-10,4272.0000,4308.2500,4272.0000,4298.9500
2014-12-11,4284.6500,4306.2500,4284.6500,4291.4500
2014-12-12,4272.6000,4284.2000,4222.8500,4226.5000
2014-12-15,4195.0000,4232.1000,4191.8000,4219.8500
2014-12-16,4195.4000,4205.1500,4123.4500,4132.0000
2014-12-17,4117.0500,4141.7500,4062.7500,4113.7000
2014-12-18,4169.5000,4202.1000,4153.5500,4196.9000
2014-12-19,4234.4000,4249.3500,4219.1000,4225.3500
2014-12-22,4238.6500,4276.6000,4228.0500,4273.4000
2014-12-23,4276.0500,4295.3000,4237.5000,4245.4500
2014-12-24,4248.1000,4254.7500,4200.3000,4207.9000
2014-12-26,4222.1500,4237.8000,4196.6000,4224.3500
2014-12-29,4233.4500,4267.0500,4233.4500,4251.3500
2014-12-30,4258.8000,4263.4500,4242.8000,4259.7500
2014-12-31,4256.8500,4287.0500,4256.8500,4283.3000
2015-01-01,4278.6000,4293.5500,4269.2500,4288.4000
2015-01-02,4292.0500,4351.1500,4292.0500,4341.2500
2015-01-04,4406.6000,4466.0000,4398.2500,4459.1000
2015-01-05,4348.0000,4369.7500,4327.3500,4333.9500
2015-01-06,4307.6500,4307.6500,4198.2500,4205.6500
2015-01-07,4203.0000,4220.6500,4172.1500,4197.9500
2015-01-08,4243.6000,4270.3000,4235.0000,4267.7500
2015-01-09,4157.7000,4174.7500,4076.3500,4097.9000
2015-01-10,4198.9000,4205.6000,4169.8500,4179.2500
2015-01-12,4195.5500,4204.4500,4186.0000,4198.8500
2015-01-13,4319.0000,4325.9500,4280.6000,4297.1500
2015-01-14,4302.7500,4314.8000,4269.3000,4288.3000
2015-01-15,4360.5500,4405.3500,4342.4000,4388.6500
2015-01-16,4393.7500,4412.0000,4370.8000,4404.8000
2015-01-19,4422.0500,4436.8500,4417.8500,4423.3000
2015-01-20,4436.2000,4487.8000,4436.2000,4482.4000
2015-01-21,4495.1000,4506.5500,4477.5500,4496.7000
2015-01-22,4504.0000,4519.2500,4491.3500,4510.7000
2015-01-23,4545.4500,4558.3500,4522.2000,4545.6000
2015-01-27,4563.2000,4590.6000,4542.9500,4584.0500
2015-01-28,4580.8500,4623.7500,4570.9000,4591.3000
2015-01-29,4585.9000,4609.0000,4565.5000,4603.4500
2015-01-30,4626.5000,4626.5000,4523.7000,4542.0000
2015-02-01,4292.0500,4351.1500,4292.0500,4341.2500
2015-02-02,4540.6000,4561.3500,4522.5000,4544.4000
2015-02-03,4614.3500,4628.7000,4581.5500,4623.2000
2015-02-04,4536.9000,4537.5500,4491.5000,4500.9500
2015-02-05,4506.0500,4547.3500,4468.7000,4482.2500
2015-02-06,4477.6000,4491.7000,4447.0000,4454.3500
2015-02-07,4416.5000,4426.6000,4403.1000,4409.1000
2015-02-09,4133.8500,4133.8500,4057.6500,4065.3000
2015-02-10,4361.8500,4449.9500,4357.8000,4408.6000
2015-02-11,4428.1500,4458.4000,4426.4000,4451.4500
2015-02-12,4477.0500,4508.8000,4448.2000,4499.7500
2015-02-13,4515.7500,4551.5500,4510.3000,4544.2000
2015-02-16,4559.9500,4577.7000,4534.3000,4542.6500
2015-02-18,4546.5500,4585.7000,4546.5500,4575.9000
2015-02-19,4586.2500,4594.8500,4535.0500,4584.8000
2015-02-20,4589.0000,4589.0000,4550.3000,4561.8000
2015-02-23,4576.3000,4580.1500,4512.8500,4521.8000
2015-02-24,4531.2000,4539.9000,4505.6500,4523.0500
2015-02-25,4543.2500,4560.4500,4515.0500,4522.8500
2015-02-26,4528.9000,4530.9000,4472.1000,4479.3000
2015-02-27,4501.2000,4570.6000,4500.3500,4565.3000
2015-02-28,4599.0500,4605.1000,4511.0500,4586.5000
2015-03-02,4614.3500,4628.7000,4581.5500,4623.2000
2015-03-03,4628.7000,4653.7500,4613.5500,4648.3000
2015-03-04,4702.2000,4706.3000,4594.3000,4607.4000
2015-03-05,4612.6500,4630.6500,4576.8500,4621.7000
2015-03-06,4294.7500,4294.7500,4203.6000,4237.6000
2015-03-07,4409.0500,4437.7000,4403.6500,4423.7000
2015-03-08,4465.1500,4495.0500,4465.1500,4482.8500
2015-03-09,4095.7500,4132.1500,4088.6500,4118.8500
2015-03-10,4542.0500,4550.8500,4497.0500,4514.4500
2015-03-11,4523.8000,4532.1000,4496.8000,4505.2000
2015-03-12,4525.7000,4557.3000,4524.2500,4552.5000
2015-03-13,4586.0500,4587.7500,4478.2500,4485.6000
2015-03-16,4492.3500,4493.8000,4463.8500,4474.4000
2015-03-17,4502.4000,4531.9500,4478.7500,4523.6500
2015-03-18,4535.2000,4535.2000,4498.9500,4510.4000
2015-03-19,4544.1500,4563.2500,4475.7500,4484.8500
2015-03-20,4483.9500,4483.9500,4436.5500,4444.8500
2015-03-23,4455.3500,4462.0500,4422.3500,4427.8000
2015-03-24,4423.4000,4458.2000,4416.6000,4420.5000
2015-03-25,4433.4500,4434.7500,4408.3000,4414.9000
2015-03-26,4389.7500,4398.4500,4323.7000,4330.6000
2015-03-27,4358.9000,4363.6500,4284.2000,4330.5000
2015-03-30,4357.8500,4410.2000,4354.6000,4405.7000
2015-03-31,4425.7500,4437.4000,4389.8000,4409.0500
2015-04-01,4406.6000,4466.0000,4398.2500,4459.1000
2015-04-02,4536.9000,4537.5500,4491.5000,4500.9500
2015-04-03,4702.2000,4706.3000,4594.3000,4607.4000
2015-04-05,4285.7000,4345.1000,4283.0500,4338.4500
2015-04-06,4248.0000,4248.3000,4199.4500,4237.9000
2015-04-07,4513.5500,4520.0000,4470.5500,4510.0000
2015-04-08,4495.8500,4497.8500,4445.7000,4484.2000
2015-04-09,4111.0500,4111.0500,4013.8000,4032.0000
2015-04-10,4567.4000,4577.7500,4552.7000,4573.7500
2015-04-11,4258.4000,4263.1000,4221.5000,4227.1500
2015-04-12,4132.1500,4135.3500,4111.5500,4113.9500
2015-04-13,4585.4500,4604.6500,4570.9500,4600.7500
2015-04-15,4608.3500,4608.3500,4545.8500,4559.1500
2015-04-16,4564.3000,4564.9500,4501.7000,4534.1000
2015-04-17,4531.3500,4531.7000,4471.6500,4476.7000
2015-04-20,4483.5500,4483.5500,4374.0500,4390.9500
2015-04-21,4380.4500,4403.4500,4345.1000,4357.3000
2015-04-22,4370.5500,4387.7500,4309.4000,4378.8500
2015-04-23,4404.3000,4419.4000,4352.0000,4367.5000
2015-04-24,4373.1000,4374.0500,4297.2500,4311.8000
2015-04-27,4324.3000,4325.2000,4244.8500,4251.2500
2015-04-28,4249.7000,4304.1500,4235.4000,4294.7500
2015-04-29,4293.4000,4310.1000,4266.7500,4281.7500
2015-04-30,4274.3000,4274.4000,4237.5000,4259.8500
2015-05-01,4348.0000,4369.7500,4327.3500,4333.9500
2015-05-02,4506.0500,4547.3500,4468.7000,4482.2500
2015-05-03,4612.6500,4630.6500,4576.8500,4621.7000
2015-05-04,4285.7000,4345.1000,4283.0500,4338.4500
2015-05-05,4342.6000,4355.3000,4319.2000,4341.7500
2015-05-06,4335.7000,4341.4000,4207.7500,4215.0500
2015-05-07,4205.9000,4221.4000,4144.6500,4176.6000
2015-05-08,4214.2500,4264.6000,4214.2500,4248.5500
2015-05-10,4208.6500,4271.2000,4208.6500,4267.0500
2015-05-11,4275.6000,4325.3000,4269.0000,4321.9000
2015-05-12,4323.8500,4323.8500,4219.3000,4224.6000
2015-05-13,4253.9000,4292.3000,4213.1500,4284.9000
2015-05-14,4283.1500,4299.4500,4240.5500,4294.1000
2015-05-15,4304.5000,4323.5500,4291.7500,4313.7000
2015-05-18,4325.8000,4372.3000,4319.9500,4368.3500
2015-05-19,4361.4000,4396.2500,4351.1500,4366.5500
2015-05-20,4382.4000,4402.9500,4381.2000,4389.5500
2015-05-21,4396.6500,4401.0500,4366.4000,4385.6000
2015-05-22,4394.2500,4418.1500,4386.0500,4402.5000
2015-05-25,4394.2000,4397.4500,4364.2500,4367.5500
2015-05-26,4372.6500,4374.1500,4344.7500,4355.0000
2015-05-27,4334.0000,4354.7500,4324.1500,4350.9500
2015-05-28,4357.2500,4364.1000,4313.1000,4339.8500
2015-05-29,4346.6000,4402.5500,4337.1500,4399.5500
2015-06-01,4307.6500,4307.6500,4198.2500,4205.6500
2015-06-02,4477.6000,4491.7000,4447.0000,4454.3500
2015-06-03,4294.7500,4294.7500,4203.6000,4237.6000
2015-06-04,4475.6000,4503.7500,4456.2500,4500.2500
2015-06-05,4335.7000,4341.4000,4207.7500,4215.0500
2015-06-07,4371.1500,4451.3000,4371.1500,4447.2000
2015-06-08,4524.5000,4532.2000,4505.2500,4524.3500
2015-06-09,4181.7000,4197.7000,4167.5000,4178.7000
2015-06-10,4297.5500,4297.7500,4258.5000,4285.4500
2015-06-11,4179.0500,4200.0000,4158.6000,4173.7000
2015-06-12,4145.1000,4161.6500,4134.2500,4156.9000
2015-06-15,4160.4000,4194.3500,4142.1000,4171.7000
2015-06-16,4169.3500,4196.4500,4141.9500,4189.7500
2015-06-17,4209.7000,4243.7000,4195.3000,4222.4000
2015-06-18,4233.7500,4267.8000,4230.6500,4263.0000
2015-06-19,4278.1000,4301.5000,4276.1000,4288.6500
2015-06-22,4306.6500,4360.8000,4306.6500,4355.1500
2015-06-23,4367.6500,4380.3500,4346.6500,4367.5500
2015-06-24,4376.8000,4383.0000,4341.1500,4351.8000
2015-06-25,4340.4500,4381.7500,4338.0000,4372.2500
2015-06-26,4369.2500,4376.7500,4341.4500,4365.1000
2015-06-29,4291.1000,4330.3500,4265.7000,4326.3000
2015-06-30,4325.8000,4361.0000,4320.9500,4357.0500
2015-07-01,4363.8500,4415.0500,4362.3500,4403.7500
2015-07-02,4416.5000,4426.6000,4403.1000,4409.1000
2015-07-03,4409.0500,4437.7000,4403.6500,4423.7000
2015-07-04,4513.5500,4520.0000,4470.5500,4510.0000
2015-07-05,4205.9000,4221.4000,4144.6500,4176.6000
2015-07-06,4371.1500,4451.3000,4371.1500,4447.2000
2015-07-07,4452.0000,4470.2000,4432.5500,4449.0500
2015-07-08,4522.6000,4530.9500,4505.9500,4511.9000
2015-07-09,4381.2000,4397.5000,4357.0000,4360.4000
2015-07-10,4283.7500,4301.9000,4276.0500,4295.3000
2015-07-12,4133.1500,4137.5500,4100.3500,4108.3000
2015-07-13,4391.6000,4429.5500,4374.0500,4425.4000
2015-07-14,4433.0000,4439.2500,4413.5000,4425.4500
2015-07-15,4431.8000,4459.7500,4431.8000,4455.3500
2015-07-16,4467.9500,4504.9000,4467.7500,4501.2500
2015-07-17,4511.9000,4519.6000,4495.4500,4506.1000
2015-07-20,4514.3500,4514.3500,4486.0500,4503.8500
2015-07-21,4505.5000,4516.4500,4449.5500,4456.5000
2015-07-22,4448.6000,4511.8000,4442.6500,4508.1500
2015-07-23,4517.2500,4523.1500,4484.8500,4492.0000
2015-07-24,4492.9500,4492.9500,4452.5000,4456.8000
2015-07-27,4443.7500,4443.7500,4374.2000,4378.4500
2015-07-28,4385.6000,4396.5000,4360.3000,4365.2500
2015-07-29,4380.6000,4390.6500,4370.0500,4388.0500
2015-07-30,4410.0000,4433.5500,4407.5000,4415.1000
2015-07-31,4432.0000,4478.8000,4431.5000,4470.4500
2015-08-01,4243.6000,4270.3000,4235.0000,4267.7500
2015-08-03,4465.1500,4495.0500,4465.1500,4482.8500
2015-08-04,4530.8500,4548.3000,4522.6000,4539.7500
2015-08-05,4214.2500,4264.6000,4214.2500,4248.5500
2015-08-06,4239.6000,4240.5500,4184.2000,4190.4500
2015-08-07,4522.6000,4530.9500,4505.9500,4511.9000
2015-08-09,3986.0500,4047.2500,3951.2500,4028.4000
2015-08-10,4304.3500,4304.3500,4254.8500,4266.9000
2015-08-11,4507.8000,4507.8000,4445.6500,4459.6000
2015-08-12,4094.7000,4112.2000,4063.9000,4071.2000
2015-08-13,4409.5500,4435.1500,4378.9000,4387.4500
2015-08-14,4412.6000,4480.1000,4401.5000,4474.4000
2015-08-17,4482.4000,4483.4000,4431.2000,4462.8500
2015-08-18,4480.5000,4491.9000,4444.9000,4463.5500
2015-08-19,4464.4000,4491.0500,4443.1500,4474.5500
2015-08-20,4464.6500,4479.3500,4402.0000,4407.7000
2015-08-21,4369.7000,4382.3500,4327.9500,4372.0500
2015-08-24,4240.5500,4240.5500,4066.4500,4085.2000
2015-08-25,4133.4000,4153.1500,4001.7000,4134.2000
2015-08-26,4127.0500,4164.9500,4081.4000,4095.0500
2015-08-27,4164.9000,4191.3500,4136.3500,4185.0000
2015-08-28,4237.3000,4257.3000,4187.0500,4209.2500
2015-08-31,4212.4000,4232.0000,4180.1000,4191.8000
2015-09-01,4295.0000,4303.2500,4248.6000,4286.4500
2015-09-02,4417.4000,4423.2500,4379.2500,4384.1500
2015-09-03,4598.1500,4598.1500,4527.4000,4534.1500
2015-09-04,4562.9500,4570.2500,4522.9000,4567.0500
2015-09-06,4181.7000,4197.7000,4167.5000,4178.7000
2015-09-07,4047.3500,4056.0500,3966.9000,3971.9500
2015-09-08,3986.0500,4047.2500,3951.2500,4028.4000
2015-09-09,4089.7500,4115.0500,4072.8500,4100.1000
2015-09-10,4052.3000,4103.7500,4023.8500,4088.8500
2015-09-11,4114.7500,4128.8000,4077.0000,4091.1500
2015-09-12,4067.6500,4069.2000,4014.5500,4017.4500
2015-09-14,4106.2500,4141.5000,4084.1500,4138.5000
2015-09-15,4138.7500,4145.9000,4099.8000,4113.2500
2015-09-16,4143.5000,4145.8000,4117.8000,4134.5500
2015-09-18,4170.9500,4212.8500,4165.3500,4174.6000
2015-09-21,4140.9000,4185.0500,4139.9000,4179.3000
2015-09-22,4200.4500,4204.1500,4089.5000,4100.8500
2015-09-23,4061.1500,4133.0500,4052.9500,4115.7000
2015-09-24,4114.7500,4140.2500,4097.2500,4126.7500
2015-09-28,4140.1500,4140.5500,4090.3500,4093.6500
2015-09-29,4055.3000,4151.6500,4036.5500,4114.5500
2015-09-30,4154.8000,4178.4000,4133.9500,4174.0500
2015-10-01,4198.9000,4205.6000,4169.8500,4179.2500
2015-10-02,4361.8500,4449.9500,4357.8000,4408.6000
2015-10-03,4542.0500,4550.8500,4497.0500,4514.4500
2015-10-04,4567.4000,4577.7500,4552.7000,4573.7500
2015-10-05,4208.6500,4271.2000,4208.6500,4267.0500
2015-10-06,4181.2000,4242.5000,4181.2000,4229.3500
2015-10-07,4283.7500,4301.9000,4276.0500,4295.3000
2015-10-08,4304.3500,4304.3500,4254.8500,4266.9000
2015-10-09,4296.2000,4315.5000,4267.8500,4290.8500
2015-10-11,4147.7500,4153.0500,4090.5500,4096.0000
2015-10-12,4034.1500,4058.0500,4013.7500,4054.4000
2015-10-13,4266.0500,4277.5500,4244.5000,4267.1000
2015-10-14,4255.7500,4273.6000,4253.0000,4258.4000
2015-10-15,4274.1000,4295.5500,4274.1000,4289.4500
2015-10-16,4299.5500,4318.2000,4275.3500,4315.2000
2015-10-19,4328.0000,4340.0500,4317.7500,4337.4500
2015-10-20,4342.6500,4351.0500,4317.6000,4335.1000
2015-10-21,4335.1500,4349.7000,4308.1000,4326.6000
2015-10-23,4357.8500,4362.9000,4333.6000,4339.5000
2015-10-26,4358.8000,4358.8000,4316.4500,4320.9000
2015-10-27,4308.1000,4315.2500,4303.0000,4312.6500
2015-10-28,4294.1500,4304.7000,4264.1000,4284.4000
2015-10-29,4287.3000,4287.6500,4249.1500,4254.7500
2015-10-30,4261.7500,4274.9500,4223.5000,4233.9000
2015-11-02,4428.1500,4458.4000,4426.4000,4451.4500
2015-11-03,4523.8000,4532.1000,4496.8000,4505.2000
2015-11-04,4258.4000,4263.1000,4221.5000,4227.1500
2015-11-05,4275.6000,4325.3000,4269.0000,4321.9000
2015-11-06,4249.1000,4250.9000,4147.0500,4149.8000
2015-11-08,4507.8000,4507.8000,4445.6500,4459.6000
2015-11-09,4114.7500,4128.8000,4077.0000,4091.1500
2015-11-10,4147.7500,4153.0500,4090.5500,4096.0000
2015-11-11,4126.3000,4130.8500,4120.8500,4123.2500
2015-11-12,4064.0500,4064.2000,3999.2500,4016.3500
2015-11-13,4093.2000,4095.5000,4069.5000,4086.2500
2015-11-16,4072.8500,4116.5500,4059.9500,4101.6000
2015-11-17,4123.9500,4130.1000,4097.8000,4120.7000
2015-11-18,4116.0500,4127.1500,4069.4500,4072.8000
2015-11-19,4101.2500,4134.2500,4090.5500,4128.9000
2015-11-20,4131.1000,4164.7500,4122.5000,4141.7500
2015-11-23,4150.3500,4156.6000,4129.8500,4140.5000
2015-11-24,4136.4000,4153.4000,4127.1000,4134.7000
2015-11-26,4140.1500,4164.5500,4140.1500,4158.3500
2015-11-27,4173.1000,4192.5000,4158.3500,4185.3000
2015-11-30,4184.3000,4196.8500,4176.7000,4181.8500
2015-12-01,4291.0500,4310.2500,4269.8500,4306.7000
2015-12-02,4210.6000,4211.2000,4177.6000,4189.2000
2015-12-03,4525.7000,4557.3000,4524.2500,4552.5000
2015-12-04,4132.1500,4135.3500,4111.5500,4113.9500
2015-12-05,4323.8500,4323.8500,4219.3000,4224.6000
2015-12-06,4145.1000,4161.6500,4134.2500,4156.9000
2015-12-07,4133.1500,4137.5500,4100.3500,4108.3000
2015-12-08,4450.0500,4450.0500,4384.7500,4389.6500
2015-12-09,4067.6500,4069.2000,4014.5500,4017.4500
2015-12-10,4311.2500,4316.7000,4263.3000,4272.2500
2015-12-11,4064.0500,4064.2000,3999.2500,4016.3500
2015-12-14,3992.5000,4044.4500,3989.2500,4036.7500
2015-12-15,4042.7000,4065.6000,4027.6000,4063.7000
2015-12-16,4078.5500,4103.6000,4073.2500,4087.4500
2015-12-17,4106.1000,4144.3000,4087.1000,4140.4500
2015-12-18,4133.2000,4139.6500,4102.2500,4106.5000
2015-12-21,4101.0500,4144.0500,4098.2500,4142.1500
2015-12-22,4142.1500,4152.0500,4116.5000,4120.8000
2015-12-23,4142.8500,4160.0000,4142.4000,4157.9500
2015-12-24,4170.7000,4170.7000,4146.4000,4159.3500
2015-12-28,4162.3500,4192.6000,4162.3500,4187.6500
2015-12-29,4191.7500,4198.1500,4179.3000,4192.4500
2015-12-30,4198.9000,4199.7000,4174.6000,4177.4500
2015-12-31,4180.3000,4203.7000,4177.5500,4201.8000
2016-01-01,4199.9000,4222.7000,4188.3000,4218.9500
2016-01-02,3986.0000,3990.3500,3961.6500,3969.2500
2016-01-03,3684.2000,3786.2500,3684.2000,3779.9500
2016-01-04,4042.1000,4056.0500,4019.8500,4043.2000
2016-01-05,4157.0500,4159.3000,4126.6500,4141.8000
2016-01-06,4144.4000,4154.8500,4110.6500,4121.1500
2016-01-07,4084.4500,4084.4500,4014.5000,4020.6500
2016-01-08,4589.9000,4619.5500,4552.4500,4580.9000
2016-01-09,4680.9500,4690.5500,4658.2000,4667.1500
2016-01-11,4667.2500,4677.6500,4647.6000,4654.2000
2016-01-12,4032.8000,4032.8000,3982.3500,3991.5500
2016-01-13,4017.5000,4031.3000,3931.5500,4006.6000
2016-01-14,3955.1500,4020.9000,3938.3000,3985.3500
2016-01-15,3999.4500,4001.7000,3912.1000,3916.5500
2016-01-18,3907.6000,3926.0000,3848.3000,3855.0000
2016-01-19,3870.5500,3914.7500,3858.5000,3902.0500
2016-01-20,3861.9500,3861.9500,3795.4500,3834.3500
2016-01-21,3870.0500,3885.5000,3801.0500,3816.5000
2016-01-22,3858.1000,3900.1500,3844.1500,3894.5500
2016-01-25,3920.9000,3930.6500,3897.9500,3903.3500
2016-01-27,3921.3500,3926.1500,3894.3500,3906.9000
2016-01-28,3901.4000,3919.8500,3894.6000,3898.2500
2016-01-29,3895.8000,3974.3500,3895.6000,3969.2000
2016-02-01,3986.0000,3990.3500,3961.6500,3969.2500
2016-02-02,3975.8000,3981.2500,3899.1000,3912.5500
2016-02-03,3829.0500,3863.9500,3826.3500,3855.5000
2016-02-04,3890.7000,3908.5500,3855.2500,3877.2500
2016-02-05,4114.1500,4126.7000,4098.8500,4119.8500
2016-02-06,4265.0500,4301.3000,4261.4000,4296.0000
2016-02-08,4587.3000,4607.1000,4563.5500,4567.9000
2016-02-09,4678.1500,4693.0000,4665.5500,4686.3000
2016-02-10,3818.7000,3821.7500,3769.0000,3789.8000
2016-02-11,3783.3500,3784.1500,3653.1000,3661.2000
2016-02-12,4363.3500,4365.9500,4318.6000,4327.2500
2016-02-15,3702.9500,3771.5500,3702.9500,3762.1500
2016-02-16,3780.4500,3780.9000,3688.4000,3693.2000
2016-02-17,3698.6000,3727.7000,3639.3000,3720.8500
2016-02-18,3757.1500,3776.6500,3726.1000,3759.6500
2016-02-19,3749.5500,3774.5500,3737.5000,3767.7000
2016-02-22,3771.4000,3790.6000,3766.8000,3783.3500
2016-02-23,3788.0000,3788.0000,3716.4500,3721.7000
2016-02-24,3705.6000,3710.5000,3671.4500,3675.7500
2016-02-25,3682.8000,3683.1500,3643.7500,3648.1500
2016-02-26,3684.1500,3690.9000,3652.0000,3675.2500
2016-02-29,3686.3000,3710.3500,3579.6000,3660.1000
2016-03-01,3684.2000,3786.2500,3684.2000,3779.9500
2016-03-02,3829.0500,3863.9500,3826.3500,3855.5000
2016-03-03,3885.4000,3909.8000,3870.9000,3905.9000
2016-03-04,3921.5500,3926.1500,3893.5000,3918.0500
2016-03-05,4130.6000,4160.7500,4082.9000,4087.5500
2016-03-06,4310.8000,4319.3500,4289.8500,4294.2000
2016-03-08,4574.9000,4574.9000,4510.7000,4518.5000
2016-03-09,3896.0000,3943.3500,3887.1500,3940.2500
2016-03-10,4639.1500,4692.9000,4627.2500,4690.1000
2016-03-11,4578.9000,4601.9500,4552.7500,4558.1500
2016-03-14,3946.1000,3965.6500,3930.2500,3942.9000
2016-03-15,3942.9000,3942.9000,3899.9000,3904.3500
2016-03-16,3903.0500,3919.7000,3868.4000,3915.7500
2016-03-17,3947.1000,3960.5500,3910.7500,3926.1000
2016-03-18,3937.0500,3973.6500,3926.1000,3970.9500
2016-03-21,3979.6000,4028.4500,3979.6000,4024.5000
2016-03-22,4023.1500,4038.0000,3996.7000,4032.4500
2016-03-23,4034.0000,4038.0500,4012.7500,4033.9500
2016-03-28,4045.2000,4045.5000,3966.0000,3978.4500
2016-03-29,3974.4500,3995.8000,3957.5500,3970.1500
2016-03-30,3998.2500,4045.1000,3996.5500,4042.1500
2016-03-31,4040.9500,4061.5000,4029.9500,4051.4500
2016-04-01,4202.4000,4214.2500,4133.3000,4138.2000
2016-04-02,3890.7000,3908.5500,3855.2500,3877.2500
2016-04-03,3921.5500,3926.1500,3893.5000,3918.0500
2016-04-04,4055.5000,4066.7000,4038.2500,4064.2000
2016-04-05,4075.8000,4085.4000,4052.2500,4057.5000
2016-04-06,4001.1500,4002.3000,3980.4500,3996.1500
2016-04-07,4412.7500,4427.9500,4411.6000,4414.9000
2016-04-08,3962.0500,3977.0000,3954.3500,3972.5000
2016-04-10,4707.4500,4716.7500,4689.6000,4711.4500
2016-04-11,4567.7000,4567.8500,4501.3000,4519.8500
2016-04-12,4029.3000,4054.9500,4027.1000,4050.3500
2016-04-13,4085.3500,4126.3000,4085.3500,4118.4000
2016-04-18,4142.3500,4157.7500,4113.9000,4155.1500
2016-04-20,4173.0500,4174.9500,4139.2000,4158.1500
2016-04-21,4178.9500,4190.5500,4140.5000,4154.3500
2016-04-22,4145.4000,4162.8500,4136.8500,4150.5000
2016-04-25,4149.5000,4155.9500,4115.0500,4128.3000
2016-04-26,4116.7000,4184.3000,4112.5500,4179.4000
2016-04-27,4171.8000,4195.7000,4171.6500,4189.0000
2016-04-28,4185.3000,4196.4000,4117.5000,4123.0500
2016-04-29,4122.7500,4145.3500,4091.9000,4126.8500
2016-05-01,4157.0500,4159.3000,4126.6500,4141.8000
2016-05-02,4114.1500,4126.7000,4098.8500,4119.8500
2016-05-03,4130.6000,4160.7500,4082.9000,4087.5500
2016-05-04,4075.8000,4085.4000,4052.2500,4057.5000
2016-05-05,4069.4000,4090.6000,4054.1000,4068.8000
2016-05-06,4061.3500,4074.1500,4042.6000,4071.5000
2016-05-07,4418.5500,4418.5500,4390.4500,4400.5000
2016-05-08,4553.8000,4603.3000,4552.7500,4600.4000
2016-05-09,4084.1500,4138.7500,4084.1500,4134.6500
2016-05-10,4138.8500,4148.9000,4121.9500,4143.3000
2016-05-11,4100.0500,4148.2000,4088.4000,4126.6000
2016-05-12,4138.4000,4160.5500,4130.1500,4155.8500
2016-05-13,4146.9000,4150.8500,4103.6500,4115.8000
2016-05-16,4124.3500,4140.5000,4094.1500,4134.1000
2016-05-17,4153.0500,4172.4000,4142.9000,4147.9000
2016-05-18,4128.1000,4146.5000,4111.2000,4140.9500
2016-05-19,4143.6000,4143.6000,4085.5000,4093.2000
2016-05-20,4099.2000,4108.2000,4067.6000,4074.4000
2016-05-23,4105.1000,4105.5500,4060.6000,4063.6500
2016-05-24,4067.7500,4073.3000,4050.3000,4067.6000
2016-05-25,4099.4500,4156.2000,4099.3500,4152.9500
2016-05-26,4171.2000,4223.2000,4159.1500,4217.7000
2016-05-27,4225.7500,4269.2500,4225.7500,4265.0500
2016-05-30,4273.2500,4289.3000,4261.7000,4278.7500
2016-05-31,4293.4500,4293.4500,4254.9500,4268.4000
2016-06-01,4278.4000,4297.4500,4270.0500,4274.4500
2016-06-02,4265.0500,4301.3000,4261.4000,4296.0000
2016-06-03,4310.8000,4319.3500,4289.8500,4294.2000
2016-06-04,4001.1500,4002.3000,3980.4500,3996.1500
2016-06-05,4061.3500,4074.1500,4042.6000,4071.5000
2016-06-06,4298.7500,4302.3000,4276.5000,4283.9500
2016-06-07,4301.2500,4329.9000,4292.7000,4316.4000
2016-06-08,4326.2000,4328.6500,4312.6000,4324.8500
2016-06-09,4708.5500,4761.0000,4708.5500,4757.5500
2016-06-10,4720.3500,4731.2000,4672.2500,4688.7000
2016-06-12,4366.1500,4381.0000,4357.4500,4362.4000
2016-06-13,4242.3000,4251.2000,4220.8500,4245.9000
2016-06-14,4258.2500,4258.2500,4229.4500,4250.0000
2016-06-15,4266.1000,4299.4500,4258.9000,4295.7500
2016-06-16,4285.5000,4285.5000,4232.3500,4266.6500
2016-06-17,4286.4500,4294.6500,4261.3000,4279.1000
2016-06-20,4251.0000,4314.4500,4246.3000,4312.0500
2016-06-21,4321.5000,4321.5000,4299.1000,4307.0500
2016-06-22,4305.8000,4317.3500,4275.2000,4298.4000
2016-06-23,4298.1500,4333.1500,4287.3000,4326.4000
2016-06-24,4205.9500,4243.4500,4149.1000,4239.4500
2016-06-27,4217.8000,4263.6500,4217.8000,4251.7500
2016-06-28,4255.8000,4279.9000,4255.0500,4272.2000
2016-06-29,4295.2000,4317.3000,4291.5500,4313.0500
2016-06-30,4341.4500,4366.0500,4334.1500,4358.7500
2016-07-01,4373.2000,4399.6000,4373.2000,4388.0000
2016-07-04,4412.7500,4427.9500,4411.6000,4414.9000
2016-07-05,4418.5500,4418.5500,4390.4500,4400.5000
2016-07-06,4301.2500,4329.9000,4292.7000,4316.4000
2016-07-07,4404.9500,4412.9500,4392.7000,4399.7500
2016-07-08,4407.0000,4407.0500,4373.8000,4393.9000
2016-07-09,4771.6500,4772.6500,4746.8500,4750.4000
2016-07-10,4697.5500,4701.1000,4662.7000,4681.9000
2016-07-11,4440.1500,4470.9500,4438.7000,4467.6000
2016-07-12,4377.7500,4385.6000,4328.5000,4344.0000
2016-07-13,4506.0500,4508.7500,4477.3000,4487.6500
2016-07-14,4488.2500,4513.1000,4481.9500,4511.2500
2016-07-15,4515.8500,4530.7500,4490.1500,4499.9500
2016-07-18,4512.6000,4522.7000,4473.0000,4479.2500
2016-07-19,4483.0500,4495.3000,4461.1000,4490.0000
2016-07-20,4486.4500,4516.9500,4486.4500,4515.4500
2016-07-21,4527.5500,4528.1500,4487.1000,4490.1500
2016-07-22,4496.8500,4517.3000,4481.3500,4515.4000
2016-07-25,4510.2500,4566.3000,4509.9000,4564.7000
2016-07-26,4565.9500,4575.2000,4535.5000,4542.5000
2016-07-27,4549.6500,4579.5500,4532.9000,4559.1500
2016-07-28,4569.8500,4589.0000,4565.4000,4584.8000
2016-07-29,4587.7500,4595.4000,4574.2500,4578.0000
2016-08-01,4044.3500,4060.3500,4031.2000,4045.4000
2016-08-02,4587.3000,4607.1000,4563.5500,4567.9000
2016-08-03,3919.0500,3942.8000,3897.5500,3919.6500
2016-08-04,3962.0500,3977.0000,3954.3500,3972.5000
2016-08-05,4553.8000,4603.3000,4552.7500,4600.4000
2016-08-06,4326.2000,4328.6500,4312.6000,4324.8500
2016-08-07,4407.0000,4407.0500,4373.8000,4393.9000
2016-08-08,4616.9500,4627.3000,4607.6500,4621.6000
2016-08-09,4630.5000,4630.7000,4583.1000,4602.9000
2016-08-10,4608.2500,4609.0500,4539.7500,4545.2500
2016-08-11,4576.8500,4585.3000,4544.2500,4577.7000
2016-08-12,4561.4000,4600.2000,4561.4000,4594.1000
2016-08-16,4595.5500,4604.6000,4563.9000,4587.3500
2016-08-17,4587.8500,4606.1000,4574.3000,4587.9500
2016-08-18,4600.8000,4621.4500,4600.8000,4615.4000
2016-08-19,4626.8000,4628.6000,4606.2000,4618.5000
2016-08-22,4619.2500,4628.1500,4588.4000,4595.3500
2016-08-23,4595.1500,4598.2000,4566.5500,4592.9000
2016-08-24,4601.4000,4613.8500,4593.8000,4608.8500
2016-08-25,4619.3500,4626.9500,4576.1500,4580.2500
2016-08-26,4592.6000,4599.7000,4561.9000,4574.9000
2016-08-29,4580.6500,4597.7500,4557.4500,4591.8500
2016-08-30,4612.2500,4660.0000,4611.6000,4657.4000
2016-08-31,4664.4500,4695.8000,4664.4500,4676.1500
2016-09-01,4680.9500,4690.5500,4658.2000,4667.1500
2016-09-02,3847.1000,3854.7500,3827.0500,3835.3500
2016-09-03,3896.0000,3943.3500,3887.1500,3940.2500
2016-09-05,4084.1500,4138.7500,4084.1500,4134.6500
2016-09-06,4708.5500,4761.0000,4708.5500,4757.5500
2016-09-07,4771.6500,4772.6500,4746.8500,4750.4000
2016-09-08,4751.9000,4774.0000,4742.4500,4770.7500
2016-09-09,4764.7000,4764.7000,4721.8500,4726.7500
2016-09-11,4312.3500,4528.5500,4257.7000,4509.2000
2016-09-12,4433.5000,4433.5500,4416.6500,4426.7500
2016-09-14,4633.0000,4655.7500,4623.0000,4650.6000
2016-09-15,4660.0000,4662.2500,4635.9000,4654.8500
2016-09-16,4677.6000,4713.1500,4655.7500,4671.9500
2016-09-19,4678.8000,4695.7500,4669.9000,4688.0500
2016-09-20,4693.1500,4693.8500,4664.8500,4672.6500
2016-09-21,4681.4500,4699.1000,4663.2500,4672.0000
2016-09-22,4722.3500,4733.2000,4703.6000,4724.4000
2016-09-23,4732.9500,4735.7000,4706.9500,4712.0500
2016-09-26,4702.0000,4702.1000,4658.4500,4663.1000
2016-09-27,4677.8000,4688.3500,4646.8500,4655.6500
2016-09-28,4660.4000,4691.8500,4655.5000,4682.1500
2016-09-29,4707.9500,4711.8500,4557.0000,4577.1000
2016-09-30,4571.1000,4619.2000,4558.8500,4608.3500
2016-10-02,3818.7000,3821.7500,3769.0000,3789.8000
2016-10-03,3948.8000,3949.4000,3900.8500,3917.4000
2016-10-04,4707.4500,4716.7500,4689.6000,4711.4500
2016-10-05,4138.8500,4148.9000,4121.9500,4143.3000
2016-10-06,4285.9000,4325.1000,4273.5500,4276.7000
2016-10-07,4697.5500,4701.1000,4662.7000,4681.9000
2016-10-08,4608.2500,4609.0500,4539.7500,4545.2500
2016-10-10,4702.2500,4707.5500,4682.1000,4685.2500
2016-10-11,4577.7500,4609.0000,4559.4000,4567.4500
2016-10-13,4669.0000,4673.1500,4589.6500,4613.1000
2016-10-14,4625.3000,4633.4000,4602.6000,4624.5000
2016-10-17,4639.3000,4640.1500,4580.0000,4588.2500
2016-10-18,4607.7000,4674.5500,4607.6000,4671.0000
2016-10-19,4683.6500,4684.1000,4651.7000,4665.4000
2016-10-20,4684.9500,4701.4500,4675.2500,4684.5000
2016-10-21,4690.6500,4690.7000,4662.0500,4685.5500
2016-10-24,4695.6500,4705.5000,4679.2000,4690.0000
2016-10-25,4695.7500,4695.9000,4664.6000,4683.6500
2016-10-26,4668.8500,4668.8500,4630.2500,4641.5000
2016-10-27,4635.1500,4635.8000,4598.1000,4627.8500
2016-10-28,4635.5500,4657.6000,4617.9500,4652.2500
2016-10-30,4672.5500,4675.5000,4647.7000,4652.5000
2016-11-01,4667.2500,4677.6500,4647.6000,4654.2000
2016-11-02,3783.3500,3784.1500,3653.1000,3661.2000
2016-11-03,4578.9000,4601.9500,4552.7500,4558.1500
2016-11-04,3983.2500,4031.1500,3956.3500,4028.0000
2016-11-05,4100.0500,4148.2000,4088.4000,4126.6000
2016-11-07,4440.1500,4470.9500,4438.7000,4467.6000
2016-11-08,4544.8500,4559.2000,4521.0500,4554.2500
2016-11-09,4312.3500,4528.5500,4257.7000,4509.2000
2016-11-10,4577.7500,4609.0000,4559.4000,4567.4500
2016-11-11,4527.5500,4530.9000,4425.7000,4434.5000
2016-11-15,4430.7500,4431.6500,4305.4500,4312.8000
2016-11-16,4366.5500,4372.2000,4303.2500,4320.5500
2016-11-17,4319.8000,4344.4500,4294.8000,4306.7500
2016-11-18,4317.5000,4332.4000,4288.9000,4308.2000
2016-11-21,4324.4000,4324.4000,4214.3500,4221.1500
2016-11-22,4252.9000,4276.6000,4224.9500,4267.5500
2016-11-23,4295.1000,4298.8500,4254.8000,4293.5000
2016-11-24,4280.5000,4289.9000,4251.4000,4262.2000
2016-11-25,4284.8500,4344.3500,4269.0500,4340.5500
2016-11-28,4325.7000,4363.6000,4318.5500,4352.9000
2016-11-29,4358.0000,4392.0000,4356.6500,4363.8500
2016-11-30,4380.1500,4414.2500,4365.5500,4409.9500
2016-12-01,4032.8000,4032.8000,3982.3500,3991.5500
2016-12-02,4363.3500,4365.9500,4318.6000,4327.2500
2016-12-04,4029.3000,4054.9500,4027.1000,4050.3500
2016-12-05,4138.4000,4160.5500,4130.1500,4155.8500
2016-12-06,4366.1500,4381.0000,4357.4500,4362.4000
2016-12-07,4377.7500,4385.6000,4328.5000,4344.0000
2016-12-08,4371.9500,4423.5000,4371.1000,4420.1000
2016-12-09,4433.5000,4433.5500,4416.6500,4426.7500
2016-12-12,4414.4000,4414.4000,4367.2500,4376.4500
2016-12-13,4387.3500,4395.5000,4366.4000,4392.1500
2016-12-14,4397.4500,4397.4500,4362.4000,4367.9000
2016-12-15,4338.1500,4394.2500,4335.2500,4357.3500
2016-12-16,4369.7000,4369.9000,4341.8000,4349.6500
2016-12-19,4345.9500,4346.5500,4324.3500,4329.0000
2016-12-20,4332.0000,4338.9500,4298.2000,4308.3000
2016-12-21,4321.7000,4324.4500,4296.0500,4300.3000
2016-12-22,4291.6000,4291.9500,4244.4000,4250.7500
2016-12-23,4248.8500,4273.1000,4226.8000,4250.5000
2016-12-26,4240.2500,4241.9000,4192.8000,4196.9000
2016-12-27,4200.7500,4272.2000,4189.7000,4266.3000
2016-12-28,4276.2000,4308.4000,4269.2500,4273.1500
2016-12-29,4272.3000,4319.3000,4267.3500,4315.5000
2016-12-30,4325.3500,4363.8000,4323.1000,4357.3000
2017-01-02,4371.9000,4373.7500,4337.0500,4364.8500
2017-01-03,4374.5500,4390.5000,4353.9000,4378.1500
2017-01-04,4385.7000,4395.2000,4373.0500,4377.8500
2017-01-05,4398.0000,4430.4000,4397.1000,4426.5500
2017-01-06,4433.3000,4447.2000,4405.6000,4411.6500
2017-01-08,5457.0500,5463.7500,5439.7000,5458.1000
2017-01-09,4421.4000,4423.1000,4406.4000,4410.5000
2017-01-10,4425.0500,4442.8500,4423.2000,4440.2500
2017-01-11,4460.4000,4496.5500,4457.5000,4492.3000
2017-01-12,4499.0000,4511.1000,4489.6000,4505.2000
2017-01-13,4529.2500,4530.6500,4486.5000,4501.7000
2017-01-16,4498.6000,4518.5000,4489.0500,4513.1500
2017-01-17,4517.2000,4529.9500,4498.1000,4508.6000
2017-01-18,4513.4500,4543.6000,4511.6500,4523.9000
2017-01-19,4525.3500,4540.2000,4517.5500,4535.0500
2017-01-20,4520.9000,4530.9000,4478.7500,4482.5500
2017-01-23,4474.6500,4512.5500,4473.4500,4506.9000
2017-01-24,4517.7000,4556.0500,4514.1000,4553.1000
2017-01-25,4567.7500,4624.0000,4564.2000,4618.9500
2017-01-27,4623.6500,4659.2000,4621.8500,4641.1000
2017-01-30,4638.3000,4654.0000,4626.8000,4640.4000
2017-01-31,4640.9500,4641.9000,4589.7500,4594.1000
2017-02-01,4600.8000,4682.9500,4584.9500,4679.7500
2017-02-02,4685.3000,4707.6500,4668.2000,4695.9500
2017-02-03,4700.3000,4712.8000,4690.1000,4706.0000
2017-02-05,5091.8500,5100.9500,5054.7500,5083.1000
2017-02-06,5202.7000,5210.9000,5191.5500,5203.7500
2017-02-07,4745.8500,4746.5000,4707.3000,4724.5000
2017-02-08,5469.9500,5470.8500,5428.4500,5441.7000
2017-02-09,4743.7000,4758.3500,4706.9000,4737.6000
2017-02-10,4755.5500,4758.1500,4730.3500,4742.7500
2017-02-11,5695.1000,5706.3500,5679.3500,5690.0000
2017-02-13,4757.4000,4760.5000,4714.9500,4743.7000
2017-02-14,4752.7000,4752.7500,4722.3500,4731.8000
2017-02-15,4726.2000,4737.9500,4681.0500,4688.1000
2017-02-16,4695.6000,4731.5000,4682.0000,4729.6000
2017-02-17,4778.4500,4783.8500,4740.2500,4753.9500
2017-02-20,4754.4000,4788.7500,4748.7500,4786.7000
2017-02-21,4794.1000,4813.7000,4784.5000,4807.2000
2017-02-22,4819.7500,4828.6000,4796.5000,4807.0500
2017-02-23,4820.0500,4833.5000,4805.7500,4811.8500
2017-02-27,4813.0000,4820.7500,4790.5000,4794.5500
2017-02-28,4798.0000,4807.4000,4784.8000,4793.2000
2017-03-01,4807.6000,4831.2000,4804.9500,4821.2000
2017-03-02,4841.9500,4846.2500,4773.2500,4783.2500
2017-03-03,4774.9500,4790.0500,4762.2000,4785.2000
2017-03-04,4976.7000,4992.7000,4966.2000,4989.7500
2017-03-05,5100.7500,5101.7000,5072.4000,5079.3000
2017-03-06,4796.8000,4819.8500,4796.3000,4817.5000
2017-03-07,4825.3500,4825.3500,4803.0500,4809.9000
2017-03-08,4812.8000,4815.5500,4774.4500,4794.9000
2017-03-09,4790.5000,4807.7500,4782.8500,4794.7000
2017-03-10,4808.7500,4820.5000,4781.2500,4794.9000
2017-03-11,5710.2000,5710.2000,5677.3500,5702.9500
2017-03-14,4877.9000,4891.0500,4856.4000,4874.8000
2017-03-15,4877.5000,4893.9000,4873.7000,4883.5000
2017-03-16,4907.8500,4931.0500,4907.2500,4929.0500
2017-03-17,4954.5000,4959.4500,4920.6000,4932.3500
2017-03-20,4939.1000,4939.2000,4913.6000,4921.4500
2017-03-21,4925.8000,4929.5000,4893.6000,4915.2000
2017-03-22,4876.7500,4885.3500,4857.5000,4865.5500
2017-03-23,4879.0000,4906.5500,4879.0000,4900.2000
2017-03-24,4909.7500,4925.0000,4904.6500,4911.3000
2017-03-27,4906.7000,4907.2000,4873.0500,4883.5000
2017-03-28,4902.3500,4918.5000,4901.6500,4913.4500
2017-03-29,4927.8500,4937.2000,4915.6500,4933.1000
2017-03-30,4934.5000,4954.8500,4932.1000,4950.0000
2017-03-31,4946.9000,4964.0500,4943.9500,4955.8000
2017-04-01,4385.7000,4395.2000,4373.0500,4377.8500
2017-04-03,4976.7000,4992.7000,4966.2000,4989.7500
2017-04-05,5102.5000,5105.7500,5084.2500,5103.2000
2017-04-06,5003.3000,5014.9000,4988.3000,5011.8500
2017-04-07,4993.6500,5015.3000,4976.2000,4982.7000
2017-04-08,5404.0000,5446.3000,5393.4500,5440.6000
2017-04-09,5419.3500,5420.8000,5344.4500,5380.3000
2017-04-10,4997.7000,5000.9000,4975.6000,4983.8500
2017-04-11,4985.0000,5016.8000,4980.4000,5014.8000
2017-04-12,5018.7500,5023.7000,4968.5500,4998.3000
2017-04-13,4998.6500,4998.6500,4971.1000,4974.1500
2017-04-17,4973.1500,4981.3000,4956.7000,4969.8000
2017-04-18,4983.3500,5015.2500,4942.5000,4947.5000
2017-04-19,4950.3500,4961.6000,4934.3500,4955.0000
2017-04-20,4962.5000,4982.6000,4960.0000,4977.4000
2017-04-21,5000.0000,5003.5000,4954.3000,4971.1000
2017-04-24,4980.9500,5025.1000,4979.3000,5021.9500
2017-04-25,5051.1500,5074.5000,5040.4500,5073.0500
2017-04-26,5090.3000,5101.8000,5055.5000,5087.3000
2017-04-27,5093.0500,5096.5000,5073.3500,5081.4000
2017-04-28,5082.7000,5083.6500,5061.3000,5072.6000
2017-05-01,4398.0000,4430.4000,4397.1000,4426.5500
2017-05-02,5091.8500,5100.9500,5054.7500,5083.1000
2017-05-03,5100.7500,5101.7000,5072.4000,5079.3000
2017-05-04,5004.8500,5015.9000,4982.1500,5012.3500
2017-05-05,5110.3000,5111.2000,5048.1000,5058.8000
2017-05-06,5210.0000,5229.5000,5201.3000,5220.8000
2017-05-07,5201.3000,5222.5000,5196.3000,5219.1500
2017-05-08,5073.5500,5088.3000,5066.5000,5077.4000
2017-05-09,5089.8500,5093.3500,5073.6500,5085.2500
2017-05-10,5387.8000,5400.9500,5369.9000,5374.1000
2017-05-11,5155.7000,5158.3000,5137.4000,5142.4500
2017-05-12,5149.3500,5149.6500,5106.8000,5124.4500
2017-05-15,5142.7500,5156.1000,5137.5000,5154.3500
2017-05-16,5163.9500,5185.5000,5158.7000,5183.8000
2017-05-17,5185.7000,5188.2500,5167.2000,5183.5000
2017-05-18,5144.5000,5162.5000,5106.7000,5113.2500
2017-05-19,5137.6500,5157.2500,5078.5000,5104.8500
2017-05-22,5134.3000,5145.3500,5090.9000,5096.4500
2017-05-23,5100.5000,5100.8500,5035.6000,5054.5000
2017-05-24,5066.9000,5075.6500,5014.5500,5026.6500
2017-05-25,5041.7000,5108.1000,5034.3500,5103.0500
2017-05-26,5105.3500,5164.1500,5099.5000,5161.1500
2017-05-29,5148.9500,5174.4000,5123.6000,5147.9500
2017-05-30,5138.9000,5170.5500,5126.7500,5166.2500
2017-05-31,5175.6500,5187.2000,5164.9500,5174.6000
2017-06-01,5168.8500,5186.0500,5162.6500,5180.2000
2017-06-02,4731.6000,4747.5000,4723.2500,4741.2000
2017-06-03,4796.8000,4819.8500,4796.3000,4817.5000
2017-06-04,5003.3000,5014.9000,4988.3000,5011.8500
2017-06-05,5210.0000,5229.5000,5201.3000,5220.8000
2017-06-06,5234.8000,5236.9000,5190.0000,5197.1000
2017-06-07,5230.2500,5252.7500,5225.3000,5238.0000
2017-06-08,5228.4000,5231.7000,5206.7000,5213.3500
2017-06-09,5379.4500,5404.7000,5369.7500,5396.0000
2017-06-10,5387.3500,5427.8000,5386.7000,5423.7000
2017-06-11,5697.4000,5730.6500,5690.6500,5709.8500
2017-06-12,5548.4500,5556.8000,5515.0000,5519.1000
2017-06-13,5202.1000,5222.0500,5189.5500,5196.5500
2017-06-14,5204.4000,5207.0000,5178.3500,5202.3500
2017-06-15,5201.7500,5205.2000,5177.5000,5187.7500
2017-06-16,5197.7000,5211.9000,5181.7500,5193.6000
2017-06-19,5214.5500,5231.1000,5204.8500,5221.8500
2017-06-20,5230.3500,5235.3500,5216.0500,5221.7500
2017-06-21,5219.7500,5221.0500,5201.1000,5213.9000
2017-06-22,5220.6000,5246.6500,5196.2500,5203.6000
2017-06-23,5210.6000,5212.4500,5151.9500,5163.6000
2017-06-27,5173.9000,5180.6500,5102.0000,5125.4000
2017-06-28,5126.7500,5135.0500,5103.5000,5120.9000
2017-06-29,5138.4500,5165.2500,5125.1000,5130.4000
2017-06-30,5117.5000,5156.1500,5100.4000,5148.5000
2017-07-02,4745.8500,4746.5000,4707.3000,4724.5000
2017-07-03,5179.5000,5204.8000,5158.7500,5200.3000
2017-07-04,4993.6500,5015.3000,4976.2000,4982.7000
2017-07-05,5201.3000,5222.5000,5196.3000,5219.1500
2017-07-06,5211.9500,5223.5500,5196.8500,5216.1000
2017-07-07,5236.4500,5244.2500,5221.8000,5235.2000
2017-07-08,5448.1500,5464.7000,5443.3000,5454.0500
2017-07-09,5416.0500,5427.1500,5402.9000,5409.8000
2017-07-10,5261.4000,5291.3500,5225.0500,5286.8500
2017-07-11,5727.0500,5730.9000,5637.8500,5647.5000
2017-07-12,5529.3000,5597.8000,5529.2000,5590.4000
2017-07-13,5328.1500,5347.8500,5327.3500,5346.0000
2017-07-14,5357.4500,5357.4500,5319.7000,5344.5500
2017-07-17,5356.7500,5363.4500,5344.2000,5357.5000
2017-07-18,5321.4500,5346.4000,5304.5500,5313.5500
2017-07-19,5330.8000,5360.0500,5328.7500,5357.8500
2017-07-20,5367.3500,5368.5500,5338.4500,5343.4000
2017-07-21,5357.0500,5366.5500,5317.5000,5360.6000
2017-07-24,5371.3500,5392.5500,5363.2500,5383.3000
2017-07-25,5404.1500,5404.5500,5377.6500,5388.0500
2017-07-26,5398.0500,5415.7000,5390.7000,5413.0500
2017-07-27,5434.6000,5458.6000,5399.7500,5407.5500
2017-07-28,5394.3000,5418.8000,5377.2500,5413.2500
2017-07-31,5425.5500,5448.1500,5417.1000,5443.9500
2017-08-01,5457.0500,5463.7500,5439.7000,5458.1000
2017-08-02,5469.9500,5470.8500,5428.4500,5441.7000
2017-08-03,5442.6000,5442.6000,5399.1000,5408.3500
2017-08-04,5404.0000,5446.3000,5393.4500,5440.6000
2017-08-05,5073.5500,5088.3000,5066.5000,5077.4000
2017-08-06,5228.4000,5231.7000,5206.7000,5213.3500
2017-08-07,5448.1500,5464.7000,5443.3000,5454.0500
2017-08-08,5462.0500,5468.6500,5385.9000,5406.9500
2017-08-09,5426.9500,5430.1000,5392.9500,5405.5500
2017-08-10,5332.8000,5337.2500,5244.0500,5277.9000
2017-08-11,5655.4500,5666.0500,5604.2000,5616.2500
2017-08-12,5610.1500,5647.4000,5609.3000,5643.4500
2017-08-14,5260.3500,5307.8000,5258.9500,5296.2500
2017-08-16,5316.4000,5357.8500,5286.1500,5354.3000
2017-08-17,5378.7500,5382.1000,5345.8500,5356.2500
2017-08-18,5333.4000,5333.4000,5293.2500,5325.9000
2017-08-21,5340.7500,5351.1000,5264.6500,5272.5500
2017-08-22,5304.1500,5314.1000,5261.2000,5268.0500
2017-08-23,5291.1500,5322.5500,5281.0000,5319.7000
2017-08-24,5335.0500,5340.2500,5319.6500,5329.7000
2017-08-28,5354.8000,5373.5000,5345.5000,5367.1000
2017-08-29,5354.0000,5354.1500,5298.1500,5305.2000
2017-08-30,5340.7000,5371.6000,5338.8500,5361.2500
2017-08-31,5373.0000,5381.0000,5348.5000,5377.6000
2017-09-01,5390.9000,5418.8000,5379.2000,5413.9000
2017-09-02,4743.7000,4758.3500,4706.9000,4737.6000
2017-09-03,4790.5000,4807.7500,4782.8500,4794.7000
2017-09-04,5419.3500,5420.8000,5344.4500,5380.3000
2017-09-05,5089.8500,5093.3500,5073.6500,5085.2500
2017-09-06,5379.4500,5404.7000,5369.7500,5396.0000
2017-09-07,5416.0500,5427.1500,5402.9000,5409.8000
2017-09-08,5396.4500,5399.2500,5344.0500,5353.9500
2017-09-10,5430.5500,5446.2500,5414.9500,5428.9000
2017-09-11,5428.9000,5457.0500,5424.2000,5444.6500
2017-09-12,5471.8000,5496.0500,5458.0000,5493.7500
2017-09-13,5499.2500,5518.1500,5473.1000,5481.8000
2017-09-14,5498.5500,5513.2500,5480.7500,5492.7500
2017-09-15,5479.5500,5506.8000,5465.1000,5493.6000
2017-09-18,5521.4000,5539.3500,5520.6500,5529.0500
2017-09-19,5541.4000,5543.1000,5517.5000,5529.1500
2017-09-20,5539.2000,5543.4500,5518.6500,5522.2000
2017-09-21,5523.3000,5533.1000,5467.5500,5506.7500
2017-09-22,5491.2000,5491.4500,5397.3000,5404.4500
2017-09-25,5403.5500,5403.5500,5313.4000,5346.9000
2017-09-26,5348.3000,5367.8000,5316.2500,5354.0500
2017-09-27,5381.7000,5381.7000,5260.9500,5272.3500
2017-09-28,5276.5000,5302.4000,5244.0500,5292.0500
2017-09-29,5316.9500,5347.9500,5304.5000,5312.7000
2017-10-01,4425.0500,4442.8500,4423.2000,4440.2500
2017-10-02,4755.5500,4758.1500,4730.3500,4742.7500
2017-10-03,4808.7500,4820.5000,4781.2500,4794.9000
2017-10-04,4997.7000,5000.9000,4975.6000,4983.8500
2017-10-05,5387.8000,5400.9500,5369.9000,5374.1000
2017-10-06,5387.3500,5427.8000,5386.7000,5423.7000
2017-10-07,5261.4000,5291.3500,5225.0500,5286.8500
2017-10-08,5332.8000,5337.2500,5244.0500,5277.9000
2017-10-09,5430.5500,5446.2500,5414.9500,5428.9000
2017-10-10,5444.4500,5458.1000,5439.8500,5450.4500
2017-10-11,5630.0500,5650.2000,5602.1500,5637.1500
2017-10-12,5440.9500,5490.7000,5419.5500,5486.7500
2017-10-13,5502.9000,5527.9500,5500.9500,5516.1500
2017-10-16,5538.1500,5555.8500,5517.5000,5548.0000
2017-10-17,5549.0500,5562.9500,5539.1500,5556.2500
2017-10-18,5547.9500,5557.0500,5525.3000,5544.1500
2017-10-19,5547.3500,5548.3000,5496.9500,5511.0000
2017-10-23,5525.8000,5549.2000,5501.6500,5534.1500
2017-10-24,5552.4500,5560.8000,5531.7000,5544.6000
2017-10-25,5604.2000,5613.2500,5561.5000,5593.2500
2017-10-26,5593.3500,5623.8000,5581.5500,5618.2500
2017-10-27,5630.7500,5635.2500,5609.1500,5615.3000
2017-10-30,5634.2000,5658.2500,5630.4000,5649.7500
2017-10-31,5654.2000,5655.3000,5627.0500,5639.1500
2017-11-01,4460.4000,4496.5500,4457.5000,4492.3000
2017-11-02,5695.1000,5706.3500,5679.3500,5690.0000
2017-11-03,5710.2000,5710.2000,5677.3500,5702.9500
2017-11-04,4985.0000,5016.8000,4980.4000,5014.8000
2017-11-05,5155.7000,5158.3000,5137.4000,5142.4500
2017-11-06,5697.4000,5730.6500,5690.6500,5709.8500
2017-11-07,5727.0500,5730.9000,5637.8500,5647.5000
2017-11-08,5655.4500,5666.0500,5604.2000,5616.2500
2017-11-09,5648.4000,5656.4500,5597.9000,5632.7000
2017-11-10,5630.0500,5650.2000,5602.1500,5637.1500
2017-11-12,5668.1500,5674.4500,5652.0500,5671.4000
2017-11-13,5640.5500,5645.4500,5586.6000,5591.0000
2017-11-14,5592.4500,5605.3500,5566.2000,5572.2500
2017-11-15,5564.5500,5566.9000,5513.0500,5528.0500
2017-11-16,5547.1000,5592.5000,5539.7500,5583.6500
2017-11-17,5644.0500,5657.7000,5620.1500,5628.0500
2017-11-20,5630.7000,5645.2500,5617.3500,5640.3500
2017-11-21,5657.9000,5671.7500,5642.7000,5653.7500
2017-11-22,5668.7000,5674.2000,5638.8000,5659.4500
2017-11-23,5668.9000,5675.4000,5637.3500,5663.4000
2017-11-24,5674.7000,5692.7000,5670.9500,5688.3000
2017-11-27,5675.5000,5702.7500,5666.2000,5699.2000
2017-11-28,5696.1500,5708.8000,5677.4000,5688.7000
2017-11-29,5694.3000,5703.6500,5674.5000,5682.8000
2017-11-30,5667.2000,5667.3500,5611.5500,5618.8500
2017-12-01,4499.0000,4511.1000,4489.6000,4505.2000
2017-12-04,5018.7500,5023.7000,4968.5500,4998.3000
2017-12-05,5149.3500,5149.6500,5106.8000,5124.4500
2017-12-06,5217.3000,5217.4000,5188.2500,5199.0500
2017-12-07,5529.3000,5597.8000,5529.2000,5590.4000
2017-12-08,5610.1500,5647.4000,5609.3000,5643.4500
2017-12-09,5471.8000,5496.0500,5458.0000,5493.7500
2017-12-10,5440.9500,5490.7000,5419.5500,5486.7500
2017-12-11,5668.1500,5674.4500,5652.0500,5671.4000
2017-12-12,5673.4000,5673.7500,5620.1000,5624.9500
2017-12-13,5623.8000,5650.7500,5577.6000,5591.5500
2017-12-14,5611.9500,5627.6000,5558.8500,5616.3000
2017-12-15,5667.6000,5682.8500,5657.6500,5663.6000
2017-12-18,5628.2500,5727.7000,5527.4000,5698.3500
2017-12-19,5715.3000,5753.8500,5712.0000,5749.4500
2017-12-20,5764.8500,5769.2000,5740.0000,5746.8000
2017-12-21,5763.2000,5765.4500,5744.7500,5756.1500
2017-12-22,5767.6500,5786.3500,5763.1000,5782.3000
2017-12-26,5793.7500,5810.0500,5779.2000,5805.0500
2017-12-27,5808.1500,5819.0500,5770.6000,5785.3000
2017-12-28,5791.3500,5810.5000,5774.7000,5781.6000
2017-12-29,5792.8000,5817.9000,5791.3000,5814.1000
2018-01-01,5817.9000,5825.3000,5765.2500,5772.8500
2018-01-02,5796.0000,5804.6500,5741.6500,5766.7000
2018-01-03,5788.9000,5805.3500,5767.6500,5776.3000
2018-01-04,5792.1500,5819.8000,5775.3500,5815.7000
2018-01-05,5834.0000,5857.6000,5829.0500,5855.3000
2018-01-06,5773.9500,5786.1500,5733.0000,5739.7500
2018-01-08,5873.9500,5898.7000,5872.8500,5894.6500
2018-01-09,5907.2000,5913.0000,5875.5000,5895.5500
2018-01-10,5731.4500,5785.4500,5662.9500,5772.3000
2018-01-11,5890.2000,5907.8000,5876.1000,5898.3000
2018-01-12,5916.4000,5921.2500,5859.5000,5909.2000
2018-01-15,5930.1500,5958.3500,5926.2500,5931.6000
2018-01-16,5942.8500,5943.0500,5877.5500,5887.0500
2018-01-17,5887.3500,5941.1500,5848.2000,5934.5500
2018-01-18,5979.5500,5985.5000,5895.6000,5920.8000
2018-01-19,5927.4500,5973.1500,5907.0500,5966.2000
2018-01-22,5963.8000,6010.6500,5958.3500,6006.5500
2018-01-23,6024.0000,6071.4500,6022.7500,6067.3000
2018-01-24,6059.2500,6078.7500,6037.6500,6056.6500
2018-01-25,6063.5000,6063.7500,6011.7500,6032.5500
2018-01-29,6042.1500,6074.6000,6037.6500,6048.0000
2018-01-30,6042.4500,6042.4500,5995.6500,6005.1000
2018-01-31,5989.0500,6006.4000,5949.1000,5979.2000
2018-02-01,5990.0000,6020.3500,5887.1000,5970.2500
2018-02-02,5922.2500,5927.3500,5797.8000,5809.9500
2018-02-04,5521.9000,5570.3000,5510.7000,5565.9000
2018-02-05,5884.7000,5884.8000,5815.9000,5832.6500
2018-02-06,5551.9500,5724.5000,5542.2500,5675.7500
2018-02-07,5725.6000,5726.5500,5649.5500,5679.7000
2018-02-08,6023.9500,6023.9500,5983.6500,5989.2500
2018-02-09,5648.0000,5703.8000,5640.6500,5690.2500
2018-02-11,5550.0500,5622.5000,5547.3000,5588.7500
2018-02-12,5728.7000,5754.4500,5714.4500,5745.9000
2018-02-14,5774.6500,5776.0500,5708.4000,5730.4500
2018-02-15,5750.5000,5780.0000,5716.2500,5735.1500
2018-02-16,5762.8000,5772.6500,5668.6000,5681.4000
2018-02-19,5700.2000,5700.4000,5593.3500,5635.7000
2018-02-20,5641.9500,5664.8500,5620.8500,5630.4000
2018-02-21,5663.9000,5664.0500,5618.1500,5643.1000
2018-02-22,5621.4000,5638.5500,5612.6500,5626.5500
2018-02-23,5642.6500,5699.6500,5636.6500,5695.3000
2018-02-26,5717.6000,5749.7500,5712.9000,5745.7500
2018-02-27,5762.8000,5771.8000,5719.2000,5727.7000
2018-02-28,5691.6000,5719.4000,5674.7500,5699.5000
2018-03-01,5693.5500,5720.1500,5669.3500,5675.7500
2018-03-04,5554.3500,5599.3000,5548.3000,5594.1500
2018-03-05,5659.9000,5659.9500,5600.4500,5620.4500
2018-03-06,5654.6500,5668.4000,5544.8000,5561.5500
2018-03-07,5683.3000,5711.1000,5661.9000,5706.2000
2018-03-08,6016.4000,6051.4500,6015.3500,6048.0500
2018-03-09,6277.3500,6277.3500,6184.9500,6193.3500
2018-03-10,5758.8500,5761.5000,5686.7500,5695.6500
2018-03-12,5761.2000,5765.1500,5724.2500,5742.7500
2018-03-13,5613.4000,5667.3500,5609.2000,5643.8000
2018-03-14,5624.2500,5645.9000,5602.1000,5641.4500
2018-03-15,5640.0500,5654.7000,5616.6000,5623.9500
2018-03-16,5617.9500,5618.4000,5535.2000,5543.1500
2018-03-19,5555.7000,5559.6500,5469.6500,5479.4000
2018-03-20,5454.8000,5513.1000,5453.2000,5497.9500
2018-03-21,5529.0000,5555.8500,5504.4000,5516.1000
2018-03-22,5522.9500,5543.3000,5487.6000,5491.9000
2018-03-23,5408.6500,5440.2500,5397.6500,5430.1000
2018-03-26,5426.1500,5510.2000,5410.6500,5503.4000
2018-03-27,5535.6000,5551.5000,5515.1000,5540.1500
2018-03-28,5516.7000,5526.3500,5491.3000,5499.3500
2018-04-01,5792.1500,5819.8000,5775.3500,5815.7000
2018-04-02,5521.9000,5570.3000,5510.7000,5565.9000
2018-04-03,5554.3500,5599.3000,5548.3000,5594.1500
2018-04-04,5611.2000,5618.4500,5522.5500,5530.6500
2018-04-05,5587.6000,5640.8500,5587.1500,5637.6000
2018-04-06,5637.7000,5659.9500,5619.0000,5652.3500
2018-04-07,5712.0500,5738.3500,5689.4000,5734.1000
2018-04-09,5654.9000,5684.1000,5652.6500,5674.5500
2018-04-10,5694.1500,5699.8000,5671.9500,5684.0500
2018-04-11,5698.0500,5698.0500,5658.9000,5691.3500
2018-04-12,5740.9500,5748.7500,5718.8500,5733.5000
2018-04-13,5723.4500,5739.5500,5700.0000,5717.3000
2018-04-16,5677.2500,5750.6000,5675.8500,5745.9500
2018-04-17,5762.7500,5763.0000,5729.1000,5756.5500
2018-04-18,5773.7500,5779.6500,5735.7500,5745.9500
2018-04-19,5767.1500,5775.1500,5757.1000,5772.1500
2018-04-20,5767.0500,5773.7500,5745.5500,5765.9500
2018-04-23,5778.7000,5805.9500,5748.6500,5781.8500
2018-04-24,5781.1500,5803.6500,5772.4500,5794.7000
2018-04-25,5792.9500,5796.5000,5754.0500,5772.5000
2018-04-26,5783.7500,5797.9500,5765.6500,5792.7500
2018-04-27,5812.4000,5847.2000,5810.7000,5832.7000
2018-04-30,5842.9000,5869.3500,5842.4000,5862.3500
2018-05-01,5834.0000,5857.6000,5829.0500,5855.3000
2018-05-02,5884.7000,5884.8000,5815.9000,5832.6500
2018-05-03,5659.9000,5659.9500,5600.4500,5620.4500
2018-05-04,5809.0500,5809.0500,5760.5000,5767.9500
2018-05-06,5699.9500,5701.0500,5643.5500,5667.7000
2018-05-07,5787.6500,5822.6000,5776.4500,5818.6000
2018-05-08,5839.3500,5839.7500,5802.8000,5816.2000
2018-05-09,6119.2000,6133.8000,6046.2000,6099.8000
2018-05-10,5834.7000,5837.9000,5781.1000,5787.0000
2018-05-11,5801.7500,5829.4000,5784.7500,5826.5000
2018-05-12,5706.9500,5707.2000,5659.9500,5679.2500
2018-05-14,5830.7500,5837.1000,5801.4000,5814.1500
2018-05-15,5814.5000,5877.7500,5787.4500,5802.7000
2018-05-16,5776.6500,5801.8000,5746.8500,5777.0000
2018-05-17,5795.7000,5796.2000,5746.8000,5755.9500
2018-05-18,5751.5000,5752.4000,5695.0000,5700.9000
2018-05-21,5708.8500,5711.4000,5640.4500,5646.1000
2018-05-22,5646.7500,5671.4000,5628.3000,5665.3500
2018-05-23,5658.3500,5666.8500,5607.5000,5614.3500
2018-05-24,5632.2500,5657.0500,5600.5000,5646.4500
2018-05-25,5657.9000,5719.2500,5652.3000,5708.8500
2018-05-28,5734.6500,5772.8500,5731.2000,5764.3000
2018-05-29,5764.9500,5781.8000,5726.3000,5738.8000
2018-05-30,5707.5000,5745.9000,5700.2000,5728.5500
2018-05-31,5756.3500,5784.8000,5725.1000,5772.7500
2018-06-01,5773.9500,5786.1500,5733.0000,5739.7500
2018-06-02,5551.9500,5724.5000,5542.2500,5675.7500
2018-06-03,5654.6500,5668.4000,5544.8000,5561.5500
2018-06-04,5637.7000,5659.9500,5619.0000,5652.3500
2018-06-05,5699.9500,5701.0500,5643.5500,5667.7000
2018-06-06,5672.0000,5730.8000,5662.9000,5725.1500
2018-06-07,5714.0500,5759.5000,5709.0000,5734.7500
2018-06-08,6070.1500,6083.2000,6055.3500,6062.9500
2018-06-09,6123.0000,6144.1500,6078.1500,6132.3000
2018-06-11,5591.2500,5613.4000,5551.6000,5571.5000
2018-06-12,5644.5000,5645.2500,5579.2500,5584.8500
2018-06-13,5849.6000,5851.3000,5825.9500,5829.0500
2018-06-14,5819.0500,5819.1500,5787.3500,5808.5500
2018-06-15,5808.7000,5820.9500,5774.3500,5802.3000
2018-06-18,5807.2000,5809.4000,5783.7500,5789.1500
2018-06-19,5781.3500,5781.3500,5733.7000,5738.9500
2018-06-20,5751.8000,5773.3000,5742.8500,5767.2500
2018-06-21,5786.3500,5787.5000,5739.3500,5746.7500
2018-06-22,5747.4000,5793.6500,5725.2000,5786.5500
2018-06-25,5787.1000,5793.0500,5743.2500,5748.8000
2018-06-26,5737.8000,5770.0000,5732.8500,5751.4500
2018-06-27,5760.7500,5760.7500,5681.9500,5691.8500
2018-06-28,5685.4500,5691.9500,5624.0500,5637.2000
2018-06-29,5654.0000,5716.6500,5653.7500,5713.2000
2018-07-02,5725.6000,5726.5500,5649.5500,5679.7000
2018-07-03,5552.9000,5558.3000,5496.3000,5503.7500
2018-07-04,5712.0500,5738.3500,5689.4000,5734.1000
2018-07-05,5742.5000,5742.5000,5709.2500,5718.1500
2018-07-06,5714.0500,5759.5000,5709.0000,5734.7500
2018-07-08,6082.0000,6084.6000,6043.3000,6061.4500
2018-07-09,5769.3500,5785.7000,5755.7000,5783.4000
2018-07-10,5809.7500,5837.8500,5798.6500,5833.7500
2018-07-11,5836.6500,5847.3000,5818.4500,5824.9000
2018-07-12,5855.6000,5888.0500,5845.5500,5850.6000
2018-07-13,5867.6500,5870.1500,5828.4500,5837.5500
2018-07-16,5838.2500,5838.3000,5765.0000,5770.7000
2018-07-17,5772.1000,5827.1000,5761.9000,5822.7500
2018-07-18,5850.0500,5857.4500,5780.4500,5796.5000
2018-07-19,5806.1000,5808.2500,5762.3000,5778.5000
2018-07-20,5780.0000,5817.5500,5768.2500,5810.1000
2018-07-23,5818.5000,5863.2000,5814.6500,5859.3500
2018-07-24,5872.7500,5908.8500,5871.0000,5906.1000
2018-07-25,5915.2500,5920.4500,5894.4000,5904.7000
2018-07-26,5908.1000,5939.7500,5906.8500,5929.7000
2018-07-27,5962.2000,5989.6000,5954.4000,5986.8500
2018-07-30,5998.2500,6015.3000,5977.3500,6011.6000
2018-07-31,6008.3000,6036.9000,5987.5500,6032.3000
2018-08-01,5873.9500,5898.7000,5872.8500,5894.6500
2018-08-02,5697.7500,5769.8000,5680.8000,5741.3500
2018-08-03,6016.4000,6051.4500,6015.3500,6048.0500
2018-08-05,5839.3500,5839.7500,5802.8000,5816.2000
2018-08-06,5762.3500,5791.0500,5750.5000,5785.6000
2018-08-07,6082.0000,6084.6000,6043.3000,6061.4500
2018-08-08,6073.1500,6091.4500,6054.7500,6087.1000
2018-08-09,6109.2000,6110.0000,6090.1000,6101.8000
2018-08-10,5413.7500,5457.3000,5340.2500,5417.9000
2018-08-13,6043.5000,6063.6500,6025.0500,6033.2000
2018-08-14,6047.4000,6080.6500,6042.8500,6077.7500
2018-08-16,6057.7500,6086.7500,6039.6500,6051.6500
2018-08-17,6079.8000,6110.2500,6077.8500,6105.5000
2018-08-20,6124.5000,6157.0000,6123.0500,6152.9500
2018-08-21,6167.2000,6169.6500,6147.0500,6165.2500
2018-08-23,6189.5000,6189.5000,6150.0000,6172.7500
2018-08-24,6164.6000,6184.0000,6140.7000,6159.1000
2018-08-27,6186.1000,6233.7000,6181.7500,6228.7000
2018-08-28,6248.2000,6262.7000,6231.7500,6244.4000
2018-08-29,6249.7500,6260.6500,6228.8000,6234.9500
2018-08-30,6237.1500,6240.3000,6214.0500,6232.5000
2018-08-31,6233.6000,6264.6500,6216.2000,6240.5500
2018-09-01,5907.2000,5913.0000,5875.5000,5895.5500
2018-09-02,5648.0000,5703.8000,5640.6500,5690.2500
2018-09-03,6277.3500,6277.3500,6184.9500,6193.3500
2018-09-04,5654.9000,5684.1000,5652.6500,5674.5500
2018-09-05,5803.8000,5833.0000,5802.6000,5818.1000
2018-09-06,6123.0000,6144.1500,6078.1500,6132.3000
2018-09-07,5769.3500,5785.7000,5755.7000,5783.4000
2018-09-08,6109.2000,6110.0000,6090.1000,6101.8000
2018-09-10,5438.8000,5445.3000,5366.9000,5393.0000
2018-09-11,5617.2000,5628.4500,5585.1000,5614.1500
2018-09-12,6023.8000,6046.3500,5971.4000,6039.3500
2018-09-14,6079.3000,6127.7000,6078.2500,6123.8000
2018-09-17,6097.8000,6097.8000,6051.7500,6057.2000
2018-09-18,6058.8500,6076.5500,5990.9500,5996.5500
2018-09-19,6022.1500,6025.7000,5952.0500,5968.7500
2018-09-21,5992.0000,6024.7000,5721.8500,5899.7000
2018-09-24,5911.6500,5914.4500,5776.5000,5788.4500
2018-09-25,5786.7000,5844.7000,5734.1500,5835.7500
2018-09-26,5877.6500,5877.6500,5802.6500,5834.1500
2018-09-27,5845.7500,5849.2000,5766.0000,5776.2000
2018-09-28,5794.7000,5807.9000,5688.4000,5735.0500
2018-10-01,5731.4500,5785.4500,5662.9500,5772.3000
2018-10-03,5758.8500,5761.5000,5686.7500,5695.6500
2018-10-04,5694.1500,5699.8000,5671.9500,5684.0500
2018-10-05,5525.9000,5540.1000,5392.9000,5421.0000
2018-10-07,5809.7500,5837.8500,5798.6500,5833.7500
2018-10-08,6105.7000,6106.7000,6069.7500,6075.7000
2018-10-09,6162.3500,6167.0500,6078.2000,6084.5500
2018-10-10,5409.9000,5512.5000,5408.4000,5502.5000
2018-10-11,5344.9000,5444.1000,5330.0500,5384.5500
2018-10-12,5437.7500,5523.3500,5433.6500,5511.7500
2018-10-15,5540.2000,5543.0000,5484.9500,5536.6000
2018-10-16,5558.7000,5590.6000,5548.6000,5584.7500
2018-10-17,5640.1500,5651.0500,5494.4500,5502.5500
2018-10-19,5448.0500,5474.1000,5398.3000,5426.5500
2018-10-22,5476.9000,5478.2000,5381.1000,5392.0500
2018-10-23,5344.6500,5382.5500,5312.7000,5339.0500
2018-10-24,5402.0500,5409.9500,5327.6000,5380.9000
2018-10-25,5329.9000,5347.3000,5302.9000,5327.8000
2018-10-26,5327.8000,5340.3000,5262.8000,5289.5000
2018-10-29,5314.3500,5421.9000,5283.6000,5412.2500
2018-10-30,5409.3000,5435.7000,5383.3000,5398.8500
2018-10-31,5409.1500,5503.2500,5355.5500,5498.4000
2018-11-01,5526.5000,5526.5500,5486.0000,5505.5500
2018-11-02,5550.0500,5622.5000,5547.3000,5588.7500
2018-11-04,5698.0500,5698.0500,5658.9000,5691.3500
2018-11-05,5590.0000,5595.6000,5550.6500,5576.4000
2018-11-06,5795.4000,5827.7000,5788.4000,5793.6000
2018-11-07,5836.6500,5847.3000,5818.4500,5824.9000
2018-11-09,6104.1500,6106.3000,5993.4000,6000.3500
2018-11-10,5344.9000,5444.1000,5330.0500,5384.5500
2018-11-12,5443.0500,5570.7500,5437.5500,5561.7000
2018-11-13,5543.0500,5608.7500,5532.0500,5602.4000
2018-11-14,5630.0500,5638.3500,5577.7500,5600.3000
2018-11-15,5602.8000,5633.3500,5584.5500,5622.4500
2018-11-16,5635.8000,5659.3500,5621.7000,5649.1000
2018-11-19,5673.8500,5694.1000,5651.2500,5688.8000
2018-11-20,5676.2000,5680.6000,5623.1000,5630.6000
2018-11-21,5639.1000,5644.1000,5589.0500,5616.3000
2018-11-22,5623.2500,5637.2500,5568.7000,5575.9500
2018-11-26,5597.7500,5625.7000,5552.8500,5620.8000
2018-11-27,5617.1500,5651.0500,5606.9500,5646.6000
2018-11-28,5657.0000,5676.4000,5649.8000,5655.9500
2018-11-29,5694.5500,5726.7500,5680.4500,5716.7000
2018-11-30,5733.7000,5750.4500,5710.0000,5732.9000
2018-12-01,5916.4000,5921.2500,5859.5000,5909.2000
2018-12-02,5728.7000,5754.4500,5714.4500,5745.9000
2018-12-03,5761.2000,5765.1500,5724.2500,5742.7500
2018-12-04,5687.8000,5713.1500,5678.1000,5704.7000
2018-12-05,5706.9500,5707.2000,5659.9500,5679.2500
2018-12-06,5807.5000,5833.4000,5795.8500,5827.3000
2018-12-07,5855.6000,5888.0500,5845.5500,5850.6000
2018-12-09,6023.8000,6046.3500,5971.4000,6039.3500
2018-12-10,5437.7500,5523.3500,5433.6500,5511.7500
2018-12-11,5443.0500,5570.7500,5437.5500,5561.7000
2018-12-12,5584.3500,5676.3500,5572.3500,5669.5500
2018-12-13,5706.0500,5727.8500,5678.0000,5702.7000
2018-12-14,5699.5000,5720.5000,5683.2500,5712.6000
2018-12-17,5736.2500,5760.5500,5731.1000,5754.7000
2018-12-18,5736.3500,5772.8500,5724.2000,5768.7000
2018-12-19,5784.1000,5818.1000,5783.1500,5810.6000
2018-12-20,5770.4500,5806.4000,5765.7000,5801.3500
2018-12-21,5801.9000,5813.6500,5693.8000,5701.2500
2018-12-24,5713.5000,5714.3000,5643.8000,5650.6000
2018-12-26,5634.8500,5689.4500,5574.7000,5679.2500
2018-12-27,5723.8500,5729.0500,5697.1500,5702.9500
2018-12-28,5724.3500,5763.8500,5722.8000,5748.3000
2018-12-31,5775.5500,5783.0500,5750.3500,5755.3500
2019-01-01,5766.0000,5779.5500,5726.7000,5773.7000
2019-01-02,5679.2500,5748.8000,5656.3500,5701.6500
2019-01-03,5667.8000,5694.5500,5666.1500,5688.6500
2019-01-04,6103.7000,6138.1000,6090.4000,6102.6000
2019-01-07,6124.7000,6142.9000,6120.9500,6135.1000
2019-01-08,5705.3000,5717.7500,5679.7500,5710.1500
2019-01-09,5739.2000,5743.1500,5678.8000,5730.9500
2019-01-10,5935.1000,5955.2500,5789.0500,5850.4000
2019-01-11,6145.3500,6162.8000,6128.2500,6146.0500
2019-01-14,5710.9000,5711.2000,5653.3500,5678.1000
2019-01-15,5698.5000,5752.0500,5698.5000,5747.7500
2019-01-16,5754.1000,5771.3500,5742.6000,5748.7500
2019-01-17,5764.0000,5770.0000,5724.3500,5752.4500
2019-01-18,5759.2500,5764.3500,5722.1000,5741.3500
2019-01-21,5748.1500,5779.1000,5731.6500,5756.0500
2019-01-22,5750.0500,5750.0500,5705.4000,5742.1000
2019-01-23,5746.8500,5754.7000,5691.2000,5700.4500
2019-01-24,5707.6000,5712.2000,5682.0000,5704.7000
2019-01-25,5712.6000,5744.3000,5643.6000,5657.6000
2019-01-28,5661.4500,5662.8500,5566.4000,5583.8000
2019-01-29,5576.9000,5602.2500,5549.1500,5582.7000
2019-01-30,5607.5500,5611.6000,5563.9500,5585.8000
2019-01-31,5606.4500,5669.0500,5595.1000,5666.4500
2019-02-01,5754.5500,5771.1000,5686.7000,5712.1000
2019-02-04,5693.7000,5704.4500,5650.9000,5697.5500
2019-02-05,5696.2000,5713.8500,5685.7500,5696.8000
2019-02-06,5711.9000,5760.7000,5704.7500,5754.8500
2019-02-07,5758.9500,5792.2000,5752.8000,5770.1500
2019-02-08,5747.5000,5754.1000,5690.7000,5699.0500
2019-02-11,5691.8000,5691.8000,5644.8500,5659.1500
2019-02-12,5655.9500,5673.4000,5627.9000,5632.7500
2019-02-13,5652.5000,5662.6500,5599.3500,5608.9500
2019-02-14,5603.5000,5612.2500,5577.3000,5596.5500
2019-02-15,5609.3000,5610.9000,5520.8000,5571.1000
2019-02-18,5576.1500,5585.2000,5520.8500,5526.6500
2019-02-19,5525.7500,5572.0000,5506.8500,5515.6000
2019-02-20,5541.5500,5591.7500,5539.8500,5583.1500
2019-02-21,5590.2000,5624.7000,5578.6500,5617.2500
2019-02-22,5615.2000,5629.7000,5606.2500,5625.4500
2019-02-25,5638.6000,5669.8500,5624.8000,5666.2000
2019-02-26,5612.4000,5674.3000,5580.7000,5646.9500
2019-02-27,5671.4000,5710.6500,5608.4500,5640.5000
2019-02-28,5669.7500,5669.9000,5635.2500,5642.5500
2019-03-01,5714.2000,5728.0500,5647.8500,5652.9500
2019-03-04,6129.5500,6143.6000,6070.4000,6077.7500
2019-03-05,5691.2500,5769.9000,5671.2000,5766.4000
2019-03-06,5789.2500,5807.6500,5778.5500,5801.7000
2019-03-07,6169.5000,6178.1000,6148.3500,6166.6000
2019-03-08,5790.0000,5796.0500,5771.3500,5788.8000
2019-03-09,5658.7000,5661.3500,5563.4000,5575.9500
2019-03-10,5830.6000,5855.9000,5797.7000,5826.0000
2019-03-11,5806.9000,5876.9500,5803.2500,5871.8000
2019-03-12,5905.2500,5944.8000,5903.3000,5931.6000
2019-03-13,5944.1000,5951.6000,5915.6000,5940.2500
2019-03-14,5960.0000,5962.8500,5923.9500,5938.9000
2019-03-15,5955.8000,6003.2500,5953.9000,5976.2000
2019-03-18,5999.9500,6024.9000,5966.8000,5990.1500
2019-03-19,6011.2000,6029.6000,5987.4500,6025.3500
2019-03-20,6036.2500,6037.0000,6006.8000,6014.9500
2019-03-22,6027.5000,6041.9000,5970.1000,5979.9500
2019-03-25,5946.7000,5946.7000,5905.2000,5925.1500
2019-03-26,5937.6500,5998.0500,5931.0500,5991.2000
2019-03-27,6016.6000,6026.7500,5963.2000,5977.8500
2019-03-28,5988.5000,6049.6500,5982.9000,6041.4000
2019-03-29,6070.4500,6082.5000,6047.5000,6079.9500
2019-04-01,6103.7000,6138.1000,6090.4000,6102.6000
2019-04-02,6123.3500,6123.4000,6090.9500,6115.9500
2019-04-03,6129.5500,6143.6000,6070.4000,6077.7500
2019-04-04,6087.6000,6088.5000,6035.4000,6057.5500
2019-04-05,6078.1500,6104.2500,6065.6000,6093.6000
2019-04-06,6241.5000,6268.0500,6219.8500,6227.0000
2019-04-07,6172.9500,6191.1000,6171.1500,6179.9000
2019-04-08,6112.6500,6115.3500,6033.6500,6060.7000
2019-04-09,5573.6000,5602.8500,5542.5000,5596.7000
2019-04-10,6080.4500,6097.8500,6045.7500,6052.3000
2019-04-11,6056.5500,6065.1000,6036.5500,6060.2500
2019-04-12,6068.1000,6090.2500,6054.4500,6085.0000
2019-04-15,6098.6000,6116.5500,6088.2500,6110.5000
2019-04-16,6132.9500,6163.6000,6131.1000,6153.0500
2019-04-18,6184.0500,6184.0500,6119.6500,6129.8000
2019-04-22,6115.4000,6115.4000,6035.9000,6041.3000
2019-04-23,6050.9000,6068.1500,6027.2500,6033.6500
2019-04-24,6046.1500,6107.2500,6031.5500,6100.9500
2019-04-25,6107.1000,6136.2000,6052.3500,6060.7500
2019-04-26,6082.2000,6108.3500,6065.1500,6104.4000
2019-04-30,6100.8500,6100.8500,6045.4500,6092.5500
2019-05-02,5696.2000,5713.8500,5685.7500,5696.8000
2019-05-03,5691.2500,5769.9000,5671.2000,5766.4000
2019-05-04,6078.1500,6104.2500,6065.6000,6093.6000
2019-05-06,6015.5000,6029.1500,5995.9500,6008.2500
2019-05-07,6190.3500,6198.1000,6096.5000,6104.8000
2019-05-08,5618.7000,5619.5000,5557.5000,5600.7500
2019-05-09,5867.8500,5885.4500,5834.7500,5859.7500
2019-05-10,5865.5000,5882.2000,5838.3500,5851.7500
2019-05-11,6179.8500,6181.7500,6118.1500,6142.1500
2019-05-12,6214.5500,6217.6500,6175.5000,6185.8000
2019-05-13,5840.6000,5854.2000,5762.1000,5772.7000
2019-05-14,5771.6000,5841.2000,5742.9500,5806.9000
2019-05-15,5829.4000,5840.4500,5763.4000,5773.3000
2019-05-16,5783.8000,5827.0000,5758.6500,5815.3000
2019-05-17,5817.0500,5896.0500,5814.9000,5888.9000
2019-05-20,6019.0000,6112.8500,5987.6000,6106.0000
2019-05-21,6124.7000,6132.6500,6030.8000,6044.6000
2019-05-22,6054.5500,6076.8500,6029.6000,6055.5500
2019-05-23,6139.7500,6211.2500,6003.9500,6024.3000
2019-05-24,6067.6500,6134.4000,6029.9000,6129.8000
2019-05-27,6134.3500,6189.0000,6114.5000,6177.1500
2019-05-28,6195.7000,6195.7000,6151.2500,6181.3500
2019-05-29,6172.5500,6178.8500,6132.0000,6143.8000
2019-05-30,6147.7000,6192.7000,6145.3000,6183.8000
2019-05-31,6210.5500,6234.0000,6131.8000,6177.8500
2019-06-02,5711.9000,5760.7000,5704.7500,5754.8500
2019-06-03,6193.2000,6264.8000,6173.7000,6258.7000
2019-06-04,6241.5000,6268.0500,6219.8500,6227.0000
2019-06-05,6015.5000,6029.1500,5995.9500,6008.2500
2019-06-06,6235.6000,6235.6000,6122.7500,6128.9500
2019-06-07,6137.4500,6153.3000,6085.4500,6138.5500
2019-06-08,5576.2500,5683.0000,5575.5000,5653.2500
2019-06-09,5621.6500,5655.3500,5610.8500,5650.0500
2019-06-10,6170.4500,6189.7500,6136.9000,6161.6500
2019-06-11,6140.5500,6182.6500,6110.9000,6164.0500
2019-06-12,6201.1500,6205.3000,6111.9000,6129.9000
2019-06-13,6137.9000,6161.7000,6102.6500,6153.9500
2019-06-14,6151.3000,6152.5000,6092.1000,6103.9500
2019-06-17,6111.9000,6111.9500,6017.8000,6024.7000
2019-06-18,6027.5500,6053.3500,6007.4000,6032.2000
2019-06-19,6059.1500,6086.4000,5987.9500,6021.2000
2019-06-20,6005.4000,6105.4500,5991.7000,6099.6000
2019-06-21,6095.9000,6095.9000,6043.7500,6053.9000
2019-06-24,6055.8000,6068.9000,6028.2500,6042.7500
2019-06-25,6032.4000,6095.2500,6017.7500,6087.9500
2019-06-26,6074.2500,6131.7500,6068.9000,6120.4500
2019-06-27,6127.3000,6152.3000,6114.0000,6124.4000
2019-06-28,6134.1500,6138.5500,6091.6500,6099.4500
2019-07-01,5720.8000,5733.2000,5687.9500,5699.1000
2019-07-02,6148.9500,6161.0000,6111.3000,6157.7500
2019-07-03,6169.5000,6178.1000,6148.3500,6166.6000
2019-07-04,6172.9500,6191.1000,6171.1500,6179.9000
2019-07-05,6190.3500,6198.1000,6096.5000,6104.8000
2019-07-06,6137.4500,6153.3000,6085.4500,6138.5500
2019-07-08,6080.0000,6080.8500,5952.4000,5970.9500
2019-07-09,5958.2500,5987.0000,5922.4500,5975.8000
2019-07-10,5967.1000,5992.5500,5930.8500,5940.8000
2019-07-11,5971.5500,5990.6500,5949.9500,5984.2500
2019-07-12,5993.5000,6018.1000,5970.0000,5976.4000
2019-07-15,6004.1000,6006.2500,5958.7000,5988.5000
2019-07-16,5991.3500,6032.7500,5980.1500,6030.1500
2019-07-17,6034.0500,6052.2000,6024.0500,6039.6000
2019-07-18,6033.4500,6033.7000,5978.1500,5984.3000
2019-07-19,6002.7000,6009.7500,5876.8000,5887.4000
2019-07-22,5874.3500,5876.1500,5822.6500,5855.1000
2019-07-23,5867.5000,5873.1500,5827.2000,5842.5500
2019-07-24,5839.2500,5857.6000,5780.8000,5798.5500
2019-07-25,5808.4500,5845.8500,5790.4000,5797.3500
2019-07-26,5796.3000,5830.8000,5777.4000,5820.4500
2019-07-29,5829.0000,5830.4000,5748.5500,5767.2000
2019-07-30,5778.0000,5805.8000,5699.2000,5704.7000
2019-07-31,5678.6000,5741.9500,5659.0500,5731.9000
2019-08-01,5703.5000,5717.2000,5610.8500,5661.4500
2019-08-02,5634.6000,5710.4500,5589.4500,5668.7000
2019-08-03,5790.0000,5796.0500,5771.3500,5788.8000
2019-08-04,6112.6500,6115.3500,6033.6500,6060.7000
2019-08-05,5944.5500,5944.8000,5879.6000,5885.4000
2019-08-06,5576.2500,5683.0000,5575.5000,5653.2500
2019-08-07,5659.2000,5672.9500,5598.7500,5608.4000
2019-08-08,5631.0000,5704.7000,5601.8000,5691.9500
2019-08-09,5719.8000,5770.8500,5710.5500,5733.3500
2019-08-11,6182.6500,6204.2500,6129.1500,6138.2500
2019-08-13,5745.7000,5748.2000,5620.4500,5631.2500
2019-08-14,5666.1500,5705.7000,5636.7000,5686.0500
2019-08-16,5687.4000,5705.4000,5631.8500,5697.5000
2019-08-19,5720.1000,5745.7500,5693.3500,5701.2500
2019-08-20,5706.6000,5711.0500,5658.5500,5676.3500
2019-08-21,5677.4500,5682.4500,5615.0000,5619.7000
2019-08-22,5611.9000,5613.2000,5518.7000,5528.0000
2019-08-23,5508.2000,5591.7000,5472.2000,5575.5000
2019-08-26,5664.2000,5694.0000,5537.5500,5688.3500
2019-08-27,5713.2500,5738.5500,5690.1500,5720.6500
2019-08-28,5720.8000,5735.5500,5660.8000,5687.8500
2019-08-29,5665.4000,5678.5500,5625.2000,5646.7500
2019-08-30,5667.5000,5700.8500,5614.4500,5691.5500
2019-09-01,5739.2000,5743.1500,5678.8000,5730.9500
2019-09-03,5658.7000,5661.3500,5563.4000,5575.9500
2019-09-04,5573.6000,5602.8500,5542.5000,5596.7000
2019-09-05,5867.8500,5885.4500,5834.7500,5859.7500
2019-09-06,5621.6500,5655.3500,5610.8500,5650.0500
2019-09-07,5958.2500,5987.0000,5922.4500,5975.8000
2019-09-08,5719.8000,5770.8500,5710.5500,5733.3500
2019-09-09,5646.2500,5693.0000,5624.6000,5682.4000
2019-09-10,5736.6500,5820.3000,5704.1000,5816.6500
2019-09-11,5694.7500,5712.8500,5686.7500,5705.4000
2019-09-12,5718.4000,5732.1500,5673.0500,5681.2000
2019-09-13,5687.0000,5730.3500,5657.2500,5726.3000
2019-09-16,5686.3500,5719.8000,5676.1500,5695.5500
2019-09-17,5694.9500,5695.3500,5587.3500,5597.6500
2019-09-18,5626.1500,5633.4500,5589.6500,5612.9000
2019-09-19,5616.3000,5616.3000,5524.6500,5543.0500
2019-09-20,5564.4500,5887.5000,5532.2500,5843.8500
2019-09-23,5971.3000,6049.6500,5943.9000,6003.0500
2019-09-24,6002.9000,6030.5500,5968.4000,5994.9000
2019-09-25,5982.2000,5982.5000,5899.9500,5911.7000
2019-09-26,5925.6000,5996.5000,5924.0000,5977.6000
2019-09-27,5971.1500,5990.8500,5943.2000,5947.3000
2019-09-30,5938.6500,5942.0000,5872.8500,5914.8500
2019-10-01,5734.0000,5739.8500,5712.0500,5722.9000
2019-10-03,5830.6000,5855.9000,5797.7000,5826.0000
2019-10-04,6080.4500,6097.8500,6045.7500,6052.3000
2019-10-05,5865.5000,5882.2000,5838.3500,5851.7500
2019-10-06,6170.4500,6189.7500,6136.9000,6161.6500
2019-10-07,5764.0000,5776.8500,5718.4500,5724.8500
2019-10-09,5736.6500,5820.3000,5704.1000,5816.6500
2019-10-10,5799.9500,5807.4500,5762.8000,5773.7500
2019-10-11,5786.4000,5835.4000,5749.6500,5805.4500
2019-10-12,6139.4500,6140.8500,6079.2000,6085.3500
2019-10-14,5821.2000,5863.6500,5801.9000,5826.2500
2019-10-15,5835.8000,5883.5500,5827.5000,5868.1000
2019-10-16,5886.2500,5898.2000,5862.9500,5887.3500
2019-10-17,5889.9000,5963.1000,5877.1000,5957.4000
2019-10-18,5956.4500,6021.0000,5944.0500,6010.0500
2019-10-22,6009.8500,6039.6500,5977.0500,5984.9000
2019-10-23,5989.4500,6016.8500,5964.9500,5991.4500
2019-10-24,6018.6000,6028.7500,5954.5500,5978.4000
2019-10-25,6005.3000,6005.7500,5930.5500,5975.5000
2019-10-27,6015.2000,6021.3500,5991.1500,6001.6000
2019-10-29,6008.9000,6093.5000,5999.9500,6082.2500
2019-10-30,6127.2000,6131.2500,6083.2000,6114.1000
2019-10-31,6138.3000,6168.3500,6127.0000,6138.8500
2019-11-01,6145.3500,6162.8000,6128.2500,6146.0500
2019-11-02,5691.8000,5691.8000,5644.8500,5659.1500
2019-11-03,5806.9000,5876.9500,5803.2500,5871.8000
2019-11-04,6164.8500,6193.4500,6149.5000,6164.2500
2019-11-05,6179.8500,6181.7500,6118.1500,6142.1500
2019-11-06,6140.5500,6182.6500,6110.9000,6164.0500
2019-11-07,6194.1000,6194.8500,6160.0000,6190.7000
2019-11-08,6182.6500,6204.2500,6129.1500,6138.2500
2019-11-09,5694.7500,5712.8500,5686.7500,5705.4000
2019-11-10,5786.4000,5835.4000,5749.6500,5805.4500
2019-11-11,6125.3000,6154.3000,6118.8000,6145.9000
2019-11-12,6091.7000,6121.5000,6073.5500,6114.8000
2019-11-13,6146.9000,6169.4000,6098.6000,6108.4000
2019-11-14,6117.4500,6133.7000,6084.6000,6119.7500
2019-11-15,6136.7500,6167.4500,6125.0500,6131.7000
2019-11-18,6143.1000,6156.4000,6121.9500,6131.1500
2019-11-19,6146.2500,6160.8500,6125.7500,6152.5500
2019-11-20,6183.1500,6202.5000,6167.6500,6181.6000
2019-11-21,6196.2000,6197.2000,6155.5500,6161.2500
2019-11-22,6162.4000,6162.6000,6119.8500,6137.9500
2019-11-25,6143.1000,6223.9500,6141.8500,6219.0500
2019-11-26,6238.9000,6251.4500,6178.2500,6194.3000
2019-11-27,6210.2500,6235.8500,6205.0000,6229.7000
2019-11-28,6244.3500,6267.5000,6229.8000,6264.0000
2019-11-29,6263.7500,6264.2500,6200.5500,6220.7000
2019-12-02,6254.3000,6254.3500,6199.4000,6212.7500
2019-12-03,5905.2500,5944.8000,5903.3000,5931.6000
2019-12-04,6068.1000,6090.2500,6054.4500,6085.0000
2019-12-05,6214.5500,6217.6500,6175.5000,6185.8000
2019-12-06,6185.4000,6185.4000,6137.1000,6152.8000
2019-12-07,5993.5000,6018.1000,5970.0000,5976.4000
2019-12-09,5718.4000,5732.1500,5673.0500,5681.2000
2019-12-10,6139.4500,6140.8500,6079.2000,6085.3500
2019-12-11,6091.7000,6121.5000,6073.5500,6114.8000
2019-12-12,6134.5500,6166.3500,6128.4000,6150.0500
2019-12-13,6176.9500,6215.0000,6176.0500,6209.5500
2019-12-16,6229.8000,6231.4500,6185.3000,6188.8000
2019-12-17,6203.5500,6248.2000,6197.2000,6240.0000
2019-12-18,6255.2500,6271.2500,6233.5500,6263.4500
2019-12-19,6264.2000,6286.2500,6250.5500,6282.0000
2019-12-20,6286.1500,6299.9500,6280.8000,6290.9500
2019-12-23,6275.9000,6301.6500,6261.3000,6286.0000
2019-12-24,6290.4000,6296.9500,6259.9000,6265.4500
2019-12-26,6266.0500,6269.8500,6224.1500,6228.1000
2019-12-27,6250.2000,6291.6000,6243.8500,6286.2500
2019-12-30,6300.2000,6308.9500,6272.2000,6293.4500
2019-12-31,6290.5000,6290.6500,6247.5000,6254.9500
2020-01-01,6271.1500,6281.4500,6253.8500,6261.7000
2020-01-02,6196.7500,6243.0000,6028.5000,6043.9500
2020-01-03,6307.6500,6312.6500,6271.7000,6290.0500
2020-01-04,4430.1500,4431.7500,4248.2500,4275.7000
2020-01-06,5034.6000,5131.8000,5026.4500,5087.3500
2020-01-07,5362.9500,5412.8000,5346.2500,5404.3000
2020-01-08,6139.6000,6196.1000,6134.8000,6191.7500
2020-01-09,5922.9000,5961.9500,5878.3500,5934.1000
2020-01-10,5906.6000,5933.6000,5899.7000,5927.6000
2020-01-12,6780.9000,6810.4000,6734.4000,6801.3000
2020-01-13,6329.6500,6351.1500,6325.2000,6348.3500
2020-01-14,6352.5500,6373.2000,6340.1500,6367.8000
2020-01-15,6363.3000,6376.3500,6336.0000,6370.6000
2020-01-16,6377.2000,6396.7000,6360.2500,6381.7500
2020-01-17,6370.6000,6398.8000,6366.5500,6385.4500
2020-01-20,6421.1000,6421.1000,6318.8500,6323.2000
2020-01-21,6307.5500,6327.6000,6292.3500,6296.9000
2020-01-22,6322.3500,6324.9500,6261.4500,6270.4000
2020-01-23,6279.1500,6322.3500,6267.1500,6317.8500
2020-01-24,6316.1000,6370.0500,6303.0500,6358.1000
2020-01-27,6333.3000,6351.1500,6292.0000,6298.9000
2020-01-28,6313.1000,6323.9000,6255.1500,6269.5000
2020-01-29,6301.1000,6322.2500,6292.3500,6304.7000
2020-01-30,6314.2000,6315.4000,6237.3500,6248.2500
2020-01-31,6279.7000,6281.4000,6200.2500,6207.8500
2020-02-01,6270.1000,6320.7500,6268.6500,6317.5500
2020-02-03,5901.9500,5934.9500,5727.0000,5775.2000
2020-02-04,6113.6500,6210.0000,6113.1000,6205.8500
2020-02-05,6222.3500,6272.4000,6199.9500,6269.0000
2020-02-06,5115.7500,5166.6000,5090.7500,5159.9000
2020-02-07,5434.7000,5484.0000,5431.4500,5464.2000
2020-02-09,5942.0000,5988.4500,5920.6500,5977.6000
2020-02-10,6298.9500,6299.0000,6241.0000,6259.7500
2020-02-11,6044.7000,6058.1000,5982.5500,6033.5000
2020-02-12,6308.8500,6342.4000,6305.8000,6323.8000
2020-02-13,6331.2500,6333.6500,6291.8000,6310.2500
2020-02-14,6317.8500,6344.6500,6262.2500,6272.1000
2020-02-17,6281.1500,6291.4000,6226.1500,6230.4000
2020-02-18,6220.8000,6221.3500,6155.9000,6202.3000
2020-02-19,6252.0000,6284.1000,6231.9500,6280.6500
2020-02-20,6278.9000,6307.3000,6263.6000,6268.4500
2020-02-24,6232.6500,6232.6500,6130.6000,6139.1000
2020-02-25,6163.7000,6172.8000,6110.1000,6118.5500
2020-02-26,6089.2000,6111.1000,6036.0500,6053.3000
2020-02-27,6046.2500,6046.9000,5976.8000,6028.0500
2020-02-28,5898.5500,5899.9000,5794.8500,5809.1500
2020-03-01,6307.6500,6312.6500,6271.7000,6290.0500
2020-03-02,5901.9500,5934.9500,5727.0000,5775.2000
2020-03-03,5820.1500,5886.7500,5789.9500,5869.8500
2020-03-04,4320.6500,4320.6500,4182.2500,4195.0000
2020-03-05,5863.1000,5901.8000,5828.5500,5845.7500
2020-03-06,5224.4500,5258.3500,5185.2000,5198.7000
2020-03-07,5497.4000,5505.7500,5472.4000,5495.4500
2020-03-08,5710.0500,5710.2000,5635.0000,5639.5500
2020-03-09,5578.3000,5582.5500,5359.1000,5430.2500
2020-03-11,6066.8000,6111.4500,6062.8000,6099.8500
2020-03-12,5206.6500,5206.9500,4932.2500,4971.0500
2020-03-13,4684.7500,5239.5000,4432.4000,5147.6500
2020-03-16,4959.4500,4984.0500,4760.7500,4777.9500
2020-03-17,4814.5500,4882.6500,4645.0000,4668.1500
2020-03-18,4729.5500,4748.2500,4384.6500,4412.1500
2020-03-19,4200.8500,4447.2500,4080.1500,4291.6500
2020-03-20,4307.9500,4595.0000,4251.1000,4526.0000
2020-03-23,4121.7000,4230.8500,3932.7000,3944.8000
2020-03-24,4058.2000,4149.3000,3893.0500,4030.7000
2020-03-25,3990.3500,4293.4500,3984.6000,4268.8500
2020-03-26,4334.6500,4493.1000,4264.8000,4439.5000
2020-03-27,4590.7000,4642.7000,4376.8500,4443.4000
2020-03-30,4314.7000,4408.4500,4257.3000,4275.3000
2020-03-31,4397.5000,4466.6500,4311.3000,4433.8500
2020-04-01,4430.1500,4431.7500,4248.2500,4275.7000
2020-04-02,6113.6500,6210.0000,6113.1000,6205.8500
2020-04-03,4320.6500,4320.6500,4182.2500,4195.0000
2020-04-05,4922.4500,4922.8000,4797.7500,4810.0500
2020-04-06,5200.1000,5238.2000,5143.2500,5188.1000
2020-04-07,4373.0500,4546.2000,4328.1000,4535.3500
2020-04-08,4492.0000,4719.1000,4472.6500,4537.5500
2020-04-09,4648.9500,4727.0500,4622.5000,4718.2500
2020-04-11,6090.1000,6155.8500,6073.2000,6146.9000
2020-04-12,6859.4000,6898.5500,6833.6000,6890.5500
2020-04-13,4718.6000,4721.5000,4614.0500,4663.4500
2020-04-15,4755.6500,4803.6500,4617.4000,4647.0000
2020-04-16,4613.1000,4715.3000,4593.7000,4687.1500
2020-04-17,4850.1000,4850.3000,4732.0500,4815.1500
2020-04-20,4875.9500,4876.1500,4802.9500,4812.7500
2020-04-21,4694.8500,4706.3500,4642.1000,4675.3500
2020-04-22,4693.0500,4775.8000,4648.3000,4768.7000
2020-04-23,4793.8000,4845.8000,4769.4500,4827.1000
2020-04-24,4755.5000,4812.6500,4736.8000,4742.4000
2020-04-27,4795.7000,4850.7000,4791.7500,4813.1500
2020-04-28,4867.7500,4873.2500,4799.5500,4857.4500
2020-04-29,4874.9000,4960.2500,4868.0000,4939.4500
2020-04-30,5036.4500,5099.3000,5026.3500,5085.1000
2020-05-02,6222.3500,6272.4000,6199.9500,6269.0000
2020-05-03,5863.1000,5901.8000,5828.5500,5845.7500
2020-05-04,4922.4500,4922.8000,4797.7500,4810.0500
2020-05-05,4880.0500,4893.6000,4756.1500,4763.1500
2020-05-06,5223.3500,5270.0500,5197.4000,5255.1500
2020-05-07,4781.4500,4806.4500,4752.9000,4760.3000
2020-05-08,5764.5000,5795.9500,5719.7000,5737.2000
2020-05-10,5962.9000,5996.6500,5937.8500,5963.1500
2020-05-11,4833.3500,4877.7500,4779.7000,4789.0000
2020-05-12,4756.2500,4788.9500,4690.1500,4767.4500
2020-05-13,4958.9000,4958.9500,4839.3500,4861.0500
2020-05-14,4787.3500,4824.2000,4746.8500,4759.1500
2020-05-15,4779.7500,4779.7500,4714.2000,4752.4500
2020-05-18,4763.1500,4763.2000,4578.2000,4585.7000
2020-05-19,4654.4000,4687.8500,4601.2500,4613.5500
2020-05-20,4618.7000,4720.9000,4611.0500,4707.1500
2020-05-21,4717.6000,4768.7000,4707.0500,4734.1000
2020-05-22,4716.1000,4756.7500,4666.6000,4697.1500
2020-05-26,4726.8500,4753.6000,4682.3000,4700.3500
2020-05-27,4724.8000,4826.4000,4680.9500,4818.1500
2020-05-28,4842.7500,4917.0000,4830.0500,4907.1500
2020-05-29,4875.8000,4971.2000,4855.8500,4963.4000
2020-06-01,5034.6000,5131.8000,5026.4500,5087.3500
2020-06-02,6286.2000,6313.8500,6267.9500,6302.2000
2020-06-03,5668.8000,5723.9500,5615.7000,5703.6000
2020-06-04,5200.1000,5238.2000,5143.2500,5188.1000
2020-06-05,5223.3500,5270.0500,5197.4000,5255.1500
2020-06-07,5550.2000,5589.5500,5536.5500,5570.4500
2020-06-08,5346.8500,5347.3000,5244.0500,5267.9000
2020-06-09,5281.8000,5332.8500,5197.6500,5213.2000
2020-06-10,5226.0000,5262.0500,5204.0500,5247.4500
2020-06-11,5239.2500,5254.2000,5136.8000,5144.7500
2020-06-12,4957.4500,5197.5500,4957.0000,5186.5000
2020-06-15,5166.5500,5181.6500,5072.7500,5110.3500
2020-06-16,5208.0500,5222.6000,5064.2000,5154.5000
2020-06-17,5136.3000,5198.8000,5117.0000,5142.5500
2020-06-18,5133.8500,5244.4500,5125.0000,5235.4500
2020-06-19,5252.1000,5321.6500,5230.5000,5309.0000
2020-06-22,5350.2500,5393.6000,5334.9500,5357.4500
2020-06-23,5380.3000,5448.5000,5357.1500,5442.0500
2020-06-24,5476.0500,5491.8000,5347.4500,5360.5000
2020-06-25,5325.9000,5392.5000,5305.9000,5359.4500
2020-06-26,5406.3500,5421.7000,5369.5500,5399.2500
2020-06-29,5369.2500,5375.3500,5316.8000,5356.1500
2020-06-30,5393.0500,5403.6000,5333.7000,5350.4000
2020-07-01,5362.9500,5412.8000,5346.2500,5404.3000
2020-07-02,5434.7000,5484.0000,5431.4500,5464.2000
2020-07-03,5497.4000,5505.7500,5472.4000,5495.4500
2020-07-04,4373.0500,4546.2000,4328.1000,4535.3500
2020-07-05,4781.4500,4806.4500,4752.9000,4760.3000
2020-07-06,5550.2000,5589.5500,5536.5500,5570.4500
2020-07-07,5589.6500,5598.2000,5533.9000,5590.7500
2020-07-08,5603.0000,5617.5500,5534.5000,5548.7500
2020-07-09,5573.1000,5603.5000,5562.8500,5592.8000
2020-07-10,5570.8500,5600.7000,5542.6500,5569.0000
2020-07-12,6897.6000,6951.0500,6889.6000,6945.8000
2020-07-13,5610.4500,5626.2500,5558.4000,5583.1000
2020-07-14,5559.7000,5561.9000,5469.1500,5492.3000
2020-07-15,5537.7000,5591.3000,5469.8500,5488.8500
2020-07-16,5529.2000,5549.0000,5466.3500,5542.3000
2020-07-17,5551.8500,5639.9500,5550.7500,5626.0000
2020-07-20,5671.3000,5690.3500,5651.8500,5683.4500
2020-07-21,5735.1500,5751.6500,5725.3500,5740.7000
2020-07-22,5771.5500,5774.2000,5687.6000,5725.8500
2020-07-23,5730.3500,5780.6000,5716.0500,5770.2500
2020-07-24,5738.9000,5766.3000,5703.2500,5751.9500
2020-07-27,5767.8000,5767.8000,5694.7000,5713.7000
2020-07-28,5726.0000,5798.0500,5724.9500,5790.5500
2020-07-29,5784.0500,5813.0000,5732.3500,5758.1500
2020-07-30,5784.2000,5802.9500,5705.2000,5716.8500
2020-07-31,5735.7000,5745.6000,5691.9500,5715.6500
2020-08-01,6139.6000,6196.1000,6134.8000,6191.7500
2020-08-03,5710.0500,5710.2000,5635.0000,5639.5500
2020-08-04,4492.0000,4719.1000,4472.6500,4537.5500
2020-08-05,5764.5000,5795.9500,5719.7000,5737.2000
2020-08-06,5346.8500,5347.3000,5244.0500,5267.9000
2020-08-07,5786.8000,5811.7000,5767.6500,5803.4500
2020-08-09,5896.0500,5918.4500,5839.7000,5854.1500
2020-08-10,5838.7000,5871.8500,5827.4000,5844.2500
2020-08-11,5872.2000,5894.0000,5854.1500,5859.5000
2020-08-12,5844.8500,5860.6500,5819.2500,5854.0500
2020-08-13,5871.2000,5885.1500,5846.4500,5864.4000
2020-08-14,5890.9500,5900.3000,5767.9500,5803.6000
2020-08-17,5842.4500,5845.8500,5782.8500,5836.1500
2020-08-18,5845.8000,5914.6500,5842.8500,5907.5000
2020-08-19,5941.5500,5947.5500,5915.1500,5921.8000
2020-08-20,5878.8500,5909.0000,5864.5500,5888.2500
2020-08-21,5940.2500,5945.9500,5912.3000,5917.3500
2020-08-24,5941.7500,5975.4500,5941.0000,5959.9500
2020-08-25,5987.3000,5994.7000,5939.5500,5965.2000
2020-08-26,5988.0500,6005.5000,5961.9500,6000.0000
2020-08-27,6032.0500,6036.0000,5999.5000,6007.6500
2020-08-28,6033.3500,6069.7000,6027.4000,6048.9000
2020-08-31,6110.3000,6117.8500,5858.4500,5887.5500
2020-09-01,5922.9000,5961.9500,5878.3500,5934.1000
2020-09-02,5942.0000,5988.4500,5920.6500,5977.6000
2020-09-03,5996.1000,6006.5500,5972.5500,5984.5000
2020-09-04,4648.9500,4727.0500,4622.5000,4718.2500
2020-09-06,5281.8000,5332.8500,5197.6500,5213.2000
2020-09-07,5573.1000,5603.5000,5562.8500,5592.8000
2020-09-08,5896.0500,5918.4500,5839.7000,5854.1500
2020-09-09,5804.3500,5844.2500,5780.4000,5833.8000
2020-09-10,5876.7500,5923.6000,5865.3000,5916.7500
2020-09-11,5917.4500,5941.5000,5906.5000,5933.4500
2020-09-12,6996.9500,7032.9500,6993.9500,7020.1500
2020-09-14,5975.9500,5998.3500,5912.2500,5940.0500
2020-09-15,5965.3000,5993.1500,5950.1000,5986.7000
2020-09-16,5998.2000,6031.0000,5988.1000,6025.4000
2020-09-17,5994.3500,6020.0000,5975.5000,5984.3500
2020-09-18,6018.3000,6021.1000,5952.6000,5981.2000
2020-09-21,5982.4000,5993.1500,5813.5500,5832.1000
2020-09-22,5851.6500,5851.9000,5723.2000,5775.3000
2020-09-23,5826.6000,5831.2000,5707.1000,5762.7000
2020-09-24,5701.7000,5703.1500,5593.3500,5601.1000
2020-09-25,5656.1000,5745.0500,5625.4500,5734.9500
2020-09-28,5784.7000,5845.5000,5767.1000,5840.4000
2020-09-29,5874.1000,5883.8500,5812.0500,5834.2000
2020-09-30,5848.7000,5871.3500,5816.5500,5848.9000
2020-10-01,6313.1000,6336.3000,6287.3000,6307.9000
2020-10-02,6298.9500,6299.0000,6241.0000,6259.7500
2020-10-05,5962.9000,5996.6500,5937.8500,5963.1500
2020-10-06,5226.0000,5262.0500,5204.0500,5247.4500
2020-10-07,5570.8500,5600.7000,5542.6500,5569.0000
2020-10-08,5838.7000,5871.8500,5827.4000,5844.2500
2020-10-09,5876.7500,5923.6000,5865.3000,5916.7500
2020-10-11,6463.5500,6485.1500,6418.6000,6479.8000
2020-10-12,7002.8500,7006.3500,6947.9000,6996.4500
2020-10-13,6128.9500,6154.8500,6109.8500,6123.8000
2020-10-14,6116.2000,6154.7000,6071.9000,6142.4500
2020-10-15,6166.7000,6167.5000,5993.7500,6003.4000
2020-10-16,6027.6000,6057.8500,5995.4000,6049.5000
2020-10-19,6103.9000,6110.0500,6074.0500,6104.4500
2020-10-20,6097.5500,6138.5000,6086.7000,6119.5500
2020-10-21,6149.4500,6177.7000,6057.3000,6135.8500
2020-10-22,6115.0500,6138.5500,6085.3000,6123.1000
2020-10-23,6153.6000,6161.5500,6133.4500,6144.0500
2020-10-26,6151.6500,6153.5500,6031.9500,6058.0500
2020-10-27,6075.8500,6130.3500,6034.7500,6125.0000
2020-10-28,6141.3000,6146.3000,6029.2500,6048.7500
2020-10-29,6001.1500,6055.1500,5986.5500,6025.5500
2020-10-30,6031.5500,6069.6500,5964.6000,6017.6500
2020-11-02,6296.9000,6324.5500,6283.6500,6288.1000
2020-11-03,6066.8000,6111.4500,6062.8000,6099.8500
2020-11-04,6090.1000,6155.8500,6073.2000,6146.9000
2020-11-05,6217.4000,6259.1500,6205.5000,6255.0000
2020-11-06,6272.8500,6327.3000,6263.1500,6319.6500
2020-11-08,5872.2000,5894.0000,5854.1500,5859.5000
2020-11-09,5917.4500,5941.5000,5906.5000,5933.4500
2020-11-10,6463.5500,6485.1500,6418.6000,6479.8000
2020-11-11,6505.7000,6551.4000,6456.2500,6538.0000
2020-11-12,7014.8500,7045.1500,6956.4500,7014.4000
2020-11-13,6509.9500,6552.8000,6488.9000,6548.4000
2020-11-14,6600.2500,6603.7500,6563.7000,6579.6000
2020-11-17,6647.7000,6648.1500,6591.3000,6631.4500
2020-11-18,6625.5500,6675.1500,6606.7000,6670.3500
2020-11-19,6626.4000,6694.2500,6579.6500,6593.7000
2020-11-20,6616.2500,6659.7500,6578.2000,6644.4000
2020-11-23,6695.6000,6705.5500,6642.8500,6688.0000
2020-11-24,6726.2500,6759.2000,6717.8000,6748.9000
2020-11-25,6786.9000,6793.2000,6633.6500,6646.0000
2020-11-26,6667.7000,6724.6500,6617.3500,6710.6500
2020-11-27,6728.2000,6754.3500,6699.1500,6727.7000
2020-12-01,6780.9000,6810.4000,6734.4000,6801.3000
2020-12-02,6308.8500,6342.4000,6305.8000,6323.8000
2020-12-03,6863.8000,6863.8000,6820.2500,6835.0500
2020-12-04,6859.4000,6898.5500,6833.6000,6890.5500
2020-12-05,4756.2500,4788.9500,4690.1500,4767.4500
2020-12-06,4957.4500,5197.5500,4957.0000,5186.5000
2020-12-07,6897.6000,6951.0500,6889.6000,6945.8000
2020-12-08,5844.8500,5860.6500,5819.2500,5854.0500
2020-12-09,6996.9500,7032.9500,6993.9500,7020.1500
2020-12-10,6155.7000,6175.8500,6098.0500,6128.5000
2020-12-11,7014.8500,7045.1500,6956.4500,7014.4000
2020-12-14,7045.3500,7056.1000,7002.2500,7040.3000
2020-12-15,7036.7500,7052.4500,6983.5500,7046.1500
2020-12-16,7093.7500,7111.0000,7069.1500,7105.7500
2020-12-17,7121.4000,7146.7500,7104.4000,7123.7500
2020-12-18,7136.8000,7142.1500,7074.6000,7130.9000
2020-12-21,7119.4500,7136.1000,6777.4000,6890.6000
2020-12-22,6904.4000,6977.5500,6794.1000,6963.6500
2020-12-23,6971.2000,7059.3500,6949.9500,7049.8000
2020-12-24,7089.9000,7124.4000,7060.3000,7113.3500
2020-12-28,7150.4500,7184.9500,7149.5000,7179.6000
2020-12-29,7202.8500,7224.5500,7163.4000,7201.8500
2020-12-30,7226.7000,7234.4000,7165.9500,7226.7500
2020-12-31,7224.0500,7250.1500,7207.4500,7231.8000
2021-01-01,7242.2000,7276.6500,7239.6000,7263.0000
2021-01-02,7138.4000,7409.6500,7080.7500,7385.1500
2021-01-03,7675.0500,7726.8000,7647.1500,7708.7000
2021-01-04,7726.4000,7781.7000,7678.2000,7772.8500
2021-01-05,7305.6000,7388.8500,7285.3500,7379.8500
2021-01-06,7403.4000,7408.1500,7299.7000,7361.7500
2021-01-07,8342.5500,8342.7500,8300.1000,8307.8500
2021-01-08,7436.3000,7488.1500,7420.5000,7478.2500
2021-01-09,9059.1500,9078.6500,9009.3500,9020.2500
2021-01-10,9280.8000,9300.7000,9238.1000,9288.9500
2021-01-11,7540.4000,7540.4000,7478.8000,7534.0500
2021-01-12,7528.7000,7585.1500,7508.7500,7568.8500
2021-01-13,7609.5500,7616.0000,7484.9000,7558.7000
2021-01-14,7557.3500,7584.0500,7516.1000,7575.6500
2021-01-15,7579.8000,7593.8500,7445.0000,7488.0000
2021-01-18,7495.8000,7498.5000,7363.9000,7392.8000
2021-01-19,7439.7500,7531.3000,7438.1000,7522.7500
2021-01-20,7534.0500,7594.9500,7524.0500,7585.9500
2021-01-21,7633.4000,7641.6000,7508.5500,7545.7000
2021-01-22,7546.3500,7567.6500,7434.4000,7441.0000
2021-01-25,7500.1500,7509.4500,7361.1500,7373.3000
2021-01-27,7372.5500,7372.5500,7219.4000,7240.5000
2021-01-28,7159.4000,7210.2000,7121.6500,7172.5500
2021-01-29,7240.1000,7250.3500,7057.3000,7076.8000
2021-02-01,7138.4000,7409.6500,7080.7500,7385.1500
2021-02-02,7481.9000,7600.8500,7478.1500,7568.7000
2021-02-03,7763.6000,7822.5000,7717.5000,7802.9500
2021-02-04,7646.8000,7715.2500,7617.8000,7707.6000
2021-02-05,7742.9500,7771.0000,7682.1000,7702.9500
2021-02-06,8178.9500,8244.6000,8172.5500,8233.7500
2021-02-07,8320.6500,8334.4000,8289.3500,8326.5000
2021-02-08,8453.6000,8475.4000,8435.5000,8471.1500
2021-02-09,9030.6500,9109.9000,9014.7000,9104.9500
2021-02-10,7807.8000,7831.4000,7739.9000,7808.2000
2021-02-11,9499.0000,9516.9000,9448.5000,9470.8500
2021-02-12,9131.9500,9248.2000,9117.3000,9237.9000
2021-02-15,7891.7000,7931.5000,7880.8000,7920.8000
2021-02-16,7949.7000,7978.9000,7885.8500,7928.0500
2021-02-17,7916.0500,7938.7000,7868.6500,7891.2500
2021-02-18,7911.5000,7922.1500,7844.0000,7864.4500
2021-02-19,7846.7000,7877.8000,7734.6000,7782.5000
2021-02-22,7792.5000,7800.9500,7610.2500,7634.4000
2021-02-23,7685.9500,7726.1500,7621.6500,7662.6500
2021-02-24,7683.0500,7796.3000,7678.7500,7785.9000
2021-02-25,7839.6500,7885.2500,7832.7500,7852.0500
2021-02-26,7746.1500,7772.0500,7560.2000,7591.2500
2021-03-01,7675.0500,7726.8000,7647.1500,7708.7000
2021-03-02,7622.3000,7682.5000,7536.6000,7642.1500
2021-03-03,7876.5500,7975.9500,7852.0500,7963.3000
2021-03-04,7860.0500,7959.7000,7848.9000,7904.3500
2021-03-05,7611.8000,7712.0500,7579.9000,7696.0000
2021-03-06,8277.4500,8306.5500,8265.1500,8298.2500
2021-03-08,8505.0500,8585.1000,8489.6000,8577.5000
2021-03-09,9128.2000,9160.5500,9100.4500,9152.8500
2021-03-10,7920.6000,7930.9000,7869.6500,7909.5500
2021-03-11,9503.6000,9524.0500,9406.8500,9452.0500
2021-03-12,9253.3500,9285.6500,9147.2500,9155.6000
2021-03-15,7855.1500,7855.9500,7692.5500,7788.1000
2021-03-16,7822.2000,7845.9000,7773.7500,7788.5500
2021-03-17,7805.6500,7809.7000,7659.4000,7671.7500
2021-03-18,7739.6500,7752.0500,7538.9500,7583.3000
2021-03-19,7535.0500,7697.7000,7454.1500,7678.5000
2021-03-22,7681.6000,7703.9000,7626.4500,7691.9000
2021-03-23,7713.4500,7771.3000,7691.5000,7742.0500
2021-03-24,7694.3500,7722.7000,7596.3000,7604.1000
2021-03-25,7617.9000,7619.5500,7443.7000,7476.2500
2021-03-26,7565.6500,7602.9000,7525.4500,7573.5500
2021-03-30,7639.3500,7738.2500,7634.5000,7726.7500
2021-03-31,7717.0000,7717.1000,7662.1000,7671.6000
2021-04-01,7310.0000,7341.2000,7239.6000,7333.7000
2021-04-02,7646.8000,7715.2500,7617.8000,7707.6000
2021-04-03,7860.0500,7959.7000,7848.9000,7904.3500
2021-04-05,7731.8000,7749.6500,7615.6500,7634.2500
2021-04-06,8315.4500,8327.7000,8275.0500,8302.7000
2021-04-07,7716.0000,7792.5000,7687.6500,7772.7000
2021-04-08,8611.7500,8644.9500,8588.9500,8606.9000
2021-04-09,7811.4000,7835.0500,7769.8000,7793.3000
2021-04-10,9335.9500,9401.3500,9322.2500,9389.0500
2021-04-11,9511.0500,9519.2000,9494.0500,9502.4000
2021-04-12,7686.8500,7689.5000,7455.6000,7486.1500
2021-04-13,7513.1000,7598.2000,7471.1500,7588.2000
2021-04-15,7592.8000,7632.6500,7506.6000,7625.0500
2021-04-16,7638.0000,7698.1000,7618.8000,7658.7000
2021-04-19,7490.5000,7532.0000,7427.0000,7520.3500
2021-04-20,7607.2000,7616.7000,7454.2000,7502.2000
2021-04-22,7464.1000,7560.2000,7432.4000,7550.7000
2021-04-23,7518.0500,7588.3000,7490.6500,7528.9000
2021-04-26,7584.9000,7628.4000,7572.4500,7597.4500
2021-04-27,7608.3500,7693.8500,7604.0000,7685.8000
2021-04-28,7721.0000,7798.8000,7713.7500,7785.9000
2021-04-29,7844.8000,7875.2500,7758.2000,7796.3000
2021-04-30,7726.2500,7787.2500,7668.5000,7683.9500
2021-05-01,7305.6000,7388.8500,7285.3500,7379.8500
2021-05-02,7742.9500,7771.0000,7682.1000,7702.9500
2021-05-03,7857.6000,7907.6500,7773.6000,7812.9000
2021-05-04,7761.8000,7763.7500,7565.4500,7661.3500
2021-05-05,7693.6000,7717.0000,7642.9500,7707.3000
2021-05-06,7738.0500,7773.0500,7702.8000,7764.3000
2021-05-07,7812.0500,7825.6500,7778.3000,7802.8500
2021-05-08,8624.6000,8635.5000,8566.9000,8618.7500
2021-05-10,9380.0000,9456.4500,9366.9000,9451.6000
2021-05-11,7797.0500,7863.7000,7782.9500,7842.4500
2021-05-12,7841.0500,7841.3000,7748.3500,7774.7000
2021-05-14,7807.4500,7807.4500,7694.4500,7737.2500
2021-05-17,7780.7000,7872.3500,7758.9000,7864.6000
2021-05-18,7941.7500,7980.7500,7933.4500,7969.4000
2021-05-19,7952.1500,7992.1000,7932.8000,7944.2500
2021-05-20,7954.9000,7969.7500,7882.4500,7894.3000
2021-05-21,7942.2000,8020.4000,7935.3000,8013.2000
2021-05-24,8038.1500,8062.7000,8005.8500,8036.7000
2021-05-25,8087.5000,8087.9000,8012.4500,8035.3000
2021-05-26,8062.3000,8082.9000,8025.2500,8071.0000
2021-05-27,8088.0000,8112.8500,8060.6500,8095.6000
2021-05-28,8137.2500,8156.8000,8121.6500,8134.3000
2021-05-31,8141.9500,8216.8000,8109.1000,8204.9000
2021-06-01,8232.8000,8245.4500,8168.6000,8199.6500
2021-06-02,8178.9500,8244.6000,8172.5500,8233.7500
2021-06-03,8277.4500,8306.5500,8265.1500,8298.2500
2021-06-04,7710.2000,7740.1000,7633.1500,7697.5500
2021-06-05,7738.0500,7773.0500,7702.8000,7764.3000
2021-06-07,8336.9000,8361.3500,8312.7500,8348.9000
2021-06-08,8365.3000,8367.1000,8311.1000,8354.7000
2021-06-09,8374.1000,8396.9500,8255.7000,8295.8000
2021-06-10,8332.3000,8370.5000,8312.4000,8365.6000
2021-06-11,8398.7000,8415.7500,8362.7000,8394.4500
2021-06-12,9165.1000,9168.7500,8992.1500,9003.9000
2021-06-14,8382.5500,8396.4500,8262.2500,8389.2500
2021-06-15,8416.5500,8437.3000,8406.9000,8421.7500
2021-06-16,8409.9000,8427.1000,8346.6000,8361.1000
2021-06-17,8293.5500,8362.6500,8272.1000,8307.2500
2021-06-18,8334.1000,8336.2000,8149.4500,8286.7000
2021-06-21,8197.4500,8338.2000,8185.8500,8329.4500
2021-06-22,8382.1500,8410.3000,8335.3000,8346.7500
2021-06-23,8395.3000,8395.4000,8295.0500,8301.8500
2021-06-24,8324.0000,8346.1500,8309.5000,8334.5000
2021-06-25,8360.2500,8386.0000,8334.3000,8380.6000
2021-06-28,8409.3500,8409.4500,8359.9500,8371.7000
2021-06-29,8370.1000,8389.9000,8324.0000,8337.6000
2021-06-30,8354.3000,8379.1500,8318.5500,8325.5500
2021-07-01,7421.0000,7421.5500,7366.4500,7374.2500
2021-07-02,8320.6500,8334.4000,8289.3500,8326.5000
2021-07-04,7716.0000,7792.5000,7687.6500,7772.7000
2021-07-05,8363.0500,8387.6000,8349.1000,8382.1000
2021-07-06,8373.4500,8428.0000,8368.1500,8376.1000
2021-07-07,8376.7000,8420.0000,8355.1500,8411.6500
2021-07-08,8406.6500,8426.1500,8319.3000,8345.5500
2021-07-09,8331.3000,8352.0000,8304.2500,8338.9500
2021-07-10,9446.7500,9483.6500,9429.6000,9452.3500
2021-07-12,9073.9000,9174.8000,9043.5500,9142.1000
2021-07-13,8395.4000,8397.1500,8362.6500,8392.9000
2021-07-14,8396.3500,8421.4000,8373.8500,8411.7500
2021-07-15,8425.3000,8459.6500,8418.3500,8448.2000
2021-07-16,8468.4000,8469.2000,8435.8500,8457.4500
2021-07-19,8380.3000,8420.9000,8345.3000,8373.4500
2021-07-20,8353.8500,8364.2500,8269.7500,8302.7000
2021-07-22,8359.1000,8415.5500,8357.3500,8409.5500
2021-07-23,8431.5500,8444.2000,8382.3000,8422.7000
2021-07-26,8424.0500,8446.3000,8395.2500,8411.0000
2021-07-27,8432.1500,8445.3000,8343.1500,8368.5000
2021-07-28,8379.4000,8379.4000,8246.2000,8350.5500
2021-07-29,8381.4000,8403.5500,8367.1500,8386.2500
2021-07-30,8402.4500,8445.0500,8377.5500,8396.1500
2021-08-01,7436.3000,7488.1500,7420.5000,7478.2500
2021-08-02,7771.6000,7821.1500,7762.7500,7802.3500
2021-08-03,8505.0500,8585.1000,8489.6000,8577.5000
2021-08-04,8611.7500,8644.9500,8588.9500,8606.9000
2021-08-05,8624.6000,8635.5000,8566.9000,8618.7500
2021-08-06,8365.3000,8367.1000,8311.1000,8354.7000
2021-08-07,8406.6500,8426.1500,8319.3000,8345.5500
2021-08-09,9173.5000,9186.2500,9117.9000,9173.8000
2021-08-10,8608.8000,8641.1500,8539.2500,8586.9500
2021-08-11,9563.3500,9601.9000,9463.5500,9592.1500
2021-08-12,9210.0000,9298.9500,9207.0500,9291.9000
2021-08-13,8644.1500,8702.7500,8639.7500,8694.3000
2021-08-16,8691.8500,8715.5500,8667.9500,8705.0000
2021-08-17,8699.1000,8741.7500,8667.4000,8734.6000
2021-08-18,8771.5500,8783.9000,8711.4500,8725.8000
2021-08-20,8635.3000,8698.3000,8619.6500,8641.6000
2021-08-23,8716.4000,8716.4500,8593.1500,8646.4500
2021-08-24,8683.8000,8731.5000,8652.3500,8722.9500
2021-08-25,8745.1500,8769.9500,8723.4000,8736.5000
2021-08-26,8742.4000,8768.6500,8723.5500,8743.8500
2021-08-27,8755.2000,8803.9500,8715.8000,8795.9500
2021-08-30,8833.8500,8932.7500,8829.3000,8923.4000
2021-08-31,8935.5000,9035.6000,8919.1500,9025.2500
2021-09-01,9059.1500,9078.6500,9009.3500,9020.2500
2021-09-02,9030.6500,9109.9000,9014.7000,9104.9500
2021-09-03,7869.7000,7898.6000,7785.6000,7865.9000
2021-09-04,7811.4000,7835.0500,7769.8000,7793.3000
2021-09-06,9194.1000,9203.6000,9164.0500,9177.4000
2021-09-07,9193.0000,9204.1000,9121.2000,9164.3000
2021-09-08,8622.7500,8635.8500,8553.2000,8594.4000
2021-09-09,9156.0500,9194.6000,9149.7500,9189.3500
2021-09-11,9604.0500,9626.4500,9565.4000,9601.8000
2021-09-12,9322.6500,9331.2500,9253.8000,9320.2500
2021-09-13,9188.3000,9201.9500,9142.4000,9192.7000
2021-09-14,9229.9500,9242.3000,9209.3000,9222.3000
2021-09-15,9233.8000,9299.3500,9231.4000,9293.9500
2021-09-16,9310.7000,9357.8500,9291.2000,9350.7000
2021-09-17,9389.7500,9420.9000,9280.3000,9307.8000
2021-09-20,9231.5000,9320.5500,9168.7000,9186.4000
2021-09-21,9206.8000,9277.0500,9137.0500,9268.3000
2021-09-22,9284.0500,9314.9000,9264.1000,9287.9500
2021-09-23,9353.6000,9436.3500,9344.1000,9427.5500
2021-09-24,9467.6000,9488.5000,9401.7000,9420.0000
2021-09-27,9459.9000,9460.0000,9385.2500,9418.2500
2021-09-28,9445.5000,9448.3000,9276.8000,9359.1500
2021-09-29,9313.5000,9386.4000,9290.7500,9350.8000
2021-09-30,9360.9000,9376.0500,9302.9000,9318.5500
2021-10-01,9280.8000,9300.7000,9238.1000,9288.9500
2021-10-02,7807.8000,7831.4000,7739.9000,7808.2000
2021-10-03,7920.6000,7930.9000,7869.6500,7909.5500
2021-10-04,9335.9500,9401.3500,9322.2500,9389.0500
2021-10-05,9380.0000,9456.4500,9366.9000,9451.6000
2021-10-06,9479.1500,9491.4500,9343.3500,9360.0500
2021-10-07,9446.7500,9483.6500,9429.6000,9452.3500
2021-10-08,9503.8500,9521.7000,9466.7500,9495.7000
2021-10-11,9567.7500,9612.1000,9544.7000,9588.2000
2021-10-12,9302.0500,9341.3000,9276.8000,9332.4500
2021-10-13,9619.0000,9680.7500,9600.1500,9662.4500
2021-10-14,9723.2000,9756.8500,9711.3000,9751.2500
2021-10-18,9846.8500,9862.7500,9814.0000,9823.1500
2021-10-19,9894.7500,9895.1000,9728.6500,9754.0000
2021-10-20,9760.6000,9766.6000,9603.5500,9645.1000
2021-10-21,9707.0000,9707.3500,9524.1500,9597.7000
2021-10-22,9624.5500,9665.5000,9503.4000,9546.3000
2021-10-25,9603.3500,9607.2500,9425.1000,9519.1000
2021-10-26,9534.4000,9629.4000,9527.0000,9610.5500
2021-10-27,9631.9500,9659.3000,9574.6500,9595.6000
2021-10-28,9586.3000,9586.3500,9378.3000,9406.8000
2021-10-29,9390.4500,9456.4500,9268.3500,9338.2000
2021-11-01,9396.4000,9486.5000,9350.7500,9475.6500
2021-11-02,7793.3500,7849.0000,7788.3500,7843.1000
2021-11-03,9503.6000,9524.0500,9406.8500,9452.0500
2021-11-04,9511.0500,9519.2000,9494.0500,9502.4000
2021-11-05,7797.0500,7863.7000,7782.9500,7842.4500
2021-11-06,8398.7000,8415.7500,8362.7000,8394.4500
2021-11-08,8607.2000,8615.3500,8494.4000,8583.9500
2021-11-09,9604.0500,9626.4500,9565.4000,9601.8000
2021-11-10,9494.3500,9574.3500,9482.1000,9529.4000
2021-11-11,9570.4000,9571.8000,9478.2000,9516.4000
2021-11-12,9575.8000,9635.9500,9531.3000,9627.7000
2021-11-15,9654.8000,9682.2500,9615.9500,9637.3500
2021-11-16,9648.5000,9652.8500,9567.6000,9588.5000
2021-11-17,9560.6000,9605.1000,9527.6500,9539.0000
2021-11-18,9539.4000,9566.2500,9411.3500,9451.6500
2021-11-22,9469.5000,9473.2000,9175.7500,9254.5500
2021-11-23,9189.4500,9348.3500,9157.3000,9328.2500
2021-11-24,9355.4500,9378.8500,9251.3500,9282.3000
2021-11-25,9287.2500,9358.2000,9241.5500,9348.0000
2021-11-26,9246.5000,9255.2500,9048.2500,9071.0500
2021-11-29,9066.2000,9113.5000,8904.5000,9054.0500
2021-11-30,9055.4500,9206.4000,9001.0500,9028.3000
2021-12-01,7528.7000,7585.1500,7508.7500,7568.8500
2021-12-02,9131.9500,9248.2000,9117.3000,9237.9000
2021-12-03,9253.3500,9285.6500,9147.2500,9155.6000
2021-12-04,7686.8500,7689.5000,7455.6000,7486.1500
2021-12-05,7841.0500,7841.3000,7748.3500,7774.7000
2021-12-06,9165.1000,9168.7500,8992.1500,9003.9000
2021-12-07,9073.9000,9174.8000,9043.5500,9142.1000
2021-12-08,9210.0000,9298.9500,9207.0500,9291.9000
2021-12-09,9322.6500,9331.2500,9253.8000,9320.2500
2021-12-10,9524.6500,9571.3000,9491.3000,9563.6500
2021-12-11,9575.8000,9635.9500,9531.3000,9627.7000
2021-12-13,9394.0000,9406.0500,9260.3000,9266.8500
2021-12-14,9228.0000,9269.5500,9190.8500,9252.2000
2021-12-15,9253.5500,9267.2000,9183.6500,9194.5000
2021-12-16,9269.6000,9272.6000,9162.7000,9191.8000
2021-12-17,9200.7500,9209.7000,9020.3000,9030.3500
2021-12-20,8939.2500,8945.8000,8699.7000,8807.7000
2021-12-21,8884.9000,8983.9500,8858.4000,8905.0000
2021-12-22,8955.1000,9020.1000,8938.5000,9011.6500
2021-12-23,9072.7500,9098.4500,9052.2500,9080.5000
2021-12-24,9118.5500,9121.9000,8988.8500,9028.3000
2021-12-27,8995.5500,9079.9000,8936.8000,9069.0000
2021-12-28,9117.7000,9159.6000,9112.0000,9151.2000
2021-12-29,9147.1000,9180.4500,9125.8000,9142.4500
2021-12-30,9135.9500,9158.5000,9109.3000,9124.5500
2021-12-31,9145.8000,9236.7500,9144.8000,9218.3500
2022-01-02,9274.6500,9320.1500,9135.6500,9305.6000
2022-01-03,9236.3500,9358.7500,9235.1000,9348.0000
2022-01-04,9201.3500,9340.6000,9195.6500,9324.3500
2022-01-05,9428.4500,9485.7500,9391.3500,9477.2000
2022-01-06,9400.5000,9422.4000,9351.6000,9405.4000
2022-01-07,8256.2000,8313.7500,8166.8000,8294.9000
2022-01-08,9133.4000,9205.3000,9086.0500,9197.6500
2022-01-09,9362.0500,9468.0000,9360.5000,9401.9500
2022-01-10,9489.9500,9538.9000,9472.9500,9532.6000
2022-01-11,9530.4500,9567.9000,9510.8500,9554.6000
2022-01-12,9935.2000,9935.3000,9890.3500,9910.5000
2022-01-13,9665.7500,9679.4500,9616.2500,9672.7500
2022-01-14,9637.0500,9689.1000,9606.6000,9673.9000
2022-01-17,9670.4500,9708.4000,9662.3000,9702.0500
2022-01-18,9723.7500,9733.2000,9562.6000,9579.5000
2022-01-19,9586.2500,9586.2500,9470.0500,9509.8500
2022-01-20,9504.2000,9513.2000,9382.9500,9435.9000
2022-01-21,9367.1500,9394.5500,9260.8000,9330.8500
2022-01-24,9314.7500,9322.1500,8971.9500,9055.1500
2022-01-25,8972.5500,9143.0000,8878.2500,9128.5500
2022-01-27,9026.5000,9067.1000,8909.3500,9031.2500
2022-01-28,9087.2000,9197.8500,9040.5000,9054.7000
2022-01-31,9161.3500,9216.8000,9141.4000,9179.1500
2022-02-01,9274.6500,9320.1500,9135.6500,9305.6000
2022-02-02,9367.5500,9419.2500,9355.9000,9411.9500
2022-02-03,9404.8500,9409.8500,9284.3000,9307.4500
2022-02-04,9321.5000,9340.4000,9254.1500,9280.1500
2022-02-05,9037.5000,9109.5500,9024.2000,9098.9500
2022-02-06,8694.1500,8773.7000,8675.7500,8766.4500
2022-02-07,9262.1000,9303.0500,9093.3500,9141.7000
2022-02-08,9176.0000,9192.6000,9039.6500,9147.6500
2022-02-09,9199.8500,9257.9000,9186.6500,9251.2000
2022-02-10,9294.3500,9329.7500,9227.1000,9315.9000
2022-02-11,9239.4500,9240.4500,9159.4000,9183.9000
2022-02-12,9890.0000,9899.9000,9842.3000,9874.4500
2022-02-14,9014.3500,9031.4000,8870.5000,8889.1000
2022-02-15,8932.7500,9160.2500,8867.2000,9148.7000
2022-02-16,9186.3000,9224.9000,9110.9000,9131.7000
2022-02-17,9172.4500,9197.8000,9093.1000,9125.2500
2022-02-18,9087.4000,9155.3500,9078.3000,9091.1000
2022-02-21,9047.7000,9116.4500,8970.4000,9034.0500
2022-02-22,8837.7500,8998.3000,8836.5000,8975.7500
2022-02-23,9031.0500,9054.6000,8965.6500,8981.7500
2022-02-24,8704.6500,8784.0000,8512.8000,8532.4000
2022-02-25,8680.3500,8819.3500,8670.9000,8779.1500
2022-02-28,8690.7000,8863.7500,8621.0500,8855.5000
2022-03-01,9236.3500,9358.7500,9235.1000,9348.0000
2022-03-02,8760.8500,8819.8500,8719.8000,8782.3500
2022-03-03,8858.5000,8879.6500,8708.1500,8735.0500
2022-03-04,8660.5000,8699.4000,8539.9500,8585.0000
2022-03-06,8835.5000,8847.4000,8705.9000,8713.8000
2022-03-07,8397.8500,8425.1500,8300.0500,8379.2000
2022-03-08,8336.1000,8475.6000,8286.3500,8467.3000
2022-03-09,8512.4500,8674.6000,8470.8000,8636.0500
2022-03-10,9152.2000,9163.8500,8990.5500,9019.5000
2022-03-11,9532.2000,9605.0500,9527.8500,9582.7500
2022-03-14,8795.8000,8893.1500,8764.6500,8884.4500
2022-03-15,8902.2500,8918.0000,8727.2000,8782.4500
2022-03-16,8892.2000,8958.0500,8876.2000,8952.3500
2022-03-17,9068.0500,9129.0500,9054.9000,9107.6000
2022-03-21,9135.8000,9146.9000,9013.8000,9021.9000
2022-03-22,9026.0000,9113.8000,8951.3500,9104.7500
2022-03-23,9154.4000,9170.9500,9062.8500,9087.1500
2022-03-24,9022.1500,9116.6000,9020.1500,9086.8000
2022-03-25,9124.8500,9127.6500,9016.2500,9058.5000
2022-03-28,9077.6500,9085.6000,8975.4500,9079.7000
2022-03-29,9121.4500,9138.4000,9086.3000,9130.6000
2022-03-30,9203.5000,9231.2000,9165.6000,9213.5000
2022-03-31,9228.9500,9250.7500,9190.7000,9207.0000
2022-04-01,9201.3500,9340.6000,9195.6500,9324.3500
2022-04-02,9321.5000,9340.4000,9254.1500,9280.1500
2022-04-03,8660.5000,8699.4000,8539.9500,8585.0000
2022-04-04,9389.9500,9521.3500,9383.4500,9514.7000
2022-04-05,9540.5000,9562.9500,9487.5000,9504.9500
2022-04-06,9455.4000,9496.0000,9438.2000,9458.5500
2022-04-07,8281.7500,8351.7000,8254.8000,8344.1000
2022-04-08,9255.1500,9273.9000,9097.5500,9224.7000
2022-04-10,9165.4000,9238.6000,9153.2000,9232.5500
2022-04-11,9586.8000,9616.8000,9558.3000,9608.9500
2022-04-12,9416.1500,9417.2000,9300.0500,9351.7000
2022-04-13,9395.1500,9424.4500,9323.5500,9332.2500
2022-04-18,9201.2500,9223.2500,9130.2500,9197.3500
2022-04-19,9250.9000,9266.6000,9004.8000,9073.6000
2022-04-20,9123.4500,9189.2000,9085.4500,9157.9500
2022-04-21,9215.1500,9294.5500,9203.0000,9285.8500
2022-04-22,9215.7500,9253.1000,9167.5000,9179.5000
2022-04-25,9092.9000,9103.1500,9013.8000,9046.5000
2022-04-26,9137.3500,9202.5500,9117.7000,9191.8000
2022-04-27,9127.2000,9144.3500,9054.0500,9100.0500
2022-04-28,9182.9000,9239.6500,9111.5000,9205.3500
2022-04-29,9253.2000,9268.6000,9097.5000,9123.4000
2022-05-01,9428.4500,9485.7500,9391.3500,9477.2000
2022-05-02,9037.5000,9109.5500,9024.2000,9098.9500
2022-05-04,9540.5000,9562.9500,9487.5000,9504.9500
2022-05-05,8977.4000,9023.0000,8872.1500,8892.1500
2022-05-06,8746.1500,8779.3000,8697.7500,8740.9500
2022-05-07,8382.3500,8440.0000,8319.0000,8333.6500
2022-05-08,9249.1000,9273.7000,9211.4500,9228.7000
2022-05-09,9402.4000,9457.0000,9399.7500,9446.2500
2022-05-10,8629.1500,8695.8500,8558.4500,8578.8000
2022-05-11,8599.1500,8640.5500,8434.1000,8544.7000
2022-05-12,9891.6500,9894.9000,9818.5500,9876.3500
2022-05-13,8443.1000,8514.4500,8319.9500,8343.1000
2022-05-16,8382.9500,8453.1500,8320.7500,8399.0500
2022-05-17,8445.0000,8632.0500,8437.0000,8619.5500
2022-05-18,8656.7500,8702.2000,8599.4000,8611.2500
2022-05-19,8431.1500,8464.6500,8360.2500,8378.3500
2022-05-20,8506.3000,8604.3000,8490.2000,8597.1000
2022-05-23,8615.2500,8670.7000,8548.8000,8562.8500
2022-05-24,8574.4500,8590.2500,8485.7000,8511.3500
2022-05-25,8546.9000,8558.4500,8415.5000,8426.5500
2022-05-26,8467.0500,8534.0000,8346.0500,8511.5000
2022-05-27,8583.0000,8613.1000,8538.9500,8606.1500
2022-05-30,8696.5500,8786.2000,8687.5500,8779.1000
2022-05-31,8744.1000,8808.2500,8717.1000,8745.6500
2022-06-01,8750.1000,8782.1000,8665.4500,8710.7000
2022-06-02,8694.1500,8773.7000,8675.7500,8766.4500
2022-06-03,8835.5000,8847.4000,8705.9000,8713.8000
2022-06-04,9455.4000,9496.0000,9438.2000,9458.5500
2022-06-05,8746.1500,8779.3000,8697.7500,8740.9500
2022-06-06,8689.9500,8720.8500,8627.9500,8703.3500
2022-06-07,8654.3500,8661.9500,8596.0000,8627.6000
2022-06-08,8655.7500,8678.7500,8561.6000,8595.6000
2022-06-09,9470.3000,9501.1000,9416.7000,9458.1500
2022-06-10,8560.4500,8581.0000,8513.8000,8529.1000
2022-06-12,9832.8500,9855.1000,9822.4500,9849.4500
2022-06-13,8365.6000,8370.1000,8265.8500,8307.4500
2022-06-14,8261.5500,8361.9000,8249.1000,8291.1000
2022-06-15,8302.9000,8326.2500,8272.4000,8281.2000
2022-06-16,8359.5500,8372.0500,8089.2500,8105.3500
2022-06-17,8056.5500,8121.7000,7995.7500,8048.7000
2022-06-20,8069.3500,8084.1000,7978.2000,8040.4500
2022-06-21,8098.4500,8241.4000,8082.2000,8218.5500
2022-06-22,8174.3500,8180.5000,8080.2000,8093.4500
2022-06-23,8114.1000,8208.9500,8074.4000,8173.9000
2022-06-24,8229.3500,8271.7000,8213.7500,8258.6000
2022-06-27,8373.3000,8375.3500,8321.1000,8329.2000
2022-06-28,8293.3500,8356.8500,8258.8000,8340.8500
2022-06-29,8260.8000,8338.7000,8255.3000,8310.5500
2022-06-30,8303.8000,8356.6500,8267.6500,8290.8000
2022-07-01,8256.2000,8313.7500,8166.8000,8294.9000
2022-07-02,9262.1000,9303.0500,9093.3500,9141.7000
2022-07-03,8397.8500,8425.1500,8300.0500,8379.2000
2022-07-04,9429.6000,9472.9000,9367.8000,9375.6500
2022-07-05,8382.3500,8440.0000,8319.0000,8333.6500
2022-07-06,8654.3500,8661.9500,8596.0000,8627.6000
2022-07-07,8507.1500,8530.6000,8474.3000,8522.5000
2022-07-08,8591.2000,8591.8500,8525.5500,8564.0000
2022-07-09,9398.1500,9466.3500,9382.9500,9454.2000
2022-07-10,9264.7000,9279.9000,9210.4000,9268.6000
2022-07-11,8525.3000,8606.2000,8515.8500,8593.4000
2022-07-12,8551.0500,8578.0500,8510.1500,8524.3000
2022-07-13,8563.4500,8573.7500,8479.0000,8487.3500
2022-07-14,8516.1500,8533.7500,8421.3000,8475.4500
2022-07-15,8513.3500,8540.5000,8472.1500,8531.3500
2022-07-18,8588.6500,8658.0500,8584.2000,8651.9500
2022-07-19,8609.5500,8700.0500,8609.5500,8689.6500
2022-07-20,8797.9000,8803.8000,8748.3500,8763.8500
2022-07-21,8766.6000,8840.5500,8747.2000,8829.1000
2022-07-22,8861.0500,8884.4500,8823.4000,8869.2000
2022-07-25,8848.3000,8866.0500,8799.0000,8832.6000
2022-07-26,8835.8000,8836.9000,8734.1000,8745.8500
2022-07-27,8740.6000,8835.8500,8721.7500,8829.6000
2022-07-28,8894.1000,8974.3000,8873.0000,8966.1000
2022-07-29,9041.3000,9095.3000,9017.4000,9087.6500
2022-08-01,9133.4000,9205.3000,9086.0500,9197.6500
2022-08-02,9176.0000,9192.6000,9039.6500,9147.6500
2022-08-03,9211.1000,9228.4000,9132.2500,9214.3000
2022-08-04,9255.1500,9273.9000,9097.5500,9224.7000
2022-08-05,9249.1000,9273.7000,9211.4500,9228.7000
2022-08-06,8655.7500,8678.7500,8561.6000,8595.6000
2022-08-07,8591.2000,8591.8500,8525.5500,8564.0000
2022-08-08,9233.6500,9301.5500,9208.9500,9291.6000
2022-08-09,9521.3000,9534.4500,9480.9500,9529.3000
2022-08-10,9315.6000,9315.6000,9244.2000,9289.7000
2022-08-11,9376.4500,9380.6500,9342.6500,9358.9500
2022-08-12,9362.2000,9400.5500,9334.3500,9387.5000
2022-08-16,9438.9500,9479.0000,9426.4000,9473.9500
2022-08-17,9499.9500,9550.0500,9487.6000,9538.0000
2022-08-18,9519.7000,9559.5000,9499.6000,9553.5000
2022-08-19,9564.9500,9576.2500,9426.7500,9447.3500
2022-08-22,9411.7500,9414.0500,9281.8000,9295.6000
2022-08-23,9222.0000,9373.4000,9217.8000,9349.0500
2022-08-24,9327.2500,9384.1000,9307.4500,9375.9500
2022-08-25,9416.7500,9443.4000,9326.8500,9343.7500
2022-08-26,9397.1500,9432.7000,9352.1000,9371.5500
2022-08-29,9157.9000,9286.8000,9154.4000,9258.1000
2022-08-30,9317.4500,9494.7000,9313.1000,9485.6000
2022-09-01,9362.0500,9468.0000,9360.5000,9401.9500
2022-09-02,9199.8500,9257.9000,9186.6500,9251.2000
2022-09-03,8512.4500,8674.6000,8470.8000,8636.0500
2022-09-05,8648.2000,8713.6500,8581.6000,8652.9500
2022-09-06,8550.0000,8664.9500,8534.5500,8657.3000
2022-09-07,9398.1500,9466.3500,9382.9500,9454.2000
2022-09-08,9521.3000,9534.4500,9480.9500,9529.3000
2022-09-09,9596.4500,9596.4500,9520.3000,9547.1500
2022-09-11,9702.2500,9703.7500,9609.4500,9630.1500
2022-09-12,9580.1500,9629.2000,9578.7500,9614.9000
2022-09-13,9670.8000,9687.6500,9653.3000,9677.6500
2022-09-14,9521.7500,9690.9000,9521.7500,9651.5000
2022-09-15,9682.6500,9706.5000,9593.7500,9616.5000
2022-09-16,9580.6500,9589.2500,9380.9500,9407.3000
2022-09-19,9418.7500,9477.4500,9345.5000,9447.1000
2022-09-20,9527.3500,9611.6500,9518.2000,9554.7000
2022-09-21,9537.1000,9579.1000,9461.0000,9486.0500
2022-09-22,9435.0000,9499.1000,9395.0500,9462.6500
2022-09-23,9452.6000,9475.1000,9275.2500,9290.8500
2022-09-26,9202.7000,9215.3500,9066.2500,9095.7000
2022-09-27,9145.1000,9185.5500,9049.1000,9093.9000
2022-09-28,9023.7500,9116.6500,8999.0000,9023.6000
2022-09-29,9100.7000,9121.6500,8989.4000,9005.1000
2022-09-30,8995.3500,9183.9500,8953.7000,9147.4500
2022-10-01,9489.9500,9538.9000,9472.9500,9532.6000
2022-10-02,9294.3500,9329.7500,9227.1000,9315.9000
2022-10-03,9152.2000,9163.8500,8990.5500,9019.5000
2022-10-04,9165.4000,9238.6000,9153.2000,9232.5500
2022-10-05,8629.1500,8695.8500,8558.4500,8578.8000
2022-10-06,8560.4500,8581.0000,8513.8000,8529.1000
2022-10-07,9264.7000,9279.9000,9210.4000,9268.6000
2022-10-08,9315.6000,9315.6000,9244.2000,9289.7000
2022-10-10,9153.0000,9239.7000,9130.8500,9216.7500
2022-10-11,9233.7000,9235.3000,9055.4000,9073.8000
2022-10-12,9098.3000,9153.3000,9049.8000,9143.9000
2022-10-13,9130.5000,9143.4000,9050.3500,9080.3500
2022-10-14,9239.0000,9243.1000,9132.1500,9139.1000
2022-10-17,9118.6000,9208.8000,9081.5500,9199.3500
2022-10-18,9264.7500,9306.3500,9263.3000,9294.8500
2022-10-19,9335.6000,9356.3000,9286.2000,9304.7000
2022-10-20,9259.5500,9345.7000,9249.8000,9334.9000
2022-10-21,9364.8000,9378.3000,9288.6500,9317.3500
2022-10-24,9405.5500,9420.2500,9376.1000,9388.3500
2022-10-25,9423.5500,9424.9000,9355.2500,9364.5000
2022-10-27,9420.9500,9437.7000,9371.8000,9418.2000
2022-10-28,9430.9500,9451.9000,9391.4500,9424.5500
2022-10-31,9483.2500,9550.2500,9479.4000,9544.4000
2022-11-01,9599.3500,9624.2000,9569.1500,9618.8000
2022-11-02,9633.1500,9633.5500,9572.3000,9590.0500
2022-11-03,9532.2000,9605.0500,9527.8500,9582.7500
2022-11-04,9586.8000,9616.8000,9558.3000,9608.9500
2022-11-05,8599.1500,8640.5500,8434.1000,8544.7000
2022-11-07,9658.6500,9681.1500,9588.6000,9659.3500
2022-11-08,9376.4500,9380.6500,9342.6500,9358.9500
2022-11-09,9702.2500,9703.7500,9609.4500,9630.1500
2022-11-10,9233.7000,9235.3000,9055.4000,9073.8000
2022-11-11,9675.5000,9700.2000,9668.5000,9693.1000
2022-11-14,9707.2000,9716.5500,9678.1500,9691.5000
2022-11-15,9708.6000,9732.7000,9665.5500,9722.3000
2022-11-16,9723.0000,9732.0500,9669.4500,9705.2500
2022-11-17,9683.0500,9703.9500,9647.4000,9662.5000
2022-11-18,9685.7500,9691.7000,9583.9000,9634.0000
2022-11-21,9607.6500,9613.6000,9550.6000,9565.5500
2022-11-22,9576.6500,9611.9000,9555.4000,9605.3500
2022-11-23,9645.6500,9645.8000,9609.4000,9620.4500
2022-11-24,9651.7000,9732.0500,9636.0500,9714.1500
2022-11-25,9738.4500,9746.9000,9700.7500,9737.0000
2022-11-28,9705.7500,9791.0000,9677.5500,9766.3500
2022-11-29,9764.5000,9818.3500,9763.3500,9789.0000
2022-11-30,9796.7000,9907.6000,9793.4000,9876.5500
2022-12-01,9613.8500,9647.8500,9593.0000,9640.7500
2022-12-02,9890.0000,9899.9000,9842.3000,9874.4500
2022-12-04,9416.1500,9417.2000,9300.0500,9351.7000
2022-12-05,9891.6500,9894.9000,9818.5500,9876.3500
2022-12-06,9832.8500,9855.1000,9822.4500,9849.4500
2022-12-07,9853.7000,9869.0500,9795.1000,9811.4000
2022-12-08,9822.2500,9846.1000,9807.3000,9840.8500
2022-12-09,9580.1500,9629.2000,9578.7500,9614.9000
2022-12-10,9098.3000,9153.3000,9049.8000,9143.9000
2022-12-12,9746.5000,9796.6500,9704.1500,9789.6000
2022-12-13,9808.8000,9844.0000,9788.9500,9837.9000
2022-12-14,9870.7500,9887.7000,9860.9500,9870.8500
2022-12-15,9851.8500,9870.5500,9735.8500,9751.7000
2022-12-16,9704.2000,9759.4000,9653.2000,9659.3500
2022-12-19,9670.8500,9744.3000,9641.8500,9738.4500
2022-12-20,9703.4500,9729.3000,9626.3000,9720.1500
2022-12-21,9748.0000,9772.1000,9586.8000,9605.0500
2022-12-22,9650.2000,9671.0500,9519.0500,9556.4500
2022-12-23,9476.3000,9508.4000,9315.8500,9332.9000
2022-12-26,9343.5000,9512.2500,9298.8500,9477.1500
2022-12-27,9522.2000,9556.6000,9461.6000,9547.9000
2022-12-28,9527.8500,9576.4500,9515.3500,9552.8500
2022-12-29,9512.4500,9608.5500,9472.3500,9587.0000
2022-12-30,9630.8500,9640.9500,9540.6500,9554.4500
2023-01-02,9297.7000,9360.7000,9029.4500,9172.1000
2023-01-03,9591.4500,9633.5500,9585.2000,9621.8500
2023-01-04,9622.9500,9629.4000,9504.4000,9515.3500
2023-01-05,9548.5000,9558.3000,9447.0000,9510.8000
2023-01-06,9746.1500,9755.7500,9700.7000,9711.9500
2023-01-08,10466.3500,10469.7000,10421.8500,10437.5000
2023-01-09,9492.8500,9569.8000,9486.9500,9557.9000
2023-01-10,9569.8000,9571.4500,9435.5000,9475.3500
2023-01-11,10199.5500,10214.7500,10143.3000,10151.9500
2023-01-12,9475.4000,9484.9000,9395.3000,9443.5500
2023-01-13,9452.0500,9502.6000,9399.9000,9487.0000
2023-01-16,9519.8500,9533.4000,9439.7000,9460.3500
2023-01-17,9475.3000,9533.4500,9453.2500,9523.8000
2023-01-18,9536.0500,9579.8000,9510.5500,9571.6000
2023-01-19,9547.0000,9564.2500,9520.5500,9541.6500
2023-01-20,9545.9000,9557.8500,9490.9000,9497.8000
2023-01-23,9538.1500,9554.8000,9511.2500,9541.0000
2023-01-24,9572.4500,9576.3500,9517.9000,9534.4500
2023-01-25,9518.6000,9521.3000,9379.0500,9393.0500
2023-01-27,9382.2500,9385.8000,9142.4000,9202.1500
2023-01-30,9157.7500,9248.6500,9071.5500,9189.6500
2023-01-31,9222.7500,9239.1000,9144.1000,9222.0500
2023-02-01,9297.7000,9360.7000,9029.4500,9172.1000
2023-02-02,9115.3000,9187.0500,9074.0000,9162.1000
2023-02-03,9044.4000,9052.8000,8991.9500,8999.9000
2023-02-05,9437.6000,9471.5000,9427.5500,9455.0000
2023-02-06,9745.4000,9757.3500,9715.4000,9741.4000
2023-02-07,9235.3000,9249.4500,9171.2500,9207.3000
2023-02-08,10404.5500,10413.7500,10258.6500,10320.9000
2023-02-09,9291.5000,9304.0000,9241.0500,9289.0000
2023-02-10,9263.7500,9282.5000,9245.9000,9274.3500
2023-02-11,10223.4500,10257.5500,10205.0500,10248.1500
2023-02-13,9269.4000,9278.2500,9187.9000,9205.9500
2023-02-14,9230.3000,9271.6500,9199.5000,9260.7000
2023-02-15,9241.1000,9315.8500,9228.5000,9306.6500
2023-02-16,9343.6500,9367.2000,9312.3000,9327.8000
2023-02-17,9296.4500,9321.8000,9249.4000,9275.4500
2023-02-20,9285.6000,9299.8000,9221.0000,9233.5500
2023-02-21,9262.0000,9269.7000,9206.0500,9218.9500
2023-02-22,9180.8500,9185.8500,9066.7000,9082.6500
2023-02-23,9090.0000,9106.0000,9019.4000,9058.7000
2023-02-24,9094.6000,9104.4500,9014.5000,9036.1500
2023-02-27,9016.0500,9021.9500,8936.2000,8988.8000
2023-02-28,8986.4000,9010.6000,8939.5500,8964.5500
2023-03-01,9591.4500,9633.5500,9585.2000,9621.8500
2023-03-02,9203.5500,9255.4000,9111.4500,9249.8000
2023-03-03,9064.6500,9149.0500,9056.8500,9124.9500
2023-03-04,9046.2500,9046.2500,8990.5000,9030.6500
2023-03-05,9438.9000,9452.6000,9412.1000,9436.3500
2023-03-06,9171.2000,9228.4500,9167.5500,9190.0500
2023-03-07,10139.4000,10173.8000,10134.2000,10164.4000
2023-03-08,9166.0500,9223.4500,9134.6500,9217.5500
2023-03-09,9232.1500,9235.2500,9131.2500,9140.4000
2023-03-10,9070.4000,9073.5000,9007.0500,9061.1500
2023-03-11,10308.0500,10328.4500,10300.5500,10311.2500
2023-03-13,9063.7000,9112.8500,8904.6000,8924.7000
2023-03-14,8928.5000,8955.3500,8835.6000,8868.3000
2023-03-15,8929.6500,8951.4000,8826.0500,8840.9000
2023-03-16,8847.3500,8890.6000,8767.6500,8854.3000
2023-03-17,8921.1500,8938.5500,8849.6500,8909.3000
2023-03-20,8888.8000,8889.3500,8767.5500,8846.2000
2023-03-21,8884.1500,8916.8000,8857.9500,8906.6500
2023-03-22,8943.7000,8960.4500,8917.0500,8935.3000
2023-03-23,8911.2000,8956.6500,8887.6000,8899.4000
2023-03-24,8903.3000,8918.7500,8814.2500,8828.1000
2023-03-27,8846.1500,8885.5000,8809.4500,8830.6000
2023-03-28,8849.0000,8855.5000,8780.3500,8802.0500
2023-03-29,8806.8500,8896.5500,8806.8500,8875.6000
2023-03-31,8937.9500,9019.4500,8934.8000,9007.9000
2023-04-01,9622.9500,9629.4000,9504.4000,9515.3500
2023-04-03,9046.2500,9046.2500,8990.5000,9030.6500
2023-04-05,9437.5000,9521.7000,9430.4500,9516.0000
2023-04-06,9090.5500,9142.6500,9072.3500,9124.5000
2023-04-07,10206.7000,10208.3500,10146.7000,10182.8000
2023-04-08,10308.0000,10348.7500,10298.7000,10337.3500
2023-04-09,10427.4000,10447.9000,10378.9500,10440.7500
2023-04-10,10436.2500,10439.7000,10342.7500,10399.5500
2023-04-11,9184.1500,9208.5500,9158.3500,9192.5500
2023-04-12,11156.3000,11189.0500,11095.7000,11180.7500
2023-04-13,9241.3500,9252.3500,9200.7000,9245.8000
2023-04-17,9257.6000,9257.6000,9139.8000,9208.8500
2023-04-18,9237.9000,9237.9000,9173.1000,9203.2000
2023-04-19,9204.3000,9206.8000,9160.6000,9176.8500
2023-04-20,9188.6000,9206.9500,9161.3500,9179.2000
2023-04-21,9188.7500,9195.1000,9136.4500,9171.8500
2023-04-24,9208.1500,9231.1000,9168.2000,9226.4000
2023-04-25,9235.2500,9257.9000,9216.2500,9241.4500
2023-04-26,9239.5000,9270.0000,9214.3000,9264.1000
2023-04-27,9265.5000,9321.3000,9258.7000,9313.9500
2023-04-28,9333.9000,9414.6500,9311.9000,9404.0000
2023-05-01,9548.5000,9558.3000,9447.0000,9510.8000
2023-05-02,9437.6000,9471.5000,9427.5500,9455.0000
2023-05-03,9438.9000,9452.6000,9412.1000,9436.3500
2023-05-04,9437.5000,9521.7000,9430.4500,9516.0000
2023-05-05,9463.1500,9506.9000,9426.4000,9434.0500
2023-05-06,9780.4000,9793.3500,9764.1000,9769.2000
2023-05-07,10196.8500,10214.7500,10170.0000,10205.3000
2023-05-08,9459.0500,9537.5000,9450.8500,9528.5500
2023-05-09,9548.8500,9574.7500,9508.8000,9527.0000
2023-05-10,9550.6000,9559.3500,9496.6500,9553.5500
2023-05-11,9580.1000,9590.3500,9544.4000,9558.8500
2023-05-12,9550.8500,9574.2500,9504.4500,9557.1500
2023-05-15,9567.6500,9630.6500,9546.7500,9601.3000
2023-05-16,9621.3500,9625.1000,9550.6500,9560.9500
2023-05-17,9569.5000,9572.7000,9474.8500,9511.7000
2023-05-18,9562.8500,9567.4000,9461.4000,9471.8500
2023-05-19,9495.8000,9512.1000,9425.0500,9505.0000
2023-05-22,9506.6000,9576.9000,9494.2000,9568.0000
2023-05-23,9597.9000,9626.0500,9583.0500,9593.8000
2023-05-24,9575.5500,9621.9500,9559.8500,9573.9000
2023-05-25,9568.0500,9607.3500,9543.9000,9598.7000
2023-05-26,9619.7500,9695.4000,9606.0000,9690.9500
2023-05-29,9751.2000,9761.5000,9730.6000,9740.1500
2023-05-30,9746.5000,9771.1000,9730.9000,9755.6500
2023-05-31,9737.6500,9740.1500,9690.5500,9724.8000
2023-06-01,9519.7000,9533.9500,9407.0000,9439.3500
2023-06-02,9232.1000,9237.1500,9185.9500,9226.6000
2023-06-03,9171.2000,9228.4500,9167.5500,9190.0500
2023-06-04,9090.5500,9142.6500,9072.3500,9124.5000
2023-06-05,9780.4000,9793.3500,9764.1000,9769.2000
2023-06-06,9775.5000,9787.9000,9737.9000,9776.4000
2023-06-07,10205.5000,10269.9000,10198.6500,10264.2000
2023-06-08,9857.4000,9876.6000,9789.9000,9798.8500
2023-06-09,9814.2500,9822.8500,9763.7500,9769.3000
2023-06-10,10487.0000,10514.9000,10470.5000,10503.7500
2023-06-11,10371.4500,10411.1500,10354.8500,10405.6500
2023-06-12,9789.2000,9808.2000,9765.4500,9796.6500
2023-06-13,9816.5500,9874.5500,9816.3000,9868.8000
2023-06-14,9887.5500,9895.7500,9857.3000,9888.6000
2023-06-15,9900.6000,9919.6500,9856.0500,9868.0000
2023-06-16,9891.7000,9962.1500,9885.2000,9943.3500
2023-06-19,9971.2000,9978.8000,9898.4000,9913.9000
2023-06-20,9917.0000,9959.4500,9874.1500,9948.8000
2023-06-21,9974.1000,9993.6500,9947.9000,9975.1500
2023-06-22,9979.0000,9985.8000,9905.3500,9912.4000
2023-06-23,9900.8500,9905.8000,9830.0000,9837.4500
2023-06-26,9839.1500,9874.8000,9827.2000,9866.9000
2023-06-27,9898.1500,9932.5500,9887.7500,9927.8000
2023-06-28,9975.1500,10017.1000,9953.4500,10004.9000
2023-06-30,10054.7000,10109.3000,10033.2000,10104.3500
2023-07-02,9235.3000,9249.4500,9171.2500,9207.3000
2023-07-03,10139.4000,10173.8000,10134.2000,10164.4000
2023-07-04,10206.7000,10208.3500,10146.7000,10182.8000
2023-07-05,10196.8500,10214.7500,10170.0000,10205.3000
2023-07-06,9812.6500,9856.6500,9799.0000,9850.3500
2023-07-07,10234.6000,10277.8500,10163.2500,10178.1000
2023-07-08,10368.8500,10387.2500,10339.0000,10378.2500
2023-07-09,10501.2000,10570.1000,10485.4500,10564.2000
2023-07-10,10212.0500,10214.6500,10159.3000,10175.4000
2023-07-11,10210.8500,10265.7000,10201.3500,10230.5500
2023-07-12,11345.4000,11359.4500,11301.5000,11348.4500
2023-07-13,10272.4500,10302.3500,10195.8000,10212.1000
2023-07-14,10255.8000,10310.1000,10224.8500,10296.3500
2023-07-17,10322.2500,10368.8000,10302.0000,10360.3000
2023-07-18,10397.1500,10405.2500,10335.2500,10367.9500
2023-07-19,10395.8500,10423.9000,10366.0500,10416.3500
2023-07-20,10421.1000,10480.4000,10387.6500,10475.1500
2023-07-21,10399.0000,10437.0000,10355.8000,10374.6500
2023-07-24,10381.3000,10396.8500,10336.7500,10344.1000
2023-07-25,10375.7500,10375.7500,10318.3500,10361.9000
2023-07-26,10392.8500,10434.3500,10379.7000,10411.5500
2023-07-27,10450.2500,10460.6000,10341.7000,10372.1500
2023-07-28,10379.9500,10394.7500,10343.5000,10386.6000
2023-07-31,10397.8500,10454.8000,10372.0000,10445.9000
2023-08-01,10466.3500,10469.7000,10421.8500,10437.5000
2023-08-02,10404.5500,10413.7500,10258.6500,10320.9000
2023-08-03,9166.0500,9223.4500,9134.6500,9217.5500
2023-08-04,10308.0000,10348.7500,10298.7000,10337.3500
2023-08-05,9459.0500,9537.5000,9450.8500,9528.5500
2023-08-06,9857.4000,9876.6000,9789.9000,9798.8500
2023-08-07,10368.8500,10387.2500,10339.0000,10378.2500
2023-08-08,10398.1500,10401.9000,10336.2000,10370.6000
2023-08-09,10592.4000,10645.7500,10574.9000,10624.3500
2023-08-10,10395.4000,10403.6000,10334.7000,10358.7500
2023-08-11,10449.7500,10463.7000,10430.7500,10457.9500
2023-08-12,11377.2500,11401.1000,11287.4500,11358.8000
2023-08-14,10282.1000,10306.5500,10188.4000,10289.1500
2023-08-16,10258.2000,10312.0000,10228.3000,10302.8000
2023-08-17,10303.4500,10308.5500,10249.5500,10263.9500
2023-08-18,10239.4000,10266.7000,10210.7000,10235.6500
2023-08-21,10245.7000,10305.0500,10235.5000,10290.7500
2023-08-22,10309.6500,10331.2000,10299.2000,10317.2500
2023-08-23,10343.5000,10360.4000,10313.6000,10340.0500
2023-08-24,10393.1500,10416.7000,10317.1500,10325.9000
2023-08-25,10286.1000,10305.5000,10237.0000,10254.4500
2023-08-28,10278.9000,10312.0500,10251.5000,10284.6500
2023-08-29,10320.1500,10320.9500,10294.2000,10311.5500
2023-08-30,10360.4000,10374.8000,10324.3500,10330.0500
2023-08-31,10345.8500,10349.0000,10272.5000,10284.9500
2023-09-01,9492.8500,9569.8000,9486.9500,9557.9000
2023-09-02,9291.5000,9304.0000,9241.0500,9289.0000
2023-09-03,9232.1500,9235.2500,9131.2500,9140.4000
2023-09-04,10427.4000,10447.9000,10378.9500,10440.7500
2023-09-05,10465.3000,10483.5500,10440.7500,10478.2000
2023-09-06,10487.6000,10511.0500,10444.9500,10500.8500
2023-09-07,10501.2000,10570.1000,10485.4500,10564.2000
2023-09-08,10592.4000,10645.7500,10574.9000,10624.3500
2023-09-10,10432.9000,10454.6000,10391.6000,10411.7500
2023-09-11,10471.2500,10474.0500,10428.5000,10435.8000
2023-09-12,10785.5500,10785.6000,10618.5500,10645.0500
2023-09-13,10641.9500,10691.2000,10595.1500,10681.0000
2023-09-14,10717.9000,10746.1500,10685.3500,10721.0500
2023-09-15,10753.6500,10779.3500,10733.6500,10763.6000
2023-09-18,10758.7500,10766.2000,10725.2000,10733.0000
2023-09-20,10665.0000,10700.7500,10611.9000,10626.8500
2023-09-21,10600.0500,10603.7500,10522.2000,10540.8500
2023-09-22,10545.1500,10575.1000,10496.1500,10511.4500
2023-09-25,10518.1000,10541.4500,10471.2500,10518.7000
2023-09-26,10524.0500,10537.9500,10502.9500,10515.6500
2023-09-27,10508.7000,10557.1500,10469.0000,10549.8500
2023-09-28,10573.3500,10575.7500,10420.8000,10436.1500
2023-09-29,10470.0500,10550.9000,10456.7000,10510.2500
2023-10-01,9569.8000,9571.4500,9435.5000,9475.3500
2023-10-02,9263.7500,9282.5000,9245.9000,9274.3500
2023-10-03,10507.9500,10508.6500,10443.3500,10474.6000
2023-10-04,10436.2500,10439.7000,10342.7500,10399.5500
2023-10-05,10446.6500,10464.1500,10418.8000,10445.0000
2023-10-06,10487.0000,10514.9000,10470.5000,10503.7500
2023-10-07,10212.0500,10214.6500,10159.3000,10175.4000
2023-10-08,10395.4000,10403.6000,10334.7000,10358.7500
2023-10-09,10432.9000,10454.6000,10391.6000,10411.7500
2023-10-10,10444.8000,10529.3500,10444.5500,10518.4500
2023-10-11,10564.3500,10603.9500,10560.1000,10581.1000
2023-10-12,10596.4000,10607.0500,10570.9500,10579.8500
2023-10-13,10515.7500,10589.3000,10505.3000,10561.3000
2023-10-16,10557.6500,10583.3500,10534.0500,10559.5500
2023-10-17,10616.2500,10618.6500,10583.5000,10600.8000
2023-10-18,10608.2000,10611.9000,10513.0000,10519.2500
2023-10-19,10458.5500,10519.9500,10431.4500,10495.5500
2023-10-20,10458.7500,10480.7500,10423.5500,10435.0000
2023-10-23,10428.7500,10441.4500,10250.0000,10266.1500
2023-10-25,10275.4000,10310.5500,10145.0500,10185.7500
2023-10-26,10134.5000,10141.2500,10017.5500,10052.5000
2023-10-27,10098.7000,10189.8500,10097.7500,10173.6500
2023-10-30,10182.9000,10221.4500,10108.6500,10213.6000
2023-10-31,10264.8500,10265.0500,10187.0500,10198.3500
2023-11-01,9484.5000,9504.1500,9428.9000,9459.2000
2023-11-02,10223.4500,10257.5500,10205.0500,10248.1500
2023-11-03,10308.0500,10328.4500,10300.5500,10311.2500
2023-11-04,9184.1500,9208.5500,9158.3500,9192.5500
2023-11-05,9580.1000,9590.3500,9544.4000,9558.8500
2023-11-06,10371.4500,10411.1500,10354.8500,10405.6500
2023-11-07,10210.8500,10265.7000,10201.3500,10230.5500
2023-11-08,10372.6000,10373.9500,10296.1000,10304.6000
2023-11-09,10668.5500,10730.4500,10656.8500,10725.4000
2023-11-10,10564.3500,10603.9500,10560.1000,10581.1000
2023-11-12,11367.6000,11402.6000,11356.4500,11396.5000
2023-11-13,10494.5000,10497.3000,10459.0500,10482.4500
2023-11-15,10588.8500,10606.9000,10559.0000,10599.4500
2023-11-16,10603.2000,10700.0000,10580.7000,10651.8500
2023-11-17,10612.6500,10679.5000,10607.4000,10649.5000
2023-11-20,10656.5500,10666.8000,10622.4500,10631.8000
2023-11-21,10673.3500,10690.8500,10659.7000,10667.3500
2023-11-22,10671.7000,10689.4000,10618.5000,10678.6500
2023-11-23,10693.7000,10713.1500,10671.5000,10678.9000
2023-11-24,10689.2000,10701.1000,10668.2000,10676.5000
2023-11-28,10707.7500,10755.3500,10689.0000,10742.9500
2023-11-29,10797.0000,10850.9500,10790.4500,10846.4500
2023-11-30,10857.6000,10899.0000,10808.9500,10887.3500
2023-12-01,9475.4000,9484.9000,9395.3000,9443.5500
2023-12-04,9214.3500,9245.5000,9194.0000,9239.6500
2023-12-05,11238.9500,11280.3000,11192.2500,11275.9500
2023-12-06,11331.1500,11347.3500,11283.9500,11337.2000
2023-12-07,11345.4000,11359.4500,11301.5000,11348.4500
2023-12-08,11377.2500,11401.1000,11287.4500,11358.8000
2023-12-09,10785.5500,10785.6000,10618.5500,10645.0500
2023-12-10,10596.4000,10607.0500,10570.9500,10579.8500
2023-12-11,10527.5000,10527.9500,10504.3000,10512.7500
2023-12-12,11416.6000,11423.0500,11310.7500,11342.5500
2023-12-13,11361.5000,11388.7000,11282.6000,11376.7000
2023-12-14,11471.5500,11535.1000,11461.4500,11520.3500
2023-12-15,11579.1500,11641.5000,11544.5000,11627.8000
2023-12-18,11626.7000,11657.0000,11582.2000,11627.0000
2023-12-19,11660.3500,11664.1500,11570.5500,11637.4500
2023-12-20,11695.2000,11719.9000,11384.5000,11417.2000
2023-12-21,11340.7500,11523.6500,11306.1000,11507.6500
2023-12-22,11545.2500,11590.5500,11498.4500,11569.1000
2023-12-26,11590.1000,11647.1000,11569.0000,11629.8500
2023-12-27,11669.5000,11737.0000,11659.8500,11727.0000
2023-12-28,11762.7000,11799.9500,11736.5500,11790.0500
2023-12-29,11781.8000,11811.5000,11749.8500,11798.7000
2024-01-01,11809.4500,11865.0500,11787.8000,11817.5000
2024-01-02,11831.4000,11833.4500,11699.0500,11782.6000
2024-01-03,11791.5500,11796.9500,11734.2500,11745.5000
2024-01-04,11796.8000,11863.6500,11782.5000,11850.6000
2024-01-05,11884.3000,11904.1000,11817.3500,11872.3000
2024-01-07,13584.2500,13676.0500,13576.7000,13668.7000
2024-01-08,14215.7500,14234.6500,14121.4000,14165.8000
2024-01-09,11838.9000,11870.7000,11768.8000,11782.9000
2024-01-10,11782.2500,11829.9000,11717.1000,11820.4500
2024-01-11,11863.2000,11885.0500,11824.6000,11855.2000
2024-01-12,11920.7000,11978.5500,11885.7500,11960.8500
2024-01-15,12042.0500,12062.4500,11979.6000,12055.4000
2024-01-16,12056.6000,12074.8000,11971.1000,12019.4500
2024-01-17,11844.3000,11937.7000,11790.7500,11801.3500
2024-01-18,11732.4500,11782.6500,11599.9000,11749.3500
2024-01-19,11835.0500,11871.8000,11817.1000,11862.3000
2024-01-20,11916.7500,11927.0500,11842.8000,11855.9500
2024-01-23,11943.1000,11950.4500,11599.4000,11626.8000
2024-01-24,11614.4500,11782.2000,11555.4500,11769.4000
2024-01-25,11783.1000,11783.6500,11660.2000,11724.7500
2024-01-29,11771.5000,11937.7500,11767.6500,11925.9000
2024-01-30,11957.3500,11974.0000,11819.6000,11829.6000
2024-01-31,11822.4500,11961.5000,11802.5000,11953.8000
2024-02-01,11831.4000,11833.4500,11699.0500,11782.6000
2024-02-02,12000.6000,12140.2000,11995.4500,12017.2000
2024-02-03,12372.1000,12385.7500,12357.3000,12369.9500
2024-02-04,12462.9500,12489.7500,12432.0500,12483.4000
2024-02-05,12675.1000,12756.5000,12674.7000,12730.5500
2024-02-06,12013.6500,12090.4500,11953.6500,12082.9500
2024-02-07,13714.5500,13717.1000,13586.2500,13635.3000
2024-02-08,12185.8000,12187.3000,12026.3500,12052.6500
2024-02-09,12064.4500,12085.3000,11930.1500,12055.6500
2024-02-12,12077.3000,12088.1500,11890.1500,11914.1000
2024-02-13,11939.2000,11992.2000,11836.4000,11983.8500
2024-02-14,11887.0000,12076.6500,11862.7500,12063.4500
2024-02-15,12114.9000,12145.0000,12069.7500,12124.8000
2024-02-16,12184.8500,12212.8500,12157.1500,12198.6500
2024-02-19,12242.9500,12278.7500,12198.6000,12240.9500
2024-02-20,12236.2000,12278.7500,12205.8000,12269.1000
2024-02-21,12301.9500,12307.7500,12149.9500,12181.8000
2024-02-22,12208.8000,12298.5500,12104.8000,12282.4000
2024-02-23,12324.8500,12327.6500,12275.8500,12292.4500
2024-02-26,12277.9000,12301.4000,12222.4500,12255.1500
2024-02-27,12245.7000,12297.9000,12239.8000,12277.5500
2024-02-28,12293.2000,12301.7000,12099.1000,12119.4500
2024-02-29,12112.7000,12203.1000,12054.7500,12160.4500
2024-03-01,11791.5500,11796.9500,11734.2500,11745.5000
2024-03-02,12372.1000,12385.7500,12357.3000,12369.9500
2024-03-04,12452.5000,12528.1500,12432.0000,12492.4500
2024-03-05,12795.2000,12807.7500,12573.1000,12651.1500
2024-03-06,13243.4000,13243.4000,13071.9000,13183.8500
2024-03-07,12410.6000,12441.3000,12386.7500,12417.2500
2024-03-09,14349.6000,14349.7000,14315.5000,14326.8000
2024-03-10,14412.5000,14526.5500,14278.1000,14300.2000
2024-03-11,12440.3500,12443.5000,12330.8500,12345.7000
2024-03-12,12351.0500,12380.8500,12269.8000,12293.6500
2024-03-13,12337.4000,12344.4500,11949.0500,12008.8000
2024-03-14,11983.7500,12163.4500,11937.4000,12147.8500
2024-03-15,12113.8000,12152.7500,11998.8500,12080.6500
2024-03-18,12065.2500,12126.6500,12013.5500,12094.4500
2024-03-19,12053.1500,12062.7500,11939.6000,11950.4500
2024-03-20,11973.4000,12003.1500,11868.3500,11965.2500
2024-03-21,12060.4500,12126.7500,12054.1000,12114.5000
2024-03-22,12084.3500,12204.8500,12050.5000,12168.7500
2024-03-26,12100.8000,12195.5000,12100.5000,12173.6500
2024-03-27,12207.3000,12272.8500,12205.5500,12219.0000
2024-03-28,12252.7500,12413.1500,12252.5500,12329.7500
2024-04-01,11796.8000,11863.6500,11782.5000,11850.6000
2024-04-02,12462.9500,12489.7500,12432.0500,12483.4000
2024-04-03,12389.3000,12406.6500,12353.1500,12386.9500
2024-04-04,12583.1000,12594.9500,12443.3500,12524.4500
2024-04-05,12516.8000,12562.1500,12486.8500,12551.0000
2024-04-06,13151.3500,13151.3500,11878.6500,12288.1500
2024-04-07,13785.9500,13804.5500,13744.9500,13766.6000
2024-04-08,12602.4000,12642.5000,12578.7000,12615.6000
2024-04-09,14219.2000,14302.3500,14217.0000,14293.8500
2024-04-10,12640.5000,12682.5500,12619.8500,12671.8000
2024-04-11,13697.3000,13697.9500,13416.8500,13513.5500
2024-04-12,12641.9500,12672.6500,12554.1000,12559.3000
2024-04-15,12417.8500,12489.9000,12352.1000,12397.4000
2024-04-16,12325.5000,12393.5000,12304.3500,12351.4500
2024-04-18,12405.7000,12464.2500,12261.8500,12282.7000
2024-04-19,12197.3000,12350.7500,12119.0000,12325.8500
2024-04-22,12436.9500,12460.1000,12369.7000,12441.4000
2024-04-23,12508.5500,12508.6500,12464.0000,12478.3500
2024-04-24,12515.4500,12543.9500,12504.6000,12516.5500
2024-04-25,12486.0000,12618.1000,12482.7500,12599.7000
2024-04-26,12632.1500,12638.7500,12553.7500,12570.3000
2024-04-29,12608.3500,12681.4500,12575.4000,12675.2000
2024-04-30,12708.2000,12769.6000,12656.2500,12673.1500
2024-05-01,11884.3000,11904.1000,11817.3500,11872.3000
2024-05-02,12675.1000,12756.5000,12674.7000,12730.5500
2024-05-03,12795.2000,12807.7500,12573.1000,12651.1500
2024-05-04,12516.8000,12562.1500,12486.8500,12551.0000
2024-05-06,12698.3000,12701.7000,12571.2000,12601.7500
2024-05-07,12630.3000,12632.3000,12425.1000,12475.0000
2024-05-08,12442.9000,12554.5500,12404.3500,12517.4000
2024-05-09,14335.7000,14344.9500,14276.7000,14286.0000
2024-05-10,12340.1000,12395.3000,12295.9000,12380.5500
2024-05-11,13476.8000,13628.9500,13405.6500,13618.8500
2024-05-12,13916.2500,14037.9500,13793.9500,13983.4000
2024-05-13,12378.9000,12427.5000,12216.4000,12410.0000
2024-05-14,12425.3000,12522.5500,12401.3500,12502.8500
2024-05-15,12536.9500,12570.6500,12493.0000,12528.6500
2024-05-16,12594.7000,12655.9500,12467.1000,12641.7000
2024-05-17,12658.9500,12714.7000,12631.7000,12705.1500
2024-05-18,12741.7500,12751.4000,12724.9500,12744.7500
2024-05-21,12719.7500,12804.7500,12710.7500,12780.4500
2024-05-22,12818.3000,12828.9500,12733.1000,12813.5000
2024-05-23,12835.5500,12993.2000,12820.6000,12982.4000
2024-05-24,12975.0000,13028.7500,12953.8500,12981.6500
2024-05-27,13034.1000,13062.7500,12957.4000,12985.4000
2024-05-28,13013.2000,13022.9500,12905.7500,12928.1000
2024-05-29,12862.7500,12902.4000,12827.7500,12836.4500
2024-05-30,12800.3000,12839.3000,12671.4000,12708.3000
2024-05-31,12763.2000,12791.6000,12687.9000,12742.8000
2024-06-02,12013.6500,12090.4500,11953.6500,12082.9500
2024-06-03,13243.4000,13243.4000,13071.9000,13183.8500
2024-06-04,13151.3500,13151.3500,11878.6500,12288.1500
2024-06-05,12442.1500,12764.2000,12177.9500,12740.6000
2024-06-06,12857.5500,12962.9000,12805.8500,12902.2000
2024-06-07,12909.7500,13153.5500,12876.7500,13142.0000
2024-06-08,13688.5500,13816.1500,13518.1000,13540.1500
2024-06-09,14267.7500,14292.1500,14080.1500,14107.4000
2024-06-10,13181.2000,13230.9000,13117.3000,13145.9500
2024-06-11,13170.4000,13230.9000,13126.2000,13162.7000
2024-06-12,13212.2500,13263.9000,13190.5000,13219.9500
2024-06-13,13317.6500,13317.7000,13237.8500,13282.5000
2024-06-14,13325.8500,13370.2500,13263.8000,13360.6000
2024-06-18,13422.0500,13428.8000,13380.3000,13421.9000
2024-06-19,13465.3000,13465.3000,13306.1000,13362.8000
2024-06-20,13400.7500,13423.0000,13333.6500,13405.9000
2024-06-21,13459.3500,13459.8500,13326.7000,13361.1000
2024-06-24,13305.5000,13404.8000,13264.1500,13397.0500
2024-06-25,13428.3000,13465.2000,13389.4000,13451.0500
2024-06-26,13451.9000,13509.8500,13412.4000,13496.1500
2024-06-27,13506.6000,13599.4500,13480.4000,13575.8000
2024-06-28,13604.2000,13653.5500,13565.8000,13579.2500
2024-07-01,13584.2500,13676.0500,13576.7000,13668.7000
2024-07-02,12156.2000,12162.4500,12065.4500,12126.8000
2024-07-03,13722.9500,13749.9500,13684.7500,13737.6000
2024-07-04,13785.9500,13804.5500,13744.9500,13766.6000
2024-07-05,12630.3000,12632.3000,12425.1000,12475.0000
2024-07-06,12909.7500,13153.5500,12876.7500,13142.0000
2024-07-08,13825.8500,13832.9500,13755.5500,13800.4000
2024-07-09,13832.5500,13869.0500,13807.0000,13863.2000
2024-07-10,14214.2500,14240.0500,13921.6500,13978.9000
2024-07-11,13842.6000,13846.8500,13674.1500,13681.7500
2024-07-12,13876.0000,13947.7000,13838.6000,13895.3000
2024-07-15,13949.9000,13983.0000,13898.0000,13968.6500
2024-07-16,13994.8500,14006.2500,13948.4500,13960.9000
2024-07-18,13932.8500,13996.9500,13842.1500,13987.4000
2024-07-19,14002.0500,14002.1000,13775.8000,13788.1500
2024-07-22,13738.3000,13871.1500,13689.6500,13834.2000
2024-07-23,13882.2000,13886.7500,13477.0000,13788.6500
2024-07-24,13780.3500,13834.1000,13740.2500,13797.7500
2024-07-25,13696.0000,13813.8500,13684.0500,13801.0000
2024-07-26,13831.0500,14049.3500,13827.8500,14039.2000
2024-07-29,14112.4000,14156.6000,14049.4500,14089.8000
2024-07-30,14101.5000,14164.6500,14075.5500,14105.5500
2024-07-31,14138.8000,14184.6500,14121.4500,14170.8000
2024-08-01,14215.7500,14234.6500,14121.4000,14165.8000
2024-08-02,14040.6000,14097.4500,13999.1000,14012.9000
2024-08-04,12602.4000,12642.5000,12578.7000,12615.6000
2024-08-05,12442.9000,12554.5500,12404.3500,12517.4000
2024-08-06,13688.5500,13816.1500,13518.1000,13540.1500
2024-08-07,13738.9500,13793.0000,13669.7500,13779.4500
2024-08-08,13769.7000,13807.6500,13668.1500,13686.4000
2024-08-09,13836.1500,13859.6500,13791.8000,13826.0500
2024-08-10,13980.8500,14187.8500,13942.2000,14168.1500
2024-08-11,13688.9000,13719.3000,13575.0000,13602.3000
2024-08-12,13787.1000,13863.1500,13720.9500,13814.3000
2024-08-13,13829.0000,13836.9500,13678.1500,13691.5000
2024-08-14,13724.6500,13732.6000,13642.2000,13680.8500
2024-08-16,13787.2000,13925.8000,13720.9000,13914.7000
2024-08-19,13983.2500,13987.9000,13926.7500,13946.0500
2024-08-20,13993.4000,14038.9000,13966.1500,14030.8000
2024-08-21,14029.9500,14080.5000,14011.8000,14070.8000
2024-08-22,14130.3000,14131.8500,14090.4500,14112.6000
2024-08-23,14138.1000,14145.7000,14088.0500,14099.2000
2024-08-26,14152.8500,14202.3500,14125.8000,14191.7500
2024-08-27,14207.9000,14228.8000,14179.2500,14206.0000
2024-08-28,14227.6500,14257.8000,14172.8500,14218.4500
2024-08-29,14217.5000,14255.2500,14153.0000,14240.9500
2024-08-30,14298.1500,14317.4500,14269.5500,14295.7000
2024-09-01,11838.9000,11870.7000,11768.8000,11782.9000
2024-09-02,12064.4500,12085.3000,11930.1500,12055.6500
2024-09-03,14349.6000,14349.7000,14315.5000,14326.8000
2024-09-04,14219.2000,14302.3500,14217.0000,14293.8500
2024-09-05,14335.7000,14344.9500,14276.7000,14286.0000
2024-09-06,14267.7500,14292.1500,14080.1500,14107.4000
2024-09-07,13832.5500,13869.0500,13807.0000,13863.2000
2024-09-08,13836.1500,13859.6500,13791.8000,13826.0500
2024-09-09,14092.3500,14153.1500,14015.5500,14139.0000
2024-09-10,14190.4500,14264.7500,14144.2500,14213.5000
2024-09-11,14222.9500,14269.4000,14130.2000,14151.5000
2024-09-12,14243.1000,14412.4000,14188.0500,14394.6500
2024-09-13,14426.0500,14426.0500,14369.4500,14391.4000
2024-09-16,14434.1000,14451.3000,14387.5000,14415.5000
2024-09-17,14437.3000,14437.3000,14387.5500,14420.5500
2024-09-18,14417.9500,14439.2500,14321.8500,14380.4500
2024-09-19,14447.6500,14494.2500,14286.6500,14367.0000
2024-09-20,14426.1500,14611.2500,14384.7500,14580.9000
2024-09-23,14638.3000,14701.8500,14623.2500,14693.2000
2024-09-24,14695.3000,14726.9000,14674.0500,14700.1500
2024-09-25,14687.4500,14708.3000,14630.5000,14696.0000
2024-09-26,14709.0500,14799.9000,14684.5500,14789.3500
2024-09-27,14806.1500,14833.7500,14770.2000,14784.8000
2024-09-30,14728.8000,14757.2000,14597.9000,14610.8000
2024-10-01,11782.2500,11829.9000,11717.1000,11820.4500
2024-10-03,14412.5000,14526.5500,14278.1000,14300.2000
2024-10-04,12640.5000,12682.5500,12619.8500,12671.8000
2024-10-05,12340.1000,12395.3000,12295.9000,12380.5500
2024-10-06,13181.2000,13230.9000,13117.3000,13145.9500
2024-10-07,13893.2000,13893.6000,13650.9000,13816.3500
2024-10-08,13980.8500,14187.8500,13942.2000,14168.1500
2024-10-09,14190.4500,14264.7500,14144.2500,14213.5000
2024-10-10,14254.6500,14290.3500,14183.5000,14194.2500
2024-10-11,14197.5000,14220.7500,14157.0500,14194.0000
2024-10-12,13997.8500,14006.9000,13925.6000,13985.4500
2024-10-14,14228.4500,14278.9000,14215.1000,14269.3500
2024-10-15,14311.2500,14320.0500,14215.2000,14252.4000
2024-10-16,14230.3000,14274.2000,14165.0000,14205.5000
2024-10-17,14229.8000,14231.7000,14026.2500,14033.0500
2024-10-18,13980.6500,14099.9000,13899.1500,14080.5000
2024-10-21,14133.5500,14154.4500,13966.0500,13989.4000
2024-10-22,14000.6000,14027.6500,13736.3000,13751.3000
2024-10-23,13711.3500,13844.8000,13681.9000,13753.4500
2024-10-24,13750.9000,13782.5000,13697.0500,13725.5500
2024-10-25,13744.4500,13753.8500,13491.6500,13567.5000
2024-10-28,13599.7000,13724.4500,13520.0000,13655.3500
2024-10-29,13663.6500,13751.5000,13534.9000,13742.3000
2024-10-30,13696.2500,13784.1000,13664.7000,13688.7000
2024-10-31,13694.9000,13708.8000,13586.7500,13618.2000
2024-11-01,11863.2000,11885.0500,11824.6000,11855.2000
2024-11-03,12440.3500,12443.5000,12330.8500,12345.7000
2024-11-04,13697.3000,13697.9500,13416.8500,13513.5500
2024-11-05,13476.8000,13628.9500,13405.6500,13618.8500
2024-11-06,13170.4000,13230.9000,13126.2000,13162.7000
2024-11-07,13842.6000,13846.8500,13674.1500,13681.7500
2024-11-08,13688.9000,13719.3000,13575.0000,13602.3000
2024-11-09,14222.9500,14269.4000,14130.2000,14151.5000
2024-11-10,14197.5000,14220.7500,14157.0500,14194.0000
2024-11-11,13569.8000,13694.5500,13506.8000,13586.7500
2024-11-12,13632.1000,13661.0500,13401.4500,13427.8000
2024-11-13,13390.6500,13424.8500,13171.9500,13201.9500
2024-11-14,13205.8000,13300.3500,13189.3000,13220.4000
2024-11-18,13276.4000,13276.4500,13128.6500,13191.0000
2024-11-19,13238.6500,13386.4500,13212.4500,13244.8000
2024-11-21,13208.5000,13213.0500,13057.5000,13129.7000
2024-11-22,13155.5000,13414.2000,13126.1500,13390.8000
2024-11-25,13603.4500,13662.3500,13556.9500,13579.7500
2024-11-26,13641.2000,13651.0500,13553.7500,13575.5500
2024-11-27,13592.1000,13680.4000,13552.4500,13649.8500
2024-11-28,13664.9500,13720.8000,13499.3000,13524.7500
2024-11-29,13536.0000,13662.3000,13535.5000,13627.0000
2024-12-01,11920.7000,11978.5500,11885.7500,11960.8500
2024-12-02,13631.7000,13722.8000,13578.4000,13716.9500
2024-12-03,12351.0500,12380.8500,12269.8000,12293.6500
2024-12-04,13857.6500,13898.6000,13794.0500,13866.2000
2024-12-05,13916.2500,14037.9500,13793.9500,13983.4000
2024-12-06,14004.7500,14029.5500,13949.2000,13996.8000
2024-12-07,13876.0000,13947.7000,13838.6000,13895.3000
2024-12-08,13787.1000,13863.1500,13720.9500,13814.3000
2024-12-09,13977.0000,14018.1500,13951.4500,13977.2000
2024-12-10,13997.8500,14006.9000,13925.6000,13985.4500
2024-12-11,13632.1000,13661.0500,13401.4500,13427.8000
2024-12-12,13996.4500,14026.9000,13947.9000,13956.4500
2024-12-13,13926.8500,14046.3500,13735.7500,14035.9000
2024-12-16,14040.0000,14062.3000,13979.4500,14021.7500
2024-12-17,13988.9000,14013.9500,13840.0000,13858.0000
2024-12-18,13843.6500,13874.5500,13725.7500,13759.3000
2024-12-19,13558.6500,13659.9500,13555.2000,13638.1500
2024-12-20,13653.6000,13699.1500,13348.6500,13373.9000
2024-12-23,13452.9500,13525.0500,13399.5500,13449.7500
2024-12-24,13460.5000,13511.0000,13408.4500,13436.0000
2024-12-26,13462.7500,13492.8500,13394.2000,13456.3500
2024-12-27,13483.0500,13538.2000,13452.6000,13459.7500
2024-12-30,13454.9000,13516.6500,13356.1000,13408.8500
2024-12-31,13355.9000,13435.1500,13290.3500,13406.9500
2025-01-01,13407.0000,13490.0000,13362.0500,13462.4500
2025-01-02,13091.8500,13142.4000,12945.9000,13056.7000
2025-01-03,13702.5500,13707.8000,13594.0500,13610.5000
2025-01-04,12907.7500,13018.8000,12791.4500,12809.3000
2025-01-06,13635.5500,13637.6500,13293.4500,13331.8000
2025-01-07,14276.1500,14289.3500,14226.5000,14260.5000
2025-01-08,13407.6000,13410.6000,13228.5000,13337.5000
2025-01-09,13337.0500,13342.2500,13218.4500,13228.5000
2025-01-10,13234.2000,13251.7000,13070.1000,13105.3500
2025-01-12,14642.6500,14642.6500,14538.7000,14571.3500
2025-01-13,12961.7500,13015.9500,12777.0000,12799.6000
2025-01-14,12851.7000,12970.0500,12849.8000,12935.2500
2025-01-15,12989.1000,13023.7000,12919.4500,12975.4000
2025-01-16,13087.6000,13104.3000,13052.5000,13064.9500
2025-01-17,13054.6500,13075.9500,12975.1000,13043.5500
2025-01-20,13098.3000,13148.2500,13014.1500,13119.4500
2025-01-21,13147.5500,13151.4500,12880.4500,12893.9000
2025-01-22,12928.3500,12938.3500,12771.3000,12897.7000
2025-01-23,12888.9500,13006.2000,12865.9500,12976.3500
2025-01-24,12970.4500,13023.4000,12844.8000,12868.5000
2025-01-27,12776.1500,12779.1000,12629.8000,12654.7500
2025-01-28,12723.2000,12805.6000,12610.9000,12698.1000
2025-01-29,12730.9500,12872.1500,12723.9000,12862.5000
2025-01-30,12881.1000,12949.5000,12839.9000,12896.7500
2025-01-31,12923.3000,13086.6500,12903.6500,13064.5500
2025-02-01,13091.8500,13142.4000,12945.9000,13056.7000
2025-02-03,12964.8500,12975.3000,12887.5500,12963.8500
2025-02-04,13056.5500,13181.9500,13013.4000,13170.8500
2025-02-05,13423.6000,13572.2000,13368.5000,13423.5000
2025-02-06,13766.8000,13826.1500,13710.5000,13808.0500
2025-02-07,14281.7000,14293.2500,14168.8500,14217.3500
2025-02-09,13744.9500,13806.7500,13693.6000,13721.9500
2025-02-10,13087.8000,13100.7500,12904.3000,12943.0500
2025-02-11,12944.6500,12949.6500,12659.2500,12712.7500
2025-02-12,14536.1000,14575.1500,14485.4000,14508.9500
2025-02-13,12709.8500,12829.8000,12676.8500,12700.8000
2025-02-14,12739.4500,12753.8000,12476.8500,12569.3500
2025-02-17,12498.4500,12595.6500,12406.3000,12585.5000
2025-02-18,12593.1000,12611.8500,12483.2500,12576.1500
2025-02-19,12516.5500,12674.0000,12487.4000,12624.7500
2025-02-20,12570.8000,12674.6000,12565.5500,12670.1500
2025-02-21,12644.2500,12699.0000,12538.3500,12580.3500
2025-02-24,12471.2500,12493.0000,12422.7000,12447.0000
2025-02-25,12432.2500,12492.9500,12400.3000,12418.6500
2025-02-27,12430.7500,12452.4000,12356.9000,12377.9500
2025-02-28,12303.9500,12312.9000,12086.3000,12116.1500
2025-03-01,13702.5500,13707.8000,13594.0500,13610.5000
2025-03-02,12964.8500,12975.3000,12887.5500,12963.8500
2025-03-03,12150.6500,12193.5500,12007.0500,12134.6500
2025-03-04,12041.6000,12152.4500,12013.5500,12131.4000
2025-03-05,12121.6000,12335.1500,12121.6000,12320.7500
2025-03-06,12414.2500,12438.4000,12307.9000,12427.4500
2025-03-07,12413.4000,12478.9000,12381.7000,12416.0000
2025-03-09,13743.9000,13811.0500,13709.1500,13802.0000
2025-03-10,13832.6000,13909.5500,13812.9000,13904.5000
2025-03-11,14360.0500,14435.6500,14342.6000,14416.3500
2025-03-12,14501.4500,14524.9000,14400.8000,14444.4000
2025-03-13,12383.9500,12397.8000,12275.5500,12286.6000
2025-03-17,12275.2500,12395.6500,12275.1500,12355.9500
2025-03-18,12437.4000,12584.2000,12405.9500,12570.6000
2025-03-19,12602.3000,12700.4000,12568.5000,12681.6500
2025-03-20,12757.2000,12827.7500,12691.9500,12813.5500
2025-03-21,12806.0000,12943.7500,12786.5000,12919.9000
2025-03-24,13014.2500,13121.3500,12967.8000,13088.4500
2025-03-25,13153.6500,13185.5500,13009.4500,13041.2500
2025-03-26,13056.7500,13097.6000,12937.0000,12951.4500
2025-03-27,12917.2500,13055.2000,12909.9000,13029.2000
2025-03-28,13043.2000,13085.1500,12945.3500,12982.7500
2025-04-01,12907.7500,13018.8000,12791.4500,12809.3000
2025-04-02,13056.5500,13181.9500,13013.4000,13170.8500
2025-04-03,12041.6000,12152.4500,12013.5500,12131.4000
2025-04-04,12873.1500,12882.0500,12623.2500,12658.7000
2025-04-06,13735.1500,13782.7500,13695.3500,13772.0500
2025-04-07,11945.1000,12291.4000,11941.4500,12242.3500
2025-04-08,13692.3500,13799.1000,13667.8000,13792.6000
2025-04-09,12430.4000,12430.6000,12338.0500,12397.9500
2025-04-11,14412.3000,14427.3500,14324.0500,14333.4500
2025-04-12,14446.4000,14511.6000,14427.6000,14466.4000
2025-04-15,12908.1000,12947.7500,12820.1500,12931.7000
2025-04-16,12944.7500,13008.3500,12907.0500,13001.0000
2025-04-17,12984.2000,13199.7000,12934.8000,13186.1000
2025-04-21,13249.4000,13399.5500,13219.2000,13378.6500
2025-04-22,13417.0500,13462.3000,13346.3000,13416.0000
2025-04-23,13512.7500,13524.2000,13371.3000,13517.5500
2025-04-24,13502.9000,13538.1500,13463.4500,13480.2000
2025-04-25,13505.1500,13545.0500,13189.6500,13296.8500
2025-04-28,13300.0500,13478.3500,13297.4500,13464.6000
2025-04-29,13496.9000,13551.4500,13451.0500,13469.0000
2025-04-30,13475.7000,13509.4500,13368.5500,13438.1500
2025-05-02,13211.9500,13245.4000,13169.7500,13182.1500
2025-05-03,12121.6000,12335.1500,12121.6000,12320.7500
2025-05-05,13471.1500,13548.2500,13465.9000,13535.8000
2025-05-06,13814.1500,13908.3500,13777.8500,13845.8000
2025-05-07,13295.1000,13471.4500,13292.3500,13464.4000
2025-05-08,13794.4500,13795.9000,13711.1500,13750.7500
2025-05-09,13829.3500,13842.8500,13719.4000,13790.0500
2025-05-12,14452.4500,14550.2500,14435.7500,14541.6500
2025-05-13,13715.2500,13766.5500,13588.7500,13604.9000
2025-05-14,13630.5500,13718.5500,13602.8000,13677.9500
2025-05-15,13701.6500,13884.6000,13611.0000,13865.8000
2025-05-16,13880.1500,13907.4500,13838.8500,13896.3500
2025-05-19,13904.3500,13940.8000,13865.3500,13879.4000
2025-05-20,13919.8000,13927.4500,13693.5500,13704.9000
2025-05-21,13734.4000,13846.8000,13701.5500,13795.2000
2025-05-22,13757.0500,13758.6000,13618.2500,13698.5500
2025-05-23,13718.6500,13839.5000,13696.8500,13817.8500
2025-05-26,13859.0500,13937.9000,13853.7500,13898.2000
2025-05-27,13884.9000,13927.3500,13767.7000,13829.3000
2025-05-28,13839.9500,13857.1500,13785.6500,13794.7500
2025-05-29,13841.2000,13868.1000,13766.7500,13841.5500
2025-05-30,13841.8000,13870.7000,13775.6000,13798.4000
2025-06-01,13635.5500,13637.6500,13293.4500,13331.8000
2025-06-02,13766.8000,13826.1500,13710.5000,13808.0500
2025-06-03,13850.6000,13874.9500,13707.2500,13719.9000
2025-06-04,13735.1500,13782.7500,13695.3500,13772.0500
2025-06-05,13559.4000,13561.2500,13383.3500,13407.2500
2025-06-06,13856.5500,14005.2500,13814.9000,13996.3000
2025-06-08,13755.1000,13762.0500,13662.0000,13686.1500
2025-06-09,14082.4500,14093.5500,14049.1500,14086.9000
2025-06-10,13917.7500,14007.5500,13894.7500,14003.2500
2025-06-11,14338.0500,14364.5500,14242.5000,14251.0000
2025-06-12,14102.2000,14107.1000,13891.8000,13915.6000
2025-06-13,13667.5500,13842.2500,13667.5500,13825.4000
2025-06-16,13830.7500,13957.7000,13777.0500,13949.3500
2025-06-17,13967.0000,13968.3000,13868.0000,13883.7500
2025-06-18,13853.1500,13932.5000,13816.5000,13850.7500
2025-06-19,13847.9000,13875.0500,13746.6500,13777.1000
2025-06-20,13776.4000,13975.3500,13776.4000,13959.6000
2025-06-23,13862.1000,13959.4500,13823.1500,13915.7500
2025-06-24,14043.0000,14105.6500,13954.2500,13977.2500
2025-06-25,14037.6000,14079.7000,14021.3000,14074.1000
2025-06-26,14096.4000,14231.3000,14090.6500,14223.3000
2025-06-27,14247.5500,14294.4000,14230.8500,14276.0500
2025-06-30,14302.6000,14305.7500,14223.8500,14252.6500
2025-07-01,14276.1500,14289.3500,14226.5000,14260.5000
2025-07-02,14281.7000,14293.2500,14168.8500,14217.3500
2025-07-03,14244.6500,14275.3500,14178.3500,14188.6000
2025-07-04,11945.1000,12291.4000,11941.4500,12242.3500
2025-07-05,13295.1000,13471.4500,13292.3500,13464.4000
2025-07-07,14216.9500,14236.6500,14187.1000,14214.0500
2025-07-08,13623.9500,13728.3500,13545.2500,13706.8500
2025-07-09,14233.7500,14250.0500,14183.2000,14211.1500
2025-07-10,14232.5000,14238.8500,14141.3000,14152.9000
2025-07-11,14111.8500,14143.7000,14021.7000,14036.6000
2025-07-14,14041.3000,14055.7000,13988.1000,14036.8000
2025-07-15,14049.0000,14130.5500,14043.3000,14116.2000
2025-07-16,14120.7500,14146.1000,14083.9500,14126.9500
2025-07-17,14144.0000,14147.1500,14073.8000,14079.5500
2025-07-18,14082.8500,14096.1000,13972.7500,13993.4500
2025-07-21,14006.9000,14074.1000,13944.8000,14063.4000
2025-07-22,14106.2000,14110.6000,14020.7500,14029.7500
2025-07-23,14067.6500,14107.5000,14021.4500,14102.3000
2025-07-24,14111.9000,14112.9000,13994.5500,14023.0000
2025-07-25,13993.6500,13993.6500,13849.0500,13866.7500
2025-07-28,13838.2500,13915.2000,13756.3000,13775.7500
2025-07-29,13740.7000,13877.6500,13737.6500,13866.4500
2025-07-30,13900.2000,13900.5500,13830.6500,13879.3500
2025-07-31,13744.5500,13909.2500,13743.0500,13814.0000
2025-08-01,13407.6000,13410.6000,13228.5000,13337.5000
2025-08-04,12428.6500,12537.3000,12310.7000,12465.0000
2025-08-05,13482.9500,13498.4500,13257.8000,13326.7500
2025-08-06,13755.1000,13762.0500,13662.0000,13686.1500
2025-08-07,14204.8500,14245.0500,14174.5500,14233.2500
2025-08-08,13695.1500,13703.9000,13541.4000,13555.1500
2025-08-09,13827.8000,13883.6000,13799.8000,13822.1000
2025-08-10,14018.5000,14062.3000,13959.0000,13972.2500
2025-08-11,13559.1000,13691.7500,13540.9500,13682.2500
2025-08-12,14531.3000,14542.1000,14328.3500,14368.0500
2025-08-13,13689.5000,13737.0500,13669.1500,13713.6000
2025-08-14,13720.0500,13743.9000,13687.4000,13707.7000
2025-08-18,13875.9500,13926.2500,13846.1500,13852.8000
2025-08-19,13867.0500,13937.3500,13839.0000,13930.0000
2025-08-20,13926.6500,13994.3000,13905.7000,13975.2000
2025-08-21,14022.8000,14024.3000,13966.8500,13973.3000
2025-08-22,13970.0500,13976.5000,13869.0500,13875.4000
2025-08-25,13923.2500,13953.5500,13892.8000,13920.8500
2025-08-26,13884.4000,13894.2500,13745.7500,13757.8000
2025-08-28,13757.3000,13757.3000,13614.1500,13622.2500
2025-08-29,13608.3000,13671.4000,13562.5000,13575.1000
2025-09-01,13589.5500,13728.0000,13589.5000,13723.0500
2025-09-02,13744.9500,13806.7500,13693.6000,13721.9500
2025-09-03,13743.9000,13811.0500,13709.1500,13802.0000
2025-09-04,13955.8500,13955.8500,13769.5000,13784.5000
2025-09-05,13829.3500,13842.8500,13719.4000,13790.0500
2025-09-06,14082.4500,14093.5500,14049.1500,14086.9000
2025-09-07,14233.7500,14250.0500,14183.2000,14211.1500
2025-09-08,13827.8000,13883.6000,13799.8000,13822.1000
2025-09-09,13866.6500,13875.4500,13831.0000,13865.7500
2025-09-10,13931.6000,13966.8000,13905.2500,13936.3000
2025-09-11,13931.4000,13971.7000,13927.3500,13957.0000
2025-09-12,13998.4500,14024.5000,13977.7500,14012.5500
2025-09-15,14024.3500,14040.5000,14001.9000,14017.9000
2025-09-16,14028.6500,14118.6500,14019.3000,14107.5500
2025-09-17,14135.1000,14162.0500,14119.5000,14148.8000
2025-09-18,14204.5000,14208.7000,14146.7500,14199.3000
2025-09-19,14204.6000,14211.9500,14153.3500,14174.8500
2025-09-22,14138.4500,14196.3000,14088.2000,14117.4000
2025-09-23,14131.6500,14149.4500,14042.5000,14087.2000
2025-09-24,14062.9000,14079.6000,13987.4500,13996.2000
2025-09-25,13988.4500,14027.0000,13894.2000,13902.3500
2025-09-26,13869.0000,13888.2000,13716.7000,13730.0500
2025-09-29,13772.5500,13822.1000,13712.4000,13748.9000
2025-09-30,13781.4000,13802.6500,13709.1000,13739.9500
2025-10-01,13746.2500,13863.9500,13736.8500,13854.4000
2025-10-02,13087.8000,13100.7500,12904.3000,12943.0500
2025-10-03,12408.1500,12483.1000,12304.4500,12323.4000
2025-10-06,14141.4000,14142.3500,14059.2500,14089.9000
2025-10-07,14232.5000,14238.8500,14141.3000,14152.9000
2025-10-08,14018.5000,14062.3000,13959.0000,13972.2500
2025-10-09,13931.6000,13966.8000,13905.2500,13936.3000
2025-10-10,14059.5000,14140.1500,14046.3500,14114.8500
2025-10-11,14276.3000,14355.6500,14276.3000,14313.3000
2025-10-12,14356.8500,14406.5000,14265.2000,14277.4500
2025-10-13,14058.3500,14106.3000,14034.6000,14092.2500
2025-10-14,14124.7000,14139.9500,13991.9000,14031.9500
2025-10-15,14058.4500,14171.7000,14055.7500,14153.1500
2025-10-16,14192.3500,14293.4500,14181.6500,14274.3500
2025-10-17,14260.7000,14352.8500,14241.9500,14304.6000
2025-10-20,14367.5500,14418.1000,14345.9500,14377.2500
2025-10-21,14420.2000,14434.4000,14369.0000,14391.7500
2025-10-23,14482.2500,14506.8500,14378.5500,14396.4000
2025-10-24,14420.7500,14424.6000,14312.5500,14351.4000
2025-10-27,14385.4000,14462.1000,14373.3500,14447.6000
2025-10-28,14445.8500,14483.8500,14364.1500,14425.7000
2025-10-29,14450.7500,14526.9500,14436.8500,14514.5500
2025-10-30,14498.8000,14511.4000,14420.9000,14440.6500
2025-10-31,14441.1500,14483.4500,14355.0000,14362.3000
2025-11-02,12944.6500,12949.6500,12659.2500,12712.7500
2025-11-03,12242.9500,12378.0500,12219.3500,12360.1000
2025-11-04,12584.2500,12674.6500,12561.2500,12623.8500
2025-11-06,14109.2000,14138.4000,14056.4000,14087.7500
2025-11-07,14111.8500,14143.7000,14021.7000,14036.6000
2025-11-08,13559.1000,13691.7500,13540.9500,13682.2500
2025-11-09,13931.4000,13971.7000,13927.3500,13957.0000
2025-11-10,14276.3000,14355.6500,14276.3000,14313.3000
2025-11-11,14335.9500,14383.7000,14237.1000,14375.1500
2025-11-12,14285.0500,14376.2000,14243.3000,14366.1500
2025-11-13,14484.0500,14534.5000,14435.2000,14460.5500
2025-11-14,14417.9500,14487.6000,14392.9000,14472.6000
2025-11-17,14503.5500,14548.1000,14484.1000,14541.4500
2025-11-18,14549.6500,14551.9500,14455.4000,14472.1500
2025-11-19,14476.8500,14543.3500,14438.0000,14531.8500
2025-11-20,14579.2000,14620.4000,14542.7500,14583.8000
2025-11-21,14546.7000,14565.6500,14473.8500,14481.5000
2025-11-24,14505.3500,14512.8500,14392.5000,14412.8500
2025-11-25,14429.6500,14459.1000,14385.7500,14398.6500
2025-11-26,14392.5000,14588.8500,14392.5000,14582.5000
2025-11-27,14615.1000,14626.0500,14541.9500,14585.3500
2025-11-28,14597.1000,14611.7000,14561.8500,14579.3500
2025-12-01,14642.6500,14642.6500,14538.7000,14571.3500
2025-12-02,12699.3000,12755.5500,12496.1500,12697.2500
2025-12-03,14501.4500,14524.9000,14400.8000,14444.4000
2025-12-04,14446.4000,14511.6000,14427.6000,14466.4000
2025-12-05,14452.4500,14550.2500,14435.7500,14541.6500
2025-12-06,14102.2000,14107.1000,13891.8000,13915.6000
2025-12-08,14531.3000,14542.1000,14328.3500,14368.0500
2025-12-09,14318.3500,14376.2500,14214.8500,14341.3500
2025-12-10,14356.8500,14406.5000,14265.2000,14277.4500
2025-12-11,14447.4500,14495.7500,14425.3500,14467.1500
2025-12-12,14407.8000,14476.5000,14399.3000,14469.3000
2025-12-15,14419.3000,14469.3000,14382.3500,14461.9000
2025-12-16,14429.9000,14438.1000,14350.8500,14368.3500
2025-12-17,14386.2500,14410.7500,14302.3000,14331.2500
2025-12-18,14311.6500,14375.0500,14260.8000,14332.0500
2025-12-19,14377.5000,14442.5500,14367.9000,14436.1000
2025-12-22,14484.7000,14555.1500,14474.1500,14549.6000
2025-12-23,14571.2500,14583.4500,14519.9500,14558.5000
2025-12-24,14561.4000,14594.4500,14515.7500,14525.4000
2025-12-26,14517.2500,14546.4500,14462.4000,14481.5000
2025-12-29,14495.3500,14510.8000,14408.8000,14420.6500
2025-12-30,14418.1500,14438.8000,14377.8500,14416.4500
2025-12-31,14440.8000,14564.7000,14440.1500,14533.5000
2026-01-01,14560.7000,14571.2500,14518.4000,14560.2500
2026-01-02,14089.7500,14151.6000,13637.8500,13805.8000
2026-01-04,12820.3000,12864.3000,12680.4000,12720.3500
2026-01-06,13725.5000,13758.1000,13514.5500,13528.3500
2026-01-07,13826.2000,13899.7500,13820.8000,13879.0500
2026-01-09,14034.9000,14037.1000,13921.3500,13979.4000
2026-01-10,13127.9000,13163.4000,12912.2500,13046.4500
2026-02-01,14574.7500,14682.4500,14565.7000,14677.1500
2026-02-02,13797.6500,13965.5000,13696.1500,13949.7500
2026-02-03,13769.9000,14019.4500,13764.6000,13931.3000
2026-02-04,12557.4500,12761.3500,12396.1000,12728.0000
2026-02-06,13442.3000,13607.6500,13421.3500,13577.0000
2026-02-07,13919.6500,13973.6000,13915.4000,13965.6000
2026-02-09,13873.5500,13913.2500,13808.9500,13913.2500
2026-03-02,14584.9000,14613.5500,14261.2500,14314.4500
2026-03-06,13551.6500,13562.9000,13379.4500,13528.8500
2026-03-07,14060.2500,14060.2500,13980.5000,13992.0500
2026-03-08,14204.9500,14315.1500,14178.5500,14315.0000
2026-03-09,13956.8000,13972.3500,13900.2000,13911.2000
2026-04-02,14292.7500,14381.3500,14210.6000,14361.9500
2026-04-03,13682.3500,13743.5500,13600.3000,13678.0500
2026-04-05,13760.0000,13867.1500,13718.8500,13786.6000
2026-04-06,13471.9000,13586.8000,13450.3000,13549.8500
2026-04-08,14289.5500,14289.5500,14154.0500,14235.2000
2026-04-09,13928.0000,13969.6500,13908.3500,13908.5000
2026-05-01,14688.8500,14700.9500,14607.0000,14642.9000
2026-05-02,14347.2000,14347.7000,14252.7000,14294.7500
2026-05-03,13755.8500,13894.9000,13712.4000,13850.4500
2026-05-05,13760.9500,13790.5500,13683.0000,13768.6500
2026-05-06,13591.5000,13618.4500,13473.5500,13527.0000
2026-05-08,14284.6500,14287.0000,14190.5500,14251.3500
2026-05-10,13106.9500,13163.4000,13034.5000,13121.0500
2026-06-01,14626.6000,14663.3000,14574.0000,14615.7500
2026-06-02,14270.1000,14323.5500,14182.2500,14316.0000
2026-06-03,13799.8000,13841.9500,13688.9000,13706.0000
2026-06-04,12763.9000,12901.9000,12645.5000,12886.4000
2026-06-05,13868.3500,13968.6000,13783.2500,13958.8500
2026-06-07,14016.7500,14089.6000,14003.9000,14076.6500
2026-06-08,14260.0500,14277.1500,14232.1000,14244.7500
2026-06-10,13147.0000,13254.3000,13121.2500,13254.3000
2026-07-01,14605.7500,14638.4000,14571.0000,14615.8500
2026-07-04,12818.2000,12970.4500,12738.7500,12958.1500
2026-07-05,14007.4500,14053.4500,13949.8500,13991.9000
2026-07-07,14098.9000,14107.6000,14020.5000,14044.0500
2026-07-08,14203.8500,14260.7000,14199.9000,14231.1000
2026-07-09,13903.3500,13910.1500,13822.4000,13842.0000
2026-07-10,13214.3000,13218.9500,13122.4500,13155.9000
2026-08-01,14600.8000,14611.7000,14408.2500,14421.0500
2026-08-04,13383.1000,13485.5000,13360.0000,13471.4500
2026-08-05,13956.2500,13962.9000,13897.0000,13920.7500
2026-08-06,13360.4500,13468.8000,13330.8500,13362.2500
2026-08-07,13964.9500,14003.8000,13716.2500,13767.7000
2026-08-09,13829.5500,13835.8500,13784.4000,13804.1000
2026-08-10,13151.8500,13151.8500,12878.5000,12897.8000
2026-09-01,14402.1000,14468.7500,14266.9000,14306.9500
2026-09-02,14418.0000,14448.1500,14374.8500,14441.9000
2026-09-03,13401.9500,13481.8500,13262.2000,13456.5500
2026-09-04,13437.7500,13492.2500,13345.0000,13399.3500
2026-09-06,13440.3000,13487.6000,13391.1500,13471.1500
2026-09-07,13795.9500,13918.3500,13794.6000,13852.5500
2026-09-09,13741.5000,13776.4500,13709.8500,13710.1000
2026-09-10,12944.6500,13098.0500,12918.8000,13062.8500
2026-10-02,14481.2500,14507.7000,14443.6000,14483.4500
2026-10-03,13608.6500,13643.9000,13500.3500,13617.7500
2026-10-04,13465.8500,13592.4500,13454.6000,13581.3000
2026-10-06,13471.5000,13532.2500,13377.0500,13397.8000
2026-10-07,13947.9000,14015.7000,13944.5000,14009.2500
2026-10-08,14244.7500,14272.3500,14203.7500,14255.6000
2026-10-09,13715.1000,13731.0500,13660.8500,13707.8500
2026-11-02,14516.6000,14519.2500,14459.4000,14502.1500
2026-11-03,13617.4500,13666.4000,13395.9500,13415.7000
2026-11-05,13817.7000,13821.3000,13711.2500,13721.4000
2026-11-06,13333.7500,13422.9500,13300.9000,13333.7000
2026-11-08,14259.0000,14259.3500,14179.7000,14209.5000
2026-11-09,13595.9000,13676.7500,13543.4000,13657.9000
2026-12-01,14304.1000,14366.0500,14163.2000,14352.1000
2026-12-02,14481.7500,14481.7500,14385.6000,14425.5000
2026-12-03,13318.0500,13420.9000,13217.6500,13317.8000
2026-12-05,13677.3500,13700.7000,13421.3000,13438.6000
2026-12-06,13490.4500,13630.9500,13431.2500,13618.5500
2026-12-08,14211.1500,14211.5000,14106.2000,14206.8500
