Date,Open,High,Low,Close
1996-04-22,1136.2800,1136.2800,1102.8300,1106.9300
1996-04-23,1090.0400,1100.5100,1090.0400,1095.8200
1996-04-24,1136.9700,1145.1100,1126.7700,1145.1100
1996-04-25,1157.9400,1160.1600,1110.6100,1120.8200
1996-04-26,1133.1700,1133.1700,1106.2900,1123.6300
1996-04-29,1112.7000,1118.6900,1107.5100,1118.3700
1996-04-30,1118.1000,1118.2300,1112.4400,1114.3600
1996-05-01,1141.6500,1141.6500,1133.9200,1137.8600
1996-05-02,1131.9600,1132.0500,1123.1500,1132.0500
1996-05-03,1126.0800,1127.9900,1119.3400,1119.4800
1996-05-06,1108.0000,1108.0000,1087.8600,1088.2200
1996-05-07,1086.6600,1094.9700,1086.6600,1093.0900
1996-05-08,1082.7800,1113.6200,1075.9400,1108.5300
1996-05-09,1101.4100,1107.4100,1089.8700,1090.5300
1996-05-10,1076.9700,1080.9100,1063.7500,1078.6300
1996-05-13,1081.6800,1090.1600,1080.6800,1088.1000
1996-05-14,1087.9400,1107.4400,1085.8500,1105.4700
1996-05-15,1107.0000,1117.4100,1095.6700,1115.9700
1996-05-16,1128.4500,1141.6400,1126.2900,1128.5900
1996-05-17,1122.4200,1122.4200,1113.5900,1115.5400
1996-05-20,1094.6000,1094.6000,1083.5600,1083.6700
1996-05-21,1077.1800,1082.5200,1074.1900,1074.8600
1996-05-22,1082.2500,1086.0700,1079.6100,1081.1300
1996-05-23,1079.8900,1079.8900,1073.7600,1076.7100
1996-05-24,1079.7700,1087.7700,1077.8700,1085.0300
1996-05-27,1080.5500,1080.5500,1065.2900,1065.2900
1996-05-28,1054.6200,1065.6100,1046.9500,1063.3600
1996-05-29,1074.2300,1100.5900,1074.2300,1096.7600
1996-05-30,1095.8600,1095.8600,1082.5800,1082.8400
1996-05-31,1086.4600,1089.9200,1083.7300,1089.9200
1996-06-03,1098.1800,1109.9900,1098.1800,1108.8700
1996-06-04,1114.5500,1118.1300,1104.3200,1105.6400
1996-06-05,1108.7800,1115.0600,1104.4500,1113.1400
1996-06-06,1129.1700,1132.6200,1127.5200,1129.8200
1996-06-07,1126.3900,1134.8600,1126.3900,1133.4400
1996-06-10,1136.8600,1144.1500,1136.8600,1141.3500
1996-06-11,1137.7400,1145.6800,1136.7700,1143.0600
1996-06-12,1164.8300,1171.0100,1163.5800,1163.8700
1996-06-13,1166.3700,1172.3400,1164.6600,1168.4000
1996-06-14,1169.2600,1198.3500,1169.2600,1196.0600
1996-06-17,1202.5800,1203.1100,1184.3600,1185.3700
1996-06-18,1176.4800,1184.1800,1173.6600,1181.9500
1996-06-19,1180.7800,1190.0300,1163.4600,1168.0300
1996-06-20,1163.6800,1170.5400,1150.4000,1169.4800
1996-06-21,1168.7200,1170.0100,1155.5600,1157.4200
1996-06-24,1157.9200,1159.9200,1138.8800,1146.7800
1996-06-25,1147.2800,1154.2200,1123.7900,1127.7800
1996-06-26,1127.4300,1134.4300,1116.9600,1119.8500
1996-06-27,1119.0000,1130.0000,1107.0000,1127.0000
1996-06-28,1128.0000,1136.0000,1119.0000,1122.0000
1996-07-01,1121.0000,1121.0000,1105.0000,1109.0000
1996-07-02,1109.0000,1111.0000,1098.0000,1100.0000
1996-07-03,1100.0000,1100.0000,1076.0000,1080.0000
1996-07-04,1080.0000,1099.0000,1056.0000,1088.0000
1996-07-05,1089.0000,1104.0000,1088.0000,1093.0000
1996-07-08,1095.0800,1106.3600,1095.0800,1103.4700
1996-07-09,1104.0100,1104.1300,1082.4100,1088.7600
1996-07-10,1083.4900,1093.2700,1072.4800,1086.6200
1996-07-11,1089.4500,1103.1900,1089.4500,1097.4400
1996-07-12,1096.8500,1099.2000,1086.0700,1089.3500
1996-07-15,1089.0000,1098.3500,1081.2200,1093.3800
1996-07-16,1100.1400,1105.9400,1076.9200,1083.4700
1996-07-18,1109.1700,1126.1400,1109.1700,1118.6800
1996-07-19,1118.9200,1126.7100,1112.3500,1119.2700
1996-07-22,1119.3900,1126.2900,1115.1300,1125.6700
1996-07-23,1125.1500,1127.0800,1086.2800,1092.1400
1996-07-24,1090.7400,1090.7400,1049.8800,1069.4300
1996-07-25,1069.2700,1075.7900,1060.6000,1062.6800
1996-07-26,1062.0400,1066.1200,1046.4600,1051.2400
1996-07-29,1054.5100,1057.8400,1030.8700,1033.9700
1996-07-30,1031.0100,1031.0100,999.0300,1014.9100
1996-07-31,1017.0600,1047.0400,1004.7600,1042.8100
1996-08-01,1047.4700,1054.0800,1035.3000,1036.6300
1996-08-02,1036.3400,1036.4800,1024.8000,1032.9400
1996-08-05,1035.7300,1038.2000,1030.3400,1032.2900
1996-08-06,1031.8000,1038.0400,1023.7300,1035.5100
1996-08-07,1036.5900,1050.5400,1033.5200,1048.5900
1996-08-08,1050.4300,1054.2900,1037.9400,1039.2400
1996-08-09,1038.7600,1042.2500,1033.4600,1037.9100
1996-08-12,1038.1100,1039.9300,1030.4000,1032.1700
1996-08-13,1031.0500,1031.0500,1021.6700,1024.4300
1996-08-14,1021.1800,1027.9500,1017.4300,1018.4800
1996-08-16,1018.2800,1019.6400,1001.3500,1002.2500
1996-08-19,1001.1900,1001.1900,972.9600,975.6600
1996-08-20,973.1300,980.7800,968.7600,977.3400
1996-08-21,980.2300,1001.8400,980.2300,999.1900
1996-08-22,1001.4500,1010.4000,999.8500,1002.1700
1996-08-23,1001.3800,1014.7800,1000.4900,1012.7100
1996-08-26,1011.1200,1016.6300,1007.2500,1009.0400
1996-08-27,1009.9000,1016.5900,1006.0200,1014.6800
1996-08-28,1015.0100,1029.4900,1015.0100,1027.0900
1996-08-29,1028.7000,1035.5900,1024.6700,1025.8600
1996-08-30,1025.9100,1029.8900,1023.4400,1029.0000
1996-09-02,1028.9100,1039.9800,1028.9100,1036.9500
1996-09-03,1039.8400,1046.5100,1017.4600,1023.2700
1996-09-04,1022.3700,1028.2600,1012.1500,1026.4100
1996-09-05,1028.0600,1038.3100,1028.0600,1037.4700
1996-09-06,1038.0400,1038.7900,1029.9600,1032.0900
1996-09-09,1030.4200,1031.2200,1012.3400,1013.8800
1996-09-10,1014.8700,1014.8700,996.7500,1001.1500
1996-09-11,1001.8600,1008.7900,989.7100,991.3400
1996-09-12,990.8800,992.6800,981.0100,989.2800
1996-09-13,991.6500,991.8600,979.8000,980.7200
1996-09-16,980.6900,980.6900,959.6500,962.2700
1996-09-17,965.0200,975.1900,962.9300,971.2100
1996-09-18,972.7300,996.9700,969.6700,994.4300
1996-09-19,996.4100,1001.2500,975.8500,977.7600
1996-09-20,979.1400,984.4500,973.0900,977.0300
1996-09-23,976.0800,976.0800,963.1900,968.8400
1996-09-24,968.7800,972.7400,965.6900,968.9100
1996-09-25,967.9800,981.7500,967.9800,971.2900
1996-09-26,970.7600,970.8900,955.6000,959.3100
1996-09-27,958.7900,958.8300,942.0500,947.2300
1996-09-30,945.6800,948.4100,932.2700,943.9600
1996-10-01,944.5100,945.6600,933.5600,936.2700
1996-10-03,937.1600,943.3800,921.1800,924.9200
1996-10-04,924.9300,925.9300,898.4700,904.1200
1996-10-07,905.7600,905.7600,859.6500,874.0000
1996-10-08,872.5700,876.7800,850.5200,873.9000
1996-10-09,873.1800,875.8500,859.3500,874.7200
1996-10-10,874.2000,900.5300,872.8300,898.4200
1996-10-11,900.1100,915.5900,897.6000,908.7900
1996-10-14,907.2600,907.2600,890.7100,892.0500
1996-10-15,892.0700,902.7400,885.2300,897.7700
1996-10-16,896.6300,905.1100,891.1600,892.7700
1996-10-17,891.4200,893.3300,880.7600,892.0700
1996-10-18,892.6100,899.5100,888.6100,895.0000
1996-10-22,896.8700,924.8300,896.8700,919.0900
1996-10-23,924.2000,953.4400,924.2000,951.2900
1996-10-24,953.4800,956.4500,928.4500,932.7700
1996-10-25,929.4200,939.7300,929.4200,936.9500
1996-10-28,936.8400,948.3700,934.6400,935.8900
1996-10-29,936.7800,936.7800,922.8900,926.3900
1996-10-30,,,,929.0300
1996-10-31,927.3100,927.3100,897.2300,909.2900
1996-11-01,910.3200,915.3900,904.9500,906.6800
1996-11-04,906.5600,906.5600,886.6800,890.1300
1996-11-05,890.1900,894.4000,878.2900,881.5700
1996-11-06,879.8100,880.1500,851.7700,866.5700
1996-11-07,867.2400,876.2500,866.7600,874.8900
1996-11-08,876.1100,885.6800,876.1100,884.6400
1996-11-10,885.2100,886.8400,878.5700,880.3600
1996-11-11,879.2800,895.6400,876.8300,891.2700
1996-11-13,895.9800,898.5400,889.4700,896.8400
1996-11-14,895.6700,897.9200,885.2100,889.3900
1996-11-15,888.5800,894.6200,885.6200,894.3100
1996-11-18,893.9500,904.8900,893.9500,904.0500
1996-11-19,904.5000,905.6100,895.8600,897.5800
1996-11-20,897.9900,897.9900,875.3600,876.6100
1996-11-21,876.3600,878.2600,866.9700,869.8200
1996-11-22,867.8200,868.1800,848.1300,850.3300
1996-11-25,850.2400,859.2400,826.9900,852.2600
1996-11-26,856.3100,870.8400,847.6000,855.4800
1996-11-27,848.1700,848.2100,822.1700,829.0800
1996-11-28,829.2800,835.1500,823.2600,825.4700
1996-11-29,825.5900,833.8100,825.5900,830.3200
1996-12-02,830.4800,834.9200,818.6100,820.2500
1996-12-03,819.7700,819.7700,804.4600,809.4300
1996-12-04,805.4000,805.8200,775.4300,788.1500
1996-12-05,786.3700,808.2100,781.5400,802.2300
1996-12-06,805.5100,815.0300,805.4700,808.1900
1996-12-09,809.0300,816.2000,804.9700,808.6900
1996-12-10,807.7300,808.5300,797.6600,803.2000
1996-12-11,806.4600,839.1300,803.6800,837.0700
1996-12-12,838.8600,847.3600,825.5200,827.2500
1996-12-13,826.5400,826.5400,814.8900,824.6200
1996-12-16,823.7100,848.8800,823.7100,847.2700
1996-12-17,846.0600,853.3600,841.0000,850.7400
1996-12-18,850.6900,871.8400,850.6900,860.4000
1996-12-19,858.0300,864.5400,853.4700,860.5800
1996-12-20,864.2500,887.9200,864.2500,884.3800
1996-12-23,884.4000,890.6500,878.1000,882.0000
1996-12-24,881.8500,887.5000,874.0500,884.0500
1996-12-26,887.9500,913.3500,887.9500,911.8000
1996-12-31,918.1500,922.1000,895.6000,899.1000
1997-01-01,905.2000,941.4000,905.2000,939.5500
1997-01-02,941.9500,944.0000,925.0500,927.0500
1997-01-03,924.3000,932.6000,919.5500,931.6500
1997-01-06,932.4500,937.9500,925.6500,927.8000
1997-01-07,926.3500,935.1500,922.2500,928.8000
1997-01-08,937.3500,953.1000,937.3500,946.7000
1997-01-09,945.1500,959.7500,943.6000,956.6000
1997-01-10,962.7000,984.1000,962.7000,980.3500
1997-01-13,978.5500,982.2500,965.5000,980.7000
1997-01-14,984.0000,994.4000,977.7000,989.3000
1997-01-15,997.5000,1042.7500,997.0500,1041.8000
1997-01-16,1064.0500,1085.7500,995.3500,1009.4000
1997-01-17,994.1000,1009.7000,976.3500,1001.7500
1997-01-20,1004.1000,1005.5500,973.9500,977.0000
1997-01-21,972.1000,980.2000,956.4500,960.5000
1997-01-22,971.4000,992.9000,971.4000,987.1000
1997-01-24,991.0500,991.4000,979.5500,985.9000
1997-01-27,993.1500,1017.3000,990.3000,1009.1500
1997-01-28,1016.0000,1025.1000,1007.9500,1021.8000
1997-01-29,1038.1000,1043.9000,1007.1000,1017.2000
1997-01-30,1010.6000,1012.8500,993.5000,1000.0000
1997-01-31,988.7000,988.7000,965.8500,972.6500
1997-02-03,967.9000,967.9000,944.2000,948.2000
1997-02-04,947.0000,963.2000,944.4500,958.3000
1997-02-05,970.7500,984.8000,959.5000,962.5000
1997-02-06,960.7500,972.4000,953.9500,967.7500
1997-02-07,969.5000,980.9500,966.5000,978.8000
1997-02-10,981.0000,986.7500,975.1500,981.4500
1997-02-11,980.9500,996.0500,978.8500,992.7500
1997-02-12,991.6500,1008.8000,990.9000,1001.0000
1997-02-13,998.4500,1005.1000,995.3500,1002.1500
1997-02-14,1001.3000,1011.8500,1001.1000,1009.4500
1997-02-17,1017.7500,1024.3000,1015.1000,1020.1000
1997-02-18,1020.7500,1020.8500,998.9000,1000.7500
1997-02-19,1004.0500,1013.0500,993.8500,1011.8500
1997-02-20,1009.5500,1009.6000,1000.5500,1003.1000
1997-02-21,1000.7500,1002.0000,989.5000,991.5500
1997-02-24,988.7000,988.9000,961.9500,964.7500
1997-02-25,962.6000,975.2500,954.5000,966.1000
1997-02-26,963.9500,970.5000,956.7500,968.8500
1997-02-27,972.3500,994.5000,972.0500,992.7500
1997-02-28,998.2500,1006.6000,996.0000,998.6500
1997-03-01,1070.8000,1106.6000,1070.8000,1102.9500
1997-03-03,1102.4500,1140.6500,1095.9000,1107.7000
1997-03-04,1111.7500,1121.4000,1098.2000,1117.3000
1997-03-05,1144.2500,1167.9500,1122.2500,1132.9000
1997-03-06,1127.0000,1135.7500,1119.3000,1127.2500
1997-03-10,1118.8000,1118.8000,1075.0500,1078.7000
1997-03-11,1073.8000,1083.3500,1046.3000,1052.0000
1997-03-12,1066.5500,1088.6500,1065.2500,1074.2000
1997-03-13,1076.8500,1078.6000,1062.7000,1066.5000
1997-03-14,1062.2000,1076.6500,1057.5500,1070.1000
1997-03-17,1071.9500,1076.2500,1065.4500,1072.6000
1997-03-18,1072.3000,1074.5000,1061.0500,1064.3500
1997-03-19,1074.2500,1079.6000,1050.0000,1052.0500
1997-03-20,1049.0000,1059.5000,1040.9500,1054.8000
1997-03-21,1058.7000,1069.5000,1058.5500,1061.4000
1997-03-25,1064.5000,1067.2500,1054.5000,1058.3500
1997-03-26,1062.5000,1067.2000,1057.5000,1059.2000
1997-03-27,1057.4500,1059.0000,1047.7000,1057.8000
1997-03-31,1012.1500,1012.1500,966.8000,968.3000
1997-04-01,931.9500,973.8500,931.5000,970.1500
1997-04-02,982.1000,1004.6500,982.1000,1002.2000
1997-04-03,1004.3000,1012.7500,1000.5500,1010.6500
1997-04-04,1001.9000,1002.0000,996.6000,1001.0000
1997-04-07,997.5000,998.0000,988.0000,990.9000
1997-04-09,1009.9500,1031.1500,1009.9500,1030.3000
1997-04-10,1024.4500,1024.7000,1000.3000,1008.3500
1997-04-11,993.3000,1017.2000,985.6500,1013.4000
1997-04-12,1004.9000,1009.9000,999.3000,1003.2500
1997-04-15,1010.6500,1018.6000,1010.6500,1014.9000
1997-04-17,1020.4000,1036.1500,1018.2500,1035.2000
1997-04-21,1041.4500,1061.8000,1041.2500,1060.6000
1997-04-22,1066.7000,1073.9000,1056.4000,1059.8000
1997-04-23,1065.9500,1078.0500,1063.8500,1071.0500
1997-04-24,1071.4000,1075.9000,1063.3000,1067.2000
1997-04-25,1065.4000,1071.0500,1062.9500,1069.4000
1997-04-28,1068.6000,1070.7000,1061.2000,1065.4000
1997-04-29,1063.6000,1065.4000,1052.8000,1057.4500
1997-04-30,1081.1000,1088.4000,1075.9500,1079.8500
1997-05-02,1074.7000,1074.7000,1063.7500,1069.0000
1997-05-05,1061.8000,1061.8000,1043.5500,1045.5000
1997-05-06,1045.8000,1050.5500,1038.7500,1048.4000
1997-05-07,1053.1000,1055.0500,1042.5500,1044.4000
1997-05-08,1043.7000,1055.4000,1039.8000,1054.0500
1997-05-09,1054.6000,1063.0000,1048.0500,1053.3500
1997-05-12,1052.8000,1056.5000,1039.0500,1040.5000
1997-05-13,1041.0500,1042.2500,1027.5000,1031.0500
1997-05-14,1030.3500,1044.1500,1018.1500,1041.6500
1997-05-15,1041.6500,1049.0000,1036.2500,1045.0000
1997-05-16,1043.4000,1049.7500,1041.1000,1048.4000
1997-05-19,1052.2000,1059.2500,1048.0500,1050.8000
1997-05-20,1051.5500,1053.2500,1045.3000,1050.8500
1997-05-21,1047.5000,1049.7000,1040.5500,1042.0000
1997-05-22,1042.4500,1043.8000,1034.3500,1037.2000
1997-05-23,1037.0000,1039.0000,1028.7500,1033.7000
1997-05-26,1032.1500,1035.8000,1025.5000,1026.9000
1997-05-27,1027.5000,1031.5000,1023.4500,1025.7000
1997-05-28,1032.5000,1035.3500,1024.5500,1027.0000
1997-05-29,1024.7500,1040.0500,1023.8000,1038.2000
1997-05-30,1039.8500,1051.2000,1038.3000,1050.9000
1997-06-02,1053.0500,1066.1500,1051.0500,1064.9500
1997-06-03,1067.6500,1081.7500,1067.5500,1073.7500
1997-06-04,1081.5500,1090.9500,1078.8000,1085.7500
1997-06-05,1089.8500,1095.5000,1082.8500,1086.6000
1997-06-06,1087.5000,1091.0500,1081.3000,1082.7500
1997-06-09,1082.9500,1082.9500,1071.5500,1074.6500
1997-06-10,1075.3000,1084.1500,1075.2000,1081.1000
1997-06-11,1090.4500,1108.9500,1090.4500,1104.6000
1997-06-12,1106.1000,1122.2000,1105.7500,1120.7000
1997-06-13,1124.9500,1147.5000,1122.7500,1136.3000
1997-06-16,1135.3000,1141.0500,1121.8500,1129.7000
1997-06-17,1134.9000,1145.8000,1127.1500,1138.8000
1997-06-18,1162.2000,1171.0000,1156.0500,1159.8000
1997-06-19,1151.9500,1161.7000,1145.3500,1159.8000
1997-06-20,1162.7000,1174.1500,1154.3000,1158.3500
1997-06-23,1159.6000,1163.0000,1149.3000,1153.7000
1997-06-24,1154.9500,1161.9500,1146.8500,1155.3000
1997-06-25,1166.1000,1175.0000,1158.9000,1161.9000
1997-06-26,1164.0000,1177.6000,1160.2500,1168.2000
1997-06-27,1168.3000,1174.7500,1165.9500,1169.6500
1997-06-30,1167.4500,1194.7500,1164.5000,1192.4000
1997-07-01,1201.3000,1206.1000,1193.5500,1200.4500
1997-07-02,1214.7000,1237.0500,1212.6000,1222.9500
1997-07-03,1222.4500,1235.4500,1209.4500,1214.9000
1997-07-04,1218.9500,1222.6000,1209.4500,1216.1000
1997-07-07,1217.4000,1226.6000,1208.2500,1209.7000
1997-07-08,1205.1000,1205.8000,1193.3500,1198.2500
1997-07-09,1211.6000,1239.5500,1211.6000,1236.5500
1997-07-10,1248.1000,1252.7000,1234.9500,1239.1500
1997-07-11,1233.5000,1233.5000,1217.0000,1221.1000
1997-07-14,1212.4000,1215.6000,1176.6000,1187.0500
1997-07-15,1190.5000,1195.4000,1180.7500,1183.3500
1997-07-16,1195.5500,1207.0000,1179.2500,1183.0000
1997-07-17,1182.8500,1185.3000,1173.0000,1181.4000
1997-07-21,1171.3500,1171.3500,1153.7500,1165.0000
1997-07-22,1169.5500,1176.4000,1165.1500,1173.2500
1997-07-23,1184.0500,1201.7500,1183.9000,1200.7000
1997-07-24,1204.3500,1213.4000,1195.2000,1199.9500
1997-07-25,1194.7500,1195.9500,1179.0000,1185.0500
1997-07-28,1185.2500,1187.8500,1176.9500,1181.6500
1997-07-29,1182.6000,1190.5500,1180.1000,1190.3000
1997-07-30,1196.6500,1205.8000,1195.8500,1197.9000
1997-07-31,1203.9500,1224.7000,1201.8500,1221.5000
1997-08-01,1224.4000,1233.8500,1219.9000,1232.4000
1997-08-04,1238.7500,1254.5000,1237.9500,1250.4000
1997-08-05,1250.5000,1275.4500,1249.7000,1273.1500
1997-08-06,1273.6500,1297.1000,1273.6500,1292.9500
1997-08-07,1292.8000,1292.8000,1259.0500,1269.6500
1997-08-08,1269.5500,1269.5500,1253.2000,1256.9500
1997-08-11,1256.8500,1260.0000,1247.6500,1258.3500
1997-08-12,1258.5000,1272.0000,1243.9500,1248.4500
1997-08-13,1248.3000,1251.4000,1240.9000,1244.6000
1997-08-14,1244.4000,1245.8000,1226.1000,1227.9000
1997-08-18,1228.4000,1228.4500,1198.7500,1201.4500
1997-08-19,1201.5000,1203.1500,1177.1000,1180.7000
1997-08-20,1179.5500,1200.2500,1178.6500,1198.2000
1997-08-21,1198.8000,1212.1500,1179.3000,1181.5000
1997-08-22,1181.5500,1181.6000,1158.4500,1160.4500
1997-08-25,1160.4000,1160.4000,1119.6500,1144.3000
1997-08-26,1144.5500,1160.4500,1144.0500,1151.7500
1997-08-27,1152.4000,1184.8500,1152.4000,1168.4000
1997-08-28,1168.4000,1168.4000,1132.2500,1134.6500
1997-08-29,1134.2000,1134.2000,1098.9000,1105.0000
1997-09-01,1105.4500,1115.0000,1097.9500,1104.7000
1997-09-02,1104.9000,1125.8500,1102.4500,1117.1500
1997-09-03,1118.4500,1145.4000,1118.4500,1134.7000
1997-09-04,1134.3000,1138.8000,1123.7000,1137.1500
1997-09-05,1137.2000,1152.3000,1137.2000,1149.2500
1997-09-08,1148.7000,1160.8500,1136.8500,1158.2500
1997-09-09,1158.3000,1168.3500,1154.9500,1159.5500
1997-09-10,1159.0000,1159.0000,1143.9500,1154.5500
1997-09-11,1154.6000,1163.3000,1152.5500,1154.3000
1997-09-12,1154.2000,1154.2000,1138.2500,1142.8500
1997-09-15,1142.7500,1143.3500,1136.3000,1141.0000
1997-09-16,1141.1000,1149.2500,1137.8000,1140.1500
1997-09-17,1140.3000,1141.7500,1132.7500,1134.2000
1997-09-18,1133.6000,1133.6000,1101.6500,1109.3500
1997-09-19,1109.6000,1115.1500,1099.6000,1104.3000
1997-09-22,1104.2500,1104.2500,1082.5000,1085.0000
1997-09-23,1084.4000,1090.9500,1079.6000,1088.6500
1997-09-24,1089.1500,1108.1500,1089.1500,1100.8500
1997-09-25,1100.8500,1112.4000,1098.3500,1111.3500
1997-09-26,1111.6500,1122.2500,1111.6500,1116.1000
1997-09-29,1124.9000,1133.4000,1122.6000,1125.7000
1997-09-30,1125.6500,1125.6500,1112.5000,1123.8000
1997-10-01,1123.4500,1123.4500,1102.4500,1114.7000
1997-10-09,1119.1000,1135.9500,1118.6500,1134.5500
1997-10-10,1135.3000,1166.0500,1133.6000,1163.5500
1997-10-13,1165.5000,1177.5000,1153.8500,1156.9500
1997-10-14,1156.4500,1158.8000,1131.0000,1137.9000
1997-10-15,1138.4500,1152.6500,1138.4500,1150.4500
1997-10-16,1150.4500,1171.6000,1150.4500,1168.3500
1997-10-17,1168.7500,1181.1500,1168.7000,1177.8000
1997-10-20,1177.5000,1189.4000,1172.0500,1188.2000
1997-10-21,1188.2000,1192.0000,1171.2000,1174.9500
1997-10-22,1175.5500,1184.9000,1168.3000,1169.8500
1997-10-23,1169.4000,1171.0500,1140.8000,1151.6500
1997-10-24,1151.4500,1151.4500,1122.5500,1136.6500
1997-10-27,1136.0000,1136.0000,1116.0000,1120.8000
1997-10-28,1120.6000,1120.6000,1028.2000,1032.6000
1997-10-29,1033.0000,1108.5000,1033.0000,1107.0000
1997-10-30,1106.9000,1106.9000,1080.1500,1085.2500
1997-11-03,1085.7500,1096.0500,1071.2000,1084.0000
1997-11-04,1083.8000,1097.0500,1079.5500,1090.2000
1997-11-05,1091.2000,1096.0500,1081.9000,1085.0000
1997-11-06,1084.8000,1085.2000,1068.4000,1080.9500
1997-11-07,1081.1500,1081.4500,1072.1500,1074.8000
1997-11-10,1074.5000,1074.5000,1064.4000,1065.9000
1997-11-11,1065.9000,1076.5000,1064.3000,1073.3500
1997-11-12,1073.3000,1073.3000,1042.3500,1045.0000
1997-11-13,1044.5500,1044.5500,1013.1000,1022.4000
1997-11-17,1022.3000,1028.5000,1014.5500,1024.9500
1997-11-18,1025.3000,1025.4000,1004.2000,1009.8000
1997-11-19,1009.5500,1009.5500,971.2000,987.8500
1997-11-20,987.7000,1004.8000,974.2000,995.1500
1997-11-21,994.8500,1014.5000,990.4000,1005.7500
1997-11-24,1005.7000,1010.6500,979.7500,981.2500
1997-11-25,981.1000,1015.2000,974.7000,1010.7000
1997-11-26,1011.4000,1028.9000,1011.0500,1016.8500
1997-11-27,1016.9500,1048.9500,1011.9000,1046.7500
1997-11-28,1046.3500,1046.3500,1014.8500,1023.9500
1997-12-01,1023.8500,1033.9000,1008.4500,1032.6500
1997-12-02,1033.1500,1041.2500,1024.8500,1029.8000
1997-12-03,1030.2000,1037.4000,1022.0500,1030.7000
1997-12-04,1030.2000,1036.6000,1007.8000,1011.7500
1997-12-05,1011.4000,1024.3500,1002.4500,1006.3000
1997-12-08,1006.6500,1014.1500,1003.2000,1008.8000
1997-12-09,1008.5000,1011.5000,979.7000,984.0500
1997-12-10,983.2000,983.2000,965.8500,971.9000
1997-12-11,971.7000,978.8000,943.0000,973.6500
1997-12-12,973.7000,979.1000,963.8500,965.1500
1997-12-15,965.0000,980.6500,957.2000,979.8500
1997-12-16,980.0000,1007.7500,979.8000,1002.3500
1997-12-17,1002.2500,1017.6000,1002.1500,1013.1500
1997-12-18,1013.5000,1023.8500,1008.1500,1009.7000
1997-12-19,1009.3000,1029.7500,1006.8000,1028.4000
1997-12-22,1028.4500,1053.4000,1028.4500,1051.4000
1997-12-23,1051.4500,1066.2500,1049.5500,1054.8000
1997-12-24,1054.8000,1055.5000,1032.9500,1054.1500
1997-12-26,1054.1500,1066.0000,1054.1500,1061.4500
1997-12-29,1061.6500,1081.5000,1060.2000,1079.0000
1997-12-30,1078.7500,1080.2000,1054.5500,1058.5000
1997-12-31,1058.4500,1083.3500,1057.7500,1079.4000
1998-01-01,1078.9500,1084.5000,1074.1500,1081.2000
1998-01-02,1081.0000,1091.3000,1081.0000,1086.2000
1998-01-05,1086.6000,1102.1500,1086.6000,1091.6500
1998-01-06,1091.2500,1091.2500,1074.1000,1079.1500
1998-01-07,1079.9500,1097.3000,1071.7500,1082.4000
1998-01-08,1082.0500,1082.0500,1054.0000,1057.7500
1998-01-09,1057.6500,1057.6500,1028.7000,1033.5500
1998-01-12,1033.2000,1033.2000,992.5000,995.8000
1998-01-13,995.7000,1016.8000,995.7000,999.1000
1998-01-14,999.4500,1019.8500,990.7500,997.5500
1998-01-15,997.5000,1001.3000,975.6500,989.6500
1998-01-16,990.0500,999.8000,987.1000,997.8000
1998-01-19,998.3000,1019.7500,992.0500,1017.2500
1998-01-20,1017.2500,1029.6500,1008.8000,1011.4500
1998-01-21,1011.6000,1017.7500,1003.9000,1012.4000
1998-01-22,1012.2000,1012.2000,990.8500,992.3500
1998-01-23,992.2000,992.4500,984.5500,986.8000
1998-01-27,986.9000,988.0000,959.4000,963.3000
1998-01-28,962.6500,969.7000,940.1000,944.8000
1998-01-29,944.5500,944.5500,929.0500,941.3500
1998-01-30,941.4000,965.3000,941.4000,963.4500
1998-02-02,963.4500,978.0500,962.2500,976.6000
1998-02-03,977.0500,979.5500,967.8500,975.2500
1998-02-04,975.9000,988.4000,965.4500,967.9500
1998-02-05,968.1500,980.4500,968.1500,976.1000
1998-02-06,976.1000,981.2000,971.9000,977.6500
1998-02-09,977.5500,980.7500,973.1000,976.1000
1998-02-10,976.1000,976.1000,962.0000,963.7000
1998-02-11,964.2500,971.7500,956.0000,958.9000
1998-02-12,959.0500,960.2500,949.6500,956.6500
1998-02-13,956.8000,978.1500,956.8000,974.5500
1998-02-17,974.6500,1002.1500,974.6500,991.7000
1998-02-18,992.1500,997.8000,984.0000,988.8500
1998-02-19,988.9500,1001.1000,988.9500,997.5500
1998-02-20,997.1000,1006.2500,991.8500,993.6500
1998-02-23,994.1000,1011.7000,994.1000,1009.6000
1998-02-24,1009.5000,1017.5500,1007.4000,1014.1000
1998-02-25,1014.1000,1037.1500,1014.1000,1036.0500
1998-02-26,1036.3000,1048.5500,1032.4000,1045.8000
1998-02-27,1045.8500,1064.1500,1045.7500,1060.7500
1998-03-02,1060.9000,1100.8000,1060.9000,1098.2000
1998-03-03,1099.2500,1101.9500,1046.7500,1063.5000
1998-03-04,1062.7000,1094.4500,1062.7000,1092.3500
1998-03-05,1091.9500,1098.9000,1079.9500,1083.3500
1998-03-06,1083.3000,1086.0000,1073.2500,1081.4500
1998-03-09,1081.9500,1100.4000,1081.9500,1099.5000
1998-03-10,1099.3500,1102.8500,1082.7000,1086.0500
1998-03-11,1086.6500,1102.6000,1074.5500,1083.0000
1998-03-12,1083.3500,1083.9500,1072.4000,1077.5000
1998-03-16,1077.7500,1102.6000,1077.7500,1090.4500
1998-03-17,1090.2500,1090.2500,1072.7000,1083.3000
1998-03-18,1083.8500,1108.2000,1083.8500,1103.3500
1998-03-19,1103.8000,1113.4500,1099.8000,1105.8000
1998-03-20,1105.5000,1112.4000,1097.7500,1109.6000
1998-03-23,1110.1000,1124.8000,1110.1000,1124.1000
1998-03-24,1124.2500,1137.8000,1117.3500,1120.8500
1998-03-25,1121.4500,1149.3500,1121.4500,1146.9500
1998-03-26,1147.6500,1156.7000,1127.3000,1129.5000
1998-03-27,1129.5000,1142.1000,1121.2000,1140.3500
1998-03-30,1140.6000,1146.6500,1122.9500,1124.8500
1998-03-31,1124.7500,1127.5000,1111.8500,1116.9000
1998-04-01,1117.1500,1151.0000,1117.1500,1150.1000
1998-04-02,1150.4000,1169.5500,1150.4000,1157.4000
1998-04-03,1157.9000,1174.5500,1157.3000,1173.4500
1998-04-06,1173.5500,1191.5500,1173.5500,1187.1000
1998-04-07,1187.3500,1199.5500,1184.0000,1187.8000
1998-04-09,1189.4000,1224.2500,1189.4000,1209.6000
1998-04-10,1209.7500,1209.9000,1189.4500,1192.4000
1998-04-13,1191.6500,1191.6500,1156.8500,1159.4500
1998-04-15,1159.5500,1210.6000,1159.5500,1206.3000
1998-04-16,1206.3500,1215.0500,1194.5000,1197.0500
1998-04-17,1197.0500,1211.8000,1189.7500,1210.0000
1998-04-20,1210.0500,1222.5500,1202.2000,1207.1500
1998-04-21,1207.2000,1218.9500,1207.2000,1212.7500
1998-04-22,1212.9500,1247.1500,1208.0000,1210.8000
1998-04-23,1210.2500,1211.3000,1179.7500,1182.1000
1998-04-24,1182.1500,1183.7500,1144.8500,1173.8000
1998-04-27,1173.8500,1180.2000,1161.2000,1164.3500
1998-04-28,1164.1000,1164.3000,1144.5500,1146.8000
1998-04-29,1151.3000,1178.0500,1147.0000,1151.1000
1998-04-30,1151.4000,1161.0000,1137.8000,1159.3500
1998-05-04,1159.8000,1185.7500,1159.8000,1185.1500
1998-05-05,1185.2000,1191.2500,1177.3000,1188.1000
1998-05-06,1188.0000,1196.7000,1169.1500,1172.4500
1998-05-08,1172.1000,1172.2000,1157.3000,1161.5500
1998-05-11,1162.2000,1162.9500,1156.4500,1160.3000
1998-05-12,1160.1500,1160.1500,1100.1000,1132.2500
1998-05-13,1132.1000,1132.1000,1091.2500,1094.1000
1998-05-14,1094.0500,1121.7500,1081.6000,1118.6500
1998-05-15,1119.1500,1130.4000,1104.2000,1110.1000
1998-05-18,1110.6500,1130.0000,1110.6500,1119.8000
1998-05-19,1119.8000,1125.1500,1116.2000,1121.7500
1998-05-20,1121.7000,1142.9500,1121.7000,1141.3000
1998-05-21,1141.6500,1146.3500,1120.3500,1126.1500
1998-05-22,1126.1000,1131.2500,1118.5000,1126.5500
1998-05-25,1125.9000,1127.0000,1111.2000,1122.9500
1998-05-26,1123.1500,1123.1500,1101.5500,1104.4500
1998-05-27,1104.0500,1107.2000,1089.0000,1090.9500
1998-05-28,1090.5000,1097.0000,1073.3000,1075.5500
1998-05-29,1075.3500,1077.1500,1037.9500,1063.1500
1998-06-01,1064.1000,1100.0000,1049.4000,1053.7500
1998-06-02,1053.4000,1053.6500,1016.2500,1019.6000
1998-06-03,1019.3500,1037.3000,1009.9500,1033.9000
1998-06-04,1034.1000,1044.4000,1023.3500,1027.0000
1998-06-05,1026.6000,1026.6000,989.2000,993.5000
1998-06-08,993.5000,1003.1500,936.5500,968.6000
1998-06-09,968.9000,1002.4500,964.7000,995.0500
1998-06-10,994.5500,998.6500,959.6000,962.9000
1998-06-11,962.1500,964.6500,929.9500,961.3500
1998-06-12,961.6000,987.3000,961.6000,971.1500
1998-06-15,970.9500,970.9500,914.3000,916.8000
1998-06-16,916.2500,916.2500,862.1500,910.1000
1998-06-17,910.9000,980.3000,910.9000,976.5000
1998-06-18,977.0000,990.1500,952.6500,956.1500
1998-06-19,955.0500,955.0500,910.5500,913.2500
1998-06-22,912.9000,912.9000,853.3000,880.2000
1998-06-23,882.2000,882.2000,853.0500,875.6000
1998-06-24,875.4500,910.0500,873.6000,908.5000
1998-06-25,908.6500,939.1500,908.6500,932.1500
1998-06-26,931.8000,932.5000,914.4500,924.3500
1998-06-29,923.2000,951.2000,916.6500,949.1000
1998-06-30,949.4500,952.7500,933.0000,941.6500
1998-07-01,941.6000,945.5500,916.5000,942.2500
1998-07-02,941.6500,941.6500,918.1000,919.9000
1998-07-03,920.0500,920.0500,898.6500,900.5500
1998-07-06,901.0000,919.5000,900.9000,917.3500
1998-07-07,917.4500,936.0000,917.4500,924.7000
1998-07-08,925.1500,948.3000,924.9500,944.1500
1998-07-09,944.1000,966.1000,944.1000,961.0500
1998-07-10,961.6500,982.2000,961.6500,980.1500
1998-07-13,980.3000,991.7000,959.4000,964.3500
1998-07-14,964.1000,970.3000,954.5000,967.3500
1998-07-15,968.0500,988.5500,968.0500,971.4000
1998-07-16,972.0000,1005.9000,969.5500,1004.0500
1998-07-17,1005.1000,1015.5500,996.6000,1000.9500
1998-07-20,1001.9000,1002.4000,973.7500,977.3000
1998-07-21,977.6500,983.4000,960.8500,965.5000
1998-07-22,965.5500,976.5000,959.5000,965.7000
1998-07-23,965.3500,965.3500,931.7500,934.4000
1998-07-24,933.5000,934.7500,915.5000,920.1000
1998-07-27,919.4000,929.4500,895.8500,899.3500
1998-07-28,899.1000,920.0000,897.6500,917.2500
1998-07-29,917.4000,940.1500,917.4000,937.8500
1998-07-30,938.1500,949.8500,926.8000,932.6000
1998-07-31,932.6000,939.6000,925.2500,931.4000
1998-08-03,930.8000,930.8000,903.5000,906.0000
1998-08-04,905.6500,913.4500,903.1500,906.2000
1998-08-05,905.6500,911.8000,890.9500,907.4500
1998-08-06,907.9000,919.0000,900.2000,902.7500
1998-08-07,902.7500,903.5500,892.9000,895.5500
1998-08-10,895.1500,895.1500,877.5500,878.7500
1998-08-11,878.7000,878.7000,863.6500,866.5000
1998-08-12,866.3500,871.4000,853.1000,860.1000
1998-08-13,859.8000,878.4000,854.5000,872.2500
1998-08-14,872.8500,876.8000,863.5500,864.1000
1998-08-17,864.3500,873.2000,853.0500,854.5500
1998-08-18,854.5500,854.8000,831.1000,832.4500
1998-08-19,832.8500,853.9000,830.1500,838.3000
1998-08-20,839.3000,871.1500,839.3000,868.7000
1998-08-21,868.5500,871.1500,853.4000,855.4500
1998-08-24,855.2000,860.9500,845.3500,859.8000
1998-08-25,859.8500,874.1500,859.8500,871.9000
1998-08-27,872.1500,889.7000,872.1500,877.4500
1998-08-28,877.1500,877.1500,847.1500,849.8000
1998-08-31,850.3000,858.6000,841.1000,852.8000
1998-09-01,852.7500,852.7500,832.0500,834.5500
1998-09-02,834.5500,847.9500,834.5500,842.5000
1998-09-03,842.3000,852.0500,838.7500,846.4500
1998-09-04,846.9000,868.0500,846.9000,866.5000
1998-09-07,866.9000,889.4500,866.9000,887.1000
1998-09-08,887.2500,902.0500,882.6000,899.9500
1998-09-09,900.2000,916.8000,900.2000,903.6000
1998-09-10,903.1500,913.2000,897.3500,907.4000
1998-09-11,907.1000,907.1000,893.3000,899.7000
1998-09-14,900.2000,921.6500,900.2000,920.5000
1998-09-15,920.1000,923.2000,915.6000,920.8000
1998-09-16,921.4000,926.5500,912.6000,914.5000
1998-09-17,914.4500,919.9500,908.5500,910.1000
1998-09-18,910.0000,910.0000,899.9500,901.6500
1998-09-21,902.1000,908.0500,895.8500,897.7000
1998-09-22,897.8500,900.8000,891.4000,897.2500
1998-09-23,897.9000,910.7500,897.9000,907.7500
1998-09-24,908.2000,936.5000,908.2000,934.8000
1998-09-25,935.3000,945.2500,933.0000,934.9500
1998-09-28,935.6000,941.4500,926.0000,927.9000
1998-09-29,928.3000,932.5000,902.4000,908.4000
1998-09-30,908.3000,912.2500,896.0500,904.9500
1998-10-05,904.7500,904.7500,839.3000,840.7500
1998-10-06,839.9500,848.2000,820.1000,845.7500
1998-10-07,846.1500,875.7500,846.0500,874.2500
1998-10-08,874.6500,885.2500,845.1000,847.9500
1998-10-09,847.9500,861.5500,842.1000,849.1000
1998-10-12,849.7000,860.9000,832.1000,835.8000
1998-10-13,835.4500,835.7500,810.0000,816.7500
1998-10-14,816.5500,846.7500,816.5500,843.5500
1998-10-15,843.6500,845.9000,832.1000,835.6500
1998-10-16,836.2500,844.7000,829.2500,839.5000
1998-10-19,839.7000,840.0000,830.1000,831.2500
1998-10-20,831.1500,831.4500,803.3000,808.7000
1998-10-22,809.3000,825.2000,805.7000,811.6000
1998-10-23,811.8500,820.3500,804.7000,817.3500
1998-10-26,817.6000,854.1000,817.6000,845.2500
1998-10-27,845.4500,848.2500,835.7000,841.6000
1998-10-28,842.8000,857.7500,831.5500,833.8500
1998-10-29,833.5500,834.0000,818.9500,832.2500
1998-10-30,832.6500,839.2000,826.8500,828.8500
1998-10-31,828.2500,828.2500,819.8500,824.0000
1998-11-02,824.2000,829.1000,812.3000,823.2000
1998-11-03,823.2000,825.3000,818.6000,820.9000
1998-11-05,821.3500,830.4000,821.3500,829.1500
1998-11-06,829.2000,842.1500,829.2000,840.8000
1998-11-09,841.3000,870.5000,841.3000,864.6500
1998-11-10,864.8000,871.6000,859.7000,868.7000
1998-11-11,869.4500,882.1000,866.6000,868.8500
1998-11-12,868.4500,874.2000,857.2000,871.7500
1998-11-13,871.7000,877.2500,865.0000,867.2500
1998-11-16,866.5000,866.5000,854.3000,855.3500
1998-11-17,855.4500,861.6500,854.5500,860.0000
1998-11-18,862.9000,876.1500,862.9000,875.0500
1998-11-19,875.7500,878.8500,864.3000,865.1000
1998-11-20,865.1000,867.7000,855.3500,857.9500
1998-11-21,857.8500,857.9500,853.9500,857.4000
1998-11-23,856.4000,856.4000,844.8500,847.5500
1998-11-24,850.0500,851.5500,840.7500,841.7500
1998-11-26,838.8500,843.5500,821.4000,824.4500
1998-11-27,823.3000,824.6500,810.3000,812.4500
1998-11-28,812.7000,817.4000,804.3000,810.8500
1998-11-30,808.6000,817.7500,800.1000,817.7500
1998-12-01,816.5500,820.8500,812.2500,816.6500
1998-12-02,820.3500,826.0500,817.3500,821.1500
1998-12-03,821.3000,822.5000,814.5000,817.0500
1998-12-04,816.1500,828.3500,813.1000,828.3500
1998-12-07,829.7500,846.0000,828.2000,845.1500
1998-12-08,844.9500,853.8500,840.5000,853.0000
1998-12-09,855.9500,864.7000,855.1000,856.5500
1998-12-10,858.6000,865.8000,858.5000,864.4000
1998-12-11,867.1500,874.2000,865.7000,870.0000
1998-12-14,871.6500,874.7500,861.9500,863.6000
1998-12-15,861.0000,861.1000,844.5500,845.0500
1998-12-16,844.6500,851.5500,836.8500,851.5500
1998-12-17,835.4500,845.1000,827.9000,830.2500
1998-12-18,830.3000,838.8000,827.3000,835.2000
1998-12-21,845.6000,859.5500,845.2500,859.3000
1998-12-22,864.5500,864.9000,851.3500,857.3000
1998-12-23,866.2500,874.6500,858.7000,858.7000
1998-12-24,856.3000,863.5000,854.7500,861.1000
1998-12-28,869.7500,882.7000,866.2500,879.8500
1998-12-29,876.9000,881.2500,867.8000,872.6500
1998-12-30,887.4000,903.8500,887.0000,899.9500
1998-12-31,900.5500,902.9000,884.2500,884.2500
1999-01-01,886.7500,892.2000,882.6000,890.8000
1999-01-04,896.4000,905.4500,895.7500,897.8000
1999-01-05,901.0000,907.2000,893.1500,907.2000
1999-01-06,923.3000,930.5500,915.6500,928.2500
1999-01-07,932.9500,961.1500,932.9500,954.7000
1999-01-08,969.9500,990.0500,966.4000,990.0500
1999-01-11,1005.1500,1016.3000,985.6000,985.6000
1999-01-12,976.7000,985.5500,953.9000,964.4500
1999-01-13,980.3000,986.2500,958.0500,961.2000
1999-01-14,948.0000,968.4000,944.5000,954.7500
1999-01-15,961.7000,967.8500,932.2500,934.3000
1999-01-18,938.6500,945.0500,922.8000,944.9000
1999-01-19,944.1500,948.0000,923.2000,924.1000
1999-01-21,935.1500,967.2000,932.8000,967.2000
1999-01-22,976.6000,980.4500,955.1500,957.0500
1999-01-25,954.3500,956.6500,935.0000,949.8000
1999-01-27,968.5500,985.2500,967.6500,971.3000
1999-01-28,971.2000,976.7500,954.2500,955.1000
1999-01-29,956.8000,966.3500,952.7000,966.2000
1999-02-01,962.4000,968.0500,940.1500,940.1500
1999-02-02,940.1000,945.1500,924.9500,931.2000
1999-02-03,948.0000,955.5500,940.7500,952.4000
1999-02-04,957.1500,958.8000,937.5000,939.7000
1999-02-05,939.6500,943.7000,930.1000,936.3000
1999-02-08,937.7500,940.9000,916.5000,916.5000
1999-02-09,914.7000,924.7500,907.4500,924.7500
1999-02-10,938.8000,959.6000,935.2000,959.4500
1999-02-11,966.8500,973.7000,958.1500,960.0500
1999-02-12,965.7000,972.7500,962.3500,970.2500
1999-02-15,974.1000,976.8500,954.5500,954.5500
1999-02-16,952.5500,960.2500,951.5000,958.9000
1999-02-17,970.1000,978.7500,953.1000,969.0500
1999-02-18,974.1500,989.1500,968.7000,973.4500
1999-02-19,979.4000,985.4000,975.8500,976.3000
1999-02-22,978.5000,978.8500,953.6000,953.8500
1999-02-23,949.3000,952.6500,938.6500,949.6500
1999-02-24,959.8000,961.4000,947.9500,957.6500
1999-02-25,954.7000,962.6000,951.9000,954.3000
1999-02-26,955.4000,955.7500,938.2000,941.2000
1999-02-27,947.3500,981.5500,932.2000,981.3000
1999-03-01,992.4500,1018.4000,984.4500,1015.8000
1999-03-03,1066.4000,1073.0500,1051.8000,1051.8500
1999-03-04,1056.8500,1060.5500,1030.4500,1041.2000
1999-03-05,1043.4500,1061.4000,1033.8000,1054.4500
1999-03-08,1064.3500,1080.3000,1056.8500,1072.1000
1999-03-09,1074.2500,1084.6500,1071.7500,1078.3500
1999-03-10,1099.1500,1099.8000,1062.7000,1078.8500
1999-03-11,1080.1500,1085.4000,1059.6000,1059.6000
1999-03-12,1066.8500,1074.1500,1057.1000,1072.6500
1999-03-15,1073.1500,1082.5000,1063.4500,1073.9500
1999-03-16,1068.8500,1075.7000,1052.9000,1053.1500
1999-03-17,1078.2000,1088.5500,1057.7500,1060.6500
1999-03-18,1061.4000,1074.6000,1058.2500,1074.6000
1999-03-19,1080.7000,1083.1500,1056.4000,1062.9000
1999-03-20,1063.1500,1063.6500,1053.6000,1060.3500
1999-03-22,1052.6000,1066.6000,1044.1000,1063.0000
1999-03-23,1063.9500,1079.8500,1063.9000,1072.9500
1999-03-24,1091.1500,1091.9000,1047.0500,1062.8000
1999-03-25,1057.9500,1068.1500,1053.3000,1054.9000
1999-03-26,1054.9500,1057.8000,1033.0000,1041.2500
1999-03-30,1036.0000,1054.6500,1028.4500,1054.6000
1999-03-31,1076.9500,1090.4000,1073.6500,1078.0500
1999-04-01,1082.5500,1084.0500,1062.4500,1063.4500
1999-04-05,1030.6500,1036.4500,1008.3500,1011.4000
1999-04-06,999.8000,1025.9500,993.0000,1024.2000
1999-04-07,1027.3500,1043.4000,1027.0000,1031.0500
1999-04-08,1033.0000,1036.9500,1015.3000,1020.3500
1999-04-09,1021.5500,1022.1500,989.7500,993.4000
1999-04-12,984.5500,999.6500,972.7000,998.2000
1999-04-13,991.0500,1006.1500,989.9000,994.2500
1999-04-15,968.4000,980.6500,964.3500,968.6000
1999-04-16,970.9500,1044.8500,965.1500,1044.4500
1999-04-17,1065.5000,1069.5500,961.4000,966.9500
1999-04-19,961.3000,1000.6000,955.7500,993.9000
1999-04-20,995.6500,1003.7000,983.7000,995.4000
1999-04-21,997.3500,1003.4000,990.9500,996.6500
1999-04-22,999.5500,1012.0000,971.9000,981.6500
1999-04-23,987.0500,994.3000,968.1500,982.0000
1999-04-26,945.9000,955.5000,931.3000,931.3500
1999-04-28,928.8500,944.4500,916.0000,943.5000
1999-04-29,950.2500,966.6000,948.4000,966.6000
1999-04-30,970.9000,980.7500,969.6000,978.2000
1999-05-03,979.8000,986.4000,968.2500,970.7500
1999-05-04,971.9000,1008.3500,971.8000,1008.3500
1999-05-05,1014.6500,1034.5500,1004.9000,1019.5500
1999-05-06,1024.9500,1048.0500,1023.9500,1046.9500
1999-05-07,1065.4000,1080.7000,1059.0500,1062.9000
1999-05-10,1070.7500,1094.2000,1070.3500,1094.2000
1999-05-11,1102.2000,1121.9500,1100.5000,1116.0000
1999-05-12,1135.4500,1142.1000,1086.7000,1110.9000
1999-05-13,1131.9500,1149.6000,1130.8500,1148.1000
1999-05-14,1157.6000,1173.5500,1144.9000,1165.3500
1999-05-17,1164.4500,1171.1000,1120.7000,1151.9000
1999-05-18,1155.7500,1176.3000,1153.4500,1160.1500
1999-05-19,1169.6000,1189.2000,1161.6000,1180.2500
1999-05-20,1181.0000,1201.3000,1166.9000,1166.9000
1999-05-21,1176.9500,1177.0000,1139.1000,1145.8500
1999-05-24,1147.4000,1154.5000,1132.5000,1151.6000
1999-05-25,1148.0500,1164.2000,1147.4000,1160.2000
1999-05-26,1165.1500,1170.1000,1122.6000,1135.5000
1999-05-27,1132.8500,1147.9500,1091.4500,1091.4500
1999-05-28,1088.0000,1098.2500,1049.9500,1081.5000
1999-05-31,1098.0000,1132.8000,1097.8500,1132.3000
1999-06-01,1125.5500,1139.8000,1113.0000,1123.8000
1999-06-02,1120.6500,1127.6500,1107.2000,1125.1500
1999-06-03,1129.9000,1141.0500,1127.3000,1136.6500
1999-06-04,1150.0500,1162.0000,1149.1000,1155.0500
1999-06-07,1159.5500,1164.1500,1150.2000,1156.6500
1999-06-08,1145.9000,1178.9500,1138.0500,1178.9500
1999-06-09,1180.0000,1192.0500,1159.2500,1163.2000
1999-06-10,1163.7000,1175.9500,1159.6000,1162.6000
1999-06-11,1161.8000,1162.9500,1140.2500,1141.9000
1999-06-14,1140.7500,1140.7500,1099.8500,1126.9000
1999-06-15,1127.4000,1143.3000,1113.3000,1120.5000
1999-06-16,1120.3500,1152.3500,1109.7000,1148.1500
1999-06-17,1148.9500,1181.9000,1148.9500,1176.3500
1999-06-18,1177.1500,1189.2000,1172.2000,1175.1500
1999-06-21,1175.3000,1203.3500,1175.3000,1202.3000
1999-06-22,1202.9500,1219.4500,1201.2000,1214.3000
1999-06-23,1215.9500,1228.5500,1188.6500,1193.1500
1999-06-24,1192.5500,1193.1000,1171.3000,1181.3000
1999-06-25,1181.6000,1197.0000,1174.2000,1177.0000
1999-06-28,1177.0500,1194.9000,1177.0500,1192.2000
1999-06-29,1192.2000,1198.7000,1185.3000,1191.3000
1999-06-30,1191.4500,1193.9000,1179.6500,1187.7000
1999-07-01,1187.8500,1197.0000,1179.3000,1183.2000
1999-07-02,1183.6500,1204.1500,1183.6500,1197.8500
1999-07-05,1197.9500,1232.4000,1197.9500,1230.2500
1999-07-06,1230.3000,1246.4000,1230.3000,1241.2500
1999-07-07,1241.6500,1255.7500,1238.1500,1243.7000
1999-07-08,1243.9000,1251.1500,1238.4000,1244.0500
1999-07-09,1244.4000,1260.7000,1244.4000,1254.0000
1999-07-12,1254.1000,1318.0500,1254.1000,1315.3500
1999-07-13,1315.7500,1338.1500,1315.7500,1321.4500
1999-07-14,1322.9000,1341.1000,1306.2000,1335.1500
1999-07-15,1335.5500,1367.9500,1310.4500,1317.7000
1999-07-16,1318.3000,1331.7500,1312.3000,1324.2500
1999-07-19,1325.3500,1357.8500,1325.3500,1349.6000
1999-07-20,1349.6000,1350.3500,1310.8500,1314.7000
1999-07-21,1314.8000,1346.6500,1302.8000,1340.1500
1999-07-22,1339.0500,1358.2500,1337.5500,1349.2000
1999-07-23,1350.0000,1367.3000,1339.6000,1342.9500
1999-07-26,1342.6000,1342.6000,1314.8000,1326.1500
1999-07-27,1325.4000,1327.0000,1304.4000,1309.8500
1999-07-28,1309.7500,1337.0000,1309.7500,1320.1000
1999-07-29,1320.7500,1329.7500,1312.5500,1325.7000
1999-07-30,1325.5500,1325.5500,1302.5000,1310.1500
1999-08-02,1309.8500,1310.8000,1282.8500,1289.6000
1999-08-03,1289.2000,1290.8000,1277.8500,1285.0500
1999-08-04,1285.9000,1329.3000,1285.9000,1326.4000
1999-08-05,1326.7500,1345.8500,1317.5000,1323.3000
1999-08-06,1323.1500,1326.0000,1315.1500,1316.8000
1999-08-09,1316.9000,1332.9000,1312.8000,1327.7500
1999-08-10,1328.1500,1328.4000,1305.8500,1309.7500
1999-08-11,1308.7500,1328.2000,1295.2000,1315.3000
1999-08-12,1315.9000,1321.5500,1308.0500,1309.5000
1999-08-13,1309.7000,1317.1000,1290.3000,1291.8500
1999-08-16,1292.3500,1314.1500,1292.3500,1309.9000
1999-08-17,1310.3000,1327.9000,1310.3000,1322.7000
1999-08-18,1326.0000,1371.9000,1326.0000,1363.3500
1999-08-19,1363.5000,1375.4500,1341.5500,1345.0000
1999-08-20,1345.6000,1350.3000,1332.4000,1347.3000
1999-08-23,1347.7500,1375.9500,1347.7500,1369.7000
1999-08-24,1370.0500,1385.6000,1369.9000,1382.6500
1999-08-25,1383.4500,1414.0000,1341.3500,1371.6500
1999-08-26,1371.9000,1408.1500,1371.9000,1402.5000
1999-08-27,1402.6000,1425.2000,1402.6000,1417.5000
1999-08-30,1417.8000,1435.5000,1417.8000,1422.6000
1999-08-31,1422.6500,1424.0500,1409.5500,1412.0000
1999-09-01,1412.0500,1430.8000,1397.7000,1410.7000
1999-09-02,1410.0000,1410.0000,1372.5000,1375.8500
1999-09-03,1375.7000,1384.2500,1370.9500,1374.9500
1999-09-06,1375.4500,1392.0500,1372.5000,1390.2000
1999-09-07,1391.2000,1403.7500,1378.9500,1383.2500
1999-09-08,1385.5500,1413.4500,1385.5500,1399.5000
1999-09-09,1400.1500,1402.2500,1388.6500,1396.9000
1999-09-10,1397.1500,1398.6000,1388.8500,1391.1000
1999-09-14,1391.9000,1397.4500,1366.2500,1370.5500
1999-09-15,1371.0000,1392.3500,1371.0000,1374.7000
1999-09-16,1374.4500,1375.3500,1347.3000,1351.2000
1999-09-17,1350.3500,1364.0500,1329.7000,1359.7000
1999-09-20,1359.8000,1379.0500,1356.3000,1357.8500
1999-09-21,1358.4500,1367.7500,1348.6000,1350.6000
1999-09-22,1350.7000,1400.0000,1350.7000,1386.4500
1999-09-23,1387.9500,1403.5500,1387.4500,1398.0000
1999-09-24,1397.4500,1427.7500,1396.7500,1412.2500
1999-09-27,1413.8000,1427.1500,1387.0500,1389.5000
1999-09-28,1389.2500,1389.4500,1363.4500,1379.1500
1999-09-29,1380.7000,1429.0500,1380.3000,1415.3000
1999-09-30,1415.5500,1432.5500,1409.5500,1413.1000
1999-10-01,1414.6500,1419.1000,1389.0500,1403.2000
1999-10-04,1403.4500,1406.3500,1367.8500,1372.3000
1999-10-05,1372.4000,1384.3500,1358.9500,1378.1500
1999-10-06,1377.6500,1419.7500,1377.1500,1392.7000
1999-10-07,1394.3500,1475.4500,1394.3500,1469.7500
1999-10-08,1470.0000,1502.6500,1462.7500,1479.2500
1999-10-11,1480.8000,1504.5500,1479.1000,1484.0000
1999-10-12,1484.4000,1493.1500,1472.3500,1483.8500
1999-10-13,1485.4500,1510.5000,1466.0000,1496.3000
1999-10-14,1497.3000,1522.8500,1496.6500,1505.2000
1999-10-15,1505.7000,1512.0000,1448.9500,1454.5500
1999-10-18,1454.9000,1461.4500,1426.1500,1444.0500
1999-10-20,1446.2000,1498.7000,1446.2000,1477.6500
1999-10-21,1478.0000,1496.4500,1448.3500,1453.3500
1999-10-22,1452.6000,1452.6000,1421.4000,1430.2500
1999-10-23,1430.7500,1451.8500,1429.1000,1449.8000
1999-10-25,1449.8500,1457.2000,1410.8500,1426.2000
1999-10-26,1426.6000,1431.5000,1410.9500,1414.3500
1999-10-27,1419.1000,1440.7000,1400.7500,1411.4000
1999-10-28,1411.2000,1411.4500,1361.0500,1367.7000
1999-10-29,1367.9000,1370.8000,1296.7000,1325.4500
1999-11-01,1325.9000,1332.7000,1260.8000,1270.0000
1999-11-02,1269.3000,1335.6000,1239.8000,1332.2000
1999-11-03,1332.7000,1353.5500,1303.2500,1326.4000
1999-11-04,1326.8500,1339.7500,1313.6000,1336.8000
1999-11-05,1336.7500,1369.6500,1336.5500,1364.5500
1999-11-07,1364.7000,1382.2500,1364.7000,1369.6000
1999-11-09,1370.5000,1374.8000,1345.2500,1371.2000
1999-11-10,1371.6000,1392.5500,1371.6000,1389.1000
1999-11-11,1389.2000,1402.7000,1382.3000,1389.6000
1999-11-12,1389.2500,1389.4000,1368.8500,1373.5500
1999-11-15,1372.7500,1381.1000,1358.1500,1362.7000
1999-11-16,1362.3000,1362.3000,1351.4000,1357.7500
1999-11-17,1367.6500,1381.5000,1352.2500,1352.2500
1999-11-18,1353.4000,1366.2500,1342.2500,1364.2500
1999-11-19,1365.2500,1381.0500,1360.0500,1361.8500
1999-11-22,1362.4000,1378.1000,1358.2000,1375.2500
1999-11-24,1376.5000,1404.0500,1376.5000,1394.9500
1999-11-25,1395.8500,1417.6500,1395.8500,1408.6500
1999-11-26,1409.3500,1418.1500,1395.5000,1399.6000
1999-11-29,1399.8000,1401.2500,1382.2000,1384.6500
1999-11-30,1384.9000,1386.7500,1370.5500,1376.1500
1999-12-01,1375.0500,1401.1000,1374.7000,1388.7500
1999-12-02,1388.2000,1420.7000,1387.2000,1408.8500
1999-12-03,1409.0500,1436.6500,1409.0500,1418.0000
1999-12-06,1418.3000,1445.6000,1418.3000,1442.8500
1999-12-07,1443.2000,1455.4000,1439.6500,1445.1500
1999-12-08,1451.1000,1486.1500,1420.9500,1438.6500
1999-12-09,1437.1000,1451.5000,1428.0500,1447.5500
1999-12-10,1448.0500,1462.6000,1437.0000,1439.7000
1999-12-13,1440.2000,1444.9500,1421.8500,1427.6500
1999-12-14,1427.9000,1431.2500,1391.1000,1398.2500
1999-12-15,1396.6000,1410.8000,1376.7500,1401.4000
1999-12-16,1404.0500,1428.5000,1402.7500,1419.7000
1999-12-17,1420.1000,1439.2500,1414.1500,1419.3000
1999-12-20,1419.4500,1435.5500,1418.7500,1422.4500
1999-12-21,1422.6000,1437.6000,1413.8500,1421.7000
1999-12-22,1429.1500,1486.9000,1429.1500,1481.7000
1999-12-23,1481.6000,1510.8500,1481.6000,1488.3500
1999-12-24,1488.0500,1489.9000,1453.3500,1459.0000
1999-12-27,1459.6500,1460.5000,1427.7000,1432.1000
1999-12-28,1427.4500,1451.3500,1418.8500,1442.2000
1999-12-29,1443.9000,1483.4000,1443.9000,1476.3500
1999-12-30,1489.2000,1504.9500,1476.7500,1480.4500
2000-01-03,1482.1500,1592.9000,1482.1500,1592.2000
2000-01-04,1594.4000,1641.9500,1594.4000,1638.7000
2000-01-05,1634.5500,1635.5000,1555.0500,1595.8000
2000-01-06,1595.8000,1639.0000,1595.8000,1617.6000
2000-01-07,1616.6000,1628.2500,1597.2000,1613.3000
2000-01-10,1615.6500,1662.1000,1614.9500,1632.9500
2000-01-11,1633.2500,1639.9000,1548.2500,1572.5000
2000-01-12,1572.3000,1631.5500,1571.7000,1624.8000
2000-01-13,1627.8500,1671.1500,1613.6500,1621.4000
2000-01-14,1622.1500,1627.4000,1591.4000,1622.7500
2000-01-17,1623.5000,1668.4500,1604.6500,1611.6000
2000-01-18,1611.6500,1615.1500,1587.8500,1606.7000
2000-01-19,1610.0500,1644.4500,1608.8500,1634.8500
2000-01-20,1634.6500,1644.4000,1596.6500,1601.1000
2000-01-21,1601.2500,1626.5000,1593.2000,1620.6000
2000-01-24,1623.0500,1645.0000,1608.3000,1613.6000
2000-01-25,1612.9500,1613.6500,1579.5500,1586.4000
2000-01-27,1600.5000,1633.5500,1600.0500,1603.9000
2000-01-28,1603.6500,1610.9000,1592.7000,1599.1000
2000-01-31,1598.3500,1598.3500,1538.7000,1546.2000
2000-02-01,1546.2000,1554.1500,1521.4000,1549.5000
2000-02-02,1554.2000,1605.9000,1554.2000,1588.0000
2000-02-03,1591.2500,1616.7000,1591.2500,1597.9000
2000-02-04,1598.5000,1621.3500,1596.4500,1599.7500
2000-02-07,1599.8000,1645.9000,1599.8000,1636.6000
2000-02-08,1636.6000,1676.1000,1636.6000,1662.7500
2000-02-09,1666.9500,1731.6500,1666.7000,1689.6500
2000-02-10,1692.1000,1713.7000,1692.1000,1711.2000
2000-02-11,1712.8500,1771.6500,1712.8500,1756.0000
2000-02-14,1777.7500,1795.4500,1738.7500,1744.5000
2000-02-15,1744.5000,1744.5000,1694.4500,1702.5500
2000-02-16,1704.8500,1742.8000,1704.1500,1711.1000
2000-02-17,1710.0500,1753.1000,1710.0500,1742.1000
2000-02-18,1742.3000,1764.1500,1713.4500,1717.8000
2000-02-21,1719.5500,1767.8000,1719.5500,1753.5000
2000-02-22,1754.2000,1781.0500,1733.5500,1739.0500
2000-02-23,1745.2000,1818.1500,1689.2000,1696.4000
2000-02-24,1696.4000,1751.6000,1693.1000,1732.0000
2000-02-25,1734.0500,1757.0500,1699.2500,1710.4500
2000-02-28,1711.1500,1726.6500,1670.7500,1722.5500
2000-02-29,1722.8500,1783.3000,1626.3500,1654.8000
2000-03-01,1661.5000,1727.9000,1630.0000,1712.7000
2000-03-02,1713.6500,1773.8500,1690.0500,1696.5500
2000-03-03,1696.4500,1719.1500,1644.4000,1656.0000
2000-03-06,1656.0000,1721.0000,1656.0000,1688.5000
2000-03-07,1711.8500,1730.8500,1684.9000,1702.7500
2000-03-08,1717.7500,1765.2500,1654.4500,1666.3500
2000-03-09,1667.4500,1692.2500,1595.4500,1646.2500
2000-03-10,1647.8500,1680.4500,1588.2000,1602.7500
2000-03-13,1601.4000,1645.0000,1553.4500,1560.7000
2000-03-14,1561.5500,1571.3000,1503.2000,1567.0500
2000-03-15,1546.8000,1630.9500,1538.7000,1620.1000
2000-03-16,1620.4000,1621.2000,1554.3000,1562.2000
2000-03-21,1563.3000,1585.2500,1542.6500,1556.6000
2000-03-22,1551.0500,1604.0000,1551.0500,1589.6000
2000-03-23,1590.3000,1629.2000,1544.5000,1553.4000
2000-03-24,1554.2000,1579.4000,1540.4500,1569.5500
2000-03-27,1570.4500,1593.3000,1555.7500,1562.9500
2000-03-28,1563.3000,1575.8500,1527.5500,1568.6000
2000-03-29,1569.3000,1609.4000,1553.4000,1558.2500
2000-03-30,1556.9500,1557.8500,1489.1000,1549.5000
2000-03-31,1545.5500,1545.5500,1493.9000,1528.4500
2000-04-03,1528.7000,1555.5000,1510.7500,1534.7500
2000-04-04,1534.0500,1534.0500,1420.8500,1428.1000
2000-04-05,1428.5000,1467.4000,1391.6500,1434.6500
2000-04-06,1436.1500,1475.2500,1381.0500,1452.9500
2000-04-07,1453.3000,1558.0500,1453.3000,1557.1500
2000-04-10,1557.5500,1636.9500,1557.5500,1613.0000
2000-04-11,1613.0000,1631.6000,1550.8500,1624.6500
2000-04-12,1624.4000,1628.5500,1586.0000,1592.7000
2000-04-13,1587.9500,1587.9500,1502.7000,1518.6500
2000-04-17,1518.5500,1518.5500,1412.4500,1443.5500
2000-04-18,1443.5500,1478.8500,1410.0000,1414.8000
2000-04-19,1417.7500,1469.0500,1375.0500,1404.9500
2000-04-20,1405.7000,1425.5500,1339.7500,1415.6500
2000-04-24,1416.0500,1431.8000,1371.8500,1388.0000
2000-04-25,1383.8000,1383.8000,1311.3000,1359.4500
2000-04-26,1362.5000,1439.0500,1362.5000,1436.1000
2000-04-27,1436.1500,1455.8500,1400.6500,1416.9000
2000-04-28,1419.9000,1438.0000,1396.5500,1406.5500
2000-05-02,1410.0000,1421.5000,1319.6500,1333.4500
2000-05-03,1330.1500,1342.1500,1258.1000,1316.0500
2000-05-04,1317.9500,1385.1500,1317.9500,1380.5500
2000-05-05,1381.9000,1428.6000,1381.9000,1422.4000
2000-05-08,1423.2500,1436.6000,1358.8000,1365.0500
2000-05-09,1362.4500,1385.7000,1328.0500,1378.5500
2000-05-10,1380.4000,1391.3500,1359.6500,1363.1500
2000-05-11,1359.1000,1359.1000,1295.9500,1304.5500
2000-05-12,1305.3000,1326.3000,1276.4000,1282.8000
2000-05-15,1281.3000,1311.7000,1220.7000,1299.2500
2000-05-16,1300.2000,1310.4500,1287.8000,1306.8500
2000-05-17,1310.8000,1347.7000,1303.7500,1311.6500
2000-05-18,1311.3000,1316.2000,1289.5500,1293.4000
2000-05-19,1293.4500,1293.4500,1252.7000,1268.0000
2000-05-22,1267.8500,1267.8500,1228.4000,1233.0000
2000-05-23,1229.2500,1230.9000,1203.2000,1224.4000
2000-05-24,1224.5000,1246.2500,1201.5000,1235.9000
2000-05-25,1237.0000,1269.8000,1235.7000,1247.6500
2000-05-26,1247.1000,1278.7500,1232.8500,1275.3500
2000-05-29,1273.7000,1317.7500,1267.4000,1311.0500
2000-05-30,1310.8000,1347.3000,1304.9500,1344.8500
2000-05-31,1355.3500,1410.7500,1355.3500,1380.4500
2000-06-01,1380.4000,1380.4000,1345.1000,1349.0000
2000-06-02,1350.1500,1395.3500,1350.1500,1389.2500
2000-06-05,1390.9500,1461.0500,1390.9500,1404.6000
2000-06-06,1405.4500,1426.1500,1392.7000,1421.7500
2000-06-07,1423.4000,1442.7000,1413.8000,1430.3500
2000-06-08,1430.5000,1468.7000,1430.5000,1463.6500
2000-06-09,1464.3000,1485.5000,1458.9000,1467.2000
2000-06-12,1464.4000,1477.5500,1437.1500,1440.4000
2000-06-13,1438.8000,1438.8000,1411.9000,1432.9000
2000-06-14,1434.9500,1459.1500,1423.9500,1435.5000
2000-06-15,1437.0000,1452.8000,1422.4000,1445.2500
2000-06-16,1443.1500,1480.8500,1441.6000,1477.3000
2000-06-19,1477.5500,1510.4500,1477.5500,1498.7500
2000-06-20,1498.0000,1518.0500,1497.0500,1507.1000
2000-06-21,1524.0500,1539.1000,1470.4000,1475.1500
2000-06-22,1475.6500,1491.4000,1461.3000,1488.2500
2000-06-23,1487.8500,1499.8500,1462.7500,1472.2000
2000-06-26,1472.1500,1472.1500,1431.2500,1451.6500
2000-06-27,1452.8000,1467.1500,1448.9500,1454.3000
2000-06-28,1453.7000,1474.7000,1445.6000,1470.0000
2000-06-29,1471.3500,1505.7500,1471.3500,1492.3500
2000-06-30,1490.2000,1490.6500,1462.4500,1471.4500
2000-07-03,1473.4500,1498.7000,1473.4500,1495.2500
2000-07-04,1496.1500,1516.8000,1494.8000,1511.3000
2000-07-05,1511.5000,1530.9000,1511.5000,1526.0500
2000-07-06,1525.1500,1525.1500,1504.0500,1516.8000
2000-07-07,1517.0000,1528.1500,1513.4000,1517.6000
2000-07-10,1518.1500,1523.2000,1502.7000,1509.6500
2000-07-11,1510.5500,1523.1000,1506.1500,1518.5500
2000-07-12,1518.7000,1537.1000,1507.9500,1533.3500
2000-07-13,1535.5500,1564.7500,1513.6500,1522.6000
2000-07-14,1522.2000,1534.3500,1505.9000,1509.7500
2000-07-17,1509.2500,1512.2500,1475.1500,1479.6500
2000-07-18,1479.3000,1482.9000,1458.6000,1463.1000
2000-07-19,1464.5500,1468.5500,1432.8500,1435.8000
2000-07-20,1434.9500,1443.2500,1416.0000,1424.2000
2000-07-21,1424.9000,1435.2000,1394.3000,1397.2500
2000-07-24,1397.0500,1397.0500,1310.8500,1317.7500
2000-07-25,1317.3500,1363.4500,1269.2500,1348.9000
2000-07-26,1350.8000,1371.8000,1315.1500,1318.2500
2000-07-27,1317.0000,1342.7500,1291.3000,1338.0500
2000-07-28,1337.7000,1359.4000,1327.9500,1333.8000
2000-07-31,1333.3000,1343.6500,1317.3000,1332.8500
2000-08-01,1332.8500,1344.5000,1322.6000,1326.8500
2000-08-02,1323.7000,1333.8500,1312.2500,1331.9000
2000-08-03,1330.7000,1339.4000,1319.0000,1321.2500
2000-08-04,1320.2500,1333.1500,1302.6500,1318.5500
2000-08-07,1319.7000,1321.7000,1299.9000,1310.8000
2000-08-08,1312.1000,1348.2500,1311.1500,1345.6000
2000-08-09,1345.9500,1363.9500,1341.0500,1344.9500
2000-08-10,1345.2500,1360.4000,1325.1500,1328.0000
2000-08-11,1328.1500,1328.1500,1306.6000,1310.7500
2000-08-14,1312.2500,1321.5500,1295.4500,1317.9000
2000-08-16,1319.3500,1354.9500,1319.3500,1351.4500
2000-08-17,1351.5000,1363.0500,1334.9500,1341.4000
2000-08-18,1342.0000,1360.6500,1339.0500,1358.0500
2000-08-21,1358.7500,1374.5000,1358.7500,1370.2500
2000-08-22,1370.7500,1394.9000,1370.7500,1381.2000
2000-08-23,1381.6000,1398.9000,1376.9000,1386.0500
2000-08-24,1386.3000,1390.4500,1374.9000,1386.9500
2000-08-25,1387.3500,1396.1000,1377.7500,1381.2500
2000-08-28,1379.6000,1383.4500,1368.2500,1369.8500
2000-08-29,1368.6500,1373.5500,1360.6500,1367.7000
2000-08-30,1369.9000,1384.8500,1369.8000,1375.9500
2000-08-31,1376.5000,1397.3000,1375.9000,1394.1000
2000-09-04,1395.9500,1433.1500,1395.9500,1427.7500
2000-09-05,1428.0500,1434.6500,1420.9000,1428.2500
2000-09-06,1430.9000,1444.4500,1421.0000,1435.3500
2000-09-07,1434.7000,1450.2000,1424.3500,1439.7500
2000-09-08,1440.6000,1453.1500,1440.6000,1450.0500
2000-09-11,1449.3500,1469.0000,1448.9500,1456.3500
2000-09-12,1457.1000,1470.5500,1447.8000,1467.6500
2000-09-13,1467.6500,1482.0000,1452.6000,1456.1500
2000-09-14,1456.7500,1466.6500,1437.8500,1445.3000
2000-09-15,1443.2500,1451.0500,1411.5500,1417.2000
2000-09-18,1416.0500,1416.0500,1352.1000,1354.3500
2000-09-19,1351.8000,1361.7000,1295.3000,1317.0000
2000-09-20,1317.8000,1351.1000,1311.1000,1342.9000
2000-09-21,1341.6500,1347.4000,1325.7500,1329.8500
2000-09-22,1329.1000,1329.1000,1261.2000,1266.4500
2000-09-25,1268.4000,1305.1000,1268.4000,1292.5500
2000-09-26,1292.9000,1298.2500,1261.0000,1267.9000
2000-09-27,1267.4500,1299.0000,1249.3500,1292.5500
2000-09-28,1292.4000,1302.7500,1260.8000,1266.4000
2000-09-29,1267.3000,1284.1500,1264.4000,1271.6500
2000-10-03,1270.7500,1288.1500,1254.3500,1282.0000
2000-10-04,1281.4500,1300.0500,1275.8000,1297.8000
2000-10-05,1296.1000,1306.4500,1282.5000,1284.7500
2000-10-06,1284.3500,1287.8500,1262.6500,1285.0000
2000-10-09,1285.0500,1286.3500,1264.2000,1267.3000
2000-10-10,1268.7000,1272.7500,1230.0500,1238.9500
2000-10-11,1232.8500,1234.1000,1193.8000,1201.9000
2000-10-12,1201.3000,1214.3500,1185.1000,1206.2500
2000-10-13,1205.7000,1205.7000,1167.5000,1176.7500
2000-10-16,1177.8500,1228.8000,1173.3500,1175.4500
2000-10-17,1174.3000,1174.3000,1140.6000,1158.0500
2000-10-18,1157.0500,1157.0500,1122.8000,1136.0000
2000-10-19,1135.6500,1171.5000,1108.2000,1166.1500
2000-10-20,1166.2000,1202.7000,1166.2000,1172.0000
2000-10-23,1171.7500,1172.1500,1141.4500,1143.9500
2000-10-24,1143.0000,1155.3500,1132.9000,1152.4500
2000-10-25,1158.2000,1190.4000,1157.2500,1183.9000
2000-10-26,1182.8000,1188.2000,1176.6000,1186.3000
2000-10-27,1186.9500,1192.9000,1171.8500,1178.7000
2000-10-30,1178.7500,1185.8000,1164.2500,1167.1500
2000-10-31,1167.2000,1175.6000,1155.1500,1172.7500
2000-11-01,1178.2500,1203.8500,1177.1000,1200.8000
2000-11-02,1201.2500,1226.3500,1199.7500,1224.8500
2000-11-03,1225.0000,1249.2000,1225.0000,1242.0500
2000-11-06,1242.1500,1261.4000,1236.6500,1240.2500
2000-11-07,1239.0000,1249.1000,1232.3500,1246.7500
2000-11-08,1246.6500,1277.2500,1246.6500,1266.8000
2000-11-09,1266.7500,1275.5500,1255.9500,1269.9500
2000-11-10,1271.3500,1271.4000,1237.5000,1239.5500
2000-11-13,1239.3500,1239.3500,1199.9500,1208.0500
2000-11-14,1207.2000,1246.9000,1207.0500,1242.8500
2000-11-15,1245.0000,1270.1000,1243.2000,1247.0500
2000-11-16,1246.6000,1254.5500,1228.6000,1233.2500
2000-11-17,1232.3500,1238.0000,1216.9000,1236.0000
2000-11-20,1236.0000,1241.7500,1231.0500,1237.6000
2000-11-21,1236.9500,1237.8500,1224.3000,1235.0000
2000-11-22,1235.8500,1247.5000,1220.0500,1222.3500
2000-11-23,1221.2000,1223.0500,1209.8500,1216.0000
2000-11-24,1216.0500,1230.0000,1216.0500,1225.2000
2000-11-27,1225.4000,1254.4500,1225.3500,1252.9000
2000-11-28,1252.9000,1275.4500,1248.9000,1272.7500
2000-11-29,1272.2500,1281.0000,1253.4500,1264.7500
2000-11-30,1264.7500,1272.1000,1258.4000,1268.1500
2000-12-01,1268.1000,1280.5000,1255.2000,1276.2000
2000-12-04,1276.2500,1290.0000,1273.6500,1275.6000
2000-12-05,1275.7000,1288.2000,1275.5000,1284.6500
2000-12-06,1284.8500,1319.8500,1284.8500,1298.5500
2000-12-07,1298.9000,1308.4500,1295.1000,1302.5000
2000-12-08,1303.3000,1317.2000,1303.3000,1313.7000
2000-12-11,1313.7000,1333.5000,1313.7000,1332.1500
2000-12-12,1332.2000,1341.7500,1327.6000,1333.3500
2000-12-13,1333.8000,1360.8000,1333.8000,1354.3000
2000-12-14,1354.4500,1369.5000,1346.1500,1349.3500
2000-12-15,1349.2500,1349.2500,1308.1500,1312.6000
2000-12-18,1310.1500,1321.6500,1297.2000,1317.6000
2000-12-19,1317.7500,1325.6000,1307.0000,1310.5000
2000-12-20,1312.8000,1313.4000,1285.4500,1295.2500
2000-12-21,1294.2500,1294.2500,1257.1000,1277.4000
2000-12-22,1278.9500,1292.8000,1237.3000,1242.0000
2000-12-26,1242.0500,1248.5000,1207.9500,1212.0000
2000-12-27,1212.1500,1239.0000,1208.7500,1228.3000
2000-12-28,1229.3500,1253.6000,1229.3500,1248.9500
2000-12-29,1249.0000,1265.9000,1242.2500,1263.5500
2001-01-01,1263.5000,1276.1500,1250.6500,1254.3000
2001-01-02,1254.2500,1279.6000,1248.5500,1271.8000
2001-01-03,1271.8000,1293.5500,1263.9500,1291.2500
2001-01-04,1291.3000,1331.3500,1291.3000,1307.6500
2001-01-05,1307.5500,1330.3000,1306.2500,1327.2500
2001-01-08,1327.3500,1334.2000,1303.3500,1309.2500
2001-01-09,1309.2000,1323.4000,1304.9000,1311.6500
2001-01-10,1311.6500,1324.3500,1285.3000,1287.3000
2001-01-11,1287.5000,1296.7500,1275.9500,1280.4000
2001-01-12,1280.4500,1298.8500,1279.4000,1286.7500
2001-01-15,1286.8500,1295.2000,1277.8500,1286.7500
2001-01-16,1287.0000,1302.6000,1279.8500,1293.0500
2001-01-17,1299.4000,1312.3500,1295.3000,1297.9000
2001-01-18,1297.9500,1309.9500,1297.9500,1305.9500
2001-01-19,1306.0000,1333.5000,1306.0000,1329.1000
2001-01-22,1329.3000,1351.8500,1329.3000,1348.0000
2001-01-23,1347.9500,1362.0500,1346.5000,1355.2000
2001-01-24,1355.3500,1371.1000,1355.3500,1365.9500
2001-01-25,1366.0500,1374.2000,1353.5000,1370.1000
2001-01-29,1368.5500,1368.5500,1312.1000,1342.0500
2001-01-30,1342.1000,1382.5500,1342.0500,1379.7000
2001-01-31,1385.8500,1396.0500,1369.0000,1371.7000
2001-02-01,1371.5000,1373.5000,1340.9500,1359.1500
2001-02-02,1359.1000,1384.9000,1355.3000,1378.8500
2001-02-05,1378.8000,1392.1500,1373.4500,1382.6000
2001-02-06,1382.7000,1395.4000,1382.7000,1387.1000
2001-02-07,1387.3000,1391.8500,1368.0500,1370.8000
2001-02-08,1370.6500,1396.8000,1365.0500,1395.5000
2001-02-09,1395.5500,1416.3000,1395.5500,1405.7000
2001-02-12,1405.7000,1416.4500,1397.6000,1402.2000
2001-02-13,1402.2000,1412.7000,1386.6500,1391.2000
2001-02-14,1393.1500,1396.3500,1380.6500,1393.3500
2001-02-15,1393.3500,1421.0000,1393.3500,1416.7000
2001-02-16,1415.8500,1422.9500,1376.1500,1381.3500
2001-02-19,1381.4000,1392.0500,1369.4500,1384.8000
2001-02-20,1384.8500,1392.8000,1380.4000,1383.8500
2001-02-21,1383.9000,1389.5500,1364.2500,1370.1000
2001-02-22,1370.0500,1370.0500,1335.6500,1355.1000
2001-02-23,1355.1000,1362.8000,1314.1000,1320.4500
2001-02-26,1320.9000,1325.2000,1299.0500,1312.4000
2001-02-27,1312.4500,1324.0000,1281.9000,1295.5500
2001-02-28,1295.3000,1362.2500,1294.6000,1351.4000
2001-03-01,1351.7500,1399.5500,1345.0500,1358.0500
2001-03-02,1360.2500,1386.7500,1301.8000,1306.3500
2001-03-05,1304.8500,1316.4500,1259.1000,1271.4500
2001-03-07,1272.8000,1311.1000,1249.4500,1290.5000
2001-03-08,1290.8500,1307.9500,1279.3000,1292.8500
2001-03-09,1292.7000,1292.7000,1219.3500,1254.7500
2001-03-12,1253.2500,1253.2500,1193.9500,1197.9500
2001-03-13,1197.8500,1201.1500,1098.7500,1124.7000
2001-03-14,1125.1500,1200.2500,1114.6000,1194.2000
2001-03-15,1191.6000,1219.7000,1170.7000,1217.1500
2001-03-16,1216.9000,1233.4000,1179.6000,1193.5500
2001-03-19,1192.8500,1201.7000,1173.1500,1186.7000
2001-03-20,1186.8000,1193.3500,1162.3500,1170.9500
2001-03-21,1168.8000,1212.2000,1156.1500,1207.1000
2001-03-22,1206.4500,1218.3500,1184.9500,1187.5500
2001-03-23,1187.6000,1196.5500,1139.6500,1161.3000
2001-03-26,1159.8500,1165.6500,1147.5000,1161.5000
2001-03-27,1161.6000,1182.7000,1157.2500,1177.7500
2001-03-28,1177.5500,1209.6000,1177.5500,1206.2000
2001-03-29,1204.9000,1210.1000,1185.0000,1195.1000
2001-03-30,1195.0500,1195.2500,1144.6500,1148.2000
2001-04-02,1148.1000,1148.1000,1094.3500,1138.1000
2001-04-03,1136.6500,1153.1000,1128.1000,1149.2500
2001-04-04,1146.1000,1146.1500,1120.3500,1136.6500
2001-04-06,1137.5500,1171.8500,1133.0500,1139.6000
2001-04-09,1137.6000,1138.5500,1116.1000,1128.3500
2001-04-10,1129.1000,1129.7500,1093.0500,1103.0500
2001-04-11,1104.9000,1116.8500,1056.1000,1066.8000
2001-04-12,1066.7500,1066.7500,1001.8000,1024.9000
2001-04-16,1024.0000,1049.4000,1000.1000,1044.6000
2001-04-17,1044.8500,1072.9000,1037.7000,1067.0000
2001-04-18,1066.5000,1106.3000,1063.0500,1103.4000
2001-04-19,1103.6000,1159.3000,1103.6000,1144.4500
2001-04-20,1145.7500,1156.4500,1120.6000,1144.0000
2001-04-23,1144.0500,1162.0500,1137.3000,1149.7500
2001-04-24,1149.6000,1149.6000,1128.4000,1146.3000
2001-04-25,1146.5000,1162.8500,1142.3000,1155.3500
2001-04-26,1155.4000,1170.2000,1138.8500,1143.7500
2001-04-27,1143.6500,1143.6500,1078.1000,1101.3000
2001-04-30,1101.4500,1127.9000,1101.4500,1125.2500
2001-05-02,1125.4500,1150.6500,1125.2500,1137.2000
2001-05-03,1137.1500,1139.8500,1117.7000,1122.0500
2001-05-04,1121.4500,1131.9500,1113.6500,1130.0500
2001-05-07,1130.0500,1145.4000,1130.0500,1139.2000
2001-05-08,1139.2500,1151.9500,1138.2000,1148.9500
2001-05-09,1149.9000,1164.3000,1145.2500,1149.2500
2001-05-10,1149.1000,1151.6000,1139.2500,1144.9500
2001-05-11,1144.1000,1146.8500,1136.9000,1140.5000
2001-05-14,1140.4500,1146.2500,1134.0500,1140.8000
2001-05-15,1140.7500,1147.7500,1096.2500,1145.3000
2001-05-16,1147.1000,1163.1500,1146.0500,1151.1500
2001-05-17,1151.2000,1179.0000,1150.6000,1174.9500
2001-05-18,1175.0000,1187.6500,1169.2000,1172.8000
2001-05-21,1172.9500,1182.6500,1166.7000,1169.4500
2001-05-22,1169.5000,1176.2000,1165.6500,1168.1000
2001-05-23,1168.2500,1181.8000,1167.0000,1179.1000
2001-05-24,1179.1000,1190.1500,1177.5500,1181.8500
2001-05-25,1181.9500,1188.5000,1171.3500,1174.9000
2001-05-28,1174.9500,1194.5000,1174.4500,1193.2000
2001-05-29,1193.2500,1202.0500,1193.2500,1198.4500
2001-05-30,1199.5000,1207.0000,1173.7500,1177.5500
2001-05-31,1177.5000,1177.5000,1154.9000,1167.9000
2001-06-01,1168.1000,1175.8000,1146.9000,1148.0500
2001-06-04,1148.0000,1154.4500,1125.3500,1127.2000
2001-06-05,1127.1500,1130.6500,1106.8000,1115.6000
2001-06-06,1117.5000,1132.9500,1114.0000,1115.7000
2001-06-07,1115.0500,1116.1000,1095.4500,1112.3500
2001-06-08,1112.4500,1128.9000,1112.4500,1126.6000
2001-06-11,1126.5500,1134.8000,1122.3500,1131.1000
2001-06-12,1131.0500,1133.3000,1121.8000,1127.1500
2001-06-13,1127.1000,1132.9500,1126.9000,1129.0000
2001-06-14,1128.9500,1128.9500,1110.1500,1112.7500
2001-06-15,1112.7000,1112.7000,1084.2000,1087.7500
2001-06-18,1087.7500,1087.7500,1064.4000,1078.3000
2001-06-19,1078.2500,1099.7000,1075.4500,1096.6500
2001-06-20,1096.3500,1100.5500,1084.7000,1097.6000
2001-06-21,1097.9000,1102.4500,1090.2500,1095.2000
2001-06-22,1095.8500,1097.8000,1081.3000,1087.6500
2001-06-25,1087.1000,1087.1000,1064.4000,1067.0000
2001-06-26,1066.4000,1099.8000,1060.0500,1096.6000
2001-06-27,1096.6000,1102.8000,1086.7500,1096.1000
2001-06-28,1095.8500,1101.0000,1090.2000,1094.0000
2001-06-29,1094.0500,1114.3500,1091.0500,1107.9000
2001-07-02,1108.3500,1119.5500,1097.9500,1100.7500
2001-07-03,1097.4000,1097.4000,1066.0500,1069.8000
2001-07-04,1068.0500,1074.6000,1062.2000,1067.9500
2001-07-05,1068.3500,1079.3500,1066.9500,1069.7500
2001-07-06,1069.1500,1069.1500,1059.6000,1065.1000
2001-07-09,1064.8000,1064.8000,1052.1000,1059.5000
2001-07-10,1059.9500,1078.1000,1059.2500,1072.0500
2001-07-11,1072.1500,1088.5000,1068.3500,1083.6500
2001-07-12,1083.8000,1109.0000,1083.8000,1105.5000
2001-07-13,1105.7000,1127.1500,1103.3000,1110.4500
2001-07-16,1110.3500,1116.7000,1102.4500,1105.5500
2001-07-17,1103.5500,1106.0500,1092.5000,1103.1000
2001-07-18,1103.1000,1108.4500,1088.1000,1091.9500
2001-07-19,1091.3500,1091.3500,1079.5500,1085.9000
2001-07-20,1085.9500,1089.9500,1072.7500,1077.7000
2001-07-23,1076.1500,1076.1500,1063.4000,1070.6500
2001-07-24,1065.9500,1074.7500,1064.5000,1072.5500
2001-07-25,1072.4500,1073.9500,1062.1500,1064.2000
2001-07-26,1063.9000,1066.5500,1050.1500,1053.4000
2001-07-27,1053.2000,1061.2000,1046.9000,1051.7000
2001-07-30,1051.4500,1062.8000,1050.9000,1061.4500
2001-07-31,1061.4500,1076.3500,1053.6000,1072.8500
2001-08-01,1073.0000,1077.7000,1059.7500,1063.1500
2001-08-02,1064.2500,1070.0500,1059.5500,1066.0000
2001-08-03,1066.4000,1077.5500,1066.2000,1074.6000
2001-08-06,1074.2000,1082.4000,1072.5500,1075.2500
2001-08-07,1074.3500,1079.3000,1070.2000,1072.1000
2001-08-08,1071.7500,1072.1000,1059.5500,1068.0000
2001-08-09,1068.1000,1072.6000,1061.4000,1070.6500
2001-08-10,1070.6500,1076.7000,1069.0500,1071.1500
2001-08-13,1070.9500,1081.4000,1061.0500,1063.0000
2001-08-14,1063.0500,1076.6000,1062.2000,1075.5000
2001-08-16,1075.2000,1083.7000,1072.9500,1078.9500
2001-08-17,1079.0000,1084.0000,1067.6000,1069.2000
2001-08-20,1062.5000,1067.9500,1061.0000,1063.7500
2001-08-21,1063.6500,1071.2000,1062.3000,1068.7000
2001-08-23,1068.7000,1079.0000,1065.7000,1071.5000
2001-08-24,1071.5000,1076.7000,1064.9000,1069.1500
2001-08-27,1064.0500,1078.3500,1064.0500,1072.5500
2001-08-28,1072.3500,1076.8500,1069.6000,1070.6500
2001-08-29,1070.5500,1074.5000,1066.4500,1067.4500
2001-08-30,1068.3000,1070.2500,1061.9000,1064.1500
2001-08-31,1064.1000,1064.1000,1051.7500,1053.7500
2001-09-03,1054.6500,1059.9000,1046.3500,1048.0500
2001-09-04,1048.2000,1053.2500,1043.3000,1048.2000
2001-09-05,1047.2500,1051.5500,1043.3000,1045.0000
2001-09-06,1047.7000,1048.2000,1033.4000,1036.1000
2001-09-07,1036.3500,1037.3500,1026.4500,1035.2000
2001-09-10,1035.0000,1045.3000,1031.4500,1033.4000
2001-09-11,1033.3500,1037.4500,1020.7000,1023.4000
2001-09-12,1023.2500,1023.2500,957.9500,982.2000
2001-09-13,982.2000,993.0500,969.0000,971.7000
2001-09-14,972.0500,974.5000,902.7000,919.7000
2001-09-17,916.1500,916.1500,861.0500,872.2500
2001-09-18,872.1500,910.3500,868.5000,900.2000
2001-09-19,899.7000,915.0000,899.7000,912.2000
2001-09-20,910.2000,910.3500,873.7000,898.8000
2001-09-21,903.7500,903.7500,849.9500,854.2000
2001-09-24,853.0000,878.6000,853.0000,869.0500
2001-09-25,869.1500,893.3500,858.8500,861.4000
2001-09-26,861.3500,877.0000,859.2000,873.7000
2001-09-27,873.1500,893.0500,868.3000,890.0000
2001-09-28,891.7500,922.5500,891.0000,913.8500
2001-10-01,914.6500,919.2000,905.5000,910.1000
2001-10-03,910.0500,915.0500,896.2500,899.6500
2001-10-04,899.6500,914.2500,899.6500,911.6500
2001-10-05,911.6000,919.7500,903.0500,914.6000
2001-10-08,911.2000,913.0500,884.6500,901.9500
2001-10-09,903.0000,914.3000,902.5500,912.7000
2001-10-10,915.5000,942.8000,912.9000,940.3500
2001-10-11,940.4500,959.7500,940.4500,954.9000
2001-10-12,958.4000,969.9000,956.8500,960.4000
2001-10-15,963.6500,966.1500,954.3500,963.4000
2001-10-16,963.4000,973.2500,962.5000,971.2500
2001-10-17,971.9500,989.0500,971.9500,986.2500
2001-10-18,984.2000,984.5000,969.3500,972.0500
2001-10-19,972.2000,981.0000,970.8500,976.6500
2001-10-22,980.0500,994.1500,973.2000,976.4000
2001-10-23,976.7500,994.1500,976.5500,993.2000
2001-10-24,992.9500,1000.9500,987.4000,991.2000
2001-10-25,991.2500,998.0000,979.9500,983.2000
2001-10-29,983.1500,996.6000,974.0500,977.4500
2001-10-30,977.3500,977.3500,960.5000,963.1000
2001-10-31,962.8500,976.4000,959.3500,971.9000
2001-11-01,973.5500,997.3000,973.5500,994.0000
2001-11-02,994.2500,1009.5500,991.9500,997.6000
2001-11-05,997.2500,1001.3000,987.8500,991.0500
2001-11-06,991.2000,1007.4000,991.1500,1001.9000
2001-11-07,1001.9500,1014.1000,984.4500,987.5000
2001-11-08,987.5000,1001.1500,985.7500,997.7000
2001-11-09,999.1000,1008.9500,999.1000,1004.0500
2001-11-12,1004.5500,1014.2500,1003.6000,1010.9000
2001-11-13,1010.9500,1013.2500,999.8500,1005.4000
2001-11-14,1005.4500,1017.2000,1004.7000,1015.8000
2001-11-15,1016.0500,1038.3500,1015.1500,1035.7000
2001-11-19,1034.2000,1072.0000,1032.8500,1068.1500
2001-11-20,1067.3000,1082.4000,1046.1500,1050.2000
2001-11-21,1050.4000,1064.8500,1046.3000,1056.3500
2001-11-22,1056.4500,1075.9000,1056.4500,1062.4500
2001-11-23,1063.0500,1075.0500,1057.3000,1059.0000
2001-11-26,1059.2500,1084.6500,1059.2500,1080.6000
2001-11-27,1087.6000,1097.6000,1071.0500,1076.0500
2001-11-28,1076.1500,1082.3000,1067.6500,1070.8000
2001-11-29,1070.3000,1071.0000,1063.0000,1067.1500
2001-12-03,1067.2000,1074.5000,1063.2500,1065.4000
2001-12-04,1066.0500,1082.6000,1065.6500,1077.7000
2001-12-05,1077.9500,1107.1500,1077.9500,1104.5500
2001-12-06,1105.1000,1132.6500,1105.1000,1110.4500
2001-12-07,1110.9000,1122.6500,1109.6500,1112.3000
2001-12-10,1112.1500,1123.5500,1112.1500,1115.2500
2001-12-11,1112.1500,1122.8500,1107.7000,1110.2000
2001-12-12,1110.6500,1121.5500,1104.7500,1107.6500
2001-12-13,1107.7500,1114.1500,1069.9500,1098.7500
2001-12-14,1098.6500,1102.9000,1082.7500,1087.8500
2001-12-18,1089.9000,1098.0000,1071.3500,1082.3000
2001-12-19,1082.5000,1086.3500,1057.1000,1060.7500
2001-12-20,1060.4500,1064.8000,1047.5000,1062.0000
2001-12-21,1061.8000,1061.8000,1043.6500,1050.8500
2001-12-24,1051.0000,1055.0000,1032.6000,1048.5000
2001-12-26,1048.9000,1058.3000,1030.5000,1034.2500
2001-12-27,1033.8500,1037.7000,1017.3500,1020.0000
2001-12-28,1019.9000,1036.3500,1010.4500,1033.8000
2001-12-31,1033.9000,1062.3000,1033.9000,1059.0500
2002-01-01,1058.8500,1071.1500,1052.0500,1055.3000
2002-01-02,1054.9500,1065.2500,1054.1000,1060.7500
2002-01-03,1063.4500,1074.8500,1062.9000,1072.2500
2002-01-04,1072.4000,1099.2500,1072.4000,1096.2000
2002-01-07,1093.0500,1111.5500,1093.0500,1100.1500
2002-01-08,1100.5500,1114.5500,1097.9000,1109.9000
2002-01-09,1110.0000,1119.4000,1098.7000,1102.8000
2002-01-10,1098.8000,1105.3500,1093.6000,1098.2000
2002-01-11,1098.1500,1105.9000,1073.4500,1088.5500
2002-01-14,1089.4500,1118.5000,1089.4500,1109.8000
2002-01-15,1109.4500,1112.6000,1090.2000,1094.1500
2002-01-16,1094.1500,1104.8000,1085.3000,1090.3000
2002-01-17,1090.2500,1116.0500,1078.9500,1109.2000
2002-01-18,1109.5500,1121.7500,1089.0500,1093.1500
2002-01-21,1093.2500,1099.8000,1082.6500,1091.3500
2002-01-22,1091.3500,1099.0000,1090.0000,1092.8500
2002-01-23,1092.8500,1096.9500,1087.5000,1089.4000
2002-01-24,1089.6000,1098.6000,1081.7000,1085.3000
2002-01-25,1085.8500,1089.7000,1077.0000,1080.1000
2002-01-28,1083.2500,1088.7500,1068.7000,1071.3500
2002-01-29,1071.3500,1076.4500,1068.8500,1071.6500
2002-01-30,1072.8500,1072.8500,1058.8000,1067.4500
2002-01-31,1067.6500,1082.0000,1067.6500,1075.4000
2002-02-01,1076.9500,1088.0500,1076.9500,1081.6500
2002-02-04,1083.0500,1086.9500,1074.1500,1076.9000
2002-02-05,1076.2500,1081.2000,1069.4000,1074.2500
2002-02-06,1074.4000,1117.1000,1074.0000,1113.1000
2002-02-07,1114.8500,1130.9500,1104.3000,1110.4500
2002-02-08,1112.8000,1131.8500,1104.4500,1123.7500
2002-02-11,1124.8500,1144.1500,1124.8500,1131.5500
2002-02-12,1131.9500,1143.3000,1125.5500,1129.5000
2002-02-13,1129.8000,1142.3000,1129.6000,1135.1000
2002-02-14,1135.5000,1151.6500,1133.8500,1150.0000
2002-02-15,1150.6500,1164.1000,1150.3000,1159.9500
2002-02-18,1159.8500,1177.0500,1156.7000,1172.8500
2002-02-19,1172.8500,1178.1000,1155.1000,1158.9000
2002-02-20,1158.4500,1158.4500,1134.6500,1145.9500
2002-02-21,1146.0500,1158.0500,1146.0500,1149.8500
2002-02-22,1149.8500,1165.7000,1145.5000,1163.5000
2002-02-25,1163.6500,1167.6000,1155.4500,1165.4500
2002-02-26,1165.7500,1192.6500,1165.7500,1189.4000
2002-02-27,1190.1500,1205.9500,1180.0000,1189.2000
2002-02-28,1189.6000,1197.0000,1135.2000,1142.0500
2002-03-01,1142.0500,1181.2500,1135.4500,1178.0000
2002-03-04,1178.4500,1201.1000,1172.3000,1177.3500
2002-03-05,1176.4000,1193.1000,1175.1500,1178.5000
2002-03-06,1176.5500,1182.6500,1162.7500,1172.6000
2002-03-07,1173.6000,1195.2000,1173.6000,1193.0500
2002-03-08,1193.6000,1199.6000,1182.5500,1187.6500
2002-03-11,1187.5000,1192.7500,1164.5500,1167.8500
2002-03-12,1167.8500,1171.2000,1144.3000,1150.4500
2002-03-13,1150.2000,1165.4000,1143.5500,1157.0500
2002-03-14,1156.8500,1163.6500,1153.1500,1159.4500
2002-03-15,1159.6000,1173.7500,1159.6000,1169.7500
2002-03-18,1169.9500,1184.7000,1163.7500,1169.3000
2002-03-19,1169.4000,1170.8000,1150.3000,1152.1500
2002-03-20,1152.0500,1158.9500,1148.5000,1155.6000
2002-03-21,1155.5500,1155.5500,1141.0500,1144.2000
2002-03-22,1144.5000,1148.6500,1135.9000,1138.4500
2002-03-26,1138.1000,1140.2000,1117.8500,1123.0500
2002-03-27,1130.0000,1134.1000,1121.3500,1123.3500
2002-03-28,1123.6000,1138.4500,1123.6000,1129.5500
2002-04-01,1129.8500,1143.3000,1129.8500,1138.9500
2002-04-02,1138.8000,1147.3000,1132.3000,1136.9500
2002-04-03,1136.6000,1136.9000,1121.4500,1123.5000
2002-04-04,1124.0500,1149.6500,1123.9000,1145.9000
2002-04-05,1146.0500,1153.3000,1139.9000,1141.9500
2002-04-08,1141.9000,1147.9000,1134.0000,1135.2500
2002-04-09,1135.1500,1137.4500,1122.1000,1126.7000
2002-04-10,1126.7000,1140.2500,1125.7500,1138.5000
2002-04-11,1138.5500,1150.2000,1138.5500,1143.6000
2002-04-12,1143.2500,1151.5500,1138.6500,1146.5000
2002-04-15,1146.5500,1152.5500,1130.4500,1134.1500
2002-04-16,1130.8000,1133.5000,1116.6500,1118.7500
2002-04-17,1119.0000,1136.6000,1118.9500,1125.1000
2002-04-18,1125.2500,1135.0000,1123.8000,1129.0000
2002-04-19,1125.5500,1127.0500,1097.6000,1100.3000
2002-04-22,1100.5000,1107.2000,1088.0500,1104.1500
2002-04-23,1104.0000,1108.8000,1095.0000,1106.0000
2002-04-24,1106.2500,1116.8500,1105.7000,1110.6000
2002-04-25,1110.6500,1113.8500,1089.0000,1094.3000
2002-04-26,1094.2500,1103.3500,1094.1000,1097.4000
2002-04-29,1097.5500,1098.6500,1073.3000,1074.2000
2002-04-30,1074.2500,1085.7500,1073.4000,1084.5000
2002-05-02,1084.8000,1101.1000,1084.8000,1093.3000
2002-05-03,1093.4000,1098.6000,1091.5000,1096.9500
2002-05-06,1096.9500,1102.0500,1096.2500,1100.9500
2002-05-07,1100.9000,1111.8500,1096.6500,1110.7000
2002-05-08,1110.7000,1122.7000,1110.7000,1117.6000
2002-05-09,1117.7000,1136.5500,1117.7000,1127.6000
2002-05-10,1127.0500,1127.3000,1111.1500,1116.4000
2002-05-13,1116.8000,1121.9500,1114.2000,1119.6500
2002-05-14,1119.9500,1125.9500,1111.4500,1115.1000
2002-05-15,1115.1500,1121.5000,1102.6500,1107.8000
2002-05-16,1108.2500,1111.2500,1089.8500,1092.8000
2002-05-17,1092.8000,1099.7500,1079.9500,1090.6500
2002-05-20,1091.7000,1097.9500,1071.3500,1074.3500
2002-05-21,1074.7500,1074.8500,1028.2500,1049.2000
2002-05-22,1049.5000,1050.9000,1035.5000,1045.3000
2002-05-23,1045.2000,1045.3500,1024.3000,1026.7500
2002-05-24,1026.9000,1069.2000,1026.9000,1067.0000
2002-05-27,1067.0000,1071.5000,1054.1000,1062.7000
2002-05-28,1061.9000,1062.3000,1034.1000,1038.2000
2002-05-29,1038.2000,1047.9500,1026.5000,1041.6500
2002-05-30,1041.4000,1049.9500,1030.1000,1032.1500
2002-05-31,1032.5000,1037.7000,1020.1000,1028.8000
2002-06-03,1029.2500,1047.2500,1029.2500,1039.7500
2002-06-04,1040.1500,1047.4000,1036.5500,1045.4000
2002-06-05,1045.5500,1067.5000,1045.0000,1064.2000
2002-06-06,1064.1500,1072.0000,1055.5000,1064.3500
2002-06-07,1063.7500,1063.7500,1044.3500,1048.8000
2002-06-10,1049.9500,1072.5000,1049.9500,1069.9000
2002-06-11,1070.9500,1099.5000,1070.5500,1097.0500
2002-06-12,1097.1500,1100.4500,1088.5000,1092.8000
2002-06-13,1093.0000,1102.0500,1080.8000,1082.8500
2002-06-14,1081.7500,1087.6000,1079.4500,1085.7000
2002-06-17,1085.8000,1097.5500,1085.7000,1088.9000
2002-06-18,1088.9000,1097.4000,1073.7500,1074.9500
2002-06-19,1074.7000,1079.2000,1056.4500,1062.9000
2002-06-20,1063.1000,1074.0000,1056.2500,1070.0500
2002-06-21,1069.5000,1069.8000,1058.9500,1062.5500
2002-06-24,1065.6000,1065.6000,1054.4500,1061.8500
2002-06-25,1061.9000,1063.3000,1048.5500,1055.4000
2002-06-26,1055.3500,1061.0500,1042.2000,1044.2000
2002-06-27,1044.5000,1053.7000,1044.0000,1048.5500
2002-06-28,1049.4000,1068.9000,1049.4000,1057.8000
2002-07-01,1058.0000,1070.1500,1058.0000,1068.9500
2002-07-02,1067.9000,1071.7000,1064.9500,1068.0500
2002-07-03,1067.8000,1074.0000,1065.5500,1069.9000
2002-07-04,1069.9500,1078.5500,1068.4000,1070.5500
2002-07-05,1071.0000,1076.2000,1067.4500,1073.8000
2002-07-08,1074.0000,1085.3000,1072.9000,1082.0500
2002-07-09,1081.9000,1083.6500,1077.5500,1080.3000
2002-07-10,1081.5500,1087.4000,1069.4500,1071.7000
2002-07-11,1070.9500,1070.9500,1055.3000,1056.6000
2002-07-12,1057.1000,1064.9000,1054.9000,1058.2500
2002-07-15,1057.9500,1058.4500,1043.3000,1048.0000
2002-07-16,1047.9000,1051.8500,1033.9500,1035.9500
2002-07-17,1035.9500,1037.5000,1025.0000,1032.5500
2002-07-18,1032.5500,1044.0000,1032.5500,1041.3000
2002-07-19,1041.3500,1041.5000,1032.2500,1035.9000
2002-07-22,1035.2000,1035.2000,1009.0000,1012.0000
2002-07-23,1012.0500,1023.6500,1005.7500,1021.9000
2002-07-24,1021.8000,1022.2000,1001.9000,1004.0500
2002-07-25,1004.2000,1021.3000,997.8500,1001.5500
2002-07-26,1001.0500,1001.0500,972.5500,973.5000
2002-07-29,973.0000,977.9500,953.1500,971.6500
2002-07-30,973.0000,987.5000,956.8000,960.6500
2002-07-31,960.3000,964.1000,943.6000,958.9000
2002-08-01,959.2000,972.0500,954.1500,957.7000
2002-08-02,957.5500,957.5500,935.5500,954.7500
2002-08-05,954.9000,966.5000,953.9000,963.2500
2002-08-06,963.3000,969.5500,955.4000,966.6500
2002-08-07,967.7000,978.6000,966.5500,969.1000
2002-08-08,969.1500,971.7500,951.2000,953.5500
2002-08-09,953.8000,963.8500,948.0000,961.9500
2002-08-12,961.1500,971.5500,961.1500,969.8500
2002-08-13,970.4000,977.2000,969.9000,976.0500
2002-08-14,976.0500,976.2500,967.2500,969.6500
2002-08-16,970.7500,981.2000,968.3500,979.2500
2002-08-19,979.4000,983.5500,978.2000,979.8500
2002-08-20,979.7500,990.8500,979.0500,988.5500
2002-08-21,988.6000,994.2500,984.3500,988.4500
2002-08-22,988.5500,995.3000,983.4500,985.7000
2002-08-23,985.7500,996.4000,984.7000,995.2000
2002-08-26,992.4000,1001.4500,986.1500,998.8500
2002-08-27,998.8500,1003.3000,985.7000,987.7000
2002-08-28,987.3500,988.1000,981.1000,985.7000
2002-08-29,985.8500,989.4000,981.4500,987.2500
2002-08-30,987.6500,1012.7500,986.7000,1010.6000
2002-09-02,1010.9000,1024.6500,1010.8500,1013.5000
2002-09-03,1013.6500,1014.8000,999.4000,1001.1000
2002-09-04,1000.7000,1008.8000,990.8500,1006.9500
2002-09-05,1006.9000,1013.4500,1004.2000,1008.6000
2002-09-06,1008.4500,1008.4500,992.7000,995.2000
2002-09-09,992.0500,1005.8500,985.2500,998.5500
2002-09-11,998.6000,1002.3500,993.3500,998.8500
2002-09-12,998.9500,1005.1500,998.8000,1001.6500
2002-09-13,1001.4000,1001.4000,989.8500,992.0000
2002-09-16,991.7500,997.0000,983.5500,985.7500
2002-09-17,985.7500,996.8000,985.7500,994.9000
2002-09-18,994.1500,994.1500,981.6000,983.6000
2002-09-19,983.4500,985.2500,970.8000,976.0500
2002-09-20,975.6000,975.6000,960.7000,969.6000
2002-09-23,969.8500,974.7500,967.3500,970.3000
2002-09-24,969.9500,969.9500,960.2000,966.2000
2002-09-25,964.6500,971.8500,960.5000,970.0500
2002-09-26,970.1000,976.2500,968.2500,969.9000
2002-09-27,969.9500,978.0000,969.2500,976.4500
2002-09-30,976.1500,976.1500,961.5500,963.1500
2002-10-01,961.1500,964.2000,950.3000,955.2000
2002-10-03,955.3500,957.9000,945.8000,948.2000
2002-10-04,948.1000,951.8000,944.5000,948.2000
2002-10-07,947.8000,956.3500,946.2500,954.7500
2002-10-08,954.8000,963.1500,952.5000,960.8000
2002-10-09,960.8500,968.7500,952.9500,954.7500
2002-10-10,954.8000,960.4500,945.0000,958.4500
2002-10-11,958.4500,973.5000,958.4500,971.0500
2002-10-14,971.5000,976.5000,969.0000,972.4500
2002-10-16,972.9000,983.6000,971.7000,973.6000
2002-10-17,973.7000,976.0500,966.5500,973.3000
2002-10-18,973.8000,982.5000,968.8000,971.6500
2002-10-21,971.7500,976.2000,965.6500,967.3500
2002-10-22,967.5000,976.3500,961.6500,962.5000
2002-10-23,962.9000,963.7500,955.4500,957.3500
2002-10-24,957.7000,959.8000,945.0000,946.9000
2002-10-25,946.8000,946.8000,929.2500,932.2000
2002-10-28,932.3500,934.9000,920.1000,922.7000
2002-10-29,922.5500,939.7000,921.6500,936.9000
2002-10-30,936.1500,944.3500,935.9000,937.7500
2002-10-31,937.3500,953.3000,937.0500,951.4000
2002-11-01,951.4500,956.9500,946.4000,951.4500
2002-11-04,951.6000,965.5000,951.6000,962.1000
2002-11-05,962.8500,963.7000,957.2000,962.3000
2002-11-07,962.3500,970.2000,957.9500,960.7000
2002-11-08,960.5000,960.9500,954.3500,956.9500
2002-11-11,957.5500,958.5500,952.1000,954.0500
2002-11-12,953.9000,960.8500,948.0500,959.8500
2002-11-13,960.3500,965.7500,956.9000,962.6500
2002-11-14,964.1500,974.1000,963.5000,971.9000
2002-11-15,972.3000,992.0500,972.3000,990.3500
2002-11-18,990.3500,1000.3000,989.0500,996.8500
2002-11-20,996.8500,1007.2000,992.3000,1001.6000
2002-11-21,1001.8000,1012.7500,1001.8000,1008.7500
2002-11-22,1009.5000,1026.0000,1009.5000,1020.1500
2002-11-25,1020.9000,1030.3500,1017.5000,1026.2000
2002-11-26,1026.4000,1040.4500,1026.0000,1036.1500
2002-11-27,1036.3500,1042.2000,1027.7000,1031.1000
2002-11-28,1031.2500,1051.7500,1031.2500,1049.7000
2002-11-29,1049.5500,1057.4500,1040.9500,1050.1500
2002-12-02,1050.1500,1070.1500,1050.1500,1067.9000
2002-12-03,1067.7000,1075.7500,1051.8000,1055.0000
2002-12-04,1055.7500,1055.7500,1034.1000,1036.4000
2002-12-05,1036.7500,1052.4500,1036.7500,1045.9500
2002-12-06,1047.5500,1072.2500,1047.5500,1069.8000
2002-12-09,1070.5000,1085.7500,1054.9500,1058.6500
2002-12-10,1058.3500,1066.1000,1045.6500,1063.7000
2002-12-11,1064.1000,1076.9500,1062.3000,1069.7500
2002-12-12,1069.9500,1078.8500,1066.8000,1077.0000
2002-12-13,1074.4500,1087.3500,1074.4500,1086.2000
2002-12-16,1089.0000,1100.0000,1075.5500,1078.4500
2002-12-17,1078.7000,1084.9500,1069.0000,1073.2500
2002-12-18,1073.2000,1083.6500,1072.8500,1077.9500
2002-12-19,1077.8500,1079.9000,1070.5000,1076.0000
2002-12-20,1075.4500,1084.9500,1075.4000,1079.3000
2002-12-23,1079.3000,1082.6000,1073.3500,1076.0000
2002-12-24,1075.9500,1087.0000,1072.6500,1085.0000
2002-12-26,1085.0500,1100.4000,1085.0500,1094.8000
2002-12-27,1095.6500,1103.9500,1095.6000,1098.4000
2002-12-30,1095.8000,1095.8000,1084.3500,1091.9500
2002-12-31,1091.8500,1100.1000,1091.7000,1093.5000
2003-01-01,1093.6000,1102.1000,1093.6000,1100.1500
2003-01-02,1100.5500,1105.6000,1091.2000,1093.0500
2003-01-03,1094.4500,1099.8500,1087.3000,1089.6000
2003-01-06,1089.7500,1093.0500,1081.2500,1084.3500
2003-01-07,1084.4000,1089.8500,1078.9500,1081.8000
2003-01-08,1082.4000,1091.4500,1082.3000,1089.3500
2003-01-09,1089.7500,1099.1500,1087.7500,1097.3500
2003-01-10,1097.6000,1103.2500,1077.4000,1080.2500
2003-01-13,1080.2500,1080.4000,1070.7500,1073.7500
2003-01-14,1072.7000,1080.8000,1070.3000,1078.9500
2003-01-15,1077.9000,1087.5000,1077.8000,1085.0000
2003-01-16,1085.0500,1091.3500,1083.9500,1088.3500
2003-01-17,1089.3000,1090.2500,1083.2000,1086.5000
2003-01-20,1086.2500,1087.0000,1074.2000,1076.3500
2003-01-21,1076.3000,1080.5000,1074.1000,1077.9000
2003-01-22,1078.4500,1086.2000,1073.6000,1082.9000
2003-01-23,1081.4000,1083.1500,1069.0500,1070.9000
2003-01-24,1070.6000,1075.2000,1053.4000,1056.0500
2003-01-27,1057.8000,1059.3500,1030.3500,1037.6500
2003-01-28,1036.3500,1047.9500,1026.7500,1046.2000
2003-01-29,1059.8000,1059.8000,1033.3000,1037.2000
2003-01-30,1037.1500,1050.5500,1031.3500,1034.6000
2003-01-31,1034.7500,1044.2500,1026.2000,1041.8500
2003-02-03,1040.2500,1056.6000,1036.5000,1055.3000
2003-02-04,1056.5500,1063.7000,1050.4500,1054.8000
2003-02-05,1054.3000,1054.6500,1041.7500,1047.4000
2003-02-06,1047.2500,1065.9500,1043.7000,1063.6000
2003-02-07,1063.7500,1065.8000,1055.5000,1057.5000
2003-02-10,1058.2000,1058.7500,1047.1500,1048.6000
2003-02-11,1048.6000,1055.8000,1044.5500,1048.0000
2003-02-12,1048.1500,1051.0000,1040.4000,1044.4500
2003-02-14,1044.4500,1047.0500,1034.1000,1036.0000
2003-02-17,1036.2000,1060.5000,1036.2000,1058.2000
2003-02-18,1058.9500,1065.1500,1057.6000,1059.3000
2003-02-19,1059.3000,1068.8000,1059.3000,1064.3000
2003-02-20,1064.1500,1071.7000,1058.3500,1065.6000
2003-02-21,1065.6000,1069.2000,1061.1000,1066.1500
2003-02-24,1066.2000,1075.5000,1066.2000,1070.1500
2003-02-25,1070.1000,1073.2500,1054.9000,1055.5500
2003-02-26,1055.6000,1059.6000,1048.2000,1049.6500
2003-02-27,1049.6000,1057.4500,1044.9000,1052.9500
2003-02-28,1053.6500,1068.6500,1053.6500,1063.4000
2003-03-03,1063.5500,1070.8500,1057.5500,1058.8500
2003-03-04,1058.7000,1058.7000,1045.2000,1046.6000
2003-03-05,1046.5500,1046.5500,1029.9000,1040.7000
2003-03-06,1040.3000,1040.7500,1029.5500,1031.2500
2003-03-07,1031.0500,1031.0500,1014.3000,1017.1000
2003-03-10,1017.1000,1021.5000,1004.3500,1006.7000
2003-03-11,1006.6500,1016.7000,998.9500,1014.5500
2003-03-12,1014.2500,1017.7500,1000.0500,1001.7000
2003-03-13,1001.5000,1006.4000,994.2000,999.6500
2003-03-17,999.7000,1000.8500,982.7000,993.0000
2003-03-19,993.3500,1011.4500,992.9000,1003.9000
2003-03-20,1003.4500,1028.9000,1001.7500,1025.2500
2003-03-21,1025.5500,1033.7000,1022.0500,1030.5500
2003-03-22,1030.6000,1039.8000,1030.6000,1037.1500
2003-03-24,1037.1500,1038.5500,1011.9500,1013.9000
2003-03-25,1013.5000,1013.5000,998.4000,1011.3000
2003-03-26,1011.5500,1019.9000,1004.8500,1013.8500
2003-03-27,1013.9000,1013.9000,999.6000,1002.7000
2003-03-28,1002.8000,1006.3000,996.7500,1000.6000
2003-03-31,1000.6000,1000.6000,974.1000,978.2000
2003-04-01,977.4000,992.0500,973.5000,984.3000
2003-04-02,984.4500,1002.1000,984.4500,999.4000
2003-04-03,999.5500,1010.7500,999.5500,1009.1500
2003-04-04,1009.1500,1018.2500,1002.7500,1016.9500
2003-04-07,1017.0500,1033.4500,1017.0500,1031.5000
2003-04-08,1032.0000,1032.0000,1016.6000,1018.1000
2003-04-09,1018.0000,1018.0000,1002.3000,1004.8500
2003-04-10,1003.8000,1003.8000,958.2000,962.2000
2003-04-11,958.9000,965.1500,935.7000,949.8000
2003-04-15,951.8000,964.2000,938.8000,951.2000
2003-04-16,950.6500,961.7500,949.0000,958.6500
2003-04-17,958.6500,958.6500,936.7000,940.7000
2003-04-21,941.5000,949.7000,941.5000,947.2000
2003-04-22,947.1000,951.4000,937.8500,943.5000
2003-04-23,943.7500,951.2000,931.5000,934.2000
2003-04-24,934.2000,943.1500,927.8000,929.7000
2003-04-25,929.4500,931.3500,921.1000,924.3000
2003-04-28,922.8500,931.0500,920.0000,929.5000
2003-04-29,929.7500,936.9000,929.7500,932.3000
2003-04-30,935.2500,935.5500,929.8500,934.0500
2003-05-02,930.9000,940.2000,930.8000,938.3000
2003-05-05,937.4500,948.9500,936.6500,945.4000
2003-05-06,945.8500,955.0000,943.2000,951.8500
2003-05-07,950.4000,956.6500,948.9000,950.1500
2003-05-08,950.1500,951.3000,938.7000,941.5500
2003-05-09,941.6000,941.6500,935.8000,937.8500
2003-05-12,938.5000,944.4500,934.0000,936.0000
2003-05-13,936.9000,945.8000,936.7000,944.2000
2003-05-14,944.2000,953.4500,943.1500,952.1500
2003-05-15,952.1500,961.6000,951.1500,959.8500
2003-05-16,959.8500,974.4000,959.8500,973.1000
2003-05-19,973.7000,979.8500,964.6000,966.5500
2003-05-20,964.6500,974.0500,959.8000,971.5500
2003-05-21,972.0500,980.7500,965.5500,968.0000
2003-05-22,967.9500,972.4000,960.0500,963.2500
2003-05-23,963.5000,972.9000,962.4000,967.9000
2003-05-26,967.8500,983.9000,967.1000,982.4500
2003-05-27,982.3500,990.0000,974.2500,976.8500
2003-05-28,977.6500,992.2500,977.5500,990.8000
2003-05-29,990.8000,1004.8500,989.5000,1002.6000
2003-05-30,1000.0500,1013.8500,994.6500,1006.8000
2003-06-02,1006.8500,1020.5000,1004.7000,1015.1500
2003-06-03,1015.9000,1016.9000,1007.6500,1010.6500
2003-06-04,1010.7000,1022.7500,1010.1000,1021.0500
2003-06-05,1021.1000,1038.3000,1021.1000,1035.0500
2003-06-06,1036.2000,1048.8500,1035.9500,1046.4000
2003-06-09,1046.0000,1057.0500,1039.8500,1052.1000
2003-06-10,1052.0000,1056.5500,1033.9500,1037.8000
2003-06-11,1038.0000,1048.2500,1035.0000,1044.1000
2003-06-12,1044.2000,1052.6000,1043.1000,1051.3000
2003-06-13,1050.9500,1059.4500,1050.9500,1056.2000
2003-06-16,1056.5000,1059.8000,1045.5500,1051.8000
2003-06-17,1052.3000,1083.2000,1052.3000,1081.9500
2003-06-18,1082.8000,1093.2000,1080.9000,1086.7500
2003-06-19,1085.9500,1097.0000,1078.9000,1092.5500
2003-06-20,1092.6500,1101.6000,1081.3500,1100.2500
2003-06-23,1100.6000,1106.1500,1087.6500,1089.2000
2003-06-24,1089.2000,1092.6500,1079.1000,1085.3500
2003-06-25,1085.6500,1109.7500,1084.3500,1106.6500
2003-06-26,1106.8000,1118.9000,1106.8000,1116.3500
2003-06-27,1117.4500,1126.8000,1109.3500,1125.5500
2003-06-30,1125.6000,1141.3000,1125.5000,1134.1500
2003-07-01,1133.9500,1139.0000,1125.7500,1130.7000
2003-07-02,1131.5500,1145.4000,1130.2000,1133.8000
2003-07-03,1133.8000,1150.7500,1126.3500,1144.6500
2003-07-04,1145.6000,1148.8500,1134.0000,1138.4500
2003-07-07,1138.9000,1145.7500,1134.6000,1140.5500
2003-07-08,1141.4500,1153.1500,1141.3000,1145.9000
2003-07-09,1146.3500,1155.3000,1137.1500,1141.0500
2003-07-10,1146.0000,1163.6000,1146.0000,1162.3500
2003-07-11,1162.3000,1170.7500,1157.4500,1161.6500
2003-07-14,1161.2000,1173.9500,1161.2000,1171.5000
2003-07-15,1171.5000,1175.5500,1148.8000,1159.8500
2003-07-16,1158.7000,1170.4500,1148.6000,1168.7500
2003-07-17,1168.8500,1175.9500,1145.6500,1152.0000
2003-07-18,1151.8500,1162.6000,1130.4500,1140.0000
2003-07-21,1140.0000,1146.4000,1112.5500,1115.8000
2003-07-22,1115.3500,1118.2500,1089.3000,1109.2000
2003-07-23,1109.6000,1124.7000,1109.6000,1119.0500
2003-07-24,1119.9500,1144.3500,1118.5500,1139.4500
2003-07-25,1135.5000,1164.7000,1135.0500,1162.7500
2003-07-28,1163.2500,1180.6000,1163.2500,1169.2000
2003-07-29,1169.2500,1177.2500,1154.8000,1174.7500
2003-07-30,1175.3000,1187.7000,1168.4500,1183.0000
2003-07-31,1183.3000,1198.5000,1181.9000,1185.8500
2003-08-01,1185.8000,1198.8000,1180.3000,1195.7500
2003-08-04,1196.0500,1206.1000,1185.9500,1203.6000
2003-08-05,1203.9000,1218.5000,1181.0000,1184.4500
2003-08-06,1184.1000,1191.0500,1164.7500,1171.0500
2003-08-07,1170.7500,1199.7000,1170.7500,1196.9500
2003-08-08,1199.7000,1224.5000,1199.7000,1222.6500
2003-08-11,1222.6000,1240.3500,1215.7500,1232.8500
2003-08-12,1233.9500,1249.3500,1229.8000,1234.7500
2003-08-13,1235.3500,1249.3500,1229.3000,1246.9000
2003-08-14,1247.0000,1260.3500,1243.4000,1247.7500
2003-08-18,1247.9000,1285.7000,1247.9000,1281.4000
2003-08-19,1286.0500,1307.6000,1268.1000,1277.7000
2003-08-20,1280.8000,1292.9500,1280.8000,1287.4000
2003-08-21,1288.2000,1304.1500,1287.0000,1300.9500
2003-08-22,1301.5000,1319.4500,1298.8000,1311.1500
2003-08-25,1311.9500,1332.5500,1245.8500,1271.1000
2003-08-26,1270.2000,1322.9500,1269.5000,1318.2000
2003-08-27,1318.7500,1346.3000,1318.7500,1340.3000
2003-08-28,1340.2000,1349.0000,1328.3500,1341.0500
2003-08-29,1341.2000,1365.8000,1340.8000,1356.5500
2003-09-01,1356.7000,1379.4000,1356.6500,1375.9500
2003-09-02,1375.9500,1388.9500,1366.9000,1385.4500
2003-09-03,1387.2000,1394.9500,1353.6000,1359.3500
2003-09-04,1358.9000,1382.6000,1355.8000,1372.7000
2003-09-05,1373.0000,1400.9000,1372.7500,1398.4000
2003-09-08,1398.4000,1420.2500,1398.3500,1417.3500
2003-09-09,1417.8000,1430.7000,1397.6500,1407.0500
2003-09-10,1407.0000,1414.1000,1389.6500,1409.5500
2003-09-11,1409.6500,1422.4000,1399.6000,1403.1500
2003-09-12,1405.5500,1415.6500,1367.1500,1372.1000
2003-09-15,1371.7500,1371.8500,1322.6500,1329.2500
2003-09-16,1330.1500,1362.1000,1299.5000,1357.9500
2003-09-17,1357.9500,1377.4500,1332.2000,1341.6000
2003-09-18,1341.4500,1342.6000,1299.2500,1302.3500
2003-09-19,1303.2000,1331.0500,1285.2500,1322.1500
2003-09-22,1319.2500,1333.5500,1300.2500,1302.9000
2003-09-23,1302.8500,1333.7000,1290.5500,1328.2000
2003-09-24,1324.8500,1373.9000,1322.6500,1372.0500
2003-09-25,1371.4500,1377.2500,1352.8000,1357.2000
2003-09-26,1357.5500,1389.3000,1357.3500,1386.9500
2003-09-29,1386.9000,1422.3500,1386.1000,1399.9500
2003-09-30,1400.7000,1418.1000,1399.8000,1417.1000
2003-10-01,1416.6000,1430.9000,1407.9500,1420.8500
2003-10-03,1420.8500,1451.2000,1420.8500,1449.3000
2003-10-06,1449.4500,1481.0500,1423.7500,1478.9000
2003-10-07,1478.9500,1498.4500,1467.7500,1477.8500
2003-10-08,1477.8500,1493.0500,1460.6000,1478.6000
2003-10-09,1487.8500,1505.0500,1478.4000,1502.1000
2003-10-10,1507.1000,1527.2500,1505.1000,1523.1000
2003-10-13,1523.3500,1550.9000,1516.0500,1546.7500
2003-10-14,1548.7000,1562.8500,1513.7500,1520.8000
2003-10-15,1521.4500,1543.8500,1503.0000,1537.0000
2003-10-16,1537.3000,1563.4000,1537.3000,1555.7000
2003-10-17,1565.2000,1574.1000,1552.1500,1569.4500
2003-10-20,1569.7000,1574.1000,1536.5000,1542.7000
2003-10-21,1546.2000,1549.6500,1496.9500,1506.5000
2003-10-22,1506.7500,1522.6500,1483.0000,1494.1000
2003-10-23,1494.7500,1503.0000,1466.2500,1470.4500
2003-10-24,1485.8000,1512.5500,1434.7500,1506.0500
2003-10-25,1506.0500,1533.0500,1506.0500,1521.9500
2003-10-27,1522.0500,1524.0500,1482.0000,1485.3000
2003-10-28,1485.4500,1500.8000,1471.3000,1481.7500
2003-10-29,1481.3000,1501.7000,1477.1000,1498.4500
2003-10-30,1499.2500,1524.2500,1495.8000,1516.8500
2003-10-31,1517.1000,1559.7500,1515.5500,1555.9000
2003-11-03,1556.5000,1605.6000,1556.5000,1601.6500
2003-11-04,1601.3000,1626.4000,1601.3000,1618.7000
2003-11-05,1618.7000,1627.6000,1592.5500,1609.1500
2003-11-06,1610.5500,1630.2500,1605.4000,1612.2000
2003-11-07,1612.1000,1624.5000,1585.3500,1592.0500
2003-11-10,1603.5500,1603.6500,1568.1000,1594.5000
2003-11-11,1594.5000,1608.8500,1590.9500,1601.1500
2003-11-12,1601.3000,1617.7500,1598.0000,1603.8000
2003-11-13,1610.4000,1616.1500,1573.6000,1579.9500
2003-11-14,1577.2000,1580.3000,1544.7500,1550.4500
2003-11-15,1549.6500,1571.3000,1542.0000,1562.8000
2003-11-17,1563.1000,1584.7500,1554.4000,1579.9000
2003-11-18,1579.1500,1591.2500,1557.2000,1564.4000
2003-11-19,1563.9500,1564.0000,1534.3500,1540.6000
2003-11-20,1542.8500,1558.1500,1517.9000,1522.3000
2003-11-21,1520.4000,1547.0000,1509.1500,1540.7000
2003-11-24,1541.3500,1554.0500,1536.5000,1543.9000
2003-11-25,1543.9500,1572.0500,1543.9500,1568.6500
2003-11-27,1568.8500,1602.6000,1568.7000,1598.3500
2003-11-28,1598.5500,1618.9500,1598.5500,1615.2500
2003-12-01,1615.8500,1660.5500,1615.7000,1657.6500
2003-12-02,1657.6500,1671.8500,1639.6500,1658.5000
2003-12-03,1660.7000,1676.2000,1655.9000,1670.5000
2003-12-04,1670.6500,1683.7500,1656.1000,1675.2000
2003-12-05,1675.5000,1688.2500,1642.0500,1645.8000
2003-12-08,1644.8500,1654.3500,1631.8500,1646.2500
2003-12-09,1646.4000,1677.9000,1646.4000,1675.8500
2003-12-10,1675.7500,1697.3000,1672.6500,1686.9000
2003-12-11,1688.3500,1701.7000,1678.3500,1695.4000
2003-12-12,1695.8000,1705.9500,1686.4500,1698.9000
2003-12-15,1699.7000,1728.0000,1699.7000,1723.9500
2003-12-16,1723.9000,1740.3000,1711.3000,1736.2500
2003-12-17,1736.3500,1746.2000,1725.4000,1733.2500
2003-12-18,1733.2000,1759.0000,1725.8500,1756.1000
2003-12-19,1757.0000,1783.7000,1755.4000,1778.5500
2003-12-22,1778.8500,1794.3000,1778.4000,1789.1500
2003-12-23,1789.1000,1800.9000,1751.0500,1780.3000
2003-12-24,1788.4500,1815.6000,1780.3000,1808.7000
2003-12-26,1804.7000,1840.3500,1804.7000,1837.0500
2003-12-29,1838.0500,1876.0000,1837.6500,1874.0500
2003-12-30,1878.9000,1914.4000,1858.5500,1873.2500
2003-12-31,1868.9000,1895.6500,1852.5000,1879.7500
2004-01-01,1880.3500,1917.0500,1880.3500,1912.2500
2004-01-02,1912.2500,1951.7000,1911.0500,1946.0500
2004-01-05,1946.3000,1969.2000,1930.7500,1955.0000
2004-01-06,1955.1000,1979.0500,1908.7500,1926.7000
2004-01-07,1927.9500,1930.9500,1888.1000,1916.7500
2004-01-08,1918.1000,1973.4500,1918.1000,1968.5500
2004-01-09,1969.0000,2014.6500,1957.4500,1971.9000
2004-01-12,1972.0000,1980.5500,1936.7500,1945.6000
2004-01-13,1944.7000,1967.8500,1926.1000,1963.6000
2004-01-14,1987.4000,1995.2000,1970.1000,1982.1500
2004-01-15,1983.2000,2000.3000,1933.2500,1944.4500
2004-01-16,1944.1500,1953.0500,1887.1000,1900.6500
2004-01-19,1901.9000,1943.1000,1874.9500,1935.3500
2004-01-20,1928.8000,1957.6500,1876.8500,1893.2500
2004-01-21,1895.4500,1899.5500,1811.3500,1824.6000
2004-01-22,1824.7000,1854.5500,1756.2500,1770.5000
2004-01-23,1771.1000,1858.5000,1771.1000,1847.5500
2004-01-27,1847.9000,1911.3000,1844.6500,1904.7000
2004-01-28,1903.9000,1918.4500,1846.3500,1863.1000
2004-01-29,1863.0000,1883.1000,1827.2500,1843.6000
2004-01-30,1843.7000,1860.4000,1804.3000,1809.7500
2004-02-03,1809.3000,1815.9500,1755.6500,1769.0000
2004-02-04,1769.1000,1829.6500,1761.7500,1822.2000
2004-02-05,1823.5000,1846.7500,1787.1500,1804.5000
2004-02-06,1804.3500,1837.9500,1797.9500,1833.6500
2004-02-09,1834.9000,1885.2000,1833.0500,1880.7000
2004-02-10,1880.8500,1897.0000,1861.6500,1880.7500
2004-02-11,1891.8000,1894.8000,1874.5000,1891.5000
2004-02-12,1892.2000,1906.1000,1869.2500,1885.3000
2004-02-13,1875.6000,1916.2000,1873.2500,1913.6000
2004-02-16,1914.4500,1929.5000,1909.4500,1913.5500
2004-02-17,1913.5500,1926.1500,1905.5000,1920.1000
2004-02-18,1920.0000,1935.8000,1912.6000,1916.4500
2004-02-19,1916.6500,1919.7000,1851.8000,1858.3000
2004-02-20,1858.2500,1872.8500,1831.1500,1852.6500
2004-02-23,1853.0000,1867.2500,1800.2000,1808.2000
2004-02-24,1808.4000,1826.8500,1780.3500,1821.3500
2004-02-25,1833.6500,1834.1000,1779.0000,1786.8000
2004-02-26,1787.4500,1818.6000,1760.5500,1765.8000
2004-02-27,1765.9000,1807.4500,1763.9500,1800.3000
2004-03-01,1798.3500,1856.4500,1795.3500,1852.7000
2004-03-03,1852.4500,1868.2500,1842.4500,1860.4000
2004-03-04,1859.3000,1867.9500,1831.2000,1843.8500
2004-03-05,1843.9000,1871.1000,1843.9000,1867.7000
2004-03-08,1868.1500,1891.9500,1867.9500,1885.2500
2004-03-09,1884.5000,1898.7000,1843.0000,1866.0500
2004-03-10,1866.3000,1866.4000,1835.8000,1844.3500
2004-03-11,1843.9500,1843.9500,1798.4500,1805.4000
2004-03-12,1805.2000,1820.9500,1775.9000,1812.2000
2004-03-15,1812.4500,1836.0000,1751.8000,1763.4000
2004-03-16,1763.3500,1769.5000,1730.1000,1749.3500
2004-03-17,1749.6000,1765.0500,1738.8500,1749.8500
2004-03-18,1750.0000,1754.9500,1708.3000,1716.6500
2004-03-19,1716.3000,1738.6000,1703.5500,1725.1000
2004-03-22,1726.3000,1726.3500,1678.4000,1685.0000
2004-03-23,1685.1500,1710.4500,1669.7000,1696.4000
2004-03-24,1697.4000,1700.6500,1676.4000,1692.1000
2004-03-25,1691.9500,1720.6500,1691.9500,1704.4500
2004-03-26,1704.4500,1755.4500,1703.8000,1747.5000
2004-03-29,1747.3500,1766.1500,1739.5000,1762.0500
2004-03-30,1762.1500,1775.4000,1746.2500,1750.1500
2004-03-31,1744.6000,1775.3000,1740.2000,1771.9000
2004-04-01,1771.4500,1823.0500,1771.4500,1819.6500
2004-04-02,1856.1000,1856.3000,1809.0000,1841.1000
2004-04-05,1841.1000,1878.8000,1840.0000,1856.6000
2004-04-06,1870.8000,1876.1500,1836.9000,1851.1500
2004-04-07,1856.4000,1865.2000,1833.9500,1848.7000
2004-04-08,1854.0000,1864.9500,1839.7000,1853.5500
2004-04-12,1860.3000,1873.7500,1828.9500,1838.2000
2004-04-13,1838.5000,1885.1500,1819.8000,1878.4500
2004-04-15,1878.5000,1884.5000,1855.0000,1861.9500
2004-04-16,1863.8500,1882.5500,1861.8000,1868.9500
2004-04-17,1869.2000,1875.9500,1864.9500,1868.1000
2004-04-19,1868.2000,1876.2000,1837.4000,1844.0500
2004-04-20,1844.4000,1851.0000,1832.0000,1844.2500
2004-04-21,1844.3500,1876.0000,1838.6000,1873.3500
2004-04-22,1873.5500,1894.6000,1871.0000,1889.5500
2004-04-23,1890.8500,1912.3500,1885.7500,1892.4500
2004-04-27,1890.0500,1893.1000,1814.0000,1817.2500
2004-04-28,1819.0000,1833.9500,1801.8000,1816.5500
2004-04-29,1816.7000,1818.9000,1793.1000,1808.9500
2004-04-30,1820.5500,1841.4500,1788.3000,1796.1000
2004-05-03,1796.1000,1801.4500,1742.8000,1766.7000
2004-05-04,1769.1000,1803.1500,1768.8000,1793.1000
2004-05-05,1789.4500,1814.3500,1788.1000,1809.9000
2004-05-06,1810.3000,1837.9500,1810.3000,1832.8000
2004-05-07,1832.8500,1833.1500,1796.9500,1804.4500
2004-05-10,1804.4000,1804.4000,1753.8000,1769.1000
2004-05-11,1768.7000,1768.7000,1692.9000,1699.4500
2004-05-12,1699.2500,1721.3500,1689.8500,1711.1000
2004-05-13,1707.9500,1750.3000,1625.1000,1717.5000
2004-05-14,1717.0500,1722.8000,1566.9500,1582.4000
2004-05-17,1582.5000,1583.8000,1292.2000,1388.7500
2004-05-18,1392.9500,1517.6000,1389.6500,1503.9500
2004-05-19,1508.0500,1576.0500,1508.0500,1567.8500
2004-05-20,1566.5000,1591.0500,1531.3000,1543.8500
2004-05-21,1545.0500,1566.1500,1498.1000,1560.2000
2004-05-24,1563.6500,1613.6000,1563.0500,1608.8500
2004-05-25,1608.9000,1621.4500,1566.4000,1606.7000
2004-05-26,1608.1500,1625.7000,1587.0000,1598.8000
2004-05-27,1590.1500,1606.0000,1576.0500,1586.4000
2004-05-28,1586.3500,1587.1000,1504.0000,1508.7500
2004-05-31,1507.0500,1509.0500,1456.2000,1483.6000
2004-06-01,1483.9000,1529.6000,1483.9000,1507.9000
2004-06-02,1508.0000,1543.3000,1508.0000,1535.2000
2004-06-03,1535.8000,1566.5000,1484.5000,1495.1000
2004-06-04,1494.8500,1527.0000,1480.8000,1521.1000
2004-06-07,1521.6000,1557.5000,1521.6000,1542.5500
2004-06-08,1542.6000,1557.0000,1526.4500,1550.5500
2004-06-09,1550.4500,1561.6000,1541.6000,1548.3000
2004-06-10,1547.7000,1552.7500,1535.0000,1544.7500
2004-06-11,1544.9500,1547.4000,1504.8000,1508.4500
2004-06-14,1508.1500,1509.6000,1474.6500,1481.3500
2004-06-15,1481.4500,1507.8500,1481.0000,1501.0000
2004-06-16,1500.9500,1525.2000,1490.4500,1494.7500
2004-06-17,1494.7000,1519.2000,1482.2000,1512.0500
2004-06-18,1511.9500,1515.0500,1485.0500,1491.2000
2004-06-21,1490.7500,1499.8000,1478.8500,1482.0000
2004-06-22,1482.8500,1489.6000,1467.6500,1474.7000
2004-06-23,1474.8000,1481.4500,1442.5500,1446.1000
2004-06-24,1445.3500,1474.3000,1437.9000,1470.7500
2004-06-25,1471.5000,1494.0000,1459.5500,1488.5000
2004-06-28,1488.6000,1516.9500,1488.6000,1514.3500
2004-06-29,1514.3500,1528.5000,1503.3000,1518.3000
2004-06-30,1518.7000,1532.1500,1501.7000,1505.6000
2004-07-01,1506.6500,1539.1500,1504.5500,1537.2000
2004-07-02,1537.0500,1547.6500,1516.1500,1537.5000
2004-07-05,1537.5500,1546.0000,1522.9000,1526.8500
2004-07-06,1526.6500,1561.0000,1524.1500,1558.2500
2004-07-07,1558.0500,1578.5000,1551.3500,1566.8000
2004-07-08,1567.2500,1586.5500,1504.5000,1518.1500
2004-07-09,1517.4500,1557.7500,1472.5500,1553.2000
2004-07-12,1548.6000,1562.8000,1537.7000,1556.9500
2004-07-13,1560.0000,1569.7500,1530.6000,1539.3000
2004-07-14,1535.1000,1552.2500,1519.3500,1522.7500
2004-07-15,1523.1000,1543.2500,1517.8000,1539.4000
2004-07-16,1538.1500,1562.0000,1533.6500,1558.8000
2004-07-19,1559.2000,1582.3500,1556.5500,1571.6000
2004-07-20,1571.7000,1581.0500,1555.5500,1566.1000
2004-07-21,1566.1500,1600.7000,1562.9000,1581.4000
2004-07-22,1581.6000,1609.5500,1580.9500,1598.1000
2004-07-23,1587.6000,1610.8500,1587.6000,1601.6000
2004-07-26,1602.1500,1620.3500,1584.6500,1618.0000
2004-07-27,1617.9500,1629.3500,1597.2000,1600.7500
2004-07-28,1600.8500,1609.4500,1586.1500,1594.1500
2004-07-29,1594.7000,1624.3000,1590.1500,1618.7000
2004-07-30,1618.9000,1638.7000,1609.9000,1632.3000
2004-08-02,1631.5500,1643.8000,1627.2500,1639.0500
2004-08-03,1639.9500,1648.3500,1626.3000,1630.6000
2004-08-04,1631.3000,1635.9500,1618.2000,1626.5500
2004-08-05,1626.4000,1656.2500,1626.4000,1654.9500
2004-08-06,1654.8500,1658.7000,1626.7000,1633.4000
2004-08-09,1633.2500,1644.4000,1617.0500,1642.6000
2004-08-10,1642.7500,1656.6000,1637.7000,1652.1500
2004-08-11,1652.1000,1658.9000,1616.8500,1621.6000
2004-08-12,1624.3000,1629.1500,1599.5000,1607.2000
2004-08-13,1598.2000,1612.7000,1591.6000,1598.2000
2004-08-16,1597.5000,1603.2000,1582.3500,1599.1500
2004-08-17,1624.0000,1628.4500,1597.4500,1604.3500
2004-08-18,1604.1500,1604.1500,1577.2500,1581.8000
2004-08-19,1581.9000,1612.5000,1581.9000,1609.2000
2004-08-20,1609.2000,1610.6000,1584.0500,1590.3500
2004-08-23,1590.9000,1595.5500,1573.7000,1578.2000
2004-08-24,1578.2000,1597.9000,1578.0500,1591.6000
2004-08-25,1592.2000,1598.5500,1586.3500,1595.7000
2004-08-26,1595.7500,1613.2500,1593.4500,1610.7500
2004-08-27,1610.8500,1617.2500,1600.1500,1609.0000
2004-08-30,1609.4500,1629.9000,1609.2000,1628.4500
2004-08-31,1628.5000,1634.8000,1618.3000,1631.7500
2004-09-01,1631.7000,1640.5500,1631.1000,1635.4500
2004-09-02,1635.5000,1641.2500,1619.9000,1629.3000
2004-09-03,1629.6500,1636.1000,1622.1000,1634.1000
2004-09-06,1634.6000,1649.1500,1634.4500,1644.0000
2004-09-07,1643.9500,1653.1500,1641.8000,1650.1500
2004-09-08,1650.6000,1658.8500,1648.2500,1656.2500
2004-09-09,1656.2500,1662.4000,1640.2500,1649.0000
2004-09-10,1649.4500,1670.9500,1642.3500,1668.7500
2004-09-13,1668.2500,1681.7500,1668.0500,1675.2000
2004-09-14,1675.2000,1686.8000,1668.4500,1685.5500
2004-09-15,1685.7000,1694.4500,1675.8500,1683.2000
2004-09-16,1683.6000,1708.0000,1677.3500,1705.7000
2004-09-17,1702.7000,1736.4000,1702.7000,1733.6500
2004-09-20,1734.0500,1741.5500,1725.3000,1728.8000
2004-09-21,1728.7500,1753.0000,1724.7000,1750.2000
2004-09-22,1749.7500,1760.8000,1736.3000,1753.9000
2004-09-23,1753.1000,1753.1500,1723.4000,1726.1500
2004-09-24,1726.1500,1736.9000,1717.2000,1722.5000
2004-09-27,1722.4000,1726.1500,1707.9500,1717.5000
2004-09-28,1717.4500,1717.9000,1697.4000,1700.2500
2004-09-29,1700.5500,1730.3000,1695.7000,1727.9500
2004-09-30,1728.3000,1748.2000,1728.2000,1745.5000
2004-10-01,1744.4000,1778.6500,1737.8500,1775.1500
2004-10-04,1776.7500,1813.9000,1775.4500,1805.6500
2004-10-05,1805.8500,1816.5500,1798.6000,1812.4500
2004-10-06,1811.7000,1824.8000,1790.6000,1794.9000
2004-10-07,1793.0000,1821.8500,1793.0000,1815.7000
2004-10-08,1815.6500,1825.1500,1808.7500,1820.2000
2004-10-09,1812.8500,1824.9000,1812.8000,1817.8000
2004-10-11,1817.8500,1829.4500,1803.5000,1807.7500
2004-10-12,1808.4500,1820.9000,1783.0500,1786.9000
2004-10-14,1784.8000,1805.7000,1773.0000,1794.7500
2004-10-15,1794.8000,1814.0500,1789.5500,1795.0000
2004-10-18,1796.0500,1806.1500,1782.9500,1786.0000
2004-10-19,1787.2000,1813.9000,1787.2000,1808.4000
2004-10-20,1808.6000,1815.2000,1785.4500,1790.0500
2004-10-21,1790.3500,1795.4000,1772.4000,1779.7500
2004-10-25,1780.0000,1783.5500,1753.5000,1757.2500
2004-10-26,1777.8500,1782.1000,1750.3000,1781.0500
2004-10-27,1781.1500,1797.5500,1774.2000,1783.8500
2004-10-28,1783.9000,1808.1500,1783.9000,1800.1000
2004-10-29,1800.8500,1808.8500,1783.1000,1786.9000
2004-11-01,1787.3000,1800.2500,1776.7000,1797.7500
2004-11-02,1798.3000,1817.1000,1798.3000,1813.7000
2004-11-03,1814.1500,1838.4000,1814.1500,1837.4000
2004-11-04,1837.8000,1853.0500,1830.5000,1834.8500
2004-11-05,1836.0500,1854.4000,1836.0000,1852.3000
2004-11-08,1852.4500,1871.0500,1852.4500,1862.8000
2004-11-09,1863.5500,1869.4500,1853.4500,1858.7500
2004-11-10,1859.6500,1878.2000,1857.7000,1876.1000
2004-11-11,1876.4500,1884.6500,1866.9500,1870.5500
2004-11-12,1871.9000,1885.0500,1866.7500,1872.9500
2004-11-16,1872.8000,1881.4000,1862.8000,1879.0000
2004-11-17,1879.0500,1892.1500,1874.3500,1888.6500
2004-11-18,1890.4500,1895.3000,1880.8000,1892.0500
2004-11-19,1891.9500,1898.1500,1869.3500,1872.3500
2004-11-22,1872.5500,1878.0500,1845.1000,1873.3500
2004-11-23,1873.3500,1900.0500,1873.3500,1892.6000
2004-11-24,1893.1500,1907.3500,1889.8500,1904.0500
2004-11-25,1904.2500,1915.8000,1892.6000,1901.0500
2004-11-29,1899.3000,1942.9500,1894.6000,1939.6500
2004-11-30,1940.2500,1963.8000,1940.2500,1958.8000
2004-12-01,1960.7500,1971.6000,1944.5000,1962.0500
2004-12-02,1962.7500,2001.5500,1962.7500,1999.0000
2004-12-03,1991.9000,2011.9000,1990.3000,1996.2000
2004-12-06,1996.3000,2012.2500,1989.9500,1993.1500
2004-12-07,1990.6000,2002.6000,1981.1500,1992.7000
2004-12-08,1994.1500,2009.7000,1973.1500,1977.9500
2004-12-09,1977.8000,1995.7000,1964.5000,1989.9500
2004-12-10,1990.2000,1999.7000,1964.6500,1969.0000
2004-12-13,1970.6000,1987.0000,1964.8000,1985.3500
2004-12-14,1985.2000,2008.8000,1972.8500,2006.8000
2004-12-15,2006.8000,2034.3500,2006.8000,2028.7000
2004-12-16,2028.8000,2039.2000,2019.5000,2033.2000
2004-12-17,2032.8500,2037.7000,2007.2000,2012.1000
2004-12-20,2012.5000,2029.5000,2007.1500,2026.8500
2004-12-21,2027.8000,2047.5000,2025.2500,2044.6500
2004-12-22,2040.6000,2053.9000,2029.8500,2035.3500
2004-12-23,2035.6000,2049.3000,2031.9000,2045.1500
2004-12-24,2045.3500,2065.6000,2045.3000,2062.7000
2004-12-27,2061.6000,2079.0500,2046.2500,2062.6000
2004-12-28,2063.6000,2074.6000,2060.0500,2071.3500
2004-12-29,2071.5500,2086.1500,2062.3500,2069.6000
2004-12-30,2070.5500,2088.4500,2052.2500,2059.8000
2004-12-31,2059.8500,2083.0000,2059.8500,2080.5000
2005-01-03,2080.0000,2118.6000,2080.0000,2115.0000
2005-01-04,2116.9500,2120.1500,2100.5500,2103.7500
2005-01-05,2103.7500,2105.1000,1990.1500,2032.2000
2005-01-06,2031.5500,2035.6500,1984.2500,1998.3500
2005-01-07,1998.2500,2021.4500,1992.5500,2015.5000
2005-01-10,2016.7500,2025.9000,1974.8000,1982.0000
2005-01-11,1982.7000,1988.9000,1947.3500,1952.0500
2005-01-12,1953.6000,1966.6500,1900.8500,1913.6000
2005-01-13,1922.5000,1963.4000,1916.9500,1954.5500
2005-01-14,1954.9000,1961.4000,1922.8500,1931.1000
2005-01-17,1931.7500,1944.5500,1902.4500,1932.9000
2005-01-18,1933.0500,1956.9500,1925.3500,1934.0500
2005-01-19,1934.1000,1945.6500,1922.3500,1926.6500
2005-01-20,1928.1000,1940.9500,1900.0500,1925.3000
2005-01-24,1925.3000,1932.7500,1902.9000,1909.0000
2005-01-25,1908.8500,1934.2500,1894.4000,1931.8500
2005-01-27,1931.9000,1961.7500,1929.0000,1955.0000
2005-01-28,1955.2500,2014.2500,1950.8500,2008.3000
2005-01-31,2008.4500,2060.4000,2006.3500,2057.6000
2005-02-01,2057.7500,2072.5000,2045.2500,2059.8500
2005-02-02,2062.1500,2074.5000,2045.5000,2052.2500
2005-02-03,2052.3500,2083.7500,2052.3500,2079.4500
2005-02-04,2079.4000,2099.2000,2060.8000,2077.9500
2005-02-07,2097.4500,2098.0000,2049.8500,2055.1000
2005-02-08,2055.0000,2065.0000,2043.6000,2055.1500
2005-02-09,2055.2000,2077.7000,2055.2000,2070.0000
2005-02-10,2070.1000,2075.1000,2049.8500,2063.3500
2005-02-11,2063.3500,2084.5000,2063.3500,2082.0500
2005-02-14,2083.0500,2110.1500,2083.0500,2098.2500
2005-02-15,2098.2500,2101.6000,2081.2000,2089.9500
2005-02-16,2090.0000,2103.4000,2059.4500,2068.8000
2005-02-17,2069.1000,2069.1500,2045.8500,2061.9000
2005-02-18,2062.4500,2076.7000,2048.8500,2055.5500
2005-02-21,2055.1500,2065.7500,2039.9000,2043.2000
2005-02-22,2043.4000,2061.6500,2036.6000,2058.4000
2005-02-23,2058.7000,2065.1500,2051.3500,2057.1000
2005-02-24,2057.7500,2070.5000,2052.4000,2055.3000
2005-02-25,2057.3000,2081.8500,2051.2000,2060.9000
2005-02-28,2061.2000,2106.2000,2047.7000,2103.2500
2005-03-01,2103.1000,2115.1000,2073.8000,2084.4000
2005-03-02,2084.6000,2096.3500,2080.5500,2093.2500
2005-03-03,2093.4000,2132.7500,2093.3500,2128.8500
2005-03-04,2129.1000,2152.7500,2129.1000,2148.1500
2005-03-07,2148.2500,2166.8500,2143.0500,2160.1000
2005-03-08,2160.6500,2173.8500,2154.0000,2168.9500
2005-03-09,2169.1000,2183.4500,2141.3500,2160.8000
2005-03-10,2160.8500,2170.2000,2145.7500,2167.4000
2005-03-11,2167.7000,2182.1000,2148.7000,2154.0000
2005-03-14,2153.8000,2164.1500,2140.9000,2146.3500
2005-03-15,2146.5500,2151.3500,2122.0000,2128.9500
2005-03-16,2129.3500,2158.9000,2121.1000,2125.5500
2005-03-17,2123.9500,2126.5500,2090.4500,2098.5000
2005-03-18,2097.7500,2112.2500,2077.2000,2109.1500
2005-03-21,2117.9500,2124.8000,2089.3500,2096.6000
2005-03-22,2096.7500,2099.0000,2056.5000,2061.6000
2005-03-23,2061.2000,2067.4500,2019.8500,2026.4000
2005-03-24,2026.6000,2042.4500,2007.3500,2015.4000
2005-03-28,2015.7500,2046.8500,2015.2500,2029.4500
2005-03-29,2029.4000,2032.6500,1971.5500,1983.8500
2005-03-30,1983.6500,2000.4500,1971.1500,1993.7000
2005-03-31,1994.5000,2043.6000,1994.5000,2035.6500
2005-04-01,2035.9000,2071.2000,2024.2500,2067.6500
2005-04-04,2067.6500,2076.6000,2054.9000,2063.4000
2005-04-05,2063.2000,2077.9500,2043.7000,2052.5500
2005-04-06,2054.0000,2073.1000,2051.3000,2069.3000
2005-04-07,2069.1500,2084.9000,2048.0500,2052.8500
2005-04-08,2053.0500,2057.5000,2024.8000,2031.2000
2005-04-11,2032.7500,2033.0000,2001.8500,2008.2000
2005-04-12,2002.7500,2027.8000,2002.7500,2024.9500
2005-04-13,2024.9000,2038.8500,2018.1000,2025.4500
2005-04-15,2022.5000,2022.5000,1952.7500,1956.3000
2005-04-18,1955.5000,1959.2500,1914.8500,1927.8000
2005-04-19,1927.9000,1961.1500,1902.8000,1909.4000
2005-04-20,1908.5000,1941.8500,1902.9000,1929.7000
2005-04-21,1930.5000,1950.0000,1911.4000,1948.5500
2005-04-22,1950.6000,1972.9500,1950.0000,1967.3500
2005-04-25,1968.4500,1974.2000,1952.4000,1970.9500
2005-04-26,1971.0500,1972.8500,1951.8000,1957.1000
2005-04-27,1959.4500,1962.2000,1930.3500,1935.4000
2005-04-28,1935.6500,1950.2500,1921.0500,1941.3000
2005-04-29,1943.2000,1943.2000,1896.3000,1902.5000
2005-05-02,1903.1000,1925.6000,1898.1500,1916.7500
2005-05-03,1916.9500,1940.1000,1911.0000,1920.7000
2005-05-04,1920.5000,1944.4500,1920.1500,1942.6000
2005-05-05,1942.6000,1973.3500,1942.0500,1963.3000
2005-05-06,1962.3000,1984.4000,1947.3000,1977.5000
2005-05-09,1978.0500,2003.1500,1978.0500,2000.7500
2005-05-10,2001.0000,2007.8000,1989.1000,1994.3000
2005-05-11,1990.5500,1991.8500,1975.0500,1985.9500
2005-05-12,1985.9500,1999.8500,1981.9500,1993.1500
2005-05-13,1992.5000,1992.7500,1978.9000,1988.3000
2005-05-16,1991.5000,2014.9500,1989.7000,2012.6000
2005-05-17,2013.1000,2024.6000,1984.7500,1990.8000
2005-05-18,1990.6500,1990.9500,1964.6500,1982.7500
2005-05-19,1983.1500,2008.3500,1983.1500,1990.8500
2005-05-20,1991.8500,1998.2000,1975.9500,1992.4000
2005-05-23,1992.1000,2019.3500,1991.7000,2013.9000
2005-05-24,2016.0000,2031.9000,2009.5500,2028.6000
2005-05-25,2028.5500,2047.4500,2019.0000,2043.8500
2005-05-26,2043.5000,2078.6500,2025.6500,2074.7000
2005-05-27,2073.2500,2099.3500,2069.5000,2076.4000
2005-05-30,2076.5500,2086.8500,2064.8500,2072.4000
2005-05-31,2072.5000,2091.7500,2066.5500,2087.5500
2005-06-01,2087.8000,2097.6000,2081.2000,2087.5500
2005-06-02,2087.8500,2093.4500,2062.5500,2064.6500
2005-06-03,2064.1000,2097.2500,2061.3500,2094.2500
2005-06-04,2094.1000,2098.1000,2087.0000,2092.3500
2005-06-06,2092.0000,2109.1000,2087.4000,2092.8000
2005-06-07,2091.9500,2102.8500,2084.3500,2098.1500
2005-06-08,2094.7000,2115.2500,2094.0500,2112.4000
2005-06-09,2112.2500,2118.6500,2097.5500,2103.2000
2005-06-10,2103.4500,2133.1000,2086.3000,2090.6000
2005-06-13,2090.7000,2106.6500,2081.7000,2102.7500
2005-06-14,2103.6500,2113.8500,2098.7000,2112.3500
2005-06-15,2110.5000,2131.9500,2110.3500,2128.6500
2005-06-16,2128.3000,2135.1000,2114.5500,2123.7000
2005-06-17,2123.6000,2131.7500,2103.9000,2123.4000
2005-06-20,2130.8000,2150.2500,2124.6500,2144.3500
2005-06-21,2144.7500,2173.2500,2140.1500,2170.0000
2005-06-22,2167.8000,2196.4500,2167.3500,2187.3500
2005-06-23,2187.3500,2192.1000,2174.0500,2183.8500
2005-06-24,2184.0000,2204.4500,2162.9500,2194.3500
2005-06-27,2194.3500,2219.6500,2188.1500,2199.8000
2005-06-28,2199.8000,2206.8000,2165.9000,2169.8500
2005-06-29,2170.2000,2194.2500,2162.0000,2191.6500
2005-06-30,2191.5500,2226.1500,2189.4500,2220.6000
2005-07-01,2220.4500,2220.5500,2198.9000,2211.9000
2005-07-04,2212.0500,2232.2000,2211.4000,2230.6500
2005-07-05,2231.2000,2238.6000,2205.1000,2210.7500
2005-07-06,2211.3500,2232.6500,2211.3000,2228.2000
2005-07-07,2228.3000,2235.8000,2171.2500,2179.4000
2005-07-08,2183.5500,2210.7000,2179.0500,2196.2000
2005-07-11,2195.5500,2224.6500,2195.5500,2218.8500
2005-07-12,2219.1000,2233.2000,2191.7000,2220.8000
2005-07-13,2221.4500,2234.1500,2200.0500,2204.0500
2005-07-14,2204.4000,2212.5500,2178.6000,2185.1000
2005-07-15,2185.1000,2216.5000,2181.8500,2212.5500
2005-07-18,2212.9500,2248.7000,2212.9500,2234.0000
2005-07-19,2234.2500,2246.7000,2227.2000,2237.3000
2005-07-20,2236.9000,2252.0000,2236.9000,2241.9000
2005-07-21,2240.9500,2251.8500,2221.2000,2230.5000
2005-07-22,2231.0000,2268.5500,2223.1500,2265.6000
2005-07-25,2266.6500,2293.9500,2266.6500,2291.7500
2005-07-26,2289.2500,2307.1000,2279.8000,2303.1500
2005-07-27,2304.2500,2324.0000,2292.8500,2319.1000
2005-07-29,2318.0500,2332.5500,2280.8500,2312.3000
2005-08-01,2312.0500,2329.9000,2294.2500,2318.0500
2005-08-02,2321.9000,2357.1500,2319.7500,2353.6500
2005-08-03,2359.1000,2377.0000,2345.2000,2357.0000
2005-08-04,2357.7500,2377.3500,2352.0500,2367.8000
2005-08-05,2367.3500,2377.1000,2355.9500,2361.2000
2005-08-08,2361.9500,2386.9500,2320.0500,2324.4000
2005-08-09,2324.7500,2342.2000,2303.1000,2318.7000
2005-08-10,2322.3000,2364.8000,2322.0500,2360.1500
2005-08-11,2358.9000,2387.3000,2355.5000,2380.9000
2005-08-12,2381.0500,2390.4500,2356.9000,2361.5500
2005-08-16,2361.6500,2379.4000,2356.8500,2369.8000
2005-08-17,2369.8000,2406.2500,2357.5000,2403.1500
2005-08-18,2404.6500,2426.6500,2380.7000,2388.4500
2005-08-19,2400.8000,2409.3500,2378.4500,2383.4500
2005-08-22,2383.4500,2403.4500,2355.7500,2367.8500
2005-08-23,2369.5500,2380.5000,2320.3500,2326.1000
2005-08-24,2326.1000,2334.9000,2300.4500,2322.5000
2005-08-25,2323.1000,2359.2000,2320.7000,2354.5500
2005-08-26,2354.6000,2368.0500,2340.2000,2357.0500
2005-08-29,2359.2000,2365.8500,2312.6000,2337.6500
2005-08-30,2337.8000,2373.8000,2337.7500,2367.7500
2005-08-31,2369.0500,2387.0000,2355.0000,2384.6500
2005-09-01,2384.7000,2412.3500,2382.9000,2405.7500
2005-09-02,2406.4500,2422.1000,2396.1000,2415.8000
2005-09-05,2417.1000,2439.5500,2414.9500,2422.9500
2005-09-06,2422.4000,2436.2500,2417.0000,2428.6500
2005-09-08,2429.0000,2456.9000,2429.0000,2454.4500
2005-09-09,2448.8000,2462.8000,2441.9000,2455.4500
2005-09-12,2455.8500,2486.3500,2455.8500,2484.1500
2005-09-13,2484.0000,2503.0000,2477.1000,2500.3500
2005-09-14,2500.4000,2514.7500,2476.0000,2492.4500
2005-09-15,2492.8500,2527.5000,2492.7500,2523.9500
2005-09-16,2524.9000,2555.1000,2519.0500,2552.3500
2005-09-19,2555.4500,2579.7000,2550.4500,2567.1000
2005-09-20,2567.2000,2582.8000,2546.6000,2578.0000
2005-09-21,2576.7000,2585.6000,2504.9000,2567.3000
2005-09-22,2567.8500,2580.4000,2465.8500,2476.5000
2005-09-23,2480.5000,2507.9000,2453.0500,2477.7500
2005-09-26,2477.8500,2560.8500,2477.8500,2557.3500
2005-09-27,2558.5000,2592.5000,2549.8500,2574.8500
2005-09-28,2574.4500,2602.9500,2559.8500,2598.0500
2005-09-29,2598.6000,2633.9000,2589.4500,2611.2000
2005-09-30,2607.9000,2623.0500,2567.7500,2601.4000
2005-10-03,2601.0000,2635.0000,2597.2000,2630.0500
2005-10-04,2630.0000,2667.0500,2629.6000,2663.3500
2005-10-05,2663.7000,2669.2000,2636.6000,2644.4000
2005-10-06,2643.8000,2643.8000,2571.3000,2579.1500
2005-10-07,2577.2000,2603.2500,2547.5500,2574.0500
2005-10-10,2577.1000,2595.1500,2561.0000,2566.8500
2005-10-11,2569.1500,2592.0000,2533.7000,2589.5500
2005-10-13,2584.4000,2589.3500,2529.0500,2537.3000
2005-10-14,2537.7000,2548.0000,2478.0000,2484.4000
2005-10-17,2488.4000,2498.6000,2459.5000,2485.1500
2005-10-18,2485.2500,2517.7000,2452.5000,2468.2000
2005-10-19,2467.8000,2467.8500,2394.9500,2412.4500
2005-10-20,2421.4000,2463.8500,2363.5500,2395.4500
2005-10-21,2397.8500,2447.8500,2384.0500,2443.7500
2005-10-24,2444.2000,2460.0000,2388.4000,2394.8500
2005-10-25,2394.9500,2444.6000,2390.8500,2418.2000
2005-10-26,2418.4500,2434.0000,2401.1000,2408.5000
2005-10-27,2408.9500,2416.4500,2338.6000,2352.9000
2005-10-28,2352.6500,2355.1500,2307.4500,2316.0500
2005-10-31,2314.8500,2373.4000,2314.2000,2370.9500
2005-11-01,2366.8000,2410.1500,2366.8000,2386.7500
2005-11-02,2386.4500,2423.8000,2367.7500,2419.0500
2005-11-07,2419.2500,2464.6500,2411.6000,2461.6000
2005-11-08,2463.6500,2502.9000,2460.0000,2492.6500
2005-11-09,2493.1000,2519.4000,2475.7000,2489.1000
2005-11-10,2489.1000,2504.7500,2480.8500,2500.7000
2005-11-11,2500.8500,2551.4000,2500.8500,2548.6500
2005-11-14,2548.5500,2576.9500,2534.4000,2558.7000
2005-11-16,2559.4500,2585.9500,2559.4500,2582.7500
2005-11-17,2558.4500,2608.8500,2558.4500,2603.9500
2005-11-18,2604.0000,2632.3500,2595.1500,2620.0500
2005-11-21,2620.1000,2626.4000,2591.7500,2602.5000
2005-11-22,2603.2500,2614.0000,2567.0500,2572.8500
2005-11-23,2572.8500,2613.4000,2563.1000,2608.6000
2005-11-24,2608.9000,2643.7000,2608.7000,2635.0000
2005-11-25,2635.3500,2668.9000,2633.7500,2664.3000
2005-11-26,2664.8500,2686.5000,2664.7000,2683.4500
2005-11-28,2683.6000,2717.1500,2682.6500,2712.0000
2005-11-29,2712.3500,2713.9000,2679.9000,2698.3000
2005-11-30,2698.1000,2727.0500,2647.1000,2652.2500
2005-12-01,2651.6000,2705.0000,2641.9500,2698.9500
2005-12-02,2699.5500,2730.7000,2691.5000,2697.9500
2005-12-05,2697.6000,2710.6500,2654.3500,2660.5000
2005-12-06,2661.4000,2694.4000,2647.3500,2662.3000
2005-12-07,2662.3000,2697.1000,2662.3000,2693.0000
2005-12-08,2694.9500,2711.6000,2673.5000,2706.7000
2005-12-09,2706.7500,2761.1000,2698.0000,2756.4500
2005-12-12,2756.4000,2789.3500,2756.4000,2776.2000
2005-12-13,2776.8000,2815.3000,2764.6500,2812.3000
2005-12-14,2812.8000,2825.6500,2788.3000,2804.5500
2005-12-15,2805.2000,2821.5000,2763.3500,2778.5500
2005-12-16,2778.6500,2814.9000,2766.5000,2810.1500
2005-12-19,2808.3500,2846.0000,2803.4500,2842.6000
2005-12-20,2843.1500,2853.1000,2815.2000,2826.2000
2005-12-21,2826.4500,2847.3000,2799.4500,2822.9000
2005-12-22,2826.7000,2846.6500,2818.6500,2835.2500
2005-12-23,2835.7000,2857.0000,2799.7000,2804.8500
2005-12-26,2804.3000,2804.3000,2741.8000,2749.6000
2005-12-27,2746.2500,2812.6000,2725.7000,2805.9000
2005-12-28,2806.8000,2824.3000,2780.0000,2794.0500
2005-12-29,2792.7500,2829.4000,2792.7500,2821.9500
2005-12-30,2823.9500,2845.5500,2812.7500,2836.5500
2006-01-02,2836.8000,2849.4500,2825.4000,2835.9500
2006-01-03,2835.9500,2887.2000,2832.0500,2883.3500
2006-01-04,2883.0000,2909.3500,2883.0000,2904.4000
2006-01-05,2904.4500,2916.2000,2884.8000,2899.8500
2006-01-06,2899.8500,2921.7000,2877.2500,2914.0000
2006-01-09,2913.3500,2927.2500,2898.2500,2910.1000
2006-01-10,2910.1500,2913.0500,2865.6000,2870.8000
2006-01-12,2869.3500,2869.3500,2824.0000,2850.7000
2006-01-13,2851.4000,2878.3500,2846.7000,2850.5500
2006-01-16,2851.3500,2855.7000,2824.0500,2833.1000
2006-01-17,2833.8000,2861.2500,2820.6500,2829.1000
2006-01-18,2809.9000,2840.1000,2783.8500,2809.2000
2006-01-19,2811.1000,2875.9500,2811.1000,2870.8500
2006-01-20,2870.8000,2912.8000,2870.8000,2900.9500
2006-01-23,2900.3000,2900.3000,2870.9500,2884.0500
2006-01-24,2886.3500,2914.2500,2885.7500,2908.0000
2006-01-25,2908.7500,2949.1000,2871.2500,2940.3500
2006-01-27,2941.9000,2989.7000,2941.9000,2982.7500
2006-01-30,2983.3000,3002.2000,2963.6500,2974.5000
2006-01-31,2968.9500,3005.1000,2968.8500,3001.1000
2006-02-01,3001.3000,3011.0500,2960.9000,2971.5500
2006-02-02,2972.2000,2997.2500,2957.5500,2967.4500
2006-02-03,2968.1000,2973.9000,2931.8500,2940.6000
2006-02-06,2940.9500,3009.4500,2928.1000,3000.4500
2006-02-07,3001.1500,3025.1000,2991.2500,3020.1000
2006-02-08,3018.2000,3021.2500,2984.9000,3008.9500
2006-02-10,3009.1500,3031.7500,3009.1000,3027.5500
2006-02-13,3026.1500,3042.7500,3018.5000,3041.1500
2006-02-14,3040.2500,3051.7000,3009.9000,3017.5500
2006-02-15,3001.4000,3048.8000,2995.3000,3022.2000
2006-02-16,3023.1000,3036.6500,3013.7000,3021.6000
2006-02-17,3021.6500,3038.8000,2976.7000,2981.5000
2006-02-20,2982.3500,3010.6500,2955.8500,3005.8500
2006-02-21,3008.5500,3042.0500,3008.5500,3035.5000
2006-02-22,3035.6500,3055.6500,3032.5000,3050.8000
2006-02-23,3050.8500,3078.4000,3050.8500,3062.1000
2006-02-24,3061.7000,3072.0000,3041.6000,3050.0500
2006-02-27,3050.3000,3070.3500,3050.3000,3067.4500
2006-02-28,3067.9000,3090.3000,3031.8000,3074.7000
2006-03-01,3074.6000,3127.2500,3064.0000,3123.1000
2006-03-02,3124.2500,3170.3500,3124.2500,3150.7000
2006-03-03,3151.3000,3167.2000,3132.6000,3147.3500
2006-03-06,3147.2500,3194.0000,3147.2000,3190.4000
2006-03-07,3190.4500,3192.9500,3166.7500,3182.8000
2006-03-08,3183.4500,3187.5000,3107.9000,3116.7000
2006-03-09,3116.7500,3132.6500,3069.8500,3129.1000
2006-03-10,3129.0500,3189.3500,3128.6000,3183.9000
2006-03-13,3184.1000,3221.3000,3174.0500,3202.6500
2006-03-14,3197.2000,3223.4500,3184.0500,3195.3500
2006-03-16,3197.3000,3230.4000,3196.9500,3226.6000
2006-03-17,3226.9000,3258.3000,3226.9000,3234.0500
2006-03-20,3234.2000,3268.2500,3234.2000,3265.6500
2006-03-21,3264.6500,3292.1500,3247.2500,3262.3000
2006-03-22,3263.3500,3267.9500,3221.9500,3240.1500
2006-03-23,3240.8500,3265.6000,3225.2000,3247.1500
2006-03-24,3247.1500,3286.2000,3242.6000,3279.8000
2006-03-27,3283.4000,3327.0500,3280.8000,3321.6500
2006-03-28,3321.4500,3344.5000,3311.8500,3325.0000
2006-03-29,3324.8500,3359.8000,3324.8000,3354.2000
2006-03-30,3354.2500,3433.8500,3354.2500,3418.9500
2006-03-31,3420.5500,3425.4500,3381.9000,3402.5500
2006-04-03,3403.1500,3478.2500,3402.4500,3473.3000
2006-04-04,3473.1000,3508.2500,3463.8500,3483.1500
2006-04-05,3483.1500,3513.9500,3483.1500,3510.9000
2006-04-07,3525.6000,3555.5000,3445.9000,3454.8000
2006-04-10,3455.0000,3489.0500,3430.4000,3478.4500
2006-04-12,3479.1000,3484.6500,3366.7500,3380.0000
2006-04-13,3380.4000,3391.0500,3290.3500,3345.5000
2006-04-17,3342.1500,3433.6500,3342.1500,3425.1500
2006-04-18,3429.0000,3521.9500,3429.0000,3518.1000
2006-04-19,3523.6500,3570.5000,3502.7500,3535.8500
2006-04-20,3539.8000,3578.3500,3527.2500,3573.5000
2006-04-21,3576.7500,3592.7500,3517.1000,3573.0500
2006-04-24,3572.8000,3585.3500,3536.3000,3548.9000
2006-04-25,3548.8000,3552.6500,3433.5500,3462.6500
2006-04-26,3462.6500,3562.3000,3454.1000,3555.7500
2006-04-27,3554.7000,3598.9500,3492.7500,3508.1000
2006-04-28,3507.4500,3517.6500,3342.8500,3508.3500
2006-04-29,3508.3500,3565.7500,3508.3500,3557.6000
2006-05-02,3557.5500,3622.0500,3556.9000,3605.4500
2006-05-03,3604.4000,3640.8000,3581.4000,3634.2500
2006-05-04,3630.6500,3674.5000,3621.5500,3648.4000
2006-05-05,3649.4500,3676.5500,3639.5500,3663.9500
2006-05-08,3668.6500,3708.5500,3668.6500,3693.1500
2006-05-09,3694.6500,3725.4000,3655.6500,3720.5500
2006-05-10,3720.7500,3758.0500,3717.2500,3754.2500
2006-05-11,3755.8000,3774.1500,3687.9000,3701.0500
2006-05-12,3704.1500,3704.1500,3633.8500,3650.0500
2006-05-15,3651.0000,3653.0000,3482.8500,3502.9500
2006-05-16,3502.9500,3543.5000,3382.4000,3523.3000
2006-05-17,3525.0500,3641.8500,3525.0500,3635.1000
2006-05-18,3636.4500,3636.4500,3365.9000,3388.9000
2006-05-19,3391.8500,3493.0500,3205.2500,3246.9000
2006-05-22,3254.3000,3313.9000,2896.4000,3081.3500
2006-05-23,3068.6000,3221.0500,2997.3500,3199.3500
2006-05-24,3203.5000,3249.7500,3091.6000,3115.5500
2006-05-25,3114.7000,3198.3500,3012.9500,3177.7000
2006-05-26,3177.7000,3277.9500,3177.7000,3209.6000
2006-05-29,3207.2500,3255.2500,3193.1500,3214.9000
2006-05-30,3215.5000,3252.1000,3167.0500,3185.3000
2006-05-31,3181.9500,3181.9500,2972.9000,3071.0500
2006-06-01,3072.5500,3130.0000,2936.6000,2962.2500
2006-06-02,2961.5000,3099.3500,2940.2000,3091.3500
2006-06-05,3092.6000,3125.4000,3006.4000,3016.6500
2006-06-06,3015.0500,3015.0500,2910.3000,2937.3000
2006-06-07,2935.2500,2956.9000,2819.4500,2860.4500
2006-06-08,2856.9000,2859.4000,2683.2000,2724.3500
2006-06-09,2721.2000,2875.7500,2707.8500,2866.3000
2006-06-12,2867.6500,2877.8000,2761.8500,2776.8500
2006-06-13,2773.6000,2773.6000,2638.1000,2663.3000
2006-06-14,2665.0500,2767.7500,2595.6500,2632.8000
2006-06-15,2634.1000,2814.1500,2634.1000,2798.8000
2006-06-16,2799.8500,2960.1500,2799.8500,2890.3500
2006-06-19,2892.0000,2932.9000,2846.5000,2916.9000
2006-06-20,2919.0000,2919.0000,2837.4500,2861.3000
2006-06-21,2861.4000,2930.8000,2836.4000,2923.4500
2006-06-22,2923.7500,3017.6500,2923.7500,2994.7500
2006-06-23,2993.5500,3063.2000,2920.2000,3042.7000
2006-06-25,3043.1500,3083.0000,3035.9500,3050.3000
2006-06-26,3051.8000,3059.8500,2928.0000,2943.2000
2006-06-27,2943.6000,3004.1500,2899.2500,2982.4500
2006-06-28,2982.2000,3003.6500,2909.6000,2981.1000
2006-06-29,2982.9000,3049.2500,2982.9000,2997.9000
2006-06-30,2993.5000,3134.1500,2993.5000,3128.2000
2006-07-03,3128.7500,3160.3500,3114.8500,3150.9500
2006-07-04,3151.0500,3177.4000,3130.3000,3138.6500
2006-07-05,3136.9500,3201.2000,3121.8000,3197.1000
2006-07-06,3197.5000,3197.5000,3138.4000,3156.4000
2006-07-07,3157.9500,3193.1000,3056.3000,3075.8500
2006-07-10,3077.1000,3147.7000,3064.1000,3142.0000
2006-07-11,3145.3000,3146.0000,3100.4000,3116.1500
2006-07-12,3124.9500,3201.3500,3078.2500,3195.9000
2006-07-13,3196.3000,3208.8500,3148.9500,3169.3000
2006-07-14,3166.2500,3166.2500,3089.5500,3123.3500
2006-07-17,3123.6500,3125.1000,2999.3500,3007.5500
2006-07-18,3007.1500,3038.2500,2967.9500,2993.6500
2006-07-19,2995.8500,3045.3500,2919.9500,2932.7500
2006-07-20,2943.6500,3041.2500,2943.6500,3023.0500
2006-07-21,3025.1000,3029.1000,2930.1500,2945.0000
2006-07-24,2944.9000,2996.6500,2878.2500,2985.8500
2006-07-25,2989.5000,3046.9500,2987.1500,3040.5000
2006-07-26,3040.4500,3121.4000,3022.7000,3110.1500
2006-07-27,3109.8500,3167.1000,3109.8500,3156.1500
2006-07-28,3158.0000,3168.5000,3109.4500,3130.8000
2006-07-31,3131.3500,3179.7000,3110.6000,3143.2000
2006-08-01,3128.2000,3154.7000,3113.6000,3147.8000
2006-08-02,3129.4500,3187.8500,3127.9000,3182.1000
2006-08-03,3182.5500,3234.2500,3175.1500,3190.0000
2006-08-04,3189.7000,3228.1500,3161.8000,3176.7500
2006-08-07,3176.7000,3178.5000,3142.5500,3151.1000
2006-08-08,3151.5500,3216.7500,3151.5500,3212.4000
2006-08-09,3211.5500,3267.2000,3187.8500,3254.6000
2006-08-10,3254.6000,3274.7500,3229.4500,3260.1000
2006-08-11,3260.0500,3286.5000,3236.9500,3274.3500
2006-08-14,3274.9500,3317.8000,3269.1500,3313.1000
2006-08-16,3314.7500,3377.1000,3314.7500,3356.0500
2006-08-17,3359.7000,3385.1500,3328.6000,3353.9000
2006-08-18,3354.5000,3366.2500,3332.2000,3356.7500
2006-08-21,3356.8000,3374.9000,3332.9000,3366.0000
2006-08-22,3369.6000,3398.3500,3351.5000,3364.6000
2006-08-23,3363.6000,3369.6500,3325.1000,3335.8000
2006-08-24,3336.6500,3379.5500,3304.8500,3370.4000
2006-08-25,3368.5500,3402.7000,3368.5500,3385.9500
2006-08-28,3386.0000,3405.3000,3377.7500,3401.1000
2006-08-29,3405.0500,3434.9500,3396.1000,3425.7000
2006-08-30,3425.8000,3440.2000,3407.7500,3430.3500
2006-08-31,3404.5000,3452.3000,3403.6500,3413.9000
2006-09-01,3414.0000,3439.5000,3402.9000,3435.4500
2006-09-04,3435.5500,3483.1000,3435.5500,3476.8500
2006-09-05,3471.4000,3488.6000,3457.9000,3473.7500
2006-09-06,3474.4000,3490.7000,3465.8000,3477.2500
2006-09-07,3477.1500,3478.8500,3438.8000,3454.5500
2006-09-08,3454.6500,3477.9500,3442.8500,3471.4500
2006-09-11,3470.3500,3486.6500,3351.3000,3366.1500
2006-09-12,3363.3000,3395.0500,3328.4500,3389.9000
2006-09-13,3389.8500,3470.6500,3389.8000,3454.5500
2006-09-14,3454.6000,3484.0000,3454.6000,3471.6000
2006-09-15,3471.6500,3487.4500,3434.5500,3478.6000
2006-09-18,3478.6500,3506.2000,3478.4000,3492.7500
2006-09-19,3493.5000,3514.9500,3438.8000,3457.3500
2006-09-20,3457.8500,3509.8500,3419.7500,3502.8000
2006-09-21,3506.7000,3556.3500,3506.7000,3553.0500
2006-09-22,3554.0500,3562.4500,3525.4000,3544.0500
2006-09-25,3545.1000,3568.6500,3514.8500,3523.4500
2006-09-26,3523.7000,3576.7500,3517.1500,3571.7500
2006-09-27,3571.7500,3603.7000,3568.4000,3579.3000
2006-09-28,3579.9500,3589.3000,3560.7500,3571.7500
2006-09-29,3572.1500,3599.8000,3564.7000,3588.4000
2006-10-03,3588.9500,3606.2000,3561.7000,3569.6000
2006-10-04,3570.9500,3580.0500,3508.6500,3515.3500
2006-10-05,3515.6000,3574.9500,3515.6000,3564.9000
2006-10-06,3565.4500,3583.7500,3560.9000,3569.7000
2006-10-09,3570.0500,3585.3500,3540.4500,3567.1500
2006-10-10,3567.4500,3597.2000,3563.1000,3571.0500
2006-10-11,3581.5500,3614.5000,3544.2500,3558.5500
2006-10-12,3562.5500,3626.8000,3545.9500,3621.0500
2006-10-13,3621.6500,3682.3500,3621.6500,3676.0500
2006-10-16,3668.9000,3729.7000,3668.9000,3723.9500
2006-10-17,3726.4000,3742.5000,3691.3500,3715.0000
2006-10-18,3715.2000,3727.0000,3701.3000,3710.6500
2006-10-19,3711.1000,3726.9500,3655.0500,3677.8000
2006-10-20,3678.7500,3714.2500,3665.5000,3676.8500
2006-10-21,3680.8500,3708.4000,3662.8500,3683.5000
2006-10-23,3683.4000,3690.8500,3651.2000,3657.3000
2006-10-26,3656.2000,3686.8500,3651.2000,3677.5500
2006-10-27,3676.8500,3747.3500,3674.8000,3739.3500
2006-10-30,3739.3500,3776.0500,3719.4500,3769.1000
2006-10-31,3770.5000,3782.8500,3726.7500,3744.1000
2006-11-01,3744.1000,3777.7000,3737.0000,3767.0500
2006-11-02,3769.4000,3805.5000,3761.9000,3791.2000
2006-11-03,3793.0500,3809.6500,3771.0000,3805.3500
2006-11-06,3804.7500,3822.4000,3798.2500,3809.2500
2006-11-07,3812.1500,3840.4500,3789.4000,3798.7500
2006-11-08,3799.2000,3809.9500,3737.2000,3777.3000
2006-11-09,3777.8000,3808.2000,3769.8000,3796.4000
2006-11-10,3796.0500,3842.4000,3785.4000,3834.7500
2006-11-13,3834.8000,3862.0500,3834.0000,3858.7500
2006-11-14,3862.0000,3883.0000,3850.7500,3865.9000
2006-11-15,3865.9500,3888.8000,3838.2500,3876.3000
2006-11-16,3876.4000,3900.4000,3863.8500,3876.8500
2006-11-17,3877.0000,3891.8500,3835.7000,3852.8000
2006-11-20,3852.6500,3866.9500,3794.3000,3856.1500
2006-11-21,3859.5000,3921.7000,3856.7500,3918.2500
2006-11-22,3918.3000,3960.0000,3909.6000,3954.7500
2006-11-23,3955.3000,3976.8000,3933.7000,3945.4500
2006-11-24,3945.4500,3965.8000,3935.3000,3950.8500
2006-11-27,3974.9500,3974.9500,3948.8500,3968.9000
2006-11-28,3966.0000,3966.0000,3911.5500,3921.7500
2006-11-29,3922.5000,3952.4000,3920.0000,3928.2000
2006-11-30,3929.4000,3973.0000,3929.4000,3954.5000
2006-12-01,3955.7000,4001.3000,3953.9500,3997.6000
2006-12-04,4002.4000,4015.2500,3991.5500,4001.0000
2006-12-05,4001.2500,4033.2000,4001.2500,4015.7500
2006-12-06,4016.0000,4036.2000,3982.5000,4015.9500
2006-12-07,4015.0000,4027.7000,4001.4000,4015.3500
2006-12-08,4015.7500,4046.8500,3948.7000,3962.0000
2006-12-11,3961.9000,3965.0500,3798.3000,3849.5000
2006-12-12,3849.1000,3861.2500,3661.6000,3716.9000
2006-12-13,3716.7500,3777.6000,3657.6500,3765.2000
2006-12-14,3765.7000,3855.0500,3763.5000,3843.0500
2006-12-15,3849.6000,3908.4500,3845.4500,3888.6500
2006-12-18,3888.2000,3934.0000,3828.1500,3928.7500
2006-12-19,3928.8500,3931.9000,3783.4500,3832.0000
2006-12-20,3832.1500,3886.1000,3787.5500,3815.5500
2006-12-21,3814.7500,3851.2000,3768.8000,3833.5000
2006-12-22,3834.9000,3880.1500,3823.4000,3871.1500
2006-12-26,3871.3000,3946.1000,3870.4500,3940.5000
2006-12-27,3942.7500,3986.7500,3937.7000,3974.2500
2006-12-28,3974.2000,3997.3500,3961.9500,3970.5500
2006-12-29,3971.6500,3991.6000,3960.4500,3966.4000
2007-01-02,3966.2500,4016.6500,3964.9500,4007.4000
2007-01-03,4007.7000,4029.8000,3985.0000,4024.0500
2007-01-04,4027.3000,4041.0000,3979.8000,3988.8000
2007-01-05,3990.1500,4011.4500,3969.6500,3983.4000
2007-01-08,3983.3000,3987.4500,3913.0000,3933.4000
2007-01-09,3933.3000,3963.7500,3890.7500,3911.4000
2007-01-10,3910.9500,3911.9500,3841.7000,3850.3000
2007-01-11,3852.1500,3953.1000,3833.6000,3942.2500
2007-01-12,3944.5500,4059.1500,3944.5500,4052.4500
2007-01-15,4052.8500,4099.6500,4052.4000,4078.4000
2007-01-16,4090.7000,4107.4500,4067.9000,4080.5000
2007-01-17,4084.9000,4096.7500,4071.5500,4076.4500
2007-01-18,4075.2000,4140.2500,4075.2000,4109.0500
2007-01-19,4126.0000,4137.1500,4058.3500,4090.1500
2007-01-22,4089.6000,4114.5000,4069.9500,4102.4500
2007-01-23,4102.6500,4105.1000,4056.4500,4066.1000
2007-01-24,4066.6000,4098.2500,4065.7500,4089.9000
2007-01-25,4092.0500,4157.9500,4090.1000,4147.7000
2007-01-29,4148.4000,4167.1500,4115.7500,4124.4500
2007-01-31,4123.8500,4137.8500,4068.5500,4082.7000
2007-02-01,4083.4000,4141.6000,4081.1000,4137.2000
2007-02-02,4140.2000,4198.7000,4132.9500,4183.5000
2007-02-05,4193.1500,4219.0000,4170.0000,4215.3500
2007-02-06,4216.5500,4228.1500,4186.1500,4195.9000
2007-02-07,4198.2000,4232.3000,4192.8500,4224.2500
2007-02-08,4232.0000,4245.3000,4188.4500,4223.4000
2007-02-09,4223.5000,4239.2000,4171.8000,4187.4000
2007-02-12,4187.2000,4187.2000,4044.3500,4058.3000
2007-02-13,4069.1000,4132.7000,3998.3000,4044.5500
2007-02-14,4044.9000,4057.3500,3965.2000,4047.1000
2007-02-15,4046.8000,4155.7000,4046.8000,4146.2000
2007-02-19,4149.2500,4177.7000,4149.2500,4164.5500
2007-02-20,4164.8500,4175.4500,4099.5500,4106.9500
2007-02-21,4107.1500,4132.8000,4080.9000,4096.2000
2007-02-22,4096.6500,4126.9000,4023.1500,4040.0000
2007-02-23,4046.0000,4065.4500,3918.2000,3938.9500
2007-02-26,3939.1000,3958.9000,3856.7000,3942.0000
2007-02-27,3948.0500,3958.0000,3873.8500,3893.9000
2007-02-28,3893.4000,3893.4000,3674.8500,3745.3000
2007-03-01,3745.4000,3818.7500,3718.1500,3811.2000
2007-03-02,3811.6500,3842.0500,3711.0500,3726.7500
2007-03-05,3726.5000,3726.6500,3554.5000,3576.5000
2007-03-06,3577.1500,3679.1500,3576.6500,3655.6500
2007-03-07,3661.5500,3714.1500,3568.5500,3626.8500
2007-03-08,3627.2500,3779.5000,3626.8000,3761.6500
2007-03-09,3761.8500,3795.7000,3684.2500,3718.0000
2007-03-12,3717.4500,3781.4500,3713.9000,3734.6000
2007-03-13,3735.2500,3775.8500,3717.1500,3770.5500
2007-03-14,3768.4000,3768.4000,3623.0000,3641.1000
2007-03-15,3644.9000,3711.0500,3630.5500,3643.6000
2007-03-16,3639.3500,3683.6000,3573.8500,3608.5500
2007-03-19,3611.3000,3683.3500,3602.8500,3678.9000
2007-03-20,3680.3500,3725.0000,3676.6500,3697.6000
2007-03-21,3697.7000,3771.2000,3680.6000,3764.5500
2007-03-22,3764.5000,3881.0000,3764.5000,3875.9000
2007-03-23,3876.7500,3901.7500,3850.8000,3861.0500
2007-03-26,3863.4500,3885.4500,3768.2500,3819.9500
2007-03-28,3818.7500,3830.3000,3752.9500,3761.1000
2007-03-29,3759.1500,3805.8500,3750.3500,3798.1000
2007-03-30,3788.8500,3832.2000,3785.3000,3821.5500
2007-04-02,3820.0000,3820.0000,3617.0000,3633.6000
2007-04-03,3633.8500,3703.0500,3632.2000,3690.6500
2007-04-04,3689.7500,3751.4000,3689.7500,3733.2500
2007-04-05,3735.2000,3771.4500,3709.1500,3752.0000
2007-04-09,3752.9000,3850.9000,3747.2500,3843.5000
2007-04-10,3844.1500,3858.3500,3819.3000,3848.1500
2007-04-11,3848.3500,3876.3500,3844.7500,3862.6500
2007-04-12,3861.8500,3861.8500,3811.2500,3829.8500
2007-04-13,3830.3500,3924.5500,3828.4500,3917.3500
2007-04-16,3920.5000,4016.8000,3920.5000,4013.3500
2007-04-17,4014.4000,4030.0000,3976.2500,3984.9500
2007-04-18,3989.6000,4039.2500,3981.7500,4011.6000
2007-04-19,3998.5000,4011.0000,3933.3500,3997.6500
2007-04-20,4000.2500,4090.0500,3995.5000,4083.5500
2007-04-23,4083.5500,4122.3500,4075.2000,4085.1000
2007-04-24,4085.1000,4162.1500,4057.7000,4141.8000
2007-04-25,4134.2500,4173.3000,4114.3500,4167.3000
2007-04-26,4170.0500,4217.9000,4143.2500,4177.8500
2007-04-27,4182.0000,4182.0000,4074.3000,4083.5000
2007-04-30,4081.6000,4096.9000,4028.9000,4087.9000
2007-05-03,4089.4500,4161.2000,4080.7500,4150.8500
2007-05-04,4168.9000,4180.9000,4109.7000,4117.3500
2007-05-07,4117.5000,4157.6500,4103.6000,4111.1500
2007-05-08,4111.2500,4136.0500,4066.4000,4077.0000
2007-05-09,4077.2500,4087.8000,4030.5500,4079.3000
2007-05-10,4079.6000,4134.2000,4057.5500,4066.8000
2007-05-11,4070.2000,4094.6500,3981.1500,4076.6500
2007-05-14,4078.8000,4151.3000,4072.4500,4134.3000
2007-05-15,4134.3000,4150.4500,4102.4500,4120.3000
2007-05-16,4125.4000,4181.0000,4113.0500,4170.9500
2007-05-17,4172.1000,4232.4500,4172.1000,4219.5500
2007-05-18,4216.5000,4228.4500,4177.0000,4214.5000
2007-05-21,4217.6500,4269.3500,4217.5500,4260.9000
2007-05-22,4263.1000,4281.6000,4234.1000,4278.1000
2007-05-23,4279.6000,4291.4000,4231.0500,4246.2000
2007-05-24,4246.2000,4250.8500,4189.0500,4204.9000
2007-05-25,4197.8500,4256.4000,4141.3500,4248.1500
2007-05-28,4248.3500,4295.6000,4242.8000,4256.5500
2007-05-29,4257.6000,4298.8500,4248.9000,4293.2500
2007-05-30,4292.7000,4301.6000,4241.3500,4249.6500
2007-05-31,4250.2500,4306.7500,4250.2500,4295.8000
2007-06-01,4296.0500,4325.8000,4288.5500,4297.0500
2007-06-04,4300.7000,4362.9500,4256.4500,4267.0500
2007-06-05,4268.9000,4292.5000,4249.1000,4284.6500
2007-06-06,4285.7500,4324.1000,4190.9500,4198.2500
2007-06-07,4197.6000,4230.0500,4130.5000,4179.5000
2007-06-08,4179.5000,4195.1500,4126.1000,4145.0000
2007-06-11,4183.7500,4205.2000,4134.9500,4145.6000
2007-06-12,4139.7000,4166.8500,4100.8000,4155.2000
2007-06-13,4155.2000,4161.8000,4102.9500,4113.0500
2007-06-14,4113.2000,4174.0500,4112.8500,4170.0000
2007-06-15,4186.4000,4209.4500,4153.7000,4171.4500
2007-06-18,4177.0000,4208.1500,4140.2500,4147.1000
2007-06-19,4143.8500,4222.4000,4136.1500,4214.3000
2007-06-20,4214.3000,4257.0000,4214.3000,4248.6500
2007-06-21,4248.6500,4275.3500,4220.1000,4267.4000
2007-06-22,4267.5500,4278.8500,4242.5000,4252.0500
2007-06-25,4251.4000,4264.2500,4236.3000,4259.4000
2007-06-26,4259.4000,4296.1500,4250.1000,4285.7000
2007-06-27,4286.2000,4294.2000,4255.2500,4263.9500
2007-06-28,4263.9000,4291.4000,4256.9000,4282.0000
2007-06-29,4282.4000,4321.3500,4280.9500,4318.3000
2007-07-02,4318.4000,4346.7500,4305.4500,4313.7500
2007-07-03,4315.0500,4363.3500,4313.5500,4357.5500
2007-07-04,4358.2500,4386.4500,4342.0000,4359.3000
2007-07-05,4359.2000,4378.5500,4311.8000,4353.9500
2007-07-06,4353.1000,4411.0000,4304.0000,4384.8500
2007-07-09,4385.4500,4427.5500,4385.4500,4419.4000
2007-07-10,4419.1000,4434.4500,4393.0000,4406.0500
2007-07-11,4403.8000,4411.4500,4344.7000,4387.1500
2007-07-12,4388.0500,4451.9500,4387.0500,4446.1500
2007-07-13,4446.4000,4513.9000,4446.0500,4504.5500
2007-07-16,4505.9500,4521.8500,4495.9500,4512.1500
2007-07-17,4497.1000,4550.2500,4488.2500,4496.7500
2007-07-18,4498.6500,4510.8000,4452.8500,4499.5500
2007-07-19,4500.3500,4573.0000,4496.2000,4562.1000
2007-07-20,4563.7500,4600.8000,4553.8000,4566.0500
2007-07-23,4564.2500,4628.4500,4547.2000,4619.3500
2007-07-24,4620.0500,4647.9500,4609.7500,4620.7500
2007-07-25,4620.5000,4620.5000,4555.8000,4588.7000
2007-07-26,4593.1000,4624.3000,4570.8000,4619.8000
2007-07-27,4618.6500,4618.9000,4424.2500,4445.2000
2007-07-30,4442.3500,4493.0500,4403.7000,4440.0500
2007-07-31,4444.2500,4534.2000,4432.8500,4528.8500
2007-08-01,4528.8500,4532.9000,4339.7500,4345.8500
2007-08-02,4356.3500,4399.7500,4327.0000,4356.3500
2007-08-03,4355.7500,4428.1000,4355.7500,4401.5500
2007-08-06,4404.0500,4404.0500,4267.1500,4339.5000
2007-08-07,4341.5000,4406.4000,4341.5000,4356.3500
2007-08-08,4357.0000,4472.1500,4356.7500,4462.1000
2007-08-09,4462.2500,4530.0500,4390.8000,4403.2000
2007-08-10,4393.6000,4395.5000,4239.2000,4333.3500
2007-08-13,4324.6500,4383.8000,4324.6500,4373.6500
2007-08-14,4373.9000,4394.3000,4354.3500,4370.2000
2007-08-16,4366.0000,4366.0000,4171.1500,4178.6000
2007-08-17,4171.1000,4171.1000,4002.2000,4108.0500
2007-08-20,4108.9500,4262.6000,4108.9500,4209.0500
2007-08-21,4209.5500,4238.1000,4058.5500,4074.9000
2007-08-22,4081.2500,4165.7000,4040.1500,4153.1500
2007-08-23,4160.1000,4249.8500,4100.8000,4114.9500
2007-08-24,4113.0500,4201.4500,4110.0500,4190.1500
2007-08-27,4193.6000,4310.0000,4193.6000,4302.6000
2007-08-28,4302.4000,4329.1500,4280.6000,4320.7000
2007-08-29,4317.7000,4368.6000,4226.3500,4359.3000
2007-08-30,4360.3500,4422.3000,4359.7500,4412.3000
2007-08-31,4412.6000,4471.3000,4403.0000,4464.0000
2007-09-03,4466.6500,4490.5500,4452.4000,4474.7500
2007-09-04,4481.5500,4501.3000,4460.4000,4479.2500
2007-09-05,4479.6000,4507.7500,4458.5500,4475.8500
2007-09-06,4475.7000,4522.5000,4445.5500,4518.6000
2007-09-07,4518.6500,4547.7500,4499.9000,4509.5000
2007-09-10,4506.8500,4515.2500,4452.9500,4507.8500
2007-09-11,4509.6500,4538.6000,4487.1500,4497.0500
2007-09-12,4498.6500,4531.5000,4490.4000,4496.8500
2007-09-13,4498.0500,4540.6000,4498.0500,4528.9500
2007-09-14,4530.0000,4582.6000,4508.8500,4518.0000
2007-09-17,4518.4500,4549.0500,4482.8500,4494.6500
2007-09-18,4494.1000,4551.8000,4481.5500,4546.2000
2007-09-19,4550.2500,4739.0000,4550.2500,4732.3500
2007-09-20,4734.8500,4760.8500,4721.1500,4747.5500
2007-09-21,4752.9500,4855.7000,4733.7000,4837.5500
2007-09-24,4837.1500,4941.1500,4837.1500,4932.2000
2007-09-25,4939.1000,4953.9000,4878.1500,4938.8500
2007-09-26,4937.6000,4980.8500,4930.3500,4940.5000
2007-09-27,4942.7000,5016.4000,4942.7000,5000.5500
2007-09-28,4996.4500,5055.8000,4996.4500,5021.3500
2007-10-01,5021.5000,5089.3000,5001.3500,5068.9500
2007-10-03,5069.0000,5261.3500,5034.1500,5210.8000
2007-10-04,5211.6500,5233.1000,5126.0500,5208.6500
2007-10-05,5208.1500,5248.5500,5164.5000,5185.8500
2007-10-08,5186.2500,5249.3000,5024.7500,5085.1000
2007-10-09,5062.6500,5348.7000,5000.9500,5327.2500
2007-10-10,5328.1500,5454.7000,5328.1500,5441.4500
2007-10-11,5438.9000,5532.7500,5424.2500,5524.8500
2007-10-12,5525.3000,5549.3000,5402.6000,5428.2500
2007-10-15,5428.3500,5682.6500,5419.9000,5670.4000
2007-10-16,5670.6500,5708.3500,5578.4500,5668.0500
2007-10-17,5658.9000,5658.9000,5107.3000,5559.3000
2007-10-18,5551.1000,5736.8000,5269.6500,5351.0000
2007-10-19,5360.3500,5390.8500,5101.7500,5215.3000
2007-10-22,5202.7500,5247.4000,5070.9000,5184.0000
2007-10-23,5185.3000,5488.5000,5176.8500,5473.7000
2007-10-24,5477.6000,5577.9000,5419.4000,5496.1500
2007-10-25,5499.0500,5605.9500,5469.3000,5568.9500
2007-10-26,5564.2500,5716.9000,5513.3500,5702.3000
2007-10-29,5708.9000,5922.5000,5708.9000,5905.9000
2007-10-30,5917.5500,5976.0000,5833.9000,5868.7500
2007-10-31,5868.9000,5952.2500,5861.3000,5900.6500
2007-11-01,5903.8000,6011.9500,5837.2000,5866.4500
2007-11-02,5854.8500,5944.7500,5714.2500,5932.4000
2007-11-05,5931.9000,5948.5500,5819.6000,5847.3000
2007-11-06,5847.1000,5957.2000,5759.9500,5786.5000
2007-11-07,5782.4000,5861.3500,5744.3000,5782.3500
2007-11-08,5779.3000,5780.8000,5646.7500,5698.7500
2007-11-09,5703.4500,5794.2000,5614.9000,5663.2500
2007-11-12,5660.6000,5660.6000,5477.5000,5617.1000
2007-11-13,5612.3500,5758.8500,5591.6000,5695.4000
2007-11-14,5703.9500,5950.2000,5700.0500,5937.9000
2007-11-15,5942.7000,5966.9500,5895.6500,5912.1000
2007-11-16,5913.1500,5948.0500,5817.4000,5906.8500
2007-11-19,5908.0500,5981.8000,5893.8000,5907.6500
2007-11-20,5911.2500,5923.7000,5755.8000,5780.9000
2007-11-21,5778.8000,5790.0500,5530.8500,5561.0500
2007-11-22,5564.6500,5608.6500,5394.3500,5519.3500
2007-11-23,5524.3000,5638.6000,5514.7500,5608.6000
2007-11-26,5611.3000,5772.5500,5608.9500,5731.7000
2007-11-27,5729.2500,5743.5500,5655.6000,5698.1500
2007-11-28,5699.5500,5749.9500,5595.5000,5617.5500
2007-11-29,5617.8000,5725.0000,5612.1000,5634.6000
2007-11-30,5633.9000,5782.5500,5632.6500,5762.7500
2007-12-03,5765.4500,5878.8000,5754.6000,5865.0000
2007-12-04,5870.2000,5897.2500,5840.3000,5858.3500
2007-12-05,5861.9000,5949.3000,5859.9500,5940.0000
2007-12-06,5941.0500,6027.0500,5919.8000,5954.7000
2007-12-07,5963.6000,6042.1000,5894.8000,5974.3000
2007-12-10,5974.0000,6015.3000,5923.3500,5960.6000
2007-12-11,5960.4000,6111.2000,5960.4000,6097.2500
2007-12-12,6067.0500,6175.6500,6005.4500,6159.3000
2007-12-13,6159.2500,6185.4000,6040.4000,6058.1000
2007-12-14,6056.2000,6078.5500,6015.0500,6047.7000
2007-12-17,6037.9500,6039.9500,5740.6000,5777.0000
2007-12-18,5777.6000,5874.6000,5710.6000,5742.3000
2007-12-19,5730.2500,5840.8000,5676.7000,5751.1500
2007-12-20,5751.7500,5799.5000,5742.7500,5766.5000
2007-12-24,5771.3000,6001.0500,5771.3000,5985.1000
2007-12-26,5988.4500,6085.2500,5988.4500,6070.7500
2007-12-27,6069.0000,6110.8500,6060.2000,6081.5000
2007-12-28,6079.5500,6098.6000,6021.9000,6079.7000
2007-12-31,6095.0000,6167.7500,6095.0000,6138.6000
2008-01-01,6136.7500,6165.3500,6109.8500,6144.3500
2008-01-02,6144.7000,6197.0000,6060.8500,6179.4000
2008-01-03,6184.2500,6230.1500,6126.4000,6178.5500
2008-01-04,6179.1000,6300.0500,6179.1000,6274.3000
2008-01-07,6271.0000,6289.8000,6193.3500,6279.1000
2008-01-08,6282.4500,6357.1000,6221.6000,6287.8500
2008-01-09,6287.5500,6338.3000,6231.2500,6272.0000
2008-01-10,6278.1000,6347.0000,6142.9000,6156.9500
2008-01-11,6166.6500,6224.2000,6112.5500,6200.1000
2008-01-14,6208.8000,6244.1500,6172.0000,6206.8000
2008-01-15,6226.3500,6260.4500,6053.3000,6074.2500
2008-01-16,6065.0000,6065.0000,5825.7500,5935.7500
2008-01-17,5937.9500,6013.1500,5880.3000,5913.2000
2008-01-18,5907.7500,5908.7500,5677.0000,5705.3000
2008-01-21,5705.0000,5705.0000,4977.1000,5208.8000
2008-01-22,5203.3500,5203.3500,4448.5000,4899.3000
2008-01-23,4903.0500,5328.0500,4891.6000,5203.4000
2008-01-24,5208.0000,5357.2000,4995.8000,5033.4500
2008-01-25,5035.0500,5399.2500,5035.0500,5383.3500
2008-01-28,5380.9500,5380.9500,5071.0000,5274.1000
2008-01-29,5279.5500,5391.6000,5225.2500,5280.8000
2008-01-30,5283.7500,5314.3000,5142.2500,5167.6000
2008-01-31,5172.2500,5251.6500,5071.1500,5137.4500
2008-02-01,5140.6000,5339.9500,5090.7500,5317.2500
2008-02-04,5315.5500,5545.2000,5315.5500,5463.5000
2008-02-05,5463.7500,5500.6000,5412.9500,5483.9000
2008-02-06,5470.4000,5470.4000,5257.0500,5322.5500
2008-02-07,5322.5500,5344.6000,5113.8500,5133.2500
2008-02-08,5132.1000,5173.8500,5034.2500,5120.3500
2008-02-11,5120.5500,5126.4000,4803.6000,4857.0000
2008-02-12,4877.8500,4949.6000,4820.4500,4838.2500
2008-02-13,4836.5500,4986.5500,4836.5500,4929.4500
2008-02-14,4944.6500,5220.2500,4944.6500,5202.0000
2008-02-15,5202.8500,5315.4000,5104.7500,5302.9000
2008-02-18,5304.4500,5348.6000,5224.0000,5276.9000
2008-02-19,5278.4000,5368.4500,5262.0000,5280.8000
2008-02-20,5267.1500,5267.1500,5116.3000,5154.4500
2008-02-21,5156.9000,5241.3500,5120.0500,5191.8000
2008-02-22,5183.4000,5184.0000,5092.8000,5110.7500
2008-02-25,5112.2500,5212.3500,5055.1500,5200.7000
2008-02-26,5200.8000,5281.2000,5200.8000,5270.0500
2008-02-27,5271.4000,5368.1500,5249.7500,5268.4000
2008-02-28,5266.3500,5302.8500,5227.1500,5285.1000
2008-02-29,5285.0000,5290.8000,5098.3500,5223.5000
2008-03-03,5222.8000,5222.8000,4936.0500,4953.0000
2008-03-04,4958.5500,4976.7000,4812.9500,4864.2500
2008-03-05,4866.8500,4936.7500,4847.2500,4921.4000
2008-03-07,4918.3000,4918.3000,4672.2500,4771.6000
2008-03-10,4767.8000,4814.9500,4620.5000,4800.4000
2008-03-11,4796.3000,4888.5000,4732.8500,4865.9000
2008-03-12,4869.7500,5019.2000,4854.7500,4872.0000
2008-03-13,4868.7000,4868.8000,4580.1500,4623.6000
2008-03-14,4623.8000,4758.9500,4607.5500,4745.8000
2008-03-17,4745.4500,4745.4500,4482.1000,4503.1000
2008-03-18,4519.9000,4617.9500,4468.5500,4533.0000
2008-03-19,4534.7500,4718.4000,4533.9000,4573.9500
2008-03-24,4576.8000,4649.4500,4539.8000,4609.8500
2008-03-25,4616.8000,4896.8000,4616.8000,4877.5000
2008-03-26,4878.7000,4912.3000,4808.6500,4828.8500
2008-03-27,4828.8000,4863.7500,4769.6000,4830.2500
2008-03-28,4830.0000,4970.8000,4796.3500,4942.0000
2008-03-31,4942.1500,4947.0000,4703.8500,4734.5000
2008-04-01,4735.6500,4800.7500,4628.7500,4739.5500
2008-04-02,4741.4000,4916.7500,4741.4000,4754.2000
2008-04-03,4753.9000,4833.2500,4738.2000,4771.6000
2008-04-04,4766.7000,4791.7000,4632.7000,4647.0000
2008-04-07,4631.3500,4798.5500,4628.8000,4761.2000
2008-04-08,4760.6500,4769.5500,4677.8000,4709.6500
2008-04-09,4707.0500,4758.2500,4667.5000,4747.0500
2008-04-10,4747.5500,4799.5000,4720.9000,4733.0000
2008-04-11,4734.3500,4817.4000,4727.2500,4777.8000
2008-04-15,4779.9500,4917.1000,4708.3000,4879.6500
2008-04-16,4881.6500,4951.4000,4874.0500,4887.3000
2008-04-17,4890.6000,4984.9500,4889.6500,4958.4000
2008-04-21,4955.9000,5053.4000,4955.9000,5037.0000
2008-04-22,5037.0500,5074.2500,4994.0500,5049.3000
2008-04-23,5044.3500,5083.5000,5003.5500,5022.8000
2008-04-24,5022.9000,5072.7000,4991.3500,4999.8500
2008-04-25,4999.1500,5117.7000,4999.1500,5111.7000
2008-04-28,5112.5000,5147.4500,5079.1500,5089.6500
2008-04-29,5092.4000,5210.9000,5082.1500,5195.5000
2008-04-30,5198.3500,5230.7500,5155.8500,5165.9000
2008-05-02,5265.3000,5298.8500,5197.6000,5228.2000
2008-05-05,5227.2500,5254.5000,5182.6000,5192.2500
2008-05-06,5192.3500,5206.5000,5110.9000,5144.6500
2008-05-07,5156.7000,5159.0500,5101.2500,5135.5000
2008-05-08,5135.8000,5143.0500,5062.4500,5081.7000
2008-05-09,5070.8500,5087.6500,4969.4000,4982.6000
2008-05-12,4981.0000,5021.7500,4913.8000,5012.6500
2008-05-13,5008.6000,5066.0000,4943.7500,4957.8000
2008-05-14,4958.4500,5026.1000,4932.0500,5011.7500
2008-05-15,5010.9000,5118.5500,4999.6000,5115.2500
2008-05-16,5115.6500,5167.4000,5106.4000,5157.7000
2008-05-20,5157.0000,5160.0500,5072.4000,5104.9500
2008-05-21,5105.7000,5135.5500,5048.7000,5117.6500
2008-05-22,5117.0000,5118.9000,5010.7000,5025.4500
2008-05-23,5026.5500,5059.0500,4940.7000,4946.5500
2008-05-26,4953.6000,4953.6000,4858.0000,4875.0500
2008-05-27,4877.1500,4932.0000,4846.2000,4859.8000
2008-05-28,4862.7000,4926.9000,4835.6500,4918.3500
2008-05-29,4926.3000,4957.4000,4801.9000,4835.3000
2008-05-30,4844.0500,4908.8500,4833.4500,4870.1000
2008-06-02,4869.2500,4908.8000,4713.0000,4739.6000
2008-06-03,4739.3000,4739.3000,4634.0000,4715.9000
2008-06-04,4718.7000,4731.5000,4564.5000,4585.6000
2008-06-05,4586.9500,4690.6000,4536.2500,4676.9500
2008-06-06,4680.5500,4746.3000,4614.2500,4627.8000
2008-06-09,4626.4500,4626.4500,4411.6000,4500.9500
2008-06-10,4522.0000,4522.5500,4369.8000,4449.8000
2008-06-11,4469.6500,4541.0500,4468.0500,4523.6000
2008-06-12,4524.4000,4550.0000,4392.0000,4539.3500
2008-06-13,4539.5000,4563.3500,4491.3500,4517.1000
2008-06-16,4536.3000,4617.7000,4536.3000,4572.5000
2008-06-17,4572.5000,4664.0500,4561.7500,4653.0000
2008-06-18,4652.8000,4679.7500,4569.9000,4582.4000
2008-06-19,4582.5500,4585.7000,4488.9500,4504.2500
2008-06-20,4504.2000,4532.0000,4333.6000,4347.5500
2008-06-23,4351.1500,4351.1500,4225.5000,4266.4000
2008-06-24,4271.0500,4305.9000,4156.1000,4191.1000
2008-06-25,4189.6000,4264.5500,4093.2000,4252.6500
2008-06-26,4252.6000,4324.7500,4230.0000,4315.8500
2008-06-27,4315.3000,4315.3000,4119.2000,4136.6500
2008-06-30,4136.2500,4163.0000,4021.7000,4040.5500
2008-07-01,4039.7500,4075.4000,3878.2000,3896.7500
2008-07-02,3895.3000,4107.1500,3848.2500,4093.3500
2008-07-03,4094.6000,4097.3500,3874.8500,3925.7500
2008-07-04,3926.6500,4033.5000,3896.4000,4016.0000
2008-07-07,4002.0000,4114.5000,4002.0000,4030.0000
2008-07-08,4028.7000,4028.7000,3896.0500,3988.5500
2008-07-09,3990.9000,4169.4000,3990.9000,4157.1000
2008-07-10,4155.6500,4187.9500,4110.4000,4162.2000
2008-07-11,4166.0000,4215.5000,4014.4500,4049.0000
2008-07-14,4047.4500,4118.1000,4004.2500,4039.7000
2008-07-15,4039.3000,4040.7000,3835.5000,3861.1000
2008-07-16,3861.5500,3920.0500,3790.2000,3816.7000
2008-07-17,3823.1500,3968.7500,3823.1500,3947.2000
2008-07-18,3962.9500,4110.5500,3926.3000,4092.2500
2008-07-21,4092.2000,4168.1500,4072.7500,4159.5000
2008-07-22,4158.4500,4262.4500,4137.9500,4240.1000
2008-07-23,4246.7000,4491.5500,4246.7000,4476.8000
2008-07-24,4476.2000,4539.4500,4385.8500,4433.5500
2008-07-25,4440.8500,4440.8500,4297.1500,4311.8500
2008-07-28,4282.2500,4352.6500,4282.2500,4332.1000
2008-07-29,4332.2000,4332.2000,4159.1500,4189.8500
2008-07-30,4191.2000,4327.0000,4191.2000,4313.5500
2008-07-31,4314.3500,4342.0000,4285.5500,4332.9500
2008-08-01,4331.6000,4422.9500,4235.7000,4413.5500
2008-08-04,4426.1000,4436.1500,4362.9000,4395.3500
2008-08-05,4395.8000,4515.1500,4376.0000,4502.8500
2008-08-06,4506.2500,4615.9000,4503.9000,4517.5500
2008-08-07,4515.2500,4580.1500,4493.7000,4523.8500
2008-08-08,4518.3500,4546.3500,4464.0000,4529.5000
2008-08-11,4529.3500,4625.2000,4529.3500,4620.4000
2008-08-12,4620.9500,4649.8500,4525.7500,4552.2500
2008-08-13,4548.0500,4572.6500,4497.2500,4529.0500
2008-08-14,4524.2000,4529.8000,4421.2500,4430.7000
2008-08-18,4430.7000,4447.4000,4379.8500,4393.0500
2008-08-19,4393.1000,4393.7000,4316.5500,4368.2500
2008-08-20,4365.4500,4434.9000,4365.4500,4415.7500
2008-08-21,4416.2000,4418.5500,4271.3000,4283.8500
2008-08-22,4283.8500,4337.0000,4248.0000,4327.4500
2008-08-25,4317.9500,4398.8000,4317.9500,4335.3500
2008-08-26,4335.2000,4345.0500,4283.3000,4337.5000
2008-08-27,4336.8500,4364.2500,4282.6500,4292.1000
2008-08-28,4290.7500,4304.5000,4201.8500,4214.0000
2008-08-29,4230.6000,4368.8000,4230.6000,4360.0000
2008-09-01,4356.1000,4365.0000,4281.3500,4348.6500
2008-09-02,4358.8500,4522.4000,4343.1000,4504.0000
2008-09-04,4512.9500,4514.6000,4419.4500,4447.7500
2008-09-05,4444.7000,4444.7000,4328.9000,4352.3000
2008-09-08,4358.3000,4558.0000,4358.3000,4482.3000
2008-09-09,4485.1500,4497.5000,4418.9500,4468.7000
2008-09-10,4467.5000,4467.5000,4382.3500,4400.2500
2008-09-11,4397.2500,4399.3000,4272.7500,4290.3000
2008-09-12,4291.6000,4323.9000,4200.1500,4228.4500
2008-09-15,4231.9500,4237.2500,3955.4000,4072.9000
2008-09-16,4072.5500,4090.1000,3919.3500,4074.9000
2008-09-17,4074.8000,4116.7000,3974.6000,4008.2500
2008-09-18,4005.2500,4050.1000,3799.5500,4038.1500
2008-09-19,4040.8000,4262.6500,4040.8000,4245.2500
2008-09-22,4248.9500,4303.2500,4202.4000,4223.0500
2008-09-23,4223.9000,4224.7000,4117.9000,4126.9000
2008-09-24,4125.7500,4207.9500,4115.8500,4161.2500
2008-09-25,4162.1500,4172.6000,4077.5000,4110.5500
2008-09-26,4108.7500,4110.7000,3970.3500,3985.2500
2008-09-29,3990.2000,3997.5500,3777.3000,3850.0500
2008-09-30,3848.7000,3966.8500,3715.0500,3921.2000
2008-10-01,3921.8500,4000.5000,3861.2500,3950.7500
2008-10-03,3953.5500,3969.5500,3804.8500,3818.3000
2008-10-06,3817.3000,3820.8500,3581.6000,3602.3500
2008-10-07,3606.9500,3732.6500,3537.0000,3606.6000
2008-10-08,3604.4000,3604.4000,3329.4500,3513.6500
2008-10-10,3502.0500,3502.0500,3198.9500,3279.9500
2008-10-13,3272.9000,3510.2000,3272.9000,3490.7000
2008-10-14,3494.1000,3648.2500,3491.5000,3518.6500
2008-10-15,3517.9000,3518.5000,3324.5500,3338.4000
2008-10-16,3333.8500,3333.8500,3099.9000,3269.3000
2008-10-17,3269.0500,3335.9500,3046.6000,3074.3500
2008-10-20,3108.2000,3238.4000,3058.9500,3122.8000
2008-10-21,3125.4000,3254.8500,3117.3500,3234.9000
2008-10-22,3234.7000,3235.7500,3051.8000,3065.1500
2008-10-23,3064.8000,3085.1000,2917.1500,2943.1500
2008-10-24,2936.2500,2936.2500,2525.0500,2584.0000
2008-10-27,2583.7500,2585.3000,2252.7500,2524.2000
2008-10-28,2526.2000,2695.9500,2526.2000,2684.6000
2008-10-29,2685.3000,2781.2500,2631.9000,2697.0500
2008-10-31,2696.3000,2921.3500,2696.3000,2885.6000
2008-11-03,2885.4000,3062.0500,2885.4000,3043.8500
2008-11-04,3050.2500,3152.3000,2985.0000,3142.1000
2008-11-05,3155.7500,3240.5500,2971.0000,2994.9500
2008-11-06,2998.4500,3007.8000,2860.2500,2892.6500
2008-11-07,2893.2500,3010.0000,2860.1000,2973.0000
2008-11-10,2973.3000,3161.2500,2973.3000,3148.2500
2008-11-11,3147.2000,3147.2000,2919.4500,2938.6500
2008-11-12,2937.9000,2975.2000,2794.9500,2848.4500
2008-11-14,2848.0000,2938.8000,2778.8000,2810.3500
2008-11-17,2813.4000,2835.7000,2694.5000,2799.5500
2008-11-18,2802.4500,2802.4500,2664.3000,2683.1500
2008-11-19,2682.7500,2772.4000,2617.9000,2635.0000
2008-11-20,2634.2000,2634.2000,2502.9000,2553.1500
2008-11-21,2553.6000,2718.6000,2539.8000,2693.4500
2008-11-24,2690.8500,2740.3500,2633.8000,2708.2500
2008-11-25,2708.3000,2790.7000,2638.2000,2654.0000
2008-11-26,2652.4500,2762.6000,2643.3500,2752.2500
2008-11-28,2745.7000,2779.0000,2690.3000,2755.1000
2008-12-01,2755.1500,2832.8500,2669.5000,2682.9000
2008-12-02,2672.9000,2672.9000,2570.7000,2657.8000
2008-12-03,2657.5000,2693.6500,2611.9500,2656.4500
2008-12-04,2656.5000,2793.8000,2646.3500,2788.0000
2008-12-05,2786.6500,2821.1500,2701.3500,2714.4000
2008-12-08,2714.7000,2861.5500,2714.7000,2784.0000
2008-12-10,2785.7000,2940.1500,2785.7000,2928.2500
2008-12-11,2934.0500,2945.3000,2861.5500,2920.1500
2008-12-12,2915.3500,2936.8000,2812.5500,2921.3500
2008-12-15,2917.9000,3012.1000,2917.9000,2981.2000
2008-12-16,2983.6000,3052.5500,2963.3000,3041.7500
2008-12-17,3040.4500,3076.2000,2943.5000,2954.3500
2008-12-18,2955.3500,3072.5500,2922.6500,3060.7500
2008-12-19,3063.0000,3106.8000,3036.3000,3077.5000
2008-12-22,3077.2500,3110.4500,3027.8000,3039.3000
2008-12-23,3039.2500,3040.0000,2957.0500,2968.6500
2008-12-24,2967.4000,2968.0000,2900.4500,2916.8500
2008-12-26,2919.8500,2960.9500,2844.8000,2857.2500
2008-12-29,2857.1500,2931.8000,2812.9000,2922.2000
2008-12-30,2922.5500,2999.1500,2899.7500,2979.5000
2008-12-31,2979.8000,3002.6500,2937.3500,2959.1500
2009-01-01,2963.3000,3039.2500,2963.3000,3033.4500
2009-01-02,3034.6000,3079.8500,3021.8000,3046.7500
2009-01-05,3058.7500,3131.9500,3056.4500,3121.4500
2009-01-06,3121.5000,3141.8000,3056.1000,3112.8000
2009-01-07,3112.8000,3147.2000,2888.2000,2920.4000
2009-01-09,2919.9500,2929.8500,2810.2500,2873.0000
2009-01-12,2868.8500,2869.2000,2748.5500,2773.1000
2009-01-13,2775.0000,2802.6000,2720.8000,2744.9500
2009-01-14,2748.4000,2853.2500,2748.4000,2835.3000
2009-01-15,2832.3000,2832.3000,2701.7500,2736.7000
2009-01-16,2737.0000,2835.6500,2724.2000,2828.4500
2009-01-19,2828.7000,2868.2000,2819.9000,2846.2000
2009-01-20,2842.9000,2842.9000,2758.0000,2796.6000
2009-01-21,2777.4000,2787.3000,2690.2000,2706.1500
2009-01-22,2714.7000,2744.8500,2681.4000,2713.8000
2009-01-23,2705.4500,2765.5500,2661.6500,2678.5500
2009-01-27,2686.0500,2777.3000,2685.2500,2771.3500
2009-01-28,2771.1000,2855.4000,2765.6000,2849.5000
2009-01-29,2849.3500,2873.8500,2795.3500,2823.9500
2009-01-30,2824.0500,2881.0000,2774.1000,2874.8000
2009-02-02,2872.3500,2873.4500,2760.7000,2766.6500
2009-02-03,2773.5000,2831.7000,2752.9000,2783.9000
2009-02-04,2780.7000,2842.2000,2780.7000,2803.0500
2009-02-05,2802.7500,2816.8000,2754.8500,2780.0500
2009-02-06,2779.3500,2852.5000,2778.6500,2843.1000
2009-02-09,2843.0500,2926.7500,2840.1500,2919.9000
2009-02-10,2919.7000,2957.4000,2891.7500,2934.5000
2009-02-11,2933.0000,2937.5000,2877.6000,2925.7000
2009-02-12,2927.4000,2939.0000,2886.5500,2893.0500
2009-02-13,2896.9500,2969.7500,2896.8500,2948.3500
2009-02-16,2948.2500,2953.2000,2839.1000,2848.5000
2009-02-17,2853.8500,2854.6500,2757.3000,2770.5000
2009-02-18,2755.1500,2806.5000,2736.6500,2776.1500
2009-02-19,2776.7000,2802.1500,2767.6000,2789.3500
2009-02-20,2789.3000,2789.3000,2709.3000,2736.4500
2009-02-24,2737.2500,2746.2000,2677.5500,2733.9000
2009-02-25,2733.4500,2789.3500,2733.4500,2762.5000
2009-02-26,2762.2000,2797.8000,2731.9000,2785.6500
2009-02-27,2785.7000,2787.2000,2708.4500,2763.6500
2009-03-02,2764.6000,2764.6000,2659.5500,2674.6000
2009-03-03,2672.1500,2688.5000,2611.5500,2622.4000
2009-03-04,2611.9500,2655.7000,2611.9500,2645.2000
2009-03-05,2645.9000,2663.9000,2564.1000,2576.7000
2009-03-06,2576.7500,2628.1000,2539.4500,2620.1500
2009-03-09,2620.1000,2621.2500,2555.6000,2573.1500
2009-03-12,2574.5000,2646.1000,2574.5000,2617.4500
2009-03-13,2616.6000,2726.1500,2616.6000,2719.2500
2009-03-16,2716.0500,2781.9500,2701.9500,2777.2500
2009-03-17,2776.3500,2805.6000,2738.7000,2757.4500
2009-03-18,2757.6500,2836.0500,2752.2500,2794.7000
2009-03-19,2797.0500,2822.2500,2771.3500,2807.1500
2009-03-20,2807.3500,2816.1000,2773.6500,2807.0500
2009-03-23,2807.2500,2949.7500,2807.2500,2939.9000
2009-03-24,2923.8000,3017.4000,2914.5000,2938.7000
2009-03-25,2938.8000,2996.5000,2923.3000,2984.3500
2009-03-26,2982.2500,3103.3500,2982.2500,3082.2500
2009-03-27,3079.4000,3123.3500,3055.9000,3108.6500
2009-03-30,3108.7500,3110.2000,2962.4000,2978.1500
2009-03-31,2981.7000,3054.3000,2966.4000,3020.9500
2009-04-01,3023.8500,3069.3000,2965.7000,3060.3500
2009-04-02,3061.0500,3228.7500,3061.0500,3211.0500
2009-04-06,3211.3500,3303.9000,3211.3500,3256.6000
2009-04-08,3255.3500,3357.0500,3149.2500,3342.9500
2009-04-09,3346.0000,3401.1500,3307.0500,3342.0500
2009-04-13,3342.2000,3417.8000,3334.1500,3382.6000
2009-04-15,3381.4500,3497.5500,3311.8000,3484.1500
2009-04-16,3484.3500,3511.2500,3354.2000,3369.5000
2009-04-17,3369.5000,3489.8500,3359.2500,3384.4000
2009-04-20,3384.7500,3441.1000,3339.4500,3377.1000
2009-04-21,3376.8500,3414.7000,3309.3500,3365.3000
2009-04-22,3364.6000,3401.1000,3296.9000,3330.3000
2009-04-23,3330.5000,3439.9000,3310.5000,3423.7000
2009-04-24,3423.6000,3491.3500,3402.9000,3480.7500
2009-04-27,3481.3000,3517.2500,3435.3000,3470.0000
2009-04-28,3469.5000,3471.9500,3351.5000,3362.3500
2009-04-29,3371.6500,3486.4000,3366.7000,3473.9500
2009-05-04,3478.7000,3664.5000,3478.7000,3654.0000
2009-05-05,3664.5000,3682.2000,3618.7500,3661.9000
2009-05-06,3662.0000,3717.0500,3608.6500,3625.0500
2009-05-07,3617.1500,3692.0500,3617.1500,3683.9000
2009-05-08,3681.8000,3711.2500,3582.8500,3620.7000
2009-05-11,3615.7500,3660.2000,3534.5500,3554.6000
2009-05-12,3554.6500,3691.6500,3534.2000,3681.1000
2009-05-13,3668.7500,3709.6000,3610.2000,3635.2500
2009-05-14,3631.9000,3631.9000,3537.6000,3593.4500
2009-05-15,3597.8500,3686.2500,3597.8500,3671.6500
2009-05-18,3673.1500,4384.3000,3673.1500,4323.1500
2009-05-19,4324.9500,4509.4000,4167.6500,4318.4500
2009-05-20,4318.7500,4362.8500,4244.7000,4270.3000
2009-05-21,4270.3500,4319.0000,4199.2000,4210.9000
2009-05-22,4211.8500,4249.5000,4155.8500,4238.5000
2009-05-25,4238.1000,4270.0500,4205.1000,4237.5500
2009-05-26,4239.5500,4256.0500,4092.2500,4116.7000
2009-05-27,4117.3000,4286.4500,4115.2500,4276.0500
2009-05-28,4276.1500,4354.8500,4254.8500,4337.1000
2009-05-29,4340.7500,4488.0500,4340.7500,4448.9500
2009-06-01,4450.4000,4545.4000,4450.4000,4529.9000
2009-06-02,4530.4500,4586.4000,4451.3000,4525.2500
2009-06-03,4525.5000,4574.9000,4478.6000,4530.7000
2009-06-04,4530.3000,4582.2000,4453.4500,4572.6500
2009-06-05,4573.3000,4636.8500,4561.9500,4586.9000
2009-06-08,4582.3500,4611.4000,4404.6500,4429.9000
2009-06-09,4427.7500,4562.4500,4365.1000,4550.9500
2009-06-10,4551.7000,4688.9500,4551.7000,4655.2500
2009-06-11,4657.4000,4679.5500,4586.1500,4637.7000
2009-06-12,4637.5500,4693.2000,4566.1500,4583.4000
2009-06-15,4584.6500,4601.0500,4469.6000,4484.0000
2009-06-16,4478.1000,4537.9500,4405.9500,4517.8000
2009-06-17,4515.3500,4517.8000,4332.8000,4356.1500
2009-06-18,4352.9500,4375.3000,4222.1500,4251.4000
2009-06-19,4251.1000,4326.2000,4206.7000,4313.6000
2009-06-22,4314.2000,4352.2500,4221.9000,4235.2500
2009-06-23,4223.3000,4267.4500,4143.2500,4247.0000
2009-06-24,4247.3000,4307.0000,4218.2500,4292.9500
2009-06-25,4293.8500,4337.9500,4221.1500,4241.8500
2009-06-26,4243.9500,4383.7500,4243.9500,4375.5000
2009-06-29,4375.4000,4439.9500,4350.9000,4390.9500
2009-06-30,4391.5000,4426.7500,4267.3500,4291.1000
2009-07-01,4292.3000,4362.3000,4249.7000,4340.9000
2009-07-02,4373.5000,4383.6500,4288.7500,4348.8500
2009-07-03,4347.3000,4434.4500,4298.9500,4424.2500
2009-07-06,4429.6000,4479.8000,4133.7000,4165.7000
2009-07-07,4166.0000,4231.8000,4155.5000,4202.1500
2009-07-08,4201.8500,4201.8500,4061.1000,4078.9000
2009-07-09,4078.7500,4114.9000,4039.8500,4080.9500
2009-07-10,4081.4000,4129.9500,3976.8000,4003.9000
2009-07-13,4003.4000,4003.4000,3918.7500,3974.0500
2009-07-14,3974.1000,4128.9000,3974.1000,4111.4000
2009-07-15,4120.8000,4249.5500,4118.7500,4233.5000
2009-07-16,4223.5000,4305.0000,4205.5000,4231.4000
2009-07-17,4231.4500,4390.4000,4230.1500,4374.9500
2009-07-20,4377.9000,4510.3000,4377.9000,4502.2500
2009-07-21,4501.5000,4524.0000,4436.6000,4469.1000
2009-07-22,4469.3000,4557.9500,4380.4500,4398.9000
2009-07-23,4409.7000,4532.4000,4405.9500,4523.7500
2009-07-24,4524.8000,4578.7500,4504.8500,4568.5500
2009-07-27,4568.6500,4596.7500,4528.5000,4572.3000
2009-07-28,4572.8000,4599.9000,4529.1500,4564.1000
2009-07-29,4565.8000,4573.8500,4420.8000,4513.5000
2009-07-30,4513.1000,4582.3500,4474.5000,4571.4500
2009-07-31,4571.6000,4669.7500,4571.6000,4636.4500
2009-08-03,4633.8000,4723.7500,4617.7500,4711.4000
2009-08-04,4706.2500,4731.4500,4642.6000,4680.5000
2009-08-05,4680.9500,4717.2000,4629.8500,4694.1500
2009-08-06,4694.3500,4718.1500,4559.2000,4585.5000
2009-08-07,4591.9000,4591.9000,4463.9500,4481.4000
2009-08-10,4486.5000,4562.5000,4399.8500,4437.6500
2009-08-11,4435.0000,4510.8000,4398.9000,4471.3500
2009-08-12,4473.8000,4473.8000,4359.4000,4457.5000
2009-08-13,4458.5500,4614.1500,4458.5500,4605.0000
2009-08-14,4605.1500,4619.0000,4559.3500,4580.0500
2009-08-17,4578.8000,4578.8000,4374.6000,4387.9000
2009-08-18,4389.5000,4491.4500,4372.6500,4458.9000
2009-08-19,4457.7500,4477.5500,4353.4500,4394.1000
2009-08-20,4394.3500,4492.8000,4394.3500,4453.4500
2009-08-21,4453.4500,4538.7000,4400.9000,4528.8000
2009-08-24,4536.9500,4656.3000,4536.9500,4642.8000
2009-08-25,4641.6500,4672.9000,4582.5000,4659.3500
2009-08-26,4659.4500,4697.8000,4659.1000,4680.8500
2009-08-27,4679.0000,4707.9000,4645.1500,4688.2000
2009-08-28,4688.4000,4743.7500,4651.4000,4732.3500
2009-08-31,4730.8500,4730.8500,4635.0000,4662.1000
2009-09-01,4662.2000,4735.9000,4600.6500,4625.3500
2009-09-02,4624.0000,4650.4500,4576.6000,4608.3500
2009-09-03,4608.7500,4647.3500,4581.0500,4593.5500
2009-09-04,4608.7000,4697.2000,4580.3500,4680.4000
2009-09-07,4682.4000,4790.0000,4679.3000,4782.9000
2009-09-08,4782.8500,4842.2000,4782.6500,4805.2500
2009-09-09,4804.9000,4825.0500,4783.5000,4814.2500
2009-09-10,4814.3500,4889.0500,4807.9000,4819.4000
2009-09-11,4819.4000,4856.1500,4791.5500,4829.5500
2009-09-14,4830.3500,4832.2500,4786.2500,4808.6000
2009-09-15,4808.3500,4899.4500,4808.3500,4892.1000
2009-09-16,4894.6500,4966.3000,4894.6500,4958.4000
2009-09-17,4958.5500,5003.0500,4944.1500,4965.5500
2009-09-18,4963.9500,4980.8500,4931.9000,4976.0500
2009-09-22,4977.1000,5036.3000,4977.1000,5020.2000
2009-09-23,5019.9500,5030.7500,4957.0500,4969.9500
2009-09-24,4977.1500,5016.7000,4904.0500,4986.5500
2009-09-25,4985.1000,4994.3500,4931.2500,4958.9500
2009-09-29,4959.1500,5020.2500,4959.1000,5006.8500
2009-09-30,5007.6500,5087.6000,5004.3500,5083.9500
2009-10-01,5087.2000,5110.5000,5057.0500,5083.4000
2009-10-05,5076.0500,5076.0500,4991.9500,5003.2000
2009-10-06,5003.6500,5034.7000,4921.0500,5027.4000
2009-10-07,5031.7000,5077.0000,4972.9500,4985.7500
2009-10-08,5011.2500,5043.0500,4971.7500,5002.2500
2009-10-09,4993.0000,5032.6000,4934.5500,4945.2000
2009-10-12,4945.4500,5068.0500,4945.4500,5054.2500
2009-10-14,5054.3500,5127.4000,5054.3500,5118.2000
2009-10-15,5118.5500,5152.2500,5077.1000,5108.8500
2009-10-16,5108.6500,5149.6500,5093.2000,5142.1500
2009-10-17,5159.3500,5176.8000,5124.2500,5141.8000
2009-10-20,5145.6000,5181.9500,5102.6500,5114.4500
2009-10-21,5114.8500,5117.4500,5051.6500,5063.6000
2009-10-22,5063.3500,5064.2500,4968.4500,4988.6000
2009-10-23,4986.5500,5054.9500,4983.2500,4997.0500
2009-10-26,4997.1500,5033.7500,4961.3500,4970.9000
2009-10-27,4970.5500,4970.5500,4829.5000,4846.7000
2009-10-28,4846.5500,4867.0000,4784.1000,4826.1500
2009-10-29,4826.1000,4826.1000,4738.4000,4750.5500
2009-10-30,4751.1000,4853.6500,4687.5000,4711.7000
2009-11-03,4712.2500,4729.8500,4538.5000,4563.9000
2009-11-04,4567.3000,4717.8000,4565.0000,4710.8000
2009-11-05,4711.6500,4776.3500,4610.6000,4765.5500
2009-11-06,4767.5000,4836.2000,4764.8500,4796.1500
2009-11-09,4796.1500,4905.2500,4789.9000,4898.4000
2009-11-10,4898.9000,4947.7000,4860.1000,4881.7000
2009-11-11,4882.3000,5016.7000,4870.0500,5003.9500
2009-11-12,5004.4000,5014.4000,4924.7500,4952.6500
2009-11-13,4952.3500,5017.9000,4942.6500,4998.9500
2009-11-16,4996.5000,5073.2000,4994.0000,5058.0500
2009-11-17,5058.9500,5074.0000,5010.1500,5062.2500
2009-11-18,5061.5000,5079.3000,5041.6500,5054.7000
2009-11-19,5043.9500,5053.4500,4963.7000,4989.0000
2009-11-20,4988.7500,5063.3000,4932.8000,5052.4500
2009-11-23,5052.9500,5113.1000,5052.1000,5103.5500
2009-11-24,5105.0000,5112.8500,5053.5000,5090.5500
2009-11-25,5091.5500,5138.0000,5078.3500,5108.1500
2009-11-26,5116.4500,5116.4500,4986.0500,5005.5500
2009-11-27,5005.0500,5005.0500,4806.7000,4941.7500
2009-11-30,4942.2500,5066.3500,4942.2500,5032.7000
2009-12-01,5039.7000,5130.3500,5038.8500,5122.0000
2009-12-02,5122.7500,5161.7500,5111.7500,5123.2500
2009-12-03,5124.5500,5181.0000,5106.6000,5131.7000
2009-12-04,5131.7000,5161.8000,5081.8500,5108.9000
2009-12-07,5108.8500,5131.3000,5051.5500,5066.7000
2009-12-08,5068.5500,5152.5500,5058.9000,5147.9500
2009-12-09,5147.6500,5147.6500,5090.6000,5112.0000
2009-12-10,5112.4000,5146.4500,5084.6500,5134.6500
2009-12-11,5136.0500,5182.5500,5088.4000,5117.3000
2009-12-14,5117.4500,5156.7000,5090.1500,5105.7000
2009-12-15,5105.7500,5129.4500,5018.2500,5033.0500
2009-12-16,5032.9500,5067.2500,5001.8000,5042.0500
2009-12-17,5046.6500,5064.2000,5013.1500,5041.7500
2009-12-18,5042.0000,5043.4000,4979.0500,4987.7000
2009-12-21,4983.6500,4997.8500,4943.9500,4952.6000
2009-12-22,4953.3500,4997.3000,4953.3500,4985.8500
2009-12-23,4990.0500,5150.6000,4990.0500,5144.6000
2009-12-24,5144.8000,5197.9000,5129.0500,5178.4000
2009-12-29,5180.7500,5214.6000,5175.8500,5187.9500
2009-12-30,5188.7500,5197.0500,5160.1000,5169.4500
2009-12-31,5171.2000,5221.8500,5168.7500,5201.0500
2010-01-04,5200.9000,5238.4500,5167.1000,5232.2000
2010-01-05,5277.1500,5288.3500,5242.4000,5277.9000
2010-01-06,5278.1500,5310.8500,5260.0500,5281.8000
2010-01-07,5281.8000,5302.5500,5244.7500,5263.1000
2010-01-08,5264.2500,5276.7500,5234.7000,5244.7500
2010-01-11,5263.8000,5287.2000,5227.8000,5249.4000
2010-01-12,5251.1000,5300.5000,5200.9500,5210.4000
2010-01-13,5212.6000,5239.2000,5169.5500,5233.9500
2010-01-14,5234.5000,5272.8500,5232.5000,5259.9000
2010-01-15,5259.9000,5279.8500,5242.4500,5252.2000
2010-01-18,5253.6500,5292.5000,5228.9500,5274.8500
2010-01-19,5274.2000,5287.8000,5218.6500,5225.6500
2010-01-20,5226.1000,5256.7000,5201.4000,5221.7000
2010-01-21,5220.2000,5220.3500,5085.4500,5094.1500
2010-01-22,5094.1500,5094.1500,4954.8500,5036.0000
2010-01-25,5034.5500,5035.7000,4983.0500,5007.9000
2010-01-27,5008.5000,5008.5000,4833.0500,4853.1000
2010-01-28,4863.0000,4929.9000,4824.9500,4867.2500
2010-01-29,4866.1500,4893.7000,4766.0000,4882.0500
2010-02-01,4882.0500,4918.8000,4827.1500,4899.7000
2010-02-02,4907.8500,4951.1500,4814.1000,4830.1000
2010-02-03,4831.0000,4949.1500,4831.0000,4931.8500
2010-02-04,4931.3000,4931.3000,4832.3500,4845.3500
2010-02-05,4819.6500,4827.0000,4692.3500,4718.6500
2010-02-06,4712.7500,4768.1500,4712.7500,4757.2500
2010-02-08,4755.3500,4799.0500,4675.4000,4760.4000
2010-02-09,4760.5500,4810.4000,4739.3500,4792.6500
2010-02-10,4793.0000,4826.8500,4748.1000,4757.2000
2010-02-11,4757.2500,4843.8000,4757.2500,4826.8500
2010-02-15,4827.9000,4845.6000,4783.9000,4801.9500
2010-02-16,4801.8000,4880.0000,4791.3500,4855.7500
2010-02-17,4858.6500,4929.7000,4857.6000,4914.0000
2010-02-18,4915.1000,4922.0500,4873.7000,4887.7500
2010-02-19,4887.3000,4887.3000,4805.5500,4844.9000
2010-02-22,4849.3500,4912.0500,4845.9000,4856.4000
2010-02-23,4856.6000,4884.1000,4833.1500,4870.0500
2010-02-24,4869.5500,4880.5500,4834.6500,4858.6000
2010-02-25,4859.0000,4880.1500,4835.6000,4859.7500
2010-02-26,4858.5000,4992.0000,4858.4500,4922.3000
2010-03-02,4935.6000,5029.4500,4935.3500,5017.0000
2010-03-03,5015.8000,5093.2500,5015.1000,5088.1000
2010-03-04,5096.9500,5096.9500,5049.0000,5080.2500
2010-03-05,5080.5500,5118.6500,5068.0500,5088.7000
2010-03-08,5092.1500,5147.1000,5092.1500,5124.0000
2010-03-09,5121.0500,5131.8000,5094.3500,5101.5000
2010-03-10,5101.6000,5137.4000,5092.0500,5116.2500
2010-03-11,5116.3500,5152.6000,5102.1000,5133.4000
2010-03-12,5131.8000,5158.1000,5122.1000,5137.0000
2010-03-15,5134.4500,5151.0500,5101.2000,5128.9000
2010-03-16,5128.9500,5209.2500,5125.7000,5198.1000
2010-03-17,5198.4500,5260.5000,5177.1500,5231.9000
2010-03-18,5232.5500,5255.6500,5214.4000,5245.9000
2010-03-19,5246.8000,5269.9500,5237.1000,5262.8000
2010-03-22,5260.9500,5260.9500,5187.0500,5205.2000
2010-03-23,5205.8500,5243.6000,5193.4000,5225.3000
2010-03-25,5225.3000,5267.3000,5202.9500,5260.4000
2010-03-26,5260.5500,5293.7500,5260.5500,5282.0000
2010-03-29,5283.9000,5329.5500,5242.1500,5302.8500
2010-03-30,5302.9500,5325.0000,5251.3500,5262.4500
2010-03-31,5260.4000,5293.9000,5235.1500,5249.1000
2010-04-01,5249.2000,5298.6000,5249.2000,5290.5000
2010-04-05,5291.4000,5377.5500,5291.4000,5368.4000
2010-04-06,5369.6500,5388.6500,5351.7000,5366.0000
2010-04-07,5365.7000,5399.6500,5345.0500,5374.6500
2010-04-08,5376.3000,5383.6500,5290.2500,5304.4500
2010-04-09,5302.4000,5377.4500,5302.2500,5361.7500
2010-04-12,5354.1500,5382.1500,5324.9000,5339.7000
2010-04-13,5340.8500,5356.5000,5301.7000,5322.9500
2010-04-15,5323.3000,5373.1500,5265.3000,5273.6000
2010-04-16,5273.4000,5283.0500,5237.5500,5262.6000
2010-04-19,5279.0500,5279.0500,5160.9000,5203.6500
2010-04-20,5208.3000,5257.2500,5208.3000,5230.1000
2010-04-21,5230.3000,5266.3000,5230.3000,5244.9000
2010-04-22,5248.6000,5331.8000,5221.1000,5269.3500
2010-04-23,5269.6500,5311.0500,5269.6500,5304.1000
2010-04-26,5299.3500,5342.3500,5299.3500,5322.4500
2010-04-27,5322.1000,5330.5500,5301.4000,5308.3500
2010-04-28,5308.2000,5308.2500,5202.4500,5215.4500
2010-04-29,5215.2500,5264.7500,5214.8000,5254.1500
2010-04-30,5254.2000,5294.8000,5254.2000,5278.0000
2010-05-03,5278.4000,5278.7000,5210.0500,5222.7500
2010-05-04,5223.9000,5250.1500,5134.8500,5148.5000
2010-05-05,5148.3500,5148.3500,5056.5000,5124.9000
2010-05-06,5124.4000,5124.9000,5037.7500,5090.8500
2010-05-07,5072.3000,5085.6500,4984.6000,5018.0500
2010-05-10,5026.6000,5203.3000,5026.6000,5193.6000
2010-05-11,5189.7500,5206.7000,5126.5000,5136.1500
2010-05-12,5133.7500,5172.8500,5098.8000,5156.6500
2010-05-13,5157.5500,5212.7000,5147.9500,5178.9000
2010-05-14,5180.5500,5192.7500,5070.9500,5093.5000
2010-05-17,5093.9000,5094.5500,4966.2500,5059.9000
2010-05-18,5059.5500,5105.2000,5024.2500,5066.2000
2010-05-19,5065.1000,5065.1000,4908.1500,4919.6500
2010-05-20,4924.3000,4980.2500,4924.3000,4947.6000
2010-05-21,4946.7000,4946.7000,4842.3000,4931.1500
2010-05-24,4944.3000,5029.5500,4923.4500,4943.9500
2010-05-25,4945.3000,4946.6000,4786.4500,4806.7500
2010-05-26,4807.3000,4925.4500,4807.3000,4917.4000
2010-05-27,4915.1500,5016.6000,4897.6000,5003.1000
2010-05-28,5005.6000,5077.2500,5005.6000,5066.5500
2010-05-31,5076.1000,5097.6000,5038.5500,5086.3000
2010-06-01,5086.2500,5086.9500,4961.0500,4970.2000
2010-06-02,4970.7500,5031.2000,4967.0500,5019.8500
2010-06-03,5020.1500,5125.7000,5020.1500,5110.5000
2010-06-04,5112.6000,5147.9000,5091.6000,5135.5000
2010-06-07,5132.9500,5132.9500,5004.2500,5034.0000
2010-06-08,5036.7000,5071.3500,4967.3000,4987.1000
2010-06-09,4985.0500,5050.6000,4980.1000,5000.3000
2010-06-10,4999.6000,5085.2000,4997.6000,5078.6000
2010-06-11,5078.7500,5139.0500,5078.7500,5119.3500
2010-06-14,5120.1500,5201.2500,5120.1500,5197.7000
2010-06-15,5201.3000,5231.4500,5171.0500,5222.3500
2010-06-16,5225.0500,5255.6500,5214.9000,5233.3500
2010-06-17,5233.6500,5285.5500,5206.5500,5274.8500
2010-06-18,5274.9500,5302.3000,5245.5000,5262.6000
2010-06-21,5266.5000,5366.7500,5266.5000,5353.3000
2010-06-22,5353.9500,5354.3500,5311.0500,5316.5500
2010-06-23,5316.1500,5333.3000,5288.1500,5323.1500
2010-06-24,5323.2500,5348.3000,5284.5500,5320.6000
2010-06-25,5320.5000,5320.5000,5259.9000,5269.0500
2010-06-28,5271.1000,5339.4500,5270.7500,5333.5000
2010-06-29,5333.5500,5334.1500,5235.8000,5256.1500
2010-06-30,5254.2500,5320.3500,5210.0000,5312.5000
2010-07-01,5312.0500,5312.5500,5232.1000,5251.4000
2010-07-02,5251.2500,5277.2500,5225.6000,5237.1000
2010-07-05,5237.0000,5252.7500,5225.8500,5235.9000
2010-07-06,5236.1000,5297.4500,5231.5000,5289.0500
2010-07-07,5293.1000,5296.7500,5233.4500,5241.1000
2010-07-08,5242.0000,5320.5000,5242.0000,5296.8500
2010-07-09,5297.2000,5359.0500,5297.2000,5352.4500
2010-07-12,5352.2500,5402.7000,5351.6000,5383.0000
2010-07-13,5370.2000,5406.2000,5357.8500,5400.6500
2010-07-14,5402.0000,5453.4500,5371.7000,5386.1500
2010-07-15,5387.1000,5399.2000,5360.6000,5378.7500
2010-07-16,5376.6500,5401.3500,5374.4000,5393.9000
2010-07-19,5392.7000,5409.1000,5361.5000,5386.4500
2010-07-20,5387.0000,5416.4500,5353.6000,5368.0000
2010-07-21,5368.8500,5409.1000,5368.8500,5399.3500
2010-07-22,5399.1500,5447.1500,5372.2000,5441.9500
2010-07-23,5441.9000,5477.5000,5435.1500,5449.1000
2010-07-26,5446.5500,5466.2500,5409.2000,5418.6000
2010-07-27,5420.2000,5450.9500,5407.2000,5430.6000
2010-07-28,5436.1000,5447.8500,5386.2500,5397.5500
2010-07-29,5397.8500,5415.8500,5381.5500,5408.9000
2010-07-30,5408.4000,5413.2500,5349.2000,5367.6000
2010-08-02,5369.5500,5438.8500,5351.3000,5431.6500
2010-08-03,5432.5000,5459.2000,5426.4000,5439.5500
2010-08-04,5441.3500,5481.9000,5428.4000,5467.8500
2010-08-05,5470.1500,5487.1500,5443.1000,5447.1000
2010-08-06,5448.2500,5471.9000,5431.3500,5439.2500
2010-08-09,5439.8000,5492.3000,5433.2500,5486.1500
2010-08-10,5486.8000,5491.4500,5445.3500,5460.7000
2010-08-11,5460.7000,5474.6000,5412.0000,5420.6000
2010-08-12,5418.7000,5431.1000,5372.4500,5416.4500
2010-08-13,5420.6500,5476.5000,5415.5000,5452.1000
2010-08-16,5452.1000,5465.2500,5397.4000,5418.3000
2010-08-17,5422.1500,5443.5500,5408.8000,5414.1500
2010-08-18,5416.2500,5487.9500,5416.2500,5479.1500
2010-08-19,5478.2500,5544.7000,5478.1000,5540.2000
2010-08-20,5540.8000,5546.6000,5513.3500,5530.6500
2010-08-23,5531.1500,5549.8000,5519.4000,5543.5000
2010-08-24,5541.1000,5547.2500,5488.4500,5505.1000
2010-08-25,5505.3000,5506.1500,5452.5500,5462.3500
2010-08-26,5462.1000,5486.5500,5454.7000,5477.9000
2010-08-27,5489.6000,5495.2000,5391.9500,5408.7000
2010-08-30,5408.9000,5469.0000,5390.3500,5415.4500
2010-08-31,5413.5500,5413.9000,5348.9000,5402.4000
2010-09-01,5403.0500,5478.6000,5403.0500,5471.8500
2010-09-02,5471.9000,5513.9500,5471.8500,5486.1500
2010-09-03,5486.3000,5510.4000,5473.6500,5479.4000
2010-09-06,5479.5500,5589.4000,5479.5500,5576.9500
2010-09-07,5575.9000,5625.5000,5571.6500,5604.0000
2010-09-08,5604.2500,5625.3000,5567.7500,5607.8500
2010-09-09,5608.3000,5647.4500,5608.1000,5640.0500
2010-09-13,5639.2000,5770.6000,5639.2000,5760.0000
2010-09-14,5760.3000,5838.4500,5760.3000,5795.5500
2010-09-15,5795.2500,5869.4500,5792.2000,5860.9500
2010-09-16,5861.1000,5901.6500,5815.8000,5828.7000
2010-09-17,5828.7000,5898.4000,5828.7000,5884.9500
2010-09-20,5885.0500,5989.5000,5885.0500,5980.4500
2010-09-21,5980.5000,6032.8000,5961.8500,6009.0500
2010-09-22,6008.4000,6037.4000,5946.4500,5991.0000
2010-09-23,5991.0500,6006.8000,5932.4000,5959.5500
2010-09-24,5959.4500,6029.1000,5951.2000,6018.3000
2010-09-27,6018.3000,6073.5000,6018.3000,6035.6500
2010-09-28,6036.0500,6049.8000,5991.3000,6029.5000
2010-09-29,6029.1500,6071.5500,5979.6500,5991.3000
2010-09-30,5991.3500,6048.4500,5963.6000,6029.9500
2010-10-01,6030.3000,6153.1000,6030.3000,6143.4000
2010-10-04,6144.7000,6222.1000,6144.7000,6159.4500
2010-10-05,6159.4500,6188.3500,6118.0500,6145.8000
2010-10-06,6150.9500,6223.4000,6148.6000,6186.4500
2010-10-07,6186.8500,6199.4500,6107.5000,6120.3000
2010-10-08,6121.4000,6148.6000,6067.0000,6103.4500
2010-10-11,6105.9500,6187.7500,6105.9500,6135.8500
2010-10-12,6135.9500,6144.9500,6057.9500,6090.9000
2010-10-13,6091.4500,6240.2500,6089.7500,6233.9000
2010-10-14,6234.3000,6284.1000,6157.9000,6177.3500
2010-10-15,6175.9000,6200.6000,6050.3500,6062.6500
2010-10-18,6112.7500,6115.1000,5985.1000,6075.9500
2010-10-19,6114.4500,6127.0500,6008.1500,6027.3000
2010-10-20,6002.9500,6038.1000,5966.7500,5982.1000
2010-10-21,6008.9000,6113.5000,5984.9000,6101.5000
2010-10-22,6113.4000,6121.1000,6041.3500,6066.0500
2010-10-25,6101.2500,6151.3000,6094.6000,6105.8000
2010-10-26,6116.3000,6120.2500,6074.6500,6082.0000
2010-10-27,6075.4500,6075.9500,5987.5500,6012.6500
2010-10-28,6039.9500,6071.1000,5968.1000,5987.7000
2010-10-29,6021.1500,6032.6500,5937.1000,6017.7000
2010-11-01,6092.3000,6132.4000,6084.7500,6117.5500
2010-11-02,6127.5500,6138.1000,6094.4000,6119.0000
2010-11-03,6150.6000,6182.5000,6146.8000,6160.5000
2010-11-04,6209.6000,6290.1500,6199.3500,6281.8000
2010-11-05,6321.8500,6338.5000,6303.1000,6312.4500
2010-11-08,6335.2500,6335.9000,6265.3500,6273.2000
2010-11-09,6281.0000,6310.9000,6243.5500,6301.5500
2010-11-10,6303.2000,6307.6500,6269.2500,6275.7000
2010-11-11,6286.3500,6296.5500,6179.5000,6194.2500
2010-11-12,6182.3000,6202.5000,6056.7500,6071.6500
2010-11-15,6079.9000,6128.7500,6039.4000,6121.6000
2010-11-16,6143.4500,6144.0500,5970.6000,5988.7000
2010-11-18,6075.9500,6076.2000,5906.7500,5998.8000
2010-11-19,6011.3000,6013.2500,5863.9500,5890.3000
2010-11-22,5920.9000,6020.2500,5905.1500,6010.0000
2010-11-23,5971.5500,5973.3500,5824.9500,5934.7500
2010-11-24,5946.8000,5976.6500,5833.6000,5865.7500
2010-11-25,5883.9500,5907.1000,5780.3500,5799.7500
2010-11-26,5828.5500,5838.5000,5690.3500,5751.9500
2010-11-29,5789.9500,5843.1500,5754.7000,5830.0000
2010-11-30,5811.6000,5892.2500,5768.3500,5862.7000
2010-12-01,5871.0000,5971.0000,5865.5500,5960.9000
2010-12-02,6023.0500,6029.5000,5980.6000,6011.7000
2010-12-03,6013.3500,6025.4000,5964.2500,5992.8000
2010-12-06,6033.6500,6069.4500,5981.7000,5992.2500
2010-12-07,5995.0500,6001.0000,5939.7000,5976.5500
2010-12-08,5954.4000,5960.0000,5878.6000,5903.7000
2010-12-09,5924.2500,5927.3000,5742.3000,5766.5000
2010-12-10,5761.0000,5865.5000,5721.1500,5857.3500
2010-12-13,5882.6500,5913.8000,5795.9000,5907.6500
2010-12-14,5928.7000,5953.9500,5888.7500,5944.1000
2010-12-15,5931.1500,5942.7500,5865.8000,5892.3000
2010-12-16,5910.5500,5956.1500,5855.0500,5948.7500
2010-12-20,5926.8500,5985.0000,5900.2500,5947.0500
2010-12-21,5960.4000,6007.4500,5960.0500,6000.6500
2010-12-22,6019.0000,6023.8000,5958.0000,5984.4000
2010-12-23,6005.9000,6006.4500,5964.6000,5980.0000
2010-12-24,5940.2500,6017.3500,5940.2500,6011.6000
2010-12-27,6013.3000,6045.7500,5991.1000,5998.1000
2010-12-28,6005.3500,6010.9000,5982.2500,5996.0000
2010-12-29,6005.1500,6067.5500,6002.8500,6060.3500
2010-12-30,6062.3500,6106.4000,6062.3500,6101.8500
2010-12-31,6105.1000,6147.3000,6103.5500,6134.5000
2011-01-03,6177.4500,6178.5500,6147.2000,6157.6000
2011-01-04,6172.7500,6181.0500,6124.4000,6146.3500
2011-01-05,6141.3500,6141.3500,6062.3500,6079.8000
2011-01-06,6107.0000,6116.1500,6022.3000,6048.2500
2011-01-07,6030.9000,6051.2000,5883.6000,5904.6000
2011-01-10,5901.3000,5907.2500,5740.9500,5762.8500
2011-01-11,5767.9500,5842.6000,5698.2000,5754.1000
2011-01-12,5800.0500,5874.2000,5711.3000,5863.2500
2011-01-13,5850.7500,5857.7500,5736.7000,5751.9000
2011-01-14,5752.1000,5833.6500,5639.6500,5654.5500
2011-01-17,5648.8000,5696.1500,5624.1500,5654.7500
2011-01-18,5682.5500,5730.5000,5671.2500,5724.0500
2011-01-19,5737.3500,5747.6500,5662.5500,5691.0500
2011-01-20,5656.0000,5729.4500,5634.5000,5711.6000
2011-01-21,5692.0500,5717.5500,5674.5000,5696.5000
2011-01-24,5717.1000,5756.0000,5697.7500,5743.2500
2011-01-25,5763.3000,5801.5500,5680.6500,5687.4000
2011-01-27,5725.3000,5726.1000,5594.9500,5604.3000
2011-01-28,5614.0000,5614.4000,5459.5500,5512.1500
2011-01-31,5452.5500,5526.8500,5416.6500,5505.9000
2011-02-01,5537.3000,5539.1500,5402.0000,5417.2000
2011-02-02,5469.5500,5490.6000,5415.6500,5432.0000
2011-02-03,5430.4500,5532.6500,5418.0000,5526.7500
2011-02-04,5519.9000,5556.3000,5369.0500,5395.7500
2011-02-07,5430.1500,5440.3500,5376.9500,5396.0000
2011-02-08,5432.3500,5432.3500,5303.4000,5312.5500
2011-02-09,5293.0500,5339.4500,5225.6500,5253.5500
2011-02-10,5246.0500,5272.6000,5196.8000,5225.8000
2011-02-11,5219.6500,5319.4500,5177.7000,5310.0000
2011-02-14,5340.2500,5463.8000,5340.2500,5456.0000
2011-02-15,5467.7500,5506.5000,5408.3500,5481.0000
2011-02-16,5467.6000,5504.8000,5460.3500,5481.7000
2011-02-17,5501.7000,5553.0000,5463.4000,5546.4500
2011-02-18,5557.5500,5599.2500,5441.9500,5458.9500
2011-02-21,5456.6000,5526.2500,5413.1000,5518.6000
2011-02-22,5504.4000,5519.4500,5437.3000,5469.2000
2011-02-23,5452.4500,5495.2000,5427.5500,5437.3500
2011-02-24,5408.7500,5423.4000,5242.5000,5262.7000
2011-02-25,5321.0500,5338.2000,5232.7500,5303.5500
2011-02-28,5330.1500,5477.0000,5308.6000,5333.2500
2011-03-01,5382.0000,5533.0500,5373.5500,5522.3000
2011-03-03,5478.4500,5570.7500,5468.2500,5536.2000
2011-03-04,5586.2000,5608.2000,5524.1000,5538.7500
2011-03-07,5490.0500,5491.2500,5408.4500,5463.1500
2011-03-08,5466.1000,5530.5500,5464.7500,5520.8000
2011-03-09,5542.4000,5563.3000,5477.4500,5531.0000
2011-03-10,5516.1000,5516.3000,5468.4500,5494.4000
2011-03-11,5456.1500,5502.7000,5411.5500,5445.4500
2011-03-14,5436.5000,5537.3000,5434.2500,5531.5000
2011-03-15,5420.0000,5497.8500,5373.6500,5449.6500
2011-03-16,5475.9500,5535.1000,5475.9500,5511.1500
2011-03-17,5455.4000,5510.0500,5435.3000,5446.6500
2011-03-18,5475.3500,5483.0500,5366.4000,5373.7000
2011-03-21,5408.7500,5413.3000,5348.2000,5364.7500
2011-03-22,5390.8500,5428.1500,5376.1500,5413.8500
2011-03-23,5411.4000,5484.9500,5401.9500,5480.2500
2011-03-24,5501.8000,5529.0000,5496.1000,5522.4000
2011-03-25,5588.6500,5667.1000,5560.9500,5654.2500
2011-03-28,5645.2500,5709.1000,5643.2000,5687.2500
2011-03-29,5686.5000,5770.3500,5680.7000,5736.3500
2011-03-30,5755.8000,5803.1500,5753.9000,5787.6500
2011-03-31,5803.0500,5872.0000,5778.6500,5833.7500
2011-04-01,5835.0000,5860.2000,5810.4000,5826.0500
2011-04-04,5842.0000,5918.7000,5833.2000,5908.4500
2011-04-05,5923.8500,5928.6500,5855.8500,5910.0500
2011-04-06,5908.0000,5944.4500,5868.8000,5891.7500
2011-04-07,5888.5500,5906.1000,5866.2500,5885.7000
2011-04-08,5886.7500,5926.9500,5822.0000,5842.0000
2011-04-11,5805.3500,5830.3000,5777.9000,5785.7000
2011-04-13,5747.9500,5923.6000,5735.5500,5911.5000
2011-04-15,5898.7500,5907.3500,5806.4500,5824.5500
2011-04-18,5824.3500,5897.9000,5722.2500,5729.1000
2011-04-19,5716.0000,5762.9500,5693.2500,5740.7500
2011-04-20,5786.0500,5857.3500,5759.6500,5851.6500
2011-04-21,5882.8500,5912.9000,5864.3500,5884.7000
2011-04-25,5859.6000,5906.6000,5857.0000,5874.5000
2011-04-26,5876.8500,5893.2000,5791.5500,5868.4000
2011-04-27,5884.2000,5892.3500,5819.9500,5833.9000
2011-04-28,5851.3500,5856.4000,5776.9500,5785.4500
2011-04-29,5782.5000,5804.3000,5706.0500,5749.5000
2011-05-02,5766.9000,5775.2500,5687.7000,5701.3000
2011-05-03,5689.7000,5710.8000,5554.8500,5565.2500
2011-05-04,5567.7000,5578.8000,5503.0000,5537.1500
2011-05-05,5531.6000,5560.3000,5443.6500,5459.8500
2011-05-06,5477.6500,5564.4000,5472.4500,5551.4500
2011-05-09,5575.2000,5586.0500,5502.4000,5551.1000
2011-05-10,5555.5500,5592.9000,5514.5500,5541.2500
2011-05-11,5547.2000,5574.7000,5525.0000,5565.0500
2011-05-12,5537.8000,5572.5000,5476.3000,5486.1500
2011-05-13,5492.3500,5605.0000,5472.1500,5544.7500
2011-05-16,5541.7000,5541.8000,5487.6500,5499.0000
2011-05-17,5496.1000,5523.8500,5421.0500,5438.9500
2011-05-18,5448.2000,5460.5000,5401.2500,5420.6000
2011-05-19,5448.1500,5452.6000,5411.2500,5428.1000
2011-05-20,5450.6500,5517.5500,5432.7500,5486.3500
2011-05-23,5456.7000,5456.7000,5373.0000,5386.5500
2011-05-24,5385.1000,5422.6000,5367.4500,5394.8500
2011-05-25,5389.1000,5389.1000,5328.7000,5348.9500
2011-05-26,5372.7500,5422.2000,5356.3500,5412.3500
2011-05-27,5413.7000,5485.8000,5413.6000,5476.1000
2011-05-30,5493.7500,5509.3000,5458.6000,5473.1000
2011-05-31,5492.0000,5571.6000,5489.7000,5560.1500
2011-06-01,5561.0500,5597.3500,5559.4500,5592.0000
2011-06-02,5529.9000,5568.2000,5521.9500,5550.3500
2011-06-03,5565.7000,5604.9500,5507.2000,5516.7500
2011-06-06,5504.3000,5542.6500,5479.8500,5532.0500
2011-06-07,5509.1500,5570.1000,5507.8000,5556.1500
2011-06-08,5535.2500,5556.6000,5514.9000,5526.8500
2011-06-09,5523.5500,5540.1000,5502.0500,5521.0500
2011-06-10,5518.0500,5521.4500,5457.4500,5485.8000
2011-06-13,5469.8500,5496.7000,5436.9500,5482.8000
2011-06-14,5485.6000,5520.1500,5484.2000,5500.5000
2011-06-15,5494.4500,5499.3500,5438.9500,5447.5000
2011-06-16,5419.6500,5447.5000,5389.8000,5396.7500
2011-06-17,5412.5000,5421.1500,5355.8500,5366.4000
2011-06-20,5372.2000,5377.4000,5195.9000,5257.9000
2011-06-21,5280.8000,5322.4500,5257.0000,5275.8500
2011-06-22,5304.6500,5310.5000,5262.5000,5278.3000
2011-06-23,5269.1000,5330.6000,5252.2500,5320.0000
2011-06-24,5343.4000,5477.8500,5343.4000,5471.2500
2011-06-27,5441.2000,5552.6500,5434.2500,5526.6000
2011-06-28,5548.8500,5558.3000,5496.3500,5545.3000
2011-06-29,5566.5000,5608.6500,5566.5000,5600.4500
2011-06-30,5614.5000,5657.9000,5606.1000,5647.4000
2011-07-01,5705.7500,5705.8000,5609.7500,5627.2000
2011-07-04,5679.5500,5679.6500,5633.1000,5650.5000
2011-07-05,5659.8500,5659.8500,5612.3000,5632.1000
2011-07-06,5622.7000,5655.4000,5610.7500,5625.4500
2011-07-07,5633.3500,5737.1500,5632.9500,5728.9500
2011-07-08,5734.6500,5740.4000,5651.0500,5660.6500
2011-07-11,5648.0500,5652.9000,5601.7000,5616.1000
2011-07-12,5556.9000,5580.2500,5496.9500,5526.1500
2011-07-13,5542.0500,5596.1500,5541.4000,5585.4500
2011-07-14,5569.0000,5653.9500,5541.7000,5599.8000
2011-07-15,5602.9500,5631.7000,5562.7500,5581.1000
2011-07-18,5581.7500,5596.6000,5550.9500,5567.0500
2011-07-19,5569.8500,5627.6500,5557.2000,5613.5500
2011-07-20,5642.0500,5645.4000,5555.1000,5567.0500
2011-07-21,5554.6000,5578.9000,5532.7000,5541.6000
2011-07-22,5576.9500,5642.2000,5567.1000,5633.9500
2011-07-25,5633.8000,5700.5500,5616.7000,5680.3000
2011-07-26,5688.4500,5702.2500,5560.1500,5574.8500
2011-07-27,5588.5500,5591.7000,5521.5000,5546.8000
2011-07-28,5492.4000,5512.1000,5475.6500,5487.7500
2011-07-29,5479.0000,5520.3000,5453.9500,5482.0000
2011-08-01,5527.5000,5551.9000,5486.4500,5516.8000
2011-08-02,5493.2000,5496.3000,5433.6500,5456.5500
2011-08-03,5402.0000,5422.6000,5378.8500,5404.8000
2011-08-04,5412.4000,5434.5000,5323.1500,5331.8000
2011-08-05,5204.3500,5229.6500,5116.4500,5211.2500
2011-08-08,5083.8500,5204.2000,5054.0500,5118.5000
2011-08-09,4947.9000,5167.0000,4946.4500,5072.8500
2011-08-10,5196.5500,5197.9500,5123.3500,5161.0000
2011-08-11,5128.0000,5184.9500,5121.0000,5138.3000
2011-08-12,5194.4000,5194.4500,5053.3500,5072.9500
2011-08-16,5125.7500,5132.2000,5015.4000,5035.8000
2011-08-17,5030.3000,5112.1500,5017.2500,5056.6000
2011-08-18,5077.9500,5078.6000,4932.1500,4944.1500
2011-08-19,4859.3000,4893.6000,4796.1000,4845.6500
2011-08-22,4843.7000,4910.0500,4808.7500,4898.8000
2011-08-23,4925.1500,4965.8000,4863.8000,4948.9000
2011-08-24,4934.3500,4962.4000,4875.3000,4888.9000
2011-08-25,4914.6500,4915.8500,4825.0500,4839.6000
2011-08-26,4839.2500,4872.0000,4720.0000,4747.8000
2011-08-29,4806.2000,4934.4000,4806.0500,4919.6000
2011-08-30,4973.2500,5016.2500,4927.5500,5001.0000
2011-09-02,5109.8000,5113.7000,4993.3500,5040.0000
2011-09-05,4998.9000,5030.3000,4964.4500,5017.2000
2011-09-06,4993.3500,5072.9000,4942.9000,5064.3000
2011-09-07,5080.1500,5154.5000,5076.3000,5124.6500
2011-09-08,5139.2000,5169.2500,5098.2500,5153.2500
2011-09-09,5161.3000,5163.7500,5046.8000,5059.4500
2011-09-12,4981.7000,4985.6000,4911.2500,4946.8000
2011-09-13,4977.8000,5030.1500,4911.0500,4940.9500
2011-09-14,4965.0500,5026.1500,4917.4000,5012.5500
2011-09-15,5062.3500,5091.4500,4967.4500,5075.7000
2011-09-16,5123.3500,5143.6000,5068.1000,5084.2500
2011-09-19,5068.4000,5068.4000,5019.2500,5031.9500
2011-09-20,5042.5500,5149.9000,5035.2500,5140.2000
2011-09-21,5153.7500,5168.4000,5109.8500,5133.2500
2011-09-22,5054.4500,5059.8500,4907.7500,4923.6500
2011-09-23,4873.7500,4930.2500,4829.6000,4867.7500
2011-09-26,4878.6000,4879.8000,4758.8500,4835.4000
2011-09-27,4905.1500,4982.9500,4905.1500,4971.2500
2011-09-28,5005.5000,5006.0500,4918.4500,4945.9000
2011-09-29,4924.2000,5034.2500,4906.0000,5015.4500
2011-09-30,4990.1500,5025.5500,4924.3000,4943.2500
2011-10-03,4874.4000,4879.1500,4823.9000,4849.5000
2011-10-04,4823.5000,4869.7500,4728.3000,4772.1500
2011-10-05,4791.3000,4827.8000,4741.0000,4751.3000
2011-10-07,4883.6500,4922.6000,4861.2000,4888.0500
2011-10-10,4886.8500,4991.1500,4882.0500,4979.6000
2011-10-11,5019.9000,5045.1000,4964.0000,4974.3500
2011-10-12,5011.2000,5109.8000,4997.6500,5099.4000
2011-10-13,5130.8000,5136.9500,5067.6500,5077.8500
2011-10-14,5057.3500,5141.4000,5056.6000,5132.3000
2011-10-17,5156.2000,5160.2000,5084.5000,5118.2500
2011-10-18,5049.4500,5057.5000,5011.0500,5037.5000
2011-10-19,5080.4500,5148.0500,5075.3000,5139.1500
2011-10-20,5086.5500,5099.0000,5033.9500,5091.9000
2011-10-21,5106.6000,5120.7500,5037.9500,5049.9500
2011-10-24,5114.7000,5145.6500,5084.7500,5098.3500
2011-10-25,5137.9000,5211.0000,5085.5500,5191.6000
2011-10-26,5214.9500,5219.2500,5196.1500,5201.8000
2011-10-28,5341.9000,5399.7000,5322.8000,5360.7000
2011-10-31,5358.9000,5360.2500,5314.6000,5326.6000
2011-11-01,5278.6000,5310.8500,5238.3000,5257.9500
2011-11-02,5216.7500,5300.1000,5204.9500,5258.4500
2011-11-03,5241.5500,5281.6000,5201.8500,5265.7500
2011-11-04,5325.4000,5326.4500,5256.8000,5284.2000
2011-11-08,5292.2500,5304.2500,5252.0000,5289.3500
2011-11-09,5309.7000,5317.5000,5211.7500,5221.0500
2011-11-11,5159.7500,5198.6000,5142.2500,5168.8500
2011-11-14,5217.3500,5228.9000,5140.5500,5148.3500
2011-11-15,5131.2000,5158.7500,5052.8500,5068.5000
2011-11-16,5059.1000,5065.2000,4989.5000,5030.4500
2011-11-17,5027.1000,5036.8000,4919.4500,4934.7500
2011-11-18,4899.1500,4915.9000,4837.9500,4905.8000
2011-11-21,4873.8000,4873.8000,4764.8000,4778.3500
2011-11-22,4794.8500,4854.0000,4782.5500,4812.3500
2011-11-23,4779.5000,4779.5000,4640.9500,4706.4500
2011-11-24,4707.5500,4771.1000,4639.1000,4756.4500
2011-11-25,4731.3000,4767.3000,4693.1000,4710.0500
2011-11-28,4769.3000,4859.1000,4766.4000,4851.3000
2011-11-29,4864.2000,4866.1000,4787.1000,4805.1000
2011-11-30,4766.1500,4851.5500,4754.8000,4832.0500
2011-12-01,4970.8500,5011.9000,4916.7000,4936.8500
2011-12-02,4940.8500,5062.5500,4918.4000,5050.1500
2011-12-05,5036.5000,5055.4000,5002.5500,5039.1500
2011-12-07,5050.1000,5099.2500,5032.2500,5062.6000
2011-12-08,5037.4000,5049.0500,4921.4500,4943.6500
2011-12-09,4870.7500,4918.3500,4841.7500,4866.7000
2011-12-12,4906.8500,4910.2500,4755.5500,4764.6000
2011-12-13,4733.6000,4824.7000,4728.5000,4800.6000
2011-12-14,4788.7000,4839.5500,4750.4000,4763.2500
2011-12-15,4712.8000,4768.6500,4673.8500,4746.3500
2011-12-16,4752.5000,4818.8500,4628.2000,4651.6000
2011-12-19,4623.1500,4623.1500,4555.9000,4613.1000
2011-12-20,4635.8000,4637.2500,4531.1500,4544.2000
2011-12-21,4636.4500,4707.3500,4601.9500,4693.1500
2011-12-22,4636.9000,4740.6000,4632.9500,4733.8500
2011-12-23,4763.2000,4763.4500,4693.2000,4714.0000
2011-12-26,4718.1500,4787.2500,4718.1500,4779.0000
2011-12-27,4780.2000,4800.5000,4723.6500,4750.5000
2011-12-28,4756.2000,4756.2000,4685.6500,4705.8000
2011-12-29,4681.1500,4701.8000,4639.0500,4646.2500
2011-12-30,4659.9500,4690.4500,4608.9000,4624.3000
2012-01-02,4640.2000,4645.9500,4588.0500,4636.7500
2012-01-03,4675.8000,4773.1000,4675.8000,4765.3000
2012-01-04,4774.9500,4782.8500,4728.8500,4749.6500
2012-01-05,4749.0000,4779.8000,4730.1500,4749.9500
2012-01-06,4724.1500,4794.9000,4686.8500,4754.1000
2012-01-07,4755.6000,4759.4000,4743.0500,4746.9000
2012-01-09,4747.5500,4758.7000,4695.4500,4742.8000
2012-01-10,4771.8500,4855.9000,4768.2500,4849.5500
2012-01-11,4863.1500,4877.2000,4841.6000,4860.9500
2012-01-12,4840.9500,4869.2000,4803.9000,4831.2500
2012-01-13,4861.9500,4898.8500,4834.2000,4866.0000
2012-01-16,4844.0000,4880.8000,4827.0500,4873.9000
2012-01-17,4904.5000,4975.5500,4904.0000,4967.3000
2012-01-18,4977.7500,4980.6500,4931.0500,4955.8000
2012-01-19,4995.0000,5023.8000,4991.4000,5018.4000
2012-01-20,5044.8500,5064.1500,5004.3000,5048.6000
2012-01-23,5025.3500,5059.5500,5021.3500,5046.2500
2012-01-24,5064.8000,5141.0500,5049.8000,5127.3500
2012-01-25,5151.5000,5174.1500,5130.2500,5158.3000
2012-01-27,5216.7500,5217.0000,5162.4000,5204.7000
2012-01-30,5163.5500,5166.1500,5076.7000,5087.3000
2012-01-31,5125.2500,5215.4000,5120.1500,5199.2500
2012-02-01,5198.1500,5244.6000,5159.0000,5235.7000
2012-02-02,5272.1000,5289.9500,5225.7500,5269.9000
2012-02-03,5276.1000,5334.8500,5255.5500,5325.8500
2012-02-06,5379.4500,5390.0500,5327.2500,5361.6500
2012-02-07,5412.9500,5413.3500,5322.9500,5335.1500
2012-02-08,5343.8000,5396.9000,5325.2000,5368.1500
2012-02-09,5343.0500,5423.4000,5338.9000,5412.3500
2012-02-10,5399.8000,5427.7500,5341.0500,5381.6000
2012-02-13,5382.1000,5421.0500,5351.4000,5390.2000
2012-02-14,5380.8000,5428.0500,5377.9500,5416.0500
2012-02-15,5460.6000,5542.1000,5460.6000,5531.9500
2012-02-16,5513.7500,5531.4000,5483.7500,5521.9500
2012-02-17,5574.2000,5606.7000,5545.2000,5564.3000
2012-02-21,5561.9000,5621.5000,5561.7500,5607.1500
2012-02-22,5609.7500,5629.9500,5491.3500,5505.3500
2012-02-23,5490.0500,5537.4000,5460.8000,5483.3000
2012-02-24,5479.1500,5521.4000,5405.9000,5429.3000
2012-02-27,5448.1000,5449.8000,5268.1500,5281.2000
2012-02-28,5310.5000,5391.1000,5306.4500,5375.5000
2012-02-29,5424.9500,5458.8000,5352.2500,5385.2000
2012-03-01,5366.0000,5372.4500,5297.5000,5339.7500
2012-03-02,5369.4500,5392.5500,5315.0500,5359.3500
2012-03-03,5360.0500,5369.6000,5353.4000,5359.4000
2012-03-05,5342.5500,5344.5000,5265.7000,5280.3500
2012-03-06,5266.0000,5382.0500,5206.4000,5222.4000
2012-03-07,5207.0500,5243.8500,5171.4500,5220.4500
2012-03-09,5294.1000,5342.3000,5291.6000,5333.5500
2012-03-12,5420.1000,5421.9000,5327.3000,5359.5500
2012-03-13,5391.0500,5438.6500,5390.8000,5429.5000
2012-03-14,5490.5500,5499.4000,5437.8000,5463.9000
2012-03-15,5462.5000,5462.5000,5362.3000,5380.5000
2012-03-16,5380.3500,5445.6500,5305.0000,5317.9000
2012-03-19,5337.3500,5340.7000,5238.5500,5257.0500
2012-03-20,5257.1500,5297.3500,5233.2500,5274.8500
2012-03-21,5267.2000,5372.3500,5256.0000,5364.9500
2012-03-22,5361.1000,5385.9500,5205.6500,5228.4500
2012-03-23,5255.6500,5312.0000,5220.0000,5278.2000
2012-03-26,5274.3500,5274.9500,5174.9000,5184.2500
2012-03-27,5242.9500,5277.9500,5184.6500,5243.1500
2012-03-28,5231.7000,5236.5500,5169.6000,5194.7500
2012-03-29,5145.9500,5194.3000,5135.9500,5178.8500
2012-03-30,5206.6000,5307.1000,5203.6500,5295.5500
2012-04-02,5296.3500,5331.5500,5278.8000,5317.9000
2012-04-03,5353.2000,5378.7500,5344.4500,5358.5000
2012-04-04,5328.6500,5338.4000,5305.3000,5322.9000
2012-04-09,5282.5000,5287.9000,5228.0000,5234.4000
2012-04-10,5254.1000,5255.8000,5211.8500,5243.6000
2012-04-11,5209.4500,5263.6500,5190.8000,5226.8500
2012-04-12,5246.7500,5290.6000,5246.7500,5276.8500
2012-04-13,5255.7000,5306.7500,5185.4000,5207.4500
2012-04-16,5190.6000,5233.5000,5183.5000,5226.2000
2012-04-17,5266.6000,5298.2000,5208.3500,5289.7000
2012-04-18,5320.7000,5342.0000,5293.4500,5300.0000
2012-04-19,5320.6000,5342.4500,5291.3000,5332.4000
2012-04-20,5313.9500,5336.1500,5245.4500,5290.8500
2012-04-23,5277.4000,5310.5500,5187.1500,5200.6000
2012-04-24,5215.9000,5232.3500,5180.3500,5222.6500
2012-04-25,5222.2000,5236.1000,5160.6500,5202.0000
2012-04-26,5214.7500,5215.6000,5179.0500,5189.0000
2012-04-27,5189.0000,5223.0500,5154.3000,5190.6000
2012-04-28,5209.6000,5216.4000,5196.3500,5209.0000
2012-04-30,5201.4500,5262.1500,5201.4500,5248.1500
2012-05-02,5254.3000,5279.6000,5226.4500,5239.1500
2012-05-03,5211.2000,5217.3000,5180.6500,5188.4000
2012-05-04,5166.6500,5177.2000,5070.6000,5086.8500
2012-05-07,5017.8000,5124.7500,4988.0000,5114.1500
2012-05-08,5114.7000,5119.9500,4983.6000,4999.9500
2012-05-09,4967.9000,5016.2500,4956.4500,4974.8000
2012-05-10,4984.1500,5039.3000,4950.3000,4965.7000
2012-05-11,4938.8500,4976.2500,4906.1500,4928.9000
2012-05-14,4934.3500,4957.2000,4874.5000,4907.8000
2012-05-15,4869.8500,4955.2000,4868.5500,4942.8000
2012-05-16,4875.3000,4882.2500,4837.0500,4858.2500
2012-05-17,4878.6000,4922.2500,4850.2000,4870.2000
2012-05-18,4796.4000,4908.5000,4788.9500,4891.4500
2012-05-21,4888.5000,4937.5000,4888.5000,4906.0500
2012-05-22,4954.7000,4956.3500,4849.9000,4860.5000
2012-05-23,4843.0000,4853.7500,4803.9500,4835.6500
2012-05-24,4863.4000,4931.9000,4830.1500,4921.4000
2012-05-25,4905.9500,4935.8000,4889.3500,4920.4000
2012-05-28,4931.7000,4994.9500,4931.3000,4985.6500
2012-05-29,5005.3500,5020.1500,4982.1500,4990.1000
2012-05-30,4964.2500,4982.2500,4944.9000,4950.7500
2012-05-31,4896.1000,4949.2500,4883.5500,4924.2500
2012-06-01,4910.8500,4925.0000,4831.7500,4841.6000
2012-06-04,4797.3000,4858.3000,4770.3500,4848.1500
2012-06-05,4869.4500,4898.9500,4847.7000,4863.3000
2012-06-06,4886.6500,5010.4500,4886.1500,4997.1000
2012-06-07,5035.3500,5059.6500,5007.7500,5049.6500
2012-06-08,5044.2500,5084.4500,4994.8000,5068.3500
2012-06-11,5096.7000,5124.4500,5040.7000,5054.1000
2012-06-12,5015.5000,5128.9000,5015.1500,5115.9000
2012-06-13,5117.5500,5144.9000,5095.4500,5121.4500
2012-06-14,5105.1000,5130.0000,5047.6000,5054.7500
2012-06-15,5069.5500,5146.2000,5069.1500,5139.0500
2012-06-18,5174.0000,5190.2000,5041.7000,5064.2500
2012-06-19,5050.8000,5113.6000,5048.1000,5103.8500
2012-06-20,5114.5500,5141.7000,5100.7000,5120.5500
2012-06-21,5097.3500,5170.4000,5093.4500,5165.0000
2012-06-22,5101.7500,5159.8000,5094.0000,5146.0500
2012-06-25,5158.5000,5194.6000,5105.6500,5114.6500
2012-06-26,5107.4500,5134.5500,5095.5000,5120.8000
2012-06-27,5149.4500,5160.1000,5129.2500,5141.9000
2012-06-28,5148.9500,5159.0500,5125.3000,5149.1500
2012-06-29,5191.2500,5286.2500,5189.0000,5278.9000
2012-07-02,5283.8500,5302.1500,5263.3500,5278.6000
2012-07-03,5298.8500,5317.0000,5265.9500,5287.9500
2012-07-04,5310.4000,5317.6500,5273.3000,5302.5500
2012-07-05,5297.0500,5333.6500,5288.8500,5327.3000
2012-07-06,5324.7000,5327.2000,5287.7500,5316.9500
2012-07-09,5283.7000,5300.6000,5257.7500,5275.1500
2012-07-10,5286.6000,5348.5500,5284.5500,5345.3500
2012-07-11,5315.2500,5336.4500,5300.2500,5306.3000
2012-07-12,5240.0000,5261.7500,5217.7000,5235.2500
2012-07-13,5242.7500,5267.1500,5216.8500,5227.2500
2012-07-16,5232.3500,5246.8500,5190.4500,5197.2500
2012-07-17,5228.0500,5236.7000,5181.7000,5192.8500
2012-07-18,5199.1000,5222.8500,5169.0500,5216.3000
2012-07-19,5249.8500,5257.7500,5233.1500,5242.7000
2012-07-20,5233.5500,5238.7000,5197.5000,5205.1000
2012-07-23,5163.2500,5164.2000,5108.1000,5117.9500
2012-07-24,5128.8000,5144.0000,5103.2500,5128.2000
2012-07-25,5118.4000,5121.6000,5076.6000,5109.6000
2012-07-26,5126.3000,5126.3000,5032.4000,5043.0000
2012-07-27,5124.3000,5149.9500,5077.5000,5099.8500
2012-07-30,5129.7500,5206.6000,5129.7500,5199.8000
2012-07-31,5214.8500,5234.5500,5154.0500,5229.0000
2012-08-01,5220.7000,5246.3500,5212.6500,5240.5000
2012-08-02,5233.1000,5236.9000,5209.9500,5227.7500
2012-08-03,5195.6000,5220.2000,5164.6500,5215.7000
2012-08-06,5260.8500,5293.2000,5260.8500,5282.5500
2012-08-07,5295.4000,5350.1000,5281.6500,5336.7000
2012-08-08,5345.2500,5377.6000,5331.0500,5338.0000
2012-08-09,5348.3000,5368.2000,5312.1000,5322.9500
2012-08-10,5308.2000,5330.1000,5294.1000,5320.4000
2012-08-13,5316.3500,5352.4500,5309.0500,5347.9000
2012-08-14,5343.2500,5387.0500,5328.8000,5380.3500
2012-08-16,5385.9500,5390.6500,5356.6500,5362.9500
2012-08-17,5368.6000,5399.9500,5341.7000,5366.3000
2012-08-21,5368.7000,5425.1500,5368.7000,5421.0000
2012-08-22,5395.7500,5433.3500,5394.8000,5412.8500
2012-08-23,5426.1500,5448.6000,5393.8500,5415.3500
2012-08-24,5392.6000,5399.6500,5371.0000,5386.7000
2012-08-27,5387.8500,5399.1500,5346.6500,5350.2500
2012-08-28,5348.0500,5359.2500,5312.6000,5334.6000
2012-08-29,5343.8500,5345.5000,5282.7000,5287.8000
2012-08-30,5268.6000,5342.8000,5255.0500,5315.0500
2012-08-31,5298.2000,5303.2500,5238.9000,5258.5000
2012-09-03,5276.5000,5295.8000,5243.1500,5253.7500
2012-09-04,5249.1500,5278.3500,5233.2000,5274.0000
2012-09-05,5243.9000,5259.5000,5215.7000,5225.7000
2012-09-06,5217.6500,5260.6000,5217.6500,5238.4000
2012-09-07,5309.4500,5347.1500,5309.2000,5342.1000
2012-09-08,5343.6500,5366.3000,5343.4500,5358.7000
2012-09-10,5361.9000,5375.4500,5349.1000,5363.4500
2012-09-11,5336.1000,5393.3500,5332.1000,5390.0000
2012-09-12,5404.4500,5435.5500,5393.9500,5431.0000
2012-09-13,5435.2000,5447.4500,5421.8500,5435.3500
2012-09-14,5528.3500,5586.6500,5526.9500,5577.6500
2012-09-17,5631.7500,5652.2000,5585.1500,5610.0000
2012-09-18,5602.4000,5620.5500,5586.4500,5600.0500
2012-09-20,5536.9500,5581.3500,5534.9000,5554.2500
2012-09-21,5577.0000,5720.0000,5575.4500,5691.1500
2012-09-24,5691.9500,5709.8500,5662.7500,5669.6000
2012-09-25,5674.9000,5702.7000,5652.4500,5673.9000
2012-09-26,5653.4000,5672.8000,5638.6500,5663.4500
2012-09-27,5673.7500,5693.7000,5639.7000,5649.5000
2012-09-28,5684.8000,5735.1500,5683.4500,5703.3000
2012-10-01,5704.7500,5722.9500,5694.0000,5718.8000
2012-10-03,5727.7000,5743.2500,5715.8000,5731.2500
2012-10-04,5751.5500,5807.2500,5751.3500,5787.6000
2012-10-05,5815.0000,5815.3500,4888.2000,5746.9500
2012-10-08,5751.8500,5751.8500,5666.2000,5676.0000
2012-10-09,5708.1500,5728.6500,5677.9000,5704.6000
2012-10-10,5671.1500,5686.5000,5647.0500,5652.1500
2012-10-11,5663.5000,5721.1000,5636.9500,5708.0500
2012-10-12,5681.7000,5725.0000,5659.3500,5676.0500
2012-10-15,5674.2500,5693.7000,5651.0500,5687.2500
2012-10-16,5705.6000,5714.0000,5635.6000,5648.0000
2012-10-17,5681.1000,5684.3500,5633.9000,5660.2500
2012-10-18,5675.3000,5722.5000,5650.5500,5718.7000
2012-10-19,5703.3000,5711.7000,5660.0000,5684.2500
2012-10-22,5667.6000,5721.5500,5658.0500,5717.1500
2012-10-23,5715.6500,5720.8000,5681.4500,5691.4000
2012-10-25,5688.8000,5718.7500,5685.7000,5705.3000
2012-10-26,5683.5500,5697.2000,5641.7500,5664.3000
2012-10-29,5665.2000,5698.3000,5645.1000,5665.6000
2012-10-30,5656.3500,5689.9000,5589.9000,5597.9000
2012-10-31,5596.7500,5624.4000,5583.0500,5619.7000
2012-11-01,5609.8500,5649.7500,5601.9500,5645.0500
2012-11-02,5696.3500,5711.3000,5682.5500,5697.7000
2012-11-05,5693.0500,5709.2000,5679.5000,5704.2000
2012-11-06,5694.1000,5730.8000,5693.6500,5724.4000
2012-11-07,5718.6000,5777.3000,5711.4000,5760.1000
2012-11-08,5709.0000,5744.5000,5693.9500,5738.7500
2012-11-09,5731.1000,5751.7000,5677.7500,5686.2500
2012-11-12,5688.4500,5718.9000,5665.7500,5683.7000
2012-11-13,5689.7000,5698.2500,5660.3500,5666.9500
2012-11-15,5650.3500,5651.6500,5603.5500,5631.0000
2012-11-16,5624.8000,5650.1500,5559.8000,5574.0500
2012-11-19,5577.3000,5592.7500,5549.2500,5571.4000
2012-11-20,5604.8000,5613.7000,5548.3500,5571.5500
2012-11-21,5582.5000,5620.2000,5561.4000,5614.8000
2012-11-22,5628.6000,5643.3500,5608.0000,5627.7500
2012-11-23,5635.4500,5637.7500,5593.5500,5626.6000
2012-11-26,5648.6500,5649.2000,5623.4500,5635.9000
2012-11-27,5658.5000,5733.2000,5658.0000,5727.4500
2012-11-29,5736.7000,5833.5000,5736.1000,5825.0000
2012-11-30,5836.0000,5885.2500,5827.8500,5879.8500
2012-12-03,5878.2500,5899.1500,5854.6000,5870.9500
2012-12-04,5866.8000,5894.9500,5859.0000,5889.2500
2012-12-05,5906.6000,5917.8000,5891.3500,5900.5000
2012-12-06,5926.3000,5942.5500,5838.9000,5930.9000
2012-12-07,5934.0000,5949.8500,5888.6500,5907.4000
2012-12-10,5916.0500,5919.9500,5888.1000,5908.9000
2012-12-11,5923.8000,5965.1500,5865.4500,5898.8000
2012-12-12,5917.8000,5924.6000,5874.2500,5888.0000
2012-12-13,5900.3500,5907.4500,5841.3500,5851.5000
2012-12-14,5846.9000,5886.1000,5839.1500,5879.6000
2012-12-17,5860.5000,5886.0500,5850.1500,5857.9000
2012-12-18,5873.6000,5905.8000,5823.1500,5896.8000
2012-12-19,5917.3000,5939.4000,5910.8000,5929.6000
2012-12-20,5934.4500,5937.6000,5881.4500,5916.4000
2012-12-21,5888.0000,5888.0000,5841.6500,5847.7000
2012-12-24,5869.0000,5871.9000,5844.7000,5855.7500
2012-12-26,5864.9500,5917.3000,5859.5500,5905.6000
2012-12-27,5930.2000,5930.8000,5864.7000,5870.1000
2012-12-28,5887.1500,5915.7500,5879.5000,5908.3500
2012-12-31,5901.2000,5919.0000,5897.1500,5905.1000
2013-01-01,5937.6500,5963.9000,5935.2000,5950.8500
2013-01-02,5982.6000,6006.0500,5982.0000,5993.2500
2013-01-03,6015.8000,6017.0000,5986.5500,6009.5000
2013-01-04,6011.9500,6020.7500,5981.5500,6016.1500
2013-01-07,6042.1500,6042.1500,5977.1500,5988.4000
2013-01-08,5983.4500,6007.0500,5964.4000,6001.7000
2013-01-09,6006.2000,6020.1000,5958.4500,5971.5000
2013-01-10,5998.8000,6005.1500,5947.3000,5968.6500
2013-01-11,6012.4000,6018.8500,5940.6000,5951.3000
2013-01-14,5967.2000,6036.9000,5962.1500,6024.0500
2013-01-15,6037.8500,6068.5000,6018.6000,6056.6000
2013-01-16,6049.0000,6055.9500,5992.0500,6001.8500
2013-01-17,6001.2500,6053.2000,5988.1000,6039.2000
2013-01-18,6059.8500,6083.4000,6048.3000,6064.4000
2013-01-21,6085.7500,6094.3500,6065.1000,6082.3000
2013-01-22,6080.1500,6101.3000,6040.5000,6048.5000
2013-01-23,6052.8500,6069.8000,6021.1500,6054.3000
2013-01-24,6046.2000,6065.3000,6007.8500,6019.3500
2013-01-25,6024.5000,6080.5500,6014.4500,6074.6500
2013-01-28,6082.1000,6088.4000,6061.4000,6074.8000
2013-01-29,6064.7000,6111.8000,6042.4500,6049.9000
2013-01-30,6065.0000,6071.9500,6044.1500,6055.7500
2013-01-31,6045.6500,6058.0500,6025.1500,6034.7500
2013-02-01,6040.9500,6052.9500,5983.2000,5998.9000
2013-02-04,6025.2000,6038.5000,5981.2500,5987.2500
2013-02-05,5948.2000,5970.3500,5946.9000,5956.9000
2013-02-06,5988.0500,5990.9000,5953.1500,5959.2000
2013-02-07,5936.4500,5978.5000,5927.6000,5938.8000
2013-02-08,5929.1000,5953.7000,5883.6500,5903.5000
2013-02-11,5920.0500,5924.1500,5879.1000,5897.8500
2013-02-12,5894.3500,5927.6500,5886.4500,5922.5000
2013-02-13,5943.1500,5969.5000,5922.9500,5932.9500
2013-02-14,5933.2000,5940.2000,5884.5500,5896.9500
2013-02-15,5869.9500,5899.9500,5853.9000,5887.4000
2013-02-18,5888.6500,5911.0000,5878.4500,5898.2000
2013-02-19,5900.2000,5947.5500,5883.1500,5939.7000
2013-02-20,5966.3000,5971.0000,5937.5500,5943.0500
2013-02-21,5909.6500,5921.1500,5844.4000,5852.2500
2013-02-22,5837.9500,5873.8000,5835.8000,5850.3000
2013-02-25,5870.5500,5878.4000,5825.0000,5854.7500
2013-02-26,5838.3000,5838.8500,5748.6000,5761.3500
2013-02-27,5784.9000,5818.2000,5749.7000,5796.9000
2013-02-28,5834.3500,5849.9000,5671.9000,5693.0500
2013-03-01,5702.4500,5739.4500,5679.9000,5719.7000
2013-03-04,5704.7000,5712.0000,5663.6000,5698.5000
2013-03-05,5722.4500,5790.1000,5722.4000,5784.2500
2013-03-06,5816.4000,5828.7000,5795.0500,5818.6000
2013-03-07,5801.3000,5878.0000,5801.3000,5863.3000
2013-03-08,5883.6500,5952.8500,5883.0000,5945.7000
2013-03-11,5946.1000,5971.2000,5930.3500,5942.3500
2013-03-12,5944.6000,5952.0000,5893.6500,5914.1000
2013-03-13,5884.8000,5893.8500,5842.2500,5851.2000
2013-03-14,5845.9500,5920.1500,5791.7500,5908.9500
2013-03-15,5914.9000,5945.6500,5861.0000,5872.6000
2013-03-18,5816.7500,5850.2000,5814.3500,5835.2500
2013-03-19,5859.5000,5863.6000,5724.3000,5745.9500
2013-03-20,5740.5500,5745.3000,5682.3000,5694.4000
2013-03-21,5705.9000,5757.7500,5647.9500,5658.7500
2013-03-22,5659.8000,5691.4500,5631.8000,5651.3500
2013-03-25,5707.3000,5718.4000,5624.4000,5633.8500
2013-03-26,5613.7500,5655.3000,5612.0500,5641.6000
2013-03-28,5647.7500,5692.9500,5604.8500,5682.5500
2013-04-01,5697.3500,5720.9500,5675.9000,5704.4000
2013-04-02,5701.7000,5754.6000,5687.1500,5748.1000
2013-04-03,5740.2000,5744.9500,5650.1000,5672.9000
2013-04-04,5640.6500,5644.4500,5565.6500,5574.7500
2013-04-05,5568.1000,5577.3000,5534.7000,5553.2500
2013-04-08,5550.5000,5569.2000,5537.0500,5542.9500
2013-04-09,5568.7500,5603.0500,5487.0000,5495.1000
2013-04-10,5536.2500,5569.2500,5477.2000,5558.7000
2013-04-11,5601.6500,5610.6500,5542.8500,5594.0000
2013-04-12,5520.7000,5544.5000,5494.9000,5528.5500
2013-04-15,5508.5000,5592.8500,5500.3000,5568.4000
2013-04-16,5562.4500,5699.2500,5555.8500,5688.9500
2013-04-17,5708.6500,5732.1500,5669.0000,5688.7000
2013-04-18,5682.7000,5794.3500,5681.8500,5783.1000
2013-04-22,5789.8500,5844.8500,5789.8000,5834.4000
2013-04-23,5843.1000,5844.3000,5791.5500,5836.9000
2013-04-25,5856.1000,5924.6000,5853.3000,5916.3000
2013-04-26,5899.7500,5907.0500,5860.5000,5871.4500
2013-04-29,5877.6000,5918.6500,5868.8000,5904.1000
2013-04-30,5932.6000,5962.3000,5867.8000,5930.2000
2013-05-02,5911.4000,6019.4500,5910.9500,5999.3500
2013-05-03,5993.5000,6000.3000,5930.1500,5944.0000
2013-05-06,5944.9000,5976.5000,5928.4500,5971.0500
2013-05-07,5983.4500,6050.5000,5982.9500,6043.5500
2013-05-08,6064.1500,6083.5500,6024.9500,6069.3000
2013-05-09,6078.3500,6084.7000,6040.4500,6050.1500
2013-05-10,6046.2500,6105.3000,6045.6000,6094.7500
2013-05-11,6088.2000,6114.5500,6084.1500,6107.2500
2013-05-13,6098.2000,6104.9500,5972.9000,5980.4500
2013-05-14,5989.7000,6026.2000,5970.0500,5995.4000
2013-05-15,6018.8500,6157.1000,6018.8500,6146.7500
2013-05-16,6128.2500,6187.3000,6128.2500,6169.9000
2013-05-17,6172.9500,6199.9500,6146.1500,6187.3000
2013-05-20,6198.0000,6229.4500,6146.0500,6156.9000
2013-05-21,6152.3500,6180.2500,6102.3500,6114.1000
2013-05-22,6127.0500,6147.6000,6074.4500,6094.5000
2013-05-23,6050.4000,6081.4500,5955.7000,5967.0500
2013-05-24,6010.7000,6015.3000,5936.8000,5983.5500
2013-05-27,5989.4000,6099.9000,5975.5500,6083.1500
2013-05-28,6086.3500,6127.6500,6055.4000,6111.2500
2013-05-29,6120.4500,6125.0500,6069.8000,6104.3000
2013-05-30,6072.1500,6133.7500,6072.1500,6124.0500
2013-05-31,6098.7000,6106.2500,5975.5500,5985.9500
2013-06-03,5997.3500,6011.0000,5916.3500,5939.3000
2013-06-04,5941.1000,5981.6000,5910.2500,5919.4500
2013-06-05,5908.3000,5935.2000,5883.7000,5923.8500
2013-06-06,5895.0000,5956.5500,5869.5000,5921.4000
2013-06-07,5900.0500,5972.7000,5871.3000,5881.0000
2013-06-10,5907.9000,5931.6500,5857.4000,5878.0000
2013-06-11,5848.7500,5868.0500,5780.3500,5788.8000
2013-06-12,5771.7500,5792.9000,5738.6000,5760.2000
2013-06-13,5709.3500,5729.8500,5683.1000,5699.1000
2013-06-14,5748.9500,5819.4000,5739.4000,5808.4000
2013-06-17,5820.4000,5854.9000,5770.2500,5850.0500
2013-06-18,5841.9000,5863.4000,5804.3000,5813.6000
2013-06-19,5805.7500,5828.4000,5777.9000,5822.2500
2013-06-20,5754.1500,5755.0000,5645.6500,5655.9000
2013-06-21,5639.9000,5686.1500,5616.8500,5667.6500
2013-06-24,5638.0500,5640.0000,5566.2500,5590.2500
2013-06-25,5606.9500,5666.2500,5570.2500,5609.1000
2013-06-26,5627.9500,5635.2500,5579.3500,5588.7000
2013-06-27,5647.9500,5699.3500,5630.9500,5682.3500
2013-06-28,5749.5000,5852.9500,5749.5000,5842.2000
2013-07-01,5834.1000,5904.3500,5822.2000,5898.8500
2013-07-02,5885.5000,5898.8000,5852.3000,5857.5500
2013-07-03,5811.9500,5815.0000,5760.4000,5770.9000
2013-07-04,5794.7500,5848.2000,5786.0500,5836.9500
2013-07-05,5889.9500,5900.4500,5858.4500,5867.9000
2013-07-08,5833.1500,5833.8500,5775.5500,5811.5500
2013-07-09,5834.6000,5864.9500,5834.6000,5859.0000
2013-07-10,5869.9000,5879.3500,5802.8500,5816.7000
2013-07-11,5894.5000,5948.8500,5887.9500,5935.1000
2013-07-12,6000.5000,6019.0000,5951.1500,6009.0000
2013-07-15,5991.2000,6038.2000,5980.9500,6030.8000
2013-07-16,5930.8000,5966.0500,5910.9500,5955.2500
2013-07-17,5972.2500,5989.8000,5926.7500,5973.3000
2013-07-18,5984.7000,6051.1000,5974.5500,6038.0500
2013-07-19,6057.2000,6066.8500,6020.2500,6029.2000
2013-07-22,6009.7500,6064.1500,6004.2500,6031.8000
2013-07-23,6064.3000,6093.3500,6061.3000,6077.8000
2013-07-24,6032.2000,6047.2500,5962.6000,5990.5000
2013-07-25,5970.4000,5990.6500,5896.4000,5907.5000
2013-07-26,5937.9500,5944.5000,5869.5000,5886.2000
2013-07-29,5869.9500,5886.0000,5825.8000,5831.6500
2013-07-30,5836.0500,5861.3000,5747.6000,5755.0500
2013-07-31,5738.3500,5752.1000,5675.7500,5742.0000
2013-08-01,5776.9000,5808.5000,5676.8500,5727.8500
2013-08-02,5750.0500,5761.8500,5649.0000,5677.9000
2013-08-05,5682.4000,5721.0000,5661.5000,5685.4000
2013-08-06,5664.9000,5664.9000,5521.8000,5542.2500
2013-08-07,5549.3000,5561.4500,5486.8500,5519.1000
2013-08-08,5510.0500,5577.6000,5510.0500,5565.6500
2013-08-12,5606.7000,5644.1000,5557.1000,5612.4000
2013-08-13,5600.2500,5704.7500,5578.9000,5699.3000
2013-08-14,5715.4000,5754.5500,5690.2000,5742.3000
2013-08-16,5705.4500,5716.6000,5496.0500,5507.8500
2013-08-19,5497.5500,5499.6500,5360.6500,5414.7500
2013-08-20,5353.4500,5417.8000,5306.3500,5401.4500
2013-08-21,5494.4500,5504.1000,5268.4500,5302.5500
2013-08-22,5282.8000,5418.9500,5254.0500,5408.4500
2013-08-23,5428.7500,5478.8000,5377.8000,5471.7500
2013-08-26,5499.4000,5528.7000,5454.4500,5476.5000
2013-08-27,5426.5000,5427.4000,5274.2500,5287.4500
2013-08-28,5233.4500,5317.7000,5118.8500,5285.0000
2013-08-29,5316.5000,5428.9000,5303.0000,5409.0500
2013-08-30,5407.4500,5493.3000,5360.2000,5471.8000
2013-09-02,5480.2500,5564.9000,5478.8500,5550.7500
2013-09-03,5574.7000,5580.9500,5323.7500,5341.4500
2013-09-04,5358.6500,5460.2500,5318.9000,5448.1000
2013-09-05,5553.7500,5625.7500,5552.7000,5592.9500
2013-09-06,5617.4500,5688.6000,5566.1500,5680.4000
2013-09-10,5738.5000,5904.8500,5738.2000,5896.7500
2013-09-11,5887.2500,5924.3500,5832.7000,5913.1500
2013-09-12,5931.1500,5932.0000,5815.8000,5850.7000
2013-09-13,5828.0000,5884.3000,5822.9000,5850.6000
2013-09-16,5930.3000,5957.2500,5798.1500,5840.5500
2013-09-17,5824.2000,5857.8000,5804.9000,5850.2000
2013-09-18,5872.7500,5916.9000,5840.2000,5899.4500
2013-09-19,6044.1500,6142.5000,6040.1500,6115.5500
2013-09-20,6104.5500,6130.9500,5932.8500,6012.1000
2013-09-23,5945.8000,5989.4000,5871.4000,5889.7500
2013-09-24,5855.0000,5938.4000,5854.5500,5892.4500
2013-09-25,5901.5500,5910.5500,5811.1000,5873.8500
2013-09-26,5872.8000,5917.6500,5864.1000,5882.2500
2013-09-27,5905.5500,5909.2000,5819.3000,5833.2000
2013-09-30,5801.0500,5810.2000,5718.5000,5735.3000
2013-10-01,5756.1000,5786.4500,5700.9500,5780.0500
2013-10-03,5819.1000,5917.6000,5802.7000,5909.7000
2013-10-04,5891.3000,5950.4500,5885.0000,5907.3000
2013-10-07,5889.0500,5912.0000,5825.8500,5906.1500
2013-10-08,5975.0000,5981.7000,5913.0000,5928.4000
2013-10-09,5893.2500,6015.5000,5877.1000,6007.4500
2013-10-10,6001.0500,6033.9500,5979.8000,6020.9500
2013-10-11,6104.8500,6107.6000,6046.4000,6096.2000
2013-10-14,6093.0000,6124.1000,6082.9000,6112.7000
2013-10-15,6147.5500,6156.3000,6056.5500,6089.0500
2013-10-17,6098.5000,6110.7500,6032.5500,6045.8500
2013-10-18,6070.9000,6201.4500,6070.9000,6189.3500
2013-10-21,6202.0000,6218.9500,6163.3000,6204.9500
2013-10-22,6192.3000,6220.1000,6181.8000,6202.8000
2013-10-23,6209.5500,6217.9500,6116.6000,6178.3500
2013-10-24,6162.8000,6252.4500,6142.9500,6164.3500
2013-10-25,6154.0000,6174.7500,6125.9500,6144.9000
2013-10-28,6155.1000,6168.7500,6094.1000,6101.1000
2013-10-29,6107.5500,6228.0500,6079.2000,6220.9000
2013-10-30,6230.8000,6269.2000,6222.6000,6251.7000
2013-10-31,6237.1500,6309.0500,6235.9000,6299.1500
2013-11-01,6289.7500,6332.6000,6286.9500,6307.2000
2013-11-03,6332.0500,6342.9500,6311.1500,6317.3500
2013-11-05,6282.1500,6304.7500,6244.3000,6253.1500
2013-11-06,6260.5500,6269.7000,6208.7000,6215.1500
2013-11-07,6228.9000,6288.9500,6180.8000,6187.2500
2013-11-08,6170.1500,6185.1500,6120.9500,6140.7500
2013-11-11,6110.4000,6141.6500,6067.7500,6078.8000
2013-11-12,6087.2500,6108.7000,6011.7500,6018.0500
2013-11-13,5998.8500,6042.2500,5972.4500,5989.6000
2013-11-14,6037.0000,6101.6500,6036.6500,6056.1500
2013-11-18,6111.0500,6196.8000,6110.4000,6189.0000
2013-11-19,6197.2500,6212.4000,6180.2000,6203.3500
2013-11-20,6186.8500,6204.3500,6106.9500,6122.9000
2013-11-21,6096.5000,6097.3500,5985.4000,5999.0500
2013-11-22,6027.3500,6049.6000,5972.8000,5995.4500
2013-11-25,6035.9500,6123.5000,6035.9500,6115.3500
2013-11-26,6099.2500,6112.7000,6047.7500,6059.1000
2013-11-27,6062.7000,6074.0000,6030.3000,6057.1000
2013-11-28,6092.0000,6112.9500,6068.3000,6091.8500
2013-11-29,6103.9000,6182.5000,6103.8000,6176.1000
2013-12-02,6171.1500,6228.7000,6171.1500,6217.8500
2013-12-03,6204.2500,6225.4000,6191.4000,6201.8500
2013-12-04,6187.9500,6209.1500,6149.9000,6160.9500
2013-12-05,6262.4500,6300.5500,6232.0000,6241.1000
2013-12-06,6234.4000,6275.3500,6230.7500,6259.9000
2013-12-09,6415.0000,6415.2500,6345.0000,6363.9000
2013-12-10,6354.7000,6362.2500,6307.5500,6332.8500
2013-12-11,6307.2000,6326.6000,6280.2500,6307.9000
2013-12-12,6276.7500,6286.8500,6230.5500,6237.0500
2013-12-13,6201.3000,6208.6000,6161.4000,6168.4000
2013-12-16,6168.3500,6183.2500,6146.0500,6154.7000
2013-12-17,6178.2000,6190.5500,6133.0000,6139.0500
2013-12-18,6129.9500,6236.0000,6129.9500,6217.1500
2013-12-19,6253.9000,6263.7500,6150.7000,6166.6500
2013-12-20,6179.9500,6284.5000,6170.3500,6274.2500
2013-12-23,6267.2000,6317.5000,6266.9500,6284.5000
2013-12-24,6296.4500,6301.5000,6262.0000,6268.4000
2013-12-26,6270.1000,6302.7500,6259.4500,6278.9000
2013-12-27,6292.8000,6324.9000,6289.4000,6313.8000
2013-12-30,6336.4000,6344.0500,6273.1500,6291.1000
2013-12-31,6307.3500,6317.3000,6287.3000,6304.0000
2014-01-01,6323.8000,6327.2000,6298.2500,6301.6500
2014-01-02,6301.2500,6358.3000,6211.3000,6221.1500
2014-01-03,6194.5500,6221.7000,6171.2500,6211.1500
2014-01-06,6220.8500,6224.7000,6170.2500,6191.4500
2014-01-07,6203.9000,6221.5000,6144.7500,6162.2500
2014-01-08,6178.0500,6192.1000,6160.3500,6174.6000
2014-01-09,6181.7000,6188.0500,6148.2500,6168.3500
2014-01-10,6178.8500,6239.1000,6139.6000,6171.4500
2014-01-13,6189.5500,6288.2000,6189.5500,6272.7500
2014-01-14,6260.2500,6280.3500,6234.1500,6241.8500
2014-01-15,6265.9500,6325.2000,6265.3000,6320.9000
2014-01-16,6341.3500,6346.5000,6299.8500,6318.9000
2014-01-17,6306.2500,6327.1000,6246.3500,6261.6500
2014-01-20,6261.7500,6307.4500,6243.3500,6303.9500
2014-01-21,6320.1500,6330.3000,6297.9000,6313.8000
2014-01-22,6309.0500,6349.9500,6287.4500,6338.9500
2014-01-23,6325.9500,6355.6000,6316.4000,6345.6500
2014-01-24,6301.6500,6331.4500,6263.9000,6266.7500
2014-01-27,6186.3000,6188.5500,6130.2500,6135.8500
2014-01-28,6131.8500,6163.6000,6085.9500,6126.2500
2014-01-29,6161.0000,6170.4500,6109.8000,6120.2500
2014-01-30,6067.0000,6082.8500,6027.2500,6073.7000
2014-01-31,6082.7500,6097.8500,6067.3500,6089.5000
2014-02-03,6058.8000,6074.8500,5994.4500,6001.8000
2014-02-04,5947.6000,6017.8000,5933.3000,6000.9000
2014-02-05,6004.2500,6028.0500,5962.0500,6022.4000
2014-02-06,6028.3500,6048.3500,5965.4000,6036.3000
2014-02-07,6077.6500,6079.9500,6030.9000,6063.2000
2014-02-10,6072.8000,6083.0500,6046.4000,6053.4500
2014-02-11,6072.4500,6081.8500,6053.2500,6062.7000
2014-02-12,6085.3500,6106.6000,6077.4000,6084.0000
2014-02-13,6087.5500,6094.4000,5991.1000,6001.1000
2014-02-14,6023.7500,6056.4000,5984.6000,6048.3500
2014-02-17,6057.1000,6080.6500,6038.3000,6073.3000
2014-02-18,6071.3000,6141.7000,6066.8000,6127.1000
2014-02-19,6132.0500,6160.3500,6125.7500,6152.7500
2014-02-20,6127.1500,6129.1000,6086.4500,6091.4500
2014-02-21,6108.3000,6159.6500,6108.0000,6155.4500
2014-02-24,6140.9500,6191.8500,6130.8000,6186.1000
2014-02-25,6205.7000,6216.8500,6176.6000,6200.0500
2014-02-26,6202.4500,6245.9500,6202.1000,6238.8000
2014-02-28,6228.4500,6282.7000,6228.1000,6276.9500
2014-03-03,6264.3500,6277.7500,6212.2500,6221.4500
2014-03-04,6216.7500,6302.1500,6215.7000,6297.9500
2014-03-05,6328.4500,6336.2500,6287.8000,6328.6500
2014-03-06,6344.7500,6406.6000,6339.7000,6401.1500
2014-03-07,6413.9500,6537.8000,6413.5500,6526.6500
2014-03-10,6491.7000,6562.2000,6487.3500,6537.2500
2014-03-11,6537.3500,6562.8500,6494.2500,6511.9000
2014-03-12,6497.5000,6546.1500,6487.3000,6516.9000
2014-03-13,6491.7500,6561.4500,6476.6500,6493.1000
2014-03-14,6447.2500,6518.4500,6432.7000,6504.2000
2014-03-18,6532.4500,6574.9500,6497.6500,6516.6500
2014-03-19,6530.0000,6541.2000,6506.0000,6524.0500
2014-03-20,6508.3500,6523.6500,6473.2500,6483.1000
2014-03-21,6515.2000,6522.9000,6485.7000,6493.2000
2014-03-22,6497.8000,6502.6500,6481.3500,6494.9000
2014-03-24,6510.5000,6591.5000,6510.5000,6583.5000
2014-03-25,6550.1000,6595.5500,6544.8500,6589.7500
2014-03-26,6615.6500,6627.4500,6580.6000,6601.4000
2014-03-27,6613.1000,6673.9500,6599.5000,6641.7500
2014-03-28,6673.0500,6702.6000,6643.8000,6695.9000
2014-03-31,6723.1500,6730.0500,6662.4000,6704.2000
2014-04-01,6729.5000,6732.2500,6675.4500,6721.0500
2014-04-02,6757.6000,6763.5000,6723.6000,6752.5500
2014-04-03,6772.0500,6776.7500,6696.9000,6736.1000
2014-04-04,6741.8500,6741.8500,6685.1500,6694.3500
2014-04-07,6694.2500,6725.1500,6650.4000,6695.0500
2014-04-09,6722.0000,6808.7000,6705.1000,6796.2000
2014-04-10,6803.0500,6819.0500,6777.3000,6796.4000
2014-04-11,6758.3500,6789.3500,6743.1500,6776.3000
2014-04-15,6792.7000,6813.4000,6711.7500,6733.1000
2014-04-16,6727.2500,6748.6500,6665.1500,6675.3000
2014-04-17,6695.4500,6783.0500,6684.4000,6779.4000
2014-04-21,6789.2500,6825.4500,6786.9000,6817.6500
2014-04-22,6822.9000,6838.0000,6806.2500,6815.3500
2014-04-23,6823.2500,6861.6000,6820.7500,6840.8000
2014-04-25,6855.8000,6869.8500,6772.8500,6782.7500
2014-04-28,6778.5500,6786.2500,6750.3000,6761.2500
2014-04-29,6769.0000,6779.7000,6708.6500,6715.2500
2014-04-30,6724.9500,6780.1500,6656.8000,6696.4000
2014-05-02,6709.9500,6737.6500,6689.5000,6694.8000
2014-05-05,6681.6500,6741.0500,6680.4500,6699.3500
2014-05-06,6719.2500,6743.4500,6701.9000,6715.3000
2014-05-07,6708.6000,6718.7500,6642.9000,6652.5500
2014-05-08,6669.9000,6688.4000,6638.5500,6659.8500
2014-05-09,6654.1500,6871.3500,6652.1500,6858.8000
2014-05-12,6863.4000,7020.0500,6862.9000,7014.2500
2014-05-13,7080.0000,7172.3500,7067.1500,7108.7500
2014-05-14,7112.0000,7142.2500,7080.9000,7108.7500
2014-05-15,7111.3000,7152.5500,7082.5500,7123.1500
2014-05-16,7270.2000,7563.5000,7130.6500,7203.0000
2014-05-19,7276.8500,7291.1000,7193.5500,7263.5500
2014-05-20,7309.9500,7353.6500,7247.7000,7275.5000
2014-05-21,7274.8500,7287.1500,7206.7000,7252.9000
2014-05-22,7289.9500,7319.5500,7258.1500,7276.4000
2014-05-23,7306.5000,7381.0000,7293.9000,7367.1000
2014-05-26,7428.7500,7504.0000,7269.0500,7359.0500
2014-05-27,7363.1000,7372.9500,7274.7500,7318.0000
2014-05-28,7324.9500,7344.7500,7302.6000,7329.6500
2014-05-29,7316.6000,7325.4000,7224.4000,7235.6500
2014-05-30,7254.8500,7272.5000,7118.4500,7229.9500
2014-06-02,7264.0500,7368.6000,7239.5000,7362.5000
2014-06-03,7375.3500,7424.9500,7342.1500,7415.8500
2014-06-04,7417.5500,7433.3000,7391.3500,7402.2500
2014-06-05,7399.7500,7484.7000,7360.5000,7474.1000
2014-06-06,7521.5000,7592.7000,7497.6500,7583.4000
2014-06-09,7621.6500,7673.7000,7580.2500,7654.6000
2014-06-10,7679.0500,7683.2000,7579.3000,7656.4000
2014-06-11,7672.4000,7700.0500,7589.0500,7626.8500
2014-06-12,7641.3000,7658.0000,7593.8000,7649.9000
2014-06-13,7668.2000,7678.5000,7525.3500,7542.1000
2014-06-16,7534.8000,7548.6000,7487.5500,7533.5500
2014-06-17,7525.0500,7637.6000,7509.2500,7631.7000
2014-06-18,7636.0500,7663.0000,7515.5000,7558.2000
2014-06-19,7580.0500,7606.4500,7502.5500,7540.7000
2014-06-20,7543.3000,7560.5500,7497.3000,7511.4500
2014-06-23,7514.0000,7534.8000,7441.6000,7493.3500
2014-06-24,7515.2000,7593.3500,7515.2000,7580.2000
2014-06-25,7588.5500,7589.2500,7557.0500,7569.2500
2014-06-26,7554.1000,7570.2000,7481.3000,7493.2000
2014-06-27,7514.2000,7538.7500,7482.3000,7508.8000
2014-06-30,7534.0500,7623.6500,7531.6000,7611.3500
2014-07-01,7629.0000,7649.5000,7618.1500,7634.7000
2014-07-02,7683.0500,7732.4000,7677.3000,7725.1500
2014-07-03,7734.3500,7754.6500,7706.8000,7714.8000
2014-07-04,7718.1000,7758.0000,7661.3000,7751.6000
2014-07-07,7780.4000,7792.0000,7755.1000,7787.1500
2014-07-08,7804.0500,7808.8500,7595.9000,7623.2000
2014-07-09,7637.9500,7650.1000,7551.6500,7585.0000
2014-07-10,7589.5000,7731.0500,7479.0500,7567.7500
2014-07-11,7584.1000,7625.8500,7447.2000,7459.6000
2014-07-14,7469.0000,7478.4500,7422.1500,7454.1500
2014-07-15,7491.3000,7534.9000,7459.1500,7526.6500
2014-07-16,7564.1500,7640.1000,7532.4500,7624.4000
2014-07-17,7612.7000,7655.6500,7612.7000,7640.4500
2014-07-18,7630.2500,7685.0000,7595.5000,7663.9000
2014-07-21,7701.6500,7722.1000,7674.0000,7684.2000
2014-07-22,7708.2000,7773.8500,7704.8000,7767.8500
2014-07-23,7794.9000,7809.2000,7752.9000,7795.7500
2014-07-24,7796.2500,7835.6500,7771.6500,7830.6000
2014-07-25,7828.2000,7840.9500,7748.6000,7790.4500
2014-07-28,7792.9000,7799.9000,7722.6500,7748.7000
2014-07-30,7746.2000,7798.7000,7707.6000,7791.4000
2014-07-31,7784.6500,7791.8500,7711.1500,7721.3000
2014-08-01,7662.5000,7716.7000,7593.9000,7602.6000
2014-08-04,7639.5500,7694.8000,7622.0500,7683.6500
2014-08-05,7706.6500,7752.4500,7638.0500,7746.5500
2014-08-06,7726.1500,7740.9500,7658.9500,7672.0500
2014-08-07,7651.1500,7708.9500,7630.4000,7649.2500
2014-08-08,7588.7000,7592.4500,7540.1000,7568.5500
2014-08-11,7619.8500,7635.5500,7598.6000,7625.9500
2014-08-12,7688.8000,7735.7500,7654.8000,7727.0500
2014-08-13,7717.3000,7757.1000,7695.7000,7739.5500
2014-08-14,7756.1500,7796.7000,7739.1000,7791.7000
2014-08-18,7785.2500,7880.5000,7779.2000,7874.2500
2014-08-19,7901.0000,7918.5500,7881.1500,7897.5000
2014-08-20,7915.8000,7922.7000,7864.0500,7875.3000
2014-08-21,7875.3500,7919.6500,7855.9500,7891.1000
2014-08-22,7904.5500,7929.0500,7900.0500,7913.2000
2014-08-25,7931.7500,7968.2500,7897.9500,7906.3000
2014-08-26,7874.5000,7915.4500,7862.4500,7904.7500
2014-08-27,7933.9000,7946.8500,7916.5500,7936.0500
2014-08-28,7942.2500,7967.8000,7939.2000,7954.3500
2014-09-01,7990.3500,8035.0000,7984.0000,8027.7000
2014-09-02,8038.6000,8101.9500,8036.5500,8083.0500
2014-09-03,8110.8500,8141.9000,8092.2500,8114.6000
2014-09-04,8114.2000,8114.8000,8060.9000,8095.9500
2014-09-05,8099.9000,8122.7000,8049.8500,8086.8500
2014-09-08,8132.9500,8180.2000,8126.1500,8173.9000
2014-09-09,8161.9000,8174.5500,8126.5000,8152.9500
2014-09-10,8135.5500,8135.7500,8082.1000,8094.1000
2014-09-11,8115.1500,8127.9500,8057.3000,8085.7000
2014-09-12,8087.0500,8114.3000,8071.6000,8105.5000
2014-09-15,8070.3500,8077.3000,8030.0000,8042.0000
2014-09-16,8036.6000,8044.9000,7925.1500,7932.9000
2014-09-17,7971.5000,7990.6500,7936.9500,7975.5000
2014-09-18,7950.6500,8120.8500,7939.7000,8114.7500
2014-09-19,8129.4000,8160.9000,8105.3500,8121.4500
2014-09-22,8084.4500,8159.9000,8064.8000,8146.3000
2014-09-23,8144.4000,8159.7500,8008.1000,8017.5500
2014-09-24,8015.5500,8042.0500,7950.0500,8002.4000
2014-09-25,8003.3000,8019.3000,7877.3500,7911.8500
2014-09-26,7885.8500,7993.3000,7841.8000,7968.8500
2014-09-29,7978.4500,7991.7500,7934.7000,7958.9000
2014-09-30,7948.8000,8030.9000,7923.8500,7964.8000
2014-10-01,7960.5000,7977.5000,7936.7000,7945.5500
2014-10-07,7897.4000,7943.0500,7842.7000,7852.4000
2014-10-08,7828.7500,7869.9000,7815.7500,7842.7000
2014-10-09,7886.5000,7972.3500,7886.5000,7960.5500
2014-10-10,7911.0000,7924.0500,7848.4500,7859.9500
2014-10-13,7831.0000,7901.1500,7796.0000,7884.2500
2014-10-14,7923.2500,7928.0000,7825.4500,7864.0000
2014-10-16,7837.3000,7893.9000,7729.6500,7748.2000
2014-10-17,7733.7500,7819.2000,7723.8500,7779.7000
2014-10-20,7896.9500,7905.9500,7856.9500,7879.4000
2014-10-21,7906.1500,7936.6000,7874.3500,7927.7500
2014-10-22,7997.8000,8005.0000,7974.5500,7995.9000
2014-10-23,8027.7000,8031.7500,8008.8500,8014.5500
2014-10-27,8064.3500,8064.4000,7985.6500,7991.7000
2014-10-28,8002.4000,8037.8000,7995.0500,8027.6000
2014-10-29,8077.0500,8097.9500,8052.2500,8090.4500
2014-10-30,8085.2000,8181.5500,8085.2000,8169.2000
2014-10-31,8200.8000,8330.7500,8198.0500,8322.2000
2014-11-03,8348.1500,8350.6000,8297.6500,8324.1500
2014-11-05,8351.2500,8365.5500,8323.5000,8338.3000
2014-11-07,8331.8500,8360.3500,8290.2500,8337.0000
2014-11-10,8337.8000,8383.0500,8304.4500,8344.2500
2014-11-11,8354.1000,8378.7000,8321.8500,8362.6500
2014-11-12,8378.9000,8415.0500,8370.5000,8383.3000
2014-11-13,8405.2500,8408.0000,8320.3500,8357.8500
2014-11-14,8360.7000,8400.6500,8346.8000,8389.9000
2014-11-17,8378.4000,8438.1000,8349.1000,8430.7500
2014-11-18,8441.2500,8454.5000,8407.2500,8425.9000
2014-11-19,8440.6500,8455.6500,8360.5000,8382.3000
2014-11-20,8406.5000,8410.8500,8353.1500,8401.9000
2014-11-21,8408.2000,8489.8000,8398.6000,8477.3500
2014-11-24,8490.9500,8534.6500,8490.8000,8530.1500
2014-11-25,8530.8000,8535.3500,8429.4500,8463.1000
2014-11-26,8450.3000,8500.3000,8438.6500,8475.7500
2014-11-27,8477.8000,8506.7500,8456.3500,8494.2000
2014-11-28,8516.8000,8617.0000,8516.2500,8588.2500
2014-12-01,8605.1000,8623.0000,8545.1500,8555.9000
2014-12-02,8535.4500,8560.2000,8504.6500,8524.7000
2014-12-03,8528.7000,8546.9500,8508.3500,8537.6500
2014-12-04,8582.4000,8626.9500,8526.4000,8564.4000
2014-12-05,8584.2500,8588.3500,8523.9000,8538.3000
2014-12-08,8538.6500,8546.3500,8432.2500,8438.2500
2014-12-09,8439.3000,8444.5000,8330.5000,8340.7000
2014-12-10,8318.0500,8376.8000,8317.0000,8355.6500
2014-12-11,8338.8500,8348.3000,8272.4000,8292.9000
2014-12-12,8302.0000,8321.9000,8216.3000,8224.1000
2014-12-15,8160.7500,8242.4000,8152.5000,8219.6000
2014-12-16,8172.6000,8189.3500,8052.6000,8067.6000
2014-12-17,8041.2000,8082.0000,7961.3500,8029.8000
2014-12-18,8138.9000,8174.3000,8084.9000,8159.3000
2014-12-19,8230.4500,8263.4500,8208.6000,8225.2000
2014-12-22,8255.0000,8330.9500,8228.2000,8324.0000
2014-12-23,8324.6000,8364.7500,8252.8500,8267.0000
2014-12-24,8272.0500,8286.4000,8155.2500,8174.1000
2014-12-26,8204.8000,8234.5500,8147.9500,8200.7000
2014-12-29,8214.7000,8279.1500,8214.7000,8246.3000
2014-12-30,8260.3000,8268.2500,8220.5500,8248.2500
2014-12-31,8243.9000,8291.0000,8243.7500,8282.7000
2015-01-01,8272.8000,8294.7000,8248.7500,8284.0000
2015-01-02,8288.7000,8410.6000,8288.7000,8395.4500
2015-01-05,8407.9500,8445.6000,8363.9000,8378.4000
2015-01-06,8325.3000,8327.8500,8111.3500,8127.3500
2015-01-07,8118.6500,8151.2000,8065.4500,8102.1000
2015-01-08,8191.4000,8243.5000,8167.3000,8234.6000
2015-01-09,8285.4500,8303.3000,8190.8000,8284.5000
2015-01-12,8291.3500,8332.6000,8245.6000,8323.0000
2015-01-13,8346.1500,8356.6500,8267.9000,8299.4000
2015-01-14,8307.2500,8326.4500,8236.6500,8277.5500
2015-01-15,8424.5000,8527.1000,8380.5500,8494.1500
2015-01-16,8504.0500,8530.7500,8452.2500,8513.8000
2015-01-19,8550.0500,8570.9500,8531.5000,8550.7000
2015-01-20,8575.1000,8707.9000,8574.5000,8695.6000
2015-01-21,8719.6500,8741.8500,8689.6000,8729.5000
2015-01-22,8745.8500,8774.1500,8727.0000,8761.4000
2015-01-23,8827.9500,8866.4000,8795.4000,8835.6000
2015-01-27,8871.3500,8925.0500,8825.4500,8910.5000
2015-01-28,8902.7500,8985.0500,8874.0500,8914.3000
2015-01-29,8901.5000,8966.6500,8861.2500,8952.3500
2015-01-30,8996.6000,8996.6000,8775.1000,8808.9000
2015-02-02,8802.5000,8840.8000,8751.1000,8797.4000
2015-02-03,8823.1500,8837.3000,8726.6500,8756.5500
2015-02-04,8789.1500,8792.8500,8704.4000,8723.7000
2015-02-05,8733.1000,8838.4500,8683.6500,8711.7000
2015-02-06,8696.8500,8726.2000,8645.5500,8661.0500
2015-02-09,8584.4000,8605.5500,8516.3500,8526.3500
2015-02-10,8478.1000,8646.2500,8470.5000,8565.5500
2015-02-11,8603.3000,8651.9500,8593.6500,8627.4000
2015-02-12,8676.9500,8732.5500,8599.2500,8711.5500
2015-02-13,8741.5000,8822.1000,8729.6500,8805.5000
2015-02-16,8831.4000,8870.1000,8793.4000,8809.3500
2015-02-18,8811.5500,8894.3000,8808.9000,8869.1000
2015-02-19,8883.0500,8913.4500,8794.4500,8895.3000
2015-02-20,8895.5000,8899.9500,8816.3000,8833.6000
2015-02-23,8856.8500,8869.0000,8736.1000,8754.9500
2015-02-24,8772.9000,8800.5000,8726.7500,8762.1000
2015-02-25,8801.9000,8840.6500,8751.4000,8767.2500
2015-02-26,8779.0000,8786.0500,8669.4500,8683.8500
2015-02-27,8729.5000,8856.9500,8717.4500,8844.6000
2015-02-28,8913.0500,8941.1000,8751.3500,8901.8500
2015-03-02,8953.8500,8972.3500,8885.4500,8956.7500
2015-03-03,8962.8500,9008.4000,8925.5500,8996.2500
2015-03-04,9109.1500,9119.2000,8893.9500,8922.6500
2015-03-05,8929.4000,8957.5500,8849.3500,8937.7500
2015-03-09,8891.1500,8891.3000,8740.4500,8756.7500
2015-03-10,8769.7500,8778.0000,8677.3500,8712.0500
2015-03-11,8728.7500,8755.6000,8682.3500,8699.9500
2015-03-12,8740.6500,8787.2000,8732.9000,8776.0000
2015-03-13,8844.0500,8849.7500,8631.7500,8647.7500
2015-03-16,8656.7500,8663.5500,8612.0000,8633.1500
2015-03-17,8689.1000,8742.5500,8630.8000,8723.3000
2015-03-18,8742.9000,8747.2500,8664.0000,8685.9000
2015-03-19,8749.4500,8788.2000,8614.6500,8634.6500
2015-03-20,8627.9000,8627.9000,8553.0000,8570.9000
2015-03-23,8591.5500,8608.3500,8540.5500,8550.9000
2015-03-24,8537.0500,8627.7500,8535.8500,8542.9500
2015-03-25,8568.9000,8573.7500,8516.5500,8530.8000
2015-03-26,8474.9500,8499.4500,8325.3500,8342.1500
2015-03-27,8396.0000,8413.2000,8269.1500,8341.4000
2015-03-30,8390.9500,8504.5500,8380.7500,8492.3000
2015-03-31,8527.6000,8550.4500,8454.1500,8491.0000
2015-04-01,8483.7000,8603.4000,8464.7500,8586.2500
2015-04-06,8615.8000,8667.5500,8573.7500,8659.9000
2015-04-07,8684.4500,8693.6000,8586.8500,8660.3000
2015-04-08,8698.9500,8730.5000,8679.8000,8714.4000
2015-04-09,8756.2000,8785.5000,8682.4500,8778.3000
2015-04-10,8774.3500,8787.4000,8733.6000,8780.3500
2015-04-13,8801.7500,8841.6500,8762.1000,8834.0000
2015-04-15,8844.7500,8844.8000,8722.4000,8750.2000
2015-04-16,8757.0500,8760.0000,8645.6500,8706.7000
2015-04-17,8698.0500,8699.8500,8596.7000,8606.0000
2015-04-20,8618.8000,8619.9500,8422.7500,8448.1000
2015-04-21,8416.1000,8469.3500,8352.7000,8377.7500
2015-04-22,8400.4000,8449.9500,8284.7000,8429.7000
2015-04-23,8478.2000,8504.9500,8361.8500,8398.3000
2015-04-24,8405.7000,8413.3000,8273.3500,8305.2500
2015-04-27,8330.5500,8334.4500,8202.3500,8213.8000
2015-04-28,8215.5500,8308.0000,8185.1500,8285.6000
2015-04-29,8274.8000,8308.2000,8219.2000,8239.7500
2015-04-30,8224.5000,8229.4000,8144.7500,8181.5000
2015-05-04,8230.0500,8346.0000,8220.4500,8331.9500
2015-05-05,8338.4000,8355.6500,8280.6000,8324.8000
2015-05-06,8316.6000,8331.9500,8083.0000,8097.0000
2015-05-07,8077.0000,8122.6000,7997.1500,8057.3000
2015-05-08,8131.5000,8224.9500,8123.4500,8191.5000
2015-05-11,8243.2000,8332.7500,8224.6500,8325.2500
2015-05-12,8326.1500,8326.6500,8115.3000,8126.9500
2015-05-13,8181.5500,8254.9500,8089.8000,8235.4500
2015-05-14,8232.4500,8236.2500,8137.3000,8224.2000
2015-05-15,8240.3000,8279.2000,8212.2000,8262.3500
2015-05-18,8284.9500,8384.6000,8271.9500,8373.6500
2015-05-19,8356.2000,8427.8000,8335.0000,8365.6500
2015-05-20,8392.6500,8440.3500,8391.4500,8423.2500
2015-05-21,8434.5000,8446.3500,8382.5000,8421.0000
2015-05-22,8432.5000,8489.5500,8420.6000,8458.9500
2015-05-25,8438.1500,8441.9500,8364.1500,8370.2500
2015-05-26,8377.1000,8378.9000,8320.0500,8339.3500
2015-05-27,8302.7500,8342.8500,8277.9500,8334.6000
2015-05-28,8345.7000,8364.5000,8270.1500,8319.0000
2015-05-29,8327.1000,8443.9000,8305.7000,8433.6500
2015-06-01,8417.2500,8467.1500,8405.4000,8433.4000
2015-06-02,8442.8000,8445.3500,8226.0500,8236.4500
2015-06-03,8232.4500,8236.7000,8094.1500,8135.1000
2015-06-04,8155.1500,8160.0500,8056.7500,8130.6500
2015-06-05,8119.1500,8191.0000,8100.1500,8114.7000
2015-06-08,8124.3500,8131.0000,8030.5500,8044.1500
2015-06-09,8026.5000,8057.1500,8005.1500,8022.4000
2015-06-10,8024.1500,8152.2500,8023.8000,8124.4500
2015-06-11,8157.3000,8163.0500,7958.2500,7965.3500
2015-06-12,7959.8500,7995.6000,7940.3000,7982.9000
2015-06-15,7986.6000,8057.7000,7944.8500,8013.9000
2015-06-16,8004.2000,8061.8500,7952.3500,8047.3000
2015-06-17,8084.2000,8136.8500,8048.9500,8091.5500
2015-06-18,8113.7000,8186.9000,8101.8000,8174.6000
2015-06-19,8201.1500,8250.8000,8195.6500,8224.9500
2015-06-22,8259.3000,8369.4500,8257.4000,8353.1000
2015-06-23,8377.4500,8398.4500,8334.9500,8381.5500
2015-06-24,8399.4000,8421.3500,8338.9000,8360.8500
2015-06-25,8336.2500,8423.1500,8329.5000,8398.0000
2015-06-26,8393.9500,8408.5500,8339.7000,8381.1000
2015-06-29,8247.0500,8329.4500,8195.6500,8318.4000
2015-06-30,8316.3500,8378.0000,8298.9500,8368.5000
2015-07-01,8376.2500,8481.6000,8370.1500,8453.0500
2015-07-02,8471.9500,8479.2500,8433.2000,8444.9000
2015-07-03,8440.1000,8497.7500,8424.1500,8484.9000
2015-07-06,8386.1500,8533.1500,8386.1500,8522.1500
2015-07-07,8525.5000,8561.3500,8483.8500,8510.8000
2015-07-08,8439.2000,8457.5000,8341.4000,8363.0500
2015-07-09,8364.8500,8400.3000,8323.0000,8328.5500
2015-07-10,8365.7000,8377.1000,8315.4000,8360.5500
2015-07-13,8397.2500,8471.6500,8355.4000,8459.6500
2015-07-14,8470.6000,8480.2500,8424.1000,8454.1000
2015-07-15,8463.4000,8531.4000,8462.9500,8523.8000
2015-07-16,8546.1500,8616.1000,8542.9000,8608.0500
2015-07-17,8623.6500,8642.9500,8593.1500,8609.8500
2015-07-20,8623.9000,8624.1000,8559.0000,8603.4500
2015-07-21,8601.5000,8646.7500,8517.9000,8529.4500
2015-07-22,8512.2500,8643.9000,8498.6500,8633.5000
2015-07-23,8643.9500,8654.7500,8573.8000,8589.8000
2015-07-24,8588.1500,8589.1500,8513.5000,8521.5500
2015-07-27,8492.1000,8492.2000,8351.5500,8361.0000
2015-07-28,8371.1000,8397.4000,8321.7500,8337.0000
2015-07-29,8365.6000,8381.5000,8338.4500,8375.0500
2015-07-30,8417.0000,8458.9000,8408.3000,8421.8000
2015-07-31,8456.1000,8548.9500,8448.0000,8532.8500
2015-08-03,8510.6500,8563.9500,8508.1000,8543.0500
2015-08-04,8564.1000,8565.1500,8448.2500,8516.9000
2015-08-05,8547.4500,8591.8500,8545.8500,8567.9500
2015-08-06,8585.8000,8606.3000,8551.5000,8588.6500
2015-08-07,8580.8000,8595.9500,8552.7000,8564.6000
2015-08-10,8577.0000,8621.5500,8497.8000,8525.6000
2015-08-11,8548.4500,8556.2500,8441.3000,8462.3500
2015-08-12,8445.7000,8446.9500,8337.9500,8349.4500
2015-08-13,8384.4500,8429.5000,8339.7500,8355.8500
2015-08-14,8402.3500,8530.1000,8381.2000,8518.5500
2015-08-17,8530.5000,8530.6000,8428.0500,8477.3000
2015-08-18,8505.8500,8525.7500,8433.6000,8466.5500
2015-08-19,8468.0500,8520.4500,8425.9500,8495.1500
2015-08-20,8471.0500,8501.3500,8359.7500,8372.7500
2015-08-21,8305.4000,8322.2000,8225.0500,8299.9500
2015-08-24,8055.9500,8060.0500,7769.4000,7809.0000
2015-08-25,7895.4000,7925.4000,7667.2500,7880.7000
2015-08-26,7865.2500,7930.0500,7777.1000,7791.8500
2015-08-27,7921.6000,7963.6000,7862.3000,7948.9500
2015-08-28,8053.7000,8091.8000,7961.6500,8001.9500
2015-08-31,8009.2500,8043.6000,7947.9500,7971.3000
2015-09-01,7907.9500,7929.1000,7746.5000,7785.8500
2015-09-02,7856.6500,7862.5500,7699.2500,7717.0000
2015-09-03,7774.4500,7845.6000,7754.0500,7823.0000
2015-09-04,7803.4000,7804.9000,7626.8500,7655.0500
2015-09-07,7685.8500,7705.0500,7545.9000,7558.8000
2015-09-08,7587.7000,7720.9000,7539.5000,7688.2500
2015-09-09,7805.8500,7846.0500,7764.5500,7818.6000
2015-09-10,7729.0500,7819.8500,7678.5000,7788.1000
2015-09-11,7833.8000,7864.8500,7759.9000,7789.3000
2015-09-14,7811.1000,7879.9500,7761.8500,7872.2500
2015-09-15,7867.3500,7880.0000,7799.7500,7829.1000
2015-09-16,7886.8500,7913.9000,7853.3000,7899.1500
2015-09-18,7967.4500,8055.0000,7955.8500,7981.9000
2015-09-21,7911.5000,7987.9000,7908.3500,7977.1000
2015-09-22,8014.8000,8021.6000,7787.7500,7812.0000
2015-09-23,7737.3500,7882.9000,7723.2500,7845.9500
2015-09-24,7838.4000,7894.5000,7804.1000,7868.5000
2015-09-28,7892.8000,7893.9500,7787.9500,7795.7000
2015-09-29,7725.7000,7926.5500,7691.2000,7843.3000
2015-09-30,7924.2500,7957.7000,7874.5000,7948.9000
2015-10-01,7992.0500,8008.2500,7930.6500,7950.9000
2015-10-05,8005.1000,8128.9000,8005.1000,8119.3000
2015-10-06,8180.4500,8180.9500,8096.5000,8152.9000
2015-10-07,8146.2000,8188.9000,8132.9000,8177.4000
2015-10-08,8196.7500,8196.7500,8105.8500,8129.3500
2015-10-09,8186.3500,8232.2000,8139.6500,8189.7000
2015-10-12,8231.5000,8244.5000,8128.2000,8143.6000
2015-10-13,8121.9500,8150.2500,8088.6000,8131.7000
2015-10-14,8102.4000,8139.3000,8096.3500,8107.9000
2015-10-15,8134.3500,8190.5500,8129.8000,8179.5000
2015-10-16,8193.6500,8246.4000,8147.6500,8238.1500
2015-10-19,8262.5500,8283.0500,8239.2000,8275.0500
2015-10-20,8280.3000,8294.0500,8229.2000,8261.6500
2015-10-21,8258.3500,8294.4000,8217.1500,8251.7000
2015-10-23,8308.2500,8328.1000,8280.7500,8295.4500
2015-10-26,8333.6500,8336.3000,8252.0500,8260.5500
2015-10-27,8230.3500,8241.9500,8217.0500,8232.9000
2015-10-28,8188.9000,8209.1000,8131.8000,8171.2000
2015-10-29,8175.4500,8179.6000,8098.0000,8111.7500
2015-10-30,8123.5500,8146.1000,8044.4000,8065.8000
2015-11-02,8054.5500,8060.7000,7995.6000,8050.8000
2015-11-03,8086.3500,8100.3500,8031.7500,8060.7000
2015-11-04,8104.9000,8116.1000,8027.3000,8040.2000
2015-11-05,8030.3500,8031.2000,7944.1000,7955.4500
2015-11-06,7956.5500,8002.6500,7926.1500,7954.3000
2015-11-09,7788.2500,7937.7500,7771.7000,7915.2000
2015-11-10,7877.6000,7885.1000,7772.8500,7783.3500
2015-11-11,7838.8000,7847.9500,7819.1000,7825.0000
2015-11-13,7762.4500,7775.1000,7730.9000,7762.2500
2015-11-16,7732.9500,7838.8500,7714.1500,7806.6000
2015-11-17,7848.7500,7860.4500,7793.0000,7837.5500
2015-11-18,7823.1500,7843.4000,7725.0500,7731.8000
2015-11-19,7788.5000,7854.9000,7765.4500,7842.7500
2015-11-20,7841.9000,7906.9500,7817.8000,7856.5500
2015-11-23,7869.5000,7877.5000,7825.2000,7849.2500
2015-11-24,7837.0000,7870.3500,7812.6500,7831.6000
2015-11-26,7837.1500,7897.1000,7832.0000,7883.8000
2015-11-27,7910.6000,7959.3000,7879.4500,7942.7000
2015-11-30,7936.2500,7966.0000,7922.8000,7935.2500
2015-12-01,7958.1500,7972.1500,7934.1500,7954.9000
2015-12-02,7976.7000,7979.3000,7910.8000,7931.3500
2015-12-03,7902.3000,7912.3000,7853.3000,7864.1500
2015-12-04,7817.6000,7821.4000,7775.7000,7781.9000
2015-12-07,7816.5500,7825.4000,7746.0500,7765.4000
2015-12-08,7738.5000,7771.2500,7685.4500,7701.7000
2015-12-09,7695.5000,7702.8500,7606.9000,7612.5000
2015-12-10,7643.3000,7691.9500,7610.0000,7683.3000
2015-12-11,7699.6000,7703.0500,7575.3000,7610.4500
2015-12-14,7558.2000,7663.9500,7551.0500,7650.0500
2015-12-15,7659.1500,7705.0000,7625.1000,7700.9000
2015-12-16,7725.2500,7776.6000,7715.7500,7750.9000
2015-12-17,7783.0500,7852.9000,7737.5500,7844.3500
2015-12-18,7828.9000,7836.1500,7753.3500,7761.9500
2015-12-21,7745.6500,7840.7500,7733.4500,7834.4500
2015-12-22,7829.4000,7846.3000,7776.8500,7786.1000
2015-12-23,7830.4500,7871.4500,7826.1000,7865.9500
2015-12-24,7888.7500,7888.7500,7835.5000,7861.0500
2015-12-28,7863.2000,7937.2000,7863.0000,7925.1500
2015-12-29,7929.2000,7942.1500,7902.7500,7928.9500
2015-12-30,7938.6000,7944.7500,7889.8500,7896.2500
2015-12-31,7897.8000,7955.5500,7891.1500,7946.3500
2016-01-01,7938.4500,7972.5500,7909.8000,7963.2000
2016-01-04,7924.5500,7937.5500,7781.1000,7791.3000
2016-01-05,7828.4000,7831.2000,7763.2500,7784.6500
2016-01-06,7788.0500,7800.9500,7721.2000,7741.0000
2016-01-07,7673.3500,7674.9500,7556.6000,7568.3000
2016-01-08,7611.6500,7634.1000,7581.0500,7601.3500
2016-01-11,7527.4500,7605.1000,7494.3500,7563.8500
2016-01-12,7587.2000,7588.3000,7487.8000,7510.3000
2016-01-13,7557.9000,7590.9500,7425.8000,7562.4000
2016-01-14,7467.4000,7604.8000,7443.8000,7536.8000
2016-01-15,7561.6500,7566.5000,7427.3000,7437.8000
2016-01-18,7420.3500,7463.6500,7336.4000,7351.0000
2016-01-19,7381.8000,7462.7500,7364.1500,7435.1000
2016-01-20,7357.0000,7470.9000,7241.5000,7309.3000
2016-01-21,7376.6500,7398.7000,7250.0000,7276.8000
2016-01-22,7355.7000,7433.4000,7327.6000,7422.4500
2016-01-25,7468.7500,7487.1500,7421.2000,7436.1500
2016-01-27,7469.6000,7477.9000,7419.7000,7437.7500
2016-01-28,7426.5000,7468.8500,7409.6000,7424.6500
2016-01-29,7413.3500,7575.6500,7402.8000,7563.5500
2016-02-01,7589.5000,7600.4500,7541.2500,7555.9500
2016-02-02,7566.6500,7576.3000,7428.0500,7455.5500
2016-02-03,7392.4500,7419.4000,7350.3000,7361.8000
2016-02-04,7411.4500,7457.0500,7365.9500,7404.0000
2016-02-05,7418.2500,7503.1500,7406.6500,7489.1000
2016-02-08,7489.7000,7512.5500,7363.2000,7387.2500
2016-02-09,7303.9500,7323.4500,7275.1500,7298.2000
2016-02-10,7264.3000,7271.8500,7177.7500,7215.7000
2016-02-11,7203.6000,7208.6500,6959.9500,6976.3500
2016-02-12,7023.6500,7034.8000,6869.0000,6980.9500
2016-02-15,7057.3500,7182.8000,7056.8000,7162.9500
2016-02-16,7201.2500,7204.6500,7037.7000,7048.2500
2016-02-17,7058.8500,7123.7000,6960.6500,7108.4500
2016-02-18,7177.4000,7215.1000,7127.8500,7191.7500
2016-02-19,7170.5500,7226.8500,7145.9500,7210.7500
2016-02-22,7208.8500,7252.4000,7200.7000,7234.5500
2016-02-23,7240.3000,7241.7000,7090.7000,7109.5500
2016-02-24,7075.0000,7090.8000,7009.7500,7018.7000
2016-02-25,7029.8500,7034.2000,6961.4000,6970.6000
2016-02-26,7039.3000,7052.9000,6985.1000,7029.7500
2016-02-29,7050.4500,7094.6000,6825.8000,6987.0500
2016-03-01,7038.2500,7235.5000,7035.1000,7222.3000
2016-03-02,7321.7000,7380.3500,7308.1500,7368.8500
2016-03-03,7429.5500,7483.9500,7406.0500,7475.6000
2016-03-04,7505.4000,7505.9000,7444.1000,7485.3500
2016-03-08,7486.4000,7527.1500,7442.1500,7485.3000
2016-03-09,7436.1000,7539.0000,7424.3000,7531.8000
2016-03-10,7545.3500,7547.1000,7447.4000,7486.1500
2016-03-11,7484.8500,7543.9500,7460.6000,7510.2000
2016-03-14,7542.6000,7583.7000,7515.0500,7538.7500
2016-03-15,7535.8500,7545.2000,7452.8000,7460.6000
2016-03-16,7457.0500,7508.0000,7405.1500,7498.7500
2016-03-17,7557.4000,7585.3000,7479.4000,7512.5500
2016-03-18,7534.6500,7613.6000,7517.9000,7604.3500
2016-03-21,7619.2000,7713.5500,7617.7000,7704.2500
2016-03-22,7695.5500,7728.2000,7643.8000,7714.9000
2016-03-23,7717.4500,7726.8500,7670.6000,7716.5000
2016-03-28,7741.0000,7749.4000,7587.7000,7615.1000
2016-03-29,7606.5500,7652.9000,7582.2500,7597.0000
2016-03-30,7651.1000,7741.9500,7643.4500,7735.2000
2016-03-31,7727.6500,7777.6000,7702.0000,7738.4000
2016-04-01,7718.0500,7740.1500,7666.1000,7713.0500
2016-04-04,7733.1500,7764.4500,7704.4000,7758.8000
2016-04-05,7736.3000,7736.3000,7588.6500,7603.2000
2016-04-06,7636.0500,7638.6500,7591.7500,7614.3500
2016-04-07,7630.4000,7630.7500,7535.8500,7546.4500
2016-04-08,7542.3500,7569.3500,7526.7000,7555.2000
2016-04-11,7577.8000,7678.8000,7516.8500,7671.4000
2016-04-12,7669.2500,7717.4000,7663.3500,7708.9500
2016-04-13,7777.1500,7864.8000,7772.2000,7850.4500
2016-04-18,7908.1500,7920.6000,7842.7500,7914.7000
2016-04-20,7950.0500,7950.4000,7877.5500,7914.7500
2016-04-21,7953.6500,7978.4500,7884.1000,7912.0500
2016-04-22,7891.8000,7923.3500,7873.3500,7899.3000
2016-04-25,7894.8000,7911.0000,7827.0000,7855.0500
2016-04-26,7828.1500,7974.5000,7822.5500,7962.6500
2016-04-27,7942.0000,7991.0000,7940.5500,7979.9000
2016-04-28,7967.4000,7992.0000,7834.4500,7847.2500
2016-04-29,7844.2500,7889.0500,7788.7000,7849.8000
2016-05-02,7822.7000,7829.8000,7777.3000,7805.9000
2016-05-03,7824.8000,7890.2500,7735.1500,7747.0000
2016-05-04,7724.1500,7749.0000,7697.2500,7706.5500
2016-05-05,7731.0000,7777.5500,7706.8500,7735.5000
2016-05-06,7717.6500,7738.9000,7678.3500,7733.4500
2016-05-09,7755.2500,7873.6500,7753.5500,7866.0500
2016-05-10,7873.5500,7896.9000,7837.7000,7887.8000
2016-05-11,7804.6500,7893.1000,7780.9000,7848.8500
2016-05-12,7871.4500,7916.0500,7849.6500,7900.4000
2016-05-13,7881.0000,7881.0000,7784.2000,7814.9000
2016-05-16,7831.2000,7873.9000,7772.1500,7860.7500
2016-05-17,7896.8500,7940.1000,7879.7000,7890.7500
2016-05-18,7846.7500,7882.0500,7810.7500,7870.1500
2016-05-19,7875.5000,7876.2000,7766.8000,7783.4000
2016-05-20,7792.2000,7812.4000,7735.7500,7749.7000
2016-05-23,7813.9500,7820.6000,7722.2000,7731.0500
2016-05-24,7738.0500,7761.5500,7715.8000,7748.8500
2016-05-25,7811.8000,7941.2000,7809.3000,7934.9000
2016-05-26,7974.4500,8083.0000,7948.5000,8069.6500
2016-05-27,8081.9500,8164.2000,8077.0500,8156.6500
2016-05-30,8166.5000,8200.0000,8150.8000,8178.5000
2016-05-31,8209.8500,8213.6000,8134.3000,8160.1000
2016-06-01,8179.2000,8215.3500,8171.0500,8179.9500
2016-06-02,8156.9000,8229.5000,8154.7500,8218.9500
2016-06-03,8246.2000,8262.0000,8209.8500,8220.8000
2016-06-06,8228.7500,8234.7000,8186.0500,8201.0500
2016-06-07,8235.5500,8294.9500,8216.4000,8266.4500
2016-06-08,8285.5000,8288.9000,8252.0500,8273.0500
2016-06-09,8273.3500,8273.3500,8184.6000,8203.6000
2016-06-10,8180.2500,8265.6000,8162.8500,8170.0500
2016-06-13,8102.2500,8125.2500,8063.9000,8110.6000
2016-06-14,8134.4000,8134.9500,8069.5000,8108.8500
2016-06-15,8139.4000,8213.2000,8123.1500,8206.6000
2016-06-16,8180.6500,8180.6500,8074.4500,8140.7500
2016-06-17,8176.6500,8195.2500,8135.8000,8170.2000
2016-06-20,8115.7500,8244.1500,8107.3500,8238.5000
2016-06-21,8255.4000,8257.2500,8202.1500,8219.9000
2016-06-22,8213.6500,8238.3500,8153.2500,8203.7000
2016-06-23,8201.1500,8285.6000,8188.3000,8270.4500
2016-06-24,8029.1000,8100.7000,7927.0500,8088.6000
2016-06-27,8039.3500,8120.6500,8039.3500,8094.7000
2016-06-28,8096.0500,8146.3500,8086.8500,8127.8500
2016-06-29,8173.1000,8212.4000,8157.6500,8204.0000
2016-06-30,8260.2500,8308.1500,8242.1000,8287.7500
2016-07-01,8313.0500,8356.7500,8308.6500,8328.3500
2016-07-04,8376.7500,8398.4500,8364.7000,8370.7000
2016-07-05,8379.3000,8381.4500,8319.9500,8335.9500
2016-07-07,8342.0000,8361.9500,8317.7000,8337.9000
2016-07-08,8350.0000,8353.3000,8287.5500,8323.2000
2016-07-11,8413.3500,8475.2500,8407.0500,8467.9000
2016-07-12,8502.6000,8526.6000,8479.2000,8521.0500
2016-07-13,8540.4500,8550.2500,8493.5500,8519.5000
2016-07-14,8515.7500,8571.4000,8500.7000,8565.0000
2016-07-15,8565.4500,8594.8000,8510.0500,8541.4000
2016-07-18,8564.0500,8587.1000,8494.3500,8508.7000
2016-07-19,8514.3000,8540.0500,8476.7000,8528.5500
2016-07-20,8515.4500,8569.9000,8512.5500,8565.8500
2016-07-21,8582.7000,8585.2500,8503.4500,8510.1000
2016-07-22,8519.6500,8548.9500,8489.8000,8541.2000
2016-07-25,8519.9500,8641.1500,8517.2000,8635.6500
2016-07-26,8633.7500,8644.9000,8577.1500,8590.6500
2016-07-27,8599.4000,8665.0000,8572.0500,8615.8000
2016-07-28,8636.9500,8674.7000,8625.2500,8666.3000
2016-07-29,8668.3000,8670.3500,8631.1500,8638.5000
2016-08-01,8654.3000,8711.3000,8590.5000,8636.5500
2016-08-02,8647.4500,8687.2000,8611.4000,8622.9000
2016-08-03,8635.2000,8635.4500,8529.6000,8544.8500
2016-08-04,8599.9500,8601.4000,8518.1500,8551.1000
2016-08-05,8600.2000,8689.4000,8590.1500,8683.1500
2016-08-08,8712.8500,8723.5000,8697.6000,8711.3500
2016-08-09,8727.8000,8728.3500,8638.2000,8678.2500
2016-08-10,8686.7000,8690.1000,8564.6000,8575.3000
2016-08-11,8572.8000,8601.1500,8540.0500,8592.1500
2016-08-12,8605.4500,8684.3000,8604.4500,8672.1500
2016-08-16,8670.2500,8682.3500,8600.4500,8642.5500
2016-08-17,8639.8000,8667.1000,8603.6000,8624.0500
2016-08-18,8648.8500,8690.7000,8645.0500,8673.2500
2016-08-19,8694.3000,8696.6000,8647.1000,8666.9000
2016-08-22,8667.0000,8684.8500,8614.0000,8629.1500
2016-08-23,8628.3500,8642.1500,8580.0000,8632.6000
2016-08-24,8648.5000,8661.0500,8620.9000,8650.3000
2016-08-25,8668.8500,8683.0500,8583.6500,8592.2000
2016-08-26,8614.3500,8622.9500,8547.5500,8572.5500
2016-08-29,8583.7500,8622.0000,8543.7500,8607.4500
2016-08-30,8646.7500,8750.6000,8642.2500,8744.3500
2016-08-31,8754.0500,8819.2000,8754.0500,8786.2000
2016-09-01,8793.6000,8813.2500,8759.9500,8774.6500
2016-09-02,8796.3500,8824.1000,8768.2000,8809.6500
2016-09-06,8852.7000,8950.8500,8848.4500,8943.0000
2016-09-07,8968.7000,8968.7000,8913.3500,8917.9500
2016-09-08,8915.5000,8960.3500,8896.0000,8952.5000
2016-09-09,8934.3000,8939.1500,8858.7000,8866.7000
2016-09-12,8732.9500,8746.9500,8699.4000,8715.6000
2016-09-14,8710.6500,8739.8500,8688.9000,8726.6000
2016-09-15,8743.8500,8751.9500,8704.3500,8742.5500
2016-09-16,8780.8500,8847.6500,8750.5000,8779.8500
2016-09-19,8788.4500,8824.3000,8774.2000,8808.4000
2016-09-20,8816.1000,8816.4500,8759.3000,8775.9000
2016-09-21,8790.3000,8826.8500,8757.3000,8777.1500
2016-09-22,8873.3500,8893.3500,8837.8000,8867.4500
2016-09-23,8880.7500,8885.2000,8820.3000,8831.5500
2016-09-26,8807.9000,8809.5500,8715.1000,8723.0500
2016-09-27,8748.9000,8768.5000,8690.5000,8706.4000
2016-09-28,8711.2000,8767.0500,8703.1500,8745.1500
2016-09-29,8792.7000,8800.6500,8558.2500,8591.2500
2016-09-30,8581.5000,8637.1500,8555.2000,8611.1500
2016-10-03,8666.1500,8745.2000,8635.0000,8738.1000
2016-10-04,8770.0000,8783.6500,8736.1000,8769.1500
2016-10-05,8806.3500,8806.9500,8731.4000,8743.9500
2016-10-06,8768.7000,8781.1500,8684.6500,8709.5500
2016-10-07,8721.7000,8723.7000,8663.8000,8697.6000
2016-10-10,8735.3500,8745.8000,8703.9500,8708.8000
2016-10-13,8671.5000,8681.5500,8541.3500,8573.3500
2016-10-14,8594.0000,8604.4500,8549.8000,8583.4000
2016-10-17,8612.9500,8615.4000,8506.1500,8520.4000
2016-10-18,8556.0500,8685.1000,8555.9000,8677.9000
2016-10-19,8697.5000,8698.7500,8636.7000,8659.1000
2016-10-20,8693.3500,8727.0000,8678.3000,8699.4000
2016-10-21,8708.6000,8709.1000,8652.0500,8693.0500
2016-10-24,8709.8500,8736.9500,8684.1500,8708.9500
2016-10-25,8721.7000,8722.6500,8663.4500,8691.3000
2016-10-26,8657.3000,8657.3000,8596.6000,8615.2500
2016-10-27,8607.1000,8624.8500,8550.2500,8615.2500
2016-10-28,8625.0000,8653.7500,8581.7500,8638.0000
2016-10-30,8672.3500,8678.2500,8616.2500,8625.7000
2016-11-01,8653.1500,8669.6000,8614.5000,8626.2500
2016-11-02,8542.8000,8549.5000,8504.8500,8514.0000
2016-11-03,8499.8500,8537.6500,8476.1500,8484.9500
2016-11-04,8503.6000,8504.0000,8400.2500,8433.7500
2016-11-07,8535.7500,8535.8500,8481.4500,8497.0500
2016-11-08,8540.0000,8559.4000,8480.1000,8543.5500
2016-11-09,8067.5000,8476.2000,8002.2500,8432.0000
2016-11-10,8555.6000,8598.4500,8510.7000,8525.7500
2016-11-11,8456.6500,8460.6000,8284.9500,8296.3000
2016-11-15,8284.8500,8288.5500,8093.2000,8108.4500
2016-11-16,8205.6500,8210.0500,8089.4000,8111.6000
2016-11-17,8105.1000,8151.2500,8060.3000,8079.9500
2016-11-18,8097.5500,8128.9500,8048.3000,8074.1000
2016-11-21,8102.1000,8102.4500,7916.4000,7929.1000
2016-11-22,7989.1500,8019.0500,7938.1500,8002.3000
2016-11-23,8051.2000,8055.2000,7973.1000,8033.3000
2016-11-24,8011.8000,8024.8500,7952.5500,7965.5000
2016-11-25,8007.9500,8122.2500,7976.7500,8114.3000
2016-11-28,8080.6500,8146.5000,8066.5000,8126.9000
2016-11-29,8131.5500,8197.3500,8128.7000,8142.1500
2016-11-30,8172.1500,8234.2500,8139.2500,8224.5000
2016-12-01,8244.0000,8250.8000,8185.0500,8192.9000
2016-12-02,8153.5500,8159.3000,8070.0500,8086.8000
2016-12-05,8088.7500,8141.9000,8056.8500,8128.7500
2016-12-06,8153.1500,8178.7000,8130.8500,8143.1500
2016-12-07,8168.4000,8190.4500,8077.5000,8102.0500
2016-12-08,8152.1000,8256.2500,8151.7500,8246.8500
2016-12-09,8271.7000,8274.9500,8241.9500,8261.7500
2016-12-12,8230.6500,8230.6500,8154.4500,8170.8000
2016-12-13,8196.1500,8228.8500,8155.8000,8221.8000
2016-12-14,8229.3500,8229.4000,8165.1000,8182.4500
2016-12-15,8128.4000,8225.9000,8121.9500,8153.6000
2016-12-16,8178.2000,8178.7000,8127.4500,8139.4500
2016-12-19,8126.0000,8132.5000,8094.8500,8104.3500
2016-12-20,8110.6000,8124.1000,8062.7500,8082.4000
2016-12-21,8105.8500,8112.5500,8053.2500,8061.3000
2016-12-22,8043.8500,8046.4500,7964.9500,7979.1000
2016-12-23,7972.5000,8022.6000,7942.0500,7985.7500
2016-12-26,7965.1000,7970.0500,7893.8000,7908.2500
2016-12-27,7915.0500,8044.6500,7903.7000,8032.8500
2016-12-28,8047.5500,8100.5500,8028.4000,8034.8500
2016-12-29,8030.6000,8111.1000,8020.8000,8103.6000
2016-12-30,8119.6500,8197.0000,8114.7500,8185.8000
2017-01-02,8210.1000,8212.0000,8133.8000,8179.5000
2017-01-03,8196.0500,8219.1000,8148.6000,8192.2500
2017-01-04,8202.6500,8218.5000,8180.9000,8190.5000
2017-01-05,8226.6500,8282.6500,8223.7000,8273.8000
2017-01-06,8281.8500,8306.8500,8233.2500,8243.8000
2017-01-09,8259.3500,8263.0000,8227.7500,8236.0500
2017-01-10,8262.7000,8293.8000,8261.0000,8288.6000
2017-01-11,8327.8000,8389.0000,8322.2500,8380.6500
2017-01-12,8391.0500,8417.2000,8382.3000,8407.2000
2017-01-13,8457.6500,8461.0500,8373.1500,8400.3500
2017-01-16,8390.9500,8426.7000,8374.4000,8412.8000
2017-01-17,8415.0500,8440.9000,8378.3000,8398.0000
2017-01-18,8403.8500,8460.3000,8397.4000,8417.0000
2017-01-19,8418.4000,8445.1500,8404.0500,8435.1000
2017-01-20,8404.3500,8423.6500,8340.9500,8349.3500
2017-01-23,8329.6000,8404.1500,8327.2000,8391.5000
2017-01-24,8407.0500,8480.9500,8398.1500,8475.8000
2017-01-25,8499.4500,8612.6000,8493.9500,8602.7500
2017-01-27,8610.5000,8672.7000,8606.9000,8641.2500
2017-01-30,8635.5500,8662.6000,8617.7500,8632.7500
2017-01-31,8629.4500,8631.7500,8552.4000,8561.3000
2017-02-01,8570.3500,8722.4000,8537.5000,8716.4000
2017-02-02,8724.7500,8757.6000,8685.8000,8734.2500
2017-02-03,8735.1500,8748.2500,8707.7500,8740.9500
2017-02-06,8785.4500,8814.1000,8770.2000,8801.0500
2017-02-07,8805.7000,8809.3000,8741.0500,8768.3000
2017-02-08,8774.5500,8791.2500,8715.0000,8769.0500
2017-02-09,8795.5500,8821.4000,8724.1000,8778.4000
2017-02-10,8812.3500,8822.1000,8771.2000,8793.5500
2017-02-13,8819.8000,8826.9000,8754.2000,8805.0500
2017-02-14,8819.9000,8820.4500,8772.5000,8792.3000
2017-02-15,8778.9500,8807.9000,8712.8500,8724.7000
2017-02-16,8739.0000,8783.9500,8719.6000,8778.0000
2017-02-17,8883.7000,8896.4500,8804.2500,8821.7000
2017-02-20,8818.5500,8886.2500,8809.8000,8879.2000
2017-02-21,8890.7500,8920.8000,8860.9500,8907.8500
2017-02-22,8931.6000,8960.7500,8905.2500,8926.9000
2017-02-23,8956.4000,8982.1500,8927.5500,8939.5000
2017-02-27,8943.7000,8951.8000,8888.6500,8896.7000
2017-02-28,8898.9500,8914.7500,8867.6000,8879.6000
2017-03-01,8904.4000,8960.8000,8898.6000,8945.8000
2017-03-02,8982.8500,8992.5000,8879.8000,8899.7500
2017-03-03,8883.5000,8907.1000,8860.1000,8897.5500
2017-03-06,8915.1000,8967.8000,8914.0000,8963.4500
2017-03-07,8977.7500,8977.8500,8932.8000,8946.9000
2017-03-08,8950.7000,8957.0500,8891.9500,8924.3000
2017-03-09,8914.5000,8945.8000,8899.5000,8927.0000
2017-03-10,8953.7000,8975.7000,8903.9500,8934.5500
2017-03-14,9091.6500,9122.7500,9060.5000,9087.0000
2017-03-15,9086.8500,9106.5500,9075.5000,9084.8000
2017-03-16,9129.6500,9158.4500,9128.5500,9153.7000
2017-03-17,9207.8000,9218.4000,9147.6000,9160.0500
2017-03-20,9166.9500,9167.6000,9116.3000,9126.8500
2017-03-21,9133.9500,9147.7500,9087.2000,9121.5000
2017-03-22,9047.2000,9072.9000,9019.3000,9030.4500
2017-03-23,9048.7500,9099.0500,9048.6000,9086.3000
2017-03-24,9104.0000,9133.5500,9089.4000,9108.0000
2017-03-27,9093.4500,9094.8500,9024.6500,9045.2000
2017-03-28,9081.5000,9110.4000,9079.8000,9100.8000
2017-03-29,9128.7000,9153.1500,9109.1000,9143.8000
2017-03-30,9142.6000,9183.1500,9136.3500,9173.7500
2017-03-31,9158.9000,9191.7000,9152.1000,9173.7500
2017-04-03,9220.6000,9245.3500,9192.4000,9237.8500
2017-04-05,9264.4000,9273.9000,9215.4000,9265.1500
2017-04-06,9245.8000,9267.9500,9218.8500,9261.9500
2017-04-07,9223.7000,9250.5000,9188.1000,9198.3000
2017-04-10,9225.6000,9225.6500,9174.8500,9181.4500
2017-04-11,9184.5500,9242.7000,9172.8500,9237.0000
2017-04-12,9242.5000,9246.4000,9161.8000,9203.4500
2017-04-13,9202.5000,9202.6500,9144.9500,9150.8000
2017-04-17,9144.7500,9160.0000,9120.2500,9139.3000
2017-04-18,9163.0000,9217.9000,9095.4500,9105.1500
2017-04-19,9112.2000,9120.5000,9075.1500,9103.5000
2017-04-20,9108.1000,9143.9000,9102.6500,9136.4000
2017-04-21,9179.1000,9183.6500,9088.7500,9119.4000
2017-04-24,9135.3500,9225.4000,9130.5500,9217.9500
2017-04-25,9273.0500,9309.2000,9250.3500,9306.6000
2017-04-26,9336.2000,9367.0000,9301.3500,9351.8500
2017-04-27,9359.1500,9367.1500,9322.6500,9342.1500
2017-04-28,9340.9500,9342.6500,9282.2500,9304.0500
2017-05-02,9339.8500,9352.5500,9269.9000,9313.8000
2017-05-03,9344.7000,9346.3000,9298.4000,9311.9500
2017-05-04,9360.9500,9365.6500,9323.2500,9359.9000
2017-05-05,9374.5500,9377.1000,9272.0000,9285.3000
2017-05-08,9311.4500,9338.7000,9297.9500,9314.0500
2017-05-09,9337.3500,9338.9500,9307.7000,9316.8500
2017-05-10,9339.6500,9414.7500,9336.0000,9407.3000
2017-05-11,9448.6000,9450.6500,9411.3000,9422.4000
2017-05-12,9436.6500,9437.7500,9372.5500,9400.9000
2017-05-15,9433.5500,9449.2500,9423.1000,9445.4000
2017-05-16,9461.0000,9517.2000,9456.3500,9512.2500
2017-05-17,9517.6000,9532.6000,9486.1000,9525.7500
2017-05-18,9453.2000,9489.1000,9418.1000,9429.4500
2017-05-19,9469.9000,9505.7500,9390.7500,9427.9000
2017-05-22,9480.2500,9498.6500,9427.9000,9438.2500
2017-05-23,9445.0500,9448.0500,9370.0000,9386.1500
2017-05-24,9410.9000,9431.9000,9341.6500,9360.5500
2017-05-25,9384.0500,9523.3000,9379.2000,9509.7500
2017-05-26,9507.7500,9604.9000,9495.4000,9595.1000
2017-05-29,9560.0500,9637.7500,9547.7000,9604.9000
2017-05-30,9590.6500,9635.3000,9581.2000,9624.5500
2017-05-31,9636.5500,9649.6000,9609.2500,9621.2500
2017-06-01,9603.5500,9634.6500,9589.9000,9616.1000
2017-06-02,9657.1500,9673.5000,9637.4500,9653.5000
2017-06-05,9656.3000,9687.2000,9640.7000,9675.1000
2017-06-06,9704.2500,9709.3000,9630.2000,9637.1500
2017-06-07,9663.9500,9678.5500,9630.5500,9663.9000
2017-06-08,9682.4000,9688.7000,9641.5000,9647.2500
2017-06-09,9638.5500,9676.2500,9608.1500,9668.2500
2017-06-12,9646.7000,9647.0500,9598.5000,9616.4000
2017-06-13,9615.5500,9654.1500,9595.4000,9606.9000
2017-06-14,9621.5500,9627.4000,9580.4500,9618.1500
2017-06-15,9617.9000,9621.4000,9560.8000,9578.0500
2017-06-16,9595.4500,9615.8500,9565.5000,9588.0500
2017-06-19,9626.4000,9673.3000,9614.9000,9657.5500
2017-06-20,9670.5000,9676.5000,9643.7500,9653.5000
2017-06-21,9648.1000,9650.4500,9608.6000,9633.6000
2017-06-22,9642.6500,9698.8500,9617.7500,9630.0000
2017-06-23,9643.2500,9647.6500,9565.3000,9574.9500
2017-06-27,9594.0500,9615.4000,9473.4500,9511.4000
2017-06-28,9520.2000,9522.5000,9474.3500,9491.2500
2017-06-29,9522.9500,9575.8000,9493.8000,9504.1000
2017-06-30,9478.5000,9535.8000,9448.7500,9520.9000
2017-07-03,9587.9500,9624.0000,9543.5500,9615.0000
2017-07-04,9645.9000,9650.6500,9595.5000,9613.3000
2017-07-05,9619.7500,9643.6500,9607.3500,9637.6000
2017-07-06,9653.6000,9700.7000,9639.9500,9674.5500
2017-07-07,9670.3500,9684.2500,9642.6500,9665.8000
2017-07-10,9719.3000,9782.1500,9646.4500,9771.0500
2017-07-11,9797.4500,9830.0500,9778.8500,9786.0500
2017-07-12,9807.3000,9824.9500,9787.7000,9816.1000
2017-07-13,9855.8000,9897.2500,9853.4500,9891.7000
2017-07-14,9913.3000,9913.3000,9845.4500,9886.3500
2017-07-17,9908.1500,9928.2000,9894.7000,9915.9500
2017-07-18,9832.7000,9885.3500,9792.0500,9827.1500
2017-07-19,9855.9500,9905.0500,9851.6500,9899.6000
2017-07-20,9920.2000,9922.5500,9863.4500,9873.3000
2017-07-21,9899.6000,9924.7000,9838.0000,9915.2500
2017-07-24,9936.8000,9982.0500,9919.6000,9966.4000
2017-07-25,10010.5500,10011.3000,9949.1000,9964.5500
2017-07-26,9983.6500,10025.9500,9965.9500,10020.6500
2017-07-27,10063.2500,10114.8500,10005.5000,10020.5500
2017-07-28,9996.5500,10026.0500,9944.5000,10014.5000
2017-07-31,10034.7000,10085.9000,10016.9500,10077.1000
2017-08-01,10101.0500,10128.6000,10065.7500,10114.6500
2017-08-02,10136.3000,10137.8500,10054.2000,10081.5000
2017-08-03,10081.1500,10081.1500,9998.2500,10013.6500
2017-08-04,10008.6000,10075.2500,9988.3500,10066.4000
2017-08-07,10074.8000,10088.1000,10046.3500,10057.4000
2017-08-08,10068.3500,10083.8000,9947.0000,9978.5500
2017-08-09,9961.1500,9969.8000,9893.0500,9908.0500
2017-08-10,9872.8500,9892.6500,9776.2000,9820.2500
2017-08-11,9712.1500,9771.6500,9685.5500,9710.8000
2017-08-14,9755.7500,9818.3000,9752.1000,9794.1500
2017-08-16,9825.8500,9903.9500,9773.8500,9897.3000
2017-08-17,9945.5500,9947.8000,9883.7500,9904.1500
2017-08-18,9865.9500,9865.9500,9783.6500,9837.4000
2017-08-21,9864.2500,9884.3500,9740.1000,9754.3500
2017-08-22,9815.7500,9828.4500,9752.6000,9765.5500
2017-08-23,9803.0500,9857.9000,9786.7500,9852.5000
2017-08-24,9881.2000,9881.5000,9848.8500,9857.0500
2017-08-28,9907.1500,9925.7500,9882.0000,9912.8000
2017-08-29,9886.4000,9887.3500,9783.7500,9796.0500
2017-08-30,9859.5000,9909.4500,9850.8000,9884.4000
2017-08-31,9905.7000,9925.1000,9856.9500,9917.9000
2017-09-01,9937.6500,9983.4500,9909.8500,9974.4000
2017-09-04,9984.1500,9988.4000,9861.0000,9912.8500
2017-09-05,9933.2500,9963.1000,9901.0500,9952.2000
2017-09-06,9899.2500,9931.5500,9882.5500,9916.2000
2017-09-07,9945.8500,9964.8500,9917.2000,9929.9000
2017-09-08,9958.6500,9963.6000,9913.3000,9934.8000
2017-09-11,9971.7500,10028.6500,9968.8000,10006.0500
2017-09-12,10056.8500,10097.5500,10028.0500,10093.0500
2017-09-13,10099.2500,10131.9500,10063.1500,10079.3000
2017-09-14,10107.4000,10126.5000,10070.3500,10086.6000
2017-09-15,10062.3500,10115.1500,10043.6500,10085.4000
2017-09-18,10133.1000,10171.7000,10131.3000,10153.1000
2017-09-19,10175.6000,10178.9500,10129.9500,10147.5500
2017-09-20,10160.9500,10171.0500,10134.2000,10141.1500
2017-09-21,10139.6000,10158.9000,10058.6000,10121.9000
2017-09-22,10094.3500,10095.0500,9952.8000,9964.4000
2017-09-25,9960.1000,9960.5000,9816.0500,9872.6000
2017-09-26,9875.2500,9891.3500,9813.0000,9871.5000
2017-09-27,9920.6000,9921.0500,9714.4000,9735.7500
2017-09-28,9736.4000,9789.2000,9687.5500,9768.9500
2017-09-29,9814.3000,9854.0000,9775.3500,9788.6000
2017-10-03,9893.3000,9895.4000,9831.0500,9859.5000
2017-10-04,9884.3500,9938.3000,9850.6500,9914.9000
2017-10-05,9927.0000,9945.9500,9881.8500,9888.7000
2017-10-06,9908.1500,9989.3500,9906.6000,9979.7000
2017-10-09,9988.2000,10015.7500,9959.4500,9988.7500
2017-10-10,10013.7000,10034.0000,10002.3000,10016.9500
2017-10-11,10042.6000,10067.2500,9955.8000,9984.8000
2017-10-12,10011.2000,10104.4500,9977.1000,10096.4000
2017-10-13,10123.7000,10191.9000,10120.1000,10167.4500
2017-10-16,10207.4000,10242.9500,10175.1000,10230.8500
2017-10-17,10227.6500,10251.8500,10212.6000,10234.4500
2017-10-18,10209.4000,10236.4500,10175.7500,10210.8500
2017-10-19,10210.3500,10211.9500,10123.3500,10146.5500
2017-10-23,10176.6500,10224.1500,10124.5000,10184.8500
2017-10-24,10218.5500,10237.7500,10182.4000,10207.7000
2017-10-25,10321.1500,10340.5500,10240.9000,10295.3500
2017-10-26,10291.8000,10355.6500,10271.8500,10343.8000
2017-10-27,10362.3000,10366.1500,10311.3000,10323.0500
2017-10-30,10353.8500,10384.5000,10344.3000,10363.6500
2017-10-31,10364.9000,10367.7000,10323.9500,10335.3000
2017-11-01,10390.3500,10451.6500,10383.0500,10440.5000
2017-11-02,10440.5000,10453.0000,10412.5500,10423.8000
2017-11-03,10461.5500,10461.7000,10403.6000,10452.5000
2017-11-06,10431.7500,10490.4500,10413.7500,10451.8000
2017-11-07,10477.1500,10485.7500,10340.8000,10350.1500
2017-11-08,10361.9500,10384.2500,10285.5000,10303.1500
2017-11-09,10358.6500,10368.4500,10266.9500,10308.9500
2017-11-10,10304.3500,10344.9500,10254.1000,10321.7500
2017-11-13,10322.0000,10334.1500,10216.2500,10224.9500
2017-11-14,10223.4000,10248.0000,10175.5500,10186.6000
2017-11-15,10171.9500,10175.4500,10094.0000,10118.0500
2017-11-16,10152.9000,10232.2500,10139.2000,10214.7500
2017-11-17,10324.5500,10343.6000,10268.0500,10283.6000
2017-11-20,10287.2000,10309.8500,10261.5000,10298.7500
2017-11-21,10329.2500,10358.7000,10315.0500,10326.9000
2017-11-22,10350.8000,10368.7000,10309.5500,10342.3000
2017-11-23,10358.4500,10374.3000,10307.3000,10348.7500
2017-11-24,10366.8000,10404.5000,10362.2500,10389.7000
2017-11-27,10361.0500,10407.1500,10340.2000,10399.5500
2017-11-28,10387.9000,10409.5500,10355.2000,10370.2500
2017-11-29,10376.6500,10392.9500,10345.9000,10361.3000
2017-11-30,10332.7000,10332.7000,10211.2500,10226.5500
2017-12-01,10263.7000,10272.7000,10108.5500,10121.8000
2017-12-04,10175.0500,10179.2000,10095.7000,10127.7500
2017-12-05,10118.2500,10147.9500,10069.1000,10118.2500
2017-12-06,10088.8000,10104.2000,10033.3500,10044.1000
2017-12-07,10063.4500,10182.6500,10061.9000,10166.7000
2017-12-08,10198.4500,10270.8500,10195.2500,10265.6500
2017-12-11,10310.5000,10329.2000,10282.0500,10322.2500
2017-12-12,10324.9000,10326.1000,10230.2000,10240.1500
2017-12-13,10236.6000,10296.5500,10169.8500,10192.9500
2017-12-14,10229.3000,10276.1000,10141.5500,10252.1000
2017-12-15,10345.6500,10373.1000,10319.6500,10333.2500
2017-12-18,10263.1000,10443.5500,10074.8000,10388.7500
2017-12-19,10414.8000,10472.2000,10406.0000,10463.2000
2017-12-20,10494.4000,10494.4500,10437.1500,10444.2000
2017-12-21,10473.9500,10473.9500,10426.9000,10440.3000
2017-12-22,10457.3000,10501.1000,10448.2500,10493.0000
2017-12-26,10512.3000,10545.4500,10477.9500,10531.5000
2017-12-27,10531.0500,10552.4000,10469.2500,10490.7500
2017-12-28,10498.2000,10534.5500,10460.4500,10477.9000
2017-12-29,10492.3500,10538.7000,10488.6500,10530.7000
2018-01-01,10531.7000,10537.8500,10423.1000,10435.5500
2018-01-02,10477.5500,10495.2000,10404.6500,10442.2000
2018-01-03,10482.6500,10503.6000,10429.5500,10443.2000
2018-01-04,10469.4000,10513.0000,10441.4500,10504.8000
2018-01-05,10534.2500,10566.1000,10520.1000,10558.8500
2018-01-08,10591.7000,10631.2000,10588.5500,10623.6000
2018-01-09,10645.1000,10659.1500,10603.6000,10637.0000
2018-01-10,10652.0500,10655.5000,10592.7000,10632.2000
2018-01-11,10637.0500,10664.6000,10612.3500,10651.2000
2018-01-12,10682.5500,10690.4000,10597.1000,10681.2500
2018-01-15,10718.5000,10782.6500,10713.8000,10741.5500
2018-01-16,10761.5000,10762.3500,10687.8500,10700.4500
2018-01-17,10702.4500,10803.0000,10666.7500,10788.5500
2018-01-18,10873.4000,10887.5000,10782.4000,10817.0000
2018-01-19,10829.2000,10906.8500,10793.9000,10894.7000
2018-01-22,10883.2000,10975.1000,10881.4000,10966.2000
2018-01-23,10997.4000,11092.9000,10994.5500,11083.7000
2018-01-24,11069.3500,11110.1000,11046.1500,11086.0000
2018-01-25,11095.6000,11095.6000,11009.2000,11069.6500
2018-01-29,11079.3500,11171.5500,11075.9500,11130.4000
2018-01-30,11120.8500,11121.1000,11033.9000,11049.6500
2018-01-31,11018.8000,11058.5000,10979.3000,11027.7000
2018-02-01,11044.5500,11117.3500,10878.8000,11016.9000
2018-02-02,10938.2000,10954.9500,10736.1000,10760.6000
2018-02-05,10604.3000,10702.7500,10586.8000,10666.5500
2018-02-06,10295.1500,10594.1500,10276.3000,10498.2500
2018-02-07,10607.2000,10614.0000,10446.4000,10476.7000
2018-02-08,10518.5000,10637.8000,10479.5500,10576.8500
2018-02-09,10416.5000,10480.2000,10398.2000,10454.9500
2018-02-12,10518.2000,10555.5000,10485.4000,10539.7500
2018-02-14,10585.7500,10590.5500,10456.6500,10500.9000
2018-02-15,10537.9000,10618.1000,10511.0500,10545.5000
2018-02-16,10596.2000,10612.9000,10434.0500,10452.3000
2018-02-19,10488.9000,10489.3500,10302.7500,10378.4000
2018-02-20,10391.0000,10429.3500,10347.6500,10360.4000
2018-02-21,10426.0000,10426.1000,10349.6000,10397.4500
2018-02-22,10354.3500,10397.5500,10340.6500,10382.7000
2018-02-23,10408.1000,10499.1000,10396.6500,10491.0500
2018-02-26,10526.5500,10592.9500,10520.2000,10582.6000
2018-02-27,10615.2000,10631.6500,10537.2500,10554.3000
2018-02-28,10488.9500,10535.5000,10461.5500,10492.8500
2018-03-01,10479.9500,10525.5000,10447.1500,10458.3500
2018-03-05,10428.3000,10428.7000,10323.9000,10358.8500
2018-03-06,10420.5000,10441.3500,10215.9000,10249.2500
2018-03-07,10232.9500,10243.3500,10141.5500,10154.2000
2018-03-08,10216.2500,10270.3500,10146.4000,10242.6500
2018-03-09,10271.3000,10296.7000,10211.9000,10226.8500
2018-03-12,10301.6000,10433.6500,10295.4500,10421.4000
2018-03-13,10389.5000,10478.6000,10377.8500,10426.8500
2018-03-14,10393.0500,10420.3500,10336.3000,10410.9000
2018-03-15,10405.4500,10420.0000,10346.2000,10360.1500
2018-03-16,10345.1500,10346.3000,10180.2500,10195.1500
2018-03-19,10215.3500,10224.5500,10075.3000,10094.2500
2018-03-20,10051.5500,10155.6500,10049.1000,10124.3500
2018-03-21,10181.9500,10227.3000,10132.9500,10155.2500
2018-03-22,10167.5000,10207.8500,10105.4000,10114.7500
2018-03-23,9968.8000,10027.7000,9951.9000,9998.0500
2018-03-26,9989.1500,10143.5000,9958.5500,10130.6500
2018-03-27,10188.0000,10207.9000,10139.6500,10184.1500
2018-03-28,10143.6000,10158.3500,10096.9000,10113.7000
2018-04-02,10151.6500,10220.1000,10127.7500,10211.8000
2018-04-03,10186.8500,10255.3500,10171.0500,10245.0000
2018-04-04,10274.6000,10279.8500,10111.3000,10128.4000
2018-04-05,10228.4500,10331.8000,10227.4500,10325.1500
2018-04-06,10322.7500,10350.4500,10290.8500,10331.6000
2018-04-09,10333.7000,10397.7000,10328.5000,10379.3500
2018-04-10,10412.9000,10424.8500,10381.5000,10402.2500
2018-04-11,10428.1500,10428.1500,10355.6000,10417.1500
2018-04-12,10410.6500,10469.9000,10395.2500,10458.6500
2018-04-13,10495.3000,10519.9000,10451.4500,10480.6000
2018-04-16,10398.3000,10540.1500,10396.3500,10528.3500
2018-04-17,10557.3000,10560.4500,10495.6500,10548.7000
2018-04-18,10578.9000,10594.2000,10509.7000,10526.2000
2018-04-19,10563.6500,10572.2000,10546.2000,10565.3000
2018-04-20,10560.3500,10582.3500,10527.4500,10564.0500
2018-04-23,10592.8000,10638.3500,10514.9500,10584.7000
2018-04-24,10578.1000,10636.8000,10569.0000,10614.3500
2018-04-25,10612.4000,10612.6000,10536.4500,10570.5500
2018-04-26,10586.5000,10628.4000,10559.6500,10617.8000
2018-04-27,10651.6500,10719.8000,10647.5500,10692.3000
2018-04-30,10705.7500,10759.0000,10704.6000,10739.3500
2018-05-02,10783.8500,10784.6500,10689.8000,10718.0500
2018-05-03,10720.1500,10720.6000,10647.4500,10679.6500
2018-05-04,10700.4500,10700.4500,10601.6000,10618.2500
2018-05-07,10653.1500,10725.6500,10635.6500,10715.5000
2018-05-08,10757.9000,10758.5500,10689.4000,10717.8000
2018-05-09,10693.3500,10766.2500,10689.8500,10741.7000
2018-05-10,10779.6500,10785.5500,10705.0000,10716.5500
2018-05-11,10741.9500,10812.0500,10724.4500,10806.5000
2018-05-14,10815.1500,10834.8500,10774.7500,10806.6000
2018-05-15,10812.6000,10929.2000,10781.4000,10801.8500
2018-05-16,10751.9500,10790.4500,10699.7000,10741.1000
2018-05-17,10775.6000,10777.2500,10664.5000,10682.7000
2018-05-18,10671.8500,10674.9500,10589.1000,10596.4000
2018-05-21,10616.7000,10621.7000,10505.8000,10516.7000
2018-05-22,10518.4500,10558.6000,10490.5500,10536.7000
2018-05-23,10521.1000,10533.5500,10417.8000,10430.3500
2018-05-24,10464.8500,10535.1500,10419.8000,10513.8500
2018-05-25,10533.0500,10628.0500,10524.0000,10605.1500
2018-05-28,10648.3500,10709.8000,10640.5500,10688.6500
2018-05-29,10689.4000,10717.2500,10616.1000,10633.3000
2018-05-30,10579.0000,10648.7000,10558.4500,10614.3500
2018-05-31,10670.1000,10763.8000,10620.4000,10736.1500
2018-06-01,10738.4500,10764.7500,10681.5000,10696.2000
2018-06-04,10765.9500,10770.3000,10618.3500,10628.5000
2018-06-05,10630.7000,10633.1500,10550.9000,10593.1500
2018-06-06,10603.4500,10698.3500,10587.5000,10684.6500
2018-06-07,10722.6000,10818.0000,10722.6000,10768.3500
2018-06-08,10736.4000,10779.4500,10709.0500,10767.6500
2018-06-11,10781.8500,10850.5500,10777.0500,10786.9500
2018-06-12,10816.1500,10856.5500,10789.4000,10842.8500
2018-06-13,10887.5000,10893.2500,10842.6500,10856.7000
2018-06-14,10832.9000,10833.7000,10773.5500,10808.0500
2018-06-15,10808.6500,10834.0000,10755.4000,10817.7000
2018-06-18,10830.2000,10830.2000,10787.3500,10799.8500
2018-06-19,10789.4500,10789.4500,10701.2000,10710.4500
2018-06-20,10734.6500,10781.8000,10724.0500,10772.0500
2018-06-21,10808.4500,10809.6000,10725.9000,10741.1000
2018-06-22,10742.7000,10837.0000,10710.4500,10821.8500
2018-06-25,10822.9000,10831.0500,10753.0500,10762.4500
2018-06-26,10742.7000,10805.2500,10732.5500,10769.1500
2018-06-27,10785.5000,10785.5000,10652.4000,10671.4000
2018-06-28,10660.8000,10674.2000,10557.7000,10589.1000
2018-06-29,10612.8500,10723.0500,10612.3500,10714.3000
2018-07-02,10732.3500,10736.1500,10604.6500,10657.3000
2018-07-03,10668.6000,10713.3000,10630.2500,10699.9000
2018-07-04,10715.0000,10777.1500,10677.7500,10769.9000
2018-07-05,10786.0500,10786.0500,10726.2500,10749.7500
2018-07-06,10744.1500,10816.3500,10735.0500,10772.6500
2018-07-09,10838.3000,10860.3500,10807.1500,10852.9000
2018-07-10,10902.7500,10956.9000,10876.6500,10947.2500
2018-07-11,10956.4000,10976.6500,10923.0000,10948.3000
2018-07-12,11006.9500,11078.3000,10999.6500,11023.2000
2018-07-13,11056.9000,11071.3500,10999.7500,11018.9000
2018-07-16,11018.9500,11019.5000,10926.2500,10936.8500
2018-07-17,10939.6500,11018.5000,10925.6000,11008.0500
2018-07-18,11060.2000,11076.2000,10956.3000,10980.4500
2018-07-19,10999.5000,11006.5000,10935.4500,10957.1000
2018-07-20,10963.5000,11030.2500,10946.2000,11010.2000
2018-07-23,11019.8500,11093.4000,11010.9500,11084.7500
2018-07-24,11109.0000,11143.4000,11092.5000,11134.3000
2018-07-25,11148.4000,11157.1500,11113.2500,11132.0000
2018-07-26,11132.9500,11185.8500,11125.7000,11167.3000
2018-07-27,11232.7500,11283.4000,11210.2500,11278.3500
2018-07-30,11296.6500,11328.1000,11261.4500,11319.5500
2018-07-31,11311.0500,11366.0000,11267.7500,11356.5000
2018-08-01,11359.8000,11390.5500,11313.5500,11346.2000
2018-08-02,11328.9000,11328.9000,11234.9500,11244.7000
2018-08-03,11297.8000,11368.0000,11294.5500,11360.8000
2018-08-06,11401.5000,11427.6500,11370.6000,11387.1000
2018-08-07,11423.1500,11428.9500,11359.7000,11389.4500
2018-08-08,11412.5000,11459.9500,11379.3000,11450.0000
2018-08-09,11493.2500,11495.2000,11454.1000,11470.7000
2018-08-10,11474.9500,11478.7500,11419.6500,11429.5000
2018-08-13,11369.6000,11406.3000,11340.3000,11355.7500
2018-08-14,11381.7000,11452.4500,11370.8000,11435.1000
2018-08-16,11397.1500,11449.8500,11366.2500,11385.0500
2018-08-17,11437.1500,11486.4500,11431.8000,11470.7500
2018-08-20,11502.1000,11565.3000,11499.6500,11551.7500
2018-08-21,11576.2000,11581.7500,11539.6000,11570.9000
2018-08-23,11620.7000,11620.7000,11546.7000,11582.7500
2018-08-24,11566.6000,11604.6000,11532.0000,11557.1000
2018-08-27,11605.8500,11700.9500,11595.6000,11691.9500
2018-08-28,11731.9500,11760.2000,11710.5000,11738.5000
2018-08-29,11744.9500,11753.2000,11678.8500,11691.9000
2018-08-30,11694.7500,11698.8000,11639.7000,11676.8000
2018-08-31,11675.8500,11727.6500,11640.1000,11680.5000
2018-09-03,11751.8000,11751.8000,11567.4000,11582.3500
2018-09-04,11598.7500,11602.5500,11496.8500,11520.3000
2018-09-05,11514.8500,11542.6500,11393.8500,11476.9500
2018-09-06,11514.1500,11562.2500,11436.0500,11536.9000
2018-09-07,11558.2500,11603.0000,11484.4000,11589.1000
2018-09-10,11570.2500,11573.0000,11427.3000,11438.1000
2018-09-11,11476.8500,11479.4000,11274.0000,11287.5000
2018-09-12,11340.1000,11380.7500,11250.2000,11369.9000
2018-09-14,11443.5000,11523.2500,11430.5500,11515.2000
2018-09-17,11464.9500,11464.9500,11366.9000,11377.7500
2018-09-18,11381.5500,11411.4500,11268.9500,11278.9000
2018-09-19,11326.6500,11332.0500,11210.9000,11234.3500
2018-09-21,11271.3000,11346.8000,10866.4500,11143.1000
2018-09-24,11164.4000,11170.1500,10943.6000,10967.4000
2018-09-25,10969.9500,11080.6000,10882.8500,11067.4500
2018-09-26,11145.5500,11145.5500,10993.0500,11053.8000
2018-09-27,11079.8000,11089.4500,10953.3500,10977.5500
2018-09-28,11008.1000,11034.1000,10850.3000,10930.4500
2018-10-01,10930.9000,11035.6500,10821.5500,11008.3000
2018-10-03,10982.7000,10989.0500,10843.7500,10858.2500
2018-10-04,10754.7000,10754.7000,10547.2500,10599.2500
2018-10-05,10514.1000,10540.6500,10261.9000,10316.4500
2018-10-08,10310.1500,10398.3500,10198.4000,10348.0500
2018-10-09,10390.3000,10397.6000,10279.3500,10301.0500
2018-10-10,10331.8500,10482.3500,10318.2500,10460.1000
2018-10-11,10169.8000,10335.9500,10138.6000,10234.6500
2018-10-12,10331.5500,10492.4500,10322.1500,10472.5000
2018-10-15,10524.2000,10526.3000,10410.1500,10512.5000
2018-10-16,10550.1500,10604.9000,10525.3000,10584.7500
2018-10-17,10688.7000,10710.1500,10436.4500,10453.0500
2018-10-19,10339.7000,10380.1000,10249.6000,10303.5500
2018-10-22,10405.8500,10408.5500,10224.0000,10245.2500
2018-10-23,10152.6000,10222.1000,10102.3500,10146.8000
2018-10-24,10278.1500,10290.6500,10126.7000,10224.7500
2018-10-25,10135.0500,10166.6000,10079.3000,10124.9000
2018-10-26,10122.3500,10128.8500,10004.5500,10030.0000
2018-10-29,10078.1000,10275.3000,10020.3500,10250.8500
2018-10-30,10239.4000,10285.1000,10175.3500,10198.4000
2018-10-31,10209.5500,10396.0000,10105.1000,10386.6000
2018-11-01,10441.7000,10441.9000,10341.9000,10380.4500
2018-11-02,10462.3000,10606.9500,10457.7000,10553.0000
2018-11-05,10558.7500,10558.8000,10477.0000,10524.0000
2018-11-06,10552.0000,10600.2500,10491.4500,10530.0000
2018-11-07,10614.4500,10616.4500,10582.3000,10598.4000
2018-11-09,10614.7000,10619.5500,10544.8500,10585.2000
2018-11-12,10607.8000,10645.5000,10464.0500,10482.2000
2018-11-13,10451.9000,10596.2500,10440.5500,10582.5000
2018-11-14,10634.9000,10651.6000,10532.7000,10576.3000
2018-11-15,10580.6000,10646.5000,10557.5000,10616.7000
2018-11-16,10644.0000,10695.1500,10631.1500,10682.2000
2018-11-19,10731.2500,10774.7000,10688.8000,10763.4000
2018-11-20,10740.1000,10740.8500,10640.8500,10656.2000
2018-11-21,10670.9500,10671.3000,10562.3500,10600.0500
2018-11-22,10612.6500,10646.2500,10512.0000,10526.7500
2018-11-26,10568.3000,10637.8000,10489.7500,10628.6000
2018-11-27,10621.4500,10695.1500,10596.3500,10685.6000
2018-11-28,10708.7500,10757.8000,10699.8500,10728.8500
2018-11-29,10808.7000,10883.0500,10782.3500,10858.7000
2018-11-30,10892.1000,10922.4500,10835.1000,10876.7500
2018-12-03,10930.7000,10941.2000,10845.3500,10883.7500
2018-12-04,10877.1000,10890.9500,10833.3500,10869.5000
2018-12-05,10820.4500,10821.0500,10747.9500,10782.9000
2018-12-06,10718.1500,10722.6500,10588.2500,10601.1500
2018-12-07,10644.8000,10704.5500,10599.3500,10693.7000
2018-12-10,10508.7000,10558.8500,10474.9500,10488.4500
2018-12-11,10350.0500,10567.1500,10333.8500,10549.1500
2018-12-12,10591.0000,10752.2000,10560.8000,10737.6000
2018-12-13,10810.7500,10838.6000,10749.5000,10791.5500
2018-12-14,10784.5000,10815.7500,10752.1000,10805.4500
2018-12-17,10853.2000,10900.3500,10844.8500,10888.3500
2018-12-18,10850.9000,10915.4000,10819.1000,10908.7000
2018-12-19,10930.5500,10985.1500,10928.0000,10967.3000
2018-12-20,10885.2000,10962.5500,10880.0500,10951.7000
2018-12-21,10944.2500,10963.6500,10738.6500,10754.0000
2018-12-24,10780.9000,10782.3000,10649.2500,10663.5000
2018-12-26,10635.4500,10747.5000,10534.5500,10729.8500
2018-12-27,10817.9000,10834.2000,10764.4500,10779.8000
2018-12-28,10820.9500,10893.6000,10817.1500,10859.9000
2018-12-31,10913.2000,10923.5500,10853.2000,10862.5500
2019-01-01,10881.7000,10923.6000,10807.1000,10910.1000
2019-01-02,10868.8500,10895.3500,10735.0500,10792.5000
2019-01-03,10796.8000,10814.0500,10661.2500,10672.2500
2019-01-04,10699.7000,10741.0500,10628.6500,10727.3500
2019-01-07,10804.8500,10835.9500,10750.1500,10771.8000
2019-01-08,10786.2500,10818.4500,10733.2500,10802.1500
2019-01-09,10862.4000,10870.4000,10749.4000,10855.1500
2019-01-10,10859.3500,10859.3500,10801.8000,10821.6000
2019-01-11,10834.7500,10850.1500,10739.4000,10794.9500
2019-01-14,10807.0000,10808.0000,10692.3500,10737.6000
2019-01-15,10777.5500,10896.9500,10777.5500,10886.8000
2019-01-16,10899.6500,10928.1500,10876.9000,10890.3000
2019-01-17,10920.8500,10930.6500,10844.6500,10905.2000
2019-01-18,10914.8500,10928.2000,10852.2000,10906.9500
2019-01-21,10919.3500,10987.4500,10885.7500,10961.8500
2019-01-22,10949.8000,10949.8000,10864.1500,10922.7500
2019-01-23,10931.0500,10944.8000,10811.9500,10831.5000
2019-01-24,10844.0500,10866.6000,10798.6500,10849.8000
2019-01-25,10859.7500,10931.7000,10756.4500,10780.5500
2019-01-28,10792.4500,10804.4500,10630.9500,10661.5500
2019-01-29,10653.7000,10690.3500,10583.6500,10652.2000
2019-01-30,10702.2500,10710.2000,10612.8500,10651.8000
2019-01-31,10690.5500,10838.0500,10678.5500,10830.9500
2019-02-01,10851.3500,10983.4500,10813.4500,10893.6500
2019-02-04,10876.7500,10927.9000,10814.1500,10912.2500
2019-02-05,10908.6500,10956.7000,10886.7000,10934.3500
2019-02-06,10965.1000,11072.6000,10962.7000,11062.4500
2019-02-07,11070.4500,11118.1000,11043.6000,11069.4000
2019-02-08,11023.5000,11041.2000,10925.4500,10943.6000
2019-02-11,10930.9000,10930.9000,10857.1000,10888.8000
2019-02-12,10879.7000,10910.9000,10823.8000,10831.4000
2019-02-13,10870.5500,10891.6500,10772.1000,10793.6500
2019-02-14,10786.1000,10792.7000,10718.7500,10746.0500
2019-02-15,10780.2500,10785.7500,10620.4000,10724.4000
2019-02-18,10738.6500,10759.9000,10628.4000,10640.9500
2019-02-19,10636.7000,10722.8500,10585.6500,10604.3500
2019-02-20,10655.4500,10752.7000,10646.4000,10735.4500
2019-02-21,10744.1000,10808.8500,10721.5000,10789.8500
2019-02-22,10782.7000,10801.5500,10758.4000,10791.6500
2019-02-25,10813.2500,10887.1000,10788.0500,10880.1000
2019-02-26,10775.3000,10888.7500,10729.3000,10835.3000
2019-02-27,10881.2000,10939.7000,10751.2000,10806.6500
2019-02-28,10865.7000,10865.7000,10784.8500,10792.5000
2019-03-01,10842.6500,10877.9000,10823.1000,10863.5000
2019-03-05,10864.8500,10994.9000,10817.0000,10987.4500
2019-03-06,11024.8500,11062.3000,10998.8500,11053.0000
2019-03-07,11077.9500,11089.0500,11027.1000,11058.2000
2019-03-08,11038.8500,11049.0000,11008.9500,11035.4000
2019-03-11,11068.7500,11180.9000,11059.8500,11168.0500
2019-03-12,11231.3500,11320.4000,11227.0000,11301.2000
2019-03-13,11326.2000,11352.3000,11276.6000,11341.7000
2019-03-14,11382.5000,11383.4500,11313.7500,11343.2500
2019-03-15,11376.8500,11487.0000,11370.8000,11426.8500
2019-03-18,11473.8500,11530.1500,11412.5000,11462.2000
2019-03-19,11500.3000,11543.8500,11451.2500,11532.4000
2019-03-20,11553.3500,11556.1000,11503.1000,11521.0500
2019-03-22,11549.2000,11572.8000,11434.5500,11456.9000
2019-03-25,11395.6500,11395.6500,11311.6000,11354.2500
2019-03-26,11375.2000,11496.7500,11352.4500,11483.2500
2019-03-27,11531.4500,11546.2000,11413.0000,11445.0500
2019-03-28,11463.6500,11588.5000,11452.4500,11570.0000
2019-03-29,11625.4500,11630.3500,11570.1500,11623.9000
2019-04-01,11665.2000,11738.1000,11644.7500,11669.1500
2019-04-02,11711.5500,11729.3500,11655.8500,11713.2000
2019-04-03,11735.3000,11761.0000,11629.1500,11643.9500
2019-04-04,11660.2000,11662.5500,11559.2000,11598.0000
2019-04-05,11638.4000,11689.6500,11609.5000,11665.9500
2019-04-08,11704.3500,11710.3000,11549.1000,11604.5000
2019-04-09,11612.0500,11683.9000,11569.7000,11671.9500
2019-04-10,11646.8500,11680.0500,11571.7500,11584.3000
2019-04-11,11592.5500,11606.7000,11550.5500,11596.7000
2019-04-12,11612.8500,11657.3500,11578.8000,11643.4500
2019-04-15,11667.0000,11704.6000,11648.2500,11690.3500
2019-04-16,11736.2000,11810.9500,11731.5500,11787.1500
2019-04-18,11856.1500,11856.1500,11738.5000,11752.8000
2019-04-22,11727.0500,11727.0500,11583.9500,11594.4500
2019-04-23,11612.9500,11645.9500,11564.8000,11575.9500
2019-04-24,11601.5000,11740.8500,11578.8500,11726.1500
2019-04-25,11735.7000,11796.7500,11624.3000,11641.8000
2019-04-26,11683.7500,11762.9000,11661.7500,11754.6500
2019-04-30,11748.7500,11756.2500,11655.9000,11748.1500
2019-05-02,11725.5500,11789.3000,11699.5500,11724.7500
2019-05-03,11722.6000,11770.9000,11699.3500,11712.2500
2019-05-06,11605.8000,11632.5500,11571.3500,11598.2500
2019-05-07,11651.5000,11657.0500,11484.4500,11497.9000
2019-05-08,11478.7000,11479.1000,11346.9500,11359.4500
2019-05-09,11322.4000,11357.6000,11255.0500,11301.8000
2019-05-10,11314.1500,11345.8000,11251.0500,11278.9000
2019-05-13,11258.7000,11300.2000,11125.6000,11148.2000
2019-05-14,11151.6500,11294.7500,11108.3000,11222.0500
2019-05-15,11271.7000,11286.8000,11136.9500,11157.0000
2019-05-16,11180.3500,11281.5500,11143.3500,11257.1000
2019-05-17,11261.9000,11426.1500,11259.8500,11407.1500
2019-05-20,11651.9000,11845.2000,11591.7000,11828.2500
2019-05-21,11863.6500,11883.5500,11682.8000,11709.1000
2019-05-22,11727.9500,11784.8000,11682.4000,11737.9000
2019-05-23,11901.3000,12041.1500,11614.5000,11657.0500
2019-05-24,11748.0000,11859.0000,11658.1000,11844.1000
2019-05-27,11855.5000,11957.1500,11812.4000,11924.7500
2019-05-28,11958.3500,11958.5500,11864.9000,11928.7500
2019-05-29,11905.8000,11931.9000,11836.8000,11861.1000
2019-05-30,11865.3000,11968.5500,11859.4000,11945.9000
2019-05-31,11999.8000,12039.2500,11829.4500,11922.8000
2019-06-03,11953.7500,12103.0500,11920.1000,12088.5500
2019-06-04,12052.6500,12095.2000,12005.8500,12021.6500
2019-06-06,12039.8000,12039.8000,11830.2500,11843.7500
2019-06-07,11865.2000,11897.5000,11769.5000,11870.6500
2019-06-10,11934.9000,11975.0500,11871.7500,11922.7000
2019-06-11,11959.8500,12000.3500,11904.3500,11965.6000
2019-06-12,11962.4500,11962.4500,11866.3500,11906.2000
2019-06-13,11873.9000,11931.3500,11817.0500,11914.0500
2019-06-14,11910.1000,11911.8500,11797.7000,11823.3000
2019-06-17,11844.0000,11844.0500,11657.7500,11672.1500
2019-06-18,11677.0500,11727.2000,11641.1500,11691.5000
2019-06-19,11744.4500,11802.5000,11625.1000,11691.4500
2019-06-20,11653.6500,11843.5000,11635.0500,11831.7500
2019-06-21,11827.6000,11827.9500,11705.1000,11724.1000
2019-06-24,11725.8000,11754.0000,11670.2000,11699.6500
2019-06-25,11681.0000,11814.4000,11651.0000,11796.4500
2019-06-26,11768.1500,11871.8500,11757.5500,11847.5500
2019-06-27,11860.8500,11911.1500,11821.0500,11841.5500
2019-06-28,11861.1500,11871.7000,11775.5000,11788.8500
2019-07-01,11839.9000,11884.6500,11830.8000,11865.6000
2019-07-02,11890.3000,11917.4500,11814.7000,11910.3000
2019-07-03,11932.1500,11945.2000,11887.0500,11916.7500
2019-07-04,11928.8000,11969.2500,11923.6500,11946.7500
2019-07-05,11964.7500,11981.7500,11797.9000,11811.1500
2019-07-08,11770.4000,11771.9000,11523.3000,11558.6000
2019-07-09,11531.6000,11582.5500,11461.0000,11555.9000
2019-07-10,11536.1500,11593.7000,11475.6500,11498.9000
2019-07-11,11561.4500,11599.0000,11519.5000,11582.9000
2019-07-12,11601.1500,11639.5500,11538.6000,11552.5000
2019-07-15,11614.7500,11618.4000,11532.3000,11588.3500
2019-07-16,11596.6500,11670.0500,11573.9500,11662.6000
2019-07-17,11670.7500,11706.6500,11651.1500,11687.5000
2019-07-18,11675.6000,11677.1500,11582.4000,11596.9000
2019-07-19,11627.9500,11640.3500,11399.3000,11419.2500
2019-07-22,11392.8500,11398.1500,11301.2500,11346.2000
2019-07-23,11372.2500,11398.1500,11302.8000,11331.0500
2019-07-24,11322.4500,11359.7500,11229.8000,11271.3000
2019-07-25,11290.4000,11361.4000,11239.3500,11252.1500
2019-07-26,11247.4500,11307.6000,11210.0500,11284.3000
2019-07-29,11307.5000,11310.9500,11152.4000,11189.2000
2019-07-30,11213.7000,11267.4500,11072.6500,11085.4000
2019-07-31,11034.0500,11145.3000,10999.4000,11118.0000
2019-08-01,11060.2000,11076.7500,10881.0000,10980.0000
2019-08-02,10930.3000,11080.1500,10848.9500,10997.3500
2019-08-05,10895.8000,10895.8000,10782.6000,10862.6000
2019-08-06,10815.4000,11018.5500,10813.8000,10948.2500
2019-08-07,10958.1000,10975.6500,10835.9000,10855.5000
2019-08-08,10899.2000,11058.0500,10842.9500,11032.4500
2019-08-09,11087.9000,11181.4500,11062.8000,11109.6500
2019-08-13,11139.4000,11145.9000,10901.6000,10925.8500
2019-08-14,11003.2500,11078.1500,10935.6000,11029.4000
2019-08-16,11043.6500,11068.6500,10924.3000,11047.8000
2019-08-19,11094.8000,11146.9000,11037.8500,11053.9000
2019-08-20,11063.9000,11076.3000,10985.3000,11017.0000
2019-08-21,11018.1500,11034.2000,10906.6500,10918.7000
2019-08-22,10905.3000,10908.2500,10718.3000,10741.3500
2019-08-23,10699.6000,10862.5500,10637.1500,10829.3500
2019-08-26,11000.3000,11070.3000,10756.5500,11057.8500
2019-08-27,11106.5500,11141.7500,11049.5000,11105.3500
2019-08-28,11101.3000,11129.6500,10987.6500,11046.1000
2019-08-29,10996.0500,11021.1000,10922.4000,10948.3000
2019-08-30,10987.8000,11042.6000,10874.8000,11023.2500
2019-09-03,10960.9500,10967.5000,10772.7000,10797.9000
2019-09-04,10790.4000,10858.7500,10746.3500,10844.6500
2019-09-05,10860.9500,10920.1000,10816.0000,10847.9000
2019-09-06,10883.8000,10957.0500,10867.4500,10946.2000
2019-09-09,10936.7000,11028.8500,10889.8000,11003.0500
2019-09-11,11028.5000,11054.8000,11011.6500,11035.7000
2019-09-12,11058.3000,11081.7500,10964.9500,10982.8000
2019-09-13,10986.8000,11084.4500,10945.7500,11075.9000
2019-09-16,10994.8500,11052.7000,10968.2000,11003.5000
2019-09-17,11000.1000,11000.1000,10796.5000,10817.6000
2019-09-18,10872.8000,10885.1500,10804.8500,10840.6500
2019-09-19,10845.2000,10845.2000,10670.2500,10704.8000
2019-09-20,10746.8000,11381.9000,10691.0000,11274.2000
2019-09-23,11542.7000,11694.8500,11471.3500,11600.2000
2019-09-24,11590.7000,11655.0500,11539.2000,11588.2000
2019-09-25,11564.8500,11564.9500,11416.1000,11440.2000
2019-09-26,11469.8500,11610.8500,11466.3500,11571.2000
2019-09-27,11556.3500,11593.6000,11499.7500,11512.4000
2019-09-30,11491.1500,11508.2500,11390.8000,11474.4500
2019-10-01,11515.4000,11554.2000,11247.9000,11359.9000
2019-10-03,11322.2500,11370.4000,11257.3500,11314.0000
2019-10-04,11388.4500,11400.3000,11158.3500,11174.7500
2019-10-07,11196.2000,11233.8500,11112.6500,11126.4000
2019-10-09,11152.9500,11321.6000,11090.1500,11313.3000
2019-10-10,11280.5000,11293.3500,11208.5500,11234.5500
2019-10-11,11257.7000,11362.9000,11189.4000,11305.0500
2019-10-14,11335.9000,11420.4500,11290.0500,11341.1500
2019-10-15,11360.8500,11462.3500,11342.1000,11428.3000
2019-10-16,11464.9500,11481.0500,11411.1000,11464.0000
2019-10-17,11466.3000,11599.1000,11439.6500,11586.3500
2019-10-18,11580.3000,11684.7000,11553.1500,11661.8500
2019-10-22,11657.1500,11714.3500,11573.6500,11588.3500
2019-10-23,11596.2000,11651.6000,11554.4000,11604.1000
2019-10-24,11661.6500,11679.6000,11534.6500,11582.6000
2019-10-25,11646.1500,11646.9000,11490.7500,11583.9000
2019-10-27,11662.2500,11672.4000,11604.6000,11627.1500
2019-10-29,11643.9500,11809.4000,11627.3500,11786.8500
2019-10-30,11883.9000,11883.9500,11784.4500,11844.1000
2019-10-31,11890.4500,11945.0000,11855.1000,11877.4500
2019-11-01,11886.6000,11918.3000,11843.3500,11890.6000
2019-11-04,11928.9000,11989.1500,11905.3500,11941.3000
2019-11-05,11974.6000,11978.9500,11861.9000,11917.2000
2019-11-06,11911.5000,12002.9000,11850.2500,11966.0500
2019-11-07,12021.1000,12021.4000,11946.8500,12012.0500
2019-11-08,11987.1500,12034.1500,11888.7500,11908.1500
2019-11-11,11879.2000,11932.6500,11853.9500,11913.4500
2019-11-13,11908.3000,11946.8000,11823.2000,11840.4500
2019-11-14,11858.7500,11895.6500,11802.6500,11872.1000
2019-11-15,11904.2000,11973.6500,11879.2500,11895.4500
2019-11-18,11915.1500,11946.2000,11867.6000,11884.5000
2019-11-19,11919.4500,11958.8500,11881.7500,11940.1000
2019-11-20,12004.7500,12038.6000,11966.0500,11999.1000
2019-11-21,12025.6500,12028.2000,11956.9000,11968.4000
2019-11-22,11967.3000,11968.1000,11883.5000,11914.4000
2019-11-25,11922.4500,12084.5000,11919.7500,12073.7500
2019-11-26,12110.2000,12132.4500,12006.3500,12037.7000
2019-11-27,12068.5000,12114.9000,12055.1500,12100.7000
2019-11-28,12132.1000,12158.8000,12099.9500,12151.1500
2019-11-29,12146.2000,12147.4000,12017.4000,12056.0500
2019-12-02,12137.0500,12137.1500,12023.7000,12048.2000
2019-12-03,12067.6500,12068.6000,11956.4000,11994.2000
2019-12-04,11969.9500,12054.7000,11935.3000,12043.2000
2019-12-05,12071.2500,12081.2000,11998.7500,12018.4000
2019-12-06,12047.3500,12057.0500,11888.8500,11921.5000
2019-12-09,11939.1000,11981.9500,11888.0500,11937.5000
2019-12-10,11950.5000,11953.2000,11844.7000,11856.8000
2019-12-11,11867.3500,11923.2000,11832.3000,11910.1500
2019-12-12,11944.3000,12005.5000,11934.0000,11971.8000
2019-12-13,12026.4000,12098.8500,12023.6000,12086.7000
2019-12-16,12131.3500,12134.6500,12046.3000,12053.9500
2019-12-17,12082.4500,12182.7500,12070.3500,12165.0000
2019-12-18,12197.0000,12237.7000,12163.4500,12221.6500
2019-12-19,12223.4000,12268.3500,12191.1500,12259.7000
2019-12-20,12266.4500,12293.9000,12252.7500,12271.8000
2019-12-23,12235.4500,12287.1500,12213.2500,12262.7500
2019-12-24,12269.2500,12283.7000,12202.1000,12214.5500
2019-12-26,12211.8500,12221.5500,12118.8500,12126.5500
2019-12-27,12172.9000,12258.4500,12157.9000,12245.8000
2019-12-30,12274.9000,12286.4500,12213.8000,12255.8500
2019-12-31,12247.1000,12247.1000,12151.8000,12168.4500
2020-01-01,12202.1500,12222.2000,12165.3000,12182.5000
2020-01-02,12198.5500,12289.9000,12195.2500,12282.2000
2020-01-03,12261.1000,12265.6000,12191.3500,12226.6500
2020-01-06,12170.6000,12179.1000,11974.2000,11993.0500
2020-01-07,12079.1000,12152.1500,12005.3500,12052.9500
2020-01-08,11939.1000,12044.9500,11929.6000,12025.3500
2020-01-09,12153.1500,12224.0500,12132.5500,12215.9000
2020-01-10,12271.0000,12311.2000,12213.2000,12256.8000
2020-01-13,12296.7000,12337.7500,12285.8000,12329.5500
2020-01-14,12333.1000,12374.2500,12308.7000,12362.3000
2020-01-15,12349.4000,12355.1500,12278.7500,12343.3000
2020-01-16,12347.1000,12389.0500,12315.8000,12355.5000
2020-01-17,12328.4000,12385.4500,12321.4000,12352.3500
2020-01-20,12430.5000,12430.5000,12216.9000,12224.5500
2020-01-21,12195.3000,12230.0500,12162.3000,12169.8500
2020-01-22,12218.3500,12225.0500,12087.9000,12106.9000
2020-01-23,12123.7500,12189.0000,12094.1000,12180.3500
2020-01-24,12174.5500,12272.1500,12149.6500,12248.2500
2020-01-27,12197.1000,12216.6000,12107.0000,12119.0000
2020-01-28,12148.1000,12163.5500,12024.5000,12055.8000
2020-01-29,12114.9000,12169.6000,12103.8000,12129.5000
2020-01-30,12147.7500,12150.3000,12010.6000,12035.8000
2020-01-31,12100.4000,12103.5500,11945.8500,11962.1000
2020-02-01,11939.0000,12017.3500,11633.3000,11661.8500
2020-02-03,11627.4500,11749.8500,11614.5000,11707.9000
2020-02-04,11786.2500,11986.1500,11783.4000,11979.6500
2020-02-05,12005.8500,12098.1500,11953.3500,12089.1500
2020-02-06,12120.0000,12160.6000,12084.6500,12137.9500
2020-02-07,12151.1500,12154.7000,12073.9500,12098.3500
2020-02-10,12102.3500,12103.5500,11990.7500,12031.5000
2020-02-11,12108.4000,12172.3000,12099.0000,12107.9000
2020-02-12,12151.0000,12231.7500,12144.3000,12201.2000
2020-02-13,12219.5500,12225.6500,12139.8000,12174.6500
2020-02-14,12190.1500,12246.7000,12091.2000,12113.4500
2020-02-17,12131.8000,12159.6000,12037.0000,12045.8000
2020-02-18,12028.2500,12030.7500,11908.0500,11992.5000
2020-02-19,12090.6000,12134.7000,12042.1000,12125.9000
2020-02-20,12119.0000,12152.0000,12071.4500,12080.8500
2020-02-24,12012.5500,12012.5500,11813.4000,11829.4000
2020-02-25,11877.5000,11883.0500,11779.9000,11797.9000
2020-02-26,11738.5500,11783.2500,11639.6000,11678.5000
2020-02-27,11661.2500,11663.8500,11536.7000,11633.3000
2020-02-28,11382.0000,11384.8000,11175.0500,11201.7500
2020-03-02,11387.3500,11433.0000,11036.2500,11132.7500
2020-03-03,11217.5500,11342.2500,11152.5500,11303.3000
2020-03-04,11351.3500,11356.6000,11082.1500,11251.0000
2020-03-05,11306.0500,11389.5000,11244.6000,11269.0000
2020-03-06,10942.6500,11035.1000,10827.4000,10989.4500
2020-03-09,10742.0500,10751.5500,10294.4500,10451.4500
2020-03-11,10334.3000,10545.1000,10334.0000,10458.4000
2020-03-12,10039.9500,10040.7500,9508.0000,9590.1500
2020-03-13,9107.6000,10159.4000,8555.1500,9955.2000
2020-03-16,9587.8000,9602.2000,9165.1000,9197.4000
2020-03-17,9285.4000,9403.8000,8915.6000,8967.0500
2020-03-18,9088.4500,9127.5500,8407.0500,8468.8000
2020-03-19,8063.3000,8575.4500,7832.5500,8263.4500
2020-03-20,8284.4500,8883.0000,8178.2000,8745.4500
2020-03-23,7945.7000,8159.2500,7583.6000,7610.2500
2020-03-24,7848.3000,8036.9500,7511.1000,7801.0500
2020-03-25,7735.1500,8376.7500,7714.7500,8317.8500
2020-03-26,8451.0000,8749.0500,8304.9000,8641.4500
2020-03-27,8949.1000,9038.9000,8522.9000,8660.2500
2020-03-30,8385.9500,8576.0000,8244.0000,8281.1000
2020-03-31,8529.3500,8678.3000,8358.0000,8597.7500
2020-04-01,8584.1000,8588.1000,8198.3500,8253.8000
2020-04-03,8356.5500,8356.5500,8055.8000,8083.8000
2020-04-07,8446.3000,8819.4000,8360.9500,8792.2000
2020-04-08,8688.9000,9131.7000,8653.9000,8748.7500
2020-04-09,8973.0500,9128.3500,8904.5500,9111.9000
2020-04-13,9103.9500,9112.0500,8912.4000,8993.8500
2020-04-15,9196.4000,9261.2000,8874.1000,8925.3000
2020-04-16,8851.2500,9053.7500,8821.9000,8992.8000
2020-04-17,9323.4500,9324.0000,9091.3500,9266.7500
2020-04-20,9390.2000,9390.8500,9230.8000,9261.8500
2020-04-21,9016.9500,9044.4000,8909.4000,8981.4500
2020-04-22,9026.7500,9209.7500,8946.2500,9187.3000
2020-04-23,9232.3500,9343.6000,9170.1500,9313.9000
2020-04-24,9163.9000,9296.9000,9141.3000,9154.4000
2020-04-27,9259.7000,9377.1000,9250.3500,9282.3000
2020-04-28,9389.8000,9404.4000,9260.0000,9380.9000
2020-04-29,9408.6000,9599.8500,9392.3500,9553.3500
2020-04-30,9753.5000,9889.0500,9731.5000,9859.9000
2020-05-04,9533.5000,9533.5000,9266.9500,9293.5000
2020-05-05,9429.4000,9450.9000,9190.7500,9205.6000
2020-05-06,9226.8000,9346.9000,9116.5000,9270.9000
2020-05-07,9234.0500,9277.8500,9175.9000,9199.0500
2020-05-08,9376.9500,9382.6500,9238.2000,9251.5000
2020-05-11,9348.1500,9439.9000,9219.9500,9239.2000
2020-05-12,9168.8500,9240.8500,9043.9500,9196.5500
2020-05-13,9584.2000,9584.5000,9351.1000,9383.5500
2020-05-14,9213.9500,9281.1000,9119.7500,9142.7500
2020-05-15,9182.4000,9182.4000,9050.0000,9136.8500
2020-05-18,9158.3000,9158.3000,8806.7500,8823.2500
2020-05-19,8961.7000,9030.3500,8855.3000,8879.1000
2020-05-20,8889.1500,9093.8000,8875.3500,9066.5500
2020-05-21,9079.4500,9178.5500,9056.1000,9106.2500
2020-05-22,9067.9000,9149.6000,8968.5500,9039.2500
2020-05-26,9099.7500,9161.6500,8996.6500,9029.0500
2020-05-27,9082.2000,9334.0000,9004.2500,9314.9500
2020-05-28,9364.9500,9511.2500,9336.5000,9490.1000
2020-05-29,9422.2000,9598.8500,9376.9000,9580.3000
2020-06-01,9726.8500,9931.6000,9706.9500,9826.1500
2020-06-02,9880.8500,9995.6000,9824.0500,9979.1000
2020-06-03,10108.3000,10176.2000,10035.5500,10061.5500
2020-06-04,10054.2500,10123.8500,9944.2500,10029.1000
2020-06-05,10093.8000,10177.8000,10040.7500,10142.1500
2020-06-08,10326.7500,10328.5000,10120.2500,10167.4500
2020-06-09,10181.1500,10291.1500,10021.4500,10046.6500
2020-06-10,10072.6000,10148.7500,10036.8500,10116.1500
2020-06-11,10094.1000,10112.0500,9885.0500,9902.0000
2020-06-12,9544.9500,9996.0500,9544.3500,9972.9000
2020-06-15,9919.3500,9943.3500,9726.3500,9813.7000
2020-06-16,10014.8000,10046.1500,9728.5000,9914.0000
2020-06-17,9876.7000,10003.6000,9833.8000,9881.1500
2020-06-18,9863.2500,10111.2000,9845.0500,10091.6500
2020-06-19,10119.0000,10272.4000,10072.6500,10244.4000
2020-06-22,10318.7500,10393.6500,10277.6000,10311.2000
2020-06-23,10347.9500,10484.7000,10301.7500,10471.0000
2020-06-24,10529.2500,10553.1500,10281.9500,10305.3000
2020-06-25,10235.5500,10361.8000,10194.5000,10288.9000
2020-06-26,10378.9000,10409.8500,10311.2500,10383.0000
2020-06-29,10311.9500,10337.9500,10223.6000,10312.4000
2020-06-30,10382.6000,10401.0500,10267.3500,10302.1000
2020-07-01,10323.8000,10447.0500,10299.6000,10430.0500
2020-07-02,10493.0500,10598.2000,10485.5500,10551.7000
2020-07-03,10614.9500,10631.3000,10562.6500,10607.3500
2020-07-06,10723.8500,10811.4000,10695.1000,10763.6500
2020-07-07,10802.8500,10813.8000,10689.7000,10799.6500
2020-07-08,10818.6500,10847.8500,10676.5500,10705.7500
2020-07-09,10755.5500,10836.8500,10733.0000,10813.4500
2020-07-10,10764.1000,10819.4000,10713.0000,10768.0500
2020-07-13,10851.8500,10894.0500,10756.0500,10802.7000
2020-07-14,10750.8500,10755.6500,10562.9000,10607.3500
2020-07-15,10701.0000,10827.4500,10577.7500,10618.2000
2020-07-16,10706.2000,10755.3000,10595.2000,10739.9500
2020-07-17,10752.0000,10933.4500,10749.6500,10901.7000
2020-07-20,10999.4500,11037.9000,10953.0000,11022.2000
2020-07-21,11126.1000,11179.5500,11113.2500,11162.2500
2020-07-22,11231.2000,11238.1000,11056.5500,11132.6000
2020-07-23,11135.0000,11239.8000,11103.1500,11215.4500
2020-07-24,11149.9500,11225.4000,11090.3000,11194.1500
2020-07-27,11225.0000,11225.0000,11087.8500,11131.8000
2020-07-28,11154.1000,11317.7500,11151.4000,11300.5500
2020-07-29,11276.9000,11341.4000,11149.7500,11202.8500
2020-07-30,11254.3000,11299.9500,11084.9500,11102.1500
2020-07-31,11139.5000,11150.4000,11026.6500,11073.4500
2020-08-03,11057.5500,11058.0500,10882.2500,10891.6000
2020-08-04,10946.6500,11112.2500,10908.1000,11095.2500
2020-08-05,11155.7500,11225.6500,11064.0500,11101.6500
2020-08-06,11185.7000,11256.8000,11127.3000,11200.1500
2020-08-07,11186.6500,11231.9000,11142.0500,11214.0500
2020-08-10,11270.2500,11337.3000,11238.0000,11270.1500
2020-08-11,11322.2500,11373.6000,11299.1500,11322.5000
2020-08-12,11289.0000,11322.0000,11242.6500,11308.4000
2020-08-13,11334.8500,11359.3000,11269.9500,11300.4500
2020-08-14,11353.3000,11366.2500,11111.4500,11178.4000
2020-08-17,11248.9000,11267.1000,11144.5000,11247.1000
2020-08-18,11259.8000,11401.7000,11253.1500,11385.3500
2020-08-19,11452.1500,11460.3500,11394.1000,11408.4000
2020-08-20,11317.4500,11361.4500,11289.8000,11312.2000
2020-08-21,11409.6500,11418.5000,11362.2000,11371.6000
2020-08-24,11412.0000,11497.2500,11410.6500,11466.4500
2020-08-25,11513.1000,11525.9000,11423.3500,11472.2500
2020-08-26,11512.8500,11561.7500,11461.8500,11549.6000
2020-08-27,11609.3000,11617.3500,11540.6000,11559.2500
2020-08-28,11602.9500,11686.0500,11589.4000,11647.6000
2020-08-31,11777.5500,11794.2500,11325.8500,11387.5000
2020-09-01,11464.3000,11553.5500,11366.9000,11470.2500
2020-09-02,11478.5500,11554.7500,11430.4000,11535.0000
2020-09-03,11566.2000,11584.9500,11507.6500,11527.4500
2020-09-04,11354.4000,11452.0500,11303.6500,11333.8500
2020-09-07,11359.6000,11381.1500,11251.7000,11355.0500
2020-09-08,11378.5500,11437.2500,11290.4500,11317.3500
2020-09-09,11218.6000,11298.1500,11185.1500,11278.0000
2020-09-10,11363.3000,11464.0500,11327.4000,11449.2500
2020-09-11,11447.8000,11493.5000,11419.9000,11464.4500
2020-09-14,11540.1500,11568.9000,11383.5500,11440.0500
2020-09-15,11487.2000,11535.9500,11442.2500,11521.8000
2020-09-16,11538.4500,11618.1000,11516.7500,11604.5500
2020-09-17,11539.4000,11587.2000,11498.5000,11516.1000
2020-09-18,11584.1000,11584.1000,11446.1000,11504.9500
2020-09-21,11503.8000,11535.2500,11218.5000,11250.5500
2020-09-22,11301.7500,11302.2000,11084.6500,11153.6500
2020-09-23,11258.7500,11259.5500,11024.4000,11131.8500
2020-09-24,11011.0000,11015.3000,10790.2000,10805.5500
2020-09-25,10910.4000,11072.6000,10854.8500,11050.2500
2020-09-28,11140.8500,11239.3500,11099.8500,11227.5500
2020-09-29,11288.6000,11305.4000,11181.0000,11222.4000
2020-09-30,11244.4500,11295.4000,11184.5500,11247.5500
2020-10-01,11364.4500,11428.6000,11347.0500,11416.9500
2020-10-05,11487.8000,11578.0500,11452.3000,11503.3500
2020-10-06,11603.4500,11680.3000,11564.3000,11662.4000
2020-10-07,11679.2500,11763.0500,11629.3500,11738.8500
2020-10-08,11835.4000,11905.7000,11791.1500,11834.6000
2020-10-09,11852.0500,11938.6000,11805.2000,11914.2000
2020-10-12,11973.5500,12022.0500,11867.2000,11930.9500
2020-10-13,11934.6500,11988.2000,11888.9000,11934.5000
2020-10-14,11917.4000,11997.2000,11822.1500,11971.0500
2020-10-15,12023.4500,12025.4500,11661.3000,11680.3500
2020-10-16,11727.4000,11789.7500,11667.8500,11762.4500
2020-10-19,11879.2000,11898.2500,11820.4000,11873.0500
2020-10-20,11861.0000,11949.2500,11837.2500,11896.8000
2020-10-21,11958.5500,12018.6500,11775.7500,11937.6500
2020-10-22,11890.0000,11939.5500,11823.4500,11896.4500
2020-10-23,11957.9000,11974.5500,11908.7500,11930.3500
2020-10-26,11937.4000,11942.8500,11711.7000,11767.7500
2020-10-27,11807.1000,11899.0500,11723.0000,11889.4000
2020-10-28,11922.6000,11929.4000,11684.8500,11729.6000
2020-10-29,11633.3000,11744.1500,11606.4500,11670.8000
2020-10-30,11678.4500,11748.9500,11535.4500,11642.4000
2020-11-02,11697.3500,11725.6500,11557.4000,11669.1500
2020-11-03,11734.4500,11836.2000,11723.3000,11813.5000
2020-11-04,11783.3500,11929.6500,11756.4000,11908.5000
2020-11-05,12062.4000,12131.1000,12027.6000,12120.3000
2020-11-06,12156.6500,12280.4000,12131.8500,12263.5500
2020-11-09,12399.4000,12474.0500,12367.3500,12461.0500
2020-11-10,12556.4000,12643.9000,12475.2500,12631.1000
2020-11-11,12680.6000,12769.7500,12571.1000,12749.1500
2020-11-12,12702.1500,12741.1500,12624.8500,12690.8000
2020-11-13,12659.7000,12735.9500,12607.7000,12719.9500
2020-11-14,12823.3500,12828.7000,12749.4500,12780.2500
2020-11-17,12932.5000,12934.0500,12797.1000,12874.2000
2020-11-18,12860.1000,12948.8500,12819.3500,12938.2500
2020-11-19,12839.5000,12963.0000,12745.7500,12771.7000
2020-11-20,12813.4000,12892.4500,12730.2500,12859.0500
2020-11-23,12960.3000,12968.8500,12825.7000,12926.4500
2020-11-24,13002.6000,13079.1000,12978.0000,13055.1500
2020-11-25,13130.0000,13145.8500,12833.6500,12858.4000
2020-11-26,12906.4500,13018.0000,12790.4000,12987.0000
2020-11-27,13012.0500,13035.3000,12914.3000,12968.9500
2020-12-01,13062.2000,13128.4000,12962.8000,13109.0500
2020-12-02,13121.4000,13128.5000,12983.5500,13113.7500
2020-12-03,13215.3000,13216.6000,13107.9000,13133.9000
2020-12-04,13177.4000,13280.0500,13152.8500,13258.5500
2020-12-07,13264.8500,13366.6500,13241.9500,13355.7500
2020-12-08,13393.8500,13435.4500,13311.0500,13392.9500
2020-12-09,13458.1000,13548.9000,13449.6000,13529.1000
2020-12-10,13488.5000,13503.5500,13399.3000,13478.3000
2020-12-11,13512.3000,13579.3500,13402.8500,13513.8500
2020-12-14,13571.4500,13597.5000,13472.4500,13558.1500
2020-12-15,13547.2000,13589.6500,13447.0500,13567.8500
2020-12-16,13663.1000,13692.3500,13606.4500,13682.7000
2020-12-17,13713.5500,13773.2500,13673.5500,13740.7000
2020-12-18,13764.4000,13772.8500,13658.6000,13760.5500
2020-12-21,13741.9000,13777.5000,13131.4500,13328.4000
2020-12-22,13373.6500,13492.0500,13192.9000,13466.3000
2020-12-23,13473.5000,13619.4500,13432.2000,13601.1000
2020-12-24,13672.1500,13771.7500,13626.9000,13749.2500
2020-12-28,13815.1500,13885.3000,13811.5500,13873.2000
2020-12-29,13910.3500,13967.6000,13859.9000,13932.6000
2020-12-30,13980.9000,13997.0000,13864.9500,13981.9500
2020-12-31,13970.0000,14024.8500,13936.4500,13981.7500
2021-01-01,13996.1000,14049.8500,13991.3500,14018.5000
2021-01-04,14104.3500,14147.9500,13953.7500,14132.9000
2021-01-05,14075.1500,14215.6000,14048.1500,14199.5000
2021-01-06,14240.9500,14244.1500,14039.9000,14146.2500
2021-01-07,14253.7500,14256.2500,14123.1000,14137.3500
2021-01-08,14258.4000,14367.3000,14221.6500,14347.2500
2021-01-11,14474.0500,14498.2000,14383.1000,14484.7500
2021-01-12,14473.8000,14590.6500,14432.8500,14563.4500
2021-01-13,14639.8000,14653.3500,14435.7000,14564.8500
2021-01-14,14550.0500,14617.8000,14471.5000,14595.6000
2021-01-15,14594.3500,14617.4500,14357.8500,14433.7000
2021-01-18,14453.3000,14459.1500,14222.8000,14281.3000
2021-01-19,14371.6500,14546.0500,14350.8500,14521.1500
2021-01-20,14538.3000,14666.4500,14517.5500,14644.7000
2021-01-21,14730.9500,14753.5500,14517.2500,14590.3500
2021-01-22,14583.4000,14619.9000,14357.7500,14371.9000
2021-01-25,14477.8000,14491.1000,14218.6000,14238.9000
2021-01-27,14237.9500,14237.9500,13929.3000,13967.5000
2021-01-28,13810.4000,13898.2500,13713.2500,13817.5500
2021-01-29,13946.6000,13966.8500,13596.7500,13634.6000
2021-02-01,13758.6000,14336.3500,13661.7500,14281.2000
2021-02-02,14481.1000,14731.7000,14469.1500,14647.8500
2021-02-03,14754.9000,14868.8500,14574.1500,14789.9500
2021-02-04,14789.0500,14913.7000,14714.7500,14895.6500
2021-02-05,14952.6000,15014.6500,14864.7500,14924.2500
2021-02-08,15064.3000,15159.9000,15041.0500,15115.8000
2021-02-09,15164.1500,15257.1000,15064.3000,15109.3000
2021-02-10,15119.0500,15168.2500,14977.2000,15106.5000
2021-02-11,15073.2500,15188.5000,15065.4000,15173.3000
2021-02-12,15186.2000,15243.5000,15081.0000,15163.3000
2021-02-15,15270.3000,15340.1500,15243.4000,15314.7000
2021-02-16,15371.4500,15431.7500,15242.2000,15313.4500
2021-02-17,15279.9000,15314.3000,15170.7500,15208.9000
2021-02-18,15238.7000,15250.7500,15078.0500,15118.9500
2021-02-19,15074.8000,15144.0500,14898.2000,14981.7500
2021-02-22,14999.0500,15010.1000,14635.0500,14675.7000
2021-02-23,14782.2500,14854.5000,14651.8500,14707.8000
2021-02-24,14729.1500,15008.8000,14723.0500,14982.0000
2021-02-25,15079.8500,15176.5000,15065.3500,15097.3500
2021-02-26,14888.6000,14919.4500,14467.7500,14529.1500
2021-03-01,14702.5000,14806.8000,14638.5500,14761.5500
2021-03-02,14865.3000,14959.1000,14760.8000,14919.1000
2021-03-03,15064.4000,15273.1500,14995.8000,15245.6000
2021-03-04,15026.7500,15202.3500,14980.2000,15080.7500
2021-03-05,14977.9500,15092.3500,14862.1000,14938.1000
2021-03-08,15002.4500,15111.1500,14919.9000,14956.2000
2021-03-09,15049.9000,15126.8500,14925.4500,15098.4000
2021-03-10,15202.1500,15218.4500,15100.8500,15174.8000
2021-03-12,15321.1500,15336.3000,14953.6000,15030.9500
2021-03-15,15048.4000,15048.4000,14745.8500,14929.5000
2021-03-16,14996.1000,15051.6000,14890.6500,14910.4500
2021-03-17,14946.5500,14956.5500,14696.0500,14721.3000
2021-03-18,14855.5000,14875.2000,14478.6000,14557.8500
2021-03-19,14471.1500,14788.2500,14350.1000,14744.0000
2021-03-22,14736.3000,14763.9000,14597.8500,14736.4000
2021-03-23,14768.5500,14878.6000,14707.0000,14814.7500
2021-03-24,14712.4500,14752.3500,14535.0000,14549.4000
2021-03-25,14570.9000,14575.6000,14264.4000,14324.9000
2021-03-26,14506.3000,14572.9000,14414.2500,14507.3000
2021-03-30,14628.5000,14876.3000,14617.6000,14845.1000
2021-03-31,14811.8500,14813.7500,14670.2500,14690.7000
2021-04-01,14798.4000,14883.2000,14692.4500,14867.3500
2021-04-05,14837.7000,14849.8500,14459.5000,14637.8000
2021-04-06,14737.0000,14779.1000,14573.9000,14683.5000
2021-04-07,14716.4500,14879.8000,14649.8500,14819.0500
2021-04-08,14875.6500,14984.1500,14821.1000,14873.8000
2021-04-09,14882.6500,14918.4500,14785.6500,14834.8500
2021-04-12,14644.6500,14652.5000,14248.7000,14310.8000
2021-04-13,14364.9000,14528.9000,14274.9000,14504.8000
2021-04-15,14522.4000,14597.5500,14353.2000,14581.4500
2021-04-16,14599.6000,14697.7000,14559.0000,14617.8500
2021-04-19,14306.6000,14382.3000,14191.4000,14359.4500
2021-04-20,14526.7000,14526.9500,14207.3000,14296.4000
2021-04-22,14219.1500,14424.7500,14151.4000,14406.1500
2021-04-23,14326.3500,14461.1500,14273.3000,14341.3500
2021-04-26,14449.4500,14557.5000,14421.3000,14485.0000
2021-04-27,14493.8000,14667.5500,14484.8500,14653.0500
2021-04-28,14710.5000,14890.2500,14694.9500,14864.5500
2021-04-29,14979.0000,15044.3500,14814.4500,14894.9000
2021-04-30,14747.3500,14855.4500,14601.7000,14631.1000
2021-05-03,14481.0500,14673.8500,14416.2500,14634.1500
2021-05-04,14687.2500,14723.4000,14461.5000,14496.5000
2021-05-05,14604.1500,14637.9000,14506.6000,14617.8500
2021-05-06,14668.3500,14743.9000,14611.5000,14724.8000
2021-05-07,14816.8500,14863.0500,14765.5000,14823.1500
2021-05-10,14928.2500,14966.9000,14892.5000,14942.3500
2021-05-11,14789.7000,14900.0000,14771.4000,14850.7500
2021-05-12,14823.5500,14824.0500,14649.7000,14696.5000
2021-05-14,14749.4000,14749.6500,14591.9000,14677.8000
2021-05-17,14756.2500,14938.0000,14725.3500,14923.1500
2021-05-18,15067.2000,15137.2500,15043.7000,15108.1000
2021-05-19,15058.6000,15133.4000,15008.8500,15030.1500
2021-05-20,15042.6000,15069.8000,14884.9000,14906.0500
2021-05-21,14987.8000,15190.0000,14985.8500,15175.3000
2021-05-24,15211.3500,15256.2500,15145.4500,15197.7000
2021-05-25,15291.7500,15293.8500,15163.4000,15208.4500
2021-05-26,15257.0500,15319.9000,15194.9500,15301.4500
2021-05-27,15323.9500,15384.5500,15272.5000,15337.8500
2021-05-28,15421.2000,15469.6500,15394.7500,15435.6500
2021-05-31,15437.7500,15606.3500,15374.0000,15582.8000
2021-06-01,15629.6500,15660.7500,15528.3000,15574.8500
2021-06-02,15520.3500,15597.4500,15459.8500,15576.2000
2021-06-03,15655.5500,15705.1000,15611.0000,15690.3500
2021-06-04,15712.5000,15733.6000,15622.3500,15670.2500
2021-06-07,15725.1000,15773.4500,15678.1000,15751.6500
2021-06-08,15773.9000,15778.8000,15680.0000,15740.1000
2021-06-09,15766.3000,15800.4500,15566.9000,15635.3500
2021-06-10,15692.1000,15751.2500,15648.5000,15737.7500
2021-06-11,15796.4500,15835.5500,15749.8000,15799.3500
2021-06-14,15791.4000,15823.0500,15606.5000,15811.8500
2021-06-15,15866.9500,15901.6000,15842.4000,15869.2500
2021-06-16,15847.5000,15880.8500,15742.6000,15767.5500
2021-06-17,15648.3000,15769.3500,15616.7500,15691.4000
2021-06-18,15756.5000,15761.5000,15450.9000,15683.3500
2021-06-21,15525.8500,15765.1500,15505.6500,15746.5000
2021-06-22,15840.5000,15895.7500,15752.1000,15772.7500
2021-06-23,15862.8000,15862.9500,15673.9500,15686.9500
2021-06-24,15737.3000,15821.4000,15702.7000,15790.4500
2021-06-25,15839.3500,15870.8000,15772.3000,15860.3500
2021-06-28,15915.3500,15915.6500,15792.1500,15814.7000
2021-06-29,15807.5000,15835.9000,15724.0500,15748.4500
2021-06-30,15776.9000,15839.1000,15708.7500,15721.5000
2021-07-01,15755.0500,15755.5500,15667.0500,15680.0000
2021-07-02,15705.8500,15738.3500,15635.9500,15722.2000
2021-07-05,15793.4000,15845.9500,15762.0500,15834.3500
2021-07-06,15813.7500,15914.2000,15801.0000,15818.2500
2021-07-07,15819.6000,15893.5500,15779.7000,15879.6500
2021-07-08,15855.4000,15885.7500,15682.9000,15727.9000
2021-07-09,15688.2500,15730.8500,15632.7500,15689.8000
2021-07-12,15766.8000,15789.2000,15644.7500,15692.6000
2021-07-13,15794.0000,15820.8000,15744.6000,15812.3500
2021-07-14,15808.7000,15877.3500,15764.2000,15853.9500
2021-07-15,15872.1500,15952.3500,15855.0000,15924.2000
2021-07-16,15958.3500,15962.2500,15882.6000,15923.4000
2021-07-19,15754.5000,15836.9000,15707.5000,15752.4000
2021-07-20,15703.9500,15728.4500,15578.5500,15632.1000
2021-07-22,15736.6000,15834.8000,15726.4000,15824.0500
2021-07-23,15856.8000,15899.8000,15768.4000,15856.0500
2021-07-26,15849.3000,15893.3500,15797.0000,15824.4500
2021-07-27,15860.5000,15881.5500,15701.0000,15746.4500
2021-07-28,15761.5500,15767.5000,15513.4500,15709.4000
2021-07-29,15762.7000,15817.3500,15737.8000,15778.4500
2021-07-30,15800.6000,15862.8000,15744.8500,15763.0500
2021-08-02,15874.9000,15892.9000,15834.6500,15885.1500
2021-08-03,15951.5500,16146.9000,15914.3500,16130.7500
2021-08-04,16195.2500,16290.2000,16176.1500,16258.8000
2021-08-05,16288.9500,16349.4500,16210.3000,16294.6000
2021-08-06,16304.4000,16336.7500,16223.3000,16238.2000
2021-08-09,16281.3500,16320.7500,16179.0500,16258.2500
2021-08-10,16274.8000,16359.2500,16202.2500,16280.1000
2021-08-11,16327.3000,16338.7500,16162.5500,16282.2500
2021-08-12,16303.6500,16375.5000,16286.9000,16364.4000
2021-08-13,16385.7000,16543.6000,16376.3000,16529.1000
2021-08-16,16518.4000,16589.4000,16480.7500,16563.0500
2021-08-17,16545.2500,16628.5500,16495.4000,16614.6000
2021-08-18,16691.9500,16701.8500,16535.8500,16568.8500
2021-08-20,16382.5000,16509.5500,16376.0500,16450.5000
2021-08-23,16592.2500,16592.5000,16395.7000,16496.4500
2021-08-24,16561.4000,16647.1000,16495.3000,16624.6000
2021-08-25,16654.0000,16712.4500,16617.5000,16634.6500
2021-08-26,16627.9500,16683.7000,16603.4000,16636.9000
2021-08-27,16642.5500,16722.0500,16565.6000,16705.2000
2021-08-30,16775.8500,16951.5000,16764.8500,16931.0500
2021-08-31,16947.5000,17153.5000,16915.8500,17132.2000
2021-09-01,17185.6000,17225.7500,17055.0500,17076.2500
2021-09-02,17095.4000,17245.5000,17059.7000,17234.1500
2021-09-03,17262.4500,17340.1000,17212.2000,17323.6000
2021-09-06,17399.3500,17429.5500,17345.5500,17377.8000
2021-09-07,17401.5500,17436.5000,17287.0000,17362.1000
2021-09-08,17375.7500,17383.4000,17254.2000,17353.5000
2021-09-09,17312.8500,17379.6500,17302.7000,17369.2500
2021-09-13,17363.5500,17378.3500,17269.1500,17355.3000
2021-09-14,17420.3500,17438.5500,17367.0500,17380.0000
2021-09-15,17387.6500,17532.7000,17386.9000,17519.4500
2021-09-16,17539.2000,17644.6000,17510.4500,17629.5000
2021-09-17,17709.6500,17792.9500,17537.6500,17585.1500
2021-09-20,17443.8500,17622.7500,17361.8000,17396.9000
2021-09-21,17450.5000,17578.3500,17326.1000,17562.0000
2021-09-22,17580.9000,17610.4500,17524.0000,17546.6500
2021-09-23,17670.8500,17843.9000,17646.5500,17822.9500
2021-09-24,17897.4500,17947.6500,17819.4000,17853.2000
2021-09-27,17932.2000,17943.5000,17802.9000,17855.1000
2021-09-28,17906.4500,17912.8500,17576.1000,17748.6000
2021-09-29,17657.9500,17781.7500,17608.1500,17711.3000
2021-09-30,17718.9000,17742.1500,17585.3500,17618.1500
2021-10-01,17531.9000,17557.1500,17452.9000,17532.0500
2021-10-04,17615.5500,17750.9000,17581.3500,17691.2500
2021-10-05,17661.3500,17833.4500,17640.9000,17822.3000
2021-10-06,17861.5000,17884.6000,17613.1500,17646.0000
2021-10-07,17810.5500,17857.5500,17763.8000,17790.3500
2021-10-08,17886.8500,17941.8500,17840.3500,17895.2000
2021-10-11,17867.5500,18041.9500,17839.1000,17945.9500
2021-10-12,17915.8000,18008.6500,17864.9500,17991.9500
2021-10-13,18097.8500,18197.8000,18050.7500,18161.7500
2021-10-14,18272.8500,18350.7500,18248.7000,18338.5500
2021-10-18,18500.1000,18543.1500,18445.3000,18477.0500
2021-10-19,18602.3500,18604.4500,18377.7000,18418.7500
2021-10-20,18439.9000,18458.3000,18209.3500,18266.6000
2021-10-21,18382.7000,18384.2000,18048.0000,18178.1000
2021-10-22,18230.7000,18314.2500,18034.3500,18114.9000
2021-10-25,18229.5000,18241.4000,17968.5000,18125.4000
2021-10-26,18154.5000,18310.4500,18099.3000,18268.4000
2021-10-27,18295.8500,18342.0500,18167.9000,18210.9500
2021-10-28,18187.6500,18190.7000,17799.4500,17857.2500
2021-10-29,17833.0500,17915.8500,17613.1000,17671.6500
2021-11-01,17783.1500,17954.1000,17697.1000,17929.6500
2021-11-02,17970.9000,18012.2500,17847.6000,17888.9500
2021-11-03,17947.9500,17988.7500,17757.9500,17829.2000
2021-11-04,17935.0500,17947.5500,17900.6000,17916.8000
2021-11-08,18040.2000,18087.8000,17836.1000,18068.5500
2021-11-09,18084.3500,18112.6000,17983.0500,18044.2500
2021-11-10,17973.4500,18061.2500,17915.0000,18017.2000
2021-11-11,17967.4500,17971.3500,17798.2000,17873.6000
2021-11-12,17977.6000,18123.0000,17905.9000,18102.7500
2021-11-15,18140.9500,18210.1500,18071.3000,18109.4500
2021-11-16,18127.0500,18132.6500,17958.8000,17999.2000
2021-11-17,17939.3500,18022.6500,17879.2500,17898.6500
2021-11-18,17890.5500,17945.6000,17688.5000,17764.8000
2021-11-22,17796.2500,17805.2500,17280.4500,17416.5500
2021-11-23,17281.7500,17553.7000,17216.1000,17503.3500
2021-11-24,17550.0500,17600.6000,17354.0000,17415.0500
2021-11-25,17417.3000,17564.3500,17351.7000,17536.2500
2021-11-26,17338.7500,17355.4000,16985.7000,17026.4500
2021-11-29,17055.8000,17160.7000,16782.4000,17053.9500
2021-11-30,17051.1500,17324.6500,16931.4000,16983.2000
2021-12-01,17104.4000,17213.0500,17064.2500,17166.9000
2021-12-02,17183.2000,17420.3500,17149.3000,17401.6500
2021-12-03,17424.9000,17489.8000,17180.8000,17196.7000
2021-12-06,17209.0500,17216.7500,16891.7000,16912.2500
2021-12-07,17044.1000,17251.6500,16987.7500,17176.7000
2021-12-08,17315.2500,17484.6000,17308.9500,17469.7500
2021-12-09,17524.4000,17543.2500,17379.6000,17516.8500
2021-12-10,17476.0500,17534.3500,17405.2500,17511.3000
2021-12-13,17619.1000,17639.5000,17355.9500,17368.2500
2021-12-14,17283.2000,17376.2000,17225.8000,17324.9000
2021-12-15,17323.6500,17351.2000,17192.2000,17221.4000
2021-12-16,17373.0000,17379.3500,17184.9500,17248.4000
2021-12-17,17276.0000,17298.1500,16966.4500,16985.2000
2021-12-20,16824.2500,16840.1000,16410.2000,16614.2000
2021-12-21,16773.1500,16936.4000,16688.2500,16770.8500
2021-12-22,16865.5500,16971.0000,16819.5000,16955.4500
2021-12-23,17066.8000,17118.6500,17015.5500,17072.6000
2021-12-24,17149.5000,17155.6000,16909.6000,17003.7500
2021-12-27,16937.7500,17112.0500,16833.2000,17086.2500
2021-12-28,17177.6000,17250.2500,17161.1500,17233.2500
2021-12-29,17220.1000,17285.9500,17176.6500,17213.6000
2021-12-30,17201.4500,17264.0500,17146.3500,17203.9500
2021-12-31,17244.5000,17400.8000,17238.5000,17354.0500
2022-01-03,17387.1500,17646.6500,17383.3000,17625.7000
2022-01-04,17681.4000,17827.6000,17593.5500,17805.2500
2022-01-05,17820.1000,17944.7000,17748.8500,17925.2500
2022-01-06,17768.5000,17797.9500,17655.5500,17745.9000
2022-01-07,17797.6000,17905.0000,17704.5500,17812.7000
2022-01-10,17913.3000,18017.4500,17879.1500,18003.3000
2022-01-11,17997.7500,18081.2500,17964.4000,18055.7500
2022-01-12,18170.4000,18227.9500,18128.8000,18212.3500
2022-01-13,18257.0000,18272.2500,18163.8000,18257.8000
2022-01-14,18185.0000,18286.9500,18119.6500,18255.7500
2022-01-17,18235.6500,18321.5500,18228.7500,18308.1000
2022-01-18,18337.2000,18350.9500,18085.9000,18113.0500
2022-01-19,18129.2000,18129.2000,17884.9000,17938.4000
2022-01-20,17921.0000,17943.7000,17648.4500,17757.0000
2022-01-21,17613.7000,17707.6000,17485.8500,17617.1500
2022-01-24,17575.1500,17599.4000,16997.8500,17149.1000
2022-01-25,17001.5500,17309.1500,16836.8000,17277.9500
2022-01-27,17062.0000,17182.5000,16866.7500,17110.1500
2022-01-28,17208.3000,17373.5000,17077.1000,17101.9500
2022-01-31,17301.0500,17410.0000,17264.1500,17339.8500
2022-02-01,17529.4500,17622.4000,17244.5500,17576.8500
2022-02-02,17706.2000,17794.6000,17674.8000,17780.0000
2022-02-03,17767.7500,17781.1500,17511.1500,17560.2000
2022-02-04,17590.2000,17617.8000,17462.5500,17516.3000
2022-02-07,17456.3000,17536.7500,17119.4000,17213.6000
2022-02-08,17279.8500,17306.4500,17043.6500,17266.7500
2022-02-09,17370.1000,17477.1500,17339.0000,17463.8000
2022-02-10,17554.1000,17639.4500,17427.1500,17605.8500
2022-02-11,17451.0000,17454.7500,17303.0000,17374.7500
2022-02-14,17076.1500,17099.5000,16809.6500,16842.8000
2022-02-15,16933.2500,17375.0000,16839.2500,17352.4500
2022-02-16,17408.4500,17490.6000,17257.7000,17322.2000
2022-02-17,17396.5500,17442.9000,17235.8500,17304.6000
2022-02-18,17236.0500,17380.8000,17219.2000,17276.3000
2022-02-21,17192.2500,17351.0500,17070.7000,17206.6500
2022-02-22,16847.9500,17148.5500,16843.8000,17092.2000
2022-02-23,17194.5000,17220.7000,17027.8500,17063.2500
2022-02-24,16548.9000,16705.2500,16203.2500,16247.9500
2022-02-25,16515.6500,16748.8000,16478.3000,16658.4000
2022-02-28,16481.6000,16815.9000,16356.3000,16793.9000
2022-03-02,16593.1000,16678.5000,16478.6500,16605.9500
2022-03-03,16723.2000,16768.9500,16442.9500,16498.0500
2022-03-04,16339.4500,16456.0000,16133.8000,16245.3500
2022-03-07,15867.9500,15944.6000,15711.4500,15863.1500
2022-03-08,15747.7500,16028.7500,15671.4500,16013.4500
2022-03-09,16078.0000,16418.0500,15990.0000,16345.3500
2022-03-10,16757.1000,16757.3000,16447.9000,16594.9000
2022-03-11,16528.8000,16694.4000,16470.9000,16630.4500
2022-03-14,16633.7000,16887.9500,16606.5000,16871.3000
2022-03-15,16900.6500,16927.7500,16555.0000,16663.0000
2022-03-16,16876.6500,16987.9000,16837.8500,16975.3500
2022-03-17,17202.9000,17344.6000,17175.7500,17287.0500
2022-03-21,17329.5000,17353.3500,17096.4000,17117.6000
2022-03-22,17120.4000,17334.4000,17006.3000,17315.5000
2022-03-23,17405.0500,17442.4000,17199.6000,17245.6500
2022-03-24,17094.9500,17291.7500,17091.1500,17222.7500
2022-03-25,17289.0000,17294.9000,17076.5500,17153.0000
2022-03-28,17181.8500,17235.1000,17003.9000,17222.0000
2022-03-29,17297.2000,17343.6500,17235.7000,17325.3000
2022-03-30,17468.1500,17522.5000,17387.2000,17498.2500
2022-03-31,17519.2000,17559.8000,17435.2000,17464.7500
2022-04-01,17436.9000,17703.7000,17422.7000,17670.4500
2022-04-04,17809.1000,18114.6500,17791.4000,18053.4000
2022-04-05,18080.6000,18095.4500,17921.5500,17957.4000
2022-04-06,17842.7500,17901.0000,17779.8500,17807.6500
2022-04-07,17723.3000,17787.5000,17623.7000,17639.5500
2022-04-08,17698.1500,17842.7500,17600.5500,17784.3500
2022-04-11,17740.9000,17779.0500,17650.9500,17674.9500
2022-04-12,17584.8500,17595.3000,17442.3500,17530.3000
2022-04-13,17599.9000,17663.6500,17457.4000,17475.6500
2022-04-18,17183.4500,17237.7500,17067.8500,17173.6500
2022-04-19,17258.9500,17275.6500,16824.7000,16958.6500
2022-04-20,17045.2500,17186.9000,16978.9500,17136.5500
2022-04-21,17234.6000,17414.7000,17215.5000,17392.6000
2022-04-22,17242.7500,17315.3000,17149.2000,17171.9500
2022-04-25,17009.0500,17054.3000,16888.7000,16953.9500
2022-04-26,17121.3000,17223.8500,17064.4500,17200.8000
2022-04-27,17073.3500,17110.7000,16958.4500,17038.4000
2022-04-28,17189.5000,17322.5000,17071.0500,17245.0500
2022-04-29,17329.2500,17377.6500,17053.2500,17102.5500
2022-05-02,16924.4500,17092.2500,16917.2500,17069.1000
2022-05-04,17096.6000,17132.8500,16623.9500,16677.6000
2022-05-05,16854.7500,16945.7000,16651.8500,16682.6500
2022-05-06,16415.5500,16484.2000,16340.9000,16411.2500
2022-05-09,16227.7000,16403.7000,16142.1000,16301.8500
2022-05-10,16248.9000,16404.5500,16197.3000,16240.0500
2022-05-11,16270.0500,16318.7500,15992.6000,16167.1000
2022-05-12,16021.1000,16041.9500,15735.7500,15808.0000
2022-05-13,15977.0000,16083.6000,15740.8500,15782.1500
2022-05-16,15845.1000,15977.9500,15739.6500,15842.3000
2022-05-17,15912.6000,16284.2500,15900.8000,16259.3000
2022-05-18,16318.1500,16399.8000,16211.2000,16240.3000
2022-05-19,15917.4000,15984.7500,15775.2000,15809.4000
2022-05-20,16043.8000,16283.0500,16003.8500,16266.1500
2022-05-23,16290.9500,16414.7000,16185.7500,16214.7000
2022-05-24,16225.5500,16262.8000,16078.6000,16125.1500
2022-05-25,16196.3500,16223.3500,16006.9500,16025.8000
2022-05-26,16105.0000,16204.4500,15903.7000,16170.1500
2022-05-27,16296.6000,16370.6000,16221.9500,16352.4500
2022-05-30,16527.9000,16695.5000,16506.1500,16661.4000
2022-05-31,16578.4500,16690.7500,16521.9000,16584.5500
2022-06-01,16594.4000,16649.2000,16438.8500,16522.7500
2022-06-02,16481.6500,16646.4000,16443.0500,16628.0000
2022-06-03,16761.6500,16793.8500,16567.9000,16584.3000
2022-06-06,16530.7000,16610.9500,16444.5500,16569.5500
2022-06-07,16469.6000,16487.2500,16347.1000,16416.3500
2022-06-08,16474.9500,16514.3000,16293.3500,16356.2500
2022-06-09,16263.8500,16492.8000,16243.8500,16478.1000
2022-06-10,16283.9500,16324.7000,16172.6000,16201.8000
2022-06-13,15877.5500,15886.1500,15684.0000,15774.4000
2022-06-14,15674.2500,15858.0000,15659.4500,15732.1000
2022-06-15,15729.2500,15783.6500,15678.9000,15692.1500
2022-06-16,15832.2500,15863.1500,15335.1000,15360.6000
2022-06-17,15272.6500,15400.4000,15183.4000,15293.5000
2022-06-20,15334.5000,15382.5000,15191.1000,15350.1500
2022-06-21,15455.9500,15707.2500,15419.8500,15638.8000
2022-06-22,15545.6500,15565.4000,15385.9500,15413.3000
2022-06-23,15451.5500,15628.4500,15367.5000,15556.6500
2022-06-24,15657.4000,15749.2500,15619.4500,15699.2500
2022-06-27,15926.2000,15927.4500,15815.5000,15832.0500
2022-06-28,15757.4500,15892.1000,15710.1500,15850.2000
2022-06-29,15701.7000,15861.6000,15687.8000,15799.1000
2022-06-30,15774.5000,15890.0000,15728.8500,15780.2500
2022-07-01,15703.7000,15793.9500,15511.0500,15752.0500
2022-07-04,15710.5000,15852.3500,15661.8000,15835.3500
2022-07-05,15909.1500,16025.7500,15785.4500,15810.8500
2022-07-06,15818.2000,16011.3500,15800.9000,15989.8000
2022-07-07,16113.7500,16150.5000,16045.9500,16132.9000
2022-07-08,16273.6500,16275.5000,16157.9000,16220.6000
2022-07-11,16136.1500,16248.5500,16115.5000,16216.0000
2022-07-12,16126.2000,16158.7500,16031.1500,16058.3000
2022-07-13,16128.2000,16140.0000,15950.1500,15966.6500
2022-07-14,16018.8500,16070.8500,15858.2000,15938.6500
2022-07-15,16010.8000,16066.9500,15927.3000,16049.2000
2022-07-18,16151.4000,16287.9500,16142.2000,16278.5000
2022-07-19,16187.0500,16359.5000,16187.0500,16340.5500
2022-07-20,16562.8000,16588.0000,16490.9500,16520.8500
2022-07-21,16523.5500,16626.9500,16483.9000,16605.2500
2022-07-22,16661.2500,16752.2500,16610.9000,16719.4500
2022-07-25,16662.5500,16706.0500,16564.2500,16631.0000
2022-07-26,16632.9000,16636.1000,16463.3000,16483.8500
2022-07-27,16475.3500,16653.4500,16438.7500,16641.8000
2022-07-28,16774.8500,16947.6500,16746.2500,16929.6000
2022-07-29,17079.5000,17172.8000,17018.1500,17158.2500
2022-08-01,17243.2000,17356.2500,17154.8000,17340.0500
2022-08-02,17310.1500,17390.1500,17215.8500,17345.4500
2022-08-03,17349.2500,17407.5000,17225.8500,17388.1500
2022-08-04,17463.1000,17490.7000,17161.2500,17382.0000
2022-08-05,17423.6500,17474.4000,17348.7500,17397.5000
2022-08-08,17401.5000,17548.8000,17359.7500,17525.1000
2022-08-10,17566.1000,17566.1000,17442.8000,17534.7500
2022-08-11,17711.6500,17719.3000,17631.9500,17659.0000
2022-08-12,17659.6500,17724.6500,17597.8500,17698.1500
2022-08-16,17797.2000,17839.1000,17764.0500,17825.2500
2022-08-17,17868.1500,17965.9500,17833.3500,17944.2500
2022-08-18,17898.6500,17968.4500,17852.0500,17956.5000
2022-08-19,17966.5500,17992.2000,17710.7500,17758.4500
2022-08-22,17682.9000,17690.0500,17467.3500,17490.7000
2022-08-23,17357.3500,17625.5500,17345.2000,17577.5000
2022-08-24,17525.4500,17623.6500,17499.2500,17604.9500
2022-08-25,17679.0000,17726.5000,17487.4500,17522.4500
2022-08-26,17619.3000,17685.8500,17519.3500,17558.9000
2022-08-29,17188.6500,17380.1500,17166.2000,17312.9000
2022-08-30,17414.9500,17777.6500,17401.5000,17759.3000
2022-09-01,17485.7000,17695.6000,17468.4500,17542.8000
2022-09-02,17598.4000,17643.8500,17476.4500,17539.4500
2022-09-05,17546.4500,17683.1500,17540.3500,17665.8000
2022-09-06,17695.7000,17764.6500,17587.6500,17655.6000
2022-09-07,17519.4000,17650.7500,17484.3000,17624.4000
2022-09-08,17748.1500,17807.6500,17691.9500,17798.7500
2022-09-09,17923.3500,17925.9500,17786.0000,17833.3500
2022-09-12,17890.8500,17980.5500,17889.1500,17936.3500
2022-09-13,18044.4500,18088.3000,18015.4500,18070.0500
2022-09-14,17771.1500,18091.5500,17771.1500,18003.7500
2022-09-15,18046.3500,18096.1500,17861.5000,17877.4000
2022-09-16,17796.8000,17820.0500,17497.2500,17530.8500
2022-09-19,17540.6500,17667.2000,17429.7000,17622.2500
2022-09-20,17770.4000,17919.3000,17744.4000,17816.2500
2022-09-21,17766.3500,17838.7000,17663.6000,17718.3500
2022-09-22,17609.6500,17722.7500,17532.4500,17629.8000
2022-09-23,17593.8500,17642.1500,17291.6500,17327.3500
2022-09-26,17156.3000,17196.4000,16978.3000,17016.3000
2022-09-27,17110.9000,17176.4500,16942.3500,17007.4000
2022-09-28,16870.5500,17037.6000,16820.4000,16858.6000
2022-09-29,16993.6000,17026.0500,16788.6000,16818.1000
2022-09-30,16798.0500,17187.1000,16747.7000,17094.3500
2022-10-03,17102.1000,17114.6500,16855.5500,16887.3500
2022-10-04,17147.4500,17287.3000,17117.3000,17274.3000
2022-10-06,17379.2500,17428.8000,17315.6500,17331.8000
2022-10-07,17287.2000,17337.3500,17216.9500,17314.6500
2022-10-10,17094.3500,17280.1500,17064.7000,17241.0000
2022-10-11,17256.0500,17261.8000,16950.3000,16983.5500
2022-10-12,17025.5500,17142.3500,16960.0500,17123.6000
2022-10-13,17087.3500,17112.3500,16956.9500,17014.3500
2022-10-14,17322.3000,17348.5500,17169.7500,17185.7000
2022-10-17,17144.8000,17328.5500,17098.5500,17311.8000
2022-10-18,17438.7500,17527.8000,17434.0500,17486.9500
2022-10-19,17568.1500,17607.6000,17472.8500,17512.2500
2022-10-20,17423.1000,17584.1500,17421.0000,17563.9500
2022-10-21,17622.8500,17670.1500,17520.7500,17576.3000
2022-10-24,17736.3500,17777.5500,17707.4000,17730.7500
2022-10-25,17808.3000,17811.5000,17637.0000,17656.3500
2022-10-27,17771.4000,17783.9000,17654.5000,17736.9500
2022-10-28,17756.4000,17838.9000,17723.7000,17786.8000
2022-10-31,17910.2000,18022.8000,17899.9000,18012.2000
2022-11-01,18130.7000,18175.8000,18060.1500,18145.4000
2022-11-02,18177.9000,18178.7500,18048.6500,18082.8500
2022-11-03,17968.3500,18106.3000,17959.2000,18052.7000
2022-11-04,18053.4000,18135.1000,18017.1500,18117.1500
2022-11-07,18211.7500,18255.5000,18064.7500,18202.8000
2022-11-09,18288.2500,18296.4000,18117.5000,18157.0000
2022-11-10,18044.3500,18103.1000,17969.4000,18028.2000
2022-11-11,18272.3500,18362.3000,18259.3500,18349.7000
2022-11-14,18376.4000,18399.4500,18311.4000,18329.1500
2022-11-15,18362.7500,18427.9500,18282.0000,18403.4000
2022-11-16,18398.2500,18442.1500,18344.1500,18409.6500
2022-11-17,18358.7000,18417.6000,18312.9500,18343.9000
2022-11-18,18382.9500,18394.6000,18209.8000,18307.6500
2022-11-21,18246.4000,18262.3000,18133.3500,18159.9500
2022-11-22,18179.1500,18261.8500,18137.7000,18244.2000
2022-11-23,18325.2000,18325.4000,18246.0000,18267.2500
2022-11-24,18326.1000,18529.7000,18294.2500,18484.1000
2022-11-25,18528.4500,18534.9000,18445.1000,18512.7500
2022-11-28,18430.5500,18614.2500,18365.6000,18562.7500
2022-11-29,18552.4500,18678.1000,18552.1500,18618.0500
2022-11-30,18625.7000,18816.0500,18616.5500,18758.3500
2022-12-01,18871.9500,18887.6000,18778.2000,18812.5000
2022-12-02,18752.4000,18781.9500,18639.2000,18696.1000
2022-12-05,18719.5500,18728.6000,18591.3500,18701.0500
2022-12-06,18600.6500,18654.9000,18577.9000,18642.7500
2022-12-07,18638.8500,18668.3000,18528.4000,18560.5000
2022-12-08,18570.8500,18625.0000,18536.9500,18609.3500
2022-12-09,18662.4000,18664.7000,18410.1000,18496.6000
2022-12-12,18402.1500,18521.5500,18345.7000,18497.1500
2022-12-13,18524.4000,18617.2500,18490.2000,18608.0000
2022-12-14,18671.2500,18696.1000,18632.9000,18660.3000
2022-12-15,18614.4000,18652.9000,18387.7000,18414.9000
2022-12-16,18319.1000,18440.9500,18255.1500,18269.0000
2022-12-19,18288.1000,18431.6500,18244.5500,18420.4500
2022-12-20,18340.3000,18404.9000,18202.6500,18385.3000
2022-12-21,18435.1500,18473.3500,18162.7500,18199.1000
2022-12-22,18288.8000,18318.7500,18068.6000,18127.3500
2022-12-23,17977.6500,18050.4500,17779.5000,17806.8000
2022-12-26,17830.4000,18084.1000,17774.2500,18014.6000
2022-12-27,18089.8000,18149.2500,17967.4500,18132.3000
2022-12-28,18084.7500,18173.1000,18068.3500,18122.5000
2022-12-29,18045.7000,18229.7000,17992.8000,18191.0000
2022-12-30,18259.1000,18265.2500,18080.3000,18105.3000
2023-01-02,18131.7000,18215.1500,18086.5000,18197.4500
2023-01-03,18163.2000,18251.9500,18149.8000,18232.5500
2023-01-04,18230.6500,18243.0000,18020.6000,18042.9500
2023-01-05,18101.9500,18120.3000,17892.6000,17992.1500
2023-01-06,18008.0500,18047.4000,17795.5500,17859.4500
2023-01-09,17952.5500,18141.4000,17936.1500,18101.2000
2023-01-10,18121.3000,18127.6000,17856.0000,17914.1500
2023-01-11,17924.2500,17976.3500,17824.3500,17895.7000
2023-01-12,17920.8500,17945.8000,17761.6500,17858.2000
2023-01-13,17867.5000,17999.3500,17774.2500,17956.6000
2023-01-16,18033.1500,18049.6500,17853.6500,17894.8500
2023-01-17,17922.8000,18072.0500,17886.9500,18053.3000
2023-01-18,18074.3000,18183.7500,18032.4500,18165.3500
2023-01-19,18119.8000,18155.2000,18063.7500,18107.8500
2023-01-20,18115.6000,18145.4500,18016.2000,18027.6500
2023-01-23,18118.4500,18162.6000,18063.4500,18118.5500
2023-01-24,18183.9500,18201.2500,18078.6500,18118.3000
2023-01-25,18093.3500,18100.6000,17846.1500,17891.9500
2023-01-27,17877.2000,17884.7500,17493.5500,17604.3500
2023-01-30,17541.9500,17709.1500,17405.5500,17648.9500
2023-01-31,17731.4500,17735.7000,17537.5500,17662.1500
2023-02-01,17811.6000,17972.2000,17353.4000,17616.3000
2023-02-02,17517.1000,17653.9000,17445.9500,17610.4000
2023-02-03,17721.7500,17870.3000,17584.2000,17854.0500
2023-02-06,17818.5500,17823.7000,17698.3500,17764.6000
2023-02-07,17790.1000,17811.1500,17652.5500,17721.5000
2023-02-08,17750.3000,17898.7000,17744.1500,17871.7000
2023-02-09,17885.5000,17916.9000,17779.8000,17893.4500
2023-02-10,17847.5500,17876.9500,17801.0000,17856.5000
2023-02-13,17859.1000,17880.7000,17719.7500,17770.9000
2023-02-14,17840.3500,17954.5500,17800.0500,17929.8500
2023-02-15,17896.6000,18034.1000,17853.8000,18015.8500
2023-02-16,18094.7500,18134.7500,18000.6500,18035.8500
2023-02-17,17974.8500,18034.2500,17884.6000,17944.2000
2023-02-20,17965.5500,18004.3500,17818.4000,17844.6000
2023-02-21,17905.8000,17924.9000,17800.3000,17826.7000
2023-02-22,17755.3500,17772.5000,17529.4500,17554.3000
2023-02-23,17574.6500,17620.0500,17455.4000,17511.2500
2023-02-24,17591.3500,17599.7500,17421.8000,17465.8000
2023-02-27,17428.6000,17451.6000,17299.0000,17392.7000
2023-02-28,17383.2500,17440.4500,17255.2000,17303.9500
2023-03-01,17360.1000,17467.7500,17345.2500,17450.9000
2023-03-02,17421.5000,17445.8000,17306.0000,17321.9000
2023-03-03,17451.2500,17644.7500,17427.7000,17594.3500
2023-03-06,17680.3500,17799.9500,17671.9500,17711.4500
2023-03-08,17665.7500,17766.5000,17602.2500,17754.4000
2023-03-09,17772.0500,17772.3500,17573.6000,17589.6000
2023-03-10,17443.8000,17451.5000,17324.3500,17412.9000
2023-03-13,17421.9000,17529.9000,17113.4500,17154.3000
2023-03-14,17160.5500,17224.6500,16987.1000,17043.3000
2023-03-15,17166.4500,17211.3500,16938.9000,16972.1500
2023-03-16,16994.6500,17062.4500,16850.1500,16985.6000
2023-03-17,17111.8000,17145.8000,16958.1500,17100.0500
2023-03-20,17066.6000,17066.6000,16828.3500,16988.4000
2023-03-21,17060.4000,17127.7000,17016.0000,17107.5000
2023-03-22,17177.4500,17207.2500,17107.8500,17151.9000
2023-03-23,17097.4000,17205.4000,17045.3000,17076.9000
2023-03-24,17076.2000,17109.4500,16917.3500,16945.0500
2023-03-27,16984.3000,17091.0000,16918.5500,16985.7000
2023-03-28,17031.7500,17061.7500,16913.7500,16951.7000
2023-03-29,16977.3000,17126.1500,16940.6000,17080.7000
2023-03-31,17210.3500,17381.6000,17204.6500,17359.7500
2023-04-03,17427.9500,17428.0500,17312.7500,17398.0500
2023-04-05,17422.3000,17570.5500,17402.7000,17557.0500
2023-04-06,17533.8500,17638.7000,17502.8500,17599.1500
2023-04-10,17634.9000,17694.1000,17597.9500,17624.0500
2023-04-11,17704.8000,17748.7500,17655.1500,17722.3000
2023-04-12,17759.5500,17825.7500,17717.2500,17812.4000
2023-04-13,17807.3000,17842.1500,17729.6500,17828.0000
2023-04-17,17863.0000,17863.0000,17574.0500,17706.8500
2023-04-18,17766.6000,17766.6000,17610.2000,17660.1500
2023-04-19,17653.3500,17666.1500,17579.8500,17618.7500
2023-04-20,17638.6000,17684.4500,17584.3500,17624.4500
2023-04-21,17639.7500,17663.2000,17553.9500,17624.0500
2023-04-24,17707.5500,17754.5000,17612.5000,17743.4000
2023-04-25,17761.5500,17807.4500,17716.8500,17769.2500
2023-04-26,17767.3000,17827.7500,17711.2000,17813.6000
2023-04-27,17813.1000,17931.6000,17797.9000,17915.0500
2023-04-28,17950.4000,18089.1500,17885.3000,18065.0000
2023-05-02,18124.8000,18180.2500,18101.7500,18147.6500
2023-05-03,18113.8000,18116.3500,18042.4000,18089.8500
2023-05-04,18081.0000,18267.4500,18066.7000,18255.8000
2023-05-05,18117.3000,18216.9500,18055.4500,18069.0000
2023-05-08,18120.6000,18286.9500,18100.3000,18264.4000
2023-05-09,18303.4000,18344.2000,18229.6500,18265.9500
2023-05-10,18313.6000,18326.7500,18211.9500,18315.1000
2023-05-11,18357.8000,18389.7000,18270.4000,18297.0000
2023-05-12,18273.7500,18342.7500,18194.5500,18314.8000
2023-05-15,18339.3000,18458.9000,18287.9000,18398.8500
2023-05-16,18432.3500,18432.3500,18264.3500,18286.5000
2023-05-17,18300.4500,18309.0000,18115.3500,18181.7500
2023-05-18,18287.5000,18297.2000,18104.8500,18129.9500
2023-05-19,18186.1500,18218.1000,18060.4000,18203.4000
2023-05-22,18201.1000,18335.2500,18178.8500,18314.4000
2023-05-23,18362.9000,18419.7500,18324.2000,18348.0000
2023-05-24,18294.8000,18392.6000,18262.9500,18285.4000
2023-05-25,18268.9000,18338.1000,18202.4000,18321.1500
2023-05-26,18368.3500,18508.5500,18333.1500,18499.3500
2023-05-29,18619.1500,18641.2000,18581.2500,18598.6500
2023-05-30,18606.6500,18662.4500,18575.5000,18633.8500
2023-05-31,18594.2000,18603.9000,18483.8500,18534.4000
2023-06-01,18579.4000,18580.3000,18464.5500,18487.7500
2023-06-02,18550.8500,18573.7000,18478.4000,18534.1000
2023-06-05,18612.0000,18640.1500,18582.8000,18593.8500
2023-06-06,18600.8000,18622.7500,18531.6000,18599.0000
2023-06-07,18665.6000,18738.9500,18636.0000,18726.4000
2023-06-08,18725.3500,18777.9000,18615.6000,18634.5500
2023-06-09,18655.9000,18676.6500,18555.4000,18563.4000
2023-06-12,18595.0500,18633.6000,18559.7500,18601.5000
2023-06-13,18631.8000,18728.9000,18631.8000,18716.1500
2023-06-14,18744.6000,18769.7000,18690.0000,18755.9000
2023-06-15,18774.4500,18794.1000,18669.0500,18688.1000
2023-06-16,18723.3000,18864.7000,18710.5000,18826.0000
2023-06-19,18873.3000,18881.4500,18719.1500,18755.4500
2023-06-20,18752.3500,18839.7000,18660.6500,18816.7000
2023-06-21,18849.4000,18875.9000,18794.8500,18856.8500
2023-06-22,18853.6000,18886.6000,18759.5000,18771.2500
2023-06-23,18741.8500,18756.4000,18647.1000,18665.5000
2023-06-26,18682.3500,18722.0500,18646.7000,18691.2000
2023-06-27,18748.5500,18829.2500,18714.2500,18817.4000
2023-06-28,18908.1500,19011.2500,18861.3500,18972.1000
2023-06-30,19076.8500,19201.7000,19024.6000,19189.0500
2023-07-03,19246.5000,19345.1000,19234.4000,19322.5500
2023-07-04,19406.6000,19434.1500,19300.0000,19389.0000
2023-07-05,19405.9500,19421.6000,19339.6000,19398.5000
2023-07-06,19385.7000,19512.2000,19373.0000,19497.3000
2023-07-07,19422.8000,19523.6000,19303.6000,19331.8000
2023-07-10,19400.3500,19435.8500,19327.1000,19355.9000
2023-07-11,19427.1000,19515.1000,19406.4500,19439.4000
2023-07-12,19497.4500,19507.7000,19361.7500,19384.3000
2023-07-13,19495.2000,19567.0000,19385.8000,19413.7500
2023-07-14,19493.4500,19595.3500,19433.5000,19564.5000
2023-07-17,19612.1500,19731.8500,19562.9500,19711.4500
2023-07-18,19787.5000,19819.4500,19690.2000,19749.2500
2023-07-19,19802.9500,19851.7000,19727.4500,19833.1500
2023-07-20,19831.7000,19991.8500,19758.4000,19979.1500
2023-07-21,19800.4500,19887.4000,19700.0000,19745.0000
2023-07-24,19748.4500,19782.7500,19658.3000,19672.3500
2023-07-25,19729.3500,19729.3500,19615.9500,19680.6000
2023-07-26,19733.3500,19825.6000,19716.7000,19778.3000
2023-07-27,19850.9000,19867.5500,19603.5500,19659.9000
2023-07-28,19659.7500,19695.9000,19563.1000,19646.0500
2023-07-31,19666.3500,19772.7500,19597.6000,19753.8000
2023-08-01,19784.0000,19795.6000,19704.6000,19733.5500
2023-08-02,19655.4000,19678.2500,19423.5500,19526.5500
2023-08-03,19463.7500,19537.6500,19296.4500,19381.6500
2023-08-04,19462.8000,19538.8500,19436.4500,19517.0000
2023-08-07,19576.8500,19620.4500,19524.8000,19597.3000
2023-08-08,19627.2000,19634.4000,19533.1000,19570.8500
2023-08-09,19578.8000,19645.5000,19467.5000,19632.5500
2023-08-10,19605.5500,19623.6000,19495.4000,19543.1000
2023-08-11,19554.2500,19557.7500,19412.7500,19428.3000
2023-08-14,19383.9500,19465.8500,19257.9000,19434.5500
2023-08-16,19369.0000,19482.7500,19317.2000,19465.0000
2023-08-17,19450.5500,19461.5500,19326.2500,19365.2500
2023-08-18,19301.7500,19373.8000,19253.6000,19310.1500
2023-08-21,19320.6500,19425.9500,19296.3000,19393.6000
2023-08-22,19417.1000,19443.5000,19381.3000,19396.4500
2023-08-23,19439.2000,19472.0500,19366.6000,19444.0000
2023-08-24,19535.1500,19584.4500,19369.0000,19386.7000
2023-08-25,19297.4000,19339.5500,19229.7000,19265.8000
2023-08-28,19298.3500,19366.8500,19249.7000,19306.0500
2023-08-29,19374.8500,19377.9000,19309.1000,19342.6500
2023-08-30,19433.4500,19452.8000,19334.7500,19347.4500
2023-08-31,19375.5500,19388.2000,19223.6500,19253.8000
2023-09-01,19258.1500,19458.5500,19255.7000,19435.3000
2023-09-04,19525.0500,19545.1500,19432.8500,19528.8000
2023-09-05,19564.6500,19587.0500,19525.7500,19574.9000
2023-09-06,19581.2000,19636.4500,19491.5000,19611.0500
2023-09-07,19598.6500,19737.0000,19550.0500,19727.0500
2023-09-08,19774.8000,19867.1500,19728.0500,19819.9500
2023-09-11,19890.0000,20008.1500,19865.3500,19996.3500
2023-09-12,20110.1500,20110.3500,19914.6500,19993.2000
2023-09-13,19989.5000,20096.9000,19944.1000,20070.0000
2023-09-14,20127.9500,20167.6500,20043.4500,20103.1000
2023-09-15,20156.4500,20222.4500,20129.7000,20192.3500
2023-09-18,20155.9500,20195.3500,20115.7000,20133.3000
2023-09-20,19980.7500,20050.6500,19878.8500,19901.4000
2023-09-21,19840.5500,19848.7500,19709.9500,19742.3500
2023-09-22,19744.8500,19798.6500,19657.5000,19674.2500
2023-09-25,19678.2000,19734.1500,19601.5500,19674.5500
2023-09-26,19682.8000,19699.3500,19637.4500,19664.7000
2023-09-27,19637.0500,19730.7000,19554.0000,19716.4500
2023-09-28,19761.8000,19766.6500,19492.1000,19523.5500
2023-09-29,19581.2000,19726.2500,19551.0500,19638.3000
2023-10-03,19622.4000,19623.2000,19479.6500,19528.7500
2023-10-04,19446.3000,19457.8000,19333.6000,19436.1000
2023-10-05,19521.8500,19576.9500,19487.3000,19545.7500
2023-10-06,19621.2000,19675.7500,19589.4000,19653.5000
2023-10-09,19539.4500,19588.9500,19480.5000,19512.3500
2023-10-10,19565.6000,19717.8000,19565.4500,19689.8500
2023-10-11,19767.0000,19839.2000,19756.9500,19811.3500
2023-10-12,19822.7000,19843.3000,19772.6500,19794.0000
2023-10-13,19654.5500,19805.4000,19635.3000,19751.0500
2023-10-16,19737.2500,19781.3000,19691.8500,19731.7500
2023-10-17,19843.2000,19849.7500,19775.6500,19811.5000
2023-10-18,19820.4500,19840.9500,19659.9500,19671.1000
2023-10-19,19545.2000,19681.8000,19512.3500,19624.7000
2023-10-20,19542.1500,19593.8000,19518.7000,19542.6500
2023-10-23,19521.6000,19556.8500,19257.8500,19281.7500
2023-10-25,19286.4500,19347.3000,19074.1500,19122.1500
2023-10-26,19027.2500,19041.7000,18837.8500,18857.2500
2023-10-27,18928.7500,19076.1500,18926.6500,19047.2500
2023-10-30,19053.4000,19158.5000,18940.0000,19140.9000
2023-10-31,19232.9500,19233.7000,19056.4500,19079.6000
2023-11-01,19064.0500,19096.0500,18973.7000,18989.1500
2023-11-02,19120.0000,19175.2500,19064.1500,19133.2500
2023-11-03,19241.0000,19276.2500,19210.9000,19230.6000
2023-11-06,19345.8500,19423.0000,19309.7000,19411.7500
2023-11-07,19404.0500,19423.5000,19329.1000,19406.7000
2023-11-08,19449.6000,19464.4000,19401.5000,19443.5000
2023-11-09,19457.4000,19463.9000,19378.3500,19395.3000
2023-11-10,19351.8500,19451.3000,19329.4500,19425.3500
2023-11-12,19547.2500,19547.2500,19510.2500,19525.5500
2023-11-13,19486.7500,19494.4000,19414.7500,19443.5500
2023-11-15,19651.4000,19693.2000,19579.6500,19675.4500
2023-11-16,19674.7000,19875.2500,19627.0000,19765.2000
2023-11-17,19674.7500,19806.0000,19667.4500,19731.8000
2023-11-20,19731.1500,19756.4500,19670.5000,19694.0000
2023-11-21,19770.9000,19829.1000,19754.0500,19783.4000
2023-11-22,19784.0000,19825.5500,19703.8500,19811.8500
2023-11-23,19828.4500,19875.1500,19786.7500,19802.0000
2023-11-24,19809.6000,19832.8500,19768.8500,19794.7000
2023-11-28,19844.6500,19916.8500,19800.0000,19889.7000
2023-11-29,19976.5500,20104.6500,19956.3000,20096.6000
2023-11-30,20108.5000,20158.7000,20015.8500,20133.1500
2023-12-01,20194.1000,20291.5500,20183.7000,20267.9000
2023-12-04,20601.9500,20702.6500,20507.7500,20686.8000
2023-12-05,20808.9000,20864.0500,20711.1500,20855.1000
2023-12-06,20950.7500,20961.9500,20852.1500,20937.7000
2023-12-07,20932.4000,20941.2500,20850.8000,20901.1500
2023-12-08,20934.1000,21006.1000,20862.7000,20969.4000
2023-12-11,20965.3000,21026.1000,20923.7000,20997.1000
2023-12-12,21018.5500,21037.9000,20867.1500,20906.4000
2023-12-13,20929.7500,20950.0000,20769.5000,20926.3500
2023-12-14,21110.4000,21210.9000,21074.4500,21182.7000
2023-12-15,21287.4500,21492.3000,21235.3000,21456.6500
2023-12-18,21434.8000,21482.8000,21365.3500,21418.6500
2023-12-19,21477.6500,21505.0500,21337.7500,21453.1000
2023-12-20,21543.5000,21593.0000,21087.3500,21150.1500
2023-12-21,21033.9500,21288.3500,20976.8000,21255.0500
2023-12-22,21295.8500,21390.5000,21232.4500,21349.4000
2023-12-26,21365.2000,21477.1500,21329.4500,21441.3500
2023-12-27,21497.6500,21675.7500,21495.8000,21654.7500
2023-12-28,21715.0000,21801.4500,21678.0000,21778.7000
2023-12-29,21737.6500,21770.3000,21676.9000,21731.4000
2024-01-01,21727.7500,21834.3500,21680.8500,21741.9000
2024-01-02,21751.3500,21755.6000,21555.6500,21665.8000
2024-01-03,21661.1000,21677.0000,21500.3500,21517.3500
2024-01-04,21605.8000,21685.6500,21564.5500,21658.6000
2024-01-05,21705.7500,21749.6000,21629.2000,21710.8000
2024-01-08,21747.6000,21763.9500,21492.9000,21513.0000
2024-01-09,21653.6000,21724.4500,21517.8500,21544.8500
2024-01-10,21529.3000,21641.8500,21448.6500,21618.7000
2024-01-11,21688.0000,21726.5000,21593.7500,21647.2000
2024-01-12,21773.5500,21928.2500,21715.1500,21894.5500
2024-01-15,22053.1500,22115.5500,21963.5500,22097.4500
2024-01-16,22080.5000,22124.1500,21969.8000,22032.3000
2024-01-17,21647.2500,21851.5000,21550.4500,21571.9500
2024-01-18,21414.2000,21539.4000,21285.5500,21462.2500
2024-01-19,21615.2000,21670.6000,21575.0000,21622.4000
2024-01-20,21706.1500,21720.3000,21541.8000,21571.8000
2024-01-23,21716.7000,21750.2500,21192.6000,21238.8000
2024-01-24,21185.2500,21482.3500,21137.2000,21453.9500
2024-01-25,21454.6000,21459.0000,21247.0500,21352.6000
2024-01-29,21433.1000,21763.2500,21429.6000,21737.6000
2024-01-30,21775.7500,21813.0500,21501.8000,21522.1000
2024-01-31,21487.2500,21741.3500,21448.8500,21725.7000
2024-02-01,21780.6500,21832.9500,21658.7500,21697.4500
2024-02-02,21812.7500,22126.8000,21805.5500,21853.8000
2024-02-05,21921.0500,21964.3000,21726.9500,21771.7000
2024-02-06,21825.2000,21951.4000,21737.5500,21929.4000
2024-02-07,22045.0500,22053.3000,21860.1500,21930.5000
2024-02-08,22009.6500,22011.0500,21665.3000,21717.9500
2024-02-09,21727.0000,21804.4500,21629.9000,21782.5000
2024-02-12,21800.8000,21831.7000,21574.7500,21616.0500
2024-02-13,21664.3000,21766.8000,21543.3500,21743.2500
2024-02-14,21578.1500,21870.8500,21530.2000,21840.0500
2024-02-15,21906.5500,21953.8500,21794.8000,21910.7500
2024-02-16,22020.3000,22068.6500,21968.9500,22040.7000
2024-02-19,22103.4500,22186.6500,22021.0500,22122.2500
2024-02-20,22099.2000,22215.6000,22045.8500,22196.9500
2024-02-21,22248.8500,22249.4000,21997.9500,22055.0500
2024-02-22,22081.5500,22252.5000,21875.2500,22217.4500
2024-02-23,22290.0000,22297.5000,22186.1000,22212.7000
2024-02-26,22169.2000,22202.1500,22075.1500,22122.0500
2024-02-27,22090.2000,22218.2500,22085.6500,22198.3500
2024-02-28,22214.1000,22229.1500,21915.8500,21951.1500
2024-02-29,21935.2000,22060.5500,21860.6500,21982.8000
2024-03-01,22048.3000,22353.3000,22047.7500,22338.7500
2024-03-02,22406.9500,22419.5500,22367.0500,22378.4000
2024-03-04,22403.5000,22440.9000,22358.3000,22405.6000
2024-03-05,22371.2500,22416.9000,22269.1500,22356.3000
2024-03-06,22327.5000,22497.2000,22224.3500,22474.0500
2024-03-07,22505.3000,22525.6500,22430.0000,22493.5500
2024-03-11,22517.5000,22526.6000,22307.2500,22332.6500
2024-03-12,22334.4500,22452.5500,22256.0000,22335.7000
2024-03-13,22432.2000,22446.7500,21905.6500,21997.7000
2024-03-14,21982.5500,22204.6000,21917.5000,22146.6500
2024-03-15,22064.8500,22120.9000,21931.7000,22023.3500
2024-03-18,21990.1000,22123.7000,21916.5500,22055.7000
2024-03-19,21946.4500,21978.3000,21793.1000,21817.4500
2024-03-20,21843.9000,21930.9000,21710.2000,21839.1000
2024-03-21,21989.9000,22080.9500,21941.3000,22011.9500
2024-03-22,21932.2000,22180.7000,21883.3000,22096.7500
2024-03-26,21947.9000,22073.2000,21947.5500,22004.7000
2024-03-27,22053.9500,22193.6000,22052.8500,22123.6500
2024-03-28,22163.6000,22516.0000,22163.6000,22326.9000
2024-04-01,22455.0000,22529.9500,22427.7500,22462.0000
2024-04-02,22458.8000,22497.6000,22388.1500,22453.3000
2024-04-03,22385.7000,22521.1000,22346.5000,22434.6500
2024-04-04,22592.1000,22619.0000,22303.8000,22514.6500
2024-04-05,22486.4000,22537.6000,22427.6000,22513.7000
2024-04-08,22578.3500,22697.3000,22550.3500,22666.3000
2024-04-09,22765.1000,22768.4000,22612.2500,22642.7500
2024-04-10,22720.2500,22775.7000,22673.7000,22753.8000
2024-04-12,22677.4000,22726.4500,22503.7500,22519.4000
2024-04-15,22339.0500,22427.4500,22259.5500,22272.5000
2024-04-16,22125.3000,22213.7500,22079.4500,22147.9000
2024-04-18,22212.3500,22326.5000,21961.7000,21995.8500
2024-04-19,21861.5000,22179.5500,21777.6500,22147.0000
2024-04-22,22336.9000,22375.6500,22198.1500,22336.4000
2024-04-23,22447.0500,22447.5500,22349.4500,22368.0000
2024-04-24,22421.5500,22476.4500,22384.0000,22402.4000
2024-04-25,22316.9000,22625.9500,22305.2500,22570.3500
2024-04-26,22620.4000,22620.4000,22385.5500,22419.9500
2024-04-29,22475.5500,22655.8000,22441.9000,22643.4000
2024-04-30,22679.6500,22783.3500,22568.4000,22604.8500
2024-05-02,22567.8500,22710.5000,22567.8500,22648.2000
2024-05-03,22766.3500,22794.7000,22348.0500,22475.8500
2024-05-06,22561.6000,22588.8000,22409.4500,22442.7000
2024-05-07,22489.7500,22499.0500,22232.0500,22302.5000
2024-05-08,22231.2000,22368.6500,22185.2000,22302.5000
2024-05-09,22224.8000,22307.7500,21932.4000,21957.5000
2024-05-10,21990.9500,22131.3000,21950.3000,22055.2000
2024-05-13,22027.9500,22131.6500,21821.0500,22104.0500
2024-05-14,22112.9000,22270.0500,22081.2500,22217.8500
2024-05-15,22255.6000,22297.5500,22151.7500,22200.5500
2024-05-16,22319.2000,22432.2500,22054.5500,22403.8500
2024-05-17,22415.2500,22502.1500,22345.6500,22466.1000
2024-05-18,22512.8500,22520.2500,22470.0500,22502.0000
2024-05-21,22404.5500,22591.1000,22404.5500,22529.0500
2024-05-22,22576.6000,22629.5000,22483.1500,22597.8000
2024-05-23,22614.1000,22993.6000,22577.4500,22967.6500
2024-05-24,22930.7500,23026.4000,22908.0000,22957.1000
2024-05-27,23038.9500,23110.8000,22871.2000,22932.4500
2024-05-28,22977.1500,22998.5500,22858.5000,22888.1500
2024-05-29,22762.7500,22825.5000,22685.4500,22704.7000
2024-05-30,22617.4500,22705.7500,22417.0000,22488.6500
2024-05-31,22568.1000,22653.7500,22465.1000,22530.7000
2024-06-03,23337.9000,23338.7000,23062.3000,23263.9000
2024-06-04,23179.5000,23179.5000,21281.4500,21884.5000
2024-06-05,22128.3500,22670.4000,21791.9500,22620.3500
2024-06-06,22798.6000,22910.1500,22642.6000,22821.4000
2024-06-07,22821.8500,23320.2000,22789.0500,23290.1500
2024-06-10,23319.1500,23411.9000,23227.1500,23259.2000
2024-06-11,23283.7500,23389.4500,23206.6500,23264.8500
2024-06-12,23344.4500,23441.9500,23295.9500,23322.9500
2024-06-13,23480.9500,23481.0500,23353.9000,23398.9000
2024-06-14,23464.9500,23490.4000,23334.2500,23465.6000
2024-06-18,23570.8000,23579.0500,23499.7000,23557.9000
2024-06-19,23629.8500,23664.0000,23412.9000,23516.0000
2024-06-20,23586.1500,23624.0000,23442.6000,23567.0000
2024-06-21,23661.1500,23667.1000,23398.2000,23501.1000
2024-06-24,23382.3000,23558.1000,23350.0000,23537.8500
2024-06-25,23577.1000,23754.1500,23562.0500,23721.3000
2024-06-26,23723.1000,23889.9000,23670.4500,23868.8000
2024-06-27,23881.5500,24087.4500,23805.4000,24044.5000
2024-06-28,24085.9000,24174.0000,23985.8000,24010.6000
2024-07-01,23992.9500,24164.0000,23992.7000,24141.9500
2024-07-02,24228.7500,24236.3500,24056.4000,24123.8500
2024-07-03,24291.7500,24309.1500,24207.1000,24286.5000
2024-07-04,24369.9500,24401.0000,24281.0000,24302.1500
2024-07-05,24213.3500,24363.0000,24168.8500,24323.8500
2024-07-08,24329.4500,24344.6000,24240.5500,24320.5500
2024-07-09,24351.0000,24443.6000,24331.9000,24433.2000
2024-07-10,24459.8500,24461.0500,24141.8000,24324.4500
2024-07-11,24396.5500,24402.6500,24193.7500,24315.9500
2024-07-12,24387.9500,24592.2000,24331.1500,24502.1500
2024-07-15,24587.6000,24635.0500,24522.7500,24586.7000
2024-07-16,24615.9000,24661.2500,24587.6500,24613.0000
2024-07-18,24543.8000,24837.7500,24504.4500,24800.8500
2024-07-19,24853.8000,24854.8000,24508.1500,24530.9000
2024-07-22,24445.7500,24595.2000,24362.3000,24509.2500
2024-07-23,24568.9000,24582.5500,24074.2000,24479.0500
2024-07-24,24444.9500,24504.2500,24307.2500,24413.5000
2024-07-25,24230.9500,24426.1500,24210.8000,24406.1000
2024-07-26,24423.3500,24861.1500,24410.9000,24834.8500
2024-07-29,24943.3000,24999.7500,24774.6000,24836.1000
2024-07-30,24839.4000,24971.7500,24798.6500,24857.3000
2024-07-31,24886.7000,24984.6000,24856.5000,24951.1500
2024-08-01,25030.9500,25078.3000,24956.4000,25010.9000
2024-08-02,24789.0000,24851.9000,24686.8500,24717.7000
2024-08-05,24302.8500,24350.0500,23893.7000,24055.6000
2024-08-06,24189.8500,24382.6000,23960.4000,23992.5500
2024-08-07,24289.4000,24337.7000,24184.9000,24297.5000
2024-08-08,24248.5500,24340.5000,24079.7000,24117.0000
2024-08-09,24386.8500,24419.7500,24311.2000,24367.5000
2024-08-12,24320.0500,24472.8000,24212.1000,24347.0000
2024-08-13,24342.3500,24359.9500,24116.5000,24139.0000
2024-08-14,24184.4000,24196.5000,24099.7000,24143.7500
2024-08-16,24334.8500,24563.9000,24204.5000,24541.1500
2024-08-19,24636.3500,24638.8000,24522.9500,24572.6500
2024-08-20,24648.9000,24734.3000,24607.2000,24698.8500
2024-08-21,24680.5500,24787.9500,24654.5000,24770.2000
2024-08-22,24863.4000,24867.3500,24784.4500,24811.5000
2024-08-23,24845.4000,24858.4000,24771.6500,24823.1500
2024-08-26,24906.1000,25043.8000,24874.7000,25010.6000
2024-08-27,25024.8000,25073.1000,24973.6500,25017.7500
2024-08-28,25030.8000,25129.6000,24964.6500,25052.3500
2024-08-29,25035.3000,25192.9000,24998.5000,25151.9500
2024-08-30,25249.7000,25268.3500,25199.4000,25235.9000
2024-09-02,25333.6000,25333.6500,25235.5000,25278.7000
2024-09-03,25313.4000,25321.7000,25235.8000,25279.8500
2024-09-04,25089.9500,25216.0000,25083.8000,25198.7000
2024-09-05,25250.5000,25275.4500,25127.7500,25145.1000
2024-09-06,25093.7000,25168.7500,24801.3000,24852.1500
2024-09-09,24823.4000,24957.5000,24753.1500,24936.4000
2024-09-10,24999.4000,25130.5000,24896.8000,25041.1000
2024-09-11,25034.0000,25113.7000,24885.1500,24918.4500
2024-09-12,25059.6500,25433.3500,24941.4500,25388.9000
2024-09-13,25430.4500,25430.5000,25292.4500,25356.5000
2024-09-16,25406.6500,25445.7000,25336.2000,25383.7500
2024-09-17,25416.9000,25441.6500,25352.2500,25418.5500
2024-09-18,25402.4000,25482.2000,25285.5500,25377.5500
2024-09-19,25487.0500,25611.9500,25376.0500,25415.8000
2024-09-20,25525.9500,25849.2500,25426.6000,25790.9500
2024-09-23,25872.5500,25956.0000,25847.3500,25939.0500
2024-09-24,25921.4500,26011.5500,25886.8500,25940.4000
2024-09-25,25899.4500,26032.8000,25871.3500,26004.1500
2024-09-26,26005.4000,26250.9000,25998.4000,26216.0500
2024-09-27,26248.2500,26277.3500,26151.4000,26178.9500
2024-09-30,26061.3000,26134.7000,25794.1000,25810.8500
2024-10-01,25788.4500,25907.6000,25739.2000,25796.9000
2024-10-03,25452.8500,25639.4500,25230.3000,25250.1000
2024-10-04,25181.9000,25485.0500,24966.8000,25014.6000
2024-10-07,25084.1000,25143.0000,24694.3500,24795.7500
2024-10-08,24832.2000,25044.0000,24756.8000,25013.1500
2024-10-09,25065.8000,25234.0500,24947.7000,24981.9500
2024-10-10,25067.0500,25134.0500,24979.4000,24998.4500
2024-10-11,24985.3000,25028.6500,24920.0500,24964.2500
2024-10-14,25023.4500,25159.7500,25017.5000,25127.9500
2024-10-15,25186.3000,25212.0500,25008.1500,25057.3500
2024-10-16,25008.5500,25093.4000,24908.4500,24971.3000
2024-10-17,25027.4000,25029.5000,24728.9000,24749.8500
2024-10-18,24664.9500,24886.2000,24567.6500,24854.0500
2024-10-21,24956.1500,24978.3000,24679.6000,24781.1000
2024-10-22,24798.6500,24882.0000,24445.8000,24472.1000
2024-10-23,24378.1500,24604.2500,24378.1000,24435.5000
2024-10-24,24412.7000,24480.6500,24341.2000,24399.4000
2024-10-25,24418.0500,24440.2500,24073.9000,24180.8000
2024-10-28,24251.1000,24492.6000,24134.9000,24339.1500
2024-10-29,24328.8500,24484.5000,24140.8500,24466.8500
2024-10-30,24371.4500,24498.2000,24307.3000,24340.8500
2024-10-31,24349.8500,24372.4500,24172.6000,24205.3500
2024-11-01,24302.7500,24368.2500,24280.2000,24304.3500
2024-11-04,24315.7500,24316.7500,23816.1500,23995.3500
2024-11-05,23916.5000,24229.0500,23842.7500,24213.3000
2024-11-06,24308.7500,24537.6000,24204.0500,24484.0500
2024-11-07,24489.6000,24503.3500,24179.0500,24199.3500
2024-11-08,24207.7000,24276.1500,24066.6500,24148.2000
2024-11-11,24087.2500,24336.8000,24004.6000,24141.3000
2024-11-12,24225.8000,24242.0000,23839.1500,23883.4500
2024-11-13,23822.4500,23873.6000,23509.6000,23559.0500
2024-11-14,23542.1500,23675.9000,23484.1500,23532.7000
2024-11-18,23605.3000,23606.8000,23350.4000,23453.8000
2024-11-19,23529.5500,23780.6500,23464.8000,23518.5000
2024-11-21,23488.4500,23507.3000,23263.1500,23349.9000
2024-11-22,23411.8000,23956.1000,23359.0000,23907.2500
2024-11-25,24253.5500,24351.5500,24135.4500,24221.9000
2024-11-26,24343.3000,24343.3000,24125.4000,24194.5000
2024-11-27,24204.8000,24354.5500,24145.6500,24274.9000
2024-11-28,24274.1500,24345.7500,23873.3500,23914.1500
2024-11-29,23927.1500,24188.4500,23927.1500,24131.1000
2024-12-02,24140.8500,24301.7000,24008.6500,24276.0500
2024-12-03,24367.5000,24481.3500,24280.0000,24457.1500
2024-12-04,24488.7500,24573.2000,24366.3000,24467.4500
2024-12-05,24539.1500,24857.7500,24295.5500,24708.4000
2024-12-06,24729.4500,24751.0500,24620.5000,24677.8000
2024-12-09,24633.9000,24705.0000,24580.0500,24619.0000
2024-12-10,24652.6500,24677.8000,24510.6500,24610.0500
2024-12-11,24620.5000,24691.7500,24583.8500,24641.8000
2024-12-12,24604.4500,24675.2500,24527.9500,24548.7000
2024-12-13,24498.3500,24792.3000,24180.8000,24768.3000
2024-12-16,24753.4000,24781.2500,24601.7500,24668.2500
2024-12-17,24584.8000,24624.1000,24303.4500,24336.0000
2024-12-18,24297.9500,24394.4500,24149.8500,24198.8500
2024-12-19,23877.1500,24004.9000,23870.3000,23951.7000
2024-12-20,23960.7000,24065.8000,23537.3500,23587.5000
2024-12-23,23738.2000,23869.5500,23647.2000,23753.4500
2024-12-24,23769.1000,23867.6500,23685.1500,23727.6500
2024-12-26,23775.8000,23854.5000,23653.6000,23750.2000
2024-12-27,23801.4000,23938.8500,23800.6000,23813.4000
2024-12-30,23796.9000,23915.3500,23599.3000,23644.9000
2024-12-31,23560.6000,23689.8500,23460.4500,23644.8000
2025-01-01,23637.6500,23822.8000,23562.8000,23742.9000
2025-01-02,23783.0000,24226.7000,23751.5500,24188.6500
2025-01-03,24196.4000,24196.4500,23976.0000,24004.7500
2025-01-06,24045.8000,24089.9500,23551.9000,23616.0500
2025-01-07,23679.9000,23795.2000,23637.8000,23707.9000
2025-01-08,23746.6500,23751.8500,23496.1500,23688.9500
2025-01-09,23674.7500,23689.5000,23503.0500,23526.5000
2025-01-10,23551.9000,23596.6000,23344.3500,23431.5000
2025-01-13,23195.4000,23340.9500,23047.2500,23085.9500
2025-01-14,23165.9000,23264.9500,23134.1500,23176.0500
2025-01-15,23250.4500,23293.6500,23146.4500,23213.2000
2025-01-16,23377.2500,23391.6500,23272.0500,23311.8000
2025-01-17,23277.1000,23292.1000,23100.3500,23203.2000
2025-01-20,23290.4000,23391.1000,23170.6500,23344.7500
2025-01-21,23421.6500,23426.3000,22976.8500,23024.6500
2025-01-22,23099.1500,23169.5500,22981.3000,23155.3500
2025-01-23,23128.3000,23270.8000,23090.6500,23205.3500
2025-01-24,23183.9000,23347.3000,23050.0000,23092.2000
2025-01-27,22940.1500,23007.4500,22786.9000,22829.1500
2025-01-28,22960.4500,23137.9500,22857.6500,22957.2500
2025-01-29,23026.7500,23183.3500,22976.5000,23163.1000
2025-01-30,23169.5000,23322.0500,23139.2000,23249.5000
2025-01-31,23296.7500,23546.8000,23277.4000,23508.4000
2025-02-01,23528.6000,23632.4500,23318.3000,23482.1500
2025-02-03,23319.3500,23381.6000,23222.0000,23361.0500
2025-02-04,23509.9000,23762.7500,23423.1500,23739.2500
2025-02-05,23801.7500,23807.3000,23680.4500,23696.3000
2025-02-06,23761.9500,23773.5500,23556.2500,23603.3500
2025-02-07,23649.5000,23694.5000,23443.2000,23559.9500
2025-02-10,23543.8000,23568.6000,23316.3000,23381.6000
2025-02-11,23383.5500,23390.0500,22986.6500,23071.8000
2025-02-12,23050.8000,23144.7000,22798.3500,23045.2500
2025-02-13,23055.7500,23235.5000,22992.2000,23031.4000
2025-02-14,23096.4500,23133.7000,22774.8500,22929.2500
2025-02-17,22809.9000,22974.2000,22725.4500,22959.5000
2025-02-18,22963.6500,22992.5000,22801.5000,22945.3000
2025-02-19,22847.2500,23049.9500,22814.8500,22932.9000
2025-02-20,22821.1000,22923.8500,22812.7500,22913.1500
2025-02-21,22857.2000,22921.0000,22720.3000,22795.9000
2025-02-24,22609.3500,22668.0500,22518.8000,22553.3500
2025-02-25,22516.4500,22625.3000,22513.9000,22547.5500
2025-02-27,22568.9500,22613.3000,22508.4000,22545.0500
2025-02-28,22433.4000,22450.3500,22104.8500,22124.7000
2025-03-03,22194.5500,22261.5500,22004.7000,22119.3000
2025-03-04,21974.4500,22105.0500,21964.6000,22082.6500
2025-03-05,22073.0500,22394.9000,22067.8000,22337.3000
2025-03-06,22476.3500,22556.4500,22245.8500,22544.7000
2025-03-07,22508.6500,22633.8000,22464.7500,22552.5000
2025-03-10,22521.8500,22676.7500,22429.0500,22460.3000
2025-03-11,22345.9500,22522.1000,22314.7000,22497.9000
2025-03-12,22536.3500,22577.4000,22329.5500,22470.5000
2025-03-13,22541.5000,22558.0500,22377.3500,22397.2000
2025-03-17,22353.1500,22577.0000,22353.1500,22508.7500
2025-03-18,22662.2500,22857.8000,22599.2000,22834.3000
2025-03-19,22874.9500,22940.7000,22807.9500,22907.6000
2025-03-20,23036.6000,23216.7000,22973.9500,23190.6500
2025-03-21,23168.2500,23402.7000,23132.8000,23350.4000
2025-03-24,23515.4000,23708.7500,23433.5000,23658.3500
2025-03-25,23751.5000,23869.6000,23601.4000,23668.6500
2025-03-26,23700.9500,23736.5000,23451.7000,23486.8500
2025-03-27,23433.9500,23646.4500,23412.2000,23591.9500
2025-03-28,23600.4000,23649.2000,23450.2000,23519.3500
2025-04-01,23341.1000,23565.1500,23136.4000,23165.7000
2025-04-02,23192.6000,23350.0000,23158.4500,23332.3500
2025-04-03,23150.3000,23306.5000,23145.8000,23250.1000
2025-04-04,23190.4000,23214.7000,22857.4500,22904.4500
2025-04-07,21758.4000,22254.0000,21743.6500,22161.6000
2025-04-08,22446.7500,22697.2000,22270.8500,22535.8500
2025-04-09,22460.3000,22468.7000,22353.2500,22399.1500
2025-04-11,22695.4000,22923.9000,22695.4000,22828.5500
2025-04-15,23368.3500,23368.3500,23207.0000,23328.5500
2025-04-16,23344.1000,23452.2000,23273.0500,23437.2000
2025-04-17,23401.8500,23872.3500,23298.5500,23851.6500
2025-04-21,23949.1500,24189.5500,23903.6500,24125.5500
2025-04-22,24185.4000,24242.6000,24072.0000,24167.2500
2025-04-23,24357.6000,24359.3000,24119.9500,24328.9500
2025-04-24,24277.9000,24347.8500,24216.1500,24246.7000
2025-04-25,24289.0000,24365.4500,23847.8500,24039.3500
2025-04-28,24070.2500,24355.1000,24054.0500,24328.5000
2025-04-29,24370.7000,24457.6500,24290.7500,24335.9500
2025-04-30,24342.0500,24396.1500,24198.7500,24334.2000
2025-05-02,24311.9000,24589.1500,24238.5000,24346.7000
2025-05-05,24419.5000,24526.4000,24400.6500,24461.1500
2025-05-06,24500.7500,24509.6500,24331.8000,24379.6000
2025-05-07,24233.3000,24449.6000,24220.0000,24414.4000
2025-05-08,24431.5000,24447.2500,24150.2000,24273.8000
2025-05-09,23935.7500,24164.2500,23935.7500,24008.0000
2025-05-12,24420.1000,24944.8000,24378.8500,24924.7000
2025-05-13,24864.0500,24973.8000,24547.5000,24578.3500
2025-05-14,24613.8000,24767.5500,24535.5500,24666.9000
2025-05-15,24694.4500,25116.2500,24494.4500,25062.1000
2025-05-16,25064.6500,25070.0000,24953.0500,25019.8000
2025-05-19,25005.3500,25062.9500,24916.6500,24945.4500
2025-05-20,24996.2000,25010.3500,24669.7000,24683.9000
2025-05-21,24744.2500,24946.2000,24685.3500,24813.4500
2025-05-22,24733.9500,24737.5000,24462.4000,24609.7000
2025-05-23,24639.5000,24909.0500,24614.0500,24853.1500
2025-05-26,24919.3500,25079.2000,24900.5000,25001.1500
2025-05-27,24956.6500,25062.9000,24704.1000,24826.2000
2025-05-28,24832.5000,24864.2500,24737.0500,24752.4500
2025-05-29,24825.1000,24892.6000,24677.3000,24833.6000
2025-05-30,24812.6000,24863.9500,24717.4000,24750.7000
2025-06-02,24669.7000,24754.4000,24526.1500,24716.6000
2025-06-03,24786.3000,24845.1000,24502.1500,24542.5000
2025-06-04,24560.4500,24644.2500,24530.4500,24620.2000
2025-06-05,24691.2000,24899.8500,24613.1000,24750.9000
2025-06-06,24748.7000,25029.5000,24671.4500,25003.0500
2025-06-09,25160.1000,25160.1000,25077.1500,25103.2000
2025-06-10,25196.0500,25199.3000,25055.4500,25104.2500
2025-06-11,25134.1500,25222.4000,25081.3000,25141.4000
2025-06-12,25164.4500,25196.2000,24825.9000,24888.2000
2025-06-13,24473.0000,24754.3500,24473.0000,24718.6000
2025-06-16,24732.3500,24967.1000,24703.6000,24946.5000
2025-06-17,24977.8500,24982.0500,24813.7000,24853.4000
2025-06-18,24788.3500,24947.5500,24750.4500,24812.0500
2025-06-19,24803.2500,24863.1000,24733.4000,24793.2500
2025-06-20,24787.6500,25136.2000,24783.6500,25112.4000
2025-06-23,24939.7500,25057.0000,24824.8500,24971.9000
2025-06-24,25179.9000,25317.7000,24999.7000,25044.3500
2025-06-25,25150.3500,25266.8000,25125.0500,25244.7500
2025-06-26,25268.9500,25565.3000,25259.9000,25549.0000
2025-06-27,25576.6500,25654.2000,25523.5500,25637.8000
2025-06-30,25661.6500,25669.3500,25473.3000,25517.0500
2025-07-01,25551.3500,25593.4000,25501.8000,25541.8000
2025-07-02,25588.3000,25608.1000,25378.7500,25453.4000
2025-07-03,25505.1000,25587.5000,25384.3500,25405.3000
2025-07-04,25428.8500,25470.2500,25331.6500,25461.0000
2025-07-07,25450.4500,25489.8000,25407.2500,25461.3000
2025-07-08,25427.8500,25548.0500,25424.1500,25522.5000
2025-07-09,25514.6000,25548.7000,25424.3500,25476.1000
2025-07-10,25511.6500,25524.0500,25340.4500,25355.2500
2025-07-11,25255.5000,25322.4500,25129.0000,25149.8500
2025-07-14,25149.5000,25151.1000,25001.9500,25082.3000
2025-07-15,25089.5000,25245.2000,25088.4500,25195.8000
2025-07-16,25196.6000,25255.3000,25121.0500,25212.0500
2025-07-17,25230.7500,25238.3500,25101.0000,25111.4500
2025-07-18,25108.5500,25144.6000,24918.6500,24968.4000
2025-07-21,24999.0000,25111.4000,24882.3000,25090.7000
2025-07-22,25166.6500,25182.0000,25035.5500,25060.9000
2025-07-23,25139.3500,25233.5000,25085.5000,25219.9000
2025-07-24,25243.3000,25246.2500,25018.7000,25062.1000
2025-07-25,25010.3500,25010.3500,24806.3500,24837.0000
2025-07-28,24782.4500,24889.2000,24646.6000,24680.9000
2025-07-29,24609.6500,24847.1500,24598.6000,24821.1000
2025-07-30,24890.4000,24902.3000,24771.9500,24855.0500
2025-07-31,24642.2500,24956.5000,24635.0000,24768.3500
2025-08-01,24734.9000,24784.1500,24535.0500,24565.3500
2025-08-04,24596.0500,24736.2500,24554.0000,24722.7500
2025-08-05,24720.2500,24733.1000,24590.3000,24649.5500
2025-08-06,24641.3500,24671.4000,24539.2000,24574.2000
2025-08-07,24464.2000,24634.2000,24344.1500,24596.1500
2025-08-08,24544.2500,24585.5000,24337.5000,24363.3000
2025-08-11,24371.5000,24600.8500,24347.4500,24585.0500
2025-08-12,24563.3500,24702.6000,24465.6500,24487.4000
2025-08-13,24586.2000,24664.5500,24535.2500,24619.3500
2025-08-14,24607.2500,24673.6500,24596.9000,24631.3000
2025-08-18,24938.2000,25022.0000,24852.8500,24876.9500
2025-08-19,24891.3500,25012.6500,24873.9500,24980.6500
2025-08-20,24965.8000,25088.7000,24929.7000,25050.5500
2025-08-21,25142.0000,25153.6500,25054.9000,25083.7500
2025-08-22,25064.1500,25084.8500,24859.1500,24870.1000
2025-08-25,24949.1500,25021.5500,24894.3500,24967.7500
2025-08-26,24899.5000,24919.6500,24689.6000,24712.0500
2025-08-28,24695.8000,24702.6500,24481.6000,24500.9000
2025-08-29,24466.7000,24572.4500,24404.7000,24426.8500
2025-09-01,24432.7000,24635.6000,24432.7000,24625.0500
2025-09-02,24653.0000,24756.1000,24522.3500,24579.6000
2025-09-03,24616.5000,24737.0500,24533.2000,24715.0500
2025-09-04,24980.7500,24980.7500,24708.2000,24734.3000
2025-09-05,24818.8500,24832.3500,24621.6000,24741.0000
2025-09-08,24802.6000,24885.5000,24751.5500,24773.1500
2025-09-09,24864.1000,24891.8000,24814.0000,24868.6000
2025-09-10,24991.0000,25035.7000,24915.0500,24973.1000
2025-09-11,24945.5000,25037.3000,24940.1500,25005.5000
2025-09-12,25074.4500,25139.4500,25038.0500,25114.0000
2025-09-15,25118.9000,25138.4500,25048.7500,25069.2000
2025-09-16,25073.6000,25261.4000,25070.4500,25239.1000
2025-09-17,25276.6000,25346.5000,25275.3500,25330.2500
2025-09-18,25441.0500,25448.9500,25329.7500,25423.6000
2025-09-19,25410.2000,25431.4000,25286.3000,25327.0500
2025-09-22,25238.1000,25331.7000,25151.0500,25202.3500
2025-09-23,25209.0000,25261.9000,25084.6500,25169.5000
2025-09-24,25108.7500,25149.8500,25027.4500,25056.9000
2025-09-25,25034.5000,25092.7000,24878.3000,24890.8500
2025-09-26,24818.5500,24868.6000,24629.4500,24654.7000
2025-09-29,24728.5500,24791.3000,24606.2000,24634.9000
2025-09-30,24691.9500,24731.8000,24587.7000,24611.1000
2025-10-01,24620.5500,24867.9500,24605.9500,24836.3000
2025-10-03,24759.5500,24904.8000,24747.5500,24894.2500
2025-10-06,24916.5500,25095.9500,24881.6500,25077.6500
2025-10-07,25085.3000,25220.9000,25076.3000,25108.3000
2025-10-08,25079.7500,25192.5000,25008.5000,25046.1500
2025-10-09,25074.3000,25199.2500,25024.3000,25181.8000
2025-10-10,25167.6500,25330.7500,25156.8500,25285.3500
2025-10-13,25177.3000,25267.3000,25152.3000,25227.3500
2025-10-14,25277.5500,25310.3500,25060.5500,25145.5000
2025-10-15,25181.9500,25365.1500,25159.3500,25323.5500
2025-10-16,25394.9000,25625.4000,25376.8500,25585.3000
2025-10-17,25546.8500,25781.5000,25508.6000,25709.8500
2025-10-20,25824.6000,25926.2000,25788.5000,25843.1500
2025-10-21,25901.2000,25934.3500,25825.8000,25868.6000
2025-10-23,26057.2000,26104.2000,25862.4500,25891.4000
2025-10-24,25935.1000,25944.1500,25718.2000,25795.1500
2025-10-27,25843.2000,26005.9500,25827.0000,25966.0500
2025-10-28,25939.9500,26041.7000,25810.0500,25936.2000
2025-10-29,25982.0000,26097.8500,25960.3000,26053.9000
2025-10-30,25984.4000,26032.0500,25845.2500,25877.8500
2025-10-31,25863.8000,25953.7500,25711.2000,25722.1000
2025-11-03,25696.8500,25803.1000,25645.5000,25763.3500
2025-11-04,25744.7500,25787.4000,25578.4000,25597.6500
2025-11-06,25593.3500,25679.1500,25491.5500,25509.7000
2025-11-07,25433.8000,25551.2500,25318.4500,25492.3000
2025-11-10,25503.5000,25653.4500,25503.5000,25574.3500
2025-11-11,25617.0000,25715.8000,25449.2500,25694.9500
2025-11-12,25834.3000,25934.5500,25781.1500,25875.8000
2025-11-13,25906.1000,26010.7000,25808.4000,25879.1500
2025-11-14,25767.9000,25940.2000,25740.8000,25910.0500
2025-11-17,25948.2000,26024.2000,25906.3500,26013.4500
2025-11-18,26021.8000,26029.8500,25876.5000,25910.0500
2025-11-19,25918.1000,26074.6500,25856.2000,26052.6500
2025-11-20,26132.1000,26246.6500,26063.2000,26192.1500
2025-11-21,26109.5500,26179.2000,26052.2000,26068.1500
2025-11-24,26122.8000,26142.8000,25912.1500,25959.5000
2025-11-25,25998.5000,26032.6000,25857.5000,25884.8000
2025-11-26,25842.9500,26215.1500,25842.9500,26205.3000
2025-11-27,26261.2500,26310.4500,26141.9000,26215.5500
2025-11-28,26237.4500,26280.7500,26172.4000,26202.9500
2025-12-01,26325.8000,26325.8000,26124.2000,26175.7500
2025-12-02,26087.9500,26154.6000,25997.8500,26032.2000
2025-12-03,26004.9000,26066.4500,25891.0000,25986.0000
2025-12-04,25981.8500,26098.2500,25938.9500,26033.7500
2025-12-05,25999.8000,26202.6000,25985.3500,26186.4500
2025-12-08,26159.8000,26178.7000,25892.2500,25960.5500
2025-12-09,25867.1000,25923.6500,25728.0000,25839.6500
2025-12-10,25864.0500,25947.6500,25734.5500,25758.0000
2025-12-11,25771.4000,25922.8000,25693.2500,25898.5500
2025-12-12,25971.2000,26057.6000,25938.4500,26046.9500
2025-12-15,25930.0500,26047.1500,25904.7500,26027.3000
2025-12-16,25951.5000,25980.7500,25834.3500,25860.1000
2025-12-17,25902.4000,25929.1500,25770.3500,25818.5500
2025-12-18,25764.7000,25902.3500,25726.3000,25815.5500
2025-12-19,25911.5000,25993.3500,25880.4500,25966.4000
2025-12-22,26055.8500,26180.7000,26047.8000,26172.4000
2025-12-23,26205.2000,26233.5500,26119.0500,26177.1500
2025-12-24,26170.6500,26236.4000,26123.0000,26142.1000
2025-12-26,26121.2500,26144.2000,26008.6000,26042.3000
2025-12-29,26063.3500,26106.8000,25920.3000,25942.1000
2025-12-30,25940.9000,25976.7500,25878.0000,25938.8500
2025-12-31,25971.0500,26187.9500,25969.0000,26129.6000
2026-01-01,26173.3000,26197.5500,26113.4000,26146.5500
2026-01-02,26155.1000,26340.0000,26118.4000,26328.5500
2026-01-05,26333.7000,26373.2000,26210.0500,26250.3000
2026-01-06,26189.7000,26273.9500,26124.7500,26178.7000
2026-01-07,26143.1000,26187.1500,26067.9000,26140.7500
2026-01-08,26106.5000,26133.2000,25858.4500,25876.8500
2026-01-09,25840.4000,25940.6000,25623.0000,25683.3000
2026-01-12,25669.0500,25813.1500,25473.4000,25790.2500
2026-01-13,25897.3500,25899.8000,25603.3000,25732.3000
2026-01-14,25648.5500,25791.7500,25603.9500,25665.6000
2026-01-16,25696.0500,25873.5000,25662.4000,25694.3500
2026-01-19,25653.1000,25653.3000,25494.3500,25585.5000
2026-01-20,25580.3000,25585.0000,25171.3500,25232.5000
2026-01-21,25141.0000,25300.9500,24919.8000,25157.5000
2026-01-22,25344.1500,25435.7500,25168.5000,25289.9000
2026-01-23,25344.6000,25347.9500,25025.3000,25048.6500
2026-01-27,25063.3500,25246.6500,24932.5500,25175.4000
2026-01-28,25258.8500,25372.1000,25187.6500,25342.7500
2026-01-29,25345.0000,25458.1500,25159.8000,25418.9000
2026-01-30,25247.5500,25370.7000,25213.6500,25320.6500
2026-02-01,25333.7500,25440.9000,24571.7500,24825.4500
2026-02-02,24796.5000,25108.1000,24679.4000,25088.4000
2026-02-03,26308.0500,26341.2000,25641.3000,25727.5500
2026-02-04,25675.0500,25818.5500,25563.9500,25776.0000
2026-02-05,25755.9000,25757.6500,25579.5000,25642.8000
2026-02-06,25605.8000,25703.9500,25491.9000,25693.7000
2026-02-09,25888.7000,25922.2500,25780.9000,25867.3000
2026-02-10,25922.6500,25989.4500,25870.4500,25935.1500
2026-02-11,25997.4500,26009.4000,25899.8000,25953.8500
2026-02-12,25906.7000,25906.7000,25752.4000,25807.2000
2026-02-13,25571.1500,25630.3500,25444.3000,25471.1000
2026-02-16,25423.6000,25697.0000,25372.7000,25682.7500
2026-02-17,25637.9500,25764.4000,25570.3000,25725.4000
2026-02-18,25752.6500,25828.0500,25645.1500,25819.3500
2026-02-19,25873.3500,25885.3000,25388.7500,25454.3500
2026-02-20,25406.5500,25663.5500,25379.7500,25571.2500
2026-02-23,25678.4000,25771.4500,25609.3500,25713.0000
2026-02-24,25641.8000,25641.8000,25327.6000,25424.6500
2026-02-25,25512.6000,25652.6000,25428.2000,25482.5000
2026-02-26,25556.3000,25572.9500,25400.9500,25496.5500
2026-02-27,25459.8500,25476.4000,25141.3000,25178.6500
2026-03-02,24659.2500,24989.3500,24603.5000,24865.7000
2026-03-04,24388.8000,24602.4500,24305.4000,24480.5000
2026-03-05,24615.9500,24854.2000,24529.4000,24765.9000
2026-03-06,24656.4000,24700.8000,24415.7500,24450.4500
2026-03-09,23868.0500,24078.1500,23697.8000,24028.0500
2026-03-10,24280.8000,24303.8000,24079.9500,24261.6000
2026-03-11,24231.8500,24299.0000,23834.3000,23866.8500
2026-03-12,23674.8500,23833.1500,23556.3000,23639.1500
2026-03-13,23462.5000,23492.4000,23112.0000,23151.1000
2026-03-16,23116.1000,23502.0000,22955.2500,23408.8000
2026-03-17,23493.2000,23656.8000,23346.6000,23581.1500
2026-03-18,23632.9000,23862.2500,23618.4500,23777.8000
2026-03-19,23197.7500,23378.7000,22930.3500,23002.1500
2026-03-20,23110.1500,23345.1500,23067.6000,23114.5000
2026-03-23,22824.3500,22851.7000,22471.2500,22512.6500
2026-03-24,22878.4500,23057.3000,22624.2000,22912.4000
2026-03-25,23064.4000,23465.3500,23063.2000,23306.4500
2026-03-27,23173.5500,23186.1000,22804.5500,22819.6000
2026-03-30,22549.6500,22714.1000,22283.8500,22331.4000
2026-04-01,22899.0000,22941.3000,22618.6000,22679.4000
2026-04-02,22383.4000,22782.3000,22182.5500,22713.1000
2026-04-06,22780.3000,22998.3500,22542.9500,22968.2500
2026-04-07,22838.7000,23153.8500,22719.3000,23123.6500
2026-04-08,23855.1500,24025.1500,23828.5000,23997.3500
2026-04-09,23909.0500,23990.7500,23682.8000,23775.1000
2026-04-10,23880.5500,24074.0500,23856.3500,24050.6000
2026-04-13,23589.6000,23907.4000,23555.6000,23842.6500
2026-04-15,24163.8000,24280.9000,24145.8000,24231.3000
2026-04-16,24385.2000,24400.9500,24102.8000,24196.7500
2026-04-17,24165.9000,24371.9000,24096.0500,24353.5500
2026-04-20,24391.5000,24480.6500,24241.2500,24364.8500
2026-04-21,24374.5500,24601.7000,24354.9000,24576.6000
2026-04-22,24470.8500,24515.9500,24352.9000,24378.1000
2026-04-23,24202.3500,24310.2000,24134.8000,24173.0500
2026-04-24,24100.5500,24206.0000,23813.6500,23897.9500
2026-04-27,23945.4500,24130.7000,23936.2000,24092.7000
2026-04-28,24049.9000,24181.8000,23957.0500,23995.7000
2026-04-29,24096.9000,24334.7000,24059.9500,24177.6500
2026-04-30,23996.9500,24087.4500,23796.8500,23997.5500
2026-05-04,24063.5500,24290.2000,24004.7500,24119.3000
2026-05-05,24052.6000,24081.7000,23882.0500,24032.8000
2026-05-06,24171.0000,24356.5000,23997.9000,24330.9500
2026-05-07,24398.5000,24482.1000,24284.0000,24326.6500
2026-05-08,24233.6500,24253.8000,24126.6500,24176.1500
2026-05-11,23970.1000,23997.4500,23799.1000,23815.8500
2026-05-12,23722.6000,23757.5500,23348.4000,23379.5500
2026-05-13,23362.4500,23582.9500,23262.5500,23412.6000
2026-05-14,23530.2500,23777.2000,23426.5500,23689.6000
2026-05-15,23731.4000,23839.3000,23610.3000,23643.5000
2026-05-18,23482.2000,23695.6500,23317.1000,23649.9500
2026-05-19,23675.3000,23782.3000,23587.2000,23618.0000
2026-05-20,23457.2500,23690.9000,23397.3000,23659.0000
2026-05-21,23830.0500,23859.9000,23596.6000,23654.7000
2026-05-22,23671.2000,23835.6500,23671.0000,23719.3000
2026-05-25,23940.2500,24054.4500,23922.8500,24031.7000
2026-05-26,24004.1000,24089.8000,23885.4500,23913.7000
2026-05-27,23880.3500,23983.2000,23858.2500,23907.1500
2026-05-29,23902.1500,24002.8000,23484.7500,23547.7500
2026-06-01,23654.5000,23733.7000,23357.9500,23382.6000
2026-06-02,23229.1500,23556.9500,23229.1500,23483.5500
2026-06-03,23415.9500,23459.6500,23151.5000,23405.6000
2026-06-04,23282.4500,23465.3000,23247.3000,23416.5500
2026-06-05,23478.9500,23516.3500,23282.6500,23366.7000
2026-06-08,23080.7000,23267.3000,23070.1500,23123.0000
2026-06-09,23259.0500,23279.4000,23104.4500,23242.1000
2026-06-10,23233.9500,23425.3500,23184.6000,23214.9500
2026-06-11,23104.4000,23327.4500,23072.0500,23161.6000
2026-06-12,23412.5500,23645.3500,23313.9000,23622.9000
2026-06-15,23984.8500,24011.4000,23817.8000,23853.9000
2026-06-16,23923.9000,24002.6000,23888.2000,23989.1500
2026-06-17,24044.5000,24108.2000,23969.7000,24085.7000
2026-06-18,24073.8000,24189.2500,24036.9500,24168.0000
2026-06-19,23991.2000,24047.2000,23901.9000,24013.1000
2026-06-22,24106.6000,24168.0500,24073.1500,24102.9000
2026-06-23,24071.3000,24135.5000,23784.9500,23824.1000
2026-06-24,23795.8000,24090.0500,23789.2500,24021.6500
2026-06-25,24125.8500,24261.6000,24039.0000,24056.0000
2026-06-29,24061.7500,24120.0000,23924.5500,23946.2500
2026-06-30,24032.0500,24035.5500,23829.2000,23865.7500
2026-07-01,23897.6500,24049.9000,23895.1000,24005.8500
2026-07-02,24062.2000,24194.5500,24058.8000,24175.7000
2026-07-03,24375.6500,24378.1500,24252.3500,24270.8500
2026-07-06,24306.8500,24458.6500,24287.1000,24430.3500
2026-07-07,24464.4500,24530.9000,24348.9500,24398.7000
2026-07-08,24259.5500,24300.0000,23805.2000,23882.0500
2026-07-09,23928.9500,24134.7000,23925.7000,23962.8000
2026-07-10,24124.7000,24228.4500,24120.3500,24206.9000
2026-07-13,24039.4000,24259.8000,24000.2000,24211.0000
2026-07-14,24068.0000,24157.1000,24023.7000,24052.0500
2026-07-15,24085.8500,24220.3500,24010.5500,24078.5000
2026-07-16,24142.1000,24186.5000,24050.0000,24072.7500
2026-07-17,24127.6000,24367.3000,24099.0500,24334.3000
2026-07-20,24190.0500,24266.1000,24135.8500,24238.5000
2026-07-21,24216.0500,24262.2000,24135.6500,24187.7000
2026-07-22,24150.4500,24166.3000,23961.4000,23996.2500
2026-07-23,23904.8000,23990.7500,23807.2000,23869.6000
2026-07-24,23666.3500,23823.6000,23606.3000,23767.4500
2026-07-27,23928.4000,24011.6000,23891.5500,23995.9500
2026-07-28,23971.2500,24041.1500,23954.6000,23985.3500
2026-07-29,24176.6500,24283.5500,24136.7500,24250.2000
2026-07-30,24249.5500,24342.9500,24187.1000,24317.1500
2026-07-31,24361.4500,24429.4000,24299.7000,24383.6000
2026-08-03,24572.7000,24774.3000,24515.1500,24774.3000
2026-08-04,24703.9000,24703.9000,24427.9500,24614.9000
2026-08-05,24669.2000,24677.6000,24497.9500,24624.6500
2026-08-06,24641.0000,24677.0500,24604.1500,24636.0000
2026-08-07,24538.9000,24630.4000,24522.7500,24570.6500
2026-08-10,24581.2500,24620.9500,24511.1000,24583.8000
2026-08-11,24575.1000,24576.8500,24429.2500,24471.7000
2026-08-12,24472.4500,24473.3000,24265.9500,24435.9500
2026-08-13,24431.6000,24431.6000,24311.4000,24395.8500
2026-08-14,24361.9000,24405.2000,24296.8000,24366.0000
2026-08-17,24343.4500,24360.1000,24226.9500,24287.6500
2026-08-18,24223.8500,24269.6500,24154.9000,24154.9000
2026-08-19,24152.0500,24172.8500,24025.6500,24078.3000
2026-08-20,24225.4500,24265.1500,24184.5500,24231.8500
2026-08-21,24284.0500,24284.0500,24206.8000,24252.0000
2026-08-24,24285.0500,24313.0000,24144.3000,24219.0500
2026-08-25,24175.7500,24334.5500,24115.4500,24334.5500
2026-08-26,24341.9500,24378.6000,24207.7500,24207.7500
2026-08-27,24277.6000,24297.4500,24090.8500,24090.8500
2026-08-28,24122.6000,24188.3000,24076.8500,24175.6500
2026-08-31,24117.5500,24128.7000,23993.6000,24080.4000
2026-09-01,24077.5500,24143.1500,23952.5500,24055.8000
2026-09-02,23858.0000,23914.4500,23786.8000,23914.4500
2026-09-03,23997.9500,24025.4000,23873.4500,23873.4500
2026-09-04,23910.9000,24005.7500,23895.8500,23897.7000
2026-09-07,23883.1500,23890.0000,23737.9000,23779.1500
2026-09-08,23743.1000,23758.9500,23623.1000,23635.1000
2026-09-09,23522.0500,23571.5500,23431.5000,23431.5000
2026-09-10,23446.6000,23494.9500,23380.1000,23477.8000
2026-09-11,23270.3000,23448.1000,23231.4000,23398.1000
2026-09-15,23576.1500,23592.8500,23118.6000,23118.6000
2026-09-16,23201.6000,23284.7500,23116.1000,23217.6000
2026-09-17,23195.2500,23363.5500,23193.6500,23270.6000
2026-09-18,23334.7000,23389.1500,23286.6000,23346.4000
2026-09-21,23330.2000,23466.8000,23314.8000,23414.3000
2026-09-22,23454.0500,23489.0000,23285.7500,23329.0000
2026-09-23,23352.1500,23466.9000,23349.5500,23446.8000
2026-09-24,23221.8000,23281.9500,23046.1500,23063.1000
2026-09-25,23035.0000,23162.7000,23020.9500,23140.5000
2026-09-28,23064.9000,23080.2500,22762.2000,22780.2500
2026-09-29,22732.4500,22753.2500,22569.6500,22716.2000
2026-09-30,22665.0000,22809.3500,22595.2000,22620.4500
2026-10-01,22543.7000,22610.6000,22217.3000,22421.9500
2026-10-05,22532.4000,22621.8000,22397.1000,22555.7500
2026-10-06,22603.2500,22776.1000,22561.6000,22776.1000
2026-10-07,22690.4500,22717.6500,22546.3000,22603.0500
2026-10-08,22599.0500,22599.0500,22179.9000,22231.8000
2026-10-09,22314.9500,22580.7500,22294.7500,22520.4500
