Date,Open,High,Low,Close
1996-01-01,,,,100.0000
1996-01-02,,,,99.5800
1996-01-03,,,,98.7000
1996-01-04,,,,98.0400
1996-01-05,,,,98.4100
1996-01-07,,,,111.3600
1996-01-08,,,,99.6300
1996-01-09,,,,94.9200
1996-01-10,,,,86.1300
1996-01-11,,,,84.3300
1996-01-12,,,,95.9100
1996-01-15,,,,95.7400
1996-01-16,,,,94.4700
1996-01-17,,,,93.5100
1996-01-18,,,,92.2400
1996-01-19,,,,90.2500
1996-01-22,,,,89.3800
1996-01-23,,,,89.2700
1996-01-24,,,,88.4800
1996-01-25,,,,89.1400
1996-01-29,,,,89.4900
1996-01-30,,,,91.7400
1996-01-31,,,,92.2400
1996-02-01,,,,93.9400
1996-02-02,,,,96.1900
1996-02-04,,,,101.2300
1996-02-05,,,,99.9600
1996-02-06,,,,99.4200
1996-02-07,,,,108.5100
1996-02-08,,,,99.4700
1996-02-09,,,,97.6200
1996-02-12,,,,107.3600
1996-02-13,,,,108.0200
1996-02-14,,,,109.9400
1996-02-15,,,,111.3200
1996-02-16,,,,110.7500
1996-02-19,,,,112.5200
1996-02-20,,,,112.1500
1996-02-22,,,,112.1400
1996-02-23,,,,110.7300
1996-02-26,,,,108.4400
1996-02-27,,,,106.8800
1996-02-28,,,,105.6200
1996-02-29,,,,102.3900
1996-03-01,,,,98.7000
1996-03-04,,,,102.1300
1996-03-05,,,,115.0900
1996-03-06,,,,101.5300
1996-03-07,,,,102.4800
1996-03-08,,,,102.4200
1996-03-09,,,,96.0800
1996-03-10,,,,84.6000
1996-03-11,,,,100.6500
1996-03-12,,,,99.8200
1996-03-13,,,,100.1600
1996-03-14,,,,100.5000
1996-03-15,,,,99.6500
1996-03-18,,,,99.3500
1996-03-19,,,,98.6900
1996-03-21,,,,98.6400
1996-03-22,,,,97.7800
1996-03-25,,,,98.0900
1996-03-26,,,,97.2100
1996-03-27,,,,97.8900
1996-03-29,,,,101.2800
1996-04-01,,,,98.0400
1996-04-02,,,,101.2300
1996-04-03,,,,102.1300
1996-04-04,,,,100.9800
1996-04-05,,,,101.5100
1996-04-06,,,,108.4700
1996-04-07,,,,107.8700
1996-04-08,,,,102.6400
1996-04-09,,,,102.7100
1996-04-10,,,,84.0800
1996-04-11,,,,102.3900
1996-04-12,,,,76.2500
1996-04-15,,,,104.2200
1996-04-16,,,,104.9300
1996-04-17,,,,107.8600
1996-04-18,,,,110.9400
1996-04-22,,,,112.4600
1996-04-23,,,,111.8200
1996-04-24,,,,115.7300
1996-04-25,,,,116.5000
1996-04-26,,,,114.0700
1996-04-30,,,,114.4200
1996-05-01,,,,98.4100
1996-05-02,,,,99.9600
1996-05-03,,,,115.0900
1996-05-04,,,,101.5100
1996-05-06,,,,114.0500
1996-05-07,,,,108.7200
1996-05-08,,,,98.3900
1996-05-09,,,,114.4700
1996-05-10,,,,111.7200
1996-05-11,,,,82.3200
1996-05-12,,,,76.9900
1996-05-13,,,,112.1000
1996-05-14,,,,112.5200
1996-05-15,,,,111.7200
1996-05-16,,,,113.6900
1996-05-17,,,,112.3600
1996-05-20,,,,110.4300
1996-05-21,,,,107.8800
1996-05-22,,,,107.2900
1996-05-23,,,,107.2000
1996-05-24,,,,107.3300
1996-05-27,,,,106.2300
1996-05-28,,,,103.2800
1996-05-29,,,,106.6400
1996-05-30,,,,106.7800
1996-05-31,,,,106.8800
1996-06-02,,,,99.4200
1996-06-03,,,,101.5300
1996-06-04,,,,108.4700
1996-06-05,,,,114.0500
1996-06-06,,,,110.9400
1996-06-07,,,,110.6400
1996-06-08,,,,98.7700
1996-06-09,,,,97.3900
1996-06-10,,,,111.9200
1996-06-11,,,,81.0600
1996-06-12,,,,114.0100
1996-06-13,,,,114.8000
1996-06-14,,,,115.9000
1996-06-17,,,,118.8900
1996-06-18,,,,117.1100
1996-06-19,,,,115.4700
1996-06-20,,,,114.7800
1996-06-21,,,,114.0200
1996-06-24,,,,113.8600
1996-06-25,,,,113.9100
1996-06-26,,,,112.5300
1996-06-27,,,,111.8100
1996-06-28,,,,112.2300
1996-07-01,,,,111.3600
1996-07-02,,,,108.5100
1996-07-03,,,,102.4800
1996-07-04,,,,107.8700
1996-07-05,,,,108.7200
1996-07-06,,,,110.6400
1996-07-08,,,,109.3800
1996-07-09,,,,108.1800
1996-07-10,,,,107.2100
1996-07-11,,,,107.2900
1996-07-12,,,,106.8200
1996-07-15,,,,106.2600
1996-07-16,,,,106.2300
1996-07-17,,,,106.6500
1996-07-18,,,,107.1300
1996-07-19,,,,107.3700
1996-07-22,,,,109.6900
1996-07-23,,,,106.4000
1996-07-24,,,,104.6400
1996-07-25,,,,103.4400
1996-07-26,,,,101.7900
1996-07-29,,,,97.9800
1996-07-30,,,,96.9500
1996-07-31,,,,98.0000
1996-08-01,,,,97.2800
1996-08-02,,,,99.4700
1996-08-03,,,,102.4200
1996-08-04,,,,102.6400
1996-08-05,,,,115.5700
1996-08-06,,,,98.7700
1996-08-07,,,,109.3800
1996-08-08,,,,98.2700
1996-08-09,,,,98.1300
1996-08-10,,,,81.2500
1996-08-12,,,,97.2700
1996-08-13,,,,96.4800
1996-08-14,,,,96.2600
1996-08-16,,,,95.4000
1996-08-19,,,,93.9100
1996-08-20,,,,92.3600
1996-08-21,,,,93.4800
1996-08-22,,,,93.7800
1996-08-23,,,,95.4700
1996-08-26,,,,95.8400
1996-08-27,,,,95.7200
1996-08-29,,,,97.0600
1996-08-30,,,,97.3200
1996-09-01,,,,94.9200
1996-09-02,,,,103.3300
1996-09-03,,,,96.0800
1996-09-04,,,,102.7100
1996-09-05,,,,114.4700
1996-09-06,,,,97.3900
1996-09-07,,,,108.1800
1996-09-08,,,,98.1300
1996-09-09,,,,96.6900
1996-09-10,,,,95.2900
1996-09-11,,,,94.3600
1996-09-12,,,,94.1200
1996-09-13,,,,93.7700
1996-09-18,,,,92.8700
1996-09-19,,,,92.6000
1996-09-20,,,,91.5100
1996-09-23,,,,91.2900
1996-09-24,,,,90.5100
1996-09-25,,,,90.0300
1996-09-26,,,,89.3900
1996-09-27,,,,88.1300
1996-09-30,,,,87.8900
1996-10-01,,,,95.2300
1996-10-03,,,,84.6000
1996-10-04,,,,102.9500
1996-10-05,,,,111.7200
1996-10-06,,,,111.9200
1996-10-07,,,,81.4400
1996-10-08,,,,81.2500
1996-10-09,,,,95.2900
1996-10-10,,,,85.5600
1996-10-11,,,,86.7400
1996-10-12,,,,77.1000
1996-10-14,,,,85.3100
1996-10-15,,,,85.1600
1996-10-16,,,,84.9800
1996-10-17,,,,85.1200
1996-10-18,,,,87.4400
1996-10-22,,,,86.7300
1996-10-23,,,,87.6100
1996-10-24,,,,87.6600
1996-10-25,,,,87.8700
1996-10-28,,,,87.6900
1996-10-29,,,,86.4500
1996-10-30,,,,86.0200
1996-10-31,,,,84.9700
1996-11-01,,,,94.9500
1996-11-03,,,,100.6500
1996-11-04,,,,82.8600
1996-11-05,,,,82.3200
1996-11-06,,,,112.4100
1996-11-07,,,,107.2900
1996-11-09,,,,94.3600
1996-11-10,,,,83.6000
1996-11-12,,,,79.5000
1996-11-13,,,,84.0700
1996-11-14,,,,83.7600
1996-11-15,,,,83.6700
1996-11-18,,,,84.0300
1996-11-19,,,,82.5900
1996-11-20,,,,82.6500
1996-11-21,,,,83.0400
1996-11-22,,,,83.2200
1996-11-25,,,,82.6900
1996-11-26,,,,83.4400
1996-11-27,,,,83.3600
1996-11-28,,,,83.0600
1996-11-29,,,,81.1100
1996-12-01,,,,95.9100
1996-12-02,,,,107.3600
1996-12-03,,,,77.3800
1996-12-04,,,,102.6300
1996-12-05,,,,76.9900
1996-12-06,,,,114.0100
1996-12-07,,,,106.8200
1996-12-08,,,,97.2700
1996-12-09,,,,94.1200
1996-12-10,,,,77.1000
1996-12-11,,,,79.5000
1996-12-12,,,,79.4300
1996-12-13,,,,78.7000
1996-12-16,,,,79.7500
1996-12-17,,,,78.7300
1996-12-18,,,,79.7500
1996-12-19,,,,80.9200
1996-12-20,,,,81.9500
1996-12-23,,,,83.0600
1996-12-24,,,,83.5000
1997-01-01,,,,87.8800
1997-01-02,,,,87.4900
1997-01-03,,,,113.0000
1997-01-04,,,,104.2000
1997-01-06,,,,89.3400
1997-01-07,,,,88.5100
1997-01-08,,,,208.3800
1997-01-09,,,,90.7500
1997-01-10,,,,93.3800
1997-01-12,,,,247.7000
1997-01-13,,,,94.0600
1997-01-14,,,,94.5800
1997-01-15,,,,99.4400
1997-01-16,,,,96.5700
1997-01-17,,,,94.9300
1997-01-20,,,,94.0600
1997-01-21,,,,92.6000
1997-01-22,,,,93.1200
1997-01-24,,,,93.0600
1997-01-27,,,,94.5800
1997-01-28,,,,94.5200
1997-01-29,,,,93.8200
1997-01-30,,,,93.6000
1997-01-31,,,,92.2700
1997-02-01,,,,87.4900
1997-02-03,,,,91.8400
1997-02-04,,,,92.4400
1997-02-05,,,,93.0700
1997-02-06,,,,93.4000
1997-02-07,,,,94.2500
1997-02-09,,,,229.1100
1997-02-10,,,,94.5300
1997-02-11,,,,95.1000
1997-02-12,,,,95.6200
1997-02-13,,,,95.9700
1997-02-14,,,,95.9200
1997-02-17,,,,97.9300
1997-02-18,,,,98.1300
1997-02-19,,,,98.9500
1997-02-20,,,,99.3100
1997-02-21,,,,97.7100
1997-02-24,,,,97.5100
1997-02-25,,,,97.4100
1997-02-26,,,,97.9300
1997-02-27,,,,99.4400
1997-02-28,,,,104.6000
1997-03-01,,,,113.0000
1997-03-02,,,,91.8400
1997-03-03,,,,117.1300
1997-03-04,,,,110.5800
1997-03-05,,,,117.7900
1997-03-06,,,,114.9400
1997-03-07,,,,159.0200
1997-03-09,,,,234.0100
1997-03-10,,,,262.7800
1997-03-11,,,,110.5800
1997-03-12,,,,111.8700
1997-03-13,,,,112.4400
1997-03-14,,,,111.8700
1997-03-17,,,,111.6000
1997-03-18,,,,109.6700
1997-03-19,,,,108.8200
1997-03-20,,,,108.3400
1997-03-21,,,,108.0800
1997-03-25,,,,110.8700
1997-03-26,,,,111.6100
1997-03-27,,,,112.2900
1997-03-28,,,,112.8800
1997-03-31,,,,104.9100
1997-04-01,,,,104.2000
1997-04-02,,,,92.4400
1997-04-03,,,,116.7700
1997-04-04,,,,113.1300
1997-04-06,,,,135.8500
1997-04-07,,,,161.5500
1997-04-08,,,,215.9800
1997-04-09,,,,235.1800
1997-04-10,,,,112.0700
1997-04-11,,,,254.6100
1997-04-12,,,,113.3700
1997-04-15,,,,114.8700
1997-04-17,,,,118.0900
1997-04-21,,,,122.2200
1997-04-22,,,,122.1500
1997-04-23,,,,124.7400
1997-04-24,,,,124.4500
1997-04-25,,,,124.8500
1997-04-28,,,,127.7400
1997-04-29,,,,128.5900
1997-04-30,,,,132.4900
1997-05-02,,,,132.3200
1997-05-03,,,,117.7900
1997-05-05,,,,128.9700
1997-05-06,,,,136.8200
1997-05-07,,,,129.2800
1997-05-08,,,,220.3200
1997-05-09,,,,131.9600
1997-05-11,,,,242.3000
1997-05-12,,,,133.4900
1997-05-13,,,,133.4300
1997-05-14,,,,134.1400
1997-05-15,,,,133.6800
1997-05-16,,,,135.2600
1997-05-19,,,,136.7200
1997-05-20,,,,135.7200
1997-05-21,,,,133.2300
1997-05-22,,,,132.0600
1997-05-23,,,,131.0100
1997-05-26,,,,131.7700
1997-05-27,,,,131.0500
1997-05-28,,,,130.1800
1997-05-29,,,,131.4800
1997-05-30,,,,133.0100
1997-06-01,,,,89.3400
1997-06-02,,,,133.6700
1997-06-03,,,,134.2400
1997-06-04,,,,135.8500
1997-06-05,,,,128.4900
1997-06-06,,,,136.8300
1997-06-08,,,,221.1900
1997-06-09,,,,137.0200
1997-06-10,,,,270.3200
1997-06-11,,,,238.6300
1997-06-12,,,,152.1600
1997-06-13,,,,152.4200
1997-06-16,,,,147.0600
1997-06-17,,,,150.9000
1997-06-18,,,,154.1600
1997-06-19,,,,152.7400
1997-06-20,,,,151.1300
1997-06-23,,,,149.2100
1997-06-24,,,,149.5400
1997-06-25,,,,149.6800
1997-06-26,,,,151.1000
1997-06-27,,,,150.2700
1997-06-30,,,,157.4800
1997-07-01,,,,88.5100
1997-07-02,,,,94.2500
1997-07-03,,,,159.0200
1997-07-04,,,,112.4200
1997-07-05,,,,129.2800
1997-07-07,,,,167.4800
1997-07-08,,,,165.6700
1997-07-09,,,,172.0900
1997-07-10,,,,267.7000
1997-07-11,,,,239.1200
1997-07-14,,,,180.4800
1997-07-15,,,,179.1800
1997-07-16,,,,183.7900
1997-07-17,,,,186.4300
1997-07-18,,,,182.2300
1997-07-21,,,,181.5500
1997-07-22,,,,187.9500
1997-07-23,,,,193.1600
1997-07-24,,,,189.8700
1997-07-25,,,,187.3500
1997-07-28,,,,192.8200
1997-07-29,,,,194.0300
1997-07-30,,,,195.6600
1997-07-31,,,,201.7500
1997-08-01,,,,208.3800
1997-08-04,,,,215.9800
1997-08-05,,,,220.3200
1997-08-06,,,,221.1900
1997-08-07,,,,165.6700
1997-08-08,,,,218.8100
1997-08-09,,,,262.5800
1997-08-10,,,,264.3000
1997-08-11,,,,222.3100
1997-08-12,,,,220.2300
1997-08-13,,,,218.9200
1997-08-14,,,,213.4500
1997-08-19,,,,217.7300
1997-08-20,,,,220.2900
1997-08-21,,,,218.0200
1997-08-22,,,,216.5300
1997-08-26,,,,221.6500
1997-08-27,,,,227.9900
1997-08-28,,,,221.9800
1997-08-29,,,,217.1400
1997-09-01,,,,90.7500
1997-09-02,,,,229.1100
1997-09-03,,,,234.0100
1997-09-04,,,,115.3400
1997-09-05,,,,131.9600
1997-09-06,,,,137.0200
1997-09-07,,,,172.0900
1997-09-08,,,,262.5800
1997-09-09,,,,267.6000
1997-09-10,,,,264.4100
1997-09-11,,,,255.4700
1997-09-12,,,,230.3700
1997-09-15,,,,253.2600
1997-09-16,,,,249.6600
1997-09-17,,,,244.4700
1997-09-18,,,,241.9300
1997-09-19,,,,244.0900
1997-09-22,,,,242.3800
1997-09-23,,,,246.7000
1997-09-24,,,,252.5300
1997-09-25,,,,257.6400
1997-09-26,,,,264.6300
1997-09-29,,,,269.9200
1997-09-30,,,,268.0700
1997-10-01,,,,269.3400
1997-10-02,,,,94.5300
1997-10-03,,,,262.7800
1997-10-04,,,,112.0700
1997-10-06,,,,148.7800
1997-10-07,,,,173.5900
1997-10-08,,,,264.3000
1997-10-09,,,,262.2500
1997-10-10,,,,269.0000
1997-10-11,,,,236.8000
1997-10-12,,,,234.9400
1997-10-13,,,,275.1900
1997-10-14,,,,267.2900
1997-10-15,,,,267.2000
1997-10-16,,,,266.0900
1997-10-17,,,,268.1600
1997-10-20,,,,284.7400
1997-10-21,,,,282.4400
1997-10-22,,,,282.4800
1997-10-23,,,,274.5600
1997-10-24,,,,268.7300
1997-10-27,,,,268.8200
1997-10-30,,,,264.6600
1997-11-02,,,,95.1000
1997-11-03,,,,110.5800
1997-11-04,,,,111.1300
1997-11-05,,,,242.3000
1997-11-06,,,,152.0400
1997-11-07,,,,179.9700
1997-11-08,,,,222.3100
1997-11-09,,,,255.4700
1997-11-10,,,,236.8000
1997-11-11,,,,239.4400
1997-11-12,,,,225.8200
1997-11-13,,,,229.2500
1997-11-14,,,,226.8800
1997-11-17,,,,225.7600
1997-11-18,,,,222.9200
1997-11-19,,,,222.4500
1997-11-20,,,,224.3400
1997-11-21,,,,229.7400
1997-11-24,,,,223.4300
1997-11-25,,,,231.3700
1997-11-26,,,,241.8000
1997-11-27,,,,249.1900
1997-11-28,,,,244.7400
1997-12-01,,,,247.7000
1997-12-02,,,,95.6200
1997-12-03,,,,111.8700
1997-12-04,,,,113.3700
1997-12-05,,,,133.4900
1997-12-06,,,,152.1600
1997-12-08,,,,220.2300
1997-12-09,,,,230.3700
1997-12-10,,,,234.9400
1997-12-11,,,,225.8200
1997-12-12,,,,224.5100
1997-12-15,,,,224.2400
1997-12-16,,,,227.3200
1997-12-17,,,,231.5100
1997-12-18,,,,232.7100
1997-12-19,,,,231.7100
1997-12-22,,,,236.9200
1997-12-23,,,,238.0700
1997-12-24,,,,236.9700
1997-12-26,,,,238.0700
1997-12-29,,,,240.7200
1997-12-30,,,,237.5300
1997-12-31,,,,239.9700
1998-01-01,,,,241.0400
1998-01-02,,,,242.9400
1998-01-04,,,,369.7600
1998-01-05,,,,248.8200
1998-01-06,,,,713.6800
1998-01-07,,,,585.3500
1998-01-08,,,,245.4500
1998-01-09,,,,239.0100
1998-01-12,5921.2200,5921.2200,5913.6100,591.3600
1998-01-13,,,,233.6100
1998-01-14,,,,238.4200
1998-01-15,,,,237.5900
1998-01-16,,,,237.6900
1998-01-19,,,,238.1500
1998-01-20,,,,236.8700
1998-01-21,,,,235.9200
1998-01-22,,,,235.6600
1998-01-23,,,,236.0800
1998-01-27,,,,235.6500
1998-01-28,,,,235.6900
1998-01-29,,,,232.4900
1998-02-01,,,,242.9400
1998-02-02,,,,237.6000
1998-02-03,,,,293.2700
1998-02-04,,,,231.9900
1998-02-05,,,,233.7100
1998-02-06,,,,686.2600
1998-02-07,,,,584.9000
1998-02-09,,,,635.4800
1998-02-10,,,,230.1300
1998-02-11,6404.6400,6404.6400,6385.4400,638.5400
1998-02-12,5911.0200,5912.8100,5911.0200,591.2800
1998-02-13,,,,231.5100
1998-02-16,,,,239.0800
1998-02-17,,,,238.1400
1998-02-18,,,,237.4900
1998-02-19,,,,239.0200
1998-02-20,,,,241.4800
1998-02-23,,,,254.8200
1998-02-24,,,,255.8200
1998-02-26,,,,269.1400
1998-02-27,,,,275.5300
1998-03-02,,,,293.2700
1998-03-03,,,,277.8900
1998-03-04,,,,375.9400
1998-03-05,,,,283.4500
1998-03-06,,,,283.1700
1998-03-07,,,,558.0300
1998-03-08,,,,634.4600
1998-03-09,,,,637.2300
1998-03-10,,,,283.0900
1998-03-11,,,,278.1000
1998-03-12,5890.5200,5896.2100,5890.5200,589.6200
1998-03-16,,,,285.2100
1998-03-17,,,,288.6600
1998-03-18,,,,296.6900
1998-03-19,,,,299.4300
1998-03-20,,,,305.2700
1998-03-23,,,,322.4000
1998-03-24,,,,323.3500
1998-03-25,,,,327.0100
1998-03-26,,,,319.9500
1998-03-27,,,,325.9200
1998-03-30,,,,335.5400
1998-03-31,,,,342.2200
1998-04-01,,,,369.7600
1998-04-02,,,,231.9900
1998-04-03,,,,287.2800
1998-04-05,,,,578.9000
1998-04-06,,,,650.2000
1998-04-07,,,,430.9100
1998-04-08,,,,621.3600
1998-04-09,,,,632.2100
1998-04-10,,,,449.2000
1998-04-12,,,,594.4100
1998-04-13,,,,465.1500
1998-04-15,,,,496.6800
1998-04-16,,,,508.2900
1998-04-17,,,,525.3100
1998-04-20,,,,566.0500
1998-04-21,,,,584.7400
1998-04-22,,,,539.1700
1998-04-23,,,,531.8300
1998-04-24,,,,516.5500
1998-04-27,,,,518.0300
1998-04-29,,,,524.0900
1998-04-30,,,,538.3900
1998-05-01,,,,248.8200
1998-05-02,,,,233.7100
1998-05-03,,,,283.4500
1998-05-04,,,,578.9000
1998-05-05,,,,582.1600
1998-05-06,,,,571.4200
1998-05-08,,,,630.9300
1998-05-10,6497.5000,6581.9900,6106.8500,610.6900
1998-05-11,6378.8600,6378.8600,6377.0800,637.7100
1998-05-12,,,,567.6800
1998-05-13,,,,541.3200
1998-05-14,,,,571.1700
1998-05-15,,,,570.1200
1998-05-18,,,,599.4900
1998-05-19,,,,619.7600
1998-05-20,,,,657.1700
1998-05-21,,,,635.4000
1998-05-22,,,,643.7900
1998-05-25,,,,664.5700
1998-05-26,,,,684.7000
1998-05-27,,,,709.1500
1998-05-28,,,,705.0800
1998-05-29,,,,691.9100
1998-06-01,,,,713.6800
1998-06-02,,,,686.2600
1998-06-03,,,,671.9300
1998-06-04,,,,650.2000
1998-06-05,,,,600.9000
1998-06-07,,,,590.8300
1998-06-08,,,,573.5200
1998-06-09,,,,595.9800
1998-06-10,6120.7500,6120.7500,6036.9000,603.6900
1998-06-11,6313.5700,6313.5700,6295.5100,629.5500
1998-06-12,,,,584.4100
1998-06-15,,,,537.2900
1998-06-16,,,,527.3200
1998-06-17,,,,562.3400
1998-06-18,,,,538.2200
1998-06-19,,,,522.1800
1998-06-22,,,,501.5900
1998-06-23,,,,506.5400
1998-06-24,,,,544.1100
1998-06-25,,,,559.3100
1998-06-26,,,,561.2500
1998-06-29,,,,598.4000
1998-06-30,,,,598.9900
1998-07-01,,,,249.4900
1998-07-02,,,,584.9000
1998-07-03,,,,558.0300
1998-07-04,,,,430.9100
1998-07-06,,,,590.8300
1998-07-07,,,,615.4600
1998-07-08,,,,633.4000
1998-07-09,,,,637.5300
1998-07-10,,,,635.3100
1998-07-12,,,,612.0500
1998-07-13,,,,615.5200
1998-07-14,,,,628.7900
1998-07-15,,,,641.4000
1998-07-16,,,,670.7800
1998-07-17,,,,666.3500
1998-07-20,,,,648.1800
1998-07-21,,,,638.9600
1998-07-22,,,,640.0300
1998-07-23,,,,612.9200
1998-07-24,,,,606.7600
1998-07-27,,,,607.8800
1998-07-28,,,,648.4100
1998-07-29,,,,655.8700
1998-07-30,,,,649.7600
1998-07-31,,,,651.4000
1998-08-01,,,,245.4500
1998-08-03,,,,634.4600
1998-08-04,,,,621.3600
1998-08-05,,,,630.9300
1998-08-06,,,,629.8800
1998-08-07,,,,642.2400
1998-08-09,,,,632.5400
1998-08-10,6218.4100,6218.4100,6139.6100,613.9600
1998-08-11,,,,644.7700
1998-08-12,,,,627.3300
1998-08-13,,,,635.9900
1998-08-14,,,,635.2100
1998-08-17,,,,630.1600
1998-08-18,,,,618.2900
1998-08-19,,,,632.8500
1998-08-20,,,,664.8500
1998-08-21,,,,653.1200
1998-08-24,,,,661.6600
1998-08-25,,,,666.1100
1998-08-27,,,,669.6100
1998-08-28,,,,653.7000
1998-08-31,,,,658.9600
1998-09-01,,,,626.5600
1998-09-02,,,,231.4300
1998-09-03,,,,287.5100
1998-09-04,,,,632.2100
1998-09-06,,,,595.9800
1998-09-07,,,,624.7900
1998-09-08,,,,632.5400
1998-09-09,,,,634.0900
1998-09-10,6158.4400,6158.4400,6149.6200,614.9600
1998-09-11,,,,628.2300
1998-09-12,,,,613.6300
1998-09-14,,,,603.1500
1998-09-15,,,,615.6800
1998-09-16,,,,616.9000
1998-09-17,,,,613.1800
1998-09-18,,,,615.3900
1998-09-21,,,,617.4800
1998-09-22,,,,617.4600
1998-09-23,,,,638.3600
1998-09-24,,,,642.3700
1998-09-25,,,,647.8200
1998-09-28,,,,649.7500
1998-09-29,6497.5000,6497.5000,6438.1500,643.8200
1998-09-30,6497.5000,6581.9900,6438.1500,658.2000
1998-10-02,,,,230.1300
1998-10-03,,,,283.0900
1998-10-04,,,,449.2000
1998-10-05,6497.5000,6581.9900,6106.8500,610.6900
1998-10-06,6120.7500,6120.7500,6036.9000,603.6900
1998-10-07,6036.9000,6353.9800,6036.9000,635.4000
1998-10-08,6218.4100,6218.4100,6139.6100,613.9600
1998-10-09,6158.4400,6158.4400,6149.6200,614.9600
1998-10-11,,,,635.7800
1998-10-12,6114.3000,6165.6200,6114.3000,616.5600
1998-10-13,6022.9800,6114.2700,6022.9800,611.4300
1998-10-14,6212.1200,6373.2000,6212.1200,637.3200
1998-10-15,,,,643.7900
1998-10-16,6407.3300,6407.3300,6402.5700,640.2600
1998-10-19,6371.0500,6371.0500,6347.7800,634.7800
1998-10-20,6249.8900,6249.8900,6190.2500,619.0300
1998-10-23,6315.0100,6399.5700,6315.0100,639.9600
1998-10-26,6496.8800,6544.6600,6496.8800,654.4700
1998-10-27,6538.6300,6538.6300,6485.4400,648.5400
1998-10-28,6434.7200,6456.6400,6434.7200,645.6600
1998-10-29,6488.6100,6488.6100,6469.9400,646.9900
1998-10-30,,,,640.4600
1998-11-02,6404.6400,6404.6400,6385.4400,638.5400
1998-11-03,6404.6400,6404.6400,6385.4400,638.8500
1998-11-05,6378.8600,6378.8600,6377.0800,637.7100
1998-11-06,6313.5700,6313.5700,6295.5100,629.5500
1998-11-08,,,,644.7700
1998-11-09,,,,628.2300
1998-11-10,,,,635.7800
1998-11-11,6307.9900,6307.9900,6258.5800,625.8600
1998-11-12,6296.9000,6296.9000,6266.9800,626.7000
1998-11-13,6245.4200,6245.4200,6207.2000,620.7200
1998-11-16,,,,611.6500
1998-11-17,6131.3100,6131.3100,6117.1500,611.7200
1998-11-18,6197.9700,6255.9400,6197.9700,625.5900
1998-11-19,6242.1900,6242.1900,6197.1600,619.7200
1998-11-20,,,,617.7400
1998-11-23,6116.3900,6116.3900,6082.6700,608.2700
1998-11-24,6086.0900,6086.0900,6070.1200,607.0100
1998-11-25,,,,603.7400
1998-11-26,5999.5800,5999.5800,5961.0900,596.1100
1998-11-27,5927.2700,5927.2700,5900.5700,590.0600
1998-11-30,,,,589.4100
1998-12-01,,,,232.3100
1998-12-02,5911.0200,5912.8100,5911.0200,591.2800
1998-12-03,5890.5200,5896.2100,5890.5200,589.6200
1998-12-04,,,,594.4100
1998-12-05,,,,567.6800
1998-12-06,,,,584.4100
1998-12-07,,,,612.0500
1998-12-08,,,,627.3300
1998-12-09,,,,613.6300
1998-12-10,6114.3000,6165.6200,6114.3000,616.5600
1998-12-11,6296.9000,6296.9000,6266.9800,626.7000
1998-12-14,6199.5100,6207.1800,6199.5100,620.7200
1998-12-15,6162.4200,6162.4200,6149.8400,614.9800
1998-12-16,6157.5400,6165.7600,6157.5400,616.5800
1998-12-17,6121.4700,6121.4700,6091.1800,609.1200
1998-12-18,6195.2500,6212.0700,6195.2500,621.2100
1998-12-21,6418.4400,6610.9300,6418.4400,661.0900
1998-12-22,6670.4800,6675.5100,6670.4800,667.5500
1998-12-23,6707.9200,6707.9200,6695.9300,669.5900
1998-12-24,6720.4200,6720.4200,6688.2500,668.8300
1998-12-28,6834.7200,6926.2100,6834.7200,692.6200
1998-12-29,6920.5200,6942.2800,6920.5200,694.2300
1998-12-30,6968.9500,6968.9500,6951.8700,695.1900
1998-12-31,6965.2000,7051.8200,6965.2000,705.1800
1999-01-01,7073.3800,7073.3800,7044.3700,704.4400
1999-01-02,11191.6600,11191.6600,10813.6300,1081.3600
1999-01-03,,,,1342.0700
1999-01-04,7124.8100,7320.7200,7124.8100,732.0700
1999-01-05,7392.0000,7576.8100,7392.0000,757.6800
1999-01-06,,,,1322.5200
1999-01-07,7909.2000,8011.8000,7909.2000,801.1800
1999-01-08,8186.9800,8317.4300,8186.9800,831.7400
1999-01-09,,,,1774.8500
1999-01-10,,,,2232.5000
1999-01-11,,,,1897.0700
1999-01-12,,,,2626.4300
1999-01-13,9295.9000,9611.3500,9295.9000,961.1400
1999-01-14,9827.8100,10141.8700,9827.8100,1014.1900
1999-01-15,10056.9400,10056.9400,9867.0000,986.7000
1999-01-18,9937.6000,9937.6000,9919.4600,991.9500
1999-01-19,10047.8900,10098.5800,10047.8900,1009.8600
1999-01-21,10377.1000,10742.3900,10377.1000,1074.2400
1999-01-22,10882.8300,11048.1300,10882.8300,1104.8100
1999-01-25,11027.3000,11363.1900,11027.3000,1136.3200
1999-01-27,11569.8100,11949.3900,11569.8100,1194.9400
1999-01-28,11702.0800,11702.0800,11387.8000,1138.7800
1999-01-29,11419.9200,11419.9200,11244.0700,1124.4100
1999-02-01,11191.6600,11191.6600,10813.6300,1081.3600
1999-02-02,10709.1700,10709.1700,10610.7000,1061.0700
1999-02-03,10761.2600,10854.0800,10761.2600,1085.4100
1999-02-04,10724.6000,10724.6000,10622.8300,1062.2800
1999-02-05,10772.7800,10772.7800,10720.0400,1072.0000
1999-02-06,,,,1334.0100
1999-02-07,,,,1360.6700
1999-02-08,10661.4200,10764.0300,10661.4200,1076.4000
1999-02-09,10983.9000,10983.9000,10941.0400,1094.1000
1999-02-10,10955.4000,11091.4300,10955.4000,1109.1400
1999-02-11,11099.9900,11137.1200,11099.9900,1113.7100
1999-02-12,11299.0100,11299.0100,11228.3000,1122.8300
1999-02-15,11206.2100,11223.1900,11206.2100,1122.3200
1999-02-16,11376.2000,11376.2000,11373.6800,1137.3700
1999-02-17,11602.1900,11661.1200,11602.1900,1166.1100
1999-02-18,11766.9300,11806.7100,11766.9300,1180.6700
1999-02-19,11725.0500,11725.0500,11697.0200,1169.7000
1999-02-22,,,,1135.7900
1999-02-23,11311.4000,11311.4000,11146.8000,1114.6800
1999-02-24,11157.6800,11447.8900,11157.6800,1144.7900
1999-02-25,11510.6100,11621.0400,11510.6100,1162.1000
1999-02-26,,,,1160.1800
1999-02-27,,,,1254.5300
1999-03-01,,,,1342.0700
1999-03-02,10761.2600,10854.0800,10761.2600,1085.4100
1999-03-03,,,,1416.9800
1999-03-04,,,,1360.3500
1999-03-05,,,,1177.9100
1999-03-06,,,,1345.0400
1999-03-08,,,,1703.2000
1999-03-09,,,,1380.4900
1999-03-10,,,,1378.8100
1999-03-11,,,,1352.6900
1999-03-12,,,,1433.1700
1999-03-15,,,,1499.3700
1999-03-16,,,,1507.6000
1999-03-17,,,,1457.7100
1999-03-19,,,,1402.8200
1999-03-22,,,,1415.6000
1999-03-23,,,,1389.3700
1999-03-24,,,,1333.1700
1999-03-26,,,,1302.1400
1999-03-30,,,,1335.8100
1999-03-31,,,,1408.1000
1999-04-01,7124.8100,7320.7200,7124.8100,732.0700
1999-04-02,10724.6000,10724.6000,10622.8300,1062.2800
1999-04-03,,,,1360.3500
1999-04-05,,,,1319.4600
1999-04-06,,,,1337.0300
1999-04-07,,,,1311.9800
1999-04-08,,,,1750.0700
1999-04-09,,,,1212.9200
1999-04-10,,,,2163.1800
1999-04-11,,,,2183.0300
1999-04-12,,,,1214.6200
1999-04-13,,,,1199.5300
1999-04-15,,,,1138.1000
1999-04-16,,,,1220.6300
1999-04-17,,,,1147.7300
1999-04-19,,,,1184.1400
1999-04-20,,,,1199.1100
1999-04-21,,,,1223.8900
1999-04-22,,,,1194.2100
1999-04-23,,,,1169.5500
1999-04-26,,,,1105.0400
1999-04-28,,,,1096.4100
1999-04-29,,,,1135.7500
1999-05-01,7392.0000,7576.8100,7392.0000,757.6800
1999-05-02,10772.7800,10772.7800,10720.0400,1072.0000
1999-05-03,,,,1369.2700
1999-05-04,,,,1319.4600
1999-05-05,,,,1324.0200
1999-05-06,,,,1372.2300
1999-05-07,,,,1387.2900
1999-05-08,,,,1722.3400
1999-05-10,,,,1362.2100
1999-05-11,,,,2257.1200
1999-05-12,,,,1330.9400
1999-05-13,,,,1352.5500
1999-05-14,,,,1351.6200
1999-05-17,,,,1313.9600
1999-05-18,,,,1338.5700
1999-05-19,,,,1325.7200
1999-05-20,,,,1366.4000
1999-05-21,,,,1356.6500
1999-05-24,,,,1353.3800
1999-05-25,,,,1370.3100
1999-05-26,,,,1342.5200
1999-05-27,,,,1310.5600
1999-05-28,,,,1283.8300
1999-05-31,,,,1331.8400
1999-06-01,7625.1800,7840.0400,7625.1800,784.0000
1999-06-02,,,,1334.0100
1999-06-03,,,,1345.0400
1999-06-04,,,,1297.7500
1999-06-05,,,,1372.2300
1999-06-07,,,,1399.6900
1999-06-08,,,,1739.6400
1999-06-09,,,,1326.9600
1999-06-10,,,,1330.5600
1999-06-11,,,,1305.5400
1999-06-12,,,,2743.0400
1999-06-14,,,,1268.1700
1999-06-15,,,,1233.0700
1999-06-16,,,,1234.5800
1999-06-17,,,,1243.3700
1999-06-18,,,,1228.1900
1999-06-21,,,,1295.9700
1999-06-22,,,,1326.0200
1999-06-23,,,,1325.9200
1999-06-24,,,,1328.2800
1999-06-25,,,,1337.6200
1999-06-28,,,,1370.7000
1999-06-29,,,,1366.9300
1999-06-30,,,,1357.5200
1999-07-01,7909.2000,8011.8000,7909.2000,801.1800
1999-07-02,,,,1360.6700
1999-07-04,,,,1311.9800
1999-07-05,,,,1387.2900
1999-07-06,,,,1299.4100
1999-07-07,,,,1393.4600
1999-07-08,,,,1367.6900
1999-07-09,,,,1376.6500
1999-07-10,,,,2461.2100
1999-07-11,,,,2287.5500
1999-07-12,,,,1441.4300
1999-07-13,,,,1437.3000
1999-07-14,,,,1489.4900
1999-07-15,,,,1505.3500
1999-07-16,,,,1515.4500
1999-07-19,,,,1633.3000
1999-07-20,,,,1544.1400
1999-07-21,,,,1543.0900
1999-07-22,,,,1527.2800
1999-07-23,,,,1505.4300
1999-07-26,,,,1549.6400
1999-07-27,,,,1537.2100
1999-07-28,,,,1616.4300
1999-07-29,,,,1651.8700
1999-07-30,,,,1648.9600
1999-08-01,8186.9800,8317.4300,8186.9800,831.7400
1999-08-02,,,,1693.6100
1999-08-03,,,,1703.2000
1999-08-04,,,,1750.0700
1999-08-05,,,,1722.3400
1999-08-06,,,,1739.6400
1999-08-07,,,,1367.6900
1999-08-09,,,,1817.7700
1999-08-10,,,,2509.7000
1999-08-11,,,,1744.1500
1999-08-12,,,,2842.6500
1999-08-13,,,,1727.5800
1999-08-16,,,,1766.2600
1999-08-17,,,,1781.2400
1999-08-18,,,,1811.6800
1999-08-19,,,,1788.0500
1999-08-20,,,,1773.7200
1999-08-23,,,,1789.6900
1999-08-24,,,,1796.0900
1999-08-25,,,,1787.6700
1999-08-26,,,,1799.8400
1999-08-27,,,,1799.8200
1999-08-30,,,,1788.6000
1999-08-31,,,,1791.1900
1999-09-01,,,,1774.8500
1999-09-02,10983.9000,10983.9000,10941.0400,1094.1000
1999-09-03,,,,1740.3900
1999-09-04,,,,1212.9200
1999-09-06,,,,1803.3300
1999-09-07,,,,1771.3400
1999-09-08,,,,1817.7700
1999-09-09,,,,1788.7400
1999-09-10,,,,1799.3000
1999-09-11,,,,2287.4800
1999-09-12,,,,2910.1000
1999-09-14,,,,1773.1000
1999-09-15,,,,1815.1900
1999-09-16,,,,1810.3000
1999-09-17,,,,1891.6200
1999-09-20,,,,1994.1400
1999-09-21,,,,2118.6400
1999-09-22,,,,2200.2200
1999-09-23,,,,2286.6600
1999-09-24,,,,2336.3800
1999-09-27,,,,2270.7900
1999-09-28,,,,2223.5300
1999-09-29,,,,2263.4400
1999-09-30,,,,2252.8200
1999-10-01,,,,2232.5000
1999-10-02,10955.4000,11091.4300,10955.4000,1109.1400
1999-10-03,,,,1378.8100
1999-10-04,,,,2163.1800
1999-10-05,,,,1362.2100
1999-10-06,,,,1330.5600
1999-10-07,,,,2461.2100
1999-10-08,,,,1698.1200
1999-10-09,,,,1799.3000
1999-10-11,,,,2333.5300
1999-10-12,,,,2991.2800
1999-10-13,,,,2525.9100
1999-10-14,,,,2503.4700
1999-10-15,,,,2389.5900
1999-10-18,,,,2363.1600
1999-10-20,,,,2407.2900
1999-10-21,,,,2292.1100
1999-10-22,,,,2213.9100
1999-10-23,,,,2245.9600
1999-10-25,,,,2111.4100
1999-10-26,,,,2215.1900
1999-10-27,,,,2195.9300
1999-10-28,,,,2122.8500
1999-10-29,,,,2033.0100
1999-11-01,,,,855.5000
1999-11-02,11099.9900,11137.1200,11099.9900,1113.7100
1999-11-03,,,,1352.6900
1999-11-04,,,,2183.0300
1999-11-05,,,,1372.8200
1999-11-06,,,,1305.5400
1999-11-07,,,,2287.5500
1999-11-08,,,,1744.1500
1999-11-09,,,,2287.4800
1999-11-10,,,,2333.5300
1999-11-11,,,,2272.7700
1999-11-12,,,,2272.3100
1999-11-15,,,,2245.0300
1999-11-16,,,,2235.9600
1999-11-17,,,,2213.8500
1999-11-18,,,,2279.2200
1999-11-19,,,,2324.5900
1999-11-22,,,,2432.2300
1999-11-24,,,,2504.3300
1999-11-25,,,,2547.6700
1999-11-26,,,,2574.8200
1999-11-29,,,,2561.4300
1999-11-30,,,,2546.8900
1999-12-01,8682.6800,8945.1000,8682.6800,894.5100
1999-12-02,,,,2619.8700
1999-12-03,,,,1433.1700
1999-12-04,,,,1214.6200
1999-12-05,,,,1330.9400
1999-12-06,,,,2743.0400
1999-12-07,,,,1441.4300
1999-12-08,,,,1761.8400
1999-12-09,,,,2910.1000
1999-12-10,,,,2991.2800
1999-12-11,,,,2272.3100
1999-12-13,,,,3106.7200
1999-12-14,,,,3174.6000
1999-12-15,,,,3027.4800
1999-12-16,,,,3127.6100
1999-12-17,,,,3159.3300
1999-12-20,,,,3271.0300
1999-12-21,,,,3397.2100
1999-12-22,,,,3654.4900
1999-12-23,,,,3808.7900
1999-12-24,,,,3831.5500
1999-12-27,,,,3755.6600
1999-12-28,,,,3863.5200
1999-12-29,,,,4054.9800
1999-12-30,,,,4174.2000
2000-01-02,,,,5282.8800
2000-01-03,,,,7974.2700
2000-01-04,,,,4822.1500
2000-01-05,,,,4643.0800
2000-01-06,,,,3178.2700
2000-01-07,,,,4110.6200
2000-01-08,,,,3437.2500
2000-01-10,,,,4167.4900
2000-01-11,,,,3897.0800
2000-01-12,,,,4009.8400
2000-01-13,,,,3893.1100
2000-01-14,,,,3898.0600
2000-01-17,,,,3998.6700
2000-01-18,,,,4018.4900
2000-01-19,,,,4204.0800
2000-01-20,,,,4205.3900
2000-01-21,,,,4449.8900
2000-01-24,,,,4588.7700
2000-01-25,,,,4794.6400
2000-01-27,,,,5014.7700
2000-01-28,,,,5263.4800
2000-01-31,,,,5070.5600
2000-02-01,,,,5282.8800
2000-02-02,,,,5534.8600
2000-02-03,,,,8476.3300
2000-02-04,,,,6156.9000
2000-02-05,,,,4113.3200
2000-02-06,,,,3416.1100
2000-02-07,,,,6295.7500
2000-02-08,,,,3435.9300
2000-02-09,,,,6357.3300
2000-02-10,,,,6728.8600
2000-02-11,,,,3297.0000
2000-02-14,,,,7571.8900
2000-02-15,,,,7702.4400
2000-02-16,,,,8085.3700
2000-02-17,,,,8599.1200
2000-02-18,,,,9002.7900
2000-02-21,,,,9550.1600
2000-02-22,,,,9090.9900
2000-02-23,,,,8508.2200
2000-02-24,,,,8223.0200
2000-02-25,,,,7727.5500
2000-02-28,,,,7628.2900
2000-02-29,,,,7453.7900
2000-03-01,,,,4501.5900
2000-03-02,,,,5794.2100
2000-03-03,,,,8269.6500
2000-03-04,,,,5992.6900
2000-03-05,,,,3822.6800
2000-03-06,,,,8560.0600
2000-03-07,,,,4503.1900
2000-03-08,,,,3342.3400
2000-03-09,,,,8178.7600
2000-03-10,,,,3638.2100
2000-03-11,,,,3369.1800
2000-03-13,,,,7395.1800
2000-03-14,,,,6843.0500
2000-03-15,,,,6695.3300
2000-03-16,,,,6290.2700
2000-03-21,,,,6090.7700
2000-03-22,,,,6510.0900
2000-03-23,,,,6552.7800
2000-03-24,,,,6891.9400
2000-03-27,,,,7117.9700
2000-03-28,,,,7343.3600
2000-03-29,,,,7554.5000
2000-03-30,,,,7050.5700
2000-03-31,,,,6524.0500
2000-04-01,,,,4822.1500
2000-04-02,,,,6156.9000
2000-04-03,,,,5992.6900
2000-04-04,,,,5513.4400
2000-04-05,,,,4181.0700
2000-04-06,,,,5616.3400
2000-04-07,,,,6004.1700
2000-04-08,,,,3136.1500
2000-04-09,,,,4492.8400
2000-04-10,,,,6484.5600
2000-04-11,,,,6648.7400
2000-04-12,,,,3459.0900
2000-04-13,,,,6060.1700
2000-04-17,,,,5568.6000
2000-04-18,,,,5176.3300
2000-04-19,,,,4913.6400
2000-04-20,,,,4988.5500
2000-04-24,,,,4696.7100
2000-04-25,,,,4576.2200
2000-04-26,,,,4844.1500
2000-04-27,,,,4673.3700
2000-04-28,,,,4508.5800
2000-05-01,,,,4643.0800
2000-05-02,,,,4113.3200
2000-05-03,,,,3822.6800
2000-05-04,,,,5501.1300
2000-05-05,,,,4532.7200
2000-05-06,,,,3643.4100
2000-05-07,,,,4486.6400
2000-05-08,,,,4123.8900
2000-05-09,,,,4423.1700
2000-05-10,,,,3600.7100
2000-05-11,,,,3779.1800
2000-05-12,,,,3541.1600
2000-05-15,,,,3638.0300
2000-05-16,,,,3639.6200
2000-05-17,,,,3580.9600
2000-05-18,,,,3439.9600
2000-05-19,,,,3314.5700
2000-05-22,,,,3016.7100
2000-05-23,,,,3089.9600
2000-05-24,,,,3026.2600
2000-05-25,,,,2992.3700
2000-05-26,,,,2791.5000
2000-05-29,,,,2773.2500
2000-05-30,,,,2956.3800
2000-05-31,,,,3239.4100
2000-06-01,,,,3178.2700
2000-06-02,,,,3416.1100
2000-06-03,,,,8560.0600
2000-06-04,,,,5616.3400
2000-06-05,,,,3643.4100
2000-06-06,,,,3839.6400
2000-06-07,,,,3893.4600
2000-06-08,,,,3991.5500
2000-06-09,,,,4404.8500
2000-06-10,,,,3598.3700
2000-06-11,,,,3350.4700
2000-06-12,,,,3860.8100
2000-06-13,,,,3849.5300
2000-06-14,,,,3930.7400
2000-06-15,,,,4111.3600
2000-06-16,,,,4343.4800
2000-06-19,,,,4464.8800
2000-06-20,,,,4538.5400
2000-06-21,,,,4287.0700
2000-06-22,,,,4317.6300
2000-06-23,,,,4106.3200
2000-06-26,,,,4173.7400
2000-06-27,,,,4123.5900
2000-06-28,,,,4219.4700
2000-06-29,,,,4231.4000
2000-06-30,,,,4241.1000
2000-07-01,,,,4110.6200
2000-07-02,,,,6295.7500
2000-07-03,,,,4503.1900
2000-07-04,,,,4572.4500
2000-07-05,,,,4486.6400
2000-07-06,,,,3893.4600
2000-07-07,,,,4346.1300
2000-07-08,,,,3158.7100
2000-07-09,,,,4407.3100
2000-07-10,,,,4301.8400
2000-07-11,,,,4189.2900
2000-07-12,,,,4369.0400
2000-07-13,,,,4163.4700
2000-07-14,,,,4070.8900
2000-07-17,,,,3992.2000
2000-07-18,,,,3885.1400
2000-07-19,,,,3819.8400
2000-07-20,,,,3823.3100
2000-07-21,,,,3712.5200
2000-07-24,,,,3359.1600
2000-07-25,,,,3655.9400
2000-07-26,,,,3375.8200
2000-07-27,,,,3517.8600
2000-07-28,,,,3523.2600
2000-07-31,,,,3458.7200
2000-08-01,,,,3437.2500
2000-08-02,,,,6189.5200
2000-08-03,,,,8555.2600
2000-08-04,,,,3136.1500
2000-08-05,,,,4123.8900
2000-08-06,,,,3991.5500
2000-08-07,,,,3158.7100
2000-08-08,,,,3487.5200
2000-08-09,,,,4470.3700
2000-08-10,,,,3435.7400
2000-08-11,,,,3468.2300
2000-08-12,,,,3656.1900
2000-08-14,,,,3500.6500
2000-08-16,,,,3692.6700
2000-08-17,,,,3589.5000
2000-08-18,,,,3775.2200
2000-08-21,,,,3874.0500
2000-08-22,,,,3974.0200
2000-08-23,,,,3906.0000
2000-08-24,,,,4136.9000
2000-08-25,,,,4135.7300
2000-08-28,,,,4049.5500
2000-08-29,,,,4108.9700
2000-08-30,,,,4177.3600
2000-08-31,,,,4297.9400
2000-09-02,,,,6357.3300
2000-09-03,,,,8178.7600
2000-09-04,,,,4492.8400
2000-09-05,,,,4295.9100
2000-09-06,,,,4404.8500
2000-09-07,,,,4407.3100
2000-09-08,,,,3580.1200
2000-09-10,,,,3486.7500
2000-09-11,,,,4406.4000
2000-09-12,,,,4432.5600
2000-09-13,,,,4417.4200
2000-09-14,,,,4359.4500
2000-09-15,,,,4155.3100
2000-09-18,,,,3855.2300
2000-09-19,,,,3772.4700
2000-09-20,,,,3860.1300
2000-09-21,,,,3697.6500
2000-09-22,,,,3443.7000
2000-09-25,,,,3824.9700
2000-09-26,,,,3651.1100
2000-09-27,,,,3689.2400
2000-09-28,,,,3617.9000
2000-09-29,,,,3628.6000
2000-10-01,,,,4167.4900
2000-10-02,,,,6728.8600
2000-10-03,,,,3638.2100
2000-10-04,,,,3679.6700
2000-10-05,,,,4133.1200
2000-10-06,,,,3598.3700
2000-10-07,,,,4301.8400
2000-10-08,,,,3435.7400
2000-10-09,,,,3486.7500
2000-10-10,,,,3373.3800
2000-10-11,,,,3361.3000
2000-10-12,,,,3226.2300
2000-10-13,,,,3034.2300
2000-10-16,,,,3066.1700
2000-10-17,,,,2966.1500
2000-10-18,,,,2800.9800
2000-10-19,,,,3107.2400
2000-10-20,,,,3204.8500
2000-10-23,,,,3039.0600
2000-10-24,,,,3121.8800
2000-10-25,,,,3205.2700
2000-10-26,,,,3207.3500
2000-10-27,,,,3236.4800
2000-10-30,,,,3155.6900
2000-10-31,,,,3230.9500
2000-11-01,,,,3297.0400
2000-11-02,,,,3297.0000
2000-11-03,,,,3369.1800
2000-11-04,,,,6648.7400
2000-11-05,,,,3779.1800
2000-11-06,,,,3350.4700
2000-11-07,,,,4189.2900
2000-11-08,,,,3468.2300
2000-11-09,,,,3463.3100
2000-11-10,,,,3361.3000
2000-11-12,,,,3682.0800
2000-11-13,,,,3140.6900
2000-11-14,,,,3306.8400
2000-11-15,,,,3330.3700
2000-11-16,,,,3324.2800
2000-11-17,,,,3353.7400
2000-11-20,,,,3420.5700
2000-11-21,,,,3454.6700
2000-11-22,,,,3330.8300
2000-11-23,,,,3340.8000
2000-11-24,,,,3377.2500
2000-11-27,,,,3481.2300
2000-11-28,,,,3429.5400
2000-11-29,,,,3426.3900
2000-11-30,,,,3338.2200
2000-12-01,,,,4009.8400
2000-12-04,,,,6524.5900
2000-12-05,,,,3563.7100
2000-12-06,,,,3860.8100
2000-12-07,,,,4369.0400
2000-12-08,,,,3656.1900
2000-12-09,,,,4432.5600
2000-12-10,,,,3226.2300
2000-12-11,,,,3682.0800
2000-12-12,,,,3690.4300
2000-12-13,,,,3776.7600
2000-12-14,,,,3684.0400
2000-12-15,,,,3482.0100
2000-12-18,,,,3475.1900
2000-12-19,,,,3339.4800
2000-12-20,,,,3260.7600
2000-12-21,,,,3122.8200
2000-12-22,,,,2851.9900
2000-12-26,,,,2734.7600
2000-12-27,,,,2801.8700
2000-12-28,,,,2837.5100
2000-12-29,,,,2938.3500
2001-01-01,,,,2878.3600
2001-01-02,,,,2931.7600
2001-01-03,,,,2795.1100
2001-01-04,,,,3144.6500
2001-01-05,,,,3300.3500
2001-01-06,,,,1876.5500
2001-01-08,,,,1595.6800
2001-01-09,,,,3171.7200
2001-01-10,,,,1061.5000
2001-01-11,,,,1226.1400
2001-01-12,,,,3059.1000
2001-01-15,,,,3104.5500
2001-01-16,,,,3064.8800
2001-01-17,,,,3097.0300
2001-01-18,,,,3203.0500
2001-01-19,,,,3453.4300
2001-01-22,,,,3453.4800
2001-01-23,,,,3414.2400
2001-01-24,,,,3455.4700
2001-01-25,,,,3413.8800
2001-01-29,,,,3296.9400
2001-01-30,,,,3437.1700
2001-01-31,,,,3389.7000
2001-02-01,,,,3337.2200
2001-02-02,,,,3406.5100
2001-02-03,,,,2433.4400
2001-02-04,,,,1702.4000
2001-02-05,,,,3369.7400
2001-02-06,,,,3399.7100
2001-02-07,,,,3314.7800
2001-02-08,,,,3369.3400
2001-02-09,,,,3357.3000
2001-02-11,,,,1194.1400
2001-02-12,,,,3387.3700
2001-02-13,,,,3376.7900
2001-02-14,,,,3326.0300
2001-02-15,,,,3385.6400
2001-02-16,,,,3257.2000
2001-02-19,,,,3288.3900
2001-02-20,,,,3250.9000
2001-02-21,,,,3119.9100
2001-02-22,,,,3013.3100
2001-02-23,,,,2888.0300
2001-02-26,,,,2915.5800
2001-02-27,,,,2798.5700
2001-02-28,,,,3011.6700
2001-03-01,,,,2795.1100
2001-03-02,,,,2433.4400
2001-03-04,,,,1719.0400
2001-03-05,,,,2350.6000
2001-03-07,,,,2514.5100
2001-03-08,,,,1669.6300
2001-03-09,,,,2268.2200
2001-03-10,,,,960.8400
2001-03-12,,,,1963.3400
2001-03-13,,,,1774.6200
2001-03-14,,,,1980.0900
2001-03-15,,,,2095.3000
2001-03-16,,,,2047.6700
2001-03-19,,,,2011.0100
2001-03-20,,,,1977.9800
2001-03-21,,,,2000.6900
2001-03-22,,,,1892.1000
2001-03-23,,,,1804.8900
2001-03-26,,,,1840.6200
2001-03-27,,,,1928.6200
2001-03-28,,,,1974.6600
2001-03-29,,,,1872.0900
2001-03-30,,,,1746.8200
2001-04-01,,,,3144.6500
2001-04-02,,,,1702.4000
2001-04-03,,,,1719.0400
2001-04-04,,,,1643.3700
2001-04-05,,,,1847.7100
2001-04-06,,,,1775.4300
2001-04-07,,,,1549.8900
2001-04-09,,,,1591.5200
2001-04-10,,,,1542.7800
2001-04-11,,,,1299.0200
2001-04-12,,,,1792.5400
2001-04-16,,,,1318.1500
2001-04-17,,,,1384.1600
2001-04-18,,,,1601.0500
2001-04-19,,,,1676.5200
2001-04-20,,,,1738.6400
2001-04-23,,,,1698.2200
2001-04-24,,,,1826.7300
2001-04-25,,,,1791.6000
2001-04-26,,,,1710.9800
2001-04-27,,,,1523.9600
2001-04-30,,,,1726.7400
2001-05-01,,,,3300.3500
2001-05-02,,,,3369.7400
2001-05-03,,,,2350.6000
2001-05-04,,,,1847.7100
2001-05-06,,,,1793.2700
2001-05-07,,,,1510.4700
2001-05-08,,,,1975.3200
2001-05-09,,,,1848.4800
2001-05-10,,,,1846.7800
2001-05-11,,,,1850.0000
2001-05-12,,,,1922.6300
2001-05-14,,,,1841.2400
2001-05-15,,,,1866.5300
2001-05-16,,,,1846.8900
2001-05-17,,,,1900.0800
2001-05-18,,,,1889.1000
2001-05-21,,,,1902.9700
2001-05-22,,,,1954.3800
2001-05-23,,,,2023.3500
2001-05-24,,,,2020.7300
2001-05-25,,,,2041.4300
2001-05-28,,,,2087.7700
2001-05-29,,,,2079.6300
2001-05-30,,,,1940.4600
2001-05-31,,,,1898.2600
2001-06-01,,,,1876.5500
2001-06-02,,,,3399.7100
2001-06-04,,,,1775.4300
2001-06-05,,,,1793.2700
2001-06-06,,,,1828.4200
2001-06-07,,,,1846.7800
2001-06-08,,,,1908.5100
2001-06-09,,,,1525.7100
2001-06-11,,,,1262.0800
2001-06-12,,,,1903.6700
2001-06-13,,,,1900.6100
2001-06-14,,,,1833.2900
2001-06-15,,,,1715.5700
2001-06-18,,,,1704.3300
2001-06-19,,,,1714.5900
2001-06-20,,,,1657.6100
2001-06-21,,,,1670.2700
2001-06-22,,,,1634.8300
2001-06-25,,,,1478.5200
2001-06-26,,,,1585.9900
2001-06-27,,,,1609.1700
2001-06-28,,,,1608.7500
2001-06-29,,,,1630.2200
2001-07-02,,,,3314.7800
2001-07-03,,,,1500.1500
2001-07-04,,,,1549.8900
2001-07-05,,,,1916.6200
2001-07-06,,,,1846.7800
2001-07-08,,,,1636.1200
2001-07-09,,,,1548.8900
2001-07-10,,,,1478.8600
2001-07-11,,,,1223.4600
2001-07-12,,,,1651.2000
2001-07-13,,,,1582.3300
2001-07-16,,,,1579.3300
2001-07-17,,,,1565.9900
2001-07-18,,,,1610.8700
2001-07-19,,,,1599.3400
2001-07-20,,,,1599.5000
2001-07-23,,,,1552.3600
2001-07-24,,,,1559.2200
2001-07-25,,,,1542.7500
2001-07-26,,,,1530.7900
2001-07-27,,,,1530.4900
2001-07-30,,,,1533.4000
2001-07-31,,,,1597.2800
2001-08-01,,,,1595.6800
2001-08-02,,,,1648.9600
2001-08-03,,,,1669.6300
2001-08-05,,,,1975.3200
2001-08-06,,,,1645.2100
2001-08-07,,,,1636.1200
2001-08-08,,,,1632.7500
2001-08-09,,,,1599.3000
2001-08-10,,,,1555.8100
2001-08-11,,,,1234.6200
2001-08-13,,,,1542.1800
2001-08-14,,,,1601.9500
2001-08-16,,,,1626.6600
2001-08-17,,,,1588.8500
2001-08-20,,,,1594.4900
2001-08-21,,,,1582.7600
2001-08-23,,,,1593.8400
2001-08-24,,,,1644.3200
2001-08-27,,,,1693.4700
2001-08-28,,,,1679.5600
2001-08-29,,,,1652.0900
2001-08-30,,,,1668.0900
2001-08-31,,,,1572.4400
2001-09-01,,,,3171.7200
2001-09-02,,,,3357.3000
2001-09-03,,,,2268.2200
2001-09-04,,,,1613.1900
2001-09-05,,,,1848.4800
2001-09-06,,,,1525.7100
2001-09-07,,,,1548.8900
2001-09-08,,,,1599.3000
2001-09-10,,,,1012.9700
2001-09-11,,,,1570.6300
2001-09-12,,,,1486.5100
2001-09-13,,,,1453.2500
2001-09-14,,,,1319.5300
2001-09-17,,,,1142.6900
2001-09-18,,,,1139.3200
2001-09-19,,,,1080.3800
2001-09-20,,,,1046.6300
2001-09-21,,,,975.4400
2001-09-24,,,,1086.0000
2001-09-25,,,,1069.8200
2001-09-26,,,,1175.6000
2001-09-27,,,,1065.9200
2001-09-28,,,,1090.2200
2001-10-01,,,,3104.7900
2001-10-03,,,,960.8400
2001-10-04,,,,1542.7800
2001-10-05,,,,1846.7800
2001-10-07,,,,1478.8600
2001-10-08,,,,1555.8100
2001-10-09,,,,1536.0600
2001-10-10,,,,1071.1200
2001-10-11,,,,1145.0800
2001-10-12,,,,1180.3800
2001-10-15,,,,1152.4000
2001-10-16,,,,1224.7400
2001-10-17,,,,1271.0200
2001-10-18,,,,1201.0900
2001-10-19,,,,1232.9900
2001-10-22,,,,1262.5000
2001-10-23,,,,1276.8100
2001-10-24,,,,1254.3000
2001-10-25,,,,1253.2500
2001-10-29,,,,1261.9400
2001-10-30,,,,1196.6000
2001-10-31,,,,1213.9700
2001-11-01,,,,1226.1400
2001-11-02,,,,1194.1400
2001-11-04,,,,1299.0200
2001-11-05,,,,1850.0000
2001-11-06,,,,1878.7100
2001-11-07,,,,1546.5200
2001-11-08,,,,1234.6200
2001-11-09,,,,1257.7600
2001-11-10,,,,1145.0800
2001-11-12,,,,1270.5500
2001-11-13,,,,1259.2900
2001-11-14,,,,1285.2900
2001-11-15,,,,1398.2200
2001-11-19,,,,1513.3800
2001-11-20,,,,1527.5400
2001-11-21,,,,1541.7600
2001-11-22,,,,1562.6600
2001-11-23,,,,1560.5700
2001-11-26,,,,1700.9800
2001-11-27,,,,1694.1300
2001-11-28,,,,1654.2800
2001-11-29,,,,1677.8800
2001-12-01,,,,3059.1000
2001-12-02,,,,3387.3700
2001-12-03,,,,1694.2100
2001-12-04,,,,1189.7700
2001-12-05,,,,1922.6300
2001-12-06,,,,1903.6700
2001-12-07,,,,1651.2000
2001-12-09,,,,1486.5100
2001-12-10,,,,1180.3800
2001-12-11,,,,1270.5500
2001-12-12,,,,1959.5700
2001-12-13,,,,1903.5000
2001-12-14,,,,1862.1400
2001-12-18,,,,1820.0300
2001-12-19,,,,1763.8900
2001-12-20,,,,1840.7400
2001-12-21,,,,1770.6000
2001-12-24,,,,1866.9900
2001-12-26,,,,1754.4900
2001-12-27,,,,1674.8600
2001-12-28,,,,1766.9600
2001-12-31,,,,1828.2200
2002-01-01,,,,1807.2900
2002-01-02,,,,1848.9100
2002-01-03,,,,1926.1200
2002-01-04,,,,2022.9900
2002-01-07,,,,2094.4800
2002-01-08,,,,2127.9900
2002-01-09,,,,1995.5700
2002-01-10,,,,1526.7400
2002-01-11,,,,1782.9300
2002-01-14,,,,1852.4300
2002-01-15,,,,1827.9800
2002-01-16,,,,1861.7200
2002-01-17,,,,1945.6400
2002-01-18,,,,1823.9700
2002-01-21,,,,1823.3200
2002-01-22,,,,1824.5700
2002-01-23,,,,1787.7000
2002-01-24,,,,1781.4600
2002-01-25,,,,1779.7900
2002-01-28,,,,1729.5200
2002-01-29,,,,1762.6700
2002-01-30,,,,1744.7900
2002-01-31,,,,1836.2800
2002-02-01,,,,1848.9100
2002-02-04,,,,1805.9700
2002-02-05,,,,1779.8800
2002-02-06,,,,1925.0800
2002-02-07,,,,1810.9600
2002-02-08,,,,1331.4000
2002-02-09,,,,1568.4600
2002-02-11,,,,1842.0600
2002-02-12,,,,1888.5600
2002-02-13,,,,1872.7200
2002-02-14,,,,1903.0500
2002-02-15,,,,1865.2600
2002-02-18,,,,1860.3900
2002-02-19,,,,1860.5100
2002-02-20,,,,1810.5500
2002-02-21,,,,1812.3800
2002-02-22,,,,1825.5000
2002-02-25,,,,1836.6000
2002-02-26,,,,1873.1800
2002-02-27,,,,1877.5600
2002-02-28,,,,1755.4400
2002-03-01,,,,1926.1200
2002-03-04,,,,1778.6200
2002-03-05,,,,1807.5900
2002-03-06,,,,1689.5200
2002-03-07,,,,2022.9400
2002-03-08,,,,2033.4400
2002-03-09,,,,1523.3800
2002-03-10,,,,1530.3800
2002-03-11,,,,2000.3400
2002-03-12,,,,1906.0400
2002-03-13,,,,1948.8300
2002-03-14,,,,1941.7500
2002-03-15,,,,1944.9000
2002-03-18,,,,1949.3200
2002-03-19,,,,1908.0400
2002-03-20,,,,1898.0500
2002-03-21,,,,1883.1900
2002-03-22,,,,1873.9800
2002-03-26,,,,1815.4100
2002-03-27,,,,1822.5800
2002-03-28,,,,1855.7800
2002-04-01,,,,2022.9900
2002-04-02,,,,1791.2200
2002-04-03,,,,1778.6200
2002-04-04,,,,1866.3100
2002-04-05,,,,1838.6300
2002-04-06,,,,1678.5300
2002-04-07,,,,1654.7600
2002-04-08,,,,1807.4900
2002-04-09,,,,1535.9500
2002-04-10,,,,1903.6800
2002-04-11,,,,1928.1700
2002-04-12,,,,1788.8600
2002-04-15,,,,1908.2800
2002-04-16,,,,1890.1500
2002-04-17,,,,1963.0800
2002-04-18,,,,1989.5100
2002-04-19,,,,1867.2700
2002-04-22,,,,1880.8800
2002-04-23,,,,1865.9000
2002-04-24,,,,1866.6100
2002-04-25,,,,1818.7000
2002-04-26,,,,1816.5100
2002-04-29,,,,1758.0400
2002-04-30,,,,1793.6800
2002-05-02,,,,1779.8800
2002-05-03,,,,1926.6400
2002-05-04,,,,1838.6300
2002-05-06,,,,1810.9400
2002-05-07,,,,1663.7900
2002-05-08,,,,1347.1800
2002-05-09,,,,1878.5600
2002-05-10,,,,1851.5400
2002-05-11,,,,1616.5400
2002-05-12,,,,1821.2800
2002-05-13,,,,1855.5300
2002-05-14,,,,1851.8000
2002-05-15,,,,1839.7000
2002-05-16,,,,1796.7200
2002-05-17,,,,1801.9800
2002-05-20,,,,1761.6100
2002-05-21,,,,1718.0800
2002-05-22,,,,1719.0800
2002-05-23,,,,1710.4400
2002-05-24,,,,1780.5400
2002-05-27,,,,1758.7100
2002-05-28,,,,1693.0300
2002-05-29,,,,1724.4700
2002-05-30,,,,1712.8400
2002-05-31,,,,1682.8300
2002-06-02,,,,1925.0800
2002-06-03,,,,1689.5200
2002-06-04,,,,1678.5300
2002-06-05,,,,1720.2100
2002-06-06,,,,1702.6300
2002-06-07,,,,1648.8700
2002-06-08,,,,1363.8100
2002-06-09,,,,1514.5000
2002-06-10,,,,1716.6300
2002-06-11,,,,1769.0200
2002-06-12,,,,1740.9500
2002-06-13,,,,1739.4800
2002-06-14,,,,1728.8300
2002-06-17,,,,1722.4600
2002-06-18,,,,1671.2900
2002-06-19,,,,1635.6000
2002-06-20,,,,1661.0000
2002-06-21,,,,1640.1300
2002-06-24,,,,1647.6900
2002-06-25,,,,1648.0700
2002-06-26,,,,1604.5200
2002-06-27,,,,1631.6700
2002-06-28,,,,1656.1800
2002-07-01,,,,1675.8900
2002-07-02,,,,1662.2100
2002-07-03,,,,2022.9400
2002-07-04,,,,1654.7600
2002-07-05,,,,1817.0900
2002-07-06,,,,1648.8700
2002-07-08,,,,1376.7500
2002-07-09,,,,1667.0200
2002-07-10,,,,1520.1900
2002-07-11,,,,1576.8500
2002-07-12,,,,1588.4600
2002-07-15,,,,1560.1800
2002-07-16,,,,1532.7500
2002-07-17,,,,1544.5500
2002-07-18,,,,1563.8300
2002-07-19,,,,1527.4700
2002-07-22,,,,1464.7400
2002-07-23,,,,1520.1200
2002-07-24,,,,1480.3900
2002-07-25,,,,1479.5400
2002-07-26,,,,1395.5500
2002-07-29,,,,1385.5100
2002-07-30,,,,1355.5700
2002-07-31,,,,1365.2900
2002-08-01,,,,1361.9400
2002-08-02,,,,1331.4000
2002-08-03,,,,2033.4400
2002-08-04,,,,1807.4900
2002-08-05,,,,1347.1800
2002-08-06,,,,1363.8100
2002-08-07,,,,1376.7500
2002-08-08,,,,1365.0500
2002-08-09,,,,1393.2800
2002-08-10,,,,1554.8000
2002-08-11,,,,1620.2300
2002-08-12,,,,1420.3500
2002-08-13,,,,1411.4100
2002-08-14,,,,1387.3800
2002-08-16,,,,1393.0400
2002-08-19,,,,1407.9000
2002-08-20,,,,1475.3700
2002-08-21,,,,1486.0100
2002-08-22,,,,1464.9500
2002-08-23,,,,1503.6600
2002-08-26,,,,1518.7700
2002-08-27,,,,1461.2100
2002-08-28,,,,1465.9800
2002-08-29,,,,1489.9100
2002-08-30,,,,1554.3500
2002-09-01,,,,1995.5700
2002-09-02,,,,1568.4600
2002-09-03,,,,1523.3800
2002-09-04,,,,1799.1400
2002-09-05,,,,1548.3600
2002-09-06,,,,1514.5000
2002-09-07,,,,1667.0200
2002-09-08,,,,1393.2800
2002-09-09,,,,1634.1500
2002-09-10,,,,1521.5100
2002-09-11,,,,1610.4400
2002-09-12,,,,1604.5700
2002-09-13,,,,1565.1600
2002-09-16,,,,1553.1100
2002-09-17,,,,1609.1800
2002-09-18,,,,1560.5500
2002-09-19,,,,1545.2200
2002-09-20,,,,1543.5200
2002-09-23,,,,1539.5700
2002-09-24,,,,1502.9200
2002-09-25,,,,1542.4800
2002-09-26,,,,1553.5400
2002-09-27,,,,1568.6400
2002-09-30,,,,1527.3000
2002-10-01,,,,1875.0800
2002-10-03,,,,1530.3800
2002-10-04,,,,1524.8100
2002-10-05,,,,1851.5400
2002-10-06,,,,1716.6300
2002-10-07,,,,1520.1900
2002-10-08,,,,1554.8000
2002-10-09,,,,1521.5100
2002-10-10,,,,1549.7800
2002-10-11,,,,1618.9800
2002-10-12,,,,1857.6300
2002-10-14,,,,1624.6800
2002-10-16,,,,1633.7100
2002-10-17,,,,1654.2200
2002-10-18,,,,1654.1300
2002-10-21,,,,1635.3500
2002-10-22,,,,1609.0000
2002-10-23,,,,1597.1600
2002-10-24,,,,1582.1600
2002-10-25,,,,1557.1100
2002-10-28,,,,1536.4000
2002-10-29,,,,1567.9900
2002-10-30,,,,1565.4600
2002-10-31,,,,1570.2700
2002-11-01,,,,1782.9300
2002-11-02,,,,1842.0600
2002-11-03,,,,2000.3400
2002-11-04,,,,1928.1700
2002-11-05,,,,1616.5400
2002-11-06,,,,1769.0200
2002-11-07,,,,1576.8500
2002-11-08,,,,1620.2300
2002-11-09,,,,1610.4400
2002-11-10,,,,1618.9800
2002-11-11,,,,1599.2100
2002-11-12,,,,1883.3300
2002-11-13,,,,1645.6000
2002-11-14,,,,1697.5400
2002-11-15,,,,1771.2000
2002-11-18,,,,1749.4300
2002-11-20,,,,1784.1100
2002-11-21,,,,1821.3000
2002-11-22,,,,1829.7100
2002-11-25,,,,1825.8500
2002-11-26,,,,1836.2700
2002-11-27,,,,1833.7900
2002-11-28,,,,1885.7000
2002-11-29,,,,1890.9900
2002-12-02,,,,1888.5600
2002-12-03,,,,1906.0400
2002-12-04,,,,1930.7600
2002-12-05,,,,1821.2800
2002-12-06,,,,1740.9500
2002-12-07,,,,1588.4600
2002-12-08,,,,1420.3500
2002-12-09,,,,1841.9400
2002-12-10,,,,1857.6300
2002-12-11,,,,1883.3300
2002-12-12,,,,1915.0400
2002-12-13,,,,1913.0700
2002-12-16,,,,1866.5700
2002-12-17,,,,1861.4300
2002-12-18,,,,1854.1600
2002-12-19,,,,1843.5100
2002-12-20,,,,1862.1000
2002-12-23,,,,1842.4800
2002-12-24,,,,1880.9900
2002-12-26,,,,1900.0400
2002-12-27,,,,1896.7600
2002-12-30,,,,1902.1300
2002-12-31,,,,1907.3400
2003-01-01,,,,1927.4700
2003-01-02,,,,1896.7400
2003-01-03,,,,1904.9500
2003-01-04,,,,1496.7100
2003-01-06,,,,1914.8100
2003-01-07,,,,1898.1400
2003-01-08,,,,1910.6100
2003-01-09,,,,1911.5400
2003-01-10,17186.6500,17570.2000,17092.7500,1735.7400
2003-01-12,20767.5500,21815.5000,20767.5500,2170.6600
2003-01-13,,,,1767.9300
2003-01-14,,,,1815.4900
2003-01-15,,,,1840.4700
2003-01-16,,,,1837.3600
2003-01-17,,,,1816.9000
2003-01-20,,,,1777.4300
2003-01-21,,,,1758.3400
2003-01-22,,,,1779.5400
2003-01-23,,,,1728.4000
2003-01-24,,,,1683.9500
2003-01-27,,,,1624.3100
2003-01-28,,,,1661.8600
2003-01-29,,,,1633.8700
2003-01-30,,,,1652.7900
2003-01-31,,,,1662.4700
2003-02-01,,,,1896.7400
2003-02-03,,,,1719.9000
2003-02-04,,,,1708.6400
2003-02-05,,,,1162.2800
2003-02-06,,,,1133.2300
2003-02-07,,,,1266.3600
2003-02-09,15311.9000,15601.1000,15187.2500,1554.4300
2003-02-10,,,,1675.1600
2003-02-11,,,,1653.8700
2003-02-12,21785.5000,22023.3000,21172.7000,2144.9300
2003-02-14,,,,1629.6500
2003-02-17,,,,1693.0800
2003-02-18,,,,1680.5600
2003-02-19,,,,1679.3900
2003-02-20,,,,1689.7000
2003-02-21,,,,1679.9300
2003-02-24,,,,1674.3100
2003-02-25,,,,1643.7800
2003-02-26,,,,1628.8300
2003-02-27,,,,1634.1900
2003-02-28,,,,1710.9200
2003-03-01,,,,1904.9500
2003-03-02,,,,1719.9000
2003-03-03,,,,1687.5700
2003-03-04,,,,1649.3600
2003-03-05,,,,1657.2300
2003-03-06,,,,1627.6100
2003-03-07,,,,1587.2800
2003-03-09,15779.9000,15901.8000,15171.8000,1527.5300
2003-03-10,,,,1577.3800
2003-03-11,,,,1592.2500
2003-03-12,,,,1560.9800
2003-03-13,,,,1565.0000
2003-03-17,,,,1550.3500
2003-03-19,,,,1583.1500
2003-03-20,,,,1631.6500
2003-03-21,,,,1653.4300
2003-03-22,,,,1684.2400
2003-03-24,,,,1639.8300
2003-03-25,,,,1613.7300
2003-03-26,,,,1616.3400
2003-03-27,,,,1602.6300
2003-03-28,,,,1580.5400
2003-03-31,,,,1496.6900
2003-04-01,,,,1496.7100
2003-04-02,,,,1708.6400
2003-04-03,,,,1649.3600
2003-04-04,,,,1582.5400
2003-04-06,,,,1140.7000
2003-04-07,,,,1246.0000
2003-04-08,,,,1417.3100
2003-04-09,,,,1530.5900
2003-04-10,,,,1226.7800
2003-04-11,19796.2000,20213.4500,19727.2000,1987.0300
2003-04-12,21475.9000,21591.9500,21136.6000,2140.7800
2003-04-15,,,,1204.7300
2003-04-16,,,,1214.0000
2003-04-17,,,,1157.9700
2003-04-21,,,,1183.4800
2003-04-22,,,,1179.8500
2003-04-23,,,,1173.0200
2003-04-24,,,,1185.4000
2003-04-25,,,,1183.5400
2003-04-28,,,,1168.9300
2003-04-29,,,,1156.5200
2003-04-30,,,,1135.1100
2003-05-02,,,,1162.2800
2003-05-03,,,,1657.2300
2003-05-05,,,,1186.1500
2003-05-06,,,,1176.3900
2003-05-07,,,,1214.7800
2003-05-08,,,,1386.5600
2003-05-09,16436.2500,16778.1000,16371.1500,1671.2600
2003-05-11,19898.5000,19916.8500,19471.4500,1977.0000
2003-05-12,21420.8000,21455.2000,20640.9000,2070.8600
2003-05-13,,,,1187.3200
2003-05-14,,,,1191.4500
2003-05-15,,,,1197.8400
2003-05-16,,,,1227.5800
2003-05-19,,,,1170.9500
2003-05-20,,,,1183.5000
2003-05-21,,,,1143.8500
2003-05-22,,,,1107.0300
2003-05-23,,,,1094.7200
2003-05-26,,,,1083.8200
2003-05-27,,,,1077.7600
2003-05-28,,,,1123.9200
2003-05-29,,,,1121.8200
2003-05-30,,,,1099.3400
2003-06-01,,,,1914.8100
2003-06-02,,,,1735.8100
2003-06-03,,,,1627.6100
2003-06-04,,,,1140.7000
2003-06-05,,,,1202.3700
2003-06-06,,,,1194.1600
2003-06-08,,,,1338.4900
2003-06-09,,,,1181.3500
2003-06-10,,,,1154.5200
2003-06-11,,,,1170.8600
2003-06-12,,,,1185.9900
2003-06-13,,,,1191.0800
2003-06-16,,,,1182.3300
2003-06-17,,,,1237.2600
2003-06-18,,,,1247.4600
2003-06-19,,,,1237.9700
2003-06-20,,,,1242.8300
2003-06-23,,,,1242.2500
2003-06-24,,,,1228.1000
2003-06-25,,,,1237.2700
2003-06-26,,,,1264.0800
2003-06-27,,,,1295.2100
2003-06-30,,,,1300.2400
2003-07-01,,,,1296.5100
2003-07-02,,,,1720.0300
2003-07-03,,,,1587.2800
2003-07-04,,,,1611.3700
2003-07-05,,,,1214.7800
2003-07-07,,,,1254.3300
2003-07-08,,,,1294.6500
2003-07-09,,,,1287.2700
2003-07-10,,,,1424.8100
2003-07-11,20147.1000,20413.6500,19605.9500,1974.3000
2003-07-14,,,,1366.1100
2003-07-15,,,,1321.3800
2003-07-16,,,,1352.0100
2003-07-17,,,,1325.0900
2003-07-18,,,,1299.4600
2003-07-21,,,,1259.7900
2003-07-22,,,,1275.4200
2003-07-23,,,,1316.1000
2003-07-24,,,,1330.7400
2003-07-25,,,,1351.5800
2003-07-28,,,,1371.0400
2003-07-29,,,,1371.8200
2003-07-30,,,,1371.9000
2003-07-31,,,,1367.5900
2003-08-01,,,,1409.8900
2003-08-04,,,,1417.3100
2003-08-05,,,,1386.5600
2003-08-06,,,,1338.4900
2003-08-07,,,,1294.6500
2003-08-08,,,,1372.1000
2003-08-09,16755.5500,17102.8000,16755.5500,1702.2700
2003-08-10,17223.1000,17337.5000,16693.6000,1695.7500
2003-08-11,,,,1351.7400
2003-08-12,,,,1322.1200
2003-08-13,,,,1328.7400
2003-08-14,,,,1307.1600
2003-08-18,,,,1325.3500
2003-08-19,,,,1335.0100
2003-08-20,,,,1387.6700
2003-08-21,,,,1412.9700
2003-08-22,,,,1393.8000
2003-08-25,13933.4500,14193.3500,13142.6000,1352.3000
2003-08-26,13527.6500,14105.6000,13527.6500,1399.7400
2003-08-27,14156.9500,14593.9500,14156.9500,1452.7300
2003-08-28,14623.9000,15151.7000,14623.9000,1504.9200
2003-08-29,15071.2000,15546.5500,14932.6000,1505.6300
2003-09-01,15057.8500,15360.1000,15050.7500,1528.4000
2003-09-02,15311.9000,15601.1000,15187.2500,1554.4300
2003-09-03,15779.9000,15901.8000,15171.8000,1527.5300
2003-09-04,15340.2000,16467.5000,15340.2000,1635.8300
2003-09-05,,,,1185.0900
2003-09-06,,,,1181.3500
2003-09-07,,,,1287.2700
2003-09-08,16755.5500,17102.8000,16755.5500,1702.2700
2003-09-09,17074.4500,17617.1000,17074.4500,1731.3600
2003-09-10,17042.7500,17388.8500,17037.2000,1723.6500
2003-09-11,16842.0000,16910.9500,16552.8000,1663.8500
2003-09-12,16767.8000,16968.3000,16140.2000,1626.4600
2003-09-15,16189.0500,16236.0500,15317.3000,1541.2800
2003-09-16,15342.5500,16323.8500,15261.1500,1624.0800
2003-09-17,16614.3500,16847.3000,16272.3500,1641.4100
2003-09-18,16426.7500,16432.8500,15789.4000,1586.8000
2003-09-19,16032.5000,16296.5500,15679.2000,1614.5000
2003-09-22,16248.2000,16367.8000,16043.1500,1610.0000
2003-09-23,16039.6000,16197.1500,15775.5000,1613.8300
2003-09-24,16206.0500,16838.3500,16200.1500,1679.1400
2003-09-25,16689.2000,16804.8500,16464.1500,1666.4300
2003-09-26,16635.0500,17239.7000,16604.0000,1719.8500
2003-09-29,17177.3000,17380.4000,17042.9500,1710.7100
2003-09-30,17204.7000,17392.1000,17143.2500,1731.5600
2003-10-01,,,,1788.5500
2003-10-02,,,,1675.1600
2003-10-03,17384.2500,17629.6500,17142.4000,1719.5900
2003-10-04,,,,1226.7800
2003-10-06,16302.0000,17522.9000,16302.0000,1739.3500
2003-10-07,17406.1500,17614.5000,17135.1500,1720.0100
2003-10-08,17223.1000,17337.5000,16693.6000,1695.7500
2003-10-09,17042.7500,17388.8500,17037.2000,1723.6500
2003-10-10,17521.8500,18319.8500,17446.8000,1823.1000
2003-10-11,19760.7000,19760.7000,19182.8500,1963.9100
2003-10-12,21215.2000,21494.5000,21002.0500,2135.0900
2003-10-13,18354.0000,18837.4500,18354.0000,1864.7000
2003-10-14,18778.9000,18902.0000,18286.4500,1837.8300
2003-10-15,18346.5000,18551.9000,18001.5000,1842.5900
2003-10-16,18489.3000,18674.0500,18265.3500,1840.5800
2003-10-17,18629.9500,18969.4000,18494.6000,1892.6800
2003-10-20,18929.1000,18952.7000,18326.6500,1843.6900
2003-10-21,18658.2500,18658.2500,17759.8000,1786.3900
2003-10-22,17872.8000,18027.8000,17305.2000,1743.4200
2003-10-23,17471.4000,17554.1000,17006.1000,1706.9900
2003-10-24,17098.9500,17854.8500,17086.7500,1777.5900
2003-10-25,17999.9000,18116.6500,17826.7500,1786.1700
2003-10-27,17853.5000,17853.5000,17194.3000,1723.5000
2003-10-28,17347.9500,17588.1000,17212.9000,1738.2200
2003-10-29,17431.9000,17697.3500,17412.0500,1761.7600
2003-10-30,17686.5500,17861.3000,17589.3500,1767.2900
2003-10-31,17589.2000,18602.6500,17584.3000,1855.0600
2003-11-02,,,,1653.8700
2003-11-03,,,,1592.2500
2003-11-04,19796.2000,20213.4500,19727.2000,1987.0300
2003-11-05,19898.5000,19916.8500,19471.4500,1977.0000
2003-11-06,19769.3500,20358.1000,19769.3500,2015.3800
2003-11-07,20147.1000,20413.6500,19605.9500,1974.3000
2003-11-08,,,,1351.7400
2003-11-09,16842.0000,16910.9500,16552.8000,1663.8500
2003-11-10,19760.7000,19760.7000,19182.8500,1963.9100
2003-11-11,19638.2000,19840.3500,19394.4000,1963.9800
2003-11-12,19653.6500,20025.9000,19576.3500,1981.4400
2003-11-13,19899.3500,20138.2000,19123.2000,1931.0200
2003-11-14,19299.2000,19410.7000,18882.5000,1897.0300
2003-11-15,18981.4000,19120.3500,18765.7500,1896.6100
2003-11-17,19132.7000,19338.5500,18896.1000,1922.5600
2003-11-18,19218.3500,19499.3000,18917.3500,1904.1400
2003-11-19,18924.6000,19335.5500,18791.2000,1914.9300
2003-11-20,19356.8500,19505.6000,18914.1000,1899.1000
2003-11-21,18968.3500,19465.7000,18924.1500,1935.6600
2003-11-24,19448.3000,19574.2500,19163.5500,1945.6900
2003-11-25,19720.7000,19838.5000,19688.2000,1980.2400
2003-11-27,19861.6000,20552.3500,19861.6000,2045.9100
2003-11-28,20461.1500,20742.6500,20422.8500,2064.4800
2003-12-01,20767.5500,21815.5000,20767.5500,2170.6600
2003-12-02,,,,1644.1500
2003-12-03,21461.8500,21563.0500,21291.3500,2146.7600
2003-12-04,21475.9000,21591.9500,21136.6000,2140.7800
2003-12-05,21420.8000,21455.2000,20640.9000,2070.8600
2003-12-06,,,,1185.9900
2003-12-08,20648.1500,20884.6000,20480.6000,2079.1000
2003-12-09,16767.8000,16968.3000,16140.2000,1626.4600
2003-12-10,21215.2000,21494.5000,21002.0500,2135.0900
2003-12-11,19653.6500,20025.9000,19576.3500,1981.4400
2003-12-12,21756.6500,21868.6000,21510.0000,2169.8800
2003-12-15,21857.8000,22359.4500,21857.8000,2228.7800
2003-12-16,22241.3000,22500.4000,21912.3000,2240.5000
2003-12-17,22022.8000,22319.1000,22022.8000,2217.8600
2003-12-18,22218.3000,22486.7500,22186.9500,2238.1600
2003-12-19,22430.7500,22833.1500,22430.7500,2264.5800
2003-12-22,22635.4500,22749.1500,22487.9500,2269.3600
2003-12-23,22706.0000,22896.1000,22588.8000,2265.2100
2003-12-24,22673.7500,23054.0500,22530.5000,2296.5400
2003-12-26,22967.2000,23137.1500,22890.3500,2299.2500
2003-12-29,23026.7000,23679.8000,23026.7000,2361.5700
2003-12-30,23645.9000,24164.0500,23379.8500,2356.2300
2003-12-31,23550.1500,23802.5500,23406.7500,2354.2300
2004-01-01,23625.3500,23996.0500,23625.3500,2391.1900
2004-01-02,23929.5500,24168.1500,23868.8000,2398.7200
2004-01-03,20734.6000,21267.6500,20717.9000,2122.5500
2004-01-04,19386.9500,19937.5500,19386.9500,1982.4400
2004-01-05,24039.8000,24365.3500,23928.1500,2423.4300
2004-01-06,2044.7500,2089.9500,2044.7500,2061.0500
2004-01-07,23570.2500,23682.0500,23040.9500,2335.7400
2004-01-08,23442.3000,24281.3500,23442.3000,2415.7500
2004-01-09,24758.6000,25317.6000,23970.7000,2422.6700
2004-01-10,2495.9500,2537.7000,2495.9500,2527.8000
2004-01-11,2661.3000,2689.0000,2640.8000,2681.4000
2004-01-12,24571.1500,24517.1500,23571.9500,2381.9600
2004-01-13,23765.2500,24071.9500,23582.7000,2396.2100
2004-01-14,23990.3500,24273.1000,23904.6000,2396.7000
2004-01-15,23955.5000,24104.2000,23132.3000,2329.6100
2004-01-16,23217.5500,23263.2500,22555.9500,2287.4400
2004-01-19,22971.7500,23319.3500,22631.1000,2319.5900
2004-01-20,23265.4000,23572.2500,22587.9500,2279.6000
2004-01-21,22972.4000,23251.8000,21883.9500,2212.3800
2004-01-22,22156.7000,22805.4500,21345.9500,2161.2100
2004-01-23,21748.1000,22959.2500,21748.1000,2283.8100
2004-01-27,23113.7000,23257.3000,22283.5500,2313.5200
2004-01-28,23126.3000,23126.3000,22059.6500,2239.1300
2004-01-29,22461.9500,22461.9500,21503.2500,2175.9500
2004-01-30,21790.0500,21916.0500,21279.3500,2137.0400
2004-02-01,23929.5500,24168.1500,23868.8000,2398.7200
2004-02-03,21415.4500,21551.6000,20720.5500,2083.6100
2004-02-04,20840.6500,21308.6500,20731.9500,2124.1100
2004-02-05,21230.4000,21740.2000,20983.0500,2123.9400
2004-02-06,21204.2500,21749.7000,21204.2500,2170.0900
2004-02-07,2141.4500,2161.4500,2110.2500,2140.7500
2004-02-08,2270.9000,2275.6000,2248.1500,2258.7000
2004-02-09,2347.8500,2386.5500,2347.8500,2372.3000
2004-02-10,22388.0500,22417.0500,21833.6500,2201.7200
2004-02-11,2677.3000,2682.6000,2656.9500,2670.5500
2004-02-12,22175.6500,22312.9500,21635.5500,2178.6300
2004-02-13,21797.2500,22186.4500,21759.9500,2215.0000
2004-02-16,22167.9000,22365.9000,22080.4000,2212.6300
2004-02-17,22127.5500,22238.4000,21949.4500,2219.3000
2004-02-18,22340.2500,22457.6000,21935.9000,2200.2200
2004-02-19,22017.5500,22017.5500,20905.2500,2100.3400
2004-02-20,20934.6500,21264.6500,20485.8500,2087.5200
2004-02-23,20898.8500,21085.8500,20443.5500,2053.2700
2004-02-24,20479.5500,20545.0000,19916.4000,2044.6600
2004-02-25,21229.1000,21229.1000,20113.0000,2022.5400
2004-02-26,20282.3500,20577.2000,19799.8500,1992.0600
2004-02-27,19936.1500,20727.1000,19923.6500,2059.9200
2004-03-01,20734.6000,21267.6500,20717.9000,2122.5500
2004-03-02,21415.4500,21551.6000,20720.5500,2083.6100
2004-03-03,21229.9500,21243.4000,20860.5500,2107.2800
2004-03-04,21113.4500,21492.2500,21045.5000,2122.1300
2004-03-05,21249.1500,21349.8500,20956.4500,2108.5100
2004-03-06,2091.0500,2100.5000,2003.5000,2012.8000
2004-03-08,21080.4500,21127.5500,20571.7000,2062.7900
2004-03-09,2374.1500,2395.5000,2369.0000,2390.1000
2004-03-10,20187.6000,20422.2000,19964.8000,2028.2200
2004-03-11,2673.9500,2753.8000,2673.9500,2737.6000
2004-03-12,2951.5000,2953.7500,2904.0500,2914.6500
2004-03-15,20558.2000,20924.7000,19850.8500,2003.4300
2004-03-16,19866.2500,20214.9500,19694.2000,2012.4800
2004-03-17,20187.2500,20406.5000,20141.4000,2030.7000
2004-03-18,20326.5500,20429.0500,19718.2500,1981.0900
2004-03-19,19795.5000,20473.3500,19795.5000,2029.4300
2004-03-22,20313.3000,20313.3000,19520.3000,1959.7900
2004-03-23,19503.7500,20039.1000,19228.4000,1981.6400
2004-03-24,19781.0500,19811.4500,19363.7500,1955.6300
2004-03-25,19570.7000,20076.2500,19535.2000,1980.7400
2004-03-26,19892.6500,20501.3000,19892.6500,2040.1400
2004-03-29,20396.9500,20465.7500,19989.2000,2017.7100
2004-03-30,20199.8000,20413.5500,19624.4500,1969.4600
2004-03-31,19667.3000,19791.5500,19245.1500,1937.2900
2004-04-01,19386.9500,19937.5500,19386.9500,1982.4400
2004-04-02,19800.9000,19932.7500,19533.7500,1966.5500
2004-04-03,21113.4500,21492.2500,21045.5000,2122.1300
2004-04-05,20649.7000,21042.1000,20649.7000,2099.8700
2004-04-06,2013.1000,2042.6000,1985.6500,2033.8500
2004-04-07,20474.9000,20668.8000,20312.4000,2058.0900
2004-04-08,2265.8000,2265.8000,2229.9500,2239.4000
2004-04-10,2543.2500,2593.9000,2543.2500,2587.4500
2004-04-11,2745.3000,2786.2000,2736.6500,2744.5000
2004-04-12,20795.7000,20915.7500,20336.1500,2047.0200
2004-04-13,20743.9500,22019.8500,20743.8500,2192.3600
2004-04-15,22119.4500,22119.4500,21573.9500,2168.5300
2004-04-16,21943.6000,22119.0500,21863.6000,2192.9900
2004-04-17,21989.3000,22005.3500,21819.2500,2185.9400
2004-04-19,21869.1000,21869.1000,21362.0500,2152.2900
2004-04-20,21570.5500,21747.2000,21533.2500,2163.1500
2004-04-21,21547.7500,21794.5000,21409.6500,2170.2900
2004-04-22,21717.8000,21832.0000,21639.4500,2168.4700
2004-04-23,21588.7500,21843.7500,21475.9500,2153.3700
2004-04-27,21475.1500,21475.1500,20721.0000,2080.8800
2004-04-28,20809.0500,20954.4500,20528.6500,2059.6700
2004-04-29,20591.2500,20751.5500,20403.4400,2052.1300
2004-04-30,20403.7500,20888.5000,20403.7500,2068.7000
2004-05-01,24039.8000,24365.3500,23928.1500,2423.4300
2004-05-02,21230.4000,21740.2000,20983.0500,2123.9400
2004-05-03,21249.1500,21349.8500,20956.4500,2108.5100
2004-05-04,20649.7000,21042.1000,20649.7000,2099.8700
2004-05-05,21000.1500,21275.2500,21000.1500,2118.0500
2004-05-06,21252.5500,21403.9000,21167.3000,2123.8400
2004-05-07,2144.7000,2166.4500,2129.2500,2137.1000
2004-05-08,2242.0000,2306.6000,2239.8500,2300.5000
2004-05-10,2599.3500,2609.5000,2577.2500,2594.5500
2004-05-11,2793.9000,2805.8500,2733.4500,2759.3000
2004-05-12,19995.3500,20333.5500,19977.1500,2019.9300
2004-05-13,20211.5500,21080.4500,19397.8500,2077.8800
2004-05-14,20784.4000,21071.1000,20112.3500,2025.8100
2004-05-17,20207.1500,20207.1500,17171.2000,1753.9900
2004-05-18,17571.8000,20073.1000,17571.8000,1974.9900
2004-05-19,19820.0500,20288.6500,19640.4500,1999.6800
2004-05-20,20002.3500,20723.0500,19715.8500,1976.9000
2004-05-21,19762.4500,19951.0000,19379.5000,1987.2900
2004-05-24,19894.1000,21504.1500,19877.7500,2142.5800
2004-05-25,21417.9500,21636.6500,20768.6500,2140.1600
2004-05-26,21469.3000,21599.3500,21111.6000,2124.1500
2004-05-27,21179.7000,21478.4500,20982.8500,2126.4200
2004-05-28,2132.0500,2139.4000,1989.1000,2011.2500
2004-05-31,2008.1500,2063.5000,1955.7000,2042.1500
2004-06-01,2044.7500,2089.9500,2044.7500,2061.0500
2004-06-02,21204.2500,21749.7000,21204.2500,2170.0900
2004-06-03,2091.0500,2100.5000,2003.5000,2012.8000
2004-06-04,2013.1000,2042.6000,1985.6500,2033.8500
2004-06-05,21252.5500,21403.9000,21167.3000,2123.8400
2004-06-07,2133.0000,2153.4500,2114.1000,2146.8500
2004-06-08,2058.4500,2060.2000,2015.0500,2028.5000
2004-06-09,2027.6500,2047.0500,2021.0500,2031.8000
2004-06-10,2589.2500,2589.2500,2541.0500,2550.5000
2004-06-11,2061.8500,2064.8500,2001.6000,2008.1000
2004-06-12,2921.2500,2938.2000,2876.2500,2888.2000
2004-06-14,2007.4500,2013.6500,1950.5000,1955.6000
2004-06-15,1955.9000,2003.2000,1952.0500,1992.3500
2004-06-16,1994.2500,2016.9000,1988.4000,1999.9500
2004-06-17,1999.9000,2026.3500,1989.5500,2020.1000
2004-06-18,2025.1000,2046.7000,2004.1500,2028.3000
2004-06-21,2032.0500,2067.7000,2031.1500,2059.3500
2004-06-22,2063.6000,2065.0500,2041.3500,2061.8000
2004-06-23,2060.2500,2080.6000,2028.2000,2036.1500
2004-06-24,2042.7000,2096.0500,2030.2000,2088.1500
2004-06-25,2075.7500,2113.8500,2074.4000,2105.7000
2004-06-28,2111.5500,2172.3000,2111.5500,2168.5000
2004-06-29,2173.5500,2179.1000,2133.6500,2148.1000
2004-06-30,2147.8500,2162.1500,2109.6000,2115.2000
2004-07-01,23570.2500,23682.0500,23040.9500,2335.7400
2004-07-02,2141.4500,2161.4500,2110.2500,2140.7500
2004-07-04,20474.9000,20668.8000,20312.4000,2058.0900
2004-07-05,21241.8500,21241.8500,20736.7000,2078.8200
2004-07-06,2066.5000,2067.8000,2017.9000,2035.7500
2004-07-07,2138.9000,2148.3500,2082.3000,2092.0500
2004-07-08,2092.0500,2135.1000,2031.1000,2054.5000
2004-07-09,2027.7500,2077.9000,1967.4500,2072.3500
2004-07-10,2557.5000,2589.3500,2548.3500,2580.2500
2004-07-12,2074.4000,2103.0000,2063.5500,2076.3500
2004-07-13,2098.6000,2129.3500,2075.4500,2091.4000
2004-07-14,2093.8500,2137.6000,2093.8500,2123.6500
2004-07-15,2133.7500,2165.8500,2124.7500,2161.4500
2004-07-16,2164.9500,2194.0000,2151.9500,2186.1000
2004-07-19,2186.3000,2209.8500,2177.9000,2192.6500
2004-07-20,2190.5000,2190.5000,2155.3500,2160.4000
2004-07-21,2161.4500,2186.3000,2149.0500,2168.0500
2004-07-22,2186.5500,2194.1500,2158.6000,2169.4000
2004-07-23,2182.4000,2214.4000,2178.5500,2185.2000
2004-07-26,2176.8000,2187.3500,2155.7000,2180.6500
2004-07-27,2192.6000,2207.8000,2168.6000,2174.8000
2004-07-28,2178.1000,2217.5500,2178.1000,2209.7500
2004-07-29,2212.2500,2255.0000,2203.3500,2246.8500
2004-07-30,2252.9500,2289.0000,2249.5000,2269.2000
2004-08-01,23442.3000,24281.3500,23442.3000,2415.7500
2004-08-02,2270.9000,2275.6000,2248.1500,2258.7000
2004-08-03,21080.4500,21127.5500,20571.7000,2062.7900
2004-08-04,21018.9500,21018.9500,20689.7000,2073.7400
2004-08-05,2242.0000,2306.6000,2239.8500,2300.5000
2004-08-06,2058.4500,2060.2000,2015.0500,2028.5000
2004-08-07,2092.0500,2135.1000,2031.1000,2054.5000
2004-08-09,2250.3000,2284.5500,2228.3500,2281.2500
2004-08-10,2582.3000,2608.2000,2582.3000,2602.9000
2004-08-11,2292.0500,2316.4000,2255.2000,2264.8500
2004-08-12,2905.1000,2905.1000,2860.6000,2865.8500
2004-08-13,2233.5500,2243.5500,2204.1500,2210.8500
2004-08-16,2212.6500,2232.6000,2202.1000,2226.6500
2004-08-17,2228.1000,2257.9500,2225.2500,2234.5500
2004-08-18,2234.8500,2250.9000,2222.8000,2231.9500
2004-08-19,2247.4500,2293.9000,2247.4500,2289.3500
2004-08-20,2290.1000,2304.1000,2275.3000,2294.3000
2004-08-23,2296.0500,2338.0000,2293.8500,2303.4000
2004-08-24,2304.4500,2333.7000,2304.4500,2325.1500
2004-08-25,2334.5500,2341.0500,2284.2000,2296.2000
2004-08-26,2289.6500,2323.7000,2289.6500,2318.2500
2004-08-27,2318.5500,2322.0000,2299.7000,2318.2000
2004-08-30,2324.6000,2344.1500,2317.8500,2340.2500
2004-08-31,2340.5500,2352.9000,2323.2500,2340.1500
2004-09-01,24758.6000,25317.6000,23970.7000,2422.6700
2004-09-02,21845.4500,22445.2000,21845.4500,2233.0700
2004-09-03,2374.1500,2395.5000,2369.0000,2390.1000
2004-09-06,2391.6500,2413.8500,2391.6500,2405.6000
2004-09-07,2405.8000,2429.3500,2398.4500,2424.2000
2004-09-08,2250.3000,2284.5500,2228.3500,2281.2500
2004-09-09,2426.2500,2432.4500,2402.9000,2416.2000
2004-09-10,2423.0000,2450.7000,2415.6500,2444.5500
2004-09-11,2769.1500,2802.4500,2764.4000,2791.8500
2004-09-12,2865.7000,2897.9500,2861.6000,2871.2500
2004-09-13,2442.9000,2480.4000,2442.9000,2459.9000
2004-09-14,2460.8500,2506.5000,2455.3000,2501.7000
2004-09-15,2502.7000,2512.2000,2470.2000,2480.4500
2004-09-16,2470.1500,2490.4000,2459.7000,2487.8500
2004-09-17,2489.5000,2493.0000,2470.2500,2483.4500
2004-09-20,2479.8500,2479.8500,2441.3000,2445.8500
2004-09-21,2447.8500,2502.9000,2443.5500,2498.8000
2004-09-22,2503.6000,2516.8500,2479.0000,2503.6500
2004-09-23,2493.8000,2493.8000,2447.0000,2452.9500
2004-09-24,2448.8000,2464.0500,2421.3500,2429.1000
2004-09-27,2430.7500,2439.7500,2411.0000,2430.5500
2004-09-28,2423.2500,2424.6500,2396.6500,2400.7000
2004-09-29,2410.2000,2448.6500,2401.8500,2445.2500
2004-09-30,2466.8500,2502.8500,2453.6000,2496.2000
2004-10-01,2495.9500,2537.7000,2495.9500,2527.8000
2004-10-02,22388.0500,22417.0500,21833.6500,2201.7200
2004-10-03,20187.6000,20422.2000,19964.8000,2028.2200
2004-10-04,2543.2500,2593.9000,2543.2500,2587.4500
2004-10-05,2599.3500,2609.5000,2577.2500,2594.5500
2004-10-06,2589.2500,2589.2500,2541.0500,2550.5000
2004-10-07,2557.5000,2589.3500,2548.3500,2580.2500
2004-10-08,2582.3000,2608.2000,2582.3000,2602.9000
2004-10-09,2603.1000,2607.2000,2591.5500,2598.0000
2004-10-11,2604.4500,2616.9500,2562.8500,2570.9000
2004-10-12,2592.5000,2619.3000,2566.2500,2577.0000
2004-10-14,2579.5500,2708.7500,2579.5500,2695.8500
2004-10-15,2709.6500,2725.7000,2649.6500,2659.6000
2004-10-18,2668.8000,2677.7000,2618.3500,2623.3500
2004-10-19,2638.1500,2658.6500,2627.8500,2652.8500
2004-10-20,2652.8000,2661.9000,2607.9000,2618.2000
2004-10-21,2629.1000,2638.2000,2590.4500,2606.9000
2004-10-25,2616.8500,2627.6500,2583.6000,2588.9000
2004-10-26,2588.7000,2629.7000,2522.6500,2622.2000
2004-10-27,2636.3000,2651.1000,2612.5500,2636.3500
2004-10-28,2656.3000,2709.0500,2565.3000,2703.0000
2004-10-29,2706.5000,2706.5000,2658.1000,2667.1500
2004-11-01,2661.3000,2689.0000,2640.8000,2681.4000
2004-11-02,21985.4000,22303.8000,21966.1500,2210.7200
2004-11-03,20038.0500,20271.0000,19938.1000,1999.9100
2004-11-04,2745.3000,2786.2000,2736.6500,2744.5000
2004-11-05,20351.0000,20351.0000,19878.3500,1997.7800
2004-11-06,2061.8500,2064.8500,2001.6000,2008.1000
2004-11-08,2772.5000,2815.0500,2770.5500,2773.9000
2004-11-09,2769.1500,2802.4500,2764.4000,2791.8500
2004-11-10,2790.5000,2815.4500,2779.7500,2809.2500
2004-11-11,2798.7000,2809.4500,2784.2500,2789.7500
2004-11-12,2808.9500,2811.6500,2780.4000,2792.5500
2004-11-16,2790.9500,2832.9500,2790.9500,2828.3500
2004-11-17,2827.5000,2860.2000,2819.0000,2856.5000
2004-11-18,2854.8500,2879.2500,2834.9500,2873.6000
2004-11-19,2873.3500,2881.8000,2841.5500,2847.2500
2004-11-22,2836.9000,2836.9000,2795.5000,2823.8500
2004-11-23,2824.8500,2862.3500,2824.8500,2842.7000
2004-11-24,2840.0500,2852.8000,2834.4000,2843.7000
2004-11-25,2843.7500,2885.5000,2843.7500,2879.4000
2004-11-29,2863.5500,2960.6000,2863.5500,2955.9500
2004-11-30,2960.5000,3013.8000,2960.5000,2996.5000
2004-12-01,24571.1500,24517.1500,23571.9500,2381.9600
2004-12-02,2967.1500,3007.0500,2941.4500,2951.0000
2004-12-03,20033.4500,20664.1000,19857.3500,2052.0800
2004-12-04,20795.7000,20915.7500,20336.1500,2047.0200
2004-12-05,19995.3500,20333.5500,19977.1500,2019.9300
2004-12-06,2921.2500,2938.2000,2876.2500,2888.2000
2004-12-07,2868.8000,2928.2000,2868.8000,2910.0500
2004-12-08,2905.1000,2905.1000,2860.6000,2865.8500
2004-12-09,2865.7000,2897.9500,2861.6000,2871.2500
2004-12-10,2592.5000,2619.3000,2566.2500,2577.0000
2004-12-11,2808.9500,2811.6500,2780.4000,2792.5500
2004-12-13,2878.9000,2896.5000,2878.9000,2887.5500
2004-12-14,2879.3500,2909.2000,2879.3500,2906.9500
2004-12-15,2909.7000,2978.9000,2909.7000,2961.4000
2004-12-16,2963.5500,2990.8000,2949.3500,2984.2000
2004-12-17,2984.3500,2989.1000,2943.7500,2952.8500
2004-12-20,2944.5500,2992.1000,2944.0500,2987.0000
2004-12-21,2990.1500,3012.6500,2979.9000,2994.9500
2004-12-22,2963.2500,3004.2500,2921.7000,2941.4500
2004-12-23,2911.6000,2951.8500,2911.6000,2922.0000
2004-12-24,2926.4000,2951.6000,2900.5500,2939.5500
2004-12-27,2935.8000,2952.7000,2917.6000,2924.1500
2004-12-28,2926.0000,2945.5000,2916.7000,2931.7000
2004-12-29,2940.3000,2975.5000,2926.0000,2936.3500
2004-12-30,2939.7000,2948.8000,2887.0000,2896.5500
2004-12-31,2897.8500,2941.6500,2891.4500,2936.9000
2005-01-02,2852.7000,2874.7500,2825.1500,2834.2500
2005-01-03,2918.3500,2918.3500,2842.5500,2848.2000
2005-01-04,2969.7000,2978.2000,2925.6500,2949.1000
2005-01-05,2936.7500,2938.9000,2804.3000,2847.5000
2005-01-06,2933.5000,2933.6500,2894.3500,2900.2500
2005-01-07,3060.6500,3062.7500,3041.8000,3051.3500
2005-01-08,2980.7000,2982.0000,2934.0500,2955.8500
2005-01-09,3198.1000,3232.7500,3198.1000,3219.3000
2005-01-10,2843.7500,2846.1000,2740.2500,2752.0500
2005-01-11,2755.3500,2770.9500,2716.2500,2726.0500
2005-01-12,3532.7500,3620.5500,3520.3000,3613.1500
2005-01-13,2678.7500,2722.0500,2667.2000,2710.2000
2005-01-14,2710.6500,2725.5000,2666.5500,2692.7500
2005-01-17,2696.2500,2733.2000,2639.0000,2712.3000
2005-01-18,2723.2500,2759.2000,2703.0000,2721.9500
2005-01-19,2717.0000,2751.6500,2711.1000,2719.2000
2005-01-20,2717.1000,2717.1000,2667.0500,2702.4000
2005-01-24,2701.7500,2702.4000,2627.0000,2640.4000
2005-01-25,2632.8000,2668.9000,2583.2500,2663.5500
2005-01-27,2697.6000,2729.9500,2682.1500,2720.5000
2005-01-28,2729.2500,2812.1000,2717.1000,2806.2500
2005-01-31,2807.9500,2869.5500,2804.5500,2849.4000
2005-02-01,2852.7000,2874.7500,2825.1500,2834.2500
2005-02-02,2842.2000,2875.5000,2819.7000,2827.2500
2005-02-03,2849.8000,2875.1500,2831.6500,2855.7500
2005-02-04,2912.3500,2912.3500,2849.9000,2870.3000
2005-02-05,2588.1500,2588.1500,2539.6500,2562.9500
2005-02-06,2902.6500,2914.1000,2852.9500,2858.9000
2005-02-07,2877.5000,2889.9500,2807.3500,2816.0000
2005-02-08,2984.7000,3027.1000,2966.5500,3019.1500
2005-02-09,2828.1500,2852.2500,2828.1500,2836.2500
2005-02-10,2836.3000,2836.3000,2807.2500,2819.9000
2005-02-11,2842.3500,2875.1000,2833.1000,2871.7500
2005-02-12,3608.1000,3677.5000,3608.1000,3640.5500
2005-02-14,2897.9000,2957.5500,2897.9000,2944.1500
2005-02-15,2943.2000,2943.2000,2905.9000,2930.5000
2005-02-16,2931.6000,2958.2500,2907.8500,2924.4000
2005-02-17,2923.4000,2923.4000,2873.5500,2907.3000
2005-02-18,2904.3000,2913.8500,2881.9000,2890.3000
2005-02-21,2891.9000,2891.9000,2844.9000,2856.7500
2005-02-22,2867.4000,2881.0000,2838.5500,2874.1500
2005-02-23,2872.3500,2872.3500,2843.4500,2849.9500
2005-02-24,2855.3000,2876.2500,2848.1500,2854.7000
2005-02-25,2851.6000,2882.9500,2837.2000,2854.7000
2005-02-28,2856.6000,2925.2500,2822.0000,2919.0500
2005-03-01,2918.3500,2918.3500,2842.5500,2848.2000
2005-03-02,2829.6500,2873.7000,2825.9000,2862.2500
2005-03-03,2856.0500,2917.9500,2855.3500,2907.1500
2005-03-04,2911.8500,2952.1500,2911.8500,2942.5500
2005-03-05,2563.0500,2571.2500,2537.6000,2541.0500
2005-03-06,2862.2500,2926.5000,2854.6000,2920.1500
2005-03-07,2947.2500,2964.3000,2935.7500,2958.5500
2005-03-08,3021.8500,3082.0000,3021.8500,3072.3500
2005-03-09,2969.2500,2995.1000,2934.0500,2962.4000
2005-03-10,3279.1000,3359.8000,3279.1000,3354.8500
2005-03-11,2946.8000,2973.4000,2938.9500,2945.8500
2005-03-14,2940.4500,2985.0500,2923.3500,2962.5500
2005-03-15,2963.3500,2968.5000,2931.8000,2939.7500
2005-03-16,2939.7000,2964.6500,2930.8500,2937.2000
2005-03-17,2937.1000,2961.9500,2920.5000,2929.9500
2005-03-18,2929.6500,2950.8500,2884.5000,2946.8000
2005-03-21,2947.9500,2967.5500,2931.2500,2949.7500
2005-03-22,2962.5500,2962.5500,2911.0500,2916.0500
2005-03-23,2912.4500,2918.1500,2842.8000,2854.2000
2005-03-24,2854.2500,2874.4500,2805.1500,2816.5500
2005-03-28,2817.7000,2874.1000,2817.7000,2834.9000
2005-03-29,2835.1500,2835.1500,2787.5000,2805.4000
2005-03-30,2801.3500,2829.3000,2782.6000,2813.0500
2005-03-31,2847.9000,2949.6500,2836.5000,2923.1500
2005-04-01,2927.7000,2951.7500,2891.2000,2946.3500
2005-04-02,2912.3500,2912.3500,2849.9000,2870.3000
2005-04-03,2911.8500,2952.1500,2911.8500,2942.5500
2005-04-04,2945.1500,2982.4500,2924.3000,2934.0000
2005-04-05,2545.0500,2576.0000,2545.0500,2571.3500
2005-04-06,2918.1000,2918.1000,2901.3000,2913.4500
2005-04-07,2945.1500,2967.3500,2912.3000,2921.3500
2005-04-08,3079.5000,3098.2500,3036.4500,3058.4500
2005-04-10,3355.0000,3442.6000,3352.8000,3435.7000
2005-04-11,2851.0000,2855.6500,2792.4000,2799.2500
2005-04-12,2785.0000,2834.9000,2784.4500,2825.8000
2005-04-13,2835.5500,2857.5500,2812.6000,2833.1000
2005-04-15,2775.3500,2775.3500,2664.4500,2670.0500
2005-04-18,2658.9000,2682.6500,2615.8500,2642.4500
2005-04-19,2650.2500,2694.1000,2512.8500,2540.9000
2005-04-20,2535.5500,2535.5500,2461.9000,2514.1000
2005-04-21,2522.8500,2557.9000,2496.4000,2552.7000
2005-04-22,2598.9500,2648.3000,2598.9500,2639.2000
2005-04-25,2656.9500,2656.9500,2623.0000,2635.6500
2005-04-26,2633.5000,2633.5000,2593.0000,2596.8000
2005-04-27,2567.6000,2578.4500,2534.3000,2554.9000
2005-04-28,2549.5500,2575.3500,2539.8500,2561.2000
2005-04-29,2577.9000,2577.9000,2531.5500,2539.7500
2005-05-01,2936.7500,2938.9000,2804.3000,2847.5000
2005-05-02,2588.1500,2588.1500,2539.6500,2562.9500
2005-05-03,2563.0500,2571.2500,2537.6000,2541.0500
2005-05-04,2545.0500,2576.0000,2545.0500,2571.3500
2005-05-05,2582.6000,2626.1000,2582.6000,2609.1000
2005-05-06,2530.8500,2649.6500,2530.8500,2640.8000
2005-05-07,3081.4000,3095.3000,2998.0000,3006.6000
2005-05-08,3052.2500,3062.9500,3020.9500,3025.9500
2005-05-09,3224.1000,3241.4500,3179.1000,3186.4000
2005-05-10,3439.9500,3449.9500,3412.0000,3427.9000
2005-05-11,2660.9500,2661.4500,2634.5000,2655.1000
2005-05-12,2651.5000,2669.6500,2645.6000,2662.1000
2005-05-13,2662.3500,2662.3500,2637.7000,2643.7500
2005-05-16,2644.0500,2690.4500,2644.0500,2685.9500
2005-05-17,2707.7500,2715.4500,2663.9000,2672.9500
2005-05-18,2673.0000,2673.0000,2620.7000,2655.6000
2005-05-19,2665.5000,2713.3500,2665.5000,2697.7500
2005-05-20,2694.6000,2735.2000,2673.0500,2724.5500
2005-05-23,2725.9000,2784.2600,2718.0000,2772.0000
2005-05-24,2812.2500,2812.2500,2765.0000,2800.0500
2005-05-25,2791.6000,2844.2000,2772.8000,2828.5500
2005-05-26,2770.6500,2903.5500,2769.4000,2888.9500
2005-05-27,2903.8500,2926.4500,2880.0000,2896.5500
2005-05-30,2883.9000,2925.2500,2881.9500,2899.5500
2005-05-31,2900.4500,2938.4500,2890.0000,2933.0000
2005-06-01,2933.5000,2933.6500,2894.3500,2900.2500
2005-06-02,2902.6500,2914.1000,2852.9500,2858.9000
2005-06-03,2862.2500,2926.5000,2854.6000,2920.1500
2005-06-04,2918.1000,2918.1000,2901.3000,2913.4500
2005-06-05,2530.8500,2649.6500,2530.8500,2640.8000
2005-06-06,2908.5000,2928.0500,2884.3000,2893.4500
2005-06-07,2908.7500,2919.5500,2890.8000,2912.3000
2005-06-08,2913.6500,2964.0000,2909.8500,2957.8000
2005-06-09,2958.0500,2959.6500,2904.5000,2912.5000
2005-06-10,2914.7500,2944.6500,2890.4500,2896.2500
2005-06-12,3593.7500,3661.5500,3577.0000,3621.1500
2005-06-13,2907.5500,2923.7000,2887.0000,2908.9000
2005-06-14,2920.5500,2926.0000,2898.5500,2913.3000
2005-06-15,2915.6000,2945.2500,2913.5500,2941.2000
2005-06-16,2933.7500,2963.8500,2931.5500,2951.1000
2005-06-17,2903.9500,2962.2500,2903.9500,2953.3000
2005-06-20,2931.4000,3029.1500,2931.4000,3024.5500
2005-06-21,3028.7500,3059.2500,2998.8500,3046.6500
2005-06-22,3034.6000,3079.7000,3034.6000,3068.7000
2005-06-23,3062.3500,3067.3500,3026.8500,3030.8500
2005-06-24,3021.0000,3046.6500,2988.8000,3023.2500
2005-06-27,3009.8500,3047.8500,3009.8500,3023.0000
2005-06-28,3024.9500,3031.5000,2981.1500,2987.2000
2005-06-29,2991.7500,3028.9000,2985.8500,3022.6000
2005-06-30,3009.1500,3082.9500,3009.1500,3072.1000
2005-07-01,2799.4000,2838.9000,2776.0500,2827.0000
2005-07-02,2877.5000,2889.9500,2807.3500,2816.0000
2005-07-03,2947.2500,2964.3000,2935.7500,2958.5500
2005-07-04,2945.1500,2967.3500,2912.3000,2921.3500
2005-07-05,3081.4000,3095.3000,2998.0000,3006.6000
2005-07-06,2908.7500,2919.5500,2890.8000,2912.3000
2005-07-07,3033.3000,3051.4500,2958.2500,2969.7500
2005-07-08,2974.2000,3017.2000,2974.2000,2999.7500
2005-07-10,3350.6500,3391.5500,3319.2500,3345.2500
2005-07-11,3000.0500,3041.0000,2992.0000,3003.5000
2005-07-12,3623.8500,3686.2000,3623.8500,3671.4500
2005-07-13,2926.8500,2954.6000,2908.8000,2916.3000
2005-07-14,2917.9500,2935.4500,2834.9500,2840.9500
2005-07-15,2868.5000,2898.9500,2844.5000,2893.8500
2005-07-18,2914.1000,2992.1000,2914.1000,2982.3500
2005-07-19,2992.4000,3004.7500,2968.9500,2981.5000
2005-07-20,2982.4500,3000.9000,2972.4000,2975.7500
2005-07-21,2983.7500,3016.1500,2945.9500,2958.1000
2005-07-22,2958.3000,2989.7500,2915.4000,2984.9500
2005-07-25,2986.4000,3001.4500,2960.8500,2965.1500
2005-07-26,2965.6500,2969.8500,2932.6000,2947.7000
2005-07-27,2962.4500,2990.2000,2950.9000,2984.9000
2005-07-29,2975.9500,3008.3000,2970.1000,2985.9500
2005-08-01,2980.7000,2982.0000,2934.0500,2955.8500
2005-08-02,2984.7000,3027.1000,2966.5500,3019.1500
2005-08-03,3021.8500,3082.0000,3021.8500,3072.3500
2005-08-04,3079.5000,3098.2500,3036.4500,3058.4500
2005-08-05,3052.2500,3062.9500,3020.9500,3025.9500
2005-08-06,2913.6500,2964.0000,2909.8500,2957.8000
2005-08-07,2974.2000,3017.2000,2974.2000,2999.7500
2005-08-08,3025.1500,3029.2500,2979.1500,2992.2000
2005-08-09,2985.0000,3015.0500,2967.5000,2994.5500
2005-08-10,3007.4000,3072.5000,3007.4000,3065.6500
2005-08-11,3342.1500,3410.8500,3342.1500,3398.6500
2005-08-12,3671.1500,3701.9500,3654.4000,3689.8000
2005-08-16,3007.2500,3031.1000,2997.5500,3010.7500
2005-08-17,3009.6500,3075.9000,2998.5500,3069.1500
2005-08-18,3074.4500,3094.2500,3058.2500,3067.6000
2005-08-19,3067.3000,3085.8500,3058.1000,3064.3500
2005-08-22,3070.6000,3116.2500,3061.1500,3069.6500
2005-08-23,3069.6000,3092.9500,3023.2000,3032.6500
2005-08-24,3037.8500,3037.8500,2978.3000,2999.2500
2005-08-25,2998.1500,3058.9000,2987.1000,3049.8500
2005-08-26,3049.2000,3092.0000,3027.8500,3075.2500
2005-08-29,3084.4500,3086.7500,3019.9500,3061.1000
2005-08-30,3065.7500,3137.3000,3065.7500,3132.8000
2005-08-31,3132.0500,3185.3500,3117.0500,3177.1500
2005-09-01,3198.1000,3232.7500,3198.1000,3219.3000
2005-09-02,2828.1500,2852.2500,2828.1500,2836.2500
2005-09-03,2969.2500,2995.1000,2934.0500,2962.4000
2005-09-05,2644.7500,2695.9500,2644.7500,2689.3000
2005-09-06,2958.0500,2959.6500,2904.5000,2912.5000
2005-09-08,3186.1000,3210.0000,3185.2000,3203.8000
2005-09-09,3167.6500,3216.9500,3167.6500,3186.0500
2005-09-11,3389.6000,3419.2000,3342.5000,3357.9500
2005-09-12,3343.9000,3343.9000,3206.5000,3226.1000
2005-09-13,3225.0500,3241.5500,3215.6500,3238.3500
2005-09-14,3238.7500,3267.4000,3201.9500,3231.1000
2005-09-15,3232.0000,3283.3000,3231.6000,3280.2000
2005-09-16,3285.8000,3296.9500,3261.3500,3284.6500
2005-09-19,3296.9500,3304.1000,3274.7500,3278.5500
2005-09-20,3278.7500,3338.4500,3246.5000,3320.2500
2005-09-21,3322.9500,3327.5500,3208.5500,3277.4500
2005-09-22,3272.5000,3275.4000,3142.4500,3156.9500
2005-09-23,3145.7500,3203.6500,3138.2000,3153.2000
2005-09-26,3154.7500,3279.8000,3154.7500,3274.5500
2005-09-27,3275.7000,3306.2500,3249.5000,3272.7500
2005-09-28,3272.3000,3273.9000,3223.3000,3265.5000
2005-09-29,3280.4000,3319.5500,3272.1000,3292.5000
2005-09-30,3293.4500,3317.0500,3265.5500,3296.5000
2005-10-01,2843.7500,2846.1000,2740.2500,2752.0500
2005-10-02,2836.3000,2836.3000,2807.2500,2819.9000
2005-10-03,2963.1500,2965.2500,2920.6500,2946.1000
2005-10-04,3355.0000,3442.6000,3352.8000,3435.7000
2005-10-05,2690.9000,2695.7500,2661.5500,2669.0000
2005-10-06,3418.5000,3419.4000,3335.2000,3350.2000
2005-10-07,3350.6500,3391.5500,3319.2500,3345.2500
2005-10-08,3007.4000,3072.5000,3007.4000,3065.6500
2005-10-10,3368.3500,3407.0500,3359.8000,3382.9500
2005-10-11,3396.8000,3454.2500,3359.5000,3429.9500
2005-10-13,3431.1500,3431.1500,3340.3000,3356.1500
2005-10-14,3352.6500,3369.0500,3305.6000,3316.7500
2005-10-17,3320.6000,3340.4500,3291.1000,3307.3500
2005-10-18,3305.5000,3353.1000,3247.9500,3266.5000
2005-10-19,3260.2000,3269.8500,3198.4000,3219.9500
2005-10-20,3248.8000,3303.4500,3207.4000,3252.9000
2005-10-21,3255.1500,3312.7500,3245.2500,3299.3000
2005-10-24,3302.0500,3326.1000,3238.3500,3249.1000
2005-10-25,3256.4000,3326.0500,3248.7000,3297.4500
2005-10-26,3276.9500,3309.2500,3267.1000,3272.7000
2005-10-27,3278.6500,3279.3500,3185.4500,3202.5000
2005-10-28,3193.8500,3193.8500,3106.7500,3119.8500
2005-10-31,3121.1000,3217.8000,3121.1000,3211.9500
2005-11-01,3221.7500,3262.0500,3218.6000,3230.5500
2005-11-02,2842.3500,2875.1000,2833.1000,2871.7500
2005-11-03,2946.8000,2973.4000,2938.9500,2945.8500
2005-11-04,2851.0000,2855.6500,2792.4000,2799.2500
2005-11-05,2660.9500,2661.4500,2634.5000,2655.1000
2005-11-07,3280.7500,3355.0000,3276.5000,3350.4000
2005-11-08,3073.9500,3086.1500,3047.8000,3065.8000
2005-11-09,3389.6000,3419.2000,3342.5000,3357.9500
2005-11-10,3396.8000,3454.2500,3359.5000,3429.9500
2005-11-11,3392.3000,3464.3000,3392.1000,3460.7000
2005-11-14,3461.0500,3491.0500,3430.5000,3460.4500
2005-11-16,3461.3500,3517.7500,3458.0500,3512.8000
2005-11-17,3512.5500,3518.1500,3466.5500,3508.0000
2005-11-18,3523.1000,3553.3500,3523.1000,3536.5500
2005-11-21,3536.7500,3550.1000,3495.7000,3509.4500
2005-11-22,3514.3000,3543.1500,3476.1000,3485.6500
2005-11-23,3486.2500,3543.1000,3483.0000,3534.2000
2005-11-24,3531.0500,3570.8000,3531.0500,3550.5000
2005-11-25,3550.8000,3601.1000,3550.8000,3592.4000
2005-11-26,3593.1500,3609.0000,3580.6000,3597.6500
2005-11-28,3591.7500,3631.9000,3591.7500,3617.7000
2005-11-29,3615.1000,3625.2000,3563.0000,3620.5500
2005-11-30,3620.5000,3639.4000,3525.8000,3533.9500
2005-12-01,2727.1500,2773.3000,2615.1000,2635.6500
2005-12-02,3608.1000,3677.5000,3608.1000,3640.5500
2005-12-04,2785.0000,2834.9000,2784.4500,2825.8000
2005-12-05,3640.7500,3654.3000,3581.3500,3591.8000
2005-12-06,3593.7500,3661.5500,3577.0000,3621.1500
2005-12-07,3623.8500,3686.2000,3623.8500,3671.4500
2005-12-08,3671.1500,3701.9500,3654.4000,3689.8000
2005-12-09,3682.0500,3781.5000,3682.0500,3769.7500
2005-12-12,3768.7500,3796.5500,3733.4000,3758.5500
2005-12-13,3762.0000,3814.5000,3749.9500,3807.6000
2005-12-14,3806.2000,3818.9500,3765.4000,3791.6000
2005-12-15,3794.1000,3826.3500,3777.0000,3802.2500
2005-12-16,3703.2500,3867.1500,3789.6000,3857.3500
2005-12-19,3840.3000,3930.4000,3840.3000,3925.5500
2005-12-20,3940.7500,3940.7500,3860.2000,3879.3000
2005-12-21,3879.9500,3910.2000,3829.6500,3860.8000
2005-12-22,3867.3000,3891.5500,3852.8500,3876.3500
2005-12-23,3886.1500,3918.7000,3849.5000,3860.0000
2005-12-26,3859.2000,3862.3000,3797.9500,3803.0500
2005-12-27,3792.2500,3883.1000,3778.1000,3876.1500
2005-12-28,3875.4000,3886.0000,3835.1000,3857.9000
2005-12-29,3864.5500,3901.5000,3856.3000,3892.5000
2005-12-30,3882.7000,3920.0000,3875.6500,3906.9000
2006-01-02,3905.3500,3914.3000,3874.1000,3884.2500
2006-01-03,3883.5500,3960.7000,3883.5500,3953.2500
2006-01-04,3958.9000,4013.0000,3956.3000,4004.4500
2006-01-05,4005.2500,4014.1000,3969.0500,3982.8000
2006-01-06,3956.9500,3993.5000,3934.9500,3976.8500
2006-01-08,4096.4000,4133.9000,4071.8500,4121.2000
2006-01-09,3982.3000,4006.6500,3915.6000,3933.4500
2006-01-10,3932.8500,3939.7500,3880.6500,3889.5500
2006-01-11,4884.1500,4935.2500,4872.2500,4884.4000
2006-01-12,3807.3500,3869.2000,3763.6500,3856.1000
2006-01-13,3858.7500,3882.5500,3832.8000,3843.8000
2006-01-16,3843.1500,3858.5500,3776.8000,3782.9000
2006-01-17,3789.5000,3832.2000,3744.5000,3754.6500
2006-01-18,3770.2500,3788.4500,3725.7000,3761.3000
2006-01-19,3783.6000,3913.0000,3783.6000,3900.0500
2006-01-20,3993.9000,3993.9000,3887.8000,3903.6500
2006-01-23,3873.9500,3873.9500,3822.6500,3834.9500
2006-01-24,3850.5500,3897.8500,3848.6000,3889.3000
2006-01-25,3908.9000,3945.9500,3908.9000,3926.8000
2006-01-27,3948.3000,3977.8500,3942.5000,3972.6000
2006-01-30,3974.1500,3999.7500,3940.2500,3980.3500
2006-01-31,3979.6000,4019.9000,3962.0000,4010.3000
2006-02-01,4014.9000,4020.6500,3957.1000,3971.9500
2006-02-02,3975.8000,3994.2000,3933.1000,3941.1500
2006-02-03,4078.2500,4104.2000,4038.3500,4054.6500
2006-02-05,4338.3500,4406.4000,4338.3500,4359.1000
2006-02-06,3763.2000,3887.8000,3734.9500,3877.8000
2006-02-07,3949.2500,3996.5000,3949.2500,3975.7000
2006-02-08,4111.0500,4174.9500,4090.2500,4165.2500
2006-02-10,3958.4000,3987.7500,3944.8500,3973.6500
2006-02-11,4891.6500,4891.6500,4842.7000,4852.2000
2006-02-13,3975.5500,3988.0500,3945.9000,3952.5500
2006-02-14,3952.6000,3956.1500,3867.8500,3876.1000
2006-02-15,3909.6500,3919.3000,3839.8500,3865.6500
2006-02-16,3867.5000,3909.4000,3863.5000,3870.5000
2006-02-17,3883.1000,3915.8000,3871.4000,3883.0500
2006-02-20,3914.1400,3922.4500,3845.9000,3916.3000
2006-02-21,3932.0500,3952.7500,3920.6000,3931.9500
2006-02-22,3935.8000,3939.4000,3909.6000,3930.2000
2006-02-23,3944.9000,3956.3500,3926.9000,3946.1000
2006-02-24,3945.8500,3953.0500,3908.0000,3915.9500
2006-02-27,3921.8500,3984.6500,3921.1000,3979.9500
2006-02-28,3988.2000,4005.1500,3934.0500,3972.9000
2006-03-01,3883.5500,3960.7000,3883.5500,3953.2500
2006-03-02,3943.7000,3945.3000,3889.7000,3897.4500
2006-03-03,4056.2500,4062.0500,3990.7000,4017.3500
2006-03-04,4373.1000,4471.9000,4373.0000,4460.4500
2006-03-05,4363.5000,4398.6000,4343.0500,4391.2500
2006-03-06,4017.2500,4073.9000,4015.1500,4062.2500
2006-03-07,4057.3000,4059.1000,4009.3000,4017.2500
2006-03-08,4022.5000,4022.5000,3954.1000,3964.8500
2006-03-09,3972.1000,4001.3500,3924.4000,3991.8500
2006-03-10,3972.1000,4088.1500,3972.1000,4082.3500
2006-03-11,4855.7000,4875.6000,4786.9000,4821.2500
2006-03-13,4019.4500,4185.3500,4019.4500,4162.6000
2006-03-14,4189.0000,4189.0000,4101.1000,4118.5500
2006-03-16,4121.7000,4148.7000,4121.7000,4139.9500
2006-03-17,4142.7500,4187.3000,4132.6000,4144.3000
2006-03-20,4145.3500,4273.5500,4145.3500,4265.8000
2006-03-21,4259.9500,4293.5000,4205.3000,4235.6500
2006-03-22,4232.7500,4239.1000,4166.6000,4191.9000
2006-03-23,4213.5000,4226.2000,4156.0000,4167.8500
2006-03-24,4167.9000,4225.3500,4167.9000,4209.5000
2006-03-27,4211.3500,4233.8000,4174.4000,4181.2000
2006-03-28,4181.2000,4261.0000,4180.4500,4227.5500
2006-03-29,4229.9000,4314.3000,4227.6000,4307.1500
2006-03-30,4325.9500,4448.6500,4325.9500,4418.7500
2006-03-31,4418.7000,4418.7000,4340.8000,4352.9000
2006-04-01,3958.9000,4013.0000,3956.3000,4004.4500
2006-04-03,4373.1000,4471.9000,4373.0000,4460.4500
2006-04-04,4474.0000,4505.6000,4447.6000,4459.8000
2006-04-05,4459.6500,4488.7500,4408.0500,4422.3000
2006-04-07,4024.4000,4062.9500,4000.6000,4007.5500
2006-04-08,4189.1000,4249.5000,4171.1000,4198.4000
2006-04-09,4461.2500,4532.5000,4461.2500,4522.4000
2006-04-10,4503.4000,4528.2000,4416.3500,4426.8000
2006-04-12,5290.7000,5306.1000,5247.0000,5271.1000
2006-04-13,4191.8500,4228.2000,4103.9000,4140.4500
2006-04-17,4280.3500,4381.5000,4250.7500,4375.0500
2006-04-18,4418.7500,4565.0000,4418.7500,4559.6000
2006-04-19,4586.6500,4651.3000,4465.8500,4498.7000
2006-04-20,4502.0500,4523.9000,4452.7500,4484.0500
2006-04-21,4502.9000,4536.3000,4402.3500,4463.1000
2006-04-24,4461.7500,4473.2000,4357.6500,4375.7000
2006-04-25,4371.5000,4385.0000,4275.5000,4289.5500
2006-04-26,4289.2500,4384.5500,4282.1000,4374.7000
2006-04-27,4379.1000,4418.0000,4301.5500,4324.6000
2006-04-28,4306.6000,4332.2000,4054.6500,4313.1500
2006-04-29,4317.4000,4370.4500,4317.4000,4341.8500
2006-05-01,4005.2500,4014.1000,3969.0500,3982.8000
2006-05-02,4338.3500,4406.4000,4338.3500,4359.1000
2006-05-03,4363.5000,4398.6000,4343.0500,4391.2500
2006-05-04,4412.8000,4430.2000,4385.1000,4414.9500
2006-05-05,4416.1500,4465.7500,4375.3000,4391.7000
2006-05-06,3884.4500,3919.3000,3775.9500,3793.7000
2006-05-07,4012.0500,4074.2500,3984.0000,4044.7500
2006-05-08,4460.4000,4472.3000,4401.2000,4411.4500
2006-05-09,4411.7000,4439.9000,4382.9500,4422.5500
2006-05-10,4439.8500,4466.5000,4426.5500,4443.0500
2006-05-11,4443.0500,4465.7000,4412.2000,4430.1000
2006-05-12,4402.9500,4457.4500,4352.3500,4405.5500
2006-05-15,4407.8500,4407.8500,4270.2500,4304.9000
2006-05-16,4317.1500,4333.5500,4214.4500,4308.0000
2006-05-17,4321.7000,4409.1500,4321.7000,4393.8000
2006-05-18,4365.2000,4365.2000,4112.3000,4157.2000
2006-05-19,4154.7000,4254.4500,3998.9500,4027.0500
2006-05-22,4070.1500,4108.6000,3754.4500,3801.5500
2006-05-23,3801.5500,3984.2500,3719.5000,3936.1000
2006-05-24,3979.6500,3987.6500,3822.3000,3859.5000
2006-05-25,3847.5000,3969.4500,3769.1000,3953.0000
2006-05-26,3954.3000,4056.3500,3941.5500,3977.2000
2006-05-29,3980.8000,4020.6000,3963.3000,3984.9000
2006-05-30,3999.7000,4098.8500,3970.6000,4024.9000
2006-05-31,4006.6000,4006.6000,3771.4000,3869.6500
2006-06-01,3956.9500,3993.5000,3934.9500,3976.8500
2006-06-02,3896.6000,3962.2500,3881.4000,3955.5500
2006-06-03,4017.2500,4073.9000,4015.1500,4062.2500
2006-06-05,3884.4500,3919.3000,3775.9500,3793.7000
2006-06-06,3791.1000,3811.3000,3674.6500,3714.0000
2006-06-07,4017.7000,4023.6500,3962.8000,3989.7500
2006-06-08,3649.8500,3649.8500,3422.5500,3488.2000
2006-06-09,3479.9000,3623.0500,3464.0000,3608.1500
2006-06-10,4540.5500,4549.3500,4505.2000,4516.9000
2006-06-11,4829.3500,4843.2500,4813.3000,4828.1500
2006-06-12,3609.0000,3637.6000,3511.0500,3533.0500
2006-06-13,3516.2500,3516.2500,3344.9500,3361.7500
2006-06-14,3362.1000,3469.2000,3193.4000,3219.3500
2006-06-15,3329.8000,3463.0000,3275.2500,3443.8500
2006-06-16,3507.1000,3724.3500,3507.1000,3628.0000
2006-06-19,3639.9500,3658.3000,3552.4000,3640.0500
2006-06-20,3652.0000,3652.0000,3539.8000,3560.4500
2006-06-21,3562.1500,3676.8000,3549.6000,3665.6500
2006-06-22,3703.4000,3772.5500,3703.4000,3731.5000
2006-06-23,3724.3500,3829.5500,3649.6000,3802.9500
2006-06-25,3841.9500,3844.3000,3802.6000,3815.0500
2006-06-26,3833.0500,3833.3500,3676.3000,3693.5000
2006-06-27,3699.8000,3769.1500,3627.3000,3751.0000
2006-06-28,3700.8500,3827.6500,3660.4500,3802.8500
2006-06-29,3822.0500,3871.0000,3818.9000,3832.4500
2006-06-30,3891.6000,3969.4500,3891.6000,3957.5500
2006-07-02,3949.2500,3996.5000,3949.2500,3975.7000
2006-07-03,4057.3000,4059.1000,4009.3000,4017.2500
2006-07-04,4546.8000,4568.0000,4336.5000,4347.5500
2006-07-05,4012.0500,4074.2500,3984.0000,4044.7500
2006-07-06,3732.8000,3752.2500,3593.5000,3642.2500
2006-07-07,4010.1500,4047.1500,3859.1500,3872.2000
2006-07-08,4191.5500,4200.8000,4135.6000,4145.7500
2006-07-09,4472.6000,4476.5000,4414.8500,4435.9500
2006-07-10,3881.0000,4019.3000,3876.6000,4008.7000
2006-07-11,4854.2500,4897.4500,4836.0500,4846.9500
2006-07-12,4047.8000,4228.0500,4038.9000,4210.7000
2006-07-13,4212.7000,4221.0000,4135.6500,4160.7000
2006-07-14,4105.6000,4141.1500,4048.0500,4111.0000
2006-07-17,4108.1500,4113.0000,4011.5500,4021.2500
2006-07-18,4061.6000,4105.4000,3995.3000,4035.0000
2006-07-19,4090.8000,4114.5000,3872.7000,3886.4000
2006-07-20,3978.5500,4013.9500,3967.3500,3989.5500
2006-07-21,3980.1500,3980.1500,3848.9500,3875.3000
2006-07-24,3863.5500,3974.4500,3811.0500,3958.9500
2006-07-25,4003.1500,4029.6000,3963.7500,3998.9000
2006-07-26,4015.1500,4091.8500,3968.9500,4082.7500
2006-07-27,4099.3000,4146.5500,4072.5000,4138.9500
2006-07-28,4140.1500,4159.3500,4035.8500,4067.3000
2006-07-31,4130.8000,4162.9000,4093.2500,4113.5500
2006-08-01,4096.4000,4133.9000,4071.8500,4121.2000
2006-08-02,4111.0500,4174.9500,4090.2500,4165.2500
2006-08-03,4164.8500,4234.9500,4164.8500,4191.4000
2006-08-04,4189.1000,4249.5000,4171.1000,4198.4000
2006-08-05,4460.4000,4472.3000,4401.2000,4411.4500
2006-08-06,3649.8500,3649.8500,3422.5500,3488.2000
2006-08-07,4191.5500,4200.8000,4135.6000,4145.7500
2006-08-08,4146.0000,4210.8000,4146.0000,4202.8000
2006-08-09,4461.3000,4461.3000,4402.0500,4425.5000
2006-08-10,4265.1500,4295.5500,4241.8000,4289.0500
2006-08-11,4827.0000,4897.0000,4778.8500,4863.6500
2006-08-12,5310.0000,5315.1500,5233.1500,5244.2000
2006-08-14,4310.1500,4352.3000,4310.1500,4338.4500
2006-08-16,4373.5000,4422.6500,4345.3500,4359.1500
2006-08-17,4366.0000,4402.6000,4328.1500,4342.6000
2006-08-18,4363.5500,4367.0000,4241.0000,4353.0000
2006-08-21,4352.2000,4397.3500,4320.2000,4388.0000
2006-08-22,4402.7000,4430.6500,4370.5000,4386.9500
2006-08-23,4392.9500,4407.1500,4335.8000,4351.9500
2006-08-24,4336.1000,4385.1000,4307.1000,4376.1500
2006-08-25,4377.2500,4400.5500,4363.5500,4375.8500
2006-08-28,4373.7500,4407.2000,4359.5000,4400.6500
2006-08-29,4408.7000,4464.8000,4408.7000,4458.5500
2006-08-30,4463.1500,4480.3500,4435.7500,4447.4000
2006-08-31,4456.4500,4483.9500,4427.9500,4445.6000
2006-09-01,3982.3000,4006.6500,3915.6000,3933.4500
2006-09-03,3972.1000,4001.3500,3924.4000,3991.8500
2006-09-04,4461.2500,4532.5000,4461.2500,4522.4000
2006-09-05,4530.6500,4545.4500,4486.4000,4497.7000
2006-09-06,4516.5500,4521.1000,4481.6000,4490.1000
2006-09-07,4472.6000,4476.5000,4414.8500,4435.9500
2006-09-08,4461.3000,4461.3000,4402.0500,4425.5000
2006-09-10,4497.1000,4569.5000,4484.0000,4541.2000
2006-09-11,4430.8000,4445.1000,4282.8500,4296.0500
2006-09-12,4314.3000,4387.6500,4289.8500,4376.9000
2006-09-13,4423.0000,4487.2500,4413.2000,4462.2000
2006-09-14,4474.8500,4510.9000,4474.8500,4495.8500
2006-09-15,4491.5500,4492.3000,4431.1000,4468.0000
2006-09-18,4469.4500,4497.9000,4462.2000,4474.7000
2006-09-19,4471.4000,4532.5500,4451.6000,4488.9500
2006-09-20,4473.8500,4543.1000,4441.6000,4536.9000
2006-09-21,4546.6000,4600.3500,4546.6000,4594.4500
2006-09-22,4594.0500,4594.0500,4528.7500,4546.3500
2006-09-25,4584.6000,4592.3500,4483.3500,4493.4500
2006-09-26,4505.9000,4573.5000,4503.5500,4561.4000
2006-09-27,4561.8500,4594.0500,4532.7000,4546.9500
2006-09-28,4513.8500,4557.1500,4505.2000,4530.7500
2006-09-29,4535.2000,4556.1000,4533.1000,4540.5000
2006-10-01,3932.8500,3939.7500,3880.6500,3889.5500
2006-10-02,3958.4000,3987.7500,3944.8500,3973.6500
2006-10-03,3972.1000,4088.1500,3972.1000,4082.3500
2006-10-04,4349.0500,4389.7500,4326.6500,4355.2000
2006-10-05,4439.8500,4466.5000,4426.5500,4443.0500
2006-10-06,4540.5500,4549.3500,4505.2000,4516.9000
2006-10-07,3881.0000,4019.3000,3876.6000,4008.7000
2006-10-08,4265.1500,4295.5500,4241.8000,4289.0500
2006-10-09,4497.1000,4569.5000,4484.0000,4541.2000
2006-10-10,4561.2500,4610.6000,4553.0000,4566.9000
2006-10-11,4677.6000,4737.2000,4655.7500,4685.2500
2006-10-12,4687.5500,4814.8500,4665.9500,4806.8500
2006-10-13,4852.2000,4927.5000,4844.2000,4904.1000
2006-10-16,4924.6500,5011.5000,4910.5000,4976.0000
2006-10-17,5030.6500,5041.6000,4938.4500,4972.7500
2006-10-18,4991.8500,4991.8500,4926.7500,4935.8000
2006-10-19,4948.5500,4959.2500,4861.3000,4886.9000
2006-10-20,4913.4500,4941.2000,4870.2500,4880.7500
2006-10-21,4922.4500,4933.5000,4885.5500,4892.2500
2006-10-23,4903.7500,4905.3000,4824.4000,4848.2500
2006-10-26,4849.3000,4904.4500,4849.3000,4895.3500
2006-10-27,4899.2000,4960.9500,4899.2000,4927.5000
2006-10-30,4914.0500,4949.2500,4878.3000,4936.4000
2006-10-31,4946.2500,4959.0000,4872.1000,4888.9500
2006-11-01,4884.1500,4935.2500,4872.2500,4884.4000
2006-11-02,4891.6500,4891.6500,4842.7000,4852.2000
2006-11-03,4855.7000,4875.6000,4786.9000,4821.2500
2006-11-05,4443.0500,4465.7000,4412.2000,4430.1000
2006-11-06,4829.3500,4843.2500,4813.3000,4828.1500
2006-11-07,4025.0500,4027.5500,3946.8000,3981.9000
2006-11-08,4827.0000,4897.0000,4778.8500,4863.6500
2006-11-09,4876.3000,4909.5500,4863.0000,4889.3500
2006-11-10,4677.6000,4737.2000,4655.7500,4685.2500
2006-11-12,5243.6000,5286.9000,5127.9000,5196.6500
2006-11-13,4916.6000,4956.6500,4916.6000,4948.5500
2006-11-14,4956.1000,5050.1000,4956.1000,5036.5000
2006-11-15,5063.9500,5078.0000,5009.8500,5028.5000
2006-11-16,5033.4500,5050.7000,4988.5000,5026.7000
2006-11-17,5031.4000,5040.3500,4970.1500,5002.9500
2006-11-20,4947.1500,5108.9000,4934.1500,5096.6500
2006-11-21,5118.2500,5197.3000,5098.0000,5193.5500
2006-11-22,5185.1500,5260.9500,5185.1500,5225.9000
2006-11-23,5239.6000,5269.2500,5197.9000,5212.7500
2006-11-24,5235.8000,5250.7000,5182.9500,5244.0000
2006-11-27,5246.5500,5283.4500,5219.3500,5272.0500
2006-11-28,5185.6500,5215.9500,5153.2000,5164.3000
2006-11-29,5180.0500,5215.2000,5162.7500,5173.8500
2006-11-30,5351.3500,5351.3500,5209.1500,5267.8500
2006-12-01,5273.9500,5303.6000,5273.4500,5285.3000
2006-12-04,5290.7000,5306.1000,5247.0000,5271.1000
2006-12-05,4402.9500,4457.4500,4352.3500,4405.5500
2006-12-06,3609.0000,3637.6000,3511.0500,3533.0500
2006-12-07,4047.8000,4228.0500,4038.9000,4210.7000
2006-12-08,5310.0000,5315.1500,5233.1500,5244.2000
2006-12-09,4314.3000,4387.6500,4289.8500,4376.9000
2006-12-10,4687.5500,4814.8500,4665.9500,4806.8500
2006-12-11,5243.6000,5286.9000,5127.9000,5196.6500
2006-12-12,5190.9500,5217.0500,5025.1000,5061.4000
2006-12-13,5062.4000,5120.5500,4967.8000,5069.3500
2006-12-14,5056.7500,5226.2500,5056.7500,5202.6000
2006-12-15,5215.6500,5267.9500,5215.6500,5243.9000
2006-12-18,5254.9000,5317.3000,5148.1000,5300.8500
2006-12-19,5286.6000,5289.7500,5096.9500,5143.2500
2006-12-20,5178.5500,5221.5500,5076.6000,5110.6500
2006-12-21,5118.7500,5135.6000,5029.5500,5112.8000
2006-12-22,5122.3500,5194.8500,5095.1500,5177.6500
2006-12-26,5189.2000,5342.6000,5181.1500,5334.3000
2006-12-27,5352.6000,5418.8000,5352.6000,5406.5000
2006-12-28,5427.2000,5439.2000,5382.9500,5428.6500
2006-12-29,5416.4500,5460.4000,5409.2500,5432.2500
2007-01-02,5554.4500,5595.8500,5541.3000,5588.7000
2007-01-03,5170.2000,5387.8500,5144.2500,5346.3000
2007-01-04,5609.1500,5629.9000,5515.7500,5527.9000
2007-01-05,5518.0500,5570.3500,5481.5500,5501.9000
2007-01-06,5263.6000,5289.9500,5243.7000,5269.9500
2007-01-08,5490.3000,5500.8000,5327.8000,5370.3000
2007-01-09,5398.1500,5412.1000,5309.9500,5356.1500
2007-01-10,5333.3500,5349.3500,5276.1500,5322.2500
2007-01-11,5283.6500,5513.9000,5230.9500,5472.5500
2007-01-12,5520.0500,5608.5000,5517.2000,5598.0500
2007-01-15,5640.0500,5694.6000,5608.2000,5632.5500
2007-01-16,5740.3000,5740.3000,5635.4000,5643.5000
2007-01-17,5673.6000,5683.4500,5612.4000,5625.4000
2007-01-18,5633.4000,5692.6000,5633.4000,5665.7000
2007-01-19,5677.4000,5686.7000,5545.1000,5565.3000
2007-01-22,5561.9000,5622.2000,5540.8500,5608.8000
2007-01-23,5611.2500,5611.2500,5561.7000,5571.9500
2007-01-24,5572.5500,5612.4000,5569.2500,5601.3500
2007-01-25,5700.0000,5700.0000,5603.3500,5662.1000
2007-01-29,5655.0000,5663.7500,5573.4500,5597.4000
2007-01-31,5597.5000,5626.9500,5517.9500,5535.0000
2007-02-01,5554.4500,5595.8500,5541.3000,5588.7000
2007-02-02,5596.3500,5672.8000,5596.3500,5655.4000
2007-02-03,5361.4000,5377.7000,5172.7500,5200.6000
2007-02-04,5141.1500,5141.1500,4924.6500,4940.4500
2007-02-05,5667.6500,5671.6500,5622.0000,5646.3000
2007-02-06,5647.7000,5671.7000,5621.1000,5651.6500
2007-02-07,5214.1000,5217.2500,5157.4000,5168.7500
2007-02-08,5751.3500,5763.7500,5689.6000,5736.3000
2007-02-09,5734.9500,5770.9500,5672.8000,5694.6500
2007-02-11,4686.8000,4758.7500,4655.3000,4745.0500
2007-02-12,5623.9500,5684.4000,5581.2000,5597.6000
2007-02-13,5599.1000,5687.3500,5517.0000,5573.7500
2007-02-14,5573.6500,5623.2500,5512.5000,5606.6000
2007-02-15,5653.8500,5842.6500,5641.9000,5805.6500
2007-02-19,5839.6500,5857.1000,5815.2500,5830.5500
2007-02-20,5819.7000,5855.6500,5751.4500,5766.1000
2007-02-21,5765.5000,5791.9500,5695.4500,5705.5500
2007-02-22,5727.8500,5779.3000,5636.8000,5660.6000
2007-02-23,5678.8000,5694.0500,5511.4000,5527.5000
2007-02-26,5522.5000,5558.4000,5362.6500,5521.6000
2007-02-27,5526.7000,5540.3500,5404.4500,5446.1000
2007-02-28,5301.7500,5347.7500,5066.6500,5129.6000
2007-03-01,5170.2000,5387.8500,5144.2500,5346.3000
2007-03-02,5361.4000,5377.7000,5172.7500,5200.6000
2007-03-04,4930.3500,5057.5500,4930.3500,5028.3500
2007-03-05,5474.9000,5497.0000,5452.4500,5477.7000
2007-03-06,5198.2500,5250.1000,5007.0000,5189.1500
2007-03-07,5178.7000,5205.1500,5163.0000,5174.4000
2007-03-08,4831.0500,4912.1000,4831.0500,4886.0500
2007-03-09,4815.7000,4853.7500,4803.6500,4825.1000
2007-03-10,4735.8500,4943.6500,4735.8500,4920.1000
2007-03-12,4434.6000,4562.4000,4434.6000,4539.0000
2007-03-13,5239.0500,5323.2000,5204.6500,5314.0500
2007-03-14,5270.7500,5270.7500,5087.8500,5100.5000
2007-03-15,5129.3500,5242.7500,5129.3500,5184.2500
2007-03-16,5199.8500,5218.2500,5099.7000,5159.2000
2007-03-19,5131.0500,5270.8500,5131.0500,5262.0000
2007-03-20,5288.8000,5321.5500,5217.1500,5231.6500
2007-03-21,5220.0500,5300.7000,5199.5000,5291.0500
2007-03-22,5307.8000,5405.1500,5307.8000,5393.0000
2007-03-23,5415.7500,5432.2000,5352.7500,5369.8500
2007-03-26,5374.3000,5394.8000,5287.8000,5294.1000
2007-03-28,5254.0000,5260.6000,5084.5000,5097.6000
2007-03-29,5103.7500,5194.9500,5093.2000,5179.8000
2007-03-30,5195.3000,5218.4500,5155.7000,5180.7000
2007-04-01,5609.1500,5629.9000,5515.7500,5527.9000
2007-04-02,5141.1500,5141.1500,4924.6500,4940.4500
2007-04-03,4930.3500,5057.5500,4930.3500,5028.3500
2007-04-04,5074.2000,5106.4000,5027.0000,5085.4500
2007-04-05,5087.7000,5117.0500,5051.3500,5088.4000
2007-04-06,5339.1500,5339.1500,5196.6500,5209.2000
2007-04-07,5174.9000,5203.3000,5118.9000,5124.1500
2007-04-09,5077.5000,5209.9000,5077.5000,5193.9500
2007-04-10,4917.3000,4922.5500,4843.3500,4908.0000
2007-04-11,5156.1500,5171.9500,5077.6000,5090.5000
2007-04-12,4538.9000,4558.0000,4505.3000,4530.5500
2007-04-13,5186.1000,5370.0000,5131.7000,5353.4000
2007-04-16,5405.3500,5490.8500,5405.3500,5453.3500
2007-04-17,5498.2500,5498.2500,5296.2000,5333.2000
2007-04-18,5371.5000,5405.9000,5356.8500,5375.5000
2007-04-19,5310.8500,5369.0500,5249.3500,5325.1000
2007-04-20,5397.2000,5449.3000,5370.8500,5386.9000
2007-04-23,5413.0500,5445.6000,5362.4000,5370.9000
2007-04-24,5352.2500,5405.7500,5308.2500,5323.5500
2007-04-25,5306.0000,5306.0000,5242.5500,5290.4000
2007-04-26,5319.5500,5356.0000,5266.1000,5313.8000
2007-04-27,5332.2000,5332.2000,5272.3500,5302.4000
2007-04-30,5276.0500,5429.5500,5275.1500,5418.4000
2007-05-01,5518.0500,5570.3500,5481.5500,5501.9000
2007-05-02,5667.6500,5671.6500,5622.0000,5646.3000
2007-05-03,5474.9000,5497.0000,5452.4500,5477.7000
2007-05-04,5513.4000,5513.4000,5409.4000,5437.6500
2007-05-06,5220.4000,5265.9000,5184.7000,5251.5500
2007-05-07,5441.6000,5467.1500,5370.9500,5380.2500
2007-05-08,5366.3000,5366.8500,5289.2500,5297.6500
2007-05-09,5335.2500,5345.9000,5209.0500,5257.5500
2007-05-10,5282.7500,5348.7500,5233.0500,5246.1000
2007-05-11,5190.5000,5311.2500,5173.8500,5286.4500
2007-05-12,4530.1500,4550.4000,4499.4000,4527.6500
2007-05-14,5307.0000,5363.7500,5285.3000,5291.3500
2007-05-15,5289.4000,5310.1500,5208.0500,5234.6500
2007-05-16,5245.6500,5256.6000,5158.6500,5215.9000
2007-05-17,5236.1500,5303.8000,5236.0500,5294.3000
2007-05-18,5306.2000,5369.9500,5280.6000,5305.6000
2007-05-21,5326.5000,5334.7500,5223.2000,5238.1000
2007-05-22,5239.9500,5261.5000,5194.5500,5224.6500
2007-05-23,5233.1000,5246.3500,5189.7500,5205.9000
2007-05-24,5192.4500,5255.6500,5186.2500,5206.4500
2007-05-25,5178.2500,5322.0500,5147.2500,5309.1000
2007-05-28,5369.8000,5375.6500,5256.0500,5274.8000
2007-05-29,5256.3500,5287.0000,5231.8500,5275.7000
2007-05-30,5296.3000,5296.3000,5178.8000,5189.8500
2007-05-31,5193.8500,5257.0000,5193.8500,5218.3500
2007-06-01,5263.6000,5289.9500,5243.7000,5269.9500
2007-06-02,5647.7000,5671.7000,5621.1000,5651.6500
2007-06-03,5198.2500,5250.1000,5007.0000,5189.1500
2007-06-04,5339.1500,5339.1500,5196.6500,5209.2000
2007-06-05,5220.4000,5265.9000,5184.7000,5251.5500
2007-06-06,5265.2500,5311.6000,5208.5000,5221.3000
2007-06-07,5070.9500,5251.3000,5070.9500,5239.8500
2007-06-08,5268.3000,5395.7500,5256.3000,5338.4500
2007-06-09,4852.7500,4887.1000,4810.3000,4881.6500
2007-06-11,4679.2000,4716.9500,4646.7000,4654.7000
2007-06-12,5316.6000,5357.2500,5259.6000,5305.9000
2007-06-13,5295.8000,5329.4500,5262.4500,5279.2000
2007-06-14,5459.6500,5466.2000,5311.2000,5326.6500
2007-06-15,5335.8000,5371.9000,5267.2500,5281.9500
2007-06-18,5315.7000,5355.4500,5211.0500,5218.1500
2007-06-19,5204.7500,5224.5500,5142.3500,5193.3000
2007-06-20,5219.0000,5241.9000,5189.0500,5197.4000
2007-06-21,5193.4500,5227.5000,5159.9000,5203.2500
2007-06-22,5214.2500,5221.1000,5149.2000,5159.9000
2007-06-25,5165.8000,5167.2500,5084.2000,5110.4500
2007-06-26,5120.1000,5165.0500,5093.3500,5100.9500
2007-06-27,5102.9000,5154.8500,5102.9000,5135.4000
2007-06-28,5156.2000,5169.6500,5123.0500,5147.2000
2007-06-29,5169.5000,5203.1000,5165.8500,5192.3000
2007-07-02,5642.3000,5754.6000,5642.3000,5740.8500
2007-07-03,5243.3500,5282.4000,5008.0000,5098.0500
2007-07-04,5174.9000,5203.3000,5118.9000,5124.1500
2007-07-05,5441.6000,5467.1500,5370.9500,5380.2500
2007-07-06,5070.9500,5251.3000,5070.9500,5239.8500
2007-07-08,4814.4500,4876.0000,4810.3000,4823.2500
2007-07-09,5254.8000,5319.6500,5254.8000,5297.3500
2007-07-10,5307.7500,5374.6000,5294.9000,5313.1500
2007-07-11,4597.7500,4633.7500,4489.5000,4511.6000
2007-07-12,4644.3000,4723.4500,4493.1500,4711.4500
2007-07-13,5290.6000,5290.6000,5169.5000,5185.0500
2007-07-16,5187.2500,5200.9500,5111.9000,5131.5000
2007-07-17,5176.4000,5215.4000,5170.5000,5175.7000
2007-07-18,5173.5000,5202.7500,5153.7500,5179.3500
2007-07-19,5168.6000,5235.9500,5168.6000,5228.0000
2007-07-20,5230.6000,5261.5000,5174.8500,5190.0000
2007-07-23,5183.0500,5205.9500,5151.6500,5197.4000
2007-07-24,5204.9000,5212.6000,5165.7500,5197.2500
2007-07-25,5170.1000,5181.0500,5115.8500,5129.4000
2007-07-26,5154.7000,5259.6000,5141.0000,5241.2000
2007-07-27,5212.6500,5212.6500,5074.5000,5091.0500
2007-07-30,5085.2500,5085.2500,5032.9000,5045.0500
2007-07-31,5083.8500,5094.2500,5015.4500,5086.7000
2007-08-01,5083.1500,5093.2000,4900.4500,4909.3000
2007-08-02,5751.3500,5763.7500,5689.6000,5736.3000
2007-08-03,4831.0500,4912.1000,4831.0500,4886.0500
2007-08-05,5366.3000,5366.8500,5289.2500,5297.6500
2007-08-06,4888.3000,4888.3000,4749.5500,4794.9500
2007-08-07,4814.4500,4876.0000,4810.3000,4823.2500
2007-08-08,4890.5000,5065.3000,4890.5000,5007.7000
2007-08-09,5019.0000,5093.3500,4932.4500,4948.3000
2007-08-10,4887.9000,4990.3500,4766.5500,4976.3500
2007-08-11,4493.4500,4493.4500,4431.4000,4461.3500
2007-08-13,4978.2500,4995.4500,4932.7500,4955.8000
2007-08-14,4961.6500,4978.0000,4940.2000,4956.5500
2007-08-16,4834.8500,4857.3500,4755.4500,4813.1000
2007-08-17,4809.0000,4817.2000,4556.4500,4704.4500
2007-08-20,4745.9000,4863.8000,4671.0500,4680.3000
2007-08-21,4731.8000,4736.1000,4492.3000,4504.5500
2007-08-22,4505.0500,4574.1000,4439.2000,4554.7500
2007-08-23,4564.9500,4652.1000,4510.7500,4526.4000
2007-08-24,4545.9500,4594.8500,4488.2000,4579.6500
2007-08-27,4598.0000,4658.6000,4585.2500,4640.1000
2007-08-28,4645.6500,4729.5500,4616.7500,4714.5000
2007-08-29,4680.2000,4722.4000,4601.0000,4701.3500
2007-08-30,4715.0000,4778.4000,4711.3000,4756.0000
2007-08-31,4775.5500,4820.1000,4768.2000,4813.2000
2007-09-01,5398.1500,5412.1000,5309.9500,5356.1500
2007-09-02,5734.9500,5770.9500,5672.8000,5694.6500
2007-09-03,5230.8000,5274.4000,5158.2500,5189.5500
2007-09-04,4867.5500,4893.8000,4800.0000,4826.2500
2007-09-05,5335.2500,5345.9000,5209.0500,5257.5500
2007-09-06,4852.7500,4887.1000,4810.3000,4881.6500
2007-09-07,4890.0000,4901.6500,4850.3000,4866.2500
2007-09-08,5019.0000,5093.3500,4932.4500,4948.3000
2007-09-10,4859.1500,4859.1500,4758.3500,4763.1000
2007-09-11,4817.3000,4817.3000,4657.8500,4666.4500
2007-09-12,4675.2000,4710.6500,4629.2500,4635.3000
2007-09-13,4639.5000,4713.2500,4633.3500,4681.1000
2007-09-14,4723.1500,4726.5000,4633.0000,4641.6000
2007-09-17,4645.8500,4673.2500,4562.7000,4573.5500
2007-09-18,4577.7000,4593.3500,4558.6000,4576.7500
2007-09-19,4674.1000,4700.7500,4650.2500,4667.3000
2007-09-20,4666.0000,4666.0000,4558.2000,4566.0500
2007-09-21,4559.1500,4632.1000,4476.8500,4603.8500
2007-09-24,4605.7000,4631.7500,4539.9500,4560.2500
2007-09-25,4581.6000,4592.7000,4520.9500,4540.6000
2007-09-26,4608.1500,4725.0500,4570.7500,4703.4000
2007-09-27,4754.2500,4841.0000,4745.5500,4816.2000
2007-09-28,4790.6500,4882.8500,4769.4500,4804.2000
2007-10-01,5333.3500,5349.3500,5276.1500,5322.2500
2007-10-03,4735.8500,4943.6500,4735.8500,4920.1000
2007-10-04,4917.3000,4922.5500,4843.3500,4908.0000
2007-10-05,4908.9000,4912.5500,4842.7000,4868.4500
2007-10-07,5307.7500,5374.6000,5294.9000,5313.1500
2007-10-08,4887.9000,4990.3500,4766.5500,4976.3500
2007-10-09,4896.8500,5025.3500,4880.6000,5015.4000
2007-10-10,5027.0500,5187.3500,5027.0500,5171.6000
2007-10-11,5109.7500,5109.7500,4899.9500,4947.3000
2007-10-12,4898.9000,4903.2000,4802.2000,4877.8500
2007-10-15,4891.7500,4967.0000,4863.0000,4912.5500
2007-10-16,4912.7000,4955.3500,4815.1000,4836.4500
2007-10-17,4742.5500,4897.6500,4572.2000,4882.9000
2007-10-18,4939.1000,5037.5000,4846.7000,4904.3000
2007-10-19,4959.3500,4979.7000,4818.0500,4894.0500
2007-10-22,4824.1000,4858.8500,4779.4000,4807.0000
2007-10-23,4839.9000,4890.2500,4797.2500,4807.2500
2007-10-24,4860.7000,4884.4000,4739.8500,4756.8500
2007-10-25,4757.9000,4789.4500,4719.7500,4766.2000
2007-10-26,4766.7500,4844.6500,4742.6500,4824.6500
2007-10-29,4838.0000,4900.9000,4836.4500,4860.8000
2007-10-30,4869.8500,4888.3500,4801.6000,4824.4500
2007-10-31,4828.3500,4833.2500,4759.4500,4793.6500
2007-11-01,4811.9500,4836.2000,4738.6500,4751.8000
2007-11-02,4686.8000,4758.7500,4655.3000,4745.0500
2007-11-04,5156.1500,5171.9500,5077.6000,5090.5000
2007-11-05,4743.5000,4769.0000,4667.1500,4680.2000
2007-11-06,4679.2000,4716.9500,4646.7000,4654.7000
2007-11-07,4597.7500,4633.7500,4489.5000,4511.6000
2007-11-08,4493.4500,4493.4500,4431.4000,4461.3500
2007-11-09,4478.7000,4498.7000,4400.8500,4414.4000
2007-11-10,5109.7500,5109.7500,4899.9500,4947.3000
2007-11-12,4695.0500,4714.9500,4650.1000,4690.0500
2007-11-13,4320.1000,4369.5000,4270.0000,4281.2000
2007-11-14,4376.0500,4473.7000,4375.7500,4466.6000
2007-11-15,4465.8000,4465.8000,4369.9000,4386.0000
2007-11-16,4382.3500,4398.9500,4336.9000,4374.6000
2007-11-19,4365.2000,4436.9500,4356.3500,4390.8500
2007-11-20,4385.7000,4385.7000,4268.6500,4280.6000
2007-11-21,4268.2000,4300.7000,4179.9500,4201.2500
2007-11-22,4232.8500,4232.8500,4141.2000,4172.7500
2007-11-23,4177.7000,4271.1000,4177.7000,4238.6000
2007-11-26,4255.5000,4353.3000,4255.5000,4332.2000
2007-11-27,4338.0000,4363.3500,4284.9000,4355.9500
2007-11-28,4367.2500,4393.0000,4300.6500,4312.4000
2007-11-29,4342.3500,4400.5500,4258.5500,4284.7000
2007-11-30,4303.3000,4452.4000,4303.3000,4431.1500
2007-12-01,5520.0500,5608.5000,5517.2000,5598.0500
2007-12-02,5623.9500,5684.4000,5581.2000,5597.6000
2007-12-03,4434.6000,4562.4000,4434.6000,4539.0000
2007-12-04,5065.9500,5148.8000,5019.2000,5133.3500
2007-12-05,4530.1500,4550.4000,4499.4000,4527.6500
2007-12-06,4529.7500,4594.5500,4529.7500,4555.8000
2007-12-07,4644.3000,4723.4500,4493.1500,4711.4500
2007-12-09,4675.2000,4710.6500,4629.2500,4635.3000
2007-12-10,4729.2500,4763.3500,4663.9000,4679.1500
2007-12-11,4695.0500,4714.9500,4650.1000,4690.0500
2007-12-12,4652.8000,4667.4500,4569.9000,4657.5500
2007-12-13,4658.9000,4665.7000,4566.2500,4580.2500
2007-12-14,4580.5500,4604.6000,4551.1000,4569.7000
2007-12-17,4607.5000,4611.3500,4447.4500,4467.3500
2007-12-18,4469.6000,4488.5000,4402.5000,4452.0500
2007-12-19,4468.6000,4512.0000,4447.3500,4475.7500
2007-12-20,4462.6000,4614.1500,4450.5000,4593.8000
2007-12-24,4608.4000,4885.1500,4608.4000,4872.2000
2007-12-26,4883.2000,4919.8500,4818.1500,4879.6000
2007-12-27,4887.1500,4913.9500,4839.3000,4874.2000
2007-12-28,4766.2000,4854.3500,4766.2000,4824.6500
2007-12-31,4833.1000,4860.9500,4778.9500,4812.6000
2008-01-01,4809.9000,4814.8000,4738.3500,4748.2000
2008-01-02,4747.4000,4765.1500,4659.4000,4722.5000
2008-01-03,4679.9000,4704.6000,4602.4500,4616.8500
2008-01-04,3739.8000,3756.5500,3627.2500,3674.8500
2008-01-07,4580.0500,4580.0500,4453.5500,4460.9500
2008-01-08,3723.7500,3878.0000,3694.5500,3851.8500
2008-01-09,3925.4500,3965.6500,3892.2500,3933.9000
2008-01-10,4544.9500,4599.7000,4417.5000,4432.2000
2008-01-11,4391.6500,4509.9500,4363.2000,4404.3500
2008-01-12,2457.1000,2543.4000,2406.1000,2420.8000
2008-01-14,4405.5000,4413.8500,4259.1500,4268.1500
2008-01-15,4278.5500,4307.5500,4185.6000,4195.4000
2008-01-16,4188.5000,4206.5000,4132.7000,4173.3000
2008-01-17,4205.1000,4205.1000,4123.8500,4138.1500
2008-01-18,4139.5000,4145.5500,4041.9000,4060.0000
2008-01-21,4031.0000,4042.1000,3712.8000,3786.1500
2008-01-22,3770.1000,3847.4000,3318.2500,3626.5000
2008-01-23,3792.7000,3880.3500,3640.4500,3819.8000
2008-01-24,3891.0000,3944.4500,3696.3000,3726.0500
2008-01-25,3727.1000,3983.9000,3727.1000,3948.1500
2008-01-28,3874.9000,3895.2500,3704.3000,3800.7500
2008-01-29,3803.2000,3921.2500,3803.2000,3864.9000
2008-01-30,3864.9000,3873.0500,3820.5000,3846.6500
2008-01-31,3850.4500,3914.9000,3776.7500,3838.1500
2008-02-01,3856.0000,4102.0500,3849.6500,4074.1500
2008-02-04,3749.8500,3828.8000,3749.8500,3760.1500
2008-02-05,4388.9000,4480.3500,4388.9000,4458.5000
2008-02-06,4699.6500,4773.6500,4532.1500,4574.2000
2008-02-07,3973.4000,3992.8500,3829.5000,3846.2500
2008-02-08,3844.0000,4004.3500,3844.0000,3961.0500
2008-02-09,3934.0000,4064.3500,3934.0000,4047.9000
2008-02-11,3961.3500,4044.3500,3876.5000,3956.1500
2008-02-12,2333.4000,2368.9500,2293.9500,2356.7000
2008-02-13,3870.1000,3930.2000,3817.1000,3874.8000
2008-02-14,3900.8000,3988.4000,3900.8000,3921.6000
2008-02-15,3877.4000,3969.5000,3857.7500,3956.6000
2008-02-18,3959.1500,3981.4500,3884.5000,3903.6500
2008-02-19,3898.6000,3994.2000,3898.6000,3937.8500
2008-02-20,3964.0500,4003.6500,3926.0500,3943.9500
2008-02-21,3966.3500,4139.3000,3966.3500,4110.2500
2008-02-22,4109.1500,4109.1500,4000.3500,4017.3000
2008-02-25,4044.7000,4088.0000,4005.8000,4082.7000
2008-02-26,4124.7000,4147.4500,4090.4500,4138.9500
2008-02-27,4138.7500,4192.5500,4048.5000,4058.6000
2008-02-28,4067.9000,4079.2000,4015.6500,4062.3500
2008-02-29,4055.2500,4060.4000,3932.6500,3984.5000
2008-03-01,4679.9000,4704.6000,4602.4500,4616.8500
2008-03-03,3932.0500,3937.2500,3793.9000,3825.1000
2008-03-04,3863.6500,3863.6500,3759.9000,3782.0000
2008-03-05,3812.8500,3917.1500,3777.6500,3902.7500
2008-03-06,4519.4500,4540.2500,4407.4000,4524.8500
2008-03-07,4087.3000,4087.3000,3906.5000,3982.9500
2008-03-10,3218.4000,3218.4000,3086.7500,3106.5500
2008-03-11,3700.4000,3700.4000,3649.2000,3669.0500
2008-03-12,3698.8500,3778.0500,3606.7500,3621.3000
2008-03-13,3583.5500,3583.5500,3406.2000,3439.5000
2008-03-14,3394.9000,3546.5000,3394.9000,3530.7000
2008-03-17,3454.3500,3473.0000,3388.8000,3405.9500
2008-03-18,3415.5500,3508.0000,3377.5500,3440.3500
2008-03-19,3496.4500,3564.8000,3486.1000,3501.1500
2008-03-24,3495.3000,3590.1500,3495.3000,3563.2500
2008-03-25,3619.2500,3906.8000,3619.2500,3831.5500
2008-03-26,3907.1000,3917.8500,3787.4000,3831.0500
2008-03-27,3809.5000,3813.1000,3717.4500,3735.1000
2008-03-28,3739.3000,3924.2500,3731.1000,3904.7000
2008-03-31,3808.6500,3855.3000,3650.8000,3704.9500
2008-04-01,3739.8000,3756.5500,3627.2500,3674.8500
2008-04-02,4099.7500,4296.9500,4099.7500,4257.3500
2008-04-03,3863.6500,3863.6500,3759.9000,3782.0000
2008-04-04,3848.9000,3898.5500,3765.9000,3801.6000
2008-04-06,4520.0500,4526.1000,4395.6500,4418.5000
2008-04-07,3837.1500,3945.6500,3809.9000,3892.2000
2008-04-08,3826.4000,3887.7500,3819.8000,3841.3000
2008-04-09,3827.8500,3859.7000,3795.4500,3826.6500
2008-04-10,3836.3000,3915.0500,3804.1000,3825.9000
2008-04-11,2709.2500,2709.2500,2510.5000,2589.5000
2008-04-12,2309.8500,2374.5500,2299.7500,2368.6000
2008-04-15,3824.9000,4073.2000,3798.2000,4033.0000
2008-04-16,4063.7000,4207.8000,4063.7000,4160.1000
2008-04-17,4225.3000,4320.4000,4209.0500,4304.2000
2008-04-21,4317.6000,4435.1000,4263.7000,4277.3000
2008-04-22,4206.9500,4207.0500,4035.6500,4053.3500
2008-04-23,4051.0500,4114.7000,4044.4500,4097.2000
2008-04-24,4098.0500,4156.9000,4079.4500,4137.6000
2008-04-25,4127.6000,4189.5000,4126.4000,4165.6000
2008-04-28,3978.5500,4190.1000,3978.5500,4129.2000
2008-04-29,4132.9500,4338.6000,4102.4000,4318.6000
2008-04-30,4330.3500,4414.4500,4284.5000,4357.6500
2008-05-02,4388.9000,4480.3500,4388.9000,4458.5000
2008-05-03,3812.8500,3917.1500,3777.6500,3902.7500
2008-05-05,4467.7500,4472.7500,4384.7000,4392.5500
2008-05-06,4341.9000,4501.8500,4305.6500,4440.3500
2008-05-07,4496.2500,4543.9000,4474.4000,4495.0500
2008-05-08,4467.0000,4467.0000,4325.8000,4407.4500
2008-05-09,4005.5000,4005.5000,3917.6500,3927.4000
2008-05-11,2592.1000,2722.9500,2558.7500,2589.8500
2008-05-12,2346.9500,2346.9500,2262.1500,2275.7500
2008-05-13,4352.4000,4463.8000,4312.8500,4344.3500
2008-05-14,4352.8000,4532.2500,4325.9000,4512.3500
2008-05-15,4513.0000,4620.1000,4501.7000,4569.0000
2008-05-16,4589.6000,4619.2000,4523.3000,4552.6500
2008-05-20,4504.0500,4549.8000,4489.5500,4513.8000
2008-05-21,4504.8500,4525.5500,4450.6000,4510.2000
2008-05-22,4495.6500,4542.4500,4464.0000,4476.7000
2008-05-23,4500.3500,4519.8000,4381.1500,4390.3500
2008-05-26,4389.2000,4461.9000,4331.1000,4436.1000
2008-05-27,4482.8000,4512.7000,4431.9500,4490.2000
2008-05-28,4501.9500,4629.0000,4501.9500,4614.9500
2008-05-29,4629.3500,4671.0500,4567.8500,4588.2500
2008-05-30,4592.4000,4704.3500,4543.1500,4688.3500
2008-06-02,4191.5000,4191.5000,3956.7000,3976.4500
2008-06-03,4519.4500,4540.2500,4407.4000,4524.8500
2008-06-04,4520.0500,4526.1000,4395.6500,4418.5000
2008-06-05,4341.9000,4501.8500,4305.6500,4440.3500
2008-06-06,4642.2500,4681.1000,4557.9000,4571.3000
2008-06-08,3932.5500,4020.7000,3932.5500,3965.1000
2008-06-09,4495.9000,4495.9000,4320.0500,4359.3500
2008-06-10,3081.3500,3081.3500,2871.2500,2912.7000
2008-06-11,2534.3000,2597.3500,2458.4500,2489.5500
2008-06-12,4260.1000,4317.2000,4186.4500,4300.7000
2008-06-13,4319.8000,4377.4500,4287.1500,4322.7000
2008-06-16,4352.7500,4439.6500,4352.7500,4380.2500
2008-06-17,4383.9500,4433.5000,4354.4500,4425.1000
2008-06-18,4429.1000,4434.9500,4313.3000,4323.1000
2008-06-19,4283.1000,4331.9000,4259.2500,4295.9000
2008-06-20,4322.9000,4334.7000,4158.9000,4179.7000
2008-06-23,4133.6000,4234.9500,4133.6000,4191.5500
2008-06-24,4176.9500,4224.1000,4083.8500,4108.9500
2008-06-25,4079.9000,4111.0000,4010.3000,4091.0000
2008-06-26,4116.4000,4214.3000,4105.0000,4193.7500
2008-06-27,4131.3500,4131.3500,3988.9500,4002.6000
2008-06-30,4016.7500,4067.1500,3977.7500,3999.4000
2008-07-01,4580.0500,4580.0500,4453.5500,4460.9500
2008-07-02,3973.4000,3992.8500,3829.5000,3846.2500
2008-07-03,3880.9500,3880.9500,3703.2500,3762.0500
2008-07-04,3837.1500,3945.6500,3809.9000,3892.2000
2008-07-05,4496.2500,4543.9000,4474.4000,4495.0500
2008-07-07,4015.9500,4128.0000,4015.9500,4091.8000
2008-07-08,4031.5000,4036.9500,3953.6000,3967.6000
2008-07-09,3999.7000,4152.3500,3999.7000,4133.7000
2008-07-10,4128.6000,4178.9500,4060.6500,4104.1500
2008-07-11,4183.1500,4194.8000,3809.5000,3839.5000
2008-07-14,3822.8000,3822.8000,3636.0000,3659.2500
2008-07-15,3615.1500,3703.9500,3527.0500,3552.6500
2008-07-16,3576.4000,3605.5000,3475.8500,3511.5000
2008-07-17,3585.6500,3652.8500,3585.6500,3637.3500
2008-07-18,3658.7500,3668.6500,3476.5500,3571.6000
2008-07-21,3608.7500,3629.5000,3535.0000,3590.6500
2008-07-22,3605.4000,3705.6500,3584.5000,3690.5500
2008-07-23,3743.2000,3810.2000,3687.7500,3800.4500
2008-07-24,3816.1500,3816.1500,3609.5500,3682.8000
2008-07-25,3666.5500,3729.4000,3619.5000,3657.0500
2008-07-28,3656.6500,3696.0000,3644.5000,3664.0000
2008-07-29,3513.4500,3662.1000,3513.4500,3645.0000
2008-07-30,3677.7000,3787.9500,3677.7000,3780.9000
2008-07-31,3819.2500,3819.2500,3732.4500,3752.8500
2008-08-01,3723.7500,3878.0000,3694.5500,3851.8500
2008-08-02,3844.0000,4004.3500,3844.0000,3961.0500
2008-08-04,3826.4000,3887.7500,3819.8000,3841.3000
2008-08-05,4467.0000,4467.0000,4325.8000,4407.4500
2008-08-06,3932.5500,4020.7000,3932.5500,3965.1000
2008-08-07,3972.1000,4020.8000,3949.4500,3975.9000
2008-08-08,3949.7500,3973.9000,3898.7500,3916.4000
2008-08-09,3998.7000,4060.8000,3985.3500,4011.8500
2008-08-10,2738.9500,2738.9500,2515.3500,2645.8500
2008-08-11,3938.8000,3980.2500,3880.2500,3917.4500
2008-08-12,2282.6000,2367.2500,2282.6000,2304.2000
2008-08-13,3788.1000,3866.2000,3787.3500,3854.8500
2008-08-14,3862.9500,3942.6000,3854.2000,3907.4000
2008-08-18,3919.4500,3985.9500,3909.0000,3919.4500
2008-08-19,3927.5000,3931.7500,3872.4500,3898.0500
2008-08-20,3900.9500,3937.1500,3887.9500,3912.6500
2008-08-21,3902.1000,3911.5500,3809.4000,3817.3500
2008-08-22,3811.8000,3839.4500,3791.1500,3829.4000
2008-08-25,3848.2500,3900.5500,3842.4500,3850.8500
2008-08-26,3827.5500,3910.6000,3827.5500,3897.1000
2008-08-27,3906.6500,3918.5500,3869.3000,3877.9000
2008-08-28,3885.0000,3895.7500,3793.7500,3806.9000
2008-08-29,3827.0000,3931.6000,3827.0000,3926.8000
2008-09-01,3925.4500,3965.6500,3892.2500,3933.9000
2008-09-02,3934.0000,4064.3500,3934.0000,4047.9000
2008-09-04,4047.6000,4071.5500,4006.1000,4054.2000
2008-09-05,4005.5000,4005.5000,3917.6500,3927.4000
2008-09-06,4495.9000,4495.9000,4320.0500,4359.3500
2008-09-07,3999.7000,4152.3500,3999.7000,4133.7000
2008-09-08,3998.7000,4060.8000,3985.3500,4011.8500
2008-09-09,4009.2500,4054.7000,3964.0500,4020.8500
2008-09-10,4021.6000,4056.7000,3989.2000,3997.9000
2008-09-11,4018.9500,4018.9500,3933.9500,3952.3500
2008-09-12,3969.1500,3969.1500,3794.2500,3806.4500
2008-09-15,3729.0000,3751.2500,3515.7500,3606.5000
2008-09-16,3493.3500,3573.1500,3446.9000,3540.3500
2008-09-17,3554.4000,3633.0000,3496.9500,3511.8500
2008-09-18,3422.5000,3520.7000,3300.6000,3449.3500
2008-09-19,3560.7000,3673.0000,3550.9000,3660.1000
2008-09-22,3694.1500,3710.1000,3614.0000,3643.4000
2008-09-23,3572.8500,3604.7500,3449.2000,3459.7500
2008-09-24,3489.7000,3489.7000,3346.0000,3410.0000
2008-09-25,3415.9500,3417.4000,3300.4500,3314.4500
2008-09-26,3318.2000,3318.2000,3193.5000,3211.8500
2008-09-29,3192.4500,3192.4500,3006.0500,3050.9500
2008-09-30,2974.5000,3192.2500,2902.1000,3107.0500
2008-10-01,3111.0500,3214.4500,3111.0500,3193.0500
2008-10-03,3742.5500,3797.6000,3676.3000,3701.4000
2008-10-04,3836.3000,3915.0500,3804.1000,3825.9000
2008-10-06,4348.1500,4358.5500,4165.9500,4249.9000
2008-10-07,4128.6000,4178.9500,4060.6500,4104.1500
2008-10-08,2738.9500,2738.9500,2515.3500,2645.8500
2008-10-09,4021.6000,4056.7000,3989.2000,3997.9000
2008-10-10,2610.4000,2610.4000,2336.9000,2498.8500
2008-10-11,2597.3000,2688.4500,2544.2500,2672.4500
2008-10-12,2341.7500,2402.3500,2339.3000,2391.3500
2008-10-13,2549.6000,2730.3500,2521.3000,2694.8000
2008-10-14,2700.4500,2920.1500,2700.4500,2819.3500
2008-10-15,2762.1500,2762.1500,2627.6000,2656.0000
2008-10-16,2527.9500,2580.7500,2363.8500,2533.6000
2008-10-17,2565.4500,2625.9500,2375.5500,2391.5000
2008-10-20,2441.0000,2613.8500,2436.5000,2577.4000
2008-10-21,2629.1500,2787.4500,2600.3500,2767.3000
2008-10-22,2719.4000,2719.4000,2610.9000,2649.7500
2008-10-23,2553.2000,2769.6500,2504.7500,2603.9500
2008-10-24,2541.3000,2573.4500,2307.9500,2415.5500
2008-10-27,2388.0000,2427.9500,2125.2500,2380.9000
2008-10-28,2442.0500,2544.5000,2442.0500,2519.7500
2008-10-29,2585.3500,2620.7000,2498.4000,2549.2500
2008-10-31,2585.7000,2802.2500,2585.7000,2686.9500
2008-11-01,4391.6500,4509.9500,4363.2000,4404.3500
2008-11-02,3961.3500,4044.3500,3876.5000,3956.1500
2008-11-03,2776.5000,2806.7000,2645.0500,2709.3500
2008-11-04,3837.5000,3887.7000,3805.3000,3824.6500
2008-11-05,2592.1000,2722.9500,2558.7500,2589.8500
2008-11-06,2534.3000,2597.3500,2458.4500,2489.5500
2008-11-07,2451.3000,2584.0000,2435.3000,2550.3500
2008-11-08,3938.8000,3980.2500,3880.2500,3917.4500
2008-11-09,4018.9500,4018.9500,3933.9500,3952.3500
2008-11-10,2597.3000,2688.4500,2544.2500,2672.4500
2008-11-11,2642.8000,2659.4500,2489.6000,2514.8500
2008-11-12,2394.2500,2394.2500,2273.4500,2294.5000
2008-11-14,2558.3500,2577.4000,2419.0000,2449.6000
2008-11-17,2452.1500,2468.2500,2366.1000,2454.2000
2008-11-18,2430.7500,2430.7500,2305.9500,2321.2000
2008-11-19,2341.5500,2358.0000,2257.9500,2277.8000
2008-11-20,2227.5500,2244.5000,2161.0000,2212.3500
2008-11-21,2190.5500,2346.8000,2186.3000,2328.5000
2008-11-24,2313.0000,2379.8000,2271.3500,2349.6000
2008-11-25,2419.3000,2420.7500,2298.3000,2310.9000
2008-11-26,2316.6000,2373.6500,2281.6000,2364.5000
2008-11-28,2322.2000,2466.9000,2322.2000,2449.9500
2008-12-01,2457.1000,2543.4000,2406.1000,2420.8000
2008-12-02,3972.0000,4063.9000,3865.0000,3880.1500
2008-12-03,2368.4000,2389.3000,2264.5500,2300.9000
2008-12-04,2309.8500,2374.5500,2299.7500,2368.6000
2008-12-05,4287.1500,4406.4000,4287.1500,4380.0500
2008-12-06,4260.1000,4317.2000,4186.4500,4300.7000
2008-12-08,2282.6000,2367.2500,2282.6000,2304.2000
2008-12-09,3969.1500,3969.1500,3794.2500,3806.4500
2008-12-10,2341.7500,2402.3500,2339.3000,2391.3500
2008-12-11,2494.7500,2603.6000,2462.1500,2511.7000
2008-12-12,2268.6500,2268.6500,2171.8500,2211.9500
2008-12-15,2241.1000,2279.8000,2193.2000,2201.1000
2008-12-16,2201.3000,2275.3500,2190.6500,2265.9000
2008-12-17,2245.6000,2290.6500,2208.5500,2218.9500
2008-12-18,2231.3000,2330.8500,2231.3000,2320.1500
2008-12-19,2322.8500,2343.8500,2273.6500,2329.4000
2008-12-22,2324.8000,2352.5000,2298.4000,2317.1500
2008-12-23,2300.4500,2302.6500,2246.2000,2259.6500
2008-12-24,2289.7000,2289.7000,2185.9500,2195.5000
2008-12-26,2191.6500,2213.1500,2115.7000,2126.1000
2008-12-29,2121.4000,2155.7000,2066.7000,2146.5500
2008-12-30,2147.7000,2207.7000,2138.3000,2197.5500
2008-12-31,2215.6000,2222.6500,2170.0000,2187.0000
2009-01-01,2201.9500,2285.6000,2197.0500,2280.1500
2009-01-02,2287.4500,2304.0000,2255.1500,2262.8000
2009-01-04,2317.3500,2387.2000,2289.4000,2379.8000
2009-01-05,2265.3500,2329.5000,2265.3500,2318.0000
2009-01-06,3173.6500,3315.4500,3173.6500,3303.0500
2009-01-07,3500.7000,3550.4500,3476.0000,3526.7000
2009-01-09,2167.0500,2255.5500,2125.6500,2210.0000
2009-01-10,5149.1500,5215.2500,5076.6500,5174.0500
2009-01-12,5389.1000,5406.5000,5355.1000,5394.4000
2009-01-13,2072.2500,2207.8000,2046.3000,2181.2000
2009-01-14,2226.9500,2301.7500,2217.5000,2262.9500
2009-01-15,2176.2000,2184.1500,2118.7500,2173.5500
2009-01-16,2173.1000,2199.3000,2151.8000,2190.9000
2009-01-19,2195.3000,2201.2000,2146.5000,2171.4500
2009-01-20,2148.3000,2158.5500,2120.2000,2145.4500
2009-01-21,2138.9500,2142.8500,2083.0500,2097.7500
2009-01-22,2124.8500,2124.8500,2066.4500,2106.6000
2009-01-23,2091.7500,2102.4500,2047.3000,2065.1500
2009-01-27,2091.9500,2166.6500,2091.9500,2147.8500
2009-01-28,2132.7500,2210.9000,2132.7500,2201.2500
2009-01-29,2211.4500,2223.4000,2173.1000,2204.9500
2009-01-30,2187.3500,2233.8000,2167.8000,2225.7500
2009-02-01,2287.4500,2304.0000,2255.1500,2262.8000
2009-02-02,2213.8500,2213.8500,2146.2500,2157.3500
2009-02-03,2162.2000,2211.4000,2147.5000,2178.0000
2009-02-04,2186.3500,2221.8500,2165.8000,2175.6000
2009-02-05,2181.6500,2187.3500,2110.7000,2129.7500
2009-02-06,3321.8000,3359.5500,3285.5500,3312.5500
2009-02-07,3534.0500,3541.9000,3486.9500,3534.2000
2009-02-09,2187.2000,2234.7000,2178.0000,2221.1500
2009-02-10,2225.8000,2249.6000,2208.8000,2234.5000
2009-02-11,2208.4500,2218.1000,2192.3500,2209.1500
2009-02-12,5412.8000,5420.9500,5340.1500,5362.7500
2009-02-13,2187.2500,2210.9500,2183.2500,2191.6000
2009-02-16,2188.2500,2195.5500,2131.5000,2138.1500
2009-02-17,2131.8000,2131.8000,2054.3500,2074.6000
2009-02-18,2055.3500,2097.3500,2055.3500,2074.1000
2009-02-19,2071.9500,2130.4000,2071.9500,2124.9500
2009-02-20,2113.1500,2113.1500,2035.8500,2062.9000
2009-02-24,2059.1500,2062.4000,2012.2500,2052.4000
2009-02-25,2062.9000,2106.7000,2062.9000,2102.1500
2009-02-26,2098.8000,2122.6000,2085.5000,2110.5000
2009-02-27,2104.8000,2105.6000,2042.2500,2094.1000
2009-03-02,2077.6000,2077.6000,2023.7500,2041.8500
2009-03-03,2042.3000,2043.3000,1993.8000,2002.0000
2009-03-04,2004.4500,2041.4000,1998.2000,2029.0000
2009-03-05,2036.3500,2043.3500,1999.7000,2010.6500
2009-03-06,1999.9000,2082.0000,1992.8000,2073.6000
2009-03-07,3528.8500,3560.7500,3481.8000,3545.3000
2009-03-08,4339.5000,4395.2500,4309.9500,4380.1500
2009-03-09,2054.9500,2054.9500,2014.2500,2022.8000
2009-03-11,5060.9000,5068.9500,4828.3000,4849.8500
2009-03-12,5386.2000,5447.8000,5363.4500,5413.9500
2009-03-13,2085.3000,2188.4000,2085.3000,2184.3500
2009-03-16,2182.0500,2217.5000,2166.0500,2211.5500
2009-03-17,2210.0000,2210.0000,2156.9500,2173.7000
2009-03-18,2194.5000,2242.9000,2185.0500,2199.3000
2009-03-19,2200.7000,2258.8500,2200.7000,2239.2000
2009-03-20,2225.1000,2240.8500,2208.2500,2229.3500
2009-03-23,2228.8000,2292.4500,2228.8000,2286.1000
2009-03-24,2286.7000,2342.0000,2261.3000,2283.3000
2009-03-25,2284.2500,2321.4000,2274.5500,2300.3500
2009-03-26,2320.4500,2418.4000,2306.8500,2387.4500
2009-03-27,2398.4000,2408.4000,2333.6000,2387.7500
2009-03-30,2358.5000,2358.5000,2249.4500,2267.3500
2009-03-31,2296.0000,2335.6000,2280.2500,2318.7000
2009-04-01,2317.3500,2387.2000,2289.4000,2379.8000
2009-04-02,2186.3500,2221.8500,2165.8000,2175.6000
2009-04-03,2004.4500,2041.4000,1998.2000,2029.0000
2009-04-05,2804.9000,3006.5000,2804.9000,2988.3000
2009-04-06,2525.3500,2559.2000,2469.1000,2502.7000
2009-04-08,2492.9500,2594.4000,2431.5500,2569.4500
2009-04-09,4709.8500,4731.7500,4655.5500,4704.6500
2009-04-11,4877.0500,5034.3500,4877.0500,5023.3500
2009-04-12,5422.4500,5497.2500,5401.2500,5429.6000
2009-04-13,2593.3500,2606.5500,2484.1500,2542.1500
2009-04-15,2437.5500,2531.4000,2397.6500,2523.7500
2009-04-16,2537.1500,2557.4500,2477.7500,2492.0000
2009-04-17,2490.6500,2607.9000,2490.6500,2537.3000
2009-04-20,2522.1500,2581.3000,2501.8500,2531.5500
2009-04-21,2551.2500,2551.2500,2486.2000,2499.4000
2009-04-22,2520.9000,2551.4500,2471.5500,2495.2500
2009-04-23,2497.6000,2660.9500,2497.6000,2640.5000
2009-04-24,2640.8500,2661.6000,2588.3500,2655.2500
2009-04-27,2629.9000,2698.9500,2619.0500,2682.8500
2009-04-28,2685.8000,2692.9000,2638.1500,2647.6000
2009-04-29,2650.2000,2781.6000,2650.2000,2770.8500
2009-05-01,2265.3500,2329.5000,2265.3500,2318.0000
2009-05-02,2181.6500,2187.3500,2110.7000,2129.7500
2009-05-03,2036.3500,2043.3500,1999.7000,2010.6500
2009-05-04,2804.9000,3006.5000,2804.9000,2988.3000
2009-05-05,3003.4000,3003.4000,2886.3500,2948.6500
2009-05-06,2931.0000,2953.5000,2875.4000,2893.5000
2009-05-07,2893.3000,2929.5000,2857.1000,2920.5000
2009-05-08,2917.9500,2938.0500,2828.0500,2851.5500
2009-05-10,5114.4000,5203.4500,5088.8500,5119.6000
2009-05-11,2852.1000,2877.4500,2795.7500,2814.7500
2009-05-12,2790.7000,2964.6000,2790.7000,2954.5500
2009-05-13,2955.3500,2983.5500,2893.5000,2910.9500
2009-05-14,2856.0000,2910.9000,2838.4500,2896.5500
2009-05-15,2921.9500,3005.9500,2913.7000,2981.1500
2009-05-18,3343.6000,3375.2000,3277.2000,3351.8500
2009-05-19,3369.7000,3369.7000,3011.2500,3027.1000
2009-05-20,3005.1000,3119.2000,3005.1000,3069.3500
2009-05-21,3062.2000,3107.3500,2991.1000,2999.6500
2009-05-22,2973.6000,3025.9000,2960.9000,3020.2000
2009-05-25,3039.0500,3044.9000,2980.8000,3021.2500
2009-05-26,3036.0000,3073.2500,3005.4500,3016.0500
2009-05-27,3056.4500,3124.8000,3056.4500,3119.7000
2009-05-28,3119.5500,3165.5500,3100.3500,3114.7500
2009-05-29,3138.6000,3217.5500,3121.5000,3206.2000
2009-06-01,3173.6500,3315.4500,3173.6500,3303.0500
2009-06-02,3321.8000,3359.5500,3285.5500,3312.5500
2009-06-03,3313.8500,3354.9500,3260.2500,3308.4500
2009-06-04,3296.4500,3320.0500,3270.6000,3306.7500
2009-06-05,3328.6000,3380.9000,3312.9000,3363.2500
2009-06-07,3547.0000,3581.2500,3422.6500,3430.5500
2009-06-08,4409.0500,4427.1500,4291.5500,4316.4000
2009-06-09,3377.8500,3590.8500,3371.4000,3583.0000
2009-06-10,3616.9500,3720.7000,3596.9500,3642.8000
2009-06-11,3648.5500,3649.7500,3538.8500,3561.3500
2009-06-12,3566.2000,3593.5000,3487.7000,3498.3500
2009-06-15,3493.0500,3537.8500,3446.0500,3478.1000
2009-06-16,3439.7500,3520.0500,3412.8000,3503.1500
2009-06-17,3493.6000,3499.7500,3390.0500,3410.7500
2009-06-18,3366.2500,3493.3500,3366.2500,3400.9500
2009-06-19,3421.4500,3496.4000,3419.1500,3462.8500
2009-06-22,3492.7500,3517.0500,3409.9500,3422.3000
2009-06-23,3367.7000,3440.7500,3350.4500,3407.7000
2009-06-24,3427.9000,3516.7500,3369.2500,3476.2500
2009-06-25,3482.3500,3545.2000,3443.9000,3462.1500
2009-06-26,3503.3000,3599.9500,3462.7500,3577.5500
2009-06-29,3586.1000,3595.0000,3504.9500,3514.4000
2009-06-30,3515.0500,3552.0500,3480.5000,3497.6500
2009-07-01,2336.7500,2360.5500,2109.4000,2178.3000
2009-07-02,3534.0500,3541.9000,3486.9500,3534.2000
2009-07-03,3528.8500,3560.7500,3481.8000,3545.3000
2009-07-05,2893.3000,2929.5000,2857.1000,2920.5000
2009-07-06,3547.0000,3581.2500,3422.6500,3430.5500
2009-07-07,3444.6500,3475.2000,3419.9500,3449.0000
2009-07-08,4286.3500,4342.8500,4262.1000,4278.0000
2009-07-09,3360.4000,3397.5000,3339.4000,3374.5500
2009-07-10,5101.3500,5111.7000,4918.3000,4929.1500
2009-07-12,5442.1000,5493.6000,5419.1000,5442.5000
2009-07-13,3437.3000,3471.5500,3407.5500,3459.5000
2009-07-14,3483.1000,3585.0000,3481.8500,3561.9500
2009-07-15,3555.3000,3644.6000,3555.3000,3628.5500
2009-07-16,3661.2500,3682.0000,3621.1000,3634.2500
2009-07-17,3665.2000,3793.6000,3665.2000,3772.9500
2009-07-20,3842.8000,4170.9500,3842.8000,4092.5000
2009-07-21,4095.3000,4115.5500,3992.9500,4010.5000
2009-07-22,4046.4500,4057.1000,3900.1000,3932.9000
2009-07-23,3974.5000,4029.0000,3974.5000,4005.0000
2009-07-24,4041.9000,4090.7000,4028.0500,4076.0000
2009-07-27,4073.6000,4135.8000,4071.0500,4088.7000
2009-07-28,4087.3000,4101.1500,4038.8000,4089.1000
2009-07-29,4068.0000,4144.2000,4032.2000,4129.7500
2009-07-30,4139.3500,4318.6000,4127.3500,4292.8500
2009-07-31,4334.7000,4374.5500,4284.2500,4330.0500
2009-08-03,4339.5000,4395.2500,4309.9500,4380.1500
2009-08-04,4353.5000,4400.9500,4286.8000,4335.1500
2009-08-05,2917.9500,2938.0500,2828.0500,2851.5500
2009-08-06,3382.7000,3429.7500,3372.9500,3403.4000
2009-08-07,3418.1000,3418.1000,3320.5500,3365.1500
2009-08-09,4788.3500,4837.5000,4740.8000,4757.1000
2009-08-10,4937.3500,4954.2500,4815.3500,4837.3500
2009-08-11,4420.5500,4488.8500,4366.1500,4422.1000
2009-08-12,5444.4000,5506.4500,5417.0000,5499.8000
2009-08-13,4388.3000,4440.5500,4376.1500,4432.3500
2009-08-14,4436.0500,4441.7500,4356.7000,4391.9500
2009-08-17,4346.6500,4346.6500,4247.0500,4264.1500
2009-08-18,4251.8500,4324.8500,4241.9000,4291.5000
2009-08-19,4301.6500,4320.8000,4202.6000,4236.1000
2009-08-20,4269.4500,4320.0500,4269.4500,4284.8000
2009-08-21,4287.1000,4377.5500,4247.0000,4368.1500
2009-08-24,4411.6500,4494.1000,4411.6500,4482.3000
2009-08-25,4475.8000,4600.7500,4456.6500,4591.7000
2009-08-26,4597.4000,4762.3500,4597.4000,4730.5500
2009-08-27,4729.8000,4789.4000,4716.8000,4753.0000
2009-08-28,4753.8500,4765.6000,4648.0000,4721.1500
2009-08-31,4644.0500,4649.9500,4602.7500,4618.3500
2009-09-01,4625.5500,4707.8500,4595.8500,4644.5000
2009-09-02,4602.5500,4721.1000,4601.7500,4680.2000
2009-09-03,4686.5000,4731.3500,4640.3000,4686.9000
2009-09-04,4709.8500,4731.7500,4655.5500,4704.6500
2009-09-06,3377.8500,3590.8500,3371.4000,3583.0000
2009-09-07,3360.4000,3397.5000,3339.4000,3374.5500
2009-09-08,4788.3500,4837.5000,4740.8000,4757.1000
2009-09-09,4763.1000,4768.7500,4686.7000,4736.4000
2009-09-10,4915.4500,4957.2500,4761.4500,4774.8000
2009-09-11,4727.4500,4811.6500,4727.4500,4785.6500
2009-09-12,5491.7500,5556.0000,5476.2000,5543.2000
2009-09-14,4726.8000,4803.2500,4726.8000,4786.0500
2009-09-15,4806.3500,4861.6500,4798.3000,4846.3500
2009-09-16,4872.3000,4887.3000,4844.7500,4880.9500
2009-09-17,4907.1500,5000.1000,4905.2000,4973.7500
2009-09-18,4973.2000,5015.8500,4958.0000,4979.0500
2009-09-22,4978.0000,5097.8500,4970.6000,5084.5000
2009-09-23,5078.6000,5101.4500,4972.1000,4992.6500
2009-09-24,4935.2500,5016.7500,4883.3500,4997.9000
2009-09-25,4985.2000,4985.2000,4897.9500,4905.6000
2009-09-29,4988.7000,5063.1000,4965.2500,5044.2000
2009-09-30,5043.9000,5141.5500,5043.9000,5122.1000
2009-10-01,5149.1500,5215.2500,5076.6500,5174.0500
2009-10-02,2225.8000,2249.6000,2208.8000,2234.5000
2009-10-05,5114.4000,5203.4500,5088.8500,5119.6000
2009-10-06,3616.9500,3720.7000,3596.9500,3642.8000
2009-10-07,3366.9500,3507.2000,3366.9500,3423.6000
2009-10-08,4937.3500,4954.2500,4815.3500,4837.3500
2009-10-09,4745.2500,4809.0500,4722.1500,4744.5000
2009-10-11,5136.5500,5159.6000,5056.3500,5064.8500
2009-10-12,5543.5500,5561.9000,5515.9000,5532.4500
2009-10-14,4952.4500,5007.5500,4931.0500,4976.0500
2009-10-15,4980.0000,5000.2000,4870.5500,4919.3500
2009-10-16,4935.3500,4978.3000,4923.6000,4937.3500
2009-10-17,4969.5000,4990.5500,4954.8000,4967.4500
2009-10-20,5000.4500,5059.0500,4998.6000,5014.1000
2009-10-21,5017.5500,5128.6500,5013.3500,5074.4500
2009-10-22,5059.1500,5135.5000,4993.1000,5033.6000
2009-10-23,5054.3000,5163.9000,5054.3000,5126.1500
2009-10-26,5136.0000,5215.5000,5113.6500,5162.3000
2009-10-27,5170.5500,5236.7500,5087.3500,5136.1500
2009-10-28,5131.3500,5187.4000,5122.5500,5168.5000
2009-10-29,5155.3500,5169.1000,5075.1000,5088.9500
2009-10-30,5112.2500,5192.3000,4978.1500,5048.8000
2009-11-02,2208.4500,2218.1000,2192.3500,2209.1500
2009-11-03,5060.9000,5068.9500,4828.3000,4849.8500
2009-11-04,4877.0500,5034.3500,4877.0500,5023.3500
2009-11-05,2852.1000,2877.4500,2795.7500,2814.7500
2009-11-06,3648.5500,3649.7500,3538.8500,3561.3500
2009-11-08,4420.5500,4488.8500,4366.1500,4422.1000
2009-11-09,4727.4500,4811.6500,4727.4500,4785.6500
2009-11-10,5136.5500,5159.6000,5056.3500,5064.8500
2009-11-11,5069.0000,5265.5500,5069.0000,5259.0000
2009-11-12,5547.0500,5587.0500,5501.0500,5521.0500
2009-11-13,5313.7500,5406.6000,5296.3000,5379.1000
2009-11-16,5397.4500,5406.8000,5330.3000,5370.2000
2009-11-17,5387.0000,5483.9000,5375.1500,5474.5000
2009-11-18,5475.5500,5573.8500,5470.8500,5484.6000
2009-11-19,5483.0500,5483.2500,5365.8000,5417.4500
2009-11-20,5382.7000,5476.1000,5328.1000,5463.5500
2009-11-23,5486.8500,5486.8500,5427.6000,5456.2000
2009-11-24,5477.0500,5513.5500,5405.7500,5486.2000
2009-11-25,5477.9500,5525.7000,5458.1000,5476.8000
2009-11-26,5478.8500,5496.8500,5344.3000,5366.5000
2009-11-27,5361.7500,5361.7500,5162.4500,5262.5000
2009-11-30,5315.8000,5397.5000,5309.6000,5364.2000
2009-12-01,5389.1000,5406.5000,5355.1000,5394.4000
2009-12-02,5412.8000,5420.9500,5340.1500,5362.7500
2009-12-03,5386.2000,5447.8000,5363.4500,5413.9500
2009-12-04,5422.4500,5497.2500,5401.2500,5429.6000
2009-12-05,2790.7000,2964.6000,2790.7000,2954.5500
2009-12-06,3566.2000,3593.5000,3487.7000,3498.3500
2009-12-07,5442.1000,5493.6000,5419.1000,5442.5000
2009-12-08,5444.4000,5506.4500,5417.0000,5499.8000
2009-12-09,5491.7500,5556.0000,5476.2000,5543.2000
2009-12-10,4800.4500,4926.3000,4800.4500,4916.9500
2009-12-11,5547.0500,5587.0500,5501.0500,5521.0500
2009-12-14,5510.0500,5581.0500,5510.0500,5557.8500
2009-12-15,5555.7500,5594.4000,5531.0000,5544.6000
2009-12-16,5547.0500,5652.6500,5526.4000,5637.0000
2009-12-17,5678.7500,5729.7000,5655.0500,5692.0500
2009-12-18,5710.2500,5735.0500,5674.1500,5682.8000
2009-12-21,5721.7000,5758.8000,5663.3500,5678.9500
2009-12-22,5680.6500,5728.8500,5620.3000,5657.4500
2009-12-23,5686.6000,5826.6500,5685.9000,5815.0000
2009-12-24,5840.9000,5854.4500,5788.3500,5829.7000
2009-12-29,5838.3500,5839.6000,5762.8000,5778.6000
2009-12-30,5769.8000,5832.7000,5769.8000,5791.3000
2009-12-31,5797.1500,5843.2000,5797.1500,5818.4000
2010-01-02,5543.5500,5739.5500,5477.9500,5643.4500
2010-01-04,5819.5000,5889.2000,5819.5000,5877.2500
2010-01-05,5898.9500,5923.2500,5874.9000,5913.6500
2010-01-06,5913.9000,5922.1500,5816.5500,5824.9000
2010-01-07,5893.6500,5893.6500,5842.6500,5861.2500
2010-01-08,5694.8000,5694.8000,5599.3000,5607.9000
2010-01-09,5975.0500,6093.6000,5974.6000,6086.4500
2010-01-10,6616.1500,6768.6000,6585.3500,6759.1500
2010-01-11,6637.7000,6717.2000,6637.7000,6670.0000
2010-01-12,6690.2000,6744.3000,6690.2000,6723.3000
2010-01-13,5866.5500,6082.5000,5846.7500,6075.8000
2010-01-14,6095.7000,6160.0000,6004.8500,6105.3000
2010-01-15,6095.1500,6145.4000,6058.6000,6118.4000
2010-01-18,6131.7500,6190.8500,6112.4000,6181.1500
2010-01-19,6175.2500,6181.6000,6044.5500,6068.7000
2010-01-20,6108.9500,6123.3000,6024.1000,6052.4000
2010-01-21,6028.4500,6098.6500,5927.1500,5951.9000
2010-01-22,5951.9500,5951.9500,5814.6000,5874.6000
2010-01-25,5850.6000,5850.6000,5745.9500,5799.3000
2010-01-27,5753.6500,5767.9000,5577.5000,5599.0000
2010-01-28,5639.8000,5729.2000,5572.0500,5649.3500
2010-01-29,5554.8500,5619.4500,5423.4500,5594.1500
2010-02-01,5543.5500,5739.5500,5477.9500,5643.4500
2010-02-02,5720.0500,5745.0000,5561.7000,5586.7000
2010-02-03,5823.5500,5857.7000,5797.9500,5848.7000
2010-02-04,5686.7500,5686.7500,5541.7500,5565.9500
2010-02-05,5460.7500,5510.6000,5401.5500,5449.7500
2010-02-06,5688.8000,5757.1000,5688.8000,5738.4500
2010-02-07,5869.2000,5869.2000,5800.4000,5836.3000
2010-02-08,5503.1000,5555.7500,5387.9500,5484.6500
2010-02-09,6140.2500,6140.2500,6040.7500,6055.2000
2010-02-10,5616.7000,5654.0500,5563.6500,5573.4500
2010-02-11,5595.2000,5678.0500,5595.2000,5644.2000
2010-02-12,6751.8000,6844.1500,6715.5000,6827.6000
2010-02-15,5669.9000,5698.8500,5630.0500,5667.0500
2010-02-16,5665.5000,5767.8000,5642.2500,5745.1000
2010-02-17,5779.7000,5798.2500,5712.0500,5743.8000
2010-02-18,5745.8000,5785.5000,5722.1500,5741.1000
2010-02-19,5701.8000,5758.2000,5686.2500,5712.4500
2010-02-22,5759.5500,5815.7000,5740.9000,5752.8000
2010-02-23,5750.9000,5796.6000,5729.9000,5783.8000
2010-02-24,5744.2500,5828.3000,5744.2500,5779.7500
2010-02-25,5810.2500,5814.9000,5752.3500,5782.1000
2010-02-26,5787.3000,5832.0000,5724.8000,5766.7000
2010-03-02,5823.5500,5857.7000,5797.9500,5848.7000
2010-03-03,5885.1500,5913.1500,5848.9000,5896.7000
2010-03-04,5906.3000,5906.3000,5799.4500,5833.6000
2010-03-05,5834.0500,5863.0500,5815.5500,5843.2000
2010-03-06,5804.2500,5854.9500,5800.1000,5839.6500
2010-03-08,5843.4500,5905.8000,5843.4500,5882.7000
2010-03-09,5903.8500,5968.1000,5880.4500,5925.1000
2010-03-10,5926.3000,5947.7000,5881.9500,5897.8500
2010-03-11,6721.8500,6783.5500,6701.7500,6721.2500
2010-03-12,6833.6500,6906.5500,6833.6500,6856.6500
2010-03-15,5980.6500,6052.0500,5906.5000,6038.4500
2010-03-16,6059.2000,6119.7000,6021.9000,6102.7500
2010-03-17,6094.0000,6174.3000,6094.0000,6143.0000
2010-03-18,6155.7500,6185.0000,6129.7500,6174.7000
2010-03-19,6189.6000,6189.6000,6132.7000,6145.4500
2010-03-22,6086.2500,6162.3000,6085.1500,6128.7500
2010-03-23,6174.5500,6176.4000,6123.1500,6142.7000
2010-03-25,6137.5500,6220.0500,6128.0500,6201.2000
2010-03-26,6223.5000,6223.5000,6135.0000,6151.9000
2010-03-29,6133.6500,6140.9000,6039.8500,6050.9500
2010-03-30,6033.1500,6042.8500,5908.1500,5917.7500
2010-03-31,5947.6000,5967.5500,5842.3000,5855.9500
2010-04-01,5819.5000,5889.2000,5819.5000,5877.2500
2010-04-02,5686.7500,5686.7500,5541.7500,5565.9500
2010-04-03,5906.3000,5906.3000,5799.4500,5833.6000
2010-04-05,5992.8000,6017.3500,5933.3000,5993.9000
2010-04-06,6001.6000,6003.6500,5924.0000,5934.8000
2010-04-07,5947.8500,5947.8500,5871.9500,5920.0500
2010-04-08,5892.1000,5994.3000,5892.1000,5950.0000
2010-04-09,5959.2500,6013.3000,5943.6500,5950.7000
2010-04-10,6780.7000,6866.8000,6710.7000,6733.3500
2010-04-11,6762.6000,6834.8500,6761.5000,6818.6500
2010-04-12,5969.1000,5985.9000,5916.8500,5963.8000
2010-04-13,6041.5000,6163.1500,5905.1500,6141.1500
2010-04-15,6141.6000,6230.6000,6126.7000,6171.7500
2010-04-16,6141.8500,6194.6000,6117.5500,6142.8500
2010-04-19,6123.5500,6123.5500,6026.6000,6064.2500
2010-04-20,6117.0500,6117.0500,5990.1500,6000.0000
2010-04-21,6036.5500,6050.4000,5976.6000,6004.6000
2010-04-22,5990.4500,6087.4500,5977.9500,6017.2000
2010-04-23,6055.6000,6072.3000,6001.8500,6016.1500
2010-04-26,6034.5000,6059.8500,6024.1000,6040.0000
2010-04-27,6034.8000,6045.5000,6015.7000,6037.7500
2010-04-28,6014.6500,6014.6500,5939.5000,5949.6500
2010-04-29,5949.8000,5961.6500,5899.3500,5938.5500
2010-04-30,5947.8500,6021.7500,5914.7000,5985.8000
2010-05-01,5898.9500,5923.2500,5874.9000,5913.6500
2010-05-02,5460.7500,5510.6000,5401.5500,5449.7500
2010-05-03,5834.0500,5863.0500,5815.5500,5843.2000
2010-05-04,5992.8000,6017.3500,5933.3000,5993.9000
2010-05-05,5811.9000,5956.6000,5771.5500,5932.0000
2010-05-06,5925.2500,5925.2500,5835.4000,5867.9000
2010-05-07,5811.7000,5818.2500,5712.2500,5726.6000
2010-05-08,6280.5000,6344.3500,6280.5000,6288.7000
2010-05-10,6720.1500,6788.6000,6720.1000,6732.8000
2010-05-11,6848.0000,6863.7500,6830.4500,6841.1500
2010-05-12,5838.1500,5911.8500,5820.5500,5876.2500
2010-05-13,5900.0500,5951.0500,5887.9500,5922.6000
2010-05-14,5913.6500,5972.3500,5801.9000,5839.7500
2010-05-17,5827.4000,5827.4000,5673.0000,5744.5500
2010-05-18,5796.2000,5796.2000,5686.5000,5754.7000
2010-05-19,5742.4000,5762.3000,5641.3000,5663.1000
2010-05-20,5708.7500,5714.2500,5642.7500,5659.9000
2010-05-21,5618.1000,5639.6500,5554.0000,5606.4500
2010-05-24,5622.7000,5702.4500,5622.6500,5638.5000
2010-05-25,5592.3500,5592.3500,5446.8000,5488.1000
2010-05-26,5528.8000,5702.3500,5528.8000,5674.4000
2010-05-27,5671.6000,5740.9000,5623.3000,5713.6000
2010-05-28,5721.2000,5792.2500,5709.0500,5783.6000
2010-05-31,5852.3500,5852.3500,5704.2000,5761.9500
2010-06-01,5762.0500,5764.0500,5679.1000,5688.3000
2010-06-02,5688.8000,5757.1000,5688.8000,5738.4500
2010-06-03,5804.2500,5854.9500,5800.1000,5839.6500
2010-06-04,6001.6000,6003.6500,5924.0000,5934.8000
2010-06-05,5925.2500,5925.2500,5835.4000,5867.9000
2010-06-07,5783.6000,5801.1500,5732.2500,5785.8500
2010-06-08,5786.1500,5821.5500,5727.3500,5740.7000
2010-06-09,5744.5500,5765.3000,5658.8500,5670.4000
2010-06-10,5668.1500,5747.0500,5668.1500,5735.1000
2010-06-11,5776.0000,5801.5000,5714.7000,5739.2500
2010-06-12,6870.2500,6951.4500,6865.1500,6890.5500
2010-06-14,5778.8500,5965.2000,5778.8500,5945.2500
2010-06-15,5914.3500,5959.2000,5899.3500,5916.7500
2010-06-16,5961.3500,5994.3000,5942.6500,5969.9000
2010-06-17,5985.1500,5996.7500,5912.8000,5975.9000
2010-06-18,5975.0500,6064.0000,5970.5500,6006.9500
2010-06-21,6018.3000,6071.7500,6018.3000,6037.2500
2010-06-22,6004.8000,6010.7500,5953.4000,5958.5500
2010-06-23,5930.4500,6016.3500,5924.7000,6007.6500
2010-06-24,6005.2000,6023.1000,5958.4500,6014.6000
2010-06-25,6001.1500,6001.1500,5908.0500,5921.7500
2010-06-28,5929.5000,5990.4500,5929.5000,5979.6000
2010-06-29,5968.5000,5968.5000,5892.3000,5934.1500
2010-06-30,5877.8000,5949.6000,5837.0000,5928.3000
2010-07-01,5893.6500,5893.6500,5842.6500,5861.2500
2010-07-02,5869.2000,5869.2000,5800.4000,5836.3000
2010-07-04,5947.8500,5947.8500,5871.9500,5920.0500
2010-07-05,5811.7000,5818.2500,5712.2500,5726.6000
2010-07-06,5783.6000,5801.1500,5732.2500,5785.8500
2010-07-07,5957.5500,5964.4500,5921.4500,5954.4000
2010-07-08,5980.0500,6069.3000,5980.0500,6041.3000
2010-07-09,6189.9500,6268.3000,6166.5000,6253.6500
2010-07-10,6759.2500,6769.2500,6660.2000,6681.4500
2010-07-12,6890.1000,6957.9000,6881.0000,6932.3000
2010-07-13,6150.2000,6150.2000,5996.5000,6028.0500
2010-07-14,6058.4500,6063.8500,5936.5500,5952.4500
2010-07-15,5953.7500,5997.2500,5950.5000,5985.5000
2010-07-16,6013.2000,6094.3500,6013.2000,6086.1000
2010-07-19,6044.0000,6107.2000,6020.6000,6072.8000
2010-07-20,6089.3000,6091.7500,6042.4000,6052.5000
2010-07-21,6060.8000,6102.0000,6060.8000,6097.4500
2010-07-22,6076.2000,6084.6500,6026.7500,6076.2500
2010-07-23,6134.7000,6134.7000,6086.2000,6100.4000
2010-07-26,6103.9000,6141.9000,6103.9000,6131.3500
2010-07-27,6145.6000,6187.3000,6142.0000,6168.6500
2010-07-28,6166.0500,6176.7000,6132.6500,6161.4000
2010-07-29,6146.0500,6165.4000,6140.8500,6152.3500
2010-07-30,6139.2500,6144.2500,6045.6000,6086.8500
2010-08-01,5694.8000,5694.8000,5599.3000,5607.9000
2010-08-02,5503.1000,5555.7500,5387.9500,5484.6500
2010-08-03,6118.2000,6132.2000,6056.6500,6077.0000
2010-08-04,6102.7500,6297.1000,6102.7500,6274.2000
2010-08-05,6280.5000,6344.3500,6280.5000,6288.7000
2010-08-06,6289.0000,6333.1000,6241.8000,6259.9000
2010-08-07,5980.0500,6069.3000,5980.0500,6041.3000
2010-08-09,6233.8000,6320.2000,6218.6500,6306.8500
2010-08-10,6699.2000,6720.8000,6643.4000,6710.6500
2010-08-11,6213.6000,6233.4000,6143.7500,6161.3000
2010-08-12,6111.9500,6111.9500,6057.0500,6091.0500
2010-08-13,6096.7500,6162.8000,6080.2500,6116.7000
2010-08-16,6086.8000,6126.4000,6067.4000,6086.8500
2010-08-17,6068.8000,6119.2000,6035.1000,6059.5000
2010-08-18,6082.3500,6207.8000,6082.3500,6184.4000
2010-08-19,6208.9000,6216.5500,6159.8500,6183.9000
2010-08-20,6163.4500,6163.4500,6104.2000,6128.6000
2010-08-23,6131.5500,6190.8500,6123.9000,6178.9500
2010-08-24,6161.4500,6161.4500,6107.6000,6117.6000
2010-08-25,6116.0500,6151.2000,6098.9500,6109.9500
2010-08-26,6124.2000,6131.6000,6088.7500,6116.1500
2010-08-27,6116.0500,6116.0500,5984.4000,6005.9000
2010-08-30,6034.7000,6057.9000,5927.2000,5971.2500
2010-08-31,5936.5000,5987.8000,5908.7000,5974.9000
2010-09-01,5975.0500,6093.6000,5974.6000,6086.4500
2010-09-02,6140.2500,6140.2500,6040.7500,6055.2000
2010-09-03,6063.5500,6133.8500,6063.5000,6076.1000
2010-09-04,5959.2500,6013.3000,5943.6500,5950.7000
2010-09-06,5744.5500,5765.3000,5658.8500,5670.4000
2010-09-07,6189.9500,6268.3000,6166.5000,6253.6500
2010-09-08,6233.8000,6320.2000,6218.6500,6306.8500
2010-09-09,6273.4500,6316.2000,6265.1500,6302.0000
2010-09-11,6759.9000,6837.4000,6744.9500,6811.7000
2010-09-12,6873.6000,6928.8500,6834.3500,6843.7500
2010-09-13,6308.6000,6382.4500,6308.6000,6358.1500
2010-09-14,6404.1000,6474.1000,6397.9000,6441.7500
2010-09-15,6447.8500,6617.7000,6447.8500,6602.0000
2010-09-16,6575.1500,6575.1500,6437.4000,6447.2500
2010-09-17,6475.1000,6550.9500,6465.6500,6477.8500
2010-09-20,6488.2000,6541.9500,6488.2000,6528.4500
2010-09-21,6553.7500,6685.8000,6527.2500,6673.3000
2010-09-22,6678.3500,6679.0500,6553.7000,6594.6000
2010-09-23,6572.1000,6608.3000,6528.0500,6596.4000
2010-09-24,6579.2000,6647.8500,6553.5000,6634.7000
2010-09-27,6654.7000,6661.6500,6587.2500,6600.7500
2010-09-28,6584.8500,6600.5500,6540.6000,6560.5000
2010-09-29,6586.2500,6662.9000,6533.8000,6578.6000
2010-09-30,6583.7500,6645.5500,6532.1500,6613.4000
2010-10-01,6616.1500,6768.6000,6585.3500,6759.1500
2010-10-02,5616.7000,5654.0500,5563.6500,5573.4500
2010-10-03,5926.3000,5947.7000,5881.9500,5897.8500
2010-10-04,6780.7000,6866.8000,6710.7000,6733.3500
2010-10-05,5780.8000,5901.5000,5772.9000,5890.9000
2010-10-06,5668.1500,5747.0500,5668.1500,5735.1000
2010-10-07,6759.2500,6769.2500,6660.2000,6681.4500
2010-10-08,6699.2000,6720.8000,6643.4000,6710.6500
2010-10-11,6800.6500,6891.5500,6780.2500,6851.5500
2010-10-12,6827.4000,6882.8000,6799.6500,6869.1000
2010-10-13,6753.9000,6936.1500,6731.2500,6924.7500
2010-10-14,6946.7000,7053.4500,6932.3500,6952.8000
2010-10-15,7031.4000,7036.1000,6704.1500,6730.1000
2010-10-18,6760.4000,6834.9000,6650.7000,6814.0000
2010-10-19,6804.0000,6807.6000,6649.5000,6663.0000
2010-10-20,6651.1000,6720.1000,6628.6000,6652.3000
2010-10-21,6645.7500,6722.4500,6614.3500,6715.3000
2010-10-22,6717.6500,6830.1500,6717.6500,6777.1000
2010-10-25,6785.7000,6827.1000,6737.5000,6751.8000
2010-10-26,6742.4500,6770.4500,6709.4500,6736.8500
2010-10-27,6720.3000,6731.4500,6648.8000,6663.6500
2010-10-28,6674.9000,6739.6000,6592.2500,6632.5500
2010-10-29,6666.4500,6666.4500,6554.4000,6613.2500
2010-11-01,5629.7000,5691.8000,5606.1500,5649.6500
2010-11-02,5595.2000,5678.0500,5595.2000,5644.2000
2010-11-03,5900.0000,5980.0500,5900.0000,5960.0500
2010-11-04,6762.6000,6834.8500,6761.5000,6818.6500
2010-11-05,6848.0000,6863.7500,6830.4500,6841.1500
2010-11-06,5776.0000,5801.5000,5714.7000,5739.2500
2010-11-08,6213.6000,6233.4000,6143.7500,6161.3000
2010-11-09,6759.9000,6837.4000,6744.9500,6811.7000
2010-11-10,6800.6500,6891.5500,6780.2500,6851.5500
2010-11-11,6851.3500,6853.9000,6751.9000,6762.7000
2010-11-12,6739.1000,6753.7500,6644.7000,6663.2000
2010-11-15,6676.6000,6752.3500,6635.9500,6733.0000
2010-11-16,6715.6000,6719.1500,6561.4000,6608.3000
2010-11-18,6676.4500,6691.6000,6594.0500,6631.0000
2010-11-19,6615.9000,6632.8000,6482.8000,6503.5000
2010-11-22,6519.7000,6696.8000,6519.7000,6666.5500
2010-11-23,6639.5000,6687.1500,6532.1000,6619.8500
2010-11-24,6626.6500,6636.6500,6514.7000,6540.7500
2010-11-25,6559.2000,6739.6000,6559.2000,6617.9000
2010-11-26,6631.4500,6694.2500,6590.7500,6615.4000
2010-11-29,6659.5500,6711.5000,6638.9000,6688.9000
2010-11-30,6645.0000,6745.6500,6602.9500,6703.6000
2010-12-01,5741.6500,5897.0000,5741.6500,5862.4000
2010-12-02,6751.8000,6844.1500,6715.5000,6827.6000
2010-12-03,6833.6500,6906.5500,6833.6500,6856.6500
2010-12-04,5969.1000,5985.9000,5916.8500,5963.8000
2010-12-05,5838.1500,5911.8500,5820.5500,5876.2500
2010-12-06,6870.2500,6951.4500,6865.1500,6890.5500
2010-12-07,6129.3000,6196.4000,6128.6500,6185.6500
2010-12-08,6913.0000,6913.1000,6818.2500,6850.9000
2010-12-09,6873.6000,6928.8500,6834.3500,6843.7500
2010-12-10,6718.2000,6750.2000,6686.5500,6724.1500
2010-12-11,6739.1000,6753.7500,6644.7000,6663.2000
2010-12-13,6872.1000,6896.5000,6744.3000,6886.1000
2010-12-14,6907.0000,6955.9500,6852.3000,6935.5000
2010-12-15,6920.4500,7034.4500,6920.4500,7024.6500
2010-12-16,7048.9000,7221.6500,7037.9000,7211.8000
2010-12-20,7136.9500,7363.9500,7136.9500,7332.0500
2010-12-21,7340.5000,7380.1000,7301.0000,7325.7000
2010-12-22,7323.7500,7342.1500,7270.3500,7302.9500
2010-12-23,7325.1500,7360.3500,7307.4500,7339.6000
2010-12-24,7289.7000,7378.1000,7287.0000,7353.6500
2010-12-27,7339.7500,7407.7500,7339.7500,7364.1000
2010-12-28,7355.8500,7400.9000,7355.8500,7387.2500
2010-12-29,7388.4500,7446.5000,7374.8500,7426.6000
2010-12-30,7429.1500,7512.1000,7429.1500,7503.6500
2010-12-31,7484.8000,7511.0500,7436.1500,7491.1000
2011-01-02,6992.0000,6999.7500,6824.7500,6898.6500
2011-01-03,6714.6000,6853.7500,6671.5500,6831.4500
2011-01-04,7500.3000,7560.6500,7499.5500,7512.3000
2011-01-05,7489.7500,7547.1500,7479.6500,7508.0000
2011-01-06,7544.7000,7566.6000,7484.2500,7545.9500
2011-01-07,7533.7000,7591.9000,7311.3000,7333.8000
2011-01-08,6350.4000,6422.8000,6340.9500,6382.1000
2011-01-10,7343.3000,7418.2000,7264.7500,7317.4500
2011-01-11,7233.5500,7369.3500,7131.5000,7194.5000
2011-01-12,7247.3500,7356.2500,7195.1500,7324.0500
2011-01-13,7198.8500,7202.4000,7044.8000,7063.9500
2011-01-14,7043.6500,7219.8000,7043.6500,7068.2000
2011-01-17,7057.5500,7197.5000,7049.8000,7178.2000
2011-01-18,7209.5500,7378.0500,7209.5500,7360.8500
2011-01-19,7349.4500,7353.6000,7231.1500,7267.1000
2011-01-20,7222.9000,7373.6000,7207.8000,7353.7500
2011-01-21,7302.7000,7305.3000,7228.8000,7249.8000
2011-01-24,7232.6000,7312.7500,7207.6500,7295.1000
2011-01-25,7283.3000,7327.1000,7220.4000,7242.5000
2011-01-27,7256.5000,7256.5000,7132.9000,7146.5500
2011-01-28,7159.5500,7220.4500,7005.9000,7065.3500
2011-01-31,6990.7500,6995.1000,6884.9000,6971.2500
2011-02-01,6992.0000,6999.7500,6824.7500,6898.6500
2011-02-02,6964.4000,7063.3000,6928.9000,6961.6500
2011-02-03,6978.7500,7061.8000,6928.5500,6998.9000
2011-02-04,6965.6500,7001.4000,6824.2000,6850.6500
2011-02-05,6740.5500,6772.4000,6697.2000,6715.6500
2011-02-06,6535.7500,6593.0000,6530.0000,6573.2000
2011-02-07,6916.8500,6920.3500,6839.8000,6861.2500
2011-02-08,6879.5500,6915.4500,6830.7500,6847.5000
2011-02-09,5554.9000,5554.9000,5311.8000,5384.1500
2011-02-10,6799.5000,6811.8500,6697.3000,6720.4500
2011-02-11,6667.2500,6742.7500,6624.0500,6719.6500
2011-02-12,5989.9500,6155.8500,5986.5000,6122.9000
2011-02-14,6727.4500,6888.1000,6724.4000,6869.0500
2011-02-15,6872.8000,6892.1000,6782.1500,6855.0500
2011-02-16,6831.1500,6884.8500,6800.4000,6862.1000
2011-02-17,6895.6000,6916.5500,6857.0000,6893.3000
2011-02-18,6911.3500,6957.2500,6805.1500,6832.0500
2011-02-21,6831.0500,7026.1500,6784.2000,7014.1000
2011-02-22,6958.3500,7029.6000,6900.4000,6966.8000
2011-02-23,6906.8500,6923.6500,6846.4500,6856.7000
2011-02-24,6803.9000,6827.8000,6683.7500,6706.4500
2011-02-25,6723.8000,6728.2000,6599.7500,6679.8000
2011-02-28,6688.5500,6918.7000,6628.0500,6666.3000
2011-03-01,7503.9500,7524.6000,7463.8000,7492.4500
2011-03-02,6978.7500,7061.8000,6928.5500,6998.9000
2011-03-03,6779.0500,6814.2000,6706.5500,6786.8000
2011-03-04,6859.8500,6894.7000,6793.6500,6810.5500
2011-03-05,6711.2500,6755.2000,6620.0000,6644.7000
2011-03-06,6574.6000,6633.1500,6555.5000,6562.0500
2011-03-07,6754.7000,6794.6000,6703.1000,6747.0500
2011-03-08,6232.2500,6232.2500,6170.9500,6217.3500
2011-03-09,6879.9500,6914.2000,6809.0000,6861.9000
2011-03-10,5592.8000,5632.8000,5549.6500,5588.1000
2011-03-11,6208.8500,6227.7000,6102.1000,6169.8000
2011-03-14,6683.0500,6831.0500,6676.9000,6822.0000
2011-03-15,6686.0500,6738.5000,6630.9000,6689.0500
2011-03-16,6689.2500,6776.9000,6689.2500,6733.3000
2011-03-17,6651.6500,6690.8000,6624.4000,6633.8500
2011-03-18,6631.9500,6662.4000,6536.3000,6552.6500
2011-03-21,6578.9000,6581.2000,6489.6500,6504.8500
2011-03-22,6530.7500,6564.1500,6506.2000,6533.9500
2011-03-23,6525.5000,6601.4000,6505.3000,6595.6500
2011-03-24,6605.9000,6669.8000,6604.0000,6660.5500
2011-03-25,6751.9500,6960.4500,6732.8500,6930.6500
2011-03-28,6901.1500,6938.7000,6857.2000,6912.3500
2011-03-29,6903.9500,7026.1500,6902.6500,6983.2500
2011-03-30,6993.2000,7061.8000,6986.3000,7010.0500
2011-03-31,7021.4500,7192.3500,7021.4500,7148.1000
2011-04-01,7500.3000,7560.6500,7499.5500,7512.3000
2011-04-02,6965.6500,7001.4000,6824.2000,6850.6500
2011-04-03,6859.8500,6894.7000,6793.6500,6810.5500
2011-04-04,7130.2500,7281.3500,7130.2500,7267.8500
2011-04-05,7265.5000,7324.1000,7188.3500,7313.8000
2011-04-06,7305.7500,7344.9000,7242.3000,7270.8500
2011-04-07,6724.7500,6746.6500,6678.1500,6685.8500
2011-04-08,7205.6000,7249.0000,7136.5000,7168.8000
2011-04-10,5544.2000,5599.9000,5478.1000,5537.1000
2011-04-11,6250.5500,6268.7500,6135.4500,6200.2000
2011-04-13,7106.2000,7328.7500,7089.5000,7306.1000
2011-04-15,7297.9000,7298.2500,6824.0500,6842.1500
2011-04-18,6764.4000,6852.4500,6638.3000,6651.0500
2011-04-19,6650.3000,6703.2000,6619.1000,6668.4500
2011-04-20,6745.8000,6825.6000,6745.8000,6818.1500
2011-04-21,6859.8000,6899.3500,6762.6500,6780.8500
2011-04-25,6778.4500,6856.5500,6773.3500,6834.4000
2011-04-26,6825.9500,6853.6500,6775.6500,6825.3500
2011-04-27,6817.9000,6832.2500,6792.5500,6809.1000
2011-04-28,6807.7500,6815.4500,6718.6000,6729.7500
2011-04-29,6722.8000,6752.1000,6680.6500,6718.3500
2011-05-01,7489.7500,7547.1500,7479.6500,7508.0000
2011-05-02,6740.5500,6772.4000,6697.2000,6715.6500
2011-05-03,6711.2500,6755.2000,6620.0000,6644.7000
2011-05-04,7265.5000,7324.1000,7188.3500,7313.8000
2011-05-05,6577.8000,6583.6500,6484.8500,6506.5500
2011-05-06,6530.6500,6658.6000,6530.6500,6627.0000
2011-05-07,6711.9500,6732.6500,6660.3500,6708.4000
2011-05-08,6022.4000,6022.4000,5770.3000,5911.5500
2011-05-09,6645.1500,6656.3500,6554.8500,6620.3000
2011-05-10,5576.8000,5638.7000,5516.5500,5532.8000
2011-05-11,6601.7500,6677.0500,6601.7500,6650.4500
2011-05-12,6107.2500,6154.7500,6081.9500,6129.8000
2011-05-13,6569.2000,6668.1500,6565.4500,6609.5500
2011-05-16,6601.0500,6615.9000,6558.4000,6564.0500
2011-05-17,6547.7500,6622.2500,6541.2000,6562.5000
2011-05-18,6572.9000,6640.1500,6527.3500,6582.5500
2011-05-19,6620.4500,6620.4500,6580.0000,6594.2500
2011-05-20,6609.6500,6637.0500,6576.7000,6615.4000
2011-05-23,6586.6500,6595.8500,6534.1000,6566.8500
2011-05-24,6552.6000,6587.5500,6537.0500,6557.6000
2011-05-25,6538.0500,6538.0500,6402.8000,6457.4000
2011-05-26,6478.6500,6488.8500,6410.9500,6450.4500
2011-05-27,6444.9500,6517.1500,6444.9500,6507.6000
2011-05-30,6538.5000,6540.5000,6481.2000,6515.9000
2011-05-31,6533.4500,6604.4000,6525.1000,6538.5000
2011-06-01,7544.7000,7566.6000,7484.2500,7545.9500
2011-06-02,6535.7500,6593.0000,6530.0000,6573.2000
2011-06-03,6574.6000,6633.1500,6555.5000,6562.0500
2011-06-04,7305.7500,7344.9000,7242.3000,7270.8500
2011-06-05,6530.6500,6658.6000,6530.6500,6627.0000
2011-06-06,6549.3500,6624.6000,6519.9000,6610.4500
2011-06-07,6695.2500,6748.2000,6672.2500,6704.1000
2011-06-08,6684.1000,6701.8500,6652.2000,6672.6000
2011-06-09,6670.9500,6682.3500,6642.0500,6659.3500
2011-06-10,6664.6500,6689.7500,6633.9000,6653.4500
2011-06-13,6631.2500,6661.8500,6592.9000,6650.6000
2011-06-14,6656.7000,6682.2500,6655.8500,6671.3500
2011-06-15,6650.3000,6654.4000,6581.9500,6595.2000
2011-06-16,6582.2500,6582.2500,6474.0000,6480.7500
2011-06-17,6481.7000,6485.5000,6336.8500,6357.1000
2011-06-20,6365.7500,6367.5000,6050.0000,6166.4500
2011-06-21,6193.4000,6274.7500,6160.8000,6237.1500
2011-06-22,6281.8000,6297.0000,6223.8500,6240.2000
2011-06-23,6228.4000,6311.8500,6199.3000,6298.3500
2011-06-24,6318.2000,6520.1000,6318.2000,6499.1000
2011-06-27,6437.1000,6585.9500,6428.7000,6530.8000
2011-06-28,6543.3000,6561.6500,6465.4000,6525.3500
2011-06-29,6531.5000,6596.5500,6531.5000,6570.6000
2011-06-30,6579.0500,6640.5000,6558.9500,6624.7000
2011-07-01,7533.7000,7591.9000,7311.3000,7333.8000
2011-07-02,6916.8500,6920.3500,6839.8000,6861.2500
2011-07-03,6754.7000,6794.6000,6703.1000,6747.0500
2011-07-04,7249.7500,7249.7500,7190.3000,7215.4000
2011-07-05,6711.9500,6732.6500,6660.3500,6708.4000
2011-07-06,6695.2500,6748.2000,6672.2500,6704.1000
2011-07-07,6705.7500,6796.8000,6696.9500,6787.3500
2011-07-08,6793.0000,6835.2500,6714.0000,6723.8500
2011-07-09,5366.8000,5423.5000,5337.9000,5374.9500
2011-07-10,5734.4500,5772.2000,5601.8500,5640.9500
2011-07-11,6689.3000,6719.5000,6574.9000,6612.0500
2011-07-12,6134.4500,6250.3000,6105.0500,6223.0500
2011-07-13,6384.9000,6454.8000,6382.7000,6408.5500
2011-07-14,6383.3500,6385.9500,6314.6000,6325.9000
2011-07-15,6395.3000,6420.0000,6324.0000,6346.0500
2011-07-18,6351.1000,6360.7500,6286.5000,6296.7500
2011-07-19,6304.3000,6388.0000,6303.3500,6365.9500
2011-07-20,6409.2500,6409.2500,6306.7500,6327.7000
2011-07-21,6314.0500,6368.5500,6294.6000,6335.9000
2011-07-22,6366.3000,6461.2000,6361.9000,6438.5000
2011-07-25,6426.3000,6451.7500,6381.2500,6434.4500
2011-07-26,6433.6500,6462.1500,6379.1000,6426.8500
2011-07-27,6431.3500,6470.5000,6398.4000,6408.4500
2011-07-28,6344.4000,6346.6000,6273.6500,6307.4000
2011-07-29,6293.6500,6356.5000,6264.7500,6335.1000
2011-08-01,6350.4000,6422.8000,6340.9500,6382.1000
2011-08-02,6353.3500,6353.3500,6266.3000,6274.9500
2011-08-03,6730.3000,6898.3500,6722.8500,6871.7000
2011-08-04,7205.6000,7249.0000,7136.5000,7168.8000
2011-08-05,6022.4000,6022.4000,5770.3000,5911.5500
2011-08-06,6684.1000,6701.8500,6652.2000,6672.6000
2011-08-07,6793.0000,6835.2500,6714.0000,6723.8500
2011-08-08,5709.9000,5717.7500,5570.7000,5651.7500
2011-08-09,5415.2500,5572.1500,5394.0500,5452.4000
2011-08-10,5603.6500,5660.1000,5530.6500,5588.7000
2011-08-11,5551.2000,5603.6500,5507.8000,5555.6000
2011-08-12,6189.1500,6237.6000,6131.4500,6179.3000
2011-08-16,5514.1000,5532.6000,5435.1000,5469.6500
2011-08-17,5459.6500,5608.3500,5459.6500,5571.2000
2011-08-18,5599.1000,5601.7000,5332.8000,5348.3500
2011-08-19,5208.9500,5208.9500,5011.1000,5113.8500
2011-08-22,5095.8500,5138.1000,5035.2000,5087.6500
2011-08-23,5103.9500,5329.1000,5084.0000,5289.1000
2011-08-24,5286.3500,5286.3500,5188.1500,5222.1000
2011-08-25,5233.1000,5247.1000,5069.1000,5096.7000
2011-08-26,5097.2500,5188.9000,5051.9500,5088.7000
2011-08-29,5160.7000,5360.5500,5160.7000,5339.1000
2011-08-30,5407.6500,5474.8500,5325.4500,5451.2500
2011-09-02,5554.9000,5554.9000,5311.8000,5384.1500
2011-09-03,6879.9500,6914.2000,6809.0000,6861.9000
2011-09-05,5338.7000,5338.7000,5235.4500,5299.6500
2011-09-06,5270.7000,5389.1000,5204.1500,5366.2000
2011-09-07,5366.8000,5423.5000,5337.9000,5374.9500
2011-09-08,5415.2500,5572.1500,5394.0500,5452.4000
2011-09-09,5450.8000,5456.2000,5313.7000,5339.2000
2011-09-11,6228.3500,6303.5000,6215.6500,6233.0500
2011-09-12,6079.7000,6194.5000,6064.9500,6135.2500
2011-09-13,5209.6500,5303.4500,5158.5500,5204.7500
2011-09-14,5253.6000,5449.1000,5247.9000,5425.1000
2011-09-15,5484.8500,5570.6000,5385.9500,5550.1500
2011-09-16,5620.3500,5620.3500,5477.8000,5494.0500
2011-09-19,5491.0500,5498.9000,5434.8500,5443.4000
2011-09-20,5467.8500,5623.8000,5459.8500,5613.3500
2011-09-21,5634.1500,5662.5000,5574.5500,5606.9500
2011-09-22,5502.8000,5536.9500,5349.6500,5385.3000
2011-09-23,5340.8500,5465.9000,5333.3500,5367.7500
2011-09-26,5385.2000,5415.4500,5278.5000,5387.6500
2011-09-27,5444.1000,5617.2500,5444.1000,5579.7000
2011-09-28,5640.9500,5749.6000,5592.1000,5623.9000
2011-09-29,5630.3500,5764.4500,5605.5000,5746.1500
2011-09-30,5709.0000,5771.3000,5658.7500,5678.9000
2011-10-01,7343.3000,7418.2000,7264.7500,7317.4500
2011-10-02,6799.5000,6811.8500,6697.3000,6720.4500
2011-10-03,5592.8000,5632.8000,5549.6500,5588.1000
2011-10-04,5544.2000,5599.9000,5478.1000,5537.1000
2011-10-05,6616.4500,6686.5000,6568.8000,6596.7500
2011-10-06,6664.6500,6689.7500,6633.9000,6653.4500
2011-10-07,5734.4500,5772.2000,5601.8500,5640.9500
2011-10-08,5603.6500,5660.1000,5530.6500,5588.7000
2011-10-10,5685.7500,5814.0000,5674.7000,5796.4500
2011-10-11,5822.1000,5831.0500,5615.5000,5637.9500
2011-10-12,5793.2000,5945.7000,5793.2000,5934.2500
2011-10-13,6011.6500,6035.7000,5953.5500,5978.5500
2011-10-14,5987.9000,6135.2000,5972.1000,6119.6500
2011-10-17,6165.9500,6172.1500,6069.8000,6096.5000
2011-10-18,5939.6000,5939.6000,5852.1000,5881.0000
2011-10-19,5923.8500,5966.6000,5901.4000,5959.9000
2011-10-20,5889.9500,5987.3000,5870.4500,5975.0000
2011-10-21,5991.1500,5991.1500,5932.3500,5948.4500
2011-10-24,6002.2000,6090.9000,6002.2000,6056.5000
2011-10-25,6128.6000,6267.4000,6099.3000,6217.3000
2011-10-26,6228.0000,6236.2500,6178.3500,6187.0500
2011-10-28,6346.4500,6432.6500,6246.6000,6273.9500
2011-10-31,6271.2000,6333.8500,6261.2500,6278.7000
2011-11-01,7233.5500,7369.3500,7131.5000,7194.5000
2011-11-02,6180.1500,6256.5000,6179.6000,6220.1000
2011-11-03,6780.4000,6798.5000,6692.7000,6722.2500
2011-11-04,7107.5000,7207.5000,7099.2000,7157.8500
2011-11-05,6601.7500,6677.0500,6601.7500,6650.4500
2011-11-07,6689.3000,6719.5000,6574.9000,6612.0500
2011-11-08,6176.2000,6227.2000,6154.2000,6216.4500
2011-11-09,6228.3500,6303.5000,6215.6500,6233.0500
2011-11-10,5822.1000,5831.0500,5615.5000,5637.9500
2011-11-11,5937.9000,6219.3500,5937.9000,6168.8500
2011-11-14,6226.3000,6280.4500,6198.0500,6210.3000
2011-11-15,6189.4500,6230.0000,6156.9500,6175.1000
2011-11-16,6168.7500,6168.7500,6073.9500,6111.1000
2011-11-17,6090.7500,6121.0500,6034.7500,6065.1000
2011-11-18,6019.7000,6062.5500,5978.8000,6017.8000
2011-11-21,5981.0000,5999.4500,5835.6000,5885.3000
2011-11-22,5801.2500,6049.3500,5801.2500,5987.2000
2011-11-23,5922.0000,5925.6000,5766.2000,5843.4000
2011-11-24,5824.7000,5945.7000,5739.0000,5918.7500
2011-11-25,5887.6000,5887.6000,5779.4500,5797.4500
2011-11-28,5850.3500,5914.4000,5850.3500,5895.8000
2011-11-29,5888.0500,5893.1000,5827.0500,5854.2000
2011-11-30,5814.9000,5924.1500,5803.4500,5893.2500
2011-12-01,6022.8000,6071.0500,5960.8500,5996.4000
2011-12-02,5989.9500,6155.8500,5986.5000,6122.9000
2011-12-05,6107.2500,6154.7500,6081.9500,6129.8000
2011-12-07,6134.4500,6250.3000,6105.0500,6223.0500
2011-12-08,6189.1500,6237.6000,6131.4500,6179.3000
2011-12-09,5219.2000,5219.2000,5139.9500,5157.8500
2011-12-10,5793.2000,5945.7000,5793.2000,5934.2500
2011-12-12,6153.4500,6226.3500,6111.8500,6194.4500
2011-12-13,6174.1500,6256.7500,6157.6000,6208.1500
2011-12-14,6205.2000,6240.2500,6166.2500,6198.5000
2011-12-15,6177.7500,6182.8000,6054.6000,6160.6500
2011-12-16,6120.5500,6223.2500,6079.9000,6112.5500
2011-12-19,6059.5000,6091.9500,5967.9000,6043.6000
2011-12-20,6061.8000,6066.4500,5976.3500,5989.9500
2011-12-21,6085.0500,6154.5000,5991.4500,6131.2500
2011-12-22,5992.9000,6123.6500,5987.8500,6076.5500
2011-12-23,6105.8500,6106.2500,6024.7500,6058.6000
2011-12-26,6051.8500,6212.7500,6051.8500,6202.3000
2011-12-27,6189.0500,6240.1500,6124.6500,6168.6500
2011-12-28,6177.9500,6210.7500,6138.5000,6167.2000
2011-12-29,6128.3500,6158.4000,6097.4500,6111.7000
2011-12-30,6126.5500,6171.5500,6115.8500,6139.0000
2012-01-02,6182.4000,6201.4500,6109.7500,6192.4000
2012-01-03,6567.3500,6578.8000,6474.5000,6553.2000
2012-01-04,6346.8000,6379.0500,6307.6500,6325.1000
2012-01-05,6302.8000,6373.8000,6286.8000,6301.5500
2012-01-06,6288.0500,6347.7000,6239.5000,6281.1000
2012-01-07,6291.8000,6318.6500,6280.7500,6289.8500
2012-01-08,5673.8000,5698.1000,5647.7000,5670.7000
2012-01-09,6304.4500,6333.0500,6261.1000,6287.9000
2012-01-10,6327.4000,6449.2500,6327.4000,6435.4000
2012-01-11,6085.1000,6109.5000,6076.0500,6101.8500
2012-01-12,6093.5000,6093.5000,5856.8000,5872.7500
2012-01-13,5923.6000,5934.2000,5830.4500,5872.6000
2012-01-16,5862.9500,5998.2000,5857.4000,5990.3000
2012-01-17,6024.2500,6068.1000,6004.6000,6041.0000
2012-01-18,5981.9000,5981.9000,5869.8500,5912.0000
2012-01-19,5935.6000,5951.3500,5858.0000,5893.2000
2012-01-20,5916.7500,5947.3500,5882.7000,5897.9500
2012-01-23,5905.4500,5952.5500,5903.3000,5910.5500
2012-01-24,5945.4500,5992.9000,5910.5500,5964.2500
2012-01-25,5990.1000,6063.1000,5981.9000,6038.1000
2012-01-27,6094.6500,6155.7500,6087.8000,6136.3000
2012-01-30,6090.4500,6134.8000,6080.1000,6103.8000
2012-01-31,6107.2500,6203.4500,6107.2500,6193.8500
2012-02-01,6130.1500,6233.3500,6104.7000,6217.7000
2012-02-02,6201.4500,6288.7000,6196.4500,6280.5500
2012-02-03,6256.7500,6350.6000,6256.7500,6339.9500
2012-02-04,6511.8500,6565.5500,6493.2500,6548.0000
2012-02-05,6085.2500,6148.9500,6085.2500,6124.9000
2012-02-06,6386.7000,6398.9500,6340.3000,6370.9000
2012-02-07,6426.0000,6426.0000,6291.4500,6308.5500
2012-02-08,6358.5500,6437.0000,6351.6000,6414.6500
2012-02-09,6373.9000,6510.4000,6318.9500,6492.5500
2012-02-10,6477.3000,6502.2000,6394.3500,6484.3500
2012-02-11,6134.8500,6197.7500,6131.7500,6163.4500
2012-02-13,6447.6500,6492.6500,6408.5000,6461.1500
2012-02-14,6443.8500,6477.8000,6426.7000,6465.7000
2012-02-15,6494.5500,6594.0500,6494.5500,6575.4000
2012-02-16,6569.6000,6631.4500,6556.3500,6621.9500
2012-02-17,6651.8500,6768.6000,6620.3000,6703.0500
2012-02-21,6670.4500,6718.5500,6626.3000,6703.9000
2012-02-22,6661.4000,6811.3000,6661.4000,6718.7000
2012-02-23,6693.4500,6778.7000,6678.9000,6704.5000
2012-02-24,6697.5000,6797.1000,6697.5000,6747.2000
2012-02-27,6783.1500,6783.1500,6588.4000,6608.9000
2012-02-28,6617.5500,6654.7000,6545.4500,6572.4500
2012-02-29,6623.2500,6643.0000,6550.2000,6606.8500
2012-03-01,6567.3500,6578.8000,6474.5000,6553.2000
2012-03-02,6256.7500,6350.6000,6256.7500,6339.9500
2012-03-03,6536.2000,6564.1000,6532.5500,6549.0000
2012-03-04,6581.3500,6600.3000,6526.6000,6550.9000
2012-03-05,6537.3500,6543.6500,6438.7000,6471.4000
2012-03-06,6456.2000,6594.0000,6442.6000,6511.7000
2012-03-07,6152.5000,6152.5000,6064.7000,6087.5000
2012-03-08,5645.9000,5705.3000,5633.3500,5697.1500
2012-03-09,6084.2000,6142.2000,6068.8000,6083.2000
2012-03-10,6431.7500,6477.0000,6395.6500,6422.5500
2012-03-12,6263.4500,6299.7000,6243.4500,6269.8500
2012-03-13,6519.9000,6577.2500,6519.9000,6546.7500
2012-03-14,6604.7000,6639.4000,6483.8500,6515.2000
2012-03-15,6533.8500,6553.1500,6489.0500,6519.0000
2012-03-16,6560.7000,6585.1500,6475.0500,6501.2500
2012-03-19,6531.8500,6535.9000,6351.6500,6404.4000
2012-03-20,6395.7500,6454.6500,6367.6500,6423.4000
2012-03-21,6424.5000,6566.5000,6424.5000,6523.9000
2012-03-22,6532.4500,6540.0500,6417.4500,6437.1500
2012-03-23,6453.3500,6547.8000,6448.3000,6532.1500
2012-03-26,6519.2500,6530.6000,6419.3500,6436.7500
2012-03-27,6490.3500,6544.4000,6446.5500,6507.3000
2012-03-28,6492.5000,6495.1000,6403.1500,6450.6500
2012-03-29,6399.7500,6405.9500,6331.0500,6366.3500
2012-03-30,6392.0000,6533.3000,6392.0000,6516.0000
2012-04-01,6346.8000,6379.0500,6307.6500,6325.1000
2012-04-02,6511.8500,6565.5500,6493.2500,6548.0000
2012-04-03,6581.3500,6600.3000,6526.6000,6550.9000
2012-04-04,6522.2000,6589.0500,6513.2000,6539.9000
2012-04-05,6160.6000,6201.9000,6068.0500,6100.3500
2012-04-06,5855.3500,5899.2000,5802.8500,5884.0000
2012-04-07,6103.2000,6111.0500,6035.9500,6074.7500
2012-04-09,6066.5000,6099.5500,6037.3500,6084.0500
2012-04-10,6418.1000,6428.9500,6374.7500,6399.5000
2012-04-11,6377.2000,6460.0500,6346.5500,6413.8000
2012-04-12,6436.5000,6453.1000,6336.8500,6343.8500
2012-04-13,5975.6500,6015.1000,5760.1000,5782.8500
2012-04-16,5772.1500,5801.3500,5694.9500,5751.1000
2012-04-17,5813.9500,5815.7000,5738.7500,5801.7000
2012-04-18,5855.9000,5867.5000,5807.3000,5815.0000
2012-04-19,5833.4500,5875.6000,5817.5000,5861.7500
2012-04-20,5833.8500,5899.4000,5774.5000,5849.4500
2012-04-23,5831.4000,5833.6500,5653.5000,5680.1500
2012-04-24,5760.2000,5951.1500,5681.6000,5928.4000
2012-04-25,5896.8500,5896.8500,5815.9000,5850.7000
2012-04-26,5851.6000,5903.2000,5833.1000,5871.9000
2012-04-27,5866.7000,5947.4500,5866.7000,5940.3500
2012-04-28,5949.4500,5954.5000,5927.6500,5943.1000
2012-04-30,5938.9000,6096.0000,5938.9000,6085.4000
2012-05-01,6302.8000,6373.8000,6286.8000,6301.5500
2012-05-02,6085.2500,6148.9500,6085.2500,6124.9000
2012-05-03,6101.5500,6180.7000,6101.5500,6161.1000
2012-05-04,6160.6000,6201.9000,6068.0500,6100.3500
2012-05-06,5884.1000,5944.4000,5883.6500,5904.9000
2012-05-07,6023.1000,6101.1000,5957.3000,6089.2000
2012-05-08,5965.9500,5965.9500,5855.0500,5901.4500
2012-05-09,5856.6500,5946.7000,5856.6500,5898.8000
2012-05-10,5903.4000,5934.3500,5854.3000,5890.0000
2012-05-11,6163.9500,6176.3500,6127.7000,6144.2000
2012-05-12,6226.3500,6226.3500,6140.5000,6149.4500
2012-05-14,5831.5500,5877.0500,5802.3000,5855.8500
2012-05-15,5801.8500,5973.6500,5801.8500,5956.3000
2012-05-16,5894.2000,5927.7500,5845.5000,5870.2500
2012-05-17,5870.7000,5896.6500,5811.4500,5869.1000
2012-05-18,5778.0000,5904.6000,5763.7000,5865.4500
2012-05-21,5865.2000,5875.3000,5773.5000,5796.5500
2012-05-22,5833.3000,5859.5000,5789.1000,5822.4500
2012-05-23,5854.5000,5865.3000,5766.8000,5832.1500
2012-05-24,5836.0000,5895.6000,5781.5000,5886.1000
2012-05-25,5853.8000,5895.0500,5832.7500,5879.8500
2012-05-28,5910.5000,5934.9500,5868.9000,5916.3000
2012-05-29,5927.9000,6005.8500,5904.9000,5983.2500
2012-05-30,5961.8000,6059.5500,5954.3000,6012.3500
2012-05-31,5946.3000,6138.9500,5929.6000,6008.8000
2012-06-01,5977.6500,5995.7500,5895.0000,5902.7500
2012-06-02,6386.7000,6398.9500,6340.3000,6370.9000
2012-06-03,6456.2000,6594.0000,6442.6000,6511.7000
2012-06-04,5855.3500,5899.2000,5802.8500,5884.0000
2012-06-05,5884.1000,5944.4000,5883.6500,5904.9000
2012-06-06,5922.1500,6035.9000,5922.1500,5999.2500
2012-06-07,6034.8000,6054.3500,6001.4000,6021.8000
2012-06-08,5729.7000,5742.2000,5684.0500,5699.1000
2012-06-09,6094.5500,6243.5500,6092.4500,6233.3500
2012-06-11,6144.5000,6187.9000,6128.1000,6139.5000
2012-06-12,6162.3000,6162.3000,6013.3000,6063.7000
2012-06-13,6013.0000,6079.5500,6003.8500,6040.8000
2012-06-14,6030.3500,6098.9000,6028.6000,6065.2500
2012-06-15,6083.9000,6142.3000,6079.4000,6134.4500
2012-06-18,6155.2000,6185.6000,6053.4500,6082.0000
2012-06-19,6065.8000,6087.3000,6027.0500,6069.1500
2012-06-20,6072.3000,6084.1000,6039.0000,6051.4500
2012-06-21,6018.1000,6056.6500,5976.3500,6043.3500
2012-06-22,5966.2000,6044.4500,5966.2000,6028.5500
2012-06-25,6033.0000,6058.9000,5985.2500,5997.0500
2012-06-26,5976.6500,6003.4000,5965.2000,5988.6000
2012-06-27,6008.1000,6060.6000,6006.4500,6042.4000
2012-06-28,6037.1500,6079.1500,6021.9000,6055.6500
2012-06-29,6093.9000,6167.1000,6083.2500,6144.6000
2012-07-01,6291.8000,6318.6500,6280.7500,6289.8500
2012-07-02,6426.0000,6426.0000,6291.4500,6308.5500
2012-07-03,6152.5000,6152.5000,6064.7000,6087.5000
2012-07-04,6103.2000,6111.0500,6035.9500,6074.7500
2012-07-05,6075.5000,6084.3500,6046.2500,6077.3500
2012-07-06,6034.8000,6054.3500,6001.4000,6021.8000
2012-07-08,5733.9500,5818.7000,5733.9500,5799.8000
2012-07-09,5987.6500,6073.7000,5973.0000,6018.2000
2012-07-10,6037.1500,6067.1500,6027.5500,6056.5000
2012-07-11,6034.5500,6110.5500,6021.7000,6049.3500
2012-07-12,5720.3000,5765.0500,5678.1000,5737.6500
2012-07-13,5736.3000,5778.1000,5698.7500,5713.9000
2012-07-16,5713.4000,5740.0500,5562.6000,5576.7500
2012-07-17,5609.7000,5615.4000,5531.2500,5555.3500
2012-07-18,5569.8000,5599.7000,5550.4500,5582.2500
2012-07-19,5624.0500,5693.6000,5624.0500,5682.2500
2012-07-20,5681.8000,5691.8000,5642.4000,5674.2000
2012-07-23,5624.7500,5651.7000,5601.5000,5609.2000
2012-07-24,5598.6000,5627.0500,5560.5500,5571.3000
2012-07-25,5586.8000,5601.7500,5543.4500,5588.6500
2012-07-26,5587.3500,5587.3500,5460.7000,5489.6000
2012-07-27,5562.4000,5577.8000,5497.9500,5562.0000
2012-07-30,5589.1500,5660.0500,5569.1500,5646.3000
2012-07-31,5664.7000,5705.8500,5620.9000,5695.2500
2012-08-01,5673.8000,5698.1000,5647.7000,5670.7000
2012-08-02,5673.9500,5690.0000,5654.3500,5670.4000
2012-08-03,5645.9000,5705.3000,5633.3500,5697.1500
2012-08-05,5965.9500,5965.9500,5855.0500,5901.4500
2012-08-06,6052.9500,6052.9500,5930.0500,5975.5000
2012-08-07,5733.9500,5818.7000,5733.9500,5799.8000
2012-08-08,5813.4000,5854.5000,5808.1500,5828.3000
2012-08-09,6325.0000,6365.3000,6325.0000,6359.3500
2012-08-10,6298.9000,6324.0000,6192.3000,6207.9500
2012-08-11,6138.0000,6166.8000,6120.8000,6163.0500
2012-08-13,5885.6500,5919.3000,5877.5500,5912.3500
2012-08-14,5890.3500,5943.1000,5876.2500,5936.3500
2012-08-16,5935.1000,5935.1000,5887.8000,5915.9000
2012-08-17,5928.2000,5995.1000,5921.0500,5980.6500
2012-08-21,5994.1000,6131.8000,5994.1000,6085.3000
2012-08-22,6070.2000,6115.6500,6064.9500,6099.1000
2012-08-23,6101.6500,6213.5500,6100.1000,6207.6000
2012-08-24,6167.1500,6181.2500,6145.1000,6170.7000
2012-08-27,6144.8500,6175.8000,6105.2000,6112.9500
2012-08-28,6103.1500,6183.0500,6103.1500,6159.9000
2012-08-29,6161.2000,6161.8000,6090.2000,6099.1500
2012-08-30,6086.8000,6181.1500,6058.0000,6144.5500
2012-08-31,6120.9000,6120.9000,6061.8000,6072.3500
2012-09-01,6304.4500,6333.0500,6261.1000,6287.9000
2012-09-02,6373.9000,6510.4000,6318.9500,6492.5500
2012-09-03,6626.0000,6633.4500,6540.0500,6558.4500
2012-09-04,6066.5000,6099.5500,6037.3500,6084.0500
2012-09-05,5856.6500,5946.7000,5856.6500,5898.8000
2012-09-06,6094.5500,6243.5500,6092.4500,6233.3500
2012-09-07,6299.5500,6351.4000,6299.5500,6342.7000
2012-09-08,6325.0000,6365.3000,6325.0000,6359.3500
2012-09-10,6355.9000,6388.7000,6318.5000,6361.9000
2012-09-11,6147.6000,6148.1000,6099.8500,6110.4500
2012-09-12,6434.5500,6501.7000,6422.5500,6485.9500
2012-09-13,6483.8000,6527.6000,6460.6500,6514.3500
2012-09-14,6579.6000,6643.8000,6541.3500,6599.4000
2012-09-17,6630.4000,6630.4000,6382.9500,6398.2000
2012-09-18,6420.3000,6444.9500,6361.1500,6370.6000
2012-09-20,6310.0000,6469.0500,6310.0000,6422.5000
2012-09-21,6428.6000,6494.2500,6365.5000,6379.5500
2012-09-24,6394.2000,6395.8000,6320.2500,6364.0000
2012-09-25,6354.6000,6396.9000,6344.7000,6367.9500
2012-09-26,6343.2000,6369.4000,6316.7500,6348.8000
2012-09-27,6343.2500,6356.2500,6262.1500,6285.2000
2012-09-28,6313.9500,6364.8000,6304.2500,6313.8000
2012-10-01,6340.1000,6357.9000,6314.0500,6331.7500
2012-10-02,6477.3000,6502.2000,6394.3500,6484.3500
2012-10-03,6431.7500,6477.0000,6395.6500,6422.5500
2012-10-04,6492.4500,6514.8000,6351.2000,6396.2500
2012-10-05,5903.4000,5934.3500,5854.3000,5890.0000
2012-10-07,6037.1500,6067.1500,6027.5500,6056.5000
2012-10-08,5815.3000,5921.9000,5815.3000,5905.1500
2012-10-09,6237.6000,6290.6500,6205.8000,6274.8000
2012-10-10,6226.4000,6263.6500,6216.3000,6225.8000
2012-10-11,6221.0000,6336.5000,6199.2500,6268.7000
2012-10-12,6027.5500,6175.0000,5981.2000,6106.1500
2012-10-15,6089.3500,6132.0500,6049.6000,6060.4500
2012-10-16,6083.0000,6115.7500,6035.3500,6050.8500
2012-10-17,6093.1500,6102.2000,6019.0500,6045.1500
2012-10-18,6043.1000,6098.7500,6020.4000,6088.8500
2012-10-19,6077.0000,6104.0500,6049.8000,6067.0000
2012-10-22,6096.6500,6137.0000,6087.5000,6112.8000
2012-10-23,6090.2500,6100.7000,6053.2000,6063.1500
2012-10-25,6055.0000,6073.5000,6033.3000,6051.7000
2012-10-26,6024.9000,6059.1000,6011.7000,6025.4000
2012-10-29,6012.6500,6038.8500,6003.8500,6032.4500
2012-10-30,6016.5000,6082.9000,6016.5000,6066.1000
2012-10-31,6053.5000,6095.9000,6053.5000,6087.8500
2012-11-01,6085.1000,6109.5000,6076.0500,6101.8500
2012-11-02,6134.8500,6197.7500,6131.7500,6163.4500
2012-11-04,6377.2000,6460.0500,6346.5500,6413.8000
2012-11-05,6163.9500,6176.3500,6127.7000,6144.2000
2012-11-06,6144.5000,6187.9000,6128.1000,6139.5000
2012-11-07,6144.6500,6210.4000,6136.9500,6192.7500
2012-11-08,6138.0000,6166.8000,6120.8000,6163.0500
2012-11-09,6340.0500,6431.9000,6311.2000,6424.6500
2012-11-10,6221.0000,6336.5000,6199.2500,6268.7000
2012-11-12,5970.6000,6009.3000,5887.4500,5917.6000
2012-11-13,6135.2000,6142.3000,6094.7500,6106.1000
2012-11-15,6093.4000,6093.4000,5989.3000,6000.5000
2012-11-16,6002.5000,6117.0000,5993.4000,6030.5000
2012-11-19,6035.2500,6087.8000,5992.6500,6013.8500
2012-11-20,6055.5500,6055.5500,5959.2000,5990.8500
2012-11-21,6004.0500,6050.8000,6001.4000,6043.6000
2012-11-22,6041.9000,6101.3500,6027.1500,6087.9500
2012-11-23,6097.5000,6124.9500,6055.9500,6099.1000
2012-11-26,6117.7000,6180.3500,6117.7000,6174.4500
2012-11-27,6189.2500,6265.3000,6186.3500,6252.3000
2012-11-29,6243.6500,6248.0000,6205.5500,6226.6000
2012-11-30,6217.7500,6282.3500,6209.8000,6263.2500
2012-12-01,6093.5000,6093.5000,5856.8000,5872.7500
2012-12-03,6263.4500,6299.7000,6243.4500,6269.8500
2012-12-04,6256.6000,6257.3500,6215.6000,6233.8500
2012-12-05,6226.3500,6226.3500,6140.5000,6149.4500
2012-12-06,6162.3000,6162.3000,6013.3000,6063.7000
2012-12-07,5720.3000,5765.0500,5678.1000,5737.6500
2012-12-09,6434.5500,6501.7000,6422.5500,6485.9500
2012-12-10,6013.8000,6046.4500,5951.5000,5969.4500
2012-12-11,5970.6000,6009.3000,5887.4500,5917.6000
2012-12-12,5946.0500,5996.3000,5918.5500,5935.9500
2012-12-13,5953.5500,5970.0500,5897.4500,5909.5000
2012-12-14,5888.9000,5953.1500,5888.9000,5947.7500
2012-12-17,5928.1500,5970.6500,5864.0500,5877.2000
2012-12-18,5882.8500,5907.8500,5845.5500,5902.2000
2012-12-19,5915.6500,5980.9500,5915.6500,5976.2500
2012-12-20,5985.0000,6012.3000,5951.2500,5994.9500
2012-12-21,5986.2000,6025.1500,5953.8000,5981.3000
2012-12-24,6016.8500,6046.1500,6013.9000,6037.2500
2012-12-26,6037.1000,6048.2500,6007.4000,6023.6000
2012-12-27,6047.0500,6047.0500,5952.7500,5967.6500
2012-12-28,5990.5000,6052.2500,5990.5000,6044.2500
2012-12-31,6028.2000,6042.6500,6009.1000,6024.9500
2013-01-01,6055.5000,6059.9500,6025.0500,6033.3000
2013-01-02,6779.0000,6802.9000,6732.0500,6752.6500
2013-01-03,6045.3500,6111.3500,6034.9500,6097.6000
2013-01-04,7230.6500,7298.9500,7230.6500,7264.3500
2013-01-07,6159.3500,6190.5500,6141.2000,6175.4500
2013-01-08,7811.4500,7822.6000,7727.9500,7777.1000
2013-01-09,6143.9500,6177.3000,6091.2000,6101.0500
2013-01-10,8195.0500,8208.5000,8133.4000,8181.6500
2013-01-11,8840.6000,8909.0000,8787.7000,8799.5500
2013-01-14,6719.7500,6846.1500,6716.8500,6809.5000
2013-01-15,6884.3500,6898.7000,6780.4000,6791.5000
2013-01-16,6785.2000,6792.3000,6738.6500,6777.9500
2013-01-17,6833.0500,6896.0500,6822.7000,6869.4500
2013-01-18,6885.9000,6890.1000,6786.9500,6798.7000
2013-01-21,6772.0500,6823.4000,6756.4000,6789.4000
2013-01-22,6782.4500,6788.7000,6731.0000,6739.6500
2013-01-23,6734.0000,6767.8500,6707.3000,6725.8000
2013-01-24,6742.0000,6799.2000,6732.7000,6742.4000
2013-01-25,6752.6500,6817.8500,6736.8500,6800.7500
2013-01-28,6796.3000,6848.5000,6785.4000,6822.7000
2013-01-29,6808.0500,6849.4500,6783.1500,6792.3000
2013-01-30,6794.9500,6806.3500,6776.9000,6787.8500
2013-01-31,6789.8000,6807.7500,6733.0000,6778.0000
2013-02-01,6779.0000,6802.9000,6732.0500,6752.6500
2013-02-04,6766.6500,6794.5000,6728.8000,6750.2500
2013-02-05,6724.4000,6771.0000,6720.0500,6728.7000
2013-02-06,6760.6000,6775.9000,6738.2500,6766.8000
2013-02-07,6762.3000,6813.1500,6762.3000,6799.0000
2013-02-08,7793.9500,7895.5000,7793.9500,7858.3500
2013-02-09,8325.8500,8423.8000,8325.8500,8396.9000
2013-02-11,6872.9000,6890.7500,6826.3000,6832.0500
2013-02-12,6799.9000,6809.2500,6766.7500,6791.9000
2013-02-13,6796.4500,6897.7500,6779.6500,6884.1500
2013-02-14,6878.2500,6939.7500,6878.2500,6900.3500
2013-02-15,6866.7000,6876.3500,6826.5000,6864.1500
2013-02-18,6853.3500,6858.8500,6808.0000,6834.7000
2013-02-19,6832.0000,6944.0000,6813.5500,6936.2500
2013-02-20,6937.4000,6977.7000,6937.4000,6972.0500
2013-02-21,6929.5000,6985.3000,6924.8000,6939.8500
2013-02-22,6924.4500,7018.5500,6924.4500,6992.8500
2013-02-25,7026.2000,7126.9500,7026.2000,7095.2000
2013-02-26,7082.8500,7172.0500,7082.8500,7156.7500
2013-02-27,7144.8500,7155.9000,7064.3000,7072.5000
2013-02-28,7084.8000,7160.7500,7069.6500,7106.6500
2013-03-01,6045.3500,6111.3500,6034.9500,6097.6000
2013-03-04,7305.6000,7354.3000,7248.4000,7271.9000
2013-03-05,6211.8000,6267.4500,6208.3000,6224.7000
2013-03-06,6627.9500,6758.8000,6511.0500,6551.6500
2013-03-07,6464.8000,6547.0000,6404.6500,6451.3000
2013-03-08,7391.5500,7402.5500,7344.1500,7357.0000
2013-03-09,8380.6500,8410.9500,8226.2500,8259.4000
2013-03-10,8244.7000,8374.2000,8234.1500,8360.8500
2013-03-11,8812.7500,8837.8500,8812.7500,8823.5000
2013-03-12,8837.0500,8906.9500,8837.0500,8867.8000
2013-03-13,7211.2500,7211.2500,7159.3500,7170.4000
2013-03-14,7180.9500,7242.0000,7131.9500,7212.4000
2013-03-15,7221.8500,7277.2000,7212.3000,7224.3500
2013-03-18,7190.8500,7227.4500,7166.8500,7198.6500
2013-03-19,7213.2500,7229.2000,7140.0000,7152.5500
2013-03-20,7153.8500,7179.7500,7115.6500,7158.2500
2013-03-21,7186.3500,7220.0500,7157.1000,7168.0500
2013-03-22,7140.4500,7149.7000,7085.1500,7119.8000
2013-03-25,7113.0500,7131.9000,7072.7500,7105.9500
2013-03-26,7094.5500,7163.0000,7072.1000,7137.0500
2013-03-28,7153.6000,7232.1000,7147.2500,7219.0500
2013-04-01,6118.5000,6159.8000,6108.0000,6153.2000
2013-04-02,7249.3500,7337.4500,7232.1000,7325.2500
2013-04-03,7305.6000,7354.3000,7248.4000,7271.9000
2013-04-04,7232.6500,7232.6500,7060.6500,7072.7000
2013-04-05,7066.8500,7098.6500,7018.4500,7047.3500
2013-04-06,6511.5500,6554.9000,6469.9500,6516.6500
2013-04-07,6490.2000,6640.7000,6487.4000,6633.2000
2013-04-08,7027.9000,7057.0000,6968.3500,6977.1000
2013-04-09,8293.0000,8499.5500,8293.0000,8454.1000
2013-04-10,8353.3000,8429.9000,8329.4500,8352.3500
2013-04-11,7125.8000,7221.7000,7066.3000,7200.3500
2013-04-12,8868.2500,8950.7000,8864.4500,8876.6000
2013-04-15,6348.6500,6370.8000,6177.4500,6342.7000
2013-04-16,6305.0500,6327.4000,6266.1500,6301.1000
2013-04-17,6352.3000,6370.9500,6190.1000,6235.8500
2013-04-18,6282.5000,6294.1000,6199.2500,6232.6000
2013-04-22,6217.1500,6233.3000,6106.9000,6118.2500
2013-04-23,6127.2000,6181.1000,6127.2000,6156.9000
2013-04-25,6141.0000,6141.0000,6053.7500,6059.8000
2013-04-26,6036.7500,6046.2500,5964.4500,5972.7000
2013-04-29,5959.4500,6052.2500,5936.4000,6015.4500
2013-04-30,6017.7500,6055.5000,6001.7000,6047.7000
2013-05-02,6724.4000,6771.0000,6720.0500,6728.7000
2013-05-03,7131.8000,7205.8000,7117.6000,7200.2000
2013-05-04,7066.8500,7098.6500,7018.4500,7047.3500
2013-05-06,6490.8000,6508.2000,6465.4000,6474.0000
2013-05-07,6356.3500,6379.9000,6313.8500,6372.7500
2013-05-08,6393.8000,6412.8500,6365.8000,6380.1500
2013-05-09,6389.1500,6449.5000,6389.1500,6426.4500
2013-05-10,6429.8500,6476.5500,6416.6000,6439.8500
2013-05-11,8780.6000,8791.1000,8705.9500,8724.1000
2013-05-12,8932.9500,8970.9500,8817.0500,8834.5500
2013-05-13,6398.5500,6407.4500,6309.7500,6316.0000
2013-05-14,6322.1000,6371.4500,6298.4000,6328.0500
2013-05-15,6332.4500,6375.9500,6316.5500,6359.7000
2013-05-16,6347.5500,6347.5500,6264.8500,6292.1500
2013-05-17,6299.0000,6372.7000,6299.0000,6331.0500
2013-05-20,6323.9000,6382.1000,6323.9000,6358.7500
2013-05-21,6348.2500,6458.7000,6348.2500,6421.0000
2013-05-22,6440.5000,6500.4000,6411.5000,6420.2000
2013-05-23,6411.5500,6497.9000,6372.3000,6378.4500
2013-05-24,6396.7500,6431.9500,6314.1500,6330.8000
2013-05-27,6322.5500,6427.3000,6298.6500,6410.9500
2013-05-28,6409.7500,6441.6000,6385.7000,6431.6000
2013-05-29,6441.8500,6492.8000,6355.6500,6396.2500
2013-05-30,6371.5000,6419.9500,6344.5000,6390.4000
2013-05-31,6381.9500,6483.9000,6381.4500,6472.0500
2013-06-02,6760.6000,6775.9000,6738.2500,6766.8000
2013-06-03,7227.7000,7314.9000,7226.7500,7305.9000
2013-06-04,6511.5500,6554.9000,6469.9500,6516.6500
2013-06-05,6490.8000,6508.2000,6465.4000,6474.0000
2013-06-06,6433.8500,6484.5500,6417.9500,6451.5500
2013-06-07,6440.9000,6588.1500,6440.9000,6540.0500
2013-06-08,7920.9500,7933.6000,7839.3500,7877.1500
2013-06-09,8224.6500,8310.8000,8172.0000,8216.5000
2013-06-10,6571.2000,6633.1000,6568.1500,6604.7000
2013-06-11,8766.9000,8865.5000,8766.9000,8843.0500
2013-06-12,8813.8000,8856.4500,8810.1000,8827.8000
2013-06-13,6427.6000,6427.6000,6316.3500,6334.6000
2013-06-14,6359.1000,6395.8500,6323.5000,6370.4000
2013-06-17,6394.2500,6438.0500,6358.5500,6423.2000
2013-06-18,6436.2500,6471.3500,6418.8500,6451.9500
2013-06-19,6468.8500,6468.8500,6387.5500,6435.1000
2013-06-20,6408.7000,6433.1000,6259.5000,6290.1500
2013-06-21,6296.6500,6398.7000,6296.6500,6381.8500
2013-06-24,6353.3500,6376.7500,6284.1000,6309.4500
2013-06-25,6309.1000,6335.4000,6246.4000,6268.8500
2013-06-26,6298.5500,6400.5000,6277.0500,6378.3500
2013-06-27,6428.7500,6607.1500,6424.2500,6587.1500
2013-06-28,6586.7000,6648.6000,6489.1500,6634.1500
2013-07-01,6159.3500,6190.5500,6141.2000,6175.4500
2013-07-02,6527.5000,6564.7000,6463.2500,6474.2500
2013-07-03,6464.8000,6547.0000,6404.6500,6451.3000
2013-07-04,6490.2000,6640.7000,6487.4000,6633.2000
2013-07-05,6356.3500,6379.9000,6313.8500,6372.7500
2013-07-06,6440.9000,6588.1500,6440.9000,6540.0500
2013-07-08,6640.2500,6653.3500,6594.9000,6607.9500
2013-07-09,6609.0000,6681.7500,6609.0000,6653.9000
2013-07-10,8359.1500,8487.9500,8359.1500,8461.5500
2013-07-11,6748.7500,6823.5000,6748.7500,6799.5000
2013-07-12,7173.4500,7361.0000,7157.2500,7249.4000
2013-07-15,7216.8000,7261.3500,7164.0000,7225.4000
2013-07-16,7132.7000,7278.3000,7122.3500,7208.8000
2013-07-17,7203.6000,7300.0000,7203.6000,7272.0000
2013-07-18,7286.7000,7362.2000,7245.6500,7306.3500
2013-07-19,7400.3500,7545.1000,7400.3500,7503.7000
2013-07-22,7472.1500,7590.3000,7468.2500,7556.5500
2013-07-23,7579.1000,7650.6000,7579.1000,7604.0000
2013-07-24,7569.0500,7687.2500,7569.0500,7669.2500
2013-07-25,7660.7000,7720.6000,7629.8500,7678.1500
2013-07-26,7699.0000,7747.0500,7650.1000,7663.0000
2013-07-29,7638.8000,7708.9500,7633.9000,7673.3000
2013-07-30,7694.5500,7762.2000,7689.7500,7718.8500
2013-07-31,7738.2500,7808.5000,7708.6500,7787.3500
2013-08-01,6160.7500,6173.7500,6115.1500,6147.9000
2013-08-02,6793.7500,6909.5500,6793.7500,6852.7000
2013-08-03,7391.5500,7402.5500,7344.1500,7357.0000
2013-08-04,7027.9000,7057.0000,6968.3500,6977.1000
2013-08-05,6393.8000,6412.8500,6365.8000,6380.1500
2013-08-06,7920.9500,7933.6000,7839.3500,7877.1500
2013-08-07,6640.2500,6653.3500,6594.9000,6607.9500
2013-08-08,7710.4000,7816.4000,7687.0000,7801.4500
2013-08-10,8483.3000,8500.7500,8424.1000,8435.0000
2013-08-11,8969.7000,9045.5500,8933.9000,8956.9000
2013-08-12,7820.1000,7874.9500,7781.9500,7841.4500
2013-08-13,7860.1000,7989.2500,7860.1000,7976.2500
2013-08-14,7971.9000,8032.2500,7874.1000,7956.1000
2013-08-16,7879.4500,7910.4000,7724.9500,7774.2000
2013-08-19,7811.8500,7870.4000,7708.7500,7793.2000
2013-08-20,7828.2000,7828.2000,7677.8500,7693.5000
2013-08-21,7679.2000,7679.2000,7549.1000,7594.0500
2013-08-22,7614.8500,7796.1000,7563.2500,7777.5000
2013-08-23,7786.3500,7902.5000,7761.3500,7893.2000
2013-08-26,7908.6000,8047.4000,7893.8500,7958.6500
2013-08-27,7952.5500,8073.9000,7952.5500,7975.8000
2013-08-28,7948.6500,8222.6500,7948.6500,8175.3000
2013-08-29,8110.0500,8286.9000,8083.9000,8246.9000
2013-08-30,8225.6500,8406.6500,8196.0000,8382.4000
2013-09-01,6143.9500,6177.3000,6091.2000,6101.0500
2013-09-02,8325.8500,8423.8000,8325.8500,8396.9000
2013-09-03,8380.6500,8410.9500,8226.2500,8259.4000
2013-09-04,6984.8500,7023.9000,6892.2500,6905.7000
2013-09-05,6389.1500,6449.5000,6389.1500,6426.4500
2013-09-06,8224.6500,8310.8000,8172.0000,8216.5000
2013-09-07,6609.0000,6681.7500,6609.0000,6653.9000
2013-09-10,8408.5000,8584.6000,8385.5500,8564.4500
2013-09-11,8421.3000,8465.1000,8360.9000,8373.2500
2013-09-12,8926.2500,8930.4500,8837.5500,8877.1000
2013-09-13,8257.8500,8290.0000,8152.9000,8172.6500
2013-09-16,8172.3000,8212.6000,8005.1000,8017.2000
2013-09-17,8048.1000,8166.6000,8030.3500,8154.2500
2013-09-18,8160.4000,8183.1000,8119.5500,8159.1000
2013-09-19,8130.6000,8218.0000,8093.8000,8156.9500
2013-09-20,8119.2500,8225.8000,8119.2500,8132.8000
2013-09-23,8137.9500,8256.9000,8133.4000,8200.7000
2013-09-24,8217.6500,8250.8500,8132.6500,8169.1000
2013-09-25,8192.9500,8218.0000,8116.4500,8187.5500
2013-09-26,8212.1000,8225.3500,8139.9000,8157.8000
2013-09-27,8176.4000,8249.0000,8147.7500,8166.5500
2013-09-30,8196.4000,8263.8500,8136.8500,8167.8000
2013-10-01,6109.1500,6131.1500,6057.4500,6073.1000
2013-10-03,8244.7000,8374.2000,8234.1500,8360.8500
2013-10-04,6977.8000,7058.2500,6939.6500,7042.9500
2013-10-05,6429.8500,6476.5500,6416.6000,6439.8500
2013-10-06,6571.2000,6633.1000,6568.1500,6604.7000
2013-10-07,6672.6000,6710.4000,6658.9000,6690.9500
2013-10-08,8483.3000,8500.7500,8424.1000,8435.0000
2013-10-09,8408.5000,8584.6000,8385.5500,8564.4500
2013-10-10,8585.7500,8643.4500,8549.1500,8603.8000
2013-10-11,8899.6500,8932.5500,8690.4000,8870.1500
2013-10-12,8867.0000,9070.3000,8867.0000,9045.9000
2013-10-14,8868.8500,9078.2500,8868.8500,9061.7500
2013-10-15,9109.7500,9167.0000,9064.4500,9120.3000
2013-10-17,9111.8500,9111.8500,8775.1000,8797.8500
2013-10-18,8821.3000,8907.5000,8733.0000,8893.8500
2013-10-21,8928.4500,8928.4500,8712.7000,8854.9000
2013-10-22,8901.3500,8951.8500,8891.2000,8915.1500
2013-10-23,8891.3000,8891.3000,8739.9000,8829.5500
2013-10-24,8774.1500,8921.0000,8653.8500,8681.6500
2013-10-25,8670.4000,8823.1000,8647.9500,8812.5500
2013-10-28,8796.5500,8851.8500,8760.8000,8783.2000
2013-10-29,8784.8500,8844.2000,8771.4000,8822.1000
2013-10-30,8803.2500,8853.3000,8784.9000,8835.1500
2013-10-31,8814.2000,8881.3000,8814.2000,8852.8000
2013-11-01,6370.4000,6654.6500,6370.4000,6639.8500
2013-11-02,6872.9000,6890.7500,6826.3000,6832.0500
2013-11-03,7355.7500,7380.1000,7290.2500,7304.6000
2013-11-04,7125.8000,7221.7000,7066.3000,7200.3500
2013-11-05,8780.6000,8791.1000,8705.9500,8724.1000
2013-11-06,8766.9000,8865.5000,8766.9000,8843.0500
2013-11-07,6748.7500,6823.5000,6748.7500,6799.5000
2013-11-08,8969.7000,9045.5500,8933.9000,8956.9000
2013-11-09,8421.3000,8465.1000,8360.9000,8373.2500
2013-11-10,8899.6500,8932.5500,8690.4000,8870.1500
2013-11-11,8943.1000,9095.7500,8915.0000,8962.8500
2013-11-12,8971.6500,9019.3000,8899.0500,8914.4000
2013-11-13,8897.5000,8954.2500,8845.3500,8859.1500
2013-11-14,8912.9000,8940.5500,8855.5500,8862.0000
2013-11-18,8919.4000,9010.6000,8919.4000,8978.3500
2013-11-19,8993.4000,9019.4000,8964.7000,9003.9000
2013-11-20,8987.2000,9023.6500,8902.6500,8915.3500
2013-11-21,8912.5500,8925.8500,8745.3000,8767.1000
2013-11-22,8784.5000,8848.5000,8755.2000,8785.4500
2013-11-25,8793.4500,8875.3500,8738.7500,8783.8000
2013-11-26,8755.0500,8795.6500,8712.8500,8758.3000
2013-11-27,8775.8000,8791.9500,8680.9500,8702.4000
2013-11-28,8729.2500,8767.0000,8679.1000,8748.3500
2013-11-29,8769.2500,8839.7500,8744.0000,8820.7500
2013-12-02,8804.9000,8881.9500,8804.9000,8854.0000
2013-12-03,8837.0500,8906.9500,8837.0500,8867.8000
2013-12-04,8868.2500,8950.7000,8864.4500,8876.6000
2013-12-05,8932.9500,8970.9500,8817.0500,8834.5500
2013-12-06,8813.8000,8856.4500,8810.1000,8827.8000
2013-12-07,7173.4500,7361.0000,7157.2500,7249.4000
2013-12-08,7820.1000,7874.9500,7781.9500,7841.4500
2013-12-09,8367.0500,8381.4500,8222.4000,8270.1500
2013-12-10,8867.0000,9070.3000,8867.0000,9045.9000
2013-12-11,8971.6500,9019.3000,8899.0500,8914.4000
2013-12-12,8991.4500,9006.1000,8950.8500,8964.9500
2013-12-13,8948.2500,9025.9000,8938.6500,8957.6000
2013-12-16,8975.2000,9134.1500,8961.8500,9110.2500
2013-12-17,9126.1000,9197.3500,9109.0500,9119.3500
2013-12-18,9110.8000,9178.1500,9110.3000,9167.9000
2013-12-19,9207.0500,9401.3000,9192.2000,9329.0000
2013-12-20,9368.4000,9521.6500,9368.4000,9488.2500
2013-12-23,9448.8500,9531.9500,9372.3000,9385.4500
2013-12-24,9418.3500,9455.2500,9372.8000,9391.5000
2013-12-26,9405.2000,9451.4000,9391.0000,9430.1000
2013-12-27,9460.1500,9598.1000,9460.1500,9579.1000
2013-12-30,9609.6500,9632.1500,9451.3000,9499.6000
2013-12-31,9514.5500,9546.7000,9467.5000,9517.8500
2014-01-01,9548.5000,9558.3500,9453.2000,9462.8000
2014-01-02,9475.3000,9546.3000,9445.5500,9478.3500
2014-01-03,9456.4500,9684.0000,9431.7000,9673.2000
2014-01-04,9331.5000,9458.4000,9324.6500,9439.7500
2014-01-06,9707.3500,9709.4500,9569.6500,9640.7500
2014-01-07,9648.7000,9648.7000,9507.8500,9522.7500
2014-01-08,10227.5500,10307.0000,10141.1500,10155.3000
2014-01-09,10712.5000,10753.3000,10695.0500,10705.3000
2014-01-10,11287.2000,11543.7500,11287.2000,11519.4500
2014-01-12,11942.2500,12013.9000,11884.9500,11981.0000
2014-01-13,9831.5500,10080.9500,9831.5500,10060.1500
2014-01-14,10042.6500,10067.2500,9964.2500,9996.8000
2014-01-15,10040.3000,10105.5000,10000.2500,10065.9500
2014-01-16,10089.2500,10153.7500,10043.6500,10127.7500
2014-01-17,10072.8500,10078.9500,9867.8000,9884.3500
2014-01-20,9872.2000,10165.9000,9872.2000,10154.0000
2014-01-21,10155.1500,10158.4500,10062.4000,10095.5500
2014-01-22,10078.2000,10140.4000,10051.6000,10112.8000
2014-01-23,10116.6000,10123.9500,10008.5500,10086.3500
2014-01-24,10036.6000,10143.0000,9997.3500,10010.5000
2014-01-27,9926.7500,10012.8000,9905.5500,9938.6500
2014-01-28,9906.5000,9929.7500,9807.7000,9837.9500
2014-01-29,9861.3500,9945.6000,9825.4000,9896.7000
2014-01-30,9860.2500,9903.0500,9771.5500,9878.7500
2014-01-31,9895.0500,10021.1000,9880.5500,9957.4500
2014-02-01,9475.3000,9546.3000,9445.5500,9478.3500
2014-02-03,9897.2500,9923.1000,9783.5000,9792.1000
2014-02-04,9515.0500,9542.6500,9463.6000,9479.9000
2014-02-05,9219.3000,9347.8000,9219.3000,9319.5500
2014-02-06,9700.4000,9732.3000,9599.4500,9696.0500
2014-02-07,9817.6500,9849.5000,9769.1500,9807.6000
2014-02-09,10723.4500,10783.3000,10636.7000,10746.5500
2014-02-10,9668.4000,9677.4500,9605.8000,9619.2500
2014-02-11,9639.4000,9769.0500,9639.4000,9710.2500
2014-02-12,9747.7500,9786.0000,9725.1500,9739.8000
2014-02-13,9752.2500,9767.0000,9697.2500,9721.3500
2014-02-14,9770.0500,9870.5000,9751.5000,9855.4500
2014-02-17,9898.1000,9931.0000,9841.2000,9867.5000
2014-02-18,9859.6500,9920.8500,9859.6500,9884.8500
2014-02-19,9912.0000,10065.7500,9912.0000,10033.0500
2014-02-20,10028.3500,10051.8000,9962.2000,9971.7000
2014-02-21,10010.5000,10109.8500,10010.5000,10101.0500
2014-02-24,10101.0000,10101.0000,10041.6500,10067.6500
2014-02-25,10099.9000,10173.7500,10099.9000,10162.9000
2014-02-26,10167.1000,10212.6000,10155.3000,10200.8500
2014-02-28,10107.7000,10353.2500,10107.7000,10338.5500
2014-03-01,9456.4500,9684.0000,9431.7000,9673.2000
2014-03-02,9897.2500,9923.1000,9783.5000,9792.1000
2014-03-03,10339.8000,10398.1500,10190.7500,10209.1000
2014-03-04,9505.4500,9517.0000,9428.5500,9472.0000
2014-03-05,10260.2000,10301.7000,10215.7500,10237.2500
2014-03-06,9007.8000,9039.0000,8913.9500,8976.4000
2014-03-07,10266.0500,10272.5000,9966.0000,10054.9000
2014-03-09,10749.0000,11030.1500,10749.0000,11005.1000
2014-03-10,10033.0500,10033.0500,9792.0000,9809.5500
2014-03-11,9803.8000,9922.6500,9746.0000,9828.6000
2014-03-12,9823.8000,9921.9500,9823.8000,9877.6000
2014-03-13,9539.3000,9637.8500,9433.1500,9462.7000
2014-03-14,9422.8500,9509.4000,9395.9000,9439.0500
2014-03-18,9451.1000,9480.2000,9342.5500,9364.3500
2014-03-19,9305.2500,9305.2500,9051.2000,9158.9500
2014-03-20,9147.0500,9387.0000,9147.0500,9313.5000
2014-03-21,9376.9500,9451.3000,9257.9000,9370.7500
2014-03-22,9355.4000,9419.7000,9342.8000,9377.7500
2014-03-24,9365.3000,9435.7000,9339.0000,9365.0500
2014-03-25,9308.5000,9366.4000,9280.3500,9300.6000
2014-03-26,9318.9500,9321.8000,9209.9000,9222.9000
2014-03-27,9234.3000,9244.9000,9159.9500,9217.1000
2014-03-28,9245.7000,9323.2000,9223.2000,9275.3500
2014-03-31,9297.9500,9325.0500,9184.3500,9298.0000
2014-04-01,9331.5000,9458.4000,9324.6500,9439.7500
2014-04-02,9686.8000,9686.8000,9522.4500,9611.6500
2014-04-03,9505.4500,9517.0000,9428.5500,9472.0000
2014-04-04,9511.8000,9542.0500,9373.4000,9389.4000
2014-04-06,8974.9500,8990.9000,8820.8000,8863.9000
2014-04-07,9355.0500,9400.0500,9296.1000,9374.4500
2014-04-08,10192.3500,10383.6000,10160.2000,10370.1500
2014-04-09,9360.1500,9397.6000,9208.7500,9276.9000
2014-04-10,9277.7500,9280.6500,9159.9000,9179.2000
2014-04-11,9156.4500,9350.9500,9081.2000,9312.0000
2014-04-12,11809.5500,11895.1500,11732.2500,11748.7500
2014-04-15,9452.6000,9554.7500,9387.0500,9491.6000
2014-04-16,9506.8000,9506.8000,9248.6500,9273.1500
2014-04-17,9363.0500,9407.0000,9240.5000,9390.2000
2014-04-21,9395.5500,9417.6000,9317.8500,9330.2500
2014-04-22,9333.5500,9388.4500,9267.1500,9279.2000
2014-04-23,9318.6500,9348.9000,9260.4500,9272.0500
2014-04-25,9311.5000,9334.3500,9236.3000,9275.0000
2014-04-28,9271.5000,9321.5000,9251.8500,9261.3000
2014-04-29,9264.5000,9312.5000,9241.6500,9251.6000
2014-04-30,9242.9000,9294.2500,9198.6000,9227.9500
2014-05-02,9677.9000,9729.7500,9585.2500,9718.4500
2014-05-03,10260.2000,10301.7000,10215.7500,10237.2500
2014-05-05,9288.7000,9358.2500,9208.2000,9223.5500
2014-05-06,8877.5000,9032.5000,8841.8000,8984.6000
2014-05-07,9153.1500,9186.3000,8905.3500,8946.5500
2014-05-08,10403.6000,10450.5500,10322.0000,10422.7000
2014-05-09,11018.8000,11122.4500,10974.2000,11025.5500
2014-05-11,11419.9500,11493.5000,11336.3500,11440.5000
2014-05-12,9049.8500,9157.7000,8986.8000,9132.3500
2014-05-13,9159.2500,9404.7500,9159.2500,9364.8000
2014-05-14,9356.2000,9384.8000,9306.6000,9349.6500
2014-05-15,9347.8500,9362.9000,9234.0500,9314.4000
2014-05-16,9372.7500,9493.0000,8946.5500,9111.4000
2014-05-19,9135.5500,9135.5500,8609.9500,8675.1000
2014-05-20,8704.5000,8906.8000,8704.5000,8878.9000
2014-05-21,8871.7500,8962.0500,8858.9500,8952.8500
2014-05-22,8978.8500,8980.5000,8876.3500,8929.6000
2014-05-23,8954.1000,9072.4000,8841.9000,8941.3000
2014-05-26,8986.5000,9091.8000,8962.5000,9061.0000
2014-05-27,9082.3000,9206.1500,9048.5000,9101.8500
2014-05-28,9106.1500,9253.6500,9103.8000,9237.2500
2014-05-29,9075.8000,9075.8000,8909.4500,8927.4000
2014-05-30,8941.0000,8992.2500,8877.7500,8970.3000
2014-06-01,9707.3500,9709.4500,9569.6500,9640.7500
2014-06-02,9004.0000,9022.6000,8963.2000,8981.9500
2014-06-03,10272.4000,10300.2500,10237.9000,10254.6000
2014-06-04,8974.9500,8990.9000,8820.8000,8863.9000
2014-06-05,9219.9500,9236.2500,9154.4500,9179.7000
2014-06-06,8943.3000,8957.7000,8849.0500,8945.1000
2014-06-08,10423.8500,10544.6500,10423.8500,10484.6000
2014-06-09,8948.7500,9029.0500,8926.3000,9017.7000
2014-06-10,9043.3000,9254.0500,9043.3000,9234.6000
2014-06-11,9290.5000,9510.0000,9276.3000,9436.4000
2014-06-12,9589.2000,9605.5500,9310.6000,9447.8500
2014-06-13,9462.0000,9474.1500,9339.3000,9448.6500
2014-06-16,9449.0000,9600.1500,9449.0000,9579.8500
2014-06-17,9618.7500,9678.2000,9589.1500,9620.0500
2014-06-18,9630.8500,9660.5000,9494.2000,9521.3500
2014-06-19,9522.2000,9712.6500,9503.7000,9698.9000
2014-06-20,9714.5000,9736.6000,9663.3000,9700.2000
2014-06-23,9671.5500,9695.3000,9518.3500,9548.2000
2014-06-24,9548.6500,9588.5000,9497.2000,9570.7500
2014-06-25,9623.4000,9643.5000,9570.9500,9587.9000
2014-06-26,9585.7500,9648.1000,9553.1500,9579.4000
2014-06-27,9619.4500,9828.9500,9607.6000,9819.9500
2014-06-30,9834.1500,9921.1500,9822.7000,9912.3000
2014-07-01,9648.7000,9648.7000,9507.8500,9522.7500
2014-07-02,9817.6500,9849.5000,9769.1500,9807.6000
2014-07-03,9806.0000,9903.5500,9805.0000,9831.3500
2014-07-04,9829.9500,9883.8500,9827.2500,9866.9500
2014-07-05,9153.1500,9186.3000,8905.3500,8946.5500
2014-07-07,9922.9500,10139.4000,9918.5000,10126.2500
2014-07-08,10146.7500,10146.7500,9973.1500,10019.7000
2014-07-09,10041.3500,10082.7000,9867.3500,9903.3000
2014-07-10,11371.9000,11633.6500,11371.9000,11428.6000
2014-07-11,9992.1500,10050.6000,9889.6500,9933.5500
2014-07-14,9944.1000,9944.1000,9744.3000,9799.6500
2014-07-15,9815.6500,9856.1500,9768.5500,9785.7500
2014-07-16,9824.2000,9846.1000,9761.6500,9809.0000
2014-07-17,9855.9500,9982.3500,9807.3500,9819.7500
2014-07-18,9944.8500,10019.2000,9929.9000,9946.9500
2014-07-21,9998.6500,10018.2000,9892.4000,9912.4000
2014-07-22,9918.8000,10103.2500,9918.8000,10086.6500
2014-07-23,10120.0000,10325.5000,10120.0000,10306.8500
2014-07-24,10323.8000,10422.2000,10289.6000,10400.1500
2014-07-25,10343.0000,10355.6000,10211.9000,10339.7000
2014-07-28,10293.7000,10405.7000,10286.9500,10383.4500
2014-07-30,10395.5500,10408.3000,10311.7000,10361.0500
2014-07-31,10348.0500,10351.8000,10279.5500,10304.7000
2014-08-01,9539.1500,9608.9000,9519.2500,9531.5500
2014-08-04,10192.3500,10383.6000,10160.2000,10370.1500
2014-08-05,8959.0000,9010.3000,8922.8000,8963.6000
2014-08-06,10423.8500,10544.6500,10423.8500,10484.6000
2014-08-07,10146.7500,10146.7500,9973.1500,10019.7000
2014-08-08,10327.2000,10384.7000,10293.1500,10318.2500
2014-08-09,11062.8000,11182.5000,11056.3500,11167.7500
2014-08-10,11380.8500,11380.8500,10985.7500,11043.4000
2014-08-11,10391.9000,10405.5500,10338.0000,10382.5500
2014-08-12,10448.6000,10448.6000,10311.2000,10394.8500
2014-08-13,10381.0500,10529.7000,10376.8500,10480.4000
2014-08-14,10513.7500,10547.1500,10440.7000,10468.2500
2014-08-18,10459.7000,10465.6500,10395.9500,10418.7000
2014-08-19,10441.4000,10441.4000,10346.2500,10365.1500
2014-08-20,10397.0000,10434.9000,10383.6500,10399.1000
2014-08-21,10432.7500,10456.9500,10373.9500,10392.8500
2014-08-22,10403.4500,10565.2500,10403.4500,10543.4000
2014-08-25,10553.8000,10666.5000,10514.5000,10645.8500
2014-08-26,10653.6000,10714.8500,10581.8500,10671.0000
2014-08-27,10675.0500,10775.4500,10635.3000,10743.8000
2014-08-28,10749.2500,10757.6500,10658.2000,10679.6500
2014-09-01,9546.9000,9606.0000,9518.4000,9575.8500
2014-09-02,10723.4500,10783.3000,10636.7000,10746.5500
2014-09-03,10749.0000,11030.1500,10749.0000,11005.1000
2014-09-04,9360.1500,9397.6000,9208.7500,9276.9000
2014-09-05,11018.8000,11122.4500,10974.2000,11025.5500
2014-09-06,8948.7500,9029.0500,8926.3000,9017.7000
2014-09-07,10041.3500,10082.7000,9867.3500,9903.3000
2014-09-08,11062.8000,11182.5000,11056.3500,11167.7500
2014-09-09,11144.0000,11156.1500,11048.4000,11069.9000
2014-09-10,11041.8500,11041.8500,10929.6000,10942.4500
2014-09-11,10975.7000,11030.5500,10885.0000,10965.9500
2014-09-12,11207.6000,11271.5000,11127.7500,11138.9000
2014-09-15,10959.8500,10960.7000,10856.6000,10868.1500
2014-09-16,10876.8000,10934.3000,10796.4500,10811.5000
2014-09-17,10866.2000,11001.5000,10866.2000,10991.4000
2014-09-18,10916.3500,11091.2500,10880.9500,11055.2000
2014-09-19,11074.0000,11316.6000,11071.4000,11224.1500
2014-09-22,11187.6000,11187.6000,11090.8500,11173.1500
2014-09-23,11172.2500,11309.3500,11066.0000,11088.0500
2014-09-24,11135.0500,11156.0500,11034.4500,11074.2000
2014-09-25,11102.5000,11237.3000,11102.5000,11185.9500
2014-09-26,11188.1000,11236.4500,11093.6000,11138.0000
2014-09-29,11178.5500,11352.1000,11129.8500,11326.6000
2014-09-30,11341.4000,11360.3500,11231.8000,11302.7000
2014-10-01,9664.4000,9848.3500,9602.6000,9782.7000
2014-10-02,9668.4000,9677.4500,9605.8000,9619.2500
2014-10-03,10033.0500,10033.0500,9792.0000,9809.5500
2014-10-04,9277.7500,9280.6500,9159.9000,9179.2000
2014-10-06,9043.3000,9254.0500,9043.3000,9234.6000
2014-10-07,11371.9000,11633.6500,11371.9000,11428.6000
2014-10-08,11380.8500,11380.8500,10985.7500,11043.4000
2014-10-09,11138.4000,11189.6500,11023.7000,11065.1500
2014-10-10,11065.0000,11365.2000,11001.6500,11311.2500
2014-10-11,11491.9500,11508.9000,11388.8000,11470.9500
2014-10-12,11137.5500,11195.7500,11102.7500,11111.7000
2014-10-13,11318.5500,11483.8000,11318.5500,11437.0000
2014-10-14,11474.8000,11474.8000,11336.6500,11350.3000
2014-10-16,11379.0500,11438.5500,11135.2500,11174.8500
2014-10-17,10889.5000,10920.2500,10716.7000,10746.2000
2014-10-20,10845.7000,10845.7000,10658.4500,10673.1000
2014-10-21,10723.1500,10748.8000,10605.1000,10692.3500
2014-10-22,10835.4000,10835.4000,10749.1000,10767.4000
2014-10-23,10776.0000,10787.2500,10757.9000,10781.2000
2014-10-27,10890.6000,10890.6000,10684.6000,10714.3000
2014-10-28,10696.3000,10771.5500,10696.3000,10737.2500
2014-10-29,10767.4000,10929.1500,10767.4000,10912.3000
2014-10-30,10973.3500,11190.9000,10973.3500,11124.6000
2014-10-31,11192.8000,11372.2500,11192.8000,11341.0500
2014-11-02,9639.4000,9769.0500,9639.4000,9710.2500
2014-11-03,11433.0000,11462.8500,11306.2000,11359.9000
2014-11-04,9156.4500,9350.9500,9081.2000,9312.0000
2014-11-05,11419.9500,11493.5000,11336.3500,11440.5000
2014-11-06,9290.5000,9510.0000,9276.3000,9436.4000
2014-11-07,11438.3000,11523.5500,11405.5000,11476.1500
2014-11-08,10391.9000,10405.5500,10338.0000,10382.5500
2014-11-09,10975.7000,11030.5500,10885.0000,10965.9500
2014-11-10,11491.9500,11508.9000,11388.8000,11470.9500
2014-11-11,11477.2500,11501.4000,11398.2500,11439.7000
2014-11-12,11428.4000,11508.7500,11406.7500,11421.3000
2014-11-13,11458.3000,11575.5000,11398.7000,11539.6000
2014-11-14,11551.4000,11614.6500,11549.6000,11571.7500
2014-11-17,11553.9000,11623.5500,11496.6000,11608.1500
2014-11-18,11628.1500,11633.4000,11495.0500,11512.9000
2014-11-19,11532.0000,11556.3500,11444.6500,11524.3000
2014-11-20,11583.4500,11692.4000,11538.2000,11677.4500
2014-11-21,11637.7000,11643.7000,11544.3500,11596.9500
2014-11-24,11659.7000,11825.8500,11659.7000,11809.8500
2014-11-25,11847.4000,11908.1000,11679.1000,11790.0000
2014-11-26,11769.2000,11804.7500,11714.8500,11770.4000
2014-11-27,11800.8500,11925.9000,11799.8000,11900.8500
2014-11-28,11925.8500,11979.5000,11874.8000,11898.0500
2014-12-01,11942.2500,12013.9000,11884.9500,11981.0000
2014-12-02,9747.7500,9786.0000,9725.1500,9739.8000
2014-12-03,9823.8000,9921.9500,9823.8000,9877.6000
2014-12-04,11809.5500,11895.1500,11732.2500,11748.7500
2014-12-05,9049.8500,9157.7000,8986.8000,9132.3500
2014-12-06,9589.2000,9605.5500,9310.6000,9447.8500
2014-12-08,10448.6000,10448.6000,10311.2000,10394.8500
2014-12-09,10987.0000,11017.7000,10918.7000,10958.5000
2014-12-10,11137.5500,11195.7500,11102.7500,11111.7000
2014-12-11,11428.4000,11508.7500,11406.7500,11421.3000
2014-12-12,11030.1500,11121.1000,10869.2500,10929.9000
2014-12-15,10748.5000,10830.7500,10690.8500,10727.7500
2014-12-16,10694.2500,10972.6500,10694.2500,10891.6000
2014-12-17,10894.3000,10951.2500,10706.0000,10860.1000
2014-12-18,10920.6500,10997.4500,10872.1500,10987.4500
2014-12-19,11101.6000,11220.3500,11101.6000,11176.2000
2014-12-22,11223.7500,11223.7500,11088.9500,11202.1000
2014-12-23,11184.9500,11260.1000,11065.1500,11094.6000
2014-12-24,11104.0500,11119.5500,10889.0000,10928.0000
2014-12-26,10974.8500,11046.6500,10916.9500,11036.7000
2014-12-29,11056.2000,11154.4500,11056.2000,11104.7000
2014-12-30,11113.3500,11186.8500,11113.0500,11149.7000
2014-12-31,11129.5500,11237.6500,11106.9500,11216.3000
2015-01-01,11214.8000,11235.7500,11166.3500,11215.7000
2015-01-02,11214.6500,11399.1000,11214.6500,11372.1000
2015-01-04,11997.4500,12008.5500,11880.1500,11952.2000
2015-01-05,11369.3500,11433.7500,11186.9500,11248.5500
2015-01-06,11561.9000,11629.5500,11496.0500,11525.6500
2015-01-07,11053.6500,11239.7500,11053.6500,11213.6000
2015-01-08,11031.1500,11058.1500,10915.0500,11018.1500
2015-01-09,11563.5500,11712.5000,11391.7000,11476.4500
2015-01-10,11877.8500,11998.7000,11769.5000,11867.8500
2015-01-12,11216.9500,11293.2000,11216.9500,11256.3000
2015-01-13,11545.2500,11546.6000,11437.9500,11502.8000
2015-01-14,11561.9500,11631.5500,11521.0000,11614.3000
2015-01-15,11672.3000,11774.5000,11575.1000,11669.8500
2015-01-16,11708.8500,11708.8500,11582.8500,11659.6000
2015-01-19,11732.5000,11797.6000,11629.0500,11642.7500
2015-01-20,11681.8000,11721.9000,11635.7000,11695.0000
2015-01-21,11732.4500,11838.3000,11659.7000,11813.7000
2015-01-22,11832.5500,11884.5000,11782.9500,11850.8500
2015-01-23,11877.9000,11921.0000,11767.4000,11885.1500
2015-01-27,11915.6000,11917.2500,11679.5500,11693.4500
2015-01-28,11712.5500,11821.8000,11693.8000,11809.5500
2015-01-29,11812.3500,11861.5000,11728.7500,11824.1500
2015-01-30,11998.3500,12003.3500,11799.3500,11824.7500
2015-02-01,11214.6500,11399.1000,11214.6500,11372.1000
2015-02-02,11871.3500,11972.6000,11847.8000,11943.9500
2015-02-03,11963.7500,12000.6500,11849.0000,11963.9000
2015-02-04,12027.1000,12027.1000,11902.3500,11938.9000
2015-02-05,11967.7500,12295.3500,11963.8000,12165.1500
2015-02-06,12190.7000,12380.4500,12186.9500,12267.9500
2015-02-07,11246.5000,11247.5000,11161.3000,11187.2500
2015-02-09,12160.9000,12285.4500,12160.9000,12249.3000
2015-02-10,12215.2000,12297.7500,12129.6500,12162.8500
2015-02-11,11497.9500,11560.6000,11428.1000,11546.2500
2015-02-12,11298.9000,11298.9000,11134.9000,11149.6000
2015-02-13,12369.6000,12506.7000,12353.2500,12464.9500
2015-02-16,12461.7500,12541.0500,12457.6500,12487.2000
2015-02-18,12511.0500,12647.7000,12442.7000,12632.7500
2015-02-19,12629.0500,12737.1000,12628.7500,12723.8000
2015-02-20,12750.0000,12750.0000,12550.7500,12571.9500
2015-02-23,12607.3500,12709.9000,12475.9000,12531.3000
2015-02-24,12572.2500,12644.1000,12514.6500,12566.2000
2015-02-25,12621.5500,12719.9000,12600.0500,12633.3500
2015-02-26,12623.8000,12633.1500,12429.5000,12458.5000
2015-02-27,12511.2500,12578.1000,12434.6500,12554.9500
2015-02-28,12612.0500,12700.0500,12493.9500,12659.8000
2015-03-02,11963.7500,12000.6500,11849.0000,11963.9000
2015-03-03,12687.2500,12871.1500,12635.5000,12855.9000
2015-03-04,12885.7500,12908.1000,12630.5500,12730.6000
2015-03-05,12719.1000,12832.3000,12615.4500,12665.5000
2015-03-06,11383.1000,11421.5500,11299.7500,11361.1000
2015-03-07,11162.9000,11214.6500,11135.0000,11198.6500
2015-03-08,11490.6000,11572.6000,11441.5000,11466.4000
2015-03-09,11679.5000,11722.8000,11565.1000,11672.8500
2015-03-10,12404.3500,12462.8000,12307.1000,12405.0500
2015-03-11,11576.0000,11627.8500,11565.0000,11618.4000
2015-03-12,11149.3000,11153.7000,11067.5500,11081.9000
2015-03-13,12478.5500,12478.5500,12248.4500,12312.1500
2015-03-16,12308.9500,12477.4500,12297.2000,12419.0500
2015-03-17,12459.6000,12498.8500,12300.8500,12383.1500
2015-03-18,12434.2500,12448.4500,12256.5500,12276.1000
2015-03-19,12298.2500,12356.6500,12253.1000,12275.2000
2015-03-20,12306.6000,12392.8500,12274.3500,12363.5000
2015-03-23,12364.3000,12443.2500,12217.7500,12244.4500
2015-03-24,12266.2000,12345.0500,12154.4500,12180.0000
2015-03-25,12214.5500,12256.4000,12135.5000,12225.6000
2015-03-26,12168.3000,12204.4500,11865.8500,11902.1000
2015-03-27,11978.0500,12146.9000,11926.9500,11968.5000
2015-03-30,12010.6500,12127.6000,11971.4000,12100.8500
2015-03-31,12159.0500,12206.8000,12005.2000,12083.0000
2015-04-01,11997.4500,12008.5500,11880.1500,11952.2000
2015-04-02,12027.1000,12027.1000,11902.3500,11938.9000
2015-04-03,12885.7500,12908.1000,12630.5500,12730.6000
2015-04-05,11087.5000,11217.2000,11044.2500,11191.4500
2015-04-06,11375.8500,11455.9000,11331.8500,11379.2000
2015-04-07,11999.2500,12062.2500,11881.5000,11989.3500
2015-04-08,11480.7000,11489.1500,11379.1500,11415.5500
2015-04-09,12296.7500,12323.7000,12171.1500,12279.4000
2015-04-10,12249.0500,12335.7500,12244.2000,12294.7500
2015-04-11,11680.1500,11688.6500,11535.9500,11551.6000
2015-04-12,11034.6500,11037.9500,10940.3000,10969.0500
2015-04-13,12329.1000,12349.4500,12222.9000,12333.8000
2015-04-15,12335.1500,12369.4000,12121.5500,12154.5500
2015-04-16,12187.5500,12198.0500,11947.0500,12059.0000
2015-04-17,11972.3500,11972.3500,11758.7500,11803.0500
2015-04-20,11805.5000,11815.7000,11538.8500,11562.2000
2015-04-21,11472.6000,11602.8000,11415.0000,11558.4000
2015-04-22,11552.5000,11552.5000,11345.1000,11492.0000
2015-04-23,11571.0500,11572.0500,11410.4000,11451.5500
2015-04-24,11474.4000,11523.0000,11077.3000,11132.2500
2015-04-27,11166.4000,11170.5000,10941.7500,11097.9000
2015-04-28,11097.2000,11097.2000,10979.2000,11052.9500
2015-04-29,11039.0000,11150.5500,10954.0000,11094.4000
2015-04-30,11056.5000,11056.5000,10916.6500,11001.0500
2015-05-01,11369.3500,11433.7500,11186.9500,11248.5500
2015-05-02,11967.7500,12295.3500,11963.8000,12165.1500
2015-05-03,12719.1000,12832.3000,12615.4500,12665.5000
2015-05-04,11087.5000,11217.2000,11044.2500,11191.4500
2015-05-05,11252.3000,11264.3500,11115.5000,11170.2500
2015-05-06,11186.3500,11191.7000,10921.7500,10938.8500
2015-05-07,10934.8000,11172.1500,10900.9000,11127.7500
2015-05-08,11209.1500,11268.6000,11134.2000,11172.0500
2015-05-10,11867.4500,12057.1000,11867.4500,12002.1000
2015-05-11,11225.1500,11351.0500,11184.6500,11324.5500
2015-05-12,11337.7000,11337.7000,11101.2500,11118.4500
2015-05-13,11168.7000,11225.5500,11040.5500,11170.5000
2015-05-14,11185.6000,11185.6000,11021.8500,11093.6000
2015-05-15,11109.7000,11208.2000,11099.2000,11171.9000
2015-05-18,11200.4000,11294.4500,11147.1500,11279.4500
2015-05-19,11264.8000,11425.1500,11260.2000,11372.2000
2015-05-20,11438.7000,11583.0500,11438.7000,11571.7000
2015-05-21,11589.0000,11638.1000,11572.6000,11618.6000
2015-05-22,11584.7000,11745.7500,11562.5000,11728.4000
2015-05-25,11740.7500,11784.3500,11602.1000,11623.3500
2015-05-26,11608.7500,11649.7000,11562.0500,11581.9000
2015-05-27,11481.4500,11481.4500,11338.0500,11367.5000
2015-05-28,11368.0000,11483.7500,11321.6500,11450.8500
2015-05-29,11443.1000,11647.0500,11411.1500,11575.0500
2015-06-01,11186.1000,11186.1000,10909.0000,10959.9000
2015-06-02,11523.8500,11563.9500,11326.7000,11347.9000
2015-06-03,11383.1000,11421.5500,11299.7500,11361.1000
2015-06-04,11375.8500,11455.9000,11331.8500,11379.2000
2015-06-05,11376.4500,11444.0000,11282.3000,11291.5500
2015-06-07,11079.2000,11239.0000,11072.5500,11209.6000
2015-06-08,11302.7500,11303.6000,11196.5000,11238.6000
2015-06-09,11235.3000,11254.4500,11114.3000,11142.9500
2015-06-10,11145.4000,11423.7500,11136.4000,11401.7000
2015-06-11,11424.2000,11515.6500,11422.9500,11485.4500
2015-06-12,11222.8000,11267.0000,10930.4500,11049.3500
2015-06-15,11022.7000,11170.0500,10933.4000,11093.8500
2015-06-16,11111.8000,11135.2500,11046.0000,11119.2000
2015-06-17,11181.9000,11221.1500,11114.3500,11143.5000
2015-06-18,11191.7500,11259.1500,11164.1000,11215.3500
2015-06-19,11260.9000,11353.2500,11222.2500,11243.6500
2015-06-22,11266.9000,11446.8000,11260.9500,11429.8000
2015-06-23,11473.0000,11479.6000,11327.2000,11341.1500
2015-06-24,11400.3500,11409.7500,11324.3500,11353.7500
2015-06-25,11332.4500,11332.7000,11188.5500,11210.4000
2015-06-26,11238.8000,11388.4500,11238.8000,11362.5500
2015-06-29,11181.2500,11230.2000,10998.2000,11133.6500
2015-06-30,11101.6000,11144.2000,11016.7500,11037.4000
2015-07-01,11053.6500,11239.7500,11053.6500,11213.6000
2015-07-02,11246.5000,11247.5000,11161.3000,11187.2500
2015-07-03,11162.9000,11214.6500,11135.0000,11198.6500
2015-07-04,11999.2500,12062.2500,11881.5000,11989.3500
2015-07-05,10934.8000,11172.1500,10900.9000,11127.7500
2015-07-06,11079.2000,11239.0000,11072.5500,11209.6000
2015-07-07,11216.5500,11264.5500,11126.2000,11143.8500
2015-07-08,11604.4500,11663.6000,11580.3500,11597.0500
2015-07-09,11445.3500,11451.1000,11264.7000,11318.3000
2015-07-10,11878.3500,11904.5000,11660.7000,11683.4500
2015-07-12,11009.5000,11054.0000,10943.8500,10998.6500
2015-07-13,10840.6500,11011.6500,10840.6500,10998.8500
2015-07-14,11024.4000,11067.5500,10945.0500,11043.8500
2015-07-15,11050.5000,11165.5000,11050.5000,11150.2500
2015-07-16,11191.1500,11218.7500,11123.1500,11191.6000
2015-07-17,11239.7000,11306.4000,11227.4000,11269.2000
2015-07-20,11270.4000,11307.9000,11197.8500,11266.9500
2015-07-21,11366.6000,11798.2000,11366.6000,11655.4500
2015-07-22,11647.5000,11687.2000,11509.1500,11643.7500
2015-07-23,11640.6500,11719.0500,11537.7000,11558.7000
2015-07-24,11568.8500,11588.9000,11452.2500,11464.1500
2015-07-27,11437.5500,11438.0000,11342.5000,11362.4500
2015-07-28,11378.8000,11432.4500,11283.7000,11306.2500
2015-07-29,11369.4500,11494.8500,11330.6500,11470.7000
2015-07-30,11530.3000,11539.4500,11365.0500,11394.5500
2015-07-31,11434.9000,11622.2000,11434.9000,11594.1500
2015-08-01,11031.1500,11058.1500,10915.0500,11018.1500
2015-08-03,11490.6000,11572.6000,11441.5000,11466.4000
2015-08-04,12072.2000,12249.1000,12060.2500,12214.3000
2015-08-05,11470.2000,11632.2000,11460.0000,11618.0000
2015-08-06,11698.9000,11739.1000,11576.2500,11616.5000
2015-08-07,11079.9500,11143.9000,10980.0500,11021.8000
2015-08-09,11331.6500,11452.9500,11279.2000,11390.1000
2015-08-10,11623.1000,11696.8500,11500.4000,11573.9000
2015-08-11,11637.2500,11740.8500,11605.9000,11711.1500
2015-08-12,11731.7000,12026.0500,11731.7000,12006.8000
2015-08-13,12029.5000,12092.0500,11916.3000,11956.1000
2015-08-14,11968.3000,12129.0000,11961.1000,12048.4500
2015-08-17,12057.6500,12058.0500,11920.2500,12001.7500
2015-08-18,12068.3500,12250.1000,12060.1500,12159.4000
2015-08-19,12215.5500,12314.4000,12165.4000,12249.1000
2015-08-20,12269.5000,12269.5000,11969.3000,11985.2500
2015-08-21,12009.8000,12102.8000,11825.0500,12032.3000
2015-08-24,11750.4500,11797.9500,11393.0000,11455.1500
2015-08-25,11524.8500,11615.5000,11140.8000,11376.7500
2015-08-26,11395.5000,11548.8500,11172.2000,11284.1000
2015-08-27,11438.7000,11476.8000,11351.0500,11396.9000
2015-08-28,11545.3000,11645.0500,11534.8500,11588.2500
2015-08-31,11691.6500,11691.6500,11537.6500,11605.7000
2015-09-01,11058.0500,11484.9000,10932.2000,11399.6500
2015-09-02,11563.9500,11752.1000,11510.9000,11604.7000
2015-09-03,11679.5000,11722.8000,11565.1000,11672.8500
2015-09-04,12296.7500,12323.7000,12171.1500,12279.4000
2015-09-06,11235.3000,11254.4500,11114.3000,11142.9500
2015-09-07,11445.3500,11451.1000,11264.7000,11318.3000
2015-09-08,11331.6500,11452.9500,11279.2000,11390.1000
2015-09-09,11554.4500,11604.1500,11446.3500,11504.9000
2015-09-10,11734.3000,11827.5000,11676.1500,11807.5500
2015-09-11,11445.6500,11519.7500,11381.3500,11432.2500
2015-09-12,10978.2500,11027.3000,10916.2500,10930.0500
2015-09-14,11482.4000,11527.7500,11405.3500,11520.3000
2015-09-15,11524.4000,11545.3000,11475.2500,11536.3500
2015-09-16,11614.7000,11659.0000,11563.7500,11606.6500
2015-09-18,11694.9500,11801.9000,11666.8500,11726.7000
2015-09-21,11659.8500,11752.8500,11643.2500,11724.0500
2015-09-22,11790.5000,11941.8000,11615.7000,11705.5500
2015-09-23,11659.9000,11753.6000,11586.9000,11694.0000
2015-09-24,11710.7500,11971.6500,11677.7000,11954.1000
2015-09-28,11989.3000,12008.0000,11819.2000,11841.0500
2015-09-29,11768.6500,11963.2000,11749.2500,11863.9500
2015-09-30,12010.7500,12055.8000,11904.0500,12032.1000
2015-10-01,11877.8500,11998.7000,11769.5000,11867.8500
2015-10-02,12215.2000,12297.7500,12129.6500,12162.8500
2015-10-03,12404.3500,12462.8000,12307.1000,12405.0500
2015-10-04,12249.0500,12335.7500,12244.2000,12294.7500
2015-10-05,11867.4500,12057.1000,11867.4500,12002.1000
2015-10-06,12057.4500,12077.9500,11865.2500,11889.9000
2015-10-07,11878.3500,11904.5000,11660.7000,11683.4500
2015-10-08,11753.8500,11802.1500,11625.6500,11669.7000
2015-10-09,11734.3000,11827.5000,11676.1500,11807.5500
2015-10-11,11385.7000,11387.8500,11191.9000,11214.2000
2015-10-12,11972.1000,12019.0500,11571.7500,11630.6500
2015-10-13,11595.8500,11603.9000,11452.3000,11522.6000
2015-10-14,11435.3000,11479.4000,11347.6500,11362.9000
2015-10-15,11407.5500,11411.4000,11310.4500,11338.3500
2015-10-16,11392.5500,11402.5000,11301.1000,11337.8000
2015-10-19,11360.4000,11469.2000,11305.8500,11432.1500
2015-10-20,11465.0500,11539.2500,11436.6500,11529.6000
2015-10-21,11552.6000,11583.4500,11501.0500,11549.0500
2015-10-23,11588.0000,11588.2000,11494.1500,11552.0000
2015-10-26,11597.9000,11612.7000,11537.1000,11576.3500
2015-10-27,11570.3000,11601.2500,11533.0500,11583.5500
2015-10-28,11546.0500,11664.9500,11537.3000,11643.3000
2015-10-29,11644.0500,11644.0500,11523.9500,11548.1500
2015-10-30,11549.7500,11559.3500,11467.9000,11486.9000
2015-11-02,11497.9500,11560.6000,11428.1000,11546.2500
2015-11-03,12414.7000,12585.5500,12298.5000,12352.3500
2015-11-04,11680.1500,11688.6500,11535.9500,11551.6000
2015-11-05,11573.1000,11573.1000,11397.5000,11414.4500
2015-11-06,11424.2000,11515.6500,11422.9500,11485.4500
2015-11-08,11637.2500,11740.8500,11605.9000,11711.1500
2015-11-09,11445.6500,11519.7500,11381.3500,11432.2500
2015-11-10,11385.7000,11387.8500,11191.9000,11214.2000
2015-11-11,11305.2000,11312.3000,11230.4000,11249.7000
2015-11-12,11086.5500,11086.5500,11015.6000,11043.0500
2015-11-13,11110.7500,11176.7500,11027.1000,11102.4500
2015-11-16,11011.5000,11061.6000,10911.1000,11003.8000
2015-11-17,11032.4500,11052.4000,10974.5500,11035.1000
2015-11-18,10967.7500,10969.5000,10799.0000,10836.7000
2015-11-19,10910.5000,11059.8500,10893.7500,11032.9000
2015-11-20,11045.6500,11195.7500,11036.9000,11118.8500
2015-11-23,11126.2500,11189.5000,11084.3500,11121.2000
2015-11-24,11096.4000,11122.0500,11036.0500,11057.3500
2015-11-26,11048.4000,11129.2500,11013.9000,11042.9500
2015-11-27,11064.6000,11136.4000,11031.4500,11122.9000
2015-11-30,11147.8500,11279.6500,11083.6000,11206.0000
2015-12-01,11456.0000,11565.8500,11378.8000,11543.6500
2015-12-02,12277.2000,12397.0000,12253.0500,12372.0000
2015-12-03,12377.2000,12442.4000,12329.2500,12423.6500
2015-12-04,11034.6500,11037.9500,10940.3000,10969.0500
2015-12-05,11337.7000,11337.7000,11101.2500,11118.4500
2015-12-06,11222.8000,11267.0000,10930.4500,11049.3500
2015-12-07,11009.5000,11054.0000,10943.8500,10998.6500
2015-12-08,10989.2000,11109.3000,10946.0000,10981.8500
2015-12-09,10978.2500,11027.3000,10916.2500,10930.0500
2015-12-10,11972.1000,12019.0500,11571.7500,11630.6500
2015-12-11,11086.5500,11086.5500,11015.6000,11043.0500
2015-12-14,10940.7500,11124.9000,10940.7500,11099.7000
2015-12-15,11139.5500,11139.5500,11044.3500,11058.2500
2015-12-16,11081.7500,11187.8500,11081.7500,11144.9000
2015-12-17,11182.9500,11293.0500,11122.4500,11275.1500
2015-12-18,11227.1500,11227.1500,11094.8000,11122.5000
2015-12-21,11096.4000,11232.5000,11067.2000,11224.7500
2015-12-22,11201.8000,11201.8000,11081.1500,11095.4500
2015-12-23,11163.8000,11206.4000,11130.6500,11195.6500
2015-12-24,11193.2500,11197.5000,11152.8500,11184.9000
2015-12-28,11152.7000,11303.0500,11146.8500,11271.8000
2015-12-29,11257.0500,11287.5000,11206.6000,11253.4500
2015-12-30,11247.3500,11263.6000,11100.1000,11117.6000
2015-12-31,11113.0000,11233.8500,11113.0000,11212.5500
2016-01-01,11210.2500,11221.6000,11137.8500,11174.8500
2016-01-02,11271.1500,11409.1000,11234.8000,11305.2500
2016-01-03,10337.9500,10657.1000,10313.5000,10637.3500
2016-01-04,11306.3500,11352.0500,11128.0500,11194.6500
2016-01-05,11082.6000,11084.6000,10945.2000,10997.1500
2016-01-06,11405.5000,11516.0000,11405.5000,11494.9000
2016-01-07,11172.6500,11178.0500,11078.4500,11098.4000
2016-01-08,10933.3000,11007.5000,10896.4500,10989.5500
2016-01-09,10570.1000,10583.3000,10499.6000,10533.2500
2016-01-11,10898.8000,10917.4500,10797.7000,10823.9000
2016-01-12,10090.0000,10108.8000,10002.4000,10049.7500
2016-01-13,10807.8500,10860.4000,10646.5500,10839.8500
2016-01-14,10730.6500,11068.9000,10685.3500,10980.4500
2016-01-15,11050.6500,11057.7000,10949.9500,10994.9500
2016-01-18,10954.2000,11084.4000,10954.2000,10984.0000
2016-01-19,11052.4000,11064.8000,10873.6000,10963.1000
2016-01-20,10897.8000,10945.4000,10855.2000,10910.5000
2016-01-21,10957.9500,10994.9000,10893.3500,10934.7000
2016-01-22,11020.6000,11030.6500,10961.3500,11006.7000
2016-01-25,11047.0000,11113.8000,11000.2500,11025.3500
2016-01-27,11052.5500,11061.8000,10992.4500,11029.1000
2016-01-28,11010.1000,11073.7500,10984.2500,11002.7000
2016-01-29,11061.8500,11266.7500,11024.9500,11236.1500
2016-02-01,11271.1500,11409.1000,11234.8000,11305.2500
2016-02-02,11325.7500,11377.9500,11182.5000,11242.1000
2016-02-03,10740.4500,10920.9000,10642.0500,10897.1000
2016-02-04,11178.2500,11289.8000,11148.1500,11213.6500
2016-02-05,11181.1500,11181.1500,11075.9500,11117.7000
2016-02-06,11447.0500,11586.2000,11399.4500,11458.2000
2016-02-08,11129.4500,11231.9500,11112.4500,11179.0000
2016-02-09,10549.3500,10555.7000,10482.7000,10528.3500
2016-02-10,10614.3000,10693.9000,10570.6500,10600.4500
2016-02-11,10615.3500,10615.3500,10279.7000,10312.9500
2016-02-12,10018.1500,10061.2000,9898.9000,9922.7500
2016-02-15,10446.2500,10544.4500,10437.0000,10493.7500
2016-02-16,10487.4000,10511.4000,10393.6000,10418.6500
2016-02-17,10429.3500,10518.2500,10325.2500,10502.4500
2016-02-18,10554.5500,10723.4000,10554.4500,10702.2500
2016-02-19,10670.7500,10791.0500,10649.7500,10768.9000
2016-02-22,10778.8000,10778.8000,10691.3500,10720.6000
2016-02-23,10721.4000,10729.6000,10575.1500,10601.4500
2016-02-24,10581.0000,10586.0500,10446.4000,10468.0500
2016-02-25,10469.8500,10484.9500,10329.2000,10403.5000
2016-02-26,10488.4500,10567.9500,10419.0000,10463.3500
2016-02-29,10504.4000,10504.4000,10075.7500,10278.4000
2016-03-01,10337.9500,10657.1000,10313.5000,10637.3500
2016-03-02,10740.4500,10920.9000,10642.0500,10897.1000
2016-03-03,10982.0000,11089.4500,10950.8500,11054.9500
2016-03-04,11086.1000,11088.1000,10930.9500,10980.8500
2016-03-05,11129.9000,11167.9000,10909.9500,10925.7000
2016-03-06,11482.0500,11527.0000,11450.2500,11462.0000
2016-03-08,10928.4000,10977.3000,10832.2500,10914.2000
2016-03-09,10815.0500,10947.7000,10733.2000,10925.8000
2016-03-10,10923.7500,10924.8000,10783.0500,10826.9000
2016-03-11,9868.3500,9886.6500,9793.8500,9809.7500
2016-03-14,10854.2000,10935.6500,10836.9500,10866.8500
2016-03-15,10867.6500,10900.2500,10709.0000,10730.4500
2016-03-16,10733.7000,10819.3500,10698.7000,10803.2000
2016-03-17,10854.0000,10961.6500,10854.0000,10923.5000
2016-03-18,10938.0500,11177.2500,10938.0500,11159.7000
2016-03-21,11158.9500,11221.8000,11093.6000,11193.8500
2016-03-22,11171.9000,11229.2500,11118.5000,11206.6000
2016-03-23,11219.7000,11246.0000,11125.1000,11228.1500
2016-03-28,11328.1500,11384.9000,11112.8500,11168.7000
2016-03-29,11172.8000,11188.6500,11089.0000,11114.7000
2016-03-30,11127.5000,11271.7000,11127.5000,11254.5500
2016-03-31,11240.6000,11387.9000,11216.4500,11309.3000
2016-04-01,11144.0000,11160.9500,11004.6500,11029.2500
2016-04-02,11178.2500,11289.8000,11148.1500,11213.6500
2016-04-03,11086.1000,11088.1000,10930.9500,10980.8500
2016-04-04,11224.9000,11407.4500,11224.9000,11387.7000
2016-04-05,11386.5500,11399.0500,11245.5000,11274.9500
2016-04-06,11325.1000,11325.1000,11165.2500,11224.9500
2016-04-07,11264.6000,11264.6000,11087.2000,11102.6000
2016-04-08,11226.4500,11229.0500,11128.6500,11148.4500
2016-04-10,10347.1000,10403.2500,10328.5500,10394.3000
2016-04-11,9813.4500,9940.1000,9736.7500,9924.0500
2016-04-12,11284.0000,11332.8500,11243.7500,11304.4500
2016-04-13,11412.1000,11430.9500,11330.5000,11351.8500
2016-04-18,11493.5000,11638.1000,11485.1500,11597.2500
2016-04-20,11697.4000,11697.4000,11506.1500,11552.7500
2016-04-21,11500.4500,11514.5000,11329.9000,11355.4000
2016-04-22,11326.5500,11376.0500,11292.4000,11304.0500
2016-04-25,11288.7000,11380.5500,11267.1000,11315.4500
2016-04-26,11292.3500,11444.3500,11251.3500,11417.3500
2016-04-27,11398.9000,11507.7500,11398.9000,11453.0000
2016-04-28,11350.1500,11428.6500,11265.7000,11287.1500
2016-04-29,11269.1000,11279.2500,11140.5500,11196.2500
2016-05-01,11082.6000,11084.6000,10945.2000,10997.1500
2016-05-02,11222.2000,11285.1000,11188.4500,11227.5500
2016-05-03,11129.9000,11167.9000,10909.9500,10925.7000
2016-05-04,10913.7500,10969.6000,10858.8000,10948.6000
2016-05-05,10966.7500,11024.1500,10909.6000,10973.8500
2016-05-06,10960.1000,10960.1000,10846.6500,10887.0000
2016-05-07,11176.2000,11176.2000,11110.6000,11141.0000
2016-05-08,11177.3500,11226.5000,11091.8000,11137.0500
2016-05-09,10900.1000,11006.5000,10884.0500,10991.5000
2016-05-10,10405.6500,10418.7000,10287.4000,10333.3500
2016-05-11,10926.8500,11030.3000,10900.4000,10960.4000
2016-05-12,10967.3500,11089.8000,10955.6000,11081.1000
2016-05-13,11081.3000,11081.3000,10986.2000,11030.7000
2016-05-16,11063.1000,11134.3000,11030.0500,11087.7500
2016-05-17,11126.7500,11197.3500,11101.2500,11125.1000
2016-05-18,11073.5500,11141.5000,11038.2500,11120.0500
2016-05-19,11124.8000,11136.7000,11067.2000,11094.6000
2016-05-20,11067.0000,11149.1500,11025.7000,11036.1500
2016-05-23,11080.4000,11080.4000,10917.1500,10939.9000
2016-05-24,10946.5000,10946.5000,10868.1500,10924.8000
2016-05-25,11019.0500,11223.4000,11019.0500,11215.5000
2016-05-26,11231.8500,11366.0500,11178.2500,11337.1500
2016-05-27,11325.7000,11462.0500,11325.7000,11420.8500
2016-05-30,11433.9500,11579.2500,11433.9500,11547.5000
2016-05-31,11554.6500,11559.4500,11374.8500,11395.8500
2016-06-01,11405.5000,11516.0000,11405.5000,11494.9000
2016-06-02,11447.0500,11586.2000,11399.4500,11458.2000
2016-06-03,11482.0500,11527.0000,11450.2500,11462.0000
2016-06-04,11325.1000,11325.1000,11165.2500,11224.9500
2016-06-05,10960.1000,10960.1000,10846.6500,10887.0000
2016-06-06,11443.5000,11469.1500,11382.7500,11395.8000
2016-06-07,11434.6000,11461.2500,11384.4500,11413.3500
2016-06-08,11427.1500,11427.1500,11380.9000,11404.5000
2016-06-09,11413.3000,11413.3000,11215.9500,11264.8500
2016-06-10,10353.9000,10354.6000,10229.9000,10242.4500
2016-06-12,9850.9000,9946.7500,9808.3500,9834.9500
2016-06-13,11164.1500,11214.2000,11111.7000,11191.5500
2016-06-14,11210.6500,11222.3500,11110.7500,11169.4500
2016-06-15,11195.9500,11293.1500,11172.6000,11282.0500
2016-06-16,11249.7000,11263.5000,11128.9500,11244.2500
2016-06-17,11258.6500,11304.8000,11242.5500,11290.8000
2016-06-20,11272.9500,11518.7000,11256.6500,11506.6000
2016-06-21,11515.2500,11519.9000,11453.2000,11488.4500
2016-06-22,11509.0500,11524.3000,11421.5500,11490.8000
2016-06-23,11469.3500,11526.4000,11396.7500,11487.0500
2016-06-24,11193.2500,11218.3000,11043.1000,11203.1500
2016-06-27,11069.9000,11094.8000,10976.8000,11008.0500
2016-06-28,10978.6000,11031.5000,10874.6000,10884.6500
2016-06-29,10943.3000,11072.3000,10900.9500,11057.4000
2016-06-30,11109.7000,11156.4000,11052.2500,11120.1500
2016-07-01,11172.6500,11178.0500,11078.4500,11098.4000
2016-07-04,11142.2500,11242.3000,11142.2500,11184.8500
2016-07-05,11176.2000,11176.2000,11110.6000,11141.0000
2016-07-06,11434.6000,11461.2500,11384.4500,11413.3500
2016-07-07,11136.3000,11138.4500,10929.4000,10942.0000
2016-07-08,10947.9500,10982.9500,10896.9000,10946.7000
2016-07-09,10605.8500,10643.5000,10468.7500,10499.9000
2016-07-10,10253.0500,10254.0500,10146.0000,10184.2500
2016-07-11,10993.8500,11073.4000,10992.5500,11045.9500
2016-07-12,11064.4000,11072.3000,10997.3000,11056.8000
2016-07-13,11094.2000,11139.0000,11042.9500,11128.2000
2016-07-14,11117.3500,11174.6000,11090.8000,11157.8500
2016-07-15,11197.8500,11219.0500,10691.7000,10716.4500
2016-07-18,10734.5000,10767.8500,10659.8000,10735.1000
2016-07-19,10694.9500,10777.6000,10694.0000,10766.3000
2016-07-20,10600.7500,10775.8000,10600.7500,10764.7000
2016-07-21,10749.7500,10789.2500,10719.8000,10772.2500
2016-07-22,10745.5500,10775.2000,10711.5000,10756.0000
2016-07-25,10734.1000,10880.4000,10731.2000,10870.9000
2016-07-26,10839.5000,10901.1000,10836.8000,10877.6500
2016-07-27,10875.4500,10952.6500,10849.3000,10928.4500
2016-07-28,10923.1000,10952.7000,10881.3000,10935.6500
2016-07-29,10916.9000,10952.7500,10871.9500,10913.3000
2016-08-01,10917.7000,11149.5500,10913.5000,11139.0500
2016-08-02,11129.4500,11231.9500,11112.4500,11179.0000
2016-08-03,11307.0500,11307.0500,11143.1000,11181.4000
2016-08-04,11226.4500,11229.0500,11128.6500,11148.4500
2016-08-05,11177.3500,11226.5000,11091.8000,11137.0500
2016-08-06,11427.1500,11427.1500,11380.9000,11404.5000
2016-08-07,10947.9500,10982.9500,10896.9000,10946.7000
2016-08-08,11136.1000,11205.0000,11122.1500,11197.2000
2016-08-09,10349.7500,10349.7500,10159.7000,10240.5000
2016-08-10,11184.2500,11202.2000,11152.1000,11175.9000
2016-08-11,9996.2000,10045.5000,9891.0000,10008.4000
2016-08-12,9819.9000,9947.4000,9819.6500,9935.9000
2016-08-16,11121.9500,11136.0500,10955.6500,10993.5500
2016-08-17,10992.9500,10993.9500,10790.6000,10808.7500
2016-08-18,10855.5500,10887.7500,10765.9500,10783.5000
2016-08-19,10807.3000,10873.1500,10721.9000,10727.6000
2016-08-22,10704.6500,10728.8000,10568.4500,10593.2000
2016-08-23,10610.4000,10790.8500,10599.5500,10767.1000
2016-08-24,10792.9500,10845.7000,10753.2500,10786.3500
2016-08-25,10824.7500,10826.1500,10649.7000,10665.6500
2016-08-26,10680.3000,10717.6500,10495.2000,10523.0500
2016-08-29,10548.9500,10548.9500,10329.4500,10385.3500
2016-08-30,10422.6500,10585.1000,10411.7500,10572.3000
2016-08-31,10593.7500,10654.2000,10496.3000,10546.1000
2016-09-01,10570.1000,10583.3000,10499.6000,10533.2500
2016-09-02,10549.3500,10555.7000,10482.7000,10528.3500
2016-09-03,10815.0500,10947.7000,10733.2000,10925.8000
2016-09-05,10900.1000,11006.5000,10884.0500,10991.5000
2016-09-06,10524.0500,10558.3500,10505.6000,10545.3000
2016-09-07,10605.8500,10643.5000,10468.7500,10499.9000
2016-09-08,11207.7000,11214.9500,11128.9500,11198.0000
2016-09-09,10253.7500,10356.0500,10217.1000,10291.9000
2016-09-11,9467.6500,9826.3500,9320.9500,9683.2500
2016-09-12,9961.9500,10059.9500,9925.8500,9997.5000
2016-09-14,10400.3000,10440.1500,10291.3500,10302.8500
2016-09-15,10340.2500,10341.2000,10255.5500,10289.5000
2016-09-16,10347.5000,10439.1000,10285.8000,10399.2500
2016-09-19,10386.2000,10531.6000,10353.6500,10463.4000
2016-09-20,10469.2000,10469.2000,10387.2500,10426.7000
2016-09-21,10450.4500,10485.8500,10425.9000,10456.5000
2016-09-22,10508.2000,10511.6500,10376.0500,10397.1500
2016-09-23,10426.1000,10446.9000,10376.8000,10391.0500
2016-09-26,10382.0000,10390.1500,10314.6000,10330.0000
2016-09-27,10324.7000,10425.5000,10322.5000,10397.0000
2016-09-28,10402.2000,10418.7500,10335.6500,10360.4500
2016-09-29,10410.6500,10412.6000,10228.0500,10257.8000
2016-09-30,10300.3500,10336.8000,10279.8500,10292.3000
2016-10-02,10614.3000,10693.9000,10570.6500,10600.4500
2016-10-03,10923.7500,10924.8000,10783.0500,10826.9000
2016-10-04,10347.1000,10403.2500,10328.5500,10394.3000
2016-10-05,11010.2500,11065.7000,10948.7500,11034.4000
2016-10-06,10353.9000,10354.6000,10229.9000,10242.4500
2016-10-07,10253.0500,10254.0500,10146.0000,10184.2500
2016-10-08,11184.2500,11202.2000,11152.1000,11175.9000
2016-10-10,10193.0500,10285.1500,10160.4500,10270.9500
2016-10-11,9803.2000,9813.1500,9636.1500,9654.7500
2016-10-13,10218.5000,10296.8000,10196.9500,10243.7500
2016-10-14,10239.2000,10442.0000,10116.7000,10228.6500
2016-10-17,10268.6500,10270.2500,10140.5500,10158.7500
2016-10-18,10202.5500,10397.1500,10191.6500,10377.1500
2016-10-19,10397.3000,10433.7500,10338.1500,10411.1000
2016-10-20,10431.5000,10464.2000,10357.5000,10372.9500
2016-10-21,10408.6500,10483.4500,10376.9500,10477.1000
2016-10-24,10445.3500,10448.0000,10317.4000,10327.6500
2016-10-25,10322.7000,10331.8500,10254.0500,10261.4000
2016-10-26,10253.4000,10254.5500,10128.6000,10157.3500
2016-10-27,10130.8000,10130.8000,10027.2500,10052.8500
2016-10-28,10088.0500,10119.2500,10032.5000,10048.4000
2016-10-30,10086.6000,10111.4500,10073.8500,10082.7000
2016-11-01,10898.8000,10917.4500,10797.7000,10823.9000
2016-11-02,10615.3500,10615.3500,10279.7000,10312.9500
2016-11-03,10825.9000,10898.7000,10805.7500,10835.4500
2016-11-04,9813.4500,9940.1000,9736.7500,9924.0500
2016-11-05,10926.8500,11030.3000,10900.4000,10960.4000
2016-11-07,10993.8500,11073.4000,10992.5500,11045.9500
2016-11-08,11173.3000,11254.2000,11170.6000,11222.2000
2016-11-09,9467.6500,9826.3500,9320.9500,9683.2500
2016-11-10,9803.2000,9813.1500,9636.1500,9654.7500
2016-11-11,9615.8500,9633.3000,9391.5500,9434.6000
2016-11-15,9478.5000,9565.8500,9295.2500,9487.0000
2016-11-16,9559.1500,9724.7000,9543.2000,9641.0000
2016-11-17,9608.9500,9678.7500,9476.1000,9496.2000
2016-11-18,9497.8000,9560.9000,9419.6000,9476.4500
2016-11-21,9500.0000,9553.7000,9430.4000,9453.7500
2016-11-22,9492.3500,9566.7000,9471.2000,9509.4500
2016-11-23,9559.1000,9571.5500,9484.4500,9549.8500
2016-11-24,9561.4000,9726.5000,9518.9000,9656.2500
2016-11-25,9709.1500,10140.6500,9696.6500,10114.9000
2016-11-28,10126.7000,10171.8000,10001.5000,10106.2000
2016-11-29,10099.6500,10149.8000,10043.2000,10059.6000
2016-11-30,10086.5500,10139.9500,10011.4500,10087.6500
2016-12-01,10090.0000,10108.8000,10002.4000,10049.7500
2016-12-02,10404.6000,10462.9000,10157.1000,10324.4500
2016-12-04,11284.0000,11332.8500,11243.7500,11304.4500
2016-12-05,10967.3500,11089.8000,10955.6000,11081.1000
2016-12-06,9850.9000,9946.7500,9808.3500,9834.9500
2016-12-07,9865.6500,9871.7000,9764.2000,9777.9000
2016-12-08,11218.7000,11302.4000,11153.4500,11173.4000
2016-12-09,9961.9500,10059.9500,9925.8500,9997.5000
2016-12-12,9960.3000,9971.2500,9846.2000,9953.9000
2016-12-13,9983.7000,10082.1500,9929.8500,10058.6500
2016-12-14,10091.5500,10150.9500,10044.1500,10128.9500
2016-12-15,10099.0500,10299.8000,10091.6000,10195.7500
2016-12-16,10265.6500,10268.7000,10188.2500,10222.9500
2016-12-19,10213.4500,10234.0500,10153.8000,10223.6500
2016-12-20,10239.8500,10352.6500,10224.4500,10322.8500
2016-12-21,10357.3000,10357.3000,10207.2500,10228.2500
2016-12-22,10210.2500,10251.2000,10084.2500,10163.0000
2016-12-23,10162.4000,10187.2500,10048.8500,10071.0500
2016-12-26,10028.9000,10065.7500,9979.6000,10023.3000
2016-12-27,9997.0000,10188.6500,9994.9500,10170.7000
2016-12-28,10203.8500,10301.1000,10177.4000,10198.6000
2016-12-29,10194.1500,10314.3500,10183.4000,10291.8500
2016-12-30,10325.3500,10416.6000,10304.6500,10399.2500
2017-01-02,9811.1000,9831.0500,9592.2500,9750.0000
2017-01-03,10674.8500,10777.6000,10658.4000,10748.0500
2017-01-04,10368.1500,10517.5500,10364.0000,10496.9000
2017-01-05,10539.7500,10590.0500,10379.3000,10400.0500
2017-01-06,10508.7000,10625.3500,10478.4000,10574.7000
2017-01-08,10808.1000,10887.8000,10767.4000,10801.8500
2017-01-09,10070.6500,10214.2000,10023.6500,10198.4500
2017-01-10,10232.5500,10255.8500,10184.3500,10221.5000
2017-01-11,10877.8500,10887.8000,10772.2500,10817.3000
2017-01-12,11123.6000,11180.4000,10930.9500,10948.5000
2017-01-13,10504.0500,10551.4000,10217.4500,10263.5000
2017-01-16,10223.0500,10223.0500,10137.0000,10173.1000
2017-01-17,10166.8500,10275.0000,10166.4000,10206.8000
2017-01-18,10217.5000,10270.5000,10208.8500,10231.5500
2017-01-19,10223.0500,10251.8000,10174.5000,10222.1500
2017-01-20,10165.5000,10192.7000,10113.2000,10132.6500
2017-01-23,10060.6500,10234.6500,10029.3000,10219.4000
2017-01-24,10186.5000,10213.7000,10133.1500,10201.6000
2017-01-25,10221.6500,10239.5000,10154.7500,10164.4500
2017-01-27,10144.2000,10212.5500,10100.8500,10181.8500
2017-01-30,10114.3500,10195.7000,10065.0500,10170.6500
2017-01-31,10158.2000,10158.2000,9620.4500,9848.5000
2017-02-01,9811.1000,9831.0500,9592.2500,9750.0000
2017-02-02,9753.5500,9989.2000,9681.7500,9926.0000
2017-02-03,10779.6500,10806.9500,10717.0000,10741.6000
2017-02-05,10000.8000,10042.8500,9960.2000,10006.3500
2017-02-06,10598.5000,10647.0000,10564.1000,10608.9500
2017-02-07,10034.9500,10042.1500,9967.8500,9997.9500
2017-02-08,9988.6000,10071.6500,9973.6000,10007.0500
2017-02-09,10026.4000,10186.1000,10005.0000,10167.9000
2017-02-10,10185.4500,10432.9500,10180.4500,10387.8500
2017-02-11,10802.5000,10884.5000,10788.0000,10845.8500
2017-02-13,10402.1500,10469.2000,10340.4000,10452.9000
2017-02-14,10462.3500,10489.4500,10423.7500,10474.1000
2017-02-15,10464.0500,10550.5000,10318.9500,10427.6500
2017-02-16,10488.9500,10640.5000,10488.9500,10628.0500
2017-02-17,10674.2000,10676.0000,10483.9000,10527.2000
2017-02-20,10544.4500,10740.3000,10516.9500,10671.2000
2017-02-21,10716.7000,10801.6000,10643.9000,10680.7500
2017-02-22,10685.5500,10692.9500,10497.0000,10514.8000
2017-02-23,10545.4500,10737.3500,10531.7000,10689.6500
2017-02-27,10663.2500,10776.6500,10658.3000,10706.7000
2017-02-28,10732.8000,10759.4000,10645.3000,10680.9500
2017-03-01,10674.8500,10777.6000,10658.4000,10748.0500
2017-03-02,9927.3500,10058.8000,9863.6500,10025.8000
2017-03-03,10701.3500,10819.3000,10657.7000,10806.2000
2017-03-04,10728.6500,10732.8500,10571.5000,10592.0000
2017-03-05,10043.0000,10151.3500,9995.2500,10131.0500
2017-03-06,10736.8000,10812.6500,10706.7500,10779.0500
2017-03-07,10174.3000,10209.9500,10075.8000,10189.8500
2017-03-08,10736.5000,10762.5000,10672.7500,10682.5000
2017-03-09,10753.7000,10757.7000,10694.4500,10724.7500
2017-03-10,10534.4500,10568.5000,10507.5500,10546.1000
2017-03-11,10840.3000,10873.9500,10824.9500,10839.0500
2017-03-14,10850.0000,10927.3000,10821.4000,10879.2500
2017-03-15,10899.9500,10905.9500,10677.7500,10696.5500
2017-03-16,10765.6500,10838.1500,10752.2000,10822.1000
2017-03-17,10893.8500,10920.3500,10787.2000,10900.7500
2017-03-20,10877.1500,10879.4500,10750.6000,10776.7500
2017-03-21,10769.1000,10823.7000,10751.3000,10787.2000
2017-03-22,10717.1000,10831.7500,10710.8000,10783.3000
2017-03-23,10794.2500,10863.8500,10785.7000,10850.8000
2017-03-24,10843.2500,10851.4500,10753.4500,10768.9500
2017-03-27,10735.5000,10787.2000,10630.8500,10648.5000
2017-03-28,10675.0500,10749.1000,10658.5500,10681.0500
2017-03-29,10712.0000,10761.0500,10661.0500,10741.2500
2017-03-30,10734.9500,10767.8000,10692.9000,10730.7500
2017-03-31,10735.6000,10752.3500,10634.9000,10703.2500
2017-04-01,10368.1500,10517.5500,10364.0000,10496.9000
2017-04-03,10728.6500,10732.8500,10571.5000,10592.0000
2017-04-05,10596.2500,10597.2000,10493.0000,10510.3000
2017-04-06,10499.7500,10545.6000,10475.8500,10538.1500
2017-04-07,10532.4500,10568.8000,10470.5500,10485.7500
2017-04-08,10695.1500,10771.8500,10681.6500,10757.9500
2017-04-09,10540.0000,10540.1000,10388.2500,10441.7500
2017-04-10,10511.6000,10542.7000,10304.9500,10338.1500
2017-04-11,10341.5500,10422.3000,10332.4500,10398.8500
2017-04-12,10408.1500,10420.3500,10290.5000,10323.4500
2017-04-13,10339.8500,10407.1500,10034.6000,10064.2000
2017-04-17,10045.4000,10056.5500,9975.4500,10000.9000
2017-04-18,10021.1500,10075.8000,9964.6500,9981.5500
2017-04-19,9925.2500,10059.4500,9901.6500,9944.8000
2017-04-20,9965.8000,10056.2500,9948.9500,10039.0500
2017-04-21,10083.5000,10103.8000,9978.5000,10008.1000
2017-04-24,9979.8000,10070.9500,9938.6000,10058.3500
2017-04-25,10081.5500,10113.0000,10038.1500,10091.2500
2017-04-26,10157.6000,10162.6500,9944.4000,9966.7500
2017-04-27,9965.0500,10045.5000,9965.0500,10012.3500
2017-04-28,10020.4500,10023.7000,9920.7000,9943.7000
2017-05-01,10539.7500,10590.0500,10379.3000,10400.0500
2017-05-02,10000.8000,10042.8500,9960.2000,10006.3500
2017-05-03,10043.0000,10151.3500,9995.2500,10131.0500
2017-05-04,10596.2500,10597.2000,10493.0000,10510.3000
2017-05-05,10084.5000,10101.9500,10031.1000,10086.3000
2017-05-06,10608.8500,10677.6500,10585.7000,10660.1000
2017-05-07,10196.0500,10196.0500,10137.0000,10160.6500
2017-05-08,10113.8000,10222.1500,10085.6000,10209.1500
2017-05-09,10455.5500,10506.5000,10427.5000,10498.0000
2017-05-10,10283.3500,10296.4500,10183.8000,10219.5500
2017-05-11,10293.3000,10300.5000,10216.3000,10256.1000
2017-05-12,10275.6000,10378.8000,10264.4000,10367.3000
2017-05-15,10399.7000,10400.4500,10293.4000,10339.7500
2017-05-16,10364.4000,10474.4500,10356.5500,10461.3000
2017-05-17,10461.0000,10485.7000,10371.5500,10437.3000
2017-05-18,10382.4000,10705.9000,10371.7000,10545.6000
2017-05-19,10565.7500,10574.6000,10410.3000,10456.3500
2017-05-22,10486.8000,10538.6500,10454.9500,10504.8500
2017-05-23,10535.9000,10583.2000,10480.7500,10510.2000
2017-05-24,10510.9500,10536.1500,10444.2000,10509.2000
2017-05-25,10568.1500,10761.0500,10546.9000,10738.3500
2017-05-26,10741.7500,10792.7500,10683.7500,10735.4000
2017-05-29,10611.4500,10633.3000,10467.3500,10568.3000
2017-05-30,10535.3500,10627.2500,10496.3000,10609.0000
2017-05-31,10589.8000,10617.4500,10522.6500,10549.1000
2017-06-01,10508.7000,10625.3500,10478.4000,10574.7000
2017-06-02,10598.5000,10647.0000,10564.1000,10608.9500
2017-06-03,10736.8000,10812.6500,10706.7500,10779.0500
2017-06-04,10499.7500,10545.6000,10475.8500,10538.1500
2017-06-05,10608.8500,10677.6500,10585.7000,10660.1000
2017-06-06,10749.4000,11016.1000,10733.6500,10907.2500
2017-06-07,10930.4000,10941.1500,10533.1500,10701.2500
2017-06-08,10684.8000,10696.8500,10520.9500,10550.0000
2017-06-09,10484.3000,10500.1000,10373.1000,10442.6500
2017-06-10,10532.2000,10665.6000,10527.5500,10655.3500
2017-06-11,10834.0000,10952.3500,10820.0500,10929.9000
2017-06-12,10412.5000,10512.2500,10314.4000,10470.7500
2017-06-13,10389.3000,10458.5500,10318.9500,10339.0000
2017-06-14,10370.2500,10375.6000,10291.5000,10366.1000
2017-06-15,10383.9000,10385.1000,10262.0500,10278.0000
2017-06-16,10262.7000,10326.9500,10161.5000,10189.5000
2017-06-19,10214.1500,10247.4500,10162.0000,10197.9000
2017-06-20,10220.1000,10300.7000,10177.3000,10289.9500
2017-06-21,10289.2000,10289.2000,10191.7000,10223.3500
2017-06-22,10255.7500,10354.6500,10167.1000,10199.5500
2017-06-23,10226.2500,10253.4000,10155.8500,10170.6000
2017-06-27,10160.0000,10203.0000,10045.1000,10068.8500
2017-06-28,10100.6500,10148.9500,10060.6500,10133.5500
2017-06-29,10183.3000,10238.9500,10105.9000,10124.4000
2017-06-30,10098.5500,10173.8500,10071.5500,10155.0500
2017-07-02,10034.9500,10042.1500,9967.8500,9997.9500
2017-07-03,10794.3000,10820.1000,10750.9000,10799.1000
2017-07-04,10532.4500,10568.8000,10470.5500,10485.7500
2017-07-05,10196.0500,10196.0500,10137.0000,10160.6500
2017-07-06,10930.4000,10941.1500,10533.1500,10701.2500
2017-07-07,10125.6500,10151.5000,10073.9500,10087.8000
2017-07-08,10749.7000,10757.9000,10659.4500,10678.8000
2017-07-09,10466.0500,10477.3000,10423.2500,10460.9500
2017-07-10,10214.3000,10377.1000,9946.3500,10360.1000
2017-07-11,10333.3000,10611.9500,10333.3000,10430.0000
2017-07-12,11075.5500,11178.8000,11057.4500,11163.4500
2017-07-13,10428.1000,10495.5000,10394.9500,10440.5500
2017-07-14,10442.5500,10463.3000,10306.8000,10330.6500
2017-07-17,10371.7000,10512.8000,10356.9500,10445.8500
2017-07-18,10455.1500,10608.9000,10454.9500,10493.1500
2017-07-19,10506.7500,10606.5500,10494.0500,10583.8000
2017-07-20,10587.4500,10593.9500,10474.8500,10491.1000
2017-07-21,10573.0000,10726.1000,10561.9500,10711.5500
2017-07-24,10734.1500,10846.5500,10734.0500,10823.5000
2017-07-25,10813.6000,10827.4500,10738.5000,10810.3500
2017-07-26,10810.7000,10839.3500,10752.3000,10782.9500
2017-07-27,10795.1000,10905.2000,10577.9500,10612.3000
2017-07-28,10627.5000,10722.7000,10511.1000,10699.4500
2017-07-31,10665.3000,10802.4000,10637.8000,10755.7500
2017-08-01,10808.1000,10887.8000,10767.4000,10801.8500
2017-08-02,10806.8000,10836.6500,10702.3000,10727.3500
2017-08-03,10736.5000,10762.5000,10672.7500,10682.5000
2017-08-04,10695.1500,10771.8500,10681.6500,10757.9500
2017-08-05,10113.8000,10222.1500,10085.6000,10209.1500
2017-08-06,10684.8000,10696.8500,10520.9500,10550.0000
2017-08-07,10749.7000,10757.9000,10659.4500,10678.8000
2017-08-08,10700.8000,10708.3000,10581.8500,10623.7000
2017-08-09,10607.4000,10655.3500,10594.4500,10613.5500
2017-08-10,10590.3500,10700.9000,10586.1500,10662.3500
2017-08-11,11227.7000,11306.4500,11197.6000,11245.9000
2017-08-12,11189.8000,11249.3000,11159.7500,11173.4000
2017-08-14,10669.1500,10692.4500,10569.1000,10587.3000
2017-08-16,10621.1000,10683.8000,10575.0500,10659.7000
2017-08-17,10784.6000,10839.9500,10688.8500,10797.8000
2017-08-18,10768.0000,10768.0000,10474.7000,10570.0000
2017-08-21,10574.3000,10618.0500,10408.4500,10440.0500
2017-08-22,10533.4000,10541.8500,10422.0000,10446.2500
2017-08-23,10479.6500,10509.6000,10401.0500,10478.2500
2017-08-24,10550.2000,10566.8500,10486.0500,10503.9000
2017-08-28,10603.4500,10638.4000,10574.5000,10592.2500
2017-08-29,10593.0000,10596.1500,10475.5000,10505.9500
2017-08-30,10565.2000,10580.0000,10474.1500,10493.2500
2017-08-31,10528.0500,10578.7000,10453.1000,10558.2500
2017-09-01,10537.6000,10563.8000,10455.6500,10514.3500
2017-09-02,10026.4000,10186.1000,10005.0000,10167.9000
2017-09-03,10753.7000,10757.7000,10694.4500,10724.7500
2017-09-04,10540.0000,10540.1000,10388.2500,10441.7500
2017-09-05,10246.0000,10294.2500,10211.4000,10279.6000
2017-09-06,10484.3000,10500.1000,10373.1000,10442.6500
2017-09-07,10466.0500,10477.3000,10423.2500,10460.9500
2017-09-08,10488.9500,10499.3000,10444.3000,10456.6500
2017-09-10,10637.3500,10694.2500,10622.8000,10680.2000
2017-09-11,11275.4500,11301.2500,11201.6500,11248.4500
2017-09-12,10514.1500,10517.5000,10443.2000,10501.1000
2017-09-13,10520.7500,10593.0000,10475.9000,10505.3000
2017-09-14,10438.2000,10505.2500,10428.4500,10496.0500
2017-09-15,10519.6500,10621.6500,10479.9500,10599.7500
2017-09-18,10601.4000,10675.0500,10601.3500,10649.5000
2017-09-19,10658.3500,10668.6500,10611.9000,10654.8000
2017-09-20,10694.0000,10694.0000,10588.1500,10651.3500
2017-09-21,10652.5500,10670.7500,10599.9500,10653.8000
2017-09-22,10628.5000,10672.9500,10593.2500,10632.1000
2017-09-25,10604.3000,10653.5500,10513.3000,10569.1000
2017-09-26,10575.2000,10604.1500,10481.9500,10548.5000
2017-09-27,10576.2500,10587.0500,10516.4000,10544.2000
2017-09-28,10544.1500,10613.2500,10470.5500,10521.9000
2017-09-29,10543.4000,10576.9500,10454.0500,10475.3500
2017-10-01,10232.5500,10255.8500,10184.3500,10221.5000
2017-10-02,10185.4500,10432.9500,10180.4500,10387.8500
2017-10-03,10758.2000,10821.8500,10718.3500,10749.8500
2017-10-04,10511.6000,10542.7000,10304.9500,10338.1500
2017-10-05,10283.3500,10296.4500,10183.8000,10219.5500
2017-10-06,10532.2000,10665.6000,10527.5500,10655.3500
2017-10-07,10214.3000,10377.1000,9946.3500,10360.1000
2017-10-08,10590.3500,10700.9000,10586.1500,10662.3500
2017-10-09,10637.3500,10694.2500,10622.8000,10680.2000
2017-10-10,10734.5500,10771.9500,10712.0500,10726.1500
2017-10-11,11270.0000,11272.0000,11151.1000,11222.5500
2017-10-12,10801.3000,10891.2500,10782.7000,10881.3000
2017-10-13,10915.0500,10997.1000,10880.0000,10924.2000
2017-10-16,10936.8500,10978.0000,10921.9000,10961.6000
2017-10-17,10946.8500,11006.6500,10910.4000,10942.7000
2017-10-18,10943.3000,11014.0500,10898.6500,10910.1500
2017-10-19,10911.5000,10934.8500,10872.8000,10890.7500
2017-10-23,10901.2500,11013.4000,10863.1500,10997.8500
2017-10-24,11056.3500,11057.3000,10860.3500,10884.7500
2017-10-25,10829.8000,10986.5000,10799.3500,10925.4500
2017-10-26,10915.6500,10945.4500,10836.0000,10883.0500
2017-10-27,10901.3000,10911.6500,10831.2500,10862.0500
2017-10-30,10892.5500,10913.9000,10842.9500,10854.3000
2017-10-31,10793.1000,10870.5500,10781.0000,10837.9000
2017-11-01,10238.0500,10282.2000,10154.5000,10220.5500
2017-11-02,10802.5000,10884.5000,10788.0000,10845.8500
2017-11-03,10840.3000,10873.9500,10824.9500,10839.0500
2017-11-04,10341.5500,10422.3000,10332.4500,10398.8500
2017-11-05,10293.3000,10300.5000,10216.3000,10256.1000
2017-11-06,10834.0000,10952.3500,10820.0500,10929.9000
2017-11-07,10333.3000,10611.9500,10333.3000,10430.0000
2017-11-08,11227.7000,11306.4500,11197.6000,11245.9000
2017-11-09,11275.4500,11301.2500,11201.6500,11248.4500
2017-11-10,11270.0000,11272.0000,11151.1000,11222.5500
2017-11-12,11178.9000,11343.1500,11170.4500,11324.0000
2017-11-13,11188.5000,11341.5000,11188.5000,11236.2000
2017-11-14,11240.5500,11275.6500,11139.8000,11168.7500
2017-11-15,11158.0000,11211.7000,11110.8000,11122.8500
2017-11-16,11145.5500,11343.6000,11059.0000,11317.2500
2017-11-17,11311.9500,11311.9500,11127.0000,11150.0000
2017-11-20,11161.7000,11173.6500,11072.9500,11100.1000
2017-11-21,11120.8000,11166.3500,11087.1500,11119.4500
2017-11-22,11133.8000,11167.6500,11098.6500,11117.5000
2017-11-23,11149.8000,11255.0500,11132.7500,11230.6000
2017-11-24,11240.4000,11352.5500,11235.7500,11306.4000
2017-11-27,11290.8500,11326.0000,11239.4000,11314.2500
2017-11-28,11303.3500,11324.9000,11242.8500,11270.6000
2017-11-29,11266.9500,11299.3500,11211.1500,11232.9000
2017-11-30,11233.5000,11241.8000,11060.1000,11115.3000
2017-12-01,11123.6000,11180.4000,10930.9500,10948.5000
2017-12-04,11007.9500,11138.1000,10901.1000,11081.6500
2017-12-05,11079.3500,11121.8500,11005.9000,11025.4000
2017-12-06,11024.5500,11099.0500,11006.2000,11074.9000
2017-12-07,11075.5500,11178.8000,11057.4500,11163.4500
2017-12-08,11189.8000,11249.3000,11159.7500,11173.4000
2017-12-09,10514.1500,10517.5000,10443.2000,10501.1000
2017-12-10,10801.3000,10891.2500,10782.7000,10881.3000
2017-12-11,11178.9000,11343.1500,11170.4500,11324.0000
2017-12-12,11327.7000,11341.7500,11251.7000,11272.4500
2017-12-13,11257.0500,11328.7500,11210.7000,11251.7000
2017-12-14,11257.9500,11307.9000,11174.6500,11275.4000
2017-12-15,11299.6000,11337.0000,11245.5500,11288.3000
2017-12-18,11211.8000,11345.4000,11096.6000,11315.2000
2017-12-19,11324.5500,11334.0500,11214.6000,11240.6500
2017-12-20,11267.4000,11322.2000,11198.6000,11304.2000
2017-12-21,11317.5000,11406.4000,11288.7500,11374.3000
2017-12-22,11368.2000,11532.7500,11345.2500,11501.9000
2017-12-26,11503.0000,11531.2500,11454.9000,11507.4000
2017-12-27,11490.3000,11538.7000,11465.6000,11509.2500
2017-12-28,11481.8000,11549.8000,11460.8000,11496.4000
2017-12-29,11479.5000,11689.7500,11430.6500,11665.7500
2018-01-01,11612.7000,11655.8500,11549.0000,11565.7500
2018-01-02,11587.8500,11655.5000,11558.4500,11602.3500
2018-01-03,11617.3500,11693.3500,11573.2500,11586.7000
2018-01-04,11599.0500,11607.7500,11510.4000,11590.8000
2018-01-05,11575.4500,11691.4500,11541.8000,11633.5500
2018-01-06,13694.2500,13785.3500,13528.6500,13558.5500
2018-01-08,11674.3500,11793.8500,11661.5000,11776.8500
2018-01-09,11805.3500,11819.3500,11685.7500,11790.8500
2018-01-10,11803.8500,12076.2500,11762.5000,12054.7000
2018-01-11,14991.6000,14991.6000,14541.2000,14622.0000
2018-01-12,12144.8000,12146.7500,12004.4000,12099.1500
2018-01-15,12103.5000,12214.6500,11971.9500,11992.7500
2018-01-16,12036.5500,12487.2500,12027.3000,12430.9500
2018-01-17,12473.0500,12653.2500,12432.7500,12531.4000
2018-01-18,12565.8500,12605.1500,12431.8000,12570.7000
2018-01-19,12577.2500,12668.5500,12485.3000,12633.8500
2018-01-22,12544.6000,12924.6000,12521.1500,12894.9500
2018-01-23,12919.3000,13084.2000,12898.2500,13048.9000
2018-01-24,13020.3000,13553.9500,13005.9500,13249.5500
2018-01-25,13257.9000,13259.1500,12996.7500,13117.8500
2018-01-29,13113.2000,13328.0500,13096.4500,13242.5000
2018-01-30,13193.0000,13238.5000,13071.8500,13107.9000
2018-01-31,13050.8500,13142.8500,12943.3500,12986.4000
2018-02-01,11587.8500,11655.5000,11558.4500,11602.3500
2018-02-02,12872.5000,13130.2500,12846.2000,12983.6000
2018-02-04,12542.3000,12723.4000,12541.3500,12707.1000
2018-02-05,12878.7000,13104.8000,12845.0000,12936.9000
2018-02-06,12516.2000,12750.7000,12490.7500,12562.3500
2018-02-07,12667.6000,12680.3000,12419.4000,12450.0500
2018-02-08,12556.8000,12764.7500,12468.5000,12588.3500
2018-02-09,12449.7000,12556.2000,12350.4000,12492.7000
2018-02-11,14639.0500,14780.1000,14356.1000,14396.7000
2018-02-12,12544.7000,12591.9500,12390.9000,12422.6500
2018-02-14,12438.2000,12546.0000,12346.0000,12420.0000
2018-02-15,12497.5000,12584.2500,12439.0500,12456.5000
2018-02-16,12512.7500,12687.4500,12412.1000,12437.9000
2018-02-19,12474.1500,12479.4000,12228.8000,12331.4000
2018-02-20,12272.9500,12491.6000,12268.5500,12372.0000
2018-02-21,12490.5000,12703.8500,12452.3500,12660.0500
2018-02-22,12663.6500,12794.0000,12631.8500,12730.2500
2018-02-23,12784.1000,12888.0000,12701.1000,12871.1500
2018-02-26,12864.6000,12903.9000,12692.3500,12713.1500
2018-02-27,12777.2500,12797.3500,12688.0000,12746.8000
2018-02-28,12744.4000,12904.2000,12696.3500,12809.0000
2018-03-01,11617.3500,11693.3500,11573.2500,11586.7000
2018-03-04,12637.8000,12708.1500,12557.0500,12615.4500
2018-03-05,13759.4500,13759.4500,13430.7500,13473.9500
2018-03-06,12924.4500,12930.5500,12667.4500,12706.1000
2018-03-07,14100.8000,14238.9000,14074.8500,14222.5500
2018-03-08,12757.0000,12802.1500,12645.7500,12682.4000
2018-03-09,16013.0500,16048.2500,15703.0000,15724.7000
2018-03-10,16208.7500,16278.0000,15874.2500,15909.8000
2018-03-12,12825.2500,13012.3500,12813.2500,12923.4000
2018-03-13,12778.3500,12842.2000,12663.3000,12734.2000
2018-03-14,12725.2000,12840.4500,12711.2500,12786.9500
2018-03-15,12815.6000,12860.0000,12727.8000,12762.2500
2018-03-16,12776.2500,12778.6000,12606.6000,12698.4000
2018-03-19,12660.9000,12725.3500,12392.7000,12421.3000
2018-03-20,12385.0000,12644.6000,12375.4000,12609.1000
2018-03-21,12665.7500,12698.3500,12554.1500,12608.8500
2018-03-22,12607.6500,12638.9500,12454.5000,12489.6000
2018-03-23,12292.6500,12564.7500,12281.2000,12541.1000
2018-03-26,12536.6000,12542.5500,12392.2500,12462.4000
2018-03-27,12539.5000,12566.5000,12444.7000,12518.2000
2018-03-28,12468.7000,12573.1000,12424.5500,12511.5500
2018-04-01,11599.0500,11607.7500,11510.4000,11590.8000
2018-04-02,12542.3000,12723.4000,12541.3500,12707.1000
2018-04-03,12637.8000,12708.1500,12557.0500,12615.4500
2018-04-04,12689.9000,12689.9000,12442.1500,12490.8500
2018-04-05,13488.7500,13488.8000,13302.9000,13453.3000
2018-04-06,12685.3000,12687.4000,12569.2500,12603.3500
2018-04-07,14243.8000,14243.9500,14099.2500,14126.1500
2018-04-09,15799.3500,16094.0500,15783.5500,16048.7000
2018-04-10,15835.2000,15835.2000,15403.9000,15441.1000
2018-04-11,12629.4000,12785.3000,12608.8500,12759.1000
2018-04-12,14757.4500,15015.1000,14728.2000,14999.9000
2018-04-13,13240.6500,13380.4000,13085.0500,13260.4500
2018-04-16,12936.3000,13242.0500,12935.2500,13203.1000
2018-04-17,13177.1000,13194.4000,13094.0000,13162.3000
2018-04-18,13185.2000,13218.4500,13106.3000,13124.0000
2018-04-19,13192.9500,13295.7000,13157.8500,13273.4500
2018-04-20,13379.3500,13964.3000,13371.8500,13910.3500
2018-04-23,13897.6500,14294.1500,13836.5000,14013.9500
2018-04-24,13976.7000,14071.5500,13704.8500,13734.8000
2018-04-25,13737.5000,13972.6500,13665.7000,13892.4000
2018-04-26,13836.9500,14056.1500,13827.1000,14026.6500
2018-04-27,14015.7000,14070.3500,13766.7500,13794.9000
2018-04-30,13818.8500,14094.1000,13810.5500,13986.2500
2018-05-01,11575.4500,11691.4500,11541.8000,11633.5500
2018-05-02,12878.7000,13104.8000,12845.0000,12936.9000
2018-05-03,12768.5500,12890.9500,12684.3000,12857.6500
2018-05-04,13488.7500,13488.8000,13302.9000,13453.3000
2018-05-06,13625.6500,13638.7500,13363.4000,13408.9000
2018-05-07,13533.5500,13563.8500,13395.8500,13424.9000
2018-05-08,13453.9500,13474.2500,13297.2000,13379.6500
2018-05-09,13397.8500,13538.4000,13390.9000,13453.4000
2018-05-10,13505.2500,13566.0500,13403.3000,13427.3000
2018-05-11,13457.9000,13519.1500,13393.3000,13478.6000
2018-05-12,14932.4500,15062.4000,14788.7500,15012.9500
2018-05-14,13480.1000,13495.5000,13358.2000,13446.1000
2018-05-15,13441.5500,13614.6500,13419.7000,13504.9500
2018-05-16,13474.0500,13585.1500,13466.6000,13525.6000
2018-05-17,13606.6500,13625.5000,13461.0500,13504.7500
2018-05-18,13487.3500,13526.9500,13412.8500,13459.1500
2018-05-21,13485.4500,13572.1500,13434.1000,13483.8500
2018-05-22,13453.8000,13530.5500,13420.1000,13484.5500
2018-05-23,13517.3000,13615.4000,13435.5000,13464.3500
2018-05-24,13563.6500,13797.9500,13543.6500,13775.6500
2018-05-25,13854.1000,13963.7000,13715.5000,13762.3000
2018-05-28,13832.9500,13832.9500,13457.6000,13497.7000
2018-05-29,13535.4500,13631.3000,13482.0500,13561.0500
2018-05-30,13548.8500,13627.0500,13480.5500,13557.7000
2018-05-31,13515.3500,13695.3000,13460.7000,13666.0000
2018-06-01,13694.2500,13785.3500,13528.6500,13558.5500
2018-06-02,12516.2000,12750.7000,12490.7500,12562.3500
2018-06-03,12924.4500,12930.5500,12667.4500,12706.1000
2018-06-04,12685.3000,12687.4000,12569.2500,12603.3500
2018-06-05,13625.6500,13638.7500,13363.4000,13408.9000
2018-06-06,13460.6000,13554.2500,13355.2000,13528.8000
2018-06-07,13530.5500,13714.2000,13525.3500,13683.7500
2018-06-08,13677.8000,13841.6500,13674.3500,13769.8000
2018-06-09,16047.9500,16121.5000,15932.6500,16081.6500
2018-06-11,13807.5000,13869.5500,13755.5000,13775.1000
2018-06-12,13817.7000,13889.4500,13771.3500,13859.8500
2018-06-13,14001.2000,14074.9000,13950.1500,14034.1500
2018-06-14,13980.5500,13984.7500,13784.3500,13825.4000
2018-06-15,13868.5000,14151.7500,13841.6000,14121.5000
2018-06-18,14223.3500,14223.3500,13995.9000,14024.2000
2018-06-19,13987.6000,14028.7000,13835.7000,13849.4500
2018-06-20,13900.8500,13914.9500,13782.1500,13810.9000
2018-06-21,13856.1000,13882.4000,13751.6000,13771.7000
2018-06-22,13792.8500,13844.0000,13724.1500,13777.0500
2018-06-25,13814.0000,13918.0500,13791.0000,13865.2000
2018-06-26,13862.7000,13981.1500,13848.8000,13943.5000
2018-06-27,14005.6500,14143.3000,13966.3500,14018.4000
2018-06-28,14070.9000,14139.6500,13853.1000,13873.8000
2018-06-29,13959.1500,14020.7500,13858.7000,13989.5000
2018-07-02,12667.6000,12680.3000,12419.4000,12450.0500
2018-07-03,14100.8000,14238.9000,14074.8500,14222.5500
2018-07-04,14243.8000,14243.9500,14099.2500,14126.1500
2018-07-05,14180.3000,14184.4500,13898.9000,13970.5000
2018-07-06,14008.1500,14063.2500,13925.5500,14015.9000
2018-07-08,14660.1000,14688.1000,14588.5500,14613.7500
2018-07-09,16126.2500,16130.6000,15975.0000,16104.7500
2018-07-10,14275.1000,14299.5000,14174.6000,14222.7500
2018-07-11,14654.2500,14698.9500,14645.0500,14674.4500
2018-07-12,14611.4500,14627.8000,14437.6500,14515.6500
2018-07-13,14559.1500,14654.5500,14462.9500,14534.9000
2018-07-16,14554.2500,14776.0000,14443.0000,14617.0500
2018-07-17,14609.5500,14709.6000,14539.6000,14618.2500
2018-07-18,14695.6500,14762.3000,14568.5500,14631.6500
2018-07-19,14638.1000,14693.4500,14420.0000,14489.8500
2018-07-20,14541.3500,14771.0500,14518.5000,14701.4000
2018-07-23,14726.7000,14726.7000,14571.6000,14683.2000
2018-07-24,14768.8500,14768.9000,14620.9500,14663.9000
2018-07-25,14697.8500,14697.8500,14539.2500,14575.3500
2018-07-26,14510.6000,14559.5000,14423.7500,14468.1000
2018-07-27,14476.4500,14553.8000,14450.1500,14517.9000
2018-07-30,14538.9000,14561.0500,14391.1500,14420.5500
2018-07-31,14432.6000,14617.7500,14386.8000,14587.8000
2018-08-01,11674.3500,11793.8500,11661.5000,11776.8500
2018-08-02,12556.8000,12764.7500,12468.5000,12588.3500
2018-08-03,14632.3500,14663.6000,14588.9500,14649.0500
2018-08-05,13453.9500,13474.2500,13297.2000,13379.6500
2018-08-06,13677.8000,13841.6500,13674.3500,13769.8000
2018-08-07,14660.1000,14688.1000,14588.5500,14613.7500
2018-08-08,14650.6000,14663.0500,14534.6000,14608.2000
2018-08-09,14660.5500,14662.4500,14588.9500,14603.3500
2018-08-10,14661.9000,14702.1500,14568.3000,14679.2500
2018-08-13,14697.7000,14902.4000,14683.0000,14880.2500
2018-08-14,14927.4000,15090.9000,14872.9500,15009.2500
2018-08-16,15021.9500,15122.6500,15017.2500,15044.3500
2018-08-17,15059.9500,15143.3500,14982.3500,15126.4000
2018-08-20,15033.6500,15054.1000,14946.5500,14996.1000
2018-08-21,15072.4500,15183.2500,15041.8500,15134.6500
2018-08-23,15195.0000,15361.4000,15185.2500,15321.9500
2018-08-24,15337.9000,15410.2000,15239.3500,15260.0500
2018-08-27,15285.1000,15539.6500,15274.3500,15514.9500
2018-08-28,15546.5000,15641.4000,15528.4000,15583.0500
2018-08-29,15617.0000,15621.9000,15439.4500,15524.9500
2018-08-30,15519.6000,15576.6500,15428.1000,15529.8500
2018-08-31,15575.9500,15833.6500,15567.5000,15811.4000
2018-09-01,11805.3500,11819.3500,11685.7500,11790.8500
2018-09-02,12449.7000,12556.2000,12350.4000,12492.7000
2018-09-03,16013.0500,16048.2500,15703.0000,15724.7000
2018-09-04,15799.3500,16094.0500,15783.5500,16048.7000
2018-09-05,16088.7000,16124.6000,15976.4500,16039.9000
2018-09-06,16047.9500,16121.5000,15932.6500,16081.6500
2018-09-07,16126.2500,16130.6000,15975.0000,16104.7500
2018-09-08,14660.5500,14662.4500,14588.9500,14603.3500
2018-09-10,15305.1500,15429.9500,15137.7500,15369.8000
2018-09-11,16182.0000,16217.7500,15970.1000,15993.1500
2018-09-12,16092.1000,16124.5500,15977.8500,16054.0500
2018-09-14,16046.4000,16104.0500,15843.6000,16072.5000
2018-09-17,16096.4000,16207.5000,16080.7500,16119.8000
2018-09-18,16152.8500,16152.8500,16003.2000,16031.0000
2018-09-19,16092.6500,16115.1500,15982.0500,16063.9500
2018-09-21,16023.6500,16047.2000,15579.9500,15833.5000
2018-09-24,15862.4000,16235.0500,15820.6500,16175.3000
2018-09-25,16207.0000,16360.6000,16081.9000,16234.9000
2018-09-26,16285.7500,16292.3000,15877.9000,15932.4500
2018-09-27,15979.5000,16094.0500,15943.9000,16018.0000
2018-09-28,15932.1000,15972.0000,15734.9500,15838.0500
2018-10-01,15897.1000,16282.0500,15861.5000,16213.6000
2018-10-03,16208.7500,16278.0000,15874.2500,15909.8000
2018-10-04,12532.2500,12618.8000,12519.4500,12576.5000
2018-10-05,13505.2500,13566.0500,13403.3000,13427.3000
2018-10-07,14275.1000,14299.5000,14174.6000,14222.7500
2018-10-08,14661.9000,14702.1500,14568.3000,14679.2500
2018-10-09,16150.6500,16229.8500,16085.5000,16105.3000
2018-10-10,15356.3000,15380.8500,15053.3000,15143.2000
2018-10-11,14721.1000,14890.6500,14554.2500,14683.0000
2018-10-12,14701.8500,14721.9500,14408.4500,14539.2000
2018-10-15,14639.5000,14846.9500,14564.3000,14797.2000
2018-10-16,14876.0500,14975.5500,14743.9000,14887.3500
2018-10-17,15031.0500,15190.6500,14903.5000,14949.6000
2018-10-19,14776.4500,14776.4500,14421.6500,14476.8500
2018-10-22,14527.5500,14527.5500,14299.1500,14421.4000
2018-10-23,14318.9500,14406.7500,13977.6500,14014.7000
2018-10-24,14125.5000,14183.5500,13826.3000,14049.1500
2018-10-25,13894.8000,14179.7000,13863.9000,14070.8000
2018-10-26,14057.0500,14070.0500,13769.8500,13798.6000
2018-10-29,13837.6500,14188.0000,13696.5000,14132.6500
2018-10-30,14088.2500,14437.6000,14028.8000,14355.8500
2018-10-31,14428.7000,14994.8500,14376.7500,14940.1000
2018-11-01,12060.8000,12178.8000,12045.4500,12103.1000
2018-11-02,14639.0500,14780.1000,14356.1000,14396.7000
2018-11-04,12629.4000,12785.3000,12608.8500,12759.1000
2018-11-05,13457.9000,13519.1500,13393.3000,13478.6000
2018-11-06,13807.5000,13869.5500,13755.5000,13775.1000
2018-11-07,14654.2500,14698.9500,14645.0500,14674.4500
2018-11-09,14793.7500,14796.9000,14483.3500,14553.2500
2018-11-10,14721.1000,14890.6500,14554.2500,14683.0000
2018-11-12,14604.9500,14821.5500,14565.0500,14650.5000
2018-11-13,14637.2500,14780.0000,14561.5500,14698.2000
2018-11-14,14662.3000,14662.8000,14236.7000,14338.4500
2018-11-15,14315.4500,14573.1000,14264.6000,14354.1500
2018-11-16,14426.7000,14504.5000,14356.6500,14473.1500
2018-11-19,14544.8000,14618.2500,14433.2000,14599.7500
2018-11-20,14575.2500,14575.2500,14262.3000,14285.0500
2018-11-21,14244.7500,14245.0500,13827.1500,13879.1500
2018-11-22,13955.0000,14109.4500,13819.7000,13835.7000
2018-11-26,13836.9500,14083.7000,13581.3500,14025.4000
2018-11-27,14057.9000,14265.2500,14000.4000,14225.3500
2018-11-28,14266.7500,14658.9000,14250.9000,14632.9000
2018-11-29,14726.7500,14732.6500,14433.0500,14465.2500
2018-11-30,14494.7000,14710.8000,14494.6000,14638.0500
2018-12-01,12144.8000,12146.7500,12004.4000,12099.1500
2018-12-02,12544.7000,12591.9500,12390.9000,12422.6500
2018-12-03,12825.2500,13012.3500,12813.2500,12923.4000
2018-12-04,14757.4500,15015.1000,14728.2000,14999.9000
2018-12-05,14932.4500,15062.4000,14788.7500,15012.9500
2018-12-06,14936.6000,15064.2500,14664.3000,14693.7500
2018-12-07,14686.8000,14700.0500,14461.9500,14662.9000
2018-12-09,16092.1000,16124.5500,15977.8500,16054.0500
2018-12-10,14486.0000,14723.7000,14369.5000,14419.2000
2018-12-11,14385.3500,14684.4500,14307.3000,14579.6000
2018-12-12,14640.1500,14756.5000,14521.2000,14738.5500
2018-12-13,14782.3500,14908.9000,14652.0000,14840.9500
2018-12-14,14810.4000,14913.8000,14741.7000,14851.4000
2018-12-17,14931.0500,14931.0500,14801.1500,14873.0500
2018-12-18,14776.4500,14809.5500,14662.1000,14730.9000
2018-12-19,14686.0500,14698.9000,14463.7500,14591.8000
2018-12-20,14468.4000,14621.8000,14461.3000,14542.1500
2018-12-21,14493.7500,14505.5000,14171.9500,14207.8500
2018-12-24,14296.8000,14371.7500,14197.1000,14247.7500
2018-12-26,14229.2000,14229.2000,14018.4000,14158.9000
2018-12-27,14300.9500,14460.7000,14273.8500,14354.5000
2018-12-28,14409.6000,14451.7000,14368.7000,14385.8000
2018-12-31,14458.5000,14481.4000,14394.5500,14440.3000
2019-01-01,14426.4500,14480.5500,14357.0500,14450.9000
2019-01-02,15522.5500,15751.7500,15485.7000,15724.3000
2019-01-03,15778.1500,15871.1000,15752.2000,15848.3000
2019-01-04,14332.6500,14359.2000,13958.8500,14146.1500
2019-01-07,15982.7000,16023.5500,15893.5500,15916.7000
2019-01-08,15576.9500,15593.5500,15277.7500,15332.1000
2019-01-09,14417.2000,14495.7000,14162.2000,14326.0500
2019-01-10,15559.6500,15561.5000,15240.9500,15300.2500
2019-01-11,14288.9500,14326.9000,14134.2500,14307.1000
2019-01-14,14474.5000,14495.7000,14196.0000,14223.6000
2019-01-15,14265.7000,14685.5000,14262.4000,14658.5000
2019-01-16,14688.8500,14732.7500,14610.1000,14707.8000
2019-01-17,14714.2500,14813.9000,14660.0500,14800.2500
2019-01-18,14744.0500,14923.7500,14709.4500,14892.9500
2019-01-21,14920.3500,15100.2000,14850.0000,14966.4000
2019-01-22,14927.1500,15019.6000,14814.9500,14962.6000
2019-01-23,14975.2000,15003.8500,14856.8500,14888.7500
2019-01-24,14897.4500,15003.5500,14793.2500,14971.8500
2019-01-25,14952.7500,15161.2000,14927.2500,15039.2500
2019-01-28,15085.0500,15161.7000,15026.7500,15120.1000
2019-01-29,15126.1500,15293.0000,14986.7000,15231.3000
2019-01-30,15304.0000,15381.4500,15192.4000,15255.2000
2019-01-31,15299.4500,15513.4500,15276.0500,15499.3000
2019-02-01,14467.4000,14593.8500,14371.0000,14447.1000
2019-02-04,15902.9000,16013.2500,15874.6500,15988.4000
2019-02-05,16656.9000,16673.6000,16387.3000,16403.7000
2019-02-06,15857.7000,16090.7000,15835.7000,16055.6000
2019-02-07,15952.9000,16096.9500,15886.4500,16074.1000
2019-02-08,16001.1500,16145.7000,15979.8000,16019.8000
2019-02-11,16050.2000,16159.0500,16002.5000,16099.0500
2019-02-12,16093.4500,16094.6000,15788.1000,15938.6000
2019-02-13,15958.4000,16087.3000,15885.3000,16041.6500
2019-02-14,15992.4500,16002.2000,15828.8500,15861.6500
2019-02-15,15898.4000,15912.4500,15620.4500,15815.6000
2019-02-18,15895.5000,15948.1000,15618.0500,15659.0000
2019-02-19,15644.0500,15651.9000,15287.5000,15333.5000
2019-02-20,15382.4500,15651.7000,15330.8000,15609.4500
2019-02-21,15609.1500,15691.4000,15492.2000,15588.9000
2019-02-22,15582.8000,15717.3000,15543.5000,15684.7000
2019-02-25,15738.9500,16029.9500,15729.2500,16003.7000
2019-02-26,15933.8000,16069.4000,15874.9500,15989.6000
2019-02-27,15983.8000,16007.6500,15803.7000,15902.1000
2019-02-28,15974.1000,15974.1000,15694.8500,15732.0000
2019-03-01,14479.7500,14542.3000,14276.5000,14322.1500
2019-03-04,15996.5000,16009.8500,15862.5000,15962.9500
2019-03-05,16259.5000,16265.3000,16065.4500,16092.9000
2019-03-06,16159.5000,16391.0000,16082.8000,16360.5500
2019-03-07,15788.1500,15788.1500,15558.9500,15582.1000
2019-03-08,15544.3500,15545.6500,15388.2000,15408.7000
2019-03-09,16027.1000,16189.4500,15935.9000,15984.8500
2019-03-10,15318.8000,15417.2500,15228.9000,15277.9500
2019-03-11,15432.9000,15500.7500,15349.6000,15388.5000
2019-03-12,15408.8500,15497.2000,15349.8000,15384.5500
2019-03-13,15442.2500,15550.8500,15300.2500,15342.9000
2019-03-14,15422.6000,15437.0500,15202.0500,15260.4500
2019-03-15,15346.0000,15649.2500,15324.8500,15546.6000
2019-03-18,15614.8000,15661.3000,15304.7500,15359.4500
2019-03-19,15432.5000,15545.4500,15296.0000,15495.5500
2019-03-20,15563.9500,15735.2500,15554.4500,15599.2500
2019-03-22,15652.3000,15652.3000,15462.2000,15551.1000
2019-03-25,15579.0500,15579.0500,15388.4000,15416.8500
2019-03-26,15415.5000,15426.2500,15218.2500,15356.6000
2019-03-27,15352.6000,15421.8500,15307.1000,15339.4000
2019-03-28,15410.3500,15636.5000,15399.4500,15566.7500
2019-03-29,15681.6000,15729.5000,15578.2000,15628.2000
2019-04-01,15668.8000,15922.0500,15662.5500,15840.6500
2019-04-02,15727.2000,15819.7000,15635.9000,15754.8000
2019-04-03,15996.5000,16009.8500,15862.5000,15962.9500
2019-04-04,15947.8000,15954.1500,15691.0000,15744.8000
2019-04-05,15800.4500,15952.5000,15759.8000,15923.0500
2019-04-06,16276.8000,16285.8500,16072.9000,16105.2000
2019-04-07,15901.4500,15992.6000,15896.9000,15942.4000
2019-04-08,15982.8500,16061.3000,15857.1500,16028.2500
2019-04-09,15985.7500,16090.8500,15944.4000,16032.5000
2019-04-10,15328.4000,15418.8000,15285.1500,15340.3000
2019-04-11,15474.0000,15803.3500,15428.5000,15591.3000
2019-04-12,14918.5000,15188.5500,14896.6000,15175.1500
2019-04-15,15917.7000,16136.6000,15862.0000,16113.7000
2019-04-16,16166.1500,16176.6000,16064.3500,16084.9000
2019-04-18,16177.8500,16177.8500,16021.0000,16079.3000
2019-04-22,16077.5500,16204.3000,16057.9000,16150.6000
2019-04-23,16179.4500,16193.6000,16082.4500,16166.3000
2019-04-24,16182.9000,16405.8000,16161.3500,16370.3500
2019-04-25,16361.0000,16388.5500,16299.2000,16352.7500
2019-04-26,16393.8000,16523.7500,16381.4500,16504.4500
2019-04-30,16510.9500,16720.4000,16502.4500,16705.4000
2019-05-02,15709.0000,15812.1500,15634.9500,15738.7000
2019-05-03,15839.2000,15839.2000,15634.5500,15664.1000
2019-05-04,15800.4500,15952.5000,15759.8000,15923.0500
2019-05-06,15949.3000,16146.4000,15925.4000,16111.3500
2019-05-07,15960.8500,15979.4500,15520.0000,15550.0500
2019-05-08,15349.7000,15544.9000,15312.5500,15518.5500
2019-05-09,16031.6000,16164.9000,16002.4500,16132.8500
2019-05-10,16117.6000,16146.3500,15911.9500,15949.6000
2019-05-11,15613.1000,15613.1000,15422.8000,15533.4500
2019-05-12,15164.1500,15385.4500,15101.8000,15367.5000
2019-05-13,15949.0000,16095.7000,15915.1500,15955.3000
2019-05-14,15942.9500,15966.6500,15642.9500,15762.7500
2019-05-15,15793.3500,15896.3000,15743.7000,15776.8000
2019-05-16,15816.6500,15994.2500,15779.7500,15933.9500
2019-05-17,15962.4000,16000.3500,15803.2000,15843.3500
2019-05-20,15933.3000,16009.6500,15642.7000,15968.2000
2019-05-21,15982.3000,15989.0500,15737.1500,15766.9500
2019-05-22,15750.0500,15812.2500,15640.6000,15666.1500
2019-05-23,15772.0500,15819.0500,15506.2000,15538.8500
2019-05-24,15622.2500,15626.3500,15461.8500,15569.8500
2019-05-27,15587.4000,15629.6000,15526.4000,15556.6500
2019-05-28,15614.1000,15806.2000,15554.9000,15762.0500
2019-05-29,15773.3000,15973.0000,15754.3500,15865.6000
2019-05-30,15908.9500,16034.7500,15879.2000,15997.3500
2019-05-31,16070.6000,16197.3500,16042.6000,16160.6500
2019-06-02,15857.7000,16090.7000,15835.7000,16055.6000
2019-06-03,15732.3500,15814.7000,15681.1000,15735.0500
2019-06-04,16276.8000,16285.8500,16072.9000,16105.2000
2019-06-05,15949.3000,16146.4000,15925.4000,16111.3500
2019-06-06,16155.8000,16159.7500,15991.4000,16012.1000
2019-06-07,16042.3000,16155.0500,15972.7500,16109.8500
2019-06-08,15479.2000,15636.5000,15434.2500,15514.8000
2019-06-09,16139.9000,16218.8000,15991.0500,16034.5500
2019-06-10,16176.8500,16381.6500,16152.2000,16362.4000
2019-06-11,15554.0500,15647.0500,15440.4000,15561.3000
2019-06-12,15383.4500,15390.0500,15269.2500,15289.6000
2019-06-13,16340.0500,16421.8000,16282.6500,16316.6000
2019-06-14,16326.7000,16336.1000,16239.2000,16268.2000
2019-06-17,16285.0000,16313.5500,16190.9000,16228.2000
2019-06-18,16215.7000,16352.4000,16212.3000,16322.5000
2019-06-19,16358.7500,16391.5000,16215.9500,16282.7000
2019-06-20,16039.0000,16338.7500,15994.9500,16316.9000
2019-06-21,16343.3500,16358.9500,16154.8500,16189.4000
2019-06-24,16202.4000,16231.6000,16142.4000,16187.4000
2019-06-25,16158.8000,16252.9500,16050.6000,16214.4500
2019-06-26,16152.7000,16255.2000,16079.2000,16101.7000
2019-06-27,16096.2000,16129.4000,15946.6500,15991.8000
2019-06-28,16069.9000,16085.4000,15904.8000,15936.4500
2019-07-01,14238.0500,14316.0000,14204.6500,14291.5000
2019-07-02,16045.5500,16167.8500,16031.1500,16085.8500
2019-07-03,16091.1000,16097.1500,15906.4000,15927.6500
2019-07-04,15901.4500,15992.6000,15896.9000,15942.4000
2019-07-05,16145.6500,16225.8500,16100.6500,16135.7500
2019-07-06,16042.3000,16155.0500,15972.7500,16109.8500
2019-07-08,15410.8500,15480.1500,15317.4000,15376.0000
2019-07-09,15381.3500,15434.0000,15123.6000,15254.5000
2019-07-10,15368.1500,15472.3500,15226.7000,15246.7500
2019-07-11,15635.5000,15639.7000,15532.1500,15624.4000
2019-07-12,15227.6000,15293.3500,15186.1000,15227.4000
2019-07-15,15516.2500,15697.4500,15406.2500,15662.0500
2019-07-16,15608.7500,15630.6000,15532.3000,15580.4500
2019-07-17,15602.7000,15708.8000,15508.9500,15675.9500
2019-07-18,15554.9000,15636.8500,15455.0500,15498.4500
2019-07-19,15520.7000,15611.6000,15363.0500,15383.6500
2019-07-22,15387.4500,15494.0500,15334.6000,15448.2500
2019-07-23,15497.5500,15645.7000,15467.7000,15493.4000
2019-07-24,15465.8000,15531.8500,15332.8500,15380.7500
2019-07-25,15383.1500,15510.6000,15343.0500,15474.6500
2019-07-26,15442.5000,15461.6500,15265.3500,15348.0500
2019-07-29,15365.1000,15528.1000,15297.0000,15400.8500
2019-07-30,15409.4500,15527.5000,15361.4500,15501.6500
2019-07-31,15437.6000,15649.1500,15303.7000,15620.2000
2019-08-01,14344.6000,14357.7500,14238.2000,14285.7000
2019-08-02,15277.6500,15461.0500,15208.8000,15422.1000
2019-08-03,15544.3500,15545.6500,15388.2000,15408.7000
2019-08-04,15982.8500,16061.3000,15857.1500,16028.2500
2019-08-05,15349.7000,15544.9000,15312.5500,15518.5500
2019-08-06,15479.2000,15636.5000,15434.2500,15514.8000
2019-08-07,15591.1500,15730.7000,15522.8500,15583.3500
2019-08-08,15677.4500,15919.2000,15654.4500,15867.9500
2019-08-09,15898.0000,15945.4000,15785.7500,15821.3500
2019-08-11,15646.4000,15658.1500,15355.7000,15383.3000
2019-08-13,15809.2500,15822.4000,15379.6000,15424.4000
2019-08-14,15467.3500,15518.4500,15298.5000,15466.2500
2019-08-16,15547.4000,15552.7000,15238.5500,15365.3500
2019-08-19,15420.0500,15514.9000,15396.0000,15415.1500
2019-08-20,15503.8000,15691.6500,15467.3500,15597.7500
2019-08-21,15598.5000,15680.0500,15562.0000,15578.1500
2019-08-22,15581.5000,15703.1500,15478.8000,15632.0000
2019-08-23,15647.6500,15872.8500,15639.4000,15816.6000
2019-08-26,15825.2500,15922.5500,15628.1000,15890.2000
2019-08-27,15817.3000,15833.5500,15631.5000,15675.3000
2019-08-28,15704.1000,15898.0000,15703.1000,15879.9000
2019-08-29,15774.6500,15943.3000,15754.9000,15884.5500
2019-08-30,15893.9000,16039.2500,15734.2000,16010.4000
2019-09-01,14417.2000,14495.7000,14162.2000,14326.0500
2019-09-03,16027.1000,16189.4500,15935.9000,15984.8500
2019-09-04,15985.7500,16090.8500,15944.4000,16032.5000
2019-09-05,16109.2000,16142.6500,15972.2000,16030.9500
2019-09-06,16139.9000,16218.8000,15991.0500,16034.5500
2019-09-07,15381.3500,15434.0000,15123.6000,15254.5000
2019-09-08,15898.0000,15945.4000,15785.7500,15821.3500
2019-09-09,16023.9500,16030.4500,15883.6000,15919.4000
2019-09-10,15305.1000,15317.1500,15051.3500,15128.7500
2019-09-11,15901.1500,15955.2000,15669.3000,15701.8000
2019-09-12,15674.3000,15725.7500,15525.1500,15583.2500
2019-09-13,15608.1000,15739.7000,15586.7000,15722.9000
2019-09-16,15774.4500,15854.1500,15602.6000,15743.1500
2019-09-17,15769.8500,15769.8500,15563.6000,15625.6500
2019-09-18,15649.0500,15731.0500,15584.1000,15702.3000
2019-09-19,15667.0000,15675.1500,15469.1000,15522.4500
2019-09-20,15541.5500,15742.5500,15434.1500,15491.0500
2019-09-23,15611.8000,15611.8000,14735.5500,15040.6500
2019-09-24,15055.0500,15380.3500,15055.0500,15338.6500
2019-09-25,15351.8500,15471.0000,15268.9000,15379.9000
2019-09-26,15374.5000,15456.8500,15208.4000,15312.9000
2019-09-27,15297.7000,15412.9000,15214.2000,15236.4000
2019-09-30,15277.1500,15568.4500,15259.8000,15540.1500
2019-10-01,15559.6500,15561.5000,15240.9500,15300.2500
2019-10-03,15318.8000,15417.2500,15228.9000,15277.9500
2019-10-04,15328.4000,15418.8000,15285.1500,15340.3000
2019-10-05,16117.6000,16146.3500,15911.9500,15949.6000
2019-10-06,16176.8500,16381.6500,16152.2000,16362.4000
2019-10-07,15077.0000,15322.7500,15045.1000,15168.6000
2019-10-09,15305.1000,15317.1500,15051.3500,15128.7500
2019-10-10,15124.8500,15235.6000,15034.6000,15093.8000
2019-10-11,14871.4500,15388.9500,14865.1000,15321.9000
2019-10-12,15120.0500,15123.3500,14903.2500,14946.5000
2019-10-14,15202.2000,15338.6000,15147.7000,15277.7500
2019-10-15,15254.4000,15281.4500,15191.0500,15208.4000
2019-10-16,15223.5000,15373.3500,15213.2000,15344.9000
2019-10-17,15257.9500,15313.9000,15160.2000,15281.9000
2019-10-18,15271.9500,15434.5500,15241.0000,15410.1000
2019-10-22,15033.3000,15085.4500,14659.4500,14688.6500
2019-10-23,14640.8500,14911.2000,14566.5500,14833.3500
2019-10-24,14956.6500,14970.3500,14756.5500,14781.5000
2019-10-25,14883.4000,14943.7500,14720.8500,14898.8500
2019-10-27,15012.4500,15058.4500,14916.0500,14956.4000
2019-10-29,14980.1500,15199.9000,14970.5000,15181.4000
2019-10-30,15343.7000,15419.6500,15212.7500,15395.6500
2019-10-31,15436.3000,15657.7500,15417.0000,15559.4000
2019-11-01,15575.3500,15636.3000,15411.8000,15471.2000
2019-11-02,16050.2000,16159.0500,16002.5000,16099.0500
2019-11-03,15432.9000,15500.7500,15349.6000,15388.5000
2019-11-04,16018.0000,16030.8500,15852.3000,15874.7500
2019-11-05,15613.1000,15613.1000,15422.8000,15533.4500
2019-11-06,16406.2500,16488.6500,16380.5000,16448.1000
2019-11-07,15256.5500,15258.3500,15060.9000,15214.2500
2019-11-08,15646.4000,15658.1500,15355.7000,15383.3000
2019-11-09,15901.1500,15955.2000,15669.3000,15701.8000
2019-11-10,14871.4500,15388.9500,14865.1000,15321.9000
2019-11-11,15343.2500,15354.0500,15228.8000,15308.5500
2019-11-12,14972.0000,15147.3500,14963.6500,15130.3000
2019-11-13,15307.9000,15374.0500,15192.3000,15240.9500
2019-11-14,15292.9000,15410.3000,15217.3000,15388.7500
2019-11-15,15425.0500,15471.1500,15287.1000,15310.6000
2019-11-18,15326.8000,15373.8500,15251.0000,15295.2500
2019-11-19,15318.6500,15371.8000,15256.8500,15304.8500
2019-11-20,15349.0500,15349.0500,15235.0000,15318.5000
2019-11-21,15353.7000,15435.4000,15279.4000,15293.9500
2019-11-22,15216.5500,15220.0500,14931.3500,14995.9000
2019-11-25,15002.2000,15112.9000,14950.9500,15100.6000
2019-11-26,15174.6500,15212.6500,14867.4500,14922.1500
2019-11-27,14957.5000,15049.0000,14946.5500,15022.1500
2019-11-28,15069.1500,15136.2000,15042.6500,15121.7500
2019-11-29,15132.9500,15147.2500,14964.2500,14998.0500
2019-12-02,15056.8500,15070.6500,14819.4000,14852.0000
2019-12-03,14870.9000,14956.4500,14808.4000,14920.7500
2019-12-04,14918.5000,15188.5500,14896.6000,15175.1500
2019-12-05,15164.1500,15385.4500,15101.8000,15367.5000
2019-12-06,15383.4500,15390.0500,15269.2500,15289.6000
2019-12-07,15227.6000,15293.3500,15186.1000,15227.4000
2019-12-09,15309.7000,15322.5500,15136.2500,15157.1500
2019-12-10,15120.0500,15123.3500,14903.2500,14946.5000
2019-12-11,14972.0000,15147.3500,14963.6500,15130.3000
2019-12-12,15151.1000,15184.1500,14890.6000,14972.6500
2019-12-13,14987.9000,15221.4500,14965.1500,15200.5500
2019-12-16,15263.7500,15446.2500,15223.1000,15348.7000
2019-12-17,15417.5500,15670.3500,15387.2000,15637.1500
2019-12-18,15680.5000,15835.8000,15649.1500,15710.6500
2019-12-19,15741.2000,15835.5000,15654.7000,15812.9500
2019-12-20,15811.9500,15890.9500,15781.2500,15844.5500
2019-12-23,15811.4000,15936.0000,15809.0500,15865.5000
2019-12-24,15877.4000,15880.1500,15739.4500,15778.2000
2019-12-26,15784.4500,15806.8500,15690.9500,15706.4500
2019-12-27,15740.4000,15824.1500,15657.5000,15780.7000
2019-12-30,15801.5000,15868.9500,15715.1000,15775.0000
2019-12-31,15754.0500,15775.2500,15634.5000,15652.4000
2020-01-01,15705.9000,15746.2500,15676.7000,15722.1500
2020-01-02,16138.6000,16319.7500,15968.5000,16282.6500
2020-01-03,15727.6000,16004.4500,15722.6500,15936.6000
2020-01-04,12680.5000,12690.6000,11989.6000,12045.8500
2020-01-06,14155.6500,14431.3500,14140.8500,14307.1000
2020-01-07,15893.3500,15988.7000,15799.8000,15895.2000
2020-01-08,15840.9000,15974.8500,15816.8000,15953.4500
2020-01-09,15970.6500,16017.2500,15857.2500,15925.1500
2020-01-10,20129.8000,20196.0500,20009.3000,20110.4000
2020-01-12,21921.1000,22216.4500,21814.4000,22170.8500
2020-01-13,16135.5000,16275.2000,16075.7500,16225.9000
2020-01-14,16238.1500,16385.9500,16226.9000,16362.3500
2020-01-15,16354.2000,16366.7500,16217.1000,16346.8500
2020-01-16,16372.1500,16423.8500,16277.2500,16381.6500
2020-01-17,16396.5000,16447.3500,16310.7500,16356.6000
2020-01-20,16389.6000,16465.0500,16162.5000,16207.1500
2020-01-21,16190.8000,16221.5000,16133.6000,16175.2000
2020-01-22,16245.9500,16404.6000,16211.8000,16334.5500
2020-01-23,16380.6000,16501.2000,16367.7500,16474.4000
2020-01-24,16410.5000,16498.7500,16356.9500,16472.7500
2020-01-27,16456.2000,16483.9000,16385.6500,16393.5500
2020-01-28,16442.8500,16448.0500,16320.6000,16429.7500
2020-01-29,16513.2000,16577.9500,16452.0000,16479.3000
2020-01-30,16509.0000,16514.1000,16287.7500,16327.9000
2020-01-31,16333.1500,16365.8000,16098.4500,16144.1500
2020-02-01,16138.6000,16319.7500,15968.5000,16282.6500
2020-02-03,15355.0500,15722.0000,15298.0000,15427.6500
2020-02-04,16174.8000,16377.4500,16155.8000,16350.8500
2020-02-05,16354.4500,16463.6000,16283.2500,16448.5500
2020-02-06,14358.0000,14492.3000,14269.7000,14422.4000
2020-02-07,14803.5000,15195.2000,14782.4500,15122.5500
2020-02-09,17860.6500,18114.8500,17858.3000,18076.9500
2020-02-10,16481.5000,16522.4000,16306.2500,16431.9000
2020-02-11,20964.1500,21012.4500,20669.3500,20732.3000
2020-02-12,22149.3500,22371.5500,21961.4500,22319.0000
2020-02-13,16578.7500,16696.8500,16513.7500,16673.0500
2020-02-14,16682.3000,16828.2000,16624.2500,16642.7500
2020-02-17,16707.6500,16737.6500,16596.2000,16647.7000
2020-02-18,16586.9000,16773.2000,16526.4000,16748.7500
2020-02-19,16796.4000,16882.4500,16754.2500,16772.4500
2020-02-20,16826.3000,16843.6500,16623.9000,16649.4000
2020-02-24,16642.7500,16749.2500,16416.8500,16461.8000
2020-02-25,16490.4000,16642.4000,16443.2500,16562.5000
2020-02-26,16497.1500,16539.2500,16297.2500,16332.2500
2020-02-27,16244.9500,16258.6500,16053.7000,16123.8000
2020-02-28,15726.1500,15788.4500,15156.8000,15212.9500
2020-03-01,15727.6000,16004.4500,15722.6500,15936.6000
2020-03-02,15355.0500,15722.0000,15298.0000,15427.6500
2020-03-03,15615.0500,15793.1000,15495.7000,15723.2000
2020-03-04,12129.8500,12146.9500,11621.2000,11680.0500
2020-03-05,15912.0500,16150.6000,15841.1000,15871.3500
2020-03-06,15607.3500,15699.9500,15443.0000,15663.4500
2020-03-07,15164.2500,15336.8500,15148.5000,15285.9000
2020-03-08,18099.4000,18140.8500,17840.3000,17965.8000
2020-03-09,15333.5500,15371.0000,14705.4000,14854.9000
2020-03-11,14524.1500,14823.8000,14356.1000,14681.4000
2020-03-12,14177.4000,14231.9500,13317.6500,13384.8000
2020-03-13,12561.9500,13835.3500,11624.8500,13539.1000
2020-03-16,12963.7000,13078.6500,12355.1500,12451.3500
2020-03-17,12517.5000,12677.2000,11999.5500,12099.2500
2020-03-18,12287.8000,12451.1000,11643.9000,11753.0000
2020-03-19,11183.9500,11698.3000,10991.2500,11340.0000
2020-03-20,11382.4000,12710.5500,11363.5000,12363.4000
2020-03-23,11328.2500,11602.4500,11108.6500,11179.6000
2020-03-24,11159.7500,12053.8000,11159.3000,11865.0500
2020-03-25,11856.9000,12514.2500,11657.2500,12233.3500
2020-03-26,12496.9500,12751.5500,12306.3500,12535.6000
2020-03-27,12778.1500,12949.6000,12403.8500,12569.1000
2020-03-30,12152.9500,12774.6000,12152.9500,12318.8000
2020-03-31,12681.7500,12930.8000,12466.6000,12763.6500
2020-04-01,12680.5000,12690.6000,11989.6000,12045.8500
2020-04-02,16174.8000,16377.4500,16155.8000,16350.8500
2020-04-03,12129.8500,12146.9500,11621.2000,11680.0500
2020-04-05,13646.1000,13700.2500,13424.3500,13454.2500
2020-04-06,14380.8500,14695.1000,14380.8500,14627.4500
2020-04-07,12147.0000,12647.4000,12132.3000,12588.9500
2020-04-08,18029.4000,18092.0000,17716.4000,17808.0000
2020-04-09,18049.2000,18259.8000,18012.8000,18073.9500
2020-04-11,20769.9000,21468.4500,20765.8000,21104.5500
2020-04-12,22222.2500,22347.8500,22130.3000,22309.8000
2020-04-13,12698.8500,12795.7000,12527.1500,12603.1000
2020-04-15,12792.4500,12951.4000,12661.0000,12702.6000
2020-04-16,12430.3000,12605.4000,12205.9000,12463.6000
2020-04-17,12878.3500,12992.0500,12596.6500,12649.2500
2020-04-20,12812.6000,12937.9500,12742.5500,12847.6500
2020-04-21,12513.6500,12632.5000,12375.8000,12408.8500
2020-04-22,12393.9000,12619.4500,12322.9500,12571.3000
2020-04-23,12639.8000,13199.7500,12596.6000,13128.2000
2020-04-24,13001.9000,13101.4000,12792.9000,12816.2000
2020-04-27,12957.3500,13248.9500,12928.0500,13121.1500
2020-04-28,13301.9500,13317.2000,13067.7500,13133.6500
2020-04-29,13250.6000,13470.8000,13144.8000,13424.9500
2020-04-30,13841.6000,14212.1000,13750.2500,14108.3500
2020-05-02,16354.4500,16463.6000,16283.2500,16448.5500
2020-05-03,15912.0500,16150.6000,15841.1000,15871.3500
2020-05-04,13646.1000,13700.2500,13424.3500,13454.2500
2020-05-05,13637.8000,13667.8500,13351.4500,13388.0000
2020-05-06,13437.3000,13580.0500,13262.2500,13394.7000
2020-05-07,13408.0000,13489.5500,13268.4000,13292.7000
2020-05-08,17889.5500,18139.2500,17818.1500,17869.8000
2020-05-10,20375.9000,20940.9000,20341.4500,20809.0000
2020-05-11,21383.7000,21596.0000,21284.6000,21385.6500
2020-05-12,13537.1500,13733.5000,13480.7500,13687.7500
2020-05-13,13960.3500,13960.3500,13612.8000,13776.9500
2020-05-14,13396.0500,13483.7000,13246.8000,13293.7000
2020-05-15,13375.4500,13375.8000,13108.4000,13196.3500
2020-05-18,13278.2500,13408.8000,13109.9500,13314.4000
2020-05-19,13272.3500,13524.2000,13197.6000,13446.6000
2020-05-20,13443.5000,13556.9000,13362.5500,13517.3500
2020-05-21,13495.4000,13732.0000,13468.5000,13647.9000
2020-05-22,13622.2500,13902.8000,13571.6500,13842.6500
2020-05-26,13860.8500,13930.8500,13522.9500,13574.9500
2020-05-27,13667.1500,14017.0500,13488.1000,13952.9000
2020-05-28,13964.9000,14068.3000,13759.1500,14028.6000
2020-05-29,13893.4000,14080.5500,13762.9500,14010.5000
2020-06-01,14155.6500,14431.3500,14140.8500,14307.1000
2020-06-02,14358.0000,14492.3000,14269.7000,14422.4000
2020-06-03,15607.3500,15699.9500,15443.0000,15663.4500
2020-06-04,14380.8500,14695.1000,14380.8500,14627.4500
2020-06-05,14715.9000,14732.8500,14599.7500,14627.4500
2020-06-07,15351.7000,15580.5000,15351.7000,15464.9500
2020-06-08,18009.7000,18222.8000,17943.8500,18188.7500
2020-06-09,14869.4000,14983.2000,14712.3000,14737.8000
2020-06-10,14774.8000,14882.6000,14690.9000,14842.0500
2020-06-11,21435.1500,21582.2000,21251.5500,21492.2500
2020-06-12,14125.8000,14442.6500,14123.5500,14402.7500
2020-06-15,14444.2500,14571.9500,14238.0500,14396.7000
2020-06-16,14634.0000,14667.4000,14375.5000,14450.8000
2020-06-17,14418.8000,14559.5500,14382.9500,14478.4500
2020-06-18,14478.6500,14623.9500,14443.0000,14551.2500
2020-06-19,14532.7000,14625.8000,14422.4500,14499.8000
2020-06-22,14537.8000,14550.3500,14432.4500,14463.6500
2020-06-23,14398.4500,14725.4000,14320.7000,14680.4000
2020-06-24,14675.7000,14761.2000,14547.2000,14581.4500
2020-06-25,14486.4000,14590.5000,14383.6000,14411.2000
2020-06-26,14496.7000,15086.0000,14476.4500,14994.6500
2020-06-29,14874.2000,14979.2000,14737.4500,14768.0000
2020-06-30,14812.7000,14854.4000,14692.4500,14754.3000
2020-07-01,14767.3500,14842.8500,14704.5000,14732.1000
2020-07-02,16453.0000,16493.2500,16382.4000,16470.1500
2020-07-03,15164.2500,15336.8500,15148.5000,15285.9000
2020-07-04,12147.0000,12647.4000,12132.3000,12588.9500
2020-07-05,13408.0000,13489.5500,13268.4000,13292.7000
2020-07-06,15351.7000,15580.5000,15351.7000,15464.9500
2020-07-07,15528.0500,15806.8500,15440.1000,15784.9500
2020-07-08,15765.0000,15765.0500,15473.5000,15513.6500
2020-07-09,15572.3500,15663.4500,15468.4000,15535.9500
2020-07-10,15471.7000,15656.0500,15417.5000,15565.2000
2020-07-12,22333.3000,22482.9000,22271.0000,22440.8500
2020-07-13,15643.1000,15885.5500,15624.8000,15819.2000
2020-07-14,15779.5000,15941.6500,15611.8500,15640.5500
2020-07-15,15853.8000,16624.6500,15830.5000,16459.8000
2020-07-16,16971.2500,17491.1500,16715.7500,16926.0500
2020-07-17,16936.9500,16975.2000,16693.3500,16821.3500
2020-07-20,16880.3500,17376.1500,16849.1500,17258.3000
2020-07-21,17453.3500,17514.0500,17219.7000,17273.2000
2020-07-22,17317.3000,17321.7000,16978.4000,17076.0500
2020-07-23,17071.8000,17082.5500,16949.1500,17045.2000
2020-07-24,16944.5500,17322.7000,16944.5500,17286.0000
2020-07-27,17323.0000,17735.6500,17290.5500,17626.7500
2020-07-28,17647.9000,18103.6500,17634.4000,18042.7500
2020-07-29,17959.8000,18108.7000,17783.3000,17880.5000
2020-07-30,17995.2500,18252.7000,17967.2000,18003.5500
2020-07-31,18166.3000,18353.5000,17909.3000,18071.8500
2020-08-01,15840.9000,15974.8500,15816.8000,15953.4500
2020-08-03,18099.4000,18140.8500,17840.3000,17965.8000
2020-08-04,18029.4000,18092.0000,17716.4000,17808.0000
2020-08-05,17889.5500,18139.2500,17818.1500,17869.8000
2020-08-06,18009.7000,18222.8000,17943.8500,18188.7500
2020-08-07,15765.0000,15765.0500,15473.5000,15513.6500
2020-08-09,18304.2500,18671.7500,18213.5500,18395.7500
2020-08-10,21531.8500,22169.3000,21501.9500,21697.2500
2020-08-11,18202.5000,18331.6500,18036.5000,18057.1000
2020-08-12,18077.1500,18109.8000,17900.0000,18066.0000
2020-08-13,18141.3500,18344.0500,18032.9000,18107.2000
2020-08-14,18137.3000,18230.1000,17994.6500,18022.6500
2020-08-17,18136.6500,18306.9500,18103.3000,18223.6000
2020-08-18,18318.6000,18375.1500,18209.5500,18270.3500
2020-08-19,18340.0000,18354.8000,18187.5500,18210.8500
2020-08-20,18181.4000,18252.3000,18083.2500,18126.1000
2020-08-21,18266.9000,18282.5500,18047.9500,18065.3000
2020-08-24,18092.5500,18112.9000,17915.6000,18010.9500
2020-08-25,18028.8000,18047.5000,17914.5000,17973.7000
2020-08-26,18022.7000,18156.1500,17940.7000,18128.0000
2020-08-27,18231.9500,18305.5500,18075.7500,18102.6500
2020-08-28,18216.3000,18253.6000,18093.4500,18122.0000
2020-08-31,18163.2500,18426.4000,17791.8500,17928.8500
2020-09-01,15970.6500,16017.2500,15857.2500,15925.1500
2020-09-02,17860.6500,18114.8500,17858.3000,18076.9500
2020-09-03,15333.5500,15371.0000,14705.4000,14854.9000
2020-09-04,18049.2000,18259.8000,18012.8000,18073.9500
2020-09-06,14869.4000,14983.2000,14712.3000,14737.8000
2020-09-07,18093.0500,18208.9500,17962.3500,18176.8000
2020-09-08,18304.2500,18671.7500,18213.5500,18395.7500
2020-09-09,18264.2000,18439.5500,18193.4500,18261.5000
2020-09-10,21703.4500,21922.7500,21540.6500,21837.6000
2020-09-11,21751.6500,21926.9000,21620.5500,21820.1500
2020-09-12,22799.9500,22895.5000,22720.5000,22803.4500
2020-09-14,18804.8500,19592.3000,18799.5500,19505.1000
2020-09-15,19511.5000,19823.0000,19392.3500,19627.3000
2020-09-16,19642.3000,19802.4000,19533.7000,19770.3500
2020-09-17,19660.4500,20014.6500,19605.0500,19817.7000
2020-09-18,19889.9500,20067.7000,19777.7500,19827.0500
2020-09-21,19855.5500,20331.6000,19683.8500,19728.9500
2020-09-22,19813.3500,20113.4000,19376.7000,19866.1000
2020-09-23,20016.8000,20226.3000,19615.1500,19805.6500
2020-09-24,19630.3000,19658.0000,18914.7000,18973.0000
2020-09-25,19108.7500,19678.5000,19077.8500,19629.3500
2020-09-28,19774.7500,19836.9500,19463.6500,19783.0000
2020-09-29,19891.0500,20146.3500,19782.3500,19831.8000
2020-09-30,19880.6000,20048.5500,19741.6500,19951.3000
2020-10-01,20129.8000,20196.0500,20009.3000,20110.4000
2020-10-02,16481.5000,16522.4000,16306.2500,16431.9000
2020-10-05,20375.9000,20940.9000,20341.4500,20809.0000
2020-10-06,14774.8000,14882.6000,14690.9000,14842.0500
2020-10-07,15471.7000,15656.0500,15417.5000,15565.2000
2020-10-08,21531.8500,22169.3000,21501.9500,21697.2500
2020-10-09,21703.4500,21922.7500,21540.6500,21837.6000
2020-10-11,21633.1000,21633.1000,20862.7000,20978.5000
2020-10-12,21990.8500,22320.0000,21845.0500,22202.1000
2020-10-13,22230.2000,22619.0000,22186.0500,22492.6000
2020-10-14,22475.8500,22490.3000,22129.9500,22204.0500
2020-10-15,22473.6500,22570.5000,21364.1500,21567.3000
2020-10-16,21638.2500,21908.8000,21247.5500,21538.1500
2020-10-19,21683.8000,21683.8000,21354.9000,21391.9000
2020-10-20,21397.5000,21779.8000,21346.0500,21694.3500
2020-10-21,21757.0500,21892.3000,21406.1000,21577.6500
2020-10-22,21480.7000,21767.0500,21290.4500,21413.5000
2020-10-23,21546.6500,21621.6000,21385.1500,21523.6000
2020-10-26,21493.3000,21595.8000,21148.6500,21265.7000
2020-10-27,21287.1000,21371.6000,20932.7000,21023.4000
2020-10-28,21121.9000,21194.7500,20701.0000,20810.3000
2020-10-29,20667.7000,20961.0500,20548.3000,20876.9500
2020-10-30,20912.9500,21197.3000,20797.5000,20916.8500
2020-11-02,16482.4000,16512.1000,16409.1500,16452.3000
2020-11-03,14524.1500,14823.8000,14356.1000,14681.4000
2020-11-04,20769.9000,21468.4500,20765.8000,21104.5500
2020-11-05,13521.6000,13763.8000,13489.2500,13593.5500
2020-11-06,14823.9500,14840.6500,14585.4500,14619.4500
2020-11-08,18202.5000,18331.6500,18036.5000,18057.1000
2020-11-09,18347.6500,18740.8500,18338.1000,18633.2500
2020-11-10,21633.1000,21633.1000,20862.7000,20978.5000
2020-11-11,21029.2500,21365.6500,20967.8000,21330.4500
2020-11-12,21380.2000,21610.0500,21291.7000,21363.3500
2020-11-13,21305.3500,21462.0000,21219.8000,21436.8500
2020-11-14,21604.4000,21618.9000,21532.8500,21552.7500
2020-11-17,21704.0500,21706.2000,21361.4500,21488.5500
2020-11-18,21519.1500,21557.1000,21153.8500,21314.8500
2020-11-19,21285.7500,21451.8000,21070.2500,21114.4500
2020-11-20,21275.3500,21500.6500,21121.7500,21409.2500
2020-11-23,21551.8500,22047.0500,21432.6500,22007.0500
2020-11-24,22099.6000,22281.8500,22016.9500,22064.3000
2020-11-25,22087.9000,22132.9000,21675.9000,21705.9000
2020-11-26,21717.4000,21919.1500,21544.0500,21859.9000
2020-11-27,21879.1500,21972.9500,21701.3000,21764.9000
2020-12-01,21921.1000,22216.4500,21814.4000,22170.8500
2020-12-02,22149.3500,22371.5500,21961.4500,22319.0000
2020-12-03,22458.7500,22458.8000,22147.3000,22202.2000
2020-12-04,22222.2500,22347.8500,22130.3000,22309.8000
2020-12-05,13537.1500,13733.5000,13480.7500,13687.7500
2020-12-06,14125.8000,14442.6500,14123.5500,14402.7500
2020-12-07,22333.3000,22482.9000,22271.0000,22440.8500
2020-12-08,22484.3500,22737.9500,22387.3500,22617.3500
2020-12-09,22799.9500,22895.5000,22720.5000,22803.4500
2020-12-10,21990.8500,22320.0000,21845.0500,22202.1000
2020-12-11,22754.5000,22901.7500,22541.1000,22664.0000
2020-12-14,22786.0000,22792.4500,22487.3000,22746.7000
2020-12-15,22656.3500,22779.7000,22608.3500,22715.1000
2020-12-16,22830.4000,22933.8000,22701.5500,22906.2500
2020-12-17,22913.1500,22960.5000,22835.4000,22892.2500
2020-12-18,23173.1500,23416.5000,23148.5000,23256.5500
2020-12-21,23233.5000,23506.7000,22458.1500,22844.6000
2020-12-22,22921.8500,23680.9000,22745.2500,23611.6000
2020-12-23,23787.8000,24228.8000,23758.4000,24167.7500
2020-12-24,24163.2000,24163.2000,23828.0500,24009.2500
2020-12-28,24065.4000,24192.0500,24037.8000,24100.3000
2020-12-29,24093.0500,24424.2000,24090.3000,24274.0500
2020-12-30,24312.5000,24394.7500,24176.2500,24330.0500
2020-12-31,24255.9500,24295.2000,24137.8000,24251.3500
2021-01-01,24300.2000,24500.7000,24288.9500,24456.1000
2021-01-02,24709.2500,25139.1500,24308.9000,24922.7000
2021-01-03,24494.6500,24846.1000,24451.4500,24556.3000
2021-01-04,26039.8500,26289.1000,25855.3500,25980.4000
2021-01-05,25057.6500,25824.1500,25029.8500,25769.1500
2021-01-06,27216.7500,27254.1500,26953.5000,27144.4000
2021-01-07,29193.0500,29193.0500,28953.0500,29003.1000
2021-01-08,25558.3000,26227.5000,25523.7500,26162.4000
2021-01-09,34698.7500,34780.0000,34037.1500,34110.5000
2021-01-10,34955.5000,35100.9000,34719.8000,34780.6000
2021-01-11,34677.3000,35328.5500,34654.9500,35289.9500
2021-01-12,27008.0000,27127.2500,26805.0000,26982.1000
2021-01-13,27077.7000,27103.9000,26737.4000,27004.3000
2021-01-14,26804.6500,27176.5000,26245.1000,26965.5500
2021-01-15,26939.7000,27037.6500,26301.4000,26362.8000
2021-01-18,26395.6000,26423.6000,25830.4000,25916.2500
2021-01-19,26080.1000,26254.0500,25987.3000,26043.5000
2021-01-20,26147.2000,26758.1000,26142.9500,26619.7000
2021-01-21,26808.5000,26872.9500,26321.8000,26450.1500
2021-01-22,26316.5500,26667.5500,26292.8000,26489.7500
2021-01-25,26607.6500,26685.8000,25911.8000,26023.3000
2021-01-27,26073.1000,26236.5500,25628.7000,25865.3000
2021-01-28,25639.9000,25807.6500,25239.7000,25301.2500
2021-01-29,25516.8000,25539.8500,24559.6500,24645.7500
2021-02-01,24709.2500,25139.1500,24308.9000,24922.7000
2021-02-02,25277.4500,25574.7500,25107.2000,25447.8000
2021-02-03,25590.0500,25949.7000,25341.4000,25680.9000
2021-02-04,25749.7000,25862.5000,25505.2500,25570.0500
2021-02-05,25689.7000,25733.5000,25188.4000,25331.6000
2021-02-06,27051.4000,27118.7000,26737.1500,26939.6500
2021-02-07,28983.5000,29028.3500,28704.0000,29007.9500
2021-02-08,30681.9500,30832.3000,30547.0000,30803.0000
2021-02-09,34218.2500,34846.9000,34051.9000,34680.3000
2021-02-10,25779.9000,25941.0500,25570.2000,25885.3000
2021-02-11,25860.8500,26080.1500,25795.8500,26043.4500
2021-02-12,35504.8000,36195.6500,35418.2500,36157.8500
2021-02-15,26243.1000,26279.3000,25959.1000,26001.1000
2021-02-16,26130.4000,26167.8500,25519.9500,25613.9500
2021-02-17,25610.4000,25672.2500,25234.7000,25282.9500
2021-02-18,25270.9500,25686.8500,25262.6500,25618.5500
2021-02-19,25634.9500,25676.0000,25292.6500,25503.2000
2021-02-22,25579.7500,25617.3500,24646.4500,24766.4500
2021-02-23,24933.7000,25199.6000,24709.1500,24807.8000
2021-02-24,24814.5500,24872.3500,24518.7000,24779.4000
2021-02-25,24979.0000,25199.8000,24830.7000,24872.4500
2021-02-26,24611.2000,24689.0000,24212.8000,24301.4500
2021-03-01,24494.6500,24846.1000,24451.4500,24556.3000
2021-03-02,25590.0500,25949.7000,25341.4000,25680.9000
2021-03-03,25582.6000,25814.9000,25331.4000,25772.6500
2021-03-04,25471.7000,25981.3500,25450.4500,25631.8500
2021-03-05,25544.8500,25785.6000,25427.9000,25676.0500
2021-03-06,27088.4500,27159.9500,26855.2000,26987.9000
2021-03-08,30974.7500,31196.4500,30872.3500,31165.8500
2021-03-09,25388.8000,25685.8000,25095.3500,25582.3500
2021-03-10,25862.0500,26136.5500,25782.3000,26010.1000
2021-03-11,35351.4500,35525.7500,35093.0500,35177.1000
2021-03-12,26060.4500,26298.0000,25819.9000,25888.2500
2021-03-15,25859.1500,26094.1500,25651.8000,26032.0500
2021-03-16,26132.4500,26602.6500,26111.1000,26363.8500
2021-03-17,26378.2000,26657.1000,26113.7500,26183.5000
2021-03-18,26365.9000,26395.9500,25012.5000,25373.3500
2021-03-19,25273.3500,25687.4000,25028.3000,25562.7500
2021-03-22,25649.0500,26102.8000,25418.4500,26035.3500
2021-03-23,26105.7000,26315.8000,25928.0000,26105.7000
2021-03-24,25863.5500,26114.6000,25738.1500,25802.9500
2021-03-25,25739.8000,25766.0000,25131.4000,25237.1000
2021-03-26,25475.3000,25687.0500,25276.6000,25385.1000
2021-03-30,25531.1000,26306.6500,25429.2000,26121.1000
2021-03-31,26130.6000,26130.6000,25788.0000,25855.0000
2021-04-01,26039.8500,26289.1000,25855.3500,25980.4000
2021-04-02,25749.7000,25862.5000,25505.2500,25570.0500
2021-04-03,25471.7000,25981.3500,25450.4500,25631.8500
2021-04-05,25783.2000,25801.2500,25398.9500,25489.0000
2021-04-06,26715.2000,26715.2000,26403.4500,26532.2000
2021-04-07,26514.9500,26899.2000,26401.7000,26831.0000
2021-04-08,31296.8000,31338.8000,30895.4500,30977.1000
2021-04-09,27322.0500,27520.1000,27109.9500,27367.0500
2021-04-10,34923.8000,35184.5500,34778.2500,35126.1500
2021-04-11,35403.0000,35452.3500,35302.4500,35334.2500
2021-04-12,27504.4000,27524.6000,26545.6500,26727.8000
2021-04-13,26737.7000,26759.2000,25513.4000,25851.3000
2021-04-15,25577.0000,26084.1500,25293.3000,26010.8500
2021-04-16,26183.4500,26476.6500,26131.2000,26324.9000
2021-04-19,26012.4000,26524.6500,25875.9000,26236.9000
2021-04-20,26495.6000,26496.5000,25736.4500,25877.6000
2021-04-22,25902.6000,26055.0000,25718.6000,25826.7000
2021-04-23,25746.4500,25926.0500,25531.9500,25609.1000
2021-04-26,25633.1000,25887.1000,25521.2000,25680.3000
2021-04-27,25737.2000,25871.4500,25686.9500,25815.7500
2021-04-28,25952.6500,25992.5000,25781.1500,25962.1000
2021-04-29,26162.2000,26162.2000,25827.1500,25874.3000
2021-04-30,25777.7500,26154.3000,25593.9000,25664.4500
2021-05-01,25057.6500,25824.1500,25029.8500,25769.1500
2021-05-02,25689.7000,25733.5000,25188.4000,25331.6000
2021-05-03,25544.8500,25785.6000,25427.9000,25676.0500
2021-05-04,26035.5000,26630.8000,25978.9500,26491.3500
2021-05-05,25670.5500,25857.6500,25564.6000,25786.9500
2021-05-06,25868.2500,26387.6500,25639.6000,26258.7000
2021-05-07,26378.8000,26454.1000,26180.2500,26269.4500
2021-05-08,31025.1500,31560.2000,30980.9000,31211.2000
2021-05-10,26340.6000,26390.8000,26106.3500,26273.4500
2021-05-11,26098.9000,26146.5000,25968.1000,26106.7000
2021-05-12,26105.2000,26105.2000,25728.4500,25855.4500
2021-05-14,25896.2000,25901.2000,25461.9500,25588.2000
2021-05-17,25650.4500,25770.5000,25499.4500,25703.5500
2021-05-18,25898.9000,26094.1000,25840.5500,25958.2500
2021-05-19,25949.5500,26262.7000,25869.6500,25982.8000
2021-05-20,26075.4000,26118.2500,25821.5500,25894.4500
2021-05-21,26012.8500,26154.0000,25936.6000,26105.3000
2021-05-24,26150.6000,26298.5500,26095.4000,26144.2000
2021-05-25,26275.4500,26550.5500,26241.1500,26393.9000
2021-05-26,26450.7000,26905.7500,26380.5000,26857.3000
2021-05-27,26921.8000,27350.2500,26916.8500,27164.8000
2021-05-28,27238.1000,27278.7000,27041.9000,27122.8000
2021-05-31,27144.1000,27203.9000,26886.8000,27115.0500
2021-06-01,25841.3000,26036.7000,25240.5000,25419.1500
2021-06-02,27051.4000,27118.7000,26737.1500,26939.6500
2021-06-03,27088.4500,27159.9500,26855.2000,26987.9000
2021-06-04,26715.2000,26715.2000,26403.4500,26532.2000
2021-06-05,25868.2500,26387.6500,25639.6000,26258.7000
2021-06-07,27078.4000,27330.4000,26997.8000,27295.6500
2021-06-08,27400.8000,27732.3500,27376.9500,27623.8000
2021-06-09,34992.0500,35464.4000,34855.9500,35415.1000
2021-06-10,35689.5500,35801.5000,35003.0500,35075.8000
2021-06-11,27866.2500,28347.5000,27820.5000,28217.5000
2021-06-12,35835.4500,35953.7500,34828.1500,34879.4000
2021-06-14,28371.9000,28467.3500,28134.6500,28314.1000
2021-06-15,28384.7000,28544.6000,28325.9000,28377.8500
2021-06-16,28384.1500,28600.2000,28241.2500,28448.8500
2021-06-17,28355.1500,28714.6000,28343.0500,28611.3500
2021-06-18,28829.5000,28934.0500,28227.5500,28445.6000
2021-06-21,28224.1000,28393.0500,28083.7500,28367.0000
2021-06-22,28514.1500,28656.4000,28396.5000,28523.5500
2021-06-23,28719.6500,28719.6500,28229.3500,28258.5000
2021-06-24,28395.4500,29098.9500,28357.3000,29048.0000
2021-06-25,29176.7500,29284.0000,28874.6000,29210.5500
2021-06-28,29259.6000,29259.6000,28977.7500,29068.5500
2021-06-29,29049.6500,29183.8500,28934.1500,28986.2500
2021-06-30,29057.1500,29311.5500,29036.9500,29168.0000
2021-07-01,25692.0500,25702.3000,25131.9000,25251.2000
2021-07-02,28983.5000,29028.3500,28704.0000,29007.9500
2021-07-04,26514.9500,26899.2000,26401.7000,26831.0000
2021-07-05,26378.8000,26454.1000,26180.2500,26269.4500
2021-07-06,28924.0000,28986.1000,28607.6000,28649.4000
2021-07-07,28708.6000,28790.3000,28381.3000,28734.6500
2021-07-08,28821.7500,28934.4500,28541.9500,28748.9500
2021-07-09,28669.2000,28898.8500,28549.2500,28662.2000
2021-07-10,35323.6000,35903.9500,35233.3000,35703.8500
2021-07-12,28837.0500,28854.5500,28421.5500,28532.3500
2021-07-13,28674.7000,28681.2000,28381.9000,28439.7500
2021-07-14,28581.2500,29376.9000,28534.8500,29339.8500
2021-07-15,29303.3500,29835.9000,29284.8000,29718.0500
2021-07-16,29734.7500,29734.7500,29287.2500,29400.2500
2021-07-19,29248.3000,29592.3500,29167.3500,29264.0000
2021-07-20,29282.8000,29410.5000,28992.0000,29252.5000
2021-07-22,29335.7000,29808.4500,29335.7000,29779.9500
2021-07-23,29895.6000,30059.7000,29848.0500,29894.3000
2021-07-26,29886.2000,30139.2000,29859.6000,29940.4000
2021-07-27,29967.9000,30048.3500,29698.9500,29892.5500
2021-07-28,29934.0500,29993.5500,29510.3500,29954.1500
2021-07-29,30037.2000,30406.0000,30037.1000,30371.4000
2021-07-30,30546.8500,30818.5500,30438.3500,30480.0500
2021-08-01,25558.3000,26227.5000,25523.7500,26162.4000
2021-08-02,30681.9500,30832.3000,30547.0000,30803.0000
2021-08-03,25368.2000,25549.3000,25259.6000,25347.9500
2021-08-04,31296.8000,31338.8000,30895.4500,30977.1000
2021-08-05,31025.1500,31560.2000,30980.9000,31211.2000
2021-08-06,31251.2000,31460.3000,31057.6000,31303.3000
2021-08-07,28821.7500,28934.4500,28541.9500,28748.9500
2021-08-09,31523.5000,31685.4000,31324.7500,31441.0000
2021-08-10,31489.9500,31812.7500,31431.1500,31713.3500
2021-08-11,31767.9000,31799.7500,31522.4000,31670.0000
2021-08-12,35584.8000,36131.9500,35576.8500,35959.0500
2021-08-13,32308.8500,32821.9000,32264.1500,32678.8000
2021-08-16,32671.7500,32905.3500,32438.2500,32577.9500
2021-08-17,32614.0000,33487.1000,32449.6500,33414.7500
2021-08-18,33482.8500,33840.4500,33268.6000,33448.9000
2021-08-20,32954.2000,33652.4000,32949.9000,33351.3500
2021-08-23,33582.1500,34153.4000,33567.3500,33919.8000
2021-08-24,34145.2500,34262.6000,33634.7500,33838.4000
2021-08-25,33887.7500,34399.8500,33764.1000,34083.9500
2021-08-26,34092.9000,34375.9500,33929.7000,34041.1000
2021-08-27,34036.4500,34392.8500,33799.0500,34309.8000
2021-08-30,34338.7500,34480.1500,34027.5000,34109.2000
2021-08-31,34205.8000,34680.6500,34043.6000,34570.2000
2021-09-01,34698.7500,34780.0000,34037.1500,34110.5000
2021-09-02,25933.8000,26301.2000,25659.9000,25779.1500
2021-09-03,25388.8000,25685.8000,25095.3500,25582.3500
2021-09-04,27322.0500,27520.1000,27109.9500,27367.0500
2021-09-06,34992.0500,35464.4000,34855.9500,35415.1000
2021-09-07,28669.2000,28898.8500,28549.2500,28662.2000
2021-09-08,31523.5000,31685.4000,31324.7500,31441.0000
2021-09-09,34676.2000,34862.8500,34530.0000,34802.3000
2021-09-11,35839.2000,36117.9500,35763.8500,35815.1000
2021-09-12,35963.7000,36114.0000,35573.3500,35946.3500
2021-09-13,34688.3000,35242.5000,34573.7000,35129.6000
2021-09-14,35224.2500,35476.9000,35020.7000,35431.5000
2021-09-15,35462.3500,36200.0000,35375.3500,36075.2000
2021-09-16,36151.3500,36310.7500,35694.8500,35852.4000
2021-09-17,35915.4000,36131.2500,35527.0000,35646.5000
2021-09-20,35462.4000,36130.5500,35346.2000,35400.0500
2021-09-21,35609.1000,36127.8000,35332.8500,36086.0500
2021-09-22,36154.0500,36713.1500,36145.9500,36422.4000
2021-09-23,36691.9500,36867.4500,36532.4500,36816.9000
2021-09-24,37128.7500,37823.1500,37055.0000,37103.2500
2021-09-27,37335.9000,37345.0500,35968.7500,36034.4000
2021-09-28,36082.0000,36082.0000,34924.5500,35239.9500
2021-09-29,34894.9000,35578.3000,34733.9500,35282.6500
2021-09-30,35394.9000,35408.1000,34975.6000,35028.0000
2021-10-01,34955.5000,35100.9000,34719.8000,34780.6000
2021-10-02,25779.9000,25941.0500,25570.2000,25885.3000
2021-10-03,25862.0500,26136.5500,25782.3000,26010.1000
2021-10-04,34923.8000,35184.5500,34778.2500,35126.1500
2021-10-05,26340.6000,26390.8000,26106.3500,26273.4500
2021-10-06,35689.5500,35801.5000,35003.0500,35075.8000
2021-10-07,35323.6000,35903.9500,35233.3000,35703.8500
2021-10-08,35920.5500,36703.5500,35786.3000,36402.0000
2021-10-11,35635.0500,35862.4500,35576.2000,35722.9500
2021-10-12,35179.2000,35294.1500,34512.8000,34869.7500
2021-10-13,35053.7000,35324.4500,34872.4000,35285.6000
2021-10-14,35921.4500,36412.4500,35571.4000,35744.8000
2021-10-18,36012.0000,36400.6000,35863.4000,36306.3500
2021-10-19,36841.6000,37491.8500,36720.0000,37106.3500
2021-10-20,37188.1500,37463.9000,36534.5000,36846.8000
2021-10-21,36988.9000,36988.9000,35624.5000,35913.6000
2021-10-22,35892.6500,36297.2000,35098.2000,35394.6500
2021-10-25,35467.1000,35521.0500,34529.8500,35005.4000
2021-10-26,35181.7000,35699.8500,34957.7500,35162.3500
2021-10-27,35245.0500,35578.0000,35163.0500,35503.9000
2021-10-28,35575.6500,35575.6500,34787.1000,34913.6000
2021-10-29,34820.3000,35178.7500,34288.5500,34408.7500
2021-11-01,34677.3000,35328.5500,34654.9500,35289.9500
2021-11-02,25860.8500,26080.1500,25795.8500,26043.4500
2021-11-03,35351.4500,35525.7500,35093.0500,35177.1000
2021-11-04,35403.0000,35452.3500,35302.4500,35334.2500
2021-11-05,26098.9000,26146.5000,25968.1000,26106.7000
2021-11-06,27866.2500,28347.5000,27820.5000,28217.5000
2021-11-08,31767.9000,31799.7500,31522.4000,31670.0000
2021-11-09,35839.2000,36117.9500,35763.8500,35815.1000
2021-11-10,35494.4000,35690.4000,34768.9500,35179.9500
2021-11-11,35626.6500,35697.0000,35141.3000,35583.6500
2021-11-12,35860.1000,36378.0500,35732.7500,36332.2500
2021-11-15,36391.1000,36646.2500,36302.9500,36465.3000
2021-11-16,36555.2500,36794.2500,36429.9000,36643.8500
2021-11-17,36623.7500,36835.9500,36431.2500,36660.9000
2021-11-18,36641.5500,36702.4000,35867.3000,36007.0000
2021-11-22,36097.0000,36097.0000,35224.5500,35478.9500
2021-11-23,35206.0000,35645.4500,34707.8500,35504.4000
2021-11-24,35627.9500,35662.6000,34828.3000,34966.2500
2021-11-25,34978.0000,35365.7500,34934.5500,35300.2500
2021-11-26,35024.7000,35190.1000,34512.6000,34606.1000
2021-11-29,34382.4000,35104.3500,33953.9000,34870.7500
2021-11-30,35018.9000,35654.2000,34918.6000,35043.7500
2021-12-01,35143.0000,35652.2000,35123.9500,35428.9500
2021-12-02,35504.8000,36195.6500,35418.2500,36157.8500
2021-12-03,36314.8000,36518.8000,35784.1500,35848.0500
2021-12-04,27504.4000,27524.6000,26545.6500,26727.8000
2021-12-05,26105.2000,26105.2000,25728.4500,25855.4500
2021-12-06,35835.4500,35953.7500,34828.1500,34879.4000
2021-12-07,35136.5500,35384.0000,34756.6000,35272.3000
2021-12-08,35584.8000,36131.9500,35576.8500,35959.0500
2021-12-09,35963.7000,36114.0000,35573.3500,35946.3500
2021-12-10,35179.2000,35294.1500,34512.8000,34869.7500
2021-12-11,35860.1000,36378.0500,35732.7500,36332.2500
2021-12-13,36104.3500,36507.3000,35984.5500,36050.5500
2021-12-14,35946.7500,36252.0500,35637.8500,36102.5500
2021-12-15,36033.9000,36060.0000,35536.1500,35737.2000
2021-12-16,36078.3000,36354.8500,35979.1500,36160.3000
2021-12-17,36704.2000,37013.2500,36497.9500,36647.9000
2021-12-20,36411.8500,36598.3500,35559.3000,35916.4500
2021-12-21,36159.2000,36970.5500,36147.6000,36627.1500
2021-12-22,36853.8500,37014.7500,36669.0000,36989.1500
2021-12-23,37190.3000,37528.0000,37086.9000,37362.8000
2021-12-24,37657.1500,37822.1500,37417.6500,37727.8000
2021-12-27,37722.9000,38029.3000,37431.0000,37988.5000
2021-12-28,38184.6000,38500.2500,38164.4500,38357.8000
2021-12-29,38269.1000,38484.9000,38181.9000,38274.6500
2021-12-30,38231.1500,38897.6000,38153.3500,38658.8000
2021-12-31,38708.1500,38861.1000,38468.4000,38701.0000
2022-01-02,35337.9500,35435.5000,34754.3500,35371.6500
2022-01-03,38752.6000,39286.3500,38752.5500,39123.8000
2022-01-04,36228.2500,36424.6000,36039.6500,36343.4000
2022-01-05,39261.5500,39293.1500,38409.2500,38609.1500
2022-01-06,29822.1500,29829.7500,29148.5500,29260.7500
2022-01-07,38140.1500,38394.8000,38003.1500,38139.8500
2022-01-08,29376.6500,29376.6500,28928.9500,29220.0000
2022-01-09,27987.3500,28020.0000,27710.0500,27846.8000
2022-01-10,38596.7500,38621.9000,37991.3000,38212.2000
2022-01-11,38186.9500,38664.4000,38138.0000,38605.4000
2022-01-12,30749.4500,31227.6000,30723.2500,31120.5000
2022-01-13,38768.8500,38886.8500,38151.0500,38607.0000
2022-01-14,38351.3500,38892.6500,38049.6000,38826.8500
2022-01-17,38764.6500,38993.2500,38486.3500,38804.9500
2022-01-18,38830.1500,38990.5500,38004.2500,38091.7500
2022-01-19,38011.9000,38011.9000,37236.1500,37281.7000
2022-01-20,37175.0000,37249.0500,36512.5000,36662.2000
2022-01-21,36354.3000,36579.6500,35836.6500,36054.5500
2022-01-24,35934.2000,35969.8500,34563.2000,34821.6000
2022-01-25,34490.3500,35065.8000,33956.5500,34707.4500
2022-01-27,34338.1000,34362.8500,33251.7000,33475.0500
2022-01-28,33608.4500,34473.5000,33608.4500,33851.9500
2022-01-31,34519.3000,34972.2500,34440.3000,34824.5500
2022-02-01,35337.9500,35435.5000,34754.3500,35371.6500
2022-02-02,35556.5000,35845.3000,35278.5500,35788.7500
2022-02-03,33748.4000,33924.7500,33484.6000,33720.0000
2022-02-04,34982.7000,35194.6000,34539.9000,35080.1000
2022-02-05,31377.3500,31409.6500,30940.6500,31138.8000
2022-02-06,29249.8000,29875.3500,29197.9000,29792.3500
2022-02-07,34898.0000,35148.0000,34372.9500,34621.2000
2022-02-08,29131.1000,29153.0500,28871.2000,29024.6500
2022-02-09,28083.3000,28085.3500,27717.1500,27745.8000
2022-02-10,35255.9500,35379.8500,34994.7500,35341.8500
2022-02-11,34889.4500,34917.8500,34313.2500,34379.0500
2022-02-12,31097.5500,31135.2000,30869.7000,31052.1000
2022-02-14,33857.4000,34466.6500,33666.2500,33880.6500
2022-02-15,34268.3000,35017.1000,34081.0500,34913.3000
2022-02-16,35103.2000,35209.7000,34712.3000,34801.9000
2022-02-17,35022.8500,35052.3500,34564.2000,34634.1000
2022-02-18,34359.9500,34727.1000,34295.7000,34483.0500
2022-02-21,34372.0000,34692.3500,33989.3000,34472.0000
2022-02-22,33678.3500,34287.2000,33600.4500,34129.5500
2022-02-23,34385.1000,34430.9500,34042.7000,34114.3000
2022-02-24,33077.6500,33396.2500,32438.2500,32547.9000
2022-02-25,33214.3500,33678.0000,33058.8000,33476.9500
2022-02-28,33180.3500,33961.0500,32858.7500,33847.8500
2022-03-01,38752.6000,39286.3500,38752.5500,39123.8000
2022-03-02,33748.4000,33924.7500,33484.6000,33720.0000
2022-03-03,34032.2000,34410.7000,33887.5500,34130.3000
2022-03-04,33720.6500,34504.8500,33462.2000,34177.7000
2022-03-06,30169.9500,30559.0000,29858.1500,29903.8000
2022-03-07,33524.6000,34435.6000,33499.3500,34135.9000
2022-03-08,33977.9000,35162.9500,33977.9000,35055.5500
2022-03-09,35218.1500,35726.2500,35154.2000,35440.5500
2022-03-10,35931.1500,35931.1500,35265.5000,35399.1000
2022-03-11,35203.8000,35478.3500,35148.1000,35348.7000
2022-03-14,35347.9500,36071.4000,35347.9500,36028.0000
2022-03-15,36131.4500,36131.4500,34996.5500,35097.8500
2022-03-16,35601.3500,35787.9500,35369.7000,35729.6500
2022-03-17,36245.0500,36246.4500,35466.2000,35643.6000
2022-03-21,35829.2000,36135.5000,35299.1000,35377.7000
2022-03-22,35425.9500,36119.8500,35309.5500,36070.4500
2022-03-23,36251.8500,36362.9500,35883.1000,36082.0000
2022-03-24,35872.5500,36597.8000,35853.1000,36516.7500
2022-03-25,36630.2000,36710.5000,35914.8000,36152.3000
2022-03-28,36108.5000,36207.7500,35669.6000,36026.0500
2022-03-29,36075.4500,36256.3000,35982.9500,36146.7500
2022-03-30,36493.1000,36519.7500,36244.4500,36463.5500
2022-03-31,36517.9500,36663.2000,36164.9000,36317.2000
2022-04-01,36228.2500,36424.6000,36039.6500,36343.4000
2022-04-02,34982.7000,35194.6000,34539.9000,35080.1000
2022-04-03,33720.6500,34504.8500,33462.2000,34177.7000
2022-04-04,36347.5500,36526.7500,36130.3500,36442.9000
2022-04-05,36534.9500,36813.1000,36423.5000,36466.5500
2022-04-06,36371.0000,36371.9000,35781.5000,35871.5000
2022-04-07,35744.6500,35817.4500,35379.2000,35423.2000
2022-04-08,35599.3000,35679.3000,35219.6500,35394.4500
2022-04-10,27163.3500,27530.8000,27106.5000,27496.9500
2022-04-11,28756.7500,28757.9500,28425.6000,28693.0500
2022-04-12,34683.8500,34747.7500,34204.1000,34379.5000
2022-04-13,34553.1000,34591.0000,34231.8000,34354.7500
2022-04-18,33174.5500,33366.1500,32600.9000,32780.0500
2022-04-19,33108.6500,33108.6500,31569.3500,31804.2000
2022-04-20,32030.7500,32306.3500,31718.1500,32173.3500
2022-04-21,32399.6000,32700.0000,32145.3000,32611.6000
2022-04-22,32287.8500,32748.8500,32186.4000,32426.7000
2022-04-25,32103.2000,32130.4500,31637.4500,31744.0000
2022-04-26,32088.9500,32141.4500,31683.2000,31840.0500
2022-04-27,31689.8500,31689.8500,31276.1500,31594.3500
2022-04-28,31858.5000,32156.3000,31468.1500,31914.3500
2022-04-29,32135.9000,32212.9000,31541.3500,31622.4000
2022-05-01,39261.5500,39293.1500,38409.2500,38609.1500
2022-05-02,31377.3500,31409.6500,30940.6500,31138.8000
2022-05-04,31260.4000,31452.8000,30663.4000,30794.6000
2022-05-05,31215.7000,31470.1500,31117.5000,31432.4500
2022-05-06,30803.7500,30881.1000,30278.8500,30719.4500
2022-05-07,28020.3000,28233.0500,27642.6000,27695.1500
2022-05-08,29891.8500,30080.2000,29799.2000,29973.5500
2022-05-09,30490.9500,30934.4500,30019.8000,30733.3000
2022-05-10,30635.0000,30785.9500,30343.1000,30427.2000
2022-05-11,30425.5500,30548.5500,29669.2500,30050.2000
2022-05-12,29744.5000,30184.3500,29497.2500,29756.8500
2022-05-13,30062.8000,30115.0500,29539.0500,29624.8500
2022-05-16,29680.6500,29875.2500,29278.3500,29403.5000
2022-05-17,29503.3000,30313.9000,29339.6500,30218.7000
2022-05-18,30367.5000,30823.1500,30045.6500,30077.7000
2022-05-19,29448.4500,29495.1500,28193.6000,28352.1500
2022-05-20,28884.7500,28897.4500,28577.6500,28789.4000
2022-05-23,28861.3500,29308.2500,28604.7000,29079.3000
2022-05-24,29123.6000,29141.5500,28425.4000,28531.5000
2022-05-25,28470.9000,28479.3500,27423.8000,27566.1000
2022-05-26,27729.1500,28040.2500,27516.4000,27932.5500
2022-05-27,28302.3000,28728.3000,28210.8000,28641.6000
2022-05-30,29084.1000,29837.6500,29069.0000,29753.3000
2022-05-31,29609.1000,29807.3500,29294.3500,29679.0500
2022-06-01,29822.1500,29829.7500,29148.5500,29260.7500
2022-06-02,29249.8000,29875.3500,29197.9000,29792.3500
2022-06-03,30169.9500,30559.0000,29858.1500,29903.8000
2022-06-04,36371.0000,36371.9000,35781.5000,35871.5000
2022-06-05,30803.7500,30881.1000,30278.8500,30719.4500
2022-06-06,29750.7000,29972.8500,29281.4500,29819.8000
2022-06-07,27778.6500,28148.9000,27628.5500,28007.6000
2022-06-08,29519.6500,29588.4000,29155.6000,29472.1500
2022-06-09,27884.8500,27967.1000,27580.3500,27742.8000
2022-06-10,29299.5000,29350.6000,29022.7500,29114.3000
2022-06-12,30656.2000,30690.4000,30323.9500,30443.0000
2022-06-13,28419.8500,28443.8500,27792.1000,27914.6000
2022-06-14,27626.2000,28249.6000,27502.0500,27953.3500
2022-06-15,28017.9500,28131.1500,27786.6500,27812.4500
2022-06-16,28191.8500,28224.5000,27067.4500,27136.4500
2022-06-17,26866.6000,26993.5500,26399.7500,26732.4500
2022-06-20,26819.4500,27112.6500,26544.8000,26966.2000
2022-06-21,27202.9000,27895.0000,27137.9000,27810.6000
2022-06-22,27656.3000,27824.0500,27426.0500,27488.3500
2022-06-23,27532.7500,28100.0500,27532.7500,28027.8000
2022-06-24,28261.0000,28361.2000,27631.4500,27777.8000
2022-06-27,28293.2000,28588.7000,28251.4000,28345.9500
2022-06-28,28218.5000,28602.0500,27983.6000,28509.1000
2022-06-29,28105.7000,28446.4500,28046.7500,28140.1000
2022-06-30,28131.9500,28325.6500,27775.7500,27843.3500
2022-07-01,38140.1500,38394.8000,38003.1500,38139.8500
2022-07-02,34898.0000,35148.0000,34372.9500,34621.2000
2022-07-03,33524.6000,34435.6000,33499.3500,34135.9000
2022-07-04,35744.6500,35817.4500,35379.2000,35423.2000
2022-07-05,28020.3000,28233.0500,27642.6000,27695.1500
2022-07-06,29593.4500,29650.5500,29243.9000,29351.7000
2022-07-07,28217.8000,28459.2500,28077.0500,28196.3500
2022-07-08,28450.5500,28459.5500,28095.3500,28250.3000
2022-07-09,27500.5000,27917.8000,27487.7000,27832.4000
2022-07-10,27874.8500,27972.7500,27656.6500,27733.6000
2022-07-11,27855.7500,27941.2000,27195.6500,27380.5500
2022-07-12,27248.2000,27504.4000,27022.8500,27063.7500
2022-07-13,27228.9500,27247.4500,26872.7500,26949.7500
2022-07-14,27155.0000,27162.9000,26298.0000,26523.3000
2022-07-15,26664.3000,26734.0000,26189.4000,26484.7000
2022-07-18,26801.7500,27376.2000,26785.8000,27322.9500
2022-07-19,27071.8000,27399.5000,27065.8000,27346.1000
2022-07-20,27701.0500,28175.5000,27631.4000,28146.3500
2022-07-21,28116.5500,28369.9500,27848.7500,28342.9000
2022-07-22,28429.5500,28549.2500,27862.0500,28168.1500
2022-07-25,28006.6500,28320.8500,27890.6500,28216.0000
2022-07-26,28157.5000,28157.5000,27383.9500,27418.8500
2022-07-27,27420.6500,27908.2500,27339.9500,27878.8000
2022-07-28,28225.1000,28703.4000,28170.4500,28663.0500
2022-07-29,28983.2500,29355.0000,28909.1500,29152.3000
2022-08-01,29376.6500,29376.6500,28928.9500,29220.0000
2022-08-02,34687.8500,34862.1000,34189.6500,34521.5500
2022-08-03,33977.9000,35162.9500,33977.9000,35055.5500
2022-08-04,29694.0500,29972.3500,29278.1500,29782.9000
2022-08-05,29891.8500,30080.2000,29799.2000,29973.5500
2022-08-06,29519.6500,29588.4000,29155.6000,29472.1500
2022-08-07,28450.5500,28459.5500,28095.3500,28250.3000
2022-08-08,29999.1500,30036.7500,29694.1500,29967.7000
2022-08-09,28109.7000,28206.6000,27959.6500,28102.4000
2022-08-10,30013.4500,30013.4500,29456.8000,29701.1500
2022-08-11,30164.2000,30388.9000,30073.9500,30233.7000
2022-08-12,30175.8500,30226.5500,29983.4000,30115.0000
2022-08-16,30130.9000,30141.3500,29826.2500,29909.0000
2022-08-17,29917.3500,30328.1500,29784.1500,30256.9000
2022-08-18,30148.8000,30166.1000,29857.6500,30018.9000
2022-08-19,30095.4500,30474.6500,29943.9000,30036.1000
2022-08-22,29847.3500,29881.7500,29430.9500,29478.9000
2022-08-23,29041.6000,29188.9000,28714.1500,28957.8500
2022-08-24,28981.3500,29120.3000,28762.4500,28859.8500
2022-08-25,29061.5500,29081.7500,28561.8000,28608.6500
2022-08-26,28862.3500,29067.5500,28638.9500,28691.6000
2022-08-29,27648.1000,27773.1000,27333.0500,27678.9500
2022-08-30,27971.9500,28466.8000,27831.3500,28407.9000
2022-09-01,27987.3500,28020.0000,27710.0500,27846.8000
2022-09-02,34741.8500,35052.6500,34707.6500,34983.3000
2022-09-03,35218.1500,35726.2500,35154.2000,35440.5500
2022-09-05,30490.9500,30934.4500,30019.8000,30733.3000
2022-09-06,27884.8500,27967.1000,27580.3500,27742.8000
2022-09-07,27500.5000,27917.8000,27487.7000,27832.4000
2022-09-08,28109.7000,28206.6000,27959.6500,28102.4000
2022-09-09,28343.8000,28848.4000,28127.4500,28724.0000
2022-09-11,28940.4000,28940.4000,28505.3000,28626.8000
2022-09-12,30196.2500,30196.2500,29038.6000,29168.4500
2022-09-13,29334.0500,29344.9000,29062.6000,29116.8500
2022-09-14,28215.7500,28284.0500,28040.3000,28137.6000
2022-09-15,28232.8500,28265.7500,27684.4000,27734.3500
2022-09-16,27530.6000,27575.5500,26632.9500,26706.4500
2022-09-19,26882.6500,27034.0000,26506.9000,26810.1500
2022-09-20,27079.1500,27370.3500,26969.5500,27020.6000
2022-09-21,26896.8000,27020.5000,26805.4500,26843.2500
2022-09-22,26659.0500,27009.0500,26552.4500,26782.6500
2022-09-23,26715.6500,27063.5000,26560.9500,26592.3500
2022-09-26,26431.9000,27049.2000,26186.7000,26743.6500
2022-09-27,26922.5000,27101.1000,26682.1500,27004.1500
2022-09-28,26778.8500,27243.2000,26773.8000,27067.6500
2022-09-29,27273.9000,27300.0000,26721.9500,26819.0500
2022-09-30,26713.0500,27091.0000,26453.0000,26981.1500
2022-10-01,38596.7500,38621.9000,37991.3000,38212.2000
2022-10-02,35255.9500,35379.8500,34994.7500,35341.8500
2022-10-03,26950.0500,27011.5000,26597.5500,26729.1000
2022-10-04,27163.3500,27530.8000,27106.5000,27496.9500
2022-10-05,30635.0000,30785.9500,30343.1000,30427.2000
2022-10-06,27734.8500,28009.3000,27726.0500,27928.7500
2022-10-07,27874.8500,27972.7500,27656.6500,27733.6000
2022-10-08,30013.4500,30013.4500,29456.8000,29701.1500
2022-10-10,27259.4000,28097.6000,27259.4000,28027.6000
2022-10-11,28287.8500,28667.8500,28284.6500,28505.7500
2022-10-12,27609.6500,27752.0000,27416.7000,27694.6500
2022-10-13,27625.7500,27705.2500,27346.5000,27506.2000
2022-10-14,28221.0500,28371.3000,27842.7000,27954.0500
2022-10-17,27903.3500,28128.8500,27798.7000,28019.1000
2022-10-18,28342.5000,28402.9500,28211.5500,28315.2000
2022-10-19,28370.5000,28376.7000,28007.0500,28060.3500
2022-10-20,27905.6000,28462.2500,27901.0500,28432.2000
2022-10-21,28428.4000,28476.1500,28207.3000,28336.9000
2022-10-24,28632.8500,28663.6500,28504.5500,28534.3000
2022-10-25,28687.9000,28820.1500,28544.6500,28722.8500
2022-10-27,28787.1000,28827.4500,28403.3000,28572.2000
2022-10-28,28567.6500,28629.5500,28267.2000,28318.3500
2022-10-31,28588.7000,28843.1500,28573.2500,28727.6000
2022-11-01,28924.2500,29296.1500,28874.6500,29270.6500
2022-11-02,29299.4000,29307.0000,29023.5000,29138.6500
2022-11-03,28866.3500,28969.2000,28643.5000,28795.7500
2022-11-04,28756.7500,28757.9500,28425.6000,28693.0500
2022-11-05,30425.5500,30548.5500,29669.2500,30050.2000
2022-11-07,28815.9500,28944.2000,28480.6500,28741.3000
2022-11-08,30164.2000,30388.9000,30073.9500,30233.7000
2022-11-09,28940.4000,28940.4000,28505.3000,28626.8000
2022-11-10,28065.1500,28313.3000,27400.0500,27469.5000
2022-11-11,29182.3500,29733.1500,29163.7500,29591.9500
2022-11-14,29709.7500,29945.1500,29610.5500,29849.3000
2022-11-15,29789.8500,29926.1500,29531.6500,29865.2500
2022-11-16,29920.6500,30125.2000,29812.9000,29951.5000
2022-11-17,29810.4500,29838.6000,29610.1000,29681.4000
2022-11-18,29739.2000,29890.5000,29398.9500,29669.2500
2022-11-21,29520.1500,29576.1500,29153.9000,29209.5500
2022-11-22,29195.7000,29478.0000,29020.3500,29446.9000
2022-11-23,29574.6500,29592.0500,29365.2500,29405.6000
2022-11-24,29507.5500,30258.0000,29464.7500,30178.6500
2022-11-25,30233.9000,30400.3500,29981.1500,30334.6000
2022-11-28,30207.7500,30619.6500,30152.8500,30309.6500
2022-11-29,30242.4000,30568.3500,30228.1000,30345.6500
2022-11-30,30274.5000,30499.3500,30133.9500,30391.7000
2022-12-01,30749.4500,31227.6000,30723.2500,31120.5000
2022-12-02,31097.5500,31135.2000,30869.7000,31052.1000
2022-12-04,34683.8500,34747.7500,34204.1000,34379.5000
2022-12-05,31052.0000,31104.1000,30750.5500,30891.5000
2022-12-06,30656.2000,30690.4000,30323.9500,30443.0000
2022-12-07,27248.2000,27504.4000,27022.8500,27063.7500
2022-12-08,30184.9500,30195.0000,29819.1500,29885.9000
2022-12-09,30196.2500,30196.2500,29038.6000,29168.4500
2022-12-10,27609.6500,27752.0000,27416.7000,27694.6500
2022-12-12,28940.9500,29183.8000,28661.1000,29050.5000
2022-12-13,29103.5000,29421.1000,28993.8000,29376.5500
2022-12-14,29546.9500,29810.3500,29503.1000,29713.9000
2022-12-15,29609.6000,29615.9500,29039.2500,29087.9500
2022-12-16,28805.9500,29131.8500,28623.6500,28702.2000
2022-12-19,28567.7000,28698.2500,28374.4500,28556.4500
2022-12-20,28464.8500,28644.1000,28109.1500,28612.5000
2022-12-21,28742.3000,28958.1500,28658.7000,28764.2000
2022-12-22,28973.3500,29022.3000,28629.8500,28763.8500
2022-12-23,28442.8000,28603.6000,28179.5500,28237.0500
2022-12-26,28268.2500,28493.2000,28209.9500,28385.7000
2022-12-27,28551.7500,28685.0000,28333.8000,28636.2500
2022-12-28,28495.7500,28715.3000,28346.2500,28583.4500
2022-12-29,28408.3000,28724.7500,28386.6500,28687.2000
2022-12-30,28887.8000,29027.0000,28564.7500,28621.7000
2023-01-02,28681.5500,28777.6000,28474.7000,28737.3000
2023-01-03,29722.1500,30121.6500,29712.8000,30097.7500
2023-01-04,28912.6000,28925.4500,28600.7500,28677.8000
2023-01-05,28803.0500,28803.0500,28386.0000,28527.7500
2023-01-06,29455.3500,29599.1000,29382.0500,29446.2500
2023-01-08,29998.1500,30348.7500,29948.0000,30288.6500
2023-01-09,28134.0500,28780.0000,28134.0500,28748.1500
2023-01-10,28627.8000,28661.7000,28242.9000,28502.7000
2023-01-11,30609.4500,30694.4500,30283.1500,30344.8500
2023-01-12,28722.4500,28832.6000,28509.5000,28720.3000
2023-01-13,28717.0000,29060.9500,28292.3000,28933.7500
2023-01-16,29037.0500,29327.9000,28895.4000,29264.6500
2023-01-17,29291.1500,29518.8500,29259.1000,29498.0000
2023-01-18,29580.2500,29715.8000,29541.9500,29617.8000
2023-01-19,29487.5000,29714.9500,29396.0500,29632.3500
2023-01-20,29574.4500,29783.8000,29479.7000,29529.6500
2023-01-23,29620.2500,30124.0500,29505.5000,30086.0000
2023-01-24,30220.5000,30499.7500,30151.5500,30316.9000
2023-01-25,30208.1000,30231.4000,30004.7500,30043.9000
2023-01-27,30052.7000,30234.3500,29542.4500,29766.4500
2023-01-30,29842.7000,30224.5000,29606.3500,30094.8500
2023-01-31,30163.2000,30172.7500,29556.3000,29740.3500
2023-02-01,29885.9500,30083.4000,29659.0000,30018.2500
2023-02-02,30124.9000,30610.1000,30107.1000,30566.7500
2023-02-03,29883.1000,29936.4000,29618.6000,29717.4500
2023-02-05,27792.7000,28154.1000,27756.0000,28025.0000
2023-02-06,30502.9000,30534.7000,30186.7000,30411.1000
2023-02-07,30429.7500,30544.1000,30250.7500,30310.7000
2023-02-08,30253.1000,30259.4000,29801.5500,30043.6000
2023-02-09,30769.8000,31012.9500,30665.4500,30990.8000
2023-02-10,30839.2500,30900.1500,30636.4000,30870.2000
2023-02-11,30575.8000,30731.5500,30495.3000,30582.7500
2023-02-13,30790.2000,30792.8500,30238.0500,30289.6500
2023-02-14,30481.5000,30759.4500,30457.4000,30588.7500
2023-02-15,30512.0000,30959.3000,30324.2000,30934.3500
2023-02-16,31042.3000,31587.3500,31024.1500,31434.8500
2023-02-17,31147.1000,31218.2500,30963.0500,31054.8500
2023-02-20,31056.0500,31405.3000,30961.9500,31222.3500
2023-02-21,31318.3500,31393.0000,30911.0500,30947.2500
2023-02-22,30621.1000,30815.9000,30503.3500,30608.2000
2023-02-23,30759.6000,30899.4000,30497.5500,30598.3500
2023-02-24,30732.4500,30859.7000,30445.9000,30514.9000
2023-02-27,30338.7000,30345.5000,29667.1000,29919.2000
2023-02-28,29986.2000,30294.4500,29608.9500,29663.9500
2023-03-01,28713.7000,29032.4000,28636.4000,28962.3000
2023-03-02,29883.1000,29936.4000,29618.6000,29717.4500
2023-03-03,29968.7500,29988.5500,29774.0500,29817.0500
2023-03-04,28841.6000,28841.6000,28449.2500,28633.0000
2023-03-05,27872.4000,27883.4500,27693.3000,27743.7500
2023-03-06,30048.7000,30340.9500,30032.0500,30179.7500
2023-03-07,29648.4000,29718.9500,29334.4000,29424.8000
2023-03-08,29944.2000,30096.7000,29729.2500,30065.7000
2023-03-09,30090.2500,30096.6000,29712.0000,29742.3000
2023-03-10,29418.6000,29584.4500,29324.0000,29545.5000
2023-03-11,30797.2500,30924.8500,30739.3500,30779.9500
2023-03-13,29695.0000,30051.6000,29187.1000,29267.0000
2023-03-14,29281.2500,29402.2500,28638.9000,28784.7000
2023-03-15,29080.3500,29179.5000,28689.4000,28716.5000
2023-03-16,28694.3000,28746.3500,28400.3500,28517.2500
2023-03-17,28737.7000,29120.7500,28721.1000,28854.4500
2023-03-20,28732.8500,28744.3000,28209.0500,28442.9500
2023-03-21,28455.6500,28552.0000,28124.2500,28164.8500
2023-03-22,28375.9000,28549.0000,28148.4000,28217.6000
2023-03-23,28065.8000,28116.4500,27843.2500,27999.2500
2023-03-24,28208.3500,28453.8500,27869.5000,27935.6500
2023-03-27,27985.6500,28193.6000,27818.2500,27948.7000
2023-03-28,27998.3000,28090.7500,27674.7000,27702.7500
2023-03-29,27777.9500,28113.9500,27639.6500,28011.3000
2023-03-31,28379.7500,28741.6000,28277.0000,28698.6000
2023-04-01,28912.6000,28925.4500,28600.7500,28677.8000
2023-04-03,28841.6000,28841.6000,28449.2500,28633.0000
2023-04-05,27716.5500,27912.5000,27685.5500,27883.2000
2023-04-06,28876.2000,29004.8000,28666.0000,28764.5500
2023-04-07,29557.5500,29743.3500,29444.8000,29729.8500
2023-04-08,30082.5500,30555.8000,30027.3000,30436.1000
2023-04-09,31552.5000,32197.8500,31454.5000,32163.9500
2023-04-10,28810.8500,29086.4000,28739.4000,29041.6000
2023-04-11,29051.7500,29095.4500,28530.5000,28675.7500
2023-04-12,28773.4000,29031.0500,28578.1000,28980.3000
2023-04-13,28713.6500,28736.7000,28230.0000,28342.8000
2023-04-17,27059.1500,27076.1500,26184.4500,27008.2000
2023-04-18,27189.4000,27189.4000,26851.7000,27166.9500
2023-04-19,27174.6000,27193.1000,26640.2000,26687.4500
2023-04-20,26694.1000,26868.9000,26597.9500,26637.1500
2023-04-21,26701.7000,26835.7000,26602.8000,26822.1000
2023-04-24,26910.7000,27034.9000,26721.5000,27013.6500
2023-04-25,27028.8000,27082.1000,26820.7000,26985.8000
2023-04-26,27007.5500,27158.7500,26977.5500,27065.0000
2023-04-27,27079.0000,27378.1000,27024.1500,27355.2500
2023-04-28,27401.9500,27743.0000,27388.8000,27708.2000
2023-05-01,28803.0500,28803.0500,28386.0000,28527.7500
2023-05-02,27792.7000,28154.1000,27756.0000,28025.0000
2023-05-03,27872.4000,27883.4500,27693.3000,27743.7500
2023-05-04,27716.5500,27912.5000,27685.5500,27883.2000
2023-05-05,27905.3500,27915.2500,27634.8500,27719.9500
2023-05-06,29459.1500,29533.4000,29217.3500,29238.7500
2023-05-07,29910.0000,29910.3500,29702.6500,29841.8500
2023-05-08,27837.3000,27947.0000,27735.1500,27920.9500
2023-05-09,32207.4000,32482.6500,32014.9500,32365.3000
2023-05-10,31995.0000,32368.4500,31956.9000,32125.4000
2023-05-11,28298.2500,28348.3500,28039.2000,28102.0000
2023-05-12,28070.8500,28164.4500,27874.1000,28028.4000
2023-05-15,28083.7500,28323.5500,27957.5000,28165.4000
2023-05-16,28252.7500,28421.0500,28178.7000,28216.0000
2023-05-17,28197.8000,28300.1000,27776.8000,27942.9500
2023-05-18,28125.4500,28137.7000,27858.7500,27892.5500
2023-05-19,28063.3500,28369.4000,28007.0500,28303.6500
2023-05-22,28357.6000,29062.0500,28294.2500,29007.3000
2023-05-23,29076.5000,29319.9000,28830.0000,28873.7000
2023-05-24,28721.1500,28959.3500,28655.0000,28890.8000
2023-05-25,28854.9500,28970.9500,28686.2000,28928.7500
2023-05-26,28975.9500,29384.8500,28975.9500,29355.9000
2023-05-29,29629.7500,29659.6000,29200.2500,29240.2000
2023-05-30,29253.5000,29405.2000,29172.7000,29297.6500
2023-05-31,29248.0500,29495.0500,29212.5000,29319.7500
2023-06-01,28466.9000,28507.1500,27908.7500,27956.4500
2023-06-02,30502.9000,30534.7000,30186.7000,30411.1000
2023-06-03,30048.7000,30340.9500,30032.0500,30179.7500
2023-06-04,28876.2000,29004.8000,28666.0000,28764.5500
2023-06-05,29459.1500,29533.4000,29217.3500,29238.7500
2023-06-06,29003.5000,29013.9000,28485.8500,28689.0500
2023-06-07,28886.7000,28937.9500,28754.8500,28913.7000
2023-06-08,28892.6500,28918.0500,28568.6000,28591.1000
2023-06-09,28645.7000,28674.4500,28322.1500,28355.3500
2023-06-10,32251.4500,32438.4000,32098.8000,32341.7000
2023-06-11,30955.3500,31034.1500,30863.6500,30972.9500
2023-06-12,28457.4500,28844.3000,28402.5500,28784.0000
2023-06-13,28935.9000,28974.1500,28866.2000,28899.3000
2023-06-14,28896.2500,28928.6500,28666.9000,28855.0500
2023-06-15,28824.6000,28833.2500,28645.8000,28699.0000
2023-06-16,28671.1000,28759.4000,28441.0500,28588.8000
2023-06-19,28641.4500,28750.7000,28568.5500,28708.3000
2023-06-20,28728.5000,28966.9500,28640.3000,28930.8000
2023-06-21,29022.7000,29084.4500,28869.8000,29025.7000
2023-06-22,28969.1500,28977.9000,28750.4000,28811.1500
2023-06-23,28747.6000,28752.5000,28482.1500,28554.2500
2023-06-26,28539.8000,28631.7500,28451.1500,28590.1000
2023-06-27,28681.9500,28821.8500,28630.4500,28800.1500
2023-06-28,28945.0000,28997.3500,28778.1500,28842.9500
2023-06-30,29013.1500,29594.2000,28957.1500,29563.0000
2023-07-02,30429.7500,30544.1000,30250.7500,30310.7000
2023-07-03,29648.4000,29718.9500,29334.4000,29424.8000
2023-07-04,29557.5500,29743.3500,29444.8000,29729.8500
2023-07-05,29910.0000,29910.3500,29702.6500,29841.8500
2023-07-06,28886.7000,28937.9500,28754.8500,28913.7000
2023-07-07,29654.2500,29937.7500,29508.8500,29560.4500
2023-07-08,30582.4500,30809.0000,30451.3500,30779.2500
2023-07-09,32264.5000,32497.6500,32153.4000,32448.3500
2023-07-10,29609.8500,29609.8500,29116.3000,29194.7000
2023-07-11,30949.9500,31052.5000,30860.6500,30981.6000
2023-07-12,33053.6500,33111.6500,32891.7500,32961.6000
2023-07-13,29158.5500,29903.6500,29115.7000,29628.2000
2023-07-14,29860.5500,31017.5500,29847.0500,30945.5000
2023-07-17,31007.6000,31658.1000,30805.0000,31041.6000
2023-07-18,31089.9000,31491.7500,30865.8500,31371.1500
2023-07-19,31490.4500,31653.8500,31068.1500,31353.5500
2023-07-20,31292.3500,31348.6000,30960.7500,31145.9000
2023-07-21,29854.2500,30338.1000,29701.2000,29871.0500
2023-07-24,29993.8500,30112.9000,29807.1500,29843.4500
2023-07-25,29899.0000,29921.4000,29685.4000,29761.1500
2023-07-26,29854.4000,29988.9000,29770.2000,29800.4000
2023-07-27,29826.0000,29895.0000,29670.5000,29745.0000
2023-07-28,29741.1500,29829.7500,29339.3500,29490.2500
2023-07-31,29605.5000,29951.6000,29452.3500,29928.4500
2023-08-01,29998.1500,30348.7500,29948.0000,30288.6500
2023-08-02,30253.1000,30259.4000,29801.5500,30043.6000
2023-08-03,29944.2000,30096.7000,29729.2500,30065.7000
2023-08-04,30082.5500,30555.8000,30027.3000,30436.1000
2023-08-05,27837.3000,27947.0000,27735.1500,27920.9500
2023-08-06,28892.6500,28918.0500,28568.6000,28591.1000
2023-08-07,30582.4500,30809.0000,30451.3500,30779.2500
2023-08-08,30817.2500,30910.5500,30670.1500,30824.9500
2023-08-09,30772.5000,30964.7000,30590.5500,30940.0500
2023-08-10,30845.6500,30967.7500,30722.2000,30867.0000
2023-08-11,30950.3000,31164.3000,30764.5000,30819.1500
2023-08-12,33098.6500,33452.4000,33012.7000,33392.9000
2023-08-14,30755.8000,31058.9000,30570.5000,31028.9000
2023-08-16,31129.3000,31304.7500,31047.0000,31212.1000
2023-08-17,31205.3000,31238.2500,30885.4000,31060.2000
2023-08-18,30907.4500,30934.1000,30515.0000,30604.0500
2023-08-21,30626.2500,30987.6500,30597.0500,30937.5500
2023-08-22,30973.9000,31024.6000,30785.7000,30902.4000
2023-08-23,31036.9500,31084.6500,30887.4500,30924.1000
2023-08-24,31084.5500,31212.4500,31004.7500,31112.1000
2023-08-25,30907.8500,30998.9500,30803.0000,30914.5500
2023-08-28,30975.3500,31025.7500,30745.0000,30773.6000
2023-08-29,30899.9500,30978.2500,30784.8500,30866.0500
2023-08-30,31069.8500,31197.7500,31023.7500,31103.9000
2023-08-31,31175.1000,31428.0000,31067.7000,31164.9000
2023-09-01,28134.0500,28780.0000,28134.0500,28748.1500
2023-09-02,30769.8000,31012.9500,30665.4500,30990.8000
2023-09-03,30090.2500,30096.6000,29712.0000,29742.3000
2023-09-04,31552.5000,32197.8500,31454.5000,32163.9500
2023-09-05,32207.4000,32482.6500,32014.9500,32365.3000
2023-09-06,32437.8500,32515.0500,32038.5500,32312.3000
2023-09-07,32264.5000,32497.6500,32153.4000,32448.3500
2023-09-08,30772.5000,30964.7000,30590.5500,30940.0500
2023-09-10,32216.1500,32638.2500,32203.5500,32308.5500
2023-09-11,30982.6500,30993.0500,30655.5500,30717.7000
2023-09-12,32758.5500,33114.1500,32429.5000,32977.9000
2023-09-13,32943.1500,32982.3500,32713.1000,32886.7000
2023-09-14,32991.4500,33240.2000,32949.5500,33045.4000
2023-09-15,33216.9000,33402.7500,33156.2000,33355.0500
2023-09-18,33255.1000,33266.9000,33030.3500,33129.5000
2023-09-20,32860.9000,33167.3000,32851.7500,32949.2000
2023-09-21,32849.9000,32976.8500,32504.7500,32919.9500
2023-09-22,32799.0500,33109.6500,32664.4000,32906.3000
2023-09-25,32881.3500,32960.9500,32581.1500,32648.6000
2023-09-26,32675.1000,32693.2500,32391.4500,32471.0000
2023-09-27,32439.0500,32651.0000,32339.9500,32594.6500
2023-09-28,32616.0500,32623.3500,31808.7500,31879.6000
2023-09-29,31814.6500,32020.3500,31514.9000,31784.4000
2023-10-01,28627.8000,28661.7000,28242.9000,28502.7000
2023-10-02,30839.2500,30900.1500,30636.4000,30870.2000
2023-10-03,31772.7500,31852.6500,31499.3500,31717.2500
2023-10-04,28810.8500,29086.4000,28739.4000,29041.6000
2023-10-05,31995.0000,32368.4500,31956.9000,32125.4000
2023-10-06,32251.4500,32438.4000,32098.8000,32341.7000
2023-10-07,29609.8500,29609.8500,29116.3000,29194.7000
2023-10-08,30845.6500,30967.7500,30722.2000,30867.0000
2023-10-09,32216.1500,32638.2500,32203.5500,32308.5500
2023-10-10,32423.9500,32616.3500,32200.2500,32569.4500
2023-10-11,32688.7000,32981.9000,32489.6000,32548.0500
2023-10-12,32474.1500,32556.5000,31907.0000,32003.6000
2023-10-13,31457.5000,32024.3500,31434.1000,31807.9500
2023-10-16,31831.0500,31949.7500,31710.6500,31750.3500
2023-10-17,31884.2500,31938.2000,31770.7500,31794.9000
2023-10-18,31778.5500,31882.4500,31568.2000,31606.6500
2023-10-19,31345.5500,31667.0000,31345.5500,31540.0500
2023-10-20,31445.4500,31605.7500,31360.5000,31469.3500
2023-10-23,31358.4500,31456.1000,30802.0500,30848.4000
2023-10-25,30790.3500,31004.2000,30469.0000,30530.5000
2023-10-26,30184.0000,30312.4500,30054.2000,30225.6500
2023-10-27,30328.2500,30676.9500,30313.9500,30599.7000
2023-10-30,30627.9000,30698.4000,30433.6500,30640.9500
2023-10-31,30765.2500,30769.2000,30396.0500,30582.2500
2023-11-01,28550.6500,28946.0000,28460.0000,28596.3500
2023-11-02,30575.8000,30731.5500,30495.3000,30582.7500
2023-11-03,30797.2500,30924.8500,30739.3500,30779.9500
2023-11-04,29051.7500,29095.4500,28530.5000,28675.7500
2023-11-05,28298.2500,28348.3500,28039.2000,28102.0000
2023-11-06,30955.3500,31034.1500,30863.6500,30972.9500
2023-11-07,29299.3000,29371.5000,29092.7000,29324.8000
2023-11-08,30950.3000,31164.3000,30764.5000,30819.1500
2023-11-09,32531.0000,32674.4500,32458.0500,32642.8000
2023-11-10,30623.7000,30680.8500,30504.1000,30639.0500
2023-11-12,33424.0000,33615.7000,33332.5000,33514.2500
2023-11-13,30793.6500,30810.3500,30572.9500,30635.8500
2023-11-15,31095.8000,31472.5000,30987.7500,31429.3500
2023-11-16,31555.1000,32453.6500,31431.5000,32273.3500
2023-11-17,32288.9000,32405.8500,32134.6500,32191.3000
2023-11-20,32202.3000,32600.3500,32198.1000,32383.2000
2023-11-21,32507.7500,32587.1500,32300.0500,32325.7000
2023-11-22,32298.0000,32583.4500,32262.1500,32564.4000
2023-11-23,32657.1500,32688.0000,32334.5000,32370.6500
2023-11-24,32341.0000,32420.4500,32010.0000,32055.1500
2023-11-28,32115.8500,32187.9500,31807.8500,32118.4500
2023-11-29,32258.5000,32633.0000,32248.3500,32608.4000
2023-11-30,32569.8000,32701.6500,32455.3000,32582.2000
2023-12-01,28722.4500,28832.6000,28509.5000,28720.3000
2023-12-04,28773.4000,29031.0500,28578.1000,28980.3000
2023-12-05,28070.8500,28164.4500,27874.1000,28028.4000
2023-12-06,32560.1500,33073.0500,32529.3000,33022.6000
2023-12-07,29412.5000,29424.7500,29020.2000,29118.0500
2023-12-08,33098.6500,33452.4000,33012.7000,33392.9000
2023-12-09,32758.5500,33114.1500,32429.5000,32977.9000
2023-12-10,32474.1500,32556.5000,31907.0000,32003.6000
2023-12-11,33424.0000,33615.7000,33332.5000,33514.2500
2023-12-12,33484.8000,33799.8000,33358.0000,33493.9000
2023-12-13,33466.3000,33497.4500,32715.6500,33066.6500
2023-12-14,33451.9500,34308.5500,33419.1000,34223.3500
2023-12-15,34427.5500,35947.6000,34427.5500,35782.4500
2023-12-18,35707.3000,36132.0000,35487.9500,35685.5500
2023-12-19,35728.4000,35762.1000,35091.9500,35345.0000
2023-12-20,35492.8000,35928.5000,34621.0000,34741.0000
2023-12-21,34406.8000,35020.0000,34394.5500,34846.0500
2023-12-22,34974.6500,35770.4500,34740.1500,35637.8000
2023-12-26,35421.1500,35682.6500,35185.4500,35493.4000
2023-12-27,35557.3000,35814.7000,35447.1000,35741.0000
2023-12-28,35812.0000,35850.4000,35614.8000,35691.6000
2023-12-29,35559.4000,35781.1000,35395.0500,35515.0000
2024-01-01,35496.4000,35890.7500,35353.8500,35695.9000
2024-01-02,35668.0500,35701.8000,35106.1500,35283.1000
2024-01-03,37823.7000,37888.8500,37462.8500,37516.0500
2024-01-04,34552.9500,34800.3500,34236.6000,34409.4000
2024-01-05,34469.7000,34991.5500,34459.4500,34851.7000
2024-01-07,36103.0000,37093.3500,36085.4500,36869.2000
2024-01-08,34876.6500,34881.8000,34419.7500,34514.6500
2024-01-09,34926.6500,35139.3500,34608.4500,34662.4500
2024-01-10,41916.3000,42470.5000,41916.3000,42434.8000
2024-01-11,40568.6500,40646.7000,40366.5000,40433.6500
2024-01-12,35673.0000,36581.1000,35659.5500,36521.7000
2024-01-15,37538.4500,37929.3000,37109.3500,37201.9500
2024-01-16,37132.4000,37132.4000,36600.4500,36727.1000
2024-01-17,36299.6000,37107.2000,36289.3000,36960.4000
2024-01-18,36784.3500,36826.4500,36136.4000,36730.5000
2024-01-19,37065.0000,37263.9500,36831.3500,37069.2500
2024-01-20,37259.8000,37310.6500,36643.7000,36697.5000
2024-01-23,36958.3000,37383.4500,36424.9000,36521.3500
2024-01-24,36761.6000,37174.2000,36435.3000,37090.1500
2024-01-25,36938.6000,36938.6000,36354.1000,36496.2000
2024-01-29,36553.8000,36653.2500,36351.5000,36531.9000
2024-01-30,36682.1000,37022.9000,36321.1000,36381.9500
2024-01-31,36373.9500,36704.5000,36228.8500,36638.4000
2024-02-01,36632.5000,36951.4000,36451.1500,36534.5500
2024-02-02,36730.1500,37663.9500,36729.9500,37323.2500
2024-02-03,37695.3500,37744.9000,37574.3500,37605.8000
2024-02-04,34900.1500,34984.3500,34769.9000,34793.9500
2024-02-05,33059.3000,33332.2000,33059.3000,33203.3500
2024-02-06,37267.1500,38286.0000,37161.6000,38246.3000
2024-02-07,37006.3500,37525.4500,36944.9000,37299.1500
2024-02-08,37893.4500,38101.5000,37625.7500,37851.6000
2024-02-09,37891.5000,38082.0500,37443.7500,37699.2500
2024-02-12,43171.7500,43578.0000,42860.8000,43547.0000
2024-02-13,38070.4000,38258.5000,37605.3000,38204.0000
2024-02-14,37724.7500,37844.7000,37200.0500,37775.4000
2024-02-15,38053.3000,38270.4500,37735.6000,37999.5500
2024-02-16,38211.5500,38516.5500,38131.8500,38477.0500
2024-02-19,38526.9500,38559.8500,38042.6500,38363.1500
2024-02-20,38190.7500,38347.9000,37780.2000,38029.7000
2024-02-21,37938.8500,38001.4500,37302.6000,37405.9000
2024-02-22,37535.7500,38192.1000,37395.3500,38130.1500
2024-02-23,38487.5000,38490.4500,37980.1000,38045.6500
2024-02-26,37991.9000,38005.8500,37384.9000,37598.6500
2024-02-27,37606.7000,37929.3000,37606.7000,37870.2500
2024-02-28,37926.6500,38138.3500,37594.5000,37741.7500
2024-02-29,37616.2000,37896.0500,37414.9500,37720.4000
2024-03-01,35039.0500,35076.9500,34367.7500,34395.4500
2024-03-02,37695.3500,37744.9000,37574.3500,37605.8000
2024-03-04,34682.6000,35289.7000,34626.2000,35047.4000
2024-03-05,33248.5000,33305.0000,32690.5000,32908.4000
2024-03-06,33114.7000,33143.5500,32455.8000,32511.3500
2024-03-07,37057.9500,37318.9500,36838.3500,37099.9000
2024-03-09,42953.1000,43194.5500,42746.7500,42851.3000
2024-03-10,41978.4500,42325.8500,41631.5000,41762.6000
2024-03-11,37082.0000,37203.8500,36820.3500,36988.3000
2024-03-12,36991.5000,37568.9500,36981.7000,37224.2500
2024-03-13,37320.8000,37556.6000,36689.1000,36946.4500
2024-03-14,36901.9000,37723.3500,36607.6500,37679.6000
2024-03-15,37524.3500,37592.0500,37264.9000,37500.7000
2024-03-18,37458.8500,37522.8500,36746.6000,36886.0500
2024-03-19,36562.0000,36573.0500,35783.4000,35814.6500
2024-03-20,35875.6000,36115.2000,35697.8500,35748.9000
2024-03-21,36039.2000,36296.3500,35816.8000,36026.8000
2024-03-22,35256.6000,35419.2500,34701.7500,35188.4000
2024-03-26,35003.1000,35400.1500,34938.0000,34969.1000
2024-03-27,35057.4000,35121.5500,34693.6000,34744.3500
2024-03-28,34862.6000,35203.2500,34786.6500,34898.1500
2024-04-01,34552.9500,34800.3500,34236.6000,34409.4000
2024-04-02,34900.1500,34984.3500,34769.9000,34793.9500
2024-04-03,34682.6000,35289.7000,34626.2000,35047.4000
2024-04-04,35314.7000,35649.6000,34915.1500,35426.7000
2024-04-05,35331.8000,35371.1000,35146.5000,35247.9000
2024-04-06,32575.2000,32594.3500,31320.1500,32315.5500
2024-04-07,37455.6500,37935.1000,37399.1000,37725.9000
2024-04-08,35381.0000,35429.9500,35018.6000,35064.1500
2024-04-09,42315.7000,42498.4500,42023.5000,42450.5000
2024-04-10,35191.1500,35350.6000,34952.2500,35293.1500
2024-04-11,40202.2500,40472.4500,39975.0000,40421.8000
2024-04-12,43761.1500,44225.5500,43585.0500,43949.2500
2024-04-15,34845.8000,35188.1500,34335.1500,34463.6000
2024-04-16,34108.6000,34175.6000,33504.3500,33574.9500
2024-04-18,33746.4000,34102.1500,33445.3500,33498.6500
2024-04-19,33047.3500,33538.5500,32915.5000,33368.3000
2024-04-22,33488.7500,33627.5500,33341.6500,33538.7500
2024-04-23,33752.8500,33803.8500,33614.2500,33714.5500
2024-04-24,33829.5500,33840.1000,33393.6500,33442.5500
2024-04-25,33283.4500,33659.4500,33283.4500,33554.4000
2024-04-26,33743.1000,34307.4500,33574.6000,33666.2000
2024-04-29,33640.7500,33792.8500,33527.0500,33579.4000
2024-04-30,33547.7000,33688.9500,33145.9000,33200.9500
2024-05-01,34469.7000,34991.5500,34459.4500,34851.7000
2024-05-02,37441.0000,37574.4500,37097.9500,37162.1500
2024-05-03,33248.5000,33305.0000,32690.5000,32908.4000
2024-05-04,35331.8000,35371.1000,35146.5000,35247.9000
2024-05-06,33041.2000,33435.3500,32990.8000,33217.1000
2024-05-07,37754.1500,37884.6500,37491.4000,37720.7500
2024-05-08,38822.5500,39044.7000,37829.1000,38435.9500
2024-05-09,42578.1500,42766.0500,42294.5500,42644.6500
2024-05-10,33166.1000,33178.4000,32786.5500,32935.1500
2024-05-11,40345.4500,40658.2500,40225.2000,40424.6000
2024-05-12,44174.8000,45027.9500,44023.9000,44806.4000
2024-05-13,32910.6500,33108.2500,32669.2500,33074.6000
2024-05-14,33106.7500,33321.6000,32918.7000,33122.8500
2024-05-15,33144.0000,33292.3500,32986.0500,33117.4000
2024-05-16,33364.6500,33705.2000,33208.2500,33668.4500
2024-05-17,33763.8500,33766.7000,33361.0000,33381.8500
2024-05-18,33446.2500,33494.4500,33394.0000,33438.7500
2024-05-21,33253.0000,33453.6000,33191.7500,33379.7500
2024-05-22,33444.2500,33724.3500,33364.1500,33613.0500
2024-05-23,33683.7000,34098.0500,33615.3500,34042.8500
2024-05-24,34024.6500,34088.2000,33761.7000,33824.3000
2024-05-27,33914.4500,34227.0500,33769.9000,33995.2500
2024-05-28,34095.6500,34136.2500,33802.0500,33880.8500
2024-05-29,33888.9000,33888.9000,33515.1500,33542.7000
2024-05-30,33363.9000,33433.2500,32685.3500,32806.7500
2024-05-31,32732.8000,32816.8500,32280.8000,32386.1000
2024-06-02,37267.1500,38286.0000,37161.6000,38246.3000
2024-06-03,33114.7000,33143.5500,32455.8000,32511.3500
2024-06-04,32575.2000,32594.3500,31320.1500,32315.5500
2024-06-05,33041.2000,33435.3500,32990.8000,33217.1000
2024-06-06,33451.7000,34093.1500,33343.0000,34023.8000
2024-06-07,34274.6000,35248.1000,34256.3000,35169.9000
2024-06-08,38565.8500,39395.4000,38551.7000,38624.2000
2024-06-09,42607.8500,42983.6000,42167.1500,42228.9000
2024-06-10,35140.4500,35167.7500,34360.6500,34526.2500
2024-06-11,40770.6000,42105.5000,40675.0500,42039.5000
2024-06-12,44780.4500,44852.3000,44519.7000,44716.0500
2024-06-13,34796.4000,35039.5500,34783.2000,34902.0500
2024-06-14,35035.7000,35035.7000,34568.8500,34598.5500
2024-06-18,34696.0000,34917.6500,34655.9000,34802.9000
2024-06-19,34904.9000,35036.6500,34604.0500,34927.1000
2024-06-20,35002.5000,35002.5000,34728.6000,34936.4500
2024-06-21,35474.3500,35875.3000,35061.0000,35200.3000
2024-06-24,35067.7500,35282.0000,34918.1500,35143.8000
2024-06-25,35146.6500,35468.0000,35004.8500,35426.9000
2024-06-26,35484.0500,35593.9500,35336.0000,35406.5500
2024-06-27,35289.2500,36191.2000,35105.7000,36123.7000
2024-06-28,36154.2000,36334.6500,36041.2000,36157.5000
2024-07-01,36103.0000,37093.3500,36085.4500,36869.2000
2024-07-02,37006.3500,37525.4500,36944.9000,37299.1500
2024-07-03,37439.4500,37444.0000,37064.0000,37314.3500
2024-07-04,37455.6500,37935.1000,37399.1000,37725.9000
2024-07-05,33268.1500,33525.5000,32998.2000,33473.0000
2024-07-06,34274.6000,35248.1000,34256.3000,35169.9000
2024-07-08,39269.0500,39427.1000,38882.9500,39194.8000
2024-07-09,37747.3000,37827.8000,37603.8500,37668.6500
2024-07-10,42134.6500,42491.8500,41760.1000,42190.6000
2024-07-11,42151.5000,42369.6500,41348.7500,41752.4000
2024-07-12,37917.3500,39237.7000,37825.2500,39023.0000
2024-07-15,39432.1000,39567.0000,38831.6500,38911.3500
2024-07-16,39013.7500,39280.0000,38730.5500,39141.5000
2024-07-18,39010.3500,40075.7000,39010.3500,40010.4000
2024-07-19,40682.7000,40682.7000,39833.1000,39923.3000
2024-07-22,39664.8500,39945.5000,39418.4500,39773.1500
2024-07-23,39773.7500,40193.8500,39081.3000,40044.7000
2024-07-24,40003.0000,40282.1000,39918.7500,40115.0500
2024-07-25,39809.8000,40198.6500,39693.6000,40055.4500
2024-07-26,40164.4500,41073.6500,40081.9000,40977.3500
2024-07-29,41220.7500,41381.1000,40691.3500,40820.1000
2024-07-30,40827.1000,40889.9000,40561.6000,40776.3000
2024-07-31,40728.7500,41074.0500,40657.0500,40851.1000
2024-08-01,40862.4000,41036.0500,40537.2000,40709.4000
2024-08-02,40346.5500,40632.2500,39662.6500,39730.3000
2024-08-04,35381.0000,35429.9500,35018.6000,35064.1500
2024-08-05,38822.5500,39044.7000,37829.1000,38435.9500
2024-08-06,38565.8500,39395.4000,38551.7000,38624.2000
2024-08-07,37766.0000,37949.8000,37582.7000,37742.2500
2024-08-08,39030.5000,39098.7500,38371.1500,38448.3000
2024-08-09,39007.7000,39252.4000,38931.8500,39043.3000
2024-08-10,42275.2500,42445.2500,41639.4500,42387.5500
2024-08-11,41938.8000,42306.7000,41840.7000,42050.1500
2024-08-12,39038.9500,39329.0500,38747.8500,39109.5000
2024-08-13,39198.2500,39383.3000,38972.7000,39114.8500
2024-08-14,39259.7000,39767.1500,39177.7000,39731.2500
2024-08-16,40287.3000,40927.1500,40063.9000,40878.2500
2024-08-19,40940.9000,41271.6000,40736.5500,41236.8500
2024-08-20,41421.2500,41746.5500,41366.2000,41572.8000
2024-08-21,41532.0500,41603.6000,41368.0500,41570.8500
2024-08-22,41735.2500,41834.0000,41406.2000,41506.2000
2024-08-23,41492.7500,41548.7500,41029.5000,41089.8500
2024-08-26,41343.4500,41820.9000,41319.0500,41662.1000
2024-08-27,41696.8500,41936.7000,41589.8500,41709.2500
2024-08-28,41792.9000,42717.1500,41594.9000,42394.4000
2024-08-29,42191.1000,42790.3000,42151.5000,42591.6500
2024-08-30,42644.1000,42913.9500,42455.1000,42787.8000
2024-09-01,34926.6500,35139.3500,34608.4500,34662.4500
2024-09-02,42864.8500,43299.5000,42847.8000,42975.6000
2024-09-03,42953.1000,43194.5500,42746.7500,42851.3000
2024-09-04,35241.9000,35568.8000,35002.8000,35079.3500
2024-09-05,42578.1500,42766.0500,42294.5500,42644.6500
2024-09-06,42607.8500,42983.6000,42167.1500,42228.9000
2024-09-07,37747.3000,37827.8000,37603.8500,37668.6500
2024-09-08,39007.7000,39252.4000,38931.8500,39043.3000
2024-09-09,42104.0500,42431.6500,41809.6500,41919.0500
2024-09-10,42128.3000,42937.4500,42055.8500,42644.2000
2024-09-11,42710.1500,42984.2000,42406.1500,42473.2500
2024-09-12,44648.3000,44913.3000,44477.1500,44832.0000
2024-09-13,43244.2000,43571.6500,42989.4000,43394.3500
2024-09-16,43457.4000,43583.1500,43286.8000,43352.6500
2024-09-17,43294.4500,43645.9000,43133.5500,43415.0000
2024-09-18,43222.4500,43222.4500,41814.4000,42089.3000
2024-09-19,42551.0000,42850.4500,41670.8000,41945.6000
2024-09-20,42186.8500,42375.2000,41614.2500,42204.4000
2024-09-23,42288.3500,42378.5000,41785.1500,41987.4500
2024-09-24,41863.3500,42403.9000,41691.4000,42243.9500
2024-09-25,42128.1500,42222.8500,41645.8500,41960.9500
2024-09-26,42033.9000,42345.4000,41982.8500,42160.9000
2024-09-27,42738.5500,43377.9500,42270.5500,42312.6000
2024-09-30,42045.5500,42275.4000,41853.2500,41946.0500
2024-10-01,34693.0000,34941.0000,34546.9500,34834.3500
2024-10-03,41978.4500,42325.8500,41631.5000,41762.6000
2024-10-04,35191.1500,35350.6000,34952.2500,35293.1500
2024-10-05,33166.1000,33178.4000,32786.5500,32935.1500
2024-10-06,35140.4500,35167.7500,34360.6500,34526.2500
2024-10-07,42134.6500,42491.8500,41760.1000,42190.6000
2024-10-08,42275.2500,42445.2500,41639.4500,42387.5500
2024-10-09,42524.7000,42920.5500,42498.5500,42622.7500
2024-10-10,42801.0500,42880.4000,42012.3500,42088.8000
2024-10-11,41770.5000,42567.2000,41734.2000,42335.7000
2024-10-12,44848.5000,45377.7500,44824.1500,45199.7500
2024-10-14,42383.2500,42985.1000,42357.7500,42872.7500
2024-10-15,42917.6500,43329.5000,42572.8000,42731.3000
2024-10-16,42605.3500,42691.1500,42168.7000,42230.7000
2024-10-17,42455.6000,42900.4500,42369.8000,42734.3000
2024-10-18,42216.9000,42579.7500,41838.0000,42106.5000
2024-10-21,42426.4500,42609.0500,41481.5500,41562.7000
2024-10-22,41556.3500,41850.6000,41155.8500,41238.8000
2024-10-23,41168.4000,42530.9500,41151.3500,42222.1000
2024-10-24,41929.2500,42379.6000,41926.8500,42139.8500
2024-10-25,42235.3000,42366.1500,41874.5500,42038.8500
2024-10-28,42012.6000,42401.3000,41963.3000,42205.4000
2024-10-29,42167.5500,42210.9000,41746.6000,42031.4500
2024-10-30,41975.3500,42164.3500,41572.1000,41668.6000
2024-10-31,41501.9500,41501.9500,40191.9500,40407.5500
2024-11-01,40568.6500,40646.7000,40366.5000,40433.6500
2024-11-03,37082.0000,37203.8500,36820.3500,36988.3000
2024-11-04,40202.2500,40472.4500,39975.0000,40421.8000
2024-11-05,40345.4500,40658.2500,40225.2000,40424.6000
2024-11-06,40770.6000,42105.5000,40675.0500,42039.5000
2024-11-07,42151.5000,42369.6500,41348.7500,41752.4000
2024-11-08,41938.8000,42306.7000,41840.7000,42050.1500
2024-11-09,42710.1500,42984.2000,42406.1500,42473.2500
2024-11-10,41770.5000,42567.2000,41734.2000,42335.7000
2024-11-11,41991.3500,42798.1500,41793.6500,42590.3000
2024-11-12,45238.8000,45398.9500,45046.6000,45350.3500
2024-11-13,42484.4500,42659.7000,42201.4000,42369.5000
2024-11-14,42318.7500,42633.0000,42162.8000,42390.8500
2024-11-18,42442.8500,42442.8500,41035.4000,41406.5500
2024-11-19,41534.6000,42447.6500,41534.6000,41748.3500
2024-11-21,41928.9000,42325.8500,41678.2000,41952.8000
2024-11-22,42229.2000,43436.1500,41983.5500,43332.1000
2024-11-25,43697.8500,43751.6500,43337.6000,43618.1500
2024-11-26,43763.2000,44244.6000,43699.4500,44085.9500
2024-11-27,44132.5000,44330.6000,43980.1500,44018.7000
2024-11-28,43948.0000,44013.1000,42864.8000,42968.7500
2024-11-29,42873.8000,43468.9500,42738.7500,43146.2500
2024-12-01,35673.0000,36581.1000,35659.5500,36521.7000
2024-12-02,37770.0000,38285.3500,37770.0000,37998.0000
2024-12-03,36991.5000,37568.9500,36981.7000,37224.2500
2024-12-04,35222.5500,35363.6000,34980.8500,35018.1000
2024-12-05,44174.8000,45027.9500,44023.9000,44806.4000
2024-12-06,44780.4500,44852.3000,44519.7000,44716.0500
2024-12-07,37917.3500,39237.7000,37825.2500,39023.0000
2024-12-08,39038.9500,39329.0500,38747.8500,39109.5000
2024-12-09,44648.3000,44913.3000,44477.1500,44832.0000
2024-12-10,44848.5000,45377.7500,44824.1500,45199.7500
2024-12-11,42846.0000,42884.6000,42462.0500,42609.5500
2024-12-12,45409.7000,46002.6500,45375.5000,45701.6500
2024-12-13,45496.9500,46088.9000,45073.5000,45995.8000
2024-12-16,45937.1000,46005.2000,45536.8500,45653.6000
2024-12-17,45576.1500,45759.6500,45213.8500,45413.7500
2024-12-18,45293.0500,45693.0000,45237.3000,45526.8500
2024-12-19,44493.4500,45265.9500,44434.1000,44954.1500
2024-12-20,45513.3500,45647.3000,43663.0500,43771.0500
2024-12-23,44011.5000,44267.4000,43643.9500,43828.3500
2024-12-24,43897.0000,44203.0500,43262.1000,43668.9000
2024-12-26,43708.2000,43851.0000,43420.9000,43664.2500
2024-12-27,43707.0000,43863.6500,43546.0500,43721.4000
2024-12-30,43674.0500,44175.5000,43259.8000,43971.4000
2024-12-31,43622.4000,43659.6500,42574.4500,43337.8000
2025-01-01,43290.6500,43568.5000,43249.8000,43373.1000
2025-01-02,42680.8000,42855.9500,41938.0500,42030.3000
2025-01-03,44334.1500,44337.1500,43554.9500,43726.5500
2025-01-04,36422.8500,36538.6000,35890.4000,35980.6500
2025-01-06,43961.6500,44331.1000,43401.7000,43674.8500
2025-01-07,39004.6500,39282.9500,38725.2500,38833.1500
2025-01-08,43333.9000,43725.9500,42735.5500,43634.2500
2025-01-09,35255.3000,35787.7000,35255.3000,35740.6500
2025-01-10,33702.8500,34016.6000,33432.1000,33905.2000
2025-01-12,37476.6000,37659.7500,37413.0000,37549.7000
2025-01-13,44390.6000,44655.7000,43927.4000,43999.1000
2025-01-14,43996.6000,44007.5500,42916.7500,43061.1500
2025-01-15,43190.8000,43447.7000,42976.3000,43401.2500
2025-01-16,43696.4500,44012.3500,43095.0000,43188.8000
2025-01-17,42469.0000,42495.0500,41962.6500,42032.2000
2025-01-20,42377.3500,42478.5000,41709.5500,42192.8000
2025-01-21,42288.5500,42536.7000,41639.0000,41697.9500
2025-01-22,41755.2000,42635.3500,41750.2000,42590.7000
2025-01-23,42750.4500,43663.4500,42741.2000,43351.7500
2025-01-24,43220.4500,43959.1500,43217.5000,43524.1000
2025-01-27,42986.9000,43245.9500,41961.1500,42060.7000
2025-01-28,42097.0500,42463.1500,41731.2500,41820.6500
2025-01-29,42052.0000,42968.4000,42051.5500,42914.5000
2025-01-30,42893.8000,43025.8500,42117.3500,42426.6500
2025-01-31,42586.1000,42967.7500,42486.8000,42662.7500
2025-02-01,43401.6500,44420.9500,43325.9000,44351.7500
2025-02-03,41592.2000,42375.2500,41328.2500,42314.2500
2025-02-04,36024.4500,36368.8500,35970.7000,36283.5000
2025-02-05,35868.5000,36300.6000,35637.4000,35891.8500
2025-02-06,37147.8500,37172.6000,36770.1500,37061.8500
2025-02-07,39080.3000,39519.5000,38738.8500,38879.1000
2025-02-09,35767.0000,36061.1000,35541.2000,35737.9000
2025-02-10,42956.4500,42973.6500,42511.2500,42596.5500
2025-02-11,42616.9000,42790.2500,41866.6000,41968.3000
2025-02-12,42039.5000,42263.0500,41591.2000,41733.0000
2025-02-13,41787.0000,41944.7000,41182.4000,41315.5500
2025-02-14,41547.0500,41606.7500,40958.0000,41311.1500
2025-02-17,40968.8000,41254.9000,40592.5000,41073.2000
2025-02-18,41097.4500,41530.3000,41039.2500,41464.3500
2025-02-19,41373.5000,41403.2500,40785.0500,40924.2500
2025-02-20,40725.4000,41004.8500,40701.1000,40865.9500
2025-02-21,40821.6500,40905.4000,40417.4500,40544.5000
2025-02-24,40100.2500,40186.5000,39306.7000,39446.6000
2025-02-25,39085.6000,39518.2000,39066.4000,39131.3000
2025-02-27,38971.6000,39237.7000,38742.9000,38946.6500
2025-02-28,38620.7000,38642.0000,37167.3000,37318.3000
2025-03-01,44334.1500,44337.1500,43554.9500,43726.5500
2025-03-02,41592.2000,42375.2500,41328.2500,42314.2500
2025-03-03,37408.6500,37930.1500,37369.7000,37614.4500
2025-03-04,37228.8000,37537.2000,36797.4000,37276.9500
2025-03-05,37287.2500,38381.7500,37287.2500,38072.3000
2025-03-06,38226.1000,38347.1000,37912.0000,38145.3000
2025-03-07,38028.1500,38048.3500,37625.0500,37820.4500
2025-03-09,35807.9500,35832.0000,35293.1000,35474.9500
2025-03-10,37791.6000,38037.3000,37564.4000,37644.4000
2025-03-11,35664.8000,35742.8000,35479.5000,35653.0500
2025-03-12,37530.8500,38007.3000,37515.0000,37825.2500
2025-03-13,36378.2000,36592.9500,35948.2500,36122.5000
2025-03-17,35828.0500,36170.2500,35828.0500,36137.2000
2025-03-18,36242.1500,36681.1500,36008.8500,36619.3500
2025-03-19,36581.6500,36581.6500,35804.6000,36223.5000
2025-03-20,36444.5500,37109.8500,36444.5500,36676.6500
2025-03-21,35942.5000,37033.9000,35674.4000,36702.8000
2025-03-24,36944.9000,37469.8500,36539.9500,37217.0500
2025-03-25,37542.4000,38073.0500,37406.0000,37706.9000
2025-03-26,37719.4500,37929.4000,37216.6000,37336.7000
2025-03-27,37168.1500,37627.6000,37160.0000,37548.3000
2025-03-28,37376.6000,37540.8000,36767.2500,36886.1500
2025-04-01,36422.8500,36538.6000,35890.4000,35980.6500
2025-04-02,42642.7500,42931.1000,42407.3500,42860.2000
2025-04-03,37228.8000,37537.2000,36797.4000,37276.9500
2025-04-04,34224.6000,34361.6500,33418.6500,33511.4000
2025-04-06,36831.3000,37088.5000,36762.8000,36938.1000
2025-04-07,38968.1000,39191.9000,38784.4000,39166.5500
2025-04-08,33232.4000,33742.8500,32859.0500,33244.4000
2025-04-09,32710.2500,32762.3000,32200.2500,32517.3500
2025-04-11,32926.6500,33210.8000,32526.0000,32740.8500
2025-04-12,37875.7000,38471.6000,37847.7000,38360.2500
2025-04-15,33504.1500,33520.6500,32932.9500,33275.3000
2025-04-16,33215.9500,33387.4500,32867.9500,33295.5000
2025-04-17,32832.6500,33471.5500,32470.9500,33372.3500
2025-04-21,33299.6000,34528.5500,33283.8500,34135.0500
2025-04-22,34075.6000,34130.3000,33789.1500,33941.0500
2025-04-23,34700.1000,35522.7500,34648.4500,35414.6500
2025-04-24,35463.6000,35572.0000,35197.3000,35307.1000
2025-04-25,35487.3000,35941.4500,35068.1500,35562.2500
2025-04-28,35541.5500,35679.3500,35089.7500,35482.9500
2025-04-29,35565.7500,36157.2000,35416.9000,35920.4000
2025-04-30,35913.7000,36206.5500,35440.8000,35794.9500
2025-05-02,43060.6500,43250.7500,42818.1000,42888.3000
2025-05-03,37287.2500,38381.7500,37287.2500,38072.3000
2025-05-05,36042.6000,36352.4000,35949.3500,35991.2500
2025-05-06,37034.4500,37408.2500,36886.2500,37107.9500
2025-05-07,35479.1000,36042.2500,35440.6500,35920.3000
2025-05-08,35196.7500,35196.7500,34854.3000,35034.5000
2025-05-09,35234.7500,35331.5000,34343.4000,34635.8500
2025-05-12,38500.6000,38920.6000,38369.5500,38703.6500
2025-05-13,38326.4000,38326.4000,37304.9500,37354.6000
2025-05-14,37480.6000,37913.8000,37379.1500,37853.5500
2025-05-15,37929.1000,38377.3500,37456.7500,38293.8000
2025-05-16,38351.9000,38351.9000,37814.9000,37972.3500
2025-05-19,37845.6000,37917.2000,37429.6000,37477.8000
2025-05-20,37722.2000,38019.0500,37234.2000,37283.5000
2025-05-21,37418.2500,37618.9000,37112.6000,37540.1000
2025-05-22,37246.2500,37316.3000,36868.5500,37050.1000
2025-05-23,37108.7000,37826.4000,37062.8000,37403.5500
2025-05-26,37491.1000,37819.6500,37442.8500,37785.9000
2025-05-27,37777.9000,37798.7000,37323.3000,37501.4500
2025-05-28,37751.4000,37777.5000,37440.7000,37465.7500
2025-05-29,37762.1500,38121.4000,37585.0500,37754.1500
2025-05-30,37646.4000,37665.4500,37241.2500,37321.7500
2025-06-01,43961.6500,44331.1000,43401.7000,43674.8500
2025-06-02,43197.3000,43431.8000,42838.1500,43020.9500
2025-06-03,38226.1000,38347.1000,37912.0000,38145.3000
2025-06-04,36831.3000,37088.5000,36762.8000,36938.1000
2025-06-05,36129.3000,36314.2000,35778.8000,35869.2000
2025-06-06,37134.1500,37356.3000,36910.9500,37294.8500
2025-06-08,34957.9500,34990.3500,34347.4500,34426.2500
2025-06-09,37522.5000,37786.2500,37445.3000,37669.2000
2025-06-10,37871.6000,38567.7500,37825.1500,38299.9500
2025-06-11,38355.5000,38834.7500,38215.0000,38784.3000
2025-06-12,38732.9500,38891.0500,38227.2500,38460.3000
2025-06-13,37769.5000,38687.5500,37722.2000,38469.2500
2025-06-16,38440.8500,39258.4000,38369.0500,39073.0500
2025-06-17,39123.0000,39499.1500,38977.9500,39356.1000
2025-06-18,39220.3500,39572.5000,38963.8000,39030.9000
2025-06-19,38945.3500,38966.8000,38429.4000,38664.9500
2025-06-20,38674.2000,39041.0500,38454.0500,38991.4500
2025-06-23,38642.1500,38646.5000,38278.7000,38414.1000
2025-06-24,38852.6500,38936.5500,38380.0000,38417.9500
2025-06-25,38635.0000,39109.2500,38605.5000,39046.3000
2025-06-26,38996.6500,39103.3500,38760.1500,38996.2500
2025-06-27,39125.7500,39357.7500,38707.1500,38822.9500
2025-06-30,38945.8500,39011.9500,38652.3000,38950.0000
2025-07-01,43836.3500,44112.0500,43293.6500,43375.8500
2025-07-02,43106.1500,43133.3500,42623.4500,42921.6500
2025-07-03,38028.1500,38048.3500,37625.0500,37820.4500
2025-07-04,31307.9500,32835.1000,30918.9500,32668.8000
2025-07-05,35479.1000,36042.2500,35440.6500,35920.3000
2025-07-07,39146.1500,39176.6500,38799.7000,38866.9500
2025-07-08,38837.0000,39238.2000,38732.5500,38983.2500
2025-07-09,38986.8000,38999.7500,38540.6500,38680.8500
2025-07-10,38713.8000,38715.2000,38197.3500,38376.6500
2025-07-11,35233.2000,35272.5500,34732.5000,35117.6000
2025-07-14,37643.3500,37664.2000,37016.1000,37273.7000
2025-07-15,37077.0000,37664.9000,37048.9500,37424.6000
2025-07-16,37325.7000,37758.5000,37258.0500,37660.7000
2025-07-17,37552.8500,37666.5500,37060.7000,37138.5500
2025-07-18,37366.7000,37419.6000,36951.8500,37141.8500
2025-07-21,37109.8000,37164.8500,36780.0500,37031.7500
2025-07-22,36963.6500,37121.0000,36827.4000,36858.9000
2025-07-23,36958.3000,37086.6000,36745.2000,36951.5000
2025-07-24,36949.3000,36974.0500,36097.6500,36135.8000
2025-07-25,35998.0000,36271.1000,35531.6500,35623.7500
2025-07-28,35521.7000,35566.5500,35049.9000,35370.0500
2025-07-29,35270.9000,35438.7500,35101.5000,35373.2500
2025-07-30,35453.0500,35531.5500,35258.0000,35481.7000
2025-07-31,35218.8500,35589.0000,34999.2500,35301.6000
2025-08-01,35118.6000,35166.4000,34586.9000,34649.6000
2025-08-04,34558.7000,35219.8500,34324.8500,35203.3500
2025-08-05,35196.7500,35196.7500,34854.3000,35034.5000
2025-08-06,34957.9500,34990.3500,34347.4500,34426.2500
2025-08-07,34284.9500,34808.0500,34224.5500,34726.8000
2025-08-08,34603.0000,34643.7500,34350.8500,34398.5000
2025-08-09,34744.9000,34912.8500,34259.4000,34310.4500
2025-08-10,34664.4000,35394.5500,34607.3000,35232.2000
2025-08-11,34367.2500,34624.4000,34228.0000,34544.6500
2025-08-12,38783.4000,38937.3500,38322.4500,38590.7000
2025-08-13,34756.6500,34842.1500,34552.8500,34692.9500
2025-08-14,34732.2500,35332.2000,34732.2500,34833.2000
2025-08-18,35152.7000,35158.7000,34514.0000,34634.9500
2025-08-19,34618.8500,34825.3000,34549.0500,34756.7000
2025-08-20,34647.2000,35773.6500,34647.2000,35690.0500
2025-08-21,35918.8000,35922.5500,35461.4500,35723.9000
2025-08-22,35735.4500,35767.1500,35415.4000,35440.8500
2025-08-25,35795.5000,36445.3000,35795.5000,36280.0500
2025-08-26,36106.8000,36324.3000,35998.9500,36063.2000
2025-08-28,36017.1500,36018.9500,35444.2000,35488.7500
2025-08-29,35491.6000,35575.2000,35130.3500,35181.2500
2025-09-01,43606.3000,43838.6500,43032.4500,43126.4500
2025-09-02,35767.0000,36061.1000,35541.2000,35737.9000
2025-09-03,35807.9500,35832.0000,35293.1000,35474.9500
2025-09-04,35580.6000,35599.3000,35093.4000,35143.1000
2025-09-05,35234.7500,35331.5000,34343.4000,34635.8500
2025-09-06,37522.5000,37786.2500,37445.3000,37669.2000
2025-09-07,38986.8000,38999.7500,38540.6500,38680.8500
2025-09-08,34744.9000,34912.8500,34259.4000,34310.4500
2025-09-09,34773.0500,35304.8500,34770.3500,35255.9000
2025-09-10,35428.9000,36255.2000,35426.6000,36183.8000
2025-09-11,36265.9500,36278.2000,35829.8500,36003.4500
2025-09-12,36331.4500,36356.6500,36025.3000,36110.7500
2025-09-15,36139.7000,36151.4500,35686.1500,35902.1500
2025-09-16,35962.3000,36274.0000,35860.5000,36212.1500
2025-09-17,36326.3000,36608.9000,36253.9000,36447.1500
2025-09-18,36801.5000,37064.9500,36631.0500,36750.2500
2025-09-19,36765.5000,36821.2000,36369.9500,36578.2500
2025-09-22,35437.9000,35781.6000,35145.1000,35500.1500
2025-09-23,35477.6000,35642.7000,35177.3500,35249.1000
2025-09-24,35104.0500,35193.3000,34857.7000,34994.2500
2025-09-25,34914.0000,35092.4000,34460.3000,34548.3000
2025-09-26,34399.2000,34477.3000,33636.5500,33702.0000
2025-09-29,33900.6000,33970.0500,33606.4500,33693.0500
2025-09-30,33789.7000,33922.6000,33634.3000,33655.1000
2025-10-01,43731.5000,44798.6500,43731.5000,44609.5000
2025-10-02,42956.4500,42973.6500,42511.2500,42596.5500
2025-10-03,37791.6000,38037.3000,37564.4000,37644.4000
2025-10-06,33961.4000,34743.7500,33926.6500,34722.5000
2025-10-07,38713.8000,38715.2000,38197.3500,38376.6500
2025-10-08,34664.4000,35394.5500,34607.3000,35232.2000
2025-10-09,35315.4000,35688.3500,35174.8000,35628.5000
2025-10-10,35705.6500,35821.3000,35321.8500,35609.0500
2025-10-11,35246.9500,35855.6000,35237.2000,35688.2500
2025-10-12,38273.7500,38300.5000,37745.2500,37789.9000
2025-10-13,35397.2000,35505.3500,35072.4000,35330.8000
2025-10-14,35542.8500,35766.2500,35148.4000,35214.8500
2025-10-15,35327.2000,35571.6000,35226.1500,35401.8000
2025-10-16,35443.7000,35574.2500,35229.6000,35531.0500
2025-10-17,35356.5000,35356.5000,34872.9500,34950.7000
2025-10-20,35109.7500,35377.8500,35077.8500,35292.6000
2025-10-21,35500.9000,35564.2000,35221.5500,35299.7500
2025-10-23,35936.7500,36462.0000,35859.7500,36078.6500
2025-10-24,36211.4000,36268.6500,35886.1500,35986.3500
2025-10-27,36075.5500,36279.4000,35962.8000,36129.1000
2025-10-28,36088.6500,36193.1500,35677.6000,35860.4000
2025-10-29,35916.1000,36201.5500,35778.2000,36090.1000
2025-10-30,36073.1500,36127.9000,35812.7500,35906.4000
2025-10-31,35918.5500,36050.3500,35681.0500,35712.3500
2025-11-02,42616.9000,42790.2500,41866.6000,41968.3000
2025-11-03,35664.8000,35742.8000,35479.5000,35653.0500
2025-11-04,32926.6500,33210.8000,32526.0000,32740.8500
2025-11-06,38355.5000,38834.7500,38215.0000,38784.3000
2025-11-07,37702.5500,37990.8000,37558.1000,37693.2500
2025-11-08,34367.2500,34624.4000,34228.0000,34544.6500
2025-11-09,36265.9500,36278.2000,35829.8500,36003.4500
2025-11-10,35246.9500,35855.6000,35237.2000,35688.2500
2025-11-11,35902.9000,36149.9000,35683.9000,36116.9000
2025-11-12,37925.9500,38136.4500,37672.4000,38097.0000
2025-11-13,36937.9500,36939.8500,36525.4000,36679.4500
2025-11-14,36392.0500,36503.0000,35957.3000,36301.2500
2025-11-17,36285.2000,36406.4500,36138.2000,36375.2000
2025-11-18,36294.7000,36312.9500,35914.3500,35975.2000
2025-11-19,36062.2000,37116.5000,36024.4500,37044.6500
2025-11-20,37228.0500,37278.7500,36964.3500,37043.3000
2025-11-21,36930.2500,37096.2500,36761.5500,36885.3500
2025-11-24,37084.6500,37554.3500,36951.8000,37037.9500
2025-11-25,37112.1000,37124.5500,36727.3500,36826.9000
2025-11-26,36881.9500,37407.0000,36881.1000,37364.6000
2025-11-27,37487.6500,37668.5500,37208.2500,37446.3000
2025-11-28,37488.5000,37554.6000,37323.4500,37405.5000
2025-12-01,37476.6000,37659.7500,37413.0000,37549.7000
2025-12-02,42039.5000,42263.0500,41591.2000,41733.0000
2025-12-03,37530.8500,38007.3000,37515.0000,37825.2500
2025-12-04,37875.7000,38471.6000,37847.7000,38360.2500
2025-12-05,36656.6500,38356.1000,36600.7500,38282.5500
2025-12-06,38732.9500,38891.0500,38227.2500,38460.3000
2025-12-08,34589.8500,35072.5000,34561.3000,34674.3000
2025-12-09,36331.4500,36356.6500,36025.3000,36110.7500
2025-12-10,38273.7500,38300.5000,37745.2500,37789.9000
2025-12-11,37925.9500,38136.4500,37672.4000,38097.0000
2025-12-12,38203.8500,38300.3000,37901.7500,38274.7500
2025-12-15,38125.9500,38410.7000,38042.9500,38386.2500
2025-12-16,38262.3000,38293.4000,37946.7500,38062.5000
2025-12-17,37996.9500,38367.8500,37969.4500,38172.0500
2025-12-18,38273.6000,38667.3500,38248.7500,38633.3500
2025-12-19,38991.3000,39054.3500,38590.2500,38691.6000
2025-12-22,39023.2500,39530.2500,39006.4000,39488.0000
2025-12-23,39395.8000,39398.1500,38942.3500,39173.7000
2025-12-24,39084.9000,39098.9000,38901.0500,38974.8000
2025-12-26,38921.6500,39019.9500,38495.4000,38572.3000
2025-12-29,38622.6000,38721.7000,38206.7500,38282.7000
2025-12-30,38281.5500,38281.5500,37906.6000,37998.6000
2025-12-31,38051.7000,38108.5000,37822.1500,37884.0500
2026-01-01,37931.5500,38256.9500,37862.6000,38171.5000
2026-01-02,37936.9500,38833.7500,37297.5500,38252.9500
2026-01-04,29943.1500,30257.8500,29562.3500,29669.0500
2026-01-06,29349.2000,30238.1500,29341.6000,29854.2500
2026-01-07,26381.0000,26505.7500,25699.1000,25769.8000
2026-01-09,31006.2500,31529.2000,30834.1000,31496.7000
2026-01-10,27881.7000,28304.7000,27732.9500,28304.7000
2026-02-01,38251.3500,38359.0000,38085.4000,38320.3000
2026-02-02,38396.0000,38413.1500,37807.1000,38074.1500
2026-02-03,30020.1500,30587.3000,29889.5000,30272.9500
2026-02-04,29352.4500,30558.6000,29324.3500,30441.4500
2026-02-06,30265.7000,31290.9500,30264.6000,31116.5500
2026-02-07,26141.7500,27030.9500,26132.0000,26965.0500
2026-02-09,31164.3000,31241.1500,30668.1000,31102.9000
2026-03-02,40301.4000,40301.4000,38550.5000,38611.7500
2026-03-06,30563.2000,30567.0000,29301.0000,29384.4500
2026-03-07,27482.4000,27759.5500,27286.5500,27439.4000
2026-03-08,30950.9500,31715.2500,30796.5500,31715.2500
2026-03-09,31180.8000,31185.7000,30621.6500,30838.8500
2026-04-02,37165.3500,37176.7000,35809.5000,36345.6500
2026-04-03,30092.2000,30579.4500,30092.2000,30305.2500
2026-04-05,29606.5000,29664.5000,28955.6000,29076.1000
2026-04-06,29150.0500,29382.9000,28971.8000,29300.6000
2026-04-08,31616.1000,31676.6500,31245.0500,31454.1500
2026-04-09,30956.1500,31263.2000,30656.7000,30695.1000
2026-05-01,38222.0000,38260.8500,37365.9000,37771.1500
2026-05-02,36215.6500,36621.9500,36023.9000,36143.3000
2026-05-03,30554.8500,30563.3500,29823.1500,30126.8000
2026-05-05,29069.8500,29407.0000,28889.4500,29107.3000
2026-05-06,29509.9500,29639.8000,28918.8500,29010.3000
2026-05-08,31578.0000,31603.3000,31237.1000,31404.0500
2026-05-10,28656.2000,28755.2000,28060.3000,28301.6500
2026-06-01,37712.0500,38053.1000,37680.7000,37977.4000
2026-06-02,36079.8500,36105.8500,35211.9500,35611.0500
2026-06-03,30074.6000,30664.9500,30062.7500,30138.4000
2026-06-04,30490.4000,30821.3500,30444.0500,30636.5500
2026-06-05,29435.5000,29646.0500,29123.8000,29267.9500
2026-06-07,27489.8500,27502.6000,27127.4500,27276.4500
2026-06-08,31467.9000,31701.9000,31090.2000,31106.2000
2026-06-10,28236.8500,28344.3500,27907.8000,28136.0500
2026-07-01,37951.3000,38736.8000,37940.8500,38688.8000
2026-07-04,30489.3000,31443.0500,30372.1000,31403.3500
2026-07-05,29377.8000,29418.0000,29009.4000,29043.5000
2026-07-07,27248.3000,28156.2000,27248.3000,27939.1500
2026-07-08,31067.0500,31799.1500,31047.4500,31547.7000
2026-07-09,30343.2000,30377.1000,29847.2500,29995.2000
2026-07-10,27993.2500,28109.4500,27714.6500,27757.8000
2026-08-01,38686.5500,38728.6500,37853.7500,37920.3000
2026-08-04,31786.7000,31946.7500,31272.8000,31565.8000
2026-08-05,29031.5500,29490.6000,28961.8000,29394.2000
2026-08-06,28577.7000,28915.8500,28417.7000,28653.5500
2026-08-07,27915.2000,28067.8500,27468.8500,27555.2000
2026-08-09,30032.3000,30078.7500,29722.9000,29883.4500
2026-08-10,27920.9000,28378.9000,27658.0000,27736.6000
2026-09-01,37861.2500,38244.5500,37861.1500,38027.2000
2026-09-02,35840.9000,36056.4500,35544.0500,35616.6500
2026-09-03,29688.0500,30241.1000,29533.9000,30162.0500
2026-09-04,31436.6500,31718.0000,31105.7500,31636.2000
2026-09-06,28895.3000,28895.3000,28294.6000,28516.2500
2026-09-07,27495.5000,27646.4500,27014.5000,27471.2500
2026-09-09,29299.5500,29299.5500,28779.8000,28913.9500
2026-09-10,27905.8500,28776.7500,27901.8500,28574.9000
2026-10-02,35656.9500,36059.6500,35427.4000,35722.2000
2026-10-03,30337.6000,30360.1500,29741.0500,30024.0000
2026-10-04,31533.3500,31544.7000,30680.8000,31030.6000
2026-10-06,28541.8500,28799.3500,28249.2000,28279.9000
2026-10-07,28043.5000,28439.5500,27870.0000,28010.3500
2026-10-08,31611.5500,31955.0000,31546.4000,31631.4500
2026-10-09,28919.3500,29264.9000,28740.6000,28890.9000
2026-11-02,35788.6500,35857.6500,35013.6000,35095.1500
2026-11-03,30043.8500,30231.4000,29598.3000,29651.7000
2026-11-05,29323.4000,29536.9000,29274.0500,29329.4500
2026-11-06,27888.0000,28003.9500,27519.1500,27821.0000
2026-11-08,31741.2500,31954.0000,31639.1000,31823.1500
2026-11-09,28672.8500,29124.6000,28671.8000,28921.5000
2026-12-01,37938.6000,38079.6000,37573.1000,37988.2500
2026-12-02,34439.0000,34488.8000,33058.2000,33160.2000
2026-12-03,29587.0500,29790.8000,29322.8000,29579.4500
2026-12-05,29091.0500,29091.0500,28126.9000,28234.9000
2026-12-06,28025.2500,28078.6000,27660.0000,27795.7500
2026-12-08,31813.6000,31822.6500,30997.9000,31332.5500
